#terjedesi                                       nyomas  ##
#ido(usec)  T1(C)   T2(C)   T3(C)  T4(C) para(%)  (hPa)
07102.6333 24.7500 24.8750 24.5625 25.49 28.58 1013.9444
07068.6333 24.7500 24.8750 24.5625 25.49 28.58 1013.9444
07075.5210 24.7500 24.8750 24.6250 25.49 28.58 1013.9444
07101.4458 24.7500 24.8750 24.6250 25.49 28.58 1013.9444
07127.8081 24.7500 24.8750 24.6250 25.49 28.58 1013.9444
07075.9707 24.7500 24.8750 24.6250 25.49 28.58 1013.9444
07075.4956 24.7500 24.8750 24.6250 25.49 28.57 1013.9255
07101.8833 24.7500 24.8750 24.6250 25.49 28.57 1013.9255
07075.5581 24.7500 24.8750 24.6250 25.49 28.57 1013.9255
07102.3335 24.7500 24.8750 24.6250 25.49 28.57 1013.9255
07075.3208 24.7500 24.8750 24.6250 25.49 28.57 1013.9255
07074.3706 24.7500 24.8750 24.6250 25.49 28.57 1013.9255
07101.1831 24.7500 24.8750 24.6250 25.49 28.57 1013.9255
07075.2710 24.7500 24.8750 24.6250 25.49 28.57 1013.9255
07102.3584 24.7500 24.8750 24.6250 25.49 28.57 1013.9255
07075.7456 24.7500 24.8750 24.6250 25.49 28.56 1013.8442
07152.6831 24.7500 24.8750 24.6250 25.49 28.56 1013.8442
07102.1582 24.7500 24.8750 24.6250 25.49 28.56 1013.8442
07075.5210 24.7500 24.8750 24.5625 25.49 28.56 1013.8442
07127.8081 24.7500 24.8750 24.5625 25.49 28.56 1013.8442
07127.7832 24.7500 24.8750 24.5625 25.49 28.56 1013.8442
07101.8833 24.7500 24.8750 24.5625 25.49 28.56 1013.8442
07075.2832 24.7500 24.8750 24.5625 25.49 28.56 1013.8442
07075.5581 24.7500 24.8750 24.5625 25.49 28.56 1013.8442
07075.7710 24.7500 24.8750 24.5625 25.49 28.56 1013.8442
07076.0332 24.7500 24.8750 24.5625 25.49 28.55 1013.7629
07102.0957 24.7500 24.8750 24.5625 25.49 28.55 1013.7629
07100.9209 24.7500 24.8750 24.5625 25.49 28.55 1013.7629
07127.5708 24.7500 24.8750 24.5625 25.49 28.55 1013.7629
07101.8706 24.7500 24.8750 24.5625 25.49 28.55 1013.7629
07075.0332 24.7500 24.8750 24.5625 25.49 28.55 1013.7629
07075.3081 24.7500 24.8750 24.5625 25.49 28.55 1013.7629
07102.1333 24.7500 24.8750 24.5625 25.49 28.55 1013.7629
07075.2959 24.7500 24.8750 24.5625 25.49 28.54 1013.8171
07075.0835 24.7500 24.8750 24.5625 25.49 28.54 1013.8171
07076.9834 24.7500 24.8750 24.5625 25.49 28.54 1013.8171
07100.9082 24.7500 24.8750 24.5625 25.49 28.54 1013.8171
07075.0210 24.7500 24.8750 24.5625 25.49 28.54 1013.8171
07075.2583 24.7500 24.8750 24.5625 25.49 28.54 1013.8171
07102.1084 24.7500 24.8750 24.5625 25.49 28.54 1013.8171
07075.5581 24.7500 24.8750 24.5625 25.49 28.54 1013.8171
07075.2710 24.7500 24.8750 24.5625 25.49 28.54 1013.8171
07102.1333 24.7500 24.8750 24.5625 25.49 28.54 1013.8171
07127.0708 24.7500 24.8750 24.6250 25.50 28.54 1013.8605
07101.1582 24.7500 24.8750 24.6250 25.50 28.54 1013.8605
07075.5332 24.7500 24.8750 24.6250 25.50 28.54 1013.8605
07128.9331 24.7500 24.8750 24.6250 25.50 28.54 1013.8605
07075.9834 24.7500 24.8750 24.6250 25.50 28.54 1013.8605
07075.7456 24.7500 24.8750 24.6250 25.50 28.54 1013.8605
07075.7959 24.7500 24.8750 24.6250 25.50 28.54 1013.8605
07075.7456 24.7500 24.8750 24.5625 25.50 28.54 1013.8605
07100.9082 24.7500 24.8750 24.5625 25.50 28.54 1013.8605
07100.7085 24.7500 24.8750 24.5625 25.51 28.53 1013.8416
07102.3960 24.7500 24.8750 24.5625 25.51 28.53 1013.8416
07075.5083 24.7500 24.8750 24.5625 25.51 28.53 1013.8416
07128.6958 24.7500 24.8750 24.5625 25.51 28.53 1013.8416
07126.1460 24.7500 24.8750 24.5625 25.51 28.53 1013.8416
07075.7334 24.7500 24.8750 24.5625 25.51 28.53 1013.8416
07074.8335 24.7500 24.8750 24.5625 25.51 28.53 1013.8416
07100.9209 24.7500 24.8750 24.5625 25.51 28.53 1013.8416
07101.1460 24.7500 24.8750 24.5625 25.51 28.53 1013.8416
07102.6333 24.7500 24.8750 24.5625 25.51 28.48 1013.8773
07075.9834 24.7500 24.8750 24.5625 25.51 28.48 1013.8773
07075.3081 24.7500 24.8750 24.5625 25.51 28.48 1013.8773
07076.2583 24.7500 24.8750 24.5625 25.51 28.48 1013.8773
07102.3960 24.7500 24.8750 24.5625 25.51 28.48 1013.8773
07075.7710 24.7500 24.8750 24.5625 25.51 28.48 1013.8773
07101.4082 24.7500 24.8750 24.5625 25.51 28.48 1013.8773
07101.2085 24.7500 24.8750 24.5625 25.51 28.48 1013.8773
07076.0332 24.7500 24.8750 24.5625 25.51 28.48 1013.8773
07075.7334 24.7500 24.8750 24.5625 25.51 28.48 1013.8773
07075.7456 24.7500 24.8750 24.5625 25.51 28.44 1013.8502
07075.4956 24.7500 24.8750 24.5625 25.51 28.44 1013.8502
#terjedesi                                       nyomas  ##
#ido(usec)  T1(C)   T2(C)   T3(C)  T4(C) para(%)  (hPa)
07075.7456 24.7500 24.8750 24.5625 25.51 28.44 1013.8502
07102.5708 24.7500 24.8750 24.5625 25.51 28.44 1013.8502
07101.3960 24.7500 24.8750 24.6250 25.51 28.44 1013.8502
07077.1709 24.7500 24.8750 24.6250 25.51 28.44 1013.8502
07075.7959 24.7500 24.8750 24.6250 25.51 28.44 1013.8502
07075.5083 24.7500 24.8750 24.6250 25.51 28.44 1013.8502
07102.3335 24.7500 24.8750 24.6250 25.51 28.44 1013.8502
07075.5083 24.7500 24.8750 24.6250 25.51 28.43 1013.8502
07075.5083 24.7500 24.8750 24.6250 25.51 28.43 1013.8502
07152.7456 24.7500 24.8750 24.6250 25.51 28.43 1013.8502
07101.6333 24.7500 24.8750 24.6250 25.51 28.43 1013.8502
07100.9331 24.7500 24.8750 24.6250 25.51 28.43 1013.8502
07101.8706 24.7500 24.8750 24.6250 25.51 28.43 1013.8502
07075.7583 24.7500 24.8750 24.6250 25.51 28.43 1013.8502
07075.5581 24.7500 24.8750 24.6250 25.51 28.43 1013.8502
07075.7334 24.7500 24.8750 24.6250 25.51 28.43 1013.8502
07075.3208 24.7500 24.8750 24.6250 25.51 28.43 1013.8502
07075.7456 24.7500 24.8750 24.6250 25.51 28.40 1013.7689
07127.2832 24.7500 24.8750 24.5625 25.51 28.40 1013.7689
07074.3208 24.7500 24.8750 24.5625 25.51 28.40 1013.7689
07075.7456 24.7500 24.8750 24.5625 25.51 28.40 1013.7689
07075.5083 24.7500 24.8750 24.5625 25.51 28.40 1013.7689
07075.7832 24.7500 24.8750 24.5625 25.51 28.40 1013.7689
07075.9707 24.7500 24.8750 24.5625 25.51 28.40 1013.7689
07075.9834 24.7500 24.8750 24.5625 25.51 28.40 1013.7689
07076.2456 24.7500 24.8750 24.5625 25.52 28.38 1013.9126
07075.0332 24.7500 24.8750 24.5625 25.52 28.38 1013.9126
07074.5459 24.7500 24.8750 24.5625 25.52 28.38 1013.9126
07102.8081 24.7500 24.8750 24.5625 25.52 28.38 1013.9126
07075.5581 24.7500 24.8750 24.5625 25.52 28.38 1013.9126
07075.7959 24.7500 24.8750 24.5625 25.52 28.38 1013.9126
07075.7959 24.7500 24.8750 24.5625 25.52 28.38 1013.9126
07076.0210 24.7500 24.8750 24.5625 25.52 28.38 1013.9126
07153.2207 24.7500 24.8750 24.5625 25.52 28.38 1013.9126
07075.5083 24.7500 24.8750 24.5625 25.52 28.38 1013.9126
07101.1582 24.7500 24.8750 24.5625 25.52 28.36 1013.8855
07075.5581 24.7500 24.8750 24.5625 25.52 28.36 1013.8855
07075.7710 24.7500 24.8750 24.5625 25.52 28.36 1013.8855
07076.2207 24.7500 24.8750 24.5625 25.52 28.36 1013.8855
07075.7456 24.7500 24.8750 24.5625 25.52 28.36 1013.8855
07076.0332 24.7500 24.8750 24.5625 25.52 28.36 1013.8855
07075.7959 24.7500 24.8750 24.5625 25.52 28.36 1013.8855
07128.0083 24.7500 24.8750 24.5625 25.52 28.36 1013.8855
07101.4458 24.7500 24.8750 24.5625 25.52 28.36 1013.8855
07102.3960 24.7500 24.8750 24.5625 25.52 28.34 1013.7581
07075.9956 24.7500 24.8750 24.5625 25.52 28.34 1013.7581
07076.2207 24.7500 24.8750 24.5625 25.52 28.34 1013.7581
07126.8584 24.7500 24.8750 24.5625 25.52 28.34 1013.7581
07102.3960 24.7500 24.8750 24.5625 25.52 28.34 1013.7581
07075.7456 24.7500 24.8750 24.5625 25.52 28.34 1013.7581
07077.2085 24.6875 24.8750 24.6250 25.52 28.34 1013.7581
07101.1582 24.6875 24.8750 24.6250 25.52 28.34 1013.7581
07075.7456 24.6875 24.8750 24.6250 25.52 28.34 1013.7581
07075.5210 24.6875 24.8750 24.6250 25.52 28.31 1013.8583
07075.7832 24.6875 24.8750 24.6250 25.52 28.31 1013.8583
07075.5083 24.6875 24.8750 24.6250 25.52 28.31 1013.8583
07075.9707 24.6875 24.8750 24.6250 25.52 28.31 1013.8583
07126.6206 24.7500 24.8750 24.6250 25.52 28.31 1013.8583
07100.6709 24.7500 24.8750 24.6250 25.52 28.31 1013.8583
07101.1460 24.7500 24.8750 24.6250 25.52 28.31 1013.8583
07102.5835 24.7500 24.8750 24.6250 25.52 28.31 1013.8583
07075.7583 24.7500 24.8750 24.6250 25.52 28.31 1013.8583
07102.6084 24.7500 24.8750 24.6250 25.52 28.31 1013.8583
07075.5083 24.7500 24.8750 24.6250 25.54 28.31 1013.8641
07075.7334 24.7500 24.8750 24.6250 25.54 28.31 1013.8641
07075.7959 24.7500 24.8750 24.6250 25.54 28.31 1013.8641
07075.2959 24.7500 24.8750 24.5625 25.54 28.31 1013.8641
07074.7959 24.7500 24.8750 24.5625 25.54 28.31 1013.8641
07076.2207 24.7500 24.8750 24.5625 25.54 28.31 1013.8641
07103.0835 24.7500 24.8750 24.5625 25.54 28.31 1013.8641
07076.0083 24.7500 24.8750 24.5625 25.54 28.31 1013.8641
07152.7456 24.7500 24.8750 24.5625 25.54 28.31 1013.8641
07102.6333 24.7500 24.8750 24.5625 25.53 28.30 1013.7935
#terjedesi                                       nyomas  ##
#ido(usec)  T1(C)   T2(C)   T3(C)  T4(C) para(%)  (hPa)
07102.6333 24.7500 24.8750 24.5625 25.53 28.30 1013.7935
07067.7207 24.7500 24.8750 24.5625 25.53 28.30 1013.7935
07074.5835 24.7500 24.8750 24.5625 25.53 28.30 1013.7935
07075.9707 24.7500 24.8750 24.5625 25.53 28.30 1013.7935
07075.9834 24.7500 24.8750 24.5625 25.53 28.30 1013.7935
07075.0210 24.7500 24.8750 24.5625 25.53 28.30 1013.7935
07075.7959 24.7500 24.8750 24.5625 25.53 28.30 1013.7935
07075.7456 24.7500 24.8750 24.5625 25.53 28.30 1013.7935
07176.6831 24.7500 24.8750 24.5625 25.53 28.30 1013.7935
07100.7085 24.7500 24.8750 24.5625 25.53 28.31 1013.8016
07101.4209 24.7500 24.8750 24.5625 25.53 28.31 1013.8016
07075.2959 24.7500 24.8750 24.5625 25.53 28.31 1013.8016
07126.3208 24.7500 24.8750 24.5625 25.53 28.31 1013.8016
07076.4585 24.7500 24.8750 24.5625 25.53 28.31 1013.8016
07075.9956 24.7500 24.8750 24.5625 25.53 28.31 1013.8016
07075.7334 24.7500 24.8750 24.5625 25.53 28.31 1013.8016
07076.2710 24.7500 24.8750 24.6250 25.53 28.31 1013.8016
07101.3833 24.7500 24.8750 24.6250 25.53 28.31 1013.8016
07100.9331 24.7500 24.8750 24.6250 25.53 28.30 1013.8830
07075.3208 24.7500 24.8750 24.6250 25.53 28.30 1013.8830
07075.3208 24.7500 24.8750 24.6250 25.53 28.30 1013.8830
07075.0835 24.7500 24.8750 24.6250 25.53 28.30 1013.8830
07126.3833 24.7500 24.8750 24.6250 25.53 28.30 1013.8830
07076.0332 24.7500 24.8750 24.6250 25.53 28.30 1013.8830
07076.2207 24.7500 24.8750 24.6250 25.53 28.30 1013.8830
07101.1958 24.7500 24.8750 24.5625 25.53 28.30 1013.8830
07100.7334 24.7500 24.8750 24.5625 25.53 28.30 1013.8830
07075.7832 24.7500 24.8750 24.5625 25.54 28.25 1013.8181
07152.6958 24.7500 24.8750 24.5625 25.54 28.25 1013.8181
07075.4956 24.7500 24.8750 24.5625 25.54 28.25 1013.8181
07075.5459 24.7500 24.8750 24.5625 25.54 28.25 1013.8181
07075.7959 24.7500 24.8750 24.5625 25.54 28.25 1013.8181
07075.7959 24.7500 24.8750 24.5625 25.54 28.25 1013.8181
07100.9082 24.7500 24.8750 24.5625 25.54 28.25 1013.8181
07128.0332 24.7500 24.8750 24.5625 25.54 28.25 1013.8181
07075.5459 24.7500 24.8750 24.5625 25.54 28.25 1013.8181
07128.9707 24.7500 24.8750 24.5625 25.53 28.20 1013.9372
07075.7456 24.7500 24.8750 24.5625 25.53 28.20 1013.9372
07075.7832 24.7500 24.8750 24.5625 25.53 28.20 1013.9372
07076.2207 24.7500 24.8750 24.5625 25.53 28.20 1013.9372
07076.7456 24.7500 24.8750 24.5625 25.53 28.20 1013.9372
07101.8706 24.7500 24.8750 24.6250 25.53 28.20 1013.9372
07101.2085 24.7500 24.8750 24.6250 25.53 28.20 1013.9372
07076.0210 24.7500 24.8750 24.6250 25.53 28.20 1013.9372
07076.2207 24.7500 24.8750 24.6250 25.53 28.20 1013.9372
07075.9834 24.7500 24.8750 24.6250 25.53 28.14 1013.8287
07126.3833 24.7500 24.8750 24.6250 25.53 28.14 1013.8287
07076.0332 24.7500 24.8750 24.6250 25.53 28.14 1013.8287
07102.5835 24.7500 24.8750 24.6250 25.53 28.14 1013.8287
07127.7832 24.7500 24.8750 24.6250 25.53 28.14 1013.8287
07074.5581 24.7500 24.8750 24.6250 25.53 28.14 1013.8287
07075.7959 24.7500 24.8750 24.6250 25.53 28.14 1013.8287
07076.0332 24.7500 24.8750 24.6250 25.53 28.14 1013.8287
07102.6333 24.7500 24.8750 24.6250 25.53 28.14 1013.8287
07075.5581 24.7500 24.8750 24.6250 25.53 28.14 1013.8287
07075.7456 24.7500 24.8750 24.6250 25.54 28.16 1013.9264
07075.9707 24.7500 24.8750 24.6250 25.54 28.16 1013.9264
07074.5581 24.7500 24.8750 24.6250 25.54 28.16 1013.9264
07100.9082 24.7500 24.8750 24.6250 25.54 28.16 1013.9264
07076.0332 24.7500 24.8750 24.6250 25.54 28.16 1013.9264
07102.3335 24.7500 24.8750 24.6250 25.54 28.16 1013.9264
07075.0459 24.7500 24.8750 24.6250 25.54 28.16 1013.9264
07126.5708 24.7500 24.8750 24.6250 25.54 28.16 1013.9264
07075.7959 24.7500 24.8750 24.6250 25.54 28.16 1013.9264
07076.0332 24.7500 24.8750 24.5625 25.54 28.22 1013.8452
07127.3335 24.7500 24.8750 24.5625 25.54 28.22 1013.8452
07101.1582 24.7500 24.8750 24.5625 25.54 28.22 1013.8452
07075.2710 24.7500 24.8750 24.5625 25.54 28.22 1013.8452
07075.7959 24.7500 24.8750 24.5625 25.54 28.22 1013.8452
07152.5083 24.7500 24.8750 24.5625 25.54 28.22 1013.8452
07075.5581 24.7500 24.8750 24.5625 25.54 28.22 1013.8452
07075.0210 24.7500 24.8750 24.5625 25.54 28.22 1013.8452
07127.9956 24.7500 24.8750 24.5625 25.54 28.22 1013.8452
#terjedesi                                       nyomas  ##
#ido(usec)  T1(C)   T2(C)   T3(C)  T4(C) para(%)  (hPa)
07127.3208 24.7500 24.8750 24.6250 25.54 28.22 1013.8452
07127.7832 24.7500 24.8750 24.6250 25.54 28.22 1013.7910
07101.9209 24.7500 24.8750 24.6250 25.54 28.22 1013.7910
07101.8706 24.7500 24.8750 24.6250 25.54 28.22 1013.7910
07075.2710 24.7500 24.8750 24.6250 25.54 28.22 1013.7910
07101.8584 24.7500 24.8750 24.6250 25.54 28.22 1013.7910
07075.3208 24.7500 24.8750 24.6250 25.54 28.22 1013.7910
07075.0210 24.7500 24.8750 24.6250 25.54 28.22 1013.7910
07101.1582 24.7500 24.8750 24.6250 25.54 28.22 1013.7910
07101.4458 24.7500 24.8750 24.6250 25.54 28.22 1013.7910
07075.7959 24.7500 24.8750 24.6250 25.54 28.29 1013.8181
07102.0957 24.7500 24.8750 24.6250 25.54 28.29 1013.8181
07126.3833 24.7500 24.8750 24.6250 25.54 28.29 1013.8181
07075.7832 24.7500 24.8750 24.6250 25.54 28.29 1013.8181
07075.5581 24.7500 24.8750 24.6250 25.54 28.29 1013.8181
07075.7583 24.7500 24.8750 24.6250 25.54 28.29 1013.8181
07100.9707 24.7500 24.8750 24.6250 25.54 28.29 1013.8181
07101.1582 24.7500 24.8750 24.6250 25.54 28.29 1013.8181
07101.9209 24.7500 24.8750 24.6250 25.54 28.29 1013.8181
07075.3081 24.7500 24.8750 24.6250 25.54 28.31 1013.8181
07075.2832 24.7500 24.8750 24.6250 25.54 28.31 1013.8181
07075.2832 24.7500 24.8750 24.6250 25.54 28.31 1013.8181
07152.2710 24.7500 24.8750 24.6250 25.54 28.31 1013.8181
07075.3081 24.7500 24.8750 24.6250 25.54 28.31 1013.8181
07127.0957 24.7500 24.8750 24.6250 25.54 28.31 1013.8181
07100.6958 24.7500 24.8750 24.6250 25.54 28.31 1013.8181
07075.3208 24.7500 24.8750 24.6250 25.54 28.31 1013.8181
07101.8960 24.7500 24.8750 24.6250 25.54 28.31 1013.8181
07101.3960 24.7500 24.8750 24.6250 25.55 28.32 1013.6450
07074.8457 24.7500 24.8750 24.6250 25.55 28.32 1013.6450
07075.0459 24.7500 24.8750 24.6250 25.55 28.32 1013.6450
07075.5581 24.7500 24.8750 24.6250 25.55 28.32 1013.6450
07100.6831 24.7500 24.8750 24.6250 25.55 28.32 1013.6450
07100.9209 24.7500 24.8750 24.6250 25.55 28.32 1013.6450
07075.3081 24.7500 24.8750 24.6250 25.55 28.32 1013.6450
07075.7456 24.7500 24.8750 24.6250 25.55 28.32 1013.6450
07075.5083 24.7500 24.8750 24.6250 25.55 28.32 1013.6450
07075.2583 24.7500 24.8750 24.6250 25.56 28.30 1013.7617
07075.7959 24.7500 24.8750 24.6250 25.56 28.30 1013.7617
07075.4956 24.7500 24.8750 24.6250 25.56 28.30 1013.7617
07074.6084 24.7500 24.8750 24.6250 25.56 28.30 1013.7617
07101.2085 24.7500 24.8750 24.6250 25.56 28.30 1013.7617
07075.0835 24.7500 24.8750 24.6250 25.56 28.30 1013.7617
07101.6333 24.7500 24.8750 24.6250 25.56 28.30 1013.7617
07102.1084 24.7500 24.8750 24.6250 25.56 28.30 1013.7617
07075.5581 24.7500 24.8750 24.6250 25.56 28.30 1013.7617
07102.3960 24.7500 24.8750 24.6250 25.56 28.30 1013.7617
07101.6333 24.7500 24.8750 24.6250 25.55 28.31 1013.8077
07127.7583 24.7500 24.8750 24.6250 25.55 28.31 1013.8077
07074.3208 24.7500 24.8750 24.6250 25.55 28.31 1013.8077
07176.2583 24.7500 24.8750 24.6250 25.55 28.31 1013.8077
07101.8706 24.7500 24.8750 24.6250 25.55 28.31 1013.8077
07101.6333 24.7500 24.8750 24.6250 25.55 28.31 1013.8077
07099.0708 24.7500 24.8750 24.6250 25.55 28.31 1013.8077
07075.0332 24.7500 24.8750 24.6250 25.55 28.31 1013.8077
07075.0835 24.7500 24.8750 24.6250 25.55 28.31 1013.8077
07100.7334 24.7500 24.8750 24.6250 25.57 28.32 1013.8404
07100.9707 24.7500 24.8750 24.6250 25.57 28.32 1013.8404
07075.9834 24.7500 24.8750 24.6250 25.57 28.32 1013.8404
07075.4956 24.7500 24.8750 24.6250 25.57 28.32 1013.8404
07152.9331 24.7500 24.8750 24.6250 25.57 28.32 1013.8404
07075.7832 24.7500 24.8750 24.6250 25.57 28.32 1013.8404
07126.3833 24.7500 24.8750 24.6250 25.57 28.32 1013.8404
07126.5957 24.7500 24.8750 24.6250 25.57 28.32 1013.8404
07100.9082 24.7500 24.8750 24.5625 25.57 28.32 1013.8404
07074.6084 24.7500 24.8750 24.5625 25.56 28.34 1013.8782
07075.2959 24.7500 24.8750 24.5625 25.56 28.34 1013.8782
07075.7832 24.7500 24.8750 24.5625 25.56 28.34 1013.8782
07076.0083 24.7500 24.8750 24.5625 25.56 28.34 1013.8782
07075.7583 24.7500 24.8750 24.5625 25.56 28.34 1013.8782
07075.2710 24.7500 24.8750 24.5625 25.56 28.34 1013.8782
07075.4956 24.7500 24.8750 24.6250 25.56 28.34 1013.8782
07074.7959 24.7500 24.8750 24.6250 25.56 28.34 1013.8782
#terjedesi                                       nyomas  ##
#ido(usec)  T1(C)   T2(C)   T3(C)  T4(C) para(%)  (hPa)
07127.5332 24.7500 24.8750 24.6250 25.56 28.34 1013.8782
07075.7959 24.7500 24.8750 24.6250 25.56 28.34 1013.8782
07075.5459 24.7500 24.8750 24.6250 25.56 28.34 1013.7156
07075.5581 24.7500 24.8750 24.6250 25.56 28.34 1013.7156
07075.9834 24.7500 24.8750 24.6250 25.56 28.34 1013.7156
07075.3208 24.7500 24.8750 24.6250 25.56 28.34 1013.7156
07076.0083 24.7500 24.8750 24.6250 25.56 28.34 1013.7156
07101.1831 24.7500 24.8750 24.5625 25.56 28.34 1013.7156
07101.2085 24.7500 24.8750 24.5625 25.56 28.34 1013.7156
07101.6333 24.7500 24.8750 24.5625 25.56 28.34 1013.7156
07101.8584 24.7500 24.8750 24.5625 25.56 28.34 1013.7156
07075.3208 24.7500 24.8750 24.5625 25.57 28.34 1013.9489
07075.3081 24.7500 24.8750 24.5625 25.57 28.34 1013.9489
07074.7959 24.7500 24.8750 24.5625 25.57 28.34 1013.9489
07075.5581 24.7500 24.8750 24.6250 25.57 28.34 1013.9489
07127.0708 24.7500 24.8750 24.6250 25.57 28.34 1013.9489
07100.6709 24.7500 24.8750 24.6250 25.57 28.34 1013.9489
07075.5581 24.7500 24.8750 24.6250 25.57 28.34 1013.9489
07075.0459 24.7500 24.8750 24.6250 25.57 28.34 1013.9489
07075.5581 24.7500 24.8750 24.6250 25.57 28.34 1013.9489
07075.0332 24.7500 24.8750 24.6250 25.57 28.34 1013.9489
07102.1084 24.7500 24.8750 24.6250 25.56 28.35 1013.8240
07075.5332 24.7500 24.8750 24.6250 25.56 28.35 1013.8240
07101.1831 24.7500 24.8750 24.6250 25.56 28.35 1013.8240
07074.6084 24.7500 24.8750 24.6250 25.56 28.35 1013.8240
07075.7959 24.7500 24.8750 24.6250 25.56 28.35 1013.8240
07075.7583 24.7500 24.8750 24.6250 25.56 28.35 1013.8240
07075.5083 24.7500 24.8750 24.6250 25.56 28.35 1013.8240
07075.7959 24.7500 24.8750 24.6250 25.56 28.35 1013.8240
07102.1582 24.7500 24.8750 24.6250 25.58 28.34 1013.8568
07102.5835 24.7500 24.8750 24.6250 25.58 28.34 1013.8568
07074.8081 24.7500 24.8750 24.6250 25.58 28.34 1013.8568
07074.5459 24.7500 24.8750 24.6250 25.58 28.34 1013.8568
07102.1582 24.7500 24.8750 24.6250 25.58 28.34 1013.8568
07126.1460 24.7500 24.8750 24.6250 25.58 28.34 1013.8568
07075.5083 24.7500 24.8750 24.6250 25.58 28.34 1013.8568
07126.5708 24.7500 24.8750 24.6250 25.58 28.34 1013.8568
07102.1582 24.7500 24.8750 24.6250 25.58 28.34 1013.8568
07075.5083 24.7500 24.8750 24.6250 25.58 28.34 1013.8568
07100.9209 24.7500 24.8750 24.6250 25.58 28.34 1013.9110
07074.0835 24.7500 24.8750 24.6250 25.58 28.34 1013.9110
07076.2583 24.7500 24.8750 24.6250 25.58 28.34 1013.9110
07075.9707 24.7500 24.8750 24.6250 25.58 28.34 1013.9110
07126.5708 24.7500 24.8750 24.6250 25.58 28.34 1013.9110
07075.3208 24.7500 24.8750 24.6250 25.58 28.34 1013.9110
07075.5581 24.7500 24.8750 24.6250 25.58 28.34 1013.9110
07075.2583 24.7500 24.8750 24.6250 25.58 28.34 1013.9110
07127.3335 24.7500 24.8750 24.6250 25.58 28.34 1013.9110
07101.1582 24.7500 24.8750 24.6250 25.58 28.36 1013.8026
07075.5083 24.7500 24.8750 24.6250 25.58 28.36 1013.8026
07075.3081 24.7500 24.8750 24.6250 25.58 28.36 1013.8026
07075.3208 24.7500 24.8750 24.6250 25.58 28.36 1013.8026
07152.5083 24.7500 24.8750 24.6250 25.58 28.36 1013.8026
07075.4956 24.7500 24.8750 24.6250 25.58 28.36 1013.8026
07075.5332 24.7500 24.8750 24.6250 25.58 28.36 1013.8026
07100.7334 24.7500 24.8750 24.5625 25.58 28.36 1013.8026
07100.7334 24.7500 24.8750 24.5625 25.58 28.36 1013.8026
07075.5083 24.7500 24.8750 24.5625 25.57 28.38 1013.7590
07152.4585 24.7500 24.8750 24.5625 25.57 28.38 1013.7590
07075.0835 24.7500 24.8750 24.5625 25.57 28.38 1013.7590
07126.1460 24.7500 24.8750 24.5625 25.57 28.38 1013.7590
07075.7959 24.7500 24.8750 24.5625 25.57 28.38 1013.7590
07126.0957 24.7500 24.8750 24.6250 25.57 28.38 1013.7590
07074.3208 24.7500 24.8750 24.6250 25.57 28.38 1013.7590
07101.6206 24.7500 24.8750 24.6250 25.57 28.38 1013.7590
07099.7832 24.7500 24.8750 24.6250 25.57 28.38 1013.7590
07075.5581 24.7500 24.8750 24.6250 25.57 28.38 1013.7590
07075.0708 24.7500 24.8750 24.6250 25.58 28.38 1013.8486
07075.5332 24.7500 24.8750 24.6250 25.58 28.38 1013.8486
07076.0210 24.7500 24.8750 24.6250 25.58 28.38 1013.8486
07075.5083 24.7500 24.8750 24.6250 25.58 28.38 1013.8486
07073.8960 24.7500 24.8750 24.6250 25.58 28.38 1013.8486
07100.7334 24.7500 24.8750 24.6250 25.58 28.38 1013.8486
#terjedesi                                       nyomas  ##
#ido(usec)  T1(C)   T2(C)   T3(C)  T4(C) para(%)  (hPa)
07075.7583 24.7500 24.8750 24.6250 25.58 28.38 1013.8486
07076.2710 24.7500 24.8750 24.6250 25.58 28.38 1013.8486
07076.2456 24.7500 24.8750 24.6250 25.59 28.39 1013.8193
07126.3335 24.7500 24.8750 24.6250 25.59 28.39 1013.8193
07176.7085 24.7500 24.8750 24.6250 25.59 28.39 1013.8193
07075.7456 24.7500 24.8750 24.6250 25.59 28.39 1013.8193
07101.1709 24.7500 24.8750 24.6250 25.59 28.39 1013.8193
07074.3706 24.7500 24.8750 24.6250 25.59 28.39 1013.8193
07126.5581 24.7500 24.8750 24.6250 25.59 28.39 1013.8193
07126.3833 24.7500 24.8750 24.6250 25.59 28.39 1013.8193
07075.3208 24.7500 24.8750 24.6250 25.59 28.39 1013.8193
07075.7456 24.7500 24.8750 24.6250 25.59 28.39 1013.8193
07075.5581 24.7500 24.8750 24.6250 25.59 28.39 1013.8193
07125.8584 24.7500 24.8750 24.6250 25.58 28.40 1013.7484
07073.8833 24.7500 24.8750 24.6250 25.58 28.40 1013.7484
07100.9585 24.7500 24.8750 24.6250 25.58 28.40 1013.7484
07126.3833 24.7500 24.8750 24.6250 25.58 28.40 1013.7484
07075.7334 24.7500 24.8750 24.6250 25.58 28.40 1013.7484
07102.5957 24.7500 24.8750 24.6250 25.58 28.40 1013.7484
07075.9834 24.7500 24.8750 24.6250 25.58 28.40 1013.7484
07075.7832 24.7500 24.8750 24.6250 25.58 28.40 1013.7484
07075.4956 24.7500 24.8750 24.6250 25.58 28.38 1013.8568
07074.1333 24.7500 24.8750 24.6250 25.58 28.38 1013.8568
07100.7334 24.7500 24.8750 24.6250 25.58 28.38 1013.8568
07075.5083 24.7500 24.8750 24.6250 25.58 28.38 1013.8568
07075.7710 24.7500 24.8750 24.6250 25.58 28.38 1013.8568
07075.5581 24.7500 24.8750 24.6250 25.58 28.38 1013.8568
07126.3833 24.7500 24.8750 24.6250 25.58 28.38 1013.8568
07126.6206 24.7500 24.8750 24.6250 25.58 28.38 1013.8568
07075.7456 24.7500 24.8750 24.6250 25.58 28.38 1013.8568
07100.7334 24.7500 24.8750 24.6250 25.58 28.38 1013.8568
07127.7959 24.7500 24.8750 24.6250 25.61 28.37 1013.8981
07075.2959 24.7500 24.8750 24.6250 25.61 28.37 1013.8981
07075.7456 24.7500 24.8750 24.6250 25.61 28.37 1013.8981
07075.7456 24.7500 24.8750 24.6250 25.61 28.37 1013.8981
07126.3584 24.7500 24.8750 24.6250 25.61 28.37 1013.8981
07126.0957 24.7500 24.8750 24.6250 25.61 28.37 1013.8981
07102.3584 24.7500 24.8750 24.6250 25.61 28.37 1013.8981
07074.7959 24.7500 24.8750 24.6250 25.61 28.37 1013.8981
07101.1460 24.7500 24.8750 24.6250 25.61 28.37 1013.8981
07126.5708 24.7500 24.8750 24.6250 25.59 28.38 1013.8734
07126.8335 24.7500 24.8750 24.6250 25.59 28.38 1013.8734
07126.3335 24.7500 24.8750 24.6250 25.59 28.38 1013.8734
07075.7583 24.7500 24.8750 24.6250 25.59 28.38 1013.8734
07074.8457 24.7500 24.8750 24.6250 25.59 28.38 1013.8734
07075.2710 24.7500 24.8750 24.6250 25.59 28.38 1013.8734
07074.7959 24.7500 24.8750 24.6250 25.59 28.38 1013.8734
07074.3208 24.7500 24.8750 24.6250 25.59 28.38 1013.8734
07075.7959 24.7500 24.8750 24.6250 25.59 28.38 1013.8734
07099.9834 24.7500 24.8750 24.6250 25.59 28.36 1013.7922
07099.7334 24.7500 24.8750 24.6250 25.59 28.36 1013.7922
07099.9707 24.7500 24.8750 24.6250 25.59 28.36 1013.7922
07127.0957 24.7500 24.8750 24.6250 25.59 28.36 1013.7922
07076.2456 24.7500 24.8750 24.6250 25.59 28.36 1013.7922
07101.4082 24.7500 24.8750 24.6250 25.59 28.36 1013.7922
07075.0835 24.7500 24.8750 24.6250 25.59 28.36 1013.7922
07126.3833 24.7500 24.8750 24.6250 25.59 28.36 1013.7922
07075.0835 24.7500 24.8750 24.6250 25.59 28.36 1013.7922
07126.0957 24.7500 24.8750 24.6250 25.59 28.36 1013.7922
07075.5581 24.7500 24.8750 24.6250 25.59 28.38 1013.7109
07126.3584 24.7500 24.8750 24.6250 25.59 28.38 1013.7109
07075.9707 24.7500 24.8750 24.6250 25.59 28.38 1013.7109
07074.5581 24.7500 24.8750 24.6250 25.59 28.38 1013.7109
07074.3208 24.7500 24.8750 24.6250 25.59 28.38 1013.7109
07125.8584 24.7500 24.8750 24.6250 25.59 28.38 1013.7109
07075.9834 24.7500 24.8750 24.6250 25.59 28.38 1013.7109
07102.3833 24.7500 24.8750 24.6250 25.59 28.38 1013.7109
07075.5581 24.7500 24.8750 24.6250 25.59 28.38 1013.7109
07126.0835 24.7500 24.8750 24.6250 25.60 28.38 1013.8898
07075.7959 24.7500 24.8750 24.6250 25.60 28.38 1013.8898
07100.9331 24.7500 24.8750 24.6250 25.60 28.38 1013.8898
07075.0332 24.7500 24.8750 24.6250 25.60 28.38 1013.8898
07126.3335 24.7500 24.8750 24.6250 25.60 28.38 1013.8898
#terjedesi                                       nyomas  ##
#ido(usec)  T1(C)   T2(C)   T3(C)  T4(C) para(%)  (hPa)
07099.7334 24.7500 24.8750 24.6250 25.60 28.38 1013.8898
07126.3208 24.7500 24.8750 24.6250 25.60 28.38 1013.8898
07126.1460 24.7500 24.8750 24.6250 25.60 28.38 1013.8898
07075.7456 24.7500 24.8750 24.6250 25.60 28.38 1013.8898
07099.5332 24.7500 24.8750 24.6250 25.61 28.42 1013.8438
07074.1333 24.7500 24.8750 24.6250 25.61 28.42 1013.8438
07101.1460 24.7500 24.8750 24.6250 25.61 28.42 1013.8438
07102.1460 24.7500 24.8750 24.6250 25.61 28.42 1013.8438
07075.0835 24.7500 24.8750 24.6250 25.61 28.42 1013.8438
07126.0957 24.7500 24.8750 24.6250 25.61 28.42 1013.8438
07075.7959 24.7500 24.8750 24.6250 25.61 28.42 1013.8438
07126.3335 24.7500 24.8750 24.6250 25.61 28.42 1013.8438
07126.5708 24.7500 24.8750 24.6250 25.61 28.42 1013.8438
07074.5459 24.7500 24.8750 24.6250 25.60 28.38 1013.8898
07101.4458 24.7500 24.8750 24.6250 25.60 28.38 1013.8898
07102.3335 24.7500 24.8750 24.6250 25.60 28.38 1013.8898
07075.7832 24.7500 24.8750 24.6250 25.60 28.38 1013.8898
07126.5581 24.7500 24.8750 24.6250 25.60 28.38 1013.8898
07126.3833 24.7500 24.8750 24.6250 25.60 28.38 1013.8898
07075.7583 24.7500 24.8750 24.6250 25.60 28.38 1013.8898
07075.7832 24.7500 24.8750 24.6250 25.60 28.38 1013.8898
07151.5459 24.7500 24.8750 24.6250 25.60 28.38 1013.8898
07074.5957 24.7500 24.8750 24.6250 25.60 28.38 1013.8898
07075.5083 24.7500 24.8750 24.6250 25.62 28.38 1013.8060
07075.9834 24.7500 24.8750 24.6250 25.62 28.38 1013.8060
07126.3335 24.7500 24.8750 24.6250 25.62 28.38 1013.8060
07126.3833 24.7500 24.8750 24.6250 25.62 28.38 1013.8060
07099.9707 24.7500 24.8750 24.6250 25.62 28.38 1013.8060
07100.2334 24.7500 24.8750 24.6250 25.62 28.38 1013.8060
07101.6582 24.7500 24.8750 24.6250 25.62 28.38 1013.8060
07074.8457 24.7500 24.8750 24.6250 25.62 28.38 1013.8060
07075.7832 24.7500 24.8750 24.6250 25.62 28.38 1013.8060
07126.1460 24.7500 24.8750 24.6250 25.63 28.35 1013.8851
07126.5835 24.7500 24.8750 24.6250 25.63 28.35 1013.8851
07126.3208 24.7500 24.8750 24.6250 25.63 28.35 1013.8851
07075.3081 24.7500 24.8750 24.6250 25.63 28.35 1013.8851
07075.5083 24.7500 24.8750 24.6250 25.63 28.35 1013.8851
07074.3706 24.7500 24.8750 24.6250 25.63 28.35 1013.8851
07074.5835 24.7500 24.8750 24.6250 25.63 28.35 1013.8851
07075.5581 24.7500 24.8750 24.6250 25.63 28.35 1013.8851
07126.1206 24.7500 24.8750 24.6250 25.63 28.35 1013.8851
07126.0957 24.7500 24.8750 24.6250 25.62 28.29 1013.8060
07126.0957 24.7500 24.8750 24.6250 25.62 28.29 1013.8060
07075.9707 24.7500 24.8750 24.6250 25.62 28.29 1013.8060
07126.3833 24.7500 24.8750 24.6250 25.62 28.29 1013.8060
07075.0332 24.7500 24.8750 24.6250 25.62 28.29 1013.8060
07075.0332 24.7500 24.8750 24.6250 25.62 28.29 1013.8060
07099.9707 24.7500 24.8750 24.6250 25.62 28.29 1013.8060
07075.2710 24.7500 24.8750 24.6250 25.62 28.29 1013.8060
07102.5835 24.7500 24.8750 24.6250 25.62 28.29 1013.8060
07126.1460 24.7500 24.8750 24.6250 25.62 28.29 1013.8060
07076.2334 24.7500 24.8750 24.6250 25.61 28.24 1013.7436
07126.8081 24.7500 24.8750 24.6250 25.61 28.24 1013.7436
07127.5581 24.7500 24.8750 24.6250 25.61 28.24 1013.7436
07100.9082 24.7500 24.8750 24.6250 25.61 28.24 1013.7436
07126.3833 24.7500 24.8750 24.6250 25.61 28.24 1013.7436
07102.3833 24.7500 24.8750 24.6250 25.61 28.24 1013.7436
07075.7832 24.7500 24.8750 24.6250 25.61 28.24 1013.7436
07075.2710 24.7500 24.8750 24.6250 25.61 28.24 1013.7436
07075.0835 24.7500 24.8750 24.6250 25.61 28.24 1013.7436
07075.5581 24.7500 24.8750 24.6250 25.63 28.16 1013.8309
07074.3335 24.7500 24.8750 24.6250 25.63 28.16 1013.8309
07074.5708 24.7500 24.8750 24.6250 25.63 28.16 1013.8309
07075.4956 24.7500 24.8750 24.6250 25.63 28.16 1013.8309
07126.1460 24.7500 24.8750 24.6250 25.63 28.16 1013.8309
07126.3208 24.7500 24.8750 24.6250 25.63 28.16 1013.8309
07075.5083 24.7500 24.8750 24.6250 25.63 28.16 1013.8309
07126.6206 24.7500 24.8750 24.6250 25.63 28.16 1013.8309
07075.5581 24.7500 24.8750 24.6250 25.63 28.16 1013.8309
07100.9458 24.7500 24.8750 24.6250 25.63 28.13 1013.8038
07100.9707 24.7500 24.8750 24.6250 25.63 28.13 1013.8038
07126.0835 24.7500 24.8750 24.6250 25.63 28.13 1013.8038
07125.8584 24.7500 24.8750 24.6250 25.63 28.13 1013.8038
#terjedesi                                       nyomas  ##
#ido(usec)  T1(C)   T2(C)   T3(C)  T4(C) para(%)  (hPa)
07075.5581 24.7500 24.8750 24.6250 25.63 28.13 1013.8038
07075.4956 24.7500 24.8750 24.6250 25.63 28.13 1013.8038
07075.5581 24.7500 24.8750 24.6250 25.63 28.13 1013.8038
07125.9082 24.7500 24.8750 24.6250 25.63 28.13 1013.8038
07075.0835 24.7500 24.8750 24.6250 25.63 28.13 1013.8038
07100.9331 24.7500 24.8750 24.6250 25.62 28.16 1013.8060
07075.3208 24.7500 24.8750 24.6250 25.62 28.16 1013.8060
07099.9956 24.7500 24.8750 24.6250 25.62 28.16 1013.8060
07126.5708 24.7500 24.8750 24.6250 25.62 28.16 1013.8060
07099.0708 24.7500 24.8750 24.6250 25.62 28.16 1013.8060
07126.3208 24.7500 24.8750 24.6250 25.62 28.16 1013.8060
07126.0835 24.7500 24.8750 24.6250 25.62 28.16 1013.8060
07074.5581 24.7500 24.8750 24.6250 25.62 28.16 1013.8060
07100.6709 24.7500 24.8750 24.6250 25.62 28.16 1013.8060
07074.5835 24.7500 24.8750 24.6250 25.62 28.16 1013.8060
07075.5581 24.7500 24.8750 24.6250 25.63 28.16 1013.9122
07075.2959 24.7500 24.8750 24.6250 25.63 28.16 1013.9122
07075.7583 24.7500 24.8750 24.6250 25.63 28.16 1013.9122
07075.0708 24.7500 24.8750 24.6250 25.63 28.16 1013.9122
07075.5210 24.7500 24.8750 24.6250 25.63 28.16 1013.9122
07100.9458 24.7500 24.8750 24.6250 25.63 28.16 1013.9122
07074.6084 24.7500 24.8750 24.6250 25.63 28.16 1013.9122
07075.5581 24.7500 24.8750 24.6250 25.63 28.16 1013.9122
07075.5210 24.7500 24.8750 24.6250 25.63 28.16 1013.9122
07075.3208 24.7500 24.8750 24.6250 25.64 28.14 1013.8391
07125.9082 24.7500 24.8750 24.6250 25.64 28.14 1013.8391
07076.0332 24.7500 24.8750 24.6250 25.64 28.14 1013.8391
07126.0957 24.7500 24.8750 24.6250 25.64 28.14 1013.8391
07075.0708 24.7500 24.8750 24.6250 25.64 28.14 1013.8391
07074.8457 24.7500 24.8750 24.6250 25.64 28.14 1013.8391
07125.8457 24.7500 24.8750 24.6250 25.64 28.14 1013.8391
07126.3457 24.7500 24.8750 24.6250 25.64 28.14 1013.8391
07075.5459 24.7500 24.8750 24.6250 25.64 28.14 1013.8391
07075.5210 24.7500 24.8750 24.6250 25.63 28.06 1013.7767
07126.1460 24.7500 24.8750 24.6250 25.63 28.06 1013.7767
07075.2959 24.7500 24.8750 24.6250 25.63 28.06 1013.7767
07101.2085 24.7500 24.8750 24.6250 25.63 28.06 1013.7767
07101.3833 24.7500 24.8750 24.6250 25.63 28.06 1013.7767
07075.7959 24.7500 24.8750 24.6250 25.63 28.06 1013.7767
07152.0332 24.7500 24.8750 24.6250 25.63 28.06 1013.7767
07128.7583 24.7500 24.8750 24.6250 25.63 28.06 1013.7767
07099.0210 24.7500 24.8750 24.6250 25.63 28.06 1013.7767
07075.5083 24.7500 24.8750 24.6250 25.63 28.06 1013.7767
07099.2583 24.7500 24.8750 24.6250 25.65 28.04 1013.7930
07101.2085 24.7500 24.8750 24.6250 25.65 28.04 1013.7930
07100.4458 24.7500 24.8750 24.6250 25.65 28.04 1013.7930
07101.8960 24.7500 24.8750 24.6250 25.65 28.04 1013.7930
07075.2959 24.7500 24.8750 24.6250 25.65 28.04 1013.7930
07126.3208 24.7500 24.8750 24.6250 25.65 28.04 1013.7930
07075.2710 24.7500 24.8750 24.6250 25.65 28.04 1013.7930
07102.1582 24.7500 24.8750 24.6250 25.65 28.04 1013.7930
07126.0835 24.7500 24.8750 24.6250 25.65 28.04 1013.7930
07124.6709 24.7500 24.8750 24.6250 25.65 28.11 1013.7930
07074.7959 24.7500 24.8750 24.6250 25.65 28.11 1013.7930
07099.5459 24.7500 24.8750 24.6250 25.65 28.11 1013.7930
07125.8584 24.7500 24.8750 24.6250 25.65 28.11 1013.7930
07126.0835 24.7500 24.8750 24.6250 25.65 28.11 1013.7930
07125.9082 24.7500 24.8750 24.6250 25.65 28.11 1013.7930
07099.7456 24.7500 24.8750 24.6250 25.65 28.11 1013.7930
07099.4956 24.7500 24.8750 24.6250 25.65 28.11 1013.7930
07074.7959 24.7500 24.8750 24.6250 25.65 28.11 1013.7930
07101.4082 24.7500 24.8750 24.6250 25.65 28.13 1013.7930
07073.8457 24.7500 24.8750 24.6250 25.65 28.13 1013.7930
07099.7456 24.7500 24.8750 24.6250 25.65 28.13 1013.7930
07126.3706 24.7500 24.8750 24.6250 25.65 28.13 1013.7930
07075.9956 24.7500 24.8750 24.6250 25.65 28.13 1013.7930
07126.3584 24.7500 24.8750 24.6250 25.65 28.13 1013.7930
07126.3208 24.7500 24.8750 24.6250 25.65 28.13 1013.7930
07074.6084 24.7500 24.8750 24.6250 25.65 28.13 1013.7930
07074.3081 24.7500 24.8750 24.6250 25.65 28.13 1013.7930
07125.9082 24.7500 24.8750 24.6250 25.65 28.13 1013.7930
07099.9956 24.7500 24.8750 24.6250 25.66 28.14 1013.9450
07075.2583 24.7500 24.8750 24.6250 25.66 28.14 1013.9450
#terjedesi                                       nyomas  ##
#ido(usec)  T1(C)   T2(C)   T3(C)  T4(C) para(%)  (hPa)
07075.7959 24.7500 24.8750 24.6250 25.66 28.14 1013.9450
07099.5459 24.7500 24.8750 24.6250 25.66 28.14 1013.9450
07126.0957 24.7500 24.8750 24.6250 25.66 28.14 1013.9450
07125.1958 24.7500 24.8750 24.6250 25.66 28.14 1013.9450
07101.4458 24.7500 24.8750 24.6250 25.66 28.14 1013.9450
07099.7832 24.7500 24.8750 24.6250 25.66 28.14 1013.9450
07125.8960 24.7500 24.8750 24.6250 25.66 28.17 1013.8636
07075.0581 24.7500 24.8750 24.6250 25.66 28.17 1013.8636
07102.1460 24.7500 24.8750 24.6250 25.66 28.17 1013.8636
07126.0957 24.7500 24.8750 24.6250 25.66 28.17 1013.8636
07126.3833 24.7500 24.8750 24.6250 25.66 28.17 1013.8636
07151.3208 24.7500 24.8750 24.6250 25.66 28.17 1013.8636
07074.5459 24.7500 24.8750 24.6250 25.66 28.17 1013.8636
07126.3584 24.7500 24.8750 24.6250 25.66 28.17 1013.8636
07126.1460 24.7500 24.8750 24.6250 25.66 28.17 1013.8636
07099.0083 24.7500 24.8750 24.6250 25.66 28.17 1013.8636
07075.0835 24.7500 24.8750 24.6250 25.66 28.18 1013.9721
07099.5332 24.7500 24.8750 24.6250 25.66 28.18 1013.9721
07125.8584 24.7500 24.8750 24.6250 25.66 28.18 1013.9721
07074.5459 24.7500 24.8750 24.6250 25.66 28.18 1013.9721
07074.5581 24.7500 24.8750 24.6250 25.66 28.18 1013.9721
07075.5332 24.7500 24.8750 24.6250 25.66 28.18 1013.9721
07125.6709 24.7500 24.8750 24.6250 25.66 28.18 1013.9721
07075.0332 24.7500 24.8750 24.6250 25.66 28.18 1013.9721
07075.2832 24.7500 24.8750 24.6250 25.66 28.18 1013.9721
07125.8457 24.7500 24.8750 24.6250 25.65 28.15 1013.7930
07075.9956 24.7500 24.8750 24.6250 25.65 28.15 1013.7930
07074.3335 24.7500 24.8750 24.6250 25.65 28.15 1013.7930
07151.5581 24.7500 24.8750 24.6250 25.65 28.15 1013.7930
07075.3208 24.7500 24.8750 24.6250 25.65 28.15 1013.7930
07175.7456 24.7500 24.8750 24.6250 25.65 28.15 1013.7930
07126.0957 24.7500 24.8750 24.6250 25.65 28.15 1013.7930
07099.7583 24.7500 24.8750 24.6250 25.65 28.15 1013.7930
07126.0957 24.7500 24.8750 24.6250 25.65 28.15 1013.7930
07126.0835 24.7500 24.8750 24.6250 25.65 28.15 1013.7930
07074.5957 24.7500 24.8750 24.6250 25.66 28.19 1013.8365
07100.7085 24.7500 24.8750 24.6250 25.66 28.19 1013.8365
07075.2710 24.7500 24.8750 24.6250 25.66 28.19 1013.8365
07099.9585 24.7500 24.8750 24.6250 25.66 28.19 1013.8365
07126.0835 24.7500 24.8750 24.6250 25.66 28.19 1013.8365
07125.6709 24.7500 24.8750 24.6250 25.66 28.19 1013.8365
07126.0957 24.7500 24.8750 24.6250 25.66 28.19 1013.8365
07125.9082 24.7500 24.8750 24.6250 25.66 28.19 1013.8365
07101.1460 24.7500 24.8750 24.6250 25.66 28.19 1013.8365
07074.1333 24.7500 24.8750 24.6250 25.66 28.21 1013.8636
07073.1206 24.7500 24.8750 24.6250 25.66 28.21 1013.8636
07099.0708 24.7500 24.8750 24.6250 25.66 28.21 1013.8636
07099.4956 24.7500 24.8750 24.6250 25.66 28.21 1013.8636
07099.7710 24.7500 24.8750 24.6250 25.66 28.21 1013.8636
07075.2710 24.7500 24.8750 24.6250 25.66 28.21 1013.8636
07075.5459 24.7500 24.8750 24.6250 25.66 28.21 1013.8636
07101.1582 24.7500 24.8750 24.6250 25.66 28.21 1013.8636
07074.0835 24.7500 24.8750 24.6250 25.66 28.21 1013.8636
07126.1084 24.7500 24.8750 24.6250 25.66 28.22 1013.8719
07099.3081 24.7500 24.8750 24.6250 25.66 28.22 1013.8719
07126.0957 24.7500 24.8750 24.6250 25.66 28.22 1013.8719
07126.0957 24.7500 24.8750 24.6250 25.66 28.22 1013.8719
07075.5581 24.7500 24.8750 24.6250 25.66 28.22 1013.8719
07125.9082 24.7500 24.8750 24.6250 25.66 28.22 1013.8719
07100.9707 24.7500 24.8750 24.6250 25.66 28.22 1013.8719
07100.6709 24.7500 24.8750 24.6250 25.66 28.22 1013.8719
07125.6206 24.7500 24.8750 24.6250 25.66 28.22 1013.8719
07126.3584 24.7500 24.8750 24.6250 25.66 28.22 1013.8719
07099.5083 24.7500 24.8750 24.6250 25.67 28.26 1013.8259
07075.2832 24.7500 24.8750 24.6250 25.67 28.26 1013.8259
07126.3208 24.7500 24.8750 24.6250 25.67 28.26 1013.8259
07075.5083 24.7500 24.8750 24.6250 25.67 28.26 1013.8259
07100.4707 24.7500 24.8750 24.6250 25.67 28.26 1013.8259
07074.5581 24.7500 24.8750 24.6250 25.67 28.26 1013.8259
07125.8706 24.7500 24.8750 24.6250 25.67 28.26 1013.8259
07125.8833 24.7500 24.8750 24.6250 25.67 28.26 1013.8259
07072.7085 24.7500 24.8750 24.6250 25.68 28.23 1013.8507
07075.7959 24.7500 24.8750 24.6250 25.68 28.23 1013.8507
#terjedesi                                       nyomas  ##
#ido(usec)  T1(C)   T2(C)   T3(C)  T4(C) para(%)  (hPa)
07075.7456 24.7500 24.8750 24.6250 25.68 28.23 1013.8507
07075.3208 24.7500 24.8750 24.6250 25.68 28.23 1013.8507
07074.5708 24.7500 24.8750 24.6250 25.68 28.23 1013.8507
07074.5708 24.7500 24.8750 24.6250 25.68 28.23 1013.8507
07125.9082 24.7500 24.8750 24.6250 25.68 28.23 1013.8507
07126.1460 24.7500 24.8750 24.6250 25.68 28.23 1013.8507
07125.8584 24.7500 24.8750 24.6250 25.68 28.23 1013.8507
07125.9082 24.7500 24.8750 24.6250 25.68 28.23 1013.8507
07125.6084 24.7500 24.8750 24.6250 25.68 28.21 1013.8425
07075.2710 24.7500 24.8750 24.6250 25.68 28.21 1013.8425
07074.5957 24.7500 24.8750 24.6250 25.68 28.21 1013.8425
07074.3208 24.7500 24.8750 24.6250 25.68 28.21 1013.8425
07125.8457 24.7500 24.8750 24.6250 25.68 28.21 1013.8425
07099.7456 24.7500 24.8750 24.6250 25.68 28.21 1013.8425
07099.2959 24.7500 24.8750 24.6250 25.68 28.21 1013.8425
07099.2456 24.7500 24.8750 24.6250 25.68 28.21 1013.8425
07099.7334 24.7500 24.8750 24.6250 25.68 28.21 1013.8425
07125.9082 24.7500 24.8750 24.6250 25.68 28.21 1013.8425
07074.3335 24.7500 24.8750 24.6250 25.68 28.21 1013.8425
07074.5459 24.7500 24.8750 24.6250 25.68 28.21 1013.8425
07099.7456 24.7500 24.8750 24.6250 25.68 28.21 1013.8425
07126.0835 24.7500 24.8750 24.6250 25.68 28.21 1013.8425
07126.0835 24.7500 24.8750 24.6250 25.68 28.21 1013.8425
07099.2710 24.7500 24.8750 24.6250 25.68 28.21 1013.8425
07126.0957 24.7500 24.8750 24.6250 25.68 28.21 1013.8425
07099.9707 24.7500 24.8750 24.6250 25.68 28.21 1013.8425
07101.3833 24.7500 24.8750 24.6250 25.68 28.21 1013.8425
07074.0835 24.7500 24.8750 24.6250 25.68 28.20 1013.8425
07126.3335 24.7500 24.8750 24.6250 25.68 28.20 1013.8425
07099.7334 24.7500 24.8750 24.6250 25.68 28.20 1013.8425
07126.3833 24.7500 24.8750 24.6250 25.68 28.20 1013.8425
07072.9331 24.7500 24.8750 24.6250 25.68 28.20 1013.8425
07099.4834 24.7500 24.8750 24.6250 25.68 28.20 1013.8425
07075.5581 24.7500 24.8750 24.6250 25.68 28.20 1013.8425
07151.5581 24.7500 24.8750 24.6250 25.68 28.20 1013.8425
07074.8457 24.7500 24.8750 24.6250 25.68 28.20 1013.8425
07072.4458 24.7500 24.8750 24.6250 25.68 28.22 1013.7341
07099.5332 24.7500 24.8750 24.6250 25.68 28.22 1013.7341
07126.1460 24.7500 24.8750 24.6250 25.68 28.22 1013.7341
07072.9458 24.7500 24.8750 24.6250 25.68 28.22 1013.7341
07099.5459 24.7500 24.8750 24.6250 25.68 28.22 1013.7341
07075.9834 24.7500 24.8750 24.6250 25.68 28.22 1013.7341
07075.0835 24.7500 24.8750 24.6250 25.68 28.22 1013.7341
07074.3208 24.7500 24.8750 24.6250 25.68 28.22 1013.7341
07075.7959 24.7500 24.8750 24.6250 25.68 28.22 1013.7341
07099.5332 24.7500 24.8750 24.6250 25.69 28.21 1013.8047
07126.1206 24.7500 24.8750 24.6250 25.69 28.21 1013.8047
07126.0835 24.7500 24.8750 24.6250 25.69 28.21 1013.8047
07099.4956 24.7500 24.8750 24.6250 25.69 28.21 1013.8047
07099.5459 24.7500 24.8750 24.6250 25.69 28.21 1013.8047
07074.1333 24.7500 24.8750 24.6250 25.69 28.21 1013.8047
07074.6084 24.7500 24.8750 24.6250 25.69 28.21 1013.8047
07099.7334 24.7500 24.8750 24.6250 25.69 28.21 1013.8047
07102.1460 24.7500 24.8750 24.6250 25.69 28.21 1013.8047
07126.1333 24.7500 24.8750 24.6250 25.69 28.21 1013.8047
07099.7334 24.7500 24.8750 24.6250 25.69 28.21 1013.8318
07126.1460 24.7500 24.8750 24.6250 25.69 28.21 1013.8318
07126.5708 24.7500 24.8750 24.6250 25.69 28.21 1013.8318
07075.0708 24.7500 24.8750 24.6250 25.69 28.21 1013.8318
07101.4209 24.7500 24.8750 24.6250 25.69 28.21 1013.8318
07075.5459 24.7500 24.8750 24.6250 25.69 28.21 1013.8318
07126.3833 24.7500 24.8750 24.6250 25.69 28.21 1013.8318
07075.5459 24.7500 24.8750 24.6250 25.69 28.21 1013.8318
07099.4956 24.7500 24.8750 24.6250 25.69 28.24 1013.8047
07099.7832 24.7500 24.8750 24.6250 25.69 28.24 1013.8047
07100.2085 24.7500 24.8750 24.6250 25.69 28.24 1013.8047
07074.5459 24.7500 24.8750 24.6250 25.69 28.24 1013.8047
07074.6084 24.7500 24.8750 24.6250 25.69 28.24 1013.8047
07099.0210 24.7500 24.8750 24.6250 25.69 28.24 1013.8047
07126.3335 24.7500 24.8750 24.6250 25.69 28.24 1013.8047
07126.3706 24.7500 24.8750 24.6250 25.69 28.24 1013.8047
07125.8584 24.7500 24.8750 24.6250 25.69 28.24 1013.8047
07099.4956 24.7500 24.8750 24.6250 25.69 28.24 1013.8047
#terjedesi                                       nyomas  ##
#ido(usec)  T1(C)   T2(C)   T3(C)  T4(C) para(%)  (hPa)
07126.5708 24.7500 24.8750 24.6250 25.70 28.24 1013.7940
07074.5581 24.7500 24.8750 24.6250 25.70 28.24 1013.7940
07099.0459 24.7500 24.8750 24.6250 25.70 28.24 1013.7940
07126.0835 24.7500 24.8750 24.6250 25.70 28.24 1013.7940
07099.5210 24.7500 24.8750 24.6250 25.70 28.24 1013.7940
07100.2085 24.7500 24.8750 24.6250 25.70 28.24 1013.7940
07126.3706 24.7500 24.8750 24.6250 25.70 28.24 1013.7940
07099.9585 24.7500 24.8750 24.6250 25.70 28.24 1013.7940
07072.9458 24.7500 24.8750 24.6250 25.70 28.24 1013.7940
07074.7832 24.7500 24.8750 24.6250 25.72 28.27 1013.7999
07074.1084 24.7500 24.8750 24.6250 25.72 28.27 1013.7999
07126.5708 24.7500 24.8750 24.6250 25.72 28.27 1013.7999
07126.3833 24.7500 24.8750 24.6250 25.72 28.27 1013.7999
07099.4956 24.7500 24.8750 24.6250 25.72 28.27 1013.7999
07099.7832 24.7500 24.8750 24.6250 25.72 28.27 1013.7999
07099.4956 24.7500 24.8750 24.6250 25.72 28.27 1013.7999
07099.7334 24.7500 24.8750 24.6250 25.72 28.27 1013.7999
07074.6084 24.7500 24.8750 24.6875 25.72 28.27 1013.7999
07074.1333 24.7500 24.8750 24.6875 25.72 28.27 1013.7999
07099.2583 24.7500 24.8750 24.6875 25.70 28.27 1013.9024
07126.3335 24.7500 24.8750 24.6875 25.70 28.27 1013.9024
07073.8584 24.7500 24.8750 24.6875 25.70 28.27 1013.9024
07073.6460 24.7500 24.8750 24.6875 25.70 28.27 1013.9024
07099.9956 24.7500 24.8750 24.6875 25.70 28.27 1013.9024
07073.6084 24.7500 24.8750 24.6875 25.70 28.27 1013.9024
07074.7959 24.7500 24.8750 24.6875 25.70 28.27 1013.9024
07075.0835 24.7500 24.8750 24.6875 25.70 28.27 1013.9024
07126.3833 24.7500 24.8750 24.6875 25.70 28.27 1013.9024
07073.4082 24.7500 24.8750 24.6875 25.70 28.30 1013.7668
07126.3833 24.7500 24.8750 24.6875 25.70 28.30 1013.7668
07072.9458 24.7500 24.8750 24.6875 25.70 28.30 1013.7668
07099.7456 24.7500 24.8750 24.6875 25.70 28.30 1013.7668
07099.5210 24.7500 24.8750 24.6875 25.70 28.30 1013.7668
07125.6206 24.7500 24.8750 24.6250 25.70 28.30 1013.7668
07125.6084 24.7500 24.8750 24.6250 25.70 28.30 1013.7668
07099.7334 24.7500 24.8750 24.6250 25.70 28.30 1013.7668
07099.7583 24.7500 24.8750 24.6250 25.70 28.30 1013.7668
07126.1460 24.7500 24.8750 24.6250 25.71 28.32 1013.7290
07126.5581 24.7500 24.8750 24.6250 25.71 28.32 1013.7290
07073.3960 24.7500 24.8750 24.6250 25.71 28.32 1013.7290
07073.3960 24.7500 24.8750 24.6875 25.71 28.32 1013.7290
07074.8335 24.7500 24.8750 24.6875 25.71 28.32 1013.7290
07125.6206 24.7500 24.8750 24.6875 25.71 28.32 1013.7290
07099.2456 24.7500 24.8750 24.6875 25.71 28.32 1013.7290
07099.7832 24.7500 24.8750 24.6875 25.71 28.32 1013.7290
07099.5459 24.7500 24.8750 24.6875 25.71 28.32 1013.7290
07099.9956 24.7500 24.8750 24.6875 25.71 28.32 1013.7290
07126.1460 24.7500 24.8750 24.6875 25.71 28.33 1013.7290
07126.0835 24.7500 24.8750 24.6875 25.71 28.33 1013.7290
07074.5581 24.7500 24.8750 24.6250 25.71 28.33 1013.7290
07074.3081 24.7500 24.8750 24.6250 25.71 28.33 1013.7290
07075.5459 24.7500 24.8750 24.6250 25.71 28.33 1013.7290
07072.9458 24.7500 24.8750 24.6250 25.71 28.33 1013.7290
07099.5083 24.7500 24.8750 24.6250 25.71 28.33 1013.7290
07099.2959 24.7500 24.8750 24.6250 25.71 28.33 1013.7290
07125.9082 24.7500 24.8750 24.6250 25.71 28.35 1013.7832
07073.1333 24.7500 24.8750 24.6875 25.71 28.35 1013.7832
07074.7832 24.7500 24.8750 24.6875 25.71 28.35 1013.7832
07074.6084 24.7500 24.8750 24.6875 25.71 28.35 1013.7832
07126.3833 24.7500 24.8750 24.6875 25.71 28.35 1013.7832
07099.7207 24.7500 24.8750 24.6875 25.71 28.35 1013.7832
07073.1831 24.7500 24.8750 24.6875 25.71 28.35 1013.7832
07099.2456 24.7500 24.8750 24.6875 25.71 28.35 1013.7832
07073.4082 24.7500 24.8750 24.6875 25.71 28.35 1013.7832
07099.3081 24.7500 24.8750 24.6875 25.71 28.35 1013.7832
07074.5581 24.7500 24.8750 24.6250 25.70 28.33 1013.7751
07074.3584 24.7500 24.8750 24.6250 25.70 28.33 1013.7751
07099.5459 24.7500 24.8750 24.6250 25.70 28.33 1013.7751
07099.2710 24.7500 24.8750 24.6250 25.70 28.33 1013.7751
07072.9458 24.7500 24.8750 24.6250 25.70 28.33 1013.7751
07125.6206 24.7500 24.8750 24.6250 25.70 28.33 1013.7751
07125.4331 24.7500 24.8750 24.6250 25.70 28.33 1013.7751
07099.5459 24.7500 24.8750 24.6250 25.70 28.33 1013.7751
#terjedesi                                       nyomas  ##
#ido(usec)  T1(C)   T2(C)   T3(C)  T4(C) para(%)  (hPa)
07074.3208 24.7500 24.8750 24.6250 25.70 28.33 1013.7751
07074.5957 24.7500 24.8750 24.6250 25.73 28.33 1013.8705
07099.3081 24.7500 24.8750 24.6250 25.73 28.33 1013.8705
07126.3208 24.7500 24.8750 24.6250 25.73 28.33 1013.8705
07099.5459 24.7500 24.8750 24.6250 25.73 28.33 1013.8705
07099.9585 24.7500 24.8750 24.6250 25.73 28.33 1013.8705
07073.1831 24.7500 24.8750 24.6250 25.73 28.33 1013.8705
07099.7456 24.7500 24.8750 24.6250 25.73 28.33 1013.8705
07074.0708 24.7500 24.8750 24.6250 25.73 28.33 1013.8705
07074.7959 24.7500 24.8750 24.6250 25.73 28.33 1013.8705
07075.7334 24.7500 24.8750 24.6250 25.72 28.33 1013.8812
07073.1333 24.7500 24.8750 24.6250 25.72 28.33 1013.8812
07099.7583 24.7500 24.8750 24.6250 25.72 28.33 1013.8812
07075.7959 24.7500 24.8750 24.6250 25.72 28.33 1013.8812
07099.7832 24.7500 24.8750 24.6250 25.72 28.33 1013.8812
07099.2959 24.7500 24.8750 24.6250 25.72 28.33 1013.8812
07125.1460 24.7500 24.8750 24.6250 25.72 28.33 1013.8812
07101.4458 24.7500 24.8750 24.6250 25.72 28.33 1013.8812
07099.7334 24.7500 24.8750 24.6250 25.72 28.33 1013.8812
07099.3081 24.7500 24.8750 24.6250 25.72 28.33 1013.8812
07099.0708 24.7500 24.8750 24.6250 25.71 28.35 1013.7917
07075.2583 24.7500 24.8750 24.6250 25.71 28.35 1013.7917
07125.6709 24.7500 24.8750 24.6250 25.71 28.35 1013.7917
07126.0835 24.7500 24.8750 24.6250 25.71 28.35 1013.7917
07074.5708 24.7500 24.8750 24.6875 25.71 28.35 1013.7917
07074.0835 24.7500 24.8750 24.6875 25.71 28.35 1013.7917
07099.5332 24.7500 24.8750 24.6875 25.71 28.35 1013.7917
07075.2583 24.7500 24.8750 24.6875 25.71 28.35 1013.7917
07099.0708 24.7500 24.8750 24.6875 25.71 28.35 1013.7917
07125.4209 24.7500 24.8750 24.6875 25.72 28.34 1013.7457
07075.0210 24.7500 24.8750 24.6875 25.72 28.34 1013.7457
07125.6709 24.7500 24.8750 24.6250 25.72 28.34 1013.7457
07073.8960 24.7500 24.8750 24.6250 25.72 28.34 1013.7457
07074.3706 24.7500 24.8750 24.6250 25.72 28.34 1013.7457
07125.6084 24.7500 24.8750 24.6250 25.72 28.34 1013.7457
07075.7710 24.7500 24.8750 24.6250 25.72 28.34 1013.7457
07125.6709 24.7500 24.8750 24.6250 25.72 28.34 1013.7457
07099.5459 24.7500 24.8750 24.6250 25.72 28.34 1013.7457
07125.9082 24.7500 24.8750 24.6250 25.72 28.34 1013.7457
07125.8584 24.7500 24.8750 24.6250 25.72 28.34 1013.8270
07073.8335 24.7500 24.8750 24.6250 25.72 28.34 1013.8270
07074.3457 24.7500 24.8750 24.6250 25.72 28.34 1013.8270
07099.4834 24.7500 24.8750 24.6250 25.72 28.34 1013.8270
07099.4956 24.7500 24.8750 24.6250 25.72 28.34 1013.8270
07099.2832 24.7500 24.8750 24.6250 25.72 28.34 1013.8270
07099.7334 24.7500 24.8750 24.6250 25.72 28.34 1013.8270
07099.2456 24.7500 24.8750 24.6250 25.72 28.34 1013.8270
07099.0708 24.7500 24.8750 24.6250 25.72 28.34 1013.8270
07125.1958 24.7500 24.8750 24.6250 25.72 28.47 1013.7457
07074.8457 24.7500 24.8750 24.6250 25.72 28.47 1013.7457
07073.1460 24.7500 24.8750 24.6250 25.72 28.47 1013.7457
07075.3208 24.7500 24.8750 24.6250 25.72 28.47 1013.7457
07099.4956 24.7500 24.8750 24.6250 25.72 28.47 1013.7457
07099.5459 24.7500 24.8750 24.6250 25.72 28.47 1013.7457
07073.4082 24.7500 24.8750 24.6250 25.72 28.47 1013.7457
07125.8833 24.7500 24.8750 24.6250 25.72 28.47 1013.7457
07074.5581 24.7500 24.8750 24.6875 25.72 28.47 1013.7457
07074.0957 24.7500 24.8750 24.6875 25.73 28.34 1013.8163
07099.3081 24.7500 24.8750 24.6875 25.73 28.34 1013.8163
07125.9082 24.7500 24.8750 24.6875 25.73 28.34 1013.8163
07099.2583 24.7500 24.8750 24.6875 25.73 28.34 1013.8163
07099.2959 24.7500 24.8750 24.6875 25.73 28.34 1013.8163
07125.9082 24.7500 24.8750 24.6875 25.73 28.34 1013.8163
07098.8335 24.7500 24.8750 24.6250 25.73 28.34 1013.8163
07073.8960 24.7500 24.8750 24.6250 25.73 28.34 1013.8163
07074.1333 24.7500 24.8750 24.6250 25.73 28.34 1013.8163
07125.6333 24.7500 24.8750 24.6250 25.73 28.35 1013.7974
07099.5210 24.7500 24.8750 24.6250 25.73 28.35 1013.7974
07099.0708 24.7500 24.8750 24.6250 25.73 28.35 1013.7974
07099.3081 24.7500 24.8750 24.6250 25.73 28.35 1013.7974
07072.6958 24.7500 24.8750 24.6250 25.73 28.35 1013.7974
07125.8584 24.7500 24.8750 24.6250 25.73 28.35 1013.7974
07074.1206 24.7500 24.8750 24.6250 25.73 28.35 1013.7974
#terjedesi                                       nyomas  ##
#ido(usec)  T1(C)   T2(C)   T3(C)  T4(C) para(%)  (hPa)
07074.3208 24.7500 24.8750 24.6250 25.73 28.35 1013.7974
07075.2710 24.7500 24.8750 24.6250 25.73 28.35 1013.7974
07098.8335 24.7500 24.8750 24.6250 25.73 28.34 1013.8516
07074.8208 24.7500 24.8750 24.6250 25.73 28.34 1013.8516
07125.3833 24.7500 24.8750 24.6250 25.73 28.34 1013.8516
07073.1831 24.7500 24.8750 24.6250 25.73 28.34 1013.8516
07125.9082 24.7500 24.8750 24.6875 25.73 28.34 1013.8516
07101.2085 24.7500 24.8750 24.6875 25.73 28.34 1013.8516
07100.4458 24.7500 24.8750 24.6875 25.73 28.34 1013.8516
07125.3706 24.7500 24.8750 24.6875 25.73 28.34 1013.8516
07075.0708 24.7500 24.8750 24.6875 25.73 28.34 1013.8516
07125.6709 24.7500 24.8750 24.6875 25.73 28.34 1013.8516
07072.4585 24.7500 24.8750 24.6875 25.73 28.34 1013.7079
07099.3081 24.7500 24.8750 24.6875 25.73 28.34 1013.7079
07125.8584 24.7500 24.8750 24.6875 25.73 28.34 1013.7079
07101.1831 24.7500 24.8750 24.6875 25.73 28.34 1013.7079
07101.4082 24.7500 24.8750 24.6875 25.73 28.34 1013.7079
07125.6709 24.7500 24.8750 24.6875 25.73 28.34 1013.7079
07125.6206 24.7500 24.8750 24.6875 25.73 28.34 1013.7079
07099.2959 24.7500 24.8750 24.6875 25.73 28.34 1013.7079
07099.2583 24.7500 24.8750 24.6875 25.73 28.34 1013.7079
07098.7710 24.7500 24.8750 24.6875 25.75 28.32 1013.8304
07099.3081 24.7500 24.8750 24.6875 25.75 28.32 1013.8304
07125.1958 24.7500 24.8750 24.6875 25.75 28.32 1013.8304
07074.6084 24.7500 24.8750 24.6875 25.75 28.32 1013.8304
07125.6709 24.7500 24.8750 24.6875 25.75 28.32 1013.8304
07099.5083 24.7500 24.8750 24.6875 25.75 28.32 1013.8304
07099.5332 24.7500 24.8750 24.6875 25.75 28.32 1013.8304
07099.5083 24.7500 24.8750 24.6875 25.75 28.32 1013.8304
07072.8960 24.7500 24.8750 24.6875 25.75 28.32 1013.8304
07099.7334 24.7500 24.8750 24.6875 25.75 28.32 1013.8304
07125.6206 24.7500 24.8750 24.6875 25.75 28.32 1013.8494
07125.6709 24.7500 24.8750 24.6875 25.75 28.32 1013.8494
07073.1709 24.7500 24.8750 24.6875 25.75 28.32 1013.8494
07099.5459 24.7500 24.8750 24.6875 25.75 28.32 1013.8494
07100.0210 24.7500 24.8750 24.6875 25.75 28.32 1013.8494
07126.1460 24.7500 24.8750 24.6875 25.75 28.32 1013.8494
07073.1333 24.7500 24.8750 24.6875 25.75 28.32 1013.8494
07099.7832 24.7500 24.8750 24.6875 25.75 28.32 1013.8494
07074.3081 24.7500 24.8750 24.6875 25.75 28.32 1013.8494
07071.9707 24.7500 24.8750 24.6875 25.75 28.31 1013.7681
07126.0957 24.7500 24.8750 24.6875 25.75 28.31 1013.7681
07073.4082 24.7500 24.8750 24.6875 25.75 28.31 1013.7681
07073.1709 24.7500 24.8750 24.6875 25.75 28.31 1013.7681
07073.3833 24.7500 24.8750 24.6875 25.75 28.31 1013.7681
07126.1460 24.7500 24.8750 24.6875 25.75 28.31 1013.7681
07099.7207 24.7500 24.8750 24.6875 25.75 28.31 1013.7681
07125.1709 24.7500 24.8750 24.6875 25.75 28.31 1013.7681
07074.7959 24.7500 24.8750 24.6875 25.75 28.31 1013.7681
07099.7832 24.7500 24.8750 24.6875 25.74 28.30 1013.7242
07150.3081 24.7500 24.8750 24.6875 25.74 28.30 1013.7242
07099.5459 24.7500 24.8750 24.6875 25.74 28.30 1013.7242
07099.7207 24.7500 24.8750 24.6875 25.74 28.30 1013.7242
07099.4956 24.7500 24.8750 24.6875 25.74 28.30 1013.7242
07099.5459 24.7500 24.8750 24.6875 25.74 28.30 1013.7242
07124.9585 24.7500 24.8750 24.6875 25.74 28.30 1013.7242
07125.1460 24.7500 24.8750 24.6875 25.74 28.30 1013.7242
07126.1206 24.7500 24.8750 24.6875 25.74 28.30 1013.7242
07073.6333 24.7500 24.8750 24.6875 25.75 28.31 1013.7410
07073.8335 24.7500 24.8750 24.6875 25.75 28.31 1013.7410
07073.3584 24.7500 24.8750 24.6875 25.75 28.31 1013.7410
07072.8960 24.7500 24.8750 24.6875 25.75 28.31 1013.7410
07099.9834 24.7500 24.8750 24.6875 25.75 28.31 1013.7410
07098.5835 24.7500 24.8750 24.6875 25.75 28.31 1013.7410
07075.0210 24.7500 24.8750 24.6875 25.75 28.31 1013.7410
07073.6084 24.7500 24.8750 24.6875 25.75 28.31 1013.7410
07099.4956 24.7500 24.8750 24.6875 25.75 28.31 1013.7410
07099.9585 24.7500 24.8750 24.6875 25.76 28.28 1013.8387
07099.5083 24.7500 24.8750 24.6875 25.76 28.28 1013.8387
07073.1460 24.7500 24.8750 24.6875 25.76 28.28 1013.8387
07099.5459 24.7500 24.8750 24.6875 25.76 28.28 1013.8387
07098.8335 24.7500 24.8750 24.6875 25.76 28.28 1013.8387
07125.4209 24.7500 24.8750 24.6875 25.76 28.28 1013.8387
#terjedesi                                       nyomas  ##
#ido(usec)  T1(C)   T2(C)   T3(C)  T4(C) para(%)  (hPa)
07099.4956 24.7500 24.8750 24.6875 25.76 28.28 1013.8387
07099.7583 24.7500 24.8750 24.6875 25.76 28.28 1013.8387
07126.1460 24.7500 24.8750 24.6875 25.76 28.28 1013.8387
07100.0210 24.7500 24.8750 24.6875 25.76 28.28 1013.8387
07099.3081 24.7500 24.8750 24.6875 25.76 28.28 1013.7844
07072.9458 24.7500 24.8750 24.6875 25.76 28.28 1013.7844
07125.3960 24.7500 24.8750 24.6875 25.76 28.28 1013.7844
07124.9082 24.7500 24.8750 24.6875 25.76 28.28 1013.7844
07099.4956 24.7500 24.8750 24.6875 25.76 28.28 1013.7844
07099.4956 24.7500 24.8750 24.6875 25.76 28.28 1013.7844
07072.2085 24.7500 24.8750 24.6875 25.76 28.28 1013.7844
07072.8833 24.7500 24.8750 24.6875 25.76 28.28 1013.7844
07099.7832 24.7500 24.8750 24.6875 25.76 28.28 1013.7844
07072.9458 24.7500 24.8750 24.6875 25.76 28.27 1013.7844
07075.0332 24.7500 24.8750 24.6875 25.76 28.27 1013.7844
07124.7085 24.7500 24.8750 24.6875 25.76 28.27 1013.7844
07072.9331 24.7500 24.8750 24.6875 25.76 28.27 1013.7844
07072.6958 24.7500 24.8750 24.6875 25.76 28.27 1013.7844
07099.3081 24.7500 24.8750 24.6875 25.76 28.27 1013.7844
07100.0210 24.7500 24.8750 24.6875 25.76 28.27 1013.7844
07099.0332 24.7500 24.8750 24.6875 25.76 28.27 1013.7844
07072.9458 24.7500 24.8750 24.6875 25.76 28.27 1013.7844
07125.1958 24.7500 24.8750 24.6875 25.76 28.27 1013.7844
07074.8081 24.7500 24.8750 24.6875 25.76 28.05 1013.7113
07072.8833 24.7500 24.8750 24.6875 25.76 28.05 1013.7113
07125.8584 24.7500 24.8750 24.6875 25.76 28.05 1013.7113
07098.8335 24.7500 24.8750 24.6875 25.76 28.05 1013.7113
07125.6084 24.7500 24.8750 24.6875 25.76 28.05 1013.7113
07098.3584 24.7500 24.8750 24.6875 25.76 28.05 1013.7113
07099.5459 24.7500 24.8750 24.6250 25.76 28.05 1013.7113
07074.0708 24.7500 24.8750 24.6250 25.76 28.05 1013.7113
07124.9209 24.7500 24.8750 24.6250 25.76 28.05 1013.7113
07098.7832 24.7500 24.8750 24.6250 25.77 28.28 1013.7737
07099.3081 24.7500 24.8750 24.6250 25.77 28.28 1013.7737
07099.7334 24.7500 24.8750 24.6250 25.77 28.28 1013.7737
07099.7583 24.7500 24.8750 24.6250 25.77 28.28 1013.7737
07125.8584 24.7500 24.8750 24.6250 25.77 28.28 1013.7737
07072.8960 24.7500 24.8750 24.6250 25.77 28.28 1013.7737
07074.3706 24.7500 24.8750 24.6875 25.77 28.28 1013.7737
07074.5835 24.7500 24.8750 24.6875 25.77 28.28 1013.7737
07099.5210 24.7500 24.8750 24.6875 25.77 28.28 1013.7737
07099.7832 24.7500 24.8750 24.6875 25.77 28.27 1013.8279
07073.1206 24.7500 24.8750 24.6875 25.77 28.27 1013.8279
07073.3706 24.7500 24.8750 24.6875 25.77 28.27 1013.8279
07073.6582 24.7500 24.8750 24.6875 25.77 28.27 1013.8279
07073.1333 24.7500 24.8750 24.6875 25.77 28.27 1013.8279
07124.9458 24.7500 24.8750 24.6875 25.77 28.27 1013.8279
07124.9585 24.7500 24.8750 24.6875 25.77 28.27 1013.8279
07100.0210 24.7500 24.8750 24.6875 25.77 28.27 1013.8279
07073.8960 24.7500 24.8750 24.6875 25.77 28.27 1013.8279
07073.6206 24.7500 24.8750 24.6875 25.77 28.26 1013.7737
07099.7207 24.7500 24.8750 24.6875 25.77 28.26 1013.7737
07099.2456 24.7500 24.8750 24.6875 25.77 28.26 1013.7737
07073.5957 24.7500 24.8750 24.6875 25.77 28.26 1013.7737
07124.4331 24.7500 24.8750 24.6875 25.77 28.26 1013.7737
07124.8960 24.7500 24.8750 24.6875 25.77 28.26 1013.7737
07073.1582 24.7500 24.8750 24.6875 25.77 28.26 1013.7737
07072.9082 24.7500 24.8750 24.6875 25.77 28.26 1013.7737
07099.2832 24.7500 24.8750 24.6875 25.77 28.26 1013.7737
07099.7710 24.7500 24.8750 24.6875 25.78 28.27 1013.8714
07072.9082 24.7500 24.8750 24.6875 25.78 28.27 1013.8714
07099.7832 24.7500 24.8750 24.6875 25.78 28.27 1013.8714
07075.0332 24.7500 24.8750 24.6875 25.78 28.27 1013.8714
07099.2959 24.7500 24.8750 24.6875 25.78 28.27 1013.8714
07099.4834 24.7500 24.8750 24.6875 25.78 28.27 1013.8714
07072.9458 24.7500 24.8750 24.6875 25.78 28.27 1013.8714
07099.7207 24.7500 24.8750 24.6875 25.78 28.27 1013.8714
07100.0210 24.7500 24.8750 24.6875 25.78 28.27 1013.8714
07072.9331 24.7500 24.8750 24.6875 25.78 28.27 1013.8714
07073.1333 24.7500 24.8750 24.6875 25.78 28.30 1013.7901
07125.1831 24.7500 24.8750 24.6875 25.78 28.30 1013.7901
07098.5459 24.7500 24.8750 24.6875 25.78 28.30 1013.7901
07073.6582 24.7500 24.8750 24.6875 25.78 28.30 1013.7901
#terjedesi                                       nyomas  ##
#ido(usec)  T1(C)   T2(C)   T3(C)  T4(C) para(%)  (hPa)
07073.6582 24.7500 24.8750 24.6875 25.78 28.30 1013.7901
07073.4209 24.7500 24.8750 24.6875 25.78 28.30 1013.7901
07073.4209 24.7500 24.8750 24.6875 25.78 28.30 1013.7901
07073.5957 24.7500 24.8750 24.6875 25.78 28.30 1013.7901
07073.4209 24.7500 24.8750 24.6875 25.78 28.30 1013.7901
07099.2959 24.7500 24.8750 24.6875 25.78 28.30 1013.8443
07098.5708 24.7500 24.8750 24.6875 25.78 28.30 1013.8443
07073.3584 24.7500 24.8750 24.6875 25.78 28.30 1013.8443
07073.1831 24.7500 24.8750 24.6875 25.78 28.30 1013.8443
07073.1333 24.7500 24.8750 24.6875 25.78 28.30 1013.8443
07073.1206 24.7500 24.8750 24.6875 25.78 28.30 1013.8443
07100.2583 24.7500 24.8750 24.6875 25.78 28.30 1013.8443
07073.3833 24.7500 24.8750 24.6875 25.78 28.30 1013.8443
07098.5708 24.7500 24.8750 24.6875 25.78 28.30 1013.8443
07099.0210 24.7500 24.8750 24.6875 25.78 28.29 1013.8172
07100.2456 24.7500 24.8750 24.6875 25.78 28.29 1013.8172
07073.3706 24.7500 24.8750 24.6875 25.78 28.29 1013.8172
07073.6582 24.7500 24.8750 24.6875 25.78 28.29 1013.8172
07073.6084 24.7500 24.8750 24.6875 25.78 28.29 1013.8172
07150.3706 24.7500 24.8750 24.6875 25.78 28.29 1013.8172
07073.4209 24.7500 24.8750 24.6875 25.78 28.29 1013.8172
07098.2959 24.7500 24.8750 24.6875 25.78 28.29 1013.8172
07098.5957 24.7500 24.8750 24.6875 25.78 28.29 1013.8172
07073.3833 24.7500 24.8750 24.6875 25.78 28.29 1013.8172
07072.9082 24.7500 24.8750 24.6875 25.79 28.30 1013.7797
07073.3584 24.7500 24.8750 24.6875 25.79 28.30 1013.7797
07073.1831 24.7500 24.8750 24.6875 25.79 28.30 1013.7797
07099.4834 24.7500 24.8750 24.6875 25.79 28.30 1013.7797
07073.3960 24.7500 24.8750 24.6875 25.79 28.30 1013.7797
07098.7832 24.7500 24.8750 24.6875 25.79 28.30 1013.7797
07124.8960 24.7500 24.8750 24.6875 25.79 28.30 1013.7797
07100.2085 24.7500 24.8750 24.6875 25.79 28.30 1013.7797
07072.6958 24.7500 24.8750 24.6875 25.79 28.30 1013.7797
07173.8335 24.7500 24.8750 24.6875 25.79 28.31 1013.7879
07099.3081 24.7500 24.8750 24.6875 25.79 28.31 1013.7879
07099.7207 24.7500 24.8750 24.6875 25.79 28.31 1013.7879
07072.9331 24.7500 24.8750 24.6875 25.79 28.31 1013.7879
07098.5957 24.7500 24.8750 24.6875 25.79 28.31 1013.7879
07101.2085 24.7500 24.8750 24.6875 25.79 28.31 1013.7879
07072.8833 24.7500 24.8750 24.6875 25.79 28.31 1013.7879
07099.3081 24.7500 24.8750 24.6875 25.79 28.31 1013.7879
07072.8960 24.7500 24.8750 24.6875 25.79 28.31 1013.7879
07072.9082 24.7500 24.8750 24.6875 25.79 28.31 1013.7879
07073.6084 24.7500 24.8750 24.6875 25.80 28.27 1013.7147
07072.9331 24.7500 24.8750 24.6875 25.80 28.27 1013.7147
07098.5708 24.7500 24.8750 24.6875 25.80 28.27 1013.7147
07124.7207 24.7500 24.8750 24.6875 25.80 28.27 1013.7147
07072.8960 24.7500 24.8750 24.6875 25.80 28.27 1013.7147
07099.2832 24.7500 24.8750 24.6875 25.80 28.27 1013.7147
07099.0459 24.7500 24.8750 24.6875 25.80 28.27 1013.7147
07073.1831 24.7500 24.8750 24.6875 25.80 28.27 1013.7147
07099.5459 24.7500 24.8750 24.6875 25.80 28.27 1013.7689
07072.9209 24.7500 24.8750 24.6875 25.80 28.27 1013.7689
07124.6709 24.7500 24.8750 24.6875 25.80 28.27 1013.7689
07074.3335 24.7500 24.8750 24.6875 25.80 28.27 1013.7689
07072.6460 24.7500 24.8750 24.6875 25.80 28.27 1013.7689
07099.7207 24.7500 24.8750 24.6875 25.80 28.27 1013.7689
07073.1333 24.7500 24.8750 24.6875 25.80 28.27 1013.7689
07072.9082 24.7500 24.8750 24.6875 25.80 28.27 1013.7689
07072.9458 24.7500 24.8750 24.6875 25.80 28.27 1013.7689
07099.4834 24.7500 24.8750 24.6875 25.80 28.27 1013.7689
07098.5459 24.7500 24.8750 24.6875 25.79 28.27 1013.8068
07098.7832 24.7500 24.8750 24.6875 25.79 28.27 1013.8068
07073.1333 24.7500 24.8750 24.6875 25.79 28.27 1013.8068
07073.1333 24.7500 24.8750 24.6875 25.79 28.27 1013.8068
07073.3706 24.7500 24.8750 24.6875 25.79 28.27 1013.8068
07072.9331 24.7500 24.8750 24.6875 25.79 28.27 1013.8068
07073.1709 24.7500 24.8750 24.6875 25.79 28.27 1013.8068
07072.8833 24.7500 24.8750 24.6875 25.79 28.27 1013.8068
07074.5581 24.7500 24.8750 24.6875 25.79 28.27 1013.8068
07098.7832 24.7500 24.8750 24.6875 25.80 28.29 1013.7147
07150.3706 24.7500 24.8750 24.6875 25.80 28.29 1013.7147
07072.9082 24.7500 24.8750 24.6875 25.80 28.29 1013.7147
#terjedesi                                       nyomas  ##
#ido(usec)  T1(C)   T2(C)   T3(C)  T4(C) para(%)  (hPa)
07073.3960 24.7500 24.8750 24.6875 25.80 28.29 1013.7147
07072.9458 24.7500 24.8750 24.6875 25.80 28.29 1013.7147
07073.1831 24.7500 24.8750 24.6875 25.80 28.29 1013.7147
07099.9585 24.7500 24.8750 24.6875 25.80 28.29 1013.7147
07098.7832 24.7500 24.8750 24.6875 25.80 28.29 1013.7147
07098.7832 24.7500 24.8750 24.6875 25.80 28.29 1013.7147
07073.1333 24.7500 24.8750 24.6875 25.80 28.28 1013.8313
07099.7334 24.7500 24.8750 24.6875 25.80 28.28 1013.8313
07072.9458 24.7500 24.8750 24.6875 25.80 28.28 1013.8313
07150.0835 24.7500 24.8750 24.6875 25.80 28.28 1013.8313
07073.1831 24.7500 24.8750 24.6875 25.80 28.28 1013.8313
07150.3208 24.7500 24.8750 24.6875 25.80 28.28 1013.8313
07098.8208 24.7500 24.8750 24.6875 25.80 28.28 1013.8313
07098.3081 24.7500 24.8750 24.6875 25.80 28.28 1013.8313
07073.4082 24.7500 24.8750 24.6875 25.80 28.28 1013.8313
07072.7085 24.7500 24.8750 24.6875 25.80 28.28 1013.8313
07073.1206 24.7500 24.8750 24.6875 25.80 28.28 1013.8042
07073.1206 24.7500 24.8750 24.6875 25.80 28.28 1013.8042
07072.8960 24.7500 24.8750 24.6875 25.80 28.28 1013.8042
07073.6582 24.7500 24.8750 24.6875 25.80 28.28 1013.8042
07098.7832 24.7500 24.8750 24.6875 25.80 28.28 1013.8042
07072.4707 24.7500 24.8750 24.6875 25.80 28.28 1013.8042
07124.4707 24.7500 24.8750 24.6875 25.80 28.28 1013.8042
07150.3081 24.7500 24.8750 24.6875 25.80 28.28 1013.8042
07073.3706 24.7500 24.8750 24.6875 25.82 28.28 1013.8017
07099.9956 24.7500 24.8750 24.6875 25.82 28.28 1013.8017
07073.1206 24.7500 24.8750 24.6875 25.82 28.28 1013.8017
07073.1460 24.7500 24.8750 24.6875 25.82 28.28 1013.8017
07071.9956 24.7500 24.8750 24.6875 25.82 28.28 1013.8017
07098.3081 24.7500 24.8750 24.6875 25.82 28.28 1013.8017
07073.1206 24.7500 24.8750 24.6875 25.82 28.28 1013.8017
07123.9458 24.7500 24.8750 24.6875 25.82 28.28 1013.8017
07099.4834 24.7500 24.8750 24.6875 25.82 28.28 1013.8017
07099.7207 24.7500 24.8750 24.6875 25.82 28.28 1013.8017
07072.6831 24.7500 24.8750 24.6875 25.82 28.28 1013.8017
07073.1333 24.7500 24.8750 24.6875 25.81 28.28 1013.7853
07072.4585 24.7500 24.8750 24.6875 25.81 28.28 1013.7853
07125.6582 24.7500 24.8750 24.6875 25.81 28.28 1013.7853
07073.1709 24.7500 24.8750 24.6875 25.81 28.28 1013.7853
07073.1333 24.7500 24.8750 24.6875 25.81 28.28 1013.7853
07099.7832 24.7500 24.8750 24.6875 25.81 28.28 1013.7853
07099.5459 24.7500 24.8750 24.6875 25.81 28.28 1013.7853
07073.3706 24.7500 24.8750 24.6875 25.81 28.28 1013.7853
07072.9209 24.7500 24.8750 24.6875 25.82 28.27 1013.8370
07072.1958 24.7500 24.8750 24.6875 25.82 28.27 1013.8370
07098.5957 24.7500 24.8750 24.6875 25.82 28.27 1013.8370
07073.3584 24.7500 24.8750 24.6875 25.82 28.27 1013.8370
07073.6582 24.7500 24.8750 24.6875 25.82 28.27 1013.8370
07073.1206 24.7500 24.8750 24.6875 25.82 28.27 1013.8370
07073.4209 24.7500 24.8750 24.6875 25.82 28.27 1013.8370
07073.3706 24.7500 24.8750 24.6875 25.82 28.27 1013.8370
07099.7334 24.7500 24.8750 24.6875 25.82 28.27 1013.8370
07072.6460 24.7500 24.8750 24.6875 25.82 28.27 1013.8370
07072.4209 24.7500 24.8750 24.6875 25.82 28.26 1013.7475
07073.3960 24.7500 24.8750 24.6875 25.82 28.26 1013.7475
07073.1831 24.7500 24.8750 24.6875 25.82 28.26 1013.7475
07073.1709 24.7500 24.8750 24.6875 25.82 28.26 1013.7475
07073.3706 24.7500 24.8750 24.6875 25.82 28.26 1013.7475
07073.1333 24.7500 24.8750 24.6875 25.82 28.26 1013.7475
07150.1333 24.7500 24.8750 24.6875 25.82 28.26 1013.7475
07125.3833 24.7500 24.8750 24.6875 25.82 28.26 1013.7475
07098.3584 24.7500 24.8750 24.6875 25.82 28.26 1013.7475
07072.6958 24.7500 24.8750 24.6875 25.82 28.24 1013.8098
07073.4209 24.7500 24.8750 24.6875 25.82 28.24 1013.8098
07072.9331 24.7500 24.8750 24.6875 25.82 28.24 1013.8098
07099.7456 24.7500 24.8750 24.6875 25.82 28.24 1013.8098
07073.3584 24.7500 24.8750 24.6875 25.82 28.24 1013.8098
07073.1333 24.7500 24.8750 24.6875 25.82 28.24 1013.8098
07098.7832 24.7500 24.8750 24.6875 25.82 28.24 1013.8098
07071.9834 24.7500 24.8750 24.6875 25.82 28.24 1013.8098
07073.4209 24.7500 24.8750 24.6875 25.82 28.24 1013.8098
07100.2583 24.7500 24.8750 24.6875 25.82 28.22 1013.8017
07073.3706 24.7500 24.8750 24.6875 25.82 28.22 1013.8017
#terjedesi                                       nyomas  ##
#ido(usec)  T1(C)   T2(C)   T3(C)  T4(C) para(%)  (hPa)
07073.6084 24.7500 24.8750 24.6875 25.82 28.22 1013.8017
07073.8960 24.7500 24.8750 24.6875 25.82 28.22 1013.8017
07074.1333 24.7500 24.9375 24.6875 25.82 28.22 1013.8017
07099.7334 24.7500 24.9375 24.6875 25.82 28.22 1013.8017
07072.8960 24.7500 24.9375 24.6875 25.82 28.22 1013.8017
07073.6084 24.7500 24.9375 24.6875 25.82 28.22 1013.8017
07073.4209 24.7500 24.9375 24.6875 25.82 28.22 1013.8017
07072.9458 24.7500 24.9375 24.6875 25.82 28.22 1013.8017
07072.9331 24.7500 24.9375 24.6875 25.83 28.22 1013.8808
07073.4209 24.7500 24.9375 24.6875 25.83 28.22 1013.8808
07073.3706 24.7500 24.9375 24.6875 25.83 28.22 1013.8808
07072.1709 24.7500 24.8750 24.6875 25.83 28.22 1013.8808
07071.7456 24.7500 24.8750 24.6875 25.83 28.22 1013.8808
07072.6831 24.7500 24.8750 24.6875 25.83 28.22 1013.8808
07072.6831 24.7500 24.8750 24.6875 25.83 28.22 1013.8808
07099.7832 24.7500 24.8750 24.6875 25.83 28.22 1013.8808
07073.1333 24.7500 24.8750 24.6875 25.84 28.20 1013.8348
07099.3081 24.7500 24.8750 24.6875 25.84 28.20 1013.8348
07073.1831 24.7500 24.8750 24.6875 25.84 28.20 1013.8348
07125.1958 24.7500 24.8750 24.6875 25.84 28.20 1013.8348
07098.7959 24.7500 24.8750 24.6875 25.84 28.20 1013.8348
07073.4209 24.7500 24.8750 24.6875 25.84 28.20 1013.8348
07072.9209 24.7500 24.8750 24.6875 25.84 28.20 1013.8348
07073.4209 24.7500 24.8750 24.6875 25.84 28.20 1013.8348
07100.2583 24.7500 24.8750 24.6875 25.84 28.20 1013.8348
07072.8833 24.7500 24.8750 24.6875 25.84 28.20 1013.8348
07073.8706 24.7500 24.8750 24.6875 25.84 28.18 1013.8348
07074.5581 24.7500 24.8750 24.6875 25.84 28.18 1013.8348
07098.7832 24.7500 24.8750 24.6875 25.84 28.18 1013.8348
07072.9331 24.7500 24.8750 24.6875 25.84 28.18 1013.8348
07150.0835 24.7500 24.8750 24.6875 25.84 28.18 1013.8348
07072.8960 24.7500 24.8750 24.6875 25.84 28.18 1013.8348
07072.9458 24.7500 24.8750 24.6875 25.84 28.18 1013.8348
07072.9209 24.7500 24.8750 24.6875 25.84 28.18 1013.8348
07072.7085 24.7500 24.8750 24.6875 25.84 28.18 1013.8348
07098.7710 24.7500 24.8750 24.6875 25.83 28.21 1013.7181
07124.9458 24.7500 24.8750 24.6875 25.83 28.21 1013.7181
07073.1831 24.7500 24.8750 24.6875 25.83 28.21 1013.7181
07073.6333 24.7500 24.8750 24.6875 25.83 28.21 1013.7181
07072.9458 24.7500 24.8750 24.6875 25.83 28.21 1013.7181
07073.1831 24.7500 24.8750 24.6875 25.83 28.21 1013.7181
07073.6084 24.7500 24.8750 24.6875 25.83 28.21 1013.7181
07073.1206 24.7500 24.8750 24.6875 25.83 28.21 1013.7181
07098.7710 24.7500 24.8750 24.6875 25.83 28.21 1013.7181
07098.5957 24.7500 24.8750 24.6875 25.83 28.21 1013.7181
07073.1582 24.7500 24.8750 24.6875 25.83 28.18 1013.7723
07072.6831 24.7500 24.8750 24.6875 25.83 28.18 1013.7723
07072.9458 24.7500 24.8750 24.6875 25.83 28.18 1013.7723
07073.1333 24.7500 24.8750 24.6875 25.83 28.18 1013.7723
07072.6582 24.7500 24.8750 24.6875 25.83 28.18 1013.7723
07072.6582 24.7500 24.8750 24.6875 25.83 28.18 1013.7723
07072.1709 24.7500 24.8750 24.6875 25.83 28.18 1013.7723
07099.0708 24.7500 24.8750 24.6875 25.83 28.18 1013.7723
07072.7085 24.7500 24.8750 24.6875 25.83 28.18 1013.7723
07073.4209 24.7500 24.8750 24.6875 25.84 28.19 1013.7263
07073.6460 24.7500 24.8750 24.6875 25.84 28.19 1013.7263
07073.1831 24.7500 24.8750 24.6875 25.84 28.19 1013.7263
07073.1831 24.7500 24.8750 24.6875 25.84 28.19 1013.7263
07073.1831 24.7500 24.8750 24.6875 25.84 28.19 1013.7263
07098.8335 24.7500 24.8750 24.6875 25.84 28.19 1013.7263
07099.0083 24.7500 24.8750 24.6875 25.84 28.19 1013.7263
07073.5957 24.7500 24.8750 24.6875 25.84 28.19 1013.7263
07073.3960 24.7500 24.8750 24.6875 25.84 28.19 1013.7263
07124.2334 24.7500 24.8750 24.6875 25.85 28.17 1013.7427
07072.6582 24.7500 24.8750 24.6875 25.85 28.17 1013.7427
07149.8335 24.7500 24.8750 24.6875 25.85 28.17 1013.7427
07073.1831 24.7500 24.9375 24.6875 25.85 28.17 1013.7427
07099.0210 24.7500 24.9375 24.6875 25.85 28.17 1013.7427
07098.3584 24.7500 24.9375 24.6875 25.85 28.17 1013.7427
07073.1831 24.7500 24.9375 24.6875 25.85 28.17 1013.7427
07072.7085 24.7500 24.9375 24.6875 25.85 28.17 1013.7427
07072.8960 24.7500 24.9375 24.6875 25.85 28.17 1013.7427
07099.7456 24.7500 24.9375 24.6875 25.85 28.17 1013.7427
#terjedesi                                       nyomas  ##
#ido(usec)  T1(C)   T2(C)   T3(C)  T4(C) para(%)  (hPa)
07099.2583 24.7500 24.9375 24.6875 25.85 28.19 1013.7427
07072.8960 24.7500 24.9375 24.6875 25.85 28.19 1013.7427
07072.2207 24.7500 24.8750 24.6875 25.85 28.19 1013.7427
07098.5459 24.7500 24.8750 24.6875 25.85 28.19 1013.7427
07073.3706 24.7500 24.8750 24.6875 25.85 28.19 1013.7427
07073.1333 24.7500 24.8750 24.6875 25.85 28.19 1013.7427
07072.6831 24.7500 24.8750 24.6875 25.85 28.19 1013.7427
07073.3706 24.7500 24.8750 24.6875 25.85 28.19 1013.7427
07100.2583 24.7500 24.8750 24.6875 25.85 28.19 1013.7427
07099.9834 24.7500 24.8750 24.6875 25.85 28.21 1013.7698
07072.2334 24.7500 24.8750 24.6875 25.85 28.21 1013.7698
07072.4585 24.7500 24.8750 24.6875 25.85 28.21 1013.7698
07123.7207 24.7500 24.8750 24.6875 25.85 28.21 1013.7698
07072.9458 24.7500 24.8750 24.6875 25.85 28.21 1013.7698
07073.1831 24.7500 24.8750 24.6875 25.85 28.21 1013.7698
07072.7085 24.7500 24.8750 24.6875 25.85 28.21 1013.7698
07072.6709 24.7500 24.8750 24.6875 25.85 28.21 1013.7698
07072.7085 24.7500 24.8750 24.6875 25.85 28.21 1013.7698
07097.8208 24.7500 24.8750 24.6875 25.86 28.20 1013.7590
07098.3208 24.7500 24.8750 24.6875 25.86 28.20 1013.7590
07099.2832 24.7500 24.8750 24.6875 25.86 28.20 1013.7590
07073.1831 24.7500 24.8750 24.6875 25.86 28.20 1013.7590
07072.9458 24.7500 24.8750 24.6875 25.86 28.20 1013.7590
07097.1582 24.7500 24.8750 24.6875 25.86 28.20 1013.7590
07072.9458 24.7500 24.8750 24.6875 25.86 28.20 1013.7590
07072.9458 24.7500 24.8750 24.7500 25.86 28.20 1013.7590
07098.2959 24.7500 24.8750 24.7500 25.86 28.20 1013.7590
07098.5332 24.7500 24.8750 24.7500 25.86 28.20 1013.8133
07073.1333 24.7500 24.8750 24.7500 25.86 28.20 1013.8133
07099.9834 24.7500 24.8750 24.7500 25.86 28.20 1013.8133
07073.1831 24.7500 24.8750 24.7500 25.86 28.20 1013.8133
07124.4458 24.7500 24.8750 24.7500 25.86 28.20 1013.8133
07073.1582 24.7500 24.8750 24.7500 25.86 28.20 1013.8133
07099.7456 24.7500 24.8750 24.7500 25.86 28.20 1013.8133
07071.7456 24.7500 24.8750 24.6875 25.86 28.20 1013.8133
07098.5332 24.7500 24.8750 24.6875 25.86 28.20 1013.8133
07072.8960 24.7500 24.8750 24.6875 25.86 28.20 1013.8133
07073.1333 24.7500 24.8750 24.6875 25.87 28.08 1013.8029
07073.1831 24.7500 24.8750 24.6875 25.87 28.08 1013.8029
07072.4082 24.7500 24.8750 24.6875 25.87 28.08 1013.8029
07072.9458 24.7500 24.8750 24.6875 25.87 28.08 1013.8029
07072.9458 24.7500 24.8750 24.6875 25.87 28.08 1013.8029
07098.5459 24.7500 24.8750 24.6875 25.87 28.08 1013.8029
07071.7583 24.7500 24.8750 24.6875 25.87 28.08 1013.8029
07073.3960 24.7500 24.8750 24.6875 25.87 28.08 1013.8029
07099.2456 24.7500 24.8750 24.6875 25.87 28.08 1013.8029
07073.4209 24.7500 24.8750 24.6875 25.87 28.17 1013.7758
07072.9331 24.7500 24.8750 24.6875 25.87 28.17 1013.7758
07099.7832 24.7500 24.8750 24.6875 25.87 28.17 1013.7758
07099.4956 24.7500 24.8750 24.6875 25.87 28.17 1013.7758
07098.5459 24.7500 24.8750 24.6875 25.87 28.17 1013.7758
07098.3081 24.7500 24.8750 24.6875 25.87 28.17 1013.7758
07072.9458 24.7500 24.8750 24.6875 25.87 28.17 1013.7758
07072.6460 24.7500 24.8750 24.6875 25.87 28.17 1013.7758
07099.3081 24.7500 24.8750 24.6875 25.87 28.17 1013.7758
07073.1333 24.7500 24.8750 24.6875 25.86 28.19 1013.7673
07073.1333 24.7500 24.8750 24.6875 25.86 28.19 1013.7673
07073.1206 24.7500 24.9375 24.6875 25.86 28.19 1013.7673
07071.7456 24.7500 24.9375 24.6875 25.86 28.19 1013.7673
07072.1709 24.7500 24.9375 24.6875 25.86 28.19 1013.7673
07073.1333 24.7500 24.9375 24.6875 25.86 28.19 1013.7673
07073.4209 24.7500 24.9375 24.6875 25.86 28.19 1013.7673
07073.4209 24.7500 24.9375 24.6875 25.86 28.19 1013.7673
07123.5210 24.7500 24.9375 24.6875 25.86 28.19 1013.7673
07123.9834 24.7500 24.9375 24.6875 25.86 28.19 1013.7673
07072.6460 24.7500 24.9375 24.6875 25.87 28.19 1013.8111
07072.1831 24.7500 24.8750 24.6875 25.87 28.19 1013.8111
07098.3335 24.7500 24.8750 24.6875 25.87 28.19 1013.8111
07099.9585 24.7500 24.8750 24.6875 25.87 28.19 1013.8111
07072.6582 24.7500 24.8750 24.6875 25.87 28.19 1013.8111
07072.6831 24.7500 24.8750 24.6875 25.87 28.19 1013.8111
07100.2583 24.7500 24.8750 24.6875 25.87 28.19 1013.8111
07073.6460 24.7500 24.8750 24.6875 25.87 28.19 1013.8111
#terjedesi                                       nyomas  ##
#ido(usec)  T1(C)   T2(C)   T3(C)  T4(C) para(%)  (hPa)
07072.7085 24.7500 24.8750 24.6875 25.87 28.19 1013.8111
07092.4209 24.7500 24.8750 24.6875 25.87 28.18 1013.7215
07124.9585 24.7500 24.8750 24.6875 25.87 28.18 1013.7215
07072.8960 24.7500 24.8750 24.6875 25.87 28.18 1013.7215
07150.1333 24.7500 24.8750 24.6875 25.87 28.18 1013.7215
07072.7085 24.7500 24.8750 24.6875 25.87 28.18 1013.7215
07072.7085 24.7500 24.8750 24.6875 25.87 28.18 1013.7215
07150.1333 24.7500 24.8750 24.6875 25.87 28.18 1013.7215
07073.1333 24.7500 24.8750 24.6875 25.87 28.18 1013.7215
07098.0708 24.7500 24.8750 24.6875 25.87 28.18 1013.7215
07098.7832 24.7500 24.8750 24.6875 25.88 28.18 1013.7650
07072.8960 24.7500 24.8750 24.6875 25.88 28.18 1013.7650
07099.4956 24.7500 24.8750 24.6875 25.88 28.18 1013.7650
07174.0957 24.7500 24.8750 24.6875 25.88 28.18 1013.7650
07073.1333 24.7500 24.8750 24.6875 25.88 28.18 1013.7650
07099.7207 24.7500 24.8750 24.6875 25.88 28.18 1013.7650
07072.6460 24.7500 24.8750 24.6875 25.88 28.18 1013.7650
07071.9458 24.7500 24.8750 24.6875 25.88 28.18 1013.7650
07098.5581 24.7500 24.8750 24.6875 25.88 28.18 1013.7650
07073.1333 24.7500 24.8750 24.6875 25.89 28.16 1013.8898
07099.7334 24.7500 24.8750 24.6875 25.89 28.16 1013.8898
07073.5957 24.7500 24.8750 24.6875 25.89 28.16 1013.8898
07072.6831 24.7500 24.8750 24.6875 25.89 28.16 1013.8898
07073.4082 24.7500 24.8750 24.6875 25.89 28.16 1013.8898
07072.8960 24.7500 24.8750 24.6875 25.89 28.16 1013.8898
07098.5332 24.7500 24.8750 24.6875 25.89 28.16 1013.8898
07098.0708 24.7500 24.8750 24.6875 25.89 28.16 1013.8898
07073.1831 24.7500 24.8750 24.6875 25.89 28.16 1013.8898
07099.7334 24.7500 24.8750 24.6875 25.89 28.13 1013.8627
07072.9458 24.7500 24.8750 24.6875 25.89 28.13 1013.8627
07073.1831 24.7500 24.8750 24.6875 25.89 28.13 1013.8627
07099.7832 24.7500 24.8750 24.6875 25.89 28.13 1013.8627
07099.2710 24.7500 24.8750 24.6875 25.89 28.13 1013.8627
07098.3081 24.7500 24.8750 24.6875 25.89 28.13 1013.8627
07098.0835 24.7500 24.8750 24.6875 25.89 28.13 1013.8627
07100.2583 24.7500 24.8750 24.6875 25.89 28.13 1013.8627
07073.4082 24.7500 24.8750 24.6875 25.89 28.13 1013.8627
07073.1333 24.7500 24.8750 24.6875 25.89 28.13 1013.8627
07072.9209 24.7500 24.8750 24.6875 25.89 28.12 1013.6919
07099.0083 24.7500 24.8750 24.6875 25.89 28.12 1013.6919
07073.1582 24.7500 24.8750 24.6875 25.89 28.12 1013.6919
07098.3584 24.7500 24.9375 24.6875 25.89 28.12 1013.6919
07098.2959 24.7500 24.9375 24.6875 25.89 28.12 1013.6919
07072.4707 24.7500 24.9375 24.6875 25.89 28.12 1013.6919
07072.6460 24.7500 24.9375 24.6875 25.89 28.12 1013.6919
07072.6831 24.7500 24.9375 24.6875 25.89 28.12 1013.6919
07072.8960 24.7500 24.9375 24.6875 25.89 28.12 1013.6919
07072.8960 24.7500 24.9375 24.6875 25.89 28.13 1013.6729
07072.7085 24.7500 24.8750 24.7500 25.89 28.13 1013.6729
07124.6582 24.7500 24.8750 24.7500 25.89 28.13 1013.6729
07124.9585 24.7500 24.8750 24.7500 25.89 28.13 1013.6729
07072.6460 24.7500 24.8750 24.7500 25.89 28.13 1013.6729
07073.4209 24.7500 24.8750 24.7500 25.89 28.13 1013.6729
07072.6582 24.7500 24.8750 24.7500 25.89 28.13 1013.6729
07072.9458 24.7500 24.8750 24.7500 25.89 28.13 1013.6729
07072.4585 24.7500 24.8750 24.7500 25.89 28.13 1013.6729
07099.0459 24.7500 24.8750 24.7500 25.89 28.13 1013.6729
07098.5332 24.7500 24.8750 24.7500 25.89 28.08 1013.7543
07097.8833 24.7500 24.8750 24.7500 25.89 28.08 1013.7543
07100.0210 24.7500 24.8750 24.7500 25.89 28.08 1013.7543
07123.4956 24.7500 24.8750 24.7500 25.89 28.08 1013.7543
07099.4956 24.7500 24.8750 24.7500 25.89 28.08 1013.7543
07073.3706 24.7500 24.8750 24.7500 25.89 28.08 1013.7543
07072.9458 24.7500 24.8750 24.7500 25.89 28.08 1013.7543
07073.4209 24.7500 24.8750 24.6875 25.89 28.08 1013.7543
07071.9956 24.7500 24.8750 24.6875 25.89 28.08 1013.7543
07098.3081 24.7500 24.8750 24.6875 25.90 28.08 1013.7977
07072.7085 24.7500 24.8750 24.6875 25.90 28.08 1013.7977
07072.7085 24.7500 24.8750 24.6875 25.90 28.08 1013.7977
07096.9331 24.7500 24.8750 24.6875 25.90 28.08 1013.7977
07099.7832 24.7500 24.8750 24.6875 25.90 28.08 1013.7977
07073.1206 24.7500 24.8750 24.6875 25.90 28.08 1013.7977
07099.2583 24.7500 24.8750 24.6875 25.90 28.08 1013.7977
#terjedesi                                       nyomas  ##
#ido(usec)  T1(C)   T2(C)   T3(C)  T4(C) para(%)  (hPa)
07097.8833 24.7500 24.8750 24.6875 25.90 28.08 1013.7977
07097.6460 24.7500 24.8750 24.6875 25.90 28.08 1013.7977
07098.7832 24.7500 24.8750 24.6875 25.89 28.08 1013.8085
07072.9458 24.7500 24.8750 24.6875 25.89 28.08 1013.8085
07072.4707 24.7500 24.8750 24.6875 25.89 28.08 1013.8085
07097.1582 24.7500 24.8750 24.6875 25.89 28.08 1013.8085
07073.4209 24.7500 24.8750 24.6875 25.89 28.08 1013.8085
07072.9458 24.7500 24.8750 24.7500 25.89 28.08 1013.8085
07071.5083 24.7500 24.8750 24.7500 25.89 28.08 1013.8085
07098.1206 24.7500 24.8750 24.7500 25.89 28.08 1013.8085
07072.6958 24.7500 24.8750 24.7500 25.89 28.08 1013.8085
07072.8960 24.7500 24.8750 24.7500 25.89 28.08 1013.8085
07099.0332 24.7500 24.8750 24.7500 25.90 28.02 1013.9333
07072.1709 24.7500 24.8750 24.7500 25.90 28.02 1013.9333
07124.1831 24.7500 24.8750 24.7500 25.90 28.02 1013.9333
07073.3706 24.7500 24.8750 24.7500 25.90 28.02 1013.9333
07071.7085 24.7500 24.8750 24.7500 25.90 28.02 1013.9333
07071.6958 24.7500 24.8750 24.7500 25.90 28.02 1013.9333
07073.3706 24.7500 24.8750 24.7500 25.90 28.02 1013.9333
07099.5083 24.7500 24.8750 24.7500 25.90 28.02 1013.9333
07072.8960 24.7500 24.8750 24.7500 25.91 28.06 1013.8331
07072.8960 24.7500 24.8750 24.7500 25.91 28.06 1013.8331
07123.7710 24.7500 24.8750 24.7500 25.91 28.06 1013.8331
07099.7832 24.7500 24.8750 24.6875 25.91 28.06 1013.8331
07071.9707 24.7500 24.8750 24.6875 25.91 28.06 1013.8331
07098.3208 24.7500 24.8750 24.6875 25.91 28.06 1013.8331
07125.8584 24.7500 24.8750 24.6875 25.91 28.06 1013.8331
07123.7710 24.7500 24.8750 24.6875 25.91 28.06 1013.8331
07073.1333 24.7500 24.8750 24.6875 25.91 28.06 1013.8331
07072.9458 24.7500 24.8750 24.6875 25.91 28.06 1013.8331
07072.9458 24.7500 24.8750 24.6875 25.91 28.07 1013.8416
07099.0708 24.7500 24.8750 24.6875 25.91 28.07 1013.8416
07124.7207 24.7500 24.8750 24.7500 25.91 28.07 1013.8416
07071.9707 24.7500 24.8750 24.7500 25.91 28.07 1013.8416
07072.9331 24.7500 24.8750 24.7500 25.91 28.07 1013.8416
07072.9458 24.7500 24.8750 24.7500 25.91 28.07 1013.8416
07072.6582 24.7500 24.8750 24.7500 25.91 28.07 1013.8416
07073.1831 24.7500 24.8750 24.7500 25.91 28.07 1013.8416
07072.8833 24.7500 24.8750 24.7500 25.91 28.07 1013.8416
07072.9458 24.7500 24.8750 24.6875 25.92 28.07 1013.7413
07098.5332 24.7500 24.8750 24.6875 25.92 28.07 1013.7413
07071.7583 24.7500 24.8750 24.6875 25.92 28.07 1013.7413
07072.8833 24.7500 24.8750 24.6875 25.92 28.07 1013.7413
07072.8960 24.7500 24.8750 24.6875 25.92 28.07 1013.7413
07173.5835 24.7500 24.8750 24.6875 25.92 28.07 1013.7413
07072.7085 24.7500 24.8750 24.6875 25.92 28.07 1013.7413
07099.5210 24.7500 24.8750 24.6875 25.92 28.07 1013.7413
07072.9082 24.7500 24.8750 24.6875 25.92 28.07 1013.7413
07071.4707 24.7500 24.8750 24.7500 25.92 28.07 1013.7413
07098.1206 24.7500 24.8750 24.7500 25.92 28.06 1013.7955
07073.1831 24.7500 24.8750 24.7500 25.92 28.06 1013.7955
07072.2334 24.7500 24.8750 24.7500 25.92 28.06 1013.7955
07072.9209 24.7500 24.8750 24.7500 25.92 28.06 1013.7955
07073.1831 24.7500 24.8750 24.7500 25.92 28.06 1013.7955
07072.4082 24.7500 24.8750 24.7500 25.92 28.06 1013.7955
07123.7456 24.7500 24.8750 24.6875 25.92 28.06 1013.7955
07072.1709 24.7500 24.8750 24.6875 25.92 28.06 1013.7955
07124.9458 24.7500 24.8750 24.6875 25.92 28.06 1013.7955
07149.6582 24.7500 24.8750 24.6875 25.92 28.04 1013.7495
07073.1206 24.7500 24.8750 24.6875 25.92 28.04 1013.7495
07149.8584 24.7500 24.8750 24.6875 25.92 28.04 1013.7495
07072.9209 24.7500 24.8750 24.6875 25.92 28.04 1013.7495
07073.1831 24.7500 24.8750 24.6875 25.92 28.04 1013.7495
07073.1206 24.7500 24.8750 24.6875 25.92 28.04 1013.7495
07098.0708 24.7500 24.8750 24.6875 25.92 28.04 1013.7495
07071.4707 24.7500 24.8750 24.6875 25.92 28.04 1013.7495
07072.9082 24.7500 24.8750 24.6875 25.92 28.04 1013.7495
07072.4707 24.7500 24.8750 24.6875 25.91 28.03 1013.8416
07099.2583 24.7500 24.8750 24.6875 25.91 28.03 1013.8416
07073.1333 24.7500 24.8750 24.6875 25.91 28.03 1013.8416
07099.5083 24.7500 24.8750 24.6875 25.91 28.03 1013.8416
07096.8706 24.7500 24.8750 24.7500 25.91 28.03 1013.8416
07098.1206 24.7500 24.8750 24.7500 25.91 28.03 1013.8416
#terjedesi                                       nyomas  ##
#ido(usec)  T1(C)   T2(C)   T3(C)  T4(C) para(%)  (hPa)
07098.5459 24.7500 24.8750 24.7500 25.91 28.03 1013.8416
07073.1582 24.7500 24.8750 24.7500 25.91 28.03 1013.8416
07072.6460 24.7500 24.8750 24.7500 25.91 28.03 1013.8416
07123.2959 24.7500 24.8750 24.7500 25.91 28.03 1013.8416
07123.7456 24.7500 24.8750 24.7500 25.92 28.03 1013.8038
07123.7710 24.7500 24.8750 24.7500 25.92 28.03 1013.8038
07072.4458 24.7500 24.8750 24.7500 25.92 28.03 1013.8038
07072.2207 24.7500 24.9375 24.6875 25.92 28.03 1013.8038
07098.2959 24.7500 24.9375 24.6875 25.92 28.03 1013.8038
07096.9209 24.7500 24.9375 24.6875 25.92 28.03 1013.8038
07072.6582 24.7500 24.9375 24.6875 25.92 28.03 1013.8038
07072.9458 24.7500 24.9375 24.6875 25.92 28.03 1013.8038
07072.9458 24.7500 24.9375 24.6875 25.92 28.01 1013.7495
07072.8960 24.7500 24.9375 24.6875 25.92 28.01 1013.7495
07123.9458 24.7500 24.8750 24.7500 25.92 28.01 1013.7495
07148.9209 24.7500 24.8750 24.7500 25.92 28.01 1013.7495
07071.7583 24.7500 24.8750 24.7500 25.92 28.01 1013.7495
07099.4834 24.7500 24.8750 24.7500 25.92 28.01 1013.7495
07072.6831 24.7500 24.8750 24.7500 25.92 28.01 1013.7495
07072.9082 24.7500 24.8750 24.7500 25.92 28.01 1013.7495
07097.1084 24.7500 24.8750 24.7500 25.92 28.01 1013.7495
07072.6831 24.7500 24.8750 24.7500 25.92 28.01 1013.7495
07123.4707 24.7500 24.8750 24.7500 25.92 28.01 1013.7495
07098.5835 24.7500 24.8750 24.7500 25.92 28.01 1013.7495
07098.1206 24.7500 24.8750 24.7500 25.92 28.01 1013.7495
07072.8833 24.7500 24.8750 24.7500 25.92 28.01 1013.7495
07123.7207 24.7500 24.8750 24.7500 25.92 28.01 1013.7495
07173.8584 24.7500 24.8750 24.7500 25.92 28.01 1013.7495
07099.3081 24.7500 24.8750 24.7500 25.92 28.01 1013.7495
07097.1084 24.7500 24.8750 24.7500 25.92 28.01 1013.7495
07123.9458 24.7500 24.8750 24.7500 25.92 28.01 1013.7495
07071.6958 24.7500 24.8750 24.7500 25.93 28.02 1013.7576
07071.5210 24.7500 24.8750 24.7500 25.93 28.02 1013.7576
07097.3706 24.7500 24.8750 24.7500 25.93 28.02 1013.7576
07096.6958 24.7500 24.8750 24.7500 25.93 28.02 1013.7576
07099.0708 24.7500 24.8750 24.7500 25.93 28.02 1013.7576
07072.8960 24.7500 24.8750 24.7500 25.93 28.02 1013.7576
07073.1333 24.7500 24.8750 24.7500 25.93 28.02 1013.7576
07072.7085 24.7500 24.8750 24.7500 25.93 28.02 1013.7576
07071.4585 24.7500 24.8750 24.6875 25.93 28.02 1013.7576
07098.0708 24.7500 24.8750 24.6875 25.94 27.99 1013.7740
07123.4834 24.7500 24.8750 24.6875 25.94 27.99 1013.7740
07072.9331 24.7500 24.8750 24.6875 25.94 27.99 1013.7740
07073.1831 24.7500 24.8750 24.6875 25.94 27.99 1013.7740
07073.1333 24.7500 24.8750 24.6875 25.94 27.99 1013.7740
07072.6460 24.7500 24.8750 24.6875 25.94 27.99 1013.7740
07099.9834 24.7500 24.9375 24.7500 25.94 27.99 1013.7740
07071.9956 24.7500 24.9375 24.7500 25.94 27.99 1013.7740
07071.9956 24.7500 24.9375 24.7500 25.94 27.99 1013.7740
07096.9331 24.7500 24.9375 24.7500 25.94 27.99 1013.7740
07123.4834 24.7500 24.9375 24.7500 25.92 27.99 1013.8309
07097.1460 24.7500 24.9375 24.7500 25.92 27.99 1013.8309
07123.5332 24.7500 24.9375 24.7500 25.92 27.99 1013.8309
07123.2710 24.7500 24.9375 24.7500 25.92 27.99 1013.8309
07072.4585 24.7500 24.9375 24.7500 25.92 27.99 1013.8309
07098.3584 24.7500 24.8750 24.7500 25.92 27.99 1013.8309
07098.3081 24.7500 24.8750 24.7500 25.92 27.99 1013.8309
07072.7085 24.7500 24.8750 24.7500 25.92 27.99 1013.8309
07072.8833 24.7500 24.8750 24.7500 25.92 27.99 1013.8309
07123.2710 24.7500 24.8750 24.7500 25.93 27.96 1013.7659
07123.7207 24.7500 24.8750 24.7500 25.93 27.96 1013.7659
07072.9209 24.7500 24.8750 24.7500 25.93 27.96 1013.7659
07072.4707 24.7500 24.8750 24.7500 25.93 27.96 1013.7659
07098.3584 24.7500 24.8750 24.7500 25.93 27.96 1013.7659
07098.1206 24.7500 24.8750 24.7500 25.93 27.96 1013.7659
07123.5210 24.7500 24.8750 24.7500 25.93 27.96 1013.7659
07072.7085 24.7500 24.8750 24.7500 25.93 27.96 1013.7659
07099.5332 24.7500 24.8750 24.7500 25.93 27.96 1013.7659
07099.7456 24.7500 24.8750 24.7500 25.93 27.96 1013.7659
07072.9458 24.7500 24.8750 24.7500 25.93 27.97 1013.8201
07073.4209 24.7500 24.8750 24.7500 25.93 27.97 1013.8201
07099.0210 24.7500 24.8750 24.7500 25.93 27.97 1013.8201
07098.3584 24.7500 24.8750 24.7500 25.93 27.97 1013.8201
#terjedesi                                       nyomas  ##
#ido(usec)  T1(C)   T2(C)   T3(C)  T4(C) para(%)  (hPa)
07123.5332 24.7500 24.8750 24.7500 25.93 27.97 1013.8201
07099.0581 24.7500 24.8750 24.7500 25.93 27.97 1013.8201
07072.4458 24.7500 24.8750 24.7500 25.93 27.97 1013.8201
07072.2334 24.7500 24.8750 24.7500 25.93 27.97 1013.8201
07123.2334 24.7500 24.8750 24.7500 25.94 27.95 1013.8094
07072.4209 24.7500 24.8750 24.7500 25.94 27.95 1013.8094
07071.5210 24.7500 24.8750 24.7500 25.94 27.95 1013.8094
07071.7334 24.7500 24.8750 24.7500 25.94 27.95 1013.8094
07099.2583 24.7500 24.8750 24.7500 25.94 27.95 1013.8094
07072.7085 24.7500 24.8750 24.7500 25.94 27.95 1013.8094
07072.7085 24.7500 24.8750 24.7500 25.94 27.95 1013.8094
07072.6582 24.7500 24.8750 24.7500 25.94 27.95 1013.8094
07073.1831 24.7500 24.8750 24.7500 25.94 27.95 1013.8094
07096.8960 24.7500 24.8750 24.7500 25.94 27.95 1013.8094
07098.3081 24.7500 24.8750 24.7500 25.94 27.95 1013.7823
07071.5210 24.7500 24.8750 24.7500 25.94 27.95 1013.7823
07123.2832 24.7500 24.8750 24.7500 25.94 27.95 1013.7823
07123.0581 24.7500 24.8750 24.7500 25.94 27.95 1013.7823
07122.9956 24.7500 24.8750 24.7500 25.94 27.95 1013.7823
07099.5459 24.7500 24.8750 24.7500 25.94 27.95 1013.7823
07072.4707 24.7500 24.8750 24.7500 25.94 27.95 1013.7823
07123.5210 24.7500 24.8750 24.7500 25.94 27.95 1013.7823
07071.9956 24.7500 24.8750 24.7500 25.94 27.95 1013.7823
07071.6958 24.7500 24.8750 24.7500 25.94 27.96 1013.7469
07096.6958 24.7500 24.8750 24.7500 25.94 27.96 1013.7469
07072.4707 24.7500 24.8750 24.7500 25.94 27.96 1013.7469
07098.7832 24.7500 24.8750 24.7500 25.94 27.96 1013.7469
07072.4331 24.7500 24.8750 24.7500 25.94 27.96 1013.7469
07072.4209 24.7500 24.8750 24.7500 25.94 27.96 1013.7469
07072.4209 24.7500 24.8750 24.7500 25.94 27.96 1013.7469
07097.8335 24.7500 24.8750 24.7500 25.94 27.96 1013.7469
07098.0708 24.7500 24.8750 24.7500 25.94 27.96 1013.7469
07072.1831 24.7500 24.8750 24.7500 25.94 27.96 1013.7198
07072.1831 24.7500 24.8750 24.7500 25.94 27.96 1013.7198
07099.7583 24.7500 24.8750 24.7500 25.94 27.96 1013.7198
07096.9209 24.7500 24.8750 24.7500 25.94 27.96 1013.7198
07072.8960 24.7500 24.8750 24.7500 25.94 27.96 1013.7198
07072.6460 24.7500 24.8750 24.7500 25.94 27.96 1013.7198
07071.9331 24.7500 24.8750 24.7500 25.94 27.96 1013.7198
07072.1958 24.7500 24.8750 24.7500 25.94 27.96 1013.7198
07123.5332 24.7500 24.8750 24.7500 25.94 27.96 1013.7198
07072.9331 24.7500 24.8750 24.7500 25.94 27.96 1013.7198
07096.6582 24.7500 24.8750 24.7500 25.95 27.97 1013.7989
07122.7832 24.7500 24.8750 24.7500 25.95 27.97 1013.7989
07099.2456 24.7500 24.8750 24.7500 25.95 27.97 1013.7989
07097.1206 24.7500 24.8750 24.7500 25.95 27.97 1013.7989
07071.9331 24.7500 24.9375 24.6875 25.95 27.97 1013.7989
07071.9956 24.7500 24.9375 24.6875 25.95 27.97 1013.7989
07097.1206 24.7500 24.9375 24.6875 25.95 27.97 1013.7989
07072.6831 24.7500 24.9375 24.6875 25.95 27.97 1013.7989
07123.0332 24.7500 24.9375 24.6875 25.95 27.97 1013.7989
07123.2710 24.7500 24.9375 24.6875 25.96 27.77 1013.7882
07073.1206 24.7500 24.9375 24.6875 25.96 27.77 1013.7882
07123.5332 24.7500 24.8750 24.7500 25.96 27.77 1013.7882
07099.0083 24.7500 24.8750 24.7500 25.96 27.77 1013.7882
07072.4707 24.7500 24.8750 24.7500 25.96 27.77 1013.7882
07123.7583 24.7500 24.8750 24.7500 25.96 27.77 1013.7882
07073.1333 24.7500 24.8750 24.7500 25.96 27.77 1013.7882
07097.1709 24.7500 24.8750 24.7500 25.96 27.77 1013.7882
07123.7334 24.7500 24.8750 24.7500 25.96 27.77 1013.7882
07123.2334 24.7500 24.8750 24.7500 25.96 27.77 1013.7882
07123.7085 24.7500 24.8750 24.7500 25.95 27.97 1013.7447
07071.9956 24.7500 24.9375 24.7500 25.95 27.97 1013.7447
07072.2334 24.7500 24.9375 24.7500 25.95 27.97 1013.7447
07123.7583 24.7500 24.9375 24.7500 25.95 27.97 1013.7447
07123.2959 24.7500 24.9375 24.7500 25.95 27.97 1013.7447
07123.4834 24.7500 24.9375 24.7500 25.95 27.97 1013.7447
07072.4707 24.7500 24.9375 24.7500 25.95 27.97 1013.7447
07123.2710 24.7500 24.9375 24.7500 25.95 27.97 1013.7447
07099.5459 24.7500 24.9375 24.6875 25.95 27.97 1013.7718
07071.9956 24.7500 24.9375 24.6875 25.95 27.97 1013.7718
07071.7583 24.7500 24.9375 24.6875 25.95 27.97 1013.7718
07123.7710 24.7500 24.9375 24.6875 25.95 27.97 1013.7718
#terjedesi                                       nyomas  ##
#ido(usec)  T1(C)   T2(C)   T3(C)  T4(C) para(%)  (hPa)
07072.8960 24.7500 24.9375 24.6875 25.95 27.97 1013.7718
07066.7710 24.7500 24.9375 24.6875 25.95 27.97 1013.7718
07072.9458 24.7500 24.9375 24.6875 25.95 27.97 1013.7718
07123.0581 24.7500 24.9375 24.6875 25.95 27.97 1013.7718
07123.2959 24.7500 24.9375 24.6875 25.95 27.97 1013.7718
07071.9458 24.7500 24.8750 24.7500 25.95 27.97 1013.7718
07071.7085 24.7500 24.8750 24.7500 25.97 27.93 1013.7692
07072.6582 24.7500 24.8750 24.7500 25.97 27.93 1013.7692
07123.5332 24.7500 24.8750 24.7500 25.97 27.93 1013.7692
07072.8960 24.7500 24.8750 24.7500 25.97 27.93 1013.7692
07123.2456 24.7500 24.8750 24.7500 25.97 27.93 1013.7692
07096.4082 24.7500 24.8750 24.7500 25.97 27.93 1013.7692
07072.9458 24.7500 24.8750 24.7500 25.97 27.93 1013.7692
07071.6958 24.7500 24.8750 24.7500 25.97 27.93 1013.7692
07071.9956 24.7500 24.8750 24.7500 25.97 27.93 1013.7692
07096.8833 24.7500 24.8750 24.7500 25.97 27.93 1013.7503
07097.6084 24.7500 24.8750 24.7500 25.97 27.93 1013.7503
07070.5708 24.7500 24.8750 24.7500 25.97 27.93 1013.7503
07097.3457 24.7500 24.8750 24.7500 25.97 27.93 1013.7503
07072.6460 24.7500 24.8750 24.7500 25.97 27.93 1013.7503
07123.2334 24.7500 24.8750 24.7500 25.97 27.93 1013.7503
07071.9331 24.7500 24.8750 24.6875 25.97 27.93 1013.7503
07071.9458 24.7500 24.8750 24.6875 25.97 27.93 1013.7503
07123.5332 24.7500 24.8750 24.6875 25.97 27.93 1013.7503
07072.7085 24.7500 24.8750 24.6875 25.98 27.94 1013.8669
07072.6709 24.7500 24.8750 24.6875 25.98 27.94 1013.8669
07072.7085 24.7500 24.8750 24.6875 25.98 27.94 1013.8669
07097.3584 24.7500 24.8750 24.6875 25.98 27.94 1013.8669
07096.4585 24.7500 24.9375 24.7500 25.98 27.94 1013.8669
07098.5957 24.7500 24.9375 24.7500 25.98 27.94 1013.8669
07098.1206 24.7500 24.9375 24.7500 25.98 27.94 1013.8669
07096.6958 24.7500 24.9375 24.7500 25.98 27.94 1013.8669
07123.0581 24.7500 24.9375 24.7500 25.98 27.94 1013.8669
07072.4209 24.7500 24.9375 24.7500 25.98 27.94 1013.8669
07123.2959 24.7500 24.9375 24.7500 25.97 27.93 1013.7503
07072.2334 24.7500 24.9375 24.7500 25.97 27.93 1013.7503
07096.6460 24.7500 24.9375 24.7500 25.97 27.93 1013.7503
07071.7085 24.7500 24.9375 24.7500 25.97 27.93 1013.7503
07071.9458 24.7500 24.9375 24.7500 25.97 27.93 1013.7503
07072.6958 24.7500 24.9375 24.7500 25.97 27.93 1013.7503
07123.2832 24.7500 24.9375 24.7500 25.97 27.93 1013.7503
07072.2334 24.7500 24.9375 24.7500 25.97 27.93 1013.7503
07072.4082 24.7500 24.9375 24.7500 25.97 27.93 1013.7503
07122.8081 24.7500 24.9375 24.7500 25.97 27.88 1013.7774
07072.4707 24.7500 24.8750 24.7500 25.97 27.88 1013.7774
07070.7583 24.7500 24.8750 24.7500 25.97 27.88 1013.7774
07071.6958 24.7500 24.8750 24.7500 25.97 27.88 1013.7774
07096.6460 24.7500 24.8750 24.7500 25.97 27.88 1013.7774
07072.6582 24.7500 24.8750 24.7500 25.97 27.88 1013.7774
07072.8960 24.7500 24.8750 24.7500 25.97 27.88 1013.7774
07096.6958 24.7500 24.8750 24.7500 25.97 27.88 1013.7774
07123.2334 24.7500 24.8750 24.7500 25.97 27.88 1013.7774
07096.3960 24.7500 24.8750 24.7500 25.97 27.88 1013.7774
07071.9458 24.7500 24.8750 24.7500 25.97 27.86 1013.8317
07072.2207 24.7500 24.8750 24.7500 25.97 27.86 1013.8317
07123.5210 24.7500 24.8750 24.7500 25.97 27.86 1013.8317
07096.9209 24.7500 24.8750 24.7500 25.97 27.86 1013.8317
07122.8208 24.7500 24.8750 24.7500 25.97 27.86 1013.8317
07072.6958 24.7500 24.8750 24.7500 25.97 27.86 1013.8317
07096.4585 24.7500 24.8750 24.7500 25.97 27.86 1013.8317
07123.4956 24.7500 24.8750 24.7500 25.97 27.86 1013.8317
07122.5459 24.7500 24.8750 24.7500 25.98 27.86 1013.7938
07071.7583 24.7500 24.8750 24.7500 25.98 27.86 1013.7938
07123.5332 24.7500 24.8750 24.7500 25.98 27.86 1013.7938
07123.5332 24.7500 24.8750 24.7500 25.98 27.86 1013.7938
07097.1206 24.7500 24.8750 24.7500 25.98 27.86 1013.7938
07123.7085 24.7500 24.8750 24.7500 25.98 27.86 1013.7938
07123.5332 24.7500 24.8750 24.7500 25.98 27.86 1013.7938
07123.9585 24.7500 24.8750 24.7500 25.98 27.86 1013.7938
07071.9585 24.7500 24.8750 24.7500 25.98 27.86 1013.7938
07071.7334 24.7500 24.8750 24.7500 25.98 27.86 1013.7938
07123.0581 24.7500 24.8750 24.7500 25.98 27.86 1013.7856
07096.8833 24.7500 24.8750 24.7500 25.98 27.86 1013.7856
#terjedesi                                       nyomas  ##
#ido(usec)  T1(C)   T2(C)   T3(C)  T4(C) para(%)  (hPa)
07072.1831 24.7500 24.8750 24.7500 25.98 27.86 1013.7856
07096.4082 24.7500 24.8750 24.7500 25.98 27.86 1013.7856
07123.2334 24.7500 24.8750 24.7500 25.98 27.86 1013.7856
07072.7085 24.7500 24.8750 24.7500 25.98 27.86 1013.7856
07071.4707 24.7500 24.8750 24.7500 25.98 27.86 1013.7856
07071.2207 24.7500 24.8750 24.7500 25.98 27.86 1013.7856
07072.6582 24.7500 24.8750 24.7500 25.98 27.86 1013.7856
07072.7085 24.7500 24.8750 24.7500 26.00 27.85 1013.8269
07123.2959 24.7500 24.8750 24.7500 26.00 27.85 1013.8269
07072.7085 24.7500 24.8750 24.7500 26.00 27.85 1013.8269
07123.2456 24.7500 24.8750 24.7500 26.00 27.85 1013.8269
07072.4082 24.7500 24.8750 24.7500 26.00 27.85 1013.8269
07098.3584 24.7500 24.8750 24.7500 26.00 27.85 1013.8269
07124.7207 24.7500 24.8750 24.7500 26.00 27.85 1013.8269
07069.8081 24.7500 24.8750 24.7500 26.00 27.85 1013.8269
07123.2334 24.7500 24.8750 24.7500 26.00 27.85 1013.8269
07072.7085 24.7500 24.8750 24.7500 25.98 27.85 1013.8480
07072.4209 24.7500 24.8750 24.7500 25.98 27.85 1013.8480
07072.2207 24.7500 24.8750 24.7500 25.98 27.85 1013.8480
07072.1958 24.7500 24.8750 24.7500 25.98 27.85 1013.8480
07071.2832 24.7500 24.8750 24.7500 25.98 27.85 1013.8480
07071.5210 24.7500 24.8750 24.7500 25.98 27.85 1013.8480
07072.2207 24.7500 24.8750 24.7500 25.98 27.85 1013.8480
07123.5083 24.7500 24.8750 24.7500 25.98 27.85 1013.8480
07099.4956 24.7500 24.8750 24.7500 25.98 27.85 1013.8480
07096.9209 24.7500 24.8750 24.7500 25.98 27.85 1013.8480
07073.1831 24.7500 24.8750 24.7500 25.99 27.85 1013.8105
07097.1206 24.7500 24.8750 24.7500 25.99 27.85 1013.8105
07098.0957 24.7500 24.9375 24.7500 25.99 27.85 1013.8105
07148.8960 24.7500 24.9375 24.7500 25.99 27.85 1013.8105
07123.7583 24.7500 24.9375 24.7500 25.99 27.85 1013.8105
07072.9458 24.7500 24.9375 24.7500 25.99 27.85 1013.8105
07123.2959 24.7500 24.9375 24.7500 25.99 27.85 1013.8105
07123.0083 24.7500 24.9375 24.7500 25.99 27.85 1013.8105
07096.6958 24.7500 24.9375 24.7500 25.99 27.85 1013.8105
07096.6958 24.7500 24.8750 24.7500 25.99 27.86 1013.7562
07071.5210 24.7500 24.8750 24.7500 25.99 27.86 1013.7562
07123.0083 24.7500 24.8750 24.7500 25.99 27.86 1013.7562
07096.9331 24.7500 24.8750 24.7500 25.99 27.86 1013.7562
07096.9331 24.7500 24.8750 24.7500 25.99 27.86 1013.7562
07097.1206 24.7500 24.8750 24.7500 25.99 27.86 1013.7562
07097.1709 24.7500 24.8750 24.7500 25.99 27.86 1013.7562
07123.9956 24.7500 24.8750 24.7500 25.99 27.86 1013.7562
07123.0581 24.7500 24.8750 24.7500 25.99 27.86 1013.7562
07071.9458 24.7500 24.8750 24.7500 26.00 27.80 1013.7184
07071.7085 24.7500 24.8750 24.7500 26.00 27.80 1013.7184
07072.9458 24.7500 24.8750 24.7500 26.00 27.80 1013.7184
07072.6709 24.7500 24.8750 24.7500 26.00 27.80 1013.7184
07096.9331 24.7500 24.8750 24.7500 26.00 27.80 1013.7184
07123.2710 24.7500 24.8750 24.7500 26.00 27.80 1013.7184
07096.6709 24.7500 24.8750 24.7500 26.00 27.80 1013.7184
07073.1831 24.7500 24.8750 24.7500 26.00 27.80 1013.7184
07098.1206 24.7500 24.8750 24.7500 26.00 27.80 1013.7184
07071.7583 24.7500 24.8750 24.7500 26.01 27.80 1013.7619
07072.6582 24.7500 24.8750 24.7500 26.01 27.80 1013.7619
07123.5210 24.7500 24.8750 24.7500 26.01 27.80 1013.7619
07070.5210 24.7500 24.8750 24.7500 26.01 27.80 1013.7619
07096.6831 24.7500 24.8750 24.7500 26.01 27.80 1013.7619
07123.5332 24.7500 24.8750 24.7500 26.01 27.80 1013.7619
07096.6460 24.7500 24.8750 24.7500 26.01 27.80 1013.7619
07071.7583 24.7500 24.8750 24.7500 26.01 27.80 1013.7619
07098.3081 24.7500 24.8750 24.7500 26.01 27.80 1013.7619
07123.2583 24.7500 24.8750 24.7500 26.01 27.80 1013.7619
07123.7207 24.7500 24.8750 24.7500 25.99 27.80 1013.7562
07096.4082 24.7500 24.8750 24.7500 25.99 27.80 1013.7562
07072.9458 24.7500 24.8750 24.7500 25.99 27.80 1013.7562
07123.2959 24.7500 24.8750 24.7500 25.99 27.80 1013.7562
07072.9458 24.7500 24.9375 24.7500 25.99 27.80 1013.7562
07098.3208 24.7500 24.9375 24.7500 25.99 27.80 1013.7562
07071.7583 24.7500 24.9375 24.7500 25.99 27.80 1013.7562
07123.4834 24.7500 24.9375 24.7500 25.99 27.80 1013.7562
07096.6460 24.7500 24.9375 24.7500 25.99 27.80 1013.7562
07123.2583 24.7500 24.9375 24.7500 26.01 27.82 1013.7809
#terjedesi                                       nyomas  ##
#ido(usec)  T1(C)   T2(C)   T3(C)  T4(C) para(%)  (hPa)
07097.4082 24.7500 24.9375 24.7500 26.01 27.82 1013.7809
07091.2334 24.7500 24.9375 24.7500 26.01 27.82 1013.7809
07123.0083 24.7500 24.9375 24.7500 26.01 27.82 1013.7809
07071.5210 24.7500 24.8750 24.7500 26.01 27.82 1013.7809
07071.9956 24.7500 24.8750 24.7500 26.01 27.82 1013.7809
07123.0581 24.7500 24.8750 24.7500 26.01 27.82 1013.7809
07096.4585 24.7500 24.8750 24.7500 26.01 27.82 1013.7809
07123.5083 24.7500 24.8750 24.7500 26.01 27.82 1013.7809
07072.6709 24.7500 24.8750 24.7500 25.99 27.82 1013.7834
07123.2832 24.7500 24.8750 24.7500 25.99 27.82 1013.7834
07123.7085 24.7500 24.9375 24.7500 25.99 27.82 1013.7834
07071.7583 24.7500 24.9375 24.7500 25.99 27.82 1013.7834
07072.4082 24.7500 24.9375 24.7500 25.99 27.82 1013.7834
07123.2832 24.7500 24.9375 24.7500 25.99 27.82 1013.7834
07070.0957 24.7500 24.9375 24.7500 25.99 27.82 1013.7834
07123.4707 24.7500 24.9375 24.7500 25.99 27.82 1013.7834
07123.5332 24.7500 24.9375 24.7500 25.99 27.82 1013.7834
07123.4834 24.7500 24.9375 24.7500 25.99 27.82 1013.7834
07096.6460 24.7500 24.9375 24.7500 26.02 27.84 1013.7701
07098.3457 24.7500 24.8750 24.7500 26.02 27.84 1013.7701
07071.2832 24.7500 24.8750 24.7500 26.02 27.84 1013.7701
07123.0581 24.7500 24.8750 24.7500 26.02 27.84 1013.7701
07096.6958 24.7500 24.8750 24.7500 26.02 27.84 1013.7701
07097.1709 24.7500 24.8750 24.7500 26.02 27.84 1013.7701
07096.6460 24.7500 24.8750 24.7500 26.02 27.84 1013.7701
07070.2832 24.7500 24.8750 24.7500 26.02 27.84 1013.7701
07096.9331 24.7500 24.8750 24.7500 26.02 27.84 1013.7701
07071.7207 24.7500 24.8750 24.7500 26.01 27.81 1013.7890
07071.9956 24.7500 24.8750 24.7500 26.01 27.81 1013.7890
07123.7710 24.7500 24.8750 24.7500 26.01 27.81 1013.7890
07123.7710 24.7500 24.8750 24.7500 26.01 27.81 1013.7890
07096.6958 24.7500 24.8750 24.7500 26.01 27.81 1013.7890
07123.2959 24.7500 24.8750 24.7500 26.01 27.81 1013.7890
07097.1582 24.7500 24.8750 24.7500 26.01 27.81 1013.7890
07096.9331 24.7500 24.8750 24.7500 26.01 27.81 1013.7890
07098.8335 24.7500 24.8750 24.7500 26.01 27.81 1013.7890
07071.9458 24.7500 24.8750 24.7500 26.02 27.79 1013.8054
07097.1084 24.7500 24.8750 24.7500 26.02 27.79 1013.8054
07072.4209 24.7500 24.8750 24.7500 26.02 27.79 1013.8054
07096.6958 24.7500 24.8750 24.7500 26.02 27.79 1013.8054
07123.2334 24.7500 24.8750 24.7500 26.02 27.79 1013.8054
07123.0581 24.7500 24.8750 24.7500 26.02 27.79 1013.8054
07123.0581 24.7500 24.8750 24.7500 26.02 27.79 1013.8054
07071.7583 24.7500 24.8750 24.7500 26.02 27.79 1013.8054
07071.9585 24.7500 24.8750 24.7500 26.02 27.79 1013.8054
07123.5083 24.7500 24.8750 24.7500 26.02 27.79 1013.8054
07123.5210 24.7500 24.8750 24.7500 26.02 27.77 1013.7972
07123.2456 24.7500 24.8750 24.7500 26.02 27.77 1013.7972
07096.6958 24.7500 24.8750 24.7500 26.02 27.77 1013.7972
07070.3335 24.7500 24.8750 24.7500 26.02 27.77 1013.7972
07123.2832 24.7500 24.8750 24.7500 26.02 27.77 1013.7972
07071.7085 24.7500 24.8750 24.7500 26.02 27.77 1013.7972
07071.4585 24.7500 24.8750 24.7500 26.02 27.77 1013.7972
07123.0459 24.7500 24.8750 24.7500 26.02 27.77 1013.7972
07073.1206 24.7500 24.8750 24.7500 26.02 27.77 1013.7972
07096.9331 24.7500 24.8750 24.7500 26.02 27.77 1013.7972
07123.5332 24.7500 24.8750 24.7500 26.02 27.77 1013.7972
07123.7583 24.7500 24.8750 24.7500 26.02 27.77 1013.7972
07096.9331 24.7500 24.8750 24.7500 26.02 27.77 1013.7972
07098.8335 24.7500 24.8750 24.7500 26.02 27.77 1013.7972
07071.7456 24.7500 24.8750 24.7500 26.02 27.77 1013.7972
07123.7207 24.7500 24.8750 24.7500 26.02 27.77 1013.7972
07123.7710 24.7500 24.8750 24.7500 26.02 27.77 1013.7972
07097.4082 24.7500 24.8750 24.7500 26.02 27.77 1013.7972
07123.2959 24.7500 24.8750 24.7500 26.03 27.79 1013.8139
07096.9209 24.7500 24.8750 24.7500 26.03 27.79 1013.8139
07096.6582 24.7500 24.8750 24.7500 26.03 27.79 1013.8139
07071.5083 24.7500 24.9375 24.7500 26.03 27.79 1013.8139
07071.9585 24.7500 24.9375 24.7500 26.03 27.79 1013.8139
07123.2710 24.7500 24.9375 24.7500 26.03 27.79 1013.8139
07123.7085 24.7500 24.9375 24.7500 26.03 27.79 1013.8139
07123.4834 24.7500 24.9375 24.7500 26.03 27.79 1013.8139
07096.4082 24.7500 24.9375 24.7500 26.03 27.79 1013.8139
#terjedesi                                       nyomas  ##
#ido(usec)  T1(C)   T2(C)   T3(C)  T4(C) para(%)  (hPa)
07123.2959 24.7500 24.9375 24.7500 26.03 27.80 1013.8221
07123.0459 24.7500 24.9375 24.7500 26.03 27.80 1013.8221
07071.7085 24.7500 24.9375 24.7500 26.03 27.80 1013.8221
07098.5957 24.7500 24.9375 24.7500 26.03 27.80 1013.8221
07097.1582 24.7500 24.9375 24.7500 26.03 27.80 1013.8221
07072.9458 24.7500 24.9375 24.7500 26.03 27.80 1013.8221
07123.4956 24.7500 24.9375 24.7500 26.03 27.80 1013.8221
07123.7710 24.7500 24.9375 24.7500 26.03 27.80 1013.8221
07097.1084 24.7500 24.9375 24.7500 26.03 27.80 1013.8221
07123.4834 24.7500 24.9375 24.7500 26.03 27.80 1013.8221
07071.7085 24.7500 24.8750 24.7500 26.04 27.81 1013.7842
07072.2207 24.7500 24.8750 24.7500 26.04 27.81 1013.7842
07070.5210 24.7500 24.8750 24.7500 26.04 27.81 1013.7842
07096.8833 24.7500 24.8750 24.7500 26.04 27.81 1013.7842
07096.3960 24.7500 24.8750 24.7500 26.04 27.81 1013.7842
07097.1084 24.7500 24.8750 24.7500 26.04 27.81 1013.7842
07096.9209 24.7500 24.8750 24.7500 26.04 27.81 1013.7842
07096.6831 24.7500 24.9375 24.8125 26.04 27.81 1013.7842
07072.1709 24.7500 24.9375 24.8125 26.04 27.81 1013.7842
07071.9956 24.7500 24.9375 24.8125 26.02 27.80 1013.7783
07123.2710 24.7500 24.9375 24.8125 26.02 27.80 1013.7783
07096.4585 24.7500 24.9375 24.8125 26.02 27.80 1013.7783
07123.2959 24.7500 24.9375 24.8125 26.02 27.80 1013.7783
07123.4956 24.7500 24.9375 24.8125 26.02 27.80 1013.7783
07072.7085 24.7500 24.9375 24.8125 26.02 27.80 1013.7783
07123.2832 24.7500 24.9375 24.8125 26.02 27.80 1013.7783
07122.5332 24.7500 24.8750 24.7500 26.02 27.80 1013.7783
07071.9458 24.7500 24.8750 24.7500 26.02 27.80 1013.7783
07096.4331 24.7500 24.8750 24.7500 26.03 27.84 1013.7868
07122.8208 24.7500 24.8750 24.7500 26.03 27.84 1013.7868
07096.6460 24.7500 24.8750 24.7500 26.03 27.84 1013.7868
07072.6582 24.7500 24.8750 24.7500 26.03 27.84 1013.7868
07070.5210 24.7500 24.8750 24.7500 26.03 27.84 1013.7868
07097.4082 24.7500 24.8750 24.7500 26.03 27.84 1013.7868
07122.5835 24.7500 24.8750 24.7500 26.03 27.84 1013.7868
07098.5459 24.7500 24.8750 24.7500 26.03 27.84 1013.7868
07070.7832 24.7500 24.8750 24.7500 26.03 27.84 1013.7868
07096.6582 24.7500 24.8750 24.7500 26.03 27.84 1013.7868
07070.7456 24.7500 24.8750 24.7500 26.04 27.85 1013.7218
07097.1206 24.7500 24.8750 24.7500 26.04 27.85 1013.7218
07097.1206 24.7500 24.8750 24.7500 26.04 27.85 1013.7218
07096.9331 24.7500 24.8750 24.7500 26.04 27.85 1013.7218
07098.5708 24.7500 24.9375 24.7500 26.04 27.85 1013.7218
07095.9707 24.7500 24.9375 24.7500 26.04 27.85 1013.7218
07070.0957 24.7500 24.9375 24.7500 26.04 27.85 1013.7218
07097.1709 24.7500 24.9375 24.7500 26.04 27.85 1013.7218
07097.1582 24.7500 24.9375 24.7500 26.04 27.89 1013.7299
07096.8833 24.7500 24.9375 24.7500 26.04 27.89 1013.7299
07096.9331 24.7500 24.9375 24.7500 26.04 27.89 1013.7299
07070.5459 24.7500 24.9375 24.8125 26.04 27.89 1013.7299
07123.0581 24.7500 24.9375 24.8125 26.04 27.89 1013.7299
07123.0083 24.7500 24.9375 24.8125 26.04 27.89 1013.7299
07070.5083 24.7500 24.9375 24.8125 26.04 27.89 1013.7299
07123.5083 24.7500 24.9375 24.8125 26.04 27.89 1013.7299
07123.4834 24.7500 24.9375 24.8125 26.04 27.89 1013.7299
07097.4082 24.7500 24.9375 24.8125 26.04 27.89 1013.7299
07097.1709 24.7500 24.9375 24.8125 26.04 27.94 1013.8303
07070.5210 24.7500 24.9375 24.8125 26.04 27.94 1013.8303
07071.4707 24.7500 24.8750 24.7500 26.04 27.94 1013.8303
07071.9331 24.7500 24.8750 24.7500 26.04 27.94 1013.8303
07096.9209 24.7500 24.8750 24.7500 26.04 27.94 1013.8303
07096.8833 24.7500 24.8750 24.7500 26.04 27.94 1013.8303
07070.2832 24.7500 24.8750 24.7500 26.04 27.94 1013.8303
07097.1206 24.7500 24.8750 24.7500 26.04 27.94 1013.8303
07097.3457 24.7500 24.8750 24.7500 26.04 27.94 1013.8303
07097.6084 24.7500 24.8750 24.8125 26.05 27.94 1013.6378
07072.4707 24.7500 24.8750 24.8125 26.05 27.94 1013.6378
07072.2334 24.7500 24.8750 24.8125 26.05 27.94 1013.6378
07123.9458 24.7500 24.8750 24.8125 26.05 27.94 1013.6378
07096.8960 24.7500 24.8750 24.8125 26.05 27.94 1013.6378
07097.1582 24.7500 24.8750 24.8125 26.05 27.94 1013.6378
07124.1831 24.7500 24.8750 24.8125 26.05 27.94 1013.6378
07070.5581 24.7500 24.8750 24.8125 26.05 27.94 1013.6378
#terjedesi                                       nyomas  ##
#ido(usec)  T1(C)   T2(C)   T3(C)  T4(C) para(%)  (hPa)
07097.1206 24.7500 24.8750 24.8125 26.05 27.94 1013.6378
07072.1958 24.7500 24.8750 24.7500 26.05 27.94 1013.6378
07071.9458 24.7500 24.8750 24.7500 26.06 27.93 1013.7899
07070.2832 24.7500 24.8750 24.7500 26.06 27.93 1013.7899
07097.3584 24.7500 24.8750 24.7500 26.06 27.93 1013.7899
07070.0708 24.7500 24.8750 24.7500 26.06 27.93 1013.7899
07097.1206 24.7500 24.8750 24.7500 26.06 27.93 1013.7899
07097.1206 24.7500 24.8750 24.7500 26.06 27.93 1013.7899
07097.3833 24.7500 24.8750 24.7500 26.06 27.93 1013.7899
07071.9331 24.7500 24.8750 24.7500 26.06 27.93 1013.7899
07072.4707 24.7500 24.8750 24.7500 26.06 27.93 1013.7899
07123.4707 24.7500 24.8750 24.7500 26.05 27.87 1013.7734
07096.9209 24.7500 24.8750 24.7500 26.05 27.87 1013.7734
07123.0581 24.7500 24.8750 24.7500 26.05 27.87 1013.7734
07070.3335 24.7500 24.8750 24.7500 26.05 27.87 1013.7734
07072.8833 24.7500 24.8750 24.7500 26.05 27.87 1013.7734
07123.2456 24.7500 24.8750 24.7500 26.05 27.87 1013.7734
07122.3457 24.7500 24.9375 24.7500 26.05 27.87 1013.7734
07071.4707 24.7500 24.9375 24.7500 26.05 27.87 1013.7734
07096.6460 24.7500 24.9375 24.7500 26.05 27.87 1013.7734
07123.2959 24.7500 24.9375 24.7500 26.05 27.86 1013.7463
07123.5083 24.7500 24.9375 24.7500 26.05 27.86 1013.7463
07096.3960 24.7500 24.9375 24.7500 26.05 27.86 1013.7463
07123.4707 24.7500 24.9375 24.7500 26.05 27.86 1013.7463
07123.2959 24.7500 24.8750 24.7500 26.05 27.86 1013.7463
07098.5459 24.7500 24.8750 24.7500 26.05 27.86 1013.7463
07095.9834 24.7500 24.8750 24.7500 26.05 27.86 1013.7463
07069.8584 24.7500 24.8750 24.7500 26.05 27.86 1013.7463
07123.4956 24.7500 24.8750 24.7500 26.05 27.86 1013.7463
07096.9209 24.7500 24.8750 24.7500 26.05 27.86 1013.7463
07096.6958 24.7500 24.8750 24.7500 26.06 27.83 1013.8170
07070.3081 24.7500 24.8750 24.7500 26.06 27.83 1013.8170
07097.1709 24.7500 24.8750 24.7500 26.06 27.83 1013.8170
07122.3335 24.7500 24.8750 24.7500 26.06 27.83 1013.8170
07071.6958 24.7500 24.8750 24.7500 26.06 27.83 1013.8170
07123.2959 24.7500 24.8750 24.7500 26.06 27.83 1013.8170
07096.4082 24.7500 24.8750 24.7500 26.06 27.83 1013.8170
07096.6460 24.7500 24.8750 24.7500 26.06 27.83 1013.8170
07123.5332 24.7500 24.8750 24.7500 26.06 27.82 1013.7545
07096.6958 24.7500 24.8750 24.7500 26.06 27.82 1013.7545
07096.6582 24.7500 24.8750 24.7500 26.06 27.82 1013.7545
07071.7456 24.7500 24.8750 24.7500 26.06 27.82 1013.7545
07122.8208 24.7500 24.8750 24.7500 26.06 27.82 1013.7545
07070.5459 24.7500 24.8750 24.7500 26.06 27.82 1013.7545
07096.6460 24.7500 24.8750 24.7500 26.06 27.82 1013.7545
07096.6958 24.7500 24.8750 24.7500 26.06 27.82 1013.7545
07096.6709 24.7500 24.8750 24.7500 26.06 27.82 1013.7545
07097.1084 24.7500 24.8750 24.7500 26.06 27.82 1013.7545
07123.5332 24.7500 24.8750 24.7500 26.06 27.81 1013.7628
07071.7334 24.7500 24.8750 24.8125 26.06 27.81 1013.7628
07071.9458 24.7500 24.8750 24.8125 26.06 27.81 1013.7628
07070.7959 24.7500 24.8750 24.8125 26.06 27.81 1013.7628
07097.1206 24.7500 24.8750 24.8125 26.06 27.81 1013.7628
07123.5210 24.7500 24.8750 24.8125 26.06 27.81 1013.7628
07070.0957 24.7500 24.8750 24.8125 26.06 27.81 1013.7628
07097.3457 24.7500 24.8750 24.8125 26.06 27.81 1013.7628
07096.9331 24.7500 24.9375 24.7500 26.06 27.81 1013.7628
07098.5708 24.7500 24.9375 24.7500 26.07 27.82 1013.7252
07072.4331 24.7500 24.9375 24.7500 26.07 27.82 1013.7252
07123.7710 24.7500 24.9375 24.7500 26.07 27.82 1013.7252
07123.4707 24.7500 24.9375 24.7500 26.07 27.82 1013.7252
07123.7710 24.7500 24.9375 24.7500 26.07 27.82 1013.7252
07097.4082 24.7500 24.9375 24.7500 26.07 27.82 1013.7252
07096.8706 24.7500 24.9375 24.7500 26.07 27.82 1013.7252
07070.0459 24.7500 24.9375 24.7500 26.07 27.82 1013.7252
07095.9834 24.7500 24.9375 24.7500 26.07 27.82 1013.7252
07122.5332 24.7500 24.9375 24.7500 26.07 27.82 1013.7252
07070.3208 24.7500 24.9375 24.7500 26.07 28.13 1013.7794
07096.6582 24.7500 24.9375 24.7500 26.07 28.13 1013.7794
07070.3335 24.7500 24.9375 24.7500 26.07 28.13 1013.7794
07071.0083 24.7500 24.9375 24.7500 26.07 28.13 1013.7794
07097.5957 24.7500 24.9375 24.7500 26.07 28.13 1013.7794
07097.1206 24.7500 24.9375 24.8125 26.07 28.13 1013.7794
#terjedesi                                       nyomas  ##
#ido(usec)  T1(C)   T2(C)   T3(C)  T4(C) para(%)  (hPa)
07071.4707 24.7500 24.9375 24.8125 26.07 28.13 1013.7794
07122.3335 24.7500 24.9375 24.8125 26.07 28.13 1013.7794
07070.2832 24.7500 24.9375 24.8125 26.07 28.13 1013.7794
07097.1333 24.7500 24.9375 24.8125 26.07 27.79 1013.7523
07072.9331 24.7500 24.9375 24.8125 26.07 27.79 1013.7523
07070.0957 24.7500 24.9375 24.8125 26.07 27.79 1013.7523
07097.1333 24.7500 24.9375 24.8125 26.07 27.79 1013.7523
07070.5459 24.7500 24.9375 24.8125 26.07 27.79 1013.7523
07122.7710 24.7500 24.8750 24.7500 26.07 27.79 1013.7523
07072.1709 24.7500 24.8750 24.7500 26.07 27.79 1013.7523
07070.5083 24.7500 24.8750 24.7500 26.07 27.79 1013.7523
07070.3335 24.7500 24.8750 24.7500 26.07 27.79 1013.7523
07097.1084 24.7500 24.8750 24.7500 26.07 27.78 1013.8065
07096.6333 24.7500 24.8750 24.7500 26.07 27.78 1013.8065
07096.9331 24.7500 24.8750 24.7500 26.07 27.78 1013.8065
07096.8960 24.7500 24.8750 24.7500 26.07 27.78 1013.8065
07122.5835 24.7500 24.8750 24.7500 26.07 27.78 1013.8065
07122.5581 24.7500 24.8750 24.7500 26.07 27.78 1013.8065
07123.5332 24.7500 24.8750 24.7500 26.07 27.78 1013.8065
07097.3960 24.7500 24.8750 24.7500 26.07 27.78 1013.8065
07070.8081 24.7500 24.8750 24.7500 26.07 27.78 1013.8065
07070.0581 24.7500 24.8750 24.7500 26.07 27.78 1013.8065
07070.3208 24.7500 24.8750 24.7500 26.06 27.75 1013.7628
07097.1460 24.7500 24.8750 24.7500 26.06 27.75 1013.7628
07071.9834 24.7500 24.8750 24.8125 26.06 27.75 1013.7628
07099.0708 24.7500 24.8750 24.8125 26.06 27.75 1013.7628
07096.9082 24.7500 24.8750 24.8125 26.06 27.75 1013.7628
07070.5332 24.7500 24.8750 24.8125 26.06 27.75 1013.7628
07070.2710 24.7500 24.8750 24.8125 26.06 27.75 1013.7628
07096.6958 24.7500 24.8750 24.8125 26.06 27.75 1013.7628
07123.7710 24.7500 24.8750 24.8125 26.08 27.73 1013.7415
07096.9331 24.7500 24.8750 24.8125 26.08 27.73 1013.7415
07071.6958 24.7500 24.8750 24.8125 26.08 27.73 1013.7415
07071.7583 24.7500 24.8750 24.8125 26.08 27.73 1013.7415
07096.4585 24.7500 24.8750 24.8125 26.08 27.73 1013.7415
07096.4458 24.7500 24.8750 24.8125 26.08 27.73 1013.7415
07123.7710 24.7500 24.8750 24.8125 26.08 27.73 1013.7415
07096.9209 24.7500 24.8750 24.8125 26.08 27.73 1013.7415
07070.5459 24.7500 24.8750 24.8125 26.08 27.73 1013.7415
07070.7583 24.7500 24.8750 24.8125 26.08 27.73 1013.7415
07123.2832 24.7500 24.8750 24.7500 26.08 27.71 1013.7958
07096.6460 24.7500 24.8750 24.7500 26.08 27.71 1013.7958
07123.5210 24.7500 24.8750 24.7500 26.08 27.71 1013.7958
07097.1206 24.7500 24.8750 24.7500 26.08 27.71 1013.7958
07123.4834 24.7500 24.8750 24.7500 26.08 27.71 1013.7958
07096.9331 24.7500 24.8750 24.7500 26.08 27.71 1013.7958
07097.4082 24.7500 24.8750 24.7500 26.08 27.71 1013.7958
07096.8833 24.7500 24.9375 24.8125 26.08 27.71 1013.7958
07072.1709 24.7500 24.9375 24.8125 26.08 27.71 1013.7958
07071.9707 24.7500 24.9375 24.8125 26.08 27.64 1013.7958
07096.9331 24.7500 24.9375 24.8125 26.08 27.64 1013.7958
07070.5459 24.7500 24.9375 24.8125 26.08 27.64 1013.7958
07096.9082 24.7500 24.9375 24.8125 26.08 27.64 1013.7958
07096.8960 24.7500 24.9375 24.8125 26.08 27.64 1013.7958
07070.5459 24.7500 24.9375 24.8125 26.08 27.64 1013.7958
07070.3081 24.7500 24.9375 24.8125 26.08 27.64 1013.7958
07071.7583 24.7500 24.8750 24.8125 26.08 27.64 1013.7958
07098.5332 24.7500 24.8750 24.8125 26.08 27.64 1013.7958
07096.9082 24.7500 24.8750 24.8125 26.08 27.65 1013.7144
07096.6460 24.7500 24.8750 24.8125 26.08 27.65 1013.7144
07123.4834 24.7500 24.8750 24.8125 26.08 27.65 1013.7144
07123.0083 24.7500 24.8750 24.8125 26.08 27.65 1013.7144
07097.1709 24.7500 24.8750 24.8125 26.08 27.65 1013.7144
07096.6958 24.7500 24.9375 24.8125 26.08 27.65 1013.7144
07096.3960 24.7500 24.9375 24.8125 26.08 27.65 1013.7144
07072.1831 24.7500 24.9375 24.8125 26.08 27.65 1013.7144
07096.9082 24.7500 24.9375 24.8125 26.08 27.65 1013.7144
07070.5210 24.7500 24.9375 24.8125 26.08 27.65 1013.7144
07070.5083 24.7500 24.9375 24.8125 26.09 27.67 1013.7579
07070.3081 24.7500 24.9375 24.8125 26.09 27.67 1013.7579
07070.5708 24.7500 24.9375 24.8125 26.09 27.67 1013.7579
07097.1206 24.7500 24.9375 24.8125 26.09 27.67 1013.7579
07071.7085 24.7500 24.8750 24.8125 26.09 27.67 1013.7579
#terjedesi                                       nyomas  ##
#ido(usec)  T1(C)   T2(C)   T3(C)  T4(C) para(%)  (hPa)
07096.1709 24.7500 24.8750 24.8125 26.09 27.67 1013.7579
07096.6460 24.7500 24.8750 24.8125 26.09 27.67 1013.7579
07097.1084 24.7500 24.8750 24.8125 26.09 27.67 1013.7579
07096.6831 24.7500 24.8750 24.8125 26.09 27.67 1013.7579
07070.2832 24.7500 24.8750 24.8125 26.09 27.69 1013.7497
07096.6958 24.7500 24.8750 24.8125 26.09 27.69 1013.7497
07096.9209 24.7500 24.8750 24.8125 26.09 27.69 1013.7497
07095.9458 24.7500 24.8750 24.8125 26.09 27.69 1013.7497
07096.1582 24.7500 24.8750 24.8125 26.09 27.69 1013.7497
07096.4082 24.7500 24.8750 24.8125 26.09 27.69 1013.7497
07070.5708 24.7500 24.8750 24.8125 26.09 27.69 1013.7497
07097.1084 24.7500 24.8750 24.8125 26.09 27.69 1013.7497
07096.6460 24.7500 24.8750 24.8125 26.09 27.69 1013.7497
07096.6460 24.7500 24.8750 24.8125 26.09 27.69 1013.7497
07097.3584 24.7500 24.8750 24.8125 26.10 27.68 1013.5847
07122.7710 24.7500 24.9375 24.8125 26.10 27.68 1013.5847
07071.7583 24.7500 24.9375 24.8125 26.10 27.68 1013.5847
07097.6460 24.7500 24.9375 24.8125 26.10 27.68 1013.5847
07097.1709 24.7500 24.9375 24.8125 26.10 27.68 1013.5847
07096.9209 24.7500 24.9375 24.8125 26.10 27.68 1013.5847
07096.9209 24.7500 24.9375 24.8125 26.10 27.68 1013.5847
07096.9331 24.7500 24.9375 24.8125 26.10 27.68 1013.5847
07123.2959 24.8125 24.8750 24.8125 26.09 27.67 1013.8664
07071.9458 24.8125 24.8750 24.8125 26.09 27.67 1013.8664
07071.2832 24.8125 24.8750 24.8125 26.09 27.67 1013.8664
07096.6333 24.8125 24.8750 24.8125 26.09 27.67 1013.8664
07096.4585 24.8125 24.8750 24.8125 26.09 27.67 1013.8664
07070.0957 24.8125 24.8750 24.8125 26.09 27.67 1013.8664
07123.0332 24.8125 24.8750 24.8125 26.09 27.67 1013.8664
07097.1709 24.8125 24.8750 24.8125 26.09 27.67 1013.8664
07070.2832 24.8125 24.8750 24.8125 26.09 27.67 1013.8664
07071.5083 24.8125 24.9375 24.8125 26.09 27.67 1013.8664
07071.7085 24.8125 24.9375 24.8125 26.10 27.65 1013.7746
07096.3960 24.8125 24.9375 24.8125 26.10 27.65 1013.7746
07096.3960 24.8125 24.9375 24.8125 26.10 27.65 1013.7746
07096.4082 24.8125 24.9375 24.8125 26.10 27.65 1013.7746
07096.8706 24.8125 24.9375 24.8125 26.10 27.65 1013.7746
07070.3335 24.8125 24.9375 24.8125 26.10 27.65 1013.7746
07070.2710 24.7500 24.8750 24.8125 26.10 27.65 1013.7746
07122.3335 24.7500 24.8750 24.8125 26.10 27.65 1013.7746
07122.5835 24.7500 24.8750 24.8125 26.10 27.65 1013.7746
07070.0459 24.7500 24.8750 24.8125 26.11 27.66 1013.6471
07095.9834 24.7500 24.8750 24.8125 26.11 27.66 1013.6471
07070.3335 24.7500 24.8750 24.8125 26.11 27.66 1013.6471
07070.3335 24.7500 24.8750 24.8125 26.11 27.66 1013.6471
07096.6958 24.7500 24.8750 24.8125 26.11 27.66 1013.6471
07096.3960 24.7500 24.8750 24.8125 26.11 27.66 1013.6471
07071.4707 24.7500 24.8750 24.8125 26.11 27.66 1013.6471
07071.7583 24.7500 24.8750 24.8125 26.11 27.66 1013.6471
07070.3081 24.7500 24.8750 24.8125 26.11 27.66 1013.6471
07070.3335 24.7500 24.8750 24.8125 26.11 27.63 1013.7910
07097.1582 24.7500 24.8750 24.8125 26.11 27.63 1013.7910
07096.8833 24.7500 24.8750 24.8125 26.11 27.63 1013.7910
07097.1206 24.7500 24.8750 24.8125 26.11 27.63 1013.7910
07070.3335 24.7500 24.9375 24.8125 26.11 27.63 1013.7910
07071.4707 24.7500 24.9375 24.8125 26.11 27.63 1013.7910
07071.7583 24.7500 24.9375 24.8125 26.11 27.63 1013.7910
07070.0708 24.7500 24.9375 24.8125 26.11 27.63 1013.7910
07070.2832 24.7500 24.9375 24.8125 26.11 27.63 1013.7910
07096.6460 24.7500 24.9375 24.8125 26.11 27.63 1013.7910
07096.9331 24.7500 24.9375 24.8125 26.11 27.64 1013.8099
07070.7456 24.7500 24.9375 24.8125 26.11 27.64 1013.8099
07096.6460 24.7500 24.9375 24.8125 26.11 27.64 1013.8099
07071.7085 24.7500 24.8750 24.8125 26.11 27.64 1013.8099
07068.6709 24.7500 24.8750 24.8125 26.11 27.64 1013.8099
07097.1206 24.7500 24.8750 24.8125 26.11 27.64 1013.8099
07070.2832 24.7500 24.8750 24.8125 26.11 27.64 1013.8099
07097.1206 24.7500 24.8750 24.8125 26.11 27.64 1013.8099
07070.0581 24.7500 24.8750 24.8125 26.11 27.64 1013.8099
07069.8584 24.7500 24.8750 24.8125 26.11 27.64 1013.7910
07096.9209 24.8125 24.8750 24.8125 26.11 27.64 1013.7910
07122.1084 24.8125 24.8750 24.8125 26.11 27.64 1013.7910
07095.7334 24.8125 24.8750 24.8125 26.11 27.64 1013.7910
#terjedesi                                       nyomas  ##
#ido(usec)  T1(C)   T2(C)   T3(C)  T4(C) para(%)  (hPa)
07096.1831 24.8125 24.8750 24.8125 26.11 27.64 1013.7910
07070.0835 24.8125 24.8750 24.8125 26.11 27.64 1013.7910
07096.6460 24.8125 24.8750 24.8125 26.11 27.64 1013.7910
07096.1582 24.8125 24.8750 24.8125 26.11 27.64 1013.7910
07096.4585 24.8125 24.8750 24.8125 26.11 27.64 1013.7910
07071.9956 24.8125 24.8750 24.8125 26.11 27.64 1013.7910
07071.2334 24.7500 24.8750 24.8125 26.10 27.64 1013.8289
07148.4209 24.7500 24.8750 24.8125 26.10 27.64 1013.8289
07096.8833 24.7500 24.8750 24.8125 26.10 27.64 1013.8289
07096.6460 24.7500 24.8750 24.8125 26.10 27.64 1013.8289
07070.0957 24.7500 24.8750 24.8125 26.10 27.64 1013.8289
07096.3960 24.7500 24.8750 24.8125 26.10 27.64 1013.8289
07069.8081 24.7500 24.8750 24.8125 26.10 27.64 1013.8289
07096.6582 24.7500 24.9375 24.8125 26.10 27.64 1013.8289
07071.7583 24.7500 24.9375 24.8125 26.11 27.66 1013.7910
07071.7085 24.7500 24.9375 24.8125 26.11 27.66 1013.7910
07069.5581 24.7500 24.9375 24.8125 26.11 27.66 1013.7910
07096.6958 24.7500 24.9375 24.8125 26.11 27.66 1013.7910
07096.1958 24.7500 24.9375 24.8125 26.11 27.66 1013.7910
07097.1709 24.7500 24.9375 24.8125 26.11 27.66 1013.7910
07096.2085 24.7500 24.9375 24.8125 26.11 27.66 1013.7910
07096.1582 24.7500 24.9375 24.8125 26.11 27.66 1013.7910
07071.2334 24.7500 24.9375 24.8125 26.11 27.66 1013.7910
07071.2832 24.7500 24.9375 24.8125 26.11 27.66 1013.7910
07070.2710 24.7500 24.9375 24.8125 26.12 27.69 1013.8887
07096.6709 24.7500 24.9375 24.8125 26.12 27.69 1013.8887
07069.6206 24.7500 24.9375 24.8125 26.12 27.69 1013.8887
07096.6958 24.7500 24.9375 24.8125 26.12 27.69 1013.8887
07096.6958 24.7500 24.9375 24.8125 26.12 27.69 1013.8887
07097.1709 24.8125 24.8750 24.8125 26.12 27.69 1013.8887
07122.0708 24.8125 24.8750 24.8125 26.12 27.69 1013.8887
07122.1084 24.8125 24.8750 24.8125 26.12 27.69 1013.8887
07095.9834 24.8125 24.8750 24.8125 26.12 27.69 1013.8887
07096.6831 24.8125 24.8750 24.8125 26.12 27.74 1013.7531
07096.1958 24.8125 24.8750 24.8125 26.12 27.74 1013.7531
07070.0459 24.8125 24.8750 24.8125 26.12 27.74 1013.7531
07072.2207 24.8125 24.8750 24.8125 26.12 27.74 1013.7531
07072.8960 24.8125 24.8750 24.8125 26.12 27.74 1013.7531
07122.3457 24.7500 24.8750 24.8125 26.12 27.74 1013.7531
07122.7583 24.7500 24.8750 24.8125 26.12 27.74 1013.7531
07095.9331 24.7500 24.8750 24.8125 26.12 27.74 1013.7531
07096.9331 24.7500 24.8750 24.8125 26.12 27.74 1013.7531
07070.5083 24.7500 24.8750 24.8125 26.12 27.76 1013.6989
07069.8208 24.7500 24.8750 24.8125 26.12 27.76 1013.6989
07069.8584 24.7500 24.8750 24.8125 26.12 27.76 1013.6989
07096.6333 24.8125 24.8750 24.8125 26.12 27.76 1013.6989
07071.2710 24.8125 24.8750 24.8125 26.12 27.76 1013.6989
07071.5210 24.8125 24.8750 24.8125 26.12 27.76 1013.6989
07096.3960 24.8125 24.8750 24.8125 26.12 27.76 1013.6989
07096.4458 24.8125 24.8750 24.8125 26.12 27.76 1013.6989
07070.0459 24.8125 24.8750 24.8125 26.12 27.76 1013.6989
07096.9331 24.8125 24.8750 24.8125 26.12 27.76 1013.6989
07070.5210 24.8125 24.8750 24.8125 26.12 27.74 1013.6989
07096.6831 24.8125 24.8750 24.8125 26.12 27.74 1013.6989
07122.3335 24.7500 24.9375 24.8125 26.12 27.74 1013.6989
07121.8208 24.7500 24.9375 24.8125 26.12 27.74 1013.6989
07096.4458 24.7500 24.9375 24.8125 26.12 27.74 1013.6989
07069.6206 24.7500 24.9375 24.8125 26.12 27.74 1013.6989
07096.6709 24.7500 24.9375 24.8125 26.12 27.74 1013.6989
07123.0459 24.7500 24.9375 24.8125 26.12 27.74 1013.6989
07096.8833 24.7500 24.9375 24.8125 26.12 27.74 1013.6989
07096.6958 24.8125 24.8750 24.8125 26.14 27.74 1013.8318
07122.0581 24.8125 24.8750 24.8125 26.14 27.74 1013.8318
07121.8706 24.8125 24.8750 24.8125 26.14 27.74 1013.8318
07096.4585 24.8125 24.8750 24.8125 26.14 27.74 1013.8318
07096.4458 24.8125 24.8750 24.8125 26.14 27.74 1013.8318
07096.4082 24.8125 24.8750 24.8125 26.14 27.74 1013.8318
07122.8208 24.8125 24.8750 24.8125 26.14 27.74 1013.8318
07070.0835 24.8125 24.8750 24.8125 26.14 27.74 1013.8318
07069.8081 24.8125 24.8750 24.8125 26.14 27.74 1013.8318
07122.5332 24.8125 24.9375 24.8125 26.14 27.76 1013.7966
07071.9331 24.8125 24.9375 24.8125 26.14 27.76 1013.7966
07096.6958 24.8125 24.9375 24.8125 26.14 27.76 1013.7966
#terjedesi                                       nyomas  ##
#ido(usec)  T1(C)   T2(C)   T3(C)  T4(C) para(%)  (hPa)
07096.6460 24.8125 24.9375 24.8125 26.14 27.76 1013.7966
07096.6709 24.8125 24.9375 24.8125 26.14 27.76 1013.7966
07096.4082 24.8125 24.9375 24.8125 26.14 27.76 1013.7966
07069.5708 24.8125 24.9375 24.8125 26.14 27.76 1013.7966
07070.5708 24.8125 24.8750 24.8125 26.14 27.76 1013.7966
07121.8706 24.8125 24.8750 24.8125 26.14 27.76 1013.7966
07095.9707 24.8125 24.8750 24.8125 26.14 27.76 1013.7966
07096.6831 24.8125 24.8750 24.8125 26.16 28.07 1013.8568
07096.2207 24.8125 24.8750 24.8125 26.16 28.07 1013.8568
07070.0957 24.8125 24.8750 24.8125 26.16 28.07 1013.8568
07070.5708 24.8125 24.8750 24.8125 26.16 28.07 1013.8568
07096.4585 24.8125 24.8750 24.8125 26.16 28.07 1013.8568
07070.3335 24.8125 24.8750 24.8125 26.16 28.07 1013.8568
07122.0581 24.8125 24.8750 24.8125 26.16 28.07 1013.8568
07122.5332 24.8125 24.8750 24.8125 26.16 28.07 1013.8568
07096.4082 24.8125 24.8750 24.8125 26.16 28.07 1013.8568
07121.1582 24.8125 24.8750 24.8125 26.15 27.76 1013.7590
07096.6709 24.8125 24.8750 24.8125 26.15 27.76 1013.7590
07070.0459 24.8125 24.8750 24.8125 26.15 27.76 1013.7590
07147.4585 24.8125 24.8750 24.8125 26.15 27.76 1013.7590
07147.2832 24.7500 24.9375 24.8125 26.15 27.76 1013.7590
07095.7456 24.7500 24.9375 24.8125 26.15 27.76 1013.7590
07122.0459 24.7500 24.9375 24.8125 26.15 27.76 1013.7590
07096.4585 24.7500 24.9375 24.8125 26.15 27.76 1013.7590
07096.9331 24.7500 24.9375 24.8125 26.15 27.76 1013.7590
07096.6958 24.7500 24.9375 24.8125 26.15 27.79 1013.6777
07070.2832 24.7500 24.9375 24.8125 26.15 27.79 1013.6777
07069.8584 24.7500 24.9375 24.8125 26.15 27.79 1013.6777
07096.6333 24.7500 24.9375 24.8125 26.15 27.79 1013.6777
07122.3457 24.7500 24.8750 24.8125 26.15 27.79 1013.6777
07095.9209 24.7500 24.8750 24.8125 26.15 27.79 1013.6777
07096.6582 24.7500 24.8750 24.8125 26.15 27.79 1013.6777
07070.2832 24.7500 24.8750 24.8125 26.15 27.79 1013.6777
07070.0835 24.7500 24.8750 24.8125 26.15 27.79 1013.6777
07070.0332 24.7500 24.8750 24.8125 26.15 27.84 1013.7319
07096.6958 24.7500 24.8750 24.8125 26.15 27.84 1013.7319
07096.2207 24.8125 24.8750 24.8125 26.15 27.84 1013.7319
07122.1084 24.8125 24.8750 24.8125 26.15 27.84 1013.7319
07122.1084 24.8125 24.8750 24.8125 26.15 27.84 1013.7319
07096.4585 24.8125 24.8750 24.8125 26.15 27.84 1013.7319
07123.2959 24.8125 24.8750 24.8125 26.15 27.84 1013.7319
07096.6831 24.8125 24.8750 24.8125 26.15 27.84 1013.7319
07096.6460 24.8125 24.8750 24.8125 26.15 27.84 1013.7319
07096.6958 24.8125 24.8750 24.8125 26.15 27.84 1013.7319
07069.8584 24.8125 24.8750 24.8125 26.15 27.82 1013.7319
07122.0581 24.8125 24.9375 24.8125 26.15 27.82 1013.7319
07095.4458 24.8125 24.9375 24.8125 26.15 27.82 1013.7319
07070.5459 24.8125 24.9375 24.8125 26.15 27.82 1013.7319
07096.6333 24.8125 24.9375 24.8125 26.15 27.82 1013.7319
07070.2832 24.8125 24.9375 24.8125 26.15 27.82 1013.7319
07070.3335 24.8125 24.9375 24.8125 26.15 27.82 1013.7319
07070.0957 24.8125 24.9375 24.8125 26.15 27.82 1013.7319
07070.7456 24.8125 24.8750 24.8125 26.15 27.82 1013.7319
07122.3457 24.8125 24.8750 24.8125 26.16 27.78 1013.6940
07095.9209 24.8125 24.8750 24.8125 26.16 27.78 1013.6940
07070.5708 24.8125 24.8750 24.8125 26.16 27.78 1013.6940
07171.2207 24.8125 24.8750 24.8125 26.16 27.78 1013.6940
07147.6958 24.8125 24.8750 24.8125 26.16 27.78 1013.6940
07070.2959 24.8125 24.8750 24.8125 26.16 27.78 1013.6940
07147.2832 24.8125 24.8750 24.8125 26.16 27.78 1013.6940
07096.8833 24.8125 24.8750 24.8125 26.16 27.78 1013.6940
07096.2085 24.7500 24.8750 24.8125 26.16 27.78 1013.6940
07095.9331 24.7500 24.8750 24.8125 26.16 27.76 1013.8107
07096.9331 24.7500 24.8750 24.8125 26.16 27.76 1013.8107
07096.4082 24.7500 24.8750 24.8125 26.16 27.76 1013.8107
07070.2710 24.7500 24.8750 24.8125 26.16 27.76 1013.8107
07121.3960 24.7500 24.8750 24.8125 26.16 27.76 1013.8107
07097.4082 24.7500 24.8750 24.8125 26.16 27.76 1013.8107
07070.2959 24.8125 24.8750 24.8125 26.16 27.76 1013.8107
07071.7085 24.8125 24.8750 24.8125 26.16 27.76 1013.8107
07122.1084 24.8125 24.8750 24.8125 26.16 27.76 1013.8107
07096.6709 24.8125 24.8750 24.8125 26.16 27.76 1013.8107
07123.5332 24.8125 24.8750 24.8125 26.14 27.72 1013.7505
#terjedesi                                       nyomas  ##
#ido(usec)  T1(C)   T2(C)   T3(C)  T4(C) para(%)  (hPa)
07070.2832 24.8125 24.8750 24.8125 26.14 27.72 1013.7505
07096.4331 24.8125 24.8750 24.8125 26.14 27.72 1013.7505
07147.4585 24.8125 24.8750 24.8125 26.14 27.72 1013.7505
07096.2207 24.8125 24.8750 24.8125 26.14 27.72 1013.7505
07122.0459 24.7500 24.9375 24.8125 26.14 27.72 1013.7505
07122.0581 24.7500 24.9375 24.8125 26.14 27.72 1013.7505
07069.8457 24.7500 24.9375 24.8125 26.14 27.72 1013.7505
07069.5708 24.7500 24.9375 24.8125 26.16 27.71 1013.8107
07069.5708 24.7500 24.9375 24.8125 26.16 27.71 1013.8107
07096.4585 24.7500 24.9375 24.8125 26.16 27.71 1013.8107
07122.8208 24.7500 24.9375 24.8125 26.16 27.71 1013.8107
07095.9331 24.8125 24.8750 24.8125 26.16 27.71 1013.8107
07121.8706 24.8125 24.8750 24.8125 26.16 27.71 1013.8107
07122.0708 24.8125 24.8750 24.8125 26.16 27.71 1013.8107
07096.1582 24.8125 24.8750 24.8125 26.16 27.71 1013.8107
07096.2085 24.8125 24.8750 24.8125 26.16 27.71 1013.8107
07069.5708 24.8125 24.8750 24.8125 26.16 27.71 1013.8107
07096.1582 24.8125 24.8750 24.8125 26.17 27.70 1013.7917
07096.2207 24.8125 24.8750 24.8125 26.17 27.70 1013.7917
07096.4331 24.8125 24.8750 24.8125 26.17 27.70 1013.7917
07071.2334 24.7500 24.8750 24.8125 26.17 27.70 1013.7917
07071.2832 24.7500 24.8750 24.8125 26.17 27.70 1013.7917
07096.6958 24.7500 24.8750 24.8125 26.17 27.70 1013.7917
07095.9331 24.7500 24.8750 24.8125 26.17 27.70 1013.7917
07095.9834 24.7500 24.8750 24.8125 26.17 27.70 1013.7917
07070.0459 24.7500 24.8750 24.8125 26.17 27.70 1013.7917
07069.6206 24.7500 24.8750 24.8125 26.17 27.71 1013.7646
07069.8584 24.7500 24.8750 24.8125 26.17 27.71 1013.7646
07147.7456 24.7500 24.8750 24.8125 26.17 27.71 1013.7646
07071.2832 24.7500 24.8750 24.8125 26.17 27.71 1013.7646
07069.8208 24.7500 24.8750 24.8125 26.17 27.71 1013.7646
07095.9834 24.7500 24.8750 24.8125 26.17 27.71 1013.7646
07095.9209 24.7500 24.8750 24.8125 26.17 27.71 1013.7646
07069.3208 24.7500 24.8750 24.8125 26.17 27.71 1013.7646
07096.1709 24.7500 24.8750 24.8125 26.17 27.71 1013.7646
07069.1460 24.7500 24.8750 24.8125 26.17 27.71 1013.7646
07097.8335 24.8125 24.9375 24.8125 26.17 27.72 1013.8189
07121.5835 24.8125 24.9375 24.8125 26.17 27.72 1013.8189
07069.6084 24.8125 24.9375 24.8125 26.17 27.72 1013.8189
07069.8584 24.8125 24.9375 24.8125 26.17 27.72 1013.8189
07096.2207 24.8125 24.9375 24.8125 26.17 27.72 1013.8189
07095.9331 24.8125 24.9375 24.8125 26.17 27.72 1013.8189
07069.3833 24.8125 24.9375 24.8125 26.17 27.72 1013.8189
07095.9834 24.7500 24.8750 24.8125 26.17 27.72 1013.8189
07121.5835 24.7500 24.8750 24.8125 26.17 27.72 1013.8189
07121.6333 24.7500 24.8750 24.8125 26.17 27.72 1013.6914
07122.7710 24.7500 24.8750 24.8125 26.17 27.72 1013.6914
07147.0459 24.7500 24.8750 24.8125 26.17 27.72 1013.6914
07069.8584 24.7500 24.8750 24.8125 26.17 27.72 1013.6914
07095.9707 24.7500 24.8750 24.8125 26.17 27.72 1013.6914
07122.5332 24.7500 24.8750 24.8125 26.17 27.72 1013.6914
07095.9331 24.7500 24.8750 24.8125 26.17 27.72 1013.6914
07070.8081 24.8125 24.8750 24.8125 26.17 27.72 1013.6914
07071.0459 24.8125 24.8750 24.8125 26.17 27.72 1013.6914
07096.2207 24.8125 24.8750 24.8125 26.18 27.70 1013.8895
07096.4082 24.8125 24.8750 24.8125 26.18 27.70 1013.8895
07096.1582 24.8125 24.8750 24.8125 26.18 27.70 1013.8895
07096.4458 24.8125 24.8750 24.8125 26.18 27.70 1013.8895
07069.8584 24.8125 24.8750 24.8125 26.18 27.70 1013.8895
07069.8584 24.8125 24.8750 24.8125 26.18 27.70 1013.8895
07095.2583 24.8125 24.8750 24.8125 26.18 27.70 1013.8895
07070.9834 24.8125 24.8750 24.8125 26.18 27.70 1013.8895
07069.8208 24.8125 24.8750 24.8125 26.18 27.70 1013.8895
07096.2207 24.8125 24.8750 24.8125 26.18 27.70 1013.8895
07069.5708 24.8125 24.8750 24.8125 26.17 27.67 1013.7646
07069.6084 24.8125 24.8750 24.8125 26.17 27.67 1013.7646
07096.4209 24.8125 24.8750 24.8125 26.17 27.67 1013.7646
07097.1206 24.8125 24.8750 24.8125 26.17 27.67 1013.7646
07121.8706 24.7500 24.8750 24.8125 26.17 27.67 1013.7646
07095.6958 24.7500 24.8750 24.8125 26.17 27.67 1013.7646
07069.8584 24.7500 24.8750 24.8125 26.17 27.67 1013.7646
07096.6958 24.7500 24.8750 24.8125 26.17 27.67 1013.7646
07070.7710 24.7500 24.8750 24.8125 26.18 27.66 1013.7892
#terjedesi                                       nyomas  ##
#ido(usec)  T1(C)   T2(C)   T3(C)  T4(C) para(%)  (hPa)
07070.5332 24.7500 24.8750 24.8125 26.18 27.66 1013.7892
07096.4585 24.7500 24.8750 24.8125 26.18 27.66 1013.7892
07069.6206 24.8125 24.9375 24.8125 26.18 27.66 1013.7892
07095.2710 24.8125 24.9375 24.8125 26.18 27.66 1013.7892
07122.1084 24.8125 24.9375 24.8125 26.18 27.66 1013.7892
07096.1582 24.8125 24.9375 24.8125 26.18 27.66 1013.7892
07069.8208 24.8125 24.9375 24.8125 26.18 27.66 1013.7892
07069.3335 24.8125 24.9375 24.8125 26.18 27.66 1013.7892
07096.1709 24.8125 24.9375 24.8125 26.18 27.66 1013.7892
07095.9834 24.8125 24.9375 24.8125 26.18 27.66 1013.7349
07069.8208 24.8125 24.9375 24.8125 26.18 27.66 1013.7349
07071.2334 24.8125 24.8750 24.8125 26.18 27.66 1013.7349
07070.7583 24.8125 24.8750 24.8125 26.18 27.66 1013.7349
07096.1709 24.8125 24.8750 24.8125 26.18 27.66 1013.7349
07096.1582 24.8125 24.8750 24.8125 26.18 27.66 1013.7349
07070.0459 24.8125 24.8750 24.8125 26.18 27.66 1013.7349
07069.3833 24.8125 24.8750 24.8125 26.18 27.66 1013.7349
07096.2207 24.8125 24.8750 24.8125 26.18 27.66 1013.7349
07096.6460 24.7500 24.8750 24.8125 26.19 27.69 1013.8519
07121.5708 24.7500 24.8750 24.8125 26.19 27.69 1013.8519
07122.0581 24.7500 24.8750 24.8125 26.19 27.69 1013.8519
07096.2207 24.7500 24.8750 24.8125 26.19 27.69 1013.8519
07096.3960 24.7500 24.8750 24.8125 26.19 27.69 1013.8519
07069.8584 24.7500 24.8750 24.8125 26.19 27.69 1013.8519
07095.9458 24.7500 24.8750 24.8125 26.19 27.69 1013.8519
07069.1460 24.7500 24.8750 24.8125 26.19 27.69 1013.8519
07070.0835 24.7500 24.8750 24.8125 26.19 27.69 1013.8519
07171.9209 24.8125 24.8750 24.8125 26.19 27.69 1013.8519
07097.5835 24.8125 24.8750 24.8125 26.19 27.70 1013.7244
07095.9331 24.8125 24.8750 24.8125 26.19 27.70 1013.7244
07095.9209 24.8125 24.8750 24.8125 26.19 27.70 1013.7244
07096.1709 24.8125 24.8750 24.8125 26.19 27.70 1013.7244
07069.5581 24.8125 24.8750 24.8125 26.19 27.70 1013.7244
07069.5708 24.8125 24.8750 24.8125 26.19 27.70 1013.7244
07069.3457 24.8125 24.8750 24.8125 26.19 27.70 1013.7244
07121.5835 24.8125 24.8750 24.8125 26.19 27.70 1013.7244
07095.2207 24.8125 24.8750 24.8125 26.19 27.70 1013.7244
07095.9707 24.8125 24.8750 24.8125 26.20 27.69 1013.7598
07069.3833 24.8125 24.8750 24.8125 26.20 27.69 1013.7598
07069.6206 24.8125 24.8750 24.8125 26.20 27.69 1013.7598
07096.1709 24.8125 24.8750 24.8125 26.20 27.69 1013.7598
07069.5708 24.8125 24.8750 24.8125 26.20 27.69 1013.7598
07096.4585 24.8125 24.8750 24.8125 26.20 27.69 1013.7598
07068.8584 24.8125 24.8750 24.8125 26.20 27.69 1013.7598
07095.4707 24.8125 24.8750 24.8125 26.20 27.69 1013.7598
07070.0957 24.8125 24.8750 24.8125 26.20 27.69 1013.7598
07070.0957 24.8125 24.8750 24.8125 26.19 27.67 1013.7977
07070.5083 24.8125 24.8750 24.8125 26.19 27.67 1013.7977
07070.0459 24.8125 24.8750 24.8125 26.19 27.67 1013.7977
07069.8208 24.8125 24.8750 24.8125 26.19 27.67 1013.7977
07070.0957 24.8125 24.9375 24.8125 26.19 27.67 1013.7977
07095.4956 24.8125 24.9375 24.8125 26.19 27.67 1013.7977
07071.4585 24.8125 24.9375 24.8125 26.19 27.67 1013.7977
07070.0332 24.8125 24.9375 24.8125 26.19 27.67 1013.7977
07070.2959 24.8125 24.9375 24.8125 26.19 27.67 1013.7977
07096.3960 24.8125 24.9375 24.8125 26.19 27.67 1013.7977
07096.6958 24.8125 24.9375 24.8125 26.20 27.68 1013.7327
07096.4082 24.8125 24.9375 24.8125 26.20 27.68 1013.7327
07096.6582 24.8125 24.9375 24.8125 26.20 27.68 1013.7327
07121.8081 24.8125 24.8750 24.8125 26.20 27.68 1013.7327
07122.0581 24.8125 24.8750 24.8125 26.20 27.68 1013.7327
07147.2832 24.8125 24.8750 24.8125 26.20 27.68 1013.7327
07096.4585 24.8125 24.8750 24.8125 26.20 27.68 1013.7327
07096.4082 24.8125 24.8750 24.8125 26.20 27.68 1013.7327
07096.1709 24.8125 24.8750 24.8125 26.20 27.65 1013.6594
07070.0459 24.8125 24.8750 24.8125 26.20 27.65 1013.6594
07096.1831 24.8125 24.9375 24.8125 26.20 27.65 1013.6594
07122.0835 24.8125 24.9375 24.8125 26.20 27.65 1013.6594
07122.1084 24.8125 24.9375 24.8125 26.20 27.65 1013.6594
07096.9331 24.8125 24.9375 24.8125 26.20 27.65 1013.6594
07069.8208 24.8125 24.9375 24.8125 26.20 27.65 1013.6594
07096.4082 24.8125 24.9375 24.8125 26.20 27.65 1013.6594
07069.1460 24.8125 24.9375 24.8125 26.20 27.65 1013.6594
#terjedesi                                       nyomas  ##
#ido(usec)  T1(C)   T2(C)   T3(C)  T4(C) para(%)  (hPa)
07096.4331 24.8125 24.9375 24.8125 26.20 27.65 1013.6594
07096.4585 24.8125 24.9375 24.8125 26.20 27.65 1013.7598
07121.8208 24.7500 24.9375 24.8125 26.20 27.65 1013.7598
07071.4707 24.7500 24.9375 24.8125 26.20 27.65 1013.7598
07069.3833 24.7500 24.9375 24.8125 26.20 27.65 1013.7598
07069.6206 24.7500 24.9375 24.8125 26.20 27.65 1013.7598
07069.3833 24.7500 24.9375 24.8125 26.20 27.65 1013.7598
07096.1582 24.7500 24.9375 24.8125 26.20 27.65 1013.7598
07096.1958 24.7500 24.9375 24.8125 26.20 27.65 1013.7598
07069.8584 24.7500 24.8750 24.8125 26.20 27.65 1013.7598
07122.0459 24.7500 24.8750 24.8125 26.21 27.66 1013.7844
07095.2583 24.7500 24.8750 24.8125 26.21 27.66 1013.7844
07069.5581 24.7500 24.8750 24.8125 26.21 27.66 1013.7844
07069.3706 24.7500 24.8750 24.8125 26.21 27.66 1013.7844
07069.3833 24.7500 24.8750 24.8125 26.21 27.66 1013.7844
07070.0459 24.7500 24.8750 24.8125 26.21 27.66 1013.7844
07069.8081 24.7500 24.8750 24.8125 26.21 27.66 1013.7844
07096.2207 24.7500 24.8750 24.8125 26.21 27.66 1013.7844
07068.4209 24.7500 24.8750 24.8750 26.21 27.66 1013.7844
07095.4585 24.7500 24.8750 24.8750 26.21 27.66 1013.7844
07069.3335 24.7500 24.8750 24.8750 26.21 27.79 1013.7762
07096.6958 24.7500 24.8750 24.8750 26.21 27.79 1013.7762
07095.9834 24.7500 24.8750 24.8750 26.21 27.79 1013.7762
07070.0332 24.7500 24.8750 24.8750 26.21 27.79 1013.7762
07070.0957 24.7500 24.8750 24.8750 26.21 27.79 1013.7762
07069.8584 24.7500 24.8750 24.8125 26.21 27.79 1013.7762
07121.6333 24.7500 24.8750 24.8125 26.21 27.79 1013.7762
07122.0708 24.7500 24.8750 24.8125 26.21 27.79 1013.7762
07069.6206 24.7500 24.8750 24.8125 26.21 27.79 1013.7762
07069.6206 24.7500 24.8750 24.8125 26.22 27.65 1013.7925
07069.3706 24.7500 24.8750 24.8125 26.22 27.65 1013.7925
07070.0581 24.7500 24.8750 24.8125 26.22 27.65 1013.7925
07070.2832 24.7500 24.8750 24.8125 26.22 27.65 1013.7925
07096.6460 24.7500 24.8750 24.8125 26.22 27.65 1013.7925
07122.0581 24.8125 24.8750 24.8125 26.22 27.65 1013.7925
07121.6333 24.8125 24.8750 24.8125 26.22 27.65 1013.7925
07069.0957 24.8125 24.8750 24.8125 26.22 27.65 1013.7925
07096.2085 24.8125 24.8750 24.8125 26.22 27.65 1013.7925
07069.3335 24.8125 24.8750 24.8125 26.22 27.65 1013.7654
07069.3335 24.8125 24.8750 24.8125 26.22 27.65 1013.7654
07069.3335 24.8125 24.8750 24.8125 26.22 27.65 1013.7654
07069.6206 24.7500 24.9375 24.8125 26.22 27.65 1013.7654
07094.9707 24.7500 24.9375 24.8125 26.22 27.65 1013.7654
07122.0708 24.7500 24.9375 24.8125 26.22 27.65 1013.7654
07096.4585 24.7500 24.9375 24.8125 26.22 27.65 1013.7654
07096.4585 24.7500 24.9375 24.8125 26.22 27.65 1013.7654
07069.8584 24.7500 24.9375 24.8125 26.22 27.65 1013.7654
07069.5835 24.7500 24.9375 24.8125 26.22 27.65 1013.7654
07069.6206 24.7500 24.9375 24.8125 26.22 27.66 1013.7654
07070.0581 24.7500 24.9375 24.8125 26.22 27.66 1013.7654
07122.1084 24.8125 24.9375 24.8750 26.22 27.66 1013.7654
07121.6206 24.8125 24.9375 24.8750 26.22 27.66 1013.7654
07069.8457 24.8125 24.9375 24.8750 26.22 27.66 1013.7654
07069.3457 24.8125 24.9375 24.8750 26.22 27.66 1013.7654
07069.6084 24.8125 24.9375 24.8750 26.22 27.66 1013.7654
07095.9707 24.8125 24.9375 24.8750 26.22 27.66 1013.7654
07096.3960 24.8125 24.9375 24.8750 26.22 27.64 1013.8197
07069.5835 24.8125 24.8750 24.8750 26.22 27.64 1013.8197
07098.1084 24.8125 24.8750 24.8750 26.22 27.64 1013.8197
07068.6709 24.8125 24.8750 24.8750 26.22 27.64 1013.8197
07070.0332 24.8125 24.8750 24.8750 26.22 27.64 1013.8197
07069.8335 24.8125 24.8750 24.8750 26.22 27.64 1013.8197
07069.5708 24.8125 24.8750 24.8750 26.22 27.64 1013.8197
07096.6958 24.8125 24.8750 24.8750 26.22 27.64 1013.8197
07069.5708 24.8125 24.8750 24.8750 26.22 27.64 1013.8197
07147.0083 24.8125 24.8750 24.8750 26.22 27.64 1013.8197
07095.4585 24.8125 24.9375 24.8125 26.22 27.66 1013.7654
07095.4458 24.8125 24.9375 24.8125 26.22 27.66 1013.7654
07069.5708 24.8125 24.9375 24.8125 26.22 27.66 1013.7654
07070.0957 24.8125 24.9375 24.8125 26.22 27.66 1013.7654
07096.6958 24.8125 24.9375 24.8125 26.22 27.66 1013.7654
07069.6206 24.8125 24.9375 24.8125 26.22 27.66 1013.7654
07096.6460 24.8125 24.9375 24.8125 26.22 27.66 1013.7654
#terjedesi                                       nyomas  ##
#ido(usec)  T1(C)   T2(C)   T3(C)  T4(C) para(%)  (hPa)
07096.2207 24.8125 24.8750 24.8750 26.22 27.66 1013.7654
07089.5708 24.8125 24.8750 24.8750 26.22 27.66 1013.7654
07071.7207 24.8125 24.8750 24.8750 26.23 27.64 1013.7550
07069.8208 24.8125 24.8750 24.8750 26.23 27.64 1013.7550
07069.5581 24.8125 24.8750 24.8750 26.23 27.64 1013.7550
07069.8081 24.8125 24.8750 24.8750 26.23 27.64 1013.7550
07069.7959 24.8125 24.8750 24.8750 26.23 27.64 1013.7550
07146.9956 24.8125 24.8750 24.8750 26.23 27.64 1013.7550
07095.9458 24.8125 24.8750 24.8750 26.23 27.64 1013.7550
07121.3833 24.7500 24.9375 24.8125 26.23 27.64 1013.7550
07122.2959 24.7500 24.9375 24.8125 26.23 27.64 1013.7550
07069.6084 24.7500 24.9375 24.8125 26.23 27.62 1013.7278
07070.0459 24.7500 24.9375 24.8125 26.23 27.62 1013.7278
07147.2832 24.7500 24.9375 24.8125 26.23 27.62 1013.7278
07069.8584 24.7500 24.9375 24.8125 26.23 27.62 1013.7278
07096.6460 24.7500 24.9375 24.8125 26.23 27.62 1013.7278
07069.8584 24.7500 24.8750 24.8750 26.23 27.62 1013.7278
07095.5083 24.7500 24.8750 24.8750 26.23 27.62 1013.7278
07095.7334 24.7500 24.8750 24.8750 26.23 27.62 1013.7278
07070.0957 24.7500 24.8750 24.8750 26.23 27.62 1013.7278
07096.6958 24.7500 24.8750 24.8750 26.23 27.62 1013.7278
07069.8584 24.7500 24.8750 24.8750 26.23 27.61 1013.7007
07070.5083 24.7500 24.8750 24.8750 26.23 27.61 1013.7007
07070.2710 24.7500 24.8750 24.8750 26.23 27.61 1013.7007
07070.0581 24.7500 24.8750 24.8750 26.23 27.61 1013.7007
07068.6084 24.7500 24.8750 24.8750 26.23 27.61 1013.7007
07068.8584 24.7500 24.8750 24.8750 26.23 27.61 1013.7007
07070.3208 24.7500 24.8750 24.8750 26.23 27.61 1013.7007
07069.7959 24.7500 24.8750 24.8750 26.23 27.61 1013.7007
07096.2207 24.7500 24.8750 24.8750 26.23 27.61 1013.7007
07070.3208 24.7500 24.8750 24.8750 26.22 27.60 1013.7112
07096.6460 24.7500 24.8750 24.8750 26.22 27.60 1013.7112
07069.8208 24.8125 24.8750 24.8750 26.22 27.60 1013.7112
07069.1206 24.8125 24.8750 24.8750 26.22 27.60 1013.7112
07095.9331 24.8125 24.8750 24.8750 26.22 27.60 1013.7112
07096.6460 24.8125 24.8750 24.8750 26.22 27.60 1013.7112
07069.8584 24.8125 24.8750 24.8750 26.22 27.60 1013.7112
07069.6206 24.8125 24.8750 24.8750 26.22 27.60 1013.7112
07095.9331 24.8125 24.8750 24.8750 26.22 27.60 1013.7112
07096.4585 24.8125 24.8750 24.8750 26.22 27.60 1013.7112
07070.0957 24.8125 24.8750 24.8750 26.23 27.59 1013.8174
07095.4585 24.7500 24.9375 24.8750 26.23 27.59 1013.8174
07095.7207 24.7500 24.9375 24.8750 26.23 27.59 1013.8174
07096.8833 24.7500 24.9375 24.8750 26.23 27.59 1013.8174
07069.8335 24.7500 24.9375 24.8750 26.23 27.59 1013.8174
07070.0957 24.7500 24.9375 24.8750 26.23 27.59 1013.8174
07120.4458 24.7500 24.9375 24.8750 26.23 27.59 1013.8174
07096.6958 24.7500 24.9375 24.8750 26.23 27.59 1013.8174
07096.6958 24.7500 24.9375 24.8125 26.23 27.57 1013.8635
07095.2085 24.7500 24.9375 24.8125 26.23 27.57 1013.8635
07094.7959 24.7500 24.9375 24.8125 26.23 27.57 1013.8635
07069.3584 24.7500 24.9375 24.8125 26.23 27.57 1013.8635
07096.4585 24.7500 24.9375 24.8125 26.23 27.57 1013.8635
07146.7710 24.7500 24.9375 24.8125 26.23 27.57 1013.8635
07096.6958 24.7500 24.9375 24.8125 26.23 27.57 1013.8635
07069.8584 24.7500 24.9375 24.8125 26.23 27.57 1013.8635
07069.8584 24.7500 24.9375 24.8125 26.23 27.57 1013.8635
07095.4956 24.8125 24.8750 24.8750 26.23 27.57 1013.8635
07069.1333 24.8125 24.8750 24.8750 26.24 27.57 1013.7171
07070.0459 24.8125 24.8750 24.8750 26.24 27.57 1013.7171
07069.8081 24.8125 24.8750 24.8750 26.24 27.57 1013.7171
07069.0957 24.8125 24.8750 24.8750 26.24 27.57 1013.7171
07096.6333 24.8125 24.8750 24.8750 26.24 27.57 1013.7171
07096.6958 24.8125 24.8750 24.8750 26.24 27.57 1013.7171
07070.0459 24.7500 24.8750 24.8750 26.24 27.57 1013.7171
07121.8584 24.7500 24.8750 24.8750 26.24 27.57 1013.7171
07095.0332 24.7500 24.8750 24.8750 26.24 27.57 1013.7171
07069.8081 24.7500 24.8750 24.8750 26.24 27.56 1013.6628
07069.7959 24.7500 24.8750 24.8750 26.24 27.56 1013.6628
07070.0957 24.7500 24.8750 24.8750 26.24 27.56 1013.6628
07097.1709 24.7500 24.8750 24.8750 26.24 27.56 1013.6628
07069.6206 24.7500 24.8750 24.8750 26.24 27.56 1013.6628
07070.0835 24.7500 24.8750 24.8750 26.24 27.56 1013.6628
#terjedesi                                       nyomas  ##
#ido(usec)  T1(C)   T2(C)   T3(C)  T4(C) para(%)  (hPa)
07071.7085 24.7500 24.8750 24.8750 26.24 27.56 1013.6628
07095.9331 24.7500 24.8750 24.8750 26.24 27.56 1013.6628
07069.8584 24.7500 24.8750 24.8750 26.24 27.56 1013.6628
07069.8584 24.7500 24.8750 24.8750 26.24 27.57 1013.7171
07097.1084 24.7500 24.8750 24.8750 26.24 27.57 1013.7171
07069.7959 24.7500 24.8750 24.8750 26.24 27.57 1013.7171
07069.8457 24.7500 24.8750 24.8750 26.24 27.57 1013.7171
07070.0332 24.8125 24.8750 24.8750 26.24 27.57 1013.7171
07095.2085 24.8125 24.8750 24.8750 26.24 27.57 1013.7171
07070.7456 24.8125 24.8750 24.8750 26.24 27.57 1013.7171
07069.6206 24.8125 24.8750 24.8750 26.24 27.57 1013.7171
07070.0332 24.8125 24.8750 24.8750 26.24 27.57 1013.7171
07069.6206 24.8125 24.8750 24.8750 26.24 27.57 1013.7171
07146.9834 24.8125 24.8750 24.8750 26.24 27.54 1013.7713
07069.6206 24.8125 24.8750 24.8750 26.24 27.54 1013.7713
07096.4082 24.8125 24.8750 24.8750 26.24 27.54 1013.7713
07095.0083 24.8125 24.8750 24.8750 26.24 27.54 1013.7713
07095.2710 24.8125 24.8750 24.8750 26.24 27.54 1013.7713
07069.8081 24.8125 24.8750 24.8750 26.24 27.54 1013.7713
07069.8584 24.8125 24.8750 24.8750 26.24 27.54 1013.7713
07069.3335 24.8125 24.8750 24.8750 26.24 27.54 1013.7713
07069.5835 24.8125 24.8750 24.8750 26.24 27.54 1013.7713
07069.3833 24.8125 24.8750 24.8750 26.24 27.56 1013.7171
07070.5459 24.8125 24.8750 24.8750 26.24 27.56 1013.7171
07095.5083 24.8125 24.8750 24.8750 26.24 27.56 1013.7171
07068.6084 24.8125 24.8750 24.8750 26.24 27.56 1013.7171
07096.6958 24.8125 24.8750 24.8750 26.24 27.56 1013.7171
07069.3833 24.8125 24.8750 24.8750 26.24 27.56 1013.7171
07070.0708 24.8125 24.8750 24.8750 26.24 27.56 1013.7171
07069.8584 24.8125 24.8750 24.8750 26.24 27.56 1013.7171
07096.1958 24.8125 24.8750 24.8750 26.24 27.56 1013.7171
07069.1460 24.8125 24.8750 24.8750 26.24 27.56 1013.7171
07095.2583 24.8125 24.9375 24.8750 26.24 27.58 1013.7713
07121.8208 24.8125 24.9375 24.8750 26.24 27.58 1013.7713
07070.0459 24.8125 24.9375 24.8750 26.24 27.58 1013.7713
07069.8457 24.8125 24.9375 24.8750 26.24 27.58 1013.7713
07069.6084 24.8125 24.9375 24.8750 26.24 27.58 1013.7713
07096.2207 24.8125 24.9375 24.8750 26.24 27.58 1013.7713
07069.6084 24.8125 24.9375 24.8750 26.24 27.58 1013.7713
07070.5083 24.7500 24.9375 24.8125 26.24 27.58 1013.7713
07095.5083 24.7500 24.9375 24.8125 26.26 27.59 1013.7770
07095.9209 24.7500 24.9375 24.8125 26.26 27.59 1013.7770
07120.8706 24.7500 24.9375 24.8125 26.26 27.59 1013.7770
07070.5708 24.7500 24.9375 24.8125 26.26 27.59 1013.7770
07070.0957 24.7500 24.9375 24.8125 26.26 27.59 1013.7770
07069.6206 24.7500 24.9375 24.8125 26.26 27.59 1013.7770
07096.6709 24.7500 24.9375 24.8125 26.26 27.59 1013.7770
07069.6206 24.7500 24.9375 24.8125 26.26 27.59 1013.7770
07121.3584 24.7500 24.8750 24.8750 26.26 27.59 1013.7770
07121.8584 24.7500 24.8750 24.8750 26.26 27.59 1013.7770
07069.3584 24.7500 24.8750 24.8750 26.24 27.58 1013.8256
07070.0459 24.7500 24.8750 24.8750 26.24 27.58 1013.8256
07069.3335 24.7500 24.8750 24.8750 26.24 27.58 1013.8256
07070.0957 24.7500 24.8750 24.8750 26.24 27.58 1013.8256
07070.0332 24.7500 24.8750 24.8750 26.24 27.58 1013.8256
07096.6958 24.8125 24.9375 24.8750 26.24 27.58 1013.8256
07068.8706 24.8125 24.9375 24.8750 26.24 27.58 1013.8256
07068.6709 24.8125 24.9375 24.8750 26.24 27.58 1013.8256
07069.6206 24.8125 24.9375 24.8750 26.24 27.58 1013.8256
07147.0459 24.8125 24.9375 24.8750 26.25 27.59 1013.7416
07070.2710 24.8125 24.9375 24.8750 26.25 27.59 1013.7416
07120.8706 24.8125 24.9375 24.8750 26.25 27.59 1013.7416
07120.6206 24.8125 24.9375 24.8750 26.25 27.59 1013.7416
07069.5708 24.8125 24.9375 24.8750 26.25 27.59 1013.7416
07095.7207 24.8125 24.8750 24.8750 26.25 27.59 1013.7416
07095.9331 24.8125 24.8750 24.8750 26.25 27.59 1013.7416
07070.3335 24.8125 24.8750 24.8750 26.25 27.59 1013.7416
07070.2832 24.8125 24.8750 24.8750 26.25 27.59 1013.7416
07096.4082 24.8125 24.8750 24.8750 26.26 27.59 1013.7040
07070.2710 24.8125 24.8750 24.8750 26.26 27.59 1013.7040
07069.6206 24.8125 24.8750 24.8750 26.26 27.59 1013.7040
07120.6831 24.8125 24.9375 24.8750 26.26 27.59 1013.7040
07095.0332 24.8125 24.9375 24.8750 26.26 27.59 1013.7040
#terjedesi                                       nyomas  ##
#ido(usec)  T1(C)   T2(C)   T3(C)  T4(C) para(%)  (hPa)
07094.9834 24.8125 24.9375 24.8750 26.26 27.59 1013.7040
07069.8584 24.8125 24.9375 24.8750 26.26 27.59 1013.7040
07170.5083 24.8125 24.9375 24.8750 26.26 27.59 1013.7040
07069.6206 24.8125 24.9375 24.8750 26.26 27.59 1013.7040
07069.8584 24.8125 24.9375 24.8750 26.26 27.59 1013.7040
07096.2207 24.8125 24.9375 24.8750 26.25 27.57 1013.7958
07069.8208 24.8125 24.9375 24.8750 26.25 27.57 1013.7958
07095.4585 24.8125 24.8750 24.8750 26.25 27.57 1013.7958
07068.6709 24.8125 24.8750 24.8750 26.25 27.57 1013.7958
07069.5957 24.8125 24.8750 24.8750 26.25 27.57 1013.7958
07070.0459 24.8125 24.8750 24.8750 26.25 27.57 1013.7958
07120.3960 24.8125 24.8750 24.8750 26.25 27.57 1013.7958
07069.7959 24.8125 24.8750 24.8750 26.25 27.57 1013.7958
07070.3335 24.8125 24.8750 24.8750 26.25 27.57 1013.7958
07069.8584 24.8125 24.8750 24.8750 26.26 27.54 1013.7498
07095.2456 24.8125 24.8750 24.8750 26.26 27.54 1013.7498
07095.4458 24.8125 24.8750 24.8750 26.26 27.54 1013.7498
07070.2710 24.8125 24.8750 24.8750 26.26 27.54 1013.7498
07069.8584 24.8125 24.8750 24.8750 26.26 27.54 1013.7498
07069.7959 24.8125 24.8750 24.8750 26.26 27.54 1013.7498
07069.3833 24.8125 24.8750 24.8750 26.26 27.54 1013.7498
07146.7959 24.8125 24.8750 24.8750 26.26 27.54 1013.7498
07069.6084 24.8125 24.8750 24.8750 26.26 27.54 1013.7498
07095.4956 24.8125 24.8750 24.8125 26.26 27.51 1013.6412
07094.9834 24.8125 24.8750 24.8125 26.26 27.51 1013.6412
07069.5957 24.8125 24.8750 24.8125 26.26 27.51 1013.6412
07069.8584 24.8125 24.8750 24.8125 26.26 27.51 1013.6412
07070.0459 24.8125 24.8750 24.8125 26.26 27.51 1013.6412
07070.0459 24.8125 24.8750 24.8125 26.26 27.51 1013.6412
07069.7959 24.8125 24.8750 24.8125 26.26 27.51 1013.6412
07070.2710 24.7500 24.8750 24.8750 26.26 27.51 1013.6412
07095.2710 24.7500 24.8750 24.8750 26.26 27.51 1013.6412
07068.8960 24.7500 24.8750 24.8750 26.26 27.51 1013.6412
07070.5210 24.7500 24.8750 24.8750 26.26 28.09 1013.8041
07070.5210 24.7500 24.8750 24.8750 26.26 28.09 1013.8041
07070.2832 24.7500 24.8750 24.8750 26.26 28.09 1013.8041
07070.0957 24.7500 24.8750 24.8750 26.26 28.09 1013.8041
07096.8960 24.7500 24.8750 24.8750 26.26 28.09 1013.8041
07120.8706 24.7500 24.8750 24.8750 26.26 28.09 1013.8041
07069.0835 24.7500 24.9375 24.8750 26.26 28.09 1013.8041
07095.4585 24.7500 24.9375 24.8750 26.26 28.09 1013.8041
07070.0459 24.7500 24.9375 24.8750 26.26 28.09 1013.8041
07070.3335 24.7500 24.9375 24.8750 26.26 27.52 1013.7583
07070.5083 24.7500 24.9375 24.8750 26.26 27.52 1013.7583
07070.0459 24.7500 24.9375 24.8750 26.26 27.52 1013.7583
07069.6206 24.7500 24.9375 24.8750 26.26 27.52 1013.7583
07069.8584 24.8125 24.8750 24.8750 26.26 27.52 1013.7583
07068.6206 24.8125 24.8750 24.8750 26.26 27.52 1013.7583
07095.5083 24.8125 24.8750 24.8750 26.26 27.52 1013.7583
07120.3960 24.8125 24.8750 24.8750 26.26 27.52 1013.7583
07096.2207 24.8125 24.8750 24.8750 26.26 27.52 1013.7583
07069.3208 24.8125 24.8750 24.8750 26.26 27.52 1013.8312
07070.0957 24.8125 24.8750 24.8750 26.26 27.52 1013.8312
07069.8081 24.8125 24.8750 24.8750 26.26 27.52 1013.8312
07070.0957 24.8125 24.8750 24.8750 26.26 27.52 1013.8312
07121.8584 24.8125 24.9375 24.8750 26.26 27.52 1013.8312
07095.4834 24.8125 24.9375 24.8750 26.26 27.52 1013.8312
07069.8335 24.8125 24.9375 24.8750 26.26 27.52 1013.8312
07069.6084 24.8125 24.9375 24.8750 26.26 27.52 1013.8312
07069.3208 24.8125 24.9375 24.8750 26.26 27.52 1013.8312
07096.2207 24.8125 24.9375 24.8750 26.26 27.50 1013.7583
07069.3208 24.8125 24.9375 24.8750 26.26 27.50 1013.7583
07069.6206 24.7500 24.8750 24.8750 26.26 27.50 1013.7583
07120.9209 24.7500 24.8750 24.8750 26.26 27.50 1013.7583
07095.0332 24.7500 24.8750 24.8750 26.26 27.50 1013.7583
07069.5708 24.7500 24.8750 24.8750 26.26 27.50 1013.7583
07069.6206 24.7500 24.8750 24.8750 26.26 27.50 1013.7583
07069.5581 24.7500 24.8750 24.8750 26.26 27.50 1013.7583
07069.3833 24.7500 24.8750 24.8750 26.26 27.50 1013.7583
07069.5708 24.7500 24.8750 24.8750 26.26 27.50 1013.7583
07070.0835 24.7500 24.8750 24.8750 26.28 27.46 1013.7829
07069.1460 24.7500 24.9375 24.8750 26.28 27.46 1013.7829
07095.2456 24.7500 24.9375 24.8750 26.28 27.46 1013.7829
#terjedesi                                       nyomas  ##
#ido(usec)  T1(C)   T2(C)   T3(C)  T4(C) para(%)  (hPa)
07095.7456 24.7500 24.9375 24.8750 26.28 27.46 1013.7829
07096.1582 24.7500 24.9375 24.8750 26.28 27.46 1013.7829
07068.8833 24.7500 24.9375 24.8750 26.28 27.46 1013.7829
07069.8081 24.7500 24.9375 24.8750 26.28 27.46 1013.7829
07096.2207 24.7500 24.9375 24.8750 26.28 27.46 1013.7829
07069.8584 24.8125 24.9375 24.8750 26.28 27.46 1013.7829
07121.5708 24.8125 24.9375 24.8750 26.28 27.46 1013.7368
07095.2710 24.8125 24.9375 24.8750 26.28 27.46 1013.7368
07070.0332 24.8125 24.9375 24.8750 26.28 27.46 1013.7368
07069.7959 24.8125 24.9375 24.8750 26.28 27.46 1013.7368
07070.0708 24.8125 24.9375 24.8750 26.28 27.46 1013.7368
07069.8584 24.8125 24.9375 24.8750 26.28 27.46 1013.7368
07069.3706 24.8125 24.9375 24.8750 26.28 27.46 1013.7368
07069.8081 24.8125 24.9375 24.8750 26.28 27.46 1013.7368
07069.0957 24.7500 24.8750 24.8750 26.28 27.46 1013.7368
07095.0083 24.7500 24.8750 24.8750 26.27 27.48 1013.7204
07120.1582 24.7500 24.8750 24.8750 26.27 27.48 1013.7204
07069.3584 24.7500 24.8750 24.8750 26.27 27.48 1013.7204
07069.5708 24.7500 24.8750 24.8750 26.27 27.48 1013.7204
07069.8457 24.7500 24.8750 24.8750 26.27 27.48 1013.7204
07069.8584 24.7500 24.8750 24.8750 26.27 27.48 1013.7204
07070.0708 24.8125 24.9375 24.8750 26.27 27.48 1013.7204
07094.7334 24.8125 24.9375 24.8750 26.27 27.48 1013.7204
07095.5083 24.8125 24.9375 24.8750 26.27 27.48 1013.7204
07070.0581 24.8125 24.9375 24.8750 26.27 27.48 1013.7204
07070.2710 24.8125 24.9375 24.8750 26.27 27.45 1013.7747
07094.0581 24.8125 24.9375 24.8750 26.27 27.45 1013.7747
07120.8584 24.8125 24.9375 24.8750 26.27 27.45 1013.7747
07120.4458 24.8125 24.9375 24.8750 26.27 27.45 1013.7747
07070.0332 24.8125 24.9375 24.8750 26.27 27.45 1013.7747
07069.0957 24.8125 24.8750 24.8750 26.27 27.45 1013.7747
07069.1460 24.8125 24.8750 24.8750 26.27 27.45 1013.7747
07120.6709 24.8125 24.8750 24.8750 26.27 27.45 1013.7747
07120.9209 24.8125 24.8750 24.8750 26.29 27.42 1013.7450
07120.8960 24.8125 24.8750 24.8750 26.29 27.42 1013.7450
07070.0459 24.8125 24.8750 24.8750 26.29 27.42 1013.7450
07070.5332 24.8125 24.8750 24.8750 26.29 27.42 1013.7450
07070.0957 24.8125 24.8750 24.8750 26.29 27.42 1013.7450
07095.4707 24.8125 24.8750 24.8750 26.29 27.42 1013.7450
07069.1460 24.8125 24.8750 24.8750 26.29 27.42 1013.7450
07120.9209 24.8125 24.8750 24.8750 26.29 27.42 1013.7450
07070.5581 24.8125 24.8750 24.8750 26.29 27.42 1013.7450
07070.0957 24.8125 24.8750 24.8750 26.29 27.42 1013.7450
07068.1333 24.8125 24.8750 24.8750 26.29 27.41 1013.8264
07094.3208 24.8125 24.8750 24.8750 26.29 27.41 1013.8264
07094.0835 24.8125 24.8750 24.8750 26.29 27.41 1013.8264
07068.8584 24.8125 24.9375 24.8750 26.29 27.41 1013.8264
07068.6084 24.8125 24.9375 24.8750 26.29 27.41 1013.8264
07070.3081 24.8125 24.9375 24.8750 26.29 27.41 1013.8264
07070.3081 24.8125 24.9375 24.8750 26.29 27.41 1013.8264
07120.6206 24.8125 24.9375 24.8750 26.29 27.41 1013.8264
07069.8584 24.8125 24.9375 24.8750 26.29 27.41 1013.8264
07069.5957 24.8125 24.9375 24.8750 26.29 27.38 1013.8806
07069.8584 24.7500 24.9375 24.8750 26.29 27.38 1013.8806
07146.3335 24.7500 24.9375 24.8750 26.29 27.38 1013.8806
07068.6333 24.7500 24.9375 24.8750 26.29 27.38 1013.8806
07069.3833 24.7500 24.9375 24.8750 26.29 27.38 1013.8806
07069.8208 24.7500 24.9375 24.8750 26.29 27.38 1013.8806
07096.1831 24.7500 24.9375 24.8750 26.29 27.38 1013.8806
07095.9458 24.7500 24.9375 24.8750 26.29 27.38 1013.8806
07146.5708 24.7500 24.9375 24.8750 26.29 27.38 1013.8806
07069.8081 24.7500 24.9375 24.8750 26.29 27.38 1013.8806
07095.0332 24.8125 24.9375 24.8750 26.29 27.37 1013.7178
07071.2207 24.8125 24.9375 24.8750 26.29 27.37 1013.7178
07095.7456 24.8125 24.9375 24.8750 26.29 27.37 1013.7178
07069.6206 24.8125 24.9375 24.8750 26.29 27.37 1013.7178
07096.4082 24.8125 24.9375 24.8750 26.29 27.37 1013.7178
07096.9082 24.8125 24.9375 24.8750 26.29 27.37 1013.7178
07070.0957 24.8125 24.9375 24.8750 26.29 27.37 1013.7178
07070.0581 24.8125 24.8750 24.8750 26.29 27.37 1013.7178
07095.2710 24.8125 24.8750 24.8750 26.29 27.37 1013.7178
07095.4834 24.8125 24.8750 24.8750 26.29 27.38 1013.7992
07069.7959 24.8125 24.8750 24.8750 26.29 27.38 1013.7992
#terjedesi                                       nyomas  ##
#ido(usec)  T1(C)   T2(C)   T3(C)  T4(C) para(%)  (hPa)
07069.6206 24.8125 24.8750 24.8750 26.29 27.38 1013.7992
07070.0957 24.8125 24.8750 24.8750 26.29 27.38 1013.7992
07120.6460 24.8125 24.8750 24.8750 26.29 27.38 1013.7992
07069.5708 24.8125 24.8750 24.8750 26.29 27.38 1013.7992
07070.3335 24.8125 24.8750 24.8750 26.29 27.38 1013.7992
07095.2583 24.8125 24.9375 24.8750 26.29 27.38 1013.7992
07068.8833 24.8125 24.9375 24.8750 26.29 27.38 1013.7992
07069.8208 24.8125 24.9375 24.8750 26.28 27.35 1013.6825
07070.5459 24.8125 24.9375 24.8750 26.28 27.35 1013.6825
07069.8584 24.8125 24.9375 24.8750 26.28 27.35 1013.6825
07069.8584 24.8125 24.9375 24.8750 26.28 27.35 1013.6825
07120.4458 24.8125 24.9375 24.8750 26.28 27.35 1013.6825
07069.5835 24.8125 24.9375 24.8750 26.28 27.35 1013.6825
07068.6709 24.8125 24.9375 24.8750 26.28 27.35 1013.6825
07068.9082 24.8125 24.9375 24.8750 26.28 27.35 1013.6825
07069.8335 24.8125 24.9375 24.8750 26.28 27.35 1013.6825
07069.3833 24.8125 24.9375 24.8750 26.28 27.35 1013.6825
07120.6831 24.8125 24.9375 24.8750 26.30 27.35 1013.7614
07069.8208 24.8125 24.9375 24.8750 26.30 27.35 1013.7614
07120.8706 24.8125 24.9375 24.8750 26.30 27.35 1013.7614
07120.3960 24.8125 24.9375 24.8750 26.30 27.35 1013.7614
07095.4956 24.8125 24.8750 24.8750 26.30 27.35 1013.7614
07095.5083 24.8125 24.8750 24.8750 26.30 27.35 1013.7614
07069.8081 24.8125 24.8750 24.8750 26.30 27.35 1013.7614
07069.7959 24.8125 24.8750 24.8750 26.30 27.35 1013.7614
07069.6206 24.8125 24.8750 24.8750 26.30 27.33 1013.7614
07146.8081 24.8125 24.8750 24.8750 26.30 27.33 1013.7614
07069.6206 24.8125 24.8750 24.8750 26.30 27.33 1013.7614
07069.8584 24.8125 24.9375 24.8750 26.30 27.33 1013.7614
07095.6831 24.8125 24.9375 24.8750 26.30 27.33 1013.7614
07069.1084 24.8125 24.9375 24.8750 26.30 27.33 1013.7614
07069.6206 24.8125 24.9375 24.8750 26.30 27.33 1013.7614
07146.7583 24.8125 24.9375 24.8750 26.30 27.33 1013.7614
07070.2832 24.8125 24.9375 24.8750 26.30 27.33 1013.7614
07070.0581 24.8125 24.9375 24.8750 26.30 27.33 1013.7614
07120.6333 24.8125 24.9375 24.8750 26.31 27.29 1013.7781
07070.2832 24.8125 24.9375 24.8750 26.31 27.29 1013.7781
07095.4585 24.8125 24.9375 24.8750 26.31 27.29 1013.7781
07095.4585 24.8125 24.9375 24.8750 26.31 27.29 1013.7781
07096.6831 24.8125 24.9375 24.8750 26.31 27.29 1013.7781
07096.8833 24.8125 24.9375 24.8750 26.31 27.29 1013.7781
07070.0459 24.8125 24.9375 24.8750 26.31 27.29 1013.7781
07096.6460 24.8125 24.9375 24.8750 26.31 27.29 1013.7781
07093.7959 24.8125 24.9375 24.8750 26.31 27.29 1013.7781
07120.6831 24.8125 24.9375 24.8750 26.30 27.28 1013.7698
07069.1460 24.8125 24.9375 24.8750 26.30 27.28 1013.7698
07095.2207 24.8125 24.9375 24.8750 26.30 27.28 1013.7698
07069.8584 24.8125 24.9375 24.8750 26.30 27.28 1013.7698
07069.6206 24.8125 24.9375 24.8750 26.30 27.28 1013.7698
07069.8208 24.8125 24.9375 24.8750 26.30 27.28 1013.7698
07069.8208 24.8125 24.9375 24.8750 26.30 27.28 1013.7698
07120.6831 24.8125 24.9375 24.8750 26.30 27.28 1013.7698
07070.0459 24.8125 24.9375 24.8750 26.30 27.28 1013.7698
07069.0835 24.8125 24.9375 24.8750 26.30 27.28 1013.7698
07068.8584 24.8125 24.9375 24.8750 26.31 27.26 1013.7319
07070.3208 24.8125 24.9375 24.8750 26.31 27.26 1013.7319
07070.0459 24.8125 24.9375 24.8750 26.31 27.26 1013.7319
07096.4458 24.8125 24.9375 24.8750 26.31 27.26 1013.7319
07070.0332 24.8125 24.9375 24.8750 26.31 27.26 1013.7319
07070.0459 24.8125 24.9375 24.8750 26.31 27.26 1013.7319
07069.8081 24.8125 24.8750 24.9375 26.31 27.26 1013.7319
07095.5083 24.8125 24.8750 24.9375 26.31 27.26 1013.7319
07095.5083 24.8125 24.8750 24.9375 26.31 27.26 1013.7319
07069.8584 24.8125 24.8750 24.9375 26.31 27.28 1013.6152
07120.8960 24.8125 24.8750 24.9375 26.31 27.28 1013.6152
07070.0957 24.8125 24.8750 24.9375 26.31 27.28 1013.6152
07069.5835 24.8125 24.8750 24.9375 26.31 27.28 1013.6152
07070.0708 24.8125 24.8750 24.9375 26.31 27.28 1013.6152
07120.8706 24.8125 24.8750 24.9375 26.31 27.28 1013.6152
07068.8833 24.8125 24.8750 24.8750 26.31 27.28 1013.6152
07095.2207 24.8125 24.8750 24.8750 26.31 27.28 1013.6152
07070.0332 24.8125 24.8750 24.8750 26.31 27.28 1013.6152
07096.6958 24.8125 24.8750 24.8750 26.32 27.27 1013.7673
#terjedesi                                       nyomas  ##
#ido(usec)  T1(C)   T2(C)   T3(C)  T4(C) para(%)  (hPa)
07121.1206 24.8125 24.8750 24.8750 26.32 27.27 1013.7673
07070.5708 24.8125 24.8750 24.8750 26.32 27.27 1013.7673
07121.3335 24.8125 24.8750 24.8750 26.32 27.27 1013.7673
07120.4209 24.8125 24.9375 24.8750 26.32 27.27 1013.7673
07068.6709 24.8125 24.9375 24.8750 26.32 27.27 1013.7673
07095.9331 24.8125 24.9375 24.8750 26.32 27.27 1013.7673
07070.0708 24.8125 24.9375 24.8750 26.32 27.27 1013.7673
07070.2959 24.8125 24.9375 24.8750 26.32 27.27 1013.7673
07070.2710 24.8125 24.9375 24.8750 26.32 27.27 1013.7673
07070.3081 24.8125 24.9375 24.8750 26.32 27.28 1013.8215
07070.2710 24.8125 24.9375 24.8750 26.32 27.28 1013.8215
07120.6831 24.8125 24.9375 24.8750 26.32 27.28 1013.8215
07068.4331 24.8125 24.8750 24.9375 26.32 27.28 1013.8215
07095.2456 24.8125 24.8750 24.9375 26.32 27.28 1013.8215
07069.7959 24.8125 24.8750 24.9375 26.32 27.28 1013.8215
07070.2832 24.8125 24.8750 24.9375 26.32 27.28 1013.8215
07070.2832 24.8125 24.8750 24.9375 26.32 27.28 1013.8215
07070.2832 24.8125 24.8750 24.9375 26.33 27.27 1013.8108
07120.8706 24.8125 24.8750 24.9375 26.33 27.27 1013.8108
07070.0957 24.8125 24.9375 24.8750 26.33 27.27 1013.8108
07095.2710 24.8125 24.9375 24.8750 26.33 27.27 1013.8108
07068.8584 24.8125 24.9375 24.8750 26.33 27.27 1013.8108
07070.5332 24.8125 24.9375 24.8750 26.33 27.27 1013.8108
07070.2832 24.8125 24.9375 24.8750 26.33 27.27 1013.8108
07121.1582 24.8125 24.9375 24.8750 26.33 27.27 1013.8108
07120.6709 24.8125 24.9375 24.8750 26.33 27.27 1013.8108
07120.8584 24.8125 24.9375 24.8750 26.33 27.27 1013.8108
07120.6333 24.8125 24.9375 24.8750 26.33 27.26 1013.7565
07068.4331 24.8125 24.9375 24.9375 26.33 27.26 1013.7565
07068.3706 24.8125 24.9375 24.9375 26.33 27.26 1013.7565
07069.3457 24.8125 24.9375 24.9375 26.33 27.26 1013.7565
07120.3960 24.8125 24.9375 24.9375 26.33 27.26 1013.7565
07120.2085 24.8125 24.9375 24.9375 26.33 27.26 1013.7565
07120.6582 24.8125 24.9375 24.9375 26.33 27.26 1013.7565
07093.8457 24.8125 24.9375 24.9375 26.33 27.26 1013.7565
07097.1582 24.8125 24.9375 24.8750 26.33 27.26 1013.7565
07095.2710 24.8125 24.9375 24.8750 26.32 27.27 1013.8487
07068.6582 24.8125 24.9375 24.8750 26.32 27.27 1013.8487
07070.0459 24.8125 24.9375 24.8750 26.32 27.27 1013.8487
07120.9082 24.8125 24.9375 24.8750 26.32 27.27 1013.8487
07120.8706 24.8125 24.9375 24.8750 26.32 27.27 1013.8487
07070.0957 24.8125 24.9375 24.8750 26.32 27.27 1013.8487
07070.0957 24.8125 24.9375 24.8750 26.32 27.27 1013.8487
07120.2085 24.8125 24.9375 24.8750 26.32 27.27 1013.8487
07095.5083 24.8125 24.9375 24.8750 26.32 27.27 1013.8487
07146.5210 24.8125 24.9375 24.8750 26.33 27.38 1013.8190
07070.5581 24.8125 24.9375 24.8750 26.33 27.38 1013.8190
07094.0332 24.8125 24.9375 24.8750 26.33 27.38 1013.8190
07094.0581 24.8125 24.9375 24.8750 26.33 27.38 1013.8190
07094.2583 24.8125 24.9375 24.8750 26.33 27.38 1013.8190
07094.0835 24.8125 24.9375 24.8750 26.33 27.38 1013.8190
07070.2832 24.8125 24.8750 24.9375 26.33 27.38 1013.8190
07068.8584 24.8125 24.8750 24.9375 26.33 27.38 1013.8190
07095.6958 24.8125 24.8750 24.9375 26.33 27.38 1013.8190
07070.0957 24.8125 24.8750 24.9375 26.33 27.38 1013.8190
07070.0957 24.8125 24.8750 24.9375 26.32 27.23 1013.7402
07069.5708 24.8125 24.8750 24.9375 26.32 27.23 1013.7402
07120.4458 24.8125 24.8750 24.9375 26.32 27.23 1013.7402
07120.8706 24.8125 24.8750 24.9375 26.32 27.23 1013.7402
07120.6831 24.8125 24.8750 24.9375 26.32 27.23 1013.7402
07146.5210 24.8125 24.8750 24.9375 26.32 27.23 1013.7402
07069.3208 24.8125 24.8750 24.9375 26.32 27.23 1013.7402
07094.3208 24.8125 24.8750 24.9375 26.32 27.23 1013.7402
07120.6333 24.8125 24.8750 24.9375 26.32 27.23 1013.7402
07170.5332 24.8125 24.8750 24.9375 26.33 27.22 1013.6750
07120.1831 24.8125 24.8750 24.9375 26.33 27.22 1013.6750
07120.2085 24.8125 24.8750 24.9375 26.33 27.22 1013.6750
07069.8335 24.8125 24.9375 24.8750 26.33 27.22 1013.6750
07067.9585 24.8125 24.9375 24.8750 26.33 27.22 1013.6750
07068.4331 24.8125 24.9375 24.8750 26.33 27.22 1013.6750
07069.5835 24.8125 24.9375 24.8750 26.33 27.22 1013.6750
07069.5957 24.8125 24.9375 24.8750 26.33 27.22 1013.6750
07070.0459 24.8125 24.9375 24.8750 26.33 27.22 1013.6750
#terjedesi                                       nyomas  ##
#ido(usec)  T1(C)   T2(C)   T3(C)  T4(C) para(%)  (hPa)
07069.6206 24.8125 24.9375 24.8750 26.33 27.22 1013.6750
07069.6084 24.8125 24.9375 24.8750 26.33 27.21 1013.7565
07069.5957 24.8125 24.9375 24.8750 26.33 27.21 1013.7565
07068.4331 24.8125 24.9375 24.8750 26.33 27.21 1013.7565
07068.8833 24.8125 24.9375 24.8750 26.33 27.21 1013.7565
07069.3833 24.8125 24.9375 24.8750 26.33 27.21 1013.7565
07069.8335 24.8125 24.9375 24.8750 26.33 27.21 1013.7565
07066.9458 24.8125 24.9375 24.8750 26.33 27.21 1013.7565
07069.5708 24.8125 24.9375 24.8750 26.33 27.21 1013.7565
07096.8833 24.8125 24.9375 24.8750 26.33 27.19 1013.7022
07120.4458 24.8125 24.8750 24.8750 26.33 27.19 1013.7022
07068.9082 24.8125 24.8750 24.8750 26.33 27.19 1013.7022
07068.6709 24.8125 24.8750 24.8750 26.33 27.19 1013.7022
07120.3833 24.8125 24.8750 24.8750 26.33 27.19 1013.7022
07070.0957 24.8125 24.8750 24.8750 26.33 27.19 1013.7022
07070.0957 24.8125 24.8750 24.8750 26.33 27.19 1013.7022
07069.5957 24.8125 24.8750 24.8750 26.33 27.19 1013.7022
07069.5835 24.8125 24.8750 24.8750 26.33 27.19 1013.7022
07069.3208 24.8125 24.8750 24.8750 26.33 27.19 1013.7022
07095.2583 24.8125 24.8750 24.9375 26.33 27.21 1013.7104
07095.2710 24.8125 24.8750 24.9375 26.33 27.21 1013.7104
07070.0581 24.8125 24.8750 24.9375 26.33 27.21 1013.7104
07120.3833 24.8125 24.8750 24.9375 26.33 27.21 1013.7104
07094.0835 24.8125 24.8750 24.9375 26.33 27.21 1013.7104
07120.6206 24.8125 24.8750 24.9375 26.33 27.21 1013.7104
07070.2832 24.8125 24.8750 24.9375 26.33 27.21 1013.7104
07120.3960 24.8125 24.9375 24.8750 26.33 27.21 1013.7104
07068.6206 24.8125 24.9375 24.8750 26.33 27.21 1013.7104
07095.9707 24.8125 24.9375 24.8750 26.35 27.21 1013.7081
07070.0459 24.8125 24.9375 24.8750 26.35 27.21 1013.7081
07069.8457 24.8125 24.9375 24.8750 26.35 27.21 1013.7081
07120.3960 24.8125 24.9375 24.8750 26.35 27.21 1013.7081
07069.8584 24.8125 24.9375 24.8750 26.35 27.21 1013.7081
07121.3335 24.8125 24.9375 24.8750 26.35 27.21 1013.7081
07120.3833 24.8125 24.9375 24.8750 26.35 27.21 1013.7081
07069.3833 24.8125 24.9375 24.8750 26.35 27.21 1013.7081
07069.0957 24.8125 24.9375 24.8750 26.35 27.21 1013.7081
07070.0708 24.8125 24.9375 24.8750 26.34 27.16 1013.7729
07069.8081 24.8125 24.9375 24.8750 26.34 27.16 1013.7729
07094.0835 24.8125 24.9375 24.8750 26.34 27.16 1013.7729
07094.2710 24.8125 24.9375 24.8750 26.34 27.16 1013.7729
07094.0210 24.8125 24.9375 24.8750 26.34 27.16 1013.7729
07069.8584 24.8125 24.9375 24.8750 26.34 27.16 1013.7729
07095.9585 24.8125 24.9375 24.8750 26.34 27.16 1013.7729
07068.8833 24.8125 24.9375 24.8750 26.34 27.16 1013.7729
07120.8706 24.8125 24.9375 24.8750 26.34 27.16 1013.7729
07120.8584 24.8125 24.9375 24.8750 26.34 27.16 1013.7729
07070.5210 24.8125 24.9375 24.8750 26.34 27.15 1013.7457
07120.6831 24.8125 24.9375 24.8750 26.34 27.15 1013.7457
07120.4458 24.8125 24.9375 24.8750 26.34 27.15 1013.7457
07096.6958 24.8125 24.9375 24.8750 26.34 27.15 1013.7457
07068.9082 24.8125 24.9375 24.8750 26.34 27.15 1013.7457
07095.4585 24.8125 24.9375 24.8750 26.34 27.15 1013.7457
07094.2710 24.8125 24.9375 24.8750 26.34 27.15 1013.7457
07094.2710 24.8125 24.9375 24.8750 26.34 27.15 1013.7457
07069.8584 24.8125 24.9375 24.8750 26.34 27.15 1013.7457
07120.6333 24.8125 24.9375 24.8750 26.33 27.19 1013.7565
07120.6333 24.8125 24.9375 24.8750 26.33 27.19 1013.7565
07069.8335 24.8125 24.8750 24.8750 26.33 27.19 1013.7565
07068.8584 24.8125 24.8750 24.8750 26.33 27.19 1013.7565
07069.0957 24.8125 24.8750 24.8750 26.33 27.19 1013.7565
07070.2710 24.8125 24.8750 24.8750 26.33 27.19 1013.7565
07093.7832 24.8125 24.8750 24.8750 26.33 27.19 1013.7565
07120.4458 24.8125 24.8750 24.8750 26.33 27.19 1013.7565
07069.8584 24.8125 24.8750 24.8750 26.33 27.19 1013.7565
07120.6831 24.8125 24.8750 24.8750 26.33 27.19 1013.7565
07096.6958 24.8125 24.8750 24.8750 26.36 27.22 1013.8059
07068.6460 24.8125 24.8750 24.8750 26.36 27.22 1013.8059
07069.5708 24.8125 24.8750 24.8750 26.36 27.22 1013.8059
07120.6333 24.8125 24.8750 24.8750 26.36 27.22 1013.8059
07120.1582 24.8125 24.8750 24.8750 26.36 27.22 1013.8059
07094.2959 24.8125 24.8750 24.8750 26.36 27.22 1013.8059
07120.1582 24.8125 24.8750 24.8750 26.36 27.22 1013.8059
#terjedesi                                       nyomas  ##
#ido(usec)  T1(C)   T2(C)   T3(C)  T4(C) para(%)  (hPa)
07093.7959 24.8125 24.8750 24.8750 26.36 27.22 1013.8059
07093.8457 24.8125 24.9375 24.9375 26.34 27.29 1013.7271
07068.6333 24.8125 24.9375 24.9375 26.34 27.29 1013.7271
07068.9082 24.8125 24.9375 24.9375 26.34 27.29 1013.7271
07120.4458 24.8125 24.9375 24.9375 26.34 27.29 1013.7271
07070.0332 24.8125 24.9375 24.9375 26.34 27.29 1013.7271
07120.3833 24.8125 24.9375 24.9375 26.34 27.29 1013.7271
07069.5835 24.8125 24.9375 24.9375 26.34 27.29 1013.7271
07094.0581 24.8125 24.9375 24.9375 26.34 27.29 1013.7271
07120.6333 24.8125 24.9375 24.9375 26.34 27.29 1013.7271
07068.8584 24.8125 24.8750 24.9375 26.34 27.29 1013.7271
07068.8457 24.8125 24.8750 24.9375 26.35 27.34 1013.6892
07094.0835 24.8125 24.8750 24.9375 26.35 27.34 1013.6892
07120.1460 24.8125 24.8750 24.9375 26.35 27.34 1013.6892
07170.5581 24.8125 24.8750 24.9375 26.35 27.34 1013.6892
07070.2959 24.8125 24.8750 24.9375 26.35 27.34 1013.6892
07070.0957 24.8125 24.8750 24.9375 26.35 27.34 1013.6892
07094.0581 24.8125 24.8750 24.9375 26.35 27.34 1013.6892
07095.2085 24.8125 24.8750 24.9375 26.35 27.34 1013.6892
07068.4331 24.8125 24.8750 24.9375 26.35 27.34 1013.6892
07120.6333 24.8125 24.8750 24.9375 26.36 27.30 1013.8059
07070.2832 24.8125 24.8750 24.9375 26.36 27.30 1013.8059
07120.9209 24.8125 24.8750 24.9375 26.36 27.30 1013.8059
07120.6831 24.8125 24.8750 24.9375 26.36 27.30 1013.8059
07093.7959 24.8125 24.8750 24.9375 26.36 27.30 1013.8059
07069.6084 24.8125 24.8750 24.9375 26.36 27.30 1013.8059
07068.8960 24.8125 24.9375 24.9375 26.36 27.30 1013.8059
07068.6206 24.8125 24.9375 24.9375 26.36 27.30 1013.8059
07119.9209 24.8125 24.9375 24.9375 26.36 27.30 1013.8059
07069.3457 24.8125 24.9375 24.9375 26.35 27.28 1013.7706
07120.1582 24.8125 24.9375 24.9375 26.35 27.28 1013.7706
07120.3833 24.8125 24.9375 24.9375 26.35 27.28 1013.7706
07120.2085 24.8125 24.9375 24.9375 26.35 27.28 1013.7706
07120.1460 24.8125 24.9375 24.9375 26.35 27.28 1013.7706
07068.6582 24.8125 24.9375 24.9375 26.35 27.28 1013.7706
07068.6084 24.8125 24.9375 24.9375 26.35 27.28 1013.7706
07069.3706 24.8125 24.9375 24.9375 26.35 27.28 1013.7706
07120.2085 24.8125 24.9375 24.9375 26.35 27.28 1013.7706
07120.1582 24.8125 24.9375 24.9375 26.35 27.28 1013.7706
07093.8457 24.8125 24.9375 24.9375 26.36 27.24 1013.7516
07070.0957 24.8125 24.9375 24.9375 26.36 27.24 1013.7516
07070.0708 24.8125 24.9375 24.9375 26.36 27.24 1013.7516
07068.6709 24.8125 24.9375 24.9375 26.36 27.24 1013.7516
07095.2583 24.8125 24.9375 24.9375 26.36 27.24 1013.7516
07120.4082 24.8125 24.9375 24.9375 26.36 27.24 1013.7516
07093.5581 24.8125 24.9375 24.9375 26.36 27.24 1013.7516
07066.7085 24.8125 24.9375 24.9375 26.36 27.24 1013.7516
07092.8960 24.8125 24.9375 24.9375 26.36 27.24 1013.7516
07066.5332 24.8125 24.9375 24.9375 26.35 27.22 1013.6810
07093.5581 24.8125 24.8750 24.9375 26.35 27.22 1013.6810
07092.3833 24.8125 24.8750 24.9375 26.35 27.22 1013.6810
07092.6582 24.8125 24.8750 24.9375 26.35 27.22 1013.6810
07066.9585 24.8125 24.8750 24.9375 26.35 27.22 1013.6810
07093.1333 24.8125 24.8750 24.9375 26.35 27.22 1013.6810
07066.7710 24.8125 24.8750 24.9375 26.35 27.22 1013.6810
07093.1084 24.8125 24.8750 24.9375 26.35 27.22 1013.6810
07146.5210 24.8125 24.8750 24.9375 26.35 27.22 1013.6810
07096.1582 24.8125 24.8750 24.9375 26.35 27.22 1013.6810
07068.1460 24.8125 24.9375 24.9375 26.36 27.69 1013.6973
07095.0332 24.8125 24.9375 24.9375 26.36 27.69 1013.6973
07119.9082 24.8125 24.9375 24.9375 26.36 27.69 1013.6973
07069.3833 24.8125 24.9375 24.9375 26.36 27.69 1013.6973
07069.5581 24.8125 24.9375 24.9375 26.36 27.69 1013.6973
07120.1582 24.8125 24.9375 24.9375 26.36 27.69 1013.6973
07069.3335 24.8125 24.9375 24.9375 26.36 27.69 1013.6973
07069.3833 24.8125 24.8750 24.8750 26.36 27.69 1013.6973
07094.9834 24.8125 24.8750 24.8750 26.36 27.57 1013.6973
07068.6709 24.8125 24.8750 24.8750 26.36 27.57 1013.6973
07119.9082 24.8125 24.8750 24.8750 26.36 27.57 1013.6973
07120.2085 24.8125 24.8750 24.8750 26.36 27.57 1013.6973
07069.3833 24.8125 24.8750 24.8750 26.36 27.57 1013.6973
07069.5581 24.8125 24.8750 24.8750 26.36 27.57 1013.6973
07120.3833 24.8125 24.8750 24.8750 26.36 27.57 1013.6973
#terjedesi                                       nyomas  ##
#ido(usec)  T1(C)   T2(C)   T3(C)  T4(C) para(%)  (hPa)
07070.0459 24.8125 24.8750 24.8750 26.36 27.57 1013.6973
07068.6206 24.8125 24.9375 24.9375 26.36 27.57 1013.6973
07095.7456 24.8125 24.9375 24.9375 26.36 27.57 1013.6973
07094.0332 24.8125 24.9375 24.9375 26.36 27.37 1013.6973
07096.1709 24.8125 24.9375 24.9375 26.36 27.37 1013.6973
07094.0835 24.8125 24.9375 24.9375 26.36 27.37 1013.6973
07066.7710 24.8125 24.9375 24.9375 26.36 27.37 1013.6973
07093.8457 24.8125 24.9375 24.9375 26.36 27.37 1013.6973
07067.6709 24.8125 24.8750 24.9375 26.36 27.37 1013.6973
07068.6709 24.8125 24.8750 24.9375 26.36 27.37 1013.6973
07068.6206 24.8125 24.8750 24.9375 26.36 27.37 1013.6973
07120.4458 24.8125 24.8750 24.9375 26.36 27.37 1013.6973
07120.2085 24.8125 24.8750 24.9375 26.36 27.50 1013.6702
07120.1582 24.8125 24.8750 24.9375 26.36 27.50 1013.6702
07093.6084 24.8125 24.8750 24.9375 26.36 27.50 1013.6702
07093.8457 24.8125 24.8750 24.9375 26.36 27.50 1013.6702
07093.5581 24.8125 24.8750 24.9375 26.36 27.50 1013.6702
07092.6582 24.8125 24.8750 24.9375 26.36 27.50 1013.6702
07118.7456 24.8125 24.8750 24.9375 26.36 27.50 1013.6702
07093.6084 24.8125 24.8750 24.9375 26.36 27.50 1013.6702
07093.3457 24.8125 24.8750 24.9375 26.36 27.50 1013.6702
07066.5210 24.8125 24.8750 24.9375 26.36 27.67 1013.6702
07067.2207 24.8125 24.8750 24.9375 26.36 27.67 1013.6702
07067.1831 24.8125 24.8750 24.9375 26.36 27.67 1013.6702
07094.0210 24.8125 24.9375 24.9375 26.36 27.67 1013.6702
07119.0210 24.8125 24.9375 24.9375 26.36 27.67 1013.6702
07092.6582 24.8125 24.9375 24.9375 26.36 27.67 1013.6702
07067.0083 24.8125 24.9375 24.9375 26.36 27.67 1013.6702
07066.7085 24.8125 24.9375 24.9375 26.36 27.67 1013.6702
07067.0083 24.8125 24.9375 24.9375 26.36 27.67 1013.6702
07066.7085 24.8125 24.9375 24.9375 26.36 27.67 1013.6702
07066.7207 24.8125 24.9375 24.9375 26.36 27.83 1013.7245
07093.3208 24.8125 24.9375 24.9375 26.36 27.83 1013.7245
07092.1831 24.8125 24.8750 24.9375 26.36 27.83 1013.7245
07118.9707 24.8125 24.8750 24.9375 26.36 27.83 1013.7245
07067.0083 24.8125 24.8750 24.9375 26.36 27.83 1013.7245
07070.0459 24.8125 24.8750 24.9375 26.36 27.83 1013.7245
07120.3833 24.8125 24.8750 24.9375 26.36 27.83 1013.7245
07120.2085 24.8125 24.8750 24.9375 26.36 27.83 1013.7245
07093.3335 24.8125 24.8750 24.9375 26.36 27.83 1013.7245
07069.5708 24.8125 24.8750 24.9375 26.36 27.76 1013.7598
07094.7959 24.8125 24.8750 24.9375 26.36 27.76 1013.7598
07068.1582 24.8125 24.8750 24.9375 26.36 27.76 1013.7598
07069.5581 24.8125 24.8750 24.9375 26.36 27.76 1013.7598
07120.1460 24.8125 24.8750 24.9375 26.36 27.76 1013.7598
07120.2085 24.8125 24.8750 24.9375 26.36 27.76 1013.7598
07120.1460 24.8125 24.8750 24.9375 26.36 27.76 1013.7598
07119.9585 24.8125 24.8750 24.9375 26.36 27.76 1013.7598
07093.3706 24.8125 24.8750 24.9375 26.36 27.76 1013.7598
07068.3833 24.8125 24.9375 24.9375 26.37 27.51 1013.8223
07095.4585 24.8125 24.9375 24.9375 26.37 27.51 1013.8223
07093.7959 24.8125 24.9375 24.9375 26.37 27.51 1013.8223
07094.0708 24.8125 24.9375 24.9375 26.37 27.51 1013.8223
07120.3960 24.8125 24.9375 24.9375 26.37 27.51 1013.8223
07120.8960 24.8125 24.9375 24.9375 26.37 27.51 1013.8223
07120.6333 24.8125 24.9375 24.9375 26.37 27.51 1013.8223
07120.1460 24.8125 24.9375 24.9375 26.37 27.51 1013.8223
07068.6709 24.8125 24.9375 24.9375 26.37 27.51 1013.8223
07069.1084 24.8125 24.9375 24.9375 26.38 27.38 1013.7844
07069.5835 24.8125 24.9375 24.9375 26.38 27.38 1013.7844
07120.2085 24.8125 24.9375 24.9375 26.38 27.38 1013.7844
07069.8081 24.8125 24.9375 24.9375 26.38 27.38 1013.7844
07093.5708 24.8125 24.9375 24.9375 26.38 27.38 1013.7844
07093.7959 24.8125 24.9375 24.9375 26.38 27.38 1013.7844
07120.6460 24.8125 24.9375 24.9375 26.38 27.38 1013.7844
07068.8584 24.8125 24.8750 24.9375 26.38 27.38 1013.7844
07095.7456 24.8125 24.8750 24.9375 26.38 27.38 1013.7844
07120.1958 24.8125 24.8750 24.9375 26.38 27.38 1013.7844
07069.8081 24.8125 24.8750 24.9375 26.37 27.31 1013.7137
07093.7959 24.8125 24.8750 24.9375 26.37 27.31 1013.7137
07070.0708 24.8125 24.8750 24.9375 26.37 27.31 1013.7137
07067.9082 24.8125 24.8750 24.9375 26.37 27.31 1013.7137
07094.0459 24.8125 24.9375 24.9375 26.37 27.31 1013.7137
#terjedesi                                       nyomas  ##
#ido(usec)  T1(C)   T2(C)   T3(C)  T4(C) para(%)  (hPa)
07067.9082 24.8125 24.9375 24.9375 26.37 27.31 1013.7137
07068.6709 24.8125 24.9375 24.9375 26.37 27.31 1013.7137
07119.7334 24.8125 24.9375 24.9375 26.37 27.31 1013.7137
07069.8081 24.8125 24.9375 24.9375 26.37 27.31 1013.7137
07069.5957 24.8125 24.9375 24.9375 26.37 27.31 1013.7681
07094.0835 24.8125 24.9375 24.9375 26.37 27.31 1013.7681
07067.4834 24.8125 24.9375 24.9375 26.37 27.31 1013.7681
07093.7832 24.8125 24.9375 24.9375 26.37 27.31 1013.7681
07068.9082 24.8125 24.9375 24.9375 26.37 27.31 1013.7681
07068.6084 24.8125 24.9375 24.9375 26.37 27.31 1013.7681
07069.8208 24.8125 24.9375 24.9375 26.37 27.31 1013.7681
07069.3208 24.8125 24.9375 24.9375 26.37 27.31 1013.7681
07067.0083 24.8125 24.9375 24.9375 26.37 27.31 1013.7681
07093.7959 24.8125 24.9375 24.9375 26.37 27.29 1013.7762
07069.5957 24.8125 24.9375 24.9375 26.37 27.29 1013.7762
07070.3335 24.8125 24.9375 24.9375 26.37 27.29 1013.7762
07068.3833 24.8125 24.9375 24.9375 26.37 27.29 1013.7762
07068.4082 24.8125 24.9375 24.9375 26.37 27.29 1013.7762
07096.6958 24.8125 24.9375 24.9375 26.37 27.29 1013.7762
07069.8335 24.8125 24.9375 24.9375 26.37 27.29 1013.7762
07120.3960 24.8125 24.9375 24.9375 26.37 27.29 1013.7762
07120.4209 24.8125 24.9375 24.9375 26.37 27.29 1013.7762
07094.0332 24.8125 24.9375 24.9375 26.37 27.29 1013.7762
07120.1582 24.8125 24.9375 24.9375 26.37 27.30 1013.7137
07068.6206 24.8125 24.9375 24.9375 26.37 27.30 1013.7137
07068.3833 24.8125 24.9375 24.9375 26.37 27.30 1013.7137
07119.9585 24.8125 24.9375 24.9375 26.37 27.30 1013.7137
07093.7959 24.8125 24.9375 24.9375 26.37 27.30 1013.7137
07120.4458 24.8125 24.9375 24.9375 26.37 27.30 1013.7137
07093.3208 24.8125 24.9375 24.9375 26.37 27.30 1013.7137
07069.5957 24.8125 24.9375 24.9375 26.37 27.30 1013.7137
07069.5957 24.8125 24.9375 24.9375 26.37 27.30 1013.7137
07069.0957 24.8125 24.9375 24.9375 26.38 27.29 1013.6758
07069.3706 24.8125 24.9375 24.9375 26.38 27.29 1013.6758
07120.6460 24.8125 24.9375 24.9375 26.38 27.29 1013.6758
07093.6084 24.8125 24.9375 24.9375 26.38 27.29 1013.6758
07093.5459 24.8125 24.9375 24.9375 26.38 27.29 1013.6758
07067.0083 24.8125 24.9375 24.9375 26.38 27.29 1013.6758
07120.6206 24.8125 24.9375 24.9375 26.38 27.29 1013.6758
07069.6206 24.8125 24.9375 24.9375 26.38 27.29 1013.6758
07068.6084 24.8125 24.9375 24.9375 26.38 27.29 1013.6758
07069.0957 24.8125 24.9375 24.9375 26.39 27.28 1013.7929
07096.4082 24.8125 24.9375 24.9375 26.39 27.28 1013.7929
07069.5708 24.8125 24.9375 24.9375 26.39 27.28 1013.7929
07120.2085 24.8125 24.9375 24.9375 26.39 27.28 1013.7929
07093.7959 24.8125 24.9375 24.9375 26.39 27.28 1013.7929
07069.7959 24.8125 24.9375 24.9375 26.39 27.28 1013.7929
07069.3208 24.8125 24.8750 24.9375 26.39 27.28 1013.7929
07095.0210 24.8125 24.8750 24.9375 26.39 27.28 1013.7929
07094.7334 24.8125 24.8750 24.9375 26.39 27.28 1013.7929
07119.9331 24.8125 24.8750 24.9375 26.39 27.26 1013.8472
07069.3335 24.8125 24.8750 24.9375 26.39 27.26 1013.8472
07120.3833 24.8125 24.8750 24.9375 26.39 27.26 1013.8472
07093.3457 24.8125 24.8750 24.9375 26.39 27.26 1013.8472
07120.1958 24.8125 24.8750 24.9375 26.39 27.26 1013.8472
07120.4458 24.8125 24.8750 24.9375 26.39 27.26 1013.8472
07068.6333 24.8125 24.9375 24.9375 26.39 27.26 1013.8472
07068.8457 24.8125 24.9375 24.9375 26.39 27.26 1013.8472
07093.5581 24.8125 24.9375 24.9375 26.39 27.26 1013.8472
07119.9331 24.8125 24.9375 24.9375 26.40 27.23 1013.7550
07069.3457 24.8125 24.9375 24.9375 26.40 27.23 1013.7550
07069.6206 24.8125 24.9375 24.9375 26.40 27.23 1013.7550
07069.5581 24.8125 24.9375 24.9375 26.40 27.23 1013.7550
07120.3833 24.8125 24.8750 24.9375 26.40 27.23 1013.7550
07068.4209 24.8125 24.8750 24.9375 26.40 27.23 1013.7550
07145.8584 24.8125 24.8750 24.9375 26.40 27.23 1013.7550
07093.7832 24.8125 24.8750 24.9375 26.40 27.23 1013.7550
07119.9707 24.8125 24.8750 24.9375 26.40 27.23 1013.7550
07120.4458 24.8125 24.8750 24.9375 26.40 27.23 1013.7550
07120.6831 24.8125 24.8750 24.9375 26.38 27.23 1013.7301
07094.0835 24.8125 24.8750 24.9375 26.38 27.23 1013.7301
07120.8833 24.8125 24.8750 24.9375 26.38 27.23 1013.7301
07068.8584 24.8125 24.9375 24.9375 26.38 27.23 1013.7301
#terjedesi                                       nyomas  ##
#ido(usec)  T1(C)   T2(C)   T3(C)  T4(C) para(%)  (hPa)
07094.7959 24.8125 24.9375 24.9375 26.38 27.23 1013.7301
07120.2085 24.8125 24.9375 24.9375 26.38 27.23 1013.7301
07069.3584 24.8125 24.9375 24.9375 26.38 27.23 1013.7301
07119.9707 24.8125 24.9375 24.9375 26.38 27.23 1013.7301
07119.4956 24.8125 24.9375 24.9375 26.38 27.23 1013.7301
07069.8081 24.8125 24.9375 24.9375 26.38 27.22 1013.6758
07069.5708 24.8125 24.9375 24.9375 26.38 27.22 1013.6758
07068.4331 24.8125 24.9375 24.9375 26.38 27.22 1013.6758
07068.6709 24.8125 24.9375 24.9375 26.38 27.22 1013.6758
07069.8208 24.8125 24.9375 24.9375 26.38 27.22 1013.6758
07069.8584 24.8125 24.9375 24.9375 26.38 27.22 1013.6758
07093.6084 24.8125 24.9375 24.9375 26.38 27.22 1013.6758
07069.3584 24.8125 24.9375 24.9375 26.38 27.22 1013.6758
07069.3335 24.8125 24.9375 24.9375 26.38 27.22 1013.6758
07120.3960 24.8125 24.9375 24.9375 26.38 27.22 1013.6758
07068.3833 24.8125 24.9375 24.9375 26.39 27.22 1013.8011
07068.6709 24.8125 24.9375 24.9375 26.39 27.22 1013.8011
07120.1958 24.8125 24.9375 24.9375 26.39 27.22 1013.8011
07069.6206 24.8125 24.9375 24.9375 26.39 27.22 1013.8011
07069.8335 24.8125 24.9375 24.9375 26.39 27.22 1013.8011
07093.5835 24.8125 24.9375 24.9375 26.39 27.22 1013.8011
07119.9707 24.8125 24.9375 24.9375 26.39 27.22 1013.8011
07093.6084 24.8125 24.9375 24.9375 26.39 27.22 1013.8011
07094.7334 24.8125 24.9375 24.9375 26.39 27.22 1013.8011
07068.6709 24.8125 24.9375 24.9375 26.39 27.21 1013.8011
07120.1958 24.8125 24.9375 24.9375 26.39 27.21 1013.8011
07069.3335 24.8125 24.9375 24.9375 26.39 27.21 1013.8011
07120.2085 24.8125 24.9375 24.9375 26.39 27.21 1013.8011
07119.9082 24.8125 24.9375 24.9375 26.39 27.21 1013.8011
07070.0332 24.8125 24.9375 24.9375 26.39 27.21 1013.8011
07094.3208 24.8125 24.9375 24.9375 26.39 27.21 1013.8011
07068.4082 24.8125 24.9375 24.9375 26.39 27.21 1013.8011
07069.0957 24.8125 24.9375 24.9375 26.39 27.21 1013.8011
07120.6831 24.8125 24.9375 24.9375 26.40 27.20 1013.8174
07070.0459 24.8125 24.9375 24.9375 26.40 27.20 1013.8174
07120.3960 24.8125 24.9375 24.9375 26.40 27.20 1013.8174
07093.3584 24.8125 24.9375 24.9375 26.40 27.20 1013.8174
07120.1582 24.8125 24.9375 24.9375 26.40 27.20 1013.8174
07120.1958 24.8125 24.9375 24.9375 26.40 27.20 1013.8174
07068.9082 24.8125 24.9375 24.9375 26.40 27.20 1013.8174
07094.7710 24.8125 24.9375 24.9375 26.40 27.20 1013.8174
07119.9707 24.8125 24.9375 24.9375 26.40 27.20 1013.8174
07069.3833 24.8125 24.9375 24.9375 26.40 27.20 1013.8174
07120.3960 24.8125 24.9375 24.9375 26.39 27.15 1013.6925
07119.9707 24.8125 24.9375 24.9375 26.39 27.15 1013.6925
07120.2085 24.8125 24.9375 24.9375 26.39 27.15 1013.6925
07093.6084 24.8125 24.9375 24.9375 26.39 27.15 1013.6925
07068.8706 24.8125 24.9375 24.9375 26.39 27.15 1013.6925
07068.4082 24.8125 24.9375 24.9375 26.39 27.15 1013.6925
07069.3335 24.8125 24.9375 24.9375 26.39 27.15 1013.6925
07120.4331 24.8125 24.9375 24.9375 26.39 27.15 1013.6925
07120.2085 24.8125 24.9375 24.9375 26.40 27.16 1013.6546
07096.2207 24.8125 24.9375 24.9375 26.40 27.16 1013.6546
07069.5708 24.8125 24.9375 24.9375 26.40 27.16 1013.6546
07093.5957 24.8125 24.8750 24.9375 26.40 27.16 1013.6546
07068.9082 24.8125 24.8750 24.9375 26.40 27.16 1013.6546
07068.9082 24.8125 24.8750 24.9375 26.40 27.16 1013.6546
07066.9458 24.8125 24.8750 24.9375 26.40 27.16 1013.6546
07120.2085 24.8125 24.8750 24.9375 26.40 27.16 1013.6546
07094.0332 24.8125 24.8750 24.9375 26.40 27.16 1013.6546
07093.8081 24.8125 24.8750 24.9375 26.40 27.16 1013.6546
07093.7959 24.8125 24.8750 24.9375 26.40 27.14 1013.7007
07070.3081 24.8125 24.8750 24.9375 26.40 27.14 1013.7007
07068.4331 24.8125 24.9375 24.9375 26.40 27.14 1013.7007
07068.8457 24.8125 24.9375 24.9375 26.40 27.14 1013.7007
07093.3706 24.8125 24.9375 24.9375 26.40 27.14 1013.7007
07094.0210 24.8125 24.9375 24.9375 26.40 27.14 1013.7007
07120.2085 24.8125 24.9375 24.9375 26.40 27.14 1013.7007
07096.4209 24.8125 24.9375 24.9375 26.40 27.14 1013.7007
07069.8457 24.8125 24.9375 24.9375 26.40 27.14 1013.7007
07120.4458 24.8125 24.9375 24.9375 26.40 27.16 1013.7631
07068.6460 24.8125 24.9375 24.9375 26.40 27.16 1013.7631
07068.1958 24.8125 24.9375 24.9375 26.40 27.16 1013.7631
#terjedesi                                       nyomas  ##
#ido(usec)  T1(C)   T2(C)   T3(C)  T4(C) para(%)  (hPa)
07069.3335 24.8125 24.9375 24.9375 26.40 27.16 1013.7631
07120.4331 24.8125 24.9375 24.9375 26.40 27.16 1013.7631
07119.9707 24.8125 24.9375 24.9375 26.40 27.16 1013.7631
07120.1831 24.8125 24.9375 24.9375 26.40 27.16 1013.7631
07120.4458 24.8125 24.9375 24.9375 26.40 27.16 1013.7631
07069.5708 24.8125 24.9375 24.9375 26.40 27.16 1013.7631
07094.5083 24.8125 24.8750 24.9375 26.40 27.16 1013.7631
07094.9834 24.8125 24.8750 24.9375 26.40 27.14 1013.6546
07120.1582 24.8125 24.8750 24.9375 26.40 27.14 1013.6546
07119.9209 24.8125 24.8750 24.9375 26.40 27.14 1013.6546
07069.5957 24.8125 24.8750 24.9375 26.40 27.14 1013.6546
07069.5708 24.8125 24.8750 24.9375 26.40 27.14 1013.6546
07096.2207 24.8125 24.8750 24.9375 26.40 27.14 1013.6546
07069.3833 24.8125 24.9375 24.9375 26.40 27.14 1013.6546
07094.7959 24.8125 24.9375 24.9375 26.40 27.14 1013.6546
07068.1958 24.8125 24.9375 24.9375 26.40 27.14 1013.6546
07093.6084 24.8125 24.9375 24.9375 26.41 27.14 1013.7795
07070.0957 24.8125 24.9375 24.9375 26.41 27.14 1013.7795
07093.6084 24.8125 24.9375 24.9375 26.41 27.14 1013.7795
07093.5957 24.8125 24.9375 24.9375 26.41 27.14 1013.7795
07069.6206 24.8125 24.9375 24.9375 26.41 27.14 1013.7795
07093.6084 24.8125 24.9375 24.9375 26.41 27.14 1013.7795
07145.5835 24.8125 24.9375 24.9375 26.41 27.14 1013.7795
07095.0210 24.8125 24.9375 24.9375 26.41 27.14 1013.7795
07096.1709 24.8125 24.9375 24.9375 26.41 27.14 1013.7795
07069.1333 24.8125 24.9375 24.9375 26.40 27.14 1013.8446
07120.3960 24.8125 24.9375 24.9375 26.40 27.14 1013.8446
07120.1831 24.8125 24.9375 24.9375 26.40 27.14 1013.8446
07119.7334 24.8125 24.9375 24.9375 26.40 27.14 1013.8446
07119.9707 24.8125 24.9375 24.9375 26.40 27.14 1013.8446
07068.3706 24.8125 24.9375 24.9375 26.40 27.14 1013.8446
07095.7456 24.8125 24.9375 24.9375 26.40 27.14 1013.8446
07093.3081 24.8125 24.9375 24.9375 26.40 27.14 1013.8446
07096.6958 24.8125 24.9375 24.9375 26.40 27.14 1013.8446
07069.5708 24.8125 24.9375 24.9375 26.40 27.14 1013.8446
07067.4834 24.8125 24.9375 24.9375 26.40 27.13 1013.6546
07093.7832 24.8125 24.9375 24.9375 26.40 27.13 1013.6546
07069.0957 24.8125 24.9375 24.9375 26.40 27.13 1013.6546
07068.6460 24.8125 24.9375 24.9375 26.40 27.13 1013.6546
07068.4209 24.8125 24.9375 24.9375 26.40 27.13 1013.6546
07093.3208 24.8125 24.9375 24.9375 26.40 27.13 1013.6546
07093.5581 24.8125 24.9375 24.9375 26.40 27.13 1013.6546
07070.0459 24.8125 24.9375 24.9375 26.40 27.13 1013.6546
07119.9082 24.8125 24.9375 24.9375 26.41 27.12 1013.7252
07093.6084 24.8125 24.9375 24.9375 26.41 27.12 1013.7252
07119.9707 24.8125 24.9375 24.9375 26.41 27.12 1013.7252
07068.9082 24.8125 24.9375 24.9375 26.41 27.12 1013.7252
07068.6582 24.8125 24.9375 24.9375 26.41 27.12 1013.7252
07120.2085 24.8125 24.9375 24.9375 26.41 27.12 1013.7252
07069.6206 24.8125 24.9375 24.9375 26.41 27.12 1013.7252
07120.3833 24.8125 24.9375 24.9375 26.41 27.12 1013.7252
07120.1460 24.8125 24.9375 24.9375 26.41 27.12 1013.7252
07120.2085 24.8125 24.9375 24.9375 26.41 27.12 1013.7252
07093.7959 24.8125 24.9375 24.9375 26.41 27.14 1013.7795
07068.6333 24.8125 24.9375 24.9375 26.41 27.14 1013.7795
07068.4331 24.8125 24.9375 24.9375 26.41 27.14 1013.7795
07120.1958 24.8125 24.9375 24.9375 26.41 27.14 1013.7795
07093.8457 24.8125 24.9375 24.9375 26.41 27.14 1013.7795
07120.1709 24.8125 24.9375 24.9375 26.41 27.14 1013.7795
07070.2710 24.8125 24.9375 24.9375 26.41 27.14 1013.7795
07069.3208 24.8125 24.9375 24.9375 26.41 27.14 1013.7795
07119.7334 24.8125 24.9375 24.9375 26.41 27.14 1013.7795
07094.7456 24.8125 24.9375 24.9375 26.41 27.14 1013.7524
07068.6709 24.8125 24.9375 24.9375 26.41 27.14 1013.7524
07119.9585 24.8125 24.9375 24.9375 26.41 27.14 1013.7524
07119.9707 24.8125 24.9375 24.9375 26.41 27.14 1013.7524
07093.6084 24.8125 24.9375 24.9375 26.41 27.14 1013.7524
07120.2085 24.8125 24.9375 24.9375 26.41 27.14 1013.7524
07070.3335 24.8125 24.9375 24.9375 26.41 27.14 1013.7524
07094.0332 24.8125 24.9375 24.9375 26.41 27.14 1013.7524
07069.1084 24.8125 24.8750 24.9375 26.41 27.14 1013.7524
07068.9082 24.8125 24.8750 24.9375 26.42 27.16 1013.7416
07120.4082 24.8125 24.8750 24.9375 26.42 27.16 1013.7416
#terjedesi                                       nyomas  ##
#ido(usec)  T1(C)   T2(C)   T3(C)  T4(C) para(%)  (hPa)
07093.7959 24.8125 24.8750 24.9375 26.42 27.16 1013.7416
07069.5708 24.8125 24.8750 24.9375 26.42 27.16 1013.7416
07069.1460 24.8125 24.8750 24.9375 26.42 27.16 1013.7416
07069.7959 24.8125 24.8750 24.9375 26.42 27.16 1013.7416
07119.7334 24.8125 24.9375 24.9375 26.42 27.16 1013.7416
07068.6206 24.8125 24.9375 24.9375 26.42 27.16 1013.7416
07068.6582 24.8125 24.9375 24.9375 26.42 27.16 1013.7416
07119.6831 24.8125 24.9375 24.9375 26.42 27.16 1013.7416
07069.3833 24.8125 24.9375 24.9375 26.42 27.17 1013.6873
07069.1460 24.8125 24.9375 24.9375 26.42 27.17 1013.6873
07093.7959 24.8125 24.9375 24.9375 26.42 27.17 1013.6873
07120.4458 24.8125 24.9375 24.9375 26.42 27.17 1013.6873
07093.7832 24.8125 24.9375 24.9375 26.42 27.17 1013.6873
07068.8833 24.8125 24.9375 24.9375 26.42 27.17 1013.6873
07095.2710 24.8125 24.9375 24.9375 26.42 27.17 1013.6873
07119.6709 24.8125 24.9375 24.9375 26.42 27.17 1013.6873
07119.6831 24.8125 24.9375 24.9375 26.42 27.17 1013.6873
07093.5581 24.8125 24.9375 24.9375 26.42 27.20 1013.7145
07094.0835 24.8125 24.9375 24.9375 26.42 27.20 1013.7145
07093.1206 24.8125 24.9375 24.9375 26.42 27.20 1013.7145
07093.8457 24.8125 24.9375 25.0000 26.42 27.20 1013.7145
07068.6206 24.8125 24.9375 25.0000 26.42 27.20 1013.7145
07068.6709 24.8125 24.9375 25.0000 26.42 27.20 1013.7145
07096.2207 24.8125 24.9375 25.0000 26.42 27.20 1013.7145
07120.4458 24.8125 24.9375 25.0000 26.42 27.20 1013.7145
07119.9082 24.8125 24.9375 25.0000 26.42 27.20 1013.7145
07093.1333 24.8125 24.9375 25.0000 26.42 27.20 1013.7145
07093.8457 24.8125 24.9375 25.0000 26.41 27.19 1013.7252
07120.3833 24.8125 24.9375 25.0000 26.41 27.19 1013.7252
07069.0957 24.8125 24.8750 24.9375 26.41 27.19 1013.7252
07069.0957 24.8125 24.8750 24.9375 26.41 27.19 1013.7252
07094.0210 24.8125 24.8750 24.9375 26.41 27.19 1013.7252
07120.2085 24.8125 24.8750 24.9375 26.41 27.19 1013.7252
07067.2456 24.8125 24.8750 24.9375 26.41 27.19 1013.7252
07093.5957 24.8125 24.8750 24.9375 26.41 27.19 1013.7252
07120.1958 24.8125 24.8750 24.9375 26.42 27.20 1013.7335
07119.9707 24.8125 24.9375 24.9375 26.42 27.20 1013.7335
07068.8584 24.8125 24.9375 24.9375 26.42 27.20 1013.7335
07119.9707 24.8125 24.9375 24.9375 26.42 27.20 1013.7335
07069.6206 24.8125 24.9375 24.9375 26.42 27.20 1013.7335
07092.8960 24.8125 24.9375 24.9375 26.42 27.20 1013.7335
07119.7207 24.8125 24.9375 24.9375 26.42 27.20 1013.7335
07067.2456 24.8125 24.9375 24.9375 26.42 27.20 1013.7335
07093.5459 24.8125 24.9375 24.9375 26.42 27.20 1013.7335
07093.3706 24.8125 24.9375 24.9375 26.42 27.20 1013.7335
07068.3833 24.8125 24.8750 25.0000 26.42 27.31 1013.6873
07068.3706 24.8125 24.8750 25.0000 26.42 27.31 1013.6873
07093.8208 24.8125 24.8750 25.0000 26.42 27.31 1013.6873
07119.9209 24.8125 24.8750 25.0000 26.42 27.31 1013.6873
07069.8081 24.8125 24.8750 25.0000 26.42 27.31 1013.6873
07069.8081 24.8125 24.8750 25.0000 26.42 27.31 1013.6873
07120.1709 24.8125 24.8750 25.0000 26.42 27.31 1013.6873
07094.0332 24.8125 24.9375 24.9375 26.42 27.31 1013.6873
07068.8706 24.8125 24.9375 24.9375 26.42 27.31 1013.6873
07068.9082 24.8125 24.9375 24.9375 26.42 27.45 1013.7063
07069.6206 24.8125 24.9375 24.9375 26.42 27.45 1013.7063
07119.9707 24.8125 24.9375 24.9375 26.42 27.45 1013.7063
07093.3706 24.8125 24.9375 24.9375 26.42 27.45 1013.7063
07093.3081 24.8125 24.9375 24.9375 26.42 27.45 1013.7063
07093.3706 24.8125 24.9375 24.9375 26.42 27.45 1013.7063
07093.7832 24.8125 24.9375 24.9375 26.42 27.45 1013.7063
07068.6206 24.8125 24.9375 24.9375 26.42 27.45 1013.7063
07068.9082 24.8125 24.9375 24.9375 26.42 27.45 1013.7063
07093.5581 24.8125 24.9375 24.9375 26.43 27.51 1013.8669
07093.1084 24.8125 24.9375 24.9375 26.43 27.51 1013.8669
07069.1206 24.8125 24.9375 24.9375 26.43 27.51 1013.8669
07066.7583 24.8125 24.9375 24.9375 26.43 27.51 1013.8669
07069.3335 24.8125 24.9375 24.9375 26.43 27.51 1013.8669
07119.9707 24.8125 24.8750 24.9375 26.43 27.51 1013.8669
07068.3833 24.8125 24.8750 24.9375 26.43 27.51 1013.8669
07094.9956 24.8125 24.8750 24.9375 26.43 27.51 1013.8669
07069.3833 24.8125 24.8750 24.9375 26.43 27.51 1013.8669
07120.2085 24.8125 24.8750 24.9375 26.43 27.51 1013.8669
#terjedesi                                       nyomas  ##
#ido(usec)  T1(C)   T2(C)   T3(C)  T4(C) para(%)  (hPa)
07069.5708 24.8125 24.8750 24.9375 26.43 27.45 1013.7583
07095.9331 24.8125 24.8750 24.9375 26.43 27.45 1013.7583
07066.9585 24.8125 24.8750 24.9375 26.43 27.45 1013.7583
07094.2710 24.8125 24.8750 24.9375 26.43 27.45 1013.7583
07068.4209 24.8750 24.9375 24.9375 26.43 27.45 1013.7583
07119.4585 24.8750 24.9375 24.9375 26.43 27.45 1013.7583
07095.9331 24.8750 24.9375 24.9375 26.43 27.45 1013.7583
07093.5581 24.8750 24.9375 24.9375 26.43 27.45 1013.7583
07067.4834 24.8750 24.9375 24.9375 26.43 27.23 1013.7312
07069.8081 24.8750 24.9375 24.9375 26.43 27.23 1013.7312
07120.1582 24.8750 24.9375 24.9375 26.43 27.23 1013.7312
07120.1709 24.8125 24.9375 25.0000 26.43 27.23 1013.7312
07095.2710 24.8125 24.9375 25.0000 26.43 27.23 1013.7312
07068.1958 24.8125 24.9375 25.0000 26.43 27.23 1013.7312
07093.3457 24.8125 24.9375 25.0000 26.43 27.23 1013.7312
07093.3584 24.8125 24.9375 25.0000 26.43 27.23 1013.7312
07120.6831 24.8125 24.9375 25.0000 26.43 27.23 1013.7312
07093.6084 24.8125 24.9375 25.0000 26.43 27.23 1013.7312
07093.7832 24.8125 24.9375 25.0000 26.43 27.23 1013.7312
07069.6206 24.8125 24.9375 25.0000 26.43 27.22 1013.7583
07068.6709 24.8125 24.9375 24.9375 26.43 27.22 1013.7583
07068.4331 24.8125 24.9375 24.9375 26.43 27.22 1013.7583
07093.7959 24.8125 24.9375 24.9375 26.43 27.22 1013.7583
07066.7085 24.8125 24.9375 24.9375 26.43 27.22 1013.7583
07067.7207 24.8125 24.9375 24.9375 26.43 27.22 1013.7583
07093.8081 24.8125 24.9375 24.9375 26.43 27.22 1013.7583
07067.0083 24.8125 24.9375 24.9375 26.43 27.22 1013.7583
07067.4834 24.8750 24.9375 24.9375 26.45 27.26 1013.8371
07119.2456 24.8750 24.9375 24.9375 26.45 27.26 1013.8371
07119.2334 24.8750 24.9375 24.9375 26.45 27.26 1013.8371
07093.5581 24.8750 24.9375 24.9375 26.45 27.26 1013.8371
07120.6460 24.8750 24.9375 24.9375 26.45 27.26 1013.8371
07120.1582 24.8750 24.9375 24.9375 26.45 27.26 1013.8371
07094.0708 24.8750 24.9375 24.9375 26.45 27.26 1013.8371
07094.0581 24.8750 24.9375 24.9375 26.45 27.26 1013.8371
07093.8457 24.8750 24.9375 24.9375 26.45 27.26 1013.8371
07119.7085 24.8125 24.9375 24.9375 26.45 27.26 1013.8371
07119.4458 24.8125 24.9375 24.9375 26.43 27.29 1013.7040
07067.2334 24.8125 24.9375 24.9375 26.43 27.29 1013.7040
07093.3706 24.8125 24.9375 24.9375 26.43 27.29 1013.7040
07093.7959 24.8125 24.9375 24.9375 26.43 27.29 1013.7040
07093.7959 24.8125 24.9375 24.9375 26.43 27.29 1013.7040
07066.9458 24.8125 24.9375 24.9375 26.43 27.29 1013.7040
07094.0459 24.8125 24.9375 24.9375 26.43 27.29 1013.7040
07119.4707 24.8125 24.9375 24.9375 26.43 27.29 1013.7040
07069.0835 24.8125 24.9375 24.9375 26.43 27.29 1013.7040
07094.2710 24.8125 24.9375 24.9375 26.43 27.46 1013.7040
07120.3833 24.8125 24.9375 24.9375 26.43 27.46 1013.7040
07120.1958 24.8125 24.9375 24.9375 26.43 27.46 1013.7040
07093.7832 24.8125 24.9375 24.9375 26.43 27.46 1013.7040
07093.5708 24.8125 24.9375 24.9375 26.43 27.46 1013.7040
07120.3833 24.8125 24.9375 24.9375 26.43 27.46 1013.7040
07119.9707 24.8125 24.9375 25.0000 26.43 27.46 1013.7040
07119.6958 24.8125 24.9375 25.0000 26.43 27.46 1013.7040
07120.4458 24.8125 24.9375 25.0000 26.43 27.46 1013.7040
07094.0210 24.8125 24.9375 25.0000 26.43 27.40 1013.7855
07094.0581 24.8125 24.9375 25.0000 26.43 27.40 1013.7855
07093.8457 24.8125 24.9375 25.0000 26.43 27.40 1013.7855
07069.3584 24.8125 24.9375 25.0000 26.43 27.40 1013.7855
07094.3208 24.8125 24.9375 24.9375 26.43 27.40 1013.7855
07068.8457 24.8125 24.9375 24.9375 26.43 27.40 1013.7855
07066.5083 24.8125 24.9375 24.9375 26.43 27.40 1013.7855
07067.2456 24.8125 24.9375 24.9375 26.43 27.40 1013.7855
07093.8457 24.8125 24.9375 24.9375 26.43 27.40 1013.7855
07120.4082 24.8125 24.9375 24.9375 26.43 27.40 1013.7855
07067.6831 24.8125 24.9375 24.9375 26.44 27.31 1013.7747
07093.7959 24.8125 24.9375 24.9375 26.44 27.31 1013.7747
07094.0835 24.8125 24.9375 24.9375 26.44 27.31 1013.7747
07118.9956 24.8750 24.9375 24.9375 26.44 27.31 1013.7747
07093.1333 24.8750 24.9375 24.9375 26.44 27.31 1013.7747
07067.4707 24.8750 24.9375 24.9375 26.44 27.31 1013.7747
07093.6084 24.8750 24.9375 24.9375 26.44 27.31 1013.7747
07068.4209 24.8750 24.9375 24.9375 26.44 27.31 1013.7747
#terjedesi                                       nyomas  ##
#ido(usec)  T1(C)   T2(C)   T3(C)  T4(C) para(%)  (hPa)
07094.7959 24.8750 24.9375 24.9375 26.43 27.25 1013.8126
07088.6206 24.8750 24.9375 24.9375 26.43 27.25 1013.8126
07067.2207 24.8125 24.8750 25.0000 26.43 27.25 1013.8126
07119.2583 24.8125 24.8750 25.0000 26.43 27.25 1013.8126
07068.6582 24.8125 24.8750 25.0000 26.43 27.25 1013.8126
07120.4458 24.8125 24.8750 25.0000 26.43 27.25 1013.8126
07093.6084 24.8125 24.8750 25.0000 26.43 27.25 1013.8126
07093.8457 24.8125 24.8750 25.0000 26.43 27.25 1013.8126
07093.8335 24.8125 24.8750 25.0000 26.43 27.25 1013.8126
07067.4834 24.8125 24.8750 25.0000 26.43 27.25 1013.8126
07069.8081 24.8125 24.8750 25.0000 26.45 27.20 1013.6553
07092.8457 24.8750 24.9375 25.0000 26.45 27.20 1013.6553
07119.2583 24.8750 24.9375 25.0000 26.45 27.20 1013.6553
07067.6709 24.8750 24.9375 25.0000 26.45 27.20 1013.6553
07067.6709 24.8750 24.9375 25.0000 26.45 27.20 1013.6553
07067.4331 24.8750 24.9375 25.0000 26.45 27.20 1013.6553
07094.0332 24.8750 24.9375 25.0000 26.45 27.20 1013.6553
07094.0708 24.8750 24.9375 25.0000 26.45 27.20 1013.6553
07094.3208 24.8750 24.9375 25.0000 26.45 27.20 1013.6553
07119.7334 24.8750 24.9375 25.0000 26.45 27.20 1013.7557
07119.6709 24.8750 24.9375 25.0000 26.45 27.20 1013.7557
07067.8960 24.8750 24.9375 25.0000 26.45 27.20 1013.7557
07094.0835 24.8750 24.9375 25.0000 26.45 27.20 1013.7557
07094.0210 24.8750 24.9375 25.0000 26.45 27.20 1013.7557
07094.0835 24.8750 24.9375 25.0000 26.45 27.20 1013.7557
07093.8457 24.8750 24.9375 25.0000 26.45 27.20 1013.7557
07093.6084 24.8750 24.9375 25.0000 26.45 27.20 1013.7557
07068.8706 24.8125 24.8750 25.0000 26.45 27.20 1013.7557
07119.4956 24.8125 24.8750 25.0000 26.45 27.20 1013.7557
07069.5708 24.8125 24.8750 25.0000 26.45 27.20 1013.6825
07093.7959 24.8125 24.8750 25.0000 26.45 27.20 1013.6825
07093.6084 24.8125 24.8750 25.0000 26.45 27.20 1013.6825
07094.2583 24.8125 24.8750 25.0000 26.45 27.20 1013.6825
07067.4209 24.8125 24.8750 25.0000 26.45 27.20 1013.6825
07094.0581 24.8125 24.8750 25.0000 26.45 27.20 1013.6825
07119.1958 24.8125 24.8750 25.0000 26.45 27.20 1013.6825
07068.6084 24.8125 24.8750 25.0000 26.45 27.20 1013.6825
07119.7334 24.8125 24.8750 25.0000 26.45 27.20 1013.6825
07120.4458 24.8125 24.8750 25.0000 26.45 27.12 1013.7096
07120.1582 24.8125 24.8750 25.0000 26.45 27.12 1013.7096
07093.5581 24.8125 24.8750 25.0000 26.45 27.12 1013.7096
07093.5459 24.8125 24.8750 25.0000 26.45 27.12 1013.7096
07067.1958 24.8125 24.8750 25.0000 26.45 27.12 1013.7096
07068.6206 24.8125 24.8750 25.0000 26.45 27.12 1013.7096
07068.6709 24.8125 24.8750 25.0000 26.45 27.12 1013.7096
07067.4834 24.8125 24.8750 25.0000 26.45 27.12 1013.7096
07093.3208 24.8125 24.8750 25.0000 26.45 27.12 1013.7096
07120.1831 24.8125 24.8750 25.0000 26.44 27.07 1013.7747
07093.3208 24.8125 24.8750 25.0000 26.44 27.07 1013.7747
07093.6084 24.8125 24.8750 25.0000 26.44 27.07 1013.7747
07093.5581 24.8125 24.9375 25.0000 26.44 27.07 1013.7747
07068.4331 24.8125 24.9375 25.0000 26.44 27.07 1013.7747
07068.6709 24.8125 24.9375 25.0000 26.44 27.07 1013.7747
07093.7832 24.8125 24.9375 25.0000 26.44 27.07 1013.7747
07093.7832 24.8125 24.9375 25.0000 26.44 27.07 1013.7747
07093.6084 24.8125 24.9375 25.0000 26.44 27.07 1013.7747
07093.8457 24.8125 24.9375 25.0000 26.44 27.07 1013.7747
07093.7832 24.8125 24.9375 25.0000 26.45 27.12 1013.6282
07094.0835 24.8125 24.9375 25.0000 26.45 27.12 1013.6282
07119.7334 24.8125 24.8750 24.9375 26.45 27.12 1013.6282
07068.8833 24.8125 24.8750 24.9375 26.45 27.12 1013.6282
07067.0083 24.8125 24.8750 24.9375 26.45 27.12 1013.6282
07093.5581 24.8125 24.8750 24.9375 26.45 27.12 1013.6282
07093.7959 24.8125 24.8750 24.9375 26.45 27.12 1013.6282
07094.0210 24.8125 24.8750 24.9375 26.45 27.12 1013.6282
07067.2456 24.8125 24.8750 24.9375 26.45 27.12 1013.6282
07094.2959 24.8125 24.9375 25.0000 26.45 27.18 1013.7639
07068.1333 24.8125 24.9375 25.0000 26.45 27.18 1013.7639
07069.1460 24.8125 24.9375 25.0000 26.45 27.18 1013.7639
07120.1958 24.8125 24.9375 25.0000 26.45 27.18 1013.7639
07094.0835 24.8125 24.9375 25.0000 26.45 27.18 1013.7639
07067.1958 24.8125 24.9375 25.0000 26.45 27.18 1013.7639
07093.8457 24.8125 24.9375 25.0000 26.45 27.18 1013.7639
#terjedesi                                       nyomas  ##
#ido(usec)  T1(C)   T2(C)   T3(C)  T4(C) para(%)  (hPa)
07094.0835 24.8125 24.9375 25.0000 26.45 27.18 1013.7639
07093.7959 24.8125 24.9375 25.0000 26.45 27.18 1013.7639
07069.3335 24.8125 24.9375 25.0000 26.46 27.14 1013.6906
07068.6206 24.8125 24.9375 25.0000 26.46 27.14 1013.6906
07094.0708 24.8125 24.9375 25.0000 26.46 27.14 1013.6906
07093.8208 24.8125 24.9375 25.0000 26.46 27.14 1013.6906
07067.2456 24.8125 24.9375 25.0000 26.46 27.14 1013.6906
07094.0708 24.8125 24.9375 25.0000 26.46 27.14 1013.6906
07094.0332 24.8125 24.9375 25.0000 26.46 27.14 1013.6906
07094.0210 24.8125 24.8750 25.0000 26.46 27.14 1013.6906
07069.0957 24.8125 24.8750 25.0000 26.46 27.14 1013.6906
07119.4956 24.8125 24.8750 25.0000 26.45 27.11 1013.7639
07093.6084 24.8125 24.8750 25.0000 26.45 27.11 1013.7639
07067.2456 24.8125 24.8750 25.0000 26.45 27.11 1013.7639
07067.6709 24.8125 24.8750 25.0000 26.45 27.11 1013.7639
07093.8457 24.8125 24.8750 25.0000 26.45 27.11 1013.7639
07093.6084 24.8125 24.8750 25.0000 26.45 27.11 1013.7639
07067.1831 24.8125 24.8750 25.0000 26.45 27.11 1013.7639
07092.8335 24.8750 24.9375 25.0000 26.45 27.11 1013.7639
07118.9956 24.8750 24.9375 25.0000 26.45 27.11 1013.7639
07067.2207 24.8750 24.9375 25.0000 26.45 27.08 1013.7367
07093.7959 24.8750 24.9375 25.0000 26.45 27.08 1013.7367
07067.4209 24.8750 24.9375 25.0000 26.45 27.08 1013.7367
07093.7959 24.8750 24.9375 25.0000 26.45 27.08 1013.7367
07093.6084 24.8750 24.9375 25.0000 26.45 27.08 1013.7367
07067.7207 24.8750 24.9375 25.0000 26.45 27.08 1013.7367
07069.6084 24.8750 24.9375 25.0000 26.45 27.08 1013.7367
07093.3081 24.8750 24.9375 25.0000 26.45 27.08 1013.7367
07145.0957 24.8750 24.9375 25.0000 26.45 27.08 1013.7367
07094.3208 24.8750 24.9375 25.0000 26.45 27.08 1013.7367
07067.6582 24.8750 24.9375 25.0000 26.47 27.02 1013.7698
07093.3706 24.8750 24.9375 25.0000 26.47 27.02 1013.7698
07094.0210 24.8750 24.9375 25.0000 26.47 27.02 1013.7698
07094.0210 24.8750 24.9375 25.0000 26.47 27.02 1013.7698
07093.1206 24.8750 24.8750 25.0000 26.47 27.02 1013.7698
07119.4331 24.8750 24.8750 25.0000 26.47 27.02 1013.7698
07094.5083 24.8750 24.8750 25.0000 26.47 27.02 1013.7698
07067.7207 24.8750 24.8750 25.0000 26.47 27.02 1013.7698
07120.6333 24.8750 24.8750 25.0000 26.47 27.02 1013.7698
07067.1958 24.8750 24.8750 25.0000 26.45 26.96 1013.7367
07094.0835 24.8750 24.8750 25.0000 26.45 26.96 1013.7367
07067.6831 24.8750 24.9375 24.9375 26.45 26.96 1013.7367
07119.2583 24.8750 24.9375 24.9375 26.45 26.96 1013.7367
07068.9082 24.8750 24.9375 24.9375 26.45 26.96 1013.7367
07093.8457 24.8750 24.9375 24.9375 26.45 26.96 1013.7367
07067.2456 24.8750 24.9375 24.9375 26.45 26.96 1013.7367
07120.3960 24.8750 24.9375 24.9375 26.45 26.96 1013.7367
07094.0210 24.8750 24.9375 24.9375 26.45 26.96 1013.7367
07093.8457 24.8750 24.9375 24.9375 26.45 26.96 1013.7367
07068.1958 24.8750 24.9375 24.9375 26.46 26.92 1013.7263
07093.3208 24.8125 24.9375 25.0000 26.46 26.92 1013.7263
07119.9707 24.8125 24.9375 25.0000 26.46 26.92 1013.7263
07094.0708 24.8125 24.9375 25.0000 26.46 26.92 1013.7263
07094.0332 24.8125 24.9375 25.0000 26.46 26.92 1013.7263
07067.1958 24.8125 24.9375 25.0000 26.46 26.92 1013.7263
07094.7456 24.8125 24.9375 25.0000 26.46 26.92 1013.7263
07094.0332 24.8125 24.9375 25.0000 26.46 26.92 1013.7263
07093.8457 24.8750 24.8750 25.0000 26.46 26.92 1013.7263
07068.9082 24.8750 24.8750 25.0000 26.46 26.90 1013.7992
07119.9331 24.8750 24.8750 25.0000 26.46 26.90 1013.7992
07067.4331 24.8750 24.8750 25.0000 26.46 26.90 1013.7992
07094.0708 24.8750 24.8750 25.0000 26.46 26.90 1013.7992
07067.0083 24.8750 24.8750 25.0000 26.46 26.90 1013.7992
07094.0835 24.8750 24.8750 25.0000 26.46 26.90 1013.7992
07094.0210 24.8750 24.8750 25.0000 26.46 26.90 1013.7992
07094.0210 24.8750 24.8750 25.0000 26.46 26.90 1013.7992
07119.6709 24.8125 24.9375 25.0000 26.46 26.90 1013.7992
07119.9082 24.8125 24.9375 25.0000 26.46 26.88 1013.6448
07067.7085 24.8125 24.9375 25.0000 26.46 26.88 1013.6448
07067.6709 24.8125 24.9375 25.0000 26.46 26.88 1013.6448
07094.0332 24.8125 24.9375 25.0000 26.46 26.88 1013.6448
07093.5459 24.8125 24.9375 25.0000 26.46 26.88 1013.6448
07093.7832 24.8125 24.9375 25.0000 26.46 26.88 1013.6448
#terjedesi                                       nyomas  ##
#ido(usec)  T1(C)   T2(C)   T3(C)  T4(C) para(%)  (hPa)
07120.6333 24.8750 24.8750 25.0000 26.46 26.88 1013.6448
07113.0835 24.8750 24.8750 25.0000 26.46 26.88 1013.6448
07119.9082 24.8750 24.8750 25.0000 26.46 26.88 1013.6448
07094.5581 24.8750 24.8750 25.0000 26.47 26.89 1013.7344
07094.0332 24.8750 24.8750 25.0000 26.47 26.89 1013.7344
07067.1958 24.8750 24.8750 25.0000 26.47 26.89 1013.7344
07067.2456 24.8750 24.8750 25.0000 26.47 26.89 1013.7344
07067.4331 24.8750 24.8750 25.0000 26.47 26.89 1013.7344
07067.6709 24.8750 24.8750 25.0000 26.47 26.89 1013.7344
07119.4956 24.8125 24.9375 25.0000 26.47 26.89 1013.7344
07119.4458 24.8125 24.9375 25.0000 26.47 26.89 1013.7344
07120.1831 24.8125 24.9375 25.0000 26.47 26.89 1013.7344
07094.0708 24.8125 24.9375 25.0000 26.47 26.97 1013.7617
07094.0332 24.8125 24.9375 25.0000 26.47 26.97 1013.7617
07067.4834 24.8125 24.9375 25.0000 26.47 26.97 1013.7617
07066.9707 24.8125 24.9375 25.0000 26.47 26.97 1013.7617
07067.0083 24.8750 24.9375 25.0000 26.47 26.97 1013.7617
07068.9082 24.8750 24.9375 25.0000 26.47 26.97 1013.7617
07119.0210 24.8750 24.9375 25.0000 26.47 26.97 1013.7617
07067.1958 24.8750 24.9375 25.0000 26.47 26.97 1013.7617
07093.1206 24.8750 24.9375 25.0000 26.47 26.97 1013.7617
07067.0083 24.8750 24.9375 25.0000 26.47 26.97 1013.7617
07067.4458 24.8750 24.9375 25.0000 26.46 26.99 1013.8077
07067.1831 24.8750 24.9375 25.0000 26.46 26.99 1013.8077
07093.5581 24.8750 24.9375 25.0000 26.46 26.99 1013.8077
07069.1206 24.8125 24.9375 25.0000 26.46 26.99 1013.8077
07069.0835 24.8125 24.9375 25.0000 26.46 26.99 1013.8077
07067.0083 24.8125 24.9375 25.0000 26.46 26.99 1013.8077
07093.7959 24.8125 24.9375 25.0000 26.46 26.99 1013.8077
07067.4331 24.8125 24.9375 25.0000 26.46 26.99 1013.8077
07093.5581 24.8125 24.9375 25.0000 26.46 26.99 1013.8077
07093.5459 24.8125 24.9375 25.0000 26.47 26.99 1013.7969
07093.3706 24.8750 24.9375 25.0000 26.47 26.99 1013.7969
07068.4331 24.8750 24.9375 25.0000 26.47 26.99 1013.7969
07068.4331 24.8750 24.9375 25.0000 26.47 26.99 1013.7969
07067.4209 24.8750 24.9375 25.0000 26.47 26.99 1013.7969
07094.0459 24.8750 24.9375 25.0000 26.47 26.99 1013.7969
07067.4209 24.8750 24.9375 25.0000 26.47 26.99 1013.7969
07067.4331 24.8750 24.9375 25.0000 26.47 26.99 1013.7969
07120.3833 24.8750 24.9375 25.0000 26.47 26.99 1013.7969
07093.8335 24.8750 24.9375 25.0000 26.47 26.99 1013.7969
07068.6582 24.8750 24.8750 25.0000 26.46 26.99 1013.6992
07095.2710 24.8750 24.8750 25.0000 26.46 26.99 1013.6992
07067.6709 24.8750 24.8750 25.0000 26.46 26.99 1013.6992
07094.0459 24.8750 24.8750 25.0000 26.46 26.99 1013.6992
07145.0957 24.8750 24.8750 25.0000 26.46 26.99 1013.6992
07067.7207 24.8750 24.8750 25.0000 26.46 26.99 1013.6992
07067.6582 24.8750 24.8750 25.0000 26.46 26.99 1013.6992
07093.5957 24.8750 24.9375 25.0000 26.46 26.99 1013.6992
07068.1460 24.8750 24.9375 25.0000 26.46 26.99 1013.6992
07068.4209 24.8750 24.9375 25.0000 26.47 26.99 1013.7698
07066.9585 24.8750 24.9375 25.0000 26.47 26.99 1013.7698
07066.9458 24.8750 24.9375 25.0000 26.47 26.99 1013.7698
07067.7207 24.8750 24.9375 25.0000 26.47 26.99 1013.7698
07094.3208 24.8750 24.9375 25.0000 26.47 26.99 1013.7698
07067.1958 24.8750 24.9375 25.0000 26.47 26.99 1013.7698
07067.4585 24.8750 24.9375 25.0000 26.47 26.99 1013.7698
07119.4331 24.8125 24.9375 25.0000 26.47 26.99 1013.7698
07119.4707 24.8125 24.9375 25.0000 26.47 26.99 1013.7698
07120.1582 24.8125 24.9375 25.0000 26.47 26.97 1013.7617
07069.8081 24.8125 24.9375 25.0000 26.47 26.97 1013.7617
07094.3081 24.8125 24.9375 25.0000 26.47 26.97 1013.7617
07094.0835 24.8125 24.9375 25.0000 26.47 26.97 1013.7617
07067.7085 24.8125 24.9375 25.0000 26.47 26.97 1013.7617
07093.8457 24.8125 24.9375 25.0000 26.47 26.97 1013.7617
07119.2583 24.8125 24.9375 25.0000 26.47 26.97 1013.7617
07068.6084 24.8125 24.9375 25.0000 26.47 26.97 1013.7617
07094.0332 24.8125 24.9375 25.0000 26.47 26.97 1013.7617
07067.7085 24.8125 24.9375 25.0000 26.48 26.99 1013.6694
07094.0332 24.8125 24.9375 25.0000 26.48 26.99 1013.6694
07094.3208 24.8125 24.9375 25.0000 26.48 26.99 1013.6694
07094.0835 24.8125 24.9375 25.0000 26.48 26.99 1013.6694
07093.5581 24.8125 24.9375 25.0000 26.48 26.99 1013.6694
#terjedesi                                       nyomas  ##
#ido(usec)  T1(C)   T2(C)   T3(C)  T4(C) para(%)  (hPa)
07068.6206 24.8750 24.9375 25.0000 26.48 26.99 1013.6694
07092.8335 24.8750 24.9375 25.0000 26.48 26.99 1013.6694
07067.6831 24.8750 24.9375 25.0000 26.48 26.99 1013.6694
07067.6958 24.8750 24.9375 25.0000 26.48 26.99 1013.6694
07093.7959 24.8750 24.9375 25.0000 26.48 27.00 1013.7048
07067.6709 24.8750 24.9375 25.0000 26.48 27.00 1013.7048
07067.7207 24.8750 24.9375 25.0000 26.48 27.00 1013.7048
07120.4209 24.8125 24.9375 25.0000 26.48 27.00 1013.7048
07093.3081 24.8125 24.9375 25.0000 26.48 27.00 1013.7048
07119.2583 24.8125 24.9375 25.0000 26.48 27.00 1013.7048
07144.4331 24.8125 24.9375 25.0000 26.48 27.00 1013.7048
07094.0581 24.8125 24.9375 25.0000 26.48 27.00 1013.7048
07067.4331 24.8125 24.9375 25.0000 26.48 27.00 1013.7048
07093.8457 24.8125 24.9375 25.0000 26.48 27.00 1013.7048
07094.0708 24.8125 24.9375 25.0000 26.48 27.03 1013.7048
07094.0332 24.8125 24.9375 25.0000 26.48 27.03 1013.7048
07119.4458 24.8750 24.9375 25.0000 26.48 27.03 1013.7048
07119.9209 24.8750 24.9375 25.0000 26.48 27.03 1013.7048
07094.0210 24.8750 24.9375 25.0000 26.48 27.03 1013.7048
07094.0581 24.8750 24.9375 25.0000 26.48 27.03 1013.7048
07067.4209 24.8750 24.9375 25.0000 26.48 27.03 1013.7048
07093.7832 24.8750 24.9375 25.0000 26.48 27.03 1013.7048
07067.4331 24.8750 24.9375 25.0000 26.48 27.03 1013.7048
07094.0835 24.8125 24.8750 25.0000 26.48 27.04 1013.6694
07068.6582 24.8125 24.8750 25.0000 26.48 27.04 1013.6694
07068.8706 24.8125 24.8750 25.0000 26.48 27.04 1013.6694
07067.1831 24.8125 24.8750 25.0000 26.48 27.04 1013.6694
07093.8457 24.8125 24.8750 25.0000 26.48 27.04 1013.6694
07093.7959 24.8125 24.8750 25.0000 26.48 27.04 1013.6694
07066.7085 24.8125 24.8750 25.0000 26.48 27.04 1013.6694
07093.7959 24.8125 24.8750 25.0000 26.48 27.04 1013.6694
07066.5332 24.8125 24.8750 25.0000 26.48 27.04 1013.6694
07118.9707 24.8750 24.9375 25.0000 26.48 27.04 1013.6694
07068.4331 24.8750 24.9375 25.0000 26.49 26.90 1013.6858
07093.7959 24.8750 24.9375 25.0000 26.49 26.90 1013.6858
07093.6084 24.8750 24.9375 25.0000 26.49 26.90 1013.6858
07093.3457 24.8750 24.9375 25.0000 26.49 26.90 1013.6858
07066.7207 24.8750 24.9375 25.0000 26.49 26.90 1013.6858
07092.8335 24.8750 24.9375 25.0000 26.49 26.90 1013.6858
07066.9707 24.8125 24.9375 25.0000 26.49 26.90 1013.6858
07118.7832 24.8125 24.9375 25.0000 26.49 26.90 1013.6858
07092.5957 24.8125 24.9375 25.0000 26.49 26.90 1013.6858
07093.8457 24.8125 24.9375 25.0000 26.49 27.03 1013.8486
07066.7085 24.8125 24.9375 25.0000 26.49 27.03 1013.8486
07066.7207 24.8125 24.9375 25.0000 26.49 27.03 1013.8486
07066.9707 24.8125 24.9375 25.0000 26.49 27.03 1013.8486
07067.2456 24.8125 24.9375 25.0000 26.49 27.03 1013.8486
07066.7710 24.8125 24.9375 25.0000 26.49 27.03 1013.8486
07119.4707 24.8750 24.9375 25.0000 26.49 27.03 1013.8486
07068.6084 24.8750 24.9375 25.0000 26.49 27.03 1013.8486
07066.9834 24.8750 24.9375 25.0000 26.49 27.03 1013.8486
07067.0083 24.8750 24.9375 25.0000 26.48 27.04 1013.7319
07067.2207 24.8750 24.9375 25.0000 26.48 27.04 1013.7319
07093.8081 24.8750 24.9375 25.0000 26.48 27.04 1013.7319
07093.6084 24.8750 24.9375 25.0000 26.48 27.04 1013.7319
07093.8457 24.8125 24.8750 25.0000 26.48 27.04 1013.7319
07068.8833 24.8125 24.8750 25.0000 26.48 27.04 1013.7319
07066.5332 24.8125 24.8750 25.0000 26.48 27.04 1013.7319
07067.2334 24.8125 24.8750 25.0000 26.48 27.04 1013.7319
07067.1831 24.8125 24.8750 25.0000 26.48 27.04 1013.7319
07067.4834 24.8125 24.8750 25.0000 26.49 27.05 1013.7672
07067.4834 24.8125 24.8750 25.0000 26.49 27.05 1013.7672
07067.6582 24.8125 24.8750 25.0000 26.49 27.05 1013.7672
07093.7959 24.8125 24.8750 25.0000 26.49 27.05 1013.7672
07092.3960 24.8125 24.9375 25.0000 26.49 27.05 1013.7672
07066.0083 24.8125 24.9375 25.0000 26.49 27.05 1013.7672
07067.6958 24.8125 24.9375 25.0000 26.49 27.05 1013.7672
07067.9458 24.8125 24.9375 25.0000 26.49 27.05 1013.7672
07093.7959 24.8125 24.9375 25.0000 26.49 27.05 1013.7672
07093.7959 24.8125 24.9375 25.0000 26.49 27.07 1013.8568
07093.6084 24.8125 24.9375 25.0000 26.49 27.07 1013.8568
07067.4707 24.8125 24.9375 25.0000 26.49 27.07 1013.8568
07093.1206 24.8125 24.9375 25.0000 26.49 27.07 1013.8568
#terjedesi                                       nyomas  ##
#ido(usec)  T1(C)   T2(C)   T3(C)  T4(C) para(%)  (hPa)
07093.0835 24.8125 24.9375 25.0000 26.49 27.07 1013.8568
07086.9585 24.8125 24.9375 25.0000 26.49 27.07 1013.8568
07066.7334 24.8125 24.9375 25.0000 26.49 27.07 1013.8568
07093.5957 24.8125 24.9375 25.0000 26.49 27.07 1013.8568
07093.7832 24.8125 24.9375 25.0000 26.49 27.07 1013.8568
07067.4209 24.8125 24.9375 25.0000 26.49 27.07 1013.8568
07094.0332 24.8125 24.9375 25.0000 26.49 27.06 1013.8025
07092.6460 24.8125 24.9375 25.0000 26.49 27.06 1013.8025
07119.2583 24.8125 24.9375 25.0000 26.49 27.06 1013.8025
07067.4707 24.8125 24.9375 25.0000 26.49 27.06 1013.8025
07094.3208 24.8125 24.9375 25.0000 26.49 27.06 1013.8025
07093.5708 24.8125 24.9375 25.0000 26.49 27.06 1013.8025
07067.7207 24.8125 24.9375 25.0000 26.49 27.06 1013.8025
07067.4458 24.8125 24.9375 25.0000 26.49 27.06 1013.8025
07118.2456 24.8750 24.8750 25.0000 26.49 27.06 1013.8025
07092.6460 24.8750 24.8750 25.0000 26.50 27.06 1013.7293
07119.2207 24.8750 24.8750 25.0000 26.50 27.06 1013.7293
07093.8457 24.8750 24.8750 25.0000 26.50 27.06 1013.7293
07144.4082 24.8750 24.8750 25.0000 26.50 27.06 1013.7293
07067.4331 24.8750 24.8750 25.0000 26.50 27.06 1013.7293
07067.4834 24.8750 24.8750 25.0000 26.50 27.06 1013.7293
07067.2456 24.8750 24.8750 25.0000 26.50 27.06 1013.7293
07093.5835 24.8750 24.8750 25.0000 26.50 27.06 1013.7293
07119.4331 24.8125 24.9375 25.0000 26.50 27.06 1013.7293
07092.8335 24.8125 24.9375 25.0000 26.50 27.08 1013.7021
07144.4331 24.8125 24.9375 25.0000 26.50 27.08 1013.7021
07094.0210 24.8125 24.9375 25.0000 26.50 27.08 1013.7021
07067.6709 24.8125 24.9375 25.0000 26.50 27.08 1013.7021
07067.4331 24.8125 24.9375 25.0000 26.50 27.08 1013.7021
07094.2710 24.8125 24.9375 25.0000 26.50 27.08 1013.7021
07067.1831 24.8125 24.9375 25.0000 26.50 27.08 1013.7021
07095.2710 24.8125 24.9375 25.0000 26.50 27.08 1013.7021
07119.7085 24.8125 24.9375 25.0000 26.50 27.08 1013.7021
07067.7085 24.8125 24.9375 25.0000 26.50 27.08 1013.7021
07067.7207 24.8125 24.9375 25.0000 26.51 27.10 1013.6917
07093.6084 24.8125 24.9375 25.0000 26.51 27.10 1013.6917
07093.8457 24.8125 24.9375 25.0000 26.51 27.10 1013.6917
07067.6582 24.8125 24.9375 25.0000 26.51 27.10 1013.6917
07094.0332 24.8125 24.9375 25.0000 26.51 27.10 1013.6917
07092.6084 24.8750 24.9375 25.0000 26.51 27.10 1013.6917
07093.3208 24.8750 24.9375 25.0000 26.51 27.10 1013.6917
07067.2334 24.8750 24.9375 25.0000 26.51 27.10 1013.6917
07093.5581 24.8750 24.9375 25.0000 26.51 27.10 1013.6917
07093.5835 24.8750 24.9375 25.0000 26.51 27.09 1013.6917
07067.6709 24.8750 24.9375 25.0000 26.51 27.09 1013.6917
07093.8335 24.8750 24.9375 25.0000 26.51 27.09 1013.6917
07093.8081 24.8125 24.9375 25.0000 26.51 27.09 1013.6917
07119.4458 24.8125 24.9375 25.0000 26.51 27.09 1013.6917
07093.1333 24.8125 24.9375 25.0000 26.51 27.09 1013.6917
07067.4834 24.8125 24.9375 25.0000 26.51 27.09 1013.6917
07094.0459 24.8125 24.9375 25.0000 26.51 27.09 1013.6917
07094.4956 24.8125 24.9375 25.0000 26.51 27.09 1013.6917
07093.6084 24.8125 24.9375 25.0000 26.51 27.09 1013.6917
07094.7456 24.8125 24.9375 25.0000 26.50 27.40 1013.6563
07067.6709 24.8125 24.9375 25.0000 26.50 27.40 1013.6563
07092.8335 24.8750 24.9375 25.0000 26.50 27.40 1013.6563
07092.6084 24.8750 24.9375 25.0000 26.50 27.40 1013.6563
07067.4834 24.8750 24.9375 25.0000 26.50 27.40 1013.6563
07094.2710 24.8750 24.9375 25.0000 26.50 27.40 1013.6563
07067.4331 24.8750 24.9375 25.0000 26.50 27.40 1013.6563
07067.4209 24.8750 24.9375 25.0000 26.50 27.40 1013.6563
07093.8457 24.8750 24.9375 25.0000 26.51 27.10 1013.7271
07093.7832 24.8125 24.9375 25.0000 26.51 27.10 1013.7271
07092.5957 24.8125 24.9375 25.0000 26.51 27.10 1013.7271
07092.6582 24.8125 24.9375 25.0000 26.51 27.10 1013.7271
07067.6831 24.8125 24.9375 25.0000 26.51 27.10 1013.7271
07067.7207 24.8125 24.9375 25.0000 26.51 27.10 1013.7271
07094.0332 24.8125 24.9375 25.0000 26.51 27.10 1013.7271
07093.8208 24.8125 24.9375 25.0000 26.51 27.10 1013.7271
07067.4834 24.8125 24.9375 25.0000 26.51 27.10 1013.7271
07067.4834 24.8125 24.9375 25.0000 26.51 27.10 1013.7271
07119.4956 24.8125 24.9375 25.0000 26.51 27.08 1013.6998
07119.4458 24.8125 24.9375 25.0000 26.51 27.08 1013.6998
#terjedesi                                       nyomas  ##
#ido(usec)  T1(C)   T2(C)   T3(C)  T4(C) para(%)  (hPa)
07094.0835 24.8125 24.9375 25.0000 26.51 27.08 1013.6998
07093.5835 24.8125 24.9375 25.0000 26.51 27.08 1013.6998
07067.4834 24.8125 24.9375 25.0000 26.51 27.08 1013.6998
07066.9585 24.8125 24.9375 25.0000 26.51 27.08 1013.6998
07093.3335 24.8125 24.9375 25.0000 26.51 27.08 1013.6998
07067.2456 24.8125 24.9375 25.0000 26.51 27.08 1013.6998
07119.4458 24.8125 24.9375 25.0000 26.51 27.08 1013.6998
07092.4209 24.8125 24.9375 25.0000 26.51 27.10 1013.7731
07067.6831 24.8125 24.9375 25.0000 26.51 27.10 1013.7731
07067.2456 24.8125 24.9375 25.0000 26.51 27.10 1013.7731
07066.9707 24.8125 24.9375 25.0000 26.51 27.10 1013.7731
07093.6084 24.8125 24.9375 25.0000 26.51 27.10 1013.7731
07067.0083 24.8125 24.9375 25.0000 26.51 27.10 1013.7731
07067.1958 24.8125 24.9375 25.0000 26.51 27.10 1013.7731
07119.2583 24.8750 24.9375 25.0000 26.51 27.10 1013.7731
07092.8457 24.8750 24.9375 25.0000 26.51 27.10 1013.7731
07067.6709 24.8750 24.9375 25.0000 26.51 27.10 1013.7271
07067.4331 24.8750 24.9375 25.0000 26.51 27.10 1013.7271
07066.9834 24.8750 24.9375 25.0000 26.51 27.10 1013.7271
07118.4834 24.8750 24.9375 25.0000 26.51 27.10 1013.7271
07067.7207 24.8750 24.9375 25.0000 26.51 27.10 1013.7271
07068.1333 24.8750 24.9375 25.0000 26.51 27.10 1013.7271
07092.8960 24.8750 24.9375 25.0000 26.51 27.10 1013.7271
07066.0581 24.8750 24.9375 25.0000 26.51 27.10 1013.7271
07067.7207 24.8750 24.9375 25.0000 26.51 27.10 1013.7271
07118.0083 24.8750 24.9375 25.0000 26.51 27.10 1013.7271
07067.2456 24.8750 24.9375 25.0000 26.52 27.08 1013.7162
07067.1958 24.8750 24.9375 25.0000 26.52 27.08 1013.7162
07094.0459 24.8750 24.9375 25.0000 26.52 27.08 1013.7162
07067.0083 24.8750 24.9375 25.0000 26.52 27.08 1013.7162
07066.0581 24.8750 24.9375 25.0000 26.52 27.08 1013.7162
07092.8457 24.8750 24.9375 25.0000 26.52 27.08 1013.7162
07093.5957 24.8750 24.9375 25.0000 26.52 27.08 1013.7162
07066.9585 24.8750 24.9375 25.0000 26.52 27.08 1013.7162
07067.2334 24.8750 24.9375 25.0000 26.52 27.07 1013.7162
07067.6958 24.8750 24.9375 25.0000 26.52 27.07 1013.7162
07067.4834 24.8750 24.9375 25.0000 26.52 27.07 1013.7162
07067.4458 24.8750 24.9375 25.0000 26.52 27.07 1013.7162
07119.9707 24.8750 24.9375 25.0000 26.52 27.07 1013.7162
07092.8833 24.8750 24.9375 25.0000 26.52 27.07 1013.7162
07094.2832 24.8750 24.9375 25.0000 26.52 27.07 1013.7162
07067.8960 24.8750 24.9375 25.0000 26.52 27.07 1013.7162
07067.4458 24.8750 24.9375 25.0000 26.52 27.07 1013.7162
07067.1958 24.8750 24.9375 25.0000 26.52 27.07 1013.7162
07067.1831 24.8750 24.9375 25.0000 26.52 27.07 1013.7162
07067.6582 24.8750 24.9375 25.0000 26.52 27.09 1013.6809
07092.8960 24.8750 24.9375 25.0625 26.52 27.09 1013.6809
07092.8960 24.8750 24.9375 25.0625 26.52 27.09 1013.6809
07067.1958 24.8750 24.9375 25.0625 26.52 27.09 1013.6809
07067.4209 24.8750 24.9375 25.0625 26.52 27.09 1013.6809
07067.6582 24.8750 24.9375 25.0625 26.52 27.09 1013.6809
07067.6831 24.8750 24.9375 25.0625 26.52 27.09 1013.6809
07067.7207 24.8750 24.9375 25.0625 26.52 27.09 1013.6809
07067.6582 24.8750 24.9375 25.0000 26.52 27.09 1013.6891
07066.5332 24.8750 24.9375 25.0000 26.52 27.09 1013.6891
07093.0957 24.8750 24.9375 25.0000 26.52 27.09 1013.6891
07067.4834 24.8750 24.9375 25.0000 26.52 27.09 1013.6891
07067.7207 24.8750 24.9375 25.0000 26.52 27.09 1013.6891
07066.9834 24.8750 24.9375 25.0000 26.52 27.09 1013.6891
07094.3208 24.8750 24.9375 25.0000 26.52 27.09 1013.6891
07067.4834 24.8750 24.9375 25.0000 26.52 27.09 1013.6891
07067.4834 24.8750 24.9375 25.0000 26.52 27.09 1013.6891
07066.5332 24.8750 24.8750 25.0625 26.52 27.09 1013.6891
07093.3208 24.8750 24.8750 25.0625 26.53 27.07 1013.6973
07067.1831 24.8750 24.8750 25.0625 26.53 27.07 1013.6973
07067.9082 24.8750 24.8750 25.0625 26.53 27.07 1013.6973
07067.7207 24.8750 24.8750 25.0625 26.53 27.07 1013.6973
07144.6206 24.8750 24.8750 25.0625 26.53 27.07 1013.6973
07067.6958 24.8750 24.8750 25.0625 26.53 27.07 1013.6973
07067.6831 24.8750 24.9375 25.0000 26.53 27.07 1013.6973
07119.2085 24.8750 24.9375 25.0000 26.53 27.07 1013.6973
07093.1333 24.8750 24.9375 25.0000 26.53 27.07 1013.6973
07067.4707 24.8750 24.9375 25.0000 26.52 27.05 1013.6891
#terjedesi                                       nyomas  ##
#ido(usec)  T1(C)   T2(C)   T3(C)  T4(C) para(%)  (hPa)
07067.7207 24.8750 24.9375 25.0000 26.52 27.05 1013.6891
07067.4707 24.8750 24.9375 25.0000 26.52 27.05 1013.6891
07067.6709 24.8750 24.9375 25.0000 26.52 27.05 1013.6891
07118.4834 24.8750 24.9375 25.0000 26.52 27.05 1013.6891
07093.7832 24.8750 24.9375 25.0000 26.52 27.05 1013.6891
07092.8833 24.8125 24.9375 25.0000 26.52 27.05 1013.6891
07119.2085 24.8125 24.9375 25.0000 26.52 27.05 1013.6891
07067.2334 24.8125 24.9375 25.0000 26.52 27.05 1013.6891
07067.4834 24.8125 24.9375 25.0000 26.52 27.04 1013.6348
07067.4331 24.8125 24.9375 25.0000 26.52 27.04 1013.6348
07067.9331 24.8125 24.9375 25.0000 26.52 27.04 1013.6348
07067.7207 24.8125 24.9375 25.0000 26.52 27.04 1013.6348
07067.4331 24.8750 24.9375 25.0000 26.52 27.04 1013.6348
07092.6460 24.8750 24.9375 25.0000 26.52 27.04 1013.6348
07093.3208 24.8750 24.9375 25.0000 26.52 27.04 1013.6348
07067.4834 24.8750 24.9375 25.0000 26.52 27.04 1013.6348
07067.4834 24.8750 24.9375 25.0000 26.52 27.04 1013.6348
07067.2456 24.8750 24.9375 25.0000 26.52 27.04 1013.6348
07067.0083 24.8750 24.9375 25.0000 26.53 27.04 1013.7054
07067.9082 24.8750 24.9375 25.0000 26.53 27.04 1013.7054
07067.6709 24.8750 24.9375 25.0000 26.53 27.04 1013.7054
07092.8706 24.8750 24.9375 25.0625 26.53 27.04 1013.7054
07092.6460 24.8750 24.9375 25.0625 26.53 27.04 1013.7054
07067.4585 24.8750 24.9375 25.0625 26.53 27.04 1013.7054
07067.7207 24.8750 24.9375 25.0625 26.53 27.04 1013.7054
07067.0083 24.8750 24.9375 25.0625 26.53 27.04 1013.7054
07067.4209 24.8750 24.9375 25.0625 26.53 27.05 1013.7598
07067.6709 24.8750 24.9375 25.0625 26.53 27.05 1013.7598
07067.2334 24.8750 24.9375 25.0625 26.53 27.05 1013.7598
07093.0835 24.8750 24.9375 25.0625 26.53 27.05 1013.7598
07092.6582 24.8750 24.9375 25.0625 26.53 27.05 1013.7598
07067.4458 24.8750 24.9375 25.0625 26.53 27.05 1013.7598
07067.1958 24.8750 24.9375 25.0625 26.53 27.05 1013.7598
07067.2456 24.8750 24.9375 25.0625 26.53 27.05 1013.7598
07067.4209 24.8750 24.9375 25.0625 26.53 27.05 1013.7598
07067.6582 24.8750 24.9375 25.0625 26.53 27.05 1013.7598
07067.9209 24.8750 24.9375 25.0625 26.53 27.07 1013.8683
07092.6582 24.8750 24.8750 25.0000 26.53 27.07 1013.8683
07092.6084 24.8750 24.8750 25.0000 26.53 27.07 1013.8683
07093.7959 24.8750 24.8750 25.0000 26.53 27.07 1013.8683
07067.4585 24.8750 24.8750 25.0000 26.53 27.07 1013.8683
07067.2207 24.8750 24.8750 25.0000 26.53 27.07 1013.8683
07067.4834 24.8750 24.8750 25.0000 26.53 27.07 1013.8683
07066.9585 24.8750 24.8750 25.0000 26.53 27.07 1013.8683
07067.7207 24.8750 24.9375 25.0625 26.53 27.07 1013.8683
07066.5332 24.8750 24.9375 25.0625 26.53 27.08 1013.6783
07068.9082 24.8750 24.9375 25.0625 26.53 27.08 1013.6783
07067.7207 24.8750 24.9375 25.0625 26.53 27.08 1013.6783
07066.9834 24.8750 24.9375 25.0625 26.53 27.08 1013.6783
07067.4331 24.8750 24.9375 25.0625 26.53 27.08 1013.6783
07067.9585 24.8750 24.9375 25.0625 26.53 27.08 1013.6783
07067.6958 24.8750 24.9375 25.0625 26.53 27.08 1013.6783
07067.2334 24.8750 24.9375 25.0625 26.53 27.08 1013.6783
07092.8457 24.8125 24.9375 25.0625 26.53 27.08 1013.6783
07118.9707 24.8125 24.9375 25.0625 26.53 27.08 1013.6783
07168.6084 24.8125 24.9375 25.0625 26.54 27.05 1013.7493
07067.0083 24.8125 24.9375 25.0625 26.54 27.05 1013.7493
07067.7085 24.8125 24.9375 25.0625 26.54 27.05 1013.7493
07067.4331 24.8125 24.9375 25.0625 26.54 27.05 1013.7493
07067.4458 24.8125 24.9375 25.0625 26.54 27.05 1013.7493
07067.6709 24.8750 24.9375 25.0625 26.54 27.05 1013.7493
07092.6582 24.8750 24.9375 25.0625 26.54 27.05 1013.7493
07092.8335 24.8750 24.9375 25.0625 26.54 27.05 1013.7493
07144.4331 24.8750 24.9375 25.0625 26.54 27.05 1013.7493
07067.7085 24.8750 24.9375 25.0625 26.54 27.06 1013.7137
07067.7085 24.8750 24.9375 25.0625 26.54 27.06 1013.7137
07067.4458 24.8750 24.9375 25.0625 26.54 27.06 1013.7137
07094.0835 24.8750 24.9375 25.0625 26.54 27.06 1013.7137
07067.4834 24.8750 24.9375 25.0625 26.54 27.06 1013.7137
07119.2456 24.8750 24.9375 25.0000 26.54 27.06 1013.7137
07092.6206 24.8750 24.9375 25.0000 26.54 27.06 1013.7137
07093.8208 24.8750 24.9375 25.0000 26.54 27.06 1013.7137
07094.0835 24.8750 24.9375 25.0000 26.54 27.06 1013.7137
#terjedesi                                       nyomas  ##
#ido(usec)  T1(C)   T2(C)   T3(C)  T4(C) para(%)  (hPa)
07066.7710 24.8750 24.9375 25.0000 26.54 27.05 1013.7221
07067.1831 24.8750 24.9375 25.0000 26.54 27.05 1013.7221
07067.2456 24.8750 24.9375 25.0000 26.54 27.05 1013.7221
07067.2085 24.8750 24.8750 25.0625 26.54 27.05 1013.7221
07092.1582 24.8750 24.8750 25.0625 26.54 27.05 1013.7221
07092.8960 24.8750 24.8750 25.0625 26.54 27.05 1013.7221
07067.2456 24.8750 24.8750 25.0625 26.54 27.05 1013.7221
07093.5459 24.8750 24.8750 25.0625 26.54 27.05 1013.7221
07066.7085 24.8750 24.8750 25.0625 26.54 27.05 1013.7221
07067.4585 24.8750 24.8750 25.0625 26.54 27.05 1013.7221
07068.1333 24.8750 24.8750 25.0625 26.54 27.05 1013.7221
07067.2456 24.8750 24.8750 25.0625 26.54 27.05 1013.7221
07119.2334 24.8750 24.9375 25.0625 26.54 27.05 1013.7221
07092.6460 24.8750 24.9375 25.0625 26.54 27.05 1013.7221
07094.0459 24.8750 24.9375 25.0625 26.54 27.05 1013.7221
07067.2456 24.8750 24.9375 25.0625 26.54 27.05 1013.7221
07093.7832 24.8750 24.9375 25.0625 26.54 27.05 1013.7221
07067.9082 24.8750 24.9375 25.0625 26.54 27.05 1013.7221
07066.9834 24.8750 24.9375 25.0625 26.54 27.01 1013.7137
07120.6333 24.8750 24.9375 25.0625 26.54 27.01 1013.7137
07092.6582 24.8750 24.9375 25.0625 26.54 27.01 1013.7137
07092.5957 24.8750 24.9375 25.0625 26.54 27.01 1013.7137
07067.4707 24.8750 24.9375 25.0625 26.54 27.01 1013.7137
07067.4458 24.8750 24.9375 25.0625 26.54 27.01 1013.7137
07067.4707 24.8750 24.9375 25.0625 26.54 27.01 1013.7137
07118.0210 24.8750 24.9375 25.0625 26.54 27.01 1013.7137
07067.4834 24.8750 24.9375 25.0625 26.54 27.01 1013.7137
07067.7207 24.8750 24.9375 25.0625 26.54 27.01 1013.7137
07093.0835 24.8750 24.9375 25.0625 26.55 26.99 1013.6299
07093.5581 24.8750 24.9375 25.0625 26.55 26.99 1013.6299
07067.7085 24.8750 24.9375 25.0625 26.55 26.99 1013.6299
07067.6831 24.8750 24.9375 25.0625 26.55 26.99 1013.6299
07118.5459 24.8750 24.9375 25.0625 26.55 26.99 1013.6299
07067.0083 24.8750 24.9375 25.0625 26.55 26.99 1013.6299
07067.2207 24.8750 24.9375 25.0625 26.55 26.99 1013.6299
07067.6709 24.8750 24.9375 25.0625 26.55 26.99 1013.6299
07093.1333 24.8750 24.9375 25.0625 26.55 26.99 1013.6299
07119.2334 24.8750 24.9375 25.0625 26.55 26.97 1013.6842
07067.1958 24.8750 24.9375 25.0625 26.55 26.97 1013.6842
07067.2456 24.8750 24.9375 25.0625 26.55 26.97 1013.6842
07067.6831 24.8750 24.9375 25.0625 26.55 26.97 1013.6842
07067.2456 24.8750 24.9375 25.0625 26.55 26.97 1013.6842
07067.4331 24.8750 24.9375 25.0625 26.55 26.97 1013.6842
07168.4209 24.8750 24.9375 25.0625 26.55 26.97 1013.6842
07119.2085 24.8750 24.9375 25.0625 26.55 26.97 1013.6842
07092.6084 24.8750 24.9375 25.0625 26.55 26.97 1013.6842
07067.2334 24.8750 24.9375 25.0625 26.54 26.93 1013.7764
07067.9585 24.8750 24.9375 25.0625 26.54 26.93 1013.7764
07118.0210 24.8750 24.9375 25.0625 26.54 26.93 1013.7764
07118.4956 24.8750 24.9375 25.0625 26.54 26.93 1013.7764
07067.9082 24.8750 24.9375 25.0625 26.54 26.93 1013.7764
07067.6709 24.8750 24.9375 25.0625 26.54 26.93 1013.7764
07066.7207 24.8750 24.9375 25.0625 26.54 26.93 1013.7764
07093.0708 24.8750 24.9375 25.0625 26.54 26.93 1013.7764
07094.0835 24.8750 24.9375 25.0625 26.54 26.93 1013.7764
07144.8457 24.8750 24.9375 25.0625 26.54 26.93 1013.7764
07067.4707 24.8750 24.9375 25.0625 26.54 26.94 1013.7221
07066.9707 24.8750 24.9375 25.0625 26.54 26.94 1013.7221
07094.2710 24.8750 24.9375 25.0625 26.54 26.94 1013.7221
07067.4834 24.8750 24.9375 25.0625 26.54 26.94 1013.7221
07092.8457 24.8750 24.9375 25.0625 26.54 26.94 1013.7221
07119.1958 24.8750 24.9375 25.0625 26.54 26.94 1013.7221
07094.0835 24.8750 24.9375 25.0625 26.54 26.94 1013.7221
07067.2456 24.8750 24.9375 25.0625 26.54 26.94 1013.7221
07117.7710 24.8750 24.9375 25.0625 26.54 26.94 1013.7221
07094.0332 24.8750 24.9375 25.0625 26.55 26.92 1013.7385
07067.4458 24.8750 24.9375 25.0625 26.55 26.92 1013.7385
07067.4585 24.8750 24.9375 25.0625 26.55 26.92 1013.7385
07066.4707 24.8750 24.9375 25.0625 26.55 26.92 1013.7385
07093.1333 24.8750 24.9375 25.0625 26.55 26.92 1013.7385
07094.3208 24.8750 24.9375 25.0625 26.55 26.92 1013.7385
07067.4834 24.8750 24.9375 25.0625 26.55 26.92 1013.7385
07067.9331 24.8750 24.9375 25.0625 26.55 26.92 1013.7385
#terjedesi                                       nyomas  ##
#ido(usec)  T1(C)   T2(C)   T3(C)  T4(C) para(%)  (hPa)
07067.1958 24.8750 24.9375 25.0625 26.55 26.92 1013.7385
07060.5957 24.8750 24.9375 25.0625 26.55 26.92 1013.7385
07067.4707 24.8750 24.9375 25.0625 26.54 26.90 1013.7493
07066.2583 24.8750 24.9375 25.0625 26.54 26.90 1013.7493
07119.4458 24.8750 24.9375 25.0625 26.54 26.90 1013.7493
07066.9834 24.8750 24.9375 25.0625 26.54 26.90 1013.7493
07066.7710 24.8750 24.9375 25.0625 26.54 26.90 1013.7493
07066.9585 24.8750 24.9375 25.0625 26.54 26.90 1013.7493
07067.2456 24.8750 24.9375 25.0625 26.54 26.90 1013.7493
07067.4585 24.8750 24.9375 25.0625 26.54 26.90 1013.7493
07094.0835 24.8750 24.9375 25.0625 26.55 26.91 1013.7928
07092.6582 24.8750 24.9375 25.0625 26.55 26.91 1013.7928
07093.1333 24.8750 24.9375 25.0625 26.55 26.91 1013.7928
07094.0332 24.8750 24.9375 25.0625 26.55 26.91 1013.7928
07067.2456 24.8750 24.9375 25.0625 26.55 26.91 1013.7928
07093.3335 24.8750 24.9375 25.0625 26.55 26.91 1013.7928
07067.4209 24.8750 24.9375 25.0625 26.55 26.91 1013.7928
07066.4956 24.8750 24.9375 25.0625 26.55 26.91 1013.7928
07067.1958 24.8750 24.9375 25.0625 26.55 26.91 1013.7928
07068.8584 24.8750 24.9375 25.0625 26.55 26.91 1013.7928
07119.2334 24.8750 24.9375 25.0625 26.54 26.88 1013.7221
07067.6709 24.8750 24.9375 25.0625 26.54 26.88 1013.7221
07118.2456 24.8750 24.9375 25.0625 26.54 26.88 1013.7221
07093.8208 24.8750 24.9375 25.0625 26.54 26.88 1013.7221
07093.7832 24.8750 24.9375 25.0625 26.54 26.88 1013.7221
07066.5332 24.8750 24.9375 25.0625 26.54 26.88 1013.7221
07093.8457 24.8750 24.9375 25.0625 26.54 26.88 1013.7221
07066.2334 24.8750 24.9375 25.0625 26.54 26.88 1013.7221
07118.9585 24.8750 24.9375 25.0625 26.54 26.88 1013.7221
07067.4834 24.8750 24.9375 25.0625 26.55 26.87 1013.7303
07068.1958 24.8750 24.9375 25.0625 26.55 26.87 1013.7303
07067.9082 24.8750 24.9375 25.0625 26.55 26.87 1013.7303
07067.9585 24.8750 24.9375 25.0625 26.55 26.87 1013.7303
07067.2456 24.8750 24.9375 25.0625 26.55 26.87 1013.7303
07067.6709 24.8750 24.9375 25.0625 26.55 26.87 1013.7303
07119.4458 24.8750 24.9375 25.0000 26.55 26.87 1013.7303
07092.8833 24.8750 24.9375 25.0000 26.55 26.87 1013.7303
07093.5459 24.8750 24.9375 25.0000 26.55 26.87 1013.7303
07067.1958 24.8750 24.9375 25.0000 26.55 26.86 1013.6299
07093.3081 24.8750 24.9375 25.0000 26.55 26.86 1013.6299
07067.4209 24.8750 24.9375 25.0000 26.55 26.86 1013.6299
07067.2207 24.8750 24.9375 25.0000 26.55 26.86 1013.6299
07094.2832 24.8750 24.9375 25.0625 26.55 26.86 1013.6299
07119.4331 24.8750 24.9375 25.0625 26.55 26.86 1013.6299
07092.8457 24.8750 24.9375 25.0625 26.55 26.86 1013.6299
07067.1958 24.8750 24.9375 25.0625 26.55 26.86 1013.6299
07094.0581 24.8750 24.9375 25.0625 26.55 26.86 1013.6299
07067.4209 24.8750 24.9375 25.0625 26.55 26.86 1013.6299
07066.7710 24.8750 24.9375 25.0625 26.55 26.87 1013.7385
07094.0210 24.8750 24.9375 25.0625 26.55 26.87 1013.7385
07067.6709 24.8750 24.9375 25.0625 26.55 26.87 1013.7385
07066.9458 24.8750 24.9375 25.0625 26.55 26.87 1013.7385
07066.7710 24.8750 24.9375 25.0625 26.55 26.87 1013.7385
07067.8960 24.8750 24.9375 25.0625 26.55 26.87 1013.7385
07067.1958 24.8750 24.9375 25.0625 26.55 26.87 1013.7385
07067.6709 24.8750 24.9375 25.0625 26.55 26.87 1013.7385
07094.5083 24.8750 24.9375 25.0625 26.55 26.87 1013.7385
07118.2832 24.8750 24.9375 25.0625 26.55 26.88 1013.6489
07094.5210 24.8750 24.9375 25.0625 26.55 26.88 1013.6489
07093.1333 24.8750 24.9375 25.0625 26.55 26.88 1013.6489
07066.7207 24.8750 24.9375 25.0625 26.55 26.88 1013.6489
07144.6206 24.8750 24.9375 25.0625 26.55 26.88 1013.6489
07094.2583 24.8750 24.9375 25.0625 26.55 26.88 1013.6489
07067.6582 24.8750 24.9375 25.0625 26.55 26.88 1013.6489
07094.5581 24.8750 24.9375 25.0625 26.55 26.88 1013.6489
07067.4331 24.8750 24.9375 25.0625 26.55 26.88 1013.6489
07067.4707 24.8750 24.9375 25.0625 26.55 26.88 1013.6489
07066.2334 24.8750 24.9375 25.0625 26.56 26.89 1013.7548
07093.1333 24.8750 24.9375 25.0625 26.56 26.89 1013.7548
07067.4331 24.8750 24.9375 25.0625 26.56 26.89 1013.7548
07067.1958 24.8750 24.9375 25.0625 26.56 26.89 1013.7548
07067.4458 24.8750 24.9375 25.0625 26.56 26.89 1013.7548
07067.6709 24.8750 24.9375 25.0625 26.56 26.89 1013.7548
#terjedesi                                       nyomas  ##
#ido(usec)  T1(C)   T2(C)   T3(C)  T4(C) para(%)  (hPa)
07068.1460 24.8750 24.9375 25.0625 26.56 26.89 1013.7548
07067.7207 24.8750 24.9375 25.0625 26.56 26.89 1013.7548
07066.2959 24.8750 24.9375 25.0625 26.56 26.89 1013.7548
07092.8457 24.8750 24.9375 25.0625 26.55 26.71 1013.6570
07067.4834 24.8750 24.9375 25.0625 26.55 26.71 1013.6570
07067.4458 24.8750 24.9375 25.0625 26.55 26.71 1013.6570
07067.4834 24.8750 24.9375 25.0625 26.55 26.71 1013.6570
07067.4458 24.8750 24.9375 25.0625 26.55 26.71 1013.6570
07067.2207 24.8750 24.9375 25.0625 26.55 26.71 1013.6570
07066.9834 24.8750 24.9375 25.0625 26.55 26.71 1013.6570
07092.6460 24.8750 24.9375 25.0625 26.55 26.71 1013.6570
07066.7710 24.8750 24.9375 25.0625 26.55 26.71 1013.6570
07118.5459 24.8750 24.9375 25.0625 26.55 26.91 1013.6842
07118.5332 24.8750 24.9375 25.0625 26.55 26.91 1013.6842
07091.9458 24.8750 24.9375 25.0625 26.55 26.91 1013.6842
07067.6709 24.8750 24.9375 25.0625 26.55 26.91 1013.6842
07094.4956 24.8750 24.9375 25.0625 26.55 26.91 1013.6842
07094.5210 24.8750 24.9375 25.0625 26.55 26.91 1013.6842
07066.5332 24.8750 24.9375 25.0625 26.55 26.91 1013.6842
07120.2085 24.8750 24.9375 25.0625 26.55 26.91 1013.6842
07067.9082 24.8750 24.9375 25.0625 26.55 26.91 1013.6842
07118.2959 24.8750 24.9375 25.0625 26.56 26.94 1013.6381
07067.4331 24.8750 24.9375 25.0625 26.56 26.94 1013.6381
07094.0459 24.8750 24.9375 25.0625 26.56 26.94 1013.6381
07118.3081 24.8750 24.9375 25.0625 26.56 26.94 1013.6381
07067.6709 24.8750 24.9375 25.0625 26.56 26.94 1013.6381
07066.5332 24.8750 24.9375 25.0625 26.56 26.94 1013.6381
07066.7085 24.8750 24.9375 25.0625 26.56 26.94 1013.6381
07067.4834 24.8750 24.9375 25.0625 26.56 26.94 1013.6381
07067.7207 24.8750 24.9375 25.0625 26.56 26.94 1013.6381
07118.0581 24.8750 24.9375 25.0625 26.56 26.94 1013.6191
07067.9082 24.8750 24.9375 25.0625 26.56 26.94 1013.6191
07118.3081 24.8750 24.9375 25.0625 26.56 26.94 1013.6191
07118.3081 24.8750 24.9375 25.0625 26.56 26.94 1013.6191
07066.5210 24.8750 24.9375 25.0625 26.56 26.94 1013.6191
07066.4956 24.8750 24.9375 25.0625 26.56 26.94 1013.6191
07094.0835 24.8750 24.9375 25.0625 26.56 26.94 1013.6191
07067.7207 24.8750 24.9375 25.0625 26.56 26.94 1013.6191
07067.8960 24.8750 24.9375 25.0625 26.56 26.94 1013.6191
07067.8960 24.8750 24.9375 25.0625 26.56 26.94 1013.6191
07118.2959 24.8750 24.9375 25.0625 26.56 26.95 1013.6735
07068.1460 24.8750 24.9375 25.0625 26.56 26.95 1013.6735
07066.5332 24.8750 24.9375 25.0625 26.56 26.95 1013.6735
07066.7207 24.8750 24.9375 25.0625 26.56 26.95 1013.6735
07067.4834 24.8750 24.9375 25.0625 26.56 26.95 1013.6735
07067.4331 24.8750 24.9375 25.0625 26.56 26.95 1013.6735
07067.2456 24.8750 24.9375 25.0625 26.56 26.95 1013.6735
07067.4834 24.8750 24.9375 25.0625 26.56 26.95 1013.6735
07067.4458 24.8750 24.9375 25.0625 26.56 26.95 1013.6735
07067.9458 24.8750 24.9375 25.0625 26.57 26.96 1013.6545
07092.8833 24.8750 24.9375 25.0625 26.57 26.96 1013.6545
07066.7456 24.8750 24.9375 25.0625 26.57 26.96 1013.6545
07067.4331 24.8750 24.9375 25.0625 26.57 26.96 1013.6545
07067.4458 24.8750 24.9375 25.0625 26.57 26.96 1013.6545
07118.2583 24.8750 24.9375 25.0625 26.57 26.96 1013.6545
07067.4834 24.8750 24.9375 25.0625 26.57 26.96 1013.6545
07118.0332 24.8750 24.9375 25.0625 26.57 26.96 1013.6545
07067.4707 24.8750 24.9375 25.0625 26.57 26.96 1013.6545
07066.2959 24.8750 24.9375 25.0625 26.56 26.96 1013.6462
07093.0708 24.8750 24.9375 25.0625 26.56 26.96 1013.6462
07067.9331 24.8750 24.9375 25.0625 26.56 26.96 1013.6462
07118.5459 24.8750 24.9375 25.0625 26.56 26.96 1013.6462
07067.6958 24.8750 24.9375 25.0625 26.56 26.96 1013.6462
07144.1333 24.8750 24.9375 25.0625 26.56 26.96 1013.6462
07118.2583 24.8750 24.9375 25.0625 26.56 26.96 1013.6462
07118.0708 24.8750 24.9375 25.0625 26.56 26.96 1013.6462
07066.7710 24.8750 24.9375 25.0625 26.56 26.96 1013.6462
07066.9956 24.8750 24.9375 25.0625 26.56 26.96 1013.6462
07067.4209 24.8750 24.9375 25.0625 26.55 26.98 1013.6842
07144.3833 24.8750 24.9375 25.0625 26.55 26.98 1013.6842
07066.9458 24.8750 24.9375 25.0625 26.55 26.98 1013.6842
07168.3706 24.8750 24.9375 25.0625 26.55 26.98 1013.6842
07094.4956 24.8750 24.9375 25.0625 26.55 26.98 1013.6842
#terjedesi                                       nyomas  ##
#ido(usec)  T1(C)   T2(C)   T3(C)  T4(C) para(%)  (hPa)
07067.6831 24.8750 24.9375 25.0625 26.55 26.98 1013.6842
07119.4458 24.8750 24.9375 25.0625 26.55 26.98 1013.6842
07066.5332 24.8750 24.9375 25.0625 26.55 26.98 1013.6842
07067.6709 24.8750 24.9375 25.0625 26.55 26.98 1013.6842
07094.2710 24.8750 24.9375 25.0625 26.57 27.00 1013.7087
07118.0581 24.8750 24.9375 25.0625 26.57 27.00 1013.7087
07118.0708 24.8750 24.9375 25.0625 26.57 27.00 1013.7087
07067.7085 24.8750 24.9375 25.0625 26.57 27.00 1013.7087
07094.2710 24.8750 24.9375 25.0625 26.57 27.00 1013.7087
07119.4585 24.8750 24.9375 25.0625 26.57 27.00 1013.7087
07066.5083 24.8750 24.9375 25.0625 26.57 27.00 1013.7087
07066.9956 24.8750 24.9375 25.0625 26.57 27.00 1013.7087
07067.4834 24.8750 24.9375 25.0625 26.57 27.00 1013.7087
07094.0581 24.8750 24.9375 25.0625 26.57 26.97 1013.7631
07093.6084 24.8750 24.9375 25.0625 26.57 26.97 1013.7631
07118.0210 24.8750 24.9375 25.0625 26.57 26.97 1013.7631
07117.7710 24.8750 24.9375 25.0625 26.57 26.97 1013.7631
07119.4458 24.8750 24.9375 25.0625 26.57 26.97 1013.7631
07092.4209 24.8750 24.9375 25.0625 26.57 26.97 1013.7631
07067.9082 24.8750 24.9375 25.0625 26.57 26.97 1013.7631
07067.4331 24.8750 24.9375 25.0625 26.57 26.97 1013.7631
07094.0581 24.8750 24.9375 25.0625 26.57 26.97 1013.7631
07066.7710 24.8750 24.9375 25.0625 26.56 26.98 1013.7006
07067.4585 24.8750 24.9375 25.0625 26.56 26.98 1013.7006
07067.1958 24.8750 24.9375 25.0625 26.56 26.98 1013.7006
07093.0835 24.8750 24.9375 25.0625 26.56 26.98 1013.7006
07092.3584 24.8750 24.9375 25.0625 26.56 26.98 1013.7006
07067.1958 24.8750 24.9375 25.0625 26.56 26.98 1013.7006
07117.7832 24.8750 24.9375 25.0625 26.56 26.98 1013.7006
07144.6084 24.8750 24.9375 25.0625 26.56 26.98 1013.7006
07093.8457 24.8750 24.9375 25.0625 26.56 26.98 1013.7006
07094.2710 24.8750 24.9375 25.0625 26.56 26.98 1013.7006
07067.2207 24.8750 24.9375 25.0625 26.57 27.02 1013.7631
07092.8833 24.8750 24.9375 25.0625 26.57 27.02 1013.7631
07066.5332 24.8750 24.9375 25.0625 26.57 27.02 1013.7631
07067.7085 24.8750 24.9375 25.0625 26.57 27.02 1013.7631
07091.7085 24.8750 24.9375 25.0625 26.57 27.02 1013.7631
07067.2207 24.8750 24.9375 25.0625 26.57 27.02 1013.7631
07067.7085 24.8750 24.9375 25.0625 26.57 27.02 1013.7631
07067.4834 24.8750 24.9375 25.0625 26.57 27.02 1013.7631
07067.4331 24.8750 24.9375 25.0625 26.57 27.02 1013.7631
07119.4331 24.8750 24.9375 25.0625 26.57 27.03 1013.7983
07092.3584 24.8750 24.9375 25.0625 26.57 27.03 1013.7983
07067.9082 24.8750 24.9375 25.0625 26.57 27.03 1013.7983
07067.7207 24.8750 24.9375 25.0625 26.57 27.03 1013.7983
07094.2583 24.8750 24.9375 25.0625 26.57 27.03 1013.7983
07067.4331 24.8750 24.9375 25.0625 26.57 27.03 1013.7983
07094.0459 24.8750 24.9375 25.0625 26.57 27.03 1013.7983
07093.7959 24.8750 24.9375 25.0625 26.57 27.03 1013.7983
07066.5210 24.8750 24.9375 25.0625 26.57 27.03 1013.7983
07092.6582 24.8750 24.9375 25.0625 26.57 27.02 1013.7087
07067.2085 24.8750 24.9375 25.0625 26.57 27.02 1013.7087
07066.9707 24.8750 24.9375 25.0625 26.57 27.02 1013.7087
07094.2832 24.8750 24.9375 25.0625 26.57 27.02 1013.7087
07067.7207 24.8750 24.9375 25.0625 26.57 27.02 1013.7087
07067.7207 24.8750 24.9375 25.0625 26.57 27.02 1013.7087
07094.0459 24.8750 24.9375 25.0625 26.57 27.02 1013.7087
07065.9956 24.8750 24.9375 25.0625 26.57 27.02 1013.7087
07092.6084 24.8750 24.9375 25.0625 26.57 27.02 1013.7087
07093.5459 24.8750 24.9375 25.0625 26.57 27.02 1013.7087
07118.0708 24.8750 24.9375 25.0625 26.57 27.03 1013.6898
07067.4209 24.8750 24.9375 25.0625 26.57 27.03 1013.6898
07067.2456 24.8750 24.9375 25.0625 26.57 27.03 1013.6898
07067.4209 24.8750 24.9375 25.0625 26.57 27.03 1013.6898
07117.7832 24.8750 24.9375 25.0625 26.57 27.03 1013.6898
07066.0083 24.8750 24.9375 25.0625 26.57 27.03 1013.6898
07066.2456 24.8750 24.9375 25.0625 26.57 27.03 1013.6898
07118.2832 24.8750 24.9375 25.0625 26.57 27.03 1013.6898
07091.6831 24.8750 24.9375 25.0625 26.57 27.03 1013.5731
07066.9707 24.8750 24.9375 25.0625 26.57 27.03 1013.5731
07118.2456 24.8750 24.9375 25.0625 26.57 27.03 1013.5731
07067.6582 24.8750 24.9375 25.0625 26.57 27.03 1013.5731
07067.4834 24.8750 24.9375 25.0625 26.57 27.03 1013.5731
#terjedesi                                       nyomas  ##
#ido(usec)  T1(C)   T2(C)   T3(C)  T4(C) para(%)  (hPa)
07092.6582 24.8750 24.9375 25.0625 26.57 27.03 1013.5731
07093.1333 24.8750 24.9375 25.0625 26.57 27.03 1013.5731
07067.6709 24.8750 24.9375 25.0625 26.57 27.03 1013.5731
07067.4331 24.8750 24.9375 25.0625 26.57 27.03 1013.5731
07118.2583 24.8750 24.9375 25.0625 26.57 27.03 1013.5731
07067.2456 24.8750 24.9375 25.0625 26.58 27.06 1013.6793
07067.6709 24.8750 24.9375 25.0625 26.58 27.06 1013.6793
07117.8335 24.8750 24.9375 25.0625 26.58 27.06 1013.6793
07066.2959 24.8750 24.9375 25.0625 26.58 27.06 1013.6793
07092.8335 24.8750 24.9375 25.0625 26.58 27.06 1013.6793
07067.4331 24.8750 24.9375 25.0625 26.58 27.06 1013.6793
07066.9834 24.8750 24.9375 25.0625 26.58 27.06 1013.6793
07067.0083 24.8750 24.9375 25.0625 26.58 27.06 1013.6793
07066.9707 24.8750 24.9375 25.0625 26.58 27.06 1013.6793
07094.2583 24.8750 24.9375 25.0625 26.58 27.05 1013.6437
07118.5459 24.8750 24.9375 25.0625 26.58 27.05 1013.6437
07119.4956 24.8750 24.9375 25.0625 26.58 27.05 1013.6437
07092.8335 24.8750 24.9375 25.0625 26.58 27.05 1013.6437
07118.0210 24.8750 24.9375 25.0625 26.58 27.05 1013.6437
07118.2456 24.8750 24.9375 25.0625 26.58 27.05 1013.6437
07067.2334 24.8750 24.9375 25.0625 26.58 27.05 1013.6437
07117.8335 24.8750 24.9375 25.0625 26.58 27.05 1013.6437
07067.1958 24.8750 24.9375 25.0625 26.58 27.05 1013.6437
07067.1958 24.8750 24.9375 25.0625 26.58 27.05 1013.6437
07092.4209 24.8750 24.8750 25.0625 26.58 27.07 1013.6793
07092.6582 24.8750 24.8750 25.0625 26.58 27.07 1013.6793
07066.9834 24.8750 24.8750 25.0625 26.58 27.07 1013.6793
07067.0083 24.8750 24.8750 25.0625 26.58 27.07 1013.6793
07067.1831 24.8750 24.8750 25.0625 26.58 27.07 1013.6793
07067.6709 24.8750 24.8750 25.0625 26.58 27.07 1013.6793
07067.4209 24.8750 24.8750 25.0625 26.58 27.07 1013.6793
07144.4331 24.8750 24.9375 25.0625 26.58 27.07 1013.6793
07092.8335 24.8750 24.9375 25.0625 26.58 27.07 1013.6793
07092.6582 24.8750 24.9375 25.0625 26.57 27.05 1013.6627
07117.7959 24.8750 24.9375 25.0625 26.57 27.05 1013.6627
07117.8335 24.8750 24.9375 25.0625 26.57 27.05 1013.6627
07118.3081 24.8750 24.9375 25.0625 26.57 27.05 1013.6627
07066.9707 24.8750 24.9375 25.0625 26.57 27.05 1013.6627
07144.3960 24.8750 24.9375 25.0625 26.57 27.05 1013.6627
07091.8960 24.8750 24.9375 25.0625 26.57 27.05 1013.6627
07066.7583 24.8750 24.9375 25.0625 26.57 27.05 1013.6627
07066.7710 24.8750 24.9375 25.0625 26.57 27.05 1013.6627
07067.2456 24.8750 24.9375 25.0625 26.58 27.05 1013.7794
07067.0083 24.8750 24.9375 25.0625 26.58 27.05 1013.7794
07067.1958 24.8750 24.9375 25.0625 26.58 27.05 1013.7794
07091.1831 24.8750 24.9375 25.0625 26.58 27.05 1013.7794
07117.7959 24.8750 24.9375 25.0625 26.58 27.05 1013.7794
07067.2456 24.8750 24.9375 25.0625 26.58 27.05 1013.7794
07093.1206 24.8750 24.9375 25.0625 26.58 27.05 1013.7794
07066.7710 24.8750 24.9375 25.0625 26.58 27.05 1013.7794
07067.4209 24.8750 24.9375 25.0625 26.58 27.05 1013.7794
07066.9585 24.8750 24.9375 25.0625 26.58 27.05 1013.7794
07067.1958 24.8750 24.9375 25.0625 26.59 27.05 1013.6957
07067.4834 24.8750 24.9375 25.0625 26.59 27.05 1013.6957
07117.8335 24.8750 24.9375 25.0625 26.59 27.05 1013.6957
07067.2456 24.8750 24.9375 25.0625 26.59 27.05 1013.6957
07066.2456 24.8750 24.9375 25.0625 26.59 27.05 1013.6957
07143.7207 24.8750 24.9375 25.0625 26.59 27.05 1013.6957
07067.4331 24.8750 24.9375 25.0625 26.59 27.05 1013.6957
07117.7710 24.8750 24.9375 25.0625 26.59 27.05 1013.6957
07067.6709 24.8750 24.9375 25.0625 26.58 27.04 1013.6437
07117.8335 24.8750 24.9375 25.0625 26.58 27.04 1013.6437
07067.2456 24.8750 24.9375 25.0625 26.58 27.04 1013.6437
07067.4834 24.8750 24.9375 25.0625 26.58 27.04 1013.6437
07066.0581 24.8750 24.9375 25.0625 26.58 27.04 1013.6437
07066.2959 24.8750 24.9375 25.0625 26.58 27.04 1013.6437
07117.7832 24.8750 24.9375 25.0625 26.58 27.04 1013.6437
07067.0083 24.8750 24.9375 25.0625 26.58 27.04 1013.6437
07117.5459 24.8750 24.9375 25.0625 26.58 27.04 1013.6437
07067.1831 24.8750 24.9375 25.0625 26.58 27.04 1013.6437
07118.2456 24.8750 24.9375 25.0625 26.59 27.05 1013.7418
07117.7832 24.8750 24.9375 25.0625 26.59 27.05 1013.7418
07066.2456 24.8750 24.9375 25.0625 26.59 27.05 1013.7418
#terjedesi                                       nyomas  ##
#ido(usec)  T1(C)   T2(C)   T3(C)  T4(C) para(%)  (hPa)
07092.3833 24.8750 24.9375 25.0625 26.59 27.05 1013.7418
07067.9209 24.8750 24.9375 25.0625 26.59 27.05 1013.7418
07093.7959 24.8750 24.9375 25.0625 26.59 27.05 1013.7418
07118.0210 24.8750 24.9375 25.0625 26.59 27.05 1013.7418
07118.0459 24.8750 24.9375 25.0625 26.59 27.05 1013.7418
07067.2456 24.8750 24.9375 25.0625 26.59 27.05 1013.7418
07067.0083 24.8750 24.9375 25.0625 26.59 27.05 1013.6685
07092.4209 24.8750 24.9375 25.0625 26.59 27.05 1013.6685
07092.1831 24.8750 24.9375 25.0625 26.59 27.05 1013.6685
07066.9585 24.8750 24.9375 25.0625 26.59 27.05 1013.6685
07168.1831 24.8750 24.9375 25.0625 26.59 27.05 1013.6685
07066.9585 24.8750 24.9375 25.0625 26.59 27.05 1013.6685
07067.0083 24.8750 24.9375 25.0625 26.59 27.05 1013.6685
07066.9458 24.8750 24.9375 25.0625 26.59 27.05 1013.6685
07067.6582 24.8750 24.9375 25.0625 26.59 27.05 1013.6685
07065.9956 24.8750 24.9375 25.0625 26.59 27.05 1013.6685
07092.8457 24.8750 24.9375 25.0625 26.60 27.03 1013.7120
07067.6958 24.8750 24.9375 25.0625 26.60 27.03 1013.7120
07067.2456 24.8750 24.9375 25.0625 26.60 27.03 1013.7120
07117.7710 24.8750 24.9375 25.0625 26.60 27.03 1013.7120
07117.8208 24.8750 24.9375 25.0625 26.60 27.03 1013.7120
07067.4331 24.8750 24.9375 25.0625 26.60 27.03 1013.7120
07117.5459 24.8750 24.9375 25.0625 26.60 27.03 1013.7120
07092.6084 24.8750 24.9375 25.0625 26.60 27.03 1013.7120
07092.6460 24.8750 24.9375 25.0625 26.60 27.03 1013.7120
07117.7832 24.8750 24.9375 25.0625 26.59 27.04 1013.6957
07168.4209 24.8750 24.9375 25.0625 26.59 27.04 1013.6957
07067.7207 24.8750 24.9375 25.0625 26.59 27.04 1013.6957
07067.7085 24.8750 24.9375 25.0625 26.59 27.04 1013.6957
07067.0083 24.8750 24.9375 25.0625 26.59 27.04 1013.6957
07093.8081 24.8750 24.9375 25.0625 26.59 27.04 1013.6957
07092.6460 24.8750 24.9375 25.0625 26.59 27.04 1013.6957
07066.2583 24.8750 24.9375 25.0625 26.59 27.04 1013.6957
07168.1333 24.8750 24.9375 25.0625 26.59 27.04 1013.6957
07144.1460 24.8750 24.9375 25.0625 26.59 27.02 1013.7228
07168.1333 24.8750 24.9375 25.0625 26.59 27.02 1013.7228
07117.8335 24.8750 24.9375 25.0625 26.59 27.02 1013.7228
07066.9585 24.8750 24.9375 25.0625 26.59 27.02 1013.7228
07144.4331 24.8750 24.9375 25.0625 26.59 27.02 1013.7228
07065.8208 24.8750 24.9375 25.0625 26.59 27.02 1013.7228
07092.6582 24.8750 24.9375 25.0625 26.59 27.02 1013.7228
07067.2207 24.8750 24.9375 25.0625 26.59 27.02 1013.7228
07117.8081 24.8750 24.9375 25.0625 26.59 27.02 1013.7228
07066.9956 24.8750 24.9375 25.0625 26.59 27.02 1013.7228
07067.0083 24.8750 24.9375 25.0625 26.60 27.00 1013.6577
07117.8208 24.8750 24.9375 25.0625 26.60 27.00 1013.6577
07066.7710 24.8750 24.9375 25.0625 26.60 27.00 1013.6577
07118.9707 24.8750 24.9375 25.0625 26.60 27.00 1013.6577
07092.6084 24.8750 24.9375 25.0625 26.60 27.00 1013.6577
07066.7207 24.8750 24.9375 25.0625 26.60 27.00 1013.6577
07067.1958 24.8750 24.9375 25.0625 26.60 27.00 1013.6577
07143.6582 24.8750 24.9375 25.0625 26.60 27.00 1013.6577
07066.2456 24.8750 24.9375 25.0625 26.59 26.98 1013.6414
07144.1958 24.8750 24.9375 25.0625 26.59 26.98 1013.6414
07066.7710 24.8750 24.9375 25.0625 26.59 26.98 1013.6414
07119.2456 24.8750 24.9375 25.0625 26.59 26.98 1013.6414
07092.8960 24.8750 24.9375 25.0625 26.59 26.98 1013.6414
07066.7207 24.8750 24.9375 25.0625 26.59 26.98 1013.6414
07093.8081 24.8750 24.9375 25.0625 26.59 26.98 1013.6414
07066.7710 24.8750 24.9375 25.0625 26.59 26.98 1013.6414
07118.2583 24.8750 24.9375 25.0625 26.59 26.98 1013.6414
07067.4458 24.8750 24.9375 25.0625 26.59 26.98 1013.6414
07143.7207 24.8750 24.9375 25.0625 26.60 26.99 1013.7120
07118.7334 24.8750 24.9375 25.1250 26.60 26.99 1013.7120
07092.1333 24.8750 24.9375 25.1250 26.60 26.99 1013.7120
07066.9585 24.8750 24.9375 25.1250 26.60 26.99 1013.7120
07066.4834 24.8750 24.9375 25.1250 26.60 26.99 1013.7120
07066.9585 24.8750 24.9375 25.1250 26.60 26.99 1013.7120
07093.6084 24.8750 24.9375 25.1250 26.60 26.99 1013.7120
07066.9585 24.8750 24.9375 25.1250 26.60 26.99 1013.7120
07067.2456 24.8750 24.9375 25.0625 26.60 26.99 1013.7120
07092.5957 24.8750 24.9375 25.0625 26.60 26.97 1013.7120
07092.8457 24.8750 24.9375 25.0625 26.60 26.97 1013.7120
#terjedesi                                       nyomas  ##
#ido(usec)  T1(C)   T2(C)   T3(C)  T4(C) para(%)  (hPa)
07118.0708 24.8750 24.9375 25.0625 26.60 26.97 1013.7120
07067.2334 24.8750 24.9375 25.0625 26.60 26.97 1013.7120
07066.9956 24.8750 24.9375 25.0625 26.60 26.97 1013.7120
07117.5957 24.8750 24.9375 25.0625 26.60 26.97 1013.7120
07117.5459 24.8750 24.9375 25.0625 26.60 26.97 1013.7120
07094.0332 24.8750 24.9375 25.0625 26.60 26.97 1013.7120
07066.2832 24.8750 24.9375 25.1250 26.60 26.97 1013.7120
07092.8457 24.8750 24.9375 25.1250 26.61 26.97 1013.7285
07118.0210 24.8750 24.9375 25.1250 26.61 26.97 1013.7285
07094.0332 24.8750 24.9375 25.1250 26.61 26.97 1013.7285
07117.7832 24.8750 24.9375 25.1250 26.61 26.97 1013.7285
07117.5459 24.8750 24.9375 25.1250 26.61 26.97 1013.7285
07067.2456 24.8750 24.9375 25.1250 26.61 26.97 1013.7285
07066.7085 24.8750 24.9375 25.0625 26.61 26.97 1013.7285
07092.4082 24.8750 24.9375 25.0625 26.61 26.97 1013.7285
07092.4209 24.8750 24.9375 25.0625 26.61 26.97 1013.7285
07067.2334 24.8750 24.9375 25.0625 26.61 26.97 1013.7285
07067.4209 24.8750 24.9375 25.0625 26.61 27.01 1013.6741
07117.5835 24.8750 24.9375 25.0625 26.61 27.01 1013.6741
07067.4585 24.8750 24.9375 25.0625 26.61 27.01 1013.6741
07067.6709 24.8750 24.9375 25.0625 26.61 27.01 1013.6741
07067.2085 24.8750 24.9375 25.0625 26.61 27.01 1013.6741
07066.0083 24.8750 24.9375 25.0625 26.61 27.01 1013.6741
07092.3960 24.8750 24.9375 25.0625 26.61 27.01 1013.6741
07067.6582 24.8750 24.9375 25.0625 26.61 27.01 1013.6741
07118.0708 24.8750 24.9375 25.0625 26.61 27.01 1013.6741
07117.7710 24.8750 24.9375 25.0625 26.63 26.98 1013.7451
07118.0083 24.8750 24.9375 25.0625 26.63 26.98 1013.7451
07117.8335 24.8750 24.9375 25.0625 26.63 26.98 1013.7451
07117.5835 24.8750 24.9375 25.0625 26.63 26.98 1013.7451
07066.0581 24.8750 24.9375 25.0625 26.63 26.98 1013.7451
07065.8081 24.8750 24.9375 25.0625 26.63 26.98 1013.7451
07093.6084 24.8750 24.9375 25.0625 26.63 26.98 1013.7451
07093.6084 24.8750 24.9375 25.0625 26.63 26.98 1013.7451
07067.7085 24.8750 24.9375 25.0625 26.63 26.98 1013.7451
07067.2456 24.8750 24.9375 25.0625 26.63 26.98 1013.7451
07067.0083 24.8750 24.9375 25.0625 26.62 26.99 1013.6826
07067.0083 24.8750 24.9375 25.0625 26.62 26.99 1013.6826
07092.8457 24.8750 24.9375 25.0625 26.62 26.99 1013.6826
07066.2583 24.8750 24.9375 25.0625 26.62 26.99 1013.6826
07066.7207 24.8750 24.9375 25.0625 26.62 26.99 1013.6826
07117.7959 24.8750 24.9375 25.0625 26.62 26.99 1013.6826
07067.1958 24.8750 24.9375 25.0625 26.62 26.99 1013.6826
07066.9585 24.8750 24.9375 25.0625 26.62 26.99 1013.6826
07094.0835 24.8750 24.9375 25.0625 26.63 27.00 1013.7723
07067.6582 24.8750 24.9375 25.0625 26.63 27.00 1013.7723
07143.4331 24.8750 24.9375 25.0625 26.63 27.00 1013.7723
07066.0581 24.8750 24.9375 25.0625 26.63 27.00 1013.7723
07064.6333 24.8750 24.9375 25.0625 26.63 27.00 1013.7723
07067.2456 24.8750 24.9375 25.0625 26.63 27.00 1013.7723
07067.1958 24.8750 24.9375 25.0625 26.63 27.00 1013.7723
07090.9956 24.8750 24.9375 25.0625 26.63 27.00 1013.7723
07118.2456 24.8750 24.9375 25.0625 26.63 27.00 1013.7723
07117.8335 24.8750 24.9375 25.0625 26.63 27.00 1013.7723
07066.0459 24.8750 24.9375 25.0625 26.61 26.98 1013.6199
07092.3960 24.8750 24.9375 25.0625 26.61 26.98 1013.6199
07066.9458 24.8750 24.9375 25.0625 26.61 26.98 1013.6199
07067.2085 24.8750 24.9375 25.0625 26.61 26.98 1013.6199
07118.4956 24.8750 24.9375 25.0625 26.61 26.98 1013.6199
07118.0210 24.8750 24.9375 25.0625 26.61 26.98 1013.6199
07067.6709 24.8750 24.9375 25.0625 26.61 26.98 1013.6199
07168.4209 24.8750 24.9375 25.0625 26.61 26.98 1013.6199
07066.4834 24.8750 24.9375 25.0625 26.61 26.98 1013.6199
07092.6582 24.8750 24.9375 25.0625 26.64 26.97 1013.6800
07094.0581 24.8750 24.9375 25.0625 26.64 26.97 1013.6800
07094.2583 24.8750 24.9375 25.0625 26.64 26.97 1013.6800
07067.4331 24.8750 24.9375 25.0625 26.64 26.97 1013.6800
07117.7710 24.8750 24.9375 25.0625 26.64 26.97 1013.6800
07067.4331 24.8750 24.9375 25.0625 26.64 26.97 1013.6800
07118.0210 24.8750 24.9375 25.0625 26.64 26.97 1013.6800
07093.1084 24.8750 24.9375 25.1250 26.64 26.97 1013.6800
07092.5957 24.8750 24.9375 25.1250 26.64 26.97 1013.6800
07117.5957 24.8750 24.9375 25.1250 26.63 26.96 1013.8076
#terjedesi                                       nyomas  ##
#ido(usec)  T1(C)   T2(C)   T3(C)  T4(C) para(%)  (hPa)
07067.2456 24.8750 24.9375 25.1250 26.63 26.96 1013.8076
07117.3081 24.8750 24.9375 25.1250 26.63 26.96 1013.8076
07067.4331 24.8750 24.9375 25.1250 26.63 26.96 1013.8076
07118.0581 24.8750 24.9375 25.1250 26.63 26.96 1013.8076
07091.4331 24.8750 24.9375 25.0625 26.63 26.96 1013.8076
07065.7959 24.8750 24.9375 25.0625 26.63 26.96 1013.8076
07092.4209 24.8750 24.9375 25.0625 26.63 26.96 1013.8076
07067.4834 24.8750 24.9375 25.0625 26.63 26.96 1013.8076
07067.0083 24.8750 24.9375 25.0625 26.63 26.96 1013.8076
07117.5459 24.8750 24.9375 25.0625 26.63 26.95 1013.6447
07167.9458 24.8750 24.9375 25.0625 26.63 26.95 1013.6447
07067.6958 24.8750 24.9375 25.0625 26.63 26.95 1013.6447
07066.9585 24.8750 24.9375 25.0625 26.63 26.95 1013.6447
07065.8208 24.8750 24.9375 25.0625 26.63 26.95 1013.6447
07092.3960 24.8750 24.9375 25.0625 26.63 26.95 1013.6447
07117.5459 24.8750 24.9375 25.0625 26.63 26.95 1013.6447
07118.0210 24.8750 24.9375 25.0625 26.63 26.95 1013.6447
07118.0210 24.8750 24.9375 25.0625 26.65 26.96 1013.7235
07144.3833 24.8750 24.9375 25.0625 26.65 26.96 1013.7235
07067.1831 24.8750 24.9375 25.0625 26.65 26.96 1013.7235
07117.5957 24.8750 24.9375 25.0625 26.65 26.96 1013.7235
07066.2959 24.8750 24.9375 25.0625 26.65 26.96 1013.7235
07092.3584 24.8750 24.9375 25.0625 26.65 26.96 1013.7235
07067.2456 24.8750 24.9375 25.0625 26.65 26.96 1013.7235
07067.2207 24.8750 24.9375 25.0625 26.65 26.96 1013.7235
07067.2207 24.8750 24.9375 25.0625 26.65 26.96 1013.7235
07066.7710 24.8750 24.9375 25.0625 26.65 26.96 1013.7235
07118.0210 24.8750 24.9375 25.0625 26.65 26.96 1013.7235
07066.7456 24.8750 24.9375 25.0625 26.64 26.96 1013.6529
07092.1333 24.8750 24.9375 25.1250 26.64 26.96 1013.6529
07065.5332 24.8750 24.9375 25.1250 26.64 26.96 1013.6529
07117.5835 24.8750 24.9375 25.1250 26.64 26.96 1013.6529
07067.0083 24.8750 24.9375 25.1250 26.64 26.96 1013.6529
07093.8081 24.8750 24.9375 25.1250 26.64 26.96 1013.6529
07118.0210 24.8750 24.9375 25.1250 26.64 26.96 1013.6529
07067.4834 24.8750 24.9375 25.1250 26.64 26.96 1013.6529
07117.7710 24.8750 24.9375 25.1250 26.65 26.95 1013.8321
07066.0581 24.8750 24.9375 25.1250 26.65 26.95 1013.8321
07066.7710 24.8750 24.9375 25.1250 26.65 26.95 1013.8321
07067.8960 24.8750 24.9375 25.1250 26.65 26.95 1013.8321
07067.2456 24.8750 24.9375 25.1250 26.65 26.95 1013.8321
07118.2456 24.8750 24.9375 25.1250 26.65 26.95 1013.8321
07118.2710 24.8750 24.9375 25.1250 26.65 26.95 1013.8321
07091.8960 24.8750 24.9375 25.1250 26.65 26.95 1013.8321
07092.1333 24.8750 24.9375 25.1250 26.65 26.95 1013.8321
07066.4834 24.8750 24.9375 25.1250 26.65 26.95 1013.8321
07066.7710 24.8750 24.9375 25.1250 26.64 26.95 1013.6800
07067.9585 24.8750 24.9375 25.1250 26.64 26.95 1013.6800
07118.0210 24.8750 24.9375 25.1250 26.64 26.95 1013.6800
07067.4585 24.8750 24.9375 25.1250 26.64 26.95 1013.6800
07067.1958 24.8750 24.9375 25.1250 26.64 26.95 1013.6800
07067.1958 24.8750 24.9375 25.1250 26.64 26.95 1013.6800
07091.4707 24.8750 24.9375 25.1250 26.64 26.95 1013.6800
07066.9707 24.8750 24.9375 25.1250 26.64 26.95 1013.6800
07066.9585 24.8750 24.9375 25.1250 26.64 26.95 1013.6800
07091.4707 24.8750 24.9375 25.1250 26.64 26.97 1013.7072
07067.7207 24.8750 24.9375 25.1250 26.64 26.97 1013.7072
07118.5459 24.8750 24.9375 25.1250 26.64 26.97 1013.7072
07118.0708 24.8750 24.9375 25.1250 26.64 26.97 1013.7072
07067.4834 24.8750 24.9375 25.1250 26.64 26.97 1013.7072
07118.0459 24.8750 24.9375 25.1250 26.64 26.97 1013.7072
07093.3706 24.8750 24.9375 25.1250 26.64 26.97 1013.7072
07067.0083 24.8750 24.9375 25.1250 26.64 26.97 1013.7072
07117.7832 24.8750 24.9375 25.1250 26.64 26.97 1013.7072
07118.0210 24.8750 24.9375 25.1250 26.64 26.97 1013.7072
07118.0708 24.8750 24.9375 25.1250 26.64 26.97 1013.7072
07094.0835 24.8750 24.9375 25.1250 26.64 26.97 1013.7072
07064.5835 24.8750 24.9375 25.1250 26.64 26.97 1013.7072
07094.0459 24.8750 24.9375 25.1250 26.64 26.97 1013.7072
07066.4956 24.8750 24.9375 25.1250 26.64 26.97 1013.7072
07066.2334 24.8750 24.9375 25.1250 26.64 26.97 1013.7072
07067.7207 24.8750 24.9375 25.1250 26.64 26.97 1013.7072
07091.1958 24.8750 24.9375 25.1250 26.64 26.97 1013.7072
#terjedesi                                       nyomas  ##
#ido(usec)  T1(C)   T2(C)   T3(C)  T4(C) para(%)  (hPa)
07118.3081 24.8750 24.9375 25.1250 26.64 26.97 1013.7072
07118.5459 24.8750 24.9375 25.1250 26.65 26.96 1013.7235
07117.8335 24.8750 24.9375 25.1250 26.65 26.96 1013.7235
07067.1831 24.8750 24.9375 25.1250 26.65 26.96 1013.7235
07066.0332 24.8750 24.9375 25.1250 26.65 26.96 1013.7235
07066.2334 24.8750 24.9375 25.1250 26.65 26.96 1013.7235
07117.8335 24.8750 24.9375 25.1250 26.65 26.96 1013.7235
07067.4331 24.8750 24.9375 25.1250 26.65 26.96 1013.7235
07168.3706 24.8750 24.9375 25.1250 26.65 26.96 1013.7235
07064.5957 24.8750 24.9375 25.1250 26.65 26.96 1013.7235
07117.8208 24.8750 24.9375 25.1250 26.65 26.79 1013.6774
07118.0708 24.8750 24.9375 25.1250 26.65 26.79 1013.6774
07066.7334 24.8750 24.9375 25.1250 26.65 26.79 1013.6774
07066.7456 24.8750 24.9375 25.1250 26.65 26.79 1013.6774
07067.4834 24.8750 24.9375 25.1250 26.65 26.79 1013.6774
07117.5957 24.8750 24.9375 25.1250 26.65 26.79 1013.6774
07066.7710 24.8750 24.9375 25.1250 26.65 26.79 1013.6774
07066.9707 24.8750 24.9375 25.1250 26.65 26.79 1013.6774
07066.9956 24.8750 24.9375 25.1250 26.65 26.79 1013.6774
07117.7832 24.8750 24.9375 25.1250 26.65 26.94 1013.7235
07093.0835 24.9375 24.9375 25.1250 26.65 26.94 1013.7235
07117.2959 24.9375 24.9375 25.1250 26.65 26.94 1013.7235
07065.0835 24.9375 24.9375 25.1250 26.65 26.94 1013.7235
07067.2456 24.9375 24.9375 25.1250 26.65 26.94 1013.7235
07118.0708 24.9375 24.9375 25.1250 26.65 26.94 1013.7235
07094.0459 24.9375 24.9375 25.1250 26.65 26.94 1013.7235
07067.4585 24.9375 24.9375 25.1250 26.65 26.94 1013.7235
07066.9707 24.8750 24.9375 25.1250 26.65 26.94 1013.7235
07065.8208 24.8750 24.9375 25.1250 26.65 26.92 1013.7589
07066.2583 24.8750 24.9375 25.1250 26.65 26.92 1013.7589
07117.8081 24.8750 24.9375 25.1250 26.65 26.92 1013.7589
07067.4585 24.8750 24.9375 25.1250 26.65 26.92 1013.7589
07117.8335 24.8750 24.9375 25.1250 26.65 26.92 1013.7589
07118.0210 24.8750 24.9375 25.1250 26.65 26.92 1013.7589
07067.4331 24.8750 24.9375 25.1250 26.65 26.92 1013.7589
07067.4834 24.8750 24.9375 25.1250 26.65 26.92 1013.7589
07066.4707 24.8750 24.9375 25.1250 26.65 26.92 1013.7589
07066.0210 24.8750 24.9375 25.1250 26.65 26.92 1013.7589
07118.0210 24.8750 24.9375 25.1250 26.65 26.91 1013.7778
07091.4707 24.8750 24.9375 25.1250 26.65 26.91 1013.7778
07117.7959 24.8750 24.9375 25.1250 26.65 26.91 1013.7778
07117.7959 24.8750 24.9375 25.1250 26.65 26.91 1013.7778
07067.4331 24.8750 24.9375 25.1250 26.65 26.91 1013.7778
07093.5835 24.8750 24.9375 25.1250 26.65 26.91 1013.7778
07066.5332 24.8750 24.9375 25.1250 26.65 26.91 1013.7778
07066.4707 24.8750 24.9375 25.1250 26.65 26.91 1013.7778
07118.0210 24.8750 24.9375 25.1250 26.65 26.91 1013.7778
07118.0083 24.8750 24.9375 25.1250 26.65 26.91 1013.7589
07067.6709 24.8750 24.9375 25.1250 26.65 26.91 1013.7589
07091.6460 24.8750 24.9375 25.1250 26.65 26.91 1013.7589
07091.4209 24.8750 24.9375 25.1250 26.65 26.91 1013.7589
07118.0708 24.8750 24.9375 25.1250 26.65 26.91 1013.7589
07066.7207 24.9375 24.9375 25.1250 26.65 26.91 1013.7589
07066.0083 24.9375 24.9375 25.1250 26.65 26.91 1013.7589
07094.0708 24.9375 24.9375 25.1250 26.65 26.91 1013.7589
07067.7207 24.9375 24.9375 25.1250 26.65 26.91 1013.7589
07118.5459 24.9375 24.9375 25.1250 26.67 26.91 1013.7294
07091.4331 24.9375 24.9375 25.1250 26.67 26.91 1013.7294
07118.0708 24.9375 24.9375 25.1250 26.67 26.91 1013.7294
07067.0083 24.8750 24.9375 25.0625 26.67 26.91 1013.7294
07066.0581 24.8750 24.9375 25.0625 26.67 26.91 1013.7294
07066.7710 24.8750 24.9375 25.0625 26.67 26.91 1013.7294
07094.0332 24.8750 24.9375 25.0625 26.67 26.91 1013.7294
07117.8335 24.8750 24.9375 25.0625 26.67 26.91 1013.7294
07067.2456 24.8750 24.9375 25.0625 26.67 26.91 1013.7294
07117.7959 24.8750 24.9375 25.0625 26.67 26.91 1013.7294
07118.0459 24.8750 24.9375 25.0625 26.67 26.90 1013.7294
07118.2583 24.8750 24.9375 25.0625 26.67 26.90 1013.7294
07066.2710 24.8750 24.9375 25.1250 26.67 26.90 1013.7294
07066.4956 24.8750 24.9375 25.1250 26.67 26.90 1013.7294
07118.5459 24.8750 24.9375 25.1250 26.67 26.90 1013.7294
07091.6582 24.8750 24.9375 25.1250 26.67 26.90 1013.7294
07091.6460 24.8750 24.9375 25.1250 26.67 26.90 1013.7294
#terjedesi                                       nyomas  ##
#ido(usec)  T1(C)   T2(C)   T3(C)  T4(C) para(%)  (hPa)
07091.9082 24.8750 24.9375 25.1250 26.67 26.90 1013.7294
07111.8960 24.8750 24.9375 25.1250 26.67 26.90 1013.7294
07091.4331 24.8750 24.9375 25.1250 26.66 26.89 1013.7484
07066.7456 24.8750 24.9375 25.1250 26.66 26.89 1013.7484
07066.2959 24.8750 24.9375 25.1250 26.66 26.89 1013.7484
07118.2456 24.8750 24.9375 25.1250 26.66 26.89 1013.7484
07118.3081 24.8750 24.9375 25.1250 26.66 26.89 1013.7484
07067.9082 24.8750 24.9375 25.1250 26.66 26.89 1013.7484
07067.6582 24.8750 24.9375 25.1250 26.66 26.89 1013.7484
07067.9585 24.8750 24.9375 25.1250 26.66 26.89 1013.7484
07091.6460 24.8750 24.9375 25.1250 26.66 26.89 1013.7484
07066.4834 24.8750 24.9375 25.1250 26.67 26.91 1013.8109
07066.7456 24.8750 24.9375 25.1250 26.67 26.91 1013.8109
07091.4082 24.8750 24.9375 25.1250 26.67 26.91 1013.8109
07090.9585 24.8750 24.9375 25.1250 26.67 26.91 1013.8109
07117.5332 24.8750 24.9375 25.1250 26.67 26.91 1013.8109
07091.4585 24.8750 24.9375 25.1250 26.67 26.91 1013.8109
07117.5957 24.8750 24.9375 25.1250 26.67 26.91 1013.8109
07117.5459 24.8750 24.9375 25.1250 26.67 26.91 1013.8109
07066.2959 24.8750 24.9375 25.1250 26.67 26.91 1013.8109
07066.7085 24.8750 24.9375 25.1250 26.66 26.92 1013.6856
07091.4707 24.8750 24.9375 25.1250 26.66 26.92 1013.6856
07117.7959 24.8750 24.9375 25.1250 26.66 26.92 1013.6856
07117.5957 24.8750 24.9375 25.1250 26.66 26.92 1013.6856
07118.0708 24.8750 24.9375 25.1250 26.66 26.92 1013.6856
07117.5459 24.8750 24.9375 25.1250 26.66 26.92 1013.6856
07091.6958 24.8750 24.9375 25.1250 26.66 26.92 1013.6856
07066.4834 24.8750 24.9375 25.1250 26.66 26.92 1013.6856
07066.2959 24.8750 24.9375 25.1250 26.66 26.92 1013.6856
07067.6582 24.8750 24.9375 25.1250 26.67 26.92 1013.7023
07065.0581 24.8750 24.9375 25.1250 26.67 26.92 1013.7023
07117.7832 24.8750 24.9375 25.1250 26.67 26.92 1013.7023
07118.0210 24.8750 24.9375 25.1250 26.67 26.92 1013.7023
07065.1084 24.8750 24.9375 25.1250 26.67 26.92 1013.7023
07067.8960 24.8750 24.9375 25.1250 26.67 26.92 1013.7023
07093.5459 24.8750 24.9375 25.1250 26.67 26.92 1013.7023
07066.5210 24.8750 24.9375 25.1250 26.67 26.92 1013.7023
07118.0083 24.8750 24.9375 25.1250 26.67 26.92 1013.7023
07065.1084 24.8750 24.9375 25.1250 26.67 26.92 1013.7023
07117.7710 24.8750 24.9375 25.1250 26.67 26.92 1013.7838
07118.0459 24.8750 24.9375 25.1250 26.67 26.92 1013.7838
07091.2207 24.8750 24.9375 25.1250 26.67 26.92 1013.7838
07067.2085 24.8750 24.9375 25.1250 26.67 26.92 1013.7838
07117.1084 24.8750 24.9375 25.1250 26.67 26.92 1013.7838
07066.7710 24.8750 24.9375 25.1250 26.67 26.92 1013.7838
07091.4707 24.8750 24.9375 25.1250 26.67 26.92 1013.7838
07117.7710 24.8750 24.9375 25.1250 26.67 26.92 1013.7838
07091.8960 24.8750 24.9375 25.1250 26.67 26.92 1013.7838
07065.0581 24.8750 24.9375 25.1250 26.67 26.91 1013.6750
07118.4834 24.8750 24.9375 25.1250 26.67 26.91 1013.6750
07118.0708 24.8750 24.9375 25.1250 26.67 26.91 1013.6750
07117.3335 24.8750 24.9375 25.1250 26.67 26.91 1013.6750
07093.3335 24.8750 24.9375 25.1250 26.67 26.91 1013.6750
07067.9458 24.8750 24.9375 25.1250 26.67 26.91 1013.6750
07118.0708 24.8750 24.9375 25.1250 26.67 26.91 1013.6750
07118.4956 24.8750 24.9375 25.1250 26.67 26.91 1013.6750
07118.0708 24.8750 24.9375 25.1250 26.67 26.91 1013.6750
07065.1084 24.8750 24.9375 25.1250 26.67 26.91 1013.6750
07091.6582 24.8750 24.9375 25.1250 26.67 26.90 1013.7566
07066.4707 24.8750 24.9375 25.1250 26.67 26.90 1013.7566
07066.0459 24.8750 24.9375 25.1250 26.67 26.90 1013.7566
07091.6460 24.8750 24.9375 25.1250 26.67 26.90 1013.7566
07091.6582 24.8750 24.9375 25.1250 26.67 26.90 1013.7566
07091.8960 24.8750 24.9375 25.1250 26.67 26.90 1013.7566
07091.8833 24.8750 24.9375 25.1250 26.67 26.90 1013.7566
07118.2583 24.8750 24.9375 25.1250 26.67 26.90 1013.7566
07067.2456 24.9375 24.9375 25.1250 26.67 26.90 1013.7566
07066.5332 24.9375 24.9375 25.1250 26.67 26.90 1013.7023
07066.2959 24.9375 24.9375 25.1250 26.67 26.90 1013.7023
07091.4585 24.9375 24.9375 25.1250 26.67 26.90 1013.7023
07091.9209 24.9375 24.9375 25.1250 26.67 26.90 1013.7023
07117.8335 24.9375 24.9375 25.1250 26.67 26.90 1013.7023
07091.6460 24.9375 24.9375 25.1250 26.67 26.90 1013.7023
#terjedesi                                       nyomas  ##
#ido(usec)  T1(C)   T2(C)   T3(C)  T4(C) para(%)  (hPa)
07091.9458 24.9375 24.9375 25.1250 26.67 26.90 1013.7023
07091.4707 24.9375 24.9375 25.1250 26.67 26.90 1013.7023
07117.3081 24.8750 24.9375 25.1250 26.67 26.90 1013.7023
07066.5083 24.8750 24.9375 25.1250 26.67 26.90 1013.7375
07091.9209 24.8750 24.9375 25.1250 26.67 26.90 1013.7375
07091.8960 24.8750 24.9375 25.1250 26.67 26.90 1013.7375
07067.9209 24.8750 24.9375 25.1250 26.67 26.90 1013.7375
07091.7085 24.8750 24.9375 25.1250 26.67 26.90 1013.7375
07091.7085 24.8750 24.9375 25.1250 26.67 26.90 1013.7375
07064.8457 24.9375 24.9375 25.1250 26.67 26.90 1013.7375
07092.8706 24.9375 24.9375 25.1250 26.67 26.90 1013.7375
07093.3706 24.9375 24.9375 25.1250 26.67 26.90 1013.7375
07091.4082 24.9375 24.9375 25.1250 26.68 26.94 1013.7186
07091.4209 24.9375 24.9375 25.1250 26.68 26.94 1013.7186
07091.6831 24.9375 24.9375 25.1250 26.68 26.94 1013.7186
07118.0708 24.9375 24.9375 25.1250 26.68 26.94 1013.7186
07117.8208 24.9375 24.9375 25.1250 26.68 26.94 1013.7186
07067.4331 24.9375 24.9375 25.1250 26.68 26.94 1013.7186
07065.9956 24.8750 24.9375 25.1250 26.68 26.94 1013.7186
07092.8457 24.8750 24.9375 25.1250 26.68 26.94 1013.7186
07117.3584 24.8750 24.9375 25.1250 26.68 26.94 1013.7186
07117.2959 24.8750 24.9375 25.1250 26.67 26.94 1013.7566
07117.1206 24.8750 24.9375 25.1250 26.67 26.94 1013.7566
07090.9458 24.8750 24.9375 25.1250 26.67 26.94 1013.7566
07067.2456 24.8750 24.9375 25.1250 26.67 26.94 1013.7566
07168.1831 24.8750 24.9375 25.1250 26.67 26.94 1013.7566
07143.4707 24.8750 24.9375 25.1250 26.67 26.94 1013.7566
07066.4956 24.8750 24.9375 25.1250 26.67 26.94 1013.7566
07118.0210 24.8750 24.9375 25.1250 26.67 26.94 1013.7566
07118.5459 24.8750 24.9375 25.1250 26.67 26.94 1013.7566
07117.7832 24.8750 24.9375 25.1250 26.67 26.94 1013.7566
07091.4082 24.8750 24.9375 25.1250 26.68 26.91 1013.6725
07064.5835 24.8750 24.9375 25.1250 26.68 26.91 1013.6725
07118.2710 24.8750 24.9375 25.1250 26.68 26.91 1013.6725
07066.4956 24.8750 24.9375 25.1250 26.68 26.91 1013.6725
07117.0708 24.8750 24.9375 25.1250 26.68 26.91 1013.6725
07117.7832 24.8750 24.9375 25.1250 26.68 26.91 1013.6725
07091.4331 24.8750 24.9375 25.1250 26.68 26.91 1013.6725
07118.0459 24.8750 24.9375 25.1250 26.68 26.91 1013.6725
07118.3081 24.8750 24.9375 25.1250 26.68 26.91 1013.6725
07091.8960 24.8750 24.9375 25.1250 26.69 26.93 1013.6535
07091.6958 24.8750 24.9375 25.1250 26.69 26.93 1013.6535
07066.9458 24.8750 24.9375 25.1250 26.69 26.93 1013.6535
07066.5210 24.8750 24.9375 25.1250 26.69 26.93 1013.6535
07118.0210 24.8750 24.9375 25.1250 26.69 26.93 1013.6535
07091.4707 24.8750 24.9375 25.1250 26.69 26.93 1013.6535
07091.8960 24.8750 24.9375 25.1250 26.69 26.93 1013.6535
07091.4585 24.8750 24.9375 25.1250 26.69 26.93 1013.6535
07118.0210 24.8750 24.9375 25.1250 26.69 26.93 1013.6535
07094.0459 24.8750 24.9375 25.1250 26.69 26.93 1013.6535
07065.8208 24.8750 24.9375 25.1250 26.68 26.94 1013.6372
07066.4707 24.8750 24.9375 25.1250 26.68 26.94 1013.6372
07117.8335 24.8750 24.9375 25.1250 26.68 26.94 1013.6372
07067.4209 24.8750 24.9375 25.1250 26.68 26.94 1013.6372
07092.1582 24.8750 24.9375 25.1250 26.68 26.94 1013.6372
07118.2583 24.8750 24.9375 25.1250 26.68 26.94 1013.6372
07118.0459 24.8750 24.9375 25.1250 26.68 26.94 1013.6372
07065.1084 24.9375 24.9375 25.1250 26.68 26.94 1013.6372
07066.2959 24.9375 24.9375 25.1250 26.68 26.94 1013.6372
07065.9956 24.9375 24.9375 25.1250 26.69 26.93 1013.7893
07090.9956 24.9375 24.9375 25.1250 26.69 26.93 1013.7893
07118.0332 24.9375 24.9375 25.1250 26.69 26.93 1013.7893
07091.4707 24.9375 24.9375 25.1250 26.69 26.93 1013.7893
07118.0083 24.9375 24.9375 25.1250 26.69 26.93 1013.7893
07118.2832 24.9375 24.9375 25.1250 26.69 26.93 1013.7893
07067.2085 24.9375 24.9375 25.1250 26.69 26.93 1013.7893
07143.1958 24.8750 24.9375 25.1250 26.69 26.93 1013.7893
07093.1333 24.8750 24.9375 25.1250 26.69 26.93 1013.7893
07067.1958 24.8750 24.9375 25.1250 26.68 26.95 1013.8000
07065.2959 24.8750 24.9375 25.1250 26.68 26.95 1013.8000
07118.3081 24.8750 24.9375 25.1250 26.68 26.95 1013.8000
07091.4707 24.8750 24.9375 25.1250 26.68 26.95 1013.8000
07117.7710 24.8750 24.9375 25.1250 26.68 26.95 1013.8000
#terjedesi                                       nyomas  ##
#ido(usec)  T1(C)   T2(C)   T3(C)  T4(C) para(%)  (hPa)
07091.1831 24.8750 24.9375 25.1250 26.68 26.95 1013.8000
07066.0581 24.8750 24.9375 25.1250 26.68 26.95 1013.8000
07065.5210 24.8750 24.9375 25.1250 26.68 26.95 1013.8000
07093.6084 24.8750 24.9375 25.1250 26.68 26.95 1013.8000
07067.4458 24.8750 24.9375 25.1250 26.69 26.97 1013.6617
07118.2959 24.8750 24.9375 25.1250 26.69 26.97 1013.6617
07117.8208 24.8750 24.9375 25.1250 26.69 26.97 1013.6617
07067.6582 24.8750 24.9375 25.1250 26.69 26.97 1013.6617
07090.7583 24.8750 24.9375 25.1250 26.69 26.97 1013.6617
07066.2832 24.9375 24.9375 25.1250 26.69 26.97 1013.6617
07065.8208 24.9375 24.9375 25.1250 26.69 26.97 1013.6617
07117.8208 24.9375 24.9375 25.1250 26.69 26.97 1013.6617
07118.0083 24.9375 24.9375 25.1250 26.69 26.97 1013.6617
07090.4956 24.9375 24.9375 25.1250 26.69 26.96 1013.7621
07067.4331 24.9375 24.9375 25.1250 26.69 26.96 1013.7621
07093.7832 24.9375 24.9375 25.1250 26.69 26.96 1013.7621
07117.7710 24.9375 24.9375 25.1250 26.69 26.96 1013.7621
07066.5332 24.9375 24.9375 25.1250 26.69 26.96 1013.7621
07093.5459 24.9375 24.9375 25.1250 26.69 26.96 1013.7621
07117.5835 24.9375 24.9375 25.1250 26.69 26.96 1013.7621
07067.7085 24.9375 24.9375 25.1250 26.69 26.96 1013.7621
07117.5708 24.9375 24.9375 25.1250 26.69 26.96 1013.7621
07093.5708 24.9375 24.9375 25.1250 26.69 26.96 1013.7621
07067.0083 24.9375 24.9375 25.1250 26.70 26.97 1013.6970
07067.4707 24.9375 24.9375 25.1250 26.70 26.97 1013.6970
07066.2456 24.8750 24.9375 25.1250 26.70 26.97 1013.6970
07066.4707 24.8750 24.9375 25.1250 26.70 26.97 1013.6970
07090.9458 24.8750 24.9375 25.1250 26.70 26.97 1013.6970
07091.4209 24.8750 24.9375 25.1250 26.70 26.97 1013.6970
07067.4209 24.8750 24.9375 25.1250 26.70 26.97 1013.6970
07117.7710 24.8750 24.9375 25.1250 26.70 26.97 1013.6970
07091.2334 24.8750 24.9375 25.1250 26.70 26.97 1013.6970
07091.6460 24.9375 24.9375 25.1250 26.69 26.98 1013.7350
07119.2085 24.9375 24.9375 25.1250 26.69 26.98 1013.7350
07066.2334 24.9375 24.9375 25.1250 26.69 26.98 1013.7350
07091.1831 24.9375 24.9375 25.1250 26.69 26.98 1013.7350
07118.4834 24.9375 24.9375 25.1250 26.69 26.98 1013.7350
07091.4707 24.9375 24.9375 25.1250 26.69 26.98 1013.7350
07067.2456 24.9375 24.9375 25.1250 26.69 26.98 1013.7350
07117.5957 24.9375 24.9375 25.1250 26.69 26.98 1013.7350
07090.9458 24.9375 24.9375 25.1250 26.69 26.98 1013.7350
07092.8457 24.8750 24.9375 25.1250 26.69 26.98 1013.7350
07066.2334 24.8750 24.9375 25.1250 26.69 27.18 1013.7350
07067.1958 24.8750 24.9375 25.1250 26.69 27.18 1013.7350
07066.9585 24.8750 24.9375 25.1250 26.69 27.18 1013.7350
07091.2085 24.8750 24.9375 25.1250 26.69 27.18 1013.7350
07091.2207 24.8750 24.9375 25.1250 26.69 27.18 1013.7350
07067.4331 24.8750 24.9375 25.1250 26.69 27.18 1013.7350
07091.2334 24.8750 24.9375 25.1250 26.69 27.18 1013.7350
07066.0581 24.8750 24.9375 25.1250 26.69 27.18 1013.7350
07066.2456 24.8750 24.9375 25.1250 26.69 27.18 1013.7350
07091.2334 24.8750 24.9375 25.1250 26.70 26.97 1013.8056
07091.2085 24.8750 24.9375 25.1250 26.70 26.97 1013.8056
07090.9331 24.8750 24.9375 25.1250 26.70 26.97 1013.8056
07117.7710 24.8750 24.9375 25.1250 26.70 26.97 1013.8056
07118.0708 24.8750 24.9375 25.1250 26.70 26.97 1013.8056
07091.6831 24.8750 24.9375 25.1250 26.70 26.97 1013.8056
07066.2832 24.9375 24.9375 25.1250 26.70 26.97 1013.8056
07066.5332 24.9375 24.9375 25.1250 26.70 26.97 1013.8056
07117.8335 24.9375 24.9375 25.1250 26.70 26.97 1013.8056
07090.7583 24.9375 24.9375 25.1250 26.69 26.99 1013.6807
07118.0459 24.9375 24.9375 25.1250 26.69 26.99 1013.6807
07067.1958 24.9375 24.9375 25.1250 26.69 26.99 1013.6807
07090.9331 24.9375 24.9375 25.1250 26.69 26.99 1013.6807
07067.6582 24.9375 24.9375 25.1250 26.69 26.99 1013.6807
07117.1206 24.9375 24.9375 25.1250 26.69 26.99 1013.6807
07066.2959 24.9375 24.9375 25.1250 26.69 26.99 1013.6807
07118.2456 24.9375 24.9375 25.1250 26.69 26.99 1013.6807
07091.1709 24.9375 24.9375 25.1250 26.69 26.99 1013.6807
07117.5957 24.9375 24.9375 25.1250 26.69 26.99 1013.6807
07091.1831 24.9375 24.9375 25.1250 26.69 26.99 1013.6807
07117.8335 24.9375 24.9375 25.1250 26.69 26.99 1013.6807
07117.5957 24.9375 24.9375 25.1250 26.69 26.99 1013.6807
#terjedesi                                       nyomas  ##
#ido(usec)  T1(C)   T2(C)   T3(C)  T4(C) para(%)  (hPa)
07092.3706 24.9375 24.9375 25.1250 26.69 26.99 1013.6807
07066.0083 24.9375 24.9375 25.1250 26.69 26.99 1013.6807
07067.4707 24.9375 24.9375 25.1250 26.69 26.99 1013.6807
07118.0332 24.9375 24.9375 25.1250 26.69 26.99 1013.6807
07091.6582 24.9375 24.9375 25.1250 26.69 26.99 1013.6807
07090.9956 24.9375 24.9375 25.1250 26.70 26.99 1013.6428
07067.1958 24.9375 24.9375 25.1250 26.70 26.99 1013.6428
07090.9707 24.8750 24.9375 25.1250 26.70 26.99 1013.6428
07065.7583 24.8750 24.9375 25.1250 26.70 26.99 1013.6428
07066.0083 24.8750 24.9375 25.1250 26.70 26.99 1013.6428
07117.5957 24.8750 24.9375 25.1250 26.70 26.99 1013.6428
07117.7959 24.8750 24.9375 25.1250 26.70 26.99 1013.6428
07117.7832 24.8750 24.9375 25.1250 26.70 26.99 1013.6428
07091.4082 24.8750 24.9375 25.1250 26.70 26.99 1013.6428
07117.7832 24.8750 24.9375 25.1250 26.70 26.99 1013.6428
07067.4331 24.8750 24.9375 25.1250 26.69 26.99 1013.6264
07066.2456 24.8750 24.9375 25.1250 26.69 26.99 1013.6264
07066.0459 24.8750 24.9375 25.1250 26.69 26.99 1013.6264
07117.8335 24.8750 24.9375 25.1250 26.69 26.99 1013.6264
07091.2085 24.8750 24.9375 25.1250 26.69 26.99 1013.6264
07091.4082 24.8750 24.9375 25.1250 26.69 26.99 1013.6264
07117.8335 24.8750 24.9375 25.1250 26.69 26.99 1013.6264
07091.1709 24.8750 24.9375 25.1250 26.69 26.99 1013.6264
07090.9956 24.9375 24.9375 25.1250 26.69 26.99 1013.6264
07066.7207 24.9375 24.9375 25.1250 26.70 27.00 1013.7785
07066.0581 24.9375 24.9375 25.1250 26.70 27.00 1013.7785
07117.8208 24.9375 24.9375 25.1250 26.70 27.00 1013.7785
07091.4707 24.9375 24.9375 25.1250 26.70 27.00 1013.7785
07117.5957 24.9375 24.9375 25.1250 26.70 27.00 1013.7785
07117.8335 24.9375 24.9375 25.1250 26.70 27.00 1013.7785
07090.9458 24.9375 24.9375 25.1250 26.70 27.00 1013.7785
07091.1709 24.9375 24.9375 25.1250 26.70 27.00 1013.7785
07092.8706 24.9375 24.9375 25.1250 26.70 27.00 1013.7785
07066.2456 24.9375 24.9375 25.1250 26.69 26.98 1013.6264
07117.7832 24.9375 24.9375 25.1250 26.69 26.98 1013.6264
07093.8335 24.9375 24.9375 25.1250 26.69 26.98 1013.6264
07118.0210 24.9375 24.9375 25.1250 26.69 26.98 1013.6264
07117.5459 24.9375 24.9375 25.1250 26.69 26.98 1013.6264
07091.1831 24.9375 24.9375 25.1250 26.69 26.98 1013.6264
07117.5581 24.9375 24.9375 25.1250 26.69 26.98 1013.6264
07117.1206 24.9375 24.9375 25.1250 26.69 26.98 1013.6264
07117.3208 24.9375 24.9375 25.1250 26.69 26.98 1013.6264
07090.9834 24.9375 24.9375 25.1250 26.69 26.98 1013.6264
07091.6460 24.9375 24.9375 25.1250 26.69 26.99 1013.6889
07091.6958 24.9375 24.9375 25.1250 26.69 26.99 1013.6889
07065.3457 24.9375 24.9375 25.1250 26.69 26.99 1013.6889
07118.0708 24.9375 24.9375 25.1250 26.69 26.99 1013.6889
07091.4209 24.9375 24.9375 25.1250 26.69 26.99 1013.6889
07093.3081 24.9375 24.9375 25.1250 26.69 26.99 1013.6889
07066.9585 24.9375 24.9375 25.1250 26.69 26.99 1013.6889
07117.5332 24.9375 24.9375 25.1250 26.69 26.99 1013.6889
07064.6084 24.9375 24.9375 25.1250 26.69 26.99 1013.6889
07091.7085 24.9375 24.9375 25.1250 26.70 27.15 1013.6970
07064.8081 24.9375 24.9375 25.1250 26.70 27.15 1013.6970
07065.0708 24.9375 24.9375 25.1250 26.70 27.15 1013.6970
07065.5210 24.9375 24.9375 25.1250 26.70 27.15 1013.6970
07117.3081 24.9375 24.9375 25.1250 26.70 27.15 1013.6970
07116.8833 24.9375 24.9375 25.1250 26.70 27.15 1013.6970
07091.6460 24.9375 24.9375 25.1250 26.70 27.15 1013.6970
07091.7085 24.9375 24.9375 25.1250 26.70 27.15 1013.6970
07091.6709 24.9375 24.9375 25.1250 26.70 27.15 1013.6970
07091.7085 24.9375 24.9375 25.1250 26.71 26.99 1013.7681
07091.4209 24.9375 24.9375 25.1250 26.71 26.99 1013.7681
07091.4209 24.9375 24.9375 25.1250 26.71 26.99 1013.7681
07066.2959 24.9375 24.9375 25.1250 26.71 26.99 1013.7681
07117.3081 24.9375 24.9375 25.1250 26.71 26.99 1013.7681
07091.4209 24.9375 24.9375 25.1250 26.71 26.99 1013.7681
07118.0210 24.9375 24.9375 25.1250 26.71 26.99 1013.7681
07118.0210 24.9375 24.9375 25.1250 26.71 26.99 1013.7681
07091.1831 24.9375 24.9375 25.1250 26.71 26.99 1013.7681
07091.4707 24.9375 24.9375 25.1250 26.71 26.97 1013.7137
07065.0957 24.8750 24.9375 25.1250 26.71 26.97 1013.7137
07066.4834 24.8750 24.9375 25.1250 26.71 26.97 1013.7137
#terjedesi                                       nyomas  ##
#ido(usec)  T1(C)   T2(C)   T3(C)  T4(C) para(%)  (hPa)
07093.5581 24.8750 24.9375 25.1250 26.71 26.97 1013.7137
07084.7832 24.8750 24.9375 25.1250 26.71 26.97 1013.7137
07091.4331 24.8750 24.9375 25.1250 26.71 26.97 1013.7137
07091.6582 24.8750 24.9375 25.1250 26.71 26.97 1013.7137
07091.4707 24.8750 24.9375 25.1250 26.71 26.97 1013.7137
07118.0708 24.8750 24.9375 25.1250 26.71 26.97 1013.7137
07091.4458 24.8750 24.9375 25.1250 26.71 26.97 1013.7137
07066.4707 24.8750 24.9375 25.1250 26.70 26.96 1013.7327
07066.2334 24.8750 24.9375 25.1250 26.70 26.96 1013.7327
07091.1831 24.8750 24.9375 25.1250 26.70 26.96 1013.7327
07118.0210 24.8750 24.9375 25.1250 26.70 26.96 1013.7327
07064.3833 24.8750 24.9375 25.1250 26.70 26.96 1013.7327
07117.5332 24.8750 24.9375 25.1250 26.70 26.96 1013.7327
07067.4834 24.8750 24.9375 25.1250 26.70 26.96 1013.7327
07117.8335 24.8750 24.9375 25.1875 26.70 26.96 1013.7327
07116.8833 24.8750 24.9375 25.1875 26.70 26.96 1013.7327
07066.5332 24.8750 24.9375 25.1875 26.70 26.95 1013.7327
07091.6460 24.8750 24.9375 25.1875 26.70 26.95 1013.7327
07091.6582 24.8750 24.9375 25.1875 26.70 26.95 1013.7327
07117.7832 24.8750 24.9375 25.1875 26.70 26.95 1013.7327
07067.1958 24.8750 24.9375 25.1875 26.70 26.95 1013.7327
07067.4834 24.8750 24.9375 25.1875 26.70 26.95 1013.7327
07091.2334 24.8750 24.9375 25.1875 26.70 26.95 1013.7327
07116.8335 24.8750 24.9375 25.1875 26.70 26.95 1013.7327
07066.9458 24.8750 24.9375 25.1875 26.70 26.95 1013.7327
07091.6958 24.8750 24.9375 25.1875 26.72 26.94 1013.7844
07065.0581 24.8750 24.9375 25.1875 26.72 26.94 1013.7844
07091.1709 24.8750 24.9375 25.1875 26.72 26.94 1013.7844
07091.4585 24.8750 24.9375 25.1875 26.72 26.94 1013.7844
07091.9209 24.8750 24.9375 25.1875 26.72 26.94 1013.7844
07117.5957 24.9375 24.9375 25.1250 26.72 26.94 1013.7844
07093.1084 24.9375 24.9375 25.1250 26.72 26.94 1013.7844
07065.8208 24.9375 24.9375 25.1250 26.72 26.94 1013.7844
07091.4209 24.9375 24.9375 25.1250 26.72 26.94 1013.7844
07091.9458 24.9375 24.9375 25.1250 26.72 26.94 1013.7844
07090.9331 24.9375 24.9375 25.1250 26.72 26.96 1013.6758
07090.9458 24.9375 24.9375 25.1250 26.72 26.96 1013.6758
07117.5957 24.9375 24.9375 25.1250 26.72 26.96 1013.6758
07090.7085 24.9375 24.9375 25.1250 26.72 26.96 1013.6758
07093.0835 24.9375 24.9375 25.1875 26.72 26.96 1013.6758
07066.4834 24.9375 24.9375 25.1875 26.72 26.96 1013.6758
07065.0957 24.9375 24.9375 25.1875 26.72 26.96 1013.6758
07118.2959 24.9375 24.9375 25.1875 26.72 26.96 1013.6758
07091.2207 24.9375 24.9375 25.1875 26.71 26.96 1013.6866
07066.9956 24.9375 24.9375 25.1875 26.71 26.96 1013.6866
07066.7710 24.9375 24.9375 25.1875 26.71 26.96 1013.6866
07090.7085 24.9375 24.9375 25.1875 26.71 26.96 1013.6866
07065.7710 24.9375 24.9375 25.1875 26.71 26.96 1013.6866
07066.0083 24.9375 24.9375 25.1875 26.71 26.96 1013.6866
07093.7959 24.9375 24.9375 25.1875 26.71 26.96 1013.6866
07064.3335 24.9375 24.9375 25.1875 26.71 26.96 1013.6866
07064.6206 24.9375 24.9375 25.1875 26.71 26.96 1013.6866
07091.1958 24.9375 24.9375 25.1875 26.71 26.96 1013.6866
07064.6333 24.9375 24.9375 25.1875 26.71 26.96 1013.6866
07117.5332 24.9375 24.9375 25.1875 26.71 27.23 1013.6594
07066.0083 24.9375 24.9375 25.1250 26.71 27.23 1013.6594
07066.2456 24.9375 24.9375 25.1250 26.71 27.23 1013.6594
07091.4707 24.9375 24.9375 25.1250 26.71 27.23 1013.6594
07090.9458 24.9375 24.9375 25.1250 26.71 27.23 1013.6594
07091.4209 24.9375 24.9375 25.1250 26.71 27.23 1013.6594
07090.9834 24.9375 24.9375 25.1250 26.71 27.23 1013.6594
07117.5957 24.9375 24.9375 25.1250 26.71 27.23 1013.6594
07090.9834 24.8750 24.9375 25.1250 26.71 26.96 1013.6404
07066.0581 24.8750 24.9375 25.1250 26.71 26.96 1013.6404
07093.3081 24.8750 24.9375 25.1250 26.71 26.96 1013.6404
07117.5957 24.8750 24.9375 25.1250 26.71 26.96 1013.6404
07091.2334 24.8750 24.9375 25.1250 26.71 26.96 1013.6404
07090.7583 24.8750 24.9375 25.1250 26.71 26.96 1013.6404
07067.1831 24.8750 24.9375 25.1250 26.71 26.96 1013.6404
07117.3584 24.8750 24.9375 25.1250 26.71 26.96 1013.6404
07064.8081 24.8750 24.9375 25.1250 26.71 26.96 1013.6404
07066.0332 24.8750 24.9375 25.1875 26.71 26.96 1013.6404
07066.2832 24.8750 24.9375 25.1875 26.72 26.95 1013.6758
#terjedesi                                       nyomas  ##
#ido(usec)  T1(C)   T2(C)   T3(C)  T4(C) para(%)  (hPa)
07091.4209 24.8750 24.9375 25.1875 26.72 26.95 1013.6758
07067.4209 24.8750 24.9375 25.1875 26.72 26.95 1013.6758
07091.4209 24.8750 24.9375 25.1875 26.72 26.95 1013.6758
07117.8335 24.8750 24.9375 25.1875 26.72 26.95 1013.6758
07117.7710 24.8750 24.9375 25.1875 26.72 26.95 1013.6758
07091.1958 24.9375 24.9375 25.1250 26.72 26.95 1013.6758
07066.4707 24.9375 24.9375 25.1250 26.72 26.95 1013.6758
07066.5332 24.9375 24.9375 25.1250 26.72 26.95 1013.6758
07091.1831 24.9375 24.9375 25.1250 26.72 26.96 1013.7111
07091.2334 24.9375 24.9375 25.1250 26.72 26.96 1013.7111
07091.6582 24.9375 24.9375 25.1250 26.72 26.96 1013.7111
07117.7710 24.9375 24.9375 25.1250 26.72 26.96 1013.7111
07090.9458 24.9375 24.9375 25.1250 26.72 26.96 1013.7111
07064.8208 24.9375 24.9375 25.1250 26.72 26.96 1013.7111
07117.3457 24.9375 24.9375 25.1875 26.72 26.96 1013.7111
07117.1206 24.9375 24.9375 25.1875 26.72 26.96 1013.7111
07091.4331 24.9375 24.9375 25.1875 26.72 26.96 1013.7111
07091.4209 24.9375 24.9375 25.1875 26.72 26.95 1013.6487
07065.5332 24.9375 24.9375 25.1875 26.72 26.95 1013.6487
07091.2207 24.9375 24.9375 25.1875 26.72 26.95 1013.6487
07065.1084 24.9375 24.9375 25.1875 26.72 26.95 1013.6487
07065.5835 24.9375 24.9375 25.1250 26.72 26.95 1013.6487
07117.3584 24.9375 24.9375 25.1250 26.72 26.95 1013.6487
07117.0708 24.9375 24.9375 25.1250 26.72 26.95 1013.6487
07091.6582 24.9375 24.9375 25.1250 26.72 26.95 1013.6487
07091.4209 24.9375 24.9375 25.1250 26.72 26.95 1013.6487
07091.6582 24.9375 24.9375 25.1250 26.72 26.95 1013.6487
07118.0332 24.9375 24.9375 25.1250 26.72 26.95 1013.6758
07091.4585 24.9375 24.9375 25.1250 26.72 26.95 1013.6758
07091.4209 24.9375 24.9375 25.1250 26.72 26.95 1013.6758
07066.2832 24.9375 24.9375 25.1875 26.72 26.95 1013.6758
07066.2334 24.9375 24.9375 25.1875 26.72 26.95 1013.6758
07091.7085 24.9375 24.9375 25.1875 26.72 26.95 1013.6758
07091.2207 24.9375 24.9375 25.1875 26.72 26.95 1013.6758
07091.6831 24.9375 24.9375 25.1875 26.72 26.95 1013.6758
07067.4585 24.9375 24.9375 25.1875 26.73 26.97 1013.7465
07064.8208 24.9375 24.9375 25.1875 26.73 26.97 1013.7465
07091.6709 24.8750 24.9375 25.1875 26.73 26.97 1013.7465
07116.8208 24.8750 24.9375 25.1875 26.73 26.97 1013.7465
07093.0835 24.8750 24.9375 25.1875 26.73 26.97 1013.7465
07091.6709 24.8750 24.9375 25.1875 26.73 26.97 1013.7465
07118.4834 24.8750 24.9375 25.1875 26.73 26.97 1013.7465
07090.9956 24.8750 24.9375 25.1875 26.73 26.97 1013.7465
07091.4331 24.8750 24.9375 25.1875 26.73 26.97 1013.7465
07064.8706 24.8750 24.9375 25.1875 26.73 26.97 1013.7465
07091.2334 24.8750 24.9375 25.1875 26.73 26.97 1013.7465
07066.2334 24.9375 24.9375 25.1875 26.73 26.97 1013.7465
07066.0581 24.9375 24.9375 25.1875 26.73 26.97 1013.7465
07091.4209 24.9375 24.9375 25.1875 26.73 26.97 1013.7465
07118.0210 24.9375 24.9375 25.1875 26.73 26.97 1013.7465
07091.6709 24.9375 24.9375 25.1875 26.73 26.97 1013.7465
07091.2334 24.9375 24.9375 25.1875 26.73 26.97 1013.7465
07091.4707 24.9375 24.9375 25.1875 26.73 26.97 1013.7465
07064.8335 24.9375 24.9375 25.1875 26.73 26.97 1013.7465
07093.3706 24.9375 24.9375 25.1875 26.73 26.98 1013.7736
07117.0708 24.9375 24.9375 25.1875 26.73 26.98 1013.7736
07091.1831 24.9375 24.9375 25.1875 26.73 26.98 1013.7736
07091.2334 24.9375 24.9375 25.1875 26.73 26.98 1013.7736
07064.6333 24.9375 24.9375 25.1875 26.73 26.98 1013.7736
07064.3335 24.9375 24.9375 25.1875 26.73 26.98 1013.7736
07065.3457 24.9375 24.9375 25.1875 26.73 26.98 1013.7736
07091.6582 24.9375 24.9375 25.1875 26.73 26.98 1013.7736
07066.2710 24.9375 24.9375 25.1875 26.73 26.98 1013.7736
07090.0210 24.9375 24.9375 25.1875 26.73 26.98 1013.7736
07064.5957 24.9375 24.9375 25.1875 26.73 26.97 1013.7193
07091.4209 24.9375 24.9375 25.1875 26.73 26.97 1013.7193
07091.4331 24.9375 24.9375 25.1875 26.73 26.97 1013.7193
07091.4585 24.9375 24.9375 25.1875 26.73 26.97 1013.7193
07065.3335 24.9375 24.9375 25.1875 26.73 26.97 1013.7193
07091.1709 24.9375 24.9375 25.1250 26.73 26.97 1013.7193
07066.2959 24.9375 24.9375 25.1250 26.73 26.97 1013.7193
07092.3833 24.9375 24.9375 25.1250 26.73 26.97 1013.7193
07118.2583 24.9375 24.9375 25.1250 26.73 26.97 1013.7193
#terjedesi                                       nyomas  ##
#ido(usec)  T1(C)   T2(C)   T3(C)  T4(C) para(%)  (hPa)
07065.1084 24.9375 24.9375 25.1250 26.72 26.95 1013.7573
07110.8960 24.9375 24.9375 25.1250 26.72 26.95 1013.7573
07091.4458 24.9375 24.9375 25.1250 26.72 26.95 1013.7573
07090.9458 24.9375 24.9375 25.1250 26.72 26.95 1013.7573
07117.5459 24.9375 24.9375 25.1250 26.72 26.95 1013.7573
07143.2334 24.8750 24.9375 25.1875 26.72 26.95 1013.7573
07066.4834 24.8750 24.9375 25.1875 26.72 26.95 1013.7573
07064.1333 24.8750 24.9375 25.1875 26.72 26.95 1013.7573
07064.5835 24.8750 24.9375 25.1875 26.72 26.95 1013.7573
07091.1831 24.8750 24.9375 25.1875 26.73 26.97 1013.8551
07090.9707 24.8750 24.9375 25.1875 26.73 26.97 1013.8551
07090.9331 24.8750 24.9375 25.1875 26.73 26.97 1013.8551
07064.6333 24.9375 24.9375 25.1875 26.73 26.97 1013.8551
07065.3335 24.9375 24.9375 25.1875 26.73 26.97 1013.8551
07066.5332 24.9375 24.9375 25.1875 26.73 26.97 1013.8551
07117.5957 24.9375 24.9375 25.1875 26.73 26.97 1013.8551
07091.4585 24.9375 24.9375 25.1875 26.73 26.97 1013.8551
07091.4209 24.9375 24.9375 25.1875 26.73 26.97 1013.8551
07091.7085 24.9375 24.9375 25.1875 26.73 26.97 1013.8551
07091.2207 24.9375 24.9375 25.1875 26.73 26.97 1013.6378
07118.0083 24.9375 24.9375 25.1875 26.73 26.97 1013.6378
07116.8335 24.8750 24.9375 25.1875 26.73 26.97 1013.6378
07066.7334 24.8750 24.9375 25.1875 26.73 26.97 1013.6378
07064.1582 24.8750 24.9375 25.1875 26.73 26.97 1013.6378
07091.2334 24.8750 24.9375 25.1875 26.73 26.97 1013.6378
07091.4707 24.8750 24.9375 25.1875 26.73 26.97 1013.6378
07067.0083 24.8750 24.9375 25.1875 26.73 26.97 1013.6378
07091.4458 24.8750 24.9375 25.1875 26.73 26.96 1013.6378
07090.9458 24.9375 24.9375 25.1875 26.73 26.96 1013.6378
07066.2456 24.9375 24.9375 25.1875 26.73 26.96 1013.6378
07066.2334 24.9375 24.9375 25.1875 26.73 26.96 1013.6378
07091.2085 24.9375 24.9375 25.1875 26.73 26.96 1013.6378
07091.4585 24.9375 24.9375 25.1875 26.73 26.96 1013.6378
07091.4707 24.9375 24.9375 25.1875 26.73 26.96 1013.6378
07091.1831 24.9375 24.9375 25.1875 26.73 26.96 1013.6378
07064.1582 24.9375 24.9375 25.1875 26.73 26.96 1013.6378
07064.8584 24.9375 24.9375 25.1875 26.73 26.96 1013.6378
07090.7583 24.9375 24.9375 25.1875 26.74 26.96 1013.7085
07093.1333 24.9375 24.9375 25.1875 26.74 26.96 1013.7085
07090.9834 24.9375 24.9375 25.1875 26.74 26.96 1013.7085
07117.7832 24.9375 24.9375 25.1875 26.74 26.96 1013.7085
07064.1084 24.9375 24.9375 25.1875 26.74 26.96 1013.7085
07090.9331 24.9375 24.9375 25.1875 26.74 26.96 1013.7085
07091.4331 24.9375 24.9375 25.1875 26.74 26.96 1013.7085
07064.8706 24.8750 24.9375 25.1875 26.74 26.96 1013.7085
07066.0459 24.8750 24.9375 25.1875 26.74 26.96 1013.7085
07116.8833 24.8750 24.9375 25.1875 26.72 26.94 1013.7111
07118.0332 24.8750 24.9375 25.1875 26.72 26.94 1013.7111
07091.4707 24.8750 24.9375 25.1875 26.72 26.94 1013.7111
07064.5835 24.8750 24.9375 25.1875 26.72 26.94 1013.7111
07064.8081 24.8750 24.9375 25.1875 26.72 26.94 1013.7111
07091.2334 24.8750 24.9375 25.1875 26.72 26.94 1013.7111
07117.8335 24.8750 24.9375 25.1875 26.72 26.94 1013.7111
07116.6460 24.9375 24.9375 25.1875 26.72 26.94 1013.7111
07066.7456 24.9375 24.9375 25.1875 26.72 26.94 1013.7111
07091.4209 24.9375 24.9375 25.1875 26.73 26.96 1013.6378
07064.6333 24.9375 24.9375 25.1875 26.73 26.96 1013.6378
07064.3706 24.9375 24.9375 25.1875 26.73 26.96 1013.6378
07091.1709 24.9375 24.9375 25.1875 26.73 26.96 1013.6378
07064.8081 24.9375 24.9375 25.1875 26.73 26.96 1013.6378
07090.9458 24.9375 24.9375 25.1875 26.73 26.96 1013.6378
07116.5835 24.9375 24.9375 25.1875 26.73 26.96 1013.6378
07066.2456 24.9375 24.9375 25.1875 26.73 26.96 1013.6378
07091.4707 24.9375 24.9375 25.1875 26.73 26.96 1013.6378
07091.4331 24.9375 24.9375 25.1875 26.73 26.96 1013.6378
07064.3457 24.9375 24.9375 25.1875 26.73 26.98 1013.6460
07064.6333 24.9375 24.9375 25.1875 26.73 26.98 1013.6460
07117.1084 24.9375 24.9375 25.1875 26.73 26.98 1013.6460
07090.9458 24.9375 24.9375 25.1875 26.73 26.98 1013.6460
07066.0332 24.9375 24.9375 25.1250 26.73 26.98 1013.6460
07066.7207 24.9375 24.9375 25.1250 26.73 26.98 1013.6460
07065.0459 24.9375 24.9375 25.1250 26.73 26.98 1013.6460
07091.8960 24.9375 24.9375 25.1250 26.73 26.98 1013.6460
#terjedesi                                       nyomas  ##
#ido(usec)  T1(C)   T2(C)   T3(C)  T4(C) para(%)  (hPa)
07117.7959 24.9375 24.9375 25.1250 26.73 26.98 1013.6460
07091.4082 24.9375 24.9375 25.1250 26.73 26.98 1013.6460
07117.5459 24.9375 24.9375 25.1250 26.73 26.98 1013.6460
07091.6582 24.9375 24.9375 25.1875 26.73 26.98 1013.6460
07066.2959 24.9375 24.9375 25.1875 26.73 26.98 1013.6460
07066.5332 24.9375 24.9375 25.1875 26.73 26.98 1013.6460
07064.6333 24.9375 24.9375 25.1875 26.73 26.98 1013.6460
07064.6333 24.9375 24.9375 25.1875 26.73 26.98 1013.6460
07118.2583 24.9375 24.9375 25.1875 26.73 26.98 1013.6460
07091.2334 24.9375 24.9375 25.1875 26.73 26.98 1013.6460
07090.9331 24.9375 24.9375 25.1875 26.73 26.98 1013.6460
07091.4209 24.9375 24.9375 25.1875 26.74 26.98 1013.7085
07066.0332 24.9375 24.9375 25.1875 26.74 26.98 1013.7085
07066.0581 24.9375 24.9375 25.1875 26.74 26.98 1013.7085
07090.9458 24.9375 24.9375 25.1875 26.74 26.98 1013.7085
07064.3706 24.9375 24.9375 25.1875 26.74 26.98 1013.7085
07091.1831 24.9375 24.9375 25.1875 26.74 26.98 1013.7085
07090.9458 24.9375 24.9375 25.1875 26.74 26.98 1013.7085
07091.1709 24.9375 24.9375 25.1875 26.74 26.98 1013.7085
07117.5459 24.9375 24.9375 25.1875 26.74 26.98 1013.7085
07066.2959 24.9375 24.9375 25.1875 26.74 26.98 1013.7085
07066.2583 24.9375 24.9375 25.1875 26.74 26.98 1013.7085
07091.4209 24.9375 24.9375 25.1875 26.74 26.98 1013.7085
07091.4707 24.9375 24.9375 25.1875 26.74 26.98 1013.7085
07090.7583 24.9375 24.9375 25.1875 26.74 26.98 1013.7085
07117.7710 24.9375 24.9375 25.1875 26.74 26.98 1013.7085
07117.5332 24.9375 24.9375 25.1875 26.74 26.98 1013.7085
07118.0708 24.9375 24.9375 25.1875 26.74 26.98 1013.7085
07066.2959 24.9375 24.9375 25.1875 26.74 26.98 1013.7085
07066.4834 24.9375 24.9375 25.1875 26.74 26.97 1013.6356
07117.8208 24.9375 24.9375 25.1875 26.74 26.97 1013.6356
07063.9209 24.9375 24.9375 25.1875 26.74 26.97 1013.6356
07064.8584 24.9375 24.9375 25.1875 26.74 26.97 1013.6356
07117.5708 24.9375 24.9375 25.1875 26.74 26.97 1013.6356
07091.4209 24.9375 24.9375 25.1875 26.74 26.97 1013.6356
07117.2959 24.9375 24.9375 25.1875 26.74 26.97 1013.6356
07116.8584 24.9375 24.9375 25.1875 26.74 26.97 1013.6356
07065.9956 24.9375 24.9375 25.1875 26.74 26.97 1013.6356
07117.3584 24.9375 24.9375 25.1875 26.74 26.97 1013.6813
07091.2334 24.9375 24.9375 25.1875 26.74 26.97 1013.6813
07117.5459 24.9375 24.9375 25.1875 26.74 26.97 1013.6813
07091.7085 24.9375 24.9375 25.1875 26.74 26.97 1013.6813
07091.2334 24.9375 24.9375 25.1875 26.74 26.97 1013.6813
07091.1831 24.9375 24.9375 25.1875 26.74 26.97 1013.6813
07066.0459 24.9375 24.9375 25.1875 26.74 26.97 1013.6813
07066.5332 24.9375 24.9375 25.1875 26.74 26.97 1013.6813
07065.0957 24.9375 24.9375 25.1875 26.74 26.97 1013.6813
07091.4082 24.9375 24.9375 25.1875 26.74 26.94 1013.7170
07065.1084 24.9375 24.9375 25.1875 26.74 26.94 1013.7170
07091.4707 24.9375 24.9375 25.1875 26.74 26.94 1013.7170
07065.0459 24.9375 24.9375 25.1875 26.74 26.94 1013.7170
07065.0581 24.9375 24.9375 25.1250 26.74 26.94 1013.7170
07116.8833 24.9375 24.9375 25.1250 26.74 26.94 1013.7170
07066.0581 24.9375 24.9375 25.1250 26.74 26.94 1013.7170
07091.6460 24.9375 24.9375 25.1250 26.74 26.94 1013.7170
07064.6333 24.9375 24.9375 25.1250 26.74 26.94 1013.7170
07117.8335 24.9375 24.9375 25.1250 26.74 26.94 1013.7170
07091.2334 24.9375 24.9375 25.1250 26.75 26.93 1013.6708
07091.4209 24.9375 24.9375 25.1250 26.75 26.93 1013.6708
07091.4707 24.9375 24.9375 25.1250 26.75 26.93 1013.6708
07066.9458 24.9375 24.9375 25.1875 26.75 26.93 1013.6708
07090.7583 24.9375 24.9375 25.1875 26.75 26.93 1013.6708
07091.1831 24.9375 24.9375 25.1875 26.75 26.93 1013.6708
07142.2456 24.9375 24.9375 25.1875 26.75 26.93 1013.6708
07064.8208 24.9375 24.9375 25.1875 26.75 26.93 1013.6708
07064.8208 24.9375 24.9375 25.1875 26.75 26.93 1013.6708
07065.2959 24.9375 24.9375 25.1875 26.74 26.92 1013.6083
07090.9956 24.9375 24.9375 25.1875 26.74 26.92 1013.6083
07117.0581 24.9375 24.9375 25.1875 26.74 26.92 1013.6083
07066.7085 24.9375 24.9375 25.1875 26.74 26.92 1013.6083
07064.8706 24.9375 24.9375 25.1875 26.74 26.92 1013.6083
07117.5459 24.9375 24.9375 25.1875 26.74 26.92 1013.6083
07117.5957 24.9375 24.9375 25.1875 26.74 26.92 1013.6083
#terjedesi                                       nyomas  ##
#ido(usec)  T1(C)   T2(C)   T3(C)  T4(C) para(%)  (hPa)
07091.9082 24.9375 24.9375 25.1875 26.74 26.92 1013.6083
07064.3706 24.9375 24.9375 25.1875 26.74 26.92 1013.6083
07091.4707 24.9375 24.9375 25.1875 26.74 26.92 1013.6083
07066.2456 24.9375 24.9375 25.1875 26.74 27.29 1013.7356
07117.5459 24.9375 24.9375 25.1875 26.74 27.29 1013.7356
07064.8208 24.9375 24.9375 25.1875 26.74 27.29 1013.7356
07091.2207 24.9375 24.9375 25.1875 26.74 27.29 1013.7356
07091.4082 24.9375 24.9375 25.1875 26.74 27.29 1013.7356
07065.5332 24.9375 24.9375 25.1875 26.74 27.29 1013.7356
07091.7085 24.9375 24.9375 25.1875 26.74 27.29 1013.7356
07118.0332 24.9375 24.9375 25.1875 26.74 27.29 1013.7356
07116.6333 24.9375 24.9375 25.1875 26.76 26.94 1013.6873
07066.2334 24.9375 24.9375 25.1875 26.76 26.94 1013.6873
07064.8706 24.9375 24.9375 25.1875 26.76 26.94 1013.6873
07065.0708 24.9375 24.9375 25.1875 26.76 26.94 1013.6873
07065.1084 24.9375 24.9375 25.1875 26.76 26.94 1013.6873
07064.8706 24.9375 24.9375 25.1875 26.76 26.94 1013.6873
07091.6460 24.9375 24.9375 25.1875 26.76 26.94 1013.6873
07064.8208 24.9375 24.9375 25.1875 26.76 26.94 1013.6873
07117.1084 24.9375 24.9375 25.1875 26.76 26.94 1013.6873
07117.3584 24.9375 24.9375 25.1875 26.76 26.94 1013.6873
07064.6333 24.9375 24.9375 25.1875 26.75 26.92 1013.7252
07064.8457 24.9375 24.9375 25.1875 26.75 26.92 1013.7252
07065.0957 24.9375 24.9375 25.1875 26.75 26.92 1013.7252
07065.2959 24.9375 24.9375 25.1875 26.75 26.92 1013.7252
07142.2959 24.9375 24.9375 25.1875 26.75 26.92 1013.7252
07065.1084 24.9375 24.9375 25.1875 26.75 26.92 1013.7252
07117.0581 24.9375 24.9375 25.1875 26.75 26.92 1013.7252
07066.5332 24.9375 24.9375 25.1875 26.75 26.92 1013.7252
07091.6831 24.9375 24.9375 25.1875 26.75 26.92 1013.7252
07065.5210 24.9375 24.9375 25.1875 26.75 26.92 1013.6166
07065.7710 24.9375 24.9375 25.1875 26.75 26.92 1013.6166
07091.2334 24.9375 24.9375 25.1875 26.75 26.92 1013.6166
07064.3960 24.9375 24.9375 25.1875 26.75 26.92 1013.6166
07091.4707 24.9375 24.9375 25.1875 26.75 26.92 1013.6166
07066.2710 24.9375 24.9375 25.1875 26.75 26.92 1013.6166
07066.5332 24.9375 24.9375 25.1875 26.75 26.92 1013.6166
07065.3335 24.9375 24.9375 25.1875 26.75 26.92 1013.6166
07064.8081 24.9375 24.9375 25.1875 26.75 26.92 1013.6166
07091.7085 24.9375 24.9375 25.1875 26.75 26.90 1013.7252
07065.3457 24.9375 24.9375 25.1875 26.75 26.90 1013.7252
07065.3457 24.9375 24.9375 25.1875 26.75 26.90 1013.7252
07064.3960 24.9375 24.9375 25.1875 26.75 26.90 1013.7252
07066.4834 24.9375 24.9375 25.1875 26.75 26.90 1013.7252
07117.0708 24.9375 24.9375 25.1875 26.75 26.90 1013.7252
07091.4209 24.9375 24.9375 25.1875 26.75 26.90 1013.7252
07064.8706 24.9375 24.9375 25.1875 26.75 26.90 1013.7252
07065.1084 24.9375 24.9375 25.1875 26.75 26.90 1013.7252
07065.1084 24.9375 24.9375 25.1875 26.75 26.90 1013.7252
07065.2832 24.9375 24.9375 25.1875 26.75 26.92 1013.5623
07065.2959 24.9375 24.9375 25.1875 26.75 26.92 1013.5623
07090.5083 24.9375 24.9375 25.1875 26.75 26.92 1013.5623
07116.8335 24.9375 24.9375 25.1875 26.75 26.92 1013.5623
07091.2334 24.9375 24.9375 25.1875 26.75 26.92 1013.5623
07090.9707 24.9375 24.9375 25.1875 26.75 26.92 1013.5623
07065.1084 24.9375 24.9375 25.1875 26.75 26.92 1013.5623
07091.4209 24.9375 24.9375 25.1875 26.75 26.92 1013.5623
07090.7583 24.9375 24.9375 25.1875 26.75 26.92 1013.5623
07064.6333 24.9375 24.9375 25.1875 26.77 26.89 1013.6493
07116.8208 24.9375 24.9375 25.1875 26.77 26.89 1013.6493
07166.9458 24.9375 24.9375 25.1875 26.77 26.89 1013.6493
07091.4707 24.9375 24.9375 25.1875 26.77 26.89 1013.6493
07091.9209 24.9375 24.9375 25.1875 26.77 26.89 1013.6493
07091.2085 24.9375 24.9375 25.1875 26.77 26.89 1013.6493
07064.6333 24.9375 24.9375 25.1875 26.77 26.89 1013.6493
07064.6333 24.9375 24.9375 25.1875 26.77 26.89 1013.6493
07091.6582 24.9375 24.9375 25.1875 26.77 26.89 1013.6493
07066.2456 24.9375 24.9375 25.1875 26.75 26.89 1013.6437
07116.6460 24.9375 24.9375 25.1875 26.75 26.89 1013.6437
07064.5835 24.9375 24.9375 25.1875 26.75 26.89 1013.6437
07091.1831 24.9375 24.9375 25.1875 26.75 26.89 1013.6437
07064.8706 24.9375 24.9375 25.1875 26.75 26.89 1013.6437
07091.2334 24.9375 24.9375 25.1875 26.75 26.89 1013.6437
#terjedesi                                       nyomas  ##
#ido(usec)  T1(C)   T2(C)   T3(C)  T4(C) para(%)  (hPa)
07091.4209 24.9375 24.9375 25.1875 26.75 26.89 1013.6437
07065.1084 24.9375 24.9375 25.1875 26.75 26.89 1013.6437
07116.8833 24.9375 24.9375 25.1875 26.75 26.89 1013.6437
07066.5332 24.9375 24.9375 25.1875 26.75 26.88 1013.6248
07091.2207 24.9375 24.9375 25.1875 26.75 26.88 1013.6248
07064.6084 24.9375 24.9375 25.1875 26.75 26.88 1013.6248
07091.4082 24.9375 24.9375 25.1875 26.75 26.88 1013.6248
07091.4209 24.9375 24.9375 25.1875 26.75 26.88 1013.6248
07090.9956 24.9375 24.9375 25.1875 26.75 26.88 1013.6248
07090.9331 24.9375 24.9375 25.1875 26.75 26.88 1013.6248
07065.8208 24.9375 24.9375 25.1875 26.75 26.88 1013.6248
07065.7710 24.9375 24.9375 25.1875 26.75 26.88 1013.6248
07064.6084 24.9375 24.9375 25.1875 26.75 26.88 1013.6248
07064.8081 24.9375 24.9375 25.1875 26.75 27.00 1013.6166
07091.2334 24.9375 24.9375 25.1875 26.75 27.00 1013.6166
07064.8208 24.9375 24.9375 25.1875 26.75 27.00 1013.6166
07065.0581 24.9375 24.9375 25.1875 26.75 27.00 1013.6166
07142.0581 24.9375 24.9375 25.1875 26.75 27.00 1013.6166
07090.0459 24.9375 24.9375 25.1875 26.75 27.00 1013.6166
07116.8833 24.9375 24.9375 25.1875 26.75 27.00 1013.6166
07064.8706 24.9375 24.9375 25.1875 26.75 27.00 1013.6166
07091.4707 24.9375 24.9375 25.1875 26.75 27.00 1013.6166
07065.0459 24.9375 24.9375 25.1875 26.76 26.90 1013.6330
07091.4707 24.9375 24.9375 25.1875 26.76 26.90 1013.6330
07064.3457 24.9375 24.9375 25.1875 26.76 26.90 1013.6330
07091.6460 24.9375 24.9375 25.1875 26.76 26.90 1013.6330
07066.2456 24.9375 24.9375 25.1875 26.76 26.90 1013.6330
07116.8335 24.9375 24.9375 25.1875 26.76 26.90 1013.6330
07090.9458 24.9375 24.9375 25.1875 26.76 26.90 1013.6330
07091.2085 24.9375 24.9375 25.1875 26.76 26.90 1013.6330
07117.5835 24.9375 24.9375 25.1875 26.76 26.90 1013.6330
07090.9458 24.9375 24.9375 25.1875 26.77 26.88 1013.6765
07064.6333 24.9375 24.9375 25.1875 26.77 26.88 1013.6765
07091.6582 24.9375 24.9375 25.1875 26.77 26.88 1013.6765
07090.4585 24.9375 24.9375 25.1875 26.77 26.88 1013.6765
07093.1206 24.9375 24.9375 25.1875 26.77 26.88 1013.6765
07064.5708 24.9375 24.9375 25.1875 26.77 26.88 1013.6765
07091.2085 24.9375 24.9375 25.1875 26.77 26.88 1013.6765
07090.9834 24.9375 24.9375 25.1875 26.77 26.88 1013.6765
07091.6582 24.9375 24.9375 25.1875 26.77 26.88 1013.6765
07065.0581 24.9375 24.9375 25.1875 26.77 26.88 1013.6765
07064.8081 24.9375 24.9375 25.1875 26.76 26.90 1013.6601
07066.4834 24.9375 24.9375 25.1875 26.76 26.90 1013.6601
07117.0581 24.9375 24.9375 25.1875 26.76 26.90 1013.6601
07065.0459 24.9375 24.9375 25.1875 26.76 26.90 1013.6601
07091.7085 24.9375 24.9375 25.1875 26.76 26.90 1013.6601
07091.6831 24.9375 24.9375 25.1875 26.76 26.90 1013.6601
07065.3335 24.9375 24.9375 25.1875 26.76 26.90 1013.6601
07065.0835 24.9375 24.9375 25.1875 26.76 26.90 1013.6601
07064.3960 24.9375 24.9375 25.1875 26.76 26.90 1013.6601
07092.5957 24.9375 24.9375 25.1875 26.79 26.89 1013.6824
07090.2710 24.9375 24.9375 25.1875 26.79 26.89 1013.6824
07091.6460 24.9375 24.9375 25.1875 26.79 26.89 1013.6824
07091.2085 24.9375 24.9375 25.1875 26.79 26.89 1013.6824
07064.5708 24.9375 24.9375 25.1875 26.79 26.89 1013.6824
07090.9956 24.9375 24.9375 25.1875 26.79 26.89 1013.6824
07090.7085 24.9375 24.9375 25.1875 26.79 26.89 1013.6824
07091.4585 24.9375 24.9375 25.1875 26.79 26.89 1013.6824
07116.8833 24.9375 24.9375 25.1875 26.79 26.89 1013.6824
07066.4834 24.9375 24.9375 25.1875 26.77 26.89 1013.6221
07064.6084 24.9375 24.9375 25.1875 26.77 26.89 1013.6221
07091.2334 24.9375 24.9375 25.1875 26.77 26.89 1013.6221
07090.9331 24.9375 24.9375 25.1875 26.77 26.89 1013.6221
07065.0957 24.9375 24.9375 25.1875 26.77 26.89 1013.6221
07064.6333 24.9375 24.9375 25.1875 26.77 26.89 1013.6221
07090.9956 24.9375 24.9375 25.1875 26.77 26.89 1013.6221
07116.6460 24.9375 24.9375 25.1875 26.77 26.89 1013.6221
07090.0083 24.9375 24.9375 25.1875 26.77 26.89 1013.6221
07065.3335 24.9375 24.9375 25.1875 26.76 26.88 1013.6873
07091.6831 24.9375 24.9375 25.1875 26.76 26.88 1013.6873
07090.9956 24.9375 24.9375 25.1875 26.76 26.88 1013.6873
07067.4834 24.9375 24.9375 25.1875 26.76 26.88 1013.6873
07065.0459 24.9375 24.9375 25.1875 26.76 26.88 1013.6873
#terjedesi                                       nyomas  ##
#ido(usec)  T1(C)   T2(C)   T3(C)  T4(C) para(%)  (hPa)
07091.2334 24.9375 24.9375 25.1875 26.76 26.88 1013.6873
07116.8335 24.9375 24.9375 25.1875 26.76 26.88 1013.6873
07066.2456 24.9375 24.9375 25.1875 26.76 26.88 1013.6873
07064.6206 24.9375 24.9375 25.1875 26.76 26.88 1013.6873
07090.7085 24.9375 24.9375 25.1875 26.77 26.86 1013.7851
07064.8208 24.9375 24.9375 25.1875 26.77 26.86 1013.7851
07065.1084 24.9375 24.9375 25.1875 26.77 26.86 1013.7851
07091.1958 24.9375 24.9375 25.1875 26.77 26.86 1013.7851
07064.3960 24.9375 24.9375 25.1875 26.77 26.86 1013.7851
07117.1206 24.9375 24.9375 25.1875 26.77 26.86 1013.7851
07090.4707 24.9375 24.9375 25.1875 26.77 26.86 1013.7851
07091.6460 24.9375 24.9375 25.1875 26.77 26.86 1013.7851
07064.8081 24.9375 24.9375 25.1875 26.77 26.86 1013.7851
07064.3960 24.9375 24.9375 25.1875 26.77 26.86 1013.7851
07064.3960 24.9375 24.9375 25.1875 26.77 26.86 1013.7118
07090.7085 24.9375 24.9375 25.1875 26.77 26.86 1013.7118
07090.9956 24.9375 24.9375 25.1875 26.77 26.86 1013.7118
07066.0459 24.9375 24.9375 25.1875 26.77 26.86 1013.7118
07090.2832 24.9375 24.9375 25.1875 26.77 26.86 1013.7118
07090.9458 24.9375 24.9375 25.1875 26.77 26.86 1013.7118
07090.7583 24.9375 24.9375 25.1875 26.77 26.86 1013.7118
07064.6206 24.9375 24.9375 25.1875 26.77 26.86 1013.7118
07091.1709 24.9375 24.9375 25.1875 26.77 26.86 1013.7118
07090.7456 24.9375 24.9375 25.1875 26.77 26.87 1013.7661
07064.6333 24.9375 24.9375 25.1875 26.77 26.87 1013.7661
07063.4458 24.9375 24.9375 25.1875 26.77 26.87 1013.7661
07116.8833 24.9375 24.9375 25.1875 26.77 26.87 1013.7661
07064.8457 24.9375 24.9375 25.1875 26.77 26.87 1013.7661
07091.7085 24.9375 24.9375 25.1875 26.77 26.87 1013.7661
07091.1709 24.9375 24.9375 25.1875 26.77 26.87 1013.7661
07117.8335 24.9375 24.9375 25.1875 26.77 26.87 1013.7661
07090.9956 24.9375 24.9375 25.1875 26.77 26.87 1013.7661
07117.3457 24.9375 24.9375 25.1875 26.77 26.87 1013.7661
07090.2207 24.9375 24.9375 25.1875 26.78 26.84 1013.6660
07116.8335 24.9375 24.9375 25.1875 26.78 26.84 1013.6660
07091.2334 24.9375 24.9375 25.1875 26.78 26.84 1013.6660
07091.2334 24.9375 24.9375 25.1875 26.78 26.84 1013.6660
07091.2207 24.9375 24.9375 25.1875 26.78 26.84 1013.6660
07091.2334 24.9375 24.9375 25.1875 26.78 26.84 1013.6660
07064.8706 24.9375 24.9375 25.1875 26.78 26.84 1013.6660
07090.6958 24.9375 24.9375 25.1875 26.78 26.84 1013.6660
07066.0083 24.9375 24.9375 25.1875 26.78 26.84 1013.6660
07066.0083 24.9375 24.9375 25.1875 26.78 26.87 1013.7474
07091.4707 24.9375 24.9375 25.1875 26.78 26.87 1013.7474
07091.1709 24.9375 24.9375 25.1875 26.78 26.87 1013.7474
07064.3457 24.9375 24.9375 25.1875 26.78 26.87 1013.7474
07091.6582 24.9375 24.9375 25.1875 26.78 26.87 1013.7474
07064.8081 24.9375 24.9375 25.1875 26.78 26.87 1013.7474
07117.3584 24.9375 24.9375 25.1875 26.78 26.87 1013.7474
07116.8833 24.9375 24.9375 25.1875 26.78 26.87 1013.7474
07066.2959 24.9375 24.9375 25.1875 26.78 26.87 1013.7474
07065.0957 24.9375 24.9375 25.1875 26.78 26.85 1013.6660
07090.9707 24.9375 24.9375 25.1875 26.78 26.85 1013.6660
07064.6333 24.9375 24.9375 25.1875 26.78 26.85 1013.6660
07064.5835 24.9375 24.9375 25.1875 26.78 26.85 1013.6660
07091.4082 24.9375 24.9375 25.1875 26.78 26.85 1013.6660
07091.1958 24.9375 24.9375 25.1875 26.78 26.85 1013.6660
07066.4834 24.9375 24.9375 25.1875 26.78 26.85 1013.6660
07093.1333 24.9375 24.9375 25.1875 26.78 26.85 1013.6660
07091.6460 24.9375 24.9375 25.1875 26.78 26.85 1013.6660
07065.1084 24.9375 24.9375 25.1875 26.78 26.84 1013.7203
07064.5835 24.9375 24.9375 25.1875 26.78 26.84 1013.7203
07091.2334 24.9375 24.9375 25.1875 26.78 26.84 1013.7203
07091.7085 24.9375 24.9375 25.1875 26.78 26.84 1013.7203
07091.4585 24.9375 24.9375 25.1875 26.78 26.84 1013.7203
07117.0708 24.9375 24.9375 25.1875 26.78 26.84 1013.7203
07066.0083 24.9375 24.9375 25.1875 26.78 26.84 1013.7203
07064.8208 24.9375 24.9375 25.1875 26.78 26.84 1013.7203
07065.0581 24.9375 24.9375 25.1875 26.78 26.84 1013.7203
07064.3833 24.9375 24.9375 25.1875 26.78 26.82 1013.7285
07064.6333 24.9375 24.9375 25.1875 26.78 26.82 1013.7285
07064.6333 24.9375 24.9375 25.1875 26.78 26.82 1013.7285
07091.2334 24.9375 24.9375 25.1875 26.78 26.82 1013.7285
#terjedesi                                       nyomas  ##
#ido(usec)  T1(C)   T2(C)   T3(C)  T4(C) para(%)  (hPa)
07066.4834 24.9375 24.9375 25.1875 26.78 26.82 1013.7285
07066.5083 24.9375 24.9375 25.1875 26.78 26.82 1013.7285
07064.1084 24.9375 24.9375 25.1875 26.78 26.82 1013.7285
07091.2334 24.9375 24.9375 25.1875 26.78 26.82 1013.7285
07065.3457 24.9375 24.9375 25.1875 26.78 26.82 1013.7285
07091.7085 24.9375 24.9375 25.1875 26.78 26.82 1013.7285
07091.4082 24.9375 24.9375 25.1875 26.79 26.83 1013.6552
07064.3457 24.9375 24.9375 25.1875 26.79 26.83 1013.6552
07116.4082 24.9375 24.9375 25.1875 26.79 26.83 1013.6552
07116.4082 24.9375 24.9375 25.1875 26.79 26.83 1013.6552
07064.5835 24.9375 24.9375 25.1875 26.79 26.83 1013.6552
07091.6460 24.9375 24.9375 25.1875 26.79 26.83 1013.6552
07064.3457 24.9375 24.9375 25.1875 26.79 26.83 1013.6552
07090.9458 24.9375 24.9375 25.1875 26.79 26.83 1013.6552
07090.9707 24.9375 24.9375 25.1875 26.79 26.83 1013.6552
07091.1831 24.9375 24.9375 25.2500 26.78 26.80 1013.6660
07065.9956 24.9375 24.9375 25.2500 26.78 26.80 1013.6660
07116.6460 24.9375 24.9375 25.2500 26.78 26.80 1013.6660
07117.1206 24.9375 24.9375 25.2500 26.78 26.80 1013.6660
07117.5708 24.9375 24.9375 25.2500 26.78 26.80 1013.6660
07090.9331 24.9375 24.9375 25.2500 26.78 26.80 1013.6660
07117.0835 24.9375 24.9375 25.2500 26.78 26.80 1013.6660
07117.3208 24.9375 24.9375 25.2500 26.78 26.80 1013.6660
07091.1831 24.9375 24.9375 25.2500 26.78 26.80 1013.6660
07066.0083 24.9375 24.9375 25.2500 26.77 26.76 1013.6493
07066.2959 24.9375 24.9375 25.2500 26.77 26.76 1013.6493
07064.6333 24.9375 24.9375 25.2500 26.77 26.76 1013.6493
07091.4331 24.9375 24.9375 25.2500 26.77 26.76 1013.6493
07064.6206 24.9375 24.9375 25.2500 26.77 26.76 1013.6493
07064.5957 24.9375 24.9375 25.2500 26.77 26.76 1013.6493
07091.4458 24.9375 24.9375 25.2500 26.77 26.76 1013.6493
07091.4707 24.9375 24.9375 25.1875 26.77 26.76 1013.6493
07090.2832 24.9375 24.9375 25.1875 26.77 26.76 1013.6493
07065.5459 24.9375 24.9375 25.1875 26.77 26.76 1013.6493
07064.5708 24.9375 24.9375 25.1875 26.78 26.80 1013.7203
07064.3706 24.9375 24.9375 25.1875 26.78 26.80 1013.7203
07091.1831 24.9375 24.9375 25.1875 26.78 26.80 1013.7203
07064.6333 24.9375 24.9375 25.1875 26.78 26.80 1013.7203
07090.9458 24.9375 24.9375 25.1875 26.78 26.80 1013.7203
07118.0210 24.9375 24.9375 25.1875 26.78 26.80 1013.7203
07090.0210 24.9375 24.9375 25.2500 26.78 26.80 1013.7203
07066.2456 24.9375 24.9375 25.2500 26.78 26.80 1013.7203
07091.1831 24.9375 24.9375 25.2500 26.78 26.80 1013.7203
07064.8208 24.9375 24.9375 25.2500 26.78 26.79 1013.6741
07091.1709 24.9375 24.9375 25.2500 26.78 26.79 1013.6741
07091.2334 24.9375 24.9375 25.2500 26.78 26.79 1013.6741
07090.9707 24.9375 24.9375 25.2500 26.78 26.79 1013.6741
07090.9956 24.9375 24.9375 25.1875 26.78 26.79 1013.6741
07089.9834 24.9375 24.9375 25.1875 26.78 26.79 1013.6741
07066.2959 24.9375 24.9375 25.1875 26.78 26.79 1013.6741
07091.4209 24.9375 24.9375 25.1875 26.78 26.79 1013.6741
07064.5835 24.9375 24.9375 25.1875 26.78 26.79 1013.6741
07090.9956 24.9375 24.9375 25.1875 26.79 26.80 1013.7095
07091.2334 24.9375 24.9375 25.1875 26.79 26.80 1013.7095
07090.9956 24.9375 24.9375 25.1875 26.79 26.80 1013.7095
07117.5957 24.9375 24.9375 25.1875 26.79 26.80 1013.7095
07116.5957 24.9375 24.9375 25.1875 26.79 26.80 1013.7095
07090.2207 24.9375 24.9375 25.1875 26.79 26.80 1013.7095
07091.4707 24.9375 24.9375 25.1875 26.79 26.80 1013.7095
07065.0581 24.9375 24.9375 25.1875 26.79 26.80 1013.7095
07091.6831 24.9375 24.9375 25.1875 26.79 26.80 1013.7095
07065.1084 24.9375 24.9375 25.1875 26.79 26.81 1013.6281
07064.8208 24.9375 24.9375 25.1875 26.79 26.81 1013.6281
07064.8706 24.9375 24.9375 25.1875 26.79 26.81 1013.6281
07090.7583 24.9375 24.9375 25.1875 26.79 26.81 1013.6281
07117.1084 24.9375 24.9375 25.1875 26.79 26.81 1013.6281
07065.0835 24.9375 24.9375 25.1875 26.79 26.81 1013.6281
07065.1084 24.9375 24.9375 25.1875 26.79 26.81 1013.6281
07064.8706 24.9375 24.9375 25.1875 26.79 26.81 1013.6281
07091.2334 24.9375 24.9375 25.1875 26.79 26.81 1013.6281
07091.6582 24.9375 24.9375 25.1875 26.79 26.81 1013.6281
07091.4331 24.9375 24.9375 25.1875 26.79 26.82 1013.7366
07117.0708 24.9375 24.9375 25.2500 26.79 26.82 1013.7366
#terjedesi                                       nyomas  ##
#ido(usec)  T1(C)   T2(C)   T3(C)  T4(C) para(%)  (hPa)
07090.5210 24.9375 24.9375 25.2500 26.79 26.82 1013.7366
07064.8706 24.9375 24.9375 25.2500 26.79 26.82 1013.7366
07142.0581 24.9375 24.9375 25.2500 26.79 26.82 1013.7366
07064.6206 24.9375 24.9375 25.2500 26.79 26.82 1013.7366
07064.8706 24.9375 24.9375 25.2500 26.79 26.82 1013.7366
07091.1831 24.9375 24.9375 25.2500 26.79 26.82 1013.7366
07091.2334 24.9375 24.9375 25.2500 26.79 26.82 1013.7366
07116.6460 24.9375 24.9375 25.2500 26.79 26.81 1013.6824
07089.9834 24.9375 24.9375 25.2500 26.79 26.81 1013.6824
07064.6333 24.9375 24.9375 25.2500 26.79 26.81 1013.6824
07064.8706 24.9375 24.9375 25.2500 26.79 26.81 1013.6824
07064.3457 24.9375 24.9375 25.2500 26.79 26.81 1013.6824
07065.0835 24.9375 24.9375 25.2500 26.79 26.81 1013.6824
07091.6958 24.9375 24.9375 25.2500 26.79 26.81 1013.6824
07090.9834 24.9375 24.9375 25.2500 26.79 26.81 1013.6824
07090.2334 24.9375 24.9375 25.1875 26.79 26.81 1013.6824
07090.2832 24.9375 24.9375 25.1875 26.80 26.80 1013.7530
07064.8457 24.9375 24.9375 25.1875 26.80 26.80 1013.7530
07064.8457 24.9375 24.9375 25.1875 26.80 26.80 1013.7530
07091.2085 24.9375 24.9375 25.1875 26.80 26.80 1013.7530
07091.2207 24.9375 24.9375 25.1875 26.80 26.80 1013.7530
07091.2334 24.9375 24.9375 25.1875 26.80 26.80 1013.7530
07064.6333 24.9375 24.9375 25.2500 26.80 26.80 1013.7530
07116.6084 24.9375 24.9375 25.2500 26.80 26.80 1013.7530
07090.0459 24.9375 24.9375 25.2500 26.80 26.80 1013.7530
07064.5835 24.9375 24.9375 25.2500 26.80 26.80 1013.7530
07064.6333 24.9375 24.9375 25.2500 26.79 26.81 1013.6824
07091.4209 24.9375 24.9375 25.2500 26.79 26.81 1013.6824
07090.9956 24.9375 24.9375 25.2500 26.79 26.81 1013.6824
07064.8081 24.9375 24.9375 25.2500 26.79 26.81 1013.6824
07064.8706 24.9375 24.9375 25.2500 26.79 26.81 1013.6824
07066.2456 24.9375 24.9375 25.1875 26.79 26.81 1013.6824
07116.6460 24.9375 24.9375 25.1875 26.79 26.81 1013.6824
07090.9707 24.9375 24.9375 25.1875 26.79 26.81 1013.6824
07091.1709 24.9375 24.9375 25.1875 26.79 26.81 1013.6824
07091.2334 24.9375 24.9375 25.1875 26.78 27.09 1013.7285
07064.3457 24.9375 24.9375 25.1875 26.78 27.09 1013.7285
07091.4082 24.9375 24.9375 25.1875 26.78 27.09 1013.7285
07064.5957 24.9375 24.9375 25.2500 26.78 27.09 1013.7285
07066.2456 24.9375 24.9375 25.2500 26.78 27.09 1013.7285
07116.1333 24.9375 24.9375 25.2500 26.78 27.09 1013.7285
07091.4707 24.9375 24.9375 25.2500 26.78 27.09 1013.7285
07064.6206 24.9375 24.9375 25.2500 26.78 27.09 1013.7285
07064.3960 24.9375 24.9375 25.2500 26.78 27.09 1013.7285
07064.3960 24.9375 24.9375 25.2500 26.80 26.78 1013.7530
07064.6084 24.9375 24.9375 25.2500 26.80 26.78 1013.7530
07090.4956 24.9375 24.9375 25.2500 26.80 26.78 1013.7530
07116.8833 24.9375 24.9375 25.2500 26.80 26.78 1013.7530
07090.5210 24.9375 24.9375 25.2500 26.80 26.78 1013.7530
07064.8706 24.9375 24.9375 25.2500 26.80 26.78 1013.7530
07064.5957 24.9375 24.9375 25.2500 26.80 26.78 1013.7530
07091.4209 24.9375 24.9375 25.2500 26.80 26.78 1013.7530
07065.0957 24.9375 24.9375 25.2500 26.80 26.78 1013.7530
07091.4209 24.9375 24.9375 25.2500 26.80 26.79 1013.6443
07064.6333 24.9375 24.9375 25.2500 26.80 26.79 1013.6443
07090.7207 24.9375 24.9375 25.2500 26.80 26.79 1013.6443
07090.5083 24.9375 24.9375 25.2500 26.80 26.79 1013.6443
07142.5332 24.9375 24.9375 25.2500 26.80 26.79 1013.6443
07064.5708 24.9375 24.9375 25.2500 26.80 26.79 1013.6443
07064.5835 24.9375 24.9375 25.2500 26.80 26.79 1013.6443
07090.9834 24.9375 24.9375 25.2500 26.80 26.79 1013.6443
07091.4707 24.9375 24.9375 25.2500 26.80 26.79 1013.6443
07064.6084 24.9375 24.9375 25.2500 26.80 26.79 1013.6443
07116.8584 24.9375 24.9375 25.2500 26.79 26.78 1013.7449
07090.2207 24.9375 24.9375 25.2500 26.79 26.78 1013.7449
07065.0581 24.9375 24.9375 25.2500 26.79 26.78 1013.7449
07090.9707 24.9375 24.9375 25.2500 26.79 26.78 1013.7449
07064.8208 24.9375 24.9375 25.2500 26.79 26.78 1013.7449
07064.6333 24.9375 24.9375 25.2500 26.79 26.78 1013.7449
07064.8584 24.9375 24.9375 25.2500 26.79 26.78 1013.7449
07064.3335 24.9375 24.9375 25.2500 26.79 26.78 1013.7449
07116.6460 24.9375 24.9375 25.2500 26.79 26.78 1013.7449
07066.5332 24.9375 24.9375 25.2500 26.79 26.80 1013.7639
#terjedesi                                       nyomas  ##
#ido(usec)  T1(C)   T2(C)   T3(C)  T4(C) para(%)  (hPa)
07090.7583 24.9375 24.9375 25.2500 26.79 26.80 1013.7639
07090.7583 24.9375 24.9375 25.2500 26.79 26.80 1013.7639
07064.5708 24.9375 24.9375 25.2500 26.79 26.80 1013.7639
07118.3081 24.9375 24.9375 25.2500 26.79 26.80 1013.7639
07064.8081 24.9375 24.9375 25.2500 26.79 26.80 1013.7639
07142.0332 24.9375 24.9375 25.2500 26.79 26.80 1013.7639
07116.3833 24.9375 24.9375 25.2500 26.79 26.80 1013.7639
07116.6460 24.9375 24.9375 25.2500 26.79 26.80 1013.7639
07091.2334 24.9375 24.9375 25.2500 26.79 26.81 1013.6905
07064.5835 24.9375 24.9375 25.2500 26.79 26.81 1013.6905
07141.7832 24.9375 24.9375 25.2500 26.79 26.81 1013.6905
07064.8208 24.9375 24.9375 25.2500 26.79 26.81 1013.6905
07091.4707 24.9375 24.9375 25.2500 26.79 26.81 1013.6905
07091.4331 24.9375 24.9375 25.2500 26.79 26.81 1013.6905
07116.3833 24.9375 24.9375 25.2500 26.79 26.81 1013.6905
07090.2832 24.9375 24.9375 25.2500 26.79 26.81 1013.6905
07064.8584 24.9375 24.9375 25.2500 26.79 26.81 1013.6905
07065.0708 24.9375 24.9375 25.2500 26.79 26.81 1013.6905
07065.0957 24.9375 24.9375 25.2500 26.80 26.83 1013.5358
07064.8457 24.9375 24.9375 25.2500 26.80 26.83 1013.5358
07065.1084 24.9375 24.9375 25.2500 26.80 26.83 1013.5358
07064.8706 24.9375 24.9375 25.2500 26.80 26.83 1013.5358
07090.2583 24.9375 24.9375 25.2500 26.80 26.83 1013.5358
07066.7207 24.9375 24.9375 25.2500 26.80 26.83 1013.5358
07064.5957 24.9375 24.9375 25.2500 26.80 26.83 1013.5358
07065.0957 24.9375 24.9375 25.2500 26.80 26.83 1013.5358
07064.8706 24.9375 24.9375 25.2500 26.80 26.84 1013.6443
07118.5332 24.9375 24.9375 25.2500 26.80 26.84 1013.6443
07142.2959 24.9375 24.9375 25.2500 26.80 26.84 1013.6443
07091.4707 24.9375 24.9375 25.2500 26.80 26.84 1013.6443
07063.6206 24.9375 24.9375 25.2500 26.80 26.84 1013.6443
07116.6206 24.9375 24.9375 25.2500 26.80 26.84 1013.6443
07064.6333 24.9375 24.9375 25.2500 26.80 26.84 1013.6443
07064.6333 24.9375 24.9375 25.2500 26.80 26.84 1013.6443
07064.8706 24.9375 24.9375 25.2500 26.80 26.84 1013.6443
07064.6333 24.9375 24.9375 25.2500 26.80 26.84 1013.6443
07091.1831 24.9375 24.9375 25.2500 26.80 26.83 1013.6443
07091.2085 24.9375 24.9375 25.2500 26.80 26.83 1013.6443
07116.8706 24.9375 24.9375 25.2500 26.80 26.83 1013.6443
07090.4707 24.9375 24.9375 25.2500 26.80 26.83 1013.6443
07092.1333 24.9375 24.9375 25.2500 26.80 26.83 1013.6443
07065.0581 24.9375 24.9375 25.2500 26.80 26.83 1013.6443
07091.1831 24.9375 24.9375 25.2500 26.80 26.83 1013.6443
07064.5835 24.9375 24.9375 25.2500 26.80 26.83 1013.6443
07065.0581 24.9375 24.9375 25.2500 26.80 26.83 1013.6443
07064.3833 24.9375 24.9375 25.2500 26.81 26.84 1013.6879
07116.8335 24.9375 24.9375 25.2500 26.81 26.84 1013.6879
07090.4834 24.9375 24.9375 25.2500 26.81 26.84 1013.6879
07064.3960 24.9375 24.9375 25.2500 26.81 26.84 1013.6879
07091.4707 24.9375 24.9375 25.2500 26.81 26.84 1013.6879
07064.8208 24.9375 24.9375 25.2500 26.81 26.84 1013.6879
07090.7334 24.9375 24.9375 25.2500 26.81 26.84 1013.6879
07064.8706 24.9375 24.9375 25.2500 26.81 26.84 1013.6879
07064.8706 24.9375 24.9375 25.2500 26.81 26.84 1013.6879
07116.8335 24.9375 24.9375 25.1875 26.81 26.84 1013.6879
07066.5332 24.9375 24.9375 25.1875 26.81 26.82 1013.6689
07064.6333 24.9375 24.9375 25.1875 26.81 26.82 1013.6689
07065.1084 24.9375 24.9375 25.1875 26.81 26.82 1013.6689
07091.1709 24.9375 24.9375 25.1875 26.81 26.82 1013.6689
07090.9834 24.9375 24.9375 25.1875 26.81 26.82 1013.6689
07091.1831 24.9375 24.9375 25.1875 26.81 26.82 1013.6689
07090.9956 24.9375 24.9375 25.2500 26.81 26.82 1013.6689
07116.6084 24.9375 24.9375 25.2500 26.81 26.82 1013.6689
07116.6460 24.9375 24.9375 25.2500 26.81 26.82 1013.6689
07064.3335 24.9375 24.9375 25.2500 26.80 26.81 1013.7068
07065.0581 24.9375 24.9375 25.2500 26.80 26.81 1013.7068
07091.2334 24.9375 24.9375 25.2500 26.80 26.81 1013.7068
07091.2207 24.9375 24.9375 25.2500 26.80 26.81 1013.7068
07064.8208 24.9375 24.9375 25.2500 26.80 26.81 1013.7068
07090.9956 24.9375 24.9375 25.2500 26.80 26.81 1013.7068
07116.3584 24.9375 24.9375 25.2500 26.80 26.81 1013.7068
07065.7710 24.9375 24.9375 25.2500 26.80 26.81 1013.7068
07091.1831 24.9375 24.9375 25.2500 26.80 26.81 1013.7068
#terjedesi                                       nyomas  ##
#ido(usec)  T1(C)   T2(C)   T3(C)  T4(C) para(%)  (hPa)
07091.1831 24.9375 24.9375 25.2500 26.80 26.79 1013.6443
07117.5835 24.9375 24.9375 25.2500 26.80 26.79 1013.6443
07064.5835 24.9375 24.9375 25.2500 26.80 26.79 1013.6443
07064.1582 24.9375 24.9375 25.2500 26.80 26.79 1013.6443
07117.8081 24.9375 24.9375 25.2500 26.80 26.79 1013.6443
07116.8208 24.9375 24.9375 25.2500 26.80 26.79 1013.6443
07089.9834 24.9375 24.9375 25.2500 26.80 26.79 1013.6443
07064.6333 24.9375 24.9375 25.2500 26.80 26.79 1013.6443
07091.1958 24.9375 24.9375 25.2500 26.80 26.79 1013.6443
07064.5708 24.9375 24.9375 25.2500 26.80 26.79 1013.6443
07091.6460 24.9375 24.9375 25.2500 26.81 26.79 1013.7151
07090.7456 24.9375 24.9375 25.2500 26.81 26.79 1013.7151
07091.6582 24.9375 24.9375 25.2500 26.81 26.79 1013.7151
07066.2959 24.9375 24.9375 25.2500 26.81 26.79 1013.7151
07090.2456 24.9375 24.9375 25.2500 26.81 26.79 1013.7151
07090.9458 24.9375 24.9375 25.2500 26.81 26.79 1013.7151
07064.5957 24.9375 24.9375 25.2500 26.81 26.79 1013.7151
07118.0083 24.9375 24.9375 25.2500 26.81 26.79 1013.7151
07064.8457 24.9375 24.9375 25.2500 26.81 26.77 1013.6607
07065.0581 24.9375 24.9375 25.2500 26.81 26.77 1013.6607
07142.0459 25.0000 24.9375 25.2500 26.81 26.77 1013.6607
07116.5957 25.0000 24.9375 25.2500 26.81 26.77 1013.6607
07064.1084 25.0000 24.9375 25.2500 26.81 26.77 1013.6607
07091.1831 25.0000 24.9375 25.2500 26.81 26.77 1013.6607
07091.2334 25.0000 24.9375 25.2500 26.81 26.77 1013.6607
07064.3960 25.0000 24.9375 25.2500 26.81 26.77 1013.6607
07064.6084 25.0000 24.9375 25.2500 26.81 26.77 1013.6607
07064.6333 25.0000 24.9375 25.2500 26.81 26.77 1013.6607
07142.0581 25.0000 24.9375 25.2500 26.80 26.77 1013.7068
07090.4585 25.0000 24.9375 25.2500 26.80 26.77 1013.7068
07066.7207 25.0000 24.9375 25.2500 26.80 26.77 1013.7068
07064.5835 25.0000 24.9375 25.2500 26.80 26.77 1013.7068
07090.9458 25.0000 24.9375 25.2500 26.80 26.77 1013.7068
07064.8335 25.0000 24.9375 25.2500 26.80 26.77 1013.7068
07064.1206 25.0000 24.9375 25.2500 26.80 26.77 1013.7068
07090.9331 25.0000 24.9375 25.2500 26.80 26.77 1013.7068
07090.9585 24.9375 24.9375 25.2500 26.80 26.77 1013.7068
07090.4707 24.9375 24.9375 25.2500 26.82 26.77 1013.7045
07116.8584 24.9375 24.9375 25.2500 26.82 26.77 1013.7045
07090.9707 24.9375 24.9375 25.2500 26.82 26.77 1013.7045
07091.2207 24.9375 24.9375 25.2500 26.82 26.77 1013.7045
07091.2334 24.9375 24.9375 25.2500 26.82 26.77 1013.7045
07064.5708 24.9375 24.9375 25.2500 26.82 26.77 1013.7045
07091.2334 24.9375 24.9375 25.2500 26.82 26.77 1013.7045
07064.3457 24.9375 24.9375 25.2500 26.82 26.77 1013.7045
07089.9956 24.9375 24.9375 25.2500 26.82 26.77 1013.7045
07090.0459 24.9375 24.9375 25.2500 26.82 26.77 1013.7045
07090.9458 24.9375 24.9375 25.2500 26.82 26.51 1013.6774
07090.4707 24.9375 24.9375 25.2500 26.82 26.51 1013.6774
07090.4707 24.9375 24.9375 25.2500 26.82 26.51 1013.6774
07064.1582 24.9375 24.9375 25.2500 26.82 26.51 1013.6774
07063.9209 24.9375 24.9375 25.2500 26.82 26.51 1013.6774
07090.9458 24.9375 24.9375 25.2500 26.82 26.51 1013.6774
07116.8833 24.9375 24.9375 25.2500 26.82 26.51 1013.6774
07065.8081 24.9375 24.9375 25.2500 26.82 26.51 1013.6774
07063.9082 24.9375 24.9375 25.2500 26.82 26.51 1013.6774
07064.6333 24.9375 24.9375 25.2500 26.81 26.79 1013.5603
07064.3960 24.9375 24.9375 25.2500 26.81 26.79 1013.5603
07064.3584 24.9375 24.9375 25.2500 26.81 26.79 1013.5603
07090.6958 24.9375 24.9375 25.2500 26.81 26.79 1013.5603
07064.8208 24.9375 24.9375 25.2500 26.81 26.79 1013.5603
07090.7583 24.9375 24.9375 25.2500 26.81 26.79 1013.5603
07089.9956 24.9375 24.9375 25.2500 26.81 26.79 1013.5603
07064.6333 24.9375 24.9375 25.2500 26.81 26.79 1013.5603
07091.1831 24.9375 24.9375 25.2500 26.81 26.79 1013.5603
07090.9956 24.9375 24.9375 25.2500 26.82 26.78 1013.7317
07090.7085 24.9375 24.9375 25.2500 26.82 26.78 1013.7317
07064.3335 24.9375 24.9375 25.2500 26.82 26.78 1013.7317
07091.2334 24.9375 24.9375 25.2500 26.82 26.78 1013.7317
07116.8457 24.9375 24.9375 25.2500 26.82 26.78 1013.7317
07090.4707 24.9375 24.9375 25.2500 26.82 26.78 1013.7317
07064.6333 24.9375 24.9375 25.2500 26.82 26.78 1013.7317
07064.8706 24.9375 24.9375 25.2500 26.82 26.78 1013.7317
#terjedesi                                       nyomas  ##
#ido(usec)  T1(C)   T2(C)   T3(C)  T4(C) para(%)  (hPa)
07065.2959 24.9375 24.9375 25.2500 26.82 26.78 1013.7317
07142.2456 24.9375 24.9375 25.2500 26.82 26.78 1013.7317
07091.2207 24.9375 24.9375 25.2500 26.82 26.80 1013.7045
07091.1831 24.9375 24.9375 25.2500 26.82 26.80 1013.7045
07116.8335 24.9375 24.9375 25.2500 26.82 26.80 1013.7045
07116.8584 24.9375 24.9375 25.2500 26.82 26.80 1013.7045
07090.9331 24.9375 24.9375 25.2500 26.82 26.80 1013.7045
07064.3960 24.9375 24.9375 25.2500 26.82 26.80 1013.7045
07064.3960 24.9375 24.9375 25.2500 26.82 26.80 1013.7045
07091.1709 24.9375 24.9375 25.2500 26.82 26.80 1013.7045
07064.1333 24.9375 24.9375 25.2500 26.82 26.79 1013.7317
07091.2334 24.9375 24.9375 25.2500 26.82 26.79 1013.7317
07090.2583 24.9375 24.9375 25.2500 26.82 26.79 1013.7317
07089.9834 24.9375 24.9375 25.2500 26.82 26.79 1013.7317
07064.6206 24.9375 24.9375 25.2500 26.82 26.79 1013.7317
07064.6084 24.9375 24.9375 25.2500 26.82 26.79 1013.7317
07064.5957 24.9375 24.9375 25.2500 26.82 26.79 1013.7317
07064.6333 24.9375 24.9375 25.2500 26.82 26.79 1013.7317
07091.1831 24.9375 24.9375 25.2500 26.82 26.79 1013.7317
07064.8208 24.9375 24.9375 25.2500 26.82 26.79 1013.7317
07090.2334 25.0000 24.9375 25.2500 26.82 26.77 1013.6231
07116.6460 25.0000 24.9375 25.2500 26.82 26.77 1013.6231
07064.3457 25.0000 24.9375 25.2500 26.82 26.77 1013.6231
07064.8081 25.0000 24.9375 25.2500 26.82 26.77 1013.6231
07064.3833 25.0000 24.9375 25.2500 26.82 26.77 1013.6231
07064.5835 25.0000 24.9375 25.2500 26.82 26.77 1013.6231
07090.9956 25.0000 24.9375 25.2500 26.82 26.77 1013.6231
07064.5835 24.9375 24.9375 25.2500 26.82 26.77 1013.6231
07116.5957 24.9375 24.9375 25.2500 26.82 26.77 1013.6231
07090.7456 24.9375 24.9375 25.2500 26.82 26.74 1013.7045
07064.5835 24.9375 24.9375 25.2500 26.82 26.74 1013.7045
07091.2334 24.9375 24.9375 25.2500 26.82 26.74 1013.7045
07090.9585 24.9375 24.9375 25.2500 26.82 26.74 1013.7045
07090.9956 24.9375 24.9375 25.2500 26.82 26.74 1013.7045
07091.1709 24.9375 24.9375 25.2500 26.82 26.74 1013.7045
07064.3584 24.9375 24.9375 25.2500 26.82 26.74 1013.7045
07116.1333 24.9375 24.9375 25.2500 26.82 26.74 1013.7045
07116.6460 24.9375 24.9375 25.2500 26.82 26.74 1013.7045
07064.1084 24.9375 24.9375 25.2500 26.82 26.74 1013.6231
07064.3833 24.9375 24.9375 25.2500 26.82 26.74 1013.6231
07091.4707 24.9375 24.9375 25.2500 26.82 26.74 1013.6231
07091.4707 24.9375 24.9375 25.2500 26.82 26.74 1013.6231
07064.8706 24.9375 24.9375 25.2500 26.82 26.74 1013.6231
07091.4209 24.9375 24.9375 25.2500 26.82 26.74 1013.6231
07066.2959 24.9375 24.9375 25.2500 26.82 26.74 1013.6231
07066.0083 24.9375 24.9375 25.2500 26.82 26.74 1013.6231
07090.9707 24.9375 24.9375 25.2500 26.82 26.74 1013.6231
07064.0957 24.9375 24.9375 25.2500 26.82 26.74 1013.6231
07063.9082 24.9375 24.9375 25.2500 26.83 26.74 1013.6937
07064.3457 24.9375 24.9375 25.2500 26.83 26.74 1013.6937
07064.3335 24.9375 24.9375 25.2500 26.83 26.74 1013.6937
07091.1831 24.9375 24.9375 25.2500 26.83 26.74 1013.6937
07116.4082 24.9375 24.9375 25.2500 26.83 26.74 1013.6937
07090.0459 24.9375 24.9375 25.2500 26.83 26.74 1013.6937
07064.6206 24.9375 24.9375 25.2500 26.83 26.74 1013.6937
07065.3208 24.9375 24.9375 25.2500 26.83 26.74 1013.6937
07091.6460 24.9375 24.9375 25.2500 26.83 26.74 1013.6937
07090.9458 24.9375 24.9375 25.2500 26.82 26.59 1013.6231
07064.5708 24.9375 24.9375 25.2500 26.82 26.59 1013.6231
07090.9956 24.9375 24.9375 25.2500 26.82 26.59 1013.6231
07065.8208 24.9375 24.9375 25.2500 26.82 26.59 1013.6231
07089.7959 24.9375 24.9375 25.2500 26.82 26.59 1013.6231
07064.1582 24.9375 24.9375 25.2500 26.82 26.59 1013.6231
07064.6333 24.9375 24.9375 25.2500 26.82 26.59 1013.6231
07064.1084 24.9375 24.9375 25.2500 26.82 26.59 1013.6231
07064.1582 24.9375 24.9375 25.2500 26.82 26.59 1013.6231
07090.9458 24.9375 24.9375 25.2500 26.82 26.59 1013.6231
07064.1582 24.9375 24.9375 25.2500 26.83 26.74 1013.6937
07116.8706 25.0000 24.9375 25.2500 26.83 26.74 1013.6937
07116.4082 25.0000 24.9375 25.2500 26.83 26.74 1013.6937
07090.9707 25.0000 24.9375 25.2500 26.83 26.74 1013.6937
07064.3960 25.0000 24.9375 25.2500 26.83 26.74 1013.6937
07090.9956 25.0000 24.9375 25.2500 26.83 26.74 1013.6937
#terjedesi                                       nyomas  ##
#ido(usec)  T1(C)   T2(C)   T3(C)  T4(C) para(%)  (hPa)
07064.3457 25.0000 24.9375 25.2500 26.83 26.74 1013.6937
07084.1084 25.0000 24.9375 25.2500 26.83 26.74 1013.6937
07091.2334 24.9375 24.9375 25.2500 26.81 26.74 1013.6607
07065.8208 24.9375 24.9375 25.2500 26.81 26.74 1013.6607
07116.8833 24.9375 24.9375 25.2500 26.81 26.74 1013.6607
07064.8208 24.9375 24.9375 25.2500 26.81 26.74 1013.6607
07090.9956 24.9375 24.9375 25.2500 26.81 26.74 1013.6607
07064.1582 24.9375 24.9375 25.2500 26.81 26.74 1013.6607
07064.6084 24.9375 24.9375 25.2500 26.81 26.74 1013.6607
07090.7085 24.9375 24.9375 25.2500 26.81 26.74 1013.6607
07090.9585 24.9375 24.9375 25.2500 26.81 26.74 1013.6607
07089.7456 24.9375 24.9375 25.2500 26.81 26.74 1013.6607
07090.2710 24.9375 24.9375 25.2500 26.82 26.74 1013.6312
07091.4209 24.9375 24.9375 25.2500 26.82 26.74 1013.6312
07064.6206 24.9375 24.9375 25.2500 26.82 26.74 1013.6312
07091.4585 24.9375 24.9375 25.2500 26.82 26.74 1013.6312
07065.0581 24.9375 24.9375 25.2500 26.82 26.74 1013.6312
07064.3960 24.9375 24.9375 25.2500 26.82 26.74 1013.6312
07064.3833 24.9375 24.9375 25.2500 26.82 26.74 1013.6312
07116.4082 24.9375 24.9375 25.2500 26.82 26.74 1013.6312
07116.8584 24.9375 24.9375 25.2500 26.82 26.74 1013.6312
07064.6084 24.9375 24.9375 25.2500 26.83 26.74 1013.6395
07090.7583 24.9375 24.9375 25.2500 26.83 26.74 1013.6395
07064.8208 24.9375 24.9375 25.2500 26.83 26.74 1013.6395
07064.3584 24.9375 24.9375 25.2500 26.83 26.74 1013.6395
07064.1582 24.9375 24.9375 25.2500 26.83 26.74 1013.6395
07091.4209 24.9375 24.9375 25.2500 26.83 26.74 1013.6395
07090.0332 25.0000 25.0000 25.2500 26.83 26.74 1013.6395
07089.8081 25.0000 25.0000 25.2500 26.83 26.74 1013.6395
07064.1084 25.0000 25.0000 25.2500 26.83 26.74 1013.6395
07090.7085 25.0000 25.0000 25.2500 26.83 26.75 1013.6937
07090.7583 25.0000 25.0000 25.2500 26.83 26.75 1013.6937
07090.9834 25.0000 25.0000 25.2500 26.83 26.75 1013.6937
07065.1084 25.0000 25.0000 25.2500 26.83 26.75 1013.6937
07091.2207 24.9375 24.9375 25.2500 26.83 26.75 1013.6937
07116.5957 24.9375 24.9375 25.2500 26.83 26.75 1013.6937
07116.4082 24.9375 24.9375 25.2500 26.83 26.75 1013.6937
07064.5708 24.9375 24.9375 25.2500 26.83 26.75 1013.6937
07090.5210 24.9375 24.9375 25.2500 26.83 26.75 1013.6937
07064.6333 24.9375 24.9375 25.2500 26.83 26.75 1013.6937
07117.1206 24.9375 24.9375 25.2500 26.83 26.74 1013.6476
07091.1831 24.9375 24.9375 25.2500 26.83 26.74 1013.6476
07064.3960 24.9375 24.9375 25.2500 26.83 26.74 1013.6476
07116.3584 25.0000 24.9375 25.2500 26.83 26.74 1013.6476
07089.5708 25.0000 24.9375 25.2500 26.83 26.74 1013.6476
07064.1206 25.0000 24.9375 25.2500 26.83 26.74 1013.6476
07090.9956 25.0000 24.9375 25.2500 26.83 26.74 1013.6476
07090.2334 25.0000 24.9375 25.2500 26.83 26.74 1013.6476
07090.6958 25.0000 24.9375 25.2500 26.83 26.74 1013.6476
07064.5708 25.0000 24.9375 25.2500 26.84 26.66 1013.7101
07090.7583 25.0000 24.9375 25.2500 26.84 26.66 1013.7101
07089.8081 25.0000 24.9375 25.2500 26.84 26.66 1013.7101
07116.1709 25.0000 24.9375 25.2500 26.84 26.66 1013.7101
07064.3457 25.0000 24.9375 25.2500 26.84 26.66 1013.7101
07064.3960 25.0000 24.9375 25.2500 26.84 26.66 1013.7101
07091.2334 25.0000 24.9375 25.2500 26.84 26.66 1013.7101
07064.5957 25.0000 24.9375 25.2500 26.84 26.66 1013.7101
07064.8457 25.0000 24.9375 25.2500 26.84 26.66 1013.7101
07064.6333 25.0000 24.9375 25.2500 26.82 26.75 1013.6312
07065.5332 24.9375 24.9375 25.2500 26.82 26.75 1013.6312
07116.3584 24.9375 24.9375 25.2500 26.82 26.75 1013.6312
07063.8960 24.9375 24.9375 25.2500 26.82 26.75 1013.6312
07090.9331 24.9375 24.9375 25.2500 26.82 26.75 1013.6312
07064.6084 24.9375 24.9375 25.2500 26.82 26.75 1013.6312
07090.9956 24.9375 24.9375 25.2500 26.82 26.75 1013.6312
07064.1582 24.9375 24.9375 25.2500 26.82 26.75 1013.6312
07064.3960 24.9375 24.9375 25.2500 26.82 26.75 1013.6312
07065.8208 24.9375 24.9375 25.2500 26.84 26.75 1013.7101
07090.0459 24.9375 24.9375 25.2500 26.84 26.75 1013.7101
07090.7583 24.9375 24.9375 25.2500 26.84 26.75 1013.7101
07064.3833 24.9375 24.9375 25.2500 26.84 26.75 1013.7101
07091.2334 24.9375 24.9375 25.2500 26.84 26.75 1013.7101
07063.9209 24.9375 24.9375 25.2500 26.84 26.75 1013.7101
#terjedesi                                       nyomas  ##
#ido(usec)  T1(C)   T2(C)   T3(C)  T4(C) para(%)  (hPa)
07141.5332 24.9375 24.9375 25.2500 26.84 26.75 1013.7101
07065.1084 24.9375 24.9375 25.2500 26.84 26.75 1013.7101
07090.2334 25.0000 24.9375 25.2500 26.84 26.75 1013.7101
07116.4082 25.0000 24.9375 25.2500 26.84 26.75 1013.7101
07090.7583 25.0000 24.9375 25.2500 26.83 26.75 1013.6122
07064.3457 25.0000 24.9375 25.2500 26.83 26.75 1013.6122
07064.3706 25.0000 24.9375 25.2500 26.83 26.75 1013.6122
07065.0459 25.0000 24.9375 25.2500 26.83 26.75 1013.6122
07090.9956 25.0000 24.9375 25.2500 26.83 26.75 1013.6122
07090.7207 25.0000 24.9375 25.2500 26.83 26.75 1013.6122
07066.0581 25.0000 24.9375 25.2500 26.83 26.75 1013.6122
07089.8081 25.0000 24.9375 25.2500 26.83 26.75 1013.6122
07090.4707 25.0000 24.9375 25.2500 26.83 26.75 1013.6122
07064.1582 25.0000 24.9375 25.2500 26.83 26.75 1013.7480
07064.3960 25.0000 24.9375 25.2500 26.83 26.75 1013.7480
07090.4707 25.0000 24.9375 25.2500 26.83 26.75 1013.7480
07091.4209 25.0000 24.9375 25.2500 26.83 26.75 1013.7480
07064.6333 25.0000 24.9375 25.2500 26.83 26.75 1013.7480
07066.0459 24.9375 24.9375 25.2500 26.83 26.75 1013.7480
07065.8081 24.9375 24.9375 25.2500 26.83 26.75 1013.7480
07090.7456 24.9375 24.9375 25.2500 26.83 26.75 1013.7480
07090.9458 24.9375 24.9375 25.2500 26.83 26.75 1013.7480
07090.7085 24.9375 24.9375 25.2500 26.84 26.77 1013.6558
07064.3457 24.9375 24.9375 25.2500 26.84 26.77 1013.6558
07064.3457 24.9375 24.9375 25.2500 26.84 26.77 1013.6558
07090.6958 24.9375 24.9375 25.2500 26.84 26.77 1013.6558
07116.8335 24.9375 24.9375 25.2500 26.84 26.77 1013.6558
07090.2334 24.9375 24.9375 25.2500 26.84 26.77 1013.6558
07064.1582 24.9375 24.9375 25.2500 26.84 26.77 1013.6558
07064.1582 24.9375 24.9375 25.2500 26.84 26.77 1013.6558
07064.3706 24.9375 24.9375 25.2500 26.84 26.77 1013.6558
07064.5835 24.9375 24.9375 25.2500 26.84 26.77 1013.6558
07091.4331 24.9375 24.9375 25.2500 26.84 26.77 1013.6558
07064.5835 24.9375 24.9375 25.2500 26.84 26.77 1013.6558
07089.9956 25.0000 24.9375 25.2500 26.84 26.77 1013.6558
07089.7583 25.0000 24.9375 25.2500 26.84 26.77 1013.6558
07064.3457 25.0000 24.9375 25.2500 26.84 26.77 1013.6558
07065.0708 25.0000 24.9375 25.2500 26.84 26.77 1013.6558
07064.8208 25.0000 24.9375 25.2500 26.84 26.77 1013.6558
07091.8960 25.0000 24.9375 25.2500 26.84 26.77 1013.6558
07064.3960 25.0000 24.9375 25.2500 26.84 26.77 1013.6558
07064.3584 24.9375 24.9375 25.2500 26.84 26.79 1013.5825
07089.9956 24.9375 24.9375 25.2500 26.84 26.79 1013.5825
07090.0459 24.9375 24.9375 25.2500 26.84 26.79 1013.5825
07091.4458 24.9375 24.9375 25.2500 26.84 26.79 1013.5825
07141.5459 24.9375 24.9375 25.2500 26.84 26.79 1013.5825
07091.8960 24.9375 24.9375 25.2500 26.84 26.79 1013.5825
07091.4585 24.9375 24.9375 25.2500 26.84 26.79 1013.5825
07064.6333 24.9375 24.9375 25.2500 26.84 26.79 1013.5825
07064.8208 24.9375 24.9375 25.2500 26.84 26.79 1013.5825
07089.7583 25.0000 24.9375 25.2500 26.85 26.79 1013.6722
07090.7456 25.0000 24.9375 25.2500 26.85 26.79 1013.6722
07064.6206 25.0000 24.9375 25.2500 26.85 26.79 1013.6722
07141.7710 25.0000 24.9375 25.2500 26.85 26.79 1013.6722
07064.3335 25.0000 24.9375 25.2500 26.85 26.79 1013.6722
07065.0581 25.0000 24.9375 25.2500 26.85 26.79 1013.6722
07064.6333 25.0000 24.9375 25.2500 26.85 26.79 1013.6722
07115.2207 24.9375 24.9375 25.2500 26.85 26.79 1013.6722
07116.3706 24.9375 24.9375 25.2500 26.85 26.79 1013.6722
07090.0459 24.9375 24.9375 25.2500 26.84 26.77 1013.6558
07064.3960 24.9375 24.9375 25.2500 26.84 26.77 1013.6558
07064.8706 24.9375 24.9375 25.2500 26.84 26.77 1013.6558
07064.8081 24.9375 24.9375 25.2500 26.84 26.77 1013.6558
07064.6333 24.9375 24.9375 25.2500 26.84 26.77 1013.6558
07064.1582 24.9375 24.9375 25.2500 26.84 26.77 1013.6558
07091.2334 24.9375 24.9375 25.2500 26.84 26.77 1013.6558
07090.0210 24.9375 24.9375 25.2500 26.84 26.77 1013.6558
07090.2456 24.9375 24.9375 25.2500 26.84 26.77 1013.6558
07064.3706 24.9375 24.9375 25.2500 26.83 26.76 1013.6205
07064.6333 24.9375 24.9375 25.2500 26.83 26.76 1013.6205
07065.0835 24.9375 24.9375 25.2500 26.83 26.76 1013.6205
07064.8706 24.9375 24.9375 25.2500 26.83 26.76 1013.6205
07091.2334 24.9375 24.9375 25.2500 26.83 26.76 1013.6205
#terjedesi                                       nyomas  ##
#ido(usec)  T1(C)   T2(C)   T3(C)  T4(C) para(%)  (hPa)
07091.2334 25.0000 24.9375 25.2500 26.83 26.76 1013.6205
07083.6333 25.0000 24.9375 25.2500 26.83 26.76 1013.6205
07090.0459 25.0000 24.9375 25.2500 26.83 26.76 1013.6205
07064.3706 25.0000 24.9375 25.2500 26.83 26.76 1013.6205
07064.3960 25.0000 24.9375 25.2500 26.83 26.76 1013.6205
07064.8457 25.0000 24.9375 25.2500 26.84 26.75 1013.6830
07064.8706 25.0000 24.9375 25.2500 26.84 26.75 1013.6830
07064.8208 25.0000 24.9375 25.2500 26.84 26.75 1013.6830
07117.7959 25.0000 24.9375 25.2500 26.84 26.75 1013.6830
07116.8584 24.9375 24.9375 25.2500 26.84 26.75 1013.6830
07090.0332 24.9375 24.9375 25.2500 26.84 26.75 1013.6830
07064.3457 24.9375 24.9375 25.2500 26.84 26.75 1013.6830
07091.4585 24.9375 24.9375 25.2500 26.84 26.75 1013.6830
07064.8208 24.9375 24.9375 25.2500 26.84 26.75 1013.6830
07091.1958 24.9375 24.9375 25.2500 26.84 26.75 1013.6015
07064.3457 24.9375 24.9375 25.2500 26.84 26.75 1013.6015
07064.5708 24.9375 24.9375 25.2500 26.84 26.75 1013.6015
07089.7959 24.9375 24.9375 25.2500 26.84 26.75 1013.6015
07063.1958 24.9375 24.9375 25.2500 26.84 26.75 1013.6015
07064.8335 24.9375 24.9375 25.2500 26.84 26.75 1013.6015
07064.8584 24.9375 24.9375 25.2500 26.84 26.75 1013.6015
07064.5835 24.9375 24.9375 25.2500 26.84 26.75 1013.6015
07065.0835 24.9375 24.9375 25.2500 26.84 26.75 1013.6015
07064.3335 24.9375 24.9375 25.2500 26.84 26.75 1013.6015
07091.4209 24.9375 24.9375 25.2500 26.84 26.77 1013.6015
07116.8584 25.0000 24.9375 25.3125 26.84 26.77 1013.6015
07090.4707 25.0000 24.9375 25.3125 26.84 26.77 1013.6015
07064.8706 25.0000 24.9375 25.3125 26.84 26.77 1013.6015
07064.3457 25.0000 24.9375 25.3125 26.84 26.77 1013.6015
07064.1084 25.0000 24.9375 25.3125 26.84 26.77 1013.6015
07090.4585 25.0000 24.9375 25.3125 26.84 26.77 1013.6015
07064.6333 25.0000 24.9375 25.3125 26.84 26.77 1013.6015
07064.5835 24.9375 24.9375 25.2500 26.84 26.77 1013.6015
07090.5210 24.9375 24.9375 25.2500 26.84 26.80 1013.7101
07090.2456 24.9375 24.9375 25.2500 26.84 26.80 1013.7101
07064.6084 24.9375 24.9375 25.2500 26.84 26.80 1013.7101
07064.6206 24.9375 24.9375 25.2500 26.84 26.80 1013.7101
07091.2334 24.9375 24.9375 25.2500 26.84 26.80 1013.7101
07064.8706 24.9375 24.9375 25.2500 26.84 26.80 1013.7101
07064.6333 24.9375 24.9375 25.2500 26.84 26.80 1013.7101
07090.9585 24.9375 24.9375 25.2500 26.84 26.80 1013.7101
07090.2334 25.0000 24.9375 25.2500 26.84 26.80 1013.7101
07116.5957 25.0000 24.9375 25.2500 26.84 26.77 1013.6287
07091.4585 25.0000 24.9375 25.2500 26.84 26.77 1013.6287
07091.8833 25.0000 24.9375 25.2500 26.84 26.77 1013.6287
07065.1084 25.0000 24.9375 25.2500 26.84 26.77 1013.6287
07064.6084 25.0000 24.9375 25.2500 26.84 26.77 1013.6287
07064.6084 25.0000 24.9375 25.2500 26.84 26.77 1013.6287
07064.3833 25.0000 24.9375 25.2500 26.84 26.77 1013.6287
07116.8335 25.0000 24.9375 25.2500 26.84 26.77 1013.6287
07089.7832 25.0000 24.9375 25.2500 26.84 26.77 1013.6287
07064.1333 25.0000 24.9375 25.2500 26.84 26.79 1013.6097
07064.5957 25.0000 24.9375 25.2500 26.84 26.79 1013.6097
07064.8706 25.0000 24.9375 25.2500 26.84 26.79 1013.6097
07064.6333 25.0000 24.9375 25.2500 26.84 26.79 1013.6097
07115.4082 25.0000 24.9375 25.2500 26.84 26.79 1013.6097
07065.0581 25.0000 24.9375 25.2500 26.84 26.79 1013.6097
07116.5957 25.0000 24.9375 25.3125 26.84 26.79 1013.6097
07090.2832 25.0000 24.9375 25.3125 26.84 26.79 1013.6097
07064.0957 25.0000 24.9375 25.3125 26.84 26.79 1013.6097
07064.5957 25.0000 24.9375 25.3125 26.85 26.80 1013.6722
07064.6084 25.0000 24.9375 25.3125 26.85 26.80 1013.6722
07064.1582 25.0000 24.9375 25.3125 26.85 26.80 1013.6722
07064.6084 25.0000 24.9375 25.3125 26.85 26.80 1013.6722
07091.4707 25.0000 24.9375 25.2500 26.85 26.80 1013.6722
07063.4458 25.0000 24.9375 25.2500 26.85 26.80 1013.6722
07090.0459 25.0000 24.9375 25.2500 26.85 26.80 1013.6722
07141.1084 25.0000 24.9375 25.2500 26.85 26.80 1013.6722
07091.7085 25.0000 24.9375 25.2500 26.85 26.80 1013.6722
07064.3706 25.0000 24.9375 25.2500 26.85 26.80 1013.6722
07065.0708 25.0000 24.9375 25.2500 26.85 26.79 1013.6722
07091.6582 25.0000 24.9375 25.2500 26.85 26.79 1013.6722
07064.5957 25.0000 24.9375 25.2500 26.85 26.79 1013.6722
#terjedesi                                       nyomas  ##
#ido(usec)  T1(C)   T2(C)   T3(C)  T4(C) para(%)  (hPa)
07065.8208 25.0000 24.9375 25.2500 26.85 26.79 1013.6722
07089.7583 25.0000 24.9375 25.2500 26.85 26.79 1013.6722
07064.1460 25.0000 24.9375 25.2500 26.85 26.79 1013.6722
07064.1084 25.0000 24.9375 25.2500 26.85 26.79 1013.6722
07090.9956 25.0000 24.9375 25.2500 26.85 26.79 1013.6722
07090.9458 25.0000 24.9375 25.2500 26.85 26.79 1013.6722
07063.9209 25.0000 24.9375 25.2500 26.85 26.80 1013.6722
07064.3833 25.0000 24.9375 25.2500 26.85 26.80 1013.6722
07116.3584 25.0000 24.9375 25.2500 26.85 26.80 1013.6722
07089.8081 25.0000 24.9375 25.2500 26.85 26.80 1013.6722
07090.7583 25.0000 24.9375 25.2500 26.85 26.80 1013.6722
07090.9585 25.0000 24.9375 25.2500 26.85 26.80 1013.6722
07063.8706 25.0000 24.9375 25.2500 26.85 26.80 1013.6722
07090.7583 25.0000 24.9375 25.2500 26.85 26.80 1013.6722
07064.1582 25.0000 24.9375 25.2500 26.85 26.80 1013.6722
07090.4585 25.0000 24.9375 25.2500 26.85 26.80 1013.6722
07116.3584 25.0000 24.9375 25.3125 26.84 26.79 1013.6558
07089.5581 25.0000 24.9375 25.3125 26.84 26.79 1013.6558
07090.2583 25.0000 24.9375 25.3125 26.84 26.79 1013.6558
07063.8706 25.0000 24.9375 25.3125 26.84 26.79 1013.6558
07064.1582 25.0000 24.9375 25.3125 26.84 26.79 1013.6558
07090.9458 25.0000 24.9375 25.3125 26.84 26.79 1013.6558
07063.8706 25.0000 24.9375 25.3125 26.84 26.79 1013.6558
07064.8706 25.0000 24.9375 25.2500 26.84 26.79 1013.6558
07116.1206 25.0000 24.9375 25.2500 26.84 26.79 1013.6558
07089.7710 25.0000 24.9375 25.2500 26.84 26.78 1013.6558
07064.8081 25.0000 24.9375 25.2500 26.84 26.78 1013.6558
07091.4585 25.0000 24.9375 25.2500 26.84 26.78 1013.6558
07064.6333 25.0000 24.9375 25.2500 26.84 26.78 1013.6558
07090.9956 25.0000 24.9375 25.2500 26.84 26.78 1013.6558
07064.1582 25.0000 24.9375 25.2500 26.84 26.78 1013.6558
07064.6333 25.0000 24.9375 25.2500 26.84 26.78 1013.6558
07089.7959 25.0000 24.9375 25.3125 26.84 26.78 1013.6558
07116.1709 25.0000 24.9375 25.3125 26.84 26.78 1013.6558
07090.6958 25.0000 24.9375 25.3125 26.85 26.80 1013.6722
07115.4585 25.0000 24.9375 25.3125 26.85 26.80 1013.6722
07064.3457 25.0000 24.9375 25.3125 26.85 26.80 1013.6722
07090.5210 25.0000 24.9375 25.3125 26.85 26.80 1013.6722
07064.5708 25.0000 24.9375 25.3125 26.85 26.80 1013.6722
07091.2334 25.0000 24.9375 25.2500 26.85 26.80 1013.6722
07090.0332 25.0000 24.9375 25.2500 26.85 26.80 1013.6722
07089.5708 25.0000 24.9375 25.2500 26.85 26.80 1013.6722
07091.6582 25.0000 24.9375 25.2500 26.85 26.80 1013.6722
07064.3960 25.0000 24.9375 25.2500 26.86 26.79 1013.7431
07091.2085 25.0000 24.9375 25.2500 26.86 26.79 1013.7431
07090.9585 25.0000 24.9375 25.2500 26.86 26.79 1013.7431
07065.1084 25.0000 24.9375 25.2500 26.86 26.79 1013.7431
07064.6084 25.0000 24.9375 25.2500 26.86 26.79 1013.7431
07063.3833 25.0000 24.9375 25.2500 26.86 26.79 1013.7431
07090.2710 25.0000 24.9375 25.2500 26.86 26.79 1013.7431
07064.1084 25.0000 24.9375 25.2500 26.86 26.79 1013.7431
07064.8706 25.0000 24.9375 25.2500 26.86 26.79 1013.7431
07064.3706 25.0000 24.9375 25.2500 26.85 26.77 1013.7075
07064.6333 25.0000 24.9375 25.2500 26.85 26.77 1013.7075
07064.5708 25.0000 24.9375 25.2500 26.85 26.77 1013.7075
07064.8706 25.0000 24.9375 25.2500 26.85 26.77 1013.7075
07090.2334 25.0000 24.9375 25.2500 26.85 26.77 1013.7075
07089.9956 25.0000 24.9375 25.2500 26.85 26.77 1013.7075
07064.6333 25.0000 24.9375 25.2500 26.85 26.77 1013.7075
07141.5581 25.0000 24.9375 25.2500 26.85 26.77 1013.7075
07064.6206 25.0000 24.9375 25.2500 26.85 26.77 1013.7075
07115.2207 25.0000 24.9375 25.2500 26.85 26.77 1013.7075
07064.6206 25.0000 24.9375 25.2500 26.86 26.77 1013.6888
07064.3960 25.0000 24.9375 25.2500 26.86 26.77 1013.6888
07090.0332 25.0000 24.9375 25.2500 26.86 26.77 1013.6888
07063.6333 25.0000 24.9375 25.2500 26.86 26.77 1013.6888
07064.8457 25.0000 24.9375 25.2500 26.86 26.77 1013.6888
07064.8208 25.0000 24.9375 25.2500 26.86 26.77 1013.6888
07091.6831 25.0000 24.9375 25.2500 26.86 26.77 1013.6888
07064.5708 25.0000 24.9375 25.2500 26.86 26.77 1013.6888
07064.3833 25.0000 24.9375 25.2500 26.86 26.77 1013.6888
07064.6084 25.0000 24.9375 25.2500 26.85 26.76 1013.6722
07089.7832 25.0000 24.9375 25.2500 26.85 26.76 1013.6722
#terjedesi                                       nyomas  ##
#ido(usec)  T1(C)   T2(C)   T3(C)  T4(C) para(%)  (hPa)
07089.8081 25.0000 24.9375 25.2500 26.85 26.76 1013.6722
07114.9834 25.0000 24.9375 25.2500 26.85 26.76 1013.6722
07064.8457 25.0000 24.9375 25.2500 26.85 26.76 1013.6722
07091.1831 25.0000 24.9375 25.2500 26.85 26.76 1013.6722
07064.8706 25.0000 24.9375 25.2500 26.85 26.76 1013.6722
07090.9956 25.0000 24.9375 25.2500 26.85 26.76 1013.6722
07090.7085 25.0000 24.9375 25.2500 26.85 26.76 1013.6722
07090.2710 25.0000 24.9375 25.2500 26.85 26.76 1013.5989
07115.9082 25.0000 24.9375 25.2500 26.85 26.76 1013.5989
07064.0957 25.0000 24.9375 25.2500 26.85 26.76 1013.5989
07064.3335 25.0000 24.9375 25.2500 26.85 26.76 1013.5989
07063.8706 25.0000 24.9375 25.2500 26.85 26.76 1013.5989
07064.8706 25.0000 24.9375 25.2500 26.85 26.76 1013.5989
07064.8208 25.0000 24.9375 25.2500 26.85 26.76 1013.5989
07090.7085 25.0000 24.9375 25.2500 26.85 26.76 1013.5989
07089.5708 25.0000 24.9375 25.2500 26.85 26.76 1013.5989
07089.5332 25.0000 24.9375 25.2500 26.85 26.76 1013.5989
07064.3706 25.0000 24.9375 25.2500 26.86 26.77 1013.6345
07064.3457 25.0000 24.9375 25.2500 26.86 26.77 1013.6345
07091.2334 25.0000 24.9375 25.2500 26.86 26.77 1013.6345
07064.3584 25.0000 24.9375 25.2500 26.86 26.77 1013.6345
07064.8584 25.0000 24.9375 25.2500 26.86 26.77 1013.6345
07064.6333 25.0000 24.9375 25.2500 26.86 26.77 1013.6345
07089.8081 25.0000 24.9375 25.3125 26.86 26.77 1013.6345
07090.2710 25.0000 24.9375 25.3125 26.86 26.77 1013.6345
07064.8208 25.0000 24.9375 25.3125 26.86 26.77 1013.6345
07064.1582 25.0000 24.9375 25.3125 26.87 26.74 1013.5966
07064.5835 25.0000 24.9375 25.3125 26.87 26.74 1013.5966
07063.8706 25.0000 24.9375 25.3125 26.87 26.74 1013.5966
07115.4331 25.0000 24.9375 25.3125 26.87 26.74 1013.5966
07064.6333 25.0000 24.9375 25.3125 26.87 26.74 1013.5966
07089.9956 25.0000 24.9375 25.3125 26.87 26.74 1013.5966
07089.5708 25.0000 24.9375 25.3125 26.87 26.74 1013.5966
07064.1460 25.0000 24.9375 25.3125 26.87 26.74 1013.5966
07064.5708 25.0000 24.9375 25.3125 26.87 26.74 1013.5966
07064.8081 25.0000 24.9375 25.3125 26.86 26.76 1013.6888
07141.3335 25.0000 24.9375 25.3125 26.86 26.76 1013.6888
07064.3457 25.0000 24.9375 25.3125 26.86 26.76 1013.6888
07091.1709 25.0000 24.9375 25.3125 26.86 26.76 1013.6888
07089.7583 25.0000 24.9375 25.2500 26.86 26.76 1013.6888
07063.6206 25.0000 24.9375 25.2500 26.86 26.76 1013.6888
07064.1582 25.0000 24.9375 25.2500 26.86 26.76 1013.6888
07090.6958 25.0000 24.9375 25.2500 26.86 26.76 1013.6888
07064.8208 25.0000 24.9375 25.2500 26.86 26.76 1013.6888
07064.6084 25.0000 24.9375 25.2500 26.86 26.75 1013.7160
07090.9956 25.0000 24.9375 25.2500 26.86 26.75 1013.7160
07064.8457 25.0000 24.9375 25.3125 26.86 26.75 1013.7160
07090.4585 25.0000 24.9375 25.3125 26.86 26.75 1013.7160
07090.2832 25.0000 24.9375 25.3125 26.86 26.75 1013.7160
07064.3706 25.0000 24.9375 25.3125 26.86 26.75 1013.7160
07064.3833 25.0000 24.9375 25.3125 26.86 26.75 1013.7160
07064.6333 25.0000 24.9375 25.3125 26.86 26.75 1013.7160
07064.8706 25.0000 24.9375 25.3125 26.86 26.75 1013.7160
07090.7207 25.0000 24.9375 25.3125 26.86 26.75 1013.7160
07091.1958 25.0000 24.9375 25.3125 26.86 26.75 1013.5530
07090.0332 25.0000 24.9375 25.2500 26.86 26.75 1013.5530
07089.9956 25.0000 24.9375 25.2500 26.86 26.75 1013.5530
07064.3960 25.0000 24.9375 25.2500 26.86 26.75 1013.5530
07064.3833 25.0000 24.9375 25.2500 26.86 26.75 1013.5530
07064.6333 25.0000 24.9375 25.2500 26.86 26.75 1013.5530
07064.8335 25.0000 24.9375 25.2500 26.86 26.75 1013.5530
07064.6333 25.0000 24.9375 25.2500 26.86 26.75 1013.5530
07064.8208 25.0000 24.9375 25.2500 26.86 26.75 1013.5530
07063.6831 25.0000 24.9375 25.2500 26.86 26.74 1013.6074
07090.2832 25.0000 24.9375 25.2500 26.86 26.74 1013.6074
07115.6333 25.0000 24.9375 25.2500 26.86 26.74 1013.6074
07064.8706 25.0000 24.9375 25.2500 26.86 26.74 1013.6074
07115.6460 25.0000 24.9375 25.2500 26.86 26.74 1013.6074
07064.8706 25.0000 24.9375 25.2500 26.86 26.74 1013.6074
07064.3706 25.0000 24.9375 25.2500 26.86 26.74 1013.6074
07091.2207 25.0000 24.9375 25.2500 26.86 26.74 1013.6074
07089.7959 25.0000 24.9375 25.2500 26.86 26.74 1013.6074
07090.2710 25.0000 24.9375 25.2500 26.87 26.72 1013.6509
#terjedesi                                       nyomas  ##
#ido(usec)  T1(C)   T2(C)   T3(C)  T4(C) para(%)  (hPa)
07090.7583 25.0000 24.9375 25.2500 26.87 26.72 1013.6509
07064.5708 25.0000 24.9375 25.2500 26.87 26.72 1013.6509
07141.5332 25.0000 24.9375 25.2500 26.87 26.72 1013.6509
07063.6831 25.0000 24.9375 25.2500 26.87 26.72 1013.6509
07064.3457 25.0000 24.9375 25.2500 26.87 26.72 1013.6509
07064.1582 25.0000 24.9375 25.3125 26.87 26.72 1013.6509
07089.9834 25.0000 24.9375 25.3125 26.87 26.72 1013.6509
07089.7832 25.0000 24.9375 25.3125 26.87 26.72 1013.6509
07063.9209 25.0000 24.9375 25.3125 26.87 26.72 1013.6509
07090.5210 25.0000 24.9375 25.3125 26.86 26.72 1013.6155
07090.7207 25.0000 24.9375 25.3125 26.86 26.72 1013.6155
07064.6333 25.0000 24.9375 25.3125 26.86 26.72 1013.6155
07065.1084 25.0000 24.9375 25.3125 26.86 26.72 1013.6155
07064.5835 25.0000 24.9375 25.3125 26.86 26.72 1013.6155
07065.7710 25.0000 24.9375 25.2500 26.86 26.72 1013.6155
07090.2334 25.0000 24.9375 25.2500 26.86 26.72 1013.6155
07064.1333 25.0000 24.9375 25.2500 26.86 26.72 1013.6155
07064.3457 25.0000 24.9375 25.2500 26.86 26.73 1013.6428
07064.3706 25.0000 24.9375 25.2500 26.86 26.73 1013.6428
07141.5835 25.0000 24.9375 25.2500 26.86 26.73 1013.6428
07064.3960 25.0000 24.9375 25.2500 26.86 26.73 1013.6428
07064.5957 25.0000 24.9375 25.3125 26.86 26.73 1013.6428
07089.3335 25.0000 24.9375 25.3125 26.86 26.73 1013.6428
07089.8081 25.0000 24.9375 25.3125 26.86 26.73 1013.6428
07064.1084 25.0000 24.9375 25.3125 26.86 26.73 1013.6428
07064.3457 25.0000 24.9375 25.3125 26.86 26.73 1013.6428
07064.1084 25.0000 24.9375 25.3125 26.86 26.73 1013.6428
07090.9956 25.0000 24.9375 25.3125 26.87 26.73 1013.7053
07064.1084 25.0000 24.9375 25.3125 26.87 26.73 1013.7053
07090.5083 25.0000 24.9375 25.3125 26.87 26.73 1013.7053
07116.1206 25.0000 24.9375 25.3125 26.87 26.73 1013.7053
07089.8081 25.0000 24.9375 25.3125 26.87 26.73 1013.7053
07064.8706 25.0000 24.9375 25.3125 26.87 26.73 1013.7053
07064.8208 25.0000 24.9375 25.3125 26.87 26.73 1013.7053
07064.8208 25.0000 24.9375 25.3125 26.87 26.73 1013.7053
07064.5835 25.0000 24.9375 25.3125 26.87 26.73 1013.7053
07064.3457 25.0000 24.9375 25.3125 26.87 26.75 1013.6238
07064.3960 25.0000 24.9375 25.2500 26.87 26.75 1013.6238
07089.9956 25.0000 24.9375 25.2500 26.87 26.75 1013.6238
07090.2832 25.0000 24.9375 25.2500 26.87 26.75 1013.6238
07064.6084 25.0000 24.9375 25.2500 26.87 26.75 1013.6238
07091.2334 25.0000 24.9375 25.2500 26.87 26.75 1013.6238
07064.8706 25.0000 24.9375 25.2500 26.87 26.75 1013.6238
07064.3960 25.0000 24.9375 25.2500 26.87 26.75 1013.6238
07064.1582 25.0000 24.9375 25.2500 26.87 26.75 1013.6238
07064.5708 25.0000 24.9375 25.2500 26.87 26.75 1013.6238
07116.4082 25.0000 24.9375 25.2500 26.88 26.75 1013.7216
07090.2456 25.0000 24.9375 25.2500 26.88 26.75 1013.7216
07064.6206 25.0000 24.9375 25.2500 26.88 26.75 1013.7216
07141.3335 25.0000 24.9375 25.2500 26.88 26.75 1013.7216
07065.0957 25.0000 24.9375 25.2500 26.88 26.75 1013.7216
07064.8208 25.0000 24.9375 25.2500 26.88 26.75 1013.7216
07064.5708 25.0000 24.9375 25.2500 26.88 26.75 1013.7216
07064.3960 25.0000 24.9375 25.3125 26.88 26.75 1013.7216
07063.2085 25.0000 24.9375 25.3125 26.88 26.75 1013.7216
07090.2583 25.0000 24.9375 25.3125 26.89 26.76 1013.6565
07064.5835 25.0000 24.9375 25.3125 26.89 26.76 1013.6565
07117.8335 25.0000 24.9375 25.3125 26.89 26.76 1013.6565
07091.6709 25.0000 24.9375 25.3125 26.89 26.76 1013.6565
07141.8208 25.0000 24.9375 25.3125 26.89 26.76 1013.6565
07142.0083 25.0000 24.9375 25.3125 26.89 26.76 1013.6565
07064.6333 25.0000 24.9375 25.3125 26.89 26.76 1013.6565
07063.6831 25.0000 24.9375 25.3125 26.89 26.76 1013.6565
07063.9082 25.0000 24.9375 25.3125 26.89 26.76 1013.6565
07141.8208 25.0000 24.9375 25.3125 26.87 26.77 1013.6238
07091.2085 25.0000 24.9375 25.3125 26.87 26.77 1013.6238
07064.3706 25.0000 24.9375 25.3125 26.87 26.77 1013.6238
07064.3706 25.0000 24.9375 25.3125 26.87 26.77 1013.6238
07091.4585 25.0000 24.9375 25.3125 26.87 26.77 1013.6238
07090.7583 25.0000 24.9375 25.3125 26.87 26.77 1013.6238
07116.8833 25.0000 24.9375 25.3125 26.87 26.77 1013.6238
07063.1958 25.0000 24.9375 25.3125 26.87 26.77 1013.6238
07091.2334 25.0000 24.9375 25.3125 26.87 26.77 1013.6238
#terjedesi                                       nyomas  ##
#ido(usec)  T1(C)   T2(C)   T3(C)  T4(C) para(%)  (hPa)
07064.5835 25.0000 24.9375 25.3125 26.87 26.77 1013.6238
07085.0459 25.0000 24.9375 25.3125 26.88 26.76 1013.7134
07065.0459 25.0000 24.9375 25.3125 26.88 26.76 1013.7134
07064.8208 25.0000 24.9375 25.3125 26.88 26.76 1013.7134
07064.3706 25.0000 24.9375 25.3125 26.88 26.76 1013.7134
07063.4209 25.0000 25.0000 25.3125 26.88 26.76 1013.7134
07090.2334 25.0000 25.0000 25.3125 26.88 26.76 1013.7134
07091.4209 25.0000 25.0000 25.3125 26.88 26.76 1013.7134
07064.1460 25.0000 25.0000 25.3125 26.88 26.76 1013.7134
07064.1582 25.0000 25.0000 25.3125 26.88 26.76 1013.6863
07064.3457 25.0000 25.0000 25.3125 26.88 26.76 1013.6863
07064.0957 25.0000 25.0000 25.3125 26.88 26.76 1013.6863
07064.1582 25.0000 24.9375 25.3125 26.88 26.76 1013.6863
07063.3960 25.0000 24.9375 25.3125 26.88 26.76 1013.6863
07116.1206 25.0000 24.9375 25.3125 26.88 26.76 1013.6863
07064.3584 25.0000 24.9375 25.3125 26.88 26.76 1013.6863
07064.6333 25.0000 24.9375 25.3125 26.88 26.76 1013.6863
07064.5957 25.0000 24.9375 25.3125 26.88 26.76 1013.6863
07064.5835 25.0000 24.9375 25.3125 26.88 26.76 1013.6863
07064.3960 25.0000 24.9375 25.3125 26.87 26.77 1013.6238
07064.3457 25.0000 24.9375 25.3125 26.87 26.77 1013.6238
07089.5083 25.0000 24.9375 25.3125 26.87 26.77 1013.6238
07089.7710 25.0000 24.9375 25.3125 26.87 26.77 1013.6238
07064.3833 25.0000 24.9375 25.3125 26.87 26.77 1013.6238
07090.7085 25.0000 24.9375 25.3125 26.87 26.77 1013.6238
07090.2583 25.0000 24.9375 25.3125 26.87 26.77 1013.6238
07063.6333 25.0000 24.9375 25.3125 26.87 26.77 1013.6238
07090.4707 25.0000 24.9375 25.3125 26.87 26.77 1013.6238
07064.1084 25.0000 24.9375 25.3125 26.89 26.77 1013.7026
07089.5708 25.0000 24.9375 25.3125 26.89 26.77 1013.7026
07089.3335 25.0000 24.9375 25.3125 26.89 26.77 1013.7026
07090.7583 25.0000 24.9375 25.3125 26.89 26.77 1013.7026
07063.9209 25.0000 24.9375 25.3125 26.89 26.77 1013.7026
07064.1582 25.0000 24.9375 25.3125 26.89 26.77 1013.7026
07064.1582 25.0000 24.9375 25.3125 26.89 26.77 1013.7026
07064.1206 25.0000 24.9375 25.3125 26.89 26.77 1013.7026
07064.3457 25.0000 24.9375 25.3125 26.89 26.77 1013.7026
07089.5459 25.0000 24.9375 25.3125 26.89 26.77 1013.7026
07066.2959 25.0000 24.9375 25.3125 26.88 26.76 1013.6130
07064.3833 25.0000 24.9375 25.3125 26.88 26.76 1013.6130
07064.1460 25.0000 24.9375 25.3125 26.88 26.76 1013.6130
07064.1582 25.0000 24.9375 25.3125 26.88 26.76 1013.6130
07064.8208 25.0000 24.9375 25.3125 26.88 26.76 1013.6130
07141.0459 25.0000 24.9375 25.3125 26.88 26.76 1013.6130
07064.3335 25.0000 24.9375 25.3125 26.88 26.76 1013.6130
07090.0459 25.0000 24.9375 25.3125 26.88 26.76 1013.6130
07089.9834 25.0000 24.9375 25.3125 26.88 26.76 1013.6130
07114.9834 25.0000 24.9375 25.3125 26.88 26.76 1013.6672
07091.2334 25.0000 24.9375 25.3125 26.88 26.76 1013.6672
07064.0957 25.0000 24.9375 25.3125 26.88 26.76 1013.6672
07064.5957 25.0000 24.9375 25.3125 26.88 26.76 1013.6672
07064.6333 25.0000 24.9375 25.3125 26.88 26.76 1013.6672
07090.9458 25.0000 24.9375 25.3125 26.88 26.76 1013.6672
07116.1084 25.0000 24.9375 25.3125 26.88 26.76 1013.6672
07090.2334 25.0000 24.9375 25.3125 26.88 26.76 1013.6672
07064.5708 25.0000 24.9375 25.3125 26.88 26.76 1013.6672
07064.8208 25.0000 24.9375 25.3125 26.88 26.76 1013.6672
07064.8208 25.0000 24.9375 25.3125 26.88 26.76 1013.6672
07091.6460 25.0000 24.9375 25.3125 26.88 26.76 1013.6672
07064.6333 25.0000 24.9375 25.3125 26.88 26.76 1013.6672
07064.8584 25.0000 24.9375 25.3125 26.88 26.76 1013.6672
07063.2085 25.0000 24.9375 25.3125 26.88 26.76 1013.6672
07116.4082 25.0000 24.9375 25.3125 26.88 26.76 1013.6672
07064.5835 25.0000 24.9375 25.3125 26.88 26.76 1013.6672
07063.8833 25.0000 24.9375 25.3125 26.88 26.76 1013.6672
07063.8584 25.0000 24.9375 25.3125 26.88 26.76 1013.6672
07064.3833 25.0000 24.9375 25.3125 26.89 26.76 1013.6565
07064.1582 25.0000 24.9375 25.3125 26.89 26.76 1013.6565
07064.1582 25.0000 24.9375 25.3125 26.89 26.76 1013.6565
07089.8081 25.0000 24.9375 25.3125 26.89 26.76 1013.6565
07063.1582 25.0000 24.9375 25.3125 26.89 26.76 1013.6565
07064.8706 25.0000 24.9375 25.3125 26.89 26.76 1013.6565
07064.3960 25.0000 24.9375 25.3125 26.89 26.76 1013.6565
#terjedesi                                       nyomas  ##
#ido(usec)  T1(C)   T2(C)   T3(C)  T4(C) para(%)  (hPa)
07090.9707 25.0000 24.9375 25.3125 26.89 26.76 1013.6565
07064.3335 25.0000 24.9375 25.3125 26.88 26.76 1013.7488
07064.6084 25.0000 24.9375 25.3125 26.88 26.76 1013.7488
07064.3335 25.0000 24.9375 25.3125 26.88 26.76 1013.7488
07063.6831 25.0000 24.9375 25.3125 26.88 26.76 1013.7488
07090.2207 25.0000 24.9375 25.3125 26.88 26.76 1013.7488
07064.3706 25.0000 24.9375 25.3125 26.88 26.76 1013.7488
07090.5083 25.0000 24.9375 25.3125 26.88 26.76 1013.7488
07090.6958 25.0000 24.9375 25.3125 26.88 26.76 1013.7488
07141.8208 25.0000 24.9375 25.3125 26.88 26.76 1013.7488
07064.1084 25.0000 24.9375 25.3125 26.88 26.76 1013.7488
07064.6206 25.0000 24.9375 25.3125 26.88 26.74 1013.6944
07116.1460 25.0000 24.9375 25.3125 26.88 26.74 1013.6944
07065.3335 25.0000 24.9375 25.3125 26.88 26.74 1013.6944
07090.7334 25.0000 24.9375 25.3125 26.88 26.74 1013.6944
07063.9082 25.0000 24.9375 25.3125 26.88 26.74 1013.6944
07064.3335 25.0000 24.9375 25.3125 26.88 26.74 1013.6944
07064.8584 25.0000 24.9375 25.3125 26.88 26.74 1013.6944
07117.7832 25.0000 24.9375 25.3125 26.88 26.74 1013.6944
07064.5835 25.0000 24.9375 25.3125 26.88 26.74 1013.6944
07089.7959 25.0000 24.9375 25.3125 26.88 26.76 1013.5858
07063.6582 25.0000 24.9375 25.3125 26.88 26.76 1013.5858
07064.3960 25.0000 24.9375 25.3125 26.88 26.76 1013.5858
07064.1084 25.0000 24.9375 25.3125 26.88 26.76 1013.5858
07090.4956 25.0000 24.9375 25.3125 26.88 26.76 1013.5858
07064.3833 25.0000 24.9375 25.3125 26.88 26.76 1013.5858
07064.3706 25.0000 24.9375 25.3125 26.88 26.76 1013.5858
07064.5835 25.0000 24.9375 25.3125 26.88 26.76 1013.5858
07090.0332 25.0000 24.9375 25.3125 26.88 26.76 1013.5858
07090.0210 25.0000 24.9375 25.3125 26.89 26.76 1013.6021
07064.3960 25.0000 24.9375 25.3125 26.89 26.76 1013.6021
07063.9209 25.0000 24.9375 25.3125 26.89 26.76 1013.6021
07064.1084 25.0000 24.9375 25.3125 26.89 26.76 1013.6021
07115.4082 25.0000 24.9375 25.3125 26.89 26.76 1013.6021
07090.7456 25.0000 24.9375 25.3125 26.89 26.76 1013.6021
07064.8706 25.0000 24.9375 25.3125 26.89 26.76 1013.6021
07065.8208 25.0000 24.9375 25.3125 26.89 26.76 1013.6021
07116.4082 25.0000 24.9375 25.3125 26.89 26.76 1013.6021
07090.5210 25.0000 24.9375 25.3125 26.89 26.76 1013.6021
07064.3960 25.0000 24.9375 25.3125 26.88 26.77 1013.6672
07064.1582 25.0000 24.9375 25.3125 26.88 26.77 1013.6672
07090.7583 25.0000 24.9375 25.3125 26.88 26.77 1013.6672
07064.0957 25.0000 24.9375 25.3125 26.88 26.77 1013.6672
07090.5210 25.0000 24.9375 25.3125 26.88 26.77 1013.6672
07089.5708 25.0000 24.9375 25.3125 26.88 26.77 1013.6672
07089.7959 25.0000 24.9375 25.3125 26.88 26.77 1013.6672
07141.0957 25.0000 24.9375 25.3125 26.88 26.77 1013.6672
07064.3335 25.0000 24.9375 25.3125 26.88 26.77 1013.6672
07091.4331 25.0000 24.9375 25.3125 26.88 26.79 1013.6401
07064.3584 25.0000 24.9375 25.3125 26.88 26.79 1013.6401
07091.1958 25.0000 24.9375 25.3125 26.88 26.79 1013.6401
07064.8335 25.0000 24.9375 25.3125 26.88 26.79 1013.6401
07090.0459 25.0000 24.9375 25.3125 26.88 26.79 1013.6401
07089.5332 25.0000 24.9375 25.3125 26.88 26.79 1013.6401
07115.3960 25.0000 24.9375 25.3125 26.88 26.79 1013.6401
07091.2085 25.0000 24.9375 25.3125 26.88 26.79 1013.6401
07064.3833 25.0000 24.9375 25.3125 26.88 26.79 1013.6401
07064.1084 25.0000 24.9375 25.3125 26.88 26.79 1013.6401
07091.2334 25.0000 24.9375 25.3125 26.88 26.78 1013.6944
07064.1582 25.0000 24.9375 25.3125 26.88 26.78 1013.6944
07090.2583 25.0000 24.9375 25.3125 26.88 26.78 1013.6944
07063.1709 25.0000 24.9375 25.3125 26.88 26.78 1013.6944
07064.1084 25.0000 24.9375 25.3125 26.88 26.78 1013.6944
07064.3960 25.0000 24.9375 25.3125 26.88 26.78 1013.6944
07064.3960 25.0000 24.9375 25.3125 26.88 26.78 1013.6944
07064.3584 25.0000 24.9375 25.3125 26.88 26.78 1013.6944
07064.3584 25.0000 24.9375 25.3125 26.88 26.78 1013.5043
07064.5708 25.0000 24.9375 25.3125 26.88 26.78 1013.5043
07116.1709 25.0000 24.9375 25.3125 26.88 26.78 1013.5043
07089.3335 25.0000 24.9375 25.3125 26.88 26.78 1013.5043
07064.1460 25.0000 24.9375 25.3125 26.88 26.78 1013.5043
07091.1958 25.0000 24.9375 25.3125 26.88 26.78 1013.5043
07064.1582 25.0000 24.9375 25.3125 26.88 26.78 1013.5043
#terjedesi                                       nyomas  ##
#ido(usec)  T1(C)   T2(C)   T3(C)  T4(C) para(%)  (hPa)
07065.0708 25.0000 24.9375 25.3125 26.88 26.78 1013.5043
07064.6333 25.0000 24.9375 25.3125 26.88 26.78 1013.5043
07064.5835 25.0000 24.9375 25.3125 26.88 26.78 1013.5043
07089.5708 25.0000 24.9375 25.3125 26.89 26.77 1013.7569
07090.2832 25.0000 24.9375 25.3125 26.89 26.77 1013.7569
07064.1460 25.0000 24.9375 25.3125 26.89 26.77 1013.7569
07063.8706 25.0000 24.9375 25.3125 26.89 26.77 1013.7569
07064.0957 25.0000 24.9375 25.3125 26.89 26.77 1013.7569
07090.2456 25.0000 24.9375 25.3125 26.89 26.77 1013.7569
07064.5708 25.0000 24.9375 25.3125 26.89 26.77 1013.7569
07064.1582 25.0000 24.9375 25.3125 26.89 26.77 1013.7569
07089.9834 25.0000 24.9375 25.3125 26.89 26.77 1013.7569
07116.1709 25.0000 24.9375 25.3125 26.89 26.74 1013.6754
07090.6958 25.0000 24.9375 25.3125 26.89 26.74 1013.6754
07091.1709 25.0000 24.9375 25.3125 26.89 26.74 1013.6754
07090.2207 25.0000 24.9375 25.3125 26.89 26.74 1013.6754
07064.0957 25.0000 24.9375 25.3125 26.89 26.74 1013.6754
07064.1333 25.0000 24.9375 25.3125 26.89 26.74 1013.6754
07090.7085 25.0000 24.9375 25.3125 26.89 26.74 1013.6754
07089.5459 25.0000 24.9375 25.3125 26.89 26.74 1013.6754
07089.5708 25.0000 24.9375 25.3125 26.89 26.74 1013.6754
07117.5332 25.0000 24.9375 25.3125 26.89 26.76 1013.6293
07064.1582 25.0000 24.9375 25.3125 26.89 26.76 1013.6293
07090.7334 25.0000 24.9375 25.3125 26.89 26.76 1013.6293
07063.9082 25.0000 24.9375 25.3125 26.89 26.76 1013.6293
07090.5210 25.0000 24.9375 25.3125 26.89 26.76 1013.6293
07063.8833 25.0000 24.9375 25.3125 26.89 26.76 1013.6293
07089.0957 25.0000 24.9375 25.3125 26.89 26.76 1013.6293
07090.0459 25.0000 24.9375 25.3125 26.89 26.76 1013.6293
07064.1084 25.0000 24.9375 25.3125 26.89 26.76 1013.6293
07064.1582 25.0000 24.9375 25.3125 26.89 26.76 1013.6293
07064.3960 25.0000 24.9375 25.3125 26.89 26.76 1013.7379
07064.3960 25.0000 24.9375 25.3125 26.89 26.76 1013.7379
07063.6582 25.0000 24.9375 25.3125 26.89 26.76 1013.7379
07063.9209 25.0000 24.9375 25.3125 26.89 26.76 1013.7379
07089.5083 25.0000 24.9375 25.3125 26.89 26.76 1013.7379
07115.8833 25.0000 24.9375 25.3125 26.89 26.76 1013.7379
07090.9834 25.0000 24.9375 25.3125 26.89 26.76 1013.7379
07064.1084 25.0000 24.9375 25.3125 26.89 26.76 1013.7379
07064.3706 25.0000 24.9375 25.3125 26.88 26.76 1013.5858
07063.9209 25.0000 24.9375 25.3125 26.88 26.76 1013.5858
07064.1084 25.0000 24.9375 25.3125 26.88 26.76 1013.5858
07063.8833 25.0000 24.9375 25.3125 26.88 26.76 1013.5858
07140.0957 25.0000 24.9375 25.3125 26.88 26.76 1013.5858
07089.5708 25.0000 24.9375 25.3125 26.88 26.76 1013.5858
07064.3960 25.0000 24.9375 25.3125 26.88 26.76 1013.5858
07064.1582 25.0000 24.9375 25.3125 26.88 26.76 1013.5858
07064.1582 25.0000 24.9375 25.3125 26.88 26.76 1013.5858
07064.1582 25.0000 24.9375 25.3125 26.88 26.76 1013.5858
07063.6831 25.0000 24.9375 25.3125 26.88 26.76 1013.5858
07115.2207 25.0000 24.9375 25.3125 26.89 26.77 1013.6293
07089.7959 25.0000 24.9375 25.3125 26.89 26.77 1013.6293
07089.2832 25.0000 24.9375 25.3125 26.89 26.77 1013.6293
07091.1709 25.0000 24.9375 25.3125 26.89 26.77 1013.6293
07064.8208 25.0000 24.9375 25.3125 26.89 26.77 1013.6293
07064.3706 25.0000 24.9375 25.3125 26.89 26.77 1013.6293
07064.1084 25.0000 24.9375 25.3125 26.89 26.77 1013.6293
07063.8706 25.0000 24.9375 25.3125 26.89 26.77 1013.6293
07064.3706 25.0000 24.9375 25.3125 26.90 26.77 1013.6188
07089.3335 25.0000 24.9375 25.3125 26.90 26.77 1013.6188
07089.9956 25.0000 24.9375 25.3125 26.90 26.77 1013.6188
07064.1206 25.0000 24.9375 25.3125 26.90 26.77 1013.6188
07141.5835 25.0000 24.9375 25.3125 26.90 26.77 1013.6188
07064.3457 25.0000 24.9375 25.3125 26.90 26.77 1013.6188
07064.6084 25.0000 24.9375 25.3125 26.90 26.77 1013.6188
07064.3960 25.0000 24.9375 25.3125 26.90 26.77 1013.6188
07064.3457 25.0000 24.9375 25.3125 26.90 26.77 1013.6188
07089.5708 25.0000 25.0000 25.3125 26.90 26.77 1013.6188
07090.0459 25.0000 25.0000 25.3125 26.90 26.76 1013.6731
07090.9956 25.0000 25.0000 25.3125 26.90 26.76 1013.6731
07064.3457 25.0000 25.0000 25.3125 26.90 26.76 1013.6731
07091.1831 25.0000 25.0000 25.3125 26.90 26.76 1013.6731
07064.3584 25.0000 25.0000 25.3125 26.90 26.76 1013.6731
#terjedesi                                       nyomas  ##
#ido(usec)  T1(C)   T2(C)   T3(C)  T4(C) para(%)  (hPa)
07064.1582 25.0000 25.0000 25.3125 26.90 26.76 1013.6731
07115.1709 25.0000 24.9375 25.3125 26.90 26.76 1013.6731
07063.9209 25.0000 24.9375 25.3125 26.90 26.76 1013.6731
07063.4458 25.0000 24.9375 25.3125 26.90 26.76 1013.6731
07064.0957 25.0000 24.9375 25.3125 26.89 26.77 1013.6836
07064.3960 25.0000 24.9375 25.3125 26.89 26.77 1013.6836
07064.1084 25.0000 24.9375 25.3125 26.89 26.77 1013.6836
07064.3335 25.0000 24.9375 25.3125 26.89 26.77 1013.6836
07063.8706 25.0000 24.9375 25.3125 26.89 26.77 1013.6836
07064.3457 25.0000 24.9375 25.3125 26.89 26.77 1013.6836
07063.4458 25.0000 24.9375 25.3125 26.89 26.77 1013.6836
07089.9834 25.0000 24.9375 25.3125 26.89 26.77 1013.6836
07064.3457 25.0000 24.9375 25.3125 26.89 26.77 1013.6836
07064.5835 25.0000 24.9375 25.3125 26.90 26.78 1013.6188
07115.2207 25.0000 24.9375 25.3125 26.90 26.78 1013.6188
07064.8457 25.0000 24.9375 25.3125 26.90 26.78 1013.6188
07091.6958 25.0000 24.9375 25.3125 26.90 26.78 1013.6188
07088.5957 25.0000 24.9375 25.3125 26.90 26.78 1013.6188
07063.4458 25.0000 24.9375 25.3125 26.90 26.78 1013.6188
07063.6831 25.0000 24.9375 25.3125 26.90 26.78 1013.6188
07091.2207 25.0000 24.9375 25.3125 26.90 26.78 1013.6188
07115.4331 25.0000 24.9375 25.3125 26.90 26.78 1013.6188
07064.3960 25.0000 24.9375 25.3125 26.90 26.78 1013.6188
07064.5708 25.0000 24.9375 25.3125 26.90 26.78 1013.6459
07117.3584 25.0000 24.9375 25.3125 26.90 26.78 1013.6459
07117.7832 25.0000 24.9375 25.3125 26.90 26.78 1013.6459
07063.4331 25.0000 24.9375 25.3125 26.90 26.78 1013.6459
07116.3457 25.0000 24.9375 25.3125 26.90 26.78 1013.6459
07064.3457 25.0000 24.9375 25.3125 26.90 26.78 1013.6459
07064.3960 25.0000 24.9375 25.3125 26.90 26.78 1013.6459
07115.4458 25.0000 24.9375 25.3125 26.90 26.78 1013.6459
07065.0581 25.0000 24.9375 25.3125 26.89 26.77 1013.6293
07064.3457 25.0000 24.9375 25.3125 26.89 26.77 1013.6293
07090.5083 25.0000 24.9375 25.3125 26.89 26.77 1013.6293
07116.3833 25.0000 24.9375 25.3125 26.89 26.77 1013.6293
07089.7832 25.0000 24.9375 25.3125 26.89 26.77 1013.6293
07090.7583 25.0000 24.9375 25.3125 26.89 26.77 1013.6293
07064.5835 25.0000 24.9375 25.3125 26.89 26.77 1013.6293
07114.9834 25.0000 24.9375 25.3125 26.89 26.77 1013.6293
07064.8706 25.0000 24.9375 25.3125 26.89 26.77 1013.6293
07064.6333 25.0000 24.9375 25.3125 26.89 26.77 1013.6293
07115.4082 25.0000 24.9375 25.3125 26.90 26.76 1013.7274
07089.9956 25.0000 24.9375 25.3125 26.90 26.76 1013.7274
07089.7456 25.0000 24.9375 25.3125 26.90 26.76 1013.7274
07114.9331 25.0000 24.9375 25.3125 26.90 26.76 1013.7274
07115.4082 25.0000 24.9375 25.3125 26.90 26.76 1013.7274
07064.3706 25.0000 24.9375 25.3125 26.90 26.76 1013.7274
07064.3960 25.0000 24.9375 25.3125 26.90 26.76 1013.7274
07090.4585 25.0000 24.9375 25.3125 26.90 26.76 1013.7274
07091.4707 25.0000 24.9375 25.3125 26.90 26.76 1013.7274
07089.7710 25.0000 24.9375 25.3125 26.90 26.75 1013.6459
07090.0459 25.0000 24.9375 25.3125 26.90 26.75 1013.6459
07090.9458 25.0000 24.9375 25.3125 26.90 26.75 1013.6459
07063.6831 25.0000 24.9375 25.3125 26.90 26.75 1013.6459
07064.3960 25.0000 24.9375 25.3125 26.90 26.75 1013.6459
07090.7207 25.0000 24.9375 25.3125 26.90 26.75 1013.6459
07064.3706 25.0000 24.9375 25.3125 26.90 26.75 1013.6459
07064.1582 25.0000 24.9375 25.3125 26.90 26.75 1013.6459
07089.7583 25.0000 25.0000 25.3125 26.90 26.75 1013.6459
07089.7959 25.0000 25.0000 25.3125 26.90 26.75 1013.6459
07090.9956 25.0000 25.0000 25.3125 26.90 26.74 1013.7003
07064.3335 25.0000 25.0000 25.3125 26.90 26.74 1013.7003
07064.1582 25.0000 25.0000 25.3125 26.90 26.74 1013.7003
07091.1831 25.0000 25.0000 25.3125 26.90 26.74 1013.7003
07064.3457 25.0000 25.0000 25.3125 26.90 26.74 1013.7003
07091.6958 25.0000 24.9375 25.3125 26.90 26.74 1013.7003
07089.5083 25.0000 24.9375 25.3125 26.90 26.74 1013.7003
07116.1084 25.0000 24.9375 25.3125 26.90 26.74 1013.7003
07141.3457 25.0000 24.9375 25.3125 26.90 26.74 1013.7003
07065.0835 25.0000 24.9375 25.3125 26.90 26.73 1013.6459
07064.6333 25.0000 24.9375 25.3125 26.90 26.73 1013.6459
07064.6333 25.0000 24.9375 25.3125 26.90 26.73 1013.6459
07091.4209 25.0000 24.9375 25.3125 26.90 26.73 1013.6459
#terjedesi                                       nyomas  ##
#ido(usec)  T1(C)   T2(C)   T3(C)  T4(C) para(%)  (hPa)
07064.6333 25.0000 24.9375 25.3125 26.90 26.73 1013.6459
07063.6582 25.0000 24.9375 25.3125 26.90 26.73 1013.6459
07089.9956 25.0000 24.9375 25.3125 26.90 26.73 1013.6459
07064.3960 25.0000 24.9375 25.3125 26.90 26.73 1013.6459
07064.5835 25.0000 24.9375 25.3125 26.90 26.73 1013.6459
07064.8208 25.0000 24.9375 25.3125 26.90 26.72 1013.5916
07064.3457 25.0000 24.9375 25.3125 26.90 26.72 1013.5916
07064.1206 25.0000 24.9375 25.3125 26.90 26.72 1013.5916
07064.6333 25.0000 24.9375 25.3125 26.90 26.72 1013.5916
07089.8081 25.0000 24.9375 25.3125 26.90 26.72 1013.5916
07089.7456 25.0000 24.9375 25.3125 26.90 26.72 1013.5916
07064.8706 25.0000 24.9375 25.3125 26.90 26.72 1013.5916
07141.8081 25.0000 24.9375 25.3125 26.90 26.72 1013.5916
07064.6084 25.0000 24.9375 25.3125 26.90 26.72 1013.5916
07064.6333 25.0000 24.9375 25.3125 26.90 26.72 1013.5916
07064.6333 25.0000 24.9375 25.3125 26.90 26.71 1013.6459
07064.3833 25.0000 24.9375 25.3125 26.90 26.71 1013.6459
07063.4458 25.0000 24.9375 25.3125 26.90 26.71 1013.6459
07090.2334 25.0000 24.9375 25.3125 26.90 26.71 1013.6459
07064.1084 25.0000 24.9375 25.3125 26.90 26.71 1013.6459
07091.1709 25.0000 24.9375 25.3125 26.90 26.71 1013.6459
07064.5835 25.0000 24.9375 25.3125 26.90 26.71 1013.6459
07064.8584 25.0000 24.9375 25.3125 26.90 26.71 1013.6459
07064.6333 25.0000 24.9375 25.3125 26.90 26.70 1013.6188
07063.9209 25.0000 25.0000 25.3125 26.90 26.70 1013.6188
07089.5708 25.0000 25.0000 25.3125 26.90 26.70 1013.6188
07089.7832 25.0000 25.0000 25.3125 26.90 26.70 1013.6188
07064.6333 25.0000 25.0000 25.3125 26.90 26.70 1013.6188
07115.4585 25.0000 25.0000 25.3125 26.90 26.70 1013.6188
07064.8208 25.0000 25.0000 25.3125 26.90 26.70 1013.6188
07064.1333 25.0000 25.0000 25.3125 26.90 26.70 1013.6188
07064.1333 25.0000 25.0000 25.3125 26.90 26.70 1013.6188
07064.3457 25.0000 25.0000 25.3125 26.90 26.70 1013.6188
07090.0332 25.0000 24.9375 25.3125 26.90 26.69 1013.5645
07063.4458 25.0000 24.9375 25.3125 26.90 26.69 1013.5645
07064.5835 25.0000 24.9375 25.3125 26.90 26.69 1013.5645
07064.3584 25.0000 24.9375 25.3125 26.90 26.69 1013.5645
07064.3960 25.0000 24.9375 25.3125 26.90 26.69 1013.5645
07064.3960 25.0000 24.9375 25.3125 26.90 26.69 1013.5645
07064.6333 25.0000 24.9375 25.3125 26.90 26.69 1013.5645
07088.5708 25.0000 25.0000 25.3125 26.90 26.69 1013.5645
07089.7832 25.0000 25.0000 25.3125 26.90 26.69 1013.5645
07116.1709 25.0000 25.0000 25.3125 26.92 26.67 1013.7249
07064.6333 25.0000 25.0000 25.3125 26.92 26.67 1013.7249
07064.3457 25.0000 25.0000 25.3125 26.92 26.67 1013.7249
07064.3960 25.0000 25.0000 25.3125 26.92 26.67 1013.7249
07064.8706 25.0000 25.0000 25.3125 26.92 26.67 1013.7249
07090.7583 25.0000 25.0000 25.3125 26.92 26.67 1013.7249
07064.0957 25.0000 25.0000 25.3125 26.92 26.67 1013.7249
07089.7583 25.0000 24.9375 25.3125 26.92 26.67 1013.7249
07089.5210 25.0000 24.9375 25.3125 26.92 26.67 1013.7249
07064.1084 25.0000 24.9375 25.3125 26.91 26.66 1013.6541
07090.9956 25.0000 24.9375 25.3125 26.91 26.66 1013.6541
07141.2959 25.0000 24.9375 25.3125 26.91 26.66 1013.6541
07091.2085 25.0000 24.9375 25.3125 26.91 26.66 1013.6541
07064.1582 25.0000 24.9375 25.3125 26.91 26.66 1013.6541
07064.6333 25.0000 24.9375 25.3125 26.91 26.66 1013.6541
07063.3960 25.0000 24.9375 25.3125 26.91 26.66 1013.6541
07089.7959 25.0000 24.9375 25.3125 26.91 26.66 1013.6541
07064.3960 25.0000 24.9375 25.3125 26.91 26.66 1013.6541
07064.8081 25.0000 24.9375 25.3125 26.91 26.66 1013.6541
07091.6460 25.0000 24.9375 25.3125 26.91 26.65 1013.7166
07064.8081 25.0000 24.9375 25.3125 26.91 26.65 1013.7166
07114.9585 25.0000 24.9375 25.3125 26.91 26.65 1013.7166
07063.8706 25.0000 24.9375 25.3125 26.91 26.65 1013.7166
07063.6582 25.0000 24.9375 25.3125 26.91 26.65 1013.7166
07090.2832 25.0000 24.9375 25.3125 26.91 26.65 1013.7166
07064.6333 25.0000 24.9375 25.3125 26.91 26.65 1013.7166
07064.1582 25.0000 24.9375 25.3125 26.91 26.65 1013.7166
07090.9956 25.0000 24.9375 25.3125 26.91 26.65 1013.7166
07063.9209 25.0000 24.9375 25.3125 26.90 26.64 1013.6459
07063.8584 25.0000 24.9375 25.3125 26.90 26.64 1013.6459
07090.5210 25.0000 25.0000 25.3125 26.90 26.64 1013.6459
#terjedesi                                       nyomas  ##
#ido(usec)  T1(C)   T2(C)   T3(C)  T4(C) para(%)  (hPa)
07089.9956 25.0000 25.0000 25.3125 26.90 26.64 1013.6459
07089.8081 25.0000 25.0000 25.3125 26.90 26.64 1013.6459
07090.9458 25.0000 25.0000 25.3125 26.90 26.64 1013.6459
07090.9956 25.0000 25.0000 25.3125 26.90 26.64 1013.6459
07063.9209 25.0000 25.0000 25.3125 26.90 26.64 1013.6459
07064.1582 25.0000 25.0000 25.3125 26.90 26.64 1013.6459
07140.8706 25.0000 25.0000 25.3125 26.90 26.64 1013.6459
07063.8960 25.0000 25.0000 25.3125 26.91 26.63 1013.5999
07115.8833 25.0000 24.9375 25.3125 26.91 26.63 1013.5999
07089.5083 25.0000 24.9375 25.3125 26.91 26.63 1013.5999
07063.8706 25.0000 24.9375 25.3125 26.91 26.63 1013.5999
07064.1582 25.0000 24.9375 25.3125 26.91 26.63 1013.5999
07064.1084 25.0000 24.9375 25.3125 26.91 26.63 1013.5999
07064.3457 25.0000 24.9375 25.3125 26.91 26.63 1013.5999
07064.3833 25.0000 24.9375 25.3125 26.91 26.63 1013.5999
07063.9209 25.0000 24.9375 25.3125 26.91 26.62 1013.6895
07089.7583 25.0000 24.9375 25.3125 26.91 26.62 1013.6895
07140.5835 25.0000 24.9375 25.3125 26.91 26.62 1013.6895
07064.8335 25.0000 24.9375 25.3125 26.91 26.62 1013.6895
07141.1084 25.0000 24.9375 25.3125 26.91 26.62 1013.6895
07091.2334 25.0000 24.9375 25.3125 26.91 26.62 1013.6895
07064.1582 25.0000 24.9375 25.3125 26.91 26.62 1013.6895
07114.9209 25.0000 24.9375 25.3125 26.91 26.62 1013.6895
07064.1582 25.0000 24.9375 25.3125 26.91 26.62 1013.6895
07089.7456 25.0000 24.9375 25.3125 26.91 26.62 1013.6895
07063.4331 25.0000 24.9375 25.3125 26.91 26.63 1013.5999
07064.1084 25.0000 24.9375 25.3125 26.91 26.63 1013.5999
07064.1084 25.0000 24.9375 25.3125 26.91 26.63 1013.5999
07090.9834 25.0000 24.9375 25.3125 26.91 26.63 1013.5999
07064.1084 25.0000 24.9375 25.3125 26.91 26.63 1013.5999
07090.9331 25.0000 24.9375 25.3125 26.91 26.63 1013.5999
07090.4956 25.0000 24.9375 25.3125 26.91 26.63 1013.5999
07115.8833 25.0000 24.9375 25.3125 26.91 26.63 1013.5999
07089.5332 25.0000 24.9375 25.3125 26.91 26.63 1013.5999
07090.7583 25.0000 24.9375 25.3125 26.91 26.63 1013.6541
07064.1460 25.0000 24.9375 25.3125 26.91 26.63 1013.6541
07063.9209 25.0000 24.9375 25.3125 26.91 26.63 1013.6541
07064.8208 25.0000 24.9375 25.3125 26.91 26.63 1013.6541
07064.8208 25.0000 24.9375 25.3125 26.91 26.63 1013.6541
07064.0957 25.0000 24.9375 25.3125 26.91 26.63 1013.6541
07116.3584 25.0000 24.9375 25.3125 26.91 26.63 1013.6541
07089.9956 25.0000 24.9375 25.3125 26.91 26.63 1013.6541
07064.3457 25.0000 24.9375 25.3125 26.91 26.63 1013.6541
07115.4082 25.0000 24.9375 25.3125 26.91 26.64 1013.7166
07064.3833 25.0000 24.9375 25.3125 26.91 26.64 1013.7166
07117.7832 25.0000 24.9375 25.3125 26.91 26.64 1013.7166
07064.6206 25.0000 24.9375 25.3125 26.91 26.64 1013.7166
07064.3960 25.0000 24.9375 25.3125 26.91 26.64 1013.7166
07063.3833 25.0000 24.9375 25.3125 26.91 26.64 1013.7166
07062.9082 25.0000 24.9375 25.3125 26.91 26.64 1013.7166
07063.8960 25.0000 24.9375 25.3125 26.91 26.64 1013.7166
07064.1582 25.0000 24.9375 25.3125 26.91 26.64 1013.7166
07063.9209 25.0000 24.9375 25.3125 26.91 26.64 1013.7166
07090.6958 25.0000 24.9375 25.3125 26.91 26.65 1013.6080
07063.8960 25.0000 24.9375 25.3125 26.91 26.65 1013.6080
07115.4082 25.0000 24.9375 25.3125 26.91 26.65 1013.6080
07062.9458 25.0000 24.9375 25.3125 26.91 26.65 1013.6080
07089.5332 25.0000 24.9375 25.3125 26.91 26.65 1013.6080
07064.1460 25.0000 24.9375 25.3125 26.91 26.65 1013.6080
07064.5835 25.0000 24.9375 25.3125 26.91 26.65 1013.6080
07064.1084 25.0000 24.9375 25.3125 26.91 26.65 1013.6080
07064.3584 25.0000 24.9375 25.3125 26.91 26.65 1013.6080
07091.2334 25.0000 24.9375 25.3125 26.90 26.65 1013.5916
07115.4458 25.0000 24.9375 25.3125 26.90 26.65 1013.5916
07063.8584 25.0000 24.9375 25.3125 26.90 26.65 1013.5916
07063.4331 25.0000 24.9375 25.3125 26.90 26.65 1013.5916
07115.1709 25.0000 24.9375 25.3125 26.90 26.65 1013.5916
07064.1582 25.0000 24.9375 25.3125 26.90 26.65 1013.5916
07063.9209 25.0000 24.9375 25.3125 26.90 26.65 1013.5916
07064.3833 25.0000 24.9375 25.3125 26.90 26.65 1013.5916
07064.0957 25.0000 24.9375 25.3125 26.90 26.65 1013.5916
07064.1084 25.0000 24.9375 25.3125 26.90 26.65 1013.5916
07090.0459 25.0000 24.9375 25.3125 26.91 26.65 1013.6351
#terjedesi                                       nyomas  ##
#ido(usec)  T1(C)   T2(C)   T3(C)  T4(C) para(%)  (hPa)
07090.0459 25.0000 24.9375 25.3125 26.91 26.65 1013.6351
07064.1333 25.0000 24.9375 25.3125 26.91 26.65 1013.6351
07091.2334 25.0000 24.9375 25.3125 26.91 26.65 1013.6351
07064.1206 25.0000 24.9375 25.3125 26.91 26.65 1013.6351
07064.5708 25.0000 24.9375 25.3125 26.91 26.65 1013.6351
07064.6084 25.0000 24.9375 25.3125 26.91 26.65 1013.6351
07064.1460 25.0000 24.9375 25.3125 26.91 26.65 1013.6351
07089.7583 25.0000 24.9375 25.3125 26.92 26.65 1013.6786
07089.7710 25.0000 24.9375 25.3125 26.92 26.65 1013.6786
07091.4707 25.0000 24.9375 25.3125 26.92 26.65 1013.6786
07065.2832 25.0000 24.9375 25.3125 26.92 26.65 1013.6786
07064.8081 25.0000 24.9375 25.3125 26.92 26.65 1013.6786
07115.6333 25.0000 24.9375 25.3125 26.92 26.65 1013.6786
07064.5835 25.0000 24.9375 25.3125 26.92 26.65 1013.6786
07064.6333 25.0000 24.9375 25.3125 26.92 26.65 1013.6786
07090.0210 25.0000 24.9375 25.3125 26.92 26.65 1013.6786
07089.7583 25.0000 24.9375 25.3125 26.92 26.65 1013.6786
07064.8208 25.0000 24.9375 25.3125 26.92 26.67 1013.6786
07064.8208 25.0000 24.9375 25.3125 26.92 26.67 1013.6786
07064.6084 25.0000 24.9375 25.3125 26.92 26.67 1013.6786
07064.3335 25.0000 24.9375 25.3125 26.92 26.67 1013.6786
07115.2207 25.0000 24.9375 25.3125 26.92 26.67 1013.6786
07115.2085 25.0000 24.9375 25.3125 26.92 26.67 1013.6786
07089.8081 25.0000 24.9375 25.3125 26.92 26.67 1013.6786
07089.5708 25.0000 24.9375 25.3125 26.92 26.67 1013.6786
07115.1582 25.0000 24.9375 25.3125 26.92 26.67 1013.6786
07064.3960 25.0000 24.9375 25.3125 26.91 26.68 1013.6624
07064.3584 25.0000 24.9375 25.3125 26.91 26.68 1013.6624
07064.3706 25.0000 24.9375 25.3125 26.91 26.68 1013.6624
07088.3833 25.0000 24.9375 25.3125 26.91 26.68 1013.6624
07065.0459 25.0000 24.9375 25.3125 26.91 26.68 1013.6624
07063.6206 25.0000 24.9375 25.3125 26.91 26.68 1013.6624
07089.7959 25.0000 24.9375 25.3125 26.91 26.68 1013.6624
07064.3833 25.0000 24.9375 25.3125 26.91 26.68 1013.6624
07064.3960 25.0000 24.9375 25.3125 26.91 26.68 1013.6624
07064.1582 25.0000 24.9375 25.3125 26.91 26.69 1013.6080
07065.0581 25.0000 24.9375 25.3125 26.91 26.69 1013.6080
07115.1582 25.0000 24.9375 25.3125 26.91 26.69 1013.6080
07064.6206 25.0000 24.9375 25.3125 26.91 26.69 1013.6080
07090.4585 25.0000 24.9375 25.3125 26.91 26.69 1013.6080
07063.4331 25.0000 24.9375 25.3125 26.91 26.69 1013.6080
07064.1333 25.0000 24.9375 25.3125 26.91 26.69 1013.6080
07064.8584 25.0000 24.9375 25.3125 26.91 26.69 1013.6080
07064.1333 25.0000 24.9375 25.3125 26.91 26.69 1013.6080
07064.5708 25.0000 24.9375 25.3125 26.91 26.69 1013.6080
07115.4585 25.0000 24.9375 25.3125 26.92 26.71 1013.6244
07065.3457 25.0000 24.9375 25.3125 26.92 26.71 1013.6244
07064.3833 25.0000 24.9375 25.3750 26.92 26.71 1013.6244
07063.6460 25.0000 24.9375 25.3750 26.92 26.71 1013.6244
07064.6084 25.0000 24.9375 25.3750 26.92 26.71 1013.6244
07064.3457 25.0000 24.9375 25.3750 26.92 26.71 1013.6244
07064.3457 25.0000 24.9375 25.3750 26.92 26.71 1013.6244
07064.5708 25.0000 24.9375 25.3750 26.92 26.71 1013.6244
07064.6333 25.0000 24.9375 25.3750 26.92 26.71 1013.6244
07064.8706 25.0000 24.9375 25.3125 26.91 26.73 1013.6351
07063.3960 25.0000 24.9375 25.3125 26.91 26.73 1013.6351
07089.8081 25.0000 24.9375 25.3125 26.91 26.73 1013.6351
07064.5957 25.0000 24.9375 25.3125 26.91 26.73 1013.6351
07090.9956 25.0000 24.9375 25.3125 26.91 26.73 1013.6351
07064.0957 25.0000 24.9375 25.3125 26.91 26.73 1013.6351
07090.9956 25.0000 24.9375 25.3125 26.91 26.73 1013.6351
07090.9834 25.0000 24.9375 25.3125 26.91 26.73 1013.6351
07114.6958 25.0000 24.9375 25.3125 26.91 26.73 1013.6351
07089.7832 25.0000 25.0000 25.3750 26.93 26.74 1013.6054
07089.9956 25.0000 25.0000 25.3750 26.93 26.74 1013.6054
07064.3960 25.0000 25.0000 25.3750 26.93 26.74 1013.6054
07064.0957 25.0000 25.0000 25.3750 26.93 26.74 1013.6054
07064.3960 25.0000 25.0000 25.3750 26.93 26.74 1013.6054
07064.3457 25.0000 25.0000 25.3750 26.93 26.74 1013.6054
07063.9209 25.0000 25.0000 25.3750 26.93 26.74 1013.6054
07064.1582 25.0000 24.9375 25.3750 26.93 26.74 1013.6054
07062.9209 25.0000 24.9375 25.3750 26.93 26.74 1013.6054
07090.0332 25.0000 24.9375 25.3750 26.92 26.76 1013.5972
#terjedesi                                       nyomas  ##
#ido(usec)  T1(C)   T2(C)   T3(C)  T4(C) para(%)  (hPa)
07064.6333 25.0000 24.9375 25.3750 26.92 26.76 1013.5972
07115.2207 25.0000 24.9375 25.3750 26.92 26.76 1013.5972
07064.5957 25.0000 24.9375 25.3750 26.92 26.76 1013.5972
07063.9209 25.0000 24.9375 25.3750 26.92 26.76 1013.5972
07064.3960 25.0000 24.9375 25.3750 26.92 26.76 1013.5972
07090.9331 25.0000 24.9375 25.3750 26.92 26.76 1013.5972
07089.5459 25.0000 25.0000 25.3125 26.92 26.76 1013.5972
07089.7456 25.0000 25.0000 25.3125 26.92 26.76 1013.5972
07140.8706 25.0000 25.0000 25.3125 26.92 26.76 1013.5972
07064.1206 25.0000 25.0000 25.3125 26.92 26.76 1013.6244
07064.6206 25.0000 25.0000 25.3125 26.92 26.76 1013.6244
07114.9834 25.0000 25.0000 25.3125 26.92 26.76 1013.6244
07064.3960 25.0000 25.0000 25.3125 26.92 26.76 1013.6244
07091.6460 25.0000 25.0000 25.3125 26.92 26.76 1013.6244
07089.9834 25.0000 25.0000 25.3125 26.92 26.76 1013.6244
07140.3960 25.0000 25.0000 25.3125 26.92 26.76 1013.6244
07088.8081 25.0000 25.0000 25.3125 26.92 26.76 1013.6244
07064.6333 25.0000 25.0000 25.3125 26.92 26.76 1013.6244
07064.3457 25.0000 25.0000 25.3125 26.92 26.78 1013.6244
07064.1582 25.0000 25.0000 25.3125 26.92 26.78 1013.6244
07064.3457 25.0000 25.0000 25.3125 26.92 26.78 1013.6244
07064.3584 25.0000 25.0000 25.3125 26.92 26.78 1013.6244
07063.4331 25.0625 24.9375 25.3125 26.92 26.78 1013.6244
07089.7959 25.0625 24.9375 25.3125 26.92 26.78 1013.6244
07064.3457 25.0625 24.9375 25.3125 26.92 26.78 1013.6244
07064.0957 25.0625 24.9375 25.3125 26.92 26.78 1013.6244
07114.9331 25.0625 24.9375 25.3125 26.92 26.78 1013.6244
07091.4209 25.0625 24.9375 25.3125 26.92 26.80 1013.5619
07064.5708 25.0625 24.9375 25.3125 26.92 26.80 1013.5619
07064.6084 25.0000 24.9375 25.3750 26.92 26.80 1013.5619
07089.9956 25.0000 24.9375 25.3750 26.92 26.80 1013.5619
07090.0459 25.0000 24.9375 25.3750 26.92 26.80 1013.5619
07115.1958 25.0000 24.9375 25.3750 26.92 26.80 1013.5619
07064.5708 25.0000 24.9375 25.3750 26.92 26.80 1013.5619
07064.5835 25.0000 24.9375 25.3750 26.92 26.80 1013.5619
07115.1958 25.0000 24.9375 25.3750 26.92 26.80 1013.5619
07115.2207 25.0000 24.9375 25.3750 26.92 26.80 1013.5619
07141.5708 25.0000 24.9375 25.3750 26.92 26.77 1013.6515
07063.4209 25.0000 24.9375 25.3125 26.92 26.77 1013.6515
07089.8081 25.0000 24.9375 25.3125 26.92 26.77 1013.6515
07064.3706 25.0000 24.9375 25.3125 26.92 26.77 1013.6515
07064.5835 25.0000 24.9375 25.3125 26.92 26.77 1013.6515
07064.3833 25.0000 24.9375 25.3125 26.92 26.77 1013.6515
07063.9209 25.0000 24.9375 25.3125 26.92 26.77 1013.6515
07064.1460 25.0000 24.9375 25.3125 26.92 26.77 1013.6515
07117.3081 25.0000 25.0000 25.3750 26.92 26.77 1013.6515
07089.9956 25.0000 25.0000 25.3750 26.92 26.76 1013.5700
07090.0332 25.0000 25.0000 25.3750 26.92 26.76 1013.5700
07090.9956 25.0000 25.0000 25.3750 26.92 26.76 1013.5700
07141.0708 25.0000 25.0000 25.3750 26.92 26.76 1013.5700
07064.1084 25.0000 25.0000 25.3750 26.92 26.76 1013.5700
07064.1582 25.0000 25.0000 25.3750 26.92 26.76 1013.5700
07115.1709 25.0000 25.0000 25.3750 26.92 26.76 1013.5700
07141.2832 25.0000 25.0000 25.3750 26.92 26.76 1013.5700
07090.0210 25.0625 24.9375 25.3125 26.92 26.76 1013.5700
07089.7456 25.0625 24.9375 25.3125 26.94 26.73 1013.6845
07090.9458 25.0625 24.9375 25.3125 26.94 26.73 1013.6845
07141.3457 25.0625 24.9375 25.3125 26.94 26.73 1013.6845
07064.3335 25.0625 24.9375 25.3125 26.94 26.73 1013.6845
07063.8833 25.0625 24.9375 25.3125 26.94 26.73 1013.6845
07064.3457 25.0625 24.9375 25.3125 26.94 26.73 1013.6845
07064.1582 25.0000 25.0000 25.3125 26.94 26.73 1013.6845
07090.0210 25.0000 25.0000 25.3125 26.94 26.73 1013.6845
07063.4458 25.0000 25.0000 25.3125 26.94 26.73 1013.6845
07063.6333 25.0000 25.0000 25.3125 26.94 26.70 1013.6574
07063.6831 25.0000 25.0000 25.3125 26.94 26.70 1013.6574
07064.1084 25.0000 25.0000 25.3125 26.94 26.70 1013.6574
07063.8833 25.0000 25.0000 25.3125 26.94 26.70 1013.6574
07090.4707 25.0000 25.0000 25.3125 26.94 26.70 1013.6574
07064.0957 25.0000 25.0000 25.3125 26.94 26.70 1013.6574
07063.4082 25.0000 24.9375 25.3125 26.94 26.70 1013.6574
07063.4458 25.0000 24.9375 25.3125 26.94 26.70 1013.6574
07064.3706 25.0000 24.9375 25.3125 26.94 26.70 1013.6574
#terjedesi                                       nyomas  ##
#ido(usec)  T1(C)   T2(C)   T3(C)  T4(C) para(%)  (hPa)
07114.9834 25.0000 24.9375 25.3125 26.93 26.68 1013.6407
07115.1709 25.0000 24.9375 25.3125 26.93 26.68 1013.6407
07064.3960 25.0000 24.9375 25.3125 26.93 26.68 1013.6407
07064.3833 25.0000 24.9375 25.3125 26.93 26.68 1013.6407
07114.9458 25.0000 24.9375 25.3125 26.93 26.68 1013.6407
07063.1460 25.0000 24.9375 25.3125 26.93 26.68 1013.6407
07063.8706 25.0000 24.9375 25.3125 26.93 26.68 1013.6407
07064.3335 25.0000 24.9375 25.3125 26.93 26.68 1013.6407
07064.8706 25.0000 24.9375 25.3125 26.93 26.68 1013.6407
07114.7085 25.0000 24.9375 25.3125 26.93 26.68 1013.6407
07088.5957 25.0000 24.9375 25.3125 26.93 26.66 1013.6325
07114.9458 25.0000 24.9375 25.3125 26.93 26.66 1013.6325
07115.2207 25.0000 24.9375 25.3125 26.93 26.66 1013.6325
07089.7710 25.0625 24.9375 25.3125 26.93 26.66 1013.6325
07063.6333 25.0625 24.9375 25.3125 26.93 26.66 1013.6325
07064.8706 25.0625 24.9375 25.3125 26.93 26.66 1013.6325
07064.5835 25.0625 24.9375 25.3125 26.93 26.66 1013.6325
07064.3457 25.0625 24.9375 25.3125 26.93 26.66 1013.6325
07115.1709 25.0625 24.9375 25.3125 26.93 26.66 1013.6325
07064.6084 25.0625 24.9375 25.3125 26.92 26.69 1013.6244
07090.9585 25.0000 24.9375 25.3750 26.92 26.69 1013.6244
07089.7583 25.0000 24.9375 25.3750 26.92 26.69 1013.6244
07063.4331 25.0000 24.9375 25.3750 26.92 26.69 1013.6244
07064.8706 25.0000 24.9375 25.3750 26.92 26.69 1013.6244
07064.3960 25.0000 24.9375 25.3750 26.92 26.69 1013.6244
07064.8706 25.0000 24.9375 25.3750 26.92 26.69 1013.6244
07091.4331 25.0000 24.9375 25.3750 26.92 26.69 1013.6244
07090.9458 25.0000 24.9375 25.3750 26.92 26.69 1013.6244
07115.4082 25.0000 24.9375 25.3750 26.92 26.69 1013.6244
07089.7583 25.0625 24.9375 25.3125 26.93 26.68 1013.6950
07063.3960 25.0625 24.9375 25.3125 26.93 26.68 1013.6950
07064.1333 25.0625 24.9375 25.3125 26.93 26.68 1013.6950
07064.3706 25.0625 24.9375 25.3125 26.93 26.68 1013.6950
07141.3208 25.0625 24.9375 25.3125 26.93 26.68 1013.6950
07114.7207 25.0625 24.9375 25.3125 26.93 26.68 1013.6950
07090.9956 25.0625 24.9375 25.3125 26.93 26.68 1013.6950
07064.3335 25.0625 24.9375 25.3750 26.93 26.68 1013.6950
07089.9834 25.0625 24.9375 25.3750 26.93 26.68 1013.6950
07140.6333 25.0625 24.9375 25.3750 26.94 26.69 1013.6763
07114.7207 25.0625 24.9375 25.3750 26.94 26.69 1013.6763
07090.9956 25.0625 24.9375 25.3750 26.94 26.69 1013.6763
07063.6831 25.0625 24.9375 25.3750 26.94 26.69 1013.6763
07064.5708 25.0625 24.9375 25.3750 26.94 26.69 1013.6763
07064.6084 25.0625 24.9375 25.3750 26.94 26.69 1013.6763
07064.3457 25.0625 24.9375 25.3750 26.94 26.69 1013.6763
07090.2334 25.0625 24.9375 25.3750 26.94 26.69 1013.6763
07063.1582 25.0625 24.9375 25.3750 26.94 26.69 1013.6763
07091.1709 25.0625 24.9375 25.3750 26.92 26.67 1013.4614
07064.6206 25.0625 24.9375 25.3750 26.92 26.67 1013.4614
07064.5708 25.0625 24.9375 25.3750 26.92 26.67 1013.4614
07088.5708 25.0625 24.9375 25.3750 26.92 26.67 1013.4614
07064.1582 25.0625 24.9375 25.3750 26.92 26.67 1013.4614
07091.2334 25.0000 24.9375 25.3750 26.92 26.67 1013.4614
07063.1958 25.0000 24.9375 25.3750 26.92 26.67 1013.4614
07062.9585 25.0000 24.9375 25.3750 26.92 26.67 1013.4614
07063.6831 25.0000 24.9375 25.3750 26.92 26.67 1013.4614
07064.1582 25.0000 24.9375 25.3750 26.93 26.67 1013.4696
07064.3335 25.0000 24.9375 25.3750 26.93 26.67 1013.4696
07064.0957 25.0000 24.9375 25.3750 26.93 26.67 1013.4696
07064.3584 25.0000 24.9375 25.3750 26.93 26.67 1013.4696
07064.1460 25.0000 24.9375 25.3750 26.93 26.67 1013.4696
07089.5210 25.0000 25.0000 25.3750 26.93 26.67 1013.4696
07140.3457 25.0000 25.0000 25.3750 26.93 26.67 1013.4696
07064.0957 25.0000 25.0000 25.3750 26.93 26.67 1013.4696
07063.9082 25.0000 25.0000 25.3750 26.93 26.67 1013.4696
07063.9209 25.0000 25.0000 25.3750 26.94 26.67 1013.6302
07064.1084 25.0000 25.0000 25.3750 26.94 26.67 1013.6302
07090.7334 25.0000 25.0000 25.3750 26.94 26.67 1013.6302
07064.5708 25.0000 24.9375 25.3750 26.94 26.67 1013.6302
07062.9209 25.0000 24.9375 25.3750 26.94 26.67 1013.6302
07089.3335 25.0000 24.9375 25.3750 26.94 26.67 1013.6302
07064.3457 25.0000 24.9375 25.3750 26.94 26.67 1013.6302
07064.1582 25.0000 24.9375 25.3750 26.94 26.67 1013.6302
#terjedesi                                       nyomas  ##
#ido(usec)  T1(C)   T2(C)   T3(C)  T4(C) para(%)  (hPa)
07088.8208 25.0000 24.9375 25.3750 26.94 26.67 1013.6302
07064.1333 25.0000 24.9375 25.3750 26.94 26.67 1013.6302
07064.1582 25.0000 24.9375 25.3750 26.93 26.67 1013.6407
07064.3457 25.0000 24.9375 25.3750 26.93 26.67 1013.6407
07063.4082 25.0000 24.9375 25.3125 26.93 26.67 1013.6407
07089.7583 25.0000 24.9375 25.3125 26.93 26.67 1013.6407
07064.1084 25.0000 24.9375 25.3125 26.93 26.67 1013.6407
07115.6460 25.0000 24.9375 25.3125 26.93 26.67 1013.6407
07064.5835 25.0000 24.9375 25.3125 26.93 26.67 1013.6407
07064.6206 25.0000 24.9375 25.3125 26.93 26.67 1013.6407
07064.1084 25.0000 24.9375 25.3125 26.93 26.67 1013.6407
07114.7456 25.0000 24.9375 25.3750 26.92 26.67 1013.5972
07089.8081 25.0000 24.9375 25.3750 26.92 26.67 1013.5972
07090.0210 25.0000 24.9375 25.3750 26.92 26.67 1013.5972
07115.1709 25.0000 24.9375 25.3750 26.92 26.67 1013.5972
07064.3584 25.0000 24.9375 25.3750 26.92 26.67 1013.5972
07064.8208 25.0000 24.9375 25.3750 26.92 26.67 1013.5972
07064.1582 25.0000 24.9375 25.3750 26.92 26.67 1013.5972
07065.0581 25.0000 24.9375 25.3750 26.92 26.67 1013.5972
07064.3584 25.0000 24.9375 25.3750 26.92 26.67 1013.5972
07062.9585 25.0625 24.9375 25.3750 26.92 26.67 1013.5972
07064.1084 25.0625 24.9375 25.3750 26.93 26.68 1013.5864
07091.2207 25.0625 24.9375 25.3750 26.93 26.68 1013.5864
07037.7456 25.0625 24.9375 25.3750 26.93 26.68 1013.5864
07088.3833 25.0625 24.9375 25.3750 26.93 26.68 1013.5864
07064.3457 25.0625 24.9375 25.3750 26.93 26.68 1013.5864
07063.8584 25.0625 24.9375 25.3750 26.93 26.68 1013.5864
07165.0835 25.0000 24.9375 25.3750 26.93 26.68 1013.5864
07063.6831 25.0000 24.9375 25.3750 26.93 26.68 1013.5864
07090.0332 25.0000 24.9375 25.3750 26.93 26.68 1013.5864
07165.3335 25.0000 24.9375 25.3750 26.94 26.71 1013.6030
07064.1582 25.0000 24.9375 25.3750 26.94 26.71 1013.6030
07141.5835 25.0000 24.9375 25.3750 26.94 26.71 1013.6030
07064.1206 25.0000 24.9375 25.3750 26.94 26.71 1013.6030
07090.7583 25.0000 24.9375 25.3750 26.94 26.71 1013.6030
07115.1709 25.0000 24.9375 25.3750 26.94 26.71 1013.6030
07062.9458 25.0000 24.9375 25.3750 26.94 26.71 1013.6030
07089.9956 25.0000 24.9375 25.3750 26.94 26.71 1013.6030
07091.4209 25.0000 24.9375 25.3750 26.94 26.71 1013.6030
07114.9458 25.0000 24.9375 25.3750 26.94 26.70 1013.6220
07064.3960 25.0000 24.9375 25.3750 26.94 26.70 1013.6220
07064.1206 25.0000 24.9375 25.3750 26.94 26.70 1013.6220
07114.6831 25.0000 24.9375 25.3750 26.94 26.70 1013.6220
07064.3335 25.0000 24.9375 25.3750 26.94 26.70 1013.6220
07063.6831 25.0000 24.9375 25.3750 26.94 26.70 1013.6220
07063.6206 25.0000 24.9375 25.3750 26.94 26.70 1013.6220
07090.7583 25.0000 24.9375 25.3750 26.94 26.70 1013.6220
07114.9834 25.0000 24.9375 25.3750 26.94 26.70 1013.6220
07088.8457 25.0000 24.9375 25.3750 26.94 26.70 1013.6220
07114.9834 25.0000 24.9375 25.3750 26.93 26.76 1013.6407
07064.3457 25.0000 24.9375 25.3750 26.93 26.76 1013.6407
07091.1831 25.0000 24.9375 25.3750 26.93 26.76 1013.6407
07089.3335 25.0000 25.0000 25.3750 26.93 26.76 1013.6407
07063.1709 25.0000 25.0000 25.3750 26.93 26.76 1013.6407
07064.1582 25.0000 25.0000 25.3750 26.93 26.76 1013.6407
07114.7456 25.0000 25.0000 25.3750 26.93 26.76 1013.6407
07064.1333 25.0000 25.0000 25.3750 26.93 26.76 1013.6407
07064.1084 25.0000 25.0000 25.3750 26.94 26.73 1013.6302
07064.5835 25.0000 25.0000 25.3750 26.94 26.73 1013.6302
07063.6582 25.0000 24.9375 25.3750 26.94 26.73 1013.6302
07089.8081 25.0000 24.9375 25.3750 26.94 26.73 1013.6302
07090.2456 25.0000 24.9375 25.3750 26.94 26.73 1013.6302
07064.5835 25.0000 24.9375 25.3750 26.94 26.73 1013.6302
07062.1958 25.0000 24.9375 25.3750 26.94 26.73 1013.6302
07089.0708 25.0000 24.9375 25.3750 26.94 26.73 1013.6302
07115.2207 25.0000 24.9375 25.3750 26.94 26.73 1013.6302
07064.0957 25.0000 24.9375 25.3750 26.94 26.73 1013.6302
07114.2334 25.0000 24.9375 25.3750 26.95 26.78 1013.6384
07063.1831 25.0000 24.9375 25.3750 26.95 26.78 1013.6384
07062.6831 25.0000 24.9375 25.3750 26.95 26.78 1013.6384
07114.9458 25.0000 24.9375 25.3750 26.95 26.78 1013.6384
07115.1958 25.0000 24.9375 25.3750 26.95 26.78 1013.6384
07064.5835 25.0000 24.9375 25.3750 26.95 26.78 1013.6384
#terjedesi                                       nyomas  ##
#ido(usec)  T1(C)   T2(C)   T3(C)  T4(C) para(%)  (hPa)
07064.3960 25.0000 24.9375 25.3750 26.95 26.78 1013.6384
07091.1831 25.0000 24.9375 25.3750 26.95 26.78 1013.6384
07115.4585 25.0000 25.0000 25.3750 26.95 26.78 1013.6384
07063.1831 25.0000 25.0000 25.3750 26.94 26.76 1013.5759
07089.8081 25.0000 25.0000 25.3750 26.94 26.76 1013.5759
07114.9834 25.0000 25.0000 25.3750 26.94 26.76 1013.5759
07064.3833 25.0000 25.0000 25.3750 26.94 26.76 1013.5759
07114.4458 25.0000 25.0000 25.3750 26.94 26.76 1013.5759
07063.9209 25.0000 25.0000 25.3750 26.94 26.76 1013.5759
07064.1582 25.0000 25.0000 25.3750 26.94 26.76 1013.5759
07064.3457 25.0000 25.0000 25.3750 26.94 26.76 1013.5759
07062.9585 25.0000 24.9375 25.3750 26.94 26.76 1013.5759
07089.7710 25.0000 24.9375 25.3750 26.93 26.75 1013.6407
07064.5835 25.0000 24.9375 25.3750 26.93 26.75 1013.6407
07114.7334 25.0000 24.9375 25.3750 26.93 26.75 1013.6407
07064.1333 25.0000 24.9375 25.3750 26.93 26.75 1013.6407
07064.5835 25.0000 24.9375 25.3750 26.93 26.75 1013.6407
07114.5083 25.0000 24.9375 25.3750 26.93 26.75 1013.6407
07115.1582 25.0000 25.0000 25.3750 26.93 26.75 1013.6407
07063.1831 25.0000 25.0000 25.3750 26.93 26.75 1013.6407
07089.9834 25.0000 25.0000 25.3750 26.93 26.75 1013.6407
07064.3457 25.0000 25.0000 25.3750 26.93 26.75 1013.6407
07114.9834 25.0000 25.0000 25.3750 26.94 26.74 1013.6574
07064.1582 25.0000 25.0000 25.3750 26.94 26.74 1013.6574
07064.1582 25.0000 25.0000 25.3750 26.94 26.74 1013.6574
07114.9209 25.0000 25.0000 25.3750 26.94 26.74 1013.6574
07063.9082 25.0000 25.0000 25.3750 26.94 26.74 1013.6574
07090.0459 25.0625 24.9375 25.3750 26.94 26.74 1013.6574
07063.6333 25.0625 24.9375 25.3750 26.94 26.74 1013.6574
07064.3833 25.0625 24.9375 25.3750 26.94 26.74 1013.6574
07090.9458 25.0625 24.9375 25.3750 26.94 26.74 1013.6574
07115.1709 25.0625 24.9375 25.3750 26.94 26.77 1013.6845
07064.6206 25.0625 24.9375 25.3750 26.94 26.77 1013.6845
07090.9834 25.0625 24.9375 25.3750 26.94 26.77 1013.6845
07064.0957 25.0625 25.0000 25.3750 26.94 26.77 1013.6845
07063.1460 25.0625 25.0000 25.3750 26.94 26.77 1013.6845
07089.7710 25.0625 25.0000 25.3750 26.94 26.77 1013.6845
07090.9585 25.0625 25.0000 25.3750 26.94 26.77 1013.6845
07064.1084 25.0625 25.0000 25.3750 26.94 26.77 1013.6845
07063.9209 25.0625 25.0000 25.3750 26.94 26.77 1013.6845
07063.4209 25.0625 25.0000 25.3750 26.94 26.77 1013.6845
07063.9209 25.0625 25.0000 25.3750 26.95 27.12 1013.6384
07063.8706 25.0625 25.0000 25.3750 26.95 27.12 1013.6384
07062.6709 25.0000 24.9375 25.3750 26.95 27.12 1013.6384
07115.6460 25.0000 24.9375 25.3750 26.95 27.12 1013.6384
07063.6206 25.0000 24.9375 25.3750 26.95 27.12 1013.6384
07063.9082 25.0000 24.9375 25.3750 26.95 27.12 1013.6384
07090.2334 25.0000 24.9375 25.3750 26.95 27.12 1013.6384
07114.4458 25.0000 24.9375 25.3750 26.95 27.12 1013.6384
07063.9209 25.0000 24.9375 25.3750 26.94 26.76 1013.5759
07064.3960 25.0625 24.9375 25.3750 26.94 26.76 1013.5759
07089.5708 25.0625 24.9375 25.3750 26.94 26.76 1013.5759
07089.5210 25.0625 24.9375 25.3750 26.94 26.76 1013.5759
07114.9331 25.0625 24.9375 25.3750 26.94 26.76 1013.5759
07090.9834 25.0625 24.9375 25.3750 26.94 26.76 1013.5759
07114.9834 25.0625 24.9375 25.3750 26.94 26.76 1013.5759
07064.5708 25.0625 24.9375 25.3750 26.94 26.76 1013.5759
07064.3706 25.0625 24.9375 25.3750 26.94 26.76 1013.5759
07114.4585 25.0625 24.9375 25.3750 26.94 26.76 1013.5759
07089.7959 25.0000 24.9375 25.3750 26.94 26.73 1013.7117
07089.9956 25.0000 24.9375 25.3750 26.94 26.73 1013.7117
07090.9707 25.0000 24.9375 25.3750 26.94 26.73 1013.7117
07064.5708 25.0000 24.9375 25.3750 26.94 26.73 1013.7117
07064.1582 25.0000 24.9375 25.3750 26.94 26.73 1013.7117
07064.1084 25.0000 24.9375 25.3750 26.94 26.73 1013.7117
07114.4458 25.0000 24.9375 25.3750 26.94 26.73 1013.7117
07114.9834 25.0000 25.0000 25.3750 26.94 26.73 1013.7117
07089.8081 25.0000 25.0000 25.3750 26.94 26.73 1013.7117
07063.1582 25.0000 25.0000 25.3750 26.95 26.74 1013.5840
07063.8706 25.0000 25.0000 25.3750 26.95 26.74 1013.5840
07063.9209 25.0000 25.0000 25.3750 26.95 26.74 1013.5840
07090.5083 25.0000 25.0000 25.3750 26.95 26.74 1013.5840
07064.3457 25.0000 25.0000 25.3750 26.95 26.74 1013.5840
#terjedesi                                       nyomas  ##
#ido(usec)  T1(C)   T2(C)   T3(C)  T4(C) para(%)  (hPa)
07064.1582 25.0000 25.0000 25.3750 26.95 26.74 1013.5840
07063.8584 25.0000 25.0000 25.3750 26.95 26.74 1013.5840
07062.9209 25.0625 25.0000 25.3750 26.95 26.74 1013.5840
07063.2085 25.0625 25.0000 25.3750 26.95 26.74 1013.5840
07090.7583 25.0625 25.0000 25.3750 26.94 26.75 1013.5488
07063.6460 25.0625 25.0000 25.3750 26.94 26.75 1013.5488
07090.7583 25.0625 25.0000 25.3750 26.94 26.75 1013.5488
07064.3457 25.0625 25.0000 25.3750 26.94 26.75 1013.5488
07064.1460 25.0625 25.0000 25.3750 26.94 26.75 1013.5488
07064.3960 25.0625 25.0000 25.3750 26.94 26.75 1013.5488
07062.9707 25.0625 25.0000 25.3750 26.94 26.75 1013.5488
07062.6831 25.0625 25.0000 25.3750 26.94 26.75 1013.5488
07114.5083 25.0625 25.0000 25.3750 26.94 26.75 1013.5488
07064.6333 25.0625 25.0000 25.3750 26.94 26.75 1013.5488
07115.4585 25.0625 25.0000 25.3750 26.95 26.72 1013.7824
07115.2207 25.0625 25.0000 25.3750 26.95 26.72 1013.7824
07114.9209 25.0625 25.0000 25.3750 26.95 26.72 1013.7824
07115.1709 25.0625 25.0000 25.3750 26.95 26.72 1013.7824
07063.2085 25.0000 25.0000 25.3750 26.95 26.72 1013.7824
07140.3457 25.0000 25.0000 25.3750 26.95 26.72 1013.7824
07114.9331 25.0000 25.0000 25.3750 26.95 26.72 1013.7824
07115.4082 25.0000 25.0000 25.3750 26.95 26.72 1013.7824
07064.6084 25.0000 25.0000 25.3750 26.94 26.72 1013.5488
07115.2207 25.0000 25.0000 25.3750 26.94 26.72 1013.5488
07091.1709 25.0000 25.0000 25.3750 26.94 26.72 1013.5488
07064.3960 25.0625 24.9375 25.3750 26.94 26.72 1013.5488
07063.1460 25.0625 24.9375 25.3750 26.94 26.72 1013.5488
07063.6831 25.0625 24.9375 25.3750 26.94 26.72 1013.5488
07114.9331 25.0625 24.9375 25.3750 26.94 26.72 1013.5488
07064.1582 25.0625 24.9375 25.3750 26.94 26.72 1013.5488
07064.1084 25.0625 24.9375 25.3750 26.94 26.72 1013.5488
07091.4707 25.0625 24.9375 25.3750 26.94 26.72 1013.5488
07064.1084 25.0625 24.9375 25.3750 26.94 26.72 1013.5488
07114.9331 25.0625 24.9375 25.3750 26.94 26.70 1013.6030
07063.4209 25.0625 24.9375 25.3750 26.94 26.70 1013.6030
07090.0210 25.0625 24.9375 25.3750 26.94 26.70 1013.6030
07064.3457 25.0625 24.9375 25.3750 26.94 26.70 1013.6030
07064.3960 25.0625 24.9375 25.3750 26.94 26.70 1013.6030
07064.1084 25.0625 24.9375 25.3750 26.94 26.70 1013.6030
07063.8584 25.0625 24.9375 25.3750 26.94 26.70 1013.6030
07090.9331 25.0625 24.9375 25.3750 26.94 26.70 1013.6030
07114.9331 25.0625 24.9375 25.3750 26.96 26.73 1013.6005
07089.7583 25.0625 24.9375 25.3750 26.96 26.73 1013.6005
07089.8081 25.0625 24.9375 25.3750 26.96 26.73 1013.6005
07114.9331 25.0625 24.9375 25.3750 26.96 26.73 1013.6005
07063.8833 25.0625 24.9375 25.3750 26.96 26.73 1013.6005
07090.9331 25.0625 24.9375 25.3750 26.96 26.73 1013.6005
07064.1582 25.0625 24.9375 25.3750 26.96 26.73 1013.6005
07064.6206 25.0625 24.9375 25.3750 26.96 26.73 1013.6005
07064.3584 25.0625 24.9375 25.3750 26.96 26.73 1013.6005
07089.7583 25.0625 24.9375 25.3750 26.96 26.73 1013.6005
07062.9082 25.0625 24.9375 25.3750 26.96 26.74 1013.6276
07063.8706 25.0625 24.9375 25.3750 26.96 26.74 1013.6276
07064.1333 25.0625 24.9375 25.3750 26.96 26.74 1013.6276
07114.9331 25.0625 24.9375 25.3750 26.96 26.74 1013.6276
07064.1206 25.0625 24.9375 25.3750 26.96 26.74 1013.6276
07064.3584 25.0625 24.9375 25.3750 26.96 26.74 1013.6276
07063.9082 25.0625 25.0000 25.3750 26.96 26.74 1013.6276
07089.7583 25.0625 25.0000 25.3750 26.96 26.74 1013.6276
07089.3335 25.0625 25.0000 25.3750 26.96 26.74 1013.6276
07064.1084 25.0625 25.0000 25.3750 26.95 26.74 1013.6465
07064.3706 25.0625 25.0000 25.3750 26.95 26.74 1013.6465
07064.0957 25.0625 25.0000 25.3750 26.95 26.74 1013.6465
07090.9956 25.0625 25.0000 25.3750 26.95 26.74 1013.6465
07114.6958 25.0625 25.0000 25.3750 26.95 26.74 1013.6465
07063.8960 25.0625 25.0000 25.3750 26.95 26.74 1013.6465
07089.9956 25.0625 25.0000 25.3750 26.95 26.74 1013.6465
07062.9209 25.0625 25.0000 25.3750 26.95 26.74 1013.6465
07063.6333 25.0625 25.0000 25.3750 26.95 26.74 1013.6465
07064.1582 25.0625 25.0000 25.3750 26.96 26.75 1013.5733
07064.3457 25.0625 25.0000 25.3750 26.96 26.75 1013.5733
07064.1582 25.0625 25.0000 25.3750 26.96 26.75 1013.5733
07114.7334 25.0625 25.0000 25.3750 26.96 26.75 1013.5733
#terjedesi                                       nyomas  ##
#ido(usec)  T1(C)   T2(C)   T3(C)  T4(C) para(%)  (hPa)
07064.5835 25.0625 25.0000 25.3750 26.96 26.75 1013.5733
07056.0835 25.0625 25.0000 25.3750 26.96 26.75 1013.5733
07062.9707 25.0625 25.0000 25.3750 26.96 26.75 1013.5733
07064.3960 25.0625 25.0000 25.3750 26.96 26.75 1013.5733
07114.9458 25.0625 25.0000 25.3750 26.96 26.75 1013.5733
07064.5835 25.0625 25.0000 25.3750 26.96 26.75 1013.5733
07064.3335 25.0625 25.0000 25.3750 26.95 26.75 1013.6738
07064.1333 25.0625 25.0000 25.3750 26.95 26.75 1013.6738
07064.1084 25.0625 25.0000 25.3750 26.95 26.75 1013.6738
07062.4585 25.0625 25.0000 25.3750 26.95 26.75 1013.6738
07089.7583 25.0625 25.0000 25.3750 26.95 26.75 1013.6738
07063.8706 25.0625 25.0000 25.3750 26.95 26.75 1013.6738
07063.6831 25.0625 25.0000 25.3750 26.95 26.75 1013.6738
07063.8706 25.0625 25.0000 25.3750 26.95 26.75 1013.6738
07064.3960 25.0625 25.0000 25.3750 26.96 26.73 1013.6358
07063.6206 25.0625 25.0000 25.3750 26.96 26.73 1013.6358
07114.6831 25.0625 24.9375 25.3750 26.96 26.73 1013.6358
07062.9209 25.0625 24.9375 25.3750 26.96 26.73 1013.6358
07063.3960 25.0625 24.9375 25.3750 26.96 26.73 1013.6358
07063.8584 25.0625 24.9375 25.3750 26.96 26.73 1013.6358
07091.2334 25.0625 24.9375 25.3750 26.96 26.73 1013.6358
07090.6958 25.0625 24.9375 25.3750 26.96 26.73 1013.6358
07064.1206 25.0625 24.9375 25.3750 26.96 26.73 1013.6358
07063.6333 25.0625 24.9375 25.3750 26.96 26.73 1013.6358
07090.9834 25.0625 24.9375 25.3750 26.95 26.72 1013.5923
07115.9209 25.0000 24.9375 25.3750 26.95 26.72 1013.5923
07089.5708 25.0000 24.9375 25.3750 26.95 26.72 1013.5923
07063.9082 25.0000 24.9375 25.3750 26.95 26.72 1013.5923
07064.1333 25.0000 24.9375 25.3750 26.95 26.72 1013.5923
07114.4956 25.0000 24.9375 25.3750 26.95 26.72 1013.5923
07063.8706 25.0000 24.9375 25.3750 26.95 26.72 1013.5923
07063.6831 25.0000 24.9375 25.3750 26.95 26.72 1013.5923
07063.9209 25.0000 25.0000 25.3750 26.95 26.72 1013.5923
07062.6831 25.0000 25.0000 25.3750 26.96 26.74 1013.5271
07062.2583 25.0000 25.0000 25.3750 26.96 26.74 1013.5271
07063.6333 25.0000 25.0000 25.3750 26.96 26.74 1013.5271
07140.8335 25.0000 25.0000 25.3750 26.96 26.74 1013.5271
07141.1084 25.0000 25.0000 25.3750 26.96 26.74 1013.5271
07063.4458 25.0000 25.0000 25.3750 26.96 26.74 1013.5271
07063.6831 25.0000 25.0000 25.3750 26.96 26.74 1013.5271
07063.3960 25.0000 25.0000 25.3750 26.96 26.74 1013.5271
07089.5708 25.0625 25.0000 25.3750 26.96 26.74 1013.5271
07089.2832 25.0625 25.0000 25.3750 26.96 26.74 1013.5271
07063.6333 25.0625 25.0000 25.3750 26.96 26.72 1013.6901
07063.3833 25.0625 25.0000 25.3750 26.96 26.72 1013.6901
07063.1831 25.0625 25.0000 25.3750 26.96 26.72 1013.6901
07090.7085 25.0625 25.0000 25.3750 26.96 26.72 1013.6901
07063.8706 25.0625 25.0000 25.3750 26.96 26.72 1013.6901
07063.6460 25.0625 24.9375 25.3750 26.96 26.72 1013.6901
07115.9331 25.0625 24.9375 25.3750 26.96 26.72 1013.6901
07089.0957 25.0625 24.9375 25.3750 26.96 26.72 1013.6901
07063.4458 25.0625 24.9375 25.3750 26.96 26.72 1013.6901
07063.9209 25.0625 24.9375 25.3750 26.96 26.72 1013.5815
07064.1084 25.0625 24.9375 25.3750 26.96 26.72 1013.5815
07140.6333 25.0625 24.9375 25.3750 26.96 26.72 1013.5815
07064.1582 25.0625 24.9375 25.3750 26.96 26.72 1013.5815
07063.8706 25.0625 24.9375 25.3750 26.96 26.72 1013.5815
07089.2832 25.0625 25.0000 25.3750 26.96 26.72 1013.5815
07062.6831 25.0625 25.0000 25.3750 26.96 26.72 1013.5815
07114.5083 25.0625 25.0000 25.3750 26.96 26.72 1013.5815
07063.8584 25.0625 25.0000 25.3750 26.96 26.72 1013.5815
07063.6333 25.0625 25.0000 25.3750 26.96 26.72 1013.6819
07063.6333 25.0625 25.0000 25.3750 26.96 26.72 1013.6819
07063.3833 25.0625 25.0000 25.3750 26.96 26.72 1013.6819
07064.1084 25.0625 25.0000 25.3750 26.96 26.72 1013.6819
07089.5708 25.0625 25.0000 25.3750 26.96 26.72 1013.6819
07139.9209 25.0625 25.0000 25.3750 26.96 26.72 1013.6819
07064.3335 25.0625 25.0000 25.3750 26.96 26.72 1013.6819
07090.5210 25.0625 25.0000 25.3750 26.96 26.72 1013.6819
07114.4585 25.0625 25.0000 25.3750 26.96 26.72 1013.6819
07064.3584 25.0625 25.0000 25.3750 26.96 26.72 1013.6819
07114.6831 25.0625 25.0000 25.3750 26.96 26.72 1013.5000
07064.3457 25.0625 25.0000 25.3750 26.96 26.72 1013.5000
#terjedesi                                       nyomas  ##
#ido(usec)  T1(C)   T2(C)   T3(C)  T4(C) para(%)  (hPa)
07062.2583 25.0625 25.0000 25.3750 26.96 26.72 1013.5000
07089.5459 25.0625 25.0000 25.3750 26.96 26.72 1013.5000
07114.4834 25.0625 25.0000 25.3750 26.96 26.72 1013.5000
07114.7334 25.0625 25.0000 25.3750 26.96 26.72 1013.5000
07090.6958 25.0625 25.0000 25.3750 26.96 26.72 1013.5000
07061.7832 25.0625 25.0000 25.3750 26.96 26.72 1013.5000
07090.7207 25.0625 25.0000 25.3750 26.96 26.72 1013.6630
07064.0957 25.0000 25.0000 25.3750 26.96 26.72 1013.6630
07063.3960 25.0000 25.0000 25.3750 26.96 26.72 1013.6630
07063.1460 25.0000 25.0000 25.3750 26.96 26.72 1013.6630
07064.1333 25.0000 25.0000 25.3750 26.96 26.72 1013.6630
07087.8584 25.0000 25.0000 25.3750 26.96 26.72 1013.6630
07064.1084 25.0000 25.0000 25.3750 26.96 26.72 1013.6630
07088.8584 25.0000 25.0000 25.3750 26.96 26.72 1013.6630
07090.9331 25.0000 25.0000 25.3750 26.96 26.72 1013.6630
07114.5083 25.0000 25.0000 25.3750 26.96 26.72 1013.6630
07062.9209 25.0000 25.0000 25.3750 26.96 26.70 1013.5815
07089.5332 25.0000 25.0000 25.3750 26.96 26.70 1013.5815
07090.9458 25.0000 25.0000 25.3750 26.96 26.70 1013.5815
07063.8706 25.0000 25.0000 25.3750 26.96 26.70 1013.5815
07063.9209 25.0000 25.0000 25.3750 26.96 26.70 1013.5815
07064.1084 25.0000 25.0000 25.3750 26.96 26.70 1013.5815
07064.1084 25.0000 25.0000 25.3750 26.96 26.70 1013.5815
07141.1084 25.0625 24.9375 25.3750 26.96 26.70 1013.5815
07089.5083 25.0625 24.9375 25.3750 26.96 26.70 1013.5815
07089.8081 25.0625 24.9375 25.3750 26.95 26.70 1013.6194
07063.8706 25.0625 24.9375 25.3750 26.95 26.70 1013.6194
07090.7456 25.0625 24.9375 25.3750 26.95 26.70 1013.6194
07064.0957 25.0625 24.9375 25.3750 26.95 26.70 1013.6194
07090.7207 25.0625 24.9375 25.3750 26.95 26.70 1013.6194
07090.7583 25.0625 24.9375 25.3750 26.95 26.70 1013.6194
07063.8706 25.0625 24.9375 25.3750 26.95 26.70 1013.6194
07089.0581 25.0625 24.9375 25.3750 26.95 26.70 1013.6194
07089.3335 25.0625 24.9375 25.3750 26.95 26.70 1013.6194
07063.8706 25.0625 24.9375 25.3750 26.96 26.71 1013.6086
07064.0957 25.0625 24.9375 25.3750 26.96 26.71 1013.6086
07091.1831 25.0625 24.9375 25.3750 26.96 26.71 1013.6086
07064.0957 25.0625 24.9375 25.3750 26.96 26.71 1013.6086
07064.1582 25.0625 24.9375 25.3750 26.96 26.71 1013.6086
07063.9209 25.0625 24.9375 25.3750 26.96 26.71 1013.6086
07116.1084 25.0625 24.9375 25.3750 26.96 26.71 1013.6086
07089.7710 25.0625 24.9375 25.3750 26.96 26.71 1013.6086
07063.8706 25.0625 24.9375 25.3750 26.96 26.71 1013.6086
07114.9707 25.0625 24.9375 25.3750 26.96 26.71 1013.6086
07063.8833 25.0625 24.9375 25.3750 26.96 26.69 1013.6358
07090.4707 25.0625 24.9375 25.3750 26.96 26.69 1013.6358
07114.6831 25.0625 24.9375 25.3750 26.96 26.69 1013.6358
07141.2959 25.0625 24.9375 25.3750 26.96 26.69 1013.6358
07063.4331 25.0625 24.9375 25.3750 26.96 26.69 1013.6358
07062.7334 25.0625 24.9375 25.3750 26.96 26.69 1013.6358
07114.6958 25.0625 24.9375 25.3750 26.96 26.69 1013.6358
07064.1333 25.0625 24.9375 25.3750 26.96 26.69 1013.6358
07063.4458 25.0625 24.9375 25.3750 26.96 26.69 1013.6358
07114.7456 25.0625 24.9375 25.3750 26.97 26.70 1013.5435
07064.6206 25.0625 24.9375 25.3750 26.97 26.70 1013.5435
07064.1582 25.0625 25.0000 25.3750 26.97 26.70 1013.5435
07062.9585 25.0625 25.0000 25.3750 26.97 26.70 1013.5435
07089.8081 25.0625 25.0000 25.3750 26.97 26.70 1013.5435
07063.9082 25.0625 25.0000 25.3750 26.97 26.70 1013.5435
07063.6831 25.0625 25.0000 25.3750 26.97 26.70 1013.5435
07064.3457 25.0625 25.0000 25.3750 26.97 26.70 1013.5435
07090.7583 25.0625 25.0000 25.3750 26.97 26.70 1013.5435
07114.9331 25.0625 25.0000 25.3750 26.97 26.70 1013.5435
07064.0957 25.0625 25.0000 25.3750 26.98 26.71 1013.6334
07062.6831 25.0625 25.0000 25.3750 26.98 26.71 1013.6334
07116.5835 25.0625 25.0000 25.3750 26.98 26.71 1013.6334
07064.1084 25.0625 25.0000 25.3750 26.98 26.71 1013.6334
07114.7456 25.0625 25.0000 25.3750 26.98 26.71 1013.6334
07064.1084 25.0625 25.0000 25.3750 26.98 26.71 1013.6334
07064.1333 25.0625 25.0000 25.3750 26.98 26.71 1013.6334
07064.1460 25.0625 25.0000 25.3750 26.98 26.71 1013.6334
07114.6958 25.0625 25.0000 25.3750 26.96 26.71 1013.6086
07062.9331 25.0625 25.0000 25.3750 26.96 26.71 1013.6086
#terjedesi                                       nyomas  ##
#ido(usec)  T1(C)   T2(C)   T3(C)  T4(C) para(%)  (hPa)
07063.2085 25.0625 25.0000 25.3750 26.96 26.71 1013.6086
07064.3960 25.0625 25.0000 25.3750 26.96 26.71 1013.6086
07064.1582 25.0625 25.0000 25.3750 26.96 26.71 1013.6086
07114.9209 25.0625 25.0000 25.3750 26.96 26.71 1013.6086
07115.2207 25.0625 25.0000 25.3750 26.96 26.71 1013.6086
07114.9707 25.0625 25.0000 25.3750 26.96 26.71 1013.6086
07087.8584 25.0625 25.0000 25.3750 26.96 26.71 1013.6086
07063.1958 25.0625 24.9375 25.4375 26.96 26.71 1013.6086
07062.9209 25.0625 24.9375 25.4375 26.97 26.71 1013.6793
07064.1084 25.0625 24.9375 25.4375 26.97 26.71 1013.6793
07114.9585 25.0625 24.9375 25.4375 26.97 26.71 1013.6793
07114.7456 25.0625 24.9375 25.4375 26.97 26.71 1013.6793
07115.1709 25.0625 24.9375 25.4375 26.97 26.71 1013.6793
07114.9209 25.0625 24.9375 25.4375 26.97 26.71 1013.6793
07114.9834 25.0625 25.0000 25.3750 26.97 26.71 1013.6793
07089.2832 25.0625 25.0000 25.3750 26.97 26.71 1013.6793
07063.6831 25.0625 25.0000 25.3750 26.97 26.71 1013.6793
07165.3335 25.0625 25.0000 25.3750 26.97 26.70 1013.5978
07063.8584 25.0625 25.0000 25.3750 26.97 26.70 1013.5978
07115.1709 25.0625 25.0000 25.3750 26.97 26.70 1013.5978
07115.1831 25.0625 25.0000 25.3750 26.97 26.70 1013.5978
07114.4458 25.0625 25.0000 25.3750 26.97 26.70 1013.5978
07063.6582 25.0625 25.0000 25.3750 26.97 26.70 1013.5978
07089.5210 25.0625 24.9375 25.3750 26.97 26.70 1013.5978
07063.2085 25.0625 24.9375 25.3750 26.97 26.70 1013.5978
07114.7207 25.0625 24.9375 25.3750 26.97 26.70 1013.5978
07064.1084 25.0625 24.9375 25.3750 26.98 26.70 1013.6959
07114.4458 25.0625 24.9375 25.3750 26.98 26.70 1013.6959
07064.3833 25.0625 24.9375 25.3750 26.98 26.70 1013.6959
07115.1582 25.0625 24.9375 25.3750 26.98 26.70 1013.6959
07088.6206 25.0625 25.0000 25.3750 26.98 26.70 1013.6959
07063.6831 25.0625 25.0000 25.3750 26.98 26.70 1013.6959
07063.6582 25.0625 25.0000 25.3750 26.98 26.70 1013.6959
07115.1582 25.0625 25.0000 25.3750 26.98 26.70 1013.6959
07114.9834 25.0625 25.0000 25.3750 26.98 26.70 1013.6959
07114.9707 25.0625 25.0000 25.3750 26.98 26.70 1013.6959
07061.9585 25.0625 25.0000 25.3750 26.97 26.71 1013.6168
07114.9834 25.0625 25.0000 25.3750 26.97 26.71 1013.6168
07115.1709 25.0625 25.0000 25.3750 26.97 26.71 1013.6168
07114.4585 25.0625 25.0000 25.3750 26.97 26.71 1013.6168
07063.4082 25.0625 25.0000 25.3750 26.97 26.71 1013.6168
07090.9458 25.0625 25.0000 25.3750 26.97 26.71 1013.6168
07115.1709 25.0625 25.0000 25.3750 26.97 26.71 1013.6168
07114.9209 25.0625 25.0000 25.3750 26.97 26.71 1013.6168
07064.3335 25.0625 25.0000 25.3750 26.97 26.71 1013.6168
07064.1084 25.0625 25.0000 25.3750 26.97 26.72 1013.5896
07114.9834 25.0625 24.9375 25.3750 26.97 26.72 1013.5896
07089.5210 25.0625 24.9375 25.3750 26.97 26.72 1013.5896
07140.5708 25.0625 24.9375 25.3750 26.97 26.72 1013.5896
07064.3960 25.0625 24.9375 25.3750 26.97 26.72 1013.5896
07115.4331 25.0625 24.9375 25.3750 26.97 26.72 1013.5896
07114.9331 25.0625 24.9375 25.3750 26.97 26.72 1013.5896
07064.3960 25.0625 24.9375 25.3750 26.97 26.72 1013.5896
07064.6333 25.0625 24.9375 25.3750 26.97 26.72 1013.5896
07064.1460 25.0625 24.9375 25.3750 26.97 26.72 1013.5896
07063.4331 25.0625 25.0000 25.3750 26.97 26.87 1013.6250
07063.4331 25.0625 25.0000 25.3750 26.97 26.87 1013.6250
07115.3960 25.0625 25.0000 25.3750 26.97 26.87 1013.6250
07088.6206 25.0625 25.0000 25.3750 26.97 26.87 1013.6250
07088.5581 25.0625 25.0000 25.3750 26.97 26.87 1013.6250
07064.3960 25.0625 25.0000 25.3750 26.97 26.87 1013.6250
07088.3706 25.0625 25.0000 25.3750 26.97 26.87 1013.6250
07088.3457 25.0625 24.9375 25.3750 26.97 26.87 1013.6250
07063.1958 25.0625 24.9375 25.3750 26.98 26.70 1013.6144
07140.5708 25.0625 24.9375 25.3750 26.98 26.70 1013.6144
07064.0957 25.0625 24.9375 25.3750 26.98 26.70 1013.6144
07064.1582 25.0625 24.9375 25.3750 26.98 26.70 1013.6144
07063.6333 25.0625 24.9375 25.3750 26.98 26.70 1013.6144
07114.9707 25.0625 24.9375 25.3750 26.98 26.70 1013.6144
07088.8457 25.0625 24.9375 25.3750 26.98 26.70 1013.6144
07064.1582 25.0625 24.9375 25.3750 26.98 26.70 1013.6144
07063.3960 25.0625 25.0000 25.3750 26.98 26.70 1013.6144
07063.1831 25.0625 25.0000 25.3750 26.98 26.70 1013.6144
#terjedesi                                       nyomas  ##
#ido(usec)  T1(C)   T2(C)   T3(C)  T4(C) para(%)  (hPa)
07114.9707 25.0625 25.0000 25.3750 26.98 26.67 1013.7231
07064.0957 25.0625 25.0000 25.3750 26.98 26.67 1013.7231
07088.3833 25.0625 25.0000 25.3750 26.98 26.67 1013.7231
07064.1582 25.0625 25.0000 25.3750 26.98 26.67 1013.7231
07114.5083 25.0625 25.0000 25.3750 26.98 26.67 1013.7231
07063.8584 25.0625 25.0000 25.4375 26.98 26.67 1013.7231
07063.1460 25.0625 25.0000 25.4375 26.98 26.67 1013.7231
07063.4458 25.0625 25.0000 25.4375 26.98 26.67 1013.7231
07115.1709 25.0625 25.0000 25.4375 26.98 26.67 1013.7231
07064.3584 25.0625 25.0000 25.4375 26.97 26.67 1013.6250
07114.5083 25.0625 25.0000 25.4375 26.97 26.67 1013.6250
07114.6958 25.0625 25.0000 25.4375 26.97 26.67 1013.6250
07064.0957 25.0625 25.0000 25.4375 26.97 26.67 1013.6250
07064.6333 25.0625 25.0000 25.4375 26.97 26.67 1013.6250
07063.4082 25.0625 24.9375 25.3750 26.97 26.67 1013.6250
07140.3960 25.0625 24.9375 25.3750 26.97 26.67 1013.6250
07114.5083 25.0625 24.9375 25.3750 26.97 26.67 1013.6250
07114.9834 25.0625 24.9375 25.3750 26.97 26.67 1013.6250
07064.3960 25.0625 24.9375 25.3750 26.98 26.68 1013.6688
07064.1460 25.0625 24.9375 25.3750 26.98 26.68 1013.6688
07114.6958 25.0625 24.9375 25.3750 26.98 26.68 1013.6688
07064.1582 25.0625 25.0000 25.3750 26.98 26.68 1013.6688
07063.2085 25.0625 25.0000 25.3750 26.98 26.68 1013.6688
07062.9707 25.0625 25.0000 25.3750 26.98 26.68 1013.6688
07064.3833 25.0625 25.0000 25.3750 26.98 26.68 1013.6688
07090.7334 25.0625 25.0000 25.3750 26.98 26.68 1013.6688
07064.3457 25.0625 25.0000 25.3750 26.98 26.68 1013.6688
07114.2456 25.0625 25.0000 25.3750 26.98 26.68 1013.6688
07114.2710 25.0625 25.0000 25.3750 26.98 26.70 1013.6417
07114.9209 25.0625 25.0000 25.3750 26.98 26.70 1013.6417
07063.2085 25.0625 24.9375 25.3750 26.98 26.70 1013.6417
07089.5708 25.0625 24.9375 25.3750 26.98 26.70 1013.6417
07090.9331 25.0625 24.9375 25.3750 26.98 26.70 1013.6417
07064.1582 25.0625 24.9375 25.3750 26.98 26.70 1013.6417
07064.3457 25.0625 24.9375 25.3750 26.98 26.70 1013.6417
07088.5708 25.0625 24.9375 25.3750 26.98 26.70 1013.6417
07063.9209 25.0625 24.9375 25.3750 26.98 26.70 1013.6417
07088.3706 25.0625 25.0000 25.3750 26.98 26.68 1013.6417
07062.6958 25.0625 25.0000 25.3750 26.98 26.68 1013.6417
07062.9707 25.0625 25.0000 25.3750 26.98 26.68 1013.6417
07088.5708 25.0625 25.0000 25.3750 26.98 26.68 1013.6417
07088.3208 25.0625 25.0000 25.3750 26.98 26.68 1013.6417
07114.7456 25.0625 25.0000 25.3750 26.98 26.68 1013.6417
07063.6582 25.0625 25.0000 25.3750 26.98 26.68 1013.6417
07063.9209 25.0625 25.0000 25.3750 26.98 26.68 1013.6417
07064.3960 25.0625 25.0000 25.3750 26.98 26.68 1013.6417
07089.5332 25.0625 24.9375 25.3750 26.98 26.65 1013.5602
07063.6460 25.0625 24.9375 25.3750 26.98 26.65 1013.5602
07115.1831 25.0625 24.9375 25.3750 26.98 26.65 1013.5602
07115.4082 25.0625 24.9375 25.3750 26.98 26.65 1013.5602
07064.3706 25.0625 24.9375 25.3750 26.98 26.65 1013.5602
07064.1084 25.0625 24.9375 25.3750 26.98 26.65 1013.5602
07064.3960 25.0625 24.9375 25.3750 26.98 26.65 1013.5602
07090.9834 25.0625 25.0000 25.3750 26.98 26.65 1013.5602
07063.1958 25.0625 25.0000 25.3750 26.98 26.65 1013.5602
07063.6831 25.0625 25.0000 25.3750 26.99 26.67 1013.7042
07064.8584 25.0625 25.0000 25.3750 26.99 26.67 1013.7042
07087.6709 25.0625 25.0000 25.3750 26.99 26.67 1013.7042
07114.7334 25.0625 25.0000 25.3750 26.99 26.67 1013.7042
07114.9834 25.0625 25.0000 25.3750 26.99 26.67 1013.7042
07064.1582 25.0625 25.0000 25.3750 26.99 26.67 1013.7042
07064.3584 25.0625 25.0000 25.3750 26.99 26.67 1013.7042
07089.5210 25.0625 25.0000 25.3750 26.99 26.67 1013.7042
07062.7207 25.0625 25.0000 25.3750 26.99 26.67 1013.7042
07064.1460 25.0625 25.0000 25.3750 26.98 26.67 1013.5330
07090.9956 25.0625 25.0000 25.3750 26.98 26.67 1013.5330
07064.3833 25.0625 25.0000 25.3750 26.98 26.67 1013.5330
07114.9834 25.0625 25.0000 25.3750 26.98 26.67 1013.5330
07114.6831 25.0625 25.0000 25.3750 26.98 26.67 1013.5330
07114.9834 25.0625 25.0000 25.3750 26.98 26.67 1013.5330
07063.3960 25.0625 25.0000 25.3750 26.98 26.67 1013.5330
07063.2085 25.0625 25.0000 25.3750 26.98 26.67 1013.5330
07088.3833 25.0625 25.0000 25.3750 26.98 26.67 1013.5330
#terjedesi                                       nyomas  ##
#ido(usec)  T1(C)   T2(C)   T3(C)  T4(C) para(%)  (hPa)
07064.1206 25.0625 25.0000 25.3750 26.98 26.67 1013.5330
07108.0459 25.0625 25.0000 25.3750 26.98 26.67 1013.5602
07063.8584 25.0625 25.0000 25.3750 26.98 26.67 1013.5602
07061.3081 25.0625 25.0000 25.3750 26.98 26.67 1013.5602
07114.7456 25.0625 25.0000 25.3750 26.98 26.67 1013.5602
07062.9585 25.0625 25.0000 25.3750 26.98 26.67 1013.5602
07089.5210 25.0625 25.0000 25.3750 26.98 26.67 1013.5602
07064.3833 25.0625 25.0000 25.3750 26.98 26.67 1013.5602
07090.5210 25.0625 25.0000 25.3750 26.98 26.67 1013.5602
07063.8960 25.0625 25.0000 25.3750 26.98 26.67 1013.5602
07114.4585 25.0625 25.0000 25.3750 26.98 26.67 1013.7231
07114.2710 25.0625 25.0000 25.3750 26.98 26.67 1013.7231
07064.3960 25.0625 25.0000 25.3750 26.98 26.67 1013.7231
07089.5708 25.0625 25.0000 25.3750 26.98 26.67 1013.7231
07063.3833 25.0625 25.0000 25.3750 26.98 26.67 1013.7231
07114.4956 25.0625 25.0000 25.3750 26.98 26.67 1013.7231
07088.1084 25.0625 25.0000 25.3750 26.98 26.67 1013.7231
07064.5708 25.0625 25.0000 25.3750 26.98 26.67 1013.7231
07114.6831 25.0625 25.0000 25.3750 26.98 26.67 1013.7231
07064.3335 25.0625 25.0000 25.3750 26.98 26.67 1013.7231
07088.3335 25.0625 25.0000 25.3750 26.99 26.66 1013.6309
07063.1958 25.0625 24.9375 25.3750 26.99 26.66 1013.6309
07062.6831 25.0625 24.9375 25.3750 26.99 26.66 1013.6309
07063.8584 25.0625 24.9375 25.3750 26.99 26.66 1013.6309
07063.6831 25.0625 24.9375 25.3750 26.99 26.66 1013.6309
07063.8706 25.0625 24.9375 25.3750 26.99 26.66 1013.6309
07064.1460 25.0625 24.9375 25.3750 26.99 26.66 1013.6309
07114.9209 25.0625 24.9375 25.3750 26.99 26.66 1013.6309
07114.2710 25.0625 25.0000 25.4375 26.99 26.66 1013.6309
07062.9707 25.0625 25.0000 25.4375 26.99 26.66 1013.6498
07089.3335 25.0625 25.0000 25.4375 26.99 26.66 1013.6498
07063.6831 25.0625 25.0000 25.4375 26.99 26.66 1013.6498
07063.9209 25.0625 25.0000 25.4375 26.99 26.66 1013.6498
07063.6333 25.0625 25.0000 25.4375 26.99 26.66 1013.6498
07063.6333 25.0625 25.0000 25.4375 26.99 26.66 1013.6498
07063.6333 25.0625 25.0000 25.4375 26.99 26.66 1013.6498
07090.7583 25.0625 25.0000 25.4375 26.99 26.66 1013.6498
07062.9585 25.0625 25.0000 25.3750 26.99 26.66 1013.6498
07089.7456 25.0625 25.0000 25.3750 26.99 26.68 1013.6852
07064.3960 25.0625 25.0000 25.3750 26.99 26.68 1013.6852
07114.4585 25.0625 25.0000 25.3750 26.99 26.68 1013.6852
07087.9082 25.0625 25.0000 25.3750 26.99 26.68 1013.6852
07114.2710 25.0625 25.0000 25.3750 26.99 26.68 1013.6852
07064.1582 25.0625 25.0000 25.3750 26.99 26.68 1013.6852
07114.9209 25.0625 25.0000 25.3750 26.99 26.68 1013.6852
07140.3457 25.0625 25.0000 25.3750 26.99 26.68 1013.6852
07063.2085 25.0625 25.0000 25.3750 26.99 26.68 1013.6852
07114.5083 25.0625 25.0000 25.3750 26.99 26.68 1013.5684
07114.6831 25.0625 25.0000 25.3750 26.99 26.68 1013.5684
07064.3335 25.0625 25.0000 25.3750 26.99 26.68 1013.5684
07114.5083 25.0625 25.0000 25.3750 26.99 26.68 1013.5684
07114.7456 25.0625 25.0000 25.3750 26.99 26.68 1013.5684
07064.3335 25.0625 25.0000 25.3750 26.99 26.68 1013.5684
07062.7207 25.0625 25.0000 25.4375 26.99 26.68 1013.5684
07062.7085 25.0625 25.0000 25.4375 26.99 26.68 1013.5684
07063.9082 25.0625 25.0000 25.4375 26.99 26.68 1013.5684
07165.3081 25.0625 25.0000 25.4375 26.99 26.68 1013.5765
07088.1333 25.0625 25.0000 25.4375 26.99 26.68 1013.5765
07114.9209 25.0625 25.0000 25.4375 26.99 26.68 1013.5765
07064.1582 25.0625 25.0000 25.4375 26.99 26.68 1013.5765
07064.1582 25.0625 25.0000 25.4375 26.99 26.68 1013.5765
07063.2085 25.0625 25.0000 25.4375 26.99 26.68 1013.5765
07062.4458 25.0625 25.0000 25.4375 26.99 26.68 1013.5765
07114.5083 25.0625 25.0000 25.4375 26.99 26.68 1013.5765
07114.4458 25.0625 25.0000 25.4375 26.99 26.68 1013.5765
07064.3706 25.0625 25.0000 25.4375 26.99 26.68 1013.5765
07114.9834 25.0625 25.0000 25.4375 26.98 26.67 1013.5602
07114.7456 25.0625 25.0000 25.4375 26.98 26.67 1013.5602
07064.1582 25.0625 25.0000 25.4375 26.98 26.67 1013.5602
07089.7583 25.0625 25.0000 25.3750 26.98 26.67 1013.5602
07063.3833 25.0625 25.0000 25.3750 26.98 26.67 1013.5602
07088.3335 25.0625 25.0000 25.3750 26.98 26.67 1013.5602
07114.7456 25.0625 25.0000 25.3750 26.98 26.67 1013.5602
#terjedesi                                       nyomas  ##
#ido(usec)  T1(C)   T2(C)   T3(C)  T4(C) para(%)  (hPa)
07064.3584 25.0625 25.0000 25.3750 26.98 26.67 1013.5602
07114.5083 25.0625 25.0000 25.3750 26.98 26.67 1013.5602
07114.4585 25.0625 25.0000 25.3750 27.00 26.66 1013.5657
07114.9209 25.0625 25.0000 25.3750 27.00 26.66 1013.5657
07062.9707 25.0625 25.0000 25.3750 27.00 26.66 1013.5657
07063.1958 25.0625 25.0000 25.3750 27.00 26.66 1013.5657
07114.6958 25.0625 25.0000 25.3750 27.00 26.66 1013.5657
07063.9209 25.0625 25.0000 25.3750 27.00 26.66 1013.5657
07114.4707 25.0625 25.0000 25.3750 27.00 26.66 1013.5657
07063.9082 25.0625 25.0000 25.3750 27.00 26.66 1013.5657
07115.2207 25.0625 25.0000 25.3750 27.00 26.66 1013.5657
07064.6206 25.0625 25.0000 25.3750 27.00 26.66 1013.5657
07089.2959 25.0625 24.9375 25.3750 26.98 26.65 1013.5602
07089.7583 25.0625 24.9375 25.3750 26.98 26.65 1013.5602
07088.1333 25.0625 24.9375 25.3750 26.98 26.65 1013.5602
07063.6333 25.0625 24.9375 25.3750 26.98 26.65 1013.5602
07063.8833 25.0625 24.9375 25.3750 26.98 26.65 1013.5602
07064.1460 25.0625 24.9375 25.3750 26.98 26.65 1013.5602
07061.7334 25.0625 24.9375 25.3750 26.98 26.65 1013.5602
07114.9331 25.0625 25.0000 25.3750 26.98 26.65 1013.5602
07089.2832 25.0625 25.0000 25.3750 26.98 26.65 1013.5602
07063.6460 25.0625 25.0000 25.3750 26.99 26.64 1013.5765
07088.3833 25.0625 25.0000 25.3750 26.99 26.64 1013.5765
07064.3706 25.0625 25.0000 25.3750 26.99 26.64 1013.5765
07090.7583 25.0625 25.0000 25.3750 26.99 26.64 1013.5765
07088.3208 25.0625 25.0000 25.3750 26.99 26.64 1013.5765
07064.3584 25.0625 25.0000 25.3750 26.99 26.64 1013.5765
07063.9209 25.0625 25.0000 25.3750 26.99 26.64 1013.5765
07063.4209 25.0625 25.0000 25.4375 26.99 26.64 1013.5765
07063.1582 25.0625 25.0000 25.4375 26.99 26.64 1013.5765
07114.7456 25.0625 25.0000 25.4375 26.99 26.66 1013.5494
07114.9331 25.0625 25.0000 25.4375 26.99 26.66 1013.5494
07114.7334 25.0625 25.0000 25.4375 26.99 26.66 1013.5494
07064.1206 25.0625 25.0000 25.4375 26.99 26.66 1013.5494
07114.9458 25.0625 25.0000 25.4375 26.99 26.66 1013.5494
07114.4956 25.0625 25.0000 25.3750 26.99 26.66 1013.5494
07089.5708 25.0625 25.0000 25.3750 26.99 26.66 1013.5494
07063.2085 25.0625 25.0000 25.3750 26.99 26.66 1013.5494
07064.6206 25.0625 25.0000 25.3750 26.99 26.66 1013.5494
07064.3960 25.0625 25.0000 25.3750 26.99 26.66 1013.6852
07114.6831 25.0625 25.0000 25.3750 26.99 26.66 1013.6852
07114.4956 25.0625 25.0000 25.3750 26.99 26.66 1013.6852
07115.2085 25.0625 25.0000 25.3750 26.99 26.66 1013.6852
07064.1582 25.0625 25.0000 25.3750 26.99 26.66 1013.6852
07089.3335 25.0625 25.0000 25.4375 26.99 26.66 1013.6852
07063.1582 25.0625 25.0000 25.4375 26.99 26.66 1013.6852
07114.4585 25.0625 25.0000 25.4375 26.99 26.66 1013.6852
07063.9082 25.0625 25.0000 25.4375 26.99 26.66 1013.6852
07063.6831 25.0625 25.0000 25.4375 26.99 26.66 1013.6037
07063.9082 25.0625 25.0000 25.4375 26.99 26.66 1013.6037
07063.6831 25.0625 25.0000 25.4375 26.99 26.66 1013.6037
07090.7207 25.0625 25.0000 25.3750 26.99 26.66 1013.6037
07062.7334 25.0625 25.0000 25.3750 26.99 26.66 1013.6037
07089.3081 25.0625 25.0000 25.3750 26.99 26.66 1013.6037
07114.2583 25.0625 25.0000 25.3750 26.99 26.66 1013.6037
07088.0957 25.0625 25.0000 25.3750 26.99 26.66 1013.6037
07064.1333 25.0625 25.0000 25.3750 26.99 26.66 1013.6037
07064.1460 25.0625 25.0000 25.3750 26.99 26.66 1013.6037
07114.9209 25.0625 25.0000 25.3750 26.99 26.64 1013.6769
07087.8584 25.0625 25.0000 25.3750 26.99 26.64 1013.6769
07063.6582 25.0625 24.9375 25.4375 26.99 26.64 1013.6769
07089.7583 25.0625 24.9375 25.4375 26.99 26.64 1013.6769
07114.9585 25.0625 24.9375 25.4375 26.99 26.64 1013.6769
07088.3335 25.0625 24.9375 25.4375 26.99 26.64 1013.6769
07088.0957 25.0625 24.9375 25.4375 26.99 26.64 1013.6769
07064.3960 25.0625 24.9375 25.4375 26.99 26.64 1013.6769
07064.1460 25.0625 24.9375 25.4375 26.99 26.64 1013.6769
07090.4956 25.0625 24.9375 25.4375 26.99 26.64 1013.6852
07063.2085 25.0625 24.9375 25.4375 26.99 26.64 1013.6852
07089.5581 25.0625 24.9375 25.4375 26.99 26.64 1013.6852
07114.6958 25.0625 24.9375 25.4375 26.99 26.64 1013.6852
07088.3335 25.0625 24.9375 25.4375 26.99 26.64 1013.6852
07088.3208 25.0625 24.9375 25.4375 26.99 26.64 1013.6852
#terjedesi                                       nyomas  ##
#ido(usec)  T1(C)   T2(C)   T3(C)  T4(C) para(%)  (hPa)
07064.3457 25.0625 24.9375 25.4375 26.99 26.64 1013.6852
07088.1460 25.0625 24.9375 25.4375 26.99 26.64 1013.6852
07114.2456 25.0625 24.9375 25.4375 26.99 26.64 1013.6852
07062.9458 25.0625 24.9375 25.3750 26.99 26.64 1013.4679
07090.0459 25.0625 24.9375 25.3750 26.99 26.64 1013.4679
07114.4585 25.0625 24.9375 25.3750 26.99 26.64 1013.4679
07114.4956 25.0625 24.9375 25.3750 26.99 26.64 1013.4679
07063.9209 25.0625 24.9375 25.3750 26.99 26.64 1013.4679
07064.1582 25.0625 24.9375 25.3750 26.99 26.64 1013.4679
07090.4707 25.0625 24.9375 25.3750 26.99 26.64 1013.4679
07114.4834 25.0625 25.0000 25.4375 26.99 26.64 1013.4679
07063.2085 25.0625 25.0000 25.4375 26.99 26.64 1013.4679
07063.1582 25.0625 25.0000 25.4375 26.99 26.64 1013.4679
07064.1206 25.0625 25.0000 25.4375 26.99 26.61 1013.5494
07114.7456 25.0625 25.0000 25.4375 26.99 26.61 1013.5494
07064.3960 25.0625 25.0000 25.4375 26.99 26.61 1013.5494
07114.2456 25.0625 25.0000 25.4375 26.99 26.61 1013.5494
07064.3584 25.0625 25.0000 25.4375 26.99 26.61 1013.5494
07064.3584 25.0625 25.0000 25.4375 26.99 26.61 1013.5494
07063.1582 25.0625 25.0000 25.4375 26.99 26.61 1013.5494
07063.1582 25.0625 25.0000 25.4375 26.99 26.61 1013.5494
07064.1582 25.0625 25.0000 25.4375 26.99 26.61 1013.5494
07114.9209 25.0625 25.0000 25.4375 27.00 26.63 1013.5929
07064.3960 25.0625 25.0000 25.4375 27.00 26.63 1013.5929
07114.9834 25.0625 25.0000 25.4375 27.00 26.63 1013.5929
07064.1084 25.0625 25.0000 25.4375 27.00 26.63 1013.5929
07114.9834 25.0625 25.0000 25.3750 27.00 26.63 1013.5929
07063.1831 25.0625 25.0000 25.3750 27.00 26.63 1013.5929
07089.5708 25.0625 25.0000 25.3750 27.00 26.63 1013.5929
07114.4585 25.0625 25.0000 25.3750 27.00 26.63 1013.5929
07114.6831 25.0625 25.0000 25.3750 27.00 26.63 1013.5929
05957.9585 25.0625 25.0000 25.3750 26.99 26.64 1013.6309
07114.4458 25.0625 25.0000 25.3750 26.99 26.64 1013.6309
07063.6831 25.0625 25.0000 25.3750 26.99 26.64 1013.6309
07064.1333 25.0625 25.0000 25.3750 26.99 26.64 1013.6309
07063.1831 25.0625 25.0000 25.4375 26.99 26.64 1013.6309
07063.1582 25.0625 25.0000 25.4375 26.99 26.64 1013.6309
07064.3457 25.0625 25.0000 25.4375 26.99 26.64 1013.6309
07115.1582 25.0625 25.0000 25.4375 26.99 26.64 1013.6309
07088.6084 25.0625 25.0000 25.4375 26.99 26.64 1013.6309
07064.3457 25.0625 25.0000 25.4375 26.99 26.65 1013.5765
07082.1582 25.0625 25.0000 25.4375 26.99 26.65 1013.5765
07019.7334 25.0625 25.0000 25.4375 26.99 26.65 1013.5765
07006.4956 25.0625 25.0000 25.4375 26.99 26.65 1013.5765
07012.6709 25.0625 25.0000 25.4375 26.99 26.65 1013.5765
06960.5581 25.0625 25.0000 25.4375 26.99 26.65 1013.5765
06981.2583 25.0625 25.0000 25.4375 26.99 26.65 1013.5765
06924.7334 25.0625 25.0000 25.4375 26.99 26.65 1013.5765
06830.0459 25.0625 25.0000 25.4375 26.99 26.65 1013.5765
06794.1709 25.0625 25.0000 25.4375 26.99 26.65 1013.5765
06726.0708 25.0625 25.0000 25.4375 26.98 26.64 1013.6417
06612.0708 25.0625 25.0000 25.4375 26.98 26.64 1013.6417
02497.7834 25.0625 25.0000 25.4375 26.98 26.64 1013.6417
06417.7832 25.0625 25.0000 25.4375 26.98 26.64 1013.6417
06317.0332 25.0625 25.0000 25.4375 26.98 26.64 1013.6417
06225.1333 25.0625 25.0000 25.4375 26.98 26.64 1013.6417
06156.9707 25.0625 25.0000 25.4375 26.98 26.64 1013.6417
06065.0581 25.0625 25.0000 25.4375 26.98 26.64 1013.6417
05985.0210 25.0625 25.0000 25.4375 26.98 26.64 1013.6417
05882.4585 25.0625 25.0000 25.4375 26.98 26.63 1013.6417
05790.9082 25.0625 25.0000 25.4375 26.98 26.63 1013.6417
05691.0957 25.0625 25.0000 25.4375 26.98 26.63 1013.6417
05560.9458 25.0625 25.0000 25.4375 26.98 26.63 1013.6417
05507.0459 25.0625 25.0000 25.4375 26.98 26.63 1013.6417
05412.3335 25.0625 25.0000 25.4375 26.98 26.63 1013.6417
05293.2959 25.0625 25.0000 25.4375 26.98 26.63 1013.6417
05213.9956 25.0625 25.0000 25.4375 26.98 26.63 1013.6417
05099.2959 25.0625 25.0000 25.4375 26.98 26.63 1013.6417
05014.0332 25.0625 25.0000 25.4375 26.98 26.62 1013.5873
04924.5708 25.0625 25.0000 25.4375 26.98 26.62 1013.5873
04828.1333 25.0625 25.0000 25.4375 26.98 26.62 1013.5873
04727.7207 25.0625 25.0000 25.4375 26.98 26.62 1013.5873
04689.2583 25.0625 25.0000 25.4375 26.98 26.62 1013.5873
#terjedesi                                       nyomas  ##
#ido(usec)  T1(C)   T2(C)   T3(C)  T4(C) para(%)  (hPa)
04576.4082 25.0625 25.0000 25.4375 26.98 26.62 1013.5873
04561.4834 25.0625 25.0000 25.4375 26.98 26.62 1013.5873
04543.8457 25.0625 25.0000 25.4375 26.98 26.62 1013.5873
04476.6582 25.0625 25.0000 25.4375 26.98 26.62 1013.5873
04464.7583 25.0625 25.0000 25.4375 26.98 26.62 1013.5873
04464.5581 25.0625 25.0000 25.4375 27.00 26.64 1013.8373
04463.6206 25.0625 25.0000 25.4375 27.00 26.64 1013.8373
04463.6206 25.0625 25.0000 25.4375 27.00 26.64 1013.8373
04463.3960 25.0625 25.0000 25.4375 27.00 26.64 1013.8373
04463.5835 25.0625 25.0000 25.4375 27.00 26.64 1013.8373
04463.3960 25.0625 25.0000 25.4375 27.00 26.64 1013.8373
04440.0581 25.0625 25.0000 25.3750 27.00 26.64 1013.8373
04461.9458 25.0625 24.9375 25.3750 27.00 26.64 1013.8373
04461.7334 25.0625 24.9375 25.3750 27.00 26.64 1013.8373
04439.6460 25.0625 24.9375 25.3750 27.01 27.19 1013.8265
04440.3457 25.0625 24.9375 25.3750 27.01 27.19 1013.8265
04440.0708 25.0625 24.9375 25.3750 27.01 27.19 1013.8265
04460.5459 25.0625 24.9375 25.3750 27.01 27.19 1013.8265
04460.7832 25.0625 24.9375 25.3750 27.01 27.19 1013.8265
04461.1958 25.0625 24.9375 25.3750 27.01 27.19 1013.8265
04438.1709 25.0625 25.0000 25.4375 27.01 27.19 1013.8265
04437.9834 25.0625 25.0000 25.4375 27.01 27.19 1013.8265
04437.9331 25.0625 25.0000 25.4375 27.01 27.19 1013.8265
04460.7832 25.0625 25.0000 25.4375 27.01 27.19 1013.8265
04436.9834 25.0625 25.0000 25.4375 27.03 27.42 1013.8596
04460.7456 25.0625 25.0000 25.4375 27.03 27.42 1013.8596
04460.9707 25.0625 25.0000 25.4375 27.03 27.42 1013.8596
04440.0835 25.0625 25.0000 25.4375 27.03 27.42 1013.8596
04464.1084 25.0625 25.0000 25.3750 27.03 27.42 1013.8596
04461.4707 25.0625 25.0000 25.3750 27.03 27.42 1013.8596
04462.1582 25.0625 25.0000 25.3750 27.03 27.42 1013.8596
04463.6333 25.0625 25.0000 25.3750 27.03 27.42 1013.8596
04463.6333 25.0625 25.0000 25.3750 27.03 27.42 1013.8596
04463.5835 25.0625 25.0000 25.3750 27.02 27.57 1013.7889
04463.6333 25.0625 25.0000 25.3750 27.02 27.57 1013.7889
04463.8081 25.0625 25.0000 25.3750 27.02 27.57 1013.7889
04463.6333 25.0625 25.0000 25.3750 27.02 27.57 1013.7889
04464.1084 25.0625 25.0000 25.4375 27.02 27.57 1013.7889
04462.1460 25.0625 25.0000 25.4375 27.02 27.57 1013.7889
04464.5835 25.0625 25.0000 25.4375 27.02 27.57 1013.7889
04463.3960 25.0625 25.0000 25.4375 27.02 27.57 1013.7889
04463.3457 25.0625 25.0000 25.4375 27.02 27.57 1013.7889
04463.3457 25.0625 25.0000 25.4375 27.02 27.57 1013.7889
04463.8457 25.0625 25.0000 25.4375 27.02 27.44 1013.8160
04463.1460 25.0625 25.0000 25.4375 27.02 27.44 1013.8160
04441.0332 25.0625 24.9375 25.4375 27.02 27.44 1013.8160
04464.5581 25.0625 24.9375 25.4375 27.02 27.44 1013.8160
04441.0210 25.0625 24.9375 25.4375 27.02 27.44 1013.8160
04463.3706 25.0625 24.9375 25.4375 27.02 27.44 1013.8160
04464.0581 25.0625 24.9375 25.4375 27.02 27.44 1013.8160
04463.8706 25.0625 24.9375 25.4375 27.02 27.44 1013.8160
04463.3960 25.0625 24.9375 25.4375 27.02 27.44 1013.8160
04463.8457 25.0625 24.9375 25.4375 27.02 27.19 1013.7889
04463.3960 25.0625 24.9375 25.4375 27.02 27.19 1013.7889
04463.5957 25.0625 24.9375 25.4375 27.02 27.19 1013.7889
04464.8208 25.0625 24.9375 25.4375 27.02 27.19 1013.7889
04464.5835 25.0625 24.9375 25.4375 27.02 27.19 1013.7889
04463.8208 25.0625 24.9375 25.4375 27.02 27.19 1013.7889
04463.8081 25.0625 24.9375 25.4375 27.02 27.19 1013.7889
04463.6333 25.0625 24.9375 25.4375 27.02 27.19 1013.7889
04463.6084 25.0625 24.9375 25.4375 27.02 27.19 1013.7889
04463.3584 25.0625 24.9375 25.4375 27.02 27.03 1013.7889
04464.7959 25.0625 25.0000 25.4375 27.02 27.03 1013.7889
04464.8081 25.0625 25.0000 25.4375 27.02 27.03 1013.7889
04461.6831 25.0625 25.0000 25.4375 27.02 27.03 1013.7889
04463.6333 25.0625 25.0000 25.4375 27.02 27.03 1013.7889
04463.3457 25.0625 25.0000 25.4375 27.02 27.03 1013.7889
04463.1460 25.0625 25.0000 25.4375 27.02 27.03 1013.7889
04463.3960 25.0625 25.0000 25.4375 27.02 27.03 1013.7889
04463.3335 25.0625 25.0000 25.4375 27.02 27.03 1013.7889
04463.3706 25.0625 25.0000 25.4375 27.02 27.03 1013.7889
04463.5957 25.0625 25.0000 25.4375 27.02 27.03 1013.7889
04441.0083 25.0625 25.0000 25.4375 27.03 26.94 1013.8052
#terjedesi                                       nyomas  ##
#ido(usec)  T1(C)   T2(C)   T3(C)  T4(C) para(%)  (hPa)
04464.3457 25.0625 25.0000 25.4375 27.03 26.94 1013.8052
04463.3960 25.0625 25.0000 25.4375 27.03 26.94 1013.8052
04463.3706 25.0625 25.0000 25.4375 27.03 26.94 1013.8052
04463.3960 25.0625 25.0000 25.4375 27.03 26.94 1013.8052
04463.3960 25.0625 25.0000 25.4375 27.03 26.94 1013.8052
04463.3833 25.0625 25.0000 25.4375 27.03 26.94 1013.8052
04440.8335 25.0625 25.0000 25.4375 27.03 26.94 1013.8052
04441.0210 25.0625 25.0000 25.4375 27.03 26.89 1013.7509
04464.2832 25.0625 25.0000 25.4375 27.03 26.89 1013.7509
04463.3706 25.0625 25.0000 25.4375 27.03 26.89 1013.7509
04463.8208 25.0625 25.0000 25.4375 27.03 26.89 1013.7509
04463.5835 25.0625 25.0000 25.4375 27.03 26.89 1013.7509
04463.6084 25.0625 25.0000 25.4375 27.03 26.89 1013.7509
04463.3457 25.0625 25.0000 25.4375 27.03 26.89 1013.7509
04463.5835 25.0625 25.0000 25.4375 27.03 26.89 1013.7509
04463.5957 25.0625 25.0000 25.4375 27.03 26.89 1013.7509
04464.3081 25.0625 25.0000 25.4375 27.03 26.89 1013.7509
04464.7710 25.0625 25.0000 25.4375 27.03 26.93 1013.7781
04463.6084 25.0625 25.0000 25.4375 27.03 26.93 1013.7781
04463.8584 25.0625 25.0000 25.4375 27.03 26.93 1013.7781
04463.3457 25.0625 25.0000 25.4375 27.03 26.93 1013.7781
04463.6084 25.0625 25.0000 25.4375 27.03 26.93 1013.7781
04463.6206 25.0625 25.0000 25.4375 27.03 26.93 1013.7781
04463.8706 25.0625 25.0000 25.4375 27.03 26.93 1013.7781
04461.6831 25.0625 25.0000 25.4375 27.03 26.93 1013.7781
04464.5835 25.0625 25.0000 25.4375 27.03 26.93 1013.7781
04463.5957 25.0625 25.0000 25.4375 27.03 26.93 1013.7781
04463.5835 25.0625 25.0000 25.4375 27.03 27.19 1013.8596
04463.6333 25.0625 25.0000 25.4375 27.03 27.19 1013.8596
04463.3960 25.0625 25.0000 25.4375 27.03 27.19 1013.8596
04463.1460 25.0625 25.0000 25.4375 27.03 27.19 1013.8596
04463.3706 25.0625 25.0000 25.4375 27.03 27.19 1013.8596
04464.5332 25.0625 25.0000 25.4375 27.03 27.19 1013.8596
04464.5332 25.0625 25.0000 25.4375 27.03 27.19 1013.8596
04464.2959 25.0625 25.0000 25.4375 27.03 27.19 1013.8596
04463.6333 25.0625 25.0000 25.4375 27.03 27.19 1013.8596
04463.3457 25.0625 25.0000 25.4375 27.03 27.14 1013.8596
04463.3457 25.0625 25.0000 25.4375 27.03 27.14 1013.8596
04463.3833 25.0625 25.0000 25.4375 27.03 27.14 1013.8596
04463.5835 25.0625 25.0000 25.4375 27.03 27.14 1013.8596
04463.5708 25.0625 25.0000 25.4375 27.03 27.14 1013.8596
04464.7710 25.0625 24.9375 25.4375 27.03 27.14 1013.8596
04464.7583 25.0625 24.9375 25.4375 27.03 27.14 1013.8596
04464.5835 25.0625 24.9375 25.4375 27.03 27.14 1013.8596
04463.3584 25.0625 24.9375 25.4375 27.03 27.14 1013.8596
04463.8706 25.0625 24.9375 25.4375 27.03 27.14 1013.8596
04463.3960 25.0625 24.9375 25.4375 27.04 27.21 1013.8677
04463.3960 25.0625 24.9375 25.4375 27.04 27.21 1013.8677
04463.5835 25.0625 24.9375 25.4375 27.04 27.21 1013.8677
04463.8208 25.0625 24.9375 25.4375 27.04 27.21 1013.8677
04441.2710 25.0625 25.0000 25.4375 27.04 27.21 1013.8677
04441.0708 25.0625 25.0000 25.4375 27.04 27.21 1013.8677
04463.3960 25.0625 25.0000 25.4375 27.04 27.21 1013.8677
04463.5957 25.0625 25.0000 25.4375 27.04 27.21 1013.8677
04463.3833 25.0625 25.0000 25.4375 27.04 27.21 1013.8677
04463.3960 25.0625 25.0000 25.4375 27.03 27.24 1013.8324
04463.1460 25.0625 25.0000 25.4375 27.03 27.24 1013.8324
04463.3706 25.0625 25.0000 25.4375 27.03 27.24 1013.8324
04464.0835 25.0625 25.0000 25.4375 27.03 27.24 1013.8324
04464.1084 25.0625 25.0000 25.4375 27.03 27.24 1013.8324
04464.3208 25.0625 25.0000 25.4375 27.03 27.24 1013.8324
04463.1582 25.0625 25.0000 25.4375 27.03 27.24 1013.8324
04463.1084 25.0625 25.0000 25.4375 27.03 27.24 1013.8324
04462.6831 25.0625 25.0000 25.4375 27.03 27.24 1013.8324
04463.5835 25.0625 25.0000 25.4375 27.03 27.24 1013.8324
04463.3706 25.0625 25.0000 25.4375 27.04 27.05 1013.7590
04463.3457 25.0625 25.0000 25.4375 27.04 27.05 1013.7590
04464.3457 25.0625 25.0000 25.4375 27.04 27.05 1013.7590
04464.5835 25.0625 25.0000 25.4375 27.04 27.05 1013.7590
04463.6333 25.0625 25.0000 25.4375 27.04 27.05 1013.7590
04463.6333 25.0625 25.0000 25.4375 27.04 27.05 1013.7590
04463.3960 25.0625 25.0000 25.4375 27.04 27.05 1013.7590
04463.6084 25.0625 25.0000 25.4375 27.04 27.05 1013.7590
#terjedesi                                       nyomas  ##
#ido(usec)  T1(C)   T2(C)   T3(C)  T4(C) para(%)  (hPa)
04463.1582 25.0625 25.0000 25.4375 27.04 27.05 1013.7590
04463.3960 25.0625 25.0000 25.4375 27.03 26.96 1013.8596
04464.7583 25.0625 24.9375 25.4375 27.03 26.96 1013.8596
04464.3457 25.0625 24.9375 25.4375 27.03 26.96 1013.8596
04464.2832 25.0625 24.9375 25.4375 27.03 26.96 1013.8596
04463.5708 25.0625 24.9375 25.4375 27.03 26.96 1013.8596
04442.4834 25.0625 24.9375 25.4375 27.03 26.96 1013.8596
04463.3335 25.0625 24.9375 25.4375 27.03 26.96 1013.8596
04463.3457 25.0625 24.9375 25.4375 27.03 26.96 1013.8596
04463.1582 25.0625 24.9375 25.4375 27.03 26.96 1013.8596
04463.5957 25.0625 25.0000 25.4375 27.04 26.92 1013.8406
04441.4834 25.0625 25.0000 25.4375 27.04 26.92 1013.8406
04464.5708 25.0625 25.0000 25.4375 27.04 26.92 1013.8406
04463.5835 25.0625 25.0000 25.4375 27.04 26.92 1013.8406
04463.6206 25.0625 25.0000 25.4375 27.04 26.92 1013.8406
04463.6333 25.0625 25.0000 25.4375 27.04 26.92 1013.8406
04463.6084 25.0625 25.0000 25.4375 27.04 26.92 1013.8406
04463.8706 25.0625 25.0000 25.4375 27.04 26.92 1013.8406
04463.3584 25.0625 25.0000 25.4375 27.04 26.92 1013.8406
04463.3960 25.0625 25.0000 25.4375 27.04 26.92 1013.8406
04464.5835 25.0625 25.0000 25.4375 27.04 26.91 1013.8215
04464.5581 25.0625 25.0000 25.4375 27.04 26.91 1013.8215
04463.3833 25.0625 25.0000 25.4375 27.04 26.91 1013.8215
04463.5708 25.0625 25.0000 25.4375 27.04 26.91 1013.8215
04463.6333 25.0625 25.0000 25.4375 27.04 26.91 1013.8215
04463.5708 25.0625 25.0000 25.4375 27.04 26.91 1013.8215
04463.5835 25.0625 25.0000 25.4375 27.04 26.91 1013.8215
04464.5835 25.0625 25.0000 25.4375 27.04 26.91 1013.8215
04464.7710 25.0625 25.0000 25.4375 27.04 26.91 1013.8215
04441.2583 25.0625 25.0000 25.4375 27.03 26.88 1013.8052
04440.1206 25.0625 25.0000 25.4375 27.03 26.88 1013.8052
04463.8335 25.0625 25.0000 25.4375 27.03 26.88 1013.8052
04463.5835 25.0625 25.0000 25.4375 27.03 26.88 1013.8052
04463.6333 25.0625 25.0000 25.4375 27.03 26.88 1013.8052
04463.8208 25.0625 25.0000 25.4375 27.03 26.88 1013.8052
04464.1084 25.0625 25.0000 25.4375 27.03 26.88 1013.8052
04463.8584 25.0625 25.0000 25.4375 27.03 26.88 1013.8052
04464.8208 25.0625 25.0000 25.4375 27.03 26.88 1013.8052
04440.8335 25.0625 25.0000 25.4375 27.03 26.88 1013.8052
04463.3584 25.0625 25.0000 25.4375 27.04 26.86 1013.8759
04463.8208 25.0625 25.0000 25.4375 27.04 26.86 1013.8759
04463.5835 25.0625 25.0000 25.4375 27.04 26.86 1013.8759
04463.5835 25.0625 25.0000 25.4375 27.04 26.86 1013.8759
04463.8706 25.0625 25.0000 25.4375 27.04 26.86 1013.8759
04464.5835 25.0625 25.0000 25.4375 27.04 26.86 1013.8759
04464.5332 25.0625 25.0000 25.4375 27.04 26.86 1013.8759
04464.3457 25.0625 25.0000 25.4375 27.04 26.86 1013.8759
04463.3335 25.0625 25.0000 25.4375 27.04 26.86 1013.8759
04463.3335 25.0625 25.0000 25.4375 27.03 26.83 1013.8324
04463.1206 25.0625 25.0000 25.4375 27.03 26.83 1013.8324
04463.3960 25.0625 25.0000 25.4375 27.03 26.83 1013.8324
04463.3960 25.0625 25.0000 25.4375 27.03 26.83 1013.8324
04463.5835 25.0625 25.0000 25.4375 27.03 26.83 1013.8324
04463.6333 25.0625 24.9375 25.4375 27.03 26.83 1013.8324
04464.5581 25.0625 24.9375 25.4375 27.03 26.83 1013.8324
04464.2832 25.0625 24.9375 25.4375 27.03 26.83 1013.8324
04463.3706 25.0625 24.9375 25.4375 27.03 26.83 1013.8324
04463.1460 25.0625 24.9375 25.4375 27.03 26.83 1013.8324
04463.5708 25.0625 24.9375 25.4375 27.04 26.80 1013.9221
04463.3457 25.0625 24.9375 25.4375 27.04 26.80 1013.9221
04463.8706 25.0625 24.9375 25.4375 27.04 26.80 1013.9221
04465.0083 25.0625 25.0000 25.4375 27.04 26.80 1013.9221
04464.7710 25.0625 25.0000 25.4375 27.04 26.80 1013.9221
04441.3081 25.0625 25.0000 25.4375 27.04 26.80 1013.9221
04463.8706 25.0625 25.0000 25.4375 27.04 26.80 1013.9221
04463.8457 25.0625 25.0000 25.4375 27.04 26.80 1013.9221
04463.3960 25.0625 25.0000 25.4375 27.04 26.80 1013.9221
04463.8706 25.0625 25.0000 25.4375 27.04 26.80 1013.8134
04463.3833 25.0625 25.0000 25.4375 27.04 26.80 1013.8134
04463.6333 25.0625 25.0000 25.4375 27.04 26.80 1013.8134
04463.8706 25.0625 25.0000 25.4375 27.04 26.80 1013.8134
04464.7710 25.0625 25.0000 25.4375 27.04 26.80 1013.8134
04464.0957 25.0625 25.0000 25.4375 27.04 26.80 1013.8134
#terjedesi                                       nyomas  ##
#ido(usec)  T1(C)   T2(C)   T3(C)  T4(C) para(%)  (hPa)
04463.3457 25.0625 25.0000 25.4375 27.04 26.80 1013.8134
04463.3833 25.0625 25.0000 25.4375 27.04 26.80 1013.8134
04463.5835 25.0625 25.0000 25.4375 27.04 26.80 1013.8134
04463.3833 25.0625 25.0000 25.4375 27.04 26.78 1013.8215
04463.6206 25.0625 25.0000 25.4375 27.04 26.78 1013.8215
04463.8081 25.0625 25.0000 25.4375 27.04 26.78 1013.8215
04464.5210 25.0625 25.0000 25.4375 27.04 26.78 1013.8215
04464.5835 25.0625 25.0000 25.4375 27.04 26.78 1013.8215
04463.3960 25.0625 25.0000 25.4375 27.04 26.78 1013.8215
04463.6333 25.0625 25.0000 25.4375 27.04 26.78 1013.8215
04462.9209 25.0625 25.0000 25.4375 27.04 26.78 1013.8215
04462.9209 25.0625 25.0000 25.4375 27.04 26.78 1013.8215
04463.1582 25.0625 25.0000 25.4375 27.04 26.78 1013.8215
04463.1084 25.0625 25.0000 25.4375 27.04 26.76 1013.7590
04440.7832 25.0625 25.0000 25.4375 27.04 26.76 1013.7590
04464.5835 25.0625 25.0000 25.4375 27.04 26.76 1013.7590
04464.5332 25.0625 25.0000 25.4375 27.04 26.76 1013.7590
04442.6831 25.0625 25.0000 25.4375 27.04 26.76 1013.7590
04463.3833 25.0625 25.0000 25.4375 27.04 26.76 1013.7590
04463.5835 25.0625 25.0000 25.4375 27.04 26.76 1013.7590
04463.1460 25.0625 25.0000 25.4375 27.04 26.76 1013.7590
04463.6333 25.0625 25.0000 25.4375 27.04 26.76 1013.7590
04442.4956 25.0625 25.0000 25.4375 27.04 26.77 1013.9031
04464.5210 25.0625 25.0000 25.4375 27.04 26.77 1013.9031
04441.0210 25.0625 25.0000 25.4375 27.04 26.77 1013.9031
04464.5835 25.0625 25.0000 25.4375 27.04 26.77 1013.9031
04463.3335 25.0625 25.0000 25.4375 27.04 26.77 1013.9031
04463.3335 25.0625 25.0000 25.4375 27.04 26.77 1013.9031
04463.3457 25.0625 25.0000 25.4375 27.04 26.77 1013.9031
04463.3584 25.0625 25.0000 25.4375 27.04 26.77 1013.9031
04463.3706 25.0625 25.0000 25.4375 27.04 26.77 1013.9031
04463.3960 25.0625 25.0000 25.4375 27.04 26.77 1013.9031
04464.5332 25.0625 24.9375 25.4375 27.04 26.75 1013.8134
04464.5835 25.0625 24.9375 25.4375 27.04 26.75 1013.8134
04463.3457 25.0625 24.9375 25.4375 27.04 26.75 1013.8134
04463.1460 25.0625 24.9375 25.4375 27.04 26.75 1013.8134
04463.6206 25.0625 24.9375 25.4375 27.04 26.75 1013.8134
04442.6958 25.0625 24.9375 25.4375 27.04 26.75 1013.8134
04463.6333 25.0625 24.9375 25.4375 27.04 26.75 1013.8134
04462.8706 25.0625 24.9375 25.4375 27.04 26.75 1013.8134
04464.5835 25.0625 25.0000 25.4375 27.04 26.75 1013.8134
04464.3457 25.0625 25.0000 25.4375 27.04 26.76 1013.9302
04464.3457 25.0625 25.0000 25.4375 27.04 26.76 1013.9302
04463.1084 25.0625 25.0000 25.4375 27.04 26.76 1013.9302
04463.1582 25.0625 25.0000 25.4375 27.04 26.76 1013.9302
04463.0957 25.0625 25.0000 25.4375 27.04 26.76 1013.9302
04463.6333 25.0625 25.0000 25.4375 27.04 26.76 1013.9302
04463.3960 25.0625 25.0000 25.4375 27.04 26.76 1013.9302
04463.5835 25.0625 25.0000 25.4375 27.04 26.76 1013.9302
04464.5835 25.0625 25.0000 25.4375 27.04 26.76 1013.9302
04464.5210 25.0625 25.0000 25.4375 27.04 26.76 1013.9302
04463.3457 25.0625 25.0000 25.4375 27.04 26.79 1013.8677
04463.3960 25.0625 25.0000 25.4375 27.04 26.79 1013.8677
04462.8833 25.0625 25.0000 25.4375 27.04 26.79 1013.8677
04463.3960 25.0625 25.0000 25.4375 27.04 26.79 1013.8677
04463.5835 25.0625 25.0000 25.4375 27.04 26.79 1013.8677
04463.1206 25.0625 25.0000 25.4375 27.04 26.79 1013.8677
04464.3457 25.0625 25.0000 25.4375 27.04 26.79 1013.8677
04464.5459 25.0625 25.0000 25.4375 27.04 26.79 1013.8677
04464.3208 25.0625 25.0000 25.4375 27.04 26.79 1013.8677
04463.6333 25.0625 25.0000 25.4375 27.04 26.79 1013.8677
04462.9209 25.0625 25.0000 25.4375 27.05 26.81 1013.7836
04463.1582 25.0625 25.0000 25.4375 27.05 26.81 1013.7836
04463.3335 25.0625 25.0000 25.4375 27.05 26.81 1013.7836
04463.1582 25.0625 25.0000 25.4375 27.05 26.81 1013.7836
04463.8584 25.0625 25.0000 25.4375 27.05 26.81 1013.7836
04464.7583 25.0625 25.0000 25.4375 27.05 26.81 1013.7836
04464.2959 25.0625 25.0000 25.4375 27.05 26.81 1013.7836
04463.3457 25.0625 25.0000 25.4375 27.05 26.81 1013.7836
04442.2334 25.0625 25.0000 25.4375 27.04 26.83 1013.8215
04463.1582 25.0625 25.0000 25.4375 27.04 26.83 1013.8215
04463.3960 25.0625 25.0000 25.4375 27.04 26.83 1013.8215
04463.3457 25.0625 25.0000 25.4375 27.04 26.83 1013.8215
#terjedesi                                       nyomas  ##
#ido(usec)  T1(C)   T2(C)   T3(C)  T4(C) para(%)  (hPa)
04463.8208 25.0625 25.0000 25.4375 27.04 26.83 1013.8215
04463.3960 25.0625 25.0000 25.4375 27.04 26.83 1013.8215
04464.5835 25.0625 25.0000 25.4375 27.04 26.83 1013.8215
04464.5210 25.0625 25.0000 25.4375 27.04 26.83 1013.8215
04463.5957 25.0625 25.0000 25.4375 27.04 26.83 1013.8215
04463.5835 25.0625 25.0000 25.4375 27.04 26.83 1013.8215
04463.6206 25.0625 25.0000 25.4375 27.05 26.83 1013.8380
04463.0957 25.0625 25.0000 25.4375 27.05 26.83 1013.8380
04463.3457 25.0625 25.0000 25.4375 27.05 26.83 1013.8380
04464.5332 25.0625 25.0000 25.4375 27.05 26.83 1013.8380
04464.2832 25.0625 25.0000 25.4375 27.05 26.83 1013.8380
04440.5835 25.0625 25.0000 25.4375 27.05 26.83 1013.8380
04463.3457 25.0625 25.0000 25.4375 27.05 26.83 1013.8380
04463.5708 25.0625 25.0000 25.4375 27.05 26.83 1013.8380
04463.1582 25.0625 25.0000 25.4375 27.05 26.83 1013.8380
04463.3960 25.0625 25.0000 25.4375 27.05 26.83 1013.8380
04463.1084 25.0625 25.0000 25.4375 27.05 26.83 1013.8569
04463.3335 25.0625 25.0000 25.4375 27.05 26.83 1013.8569
04463.8706 25.0625 25.0000 25.4375 27.05 26.83 1013.8569
04464.8208 25.0625 25.0000 25.4375 27.05 26.83 1013.8569
04441.2456 25.0625 25.0000 25.4375 27.05 26.83 1013.8569
04463.1084 25.0625 25.0000 25.4375 27.05 26.83 1013.8569
04463.6206 25.0625 25.0000 25.4375 27.05 26.83 1013.8569
04442.6709 25.0625 25.0000 25.4375 27.05 26.83 1013.8569
04463.3457 25.0625 25.0000 25.4375 27.05 26.83 1013.8569
04463.5708 25.0625 25.0000 25.4375 27.05 26.83 1013.8380
04440.7832 25.0625 24.9375 25.4375 27.05 26.83 1013.8380
04464.2832 25.0625 24.9375 25.4375 27.05 26.83 1013.8380
04464.3457 25.0625 24.9375 25.4375 27.05 26.83 1013.8380
04463.1084 25.0625 24.9375 25.4375 27.05 26.83 1013.8380
04463.1460 25.0625 24.9375 25.4375 27.05 26.83 1013.8380
04463.1460 25.0625 24.9375 25.4375 27.05 26.83 1013.8380
04463.1582 25.0625 24.9375 25.4375 27.05 26.83 1013.8380
04463.8081 25.0625 24.9375 25.4375 27.05 26.83 1013.8380
04442.4956 25.0625 24.9375 25.4375 27.05 26.83 1013.8380
04463.8208 25.0625 25.0000 25.4375 27.05 26.81 1013.8298
04464.3081 25.0625 25.0000 25.4375 27.05 26.81 1013.8298
04464.3335 25.0625 25.0000 25.4375 27.05 26.81 1013.8298
04463.3457 25.0625 25.0000 25.4375 27.05 26.81 1013.8298
04463.1582 25.0625 25.0000 25.4375 27.05 26.81 1013.8298
04463.0957 25.0625 25.0000 25.4375 27.05 26.81 1013.8298
04463.8584 25.0625 25.0000 25.4375 27.05 26.81 1013.8298
04463.3833 25.0625 25.0000 25.4375 27.05 26.81 1013.8298
04464.5210 25.0625 25.0000 25.4375 27.05 26.81 1013.8298
04464.5332 25.0625 25.0000 25.4375 27.06 26.80 1013.8464
04464.5835 25.0625 25.0000 25.4375 27.06 26.80 1013.8464
04463.6084 25.0625 25.0000 25.4375 27.06 26.80 1013.8464
04463.3457 25.0625 25.0000 25.4375 27.06 26.80 1013.8464
04463.0957 25.0625 25.0000 25.4375 27.06 26.80 1013.8464
04462.8584 25.0625 25.0000 25.4375 27.06 26.80 1013.8464
04463.3457 25.0625 25.0000 25.4375 27.06 26.80 1013.8464
04463.3706 25.0625 25.0000 25.4375 27.06 26.80 1013.8464
04463.3457 25.0625 25.0000 25.4375 27.06 26.80 1013.8464
04464.7832 25.0625 25.0000 25.4375 27.06 26.80 1013.8464
04464.2832 25.0625 25.0000 25.4375 27.04 26.80 1013.8488
04463.1084 25.0625 25.0000 25.4375 27.04 26.80 1013.8488
04463.1084 25.0625 25.0000 25.4375 27.04 26.80 1013.8488
04463.6084 25.0625 25.0000 25.4375 27.04 26.80 1013.8488
04463.3960 25.0625 25.0000 25.4375 27.04 26.80 1013.8488
04463.3457 25.0625 25.0000 25.4375 27.04 26.80 1013.8488
04464.2832 25.0625 25.0000 25.4375 27.04 26.80 1013.8488
04464.5332 25.0625 25.0000 25.4375 27.04 26.80 1013.8488
04464.3457 25.0625 25.0000 25.4375 27.04 26.80 1013.8488
04463.3833 25.0625 25.0000 25.4375 27.05 26.79 1013.8923
04463.3335 25.0625 25.0000 25.4375 27.05 26.79 1013.8923
04463.1084 25.0625 25.0000 25.4375 27.05 26.79 1013.8923
04463.3960 25.0625 25.0000 25.4375 27.05 26.79 1013.8923
04462.9209 25.0625 25.0000 25.4375 27.05 26.79 1013.8923
04463.3584 25.0625 25.0000 25.4375 27.05 26.79 1013.8923
04441.0083 25.0625 25.0000 25.4375 27.05 26.79 1013.8923
04464.8208 25.0625 25.0000 25.4375 27.05 26.79 1013.8923
04464.1084 25.0625 25.0000 25.4375 27.05 26.79 1013.8923
04463.3706 25.0625 25.0000 25.4375 27.05 26.77 1013.9467
#terjedesi                                       nyomas  ##
#ido(usec)  T1(C)   T2(C)   T3(C)  T4(C) para(%)  (hPa)
04463.5957 25.0625 25.0000 25.4375 27.05 26.77 1013.9467
04463.5835 25.0625 25.0000 25.4375 27.05 26.77 1013.9467
04463.5835 25.0625 25.0000 25.4375 27.05 26.77 1013.9467
04463.3960 25.0625 25.0000 25.4375 27.05 26.77 1013.9467
04463.8335 25.0625 25.0000 25.4375 27.05 26.77 1013.9467
04464.7710 25.0625 25.0000 25.4375 27.05 26.77 1013.9467
04440.8335 25.0625 25.0000 25.4375 27.05 26.77 1013.9467
04464.5210 25.0625 25.0000 25.4375 27.05 26.77 1013.9467
04463.5708 25.0625 25.0000 25.4375 27.05 26.77 1013.9467
04463.6206 25.0625 25.0000 25.4375 27.05 26.77 1013.8380
04463.6333 25.0625 25.0000 25.4375 27.05 26.77 1013.8380
04463.3335 25.0625 25.0000 25.4375 27.05 26.77 1013.8380
04463.3457 25.0625 25.0000 25.4375 27.05 26.77 1013.8380
04463.3335 25.0625 25.0000 25.4375 27.05 26.77 1013.8380
04464.5332 25.0625 25.0000 25.4375 27.05 26.77 1013.8380
04464.5332 25.0625 25.0000 25.4375 27.05 26.77 1013.8380
04463.3457 25.0625 25.0000 25.4375 27.05 26.77 1013.8380
04463.5708 25.0625 25.0000 25.4375 27.05 26.77 1013.8380
04463.5957 25.0625 25.0000 25.4375 27.06 26.75 1013.8736
04463.1084 25.0625 25.0000 25.4375 27.06 26.75 1013.8736
04463.3960 25.0625 25.0000 25.4375 27.06 26.75 1013.8736
04463.3960 25.0625 25.0000 25.4375 27.06 26.75 1013.8736
04464.3081 25.0625 25.0000 25.4375 27.06 26.75 1013.8736
04441.0708 25.0625 25.0000 25.4375 27.06 26.75 1013.8736
04464.7710 25.0625 25.0000 25.4375 27.06 26.75 1013.8736
04440.0581 25.0625 25.0000 25.4375 27.06 26.75 1013.8736
04463.5957 25.0625 25.0000 25.4375 27.06 26.75 1013.8736
04463.3960 25.0625 25.0000 25.4375 27.06 26.75 1013.8736
04463.3335 25.0625 25.0000 25.4375 27.04 26.73 1013.8215
04463.1333 25.0625 25.0000 25.4375 27.04 26.73 1013.8215
04462.8706 25.0625 25.0000 25.4375 27.04 26.73 1013.8215
04464.5332 25.0625 25.0000 25.4375 27.04 26.73 1013.8215
04464.2832 25.0625 25.0000 25.4375 27.04 26.73 1013.8215
04463.3457 25.0625 25.0000 25.4375 27.04 26.73 1013.8215
04463.5835 25.0625 25.0000 25.4375 27.04 26.73 1013.8215
04463.3584 25.0625 25.0000 25.4375 27.04 26.73 1013.8215
04463.3960 25.0625 25.0000 25.4375 27.04 26.73 1013.8215
04463.6333 25.0625 25.0000 25.4375 27.05 26.73 1013.7836
04463.1084 25.0625 25.0000 25.4375 27.05 26.73 1013.7836
04464.7710 25.0625 25.0000 25.4375 27.05 26.73 1013.7836
04464.5835 25.0625 25.0000 25.4375 27.05 26.73 1013.7836
04464.3457 25.0625 25.0000 25.4375 27.05 26.73 1013.7836
04463.6333 25.0625 25.0000 25.4375 27.05 26.73 1013.7836
04463.3457 25.0625 25.0000 25.4375 27.05 26.73 1013.7836
04463.3335 25.0625 25.0000 25.4375 27.05 26.73 1013.7836
04463.6333 25.0625 25.0000 25.4375 27.05 26.73 1013.7836
04463.3457 25.0625 25.0000 25.4375 27.05 26.73 1013.7836
04463.8584 25.0625 25.0000 25.4375 27.06 26.73 1013.9008
04464.2832 25.0625 25.0000 25.4375 27.06 26.73 1013.9008
04464.8208 25.0625 25.0000 25.4375 27.06 26.73 1013.9008
04463.3457 25.0625 25.0000 25.4375 27.06 26.73 1013.9008
04442.6831 25.0625 25.0000 25.4375 27.06 26.73 1013.9008
04442.7207 25.0625 25.0000 25.4375 27.06 26.73 1013.9008
04463.3584 25.0625 25.0000 25.4375 27.06 26.73 1013.9008
04463.8706 25.0625 25.0000 25.4375 27.06 26.73 1013.9008
04463.3457 25.0625 25.0000 25.4375 27.06 26.73 1013.9008
04463.6333 25.0625 25.0000 25.4375 27.06 26.74 1013.9361
04441.0083 25.0625 25.0000 25.4375 27.06 26.74 1013.9361
04464.5835 25.0625 25.0000 25.4375 27.06 26.74 1013.9361
04463.5708 25.0625 25.0000 25.4375 27.06 26.74 1013.9361
04463.5957 25.0625 25.0000 25.4375 27.06 26.74 1013.9361
04463.3335 25.0625 25.0000 25.4375 27.06 26.74 1013.9361
04463.1333 25.0625 25.0000 25.4375 27.06 26.74 1013.9361
04463.3457 25.0625 25.0000 25.4375 27.06 26.74 1013.9361
04464.5332 25.1250 24.9375 25.4375 27.06 26.74 1013.9361
04464.2832 25.1250 24.9375 25.4375 27.05 26.73 1013.7836
04441.0581 25.1250 24.9375 25.4375 27.05 26.73 1013.7836
04463.3335 25.1250 24.9375 25.4375 27.05 26.73 1013.7836
04463.5708 25.1250 24.9375 25.4375 27.05 26.73 1013.7836
04463.1582 25.1250 24.9375 25.4375 27.05 26.73 1013.7836
04462.8833 25.1250 24.9375 25.4375 27.05 26.73 1013.7836
04463.5708 25.1250 24.9375 25.4375 27.05 26.73 1013.7836
04463.6333 25.1250 24.9375 25.4375 27.05 26.73 1013.7836
#terjedesi                                       nyomas  ##
#ido(usec)  T1(C)   T2(C)   T3(C)  T4(C) para(%)  (hPa)
04463.5835 25.0625 25.0000 25.4375 27.05 26.73 1013.7836
04464.1084 25.0625 25.0000 25.4375 27.05 26.73 1013.7836
04464.2832 25.0625 25.0000 25.4375 27.05 26.73 1013.7836
04463.5708 25.0625 25.0000 25.4375 27.05 26.73 1013.7836
04462.8706 25.0625 25.0000 25.4375 27.05 26.73 1013.7836
04463.3960 25.0625 25.0000 25.4375 27.05 26.73 1013.7836
04463.1460 25.0625 25.0000 25.4375 27.05 26.73 1013.7836
04462.9209 25.0625 25.0000 25.4375 27.05 26.73 1013.7836
04464.5835 25.1250 25.0000 25.4375 27.05 26.73 1013.7836
04464.5835 25.1250 25.0000 25.4375 27.05 26.73 1013.7836
04464.7959 25.1250 25.0000 25.4375 27.05 26.73 1013.7836
04463.3584 25.1250 25.0000 25.4375 27.06 26.71 1013.8003
04463.5835 25.1250 25.0000 25.4375 27.06 26.71 1013.8003
04463.6333 25.1250 25.0000 25.4375 27.06 26.71 1013.8003
04463.3833 25.1250 25.0000 25.4375 27.06 26.71 1013.8003
04463.8081 25.1250 25.0000 25.4375 27.06 26.71 1013.8003
04463.8335 25.1250 25.0000 25.4375 27.06 26.71 1013.8003
04463.8706 25.0625 25.0000 25.5000 27.06 26.71 1013.8003
04464.1084 25.0625 25.0000 25.5000 27.06 26.71 1013.8003
04464.5332 25.0625 25.0000 25.5000 27.06 26.71 1013.8003
04463.6084 25.0625 25.0000 25.5000 27.06 26.71 1013.8003
04463.3960 25.0625 25.0000 25.5000 27.05 26.71 1013.7293
04463.3457 25.0625 25.0000 25.5000 27.05 26.71 1013.7293
04463.8081 25.0625 25.0000 25.5000 27.05 26.71 1013.7293
04463.1582 25.0625 25.0000 25.5000 27.05 26.71 1013.7293
04464.0835 25.1250 25.0000 25.4375 27.05 26.71 1013.7293
04464.5332 25.1250 25.0000 25.4375 27.05 26.71 1013.7293
04440.8335 25.1250 25.0000 25.4375 27.05 26.71 1013.7293
04463.8335 25.1250 25.0000 25.4375 27.05 26.71 1013.7293
04463.8081 25.1250 25.0000 25.4375 27.05 26.71 1013.7293
04463.3960 25.1250 25.0000 25.4375 27.05 26.71 1013.7293
04463.3960 25.1250 25.0000 25.4375 27.06 26.70 1013.8546
04463.6333 25.1250 25.0000 25.4375 27.06 26.70 1013.8546
04463.3706 25.1250 25.0000 25.4375 27.06 26.70 1013.8546
04463.6333 25.0625 25.0000 25.4375 27.06 26.70 1013.8546
04464.5210 25.0625 25.0000 25.4375 27.06 26.70 1013.8546
04440.3335 25.0625 25.0000 25.4375 27.06 26.70 1013.8546
04463.1582 25.0625 25.0000 25.4375 27.06 26.70 1013.8546
04463.8208 25.0625 25.0000 25.4375 27.06 26.70 1013.8546
04463.5708 25.0625 25.0000 25.4375 27.06 26.70 1013.8546
04463.3457 25.0625 25.0000 25.4375 27.06 26.70 1013.8546
04463.3960 25.0625 25.0000 25.4375 27.06 26.70 1013.8546
04463.6333 25.0625 25.0000 25.5000 27.06 26.70 1013.8546
04464.5459 25.0625 25.0000 25.5000 27.06 26.70 1013.8546
04441.0083 25.0625 25.0000 25.5000 27.06 26.70 1013.8546
04463.3960 25.0625 25.0000 25.5000 27.06 26.70 1013.8546
04463.6333 25.0625 25.0000 25.5000 27.06 26.70 1013.8546
04463.3457 25.0625 25.0000 25.5000 27.06 26.70 1013.8546
04463.6206 25.0625 25.0000 25.5000 27.06 26.70 1013.8546
04463.8706 25.0625 25.0000 25.5000 27.06 26.70 1013.8546
04463.3960 25.0625 25.0000 25.5000 27.06 26.69 1013.9089
04464.7710 25.1250 25.0000 25.4375 27.06 26.69 1013.9089
04464.3335 25.1250 25.0000 25.4375 27.06 26.69 1013.9089
04464.3081 25.1250 25.0000 25.4375 27.06 26.69 1013.9089
04463.3960 25.1250 25.0000 25.4375 27.06 26.69 1013.9089
04463.5835 25.1250 25.0000 25.4375 27.06 26.69 1013.9089
04463.8081 25.1250 25.0000 25.4375 27.06 26.69 1013.9089
04463.5835 25.1250 25.0000 25.4375 27.06 26.69 1013.9089
04463.3960 25.1250 25.0000 25.4375 27.06 26.69 1013.9089
04463.3960 25.1250 25.0000 25.4375 27.07 26.69 1013.8167
04441.3081 25.1250 25.0000 25.4375 27.07 26.69 1013.8167
04441.2710 25.1250 25.0000 25.4375 27.07 26.69 1013.8167
04464.8208 25.1250 25.0000 25.4375 27.07 26.69 1013.8167
04463.3960 25.1250 25.0000 25.4375 27.07 26.69 1013.8167
04463.3833 25.1250 25.0000 25.4375 27.07 26.69 1013.8167
04463.5835 25.1250 25.0000 25.4375 27.07 26.69 1013.8167
04463.3335 25.1250 25.0000 25.4375 27.07 26.69 1013.8167
04463.5835 25.1250 25.0000 25.4375 27.07 26.69 1013.8167
04463.3706 25.1250 25.0000 25.4375 27.07 26.69 1013.8167
04464.5835 25.0625 25.0000 25.4375 27.08 26.70 1013.7704
04440.7832 25.0625 25.0000 25.4375 27.08 26.70 1013.7704
04463.6333 25.0625 25.0000 25.4375 27.08 26.70 1013.7704
04463.3457 25.0625 25.0000 25.4375 27.08 26.70 1013.7704
#terjedesi                                       nyomas  ##
#ido(usec)  T1(C)   T2(C)   T3(C)  T4(C) para(%)  (hPa)
04463.5835 25.0625 25.0000 25.4375 27.08 26.70 1013.7704
04456.7456 25.0625 25.0000 25.4375 27.08 26.70 1013.7704
04463.3960 25.0625 25.0000 25.4375 27.08 26.70 1013.7704
04463.3706 25.0625 25.0000 25.4375 27.08 26.70 1013.7704
04440.8335 25.1250 25.0000 25.5000 27.08 26.70 1013.7704
04465.0083 25.1250 25.0000 25.5000 27.07 26.69 1013.7542
04464.3457 25.1250 25.0000 25.5000 27.07 26.69 1013.7542
04463.5708 25.1250 25.0000 25.5000 27.07 26.69 1013.7542
04463.6206 25.1250 25.0000 25.5000 27.07 26.69 1013.7542
04463.3457 25.1250 25.0000 25.5000 27.07 26.69 1013.7542
04463.6206 25.1250 25.0000 25.5000 27.07 26.69 1013.7542
04463.6333 25.1250 25.0000 25.5000 27.07 26.69 1013.7542
04463.5835 25.1250 25.0000 25.4375 27.07 26.69 1013.7542
04464.7959 25.0625 25.0000 25.4375 27.07 26.69 1013.7542
04461.6958 25.0625 25.0000 25.4375 27.06 26.68 1013.7921
04463.8584 25.0625 25.0000 25.4375 27.06 26.68 1013.7921
04463.3960 25.0625 25.0000 25.4375 27.06 26.68 1013.7921
04463.6084 25.0625 25.0000 25.4375 27.06 26.68 1013.7921
04463.3833 25.0625 25.0000 25.4375 27.06 26.68 1013.7921
04463.5708 25.0625 25.0000 25.4375 27.06 26.68 1013.7921
04463.3457 25.0625 25.0000 25.4375 27.06 26.68 1013.7921
04464.7710 25.0625 25.0000 25.4375 27.06 26.68 1013.7921
04441.3081 25.0625 25.0000 25.4375 27.06 26.68 1013.7921
04464.5210 25.0625 25.0000 25.4375 27.06 26.68 1013.7921
04463.8208 25.0625 25.0000 25.4375 27.07 26.70 1013.7079
04463.8081 25.0625 25.0000 25.4375 27.07 26.70 1013.7079
04463.1333 25.0625 25.0000 25.4375 27.07 26.70 1013.7079
04463.1582 25.0625 25.0000 25.4375 27.07 26.70 1013.7079
04463.5835 25.0625 25.0000 25.4375 27.07 26.70 1013.7079
04464.3335 25.0625 25.0000 25.5000 27.07 26.70 1013.7079
04464.7583 25.0625 25.0000 25.5000 27.07 26.70 1013.7079
04464.5835 25.0625 25.0000 25.5000 27.07 26.70 1013.7079
04463.6333 25.0625 25.0000 25.5000 27.07 26.70 1013.7079
04463.3457 25.0625 25.0000 25.5000 27.06 26.71 1013.8546
04463.3960 25.0625 25.0000 25.5000 27.06 26.71 1013.8546
04463.3960 25.0625 25.0000 25.5000 27.06 26.71 1013.8546
04463.6333 25.0625 25.0000 25.5000 27.06 26.71 1013.8546
04463.1582 25.0625 25.0000 25.5000 27.06 26.71 1013.8546
04463.6333 25.0625 25.0000 25.5000 27.06 26.71 1013.8546
04440.8335 25.0625 25.0000 25.5000 27.06 26.71 1013.8546
04464.7583 25.0625 25.0000 25.5000 27.06 26.71 1013.8546
04463.5835 25.0625 25.0000 25.5000 27.06 26.71 1013.8546
04463.5835 25.0625 25.0000 25.5000 27.06 26.71 1013.8546
04463.3706 25.0625 25.0000 25.5000 27.07 26.70 1013.8084
04463.3960 25.0625 25.0000 25.5000 27.07 26.70 1013.8084
04463.6333 25.0625 25.0000 25.5000 27.07 26.70 1013.8084
04464.5708 25.1250 24.9375 25.5000 27.07 26.70 1013.8084
04464.8208 25.1250 24.9375 25.5000 27.07 26.70 1013.8084
04465.0083 25.1250 24.9375 25.5000 27.07 26.70 1013.8084
04463.3457 25.1250 24.9375 25.5000 27.07 26.70 1013.8084
04463.3833 25.1250 24.9375 25.5000 27.07 26.70 1013.8084
04463.3457 25.1250 24.9375 25.5000 27.07 26.70 1013.8084
04463.3584 25.1250 24.9375 25.5000 27.07 26.71 1013.8084
04463.5835 25.1250 24.9375 25.5000 27.07 26.71 1013.8084
04463.3960 25.1250 24.9375 25.5000 27.07 26.71 1013.8084
04463.6333 25.0625 25.0000 25.5000 27.07 26.71 1013.8084
04464.5835 25.0625 25.0000 25.5000 27.07 26.71 1013.8084
04464.8081 25.0625 25.0000 25.5000 27.07 26.71 1013.8084
04463.8081 25.0625 25.0000 25.5000 27.07 26.71 1013.8084
04463.3960 25.0625 25.0000 25.5000 27.07 26.71 1013.8084
04463.6333 25.0625 25.0000 25.5000 27.07 26.71 1013.8084
04463.3457 25.0625 25.0000 25.5000 27.07 26.72 1013.8084
04463.3457 25.0625 25.0000 25.5000 27.07 26.72 1013.8084
04464.5835 25.1250 25.0000 25.5000 27.07 26.72 1013.8084
04440.7710 25.1250 25.0000 25.5000 27.07 26.72 1013.8084
04464.5459 25.1250 25.0000 25.5000 27.07 26.72 1013.8084
04463.6333 25.1250 25.0000 25.5000 27.07 26.72 1013.8084
04463.8208 25.1250 25.0000 25.5000 27.07 26.72 1013.8084
04463.3833 25.1250 25.0000 25.5000 27.07 26.72 1013.8084
04463.1582 25.1250 25.0000 25.5000 27.07 26.72 1013.8084
04463.3960 25.1250 25.0000 25.5000 27.07 26.72 1013.8084
04463.3833 25.1250 25.0000 25.5000 27.08 26.72 1013.8248
04463.5708 25.0625 25.0000 25.5000 27.08 26.72 1013.8248
#terjedesi                                       nyomas  ##
#ido(usec)  T1(C)   T2(C)   T3(C)  T4(C) para(%)  (hPa)
04464.3457 25.0625 25.0000 25.5000 27.08 26.72 1013.8248
04464.7959 25.0625 25.0000 25.5000 27.08 26.72 1013.8248
04463.6333 25.0625 25.0000 25.5000 27.08 26.72 1013.8248
04463.5835 25.0625 25.0000 25.5000 27.08 26.72 1013.8248
04463.3960 25.0625 25.0000 25.5000 27.08 26.72 1013.8248
04440.3457 25.0625 25.0000 25.5000 27.08 26.72 1013.8248
04463.3960 25.0625 25.0000 25.5000 27.08 26.72 1013.8248
04464.5835 25.1250 24.9375 25.5000 27.08 26.71 1013.7243
04441.2583 25.1250 24.9375 25.5000 27.08 26.71 1013.7243
04462.1831 25.1250 24.9375 25.5000 27.08 26.71 1013.7243
04463.8706 25.1250 24.9375 25.5000 27.08 26.71 1013.7243
04463.6333 25.1250 24.9375 25.5000 27.08 26.71 1013.7243
04464.1084 25.1250 24.9375 25.5000 27.08 26.71 1013.7243
04463.6206 25.1250 24.9375 25.5000 27.08 26.71 1013.7243
04463.8208 25.1250 24.9375 25.5000 27.08 26.71 1013.7243
04463.6333 25.1250 24.9375 25.5000 27.08 26.71 1013.7243
04463.8335 25.1250 25.0000 25.5000 27.08 26.71 1013.7243
04461.9209 25.1250 25.0000 25.5000 27.07 26.72 1013.8709
04464.5708 25.1250 25.0000 25.5000 27.07 26.72 1013.8709
04463.8081 25.1250 25.0000 25.5000 27.07 26.72 1013.8709
04463.6333 25.1250 25.0000 25.5000 27.07 26.72 1013.8709
04463.8706 25.1250 25.0000 25.5000 27.07 26.72 1013.8709
04463.8457 25.1250 25.0000 25.5000 27.07 26.72 1013.8709
04463.3335 25.1250 25.0000 25.5000 27.07 26.72 1013.8709
04463.8081 25.0625 25.0000 25.5000 27.07 26.72 1013.8709
04462.1582 25.0625 25.0000 25.5000 27.07 26.72 1013.8709
04465.0581 25.0625 25.0000 25.5000 27.07 26.70 1013.8981
04463.8335 25.0625 25.0000 25.5000 27.07 26.70 1013.8981
04463.8208 25.0625 25.0000 25.5000 27.07 26.70 1013.8981
04463.6333 25.0625 25.0000 25.5000 27.07 26.70 1013.8981
04463.8208 25.0625 25.0000 25.5000 27.07 26.70 1013.8981
04463.8208 25.0625 25.0000 25.5000 27.07 26.70 1013.8981
04463.3584 25.0625 25.0000 25.5000 27.07 26.70 1013.8981
04464.8081 25.1250 25.0000 25.5000 27.07 26.70 1013.8981
04441.2832 25.1250 25.0000 25.5000 27.07 26.70 1013.8981
04465.0581 25.1250 25.0000 25.5000 27.07 26.70 1013.8981
04463.6206 25.1250 25.0000 25.5000 27.08 26.69 1013.8329
04463.8335 25.1250 25.0000 25.5000 27.08 26.69 1013.8329
04464.0957 25.1250 25.0000 25.5000 27.08 26.69 1013.8329
04463.8706 25.1250 25.0000 25.5000 27.08 26.69 1013.8329
04463.8706 25.1250 25.0000 25.5000 27.08 26.69 1013.8329
04464.1084 25.1250 25.0000 25.5000 27.08 26.69 1013.8329
04441.4956 25.0625 25.0000 25.5000 27.08 26.69 1013.8329
04441.5459 25.0625 25.0000 25.5000 27.08 26.69 1013.8329
04464.8208 25.0625 25.0000 25.5000 27.08 26.69 1013.8329
04463.8706 25.0625 25.0000 25.5000 27.08 26.69 1013.8329
04463.6206 25.0625 25.0000 25.5000 27.07 26.70 1013.8709
04463.8706 25.0625 25.0000 25.5000 27.07 26.70 1013.8709
04464.1084 25.0625 25.0000 25.5000 27.07 26.70 1013.8709
04464.1084 25.0625 25.0000 25.5000 27.07 26.70 1013.8709
04463.8706 25.0625 25.0000 25.5000 27.07 26.70 1013.8709
04465.2334 25.1250 25.0000 25.4375 27.07 26.70 1013.8709
04464.8208 25.1250 25.0000 25.4375 27.07 26.70 1013.8709
04463.5708 25.1250 25.0000 25.4375 27.07 26.70 1013.8709
04463.8706 25.1250 25.0000 25.4375 27.07 26.72 1013.7623
04463.5835 25.1250 25.0000 25.4375 27.07 26.72 1013.7623
04464.0835 25.1250 25.0000 25.4375 27.07 26.72 1013.7623
04463.8335 25.1250 25.0000 25.4375 27.07 26.72 1013.7623
04463.5708 25.1250 25.0000 25.4375 27.07 26.72 1013.7623
04461.9707 25.0625 25.0000 25.5000 27.07 26.72 1013.7623
04465.0332 25.0625 25.0000 25.5000 27.07 26.72 1013.7623
04441.3081 25.0625 25.0000 25.5000 27.07 26.72 1013.7623
04463.8457 25.0625 25.0000 25.5000 27.07 26.72 1013.7623
04463.6333 25.0625 25.0000 25.5000 27.07 26.72 1013.7623
04463.3960 25.0625 25.0000 25.5000 27.07 26.72 1013.7623
04463.8335 25.0625 25.0000 25.5000 27.07 26.73 1013.7542
04463.8081 25.0625 25.0000 25.5000 27.07 26.73 1013.7542
04463.8208 25.0625 25.0000 25.4375 27.07 26.73 1013.7542
04441.3081 25.1250 25.0000 25.4375 27.07 26.73 1013.7542
04465.0083 25.1250 25.0000 25.4375 27.07 26.73 1013.7542
04463.8457 25.1250 25.0000 25.4375 27.07 26.73 1013.7542
04463.3833 25.1250 25.0000 25.4375 27.07 26.73 1013.7542
04463.8706 25.1250 25.0000 25.4375 27.07 26.73 1013.7542
#terjedesi                                       nyomas  ##
#ido(usec)  T1(C)   T2(C)   T3(C)  T4(C) para(%)  (hPa)
04463.5835 25.1250 25.0000 25.4375 27.07 26.73 1013.7542
04463.3457 25.1250 25.0000 25.4375 27.08 26.72 1013.7162
04463.1206 25.1250 25.0000 25.4375 27.08 26.72 1013.7162
04441.0459 25.0625 25.0000 25.5000 27.08 26.72 1013.7162
04440.8335 25.0625 25.0000 25.5000 27.08 26.72 1013.7162
04464.2959 25.0625 25.0000 25.5000 27.08 26.72 1013.7162
04463.3960 25.0625 25.0000 25.5000 27.08 26.72 1013.7162
04463.6333 25.0625 25.0000 25.5000 27.08 26.72 1013.7162
04463.3960 25.0625 25.0000 25.5000 27.08 26.72 1013.7162
04463.5835 25.0625 25.0000 25.5000 27.08 26.72 1013.7162
04463.3457 25.0625 25.0000 25.5000 27.07 26.71 1013.7623
04464.0581 25.1250 25.0000 25.5000 27.07 26.71 1013.7623
04464.5708 25.1250 25.0000 25.5000 27.07 26.71 1013.7623
04461.9082 25.1250 25.0000 25.5000 27.07 26.71 1013.7623
04463.6084 25.1250 25.0000 25.5000 27.07 26.71 1013.7623
04463.8081 25.1250 25.0000 25.5000 27.07 26.71 1013.7623
04463.8335 25.1250 25.0000 25.5000 27.07 26.71 1013.7623
04464.0581 25.1250 25.0000 25.5000 27.07 26.71 1013.7623
04463.5957 25.1250 25.0000 25.5000 27.07 26.71 1013.7623
04463.8081 25.1250 25.0000 25.5000 27.07 26.71 1013.7623
04463.8081 25.1250 25.0000 25.5000 27.07 26.70 1013.8167
04464.7710 25.1250 25.0000 25.5000 27.07 26.70 1013.8167
04461.9331 25.1250 25.0000 25.5000 27.07 26.70 1013.8167
04463.5835 25.1250 25.0000 25.5000 27.07 26.70 1013.8167
04463.8335 25.1250 25.0000 25.5000 27.07 26.70 1013.8167
04463.8457 25.1250 25.0000 25.5000 27.07 26.70 1013.8167
04464.0581 25.1250 25.0000 25.5000 27.07 26.70 1013.8167
04463.8584 25.1250 25.0000 25.5000 27.07 26.70 1013.8167
04441.2832 25.1250 25.0000 25.5000 27.07 26.70 1013.8167
04441.5459 25.1250 25.0000 25.5000 27.07 26.70 1013.8167
04464.9956 25.1250 25.0000 25.5000 27.07 26.70 1013.8167
04463.6333 25.1250 25.0000 25.5000 27.07 26.70 1013.8167
04463.8706 25.1250 25.0000 25.5000 27.07 26.70 1013.8167
04463.3960 25.1250 25.0000 25.5000 27.07 26.70 1013.8167
04464.0459 25.1250 25.0000 25.5000 27.07 26.70 1013.8167
04463.8706 25.1250 25.0000 25.5000 27.07 26.70 1013.8167
04464.1084 25.1250 25.0000 25.5000 27.07 26.70 1013.8167
04440.0581 25.1250 25.0000 25.5000 27.07 26.70 1013.8167
04441.2710 25.1250 25.0000 25.5000 27.07 26.70 1013.8167
04464.5835 25.1250 25.0000 25.5000 27.09 26.69 1013.8768
04463.8584 25.1250 25.0000 25.5000 27.09 26.69 1013.8768
04464.3457 25.1250 25.0000 25.5000 27.09 26.69 1013.8768
04463.8584 25.1250 25.0000 25.5000 27.09 26.69 1013.8768
04463.6084 25.1250 25.0000 25.5000 27.09 26.69 1013.8768
04464.0581 25.1250 25.0000 25.5000 27.09 26.69 1013.8768
04441.5332 25.1250 25.0000 25.5000 27.09 26.69 1013.8768
04461.9707 25.1250 25.0000 25.5000 27.09 26.69 1013.8768
04461.9082 25.1250 25.0000 25.5000 27.09 26.69 1013.8768
04463.8335 25.1250 25.0000 25.5000 27.08 26.69 1013.7977
04463.5835 25.1250 25.0000 25.5000 27.08 26.69 1013.7977
04463.6084 25.1250 25.0000 25.5000 27.08 26.69 1013.7977
04463.8081 25.1250 25.0000 25.5000 27.08 26.69 1013.7977
04464.2959 25.1250 25.0000 25.5000 27.08 26.69 1013.7977
04464.0835 25.1250 25.0000 25.5000 27.08 26.69 1013.7977
04464.1084 25.1250 25.0000 25.5000 27.08 26.69 1013.7977
04441.0708 25.1250 25.0000 25.5000 27.08 26.69 1013.7977
04441.2583 25.1250 25.0000 25.5000 27.08 26.69 1013.7977
04464.0459 25.1250 25.0000 25.5000 27.08 26.69 1013.7977
04440.3457 25.1250 25.0000 25.5000 27.09 26.71 1013.8683
04463.8208 25.1250 25.0000 25.5000 27.09 26.71 1013.8683
04463.6206 25.1250 25.0000 25.5000 27.09 26.71 1013.8683
04463.8584 25.1250 25.0000 25.5000 27.09 26.71 1013.8683
04464.7959 25.1250 25.0000 25.5000 27.09 26.71 1013.8683
04464.8208 25.1250 25.0000 25.5000 27.09 26.71 1013.8683
04441.7334 25.1250 25.0000 25.5000 27.09 26.71 1013.8683
04440.3584 25.1250 25.0000 25.5000 27.09 26.71 1013.8683
04464.3081 25.1250 25.0000 25.5000 27.09 26.71 1013.8683
04463.8706 25.1250 25.0000 25.5000 27.07 26.68 1013.7079
04463.6333 25.1250 25.0000 25.5000 27.07 26.68 1013.7079
04440.3081 25.1250 25.0000 25.5000 27.07 26.68 1013.7079
04464.1084 25.1250 25.0000 25.5000 27.07 26.68 1013.7079
04463.8457 25.1250 25.0000 25.4375 27.07 26.68 1013.7079
04461.6831 25.1250 25.0000 25.4375 27.07 26.68 1013.7079
#terjedesi                                       nyomas  ##
#ido(usec)  T1(C)   T2(C)   T3(C)  T4(C) para(%)  (hPa)
04464.7710 25.1250 25.0000 25.4375 27.07 26.68 1013.7079
04463.6206 25.1250 25.0000 25.4375 27.07 26.68 1013.7079
04463.6333 25.1250 25.0000 25.4375 27.07 26.68 1013.7079
04463.8208 25.1250 25.0000 25.4375 27.08 26.67 1013.7787
04463.5835 25.1250 25.0000 25.4375 27.08 26.67 1013.7787
04463.6333 25.1250 25.0000 25.4375 27.08 26.67 1013.7787
04463.6333 25.1250 25.0000 25.5000 27.08 26.67 1013.7787
04464.3457 25.1250 25.0000 25.5000 27.08 26.67 1013.7787
04464.5835 25.1250 25.0000 25.5000 27.08 26.67 1013.7787
04463.3960 25.1250 25.0000 25.5000 27.08 26.67 1013.7787
04463.3833 25.1250 25.0000 25.5000 27.08 26.67 1013.7787
04463.8706 25.1250 25.0000 25.5000 27.08 26.67 1013.7787
04463.6206 25.1250 25.0000 25.5000 27.08 26.67 1013.7787
04463.3457 25.1250 25.0000 25.5000 27.08 26.67 1013.6972
04463.5957 25.1250 25.0000 25.5000 27.08 26.67 1013.6972
04440.8081 25.1250 25.0000 25.5000 27.08 26.67 1013.6972
04464.5708 25.1250 25.0000 25.5000 27.08 26.67 1013.6972
04440.5708 25.1250 25.0000 25.5000 27.08 26.67 1013.6972
04463.3960 25.1250 25.0000 25.5000 27.08 26.67 1013.6972
04463.6333 25.1250 25.0000 25.5000 27.08 26.67 1013.6972
04463.3833 25.1250 25.0000 25.5000 27.08 26.67 1013.6972
04463.1333 25.1250 25.0000 25.5000 27.08 26.67 1013.6972
04463.3457 25.1250 25.0000 25.5000 27.07 26.64 1013.8167
04463.3960 25.1250 25.0000 25.5000 27.07 26.64 1013.8167
04440.8335 25.1250 25.0000 25.5000 27.07 26.64 1013.8167
04440.8335 25.1250 25.0000 25.5000 27.07 26.64 1013.8167
04464.5835 25.1250 25.0000 25.5000 27.07 26.64 1013.8167
04463.5835 25.1250 25.0000 25.5000 27.07 26.64 1013.8167
04463.3960 25.1250 25.0000 25.5000 27.07 26.64 1013.8167
04463.5835 25.1250 25.0000 25.5000 27.07 26.64 1013.8167
04463.3584 25.1250 25.0000 25.5000 27.07 26.64 1013.8167
04463.5835 25.1250 25.0000 25.5000 27.07 26.64 1013.8167
04463.5835 25.1250 25.0000 25.5000 27.08 26.63 1013.8873
04441.0210 25.1250 25.0000 25.5000 27.08 26.63 1013.8873
04441.0459 25.1250 25.0000 25.5000 27.08 26.63 1013.8873
04463.5835 25.1250 25.0000 25.5000 27.08 26.63 1013.8873
04463.5835 25.1250 25.0000 25.5000 27.08 26.63 1013.8873
04463.8081 25.1250 25.0000 25.5000 27.08 26.63 1013.8873
04463.8706 25.1250 25.0000 25.5000 27.08 26.63 1013.8873
04463.6333 25.1250 25.0000 25.5000 27.08 26.63 1013.8873
04463.1582 25.1250 25.0000 25.5000 27.08 26.63 1013.8873
04464.5459 25.1250 25.0000 25.5000 27.08 26.65 1013.8329
04465.0581 25.1250 25.0000 25.5000 27.08 26.65 1013.8329
04440.8208 25.1250 25.0000 25.5000 27.08 26.65 1013.8329
04463.5708 25.1250 25.0000 25.5000 27.08 26.65 1013.8329
04463.8208 25.1250 25.0000 25.5000 27.08 26.65 1013.8329
04463.6333 25.1250 25.0000 25.5000 27.08 26.65 1013.8329
04463.5708 25.1250 25.0000 25.5000 27.08 26.65 1013.8329
04463.6333 25.1250 25.0000 25.5000 27.08 26.65 1013.8329
04463.5835 25.1250 25.0000 25.5000 27.08 26.65 1013.8329
04464.5581 25.1250 25.0000 25.5000 27.08 26.65 1013.8329
04464.7583 25.1250 25.0000 25.5000 27.07 26.64 1013.7079
04463.3457 25.1250 25.0000 25.5000 27.07 26.64 1013.7079
04463.3335 25.1250 25.0000 25.5000 27.07 26.64 1013.7079
04463.5835 25.1250 25.0000 25.5000 27.07 26.64 1013.7079
04463.5835 25.1250 25.0000 25.5000 27.07 26.64 1013.7079
04463.8208 25.1250 25.0000 25.5000 27.07 26.64 1013.7079
04463.8081 25.1250 25.0000 25.5000 27.07 26.64 1013.7079
04441.0332 25.1250 25.0000 25.5000 27.07 26.64 1013.7079
04464.7710 25.1250 25.0000 25.5000 27.07 26.64 1013.7079
04464.5332 25.1250 25.0000 25.5000 27.08 26.64 1013.8519
04463.8706 25.1250 25.0000 25.5000 27.08 26.64 1013.8519
04463.6333 25.1250 25.0000 25.5000 27.08 26.64 1013.8519
04463.8457 25.1250 25.0000 25.5000 27.08 26.64 1013.8519
04463.6333 25.1250 25.0000 25.5000 27.08 26.64 1013.8519
04463.3457 25.1250 25.0000 25.5000 27.08 26.64 1013.8519
04464.3457 25.0625 25.0000 25.5000 27.08 26.64 1013.8519
04464.8081 25.0625 25.0000 25.5000 27.08 26.64 1013.8519
04461.9209 25.0625 25.0000 25.5000 27.08 26.64 1013.8519
04464.0459 25.0625 25.0000 25.5000 27.07 26.62 1013.7079
04463.6333 25.0625 25.0000 25.5000 27.07 26.62 1013.7079
04463.8457 25.0625 25.0000 25.5000 27.07 26.62 1013.7079
04463.6333 25.0625 25.0000 25.5000 27.07 26.62 1013.7079
#terjedesi                                       nyomas  ##
#ido(usec)  T1(C)   T2(C)   T3(C)  T4(C) para(%)  (hPa)
04464.1084 25.0625 25.0000 25.5000 27.07 26.62 1013.7079
04463.6084 25.0625 25.0000 25.5000 27.07 26.62 1013.7079
04464.1084 25.0625 25.0000 25.5000 27.07 26.62 1013.7079
04441.0708 25.0625 25.0000 25.5000 27.07 26.62 1013.7079
04464.8208 25.0625 25.0000 25.5000 27.07 26.62 1013.7079
04463.3833 25.0625 25.0000 25.5000 27.07 26.62 1013.7079
04463.6333 25.0625 25.0000 25.5000 27.08 26.63 1013.7243
04463.8081 25.0625 25.0000 25.5000 27.08 26.63 1013.7243
04463.6084 25.0625 25.0000 25.5000 27.08 26.63 1013.7243
04463.6084 25.0625 25.0000 25.5000 27.08 26.63 1013.7243
04461.9209 25.1250 25.0000 25.5000 27.08 26.63 1013.7243
04441.2456 25.1250 25.0000 25.5000 27.08 26.63 1013.7243
04462.2085 25.1250 25.0000 25.5000 27.08 26.63 1013.7243
04463.3960 25.1250 25.0000 25.5000 27.08 26.63 1013.7243
04439.6333 25.1250 25.0000 25.5000 27.08 26.63 1013.7243
04463.5708 25.1250 25.0000 25.5000 27.08 26.63 1013.8329
04463.6206 25.1250 25.0000 25.5000 27.08 26.63 1013.8329
04463.8706 25.1250 25.0000 25.5000 27.08 26.63 1013.8329
04463.1333 25.1250 25.0000 25.5000 27.08 26.63 1013.8329
04463.5957 25.1250 25.0000 25.5000 27.08 26.63 1013.8329
04441.3081 25.1250 25.0000 25.5000 27.08 26.63 1013.8329
04441.2710 25.1250 25.0000 25.5000 27.08 26.63 1013.8329
04463.8208 25.1250 25.0000 25.5000 27.08 26.63 1013.8329
04464.0835 25.1250 25.0000 25.5000 27.08 26.63 1013.8329
04463.8457 25.1250 25.0000 25.5000 27.08 26.63 1013.8329
04463.8706 25.1250 25.0000 25.5000 27.09 26.65 1013.6782
04463.8706 25.1250 25.0000 25.5000 27.09 26.65 1013.6782
04464.8208 25.1250 25.0000 25.5000 27.09 26.65 1013.6782
04464.5835 25.1250 25.0000 25.5000 27.09 26.65 1013.6782
04464.3457 25.1250 25.0000 25.5000 27.09 26.65 1013.6782
04463.6333 25.1250 25.0000 25.5000 27.09 26.65 1013.6782
04463.5708 25.1250 25.0000 25.5000 27.09 26.65 1013.6782
04463.8208 25.1250 25.0000 25.5000 27.09 26.65 1013.6782
04463.8208 25.1250 25.0000 25.5000 27.09 26.65 1013.6782
04463.5957 25.1250 25.0000 25.5000 27.09 26.65 1013.6782
04463.8208 25.1250 25.0000 25.5000 27.08 26.65 1013.8329
04463.8081 25.1250 25.0000 25.5000 27.08 26.65 1013.8329
04441.0708 25.1250 25.0000 25.5000 27.08 26.65 1013.8329
04465.0083 25.1250 25.0000 25.5000 27.08 26.65 1013.8329
04464.1084 25.1250 25.0000 25.5000 27.08 26.65 1013.8329
04463.8457 25.1250 25.0000 25.5000 27.08 26.65 1013.8329
04463.8208 25.1250 25.0000 25.5000 27.08 26.65 1013.8329
04463.8208 25.1250 25.0000 25.5000 27.08 26.65 1013.8329
04464.0459 25.1250 25.0000 25.5000 27.09 26.64 1013.8412
04441.2583 25.1250 25.0000 25.5000 27.09 26.64 1013.8412
04461.9707 25.1250 25.0000 25.5000 27.09 26.64 1013.8412
04461.9082 25.1250 25.0000 25.5000 27.09 26.64 1013.8412
04463.8208 25.1250 25.0000 25.5000 27.09 26.64 1013.8412
04464.0708 25.1250 25.0000 25.5000 27.09 26.64 1013.8412
04463.8081 25.1250 25.0000 25.5000 27.09 26.64 1013.8412
04463.8706 25.1250 25.0000 25.5000 27.09 26.64 1013.8412
04464.0581 25.1250 25.0000 25.5000 27.09 26.64 1013.8412
04463.3457 25.1250 25.0000 25.5000 27.09 26.64 1013.8412
04463.8081 25.1250 25.0000 25.5000 27.09 26.64 1013.8412
04464.5835 25.1250 25.0000 25.5000 27.08 26.63 1013.8873
04441.2583 25.1250 25.0000 25.5000 27.08 26.63 1013.8873
04463.3960 25.1250 25.0000 25.5000 27.08 26.63 1013.8873
04463.8208 25.1250 25.0000 25.5000 27.08 26.63 1013.8873
04463.8208 25.1250 25.0000 25.5000 27.08 26.63 1013.8873
04463.8706 25.1250 25.0000 25.5000 27.08 26.63 1013.8873
04463.6084 25.1250 25.0000 25.5000 27.08 26.63 1013.8873
04464.1084 25.1250 25.0000 25.5000 27.08 26.63 1013.8873
04440.8335 25.1250 25.0000 25.5000 27.08 26.63 1013.8873
04464.5581 25.1250 25.0000 25.5000 27.09 26.63 1013.7597
04463.5708 25.1250 25.0000 25.5000 27.09 26.63 1013.7597
04463.8081 25.1250 25.0000 25.5000 27.09 26.63 1013.7597
04463.5835 25.1250 25.0000 25.5000 27.09 26.63 1013.7597
04464.1084 25.1250 25.0000 25.5000 27.09 26.63 1013.7597
04464.1084 25.1250 25.0000 25.5000 27.09 26.63 1013.7597
04464.1084 25.1250 25.0000 25.5000 27.09 26.63 1013.7597
04462.1958 25.1250 25.0000 25.5000 27.09 26.63 1013.7597
04462.1460 25.1250 25.0000 25.5000 27.09 26.63 1013.7597
04461.7334 25.1250 25.0000 25.5000 27.09 26.61 1013.8497
#terjedesi                                       nyomas  ##
#ido(usec)  T1(C)   T2(C)   T3(C)  T4(C) para(%)  (hPa)
04464.0581 25.1250 25.0000 25.5000 27.09 26.61 1013.8497
04463.8208 25.1250 25.0000 25.5000 27.09 26.61 1013.8497
04464.2959 25.1250 25.0000 25.5000 27.09 26.61 1013.8497
04463.8584 25.1250 25.0000 25.5000 27.09 26.61 1013.8497
04463.8081 25.1250 25.0000 25.5000 27.09 26.61 1013.8497
04463.8706 25.1250 25.0000 25.5000 27.09 26.61 1013.8497
04441.4834 25.1250 25.0000 25.5000 27.09 26.61 1013.8497
04465.0210 25.1250 25.0000 25.5000 27.09 26.61 1013.8497
04461.9082 25.1250 25.0000 25.5000 27.09 26.61 1013.8497
04464.1084 25.1250 25.0000 25.5000 27.08 26.61 1013.8329
04463.8335 25.1250 25.0000 25.5000 27.08 26.61 1013.8329
04464.3457 25.1250 25.0000 25.5000 27.08 26.61 1013.8329
04463.8706 25.1250 25.0000 25.5000 27.08 26.61 1013.8329
04463.8208 25.1250 25.0000 25.5000 27.08 26.61 1013.8329
04463.8208 25.1250 25.0000 25.5000 27.08 26.61 1013.8329
04464.8208 25.1250 25.0000 25.5000 27.08 26.61 1013.8329
04441.2959 25.1250 25.0000 25.5000 27.08 26.61 1013.8329
04464.1084 25.1250 25.0000 25.5000 27.08 26.61 1013.8329
04464.1084 25.1250 25.0000 25.5000 27.08 26.60 1013.8873
04464.0581 25.1250 25.0000 25.5000 27.08 26.60 1013.8873
04463.8208 25.1250 25.0000 25.5000 27.08 26.60 1013.8873
04440.5459 25.1250 25.0000 25.5000 27.08 26.60 1013.8873
04464.0459 25.1250 25.0000 25.5000 27.08 26.60 1013.8873
04465.0083 25.1250 25.0000 25.5000 27.08 26.60 1013.8873
04464.8208 25.1250 25.0000 25.5000 27.08 26.60 1013.8873
04461.6709 25.1250 25.0000 25.5000 27.08 26.60 1013.8873
04464.0581 25.1250 25.0000 25.5000 27.08 26.60 1013.8873
04464.2832 25.1250 25.0000 25.5000 27.08 26.60 1013.8873
04463.8081 25.1250 25.0000 25.5000 27.09 26.59 1013.8683
04463.8335 25.1250 25.0000 25.5000 27.09 26.59 1013.8683
04464.3081 25.1250 25.0000 25.5000 27.09 26.59 1013.8683
04464.1084 25.1250 25.0000 25.5000 27.09 26.59 1013.8683
04464.5835 25.1250 25.0000 25.5000 27.09 26.59 1013.8683
04461.9458 25.1250 25.0000 25.5000 27.09 26.59 1013.8683
04463.8706 25.1250 25.0000 25.5000 27.09 26.59 1013.8683
04463.8208 25.1250 25.0000 25.5000 27.09 26.59 1013.8683
04463.8706 25.1250 25.0000 25.5000 27.09 26.59 1013.8683
04464.1084 25.1250 25.0000 25.5000 27.08 26.59 1013.7243
04463.8208 25.1250 25.0000 25.5000 27.08 26.59 1013.7243
04463.6206 25.1250 25.0000 25.5000 27.08 26.59 1013.7243
04441.0708 25.1250 25.0000 25.5000 27.08 26.59 1013.7243
04461.9707 25.1250 25.0000 25.5000 27.08 26.59 1013.7243
04461.9707 25.1250 25.0000 25.5000 27.08 26.59 1013.7243
04464.1084 25.1250 25.0000 25.5000 27.08 26.59 1013.7243
04464.1084 25.1250 25.0000 25.5000 27.08 26.59 1013.7243
04464.0581 25.1250 25.0000 25.5000 27.08 26.59 1013.7243
04464.1084 25.1250 25.0000 25.5000 27.08 26.59 1013.7243
04463.8457 25.1250 25.0000 25.5000 27.08 26.56 1013.7243
04440.7710 25.1250 25.0000 25.5000 27.08 26.56 1013.7243
04462.3960 25.1250 25.0000 25.5000 27.08 26.56 1013.7243
04441.3081 25.1250 25.0000 25.5000 27.08 26.56 1013.7243
04463.8208 25.1250 25.0000 25.5000 27.08 26.56 1013.7243
04464.0581 25.1250 25.0000 25.5000 27.08 26.56 1013.7243
04463.8706 25.1250 25.0000 25.5000 27.08 26.56 1013.7243
04440.1206 25.1250 25.0000 25.5000 27.08 26.56 1013.7243
04464.0708 25.1250 25.0000 25.5000 27.08 26.56 1013.7243
04463.6206 25.1250 25.0000 25.5000 27.08 26.57 1013.6156
04463.8584 25.1250 25.0000 25.5000 27.08 26.57 1013.6156
04464.7710 25.1250 25.0000 25.5000 27.08 26.57 1013.6156
04462.1582 25.1250 25.0000 25.5000 27.08 26.57 1013.6156
04463.6333 25.1250 25.0000 25.5000 27.08 26.57 1013.6156
04464.0459 25.1250 25.0000 25.5000 27.08 26.57 1013.6156
04463.6333 25.1250 25.0000 25.5000 27.08 26.57 1013.6156
04463.8706 25.1250 25.0000 25.5000 27.08 26.57 1013.6156
04463.8457 25.1250 25.0000 25.5000 27.08 26.57 1013.6156
04441.2583 25.1250 25.0000 25.5000 27.09 26.58 1013.7410
04465.0083 25.1250 25.0000 25.5000 27.09 26.58 1013.7410
04462.1582 25.1250 25.0000 25.5000 27.09 26.58 1013.7410
04440.1206 25.1250 25.0000 25.5000 27.09 26.58 1013.7410
04463.8706 25.1250 25.0000 25.5000 27.09 26.58 1013.7410
04464.0459 25.1250 25.0000 25.5000 27.09 26.58 1013.7410
04463.6206 25.1250 25.0000 25.5000 27.09 26.58 1013.7410
04463.6333 25.1250 25.0000 25.5000 27.09 26.58 1013.7410
#terjedesi                                       nyomas  ##
#ido(usec)  T1(C)   T2(C)   T3(C)  T4(C) para(%)  (hPa)
04463.6333 25.1250 25.0000 25.5000 27.09 26.58 1013.7410
04463.8081 25.1250 25.0000 25.5000 27.09 26.58 1013.7410
04462.2085 25.1250 25.0000 25.5000 27.09 26.58 1013.9584
04441.2583 25.1250 25.0000 25.5000 27.09 26.58 1013.9584
04463.8081 25.1250 25.0000 25.5000 27.09 26.58 1013.9584
04464.1084 25.1250 25.0000 25.5000 27.09 26.58 1013.9584
04463.8584 25.1250 25.0000 25.5000 27.09 26.58 1013.9584
04463.8706 25.1250 25.0000 25.5000 27.09 26.58 1013.9584
04464.2959 25.1250 25.0000 25.5000 27.09 26.58 1013.9584
04464.7959 25.1250 25.0000 25.5000 27.09 26.58 1013.9584
04465.0083 25.1250 25.0000 25.5000 27.09 26.58 1013.9584
04441.0708 25.1250 25.0000 25.5000 27.08 26.58 1013.8329
04463.6333 25.1250 25.0000 25.5000 27.08 26.58 1013.8329
04463.8081 25.1250 25.0000 25.5000 27.08 26.58 1013.8329
04464.0957 25.1250 25.0000 25.5000 27.08 26.58 1013.8329
04463.6333 25.1250 25.0000 25.5000 27.08 26.58 1013.8329
04463.8706 25.1250 25.0000 25.5000 27.08 26.58 1013.8329
04464.1084 25.1250 25.0000 25.5000 27.08 26.58 1013.8329
04463.8335 25.1250 25.0000 25.5000 27.08 26.58 1013.8329
04464.5210 25.1250 25.0000 25.5000 27.08 26.58 1013.8329
04441.2583 25.1250 25.0000 25.5000 27.08 26.58 1013.8329
04463.5708 25.1250 25.0000 25.5000 27.08 26.58 1013.7787
04463.5708 25.1250 25.0000 25.5000 27.08 26.58 1013.7787
04464.0957 25.1250 25.0000 25.5000 27.08 26.58 1013.7787
04464.0581 25.1250 25.0000 25.5000 27.08 26.58 1013.7787
04464.0581 25.1250 25.0000 25.5000 27.08 26.58 1013.7787
04462.2085 25.1250 25.0000 25.5000 27.08 26.58 1013.7787
04441.3081 25.1250 25.0000 25.5000 27.08 26.58 1013.7787
04441.3081 25.1250 25.0000 25.5000 27.08 26.58 1013.7787
04463.8081 25.1250 25.0000 25.5000 27.08 26.58 1013.7787
04463.8208 25.1250 25.0000 25.5000 27.09 26.59 1013.8497
04463.8335 25.1250 25.0000 25.5000 27.09 26.59 1013.8497
04463.8706 25.1250 25.0000 25.5000 27.09 26.59 1013.8497
04463.8208 25.1250 25.0000 25.5000 27.09 26.59 1013.8497
04463.3960 25.1250 25.0000 25.5000 27.09 26.59 1013.8497
04464.0957 25.1250 25.0000 25.5000 27.09 26.59 1013.8497
04461.9209 25.1250 25.0000 25.5000 27.09 26.59 1013.8497
04462.1582 25.1250 25.0000 25.5000 27.09 26.59 1013.8497
04463.8706 25.1250 25.0000 25.5000 27.09 26.59 1013.8497
04440.3584 25.1250 25.0000 25.5000 27.09 26.59 1013.8497
04463.8584 25.1250 25.0000 25.5000 27.09 26.59 1013.7953
04463.5835 25.1250 25.0000 25.5000 27.09 26.59 1013.7953
04440.0708 25.1250 25.0000 25.5000 27.09 26.59 1013.7953
04464.5581 25.1250 25.0000 25.5000 27.09 26.59 1013.7953
04462.1709 25.1250 25.0000 25.5000 27.09 26.59 1013.7953
04441.2832 25.1250 25.0000 25.5000 27.09 26.59 1013.7953
04463.6333 25.1250 25.0000 25.5000 27.09 26.59 1013.7953
04463.6333 25.1250 25.0000 25.5000 27.09 26.59 1013.7953
04440.1206 25.1250 25.0000 25.5000 27.09 26.59 1013.7953
04463.6333 25.1250 25.0000 25.5000 27.09 26.59 1013.7953
04464.0459 25.1250 25.0000 25.5000 27.09 26.62 1013.9584
04463.8208 25.1250 25.0000 25.5000 27.09 26.62 1013.9584
04441.2583 25.1250 25.0000 25.5000 27.09 26.62 1013.9584
04462.1831 25.1250 25.0000 25.5000 27.09 26.62 1013.9584
04441.2583 25.1250 25.0000 25.5000 27.09 26.62 1013.9584
04464.0708 25.1250 25.0000 25.5000 27.09 26.62 1013.9584
04463.8706 25.1250 25.0000 25.5000 27.09 26.62 1013.9584
04464.1084 25.1250 25.0000 25.5000 27.09 26.62 1013.9584
04464.1084 25.1250 25.0000 25.5000 27.10 26.61 1013.8388
04464.0459 25.1250 25.0000 25.5000 27.10 26.61 1013.8388
04463.8081 25.1250 25.0000 25.5000 27.10 26.61 1013.8388
04464.7583 25.1250 25.0000 25.5000 27.10 26.61 1013.8388
04441.2583 25.1250 25.0000 25.5000 27.10 26.61 1013.8388
04441.0210 25.1250 25.0000 25.5000 27.10 26.61 1013.8388
04463.6333 25.1250 25.0000 25.5000 27.10 26.61 1013.8388
04464.1084 25.1250 25.0000 25.5000 27.10 26.61 1013.8388
04464.0581 25.1250 25.0000 25.5000 27.10 26.61 1013.8388
04464.0581 25.1250 25.0000 25.5000 27.10 26.61 1013.8388
04463.8335 25.1250 25.0000 25.5000 27.10 26.61 1013.8388
04464.2832 25.1250 25.0000 25.5000 27.08 26.62 1013.8329
04462.4458 25.1250 25.0000 25.5000 27.08 26.62 1013.8329
04441.7207 25.1250 25.0000 25.5000 27.08 26.62 1013.8329
04463.8457 25.1250 25.0000 25.5000 27.08 26.62 1013.8329
#terjedesi                                       nyomas  ##
#ido(usec)  T1(C)   T2(C)   T3(C)  T4(C) para(%)  (hPa)
04440.1206 25.1250 25.0000 25.5000 27.08 26.62 1013.8329
04463.8208 25.1250 25.0000 25.5000 27.08 26.62 1013.8329
04440.5459 25.1250 25.0000 25.5000 27.08 26.62 1013.8329
04464.1084 25.1250 25.0000 25.5000 27.08 26.62 1013.8329
04440.1206 25.1250 25.0000 25.5000 27.08 26.62 1013.8329
04462.2085 25.1250 25.0000 25.5000 27.09 26.61 1013.8225
04465.0581 25.1250 25.0000 25.5000 27.09 26.61 1013.8225
04441.0708 25.1250 25.0000 25.5000 27.09 26.61 1013.8225
04463.8706 25.1250 25.0000 25.5000 27.09 26.61 1013.8225
04463.6084 25.1250 25.0000 25.5000 27.09 26.61 1013.8225
04464.0459 25.1250 25.0000 25.5000 27.09 26.61 1013.8225
04440.1084 25.1250 25.0000 25.5000 27.09 26.61 1013.8225
04463.6333 25.1250 25.0000 25.5000 27.09 26.61 1013.8225
04463.8457 25.1250 25.0000 25.5000 27.09 26.61 1013.8225
04464.7583 25.1250 25.0000 25.5000 27.09 26.60 1013.7138
04440.7832 25.1250 25.0000 25.5000 27.09 26.60 1013.7138
04463.3960 25.1250 25.0000 25.5000 27.09 26.60 1013.7138
04463.8584 25.1250 25.0000 25.5000 27.09 26.60 1013.7138
04464.1084 25.1250 25.0000 25.5000 27.09 26.60 1013.7138
04463.6333 25.1250 25.0000 25.5000 27.09 26.60 1013.7138
04463.8208 25.1250 25.0000 25.5000 27.09 26.60 1013.7138
04463.8706 25.1250 25.0000 25.5000 27.09 26.60 1013.7138
04465.0332 25.1250 25.0000 25.5625 27.09 26.60 1013.7138
04441.7832 25.1250 25.0000 25.5625 27.09 26.60 1013.7138
04461.9082 25.1250 25.0000 25.5625 27.09 26.60 1013.7953
04440.3584 25.1250 25.0000 25.5625 27.09 26.60 1013.7953
04463.8208 25.1250 25.0000 25.5625 27.09 26.60 1013.7953
04463.8081 25.1250 25.0000 25.5625 27.09 26.60 1013.7953
04464.0581 25.1250 25.0000 25.5625 27.09 26.60 1013.7953
04464.1084 25.1250 25.0000 25.5625 27.09 26.60 1013.7953
04441.2583 25.1250 25.0000 25.5625 27.09 26.60 1013.7953
04462.1958 25.1250 25.0000 25.5625 27.09 26.60 1013.7953
04461.9458 25.1250 25.0000 25.5625 27.09 26.60 1013.7953
04463.3457 25.1250 25.0000 25.5625 27.10 26.59 1013.6948
04463.6206 25.1250 25.0000 25.5625 27.10 26.59 1013.6948
04463.8208 25.1250 25.0000 25.5625 27.10 26.59 1013.6948
04440.0708 25.1250 25.0000 25.5625 27.10 26.59 1013.6948
04463.5835 25.1250 25.0000 25.5625 27.10 26.59 1013.6948
04463.8457 25.1250 25.0000 25.5625 27.10 26.59 1013.6948
04463.8706 25.1250 25.0000 25.5000 27.10 26.59 1013.6948
04441.5332 25.1250 25.0000 25.5000 27.10 26.59 1013.6948
04441.2710 25.1250 25.0000 25.5000 27.10 26.59 1013.6948
04463.6333 25.1250 25.0000 25.5000 27.10 26.59 1013.6948
04463.5835 25.1250 25.0000 25.5000 27.09 26.60 1013.7953
04463.5835 25.1250 25.0000 25.5000 27.09 26.60 1013.7953
04464.1084 25.1250 25.0000 25.5000 27.09 26.60 1013.7953
04463.8208 25.1250 25.0000 25.5000 27.09 26.60 1013.7953
04441.0581 25.1250 25.0000 25.5000 27.09 26.60 1013.7953
04441.0459 25.1250 25.0000 25.5000 27.09 26.60 1013.7953
04464.7710 25.1250 25.0000 25.5000 27.09 26.60 1013.7953
04463.8208 25.1250 25.0000 25.5000 27.09 26.60 1013.7953
04464.0708 25.1250 25.0000 25.5000 27.09 26.60 1013.7953
04440.3584 25.1250 25.0000 25.5000 27.10 26.60 1013.7573
04463.8584 25.1250 25.0000 25.5000 27.10 26.60 1013.7573
04463.8208 25.1250 25.0000 25.5000 27.10 26.60 1013.7573
04463.8208 25.1250 25.0000 25.5000 27.10 26.60 1013.7573
04464.0581 25.1250 25.0000 25.5625 27.10 26.60 1013.7573
04441.0459 25.1250 25.0000 25.5625 27.10 26.60 1013.7573
04441.2832 25.1250 25.0000 25.5625 27.10 26.60 1013.7573
04463.8208 25.1250 25.0000 25.5625 27.10 26.60 1013.7573
04463.5835 25.1250 25.0000 25.5625 27.10 26.60 1013.7573
04463.8208 25.1250 25.0000 25.5625 27.09 26.60 1013.7953
04463.6333 25.1250 25.0000 25.5625 27.09 26.60 1013.7953
04463.3960 25.1250 25.0000 25.5625 27.09 26.60 1013.7953
04441.0210 25.1250 25.0000 25.5625 27.09 26.60 1013.7953
04441.0210 25.1250 25.0000 25.5625 27.09 26.60 1013.7953
04462.4082 25.1250 25.0000 25.5625 27.09 26.60 1013.7953
04463.8706 25.1250 25.0000 25.5625 27.09 26.60 1013.7953
04463.5835 25.1250 25.0000 25.5625 27.09 26.60 1013.7953
04463.6333 25.1250 25.0000 25.5625 27.09 26.60 1013.7953
04440.3081 25.1250 25.0000 25.5625 27.09 26.60 1013.7953
04463.5835 25.1250 25.0000 25.5625 27.10 26.62 1013.8660
04463.8208 25.1250 25.0000 25.5625 27.10 26.62 1013.8660
#terjedesi                                       nyomas  ##
#ido(usec)  T1(C)   T2(C)   T3(C)  T4(C) para(%)  (hPa)
04464.1084 25.1250 25.0000 25.5000 27.10 26.62 1013.8660
04435.3208 25.1250 25.0000 25.5000 27.10 26.62 1013.8660
04462.2085 25.1250 25.0000 25.5000 27.10 26.62 1013.8660
04463.6333 25.1250 25.0000 25.5000 27.10 26.62 1013.8660
04463.6333 25.1250 25.0000 25.5000 27.10 26.62 1013.8660
04463.8706 25.1250 25.0000 25.5000 27.10 26.62 1013.8660
04463.3457 25.1250 25.0000 25.5000 27.10 26.62 1013.8660
04463.8208 25.1250 25.0000 25.5000 27.10 26.63 1013.8035
04464.7832 25.1250 25.0000 25.5625 27.10 26.63 1013.8035
04441.0210 25.1250 25.0000 25.5625 27.10 26.63 1013.8035
04440.7710 25.1250 25.0000 25.5625 27.10 26.63 1013.8035
04463.3335 25.1250 25.0000 25.5625 27.10 26.63 1013.8035
04463.8335 25.1250 25.0000 25.5625 27.10 26.63 1013.8035
04463.5957 25.1250 25.0000 25.5625 27.10 26.63 1013.8035
04463.3706 25.1250 25.0000 25.5625 27.10 26.63 1013.8035
04463.3833 25.1250 25.0000 25.5625 27.10 26.63 1013.8035
04463.6333 25.1250 25.0000 25.5625 27.10 26.63 1013.8035
04463.8706 25.1250 25.0000 25.5625 27.09 26.64 1013.8225
04461.6831 25.1250 25.0000 25.5625 27.09 26.64 1013.8225
04464.7959 25.1250 25.0000 25.5625 27.09 26.64 1013.8225
04463.3833 25.1250 25.0000 25.5625 27.09 26.64 1013.8225
04463.6333 25.1250 25.0000 25.5625 27.09 26.64 1013.8225
04463.8208 25.1250 25.0000 25.5625 27.09 26.64 1013.8225
04463.5708 25.1250 25.0000 25.5625 27.09 26.64 1013.8225
04463.8584 25.1250 25.0000 25.5625 27.09 26.64 1013.8225
04461.2085 25.1250 25.0000 25.5625 27.09 26.64 1013.8225
04461.9707 25.1250 25.0000 25.5625 27.08 26.63 1013.7787
04462.1582 25.1250 25.0000 25.5625 27.08 26.63 1013.7787
04440.0581 25.1250 25.0000 25.5625 27.08 26.63 1013.7787
04463.3335 25.1250 25.0000 25.5625 27.08 26.63 1013.7787
04463.8584 25.1250 25.0000 25.5625 27.08 26.63 1013.7787
04463.5708 25.1250 25.0000 25.5625 27.08 26.63 1013.7787
04463.8706 25.1250 25.0000 25.5625 27.08 26.63 1013.7787
04463.5708 25.1250 25.0000 25.5625 27.08 26.63 1013.7787
04441.0083 25.1250 25.0000 25.5625 27.08 26.63 1013.7787
04464.3208 25.1250 25.0000 25.5625 27.08 26.63 1013.7787
04464.7959 25.1250 25.0000 25.5625 27.10 26.64 1013.7491
04463.5835 25.1250 25.0000 25.5625 27.10 26.64 1013.7491
04463.5835 25.1250 25.0000 25.5625 27.10 26.64 1013.7491
04463.8335 25.1250 25.0000 25.5625 27.10 26.64 1013.7491
04463.5708 25.1250 25.0000 25.5625 27.10 26.64 1013.7491
04463.5957 25.1250 25.0000 25.5625 27.10 26.64 1013.7491
04463.5708 25.1250 25.0000 25.5625 27.10 26.64 1013.7491
04441.0083 25.1250 25.0000 25.5625 27.10 26.64 1013.7491
04441.0459 25.1250 25.0000 25.5625 27.10 26.64 1013.7491
04441.0708 25.1250 25.0000 25.5625 27.10 26.65 1013.6948
04463.8457 25.1250 25.0000 25.5625 27.10 26.65 1013.6948
04463.5835 25.1250 25.0000 25.5625 27.10 26.65 1013.6948
04463.8706 25.1250 25.0000 25.5625 27.10 26.65 1013.6948
04463.8706 25.1250 25.0000 25.5625 27.10 26.65 1013.6948
04464.0459 25.1250 25.0000 25.5625 27.10 26.65 1013.6948
04463.6084 25.1250 25.0000 25.5625 27.10 26.65 1013.6948
04441.0210 25.1250 25.0000 25.5625 27.10 26.65 1013.6948
04464.5332 25.1250 25.0000 25.5625 27.10 26.65 1013.6948
04463.5835 25.1250 25.0000 25.5625 27.10 26.63 1013.7031
04463.5835 25.1250 25.0000 25.5625 27.10 26.63 1013.7031
04463.8208 25.1250 25.0000 25.5625 27.10 26.63 1013.7031
04463.3706 25.1250 25.0000 25.5625 27.10 26.63 1013.7031
04463.6333 25.1250 25.0000 25.5625 27.10 26.63 1013.7031
04463.6333 25.1250 25.0000 25.5625 27.10 26.63 1013.7031
04464.8208 25.1250 25.0000 25.5625 27.10 26.63 1013.7031
04461.9082 25.1250 25.0000 25.5625 27.10 26.63 1013.7031
04464.3457 25.1250 25.0000 25.5625 27.10 26.63 1013.7031
04463.6333 25.1250 25.0000 25.5625 27.10 26.63 1013.7031
04463.6333 25.1250 25.0000 25.5625 27.10 26.63 1013.7031
04463.6333 25.1250 25.0000 25.5625 27.10 26.63 1013.6215
04463.6206 25.1250 25.0000 25.5625 27.10 26.63 1013.6215
04463.8208 25.1250 25.0000 25.5625 27.10 26.63 1013.6215
04464.0708 25.1250 25.0000 25.5625 27.10 26.63 1013.6215
04464.8208 25.1250 25.0000 25.5625 27.10 26.63 1013.6215
04440.8335 25.1250 25.0000 25.5625 27.10 26.63 1013.6215
04440.0708 25.1250 25.0000 25.5625 27.10 26.63 1013.6215
04463.8208 25.1250 25.0000 25.5625 27.10 26.63 1013.6215
#terjedesi                                       nyomas  ##
#ido(usec)  T1(C)   T2(C)   T3(C)  T4(C) para(%)  (hPa)
04463.3457 25.1250 25.0000 25.5625 27.09 26.61 1013.7410
04463.3960 25.1250 25.0000 25.5625 27.09 26.61 1013.7410
04464.0581 25.1250 25.0000 25.5625 27.09 26.61 1013.7410
04463.3584 25.1250 25.0000 25.5625 27.09 26.61 1013.7410
04441.0708 25.1250 25.0000 25.5625 27.09 26.61 1013.7410
04440.8335 25.1250 25.0000 25.5625 27.09 26.61 1013.7410
04440.8335 25.1250 25.0000 25.5625 27.09 26.61 1013.7410
04463.8706 25.1250 25.0000 25.5625 27.09 26.61 1013.7410
04463.8706 25.1250 25.0000 25.5625 27.09 26.61 1013.7410
04439.3584 25.1250 25.0000 25.5625 27.09 26.61 1013.7410
04463.8584 25.1250 25.0000 25.5625 27.09 26.63 1013.7410
04440.3081 25.1250 25.0000 25.5625 27.09 26.63 1013.7410
04464.5708 25.1250 25.0000 25.5000 27.09 26.63 1013.7410
04441.0459 25.1250 25.0000 25.5000 27.09 26.63 1013.7410
04441.2959 25.1250 25.0000 25.5000 27.09 26.63 1013.7410
04463.6333 25.1250 25.0000 25.5000 27.09 26.63 1013.7410
04463.8208 25.1250 25.0000 25.5000 27.09 26.63 1013.7410
04463.8706 25.1250 25.0000 25.5000 27.09 26.63 1013.7410
04464.0581 25.1250 25.0000 25.5000 27.09 26.63 1013.7410
04464.1084 25.1250 25.0000 25.5000 27.09 26.63 1013.7410
04440.3584 25.1250 25.0000 25.5000 27.09 26.61 1013.6866
04464.1084 25.1250 25.0000 25.5625 27.09 26.61 1013.6866
04462.1460 25.1250 25.0000 25.5625 27.09 26.61 1013.6866
04441.2456 25.1250 25.0000 25.5625 27.09 26.61 1013.6866
04440.8081 25.1250 25.0000 25.5625 27.09 26.61 1013.6866
04463.8081 25.1250 25.0000 25.5625 27.09 26.61 1013.6866
04440.3335 25.1250 25.0000 25.5625 27.09 26.61 1013.6866
04464.0581 25.1250 25.0000 25.5625 27.09 26.61 1013.6866
04463.8208 25.1250 25.0000 25.5625 27.09 26.61 1013.6866
04441.0708 25.1250 25.0000 25.5625 27.09 26.60 1013.6866
04464.9956 25.1250 25.0000 25.5625 27.09 26.60 1013.6866
04462.1582 25.1250 25.0000 25.5625 27.09 26.60 1013.6866
04463.3706 25.1250 25.0000 25.5625 27.09 26.60 1013.6866
04463.8706 25.1250 25.0000 25.5625 27.09 26.60 1013.6866
04464.0581 25.1250 25.0000 25.5625 27.09 26.60 1013.6866
04463.6333 25.1250 25.0000 25.5625 27.09 26.60 1013.6866
04463.6333 25.1250 25.0000 25.5625 27.09 26.60 1013.6866
04463.5708 25.1250 25.0000 25.5625 27.09 26.60 1013.6866
04440.3081 25.1250 25.0000 25.5625 27.09 26.60 1013.6866
04441.3081 25.1250 25.0000 25.5625 27.09 26.60 1013.8497
04462.3960 25.1250 25.0000 25.5625 27.09 26.60 1013.8497
04440.3335 25.1250 25.0000 25.5625 27.09 26.60 1013.8497
04463.5835 25.1250 25.0000 25.5625 27.09 26.60 1013.8497
04439.8833 25.1250 25.0000 25.5625 27.09 26.60 1013.8497
04463.6333 25.1250 25.0000 25.5625 27.09 26.60 1013.8497
04463.8208 25.1250 25.0000 25.5625 27.09 26.60 1013.8497
04461.6831 25.1250 25.0000 25.5625 27.09 26.60 1013.8497
04440.8208 25.1250 25.0000 25.5625 27.09 26.60 1013.8497
04461.9707 25.1250 25.0000 25.5625 27.09 26.59 1013.6323
04463.3960 25.1250 25.0000 25.5625 27.09 26.59 1013.6323
04463.5708 25.1250 25.0000 25.5625 27.09 26.59 1013.6323
04440.3208 25.1250 25.0000 25.5625 27.09 26.59 1013.6323
04463.6333 25.1250 25.0000 25.5625 27.09 26.59 1013.6323
04464.3335 25.1250 25.0000 25.5625 27.09 26.59 1013.6323
04463.6333 25.1250 25.0000 25.5625 27.09 26.59 1013.6323
04463.8706 25.1250 25.0000 25.5625 27.09 26.59 1013.6323
04441.4956 25.1250 25.0000 25.5625 27.09 26.59 1013.6323
04441.2583 25.1250 25.0000 25.5625 27.09 26.59 1013.6323
04464.1084 25.1250 25.0000 25.5625 27.09 26.59 1013.7410
04463.8706 25.1250 25.0000 25.5625 27.09 26.59 1013.7410
04463.6333 25.1250 25.0000 25.5625 27.09 26.59 1013.7410
04463.8208 25.1250 25.0000 25.5625 27.09 26.59 1013.7410
04463.8706 25.1250 25.0000 25.5625 27.09 26.59 1013.7410
04440.8335 25.1250 25.0000 25.5625 27.09 26.59 1013.7410
04441.0708 25.1250 25.0000 25.5625 27.09 26.59 1013.7410
04461.9331 25.1250 25.0000 25.5625 27.09 26.59 1013.7410
04463.6333 25.1250 25.0000 25.5625 27.09 26.59 1013.7410
04463.5957 25.1250 25.0000 25.5625 27.09 26.58 1013.7410
04463.8081 25.1250 25.0000 25.5625 27.09 26.58 1013.7410
04463.6333 25.1250 25.0000 25.5625 27.09 26.58 1013.7410
04439.8833 25.1250 25.0000 25.5625 27.09 26.58 1013.7410
04463.3833 25.1250 25.0000 25.5625 27.09 26.58 1013.7410
04463.8081 25.1250 25.0000 25.5625 27.09 26.58 1013.7410
#terjedesi                                       nyomas  ##
#ido(usec)  T1(C)   T2(C)   T3(C)  T4(C) para(%)  (hPa)
04441.0210 25.1250 25.0000 25.5625 27.09 26.58 1013.7410
04464.5332 25.1250 25.0000 25.5625 27.09 26.58 1013.7410
04463.6333 25.1250 25.0000 25.5625 27.09 26.58 1013.7410
04463.3706 25.1250 25.0000 25.5625 27.10 26.60 1013.8035
04463.3706 25.1250 25.0000 25.5625 27.10 26.60 1013.8035
04463.3335 25.1250 25.0000 25.5625 27.10 26.60 1013.8035
04464.0581 25.1250 25.0000 25.5625 27.10 26.60 1013.8035
04464.7583 25.1250 25.0000 25.5625 27.10 26.60 1013.8035
04462.6460 25.1250 25.0000 25.5625 27.10 26.60 1013.8035
04464.2832 25.1250 25.0000 25.5625 27.10 26.60 1013.8035
04463.5957 25.1250 25.0000 25.5625 27.10 26.60 1013.8035
04463.3833 25.1250 25.0000 25.5625 27.10 26.60 1013.8035
04463.3457 25.1250 25.0000 25.5625 27.10 26.60 1013.8035
04464.0459 25.1250 25.0000 25.5625 27.10 26.59 1013.8388
04463.6206 25.1250 25.0000 25.5625 27.10 26.59 1013.8388
04463.3457 25.1250 25.0000 25.5625 27.10 26.59 1013.8388
04464.5332 25.1250 25.0000 25.5625 27.10 26.59 1013.8388
04440.5957 25.1250 25.0000 25.5625 27.10 26.59 1013.8388
04461.6831 25.1250 25.0000 25.5625 27.10 26.59 1013.8388
04463.3833 25.1250 25.0000 25.5625 27.10 26.59 1013.8388
04463.3457 25.1250 25.0000 25.5625 27.10 26.59 1013.8388
04463.6084 25.1250 25.0000 25.5625 27.10 26.59 1013.8388
04463.3457 25.1250 25.0000 25.5625 27.09 26.57 1013.7953
04463.5708 25.1250 25.0000 25.5625 27.09 26.57 1013.7953
04463.6333 25.1250 25.0000 25.5625 27.09 26.57 1013.7953
04464.2959 25.1250 25.0000 25.5625 27.09 26.57 1013.7953
04441.0708 25.1250 25.0000 25.5625 27.09 26.57 1013.7953
04441.3081 25.1250 25.0000 25.5625 27.09 26.57 1013.7953
04463.3706 25.1250 25.0000 25.5625 27.09 26.57 1013.7953
04439.8335 25.1250 25.0000 25.5625 27.09 26.57 1013.7953
04440.3335 25.1250 25.0000 25.5625 27.09 26.57 1013.7953
04440.3584 25.1250 25.0000 25.5625 27.09 26.57 1013.7953
04464.0459 25.1250 25.0000 25.5625 27.10 26.58 1013.7031
04439.8584 25.1250 25.0000 25.5625 27.10 26.58 1013.7031
04461.9585 25.1250 25.0000 25.5625 27.10 26.58 1013.7031
04462.1582 25.1250 25.0000 25.5625 27.10 26.58 1013.7031
04463.8208 25.1250 25.0000 25.5625 27.10 26.58 1013.7031
04463.6333 25.1250 25.0000 25.5625 27.10 26.58 1013.7031
04463.8584 25.1250 25.0000 25.5625 27.10 26.58 1013.7031
04463.3584 25.1250 25.0000 25.5625 27.10 26.58 1013.7031
04463.8335 25.1250 25.0000 25.5625 27.10 26.58 1013.7031
04463.3457 25.1250 25.0000 25.5625 27.09 26.59 1013.7869
04464.2959 25.1250 25.0000 25.5625 27.09 26.59 1013.7869
04464.5835 25.1250 25.0000 25.5625 27.09 26.59 1013.7869
04461.9707 25.1250 25.0000 25.5625 27.09 26.59 1013.7869
04463.3706 25.1250 25.0000 25.5625 27.09 26.59 1013.7869
04463.6206 25.1250 25.0000 25.5625 27.09 26.59 1013.7869
04463.8706 25.1250 25.0000 25.5625 27.09 26.59 1013.7869
04464.2959 25.1250 25.0000 25.5625 27.09 26.59 1013.7869
04464.0581 25.1250 25.0000 25.5625 27.09 26.59 1013.7869
04463.3960 25.1250 25.0000 25.5625 27.09 26.59 1013.7869
04440.8081 25.1250 25.0000 25.5625 27.09 26.59 1013.6782
04441.0083 25.1250 25.0000 25.5625 27.09 26.59 1013.6782
04463.5835 25.1250 25.0000 25.5625 27.09 26.59 1013.6782
04463.8457 25.1250 25.0000 25.5625 27.09 26.59 1013.6782
04463.8081 25.1250 25.0000 25.5625 27.09 26.59 1013.6782
04463.8335 25.1250 25.0000 25.5625 27.09 26.59 1013.6782
04463.8706 25.1250 25.0000 25.5625 27.09 26.59 1013.6782
04464.0581 25.1250 25.0000 25.5625 27.09 26.59 1013.6782
04462.2085 25.1250 25.0000 25.5625 27.09 26.59 1013.6782
04462.4458 25.1250 25.0000 25.5625 27.10 26.57 1013.8117
04462.1958 25.1250 25.0000 25.5625 27.10 26.57 1013.8117
04440.5957 25.1250 25.0000 25.5625 27.10 26.57 1013.8117
04463.8706 25.1250 25.0000 25.5625 27.10 26.57 1013.8117
04463.6333 25.1250 25.0000 25.5625 27.10 26.57 1013.8117
04463.6206 25.1250 25.0000 25.5625 27.10 26.57 1013.8117
04440.3081 25.1250 25.0000 25.5625 27.10 26.57 1013.8117
04440.8335 25.1250 25.0000 25.5625 27.10 26.57 1013.8117
04441.0210 25.1250 25.0000 25.5625 27.10 26.57 1013.8117
04461.9458 25.1250 25.0000 25.5625 27.11 26.58 1013.8198
04463.8706 25.1250 25.0000 25.5625 27.11 26.58 1013.8198
04463.8208 25.1250 25.0000 25.5625 27.11 26.58 1013.8198
04463.8706 25.1250 25.0000 25.5625 27.11 26.58 1013.8198
#terjedesi                                       nyomas  ##
#ido(usec)  T1(C)   T2(C)   T3(C)  T4(C) para(%)  (hPa)
04463.6333 25.1250 25.0000 25.5625 27.11 26.58 1013.8198
04440.3457 25.1250 25.0000 25.5625 27.11 26.58 1013.8198
04463.6333 25.1250 25.0000 25.5625 27.11 26.58 1013.8198
04463.8081 25.1250 25.0000 25.5625 27.11 26.58 1013.8198
04461.9458 25.1250 25.0000 25.5625 27.11 26.58 1013.8198
04441.2456 25.1250 25.0000 25.5625 27.11 26.58 1013.8198
04463.3833 25.1250 25.0000 25.5625 27.09 26.57 1013.6866
04463.6333 25.1250 25.0000 25.5625 27.09 26.57 1013.6866
04463.6084 25.1250 25.0000 25.5625 27.09 26.57 1013.6866
04463.5835 25.1250 25.0000 25.5625 27.09 26.57 1013.6866
04464.0581 25.1250 25.0000 25.5625 27.09 26.57 1013.6866
04441.0332 25.1250 25.0000 25.5625 27.09 26.57 1013.6866
04461.9209 25.1250 25.0000 25.5625 27.09 26.57 1013.6866
04441.0210 25.1250 25.0000 25.5625 27.09 26.57 1013.6866
04463.3960 25.1250 25.0000 25.5625 27.09 26.57 1013.6866
04463.6333 25.1250 25.0000 25.5625 27.09 26.56 1013.6866
04463.8706 25.1250 25.0000 25.5625 27.09 26.56 1013.6866
04463.8081 25.1250 25.0000 25.5625 27.09 26.56 1013.6866
04463.5957 25.1250 25.0000 25.5625 27.09 26.56 1013.6866
04463.8706 25.1250 25.0000 25.5625 27.09 26.56 1013.6866
04464.0459 25.1250 25.0000 25.5625 27.09 26.56 1013.6866
04464.7832 25.1250 25.0000 25.5625 27.09 26.56 1013.6866
04461.4956 25.1250 25.0000 25.5625 27.09 26.56 1013.6866
04463.8706 25.1250 25.0000 25.5625 27.09 26.56 1013.6866
04463.8457 25.1250 25.0000 25.5625 27.09 26.56 1013.6866
04463.6333 25.1250 25.0000 25.5625 27.10 26.56 1013.7031
04463.6084 25.1250 25.0000 25.5625 27.10 26.56 1013.7031
04463.8335 25.1250 25.0000 25.5625 27.10 26.56 1013.7031
04462.3833 25.1875 25.0000 25.5625 27.10 26.56 1013.7031
04461.9707 25.1875 25.0000 25.5625 27.10 26.56 1013.7031
04461.9209 25.1875 25.0000 25.5625 27.10 26.56 1013.7031
04463.5957 25.1875 25.0000 25.5625 27.10 26.56 1013.7031
04463.5835 25.1875 25.0000 25.5625 27.10 26.56 1013.7031
04440.0708 25.1875 25.0000 25.5625 27.10 26.56 1013.7031
04440.3081 25.1875 25.0000 25.5625 27.10 26.58 1013.7031
04463.6333 25.1875 25.0000 25.5625 27.10 26.58 1013.7031
04463.3457 25.1875 25.0000 25.5625 27.10 26.58 1013.7031
04463.8706 25.1250 25.0000 25.5625 27.10 26.58 1013.7031
04461.9082 25.1250 25.0000 25.5625 27.10 26.58 1013.7031
04462.3960 25.1250 25.0000 25.5625 27.10 26.58 1013.7031
04440.5332 25.1250 25.0000 25.5625 27.10 26.58 1013.7031
04463.8081 25.1250 25.0000 25.5625 27.10 26.58 1013.7031
04464.0459 25.1250 25.0000 25.5625 27.10 26.58 1013.7031
04463.8335 25.1250 25.0000 25.5625 27.10 26.58 1013.7031
04463.6333 25.1250 25.0000 25.5625 27.10 26.58 1013.7031
04441.2456 25.1250 25.0000 25.5625 27.10 26.58 1013.7031
04441.0708 25.1250 25.0000 25.5625 27.10 26.58 1013.7031
04464.5835 25.1250 25.0000 25.5625 27.10 26.58 1013.7031
04440.2959 25.1250 25.0000 25.5625 27.10 26.58 1013.7031
04463.8457 25.1250 25.0000 25.5625 27.10 26.58 1013.7031
04463.6333 25.1250 25.0000 25.5625 27.10 26.58 1013.7031
04463.8706 25.1250 25.0000 25.5625 27.10 26.58 1013.7031
04463.6333 25.1250 25.0000 25.5625 27.10 26.58 1013.7031
04463.6333 25.1250 25.0000 25.5625 27.10 26.58 1013.7031
04463.8706 25.1250 25.0000 25.5625 27.11 26.59 1013.7737
04462.1582 25.1250 25.0000 25.5625 27.11 26.59 1013.7737
04462.2085 25.1250 25.0000 25.5625 27.11 26.59 1013.7737
04463.1084 25.1250 25.0000 25.5625 27.11 26.59 1013.7737
04463.8706 25.1250 25.0000 25.5625 27.11 26.59 1013.7737
04463.6333 25.1250 25.0000 25.5625 27.11 26.59 1013.7737
04440.3335 25.1250 25.0000 25.5625 27.11 26.59 1013.7737
04463.5835 25.1250 25.0000 25.5625 27.11 26.59 1013.7737
04464.2959 25.1250 25.0000 25.5625 27.11 26.58 1013.7466
04464.2959 25.1250 25.0000 25.5625 27.11 26.58 1013.7466
04440.7832 25.1250 25.0000 25.5625 27.11 26.58 1013.7466
04463.3960 25.1250 25.0000 25.5625 27.11 26.58 1013.7466
04463.3960 25.1250 25.0000 25.5625 27.11 26.58 1013.7466
04463.5835 25.1250 25.0000 25.5625 27.11 26.58 1013.7466
04463.1333 25.1250 25.0000 25.5625 27.11 26.58 1013.7466
04463.3335 25.1250 25.0000 25.5625 27.11 26.58 1013.7466
04463.6333 25.1250 25.0000 25.5625 27.11 26.58 1013.7466
04464.5332 25.1875 25.0000 25.5625 27.11 26.58 1013.7466
04441.0210 25.1875 25.0000 25.5625 27.10 26.57 1013.7573
#terjedesi                                       nyomas  ##
#ido(usec)  T1(C)   T2(C)   T3(C)  T4(C) para(%)  (hPa)
04464.5332 25.1875 25.0000 25.5625 27.10 26.57 1013.7573
04439.8706 25.1875 25.0000 25.5625 27.10 26.57 1013.7573
04463.8081 25.1875 25.0000 25.5625 27.10 26.57 1013.7573
04463.8706 25.1875 25.0000 25.5625 27.10 26.57 1013.7573
04463.5835 25.1875 25.0000 25.5625 27.10 26.57 1013.7573
04463.3960 25.1875 25.0000 25.5625 27.10 26.57 1013.7573
04463.3960 25.1875 25.0000 25.5625 27.10 26.57 1013.7573
04440.8335 25.1250 25.0000 25.5625 27.10 26.57 1013.7573
04461.6831 25.1250 25.0000 25.5625 27.10 26.57 1013.7573
04462.2085 25.1250 25.0000 25.5625 27.10 26.58 1013.7573
04463.3706 25.1250 25.0000 25.5625 27.10 26.58 1013.7573
04463.6333 25.1250 25.0000 25.5625 27.10 26.58 1013.7573
04464.1084 25.1250 25.0000 25.5625 27.10 26.58 1013.7573
04440.3081 25.1250 25.0000 25.5625 27.10 26.58 1013.7573
04463.5835 25.1250 25.0000 25.5625 27.10 26.58 1013.7573
04463.5835 25.1250 25.0000 25.5625 27.10 26.58 1013.7573
04462.1582 25.1250 25.0000 25.5625 27.10 26.58 1013.7573
04461.9458 25.1250 25.0000 25.5625 27.10 26.58 1013.7573
04439.8584 25.1250 25.0000 25.5625 27.09 26.61 1013.7953
04463.6333 25.1250 25.0000 25.5625 27.09 26.61 1013.7953
04463.8208 25.1250 25.0000 25.5625 27.09 26.61 1013.7953
04463.6084 25.1250 25.0000 25.5625 27.09 26.61 1013.7953
04463.6206 25.1250 25.0000 25.5625 27.09 26.61 1013.7953
04463.8706 25.1250 25.0000 25.5625 27.09 26.61 1013.7953
04462.1709 25.1250 25.0000 25.5625 27.09 26.61 1013.7953
04462.4331 25.1250 25.0000 25.5625 27.09 26.61 1013.7953
04461.9707 25.1250 25.0000 25.5625 27.09 26.61 1013.7953
04461.2085 25.1250 25.0000 25.5625 27.09 26.61 1013.7953
04463.6333 25.1250 25.0000 25.5625 27.11 26.98 1013.8281
04464.0459 25.1250 25.0000 25.5625 27.11 26.98 1013.8281
04460.9707 25.1250 25.0000 25.5625 27.11 26.98 1013.8281
04463.8335 25.1250 25.0000 25.5625 27.11 26.98 1013.8281
04463.5835 25.1250 25.0000 25.5625 27.11 26.98 1013.8281
04461.9707 25.1250 25.0000 25.5625 27.11 26.98 1013.8281
04461.9331 25.1250 25.0000 25.5625 27.11 26.98 1013.8281
04440.0957 25.1250 25.0000 25.5625 27.11 26.98 1013.8281
04463.8706 25.1250 25.0000 25.5625 27.11 26.98 1013.8281
04463.6084 25.1250 25.0000 25.5625 27.11 27.63 1013.7656
04463.8208 25.1250 25.0000 25.5625 27.11 27.63 1013.7656
04463.6333 25.1250 25.0000 25.5625 27.11 27.63 1013.7656
04464.1084 25.1250 25.0000 25.5625 27.11 27.63 1013.7656
04461.9585 25.1250 25.0000 25.5625 27.11 27.63 1013.7656
04462.1709 25.1250 25.0000 25.5625 27.11 27.63 1013.7656
04462.1958 25.1250 25.0000 25.5625 27.11 27.63 1013.7656
04464.1084 25.1250 25.0000 25.5625 27.11 27.63 1013.7656
04463.6206 25.1250 25.0000 25.5625 27.11 27.63 1013.7656
04463.8706 25.1250 25.0000 25.5625 27.11 27.63 1013.7656
04463.6333 25.1250 25.0000 25.5625 27.11 27.31 1013.8823
04440.0708 25.1250 25.0000 25.5625 27.11 27.31 1013.8823
04464.5708 25.1250 25.0000 25.5625 27.11 27.31 1013.8823
04461.9585 25.1250 25.0000 25.5625 27.11 27.31 1013.8823
04461.9458 25.1250 25.0000 25.5625 27.11 27.31 1013.8823
04463.8584 25.1250 25.0000 25.5625 27.11 27.31 1013.8823
04463.8457 25.1250 25.0000 25.5625 27.11 27.31 1013.8823
04463.6333 25.1250 25.0000 25.5625 27.11 27.31 1013.8823
04463.6333 25.1250 25.0000 25.5625 27.11 27.31 1013.8823
04463.6333 25.1250 25.0000 25.5625 27.10 27.12 1013.7573
04463.8208 25.1250 25.0000 25.5625 27.10 27.12 1013.7573
04463.8208 25.1250 25.0000 25.5625 27.10 27.12 1013.7573
04461.9209 25.1250 25.0000 25.5625 27.10 27.12 1013.7573
04461.9585 25.1250 25.0000 25.5625 27.10 27.12 1013.7573
04439.8833 25.1250 25.0000 25.5625 27.10 27.12 1013.7573
04463.5835 25.1250 25.0000 25.5625 27.10 27.12 1013.7573
04463.3960 25.1250 25.0000 25.5625 27.10 27.12 1013.7573
04440.5708 25.1250 25.0000 25.5625 27.10 27.12 1013.7573
04460.7334 25.1250 25.0000 25.5625 27.12 27.53 1013.6189
04461.7334 25.1250 25.0000 25.5625 27.12 27.53 1013.6189
04461.4956 25.1250 25.0000 25.5625 27.12 27.53 1013.6189
04461.9209 25.1250 25.0000 25.5625 27.12 27.53 1013.6189
04440.1206 25.1250 25.0000 25.5625 27.12 27.53 1013.6189
04463.8208 25.1250 25.0000 25.5625 27.12 27.53 1013.6189
04439.8706 25.1250 25.0000 25.5625 27.12 27.53 1013.6189
04461.1958 25.1250 25.0000 25.5625 27.12 27.53 1013.6189
#terjedesi                                       nyomas  ##
#ido(usec)  T1(C)   T2(C)   T3(C)  T4(C) para(%)  (hPa)
04464.0708 25.1250 25.0000 25.5625 27.12 27.53 1013.6189
04460.7583 25.1250 25.0000 25.5625 27.12 27.53 1013.6189
04460.7334 25.1250 25.0000 25.5625 27.11 28.46 1013.8552
04462.1460 25.1250 25.0000 25.5625 27.11 28.46 1013.8552
04461.9082 25.1250 25.0000 25.5625 27.11 28.46 1013.8552
04440.2959 25.1250 25.0000 25.5625 27.11 28.46 1013.8552
04440.1084 25.1250 25.0000 25.5625 27.11 28.46 1013.8552
04463.5835 25.1250 25.0000 25.5625 27.11 28.46 1013.8552
04460.7334 25.1250 25.0000 25.5625 27.11 28.46 1013.8552
04439.8706 25.1250 25.0000 25.5625 27.11 28.46 1013.8552
04461.7207 25.1250 25.0000 25.5625 27.11 28.46 1013.8552
04461.4956 25.1250 25.0000 25.5625 27.11 28.55 1013.7112
04461.7334 25.1250 25.0000 25.5625 27.11 28.55 1013.7112
04463.3960 25.1250 25.0000 25.5625 27.11 28.55 1013.7112
04463.3960 25.1250 25.0000 25.5625 27.11 28.55 1013.7112
04440.0957 25.1250 25.0000 25.5625 27.11 28.55 1013.7112
04463.5708 25.1250 25.0000 25.5625 27.11 28.55 1013.7112
04463.6206 25.1250 25.0000 25.5625 27.11 28.55 1013.7112
04463.8706 25.1250 25.0000 25.5625 27.11 28.55 1013.7112
04463.8706 25.1250 25.0000 25.5625 27.11 28.55 1013.7112
04461.9707 25.1250 25.0000 25.5625 27.11 28.55 1013.7112
04461.9707 25.1250 25.0000 25.5625 27.13 28.30 1013.6814
04464.0957 25.1250 25.0000 25.5625 27.13 28.30 1013.6814
04463.6206 25.1250 25.0000 25.5625 27.13 28.30 1013.6814
04463.3457 25.1250 25.0000 25.5625 27.13 28.30 1013.6814
04463.6333 25.1250 25.0000 25.5625 27.13 28.30 1013.6814
04463.6084 25.1250 25.0000 25.5625 27.13 28.30 1013.6814
04461.9209 25.1875 25.0000 25.5625 27.13 28.30 1013.6814
04461.6831 25.1875 25.0000 25.5625 27.13 28.30 1013.6814
04461.6831 25.1875 25.0000 25.5625 27.13 28.30 1013.6814
04463.5835 25.1875 25.0000 25.5625 27.11 27.79 1013.7466
04463.5835 25.1875 25.0000 25.5625 27.11 27.79 1013.7466
04463.5708 25.1875 25.0000 25.5625 27.11 27.79 1013.7466
04463.8457 25.1875 25.0000 25.5625 27.11 27.79 1013.7466
04463.3960 25.1875 25.0000 25.5625 27.11 27.79 1013.7466
04463.3960 25.1875 25.0000 25.5625 27.11 27.79 1013.7466
04463.6333 25.1250 25.0000 25.5625 27.11 27.79 1013.7466
04461.6831 25.1250 25.0000 25.5625 27.11 27.79 1013.7466
04461.9458 25.1250 25.0000 25.5625 27.11 27.79 1013.7466
04463.5835 25.1250 25.0000 25.5625 27.11 27.79 1013.7466
04463.5835 25.1250 25.0000 25.5625 27.11 27.56 1013.6841
04463.5835 25.1250 25.0000 25.5625 27.11 27.56 1013.6841
04439.5835 25.1250 25.0000 25.5625 27.11 27.56 1013.6841
04463.3833 25.1250 25.0000 25.5625 27.11 27.56 1013.6841
04461.2583 25.1250 25.0000 25.5625 27.11 27.56 1013.6841
04461.7207 25.1250 25.0000 25.5625 27.11 27.56 1013.6841
04461.9585 25.1250 25.0000 25.5625 27.11 27.56 1013.6841
04463.3960 25.1250 25.0000 25.5625 27.11 27.56 1013.6841
04463.6333 25.1250 25.0000 25.5625 27.11 27.56 1013.6841
04463.8335 25.1250 25.0000 25.5625 27.12 27.39 1013.8362
04440.0957 25.1250 25.0000 25.5625 27.12 27.39 1013.8362
04463.8081 25.1250 25.0000 25.5625 27.12 27.39 1013.8362
04463.8584 25.1250 25.0000 25.5625 27.12 27.39 1013.8362
04462.1582 25.1250 25.0000 25.5625 27.12 27.39 1013.8362
04461.9585 25.1250 25.0000 25.5625 27.12 27.39 1013.8362
04462.2085 25.1250 25.0000 25.5625 27.12 27.39 1013.8362
04440.0957 25.1250 25.0000 25.5625 27.12 27.39 1013.8362
04463.8208 25.1250 25.0000 25.5625 27.12 27.39 1013.8362
04463.8706 25.1250 25.0000 25.5625 27.11 27.48 1013.8281
04439.8457 25.1250 25.0000 25.5625 27.11 27.48 1013.8281
04463.8081 25.1250 25.0000 25.5625 27.11 27.48 1013.8281
04460.7832 25.1250 25.0000 25.5625 27.11 27.48 1013.8281
04461.9331 25.1250 25.0000 25.5625 27.11 27.48 1013.8281
04461.6958 25.1250 25.0000 25.5625 27.11 27.48 1013.8281
04461.9585 25.1250 25.0000 25.5625 27.11 27.48 1013.8281
04463.8081 25.1250 25.0000 25.5625 27.11 27.48 1013.8281
04460.9707 25.1250 25.0000 25.5625 27.11 27.48 1013.8281
04439.8833 25.1250 25.0000 25.5625 27.11 27.48 1013.8281
04463.6333 25.1250 25.0000 25.5625 27.11 27.48 1013.8281
04463.3706 25.1250 25.0000 25.5625 27.11 27.68 1013.7737
04463.3335 25.1250 25.0000 25.5625 27.11 27.68 1013.7737
04461.7334 25.1250 25.0000 25.5625 27.11 27.68 1013.7737
04461.6831 25.1250 25.0000 25.5625 27.11 27.68 1013.7737
#terjedesi                                       nyomas  ##
#ido(usec)  T1(C)   T2(C)   T3(C)  T4(C) para(%)  (hPa)
04440.0708 25.1250 25.0000 25.5625 27.11 27.68 1013.7737
04440.1206 25.1250 25.0000 25.5625 27.11 27.68 1013.7737
04463.3457 25.1250 25.0000 25.5625 27.11 27.68 1013.7737
04463.8706 25.1250 25.0000 25.5625 27.11 27.68 1013.7737
04440.1206 25.1250 25.0000 25.5625 27.11 27.59 1013.9095
04440.0835 25.1250 25.0000 25.5625 27.11 27.59 1013.9095
04440.8081 25.1250 25.0000 25.5625 27.11 27.59 1013.9095
04461.9082 25.1250 25.0000 25.5625 27.11 27.59 1013.9095
04461.7207 25.1250 25.0000 25.5625 27.11 27.59 1013.9095
04439.6206 25.1250 25.0000 25.5625 27.11 27.59 1013.9095
04463.3833 25.1250 25.0000 25.5625 27.11 27.59 1013.9095
04463.6206 25.1250 25.0000 25.5625 27.11 27.59 1013.9095
04464.0581 25.1250 25.0000 25.5625 27.11 27.59 1013.9095
04463.6333 25.1250 25.0000 25.5625 27.11 27.59 1013.9095
04463.8706 25.1250 25.0000 25.5625 27.14 27.34 1013.8611
04461.6709 25.1250 25.0000 25.5625 27.14 27.34 1013.8611
04461.6831 25.1250 25.0000 25.5625 27.14 27.34 1013.8611
04463.5957 25.1250 25.0000 25.5625 27.14 27.34 1013.8611
04463.3960 25.1250 25.0000 25.5625 27.14 27.34 1013.8611
04460.7334 25.1250 25.0000 25.5625 27.14 27.34 1013.8611
04463.8706 25.1250 25.0000 25.5625 27.14 27.34 1013.8611
04440.0708 25.1250 25.0000 25.5625 27.14 27.34 1013.8611
04463.6333 25.1250 25.0000 25.5625 27.14 27.34 1013.8611
04441.0332 25.1250 25.0000 25.5625 27.14 27.34 1013.8611
04441.2583 25.1250 25.0000 25.5625 27.11 27.11 1013.7737
04461.9082 25.1250 25.0000 25.5625 27.11 27.11 1013.7737
04440.3457 25.1250 25.0000 25.5625 27.11 27.11 1013.7737
04439.8457 25.1250 25.0000 25.5625 27.11 27.11 1013.7737
04463.5835 25.1250 25.0000 25.5625 27.11 27.11 1013.7737
04464.0581 25.1250 25.0000 25.5625 27.11 27.11 1013.7737
04464.0581 25.1250 25.0000 25.5625 27.11 27.11 1013.7737
04464.3208 25.1250 25.0000 25.5625 27.11 27.11 1013.7737
04461.9209 25.1250 25.0000 25.5625 27.11 27.11 1013.7737
04462.1958 25.1250 25.0000 25.5625 27.11 27.01 1013.7656
04464.0459 25.1250 25.0000 25.5625 27.11 27.01 1013.7656
04463.8208 25.1250 25.0000 25.5625 27.11 27.01 1013.7656
04463.6333 25.1250 25.0000 25.5625 27.11 27.01 1013.7656
04464.0459 25.1250 25.0000 25.5625 27.11 27.01 1013.7656
04463.6084 25.1250 25.0000 25.5625 27.11 27.01 1013.7656
04463.8706 25.1250 25.0000 25.5625 27.11 27.01 1013.7656
04463.5708 25.1250 25.0000 25.5625 27.11 27.01 1013.7656
04462.2085 25.1250 25.0000 25.5625 27.11 27.01 1013.7656
04462.4458 25.1250 25.0000 25.5625 27.11 27.01 1013.7656
04440.3584 25.1250 25.0000 25.5625 27.11 26.97 1013.8008
04440.3584 25.1250 25.0000 25.5625 27.11 26.97 1013.8008
04463.8584 25.1250 25.0000 25.5625 27.11 26.97 1013.8008
04463.8584 25.1250 25.0000 25.5625 27.11 26.97 1013.8008
04463.8335 25.1250 25.0000 25.5625 27.11 26.97 1013.8008
04441.0083 25.1250 25.0000 25.5625 27.11 26.97 1013.8008
04461.6831 25.1250 25.0000 25.5625 27.11 26.97 1013.8008
04441.0459 25.1250 25.0000 25.5625 27.11 26.97 1013.8008
04463.5708 25.1250 25.0000 25.5625 27.11 26.97 1013.8008
04440.0708 25.1250 25.0000 25.5625 27.11 26.93 1013.7194
04440.3457 25.1250 25.0000 25.5625 27.11 26.93 1013.7194
04439.8584 25.1250 25.0000 25.5625 27.11 26.93 1013.7194
04463.6333 25.1250 25.0000 25.5625 27.11 26.93 1013.7194
04463.5708 25.1250 25.0000 25.5625 27.11 26.93 1013.7194
04440.3081 25.1250 25.0000 25.5625 27.11 26.93 1013.7194
04462.2085 25.1250 25.0000 25.5625 27.11 26.93 1013.7194
04462.1582 25.1250 25.0000 25.5625 27.11 26.93 1013.7194
04460.9707 25.1250 25.0000 25.5625 27.11 26.93 1013.7194
04463.3960 25.1250 25.0000 25.5625 27.11 26.93 1013.7194
04463.8081 25.1250 25.0000 25.5625 27.11 26.85 1013.8198
04464.0708 25.1250 25.0000 25.5625 27.11 26.85 1013.8198
04463.8335 25.1250 25.0000 25.5625 27.11 26.85 1013.8198
04441.0210 25.1875 25.0000 25.5625 27.11 26.85 1013.8198
04461.9209 25.1875 25.0000 25.5625 27.11 26.85 1013.8198
04461.6831 25.1875 25.0000 25.5625 27.11 26.85 1013.8198
04463.3960 25.1875 25.0000 25.5625 27.11 26.85 1013.8198
04463.8584 25.1875 25.0000 25.5625 27.11 26.85 1013.8198
04440.1206 25.1875 25.0000 25.5625 27.11 26.85 1013.8198
04463.8706 25.1875 25.0000 25.5625 27.10 26.77 1013.7031
04463.8584 25.1875 25.0000 25.5625 27.10 26.77 1013.7031
#terjedesi                                       nyomas  ##
#ido(usec)  T1(C)   T2(C)   T3(C)  T4(C) para(%)  (hPa)
04463.5957 25.1875 25.0000 25.5625 27.10 26.77 1013.7031
04463.5835 25.1250 25.0000 25.5625 27.10 26.77 1013.7031
04441.0708 25.1250 25.0000 25.5625 27.10 26.77 1013.7031
04441.0708 25.1250 25.0000 25.5625 27.10 26.77 1013.7031
04440.1206 25.1250 25.0000 25.5625 27.10 26.77 1013.7031
04440.3081 25.1250 25.0000 25.5625 27.10 26.77 1013.7031
04464.0835 25.1250 25.0000 25.5625 27.10 26.77 1013.7031
04463.6084 25.1250 25.0000 25.5625 27.11 26.70 1013.7194
04463.8081 25.1250 25.0000 25.5625 27.11 26.70 1013.7194
04461.6831 25.1875 25.0000 25.5625 27.11 26.70 1013.7194
04440.8335 25.1875 25.0000 25.5625 27.11 26.70 1013.7194
04461.9707 25.1875 25.0000 25.5625 27.11 26.70 1013.7194
04463.3833 25.1875 25.0000 25.5625 27.11 26.70 1013.7194
04463.8706 25.1875 25.0000 25.5625 27.11 26.70 1013.7194
04463.8706 25.1875 25.0000 25.5625 27.11 26.70 1013.7194
04463.6333 25.1875 25.0000 25.5625 27.11 26.70 1013.7194
04440.0581 25.1875 25.0000 25.5625 27.11 26.70 1013.7194
04440.3584 25.1875 25.0000 25.5625 27.11 26.67 1013.8198
04464.0459 25.1875 25.0000 25.5625 27.11 26.67 1013.8198
04462.1582 25.1875 25.0000 25.5625 27.11 26.67 1013.8198
04461.9707 25.1875 25.0000 25.5625 27.11 26.67 1013.8198
04463.8208 25.1875 25.0000 25.5625 27.11 26.67 1013.8198
04464.0581 25.1875 25.0000 25.5625 27.11 26.67 1013.8198
04440.0581 25.1875 25.0000 25.5625 27.11 26.67 1013.8198
04463.8584 25.1875 25.0000 25.5625 27.11 26.67 1013.8198
04463.6333 25.1875 25.0000 25.5625 27.11 26.67 1013.8198
04440.3457 25.1250 25.0000 25.5625 27.10 26.70 1013.7573
04441.0581 25.1250 25.0000 25.5625 27.10 26.70 1013.7573
04441.2456 25.1250 25.0000 25.5625 27.10 26.70 1013.7573
04464.0581 25.1250 25.0000 25.5625 27.10 26.70 1013.7573
04463.8706 25.1250 25.0000 25.5625 27.10 26.70 1013.7573
04464.0708 25.1250 25.0000 25.5625 27.10 26.70 1013.7573
04463.8208 25.1250 25.0000 25.5625 27.10 26.70 1013.7573
04463.6333 25.1250 25.0000 25.5625 27.10 26.70 1013.7573
04463.8208 25.1250 25.0000 25.5625 27.10 26.70 1013.7573
04461.7334 25.1875 25.0000 25.5625 27.10 26.70 1013.7573
04461.9585 25.1875 25.0000 25.5625 27.10 26.73 1013.7031
04461.9707 25.1875 25.0000 25.5625 27.10 26.73 1013.7031
04463.3960 25.1875 25.0000 25.5625 27.10 26.73 1013.7031
04439.8335 25.1875 25.0000 25.5625 27.10 26.73 1013.7031
04463.8457 25.1875 25.0000 25.5625 27.10 26.73 1013.7031
04440.0581 25.1875 25.0000 25.5625 27.10 26.73 1013.7031
04464.0835 25.1875 25.0000 25.5625 27.10 26.73 1013.7031
04463.8081 25.1875 25.0000 25.5625 27.10 26.73 1013.7031
04462.1582 25.1875 25.0000 25.5625 27.10 26.73 1013.7031
04461.6831 25.1875 25.0000 25.5625 27.10 26.73 1013.8117
04462.2085 25.1875 25.0000 25.5625 27.10 26.73 1013.8117
04460.7832 25.1875 25.0000 25.5625 27.10 26.73 1013.8117
04461.0210 25.1875 25.0000 25.5625 27.10 26.73 1013.8117
04463.8081 25.1875 25.0000 25.5625 27.10 26.73 1013.8117
04440.1206 25.1875 25.0000 25.5625 27.10 26.73 1013.8117
04463.5835 25.1875 25.0000 25.5625 27.10 26.73 1013.8117
04463.6206 25.1875 25.0000 25.5625 27.10 26.73 1013.8117
04461.4331 25.1875 25.0000 25.5625 27.10 26.73 1013.8117
04441.0708 25.1875 25.0000 25.5625 27.10 26.64 1013.8117
04439.8335 25.1875 25.0000 25.5625 27.10 26.64 1013.8117
04463.5835 25.1875 25.0000 25.5625 27.10 26.64 1013.8117
04460.9707 25.1875 25.0000 25.5625 27.10 26.64 1013.8117
04464.0835 25.1875 25.0000 25.5625 27.10 26.64 1013.8117
04440.0835 25.1875 25.0000 25.5625 27.10 26.64 1013.8117
04464.1084 25.1875 25.0000 25.5625 27.10 26.64 1013.8117
04461.9707 25.1250 25.0000 25.5625 27.10 26.64 1013.8117
04461.9707 25.1250 25.0000 25.5625 27.10 26.64 1013.8117
04441.0708 25.1250 25.0000 25.5625 27.10 26.64 1013.8117
04463.3457 25.1250 25.0000 25.5625 27.10 26.53 1013.7031
04439.8833 25.1250 25.0000 25.5625 27.10 26.53 1013.7031
04463.6084 25.1250 25.0000 25.5625 27.10 26.53 1013.7031
04439.8833 25.1250 25.0000 25.5625 27.10 26.53 1013.7031
04463.3960 25.1250 25.0000 25.5625 27.10 26.53 1013.7031
04463.6333 25.1250 25.0000 25.5625 27.10 26.53 1013.7031
04441.0083 25.1875 25.0000 25.5625 27.10 26.53 1013.7031
04462.3960 25.1875 25.0000 25.5625 27.10 26.53 1013.7031
04460.9707 25.1875 25.0000 25.5625 27.10 26.53 1013.7031
#terjedesi                                       nyomas  ##
#ido(usec)  T1(C)   T2(C)   T3(C)  T4(C) para(%)  (hPa)
04464.0581 25.1875 25.0000 25.5625 27.10 26.56 1013.7031
04456.2334 25.1875 25.0000 25.5625 27.10 26.56 1013.7031
04463.3960 25.1875 25.0000 25.5625 27.10 26.56 1013.7031
04463.3335 25.1875 25.0000 25.5625 27.10 26.56 1013.7031
04463.6333 25.1875 25.0000 25.5625 27.10 26.56 1013.7031
04461.7334 25.1875 25.0000 25.6250 27.10 26.56 1013.7031
04440.7959 25.1875 25.0000 25.6250 27.10 26.56 1013.7031
04461.4585 25.1875 25.0000 25.6250 27.10 26.56 1013.7031
04463.3960 25.1875 25.0000 25.6250 27.10 26.56 1013.7031
04439.8335 25.1875 25.0000 25.6250 27.10 26.56 1013.7031
04463.6333 25.1875 25.0000 25.6250 27.10 26.59 1013.7031
04440.2959 25.1875 25.0000 25.6250 27.10 26.59 1013.7031
04439.8208 25.1875 25.0000 25.6250 27.10 26.59 1013.7031
04464.2959 25.1875 25.0000 25.5625 27.10 26.59 1013.7031
04441.0332 25.1875 25.0000 25.5625 27.10 26.59 1013.7031
04461.7334 25.1875 25.0000 25.5625 27.10 26.59 1013.7031
04439.5835 25.1875 25.0000 25.5625 27.10 26.59 1013.7031
04463.6333 25.1875 25.0000 25.5625 27.10 26.59 1013.7031
04463.8584 25.1875 25.0000 25.5625 27.10 26.59 1013.7031
04440.5957 25.1875 25.0000 25.5625 27.10 26.54 1013.6404
04463.6206 25.1875 25.0000 25.5625 27.10 26.54 1013.6404
04463.5835 25.1875 25.0000 25.5625 27.10 26.54 1013.6404
04464.0459 25.1875 25.0000 25.6250 27.10 26.54 1013.6404
04461.9707 25.1875 25.0000 25.6250 27.10 26.54 1013.6404
04461.7207 25.1875 25.0000 25.6250 27.10 26.54 1013.6404
04463.6333 25.1875 25.0000 25.6250 27.10 26.54 1013.6404
04463.3335 25.1875 25.0000 25.6250 27.10 26.54 1013.6404
04463.8208 25.1875 25.0000 25.6250 27.10 26.54 1013.6404
04463.5835 25.1875 25.0000 25.6250 27.10 26.54 1013.6404
04463.8584 25.1875 25.0000 25.6250 27.10 26.54 1013.7573
04461.6831 25.1875 25.0000 25.6250 27.10 26.54 1013.7573
04461.7334 25.1875 25.0000 25.6250 27.10 26.54 1013.7573
04461.6831 25.1875 25.0000 25.6250 27.10 26.54 1013.7573
04440.0708 25.1875 25.0000 25.6250 27.10 26.54 1013.7573
04440.0708 25.1875 25.0000 25.6250 27.10 26.54 1013.7573
04463.8706 25.1875 25.0000 25.6250 27.10 26.54 1013.7573
04463.6084 25.1875 25.0000 25.6250 27.10 26.54 1013.7573
04463.6333 25.1875 25.0000 25.6250 27.10 26.54 1013.7573
04463.1333 25.1875 25.0000 25.6250 27.10 26.54 1013.7573
04463.8208 25.1875 25.0000 25.5625 27.11 26.53 1013.8823
04464.3335 25.1875 25.0000 25.5625 27.11 26.53 1013.8823
04461.9707 25.1875 25.0000 25.5625 27.11 26.53 1013.8823
04463.3457 25.1875 25.0000 25.5625 27.11 26.53 1013.8823
04463.6333 25.1875 25.0000 25.5625 27.11 26.53 1013.8823
04463.3833 25.1875 25.0000 25.5625 27.11 26.53 1013.8823
04440.0957 25.1875 25.0000 25.5625 27.11 26.53 1013.8823
04463.6084 25.1875 25.0000 25.5625 27.11 26.53 1013.8823
04461.7334 25.1250 25.0000 25.5625 27.10 26.56 1013.8117
04461.9458 25.1250 25.0000 25.5625 27.10 26.56 1013.8117
04461.6709 25.1250 25.0000 25.5625 27.10 26.56 1013.8117
04440.1206 25.1250 25.0000 25.5625 27.10 26.56 1013.8117
04463.3335 25.1250 25.0000 25.5625 27.10 26.56 1013.8117
04463.8081 25.1250 25.0000 25.5625 27.10 26.56 1013.8117
04439.8833 25.1250 25.0000 25.5625 27.10 26.56 1013.8117
04463.6084 25.1250 25.0000 25.5625 27.10 26.56 1013.8117
04440.3081 25.1250 25.0000 25.5625 27.10 26.56 1013.8117
04463.8706 25.1875 25.0000 25.5625 27.10 26.56 1013.8117
04462.1582 25.1875 25.0000 25.5625 27.10 26.56 1013.8117
04461.9082 25.1875 25.0000 25.5625 27.10 26.57 1013.8307
04463.3833 25.1875 25.0000 25.5625 27.10 26.57 1013.8307
04439.8208 25.1875 25.0000 25.5625 27.10 26.57 1013.8307
04463.3457 25.1875 25.0000 25.5625 27.10 26.57 1013.8307
04463.5957 25.1875 25.0000 25.5625 27.10 26.57 1013.8307
04463.8706 25.1875 25.0000 25.5625 27.10 26.57 1013.8307
04462.1582 25.1875 25.0000 25.6250 27.10 26.57 1013.8307
04461.9082 25.1875 25.0000 25.6250 27.10 26.57 1013.8307
04441.0459 25.1875 25.0000 25.6250 27.10 26.57 1013.8307
04463.1582 25.1875 25.0000 25.6250 27.12 26.57 1013.7547
04440.0581 25.1875 25.0000 25.6250 27.12 26.57 1013.7547
04463.5957 25.1875 25.0000 25.6250 27.12 26.57 1013.7547
04463.5835 25.1875 25.0000 25.6250 27.12 26.57 1013.7547
04463.3960 25.1875 25.0000 25.6250 27.12 26.57 1013.7547
04463.3960 25.1875 25.0000 25.6250 27.12 26.57 1013.7547
#terjedesi                                       nyomas  ##
#ido(usec)  T1(C)   T2(C)   T3(C)  T4(C) para(%)  (hPa)
04463.6333 25.1875 25.0000 25.5625 27.12 26.57 1013.7547
04441.0459 25.1875 25.0000 25.5625 27.12 26.57 1013.7547
04461.6831 25.1875 25.0000 25.5625 27.12 26.57 1013.7547
04463.3457 25.1875 25.0000 25.5625 27.10 26.49 1013.7031
04463.1460 25.1875 25.0000 25.5625 27.10 26.49 1013.7031
04463.3960 25.1875 25.0000 25.5625 27.10 26.49 1013.7031
04439.8335 25.1875 25.0000 25.5625 27.10 26.49 1013.7031
04463.5835 25.1875 25.0000 25.5625 27.10 26.49 1013.7031
04464.3457 25.1875 25.0000 25.6250 27.10 26.49 1013.7031
04461.9707 25.1875 25.0000 25.6250 27.10 26.49 1013.7031
04461.9707 25.1875 25.0000 25.6250 27.10 26.49 1013.7031
04463.8706 25.1875 25.0000 25.6250 27.10 26.49 1013.7031
04463.8706 25.1875 25.0000 25.6250 27.10 26.49 1013.7031
04440.3081 25.1875 25.0000 25.6250 27.10 26.43 1013.7031
04463.6084 25.1875 25.0000 25.6250 27.10 26.43 1013.7031
04463.5708 25.1875 25.0000 25.6250 27.10 26.43 1013.7031
04463.8208 25.1875 25.0000 25.6250 27.10 26.43 1013.7031
04461.6831 25.1875 25.0000 25.6250 27.10 26.43 1013.7031
04461.6709 25.1875 25.0000 25.6250 27.10 26.43 1013.7031
04461.9209 25.1875 25.0000 25.6250 27.10 26.43 1013.7031
04463.6333 25.1875 25.0000 25.6250 27.10 26.43 1013.7031
04463.5835 25.1875 25.0000 25.6250 27.10 26.43 1013.7031
04463.1582 25.1875 25.0000 25.6250 27.10 26.41 1013.7031
04463.5835 25.1875 25.0000 25.6250 27.10 26.41 1013.7031
04440.3584 25.1875 25.0000 25.6250 27.10 26.41 1013.7031
04463.5835 25.1875 25.0000 25.6250 27.10 26.41 1013.7031
04461.4956 25.1875 25.0000 25.6250 27.10 26.41 1013.7031
04441.0083 25.1875 25.0000 25.6250 27.10 26.41 1013.7031
04440.8335 25.1875 25.0000 25.6250 27.10 26.41 1013.7031
04463.6333 25.1875 25.0000 25.6250 27.10 26.41 1013.7031
04463.6333 25.1875 25.0000 25.6250 27.10 26.41 1013.7031
04463.5957 25.1875 25.0000 25.6250 27.10 26.41 1013.7031
04463.6333 25.1875 25.0000 25.6250 27.10 26.40 1013.8307
04463.6084 25.1875 25.0000 25.6250 27.10 26.40 1013.8307
04463.3457 25.1875 25.0000 25.6250 27.10 26.40 1013.8307
04464.3208 25.1250 25.0000 25.5625 27.10 26.40 1013.8307
04461.4458 25.1250 25.0000 25.5625 27.10 26.40 1013.8307
04463.8081 25.1250 25.0000 25.5625 27.10 26.40 1013.8307
04439.5835 25.1250 25.0000 25.5625 27.10 26.40 1013.8307
04463.6333 25.1250 25.0000 25.5625 27.10 26.40 1013.8307
04439.5957 25.1250 25.0000 25.5625 27.10 26.40 1013.8307
04463.6206 25.1250 25.0000 25.5625 27.11 26.39 1013.5835
04463.6333 25.1250 25.0000 25.5625 27.11 26.39 1013.5835
04440.8335 25.1250 25.0000 25.5625 27.11 26.39 1013.5835
04461.6831 25.1250 25.0000 25.5625 27.11 26.39 1013.5835
04461.9331 25.1250 25.0000 25.5625 27.11 26.39 1013.5835
04464.2959 25.1250 25.0000 25.5625 27.11 26.39 1013.5835
04440.3335 25.1250 25.0000 25.5625 27.11 26.39 1013.5835
04461.2583 25.1250 25.0000 25.5625 27.11 26.39 1013.5835
04440.0708 25.1250 25.0000 25.5625 27.11 26.39 1013.5835
04463.8706 25.1250 25.0000 25.5625 27.11 26.39 1013.5835
04440.0835 25.1250 25.0000 25.6250 27.10 26.40 1013.7845
04461.6831 25.1875 25.0625 25.6250 27.10 26.40 1013.7845
04461.6831 25.1875 25.0625 25.6250 27.10 26.40 1013.7845
04460.7334 25.1875 25.0625 25.6250 27.10 26.40 1013.7845
04463.8457 25.1875 25.0625 25.6250 27.10 26.40 1013.7845
04440.0708 25.1875 25.0625 25.6250 27.10 26.40 1013.7845
04439.8457 25.1875 25.0625 25.6250 27.10 26.40 1013.7845
04463.8208 25.1875 25.0625 25.6250 27.10 26.40 1013.7845
04440.3584 25.1875 25.0625 25.6250 27.10 26.40 1013.7845
04461.7334 25.1875 25.0000 25.6250 27.13 26.35 1013.7357
04461.6831 25.1875 25.0000 25.6250 27.13 26.35 1013.7357
04461.7334 25.1875 25.0000 25.6250 27.13 26.35 1013.7357
04439.8833 25.1875 25.0000 25.6250 27.13 26.35 1013.7357
04439.8833 25.1875 25.0000 25.6250 27.13 26.35 1013.7357
04463.5957 25.1875 25.0000 25.6250 27.13 26.35 1013.7357
04463.1582 25.1875 25.0000 25.6250 27.13 26.35 1013.7357
04463.5708 25.1875 25.0000 25.6250 27.13 26.35 1013.7357
04440.5459 25.1875 25.0000 25.6250 27.13 26.35 1013.7357
04441.0210 25.1875 25.0000 25.6250 27.10 26.27 1013.6758
04461.6709 25.1875 25.0000 25.6250 27.10 26.27 1013.6758
04440.3081 25.1875 25.0000 25.6250 27.10 26.27 1013.6758
04463.6333 25.1875 25.0000 25.6250 27.10 26.27 1013.6758
#terjedesi                                       nyomas  ##
#ido(usec)  T1(C)   T2(C)   T3(C)  T4(C) para(%)  (hPa)
04460.9834 25.1875 25.0000 25.6250 27.10 26.27 1013.6758
04433.4585 25.1875 25.0000 25.6250 27.10 26.27 1013.6758
04463.6333 25.1875 25.0000 25.6250 27.10 26.27 1013.6758
04463.8706 25.1875 25.0000 25.6250 27.10 26.27 1013.6758
04460.9956 25.1250 25.0000 25.5625 27.10 26.27 1013.6758
04441.0459 25.1250 25.0000 25.5625 27.10 26.27 1013.6758
04461.6958 25.1250 25.0000 25.5625 27.11 26.29 1013.7112
04464.1084 25.1250 25.0000 25.5625 27.11 26.29 1013.7112
04463.8208 25.1250 25.0000 25.5625 27.11 26.29 1013.7112
04463.3960 25.1250 25.0000 25.5625 27.11 26.29 1013.7112
04464.0957 25.1250 25.0000 25.5625 27.11 26.29 1013.7112
04463.6084 25.1250 25.0000 25.5625 27.11 26.29 1013.7112
04462.1582 25.1875 25.0000 25.6250 27.11 26.29 1013.7112
04440.5835 25.1875 25.0000 25.6250 27.11 26.29 1013.7112
04464.2832 25.1875 25.0000 25.6250 27.11 26.29 1013.7112
04463.3833 25.1875 25.0000 25.6250 27.11 26.34 1013.8281
04463.3960 25.1875 25.0000 25.6250 27.11 26.34 1013.8281
04463.8706 25.1875 25.0000 25.6250 27.11 26.34 1013.8281
04463.3584 25.1875 25.0000 25.6250 27.11 26.34 1013.8281
04463.1582 25.1875 25.0000 25.6250 27.11 26.34 1013.8281
04463.3584 25.1875 25.0000 25.6250 27.11 26.34 1013.8281
04463.5708 25.1875 25.0000 25.5625 27.11 26.34 1013.8281
04461.7207 25.1875 25.0000 25.5625 27.11 26.34 1013.8281
04461.6831 25.1875 25.0000 25.5625 27.11 26.34 1013.8281
04463.3335 25.1875 25.0000 25.5625 27.11 26.34 1013.8281
04463.3457 25.1875 25.0000 25.5625 27.10 26.38 1013.7573
04463.8208 25.1875 25.0000 25.5625 27.10 26.38 1013.7573
04463.6084 25.1875 25.0000 25.5625 27.10 26.38 1013.7573
04463.8208 25.1875 25.0000 25.5625 27.10 26.38 1013.7573
04461.9707 25.1875 25.0000 25.6250 27.10 26.38 1013.7573
04441.0708 25.1875 25.0000 25.6250 27.10 26.38 1013.7573
04440.7710 25.1875 25.0000 25.6250 27.10 26.38 1013.7573
04439.8706 25.1875 25.0000 25.6250 27.10 26.38 1013.7573
04463.8457 25.1875 25.0000 25.6250 27.10 26.38 1013.7573
04463.5708 25.1875 25.0000 25.6250 27.10 26.41 1013.8660
04463.5835 25.1875 25.0000 25.6250 27.10 26.41 1013.8660
04439.6084 25.1875 25.0000 25.6250 27.10 26.41 1013.8660
04463.8457 25.1875 25.0000 25.6250 27.10 26.41 1013.8660
04463.8706 25.1875 25.0000 25.5625 27.10 26.41 1013.8660
04461.7085 25.1875 25.0000 25.5625 27.10 26.41 1013.8660
04441.0708 25.1875 25.0000 25.5625 27.10 26.41 1013.8660
04439.8584 25.1875 25.0000 25.5625 27.10 26.41 1013.8660
04463.3457 25.1875 25.0000 25.5625 27.10 26.41 1013.8660
04463.3457 25.1875 25.0000 25.5625 27.10 26.41 1013.8660
04463.6084 25.1875 25.0000 25.5625 27.10 26.46 1013.7845
04463.8584 25.1875 25.0000 25.5625 27.10 26.46 1013.7845
04461.6958 25.1875 25.0000 25.5625 27.10 26.46 1013.7845
04461.7334 25.1875 25.0000 25.5625 27.10 26.46 1013.7845
04464.5835 25.1875 25.0000 25.5625 27.10 26.46 1013.7845
04440.1084 25.1875 25.0000 25.5625 27.10 26.46 1013.7845
04463.8335 25.1875 25.0000 25.5625 27.10 26.46 1013.7845
04463.6333 25.1875 25.0000 25.5625 27.10 26.46 1013.7845
04463.1084 25.1875 25.0000 25.5625 27.10 26.46 1013.7845
04463.3584 25.1875 25.0000 25.5625 27.10 26.46 1013.7845
04440.1206 25.1875 25.0000 25.5625 27.10 26.51 1013.7573
04464.0835 25.1875 25.0000 25.6250 27.10 26.51 1013.7573
04465.0083 25.1875 25.0000 25.6250 27.10 26.51 1013.7573
04461.6831 25.1875 25.0000 25.6250 27.10 26.51 1013.7573
04463.5957 25.1875 25.0000 25.6250 27.10 26.51 1013.7573
04463.6084 25.1875 25.0000 25.6250 27.10 26.51 1013.7573
04463.8208 25.1875 25.0000 25.6250 27.10 26.51 1013.7573
04463.5835 25.1875 25.0000 25.6250 27.10 26.51 1013.7573
04463.5835 25.1875 25.0000 25.6250 27.10 26.54 1013.7031
04461.4331 25.1875 25.0000 25.5625 27.10 26.54 1013.7031
04462.1582 25.1875 25.0000 25.5625 27.10 26.54 1013.7031
04462.1582 25.1875 25.0000 25.5625 27.10 26.54 1013.7031
04463.5957 25.1875 25.0000 25.5625 27.10 26.54 1013.7031
04463.8208 25.1875 25.0000 25.5625 27.10 26.54 1013.7031
04463.3457 25.1875 25.0000 25.5625 27.10 26.54 1013.7031
04463.8706 25.1875 25.0000 25.5625 27.10 26.54 1013.7031
04463.8584 25.1875 25.0000 25.5625 27.10 26.54 1013.7031
04439.8335 25.1875 25.0000 25.5625 27.10 26.54 1013.7031
04461.6709 25.1875 25.0625 25.5625 27.10 26.54 1013.7031
#terjedesi                                       nyomas  ##
#ido(usec)  T1(C)   T2(C)   T3(C)  T4(C) para(%)  (hPa)
04461.7334 25.1875 25.0625 25.5625 27.10 26.38 1013.7031
04461.6831 25.1875 25.0625 25.5625 27.10 26.38 1013.7031
04463.1460 25.1875 25.0625 25.5625 27.10 26.38 1013.7031
04463.5835 25.1875 25.0625 25.5625 27.10 26.38 1013.7031
04463.1084 25.1875 25.0625 25.5625 27.10 26.38 1013.7031
04439.5957 25.1875 25.0625 25.5625 27.10 26.38 1013.7031
04463.3960 25.1875 25.0625 25.5625 27.10 26.38 1013.7031
04463.3960 25.1875 25.0625 25.6250 27.10 26.38 1013.7031
04440.0581 25.1875 25.0000 25.6250 27.10 26.38 1013.7031
04440.8081 25.1875 25.0000 25.6250 27.10 26.49 1013.7573
04461.4585 25.1875 25.0000 25.6250 27.10 26.49 1013.7573
04463.1333 25.1875 25.0000 25.6250 27.10 26.49 1013.7573
04463.5835 25.1875 25.0000 25.6250 27.10 26.49 1013.7573
04463.3960 25.1875 25.0000 25.6250 27.10 26.49 1013.7573
04463.5835 25.1875 25.0000 25.6250 27.10 26.49 1013.7573
04463.6333 25.1875 25.0000 25.6250 27.10 26.49 1013.7573
04463.3457 25.1875 25.0000 25.6250 27.10 26.49 1013.7573
04441.0210 25.1875 25.0000 25.5625 27.10 26.49 1013.7573
04464.5332 25.1875 25.0000 25.5625 27.10 26.54 1013.7845
04439.5957 25.1875 25.0000 25.5625 27.10 26.54 1013.7845
04463.0957 25.1875 25.0000 25.5625 27.10 26.54 1013.7845
04463.3457 25.1875 25.0000 25.5625 27.10 26.54 1013.7845
04463.5708 25.1875 25.0000 25.5625 27.10 26.54 1013.7845
04463.3960 25.1875 25.0000 25.5625 27.10 26.54 1013.7845
04463.8208 25.1875 25.0000 25.5625 27.10 26.54 1013.7845
04441.0332 25.1875 25.0000 25.6250 27.10 26.54 1013.7845
04461.4956 25.1875 25.0000 25.6250 27.10 26.54 1013.7845
04464.7959 25.1875 25.0000 25.6250 27.10 26.54 1013.7845
04463.3960 25.1875 25.0000 25.6250 27.10 26.51 1013.8660
04463.5957 25.1875 25.0000 25.6250 27.10 26.51 1013.8660
04463.1084 25.1875 25.0000 25.6250 27.10 26.51 1013.8660
04463.3335 25.1875 25.0000 25.6250 27.10 26.51 1013.8660
04463.5835 25.1875 25.0000 25.6250 27.10 26.51 1013.8660
04463.5708 25.1875 25.0000 25.5625 27.10 26.51 1013.8660
04462.2085 25.1875 25.0000 25.5625 27.10 26.51 1013.8660
04461.9458 25.1875 25.0000 25.5625 27.10 26.51 1013.8660
04463.3457 25.1875 25.0000 25.5625 27.10 26.51 1013.8660
04463.8706 25.1875 25.0000 25.5625 27.10 26.45 1013.7220
04463.3960 25.1875 25.0000 25.5625 27.10 26.45 1013.7220
04463.6333 25.1875 25.0000 25.5625 27.10 26.45 1013.7220
04463.5957 25.1875 25.0000 25.5625 27.10 26.45 1013.7220
04460.9956 25.1875 25.0000 25.5625 27.10 26.45 1013.7220
04461.7334 25.1875 25.0000 25.6250 27.10 26.45 1013.7220
04461.9331 25.1875 25.0000 25.6250 27.10 26.45 1013.7220
04461.9707 25.1875 25.0000 25.6250 27.10 26.45 1013.7220
04463.8335 25.1875 25.0000 25.6250 27.10 26.45 1013.7220
04463.6206 25.1875 25.0000 25.6250 27.10 26.45 1013.7220
04463.6084 25.1875 25.0000 25.6250 27.11 26.41 1013.7737
04440.1206 25.1875 25.0000 25.6250 27.11 26.41 1013.7737
04463.3457 25.1875 25.0000 25.6250 27.11 26.41 1013.7737
04464.0835 25.1875 25.0000 25.6250 27.11 26.41 1013.7737
04461.7085 25.1875 25.0000 25.6250 27.11 26.41 1013.7737
04461.6831 25.1875 25.0000 25.6250 27.11 26.41 1013.7737
04463.8208 25.1875 25.0000 25.6250 27.11 26.41 1013.7737
04439.8457 25.1875 25.0000 25.6250 27.11 26.41 1013.7737
04463.8584 25.1875 25.0000 25.6250 27.11 26.41 1013.7737
04463.6333 25.1875 25.0000 25.6250 27.10 26.41 1013.6677
04463.6333 25.1875 25.0000 25.6250 27.10 26.41 1013.6677
04460.7334 25.1875 25.0000 25.6250 27.10 26.41 1013.6677
04464.1084 25.1875 25.0000 25.6250 27.10 26.41 1013.6677
04441.0210 25.1875 25.0000 25.6250 27.10 26.41 1013.6677
04461.6831 25.1875 25.0000 25.6250 27.10 26.41 1013.6677
04463.5835 25.1875 25.0000 25.6250 27.10 26.41 1013.6677
04439.8706 25.1875 25.0000 25.6250 27.10 26.41 1013.6677
04463.5835 25.1875 25.0000 25.6250 27.10 26.41 1013.6677
04460.9585 25.1875 25.0000 25.6250 27.10 26.46 1013.8660
04440.0708 25.1875 25.0000 25.6250 27.10 26.46 1013.8660
04441.2832 25.1875 25.0000 25.5625 27.10 26.46 1013.8660
04461.6831 25.1875 25.0000 25.5625 27.10 26.46 1013.8660
04461.9585 25.1875 25.0000 25.5625 27.10 26.46 1013.8660
04463.6333 25.1875 25.0000 25.5625 27.10 26.46 1013.8660
04463.8706 25.1875 25.0000 25.5625 27.10 26.46 1013.8660
04463.8457 25.1875 25.0000 25.5625 27.10 26.46 1013.8660
#terjedesi                                       nyomas  ##
#ido(usec)  T1(C)   T2(C)   T3(C)  T4(C) para(%)  (hPa)
04463.8706 25.1875 25.0000 25.5625 27.10 26.46 1013.8660
04440.0708 25.1875 25.0000 25.5625 27.10 26.46 1013.8660
04464.1084 25.1875 25.0000 25.5625 27.10 26.48 1013.7573
04440.5957 25.1875 25.0000 25.6250 27.10 26.48 1013.7573
04462.1460 25.1875 25.0000 25.6250 27.10 26.48 1013.7573
04462.3833 25.1875 25.0000 25.6250 27.10 26.48 1013.7573
04439.8706 25.1875 25.0000 25.6250 27.10 26.48 1013.7573
04463.8584 25.1875 25.0000 25.6250 27.10 26.48 1013.7573
04463.8081 25.1875 25.0000 25.6250 27.10 26.48 1013.7573
04463.8457 25.1875 25.0000 25.6250 27.10 26.48 1013.7573
04463.8457 25.1875 25.0000 25.6250 27.10 26.48 1013.7573
04461.9585 25.1875 25.0000 25.6250 27.10 26.56 1013.8117
04461.9082 25.1875 25.0000 25.6250 27.10 26.56 1013.8117
04461.6831 25.1875 25.0000 25.6250 27.10 26.56 1013.8117
04463.6333 25.1875 25.0000 25.6250 27.10 26.56 1013.8117
04463.6333 25.1875 25.0000 25.6250 27.10 26.56 1013.8117
04463.5957 25.1875 25.0000 25.6250 27.10 26.56 1013.8117
04463.5835 25.1875 25.0000 25.6250 27.10 26.56 1013.8117
04461.0210 25.1875 25.0000 25.6250 27.10 26.56 1013.8117
04463.6333 25.1875 25.0000 25.6250 27.10 26.56 1013.8117
04440.0581 25.1875 25.0625 25.6250 27.10 26.56 1013.8117
04440.7832 25.1875 25.0625 25.6250 27.10 26.64 1013.7573
04461.6958 25.1875 25.0625 25.6250 27.10 26.64 1013.7573
04463.3706 25.1875 25.0625 25.6250 27.10 26.64 1013.7573
04463.8335 25.1875 25.0625 25.6250 27.10 26.64 1013.7573
04440.0708 25.1875 25.0625 25.6250 27.10 26.64 1013.7573
04463.6333 25.1875 25.0625 25.6250 27.10 26.64 1013.7573
04463.6084 25.1875 25.0625 25.6250 27.10 26.64 1013.7573
04461.9082 25.1875 25.0000 25.6250 27.10 26.64 1013.7573
04461.9209 25.1875 25.0000 25.6250 27.10 26.64 1013.7573
04461.9331 25.1875 25.0000 25.6250 27.13 26.74 1013.6814
04440.0708 25.1875 25.0000 25.6250 27.13 26.74 1013.6814
04439.8833 25.1875 25.0000 25.6250 27.13 26.74 1013.6814
04463.3960 25.1875 25.0000 25.6250 27.13 26.74 1013.6814
04439.8457 25.1875 25.0000 25.6250 27.13 26.74 1013.6814
04463.5835 25.1875 25.0000 25.6250 27.13 26.74 1013.6814
04439.8208 25.1875 25.0000 25.6250 27.13 26.74 1013.6814
04463.5957 25.1875 25.0000 25.6250 27.13 26.74 1013.6814
04461.6831 25.1875 25.0000 25.6250 27.13 26.74 1013.6814
04461.4585 25.1875 25.0000 25.6250 27.13 26.74 1013.6814
04463.1084 25.1875 25.0000 25.6250 27.11 26.81 1013.7656
04463.5835 25.1875 25.0000 25.6250 27.11 26.81 1013.7656
04439.8335 25.1875 25.0000 25.6250 27.11 26.81 1013.7656
04463.5835 25.1875 25.0000 25.6250 27.11 26.81 1013.7656
04463.5835 25.1875 25.0000 25.6250 27.11 26.81 1013.7656
04463.8706 25.1875 25.0000 25.6250 27.11 26.81 1013.7656
04461.4956 25.1875 25.0000 25.6250 27.11 26.81 1013.7656
04461.4956 25.1875 25.0000 25.6250 27.11 26.81 1013.7656
04439.6333 25.1875 25.0000 25.6250 27.11 26.81 1013.7656
04463.6333 25.1875 25.0000 25.6250 27.11 26.84 1013.7737
04463.3960 25.1875 25.0000 25.6250 27.11 26.84 1013.7737
04463.3960 25.1875 25.0000 25.6250 27.11 26.84 1013.7737
04440.0581 25.1875 25.0000 25.6250 27.11 26.84 1013.7737
04439.8833 25.1875 25.0000 25.6250 27.11 26.84 1013.7737
04461.6831 25.1875 25.0000 25.6250 27.11 26.84 1013.7737
04461.9209 25.1875 25.0000 25.6250 27.11 26.84 1013.7737
04461.9209 25.1875 25.0000 25.6250 27.11 26.84 1013.7737
04463.6333 25.1875 25.0000 25.6250 27.11 26.84 1013.7737
04463.8208 25.1875 25.0000 25.6250 27.11 26.84 1013.6841
04463.6333 25.1875 25.0000 25.6250 27.11 26.84 1013.6841
04463.5835 25.1875 25.0000 25.6250 27.11 26.84 1013.6841
04463.8208 25.1875 25.0000 25.6250 27.11 26.84 1013.6841
04463.5708 25.1875 25.0000 25.6250 27.11 26.84 1013.6841
04461.7334 25.1875 25.0000 25.6250 27.11 26.84 1013.6841
04441.0459 25.1875 25.0000 25.6250 27.11 26.84 1013.6841
04461.6831 25.1875 25.0000 25.6250 27.11 26.84 1013.6841
04463.3833 25.1875 25.0000 25.6250 27.11 26.84 1013.6841
04440.2959 25.1875 25.0000 25.6250 27.11 26.84 1013.6841
04463.8584 25.1875 25.0000 25.6250 27.11 26.85 1013.7112
04463.6084 25.1875 25.0000 25.6250 27.11 26.85 1013.7112
04440.3081 25.1875 25.0000 25.6250 27.11 26.85 1013.7112
04463.8081 25.1875 25.0000 25.6250 27.11 26.85 1013.7112
04462.1582 25.1875 25.0625 25.6250 27.11 26.85 1013.7112
#terjedesi                                       nyomas  ##
#ido(usec)  T1(C)   T2(C)   T3(C)  T4(C) para(%)  (hPa)
04461.9331 25.1875 25.0625 25.6250 27.11 26.85 1013.7112
04463.8706 25.1875 25.0625 25.6250 27.11 26.85 1013.7112
04463.8208 25.1875 25.0625 25.6250 27.11 26.85 1013.7112
04463.6333 25.1875 25.0625 25.6250 27.11 26.85 1013.7112
04440.3081 25.1875 25.0625 25.6250 27.11 26.83 1013.8281
04463.6333 25.1875 25.0625 25.6250 27.11 26.83 1013.8281
04463.8208 25.1875 25.0625 25.6250 27.11 26.83 1013.8281
04461.7085 25.1875 25.0000 25.6250 27.11 26.83 1013.8281
04462.2085 25.1875 25.0000 25.6250 27.11 26.83 1013.8281
04441.0083 25.1875 25.0000 25.6250 27.11 26.83 1013.8281
04440.2959 25.1875 25.0000 25.6250 27.11 26.83 1013.8281
04463.8335 25.1875 25.0000 25.6250 27.11 26.83 1013.8281
04463.8208 25.1875 25.0000 25.6250 27.11 26.83 1013.8281
04463.6333 25.1875 25.0000 25.6250 27.11 26.83 1013.8281
04463.8335 25.1875 25.0000 25.6250 27.11 26.77 1013.6569
04460.9707 25.1875 25.0000 25.6250 27.11 26.77 1013.6569
04441.4834 25.1875 25.0000 25.6250 27.11 26.77 1013.6569
04462.1582 25.1875 25.0000 25.6250 27.11 26.77 1013.6569
04463.8208 25.1875 25.0000 25.6250 27.11 26.77 1013.6569
04463.5835 25.1875 25.0000 25.6250 27.11 26.77 1013.6569
04463.5835 25.1875 25.0000 25.6250 27.11 26.77 1013.6569
04463.6333 25.1875 25.0000 25.6250 27.11 26.77 1013.6569
04464.0459 25.1875 25.0000 25.6250 27.11 26.77 1013.6569
04440.3208 25.1875 25.0000 25.6250 27.11 26.77 1013.6569
04462.1582 25.1875 25.0000 25.5625 27.11 27.01 1013.7656
04461.9082 25.1875 25.0000 25.5625 27.11 27.01 1013.7656
04462.2085 25.1875 25.0000 25.5625 27.11 27.01 1013.7656
04463.8208 25.1875 25.0000 25.5625 27.11 27.01 1013.7656
04439.8208 25.1875 25.0000 25.5625 27.11 27.01 1013.7656
04463.3457 25.1875 25.0000 25.5625 27.11 27.01 1013.7656
04463.5835 25.1875 25.0000 25.5625 27.11 27.01 1013.7656
04463.8081 25.1875 25.0000 25.5625 27.11 27.01 1013.7656
04464.2832 25.1875 25.0625 25.6250 27.11 27.01 1013.7656
04461.6709 25.1875 25.0625 25.6250 27.11 26.74 1013.6922
04441.0708 25.1875 25.0625 25.6250 27.11 26.74 1013.6922
04463.5835 25.1875 25.0625 25.6250 27.11 26.74 1013.6922
04463.6333 25.1875 25.0625 25.6250 27.11 26.74 1013.6922
04463.8706 25.1875 25.0625 25.6250 27.11 26.74 1013.6922
04463.8208 25.1875 25.0625 25.6250 27.11 26.74 1013.6922
04464.0957 25.1875 25.0625 25.6250 27.11 26.74 1013.6922
04463.8706 25.1875 25.0625 25.6250 27.11 26.74 1013.6922
04440.1084 25.1875 25.0000 25.6250 27.11 26.74 1013.6922
04461.9707 25.1875 25.0000 25.6250 27.11 26.74 1013.6922
04461.9331 25.1875 25.0000 25.6250 27.11 26.71 1013.6922
04464.0581 25.1875 25.0000 25.6250 27.11 26.71 1013.6922
04440.3081 25.1875 25.0000 25.6250 27.11 26.71 1013.6922
04463.8706 25.1875 25.0000 25.6250 27.11 26.71 1013.6922
04440.0708 25.1875 25.0000 25.6250 27.11 26.71 1013.6922
04440.1206 25.1875 25.0000 25.6250 27.11 26.71 1013.6922
04441.0083 25.1875 25.0000 25.6250 27.11 26.71 1013.6922
04461.9209 25.1875 25.0000 25.6250 27.11 26.71 1013.6922
04462.1460 25.1875 25.0000 25.6250 27.11 26.71 1013.6922
04464.1084 25.1875 25.0000 25.6250 27.11 26.70 1013.7112
04464.1084 25.1875 25.0000 25.6250 27.11 26.70 1013.7112
04439.8833 25.1875 25.0000 25.6250 27.11 26.70 1013.7112
04463.6333 25.1875 25.0000 25.6250 27.11 26.70 1013.7112
04463.8081 25.1875 25.0000 25.6250 27.11 26.70 1013.7112
04463.8706 25.1875 25.0000 25.6250 27.11 26.70 1013.7112
04461.0210 25.1875 25.0000 25.5625 27.11 26.70 1013.7112
04461.9707 25.1875 25.0000 25.5625 27.11 26.70 1013.7112
04461.9209 25.1875 25.0000 25.5625 27.11 26.70 1013.7112
04463.5835 25.1875 25.0000 25.5625 27.11 26.70 1013.7112
04461.2207 25.1875 25.0000 25.5625 27.11 26.75 1013.7194
04440.3584 25.1875 25.0000 25.5625 27.11 26.75 1013.7194
04463.8457 25.1875 25.0000 25.5625 27.11 26.75 1013.7194
04463.5835 25.1875 25.0000 25.5625 27.11 26.75 1013.7194
04461.9458 25.1875 25.0000 25.6250 27.11 26.75 1013.7194
04441.0083 25.1875 25.0000 25.6250 27.11 26.75 1013.7194
04461.9209 25.1875 25.0000 25.6250 27.11 26.75 1013.7194
04464.0957 25.1875 25.0000 25.6250 27.11 26.75 1013.7194
04440.0708 25.1875 25.0000 25.6250 27.11 26.75 1013.7194
04463.8081 25.1875 25.0000 25.6250 27.11 26.73 1013.7737
04463.8208 25.1875 25.0000 25.6250 27.11 26.73 1013.7737
#terjedesi                                       nyomas  ##
#ido(usec)  T1(C)   T2(C)   T3(C)  T4(C) para(%)  (hPa)
04463.3960 25.1875 25.0000 25.6250 27.11 26.73 1013.7737
04440.1206 25.1875 25.0000 25.6250 27.11 26.73 1013.7737
04463.8208 25.1875 25.0000 25.6250 27.11 26.73 1013.7737
04441.2583 25.1875 25.0000 25.6250 27.11 26.73 1013.7737
04462.1460 25.1875 25.0000 25.6250 27.11 26.73 1013.7737
04463.8706 25.1875 25.0000 25.6250 27.11 26.73 1013.7737
04463.5708 25.1875 25.0000 25.6250 27.11 26.73 1013.7737
04463.6333 25.1875 25.0000 25.6250 27.11 26.71 1013.7737
04440.0708 25.1875 25.0000 25.6250 27.11 26.71 1013.7737
04463.3960 25.1875 25.0000 25.6250 27.11 26.71 1013.7737
04461.9707 25.1875 25.0000 25.6250 27.11 26.71 1013.7737
04464.5835 25.1875 25.0000 25.6250 27.11 26.71 1013.7737
04461.9707 25.1875 25.0000 25.6250 27.11 26.71 1013.7737
04461.1958 25.1875 25.0000 25.6250 27.11 26.71 1013.7737
04461.2085 25.1875 25.0000 25.6250 27.11 26.71 1013.7737
04440.3584 25.1875 25.0000 25.6250 27.11 26.71 1013.7737
04463.8584 25.1875 25.0000 25.6250 27.11 26.71 1013.7737
04463.5835 25.1875 25.0000 25.6250 27.11 26.69 1013.7194
04463.6084 25.1875 25.0000 25.6250 27.11 26.69 1013.7194
04460.9834 25.1875 25.0000 25.6250 27.11 26.69 1013.7194
04461.9209 25.1875 25.0000 25.6250 27.11 26.69 1013.7194
04461.6831 25.1875 25.0000 25.6250 27.11 26.69 1013.7194
04464.0581 25.1875 25.0000 25.6250 27.11 26.69 1013.7194
04463.8081 25.1875 25.0000 25.6250 27.11 26.69 1013.7194
04463.8081 25.1875 25.0000 25.6250 27.11 26.69 1013.7194
04463.8457 25.1875 25.0000 25.6250 27.11 26.69 1013.7194
04440.0708 25.1875 25.0000 25.6250 27.13 26.67 1013.8716
04464.3457 25.1875 25.0625 25.6250 27.13 26.67 1013.8716
04461.9331 25.1875 25.0625 25.6250 27.13 26.67 1013.8716
04461.9209 25.1875 25.0625 25.6250 27.13 26.67 1013.8716
04463.6333 25.1875 25.0625 25.6250 27.13 26.67 1013.8716
04463.8208 25.1875 25.0625 25.6250 27.13 26.67 1013.8716
04463.6333 25.1875 25.0625 25.6250 27.13 26.67 1013.8716
04440.5835 25.1875 25.0625 25.6250 27.13 26.67 1013.8716
04440.1206 25.1875 25.0625 25.6250 27.13 26.67 1013.8716
04460.7583 25.1875 25.0625 25.6250 27.13 26.67 1013.8716
04441.2456 25.1875 25.0625 25.6250 27.12 26.68 1013.6732
04441.0083 25.1875 25.0625 25.6250 27.12 26.68 1013.6732
04441.2959 25.1875 25.0625 25.6250 27.12 26.68 1013.6732
04463.6206 25.1875 25.0625 25.6250 27.12 26.68 1013.6732
04440.0708 25.1875 25.0625 25.6250 27.12 26.68 1013.6732
04439.8584 25.1875 25.0625 25.6250 27.12 26.68 1013.6732
04463.8335 25.1875 25.0625 25.6250 27.12 26.68 1013.6732
04463.8584 25.1875 25.0625 25.6250 27.12 26.68 1013.6732
04440.1084 25.1875 25.0625 25.6250 27.12 26.68 1013.6732
04461.9209 25.1875 25.0000 25.6250 27.11 26.67 1013.7737
04461.9082 25.1875 25.0000 25.6250 27.11 26.67 1013.7737
04462.4458 25.1875 25.0000 25.6250 27.11 26.67 1013.7737
04463.8457 25.1875 25.0000 25.6250 27.11 26.67 1013.7737
04463.8081 25.1875 25.0000 25.6250 27.11 26.67 1013.7737
04463.5957 25.1875 25.0000 25.6250 27.11 26.67 1013.7737
04460.7334 25.1875 25.0000 25.6250 27.11 26.67 1013.7737
04440.5459 25.1875 25.0000 25.6250 27.11 26.67 1013.7737
04463.8081 25.1875 25.0000 25.6250 27.11 26.67 1013.7737
04461.6831 25.1875 25.0000 25.6250 27.11 26.67 1013.7737
04461.6831 25.1875 25.0000 25.6250 27.11 26.69 1013.7466
04463.5835 25.1875 25.0000 25.6250 27.11 26.69 1013.7466
04463.8457 25.1875 25.0000 25.6250 27.11 26.69 1013.7466
04463.5708 25.1875 25.0000 25.6250 27.11 26.69 1013.7466
04464.1084 25.1875 25.0000 25.6250 27.11 26.69 1013.7466
04463.8706 25.1875 25.0000 25.6250 27.11 26.69 1013.7466
04461.2583 25.1875 25.0000 25.6250 27.11 26.69 1013.7466
04461.9707 25.1875 25.0000 25.6250 27.11 26.69 1013.7466
04462.1460 25.1875 25.0000 25.6250 27.11 26.69 1013.7466
04462.3833 25.1875 25.0000 25.6250 27.11 26.68 1013.6650
04463.6333 25.1875 25.0000 25.6250 27.11 26.68 1013.6650
04463.8706 25.1875 25.0000 25.6250 27.11 26.68 1013.6650
04463.8706 25.1875 25.0000 25.6250 27.11 26.68 1013.6650
04440.3457 25.1875 25.0000 25.6250 27.11 26.68 1013.6650
04461.2583 25.1875 25.0000 25.6250 27.11 26.68 1013.6650
04463.8208 25.1875 25.0000 25.6250 27.11 26.68 1013.6650
04462.3960 25.1875 25.0000 25.6250 27.11 26.68 1013.6650
04462.2085 25.1875 25.0000 25.6250 27.11 26.68 1013.6650
#terjedesi                                       nyomas  ##
#ido(usec)  T1(C)   T2(C)   T3(C)  T4(C) para(%)  (hPa)
04464.0581 25.1875 25.0000 25.6250 27.11 26.66 1013.7194
04440.2959 25.1875 25.0000 25.6250 27.11 26.66 1013.7194
04463.6333 25.1875 25.0000 25.6250 27.11 26.66 1013.7194
04463.8706 25.1875 25.0000 25.6250 27.11 26.66 1013.7194
04440.1206 25.1875 25.0000 25.6250 27.11 26.66 1013.7194
04440.1206 25.1875 25.0000 25.6250 27.11 26.66 1013.7194
04461.9458 25.1875 25.0625 25.6250 27.11 26.66 1013.7194
04462.2085 25.1875 25.0625 25.6250 27.11 26.66 1013.7194
04462.3960 25.1875 25.0625 25.6250 27.11 26.66 1013.7194
04463.8706 25.1875 25.0625 25.6250 27.11 26.66 1013.7194
04440.8335 25.1875 25.0625 25.6250 27.11 26.67 1013.6650
04461.2085 25.1875 25.0625 25.6250 27.11 26.67 1013.6650
04464.1084 25.1875 25.0625 25.6250 27.11 26.67 1013.6650
04463.8208 25.1875 25.0625 25.6250 27.11 26.67 1013.6650
04464.3208 25.1875 25.0000 25.6250 27.11 26.67 1013.6650
04461.7334 25.1875 25.0000 25.6250 27.11 26.67 1013.6650
04461.6831 25.1875 25.0000 25.6250 27.11 26.67 1013.6650
04460.5459 25.1875 25.0000 25.6250 27.11 26.67 1013.6650
04463.8081 25.1875 25.0000 25.6250 27.11 26.67 1013.6650
04440.1206 25.1875 25.0000 25.6250 27.11 26.67 1013.6650
04463.8081 25.1875 25.0000 25.6250 27.11 26.67 1013.6650
04463.6084 25.1875 25.0000 25.6250 27.11 26.67 1013.6650
04464.2832 25.1875 25.0000 25.6250 27.11 26.67 1013.6650
04460.7710 25.1875 25.0625 25.6250 27.11 26.67 1013.6650
04462.4458 25.1875 25.0625 25.6250 27.11 26.67 1013.6650
04462.2085 25.1875 25.0625 25.6250 27.11 26.67 1013.6650
04440.0581 25.1875 25.0625 25.6250 27.11 26.67 1013.6650
04463.8208 25.1875 25.0625 25.6250 27.11 26.67 1013.6650
04440.3584 25.1875 25.0625 25.6250 27.11 26.67 1013.6650
04463.8706 25.1875 25.0625 25.6250 27.11 26.66 1013.7194
04464.0708 25.1875 25.0625 25.6250 27.11 26.66 1013.7194
04461.9209 25.1875 25.0000 25.6250 27.11 26.66 1013.7194
04462.2085 25.1875 25.0000 25.6250 27.11 26.66 1013.7194
04462.6582 25.1875 25.0000 25.6250 27.11 26.66 1013.7194
04461.0210 25.1875 25.0000 25.6250 27.11 26.66 1013.7194
04440.1084 25.1875 25.0000 25.6250 27.11 26.66 1013.7194
04440.3584 25.1875 25.0000 25.6250 27.11 26.66 1013.7194
04461.2583 25.1875 25.0000 25.6250 27.11 26.66 1013.7194
04461.4585 25.1875 25.0000 25.6250 27.12 26.65 1013.7004
04461.2583 25.1875 25.0000 25.6250 27.12 26.65 1013.7004
04461.4458 25.1875 25.0625 25.6250 27.12 26.65 1013.7004
04462.4458 25.1875 25.0625 25.6250 27.12 26.65 1013.7004
04462.1582 25.1875 25.0625 25.6250 27.12 26.65 1013.7004
04463.8208 25.1875 25.0625 25.6250 27.12 26.65 1013.7004
04464.0581 25.1875 25.0625 25.6250 27.12 26.65 1013.7004
04464.0835 25.1875 25.0625 25.6250 27.12 26.65 1013.7004
04464.3208 25.1875 25.0625 25.6250 27.12 26.65 1013.7004
04461.2583 25.1875 25.0625 25.6250 27.11 26.56 1013.7194
04462.1958 25.1875 25.0000 25.6250 27.11 26.56 1013.7194
04462.2085 25.1875 25.0000 25.6250 27.11 26.56 1013.7194
04462.1460 25.1875 25.0000 25.6250 27.11 26.56 1013.7194
04440.3081 25.1875 25.0000 25.6250 27.11 26.56 1013.7194
04461.0210 25.1875 25.0000 25.6250 27.11 26.56 1013.7194
04440.3457 25.1875 25.0000 25.6250 27.11 26.56 1013.7194
04464.0581 25.1875 25.0000 25.6250 27.11 26.56 1013.7194
04440.0835 25.1875 25.0000 25.6250 27.11 26.56 1013.7194
04464.0835 25.1875 25.0000 25.6250 27.11 26.56 1013.7194
04440.5957 25.1875 25.0000 25.6250 27.11 26.56 1013.7194
04462.3960 25.1875 25.0000 25.6250 27.13 26.63 1013.7629
04462.3833 25.1875 25.0000 25.6250 27.13 26.63 1013.7629
04461.0083 25.1875 25.0000 25.6250 27.13 26.63 1013.7629
04440.5708 25.1875 25.0000 25.6250 27.13 26.63 1013.7629
04440.5835 25.1875 25.0000 25.6250 27.13 26.63 1013.7629
04440.5581 25.1875 25.0000 25.6250 27.13 26.63 1013.7629
04440.3584 25.1875 25.0000 25.6250 27.13 26.63 1013.7629
04462.1582 25.1875 25.0000 25.6250 27.13 26.63 1013.7629
04462.3833 25.1875 25.0000 25.6250 27.11 26.65 1013.6922
04462.4209 25.1875 25.0000 25.6250 27.11 26.65 1013.6922
04461.2456 25.1875 25.0000 25.6250 27.11 26.65 1013.6922
04440.3584 25.1875 25.0000 25.6250 27.11 26.65 1013.6922
04440.5957 25.1875 25.0000 25.6250 27.11 26.65 1013.6922
04464.1084 25.1875 25.0000 25.6250 27.11 26.65 1013.6922
04463.8706 25.1875 25.0000 25.6250 27.11 26.65 1013.6922
#terjedesi                                       nyomas  ##
#ido(usec)  T1(C)   T2(C)   T3(C)  T4(C) para(%)  (hPa)
04460.9707 25.1875 25.0000 25.6250 27.11 26.65 1013.6922
04461.4458 25.1875 25.0625 25.6250 27.11 26.65 1013.6922
04462.3960 25.1875 25.0625 25.6250 27.11 26.65 1013.6922
04462.2085 25.1875 25.0625 25.6250 27.13 26.65 1013.6270
04440.5459 25.1875 25.0625 25.6250 27.13 26.65 1013.6270
04440.0957 25.1875 25.0625 25.6250 27.13 26.65 1013.6270
04440.3584 25.1875 25.0625 25.6250 27.13 26.65 1013.6270
04440.3081 25.1875 25.0625 25.6250 27.13 26.65 1013.6270
04463.8584 25.1875 25.0625 25.6250 27.13 26.65 1013.6270
04461.4956 25.1875 25.0000 25.6250 27.13 26.65 1013.6270
04462.1582 25.1875 25.0000 25.6250 27.13 26.65 1013.6270
04462.4458 25.1875 25.0000 25.6250 27.13 26.65 1013.6270
04464.0708 25.1875 25.0000 25.6250 27.13 26.65 1013.6270
04461.4458 25.1875 25.0000 25.6250 27.12 26.66 1013.6732
04461.1958 25.1875 25.0000 25.6250 27.12 26.66 1013.6732
04463.8208 25.1875 25.0000 25.6250 27.12 26.66 1013.6732
04440.1206 25.1875 25.0000 25.6250 27.12 26.66 1013.6732
04463.8208 25.1875 25.0000 25.6250 27.12 26.66 1013.6732
04462.4331 25.1875 25.0000 25.6250 27.12 26.66 1013.6732
04462.1958 25.1875 25.0000 25.6250 27.12 26.66 1013.6732
04462.1460 25.1875 25.0000 25.6250 27.12 26.66 1013.6732
04440.5581 25.1875 25.0000 25.6250 27.12 26.66 1013.6732
04463.6333 25.1875 25.0000 25.6250 27.13 26.66 1013.6814
04440.0957 25.1875 25.0000 25.6250 27.13 26.66 1013.6814
04440.3584 25.1875 25.0000 25.6250 27.13 26.66 1013.6814
04440.0581 25.1875 25.0000 25.6250 27.13 26.66 1013.6814
04460.9585 25.1875 25.0000 25.6250 27.13 26.66 1013.6814
04462.1460 25.1875 25.0000 25.6250 27.13 26.66 1013.6814
04462.1460 25.1875 25.0000 25.6250 27.13 26.66 1013.6814
04461.9707 25.1875 25.0000 25.6250 27.13 26.66 1013.6814
04440.2959 25.1875 25.0000 25.6250 27.13 26.66 1013.6814
04461.4707 25.1875 25.0000 25.6250 27.13 26.66 1013.6814
04440.1206 25.1875 25.0000 25.6250 27.12 26.65 1013.7004
04440.1206 25.1875 25.0000 25.6250 27.12 26.65 1013.7004
04464.0581 25.1875 25.0000 25.6250 27.12 26.65 1013.7004
04440.3457 25.1875 25.0000 25.6250 27.12 26.65 1013.7004
04462.2085 25.1875 25.0000 25.6250 27.12 26.65 1013.7004
04461.9585 25.1875 25.0000 25.6250 27.12 26.65 1013.7004
04440.0708 25.1875 25.0000 25.6250 27.12 26.65 1013.7004
04463.6333 25.1875 25.0000 25.6250 27.12 26.65 1013.7004
04440.3584 25.1875 25.0000 25.6250 27.12 26.65 1013.7004
04464.0581 25.1875 25.0000 25.6250 27.13 26.65 1013.6270
04440.5332 25.1875 25.0000 25.6250 27.13 26.65 1013.6270
04461.2334 25.1875 25.0000 25.6250 27.13 26.65 1013.6270
04462.1460 25.1875 25.0625 25.6250 27.13 26.65 1013.6270
04441.0708 25.1875 25.0625 25.6250 27.13 26.65 1013.6270
04462.1582 25.1875 25.0625 25.6250 27.13 26.65 1013.6270
04464.0581 25.1875 25.0625 25.6250 27.13 26.65 1013.6270
04440.3584 25.1875 25.0625 25.6250 27.13 26.65 1013.6270
04463.6206 25.1875 25.0625 25.6250 27.13 26.65 1013.6270
04440.0581 25.1875 25.0625 25.6250 27.13 26.65 1013.6270
04440.0708 25.1875 25.0625 25.6250 27.12 26.63 1013.7819
04463.8584 25.1875 25.0625 25.6250 27.12 26.63 1013.7819
04441.0459 25.1875 25.0625 25.6250 27.12 26.63 1013.7819
04461.9585 25.1875 25.0625 25.6250 27.12 26.63 1013.7819
04464.0459 25.1875 25.0625 25.6250 27.12 26.63 1013.7819
04440.2959 25.1875 25.0625 25.6250 27.12 26.63 1013.7819
04439.8833 25.1875 25.0625 25.6250 27.12 26.63 1013.7819
04440.5459 25.1875 25.0625 25.6250 27.12 26.63 1013.7819
04464.1084 25.1875 25.0625 25.6250 27.12 26.63 1013.7819
04463.6333 25.1875 25.0625 25.6250 27.14 26.63 1013.7524
04461.9209 25.1875 25.0625 25.6250 27.14 26.63 1013.7524
04462.3960 25.1875 25.0625 25.6250 27.14 26.63 1013.7524
04462.2085 25.1875 25.0625 25.6250 27.14 26.63 1013.7524
04440.2959 25.1875 25.0625 25.6250 27.14 26.63 1013.7524
04460.7207 25.1875 25.0625 25.6250 27.14 26.63 1013.7524
04439.8706 25.1875 25.0625 25.6250 27.14 26.63 1013.7524
04440.5459 25.1875 25.0625 25.6250 27.14 26.63 1013.7524
04463.8208 25.1875 25.0625 25.6250 27.14 26.63 1013.7524
04461.2085 25.1875 25.0625 25.6250 27.13 26.63 1013.6542
04462.1582 25.1875 25.0625 25.6250 27.13 26.63 1013.6542
04461.9209 25.1875 25.0625 25.6250 27.13 26.63 1013.6542
04463.8208 25.1875 25.0625 25.6250 27.13 26.63 1013.6542
#terjedesi                                       nyomas  ##
#ido(usec)  T1(C)   T2(C)   T3(C)  T4(C) para(%)  (hPa)
04440.0835 25.1875 25.0625 25.6250 27.13 26.63 1013.6542
04464.0581 25.1875 25.0625 25.6250 27.13 26.63 1013.6542
04440.0957 25.1875 25.0625 25.6250 27.13 26.63 1013.6542
04440.0581 25.1875 25.0625 25.6250 27.13 26.63 1013.6542
04440.1084 25.1875 25.0625 25.6250 27.13 26.63 1013.6542
04461.2456 25.1875 25.0625 25.6250 27.13 26.63 1013.6542
04461.9082 25.1875 25.0625 25.6250 27.13 26.63 1013.5999
04462.2085 25.1875 25.0625 25.6250 27.13 26.63 1013.5999
04463.8081 25.1875 25.0625 25.6250 27.13 26.63 1013.5999
04464.1084 25.1875 25.0625 25.6250 27.13 26.63 1013.5999
04463.8457 25.1875 25.0625 25.6250 27.13 26.63 1013.5999
04464.0957 25.1875 25.0625 25.6250 27.13 26.63 1013.5999
04440.5835 25.1875 25.0625 25.6250 27.13 26.63 1013.5999
04462.3960 25.1875 25.0625 25.6875 27.13 26.63 1013.5999
04462.1831 25.1875 25.0625 25.6875 27.13 26.63 1013.5999
04461.9209 25.1875 25.0625 25.6875 27.13 26.64 1013.8987
04440.0708 25.1875 25.0625 25.6875 27.13 26.64 1013.8987
04463.8081 25.1875 25.0625 25.6875 27.13 26.64 1013.8987
04463.8208 25.1875 25.0625 25.6875 27.13 26.64 1013.8987
04463.8081 25.1875 25.0625 25.6875 27.13 26.64 1013.8987
04440.3457 25.1875 25.0625 25.6875 27.13 26.64 1013.8987
04440.0957 25.1875 25.0625 25.6875 27.13 26.64 1013.8987
04440.3081 25.1875 25.0000 25.6250 27.13 26.64 1013.8987
04441.2832 25.1875 25.0000 25.6250 27.13 26.64 1013.8987
04462.4209 25.1875 25.0000 25.6250 27.13 26.64 1013.8987
04440.0957 25.1875 25.0000 25.6250 27.14 26.61 1013.6981
04440.0957 25.1875 25.0000 25.6250 27.14 26.61 1013.6981
04464.0459 25.1875 25.0000 25.6250 27.14 26.61 1013.6981
04440.0708 25.1875 25.0000 25.6250 27.14 26.61 1013.6981
04463.8706 25.1875 25.0000 25.6250 27.14 26.61 1013.6981
04461.9458 25.1875 25.0625 25.6250 27.14 26.61 1013.6981