#terjedesi                                       nyomas  ##
#ido(usec)  T1(C)   T2(C)   T3(C)  T4(C) para(%)  (hPa)
04461.9331 25.3125 25.0625 25.8125 27.21 26.43 1013.6770
04460.5210 25.3125 25.0625 25.8125 27.21 26.43 1013.6770
04460.7207 25.3125 25.0625 25.8125 27.21 26.43 1013.6770
04460.7207 25.3125 25.0625 25.8125 27.20 26.41 1013.6878
04460.7710 25.3125 25.0625 25.8125 27.20 26.41 1013.6878
04460.4834 25.3125 25.0625 25.8125 27.20 26.41 1013.6878
04460.7832 25.3125 25.0625 25.8125 27.20 26.41 1013.6878
04460.9834 25.3125 25.1250 25.8125 27.20 26.41 1013.6878
04461.6958 25.3125 25.1250 25.8125 27.20 26.41 1013.6878
04461.7085 25.3125 25.1250 25.8125 27.20 26.41 1013.6878
04461.2334 25.3125 25.1250 25.8125 27.20 26.41 1013.6878
04461.2085 25.3125 25.1250 25.8125 27.20 26.41 1013.6878
04460.7832 25.3125 25.1250 25.8125 27.21 26.39 1013.5683
04460.7334 25.3125 25.1250 25.8125 27.21 26.39 1013.5683
04460.7583 25.3125 25.1250 25.8125 27.21 26.39 1013.5683
04461.4956 25.3125 25.0625 25.8125 27.21 26.39 1013.5683
04462.1582 25.3125 25.0625 25.8125 27.21 26.39 1013.5683
04461.9707 25.3125 25.0625 25.8125 27.21 26.39 1013.5683
04460.9834 25.3125 25.0625 25.8125 27.21 26.39 1013.5683
04460.4956 25.3125 25.0625 25.8125 27.21 26.39 1013.5683
04439.8833 25.3125 25.0625 25.8125 27.21 26.39 1013.5683
04460.7583 25.3125 25.0625 25.8125 27.21 26.39 1013.5683
04461.0210 25.3125 25.0625 25.8125 27.20 26.39 1013.6960
04460.9834 25.3125 25.0625 25.8125 27.20 26.39 1013.6960
04462.1582 25.3125 25.1250 25.8125 27.20 26.39 1013.6960
04461.4956 25.3125 25.1250 25.8125 27.20 26.39 1013.6960
04461.6831 25.3125 25.1250 25.8125 27.20 26.39 1013.6960
04460.5332 25.3125 25.1250 25.8125 27.20 26.39 1013.6960
04439.8833 25.3125 25.1250 25.8125 27.20 26.39 1013.6960
04460.5332 25.3125 25.1250 25.8125 27.20 26.39 1013.6960
04463.3960 25.3125 25.1250 25.8125 27.20 26.39 1013.6960
04460.5332 25.3125 25.1250 25.8125 27.20 26.38 1013.7231
04460.2710 25.3125 25.1250 25.8125 27.20 26.38 1013.7231
04461.6709 25.3750 25.0625 25.8125 27.20 26.38 1013.7231
04461.4458 25.3750 25.0625 25.8125 27.20 26.38 1013.7231
04461.4956 25.3750 25.0625 25.8125 27.20 26.38 1013.7231
04439.6084 25.3750 25.0625 25.8125 27.20 26.38 1013.7231
04460.2456 25.3750 25.0625 25.8125 27.20 26.38 1013.7231
04460.7832 25.3750 25.0625 25.8125 27.20 26.38 1013.7231
04460.5459 25.3750 25.0625 25.8125 27.20 26.38 1013.7231
04461.0083 25.3750 25.0625 25.8125 27.20 26.38 1013.7231
04460.5459 25.3750 25.0625 25.8125 27.21 26.37 1013.6770
04461.4458 25.3750 25.1250 25.8125 27.21 26.37 1013.6770
04461.9585 25.3750 25.1250 25.8125 27.21 26.37 1013.6770
04460.5210 25.3750 25.1250 25.8125 27.21 26.37 1013.6770
04439.5957 25.3750 25.1250 25.8125 27.21 26.37 1013.6770
04460.7334 25.3750 25.1250 25.8125 27.21 26.37 1013.6770
04460.5210 25.3750 25.1250 25.8125 27.21 26.37 1013.6770
04463.5708 25.3750 25.1250 25.8125 27.21 26.37 1013.6770
04460.3081 25.3750 25.1250 25.8125 27.21 26.37 1013.6770
04461.9707 25.3750 25.1250 25.8125 27.21 26.37 1013.7042
04461.9707 25.3750 25.1250 25.8125 27.21 26.37 1013.7042
04461.9209 25.3750 25.1250 25.8125 27.21 26.37 1013.7042
04439.8584 25.3750 25.1250 25.8125 27.21 26.37 1013.7042
04460.5459 25.3750 25.1250 25.8125 27.21 26.37 1013.7042
04439.8833 25.3750 25.1250 25.8125 27.21 26.37 1013.7042
04460.9707 25.3750 25.1250 25.8125 27.21 26.37 1013.7042
04460.7334 25.3750 25.1250 25.8125 27.21 26.37 1013.7042
04463.0957 25.3750 25.1250 25.8125 27.21 26.37 1013.7042
04438.1958 25.3125 25.1250 25.8125 27.22 26.39 1013.7751
04461.6831 25.3125 25.1250 25.8125 27.22 26.39 1013.7751
04439.8833 25.3125 25.1250 25.8125 27.22 26.39 1013.7751
04460.5210 25.3125 25.1250 25.8125 27.22 26.39 1013.7751
04460.3081 25.3125 25.1250 25.8125 27.22 26.39 1013.7751
04460.4834 25.3125 25.1250 25.8125 27.22 26.39 1013.7751
04439.6460 25.3125 25.1250 25.8125 27.22 26.39 1013.7751
04463.1582 25.3125 25.1250 25.8125 27.22 26.39 1013.7751
04461.4458 25.3125 25.1250 25.8125 27.22 26.39 1013.7751
04461.4331 25.3125 25.1250 25.8125 27.22 26.39 1013.7751
04461.2207 25.3125 25.1250 25.8125 27.21 26.41 1013.8129
04439.8457 25.3125 25.1250 25.8125 27.21 26.41 1013.8129
04460.9834 25.3125 25.1250 25.8125 27.21 26.41 1013.8129
04460.5459 25.3125 25.1250 25.8125 27.21 26.41 1013.8129
#terjedesi                                       nyomas  ##
#ido(usec)  T1(C)   T2(C)   T3(C)  T4(C) para(%)  (hPa)
04460.7456 25.3125 25.1250 25.8125 27.21 26.41 1013.8129
04460.7832 25.3125 25.1250 25.8125 27.21 26.41 1013.8129
04460.9707 25.3750 25.1250 25.8125 27.21 26.41 1013.8129
04461.4834 25.3750 25.1250 25.8125 27.21 26.41 1013.8129
04461.6831 25.3750 25.1250 25.8125 27.21 26.41 1013.8129
04460.7334 25.3750 25.1250 25.8125 27.21 26.43 1013.6770
04460.5459 25.3750 25.1250 25.8125 27.21 26.43 1013.6770
04439.8706 25.3750 25.1250 25.8125 27.21 26.43 1013.6770
04460.7832 25.3750 25.1250 25.8125 27.21 26.43 1013.6770
04439.3584 25.3750 25.1250 25.8125 27.21 26.43 1013.6770
04439.6460 25.3750 25.1250 25.8125 27.21 26.43 1013.6770
04460.7832 25.3125 25.1250 25.8125 27.21 26.43 1013.6770
04461.4458 25.3125 25.1250 25.8125 27.21 26.43 1013.6770
04461.2583 25.3125 25.1250 25.8125 27.21 26.43 1013.6770
04439.8335 25.3125 25.1250 25.8125 27.21 26.43 1013.6770
04439.8335 25.3125 25.1250 25.8125 27.21 26.42 1013.7042
04460.4956 25.3125 25.1250 25.8125 27.21 26.42 1013.7042
04460.5332 25.3125 25.1250 25.8125 27.21 26.42 1013.7042
04460.2583 25.3125 25.1250 25.8125 27.21 26.42 1013.7042
04461.2456 25.3750 25.0625 25.8125 27.21 26.42 1013.7042
04461.0210 25.3750 25.0625 25.8125 27.21 26.42 1013.7042
04461.2334 25.3750 25.0625 25.8125 27.21 26.42 1013.7042
04460.3081 25.3750 25.0625 25.8125 27.21 26.42 1013.7042
04460.4956 25.3750 25.0625 25.8125 27.21 26.42 1013.7042
04460.7710 25.3750 25.0625 25.8125 27.21 26.41 1013.5955
04460.5459 25.3750 25.0625 25.8125 27.21 26.41 1013.5955
04463.3457 25.3750 25.0625 25.8125 27.21 26.41 1013.5955
04439.5835 25.3750 25.0625 25.8125 27.21 26.41 1013.5955
04460.7334 25.3750 25.1250 25.8125 27.21 26.41 1013.5955
04461.2456 25.3750 25.1250 25.8125 27.21 26.41 1013.5955
04461.4458 25.3750 25.1250 25.8125 27.21 26.41 1013.5955
04439.5957 25.3750 25.1250 25.8125 27.21 26.41 1013.5955
04439.6460 25.3750 25.1250 25.8125 27.21 26.41 1013.5955
04460.4956 25.3750 25.1250 25.8125 27.21 26.41 1013.5955
04460.2583 25.3750 25.1250 25.8125 27.21 26.44 1013.6498
04460.2959 25.3750 25.1250 25.8125 27.21 26.44 1013.6498
04461.6709 25.3750 25.1250 25.8125 27.21 26.44 1013.6498
04461.6831 25.3750 25.1250 25.8125 27.21 26.44 1013.6498
04461.4956 25.3750 25.1250 25.8125 27.21 26.44 1013.6498
04439.4082 25.3750 25.1250 25.8125 27.21 26.44 1013.6498
04460.3081 25.3750 25.1250 25.8125 27.21 26.44 1013.6498
04460.5083 25.3750 25.1250 25.8125 27.21 26.44 1013.6498
04463.3584 25.3750 25.1250 25.8125 27.21 26.44 1013.6498
04460.7832 25.3750 25.1250 25.8125 27.21 26.44 1013.6498
04460.5459 25.3750 25.1250 25.8125 27.21 26.46 1013.5955
04463.6333 25.3125 25.1250 25.8125 27.21 26.46 1013.5955
04461.6831 25.3125 25.1250 25.8125 27.21 26.46 1013.5955
04461.7207 25.3125 25.1250 25.8125 27.21 26.46 1013.5955
04439.5957 25.3125 25.1250 25.8125 27.21 26.46 1013.5955
04460.4956 25.3125 25.1250 25.8125 27.21 26.46 1013.5955
04439.6084 25.3125 25.1250 25.8125 27.21 26.46 1013.5955
04439.5957 25.3125 25.1250 25.8125 27.21 26.46 1013.5955
04463.3960 25.3125 25.1250 25.8125 27.21 26.45 1013.7395
04461.9082 25.3750 25.1250 25.8125 27.21 26.45 1013.7395
04461.7334 25.3750 25.1250 25.8125 27.21 26.45 1013.7395
04461.7334 25.3750 25.1250 25.8125 27.21 26.45 1013.7395
04460.3081 25.3750 25.1250 25.8125 27.21 26.45 1013.7395
04440.1206 25.3750 25.1250 25.8125 27.21 26.45 1013.7395
04461.0083 25.3750 25.1250 25.8125 27.21 26.45 1013.7395
04440.0581 25.3750 25.1250 25.8125 27.21 26.45 1013.7395
04460.5459 25.3750 25.1250 25.8125 27.21 26.45 1013.7395
04460.5210 25.3750 25.1250 25.8125 27.21 26.45 1013.7395
04460.7207 25.3125 25.1250 25.8125 27.21 26.45 1013.7395
04461.2583 25.3125 25.1250 25.8125 27.21 26.44 1013.6770
04461.9209 25.3125 25.1250 25.8125 27.21 26.44 1013.6770
04460.7334 25.3125 25.1250 25.8125 27.21 26.44 1013.6770
04460.5210 25.3125 25.1250 25.8125 27.21 26.44 1013.6770
04439.6084 25.3125 25.1250 25.8125 27.21 26.44 1013.6770
04460.4956 25.3125 25.1250 25.8125 27.21 26.44 1013.6770
04439.5957 25.3125 25.1250 25.8125 27.21 26.44 1013.6770
04461.1958 25.3125 25.1250 25.8125 27.21 26.44 1013.6770
04461.4956 25.3125 25.1250 25.8125 27.21 26.44 1013.6770
04461.2334 25.3125 25.1250 25.8125 27.22 26.44 1013.7209
#terjedesi                                       nyomas  ##
#ido(usec)  T1(C)   T2(C)   T3(C)  T4(C) para(%)  (hPa)
04460.7334 25.3125 25.1250 25.8125 27.22 26.44 1013.7209
04457.2085 25.3125 25.1250 25.8125 27.22 26.44 1013.7209
04439.3706 25.3125 25.1250 25.8125 27.22 26.44 1013.7209
04439.6460 25.3125 25.1250 25.8125 27.22 26.44 1013.7209
04439.8833 25.3125 25.1250 25.8125 27.22 26.44 1013.7209
04439.5835 25.3125 25.1250 25.8125 27.22 26.44 1013.7209
04461.2456 25.3750 25.1250 25.8125 27.22 26.44 1013.7209
04461.4707 25.3750 25.1250 25.8125 27.22 26.44 1013.7209
04462.1582 25.3750 25.1250 25.8125 27.22 26.46 1013.6203
04460.5459 25.3750 25.1250 25.8125 27.22 26.46 1013.6203
04460.5459 25.3750 25.1250 25.8125 27.22 26.46 1013.6203
04460.3081 25.3750 25.1250 25.8125 27.22 26.46 1013.6203
04460.4834 25.3750 25.1250 25.8125 27.22 26.46 1013.6203
04460.2583 25.3750 25.1250 25.8125 27.22 26.46 1013.6203
04460.4956 25.3750 25.1250 25.8125 27.22 26.46 1013.6203
04461.7334 25.3750 25.1250 25.8125 27.22 26.46 1013.6203
04461.2583 25.3750 25.1250 25.8125 27.22 26.46 1013.6203
04461.2085 25.3750 25.1250 25.8125 27.22 26.46 1013.6203
04439.5835 25.3750 25.1250 25.8125 27.22 26.45 1013.6121
04439.6333 25.3750 25.1250 25.8125 27.22 26.45 1013.6121
04439.6460 25.3750 25.1250 25.8125 27.22 26.45 1013.6121
04460.7832 25.3750 25.1250 25.8125 27.22 26.45 1013.6121
04461.0210 25.3750 25.1250 25.8125 27.22 26.45 1013.6121
04460.9585 25.3750 25.1250 25.8125 27.22 26.45 1013.6121
04461.7085 25.3750 25.0625 25.8125 27.22 26.45 1013.6121
04461.7085 25.3750 25.0625 25.8125 27.22 26.45 1013.6121
04439.6460 25.3750 25.0625 25.8125 27.22 26.45 1013.6121
04460.2456 25.3750 25.0625 25.8125 27.21 26.45 1013.7042
04460.3081 25.3750 25.0625 25.8125 27.21 26.45 1013.7042
04439.6460 25.3750 25.0625 25.8125 27.21 26.45 1013.7042
04460.5459 25.3750 25.0625 25.8125 27.21 26.45 1013.7042
04460.5210 25.3750 25.0625 25.8125 27.21 26.45 1013.7042
04461.6831 25.3125 25.1250 25.8125 27.21 26.45 1013.7042
04461.6709 25.3125 25.1250 25.8125 27.21 26.45 1013.7042
04461.4956 25.3125 25.1250 25.8125 27.21 26.45 1013.7042
04460.2959 25.3125 25.1250 25.8125 27.21 26.45 1013.7042
04439.6084 25.3125 25.1250 25.8125 27.21 26.45 1013.7042
04439.5957 25.3125 25.1250 25.8125 27.21 26.46 1013.7395
04460.5459 25.3125 25.1250 25.8125 27.21 26.46 1013.7395
04463.1582 25.3125 25.1250 25.8125 27.21 26.46 1013.7395
04439.6333 25.3125 25.1250 25.8125 27.21 26.46 1013.7395
04461.2085 25.3125 25.0625 25.8125 27.21 26.46 1013.7395
04461.4585 25.3125 25.0625 25.8125 27.21 26.46 1013.7395
04460.7832 25.3125 25.0625 25.8125 27.21 26.46 1013.7395
04439.4082 25.3125 25.0625 25.8125 27.21 26.46 1013.7395
04439.6206 25.3125 25.0625 25.8125 27.21 26.46 1013.7395
04460.3081 25.3125 25.0625 25.8125 27.21 26.45 1013.7042
04439.1206 25.3125 25.0625 25.8125 27.21 26.45 1013.7042
04439.3584 25.3125 25.0625 25.8125 27.21 26.45 1013.7042
04461.2583 25.3750 25.1250 25.8125 27.21 26.45 1013.7042
04461.4956 25.3750 25.1250 25.8125 27.21 26.45 1013.7042
04461.4458 25.3750 25.1250 25.8125 27.21 26.45 1013.7042
04463.1084 25.3750 25.1250 25.8125 27.21 26.45 1013.7042
04460.7832 25.3750 25.1250 25.8125 27.21 26.45 1013.7042
04460.4956 25.3750 25.1250 25.8125 27.21 26.45 1013.7042
04439.6460 25.3750 25.1250 25.8125 27.21 26.45 1013.7042
04460.5332 25.3750 25.1250 25.8125 27.21 26.45 1013.6852
04463.3960 25.3125 25.1250 25.8125 27.21 26.45 1013.6852
04461.2085 25.3125 25.1250 25.8125 27.21 26.45 1013.6852
04461.2085 25.3125 25.1250 25.8125 27.21 26.45 1013.6852
04439.5957 25.3125 25.1250 25.8125 27.21 26.45 1013.6852
04439.6460 25.3125 25.1250 25.8125 27.21 26.45 1013.6852
04439.8833 25.3125 25.1250 25.8125 27.21 26.45 1013.6852
04460.5459 25.3125 25.1250 25.8125 27.21 26.45 1013.6852
04460.4956 25.3125 25.1250 25.8125 27.21 26.45 1013.6852
04439.6460 25.3125 25.1250 25.8125 27.21 26.42 1013.6498
04440.0957 25.3125 25.1250 25.8125 27.21 26.42 1013.6498
04461.9209 25.3125 25.1250 25.8125 27.21 26.42 1013.6498
04461.4956 25.3125 25.1250 25.8125 27.21 26.42 1013.6498
04439.5957 25.3125 25.1250 25.8125 27.21 26.42 1013.6498
04439.3584 25.3125 25.1250 25.8125 27.21 26.42 1013.6498
04439.5957 25.3125 25.1250 25.8125 27.21 26.42 1013.6498
04460.4956 25.3125 25.1250 25.8125 27.21 26.42 1013.6498
#terjedesi                                       nyomas  ##
#ido(usec)  T1(C)   T2(C)   T3(C)  T4(C) para(%)  (hPa)
04439.5957 25.3125 25.1250 25.8125 27.21 26.42 1013.6498
04461.0210 25.3750 25.0625 25.8125 27.22 26.44 1013.7209
04461.7085 25.3750 25.0625 25.8125 27.22 26.44 1013.7209
04461.4956 25.3750 25.0625 25.8125 27.22 26.44 1013.7209
04460.2456 25.3750 25.0625 25.8125 27.22 26.44 1013.7209
04460.2959 25.3750 25.0625 25.8125 27.22 26.44 1013.7209
04463.1582 25.3750 25.0625 25.8125 27.22 26.44 1013.7209
04463.3335 25.3750 25.0625 25.8125 27.22 26.44 1013.7209
04460.3081 25.3750 25.0625 25.8125 27.22 26.44 1013.7209
04460.3081 25.3750 25.0625 25.8125 27.22 26.44 1013.7209
04439.3457 25.3750 25.1250 25.8125 27.22 26.44 1013.7209
04461.2583 25.3750 25.1250 25.8125 27.21 26.44 1013.6770
04461.1958 25.3750 25.1250 25.8125 27.21 26.44 1013.6770
04439.6460 25.3750 25.1250 25.8125 27.21 26.44 1013.6770
04463.1206 25.3750 25.1250 25.8125 27.21 26.44 1013.6770
04460.0459 25.3750 25.1250 25.8125 27.21 26.44 1013.6770
04439.5957 25.3750 25.1250 25.8125 27.21 26.44 1013.6770
04439.4082 25.3750 25.1250 25.8125 27.21 26.44 1013.6770
04460.9585 25.3750 25.1250 25.8125 27.21 26.44 1013.6770
04461.4956 25.3750 25.1250 25.8125 27.21 26.44 1013.6770
04461.2583 25.3750 25.1250 25.8125 27.21 26.43 1013.7042
04460.3081 25.3750 25.1250 25.8125 27.21 26.43 1013.7042
04439.6460 25.3750 25.1250 25.8125 27.21 26.43 1013.7042
04439.6084 25.3750 25.1250 25.8125 27.21 26.43 1013.7042
04462.8706 25.3750 25.1250 25.8125 27.21 26.43 1013.7042
04460.0708 25.3750 25.1250 25.8125 27.21 26.43 1013.7042
04439.4082 25.3750 25.1250 25.8125 27.21 26.43 1013.7042
04460.5459 25.3750 25.1250 25.8125 27.21 26.43 1013.7042
04461.4956 25.3750 25.1250 25.8125 27.21 26.43 1013.7042
04461.2207 25.3750 25.1250 25.8125 27.21 26.43 1013.7042
04462.8706 25.3750 25.1250 25.8125 27.21 26.44 1013.7585
04460.2583 25.3750 25.1250 25.8125 27.21 26.44 1013.7585
04439.4082 25.3750 25.1250 25.8125 27.21 26.44 1013.7585
04460.5459 25.3750 25.1250 25.8125 27.21 26.44 1013.7585
04460.2832 25.3750 25.1250 25.8125 27.21 26.44 1013.7585
04461.4707 25.3750 25.1250 25.8125 27.21 26.44 1013.7585
04461.4956 25.3750 25.1250 25.8125 27.21 26.44 1013.7585
04461.2583 25.3750 25.1250 25.8125 27.21 26.44 1013.7585
04460.0708 25.3750 25.1250 25.8125 27.21 26.44 1013.7585
04460.3081 25.3750 25.1250 25.8125 27.22 26.45 1013.7209
04439.5957 25.3750 25.1250 25.8125 27.22 26.45 1013.7209
04439.5835 25.3750 25.1250 25.8125 27.22 26.45 1013.7209
04463.0957 25.3750 25.1250 25.8125 27.22 26.45 1013.7209
04463.1460 25.3750 25.1250 25.8125 27.22 26.45 1013.7209
04460.7207 25.3750 25.1250 25.8125 27.22 26.45 1013.7209
04461.4458 25.3750 25.1250 25.8125 27.22 26.45 1013.7209
04461.4834 25.3750 25.1250 25.8125 27.22 26.45 1013.7209
04460.3081 25.3750 25.1250 25.8125 27.22 26.45 1013.7209
04439.3584 25.3750 25.1250 25.8125 27.22 26.45 1013.7209
04460.2456 25.3750 25.1250 25.8125 27.21 26.43 1013.7123
04460.0210 25.3750 25.1250 25.8125 27.21 26.43 1013.7123
04439.3457 25.3750 25.1250 25.8125 27.21 26.43 1013.7123
04460.7710 25.3750 25.1250 25.8125 27.21 26.43 1013.7123
04461.6831 25.3750 25.1250 25.8125 27.21 26.43 1013.7123
04461.7334 25.3750 25.1250 25.8125 27.21 26.43 1013.7123
04439.4082 25.3750 25.1250 25.8125 27.21 26.43 1013.7123
04459.8335 25.3750 25.1250 25.8125 27.21 26.43 1013.7123
04439.1709 25.3750 25.1250 25.8125 27.21 26.43 1013.7123
04439.1084 25.3750 25.1250 25.8125 27.21 26.44 1013.7042
04460.2456 25.3750 25.1250 25.8125 27.21 26.44 1013.7042
04460.0083 25.3750 25.1250 25.8125 27.21 26.44 1013.7042
04461.2207 25.3750 25.1250 25.8125 27.21 26.44 1013.7042
04461.2583 25.3750 25.1250 25.8125 27.21 26.44 1013.7042
04461.4331 25.3750 25.1250 25.8125 27.21 26.44 1013.7042
04439.3960 25.3750 25.1250 25.8125 27.21 26.44 1013.7042
04439.3584 25.3750 25.1250 25.8125 27.21 26.44 1013.7042
04460.0210 25.3750 25.1250 25.8125 27.21 26.44 1013.7042
04439.5957 25.3750 25.1250 25.8125 27.21 26.42 1013.6498
04462.8706 25.3750 25.1250 25.8125 27.21 26.42 1013.6498
04439.4082 25.3750 25.1250 25.8125 27.21 26.42 1013.6498
04461.6709 25.3750 25.1250 25.8125 27.21 26.42 1013.6498
04461.0210 25.3750 25.1250 25.8125 27.21 26.42 1013.6498
04461.4956 25.3750 25.1250 25.8125 27.21 26.42 1013.6498
#terjedesi                                       nyomas  ##
#ido(usec)  T1(C)   T2(C)   T3(C)  T4(C) para(%)  (hPa)
04460.2710 25.3750 25.1250 25.8125 27.21 26.42 1013.6498
04460.3081 25.3750 25.1250 25.8125 27.21 26.42 1013.6498
04460.2583 25.3750 25.1250 25.8125 27.21 26.42 1013.6498
04460.4956 25.3750 25.1250 25.8125 27.21 26.42 1013.6498
04439.6460 25.3750 25.1250 25.8125 27.21 26.40 1013.7042
04460.2456 25.3750 25.1250 25.8125 27.21 26.40 1013.7042
04461.2583 25.3125 25.1250 25.8125 27.21 26.40 1013.7042
04461.2085 25.3125 25.1250 25.8125 27.21 26.40 1013.7042
04439.4082 25.3125 25.1250 25.8125 27.21 26.40 1013.7042
04462.6460 25.3125 25.1250 25.8125 27.21 26.40 1013.7042
04439.1460 25.3125 25.1250 25.8125 27.21 26.40 1013.7042
04439.6460 25.3125 25.1250 25.8125 27.21 26.40 1013.7042
04439.1582 25.3125 25.1250 25.8125 27.21 26.40 1013.7042
04460.2456 25.3125 25.1250 25.8125 27.21 26.40 1013.6498
04461.7207 25.3125 25.1250 25.8125 27.21 26.40 1013.6498
04460.9707 25.3125 25.1250 25.8125 27.21 26.40 1013.6498
04461.2334 25.3125 25.1250 25.8125 27.21 26.40 1013.6498
04462.9209 25.3125 25.1250 25.8125 27.21 26.40 1013.6498
04463.3706 25.3125 25.1250 25.8125 27.21 26.40 1013.6498
04460.2456 25.3125 25.1250 25.8125 27.21 26.40 1013.6498
04439.8335 25.3125 25.1250 25.8125 27.21 26.40 1013.6498
04462.8706 25.3125 25.1250 25.8125 27.21 26.40 1013.6498
04463.1582 25.3125 25.1250 25.8125 27.21 26.40 1013.6498
04461.4707 25.3750 25.1250 25.8125 27.21 26.42 1013.5765
04461.4458 25.3750 25.1250 25.8125 27.21 26.42 1013.5765
04463.3833 25.3750 25.1250 25.8125 27.21 26.42 1013.5765
04439.4082 25.3750 25.1250 25.8125 27.21 26.42 1013.5765
04460.0083 25.3750 25.1250 25.8125 27.21 26.42 1013.5765
04463.1084 25.3750 25.1250 25.8125 27.21 26.42 1013.5765
04439.5957 25.3750 25.1250 25.8125 27.21 26.42 1013.5765
04462.8960 25.3750 25.1250 25.8125 27.21 26.42 1013.5765
04461.6958 25.3750 25.1250 25.8125 27.21 26.42 1013.5765
04461.4956 25.3750 25.1250 25.8125 27.21 26.42 1013.5765
04461.0210 25.3750 25.1250 25.8125 27.22 26.40 1013.6665
04460.2832 25.3750 25.1250 25.8125 27.22 26.40 1013.6665
04460.2456 25.3750 25.1250 25.8125 27.22 26.40 1013.6665
04460.2456 25.3750 25.1250 25.8125 27.22 26.40 1013.6665
04463.3335 25.3750 25.1250 25.8125 27.22 26.40 1013.6665
04439.3706 25.3750 25.1250 25.8125 27.22 26.40 1013.6665
04439.8584 25.3750 25.1250 25.8125 27.22 26.40 1013.6665
04461.2456 25.3750 25.1250 25.8125 27.22 26.40 1013.6665
04460.9707 25.3750 25.1250 25.8125 27.22 26.40 1013.6665
04439.5835 25.3750 25.1250 25.8125 27.22 26.27 1013.6747
04460.2456 25.3750 25.1250 25.8125 27.22 26.27 1013.6747
04439.8833 25.3750 25.1250 25.8125 27.22 26.27 1013.6747
04460.2456 25.3750 25.1250 25.8125 27.22 26.27 1013.6747
04463.1582 25.3750 25.1250 25.8125 27.22 26.27 1013.6747
04439.6084 25.3750 25.1250 25.8125 27.22 26.27 1013.6747
04460.5459 25.3750 25.1250 25.8125 27.22 26.27 1013.6747
04461.2583 25.3750 25.1250 25.8125 27.22 26.27 1013.6747
04461.2583 25.3750 25.1250 25.8125 27.22 26.27 1013.6747
04462.8833 25.3750 25.1250 25.8125 27.22 26.27 1013.6747
04460.0332 25.3750 25.1250 25.8125 27.22 26.42 1013.6747
04460.0083 25.3750 25.1250 25.8125 27.22 26.42 1013.6747
04439.3833 25.3750 25.1250 25.8125 27.22 26.42 1013.6747
04439.6333 25.3750 25.1250 25.8125 27.22 26.42 1013.6747
04461.7334 25.3750 25.1250 25.8125 27.22 26.42 1013.6747
04461.4331 25.3750 25.1250 25.8125 27.22 26.42 1013.6747
04461.4956 25.3750 25.1250 25.8125 27.22 26.42 1013.6747
04460.7832 25.3750 25.1250 25.8125 27.22 26.42 1013.6747
04460.5459 25.3750 25.1250 25.8125 27.22 26.42 1013.6747
04439.6460 25.3750 25.1250 25.8125 27.22 26.40 1013.7209
04463.1582 25.3750 25.1250 25.8125 27.22 26.40 1013.7209
04460.3081 25.3750 25.1250 25.8125 27.22 26.40 1013.7209
04439.6333 25.3750 25.1250 25.8125 27.22 26.40 1013.7209
04460.3081 25.3125 25.1250 25.8125 27.22 26.40 1013.7209
04461.4956 25.3125 25.1250 25.8125 27.22 26.40 1013.7209
04461.2085 25.3125 25.1250 25.8125 27.22 26.40 1013.7209
04439.5957 25.3125 25.1250 25.8125 27.22 26.40 1013.7209
04439.5835 25.3125 25.1250 25.8125 27.22 26.40 1013.7209
04460.0210 25.3125 25.1250 25.8125 27.22 26.40 1013.7209
04439.5957 25.3125 25.1250 25.8125 27.22 26.40 1013.7209
04460.3081 25.3125 25.1250 25.8125 27.22 26.40 1013.7209
#terjedesi                                       nyomas  ##
#ido(usec)  T1(C)   T2(C)   T3(C)  T4(C) para(%)  (hPa)
04461.4956 25.3750 25.1250 25.8125 27.22 26.40 1013.7209
04461.2085 25.3750 25.1250 25.8125 27.22 26.40 1013.7209
04461.2085 25.3750 25.1250 25.8125 27.22 26.40 1013.7209
04439.3584 25.3750 25.1250 25.8125 27.22 26.40 1013.7209
04439.6460 25.3750 25.1250 25.8125 27.22 26.40 1013.7209
04460.4834 25.3750 25.1250 25.8125 27.22 26.40 1013.7209
04460.3081 25.3750 25.1250 25.8125 27.22 26.40 1013.7209
04460.2583 25.3750 25.1250 25.8125 27.22 26.39 1013.7209
04460.2456 25.3750 25.1250 25.8125 27.22 26.39 1013.7209
04460.7710 25.3750 25.1250 25.8125 27.22 26.39 1013.7209
04461.4458 25.3750 25.1250 25.8125 27.22 26.39 1013.7209
04461.2085 25.3750 25.1250 25.8125 27.22 26.39 1013.7209
04461.0210 25.3750 25.1250 25.8125 27.22 26.39 1013.7209
04460.4956 25.3750 25.1250 25.8125 27.22 26.39 1013.7209
04460.2583 25.3750 25.1250 25.8125 27.22 26.39 1013.7209
04460.5459 25.3750 25.1250 25.8125 27.22 26.39 1013.7209
04460.2583 25.3750 25.1250 25.8125 27.23 26.39 1013.6013
04461.4458 25.3125 25.1250 25.8125 27.23 26.39 1013.6013
04461.7334 25.3125 25.1250 25.8125 27.23 26.39 1013.6013
04461.7334 25.3125 25.1250 25.8125 27.23 26.39 1013.6013
04460.0708 25.3125 25.1250 25.8125 27.23 26.39 1013.6013
04439.1460 25.3125 25.1250 25.8125 27.23 26.39 1013.6013
04460.3081 25.3125 25.1250 25.8125 27.23 26.39 1013.6013
04460.3081 25.3125 25.1250 25.8125 27.23 26.39 1013.6013
04463.3335 25.3125 25.1250 25.8125 27.23 26.39 1013.6013
04460.3081 25.3125 25.1250 25.8125 27.23 26.39 1013.6013
04439.5957 25.3125 25.1250 25.8125 27.22 26.38 1013.6121
04461.6709 25.3125 25.1250 25.8125 27.22 26.38 1013.6121
04461.4458 25.3125 25.1250 25.8125 27.22 26.38 1013.6121
04460.0708 25.3125 25.1250 25.8125 27.22 26.38 1013.6121
04462.8706 25.3125 25.1250 25.8125 27.22 26.38 1013.6121
04462.8706 25.3125 25.1250 25.8125 27.22 26.38 1013.6121
04439.1709 25.3125 25.1250 25.8125 27.22 26.38 1013.6121
04439.5835 25.3125 25.1250 25.8125 27.22 26.38 1013.6121
04440.1206 25.3125 25.1250 25.8125 27.22 26.38 1013.6121
04461.2583 25.3125 25.1250 25.8125 27.21 26.40 1013.7123
04461.0210 25.3125 25.1250 25.8125 27.21 26.40 1013.7123
04460.5459 25.3125 25.1250 25.8125 27.21 26.40 1013.7123
04460.4956 25.3125 25.1250 25.8125 27.21 26.40 1013.7123
04439.4082 25.3125 25.1250 25.8125 27.21 26.40 1013.7123
04439.6460 25.3125 25.1250 25.8125 27.21 26.40 1013.7123
04439.5835 25.3125 25.1250 25.8125 27.21 26.40 1013.7123
04460.2583 25.3125 25.1250 25.8125 27.21 26.40 1013.7123
04461.4956 25.3750 25.1250 25.8125 27.21 26.40 1013.7123
04461.9209 25.3750 25.1250 25.8125 27.21 26.40 1013.7123
04461.2085 25.3750 25.1250 25.8125 27.23 26.41 1013.7916
04460.7832 25.3750 25.1250 25.8125 27.23 26.41 1013.7916
04439.5835 25.3750 25.1250 25.8125 27.23 26.41 1013.7916
04439.3960 25.3750 25.1250 25.8125 27.23 26.41 1013.7916
04439.1460 25.3750 25.1250 25.8125 27.23 26.41 1013.7916
04462.9209 25.3750 25.1250 25.8125 27.23 26.41 1013.7916
04460.3081 25.3750 25.1250 25.8125 27.23 26.41 1013.7916
04461.2583 25.3750 25.1250 25.8125 27.23 26.41 1013.7916
04461.2583 25.3750 25.1250 25.8125 27.23 26.41 1013.7916
04461.4458 25.3750 25.1250 25.8125 27.22 26.38 1013.6203
04463.1582 25.3750 25.1250 25.8125 27.22 26.38 1013.6203
04460.2832 25.3750 25.1250 25.8125 27.22 26.38 1013.6203
04439.3457 25.3750 25.1250 25.8125 27.22 26.38 1013.6203
04439.4082 25.3750 25.1250 25.8125 27.22 26.38 1013.6203
04462.6206 25.3750 25.1250 25.8125 27.22 26.38 1013.6203
04459.7832 25.3750 25.1250 25.8125 27.22 26.38 1013.6203
04461.4458 25.3125 25.0625 25.8125 27.22 26.38 1013.6203
04461.6831 25.3125 25.0625 25.8125 27.22 26.38 1013.6203
04460.4956 25.3125 25.0625 25.8125 27.21 26.37 1013.6580
04439.6333 25.3125 25.0625 25.8125 27.21 26.37 1013.6580
04460.0708 25.3125 25.0625 25.8125 27.21 26.37 1013.6580
04463.0957 25.3125 25.0625 25.8125 27.21 26.37 1013.6580
04460.5459 25.3125 25.0625 25.8125 27.21 26.37 1013.6580
04460.3081 25.3125 25.0625 25.8125 27.21 26.37 1013.6580
04461.0083 25.3750 25.1250 25.8125 27.21 26.37 1013.6580
04461.2085 25.3750 25.1250 25.8125 27.21 26.37 1013.6580
04461.2456 25.3750 25.1250 25.8125 27.21 26.37 1013.6580
04460.0708 25.3750 25.1250 25.8125 27.21 26.37 1013.6580
#terjedesi                                       nyomas  ##
#ido(usec)  T1(C)   T2(C)   T3(C)  T4(C) para(%)  (hPa)
04439.4082 25.3750 25.1250 25.8125 27.22 26.39 1013.6121
04452.9458 25.3750 25.1250 25.8125 27.22 26.39 1013.6121
04439.5957 25.3750 25.1250 25.8125 27.22 26.39 1013.6121
04439.5957 25.3750 25.1250 25.8125 27.22 26.39 1013.6121
04463.3457 25.3750 25.1250 25.8125 27.22 26.39 1013.6121
04461.2334 25.3750 25.1250 25.8125 27.22 26.39 1013.6121
04461.7085 25.3750 25.1250 25.8125 27.22 26.39 1013.6121
04439.3457 25.3750 25.1250 25.8125 27.22 26.39 1013.6121
04439.5957 25.3750 25.1250 25.8125 27.22 26.39 1013.6121
04439.3960 25.3750 25.1250 25.8125 27.23 26.38 1013.7372
04463.1084 25.3750 25.1250 25.8125 27.23 26.38 1013.7372
04439.1709 25.3750 25.1250 25.8125 27.23 26.38 1013.7372
04439.6460 25.3750 25.1250 25.8125 27.23 26.38 1013.7372
04461.4458 25.3750 25.1250 25.8125 27.23 26.38 1013.7372
04461.2583 25.3750 25.1250 25.8125 27.23 26.38 1013.7372
04461.2334 25.3750 25.1250 25.8125 27.23 26.38 1013.7372
04463.1582 25.3750 25.1250 25.8125 27.23 26.38 1013.7372
04439.3960 25.3750 25.1250 25.8125 27.23 26.38 1013.7372
04460.3081 25.3750 25.1250 25.8125 27.23 26.38 1013.7372
04463.3457 25.3750 25.1250 25.8125 27.23 26.33 1013.5198
04463.3457 25.3750 25.1250 25.8125 27.23 26.33 1013.5198
04460.7832 25.3750 25.1250 25.8125 27.23 26.33 1013.5198
04461.2583 25.3750 25.1250 25.8125 27.23 26.33 1013.5198
04461.2085 25.3750 25.1250 25.8125 27.23 26.33 1013.5198
04439.8335 25.3750 25.1250 25.8125 27.23 26.33 1013.5198
04460.2583 25.3750 25.1250 25.8125 27.23 26.33 1013.5198
04463.1206 25.3750 25.1250 25.8125 27.23 26.33 1013.5198
04462.9209 25.3750 25.1250 25.8125 27.23 26.33 1013.5198
04460.2959 25.3750 25.1250 25.8125 27.22 26.35 1013.7290
04439.3584 25.3750 25.1250 25.8125 27.22 26.35 1013.7290
04460.5459 25.3750 25.1250 25.8125 27.22 26.35 1013.7290
04461.1958 25.3750 25.1250 25.8125 27.22 26.35 1013.7290
04461.2456 25.3750 25.1250 25.8125 27.22 26.35 1013.7290
04460.3081 25.3750 25.1250 25.8125 27.22 26.35 1013.7290
04463.1084 25.3750 25.1250 25.8125 27.22 26.35 1013.7290
04439.6460 25.3750 25.1250 25.8125 27.22 26.35 1013.7290
04439.5957 25.3750 25.1250 25.8125 27.22 26.35 1013.7290
04439.3457 25.3750 25.1250 25.8125 27.22 26.35 1013.7290
04461.4331 25.3750 25.1250 25.8125 27.23 26.36 1013.6557
04461.2583 25.3750 25.1250 25.8125 27.23 26.36 1013.6557
04461.1958 25.3750 25.1250 25.8125 27.23 26.36 1013.6557
04439.1709 25.3750 25.1250 25.8125 27.23 26.36 1013.6557
04462.8833 25.3750 25.1250 25.8125 27.23 26.36 1013.6557
04459.7832 25.3750 25.1250 25.8125 27.23 26.36 1013.6557
04438.9082 25.3750 25.1250 25.8125 27.23 26.36 1013.6557
04439.1333 25.3750 25.1250 25.8125 27.23 26.36 1013.6557
04439.3706 25.3750 25.1250 25.8125 27.23 26.36 1013.6557
04460.0083 25.3750 25.1250 25.8125 27.23 26.36 1013.6557
04460.7832 25.3750 25.1250 25.8125 27.22 26.35 1013.5578
04461.0210 25.3750 25.1250 25.8125 27.22 26.35 1013.5578
04439.3960 25.3750 25.1250 25.8125 27.22 26.35 1013.5578
04462.6206 25.3750 25.1250 25.8125 27.22 26.35 1013.5578
04460.0708 25.3750 25.1250 25.8125 27.22 26.35 1013.5578
04460.3081 25.3750 25.1250 25.8125 27.22 26.35 1013.5578
04460.5459 25.3750 25.1250 25.8125 27.22 26.35 1013.5578
04461.6958 25.3750 25.1250 25.8125 27.22 26.35 1013.5578
04461.6709 25.3750 25.1250 25.8125 27.22 26.34 1013.6665
04461.4707 25.3750 25.1250 25.8125 27.22 26.34 1013.6665
04439.6460 25.3750 25.1250 25.8125 27.22 26.34 1013.6665
04460.5459 25.3750 25.1250 25.8125 27.22 26.34 1013.6665
04460.3081 25.3750 25.1250 25.8125 27.22 26.34 1013.6665
04460.5210 25.3750 25.1250 25.8125 27.22 26.34 1013.6665
04460.3081 25.3750 25.1250 25.8125 27.22 26.34 1013.6665
04439.4082 25.3750 25.1250 25.8125 27.22 26.34 1013.6665
04439.1709 25.3125 25.1250 25.8125 27.22 26.34 1013.6665
04461.0210 25.3125 25.1250 25.8125 27.22 26.34 1013.6665
04461.2334 25.3125 25.1250 25.8125 27.22 26.34 1013.6665
04460.0083 25.3125 25.1250 25.8125 27.22 26.35 1013.7751
04439.1333 25.3125 25.1250 25.8125 27.22 26.35 1013.7751
04463.3457 25.3125 25.1250 25.8125 27.22 26.35 1013.7751
04439.3833 25.3125 25.1250 25.8125 27.22 26.35 1013.7751
04463.3457 25.3125 25.1250 25.8125 27.22 26.35 1013.7751
04461.7334 25.3125 25.1250 25.8125 27.22 26.35 1013.7751
#terjedesi                                       nyomas  ##
#ido(usec)  T1(C)   T2(C)   T3(C)  T4(C) para(%)  (hPa)
04461.7334 25.3125 25.1250 25.8125 27.22 26.35 1013.7751
04461.2456 25.3125 25.1250 25.8125 27.22 26.35 1013.7751
04439.8335 25.3125 25.1250 25.8125 27.22 26.35 1013.7751
04439.4082 25.3125 25.1250 25.8125 27.22 26.34 1013.6747
04463.3960 25.3125 25.1250 25.8125 27.22 26.34 1013.6747
04460.2710 25.3125 25.1250 25.8125 27.22 26.34 1013.6747
04439.4082 25.3125 25.1250 25.8125 27.22 26.34 1013.6747
04460.3081 25.3125 25.1250 25.8125 27.22 26.34 1013.6747
04439.6460 25.3750 25.1250 25.8125 27.22 26.34 1013.6747
04461.4956 25.3750 25.1250 25.8125 27.22 26.34 1013.6747
04461.7207 25.3750 25.1250 25.8125 27.22 26.34 1013.6747
04460.3081 25.3750 25.1250 25.8125 27.22 26.34 1013.6747
04460.2583 25.3750 25.1250 25.8125 27.22 26.37 1013.6393
04439.6084 25.3750 25.1250 25.8125 27.22 26.37 1013.6393
04439.3833 25.3750 25.1250 25.8125 27.22 26.37 1013.6393
04460.5459 25.3750 25.1250 25.8125 27.22 26.37 1013.6393
04460.7832 25.3750 25.1250 25.8125 27.22 26.37 1013.6393
04461.4956 25.3750 25.1250 25.8125 27.22 26.37 1013.6393
04461.4707 25.3750 25.1250 25.8125 27.22 26.37 1013.6393
04463.1582 25.3750 25.1250 25.8125 27.22 26.37 1013.6393
04439.1709 25.3750 25.1250 25.8125 27.22 26.37 1013.6393
04439.1709 25.3750 25.1250 25.8125 27.22 26.37 1013.6393
04462.8706 25.3750 25.1250 25.8125 27.22 26.37 1013.6665
04439.6333 25.3750 25.1250 25.8125 27.22 26.37 1013.6665
04460.4834 25.3750 25.1250 25.8125 27.22 26.37 1013.6665
04461.2207 25.3750 25.1250 25.8125 27.22 26.37 1013.6665
04461.4331 25.3750 25.1250 25.8125 27.22 26.37 1013.6665
04461.4458 25.3750 25.1250 25.8125 27.22 26.37 1013.6665
04460.5083 25.3750 25.1250 25.8125 27.22 26.37 1013.6665
04439.3584 25.3750 25.1250 25.8125 27.22 26.37 1013.6665
04439.6333 25.3750 25.1250 25.8125 27.22 26.37 1013.6665
04439.6333 25.3750 25.1250 25.8125 27.21 26.35 1013.5493
04460.0581 25.3750 25.1250 25.8125 27.21 26.35 1013.5493
04460.3081 25.3750 25.1250 25.8125 27.21 26.35 1013.5493
04461.4834 25.3750 25.1250 25.8125 27.21 26.35 1013.5493
04460.9707 25.3750 25.1250 25.8125 27.21 26.35 1013.5493
04461.2583 25.3750 25.1250 25.8125 27.21 26.35 1013.5493
04462.9209 25.3750 25.1250 25.8125 27.21 26.35 1013.5493
04463.1582 25.3750 25.1250 25.8125 27.21 26.35 1013.5493
04439.6333 25.3750 25.1250 25.8125 27.21 26.35 1013.5493
04460.0708 25.3750 25.1250 25.8125 27.21 26.35 1013.5493
04439.3833 25.3750 25.1250 25.8125 27.22 26.35 1013.6665
04439.1582 25.3750 25.1250 25.8125 27.22 26.35 1013.6665
04461.2085 25.3750 25.1250 25.8125 27.22 26.35 1013.6665
04461.4707 25.3750 25.1250 25.8125 27.22 26.35 1013.6665
04460.4956 25.3750 25.1250 25.8125 27.22 26.35 1013.6665
04460.2832 25.3750 25.1250 25.8125 27.22 26.35 1013.6665
04460.7207 25.3750 25.1250 25.8125 27.22 26.35 1013.6665
04462.8833 25.3750 25.1250 25.8125 27.22 26.35 1013.6665
04439.4082 25.3750 25.1250 25.8125 27.22 26.35 1013.6665
04439.8833 25.3750 25.1250 25.8125 27.22 26.37 1013.6747
04461.4956 25.3750 25.1250 25.8125 27.22 26.37 1013.6747
04461.6831 25.3750 25.1250 25.8125 27.22 26.37 1013.6747
04461.4458 25.3750 25.1250 25.8125 27.22 26.37 1013.6747
04439.3833 25.3750 25.1250 25.8125 27.22 26.37 1013.6747
04439.6460 25.3750 25.1250 25.8125 27.22 26.37 1013.6747
04463.3706 25.3750 25.1250 25.8125 27.22 26.37 1013.6747
04460.7832 25.3750 25.1250 25.8125 27.22 26.37 1013.6747
04460.5459 25.3750 25.1250 25.8125 27.22 26.37 1013.6747
04460.0708 25.3750 25.1250 25.8125 27.22 26.37 1013.6747
04461.4458 25.3750 25.1250 25.8125 27.23 26.07 1013.6910
04461.4956 25.3750 25.1250 25.8125 27.23 26.07 1013.6910
04460.2832 25.3750 25.1250 25.8125 27.23 26.07 1013.6910
04439.5957 25.3750 25.1250 25.8125 27.23 26.07 1013.6910
04439.6084 25.3750 25.1250 25.8125 27.23 26.07 1013.6910
04439.6333 25.3750 25.1250 25.8125 27.23 26.07 1013.6910
04439.6460 25.3750 25.1250 25.8125 27.23 26.07 1013.6910
04463.3960 25.3750 25.1250 25.8125 27.23 26.07 1013.6910
04461.7334 25.3750 25.1250 25.8125 27.23 26.07 1013.6910
04461.4956 25.3750 25.1250 25.8125 27.22 26.39 1013.5659
04461.4331 25.3750 25.1250 25.8125 27.22 26.39 1013.5659
04460.2959 25.3750 25.1250 25.8125 27.22 26.39 1013.5659
04460.2583 25.3750 25.1250 25.8125 27.22 26.39 1013.5659
#terjedesi                                       nyomas  ##
#ido(usec)  T1(C)   T2(C)   T3(C)  T4(C) para(%)  (hPa)
04460.2583 25.3750 25.1250 25.8125 27.22 26.39 1013.5659
04460.5083 25.3750 25.1250 25.8125 27.22 26.39 1013.5659
04460.7334 25.3750 25.1250 25.8125 27.22 26.39 1013.5659
04460.7334 25.3750 25.1250 25.8125 27.22 26.39 1013.5659
04461.2334 25.3750 25.1250 25.8125 27.22 26.39 1013.5659
04461.4707 25.3750 25.1250 25.8125 27.22 26.41 1013.6475
04460.4834 25.3750 25.1250 25.8125 27.22 26.41 1013.6475
04460.2456 25.3750 25.1250 25.8125 27.22 26.41 1013.6475
04439.3457 25.3750 25.1250 25.8125 27.22 26.41 1013.6475
04439.6460 25.3750 25.1250 25.8125 27.22 26.41 1013.6475
04439.8833 25.3750 25.1250 25.8125 27.22 26.41 1013.6475
04439.3584 25.3750 25.1250 25.8125 27.22 26.41 1013.6475
04460.2456 25.3750 25.1250 25.8125 27.22 26.41 1013.6475
04461.2583 25.3750 25.1250 25.8125 27.22 26.41 1013.6475
04461.4956 25.3750 25.1250 25.8125 27.22 26.41 1013.6475
04439.6460 25.3750 25.1250 25.8125 27.22 26.40 1013.6475
04463.1084 25.3750 25.1250 25.8125 27.22 26.40 1013.6475
04463.1084 25.3750 25.1250 25.8125 27.22 26.40 1013.6475
04460.0459 25.3750 25.1250 25.8125 27.22 26.40 1013.6475
04460.0581 25.3750 25.1250 25.8125 27.22 26.40 1013.6475
04461.0210 25.3750 25.1250 25.8125 27.22 26.40 1013.6475
04460.9585 25.3750 25.1250 25.8125 27.22 26.40 1013.6475
04461.6709 25.3750 25.1250 25.8125 27.22 26.40 1013.6475
04439.6333 25.3750 25.1250 25.8125 27.22 26.40 1013.6475
04460.4956 25.3750 25.1250 25.8125 27.24 26.39 1013.6177
04460.3081 25.3750 25.1250 25.8125 27.24 26.39 1013.6177
04439.6084 25.3750 25.1250 25.8125 27.24 26.39 1013.6177
04460.2583 25.3750 25.1250 25.8125 27.24 26.39 1013.6177
04460.5332 25.3750 25.1250 25.8125 27.24 26.39 1013.6177
04460.9707 25.3750 25.1250 25.8125 27.24 26.39 1013.6177
04461.7334 25.3750 25.1250 25.8125 27.24 26.39 1013.6177
04461.7334 25.3750 25.1250 25.8125 27.24 26.39 1013.6177
04460.0708 25.3750 25.1250 25.8125 27.24 26.39 1013.6177
04463.3960 25.3750 25.1250 25.8125 27.24 26.39 1013.6177
04439.6333 25.3750 25.1250 25.8125 27.22 26.39 1013.5578
04460.7583 25.3750 25.1250 25.8125 27.22 26.39 1013.5578
04460.9707 25.3750 25.1250 25.8125 27.22 26.39 1013.5578
04461.4956 25.3750 25.1250 25.8125 27.22 26.39 1013.5578
04461.7085 25.3750 25.1250 25.8125 27.22 26.39 1013.5578
04461.7334 25.3750 25.1250 25.8125 27.22 26.39 1013.5578
04459.8208 25.3750 25.1250 25.8125 27.22 26.39 1013.5578
04460.7832 25.3750 25.1250 25.8125 27.22 26.39 1013.5578
04461.0210 25.3750 25.1250 25.8125 27.22 26.39 1013.5578
04439.4082 25.3750 25.1250 25.8125 27.23 26.39 1013.6828
04460.5083 25.3750 25.1250 25.8125 27.23 26.39 1013.6828
04460.7334 25.3750 25.1250 25.8125 27.23 26.39 1013.6828
04460.7832 25.3125 25.1250 25.8125 27.23 26.39 1013.6828
04461.2334 25.3125 25.1250 25.8125 27.23 26.39 1013.6828
04461.6709 25.3125 25.1250 25.8125 27.23 26.39 1013.6828
04460.3081 25.3125 25.1250 25.8125 27.23 26.39 1013.6828
04463.1084 25.3125 25.1250 25.8125 27.23 26.39 1013.6828
04439.5957 25.3125 25.1250 25.8125 27.23 26.39 1013.6828
04460.4956 25.3125 25.1250 25.8125 27.24 26.41 1013.6448
04460.5459 25.3125 25.1250 25.8125 27.24 26.41 1013.6448
04461.9082 25.3750 25.1250 25.8125 27.24 26.41 1013.6448
04461.4956 25.3750 25.1250 25.8125 27.24 26.41 1013.6448
04461.4707 25.3750 25.1250 25.8125 27.24 26.41 1013.6448
04439.6460 25.3750 25.1250 25.8125 27.24 26.41 1013.6448
04439.3960 25.3750 25.1250 25.8125 27.24 26.41 1013.6448
04439.3457 25.3750 25.1250 25.8125 27.24 26.41 1013.6448
04460.3081 25.3750 25.1250 25.8125 27.24 26.41 1013.6448
04460.5210 25.3750 25.1250 25.8125 27.24 26.41 1013.6448
04462.8706 25.3750 25.1250 25.8125 27.24 26.41 1013.6448
04460.2456 25.3750 25.1250 25.8125 27.23 26.43 1013.6828
04461.1958 25.3750 25.1250 25.8125 27.23 26.43 1013.6828
04461.2334 25.3750 25.1250 25.8125 27.23 26.43 1013.6828
04439.8584 25.3750 25.1250 25.8125 27.23 26.43 1013.6828
04462.6831 25.3750 25.1250 25.8125 27.23 26.43 1013.6828
04462.9209 25.3750 25.1250 25.8125 27.23 26.43 1013.6828
04460.7334 25.3750 25.1250 25.8125 27.23 26.43 1013.6828
04460.3081 25.3750 25.1250 25.8125 27.23 26.43 1013.6828
04461.0210 25.3125 25.1250 25.8125 27.22 26.41 1013.6665
04461.2583 25.3125 25.1250 25.8125 27.22 26.41 1013.6665
#terjedesi                                       nyomas  ##
#ido(usec)  T1(C)   T2(C)   T3(C)  T4(C) para(%)  (hPa)
04461.6831 25.3125 25.1250 25.8125 27.22 26.41 1013.6665
04460.4956 25.3125 25.1250 25.8125 27.22 26.41 1013.6665
04462.6582 25.3125 25.1250 25.8125 27.22 26.41 1013.6665
04460.2832 25.3125 25.1250 25.8125 27.22 26.41 1013.6665
04460.4956 25.3125 25.1250 25.8125 27.22 26.41 1013.6665
04460.2959 25.3125 25.1250 25.8125 27.22 26.41 1013.6665
04439.4082 25.3125 25.1250 25.8125 27.22 26.41 1013.6665
04461.1958 25.3750 25.1250 25.8125 27.22 26.41 1013.6665
04461.7085 25.3750 25.1250 25.8125 27.23 26.45 1013.6285
04461.2334 25.3750 25.1250 25.8125 27.23 26.45 1013.6285
04439.3584 25.3750 25.1250 25.8125 27.23 26.45 1013.6285
04460.4956 25.3750 25.1250 25.8125 27.23 26.45 1013.6285
04439.6333 25.3750 25.1250 25.8125 27.23 26.45 1013.6285
04439.5957 25.3750 25.1250 25.8125 27.23 26.45 1013.6285
04439.3833 25.3750 25.1250 25.8125 27.23 26.45 1013.6285
04460.5459 25.3750 25.1250 25.8125 27.23 26.45 1013.6285
04461.2583 25.3750 25.1250 25.8125 27.23 26.45 1013.6285
04461.2456 25.3750 25.1250 25.8125 27.23 26.45 1013.6285
04461.1958 25.3750 25.1250 25.8125 27.23 26.42 1013.6367
04460.2583 25.3750 25.1250 25.8125 27.23 26.42 1013.6367
04460.0708 25.3750 25.1250 25.8125 27.23 26.42 1013.6367
04460.2710 25.3750 25.1250 25.8125 27.23 26.42 1013.6367
04460.2959 25.3750 25.1250 25.8125 27.23 26.42 1013.6367
04439.3584 25.3750 25.1250 25.8125 27.23 26.42 1013.6367
04463.3335 25.3750 25.1250 25.8125 27.23 26.42 1013.6367
04461.4458 25.3750 25.1250 25.8125 27.23 26.42 1013.6367
04461.7085 25.3750 25.1250 25.8125 27.23 26.42 1013.6367
04460.5459 25.3750 25.1250 25.8125 27.23 26.44 1013.6828
04460.4956 25.3750 25.1250 25.8125 27.23 26.44 1013.6828
04460.4956 25.3750 25.1250 25.8125 27.23 26.44 1013.6828
04463.3335 25.3750 25.1250 25.8125 27.23 26.44 1013.6828
04460.5459 25.3750 25.1250 25.8125 27.23 26.44 1013.6828
04460.3081 25.3750 25.1250 25.8125 27.23 26.44 1013.6828
04461.4458 25.3750 25.1250 25.8125 27.23 26.44 1013.6828
04461.1958 25.3750 25.1250 25.8125 27.23 26.44 1013.6828
04461.2085 25.3750 25.1250 25.8125 27.23 26.44 1013.6828
04460.3081 25.3750 25.1250 25.8125 27.23 26.44 1013.6828
04460.2832 25.3750 25.1250 25.8125 27.23 26.44 1013.6910
04439.3584 25.3750 25.1250 25.8125 27.23 26.44 1013.6910
04460.4834 25.3750 25.1250 25.8125 27.23 26.44 1013.6910
04460.2832 25.3750 25.1250 25.8125 27.23 26.44 1013.6910
04460.5210 25.3750 25.1250 25.8125 27.23 26.44 1013.6910
04461.9707 25.3750 25.1250 25.8125 27.23 26.44 1013.6910
04461.2085 25.3750 25.1250 25.8125 27.23 26.44 1013.6910
04460.7334 25.3750 25.1250 25.8125 27.23 26.44 1013.6910
04463.1084 25.3750 25.1250 25.8125 27.23 26.44 1013.6910
04439.4082 25.3750 25.1250 25.8125 27.22 26.44 1013.7209
04463.1582 25.3750 25.1250 25.8125 27.22 26.44 1013.7209
04460.4956 25.3750 25.1250 25.8125 27.22 26.44 1013.7209
04460.5210 25.3750 25.1250 25.8125 27.22 26.44 1013.7209
04461.6831 25.3750 25.1250 25.8125 27.22 26.44 1013.7209
04461.2207 25.3750 25.1250 25.8125 27.22 26.44 1013.7209
04461.6831 25.3750 25.1250 25.8125 27.22 26.44 1013.7209
04462.9209 25.3750 25.1250 25.8125 27.22 26.44 1013.7209
04439.3584 25.3750 25.1250 25.8125 27.22 26.44 1013.7209
04439.5957 25.3750 25.1250 25.8125 27.22 26.44 1013.7209
04460.2710 25.3750 25.1250 25.8125 27.22 26.44 1013.6203
04460.3081 25.3750 25.1250 25.8125 27.22 26.44 1013.6203
04460.5459 25.3750 25.1250 25.8125 27.22 26.44 1013.6203
04461.4707 25.3750 25.1250 25.8125 27.22 26.44 1013.6203
04461.6831 25.3750 25.1250 25.8125 27.22 26.44 1013.6203
04460.4956 25.3750 25.1250 25.8125 27.22 26.44 1013.6203
04460.5210 25.3750 25.1250 25.8125 27.22 26.44 1013.6203
04460.2832 25.3750 25.1250 25.8125 27.22 26.44 1013.6203
04460.5332 25.3750 25.1250 25.8125 27.22 26.44 1013.6203
04460.7456 25.3750 25.1250 25.8125 27.23 26.45 1013.6285
04460.4956 25.3750 25.1250 25.8125 27.23 26.45 1013.6285
04460.5459 25.3750 25.1250 25.8125 27.23 26.45 1013.6285
04461.6831 25.3750 25.1250 25.8125 27.23 26.45 1013.6285
04461.2583 25.3750 25.1250 25.8125 27.23 26.45 1013.6285
04460.2583 25.3750 25.1250 25.8125 27.23 26.45 1013.6285
04459.8208 25.3750 25.1250 25.8125 27.23 26.45 1013.6285
04463.3457 25.3750 25.1250 25.8125 27.23 26.45 1013.6285
#terjedesi                                       nyomas  ##
#ido(usec)  T1(C)   T2(C)   T3(C)  T4(C) para(%)  (hPa)
04463.1084 25.3750 25.1250 25.8125 27.23 26.45 1013.6285
04460.3081 25.3750 25.1250 25.8125 27.24 26.43 1013.6259
04461.4458 25.3750 25.1250 25.8125 27.24 26.43 1013.6259
04461.0210 25.3750 25.1250 25.8125 27.24 26.43 1013.6259
04461.4458 25.3750 25.1250 25.8125 27.24 26.43 1013.6259
04460.2456 25.3750 25.1250 25.8125 27.24 26.43 1013.6259
04439.4082 25.3750 25.1250 25.8125 27.24 26.43 1013.6259
04460.3081 25.3750 25.1250 25.8125 27.24 26.43 1013.6259
04439.5835 25.3750 25.1250 25.8125 27.24 26.43 1013.6259
04460.3081 25.3750 25.1250 25.8125 27.24 26.43 1013.6259
04460.5332 25.3750 25.1250 25.8125 27.24 26.43 1013.6259
04439.8833 25.3750 25.1250 25.8125 27.24 26.44 1013.5905
04461.2583 25.3750 25.1250 25.8125 27.24 26.44 1013.5905
04461.1958 25.3750 25.1250 25.8125 27.24 26.44 1013.5905
04439.6460 25.3750 25.1250 25.8125 27.24 26.44 1013.5905
04460.5459 25.3750 25.1250 25.8125 27.24 26.44 1013.5905
04460.7207 25.3750 25.1250 25.8125 27.24 26.44 1013.5905
04460.5210 25.3750 25.1250 25.8125 27.24 26.44 1013.5905
04460.7456 25.3750 25.1250 25.8125 27.24 26.44 1013.5905
04461.4956 25.3750 25.1250 25.8125 27.24 26.44 1013.5905
04461.4458 25.3750 25.1250 25.8125 27.23 26.43 1013.6557
04461.4331 25.3750 25.1250 25.8125 27.23 26.43 1013.6557
04439.6084 25.3750 25.1250 25.8125 27.23 26.43 1013.6557
04460.2832 25.3750 25.1250 25.8125 27.23 26.43 1013.6557
04439.6460 25.3750 25.1250 25.8125 27.23 26.43 1013.6557
04460.3081 25.3750 25.1250 25.8125 27.23 26.43 1013.6557
04460.2456 25.3750 25.1250 25.8125 27.23 26.43 1013.6557
04460.3081 25.3750 25.1250 25.8125 27.23 26.43 1013.6557
04460.7456 25.3750 25.1250 25.8125 27.23 26.43 1013.6557
04461.4458 25.3750 25.1250 25.8125 27.23 26.43 1013.6557
04461.2583 25.3750 25.1250 25.8125 27.24 26.46 1013.7807
04460.2583 25.3750 25.1250 25.8125 27.24 26.46 1013.7807
04460.7832 25.3750 25.1250 25.8125 27.24 26.46 1013.7807
04460.3081 25.3750 25.1250 25.8125 27.24 26.46 1013.7807
04460.4956 25.3750 25.1250 25.8125 27.24 26.46 1013.7807
04460.7334 25.3750 25.1250 25.8125 27.24 26.46 1013.7807
04461.6831 25.3750 25.1250 25.8125 27.24 26.46 1013.7807
04461.9707 25.3750 25.1250 25.8125 27.24 26.46 1013.7807
04461.4458 25.3750 25.1250 25.8125 27.24 26.46 1013.7807
04460.4834 25.3750 25.1250 25.8125 27.22 26.47 1013.7290
04460.3081 25.3750 25.1250 25.8125 27.22 26.47 1013.7290
04460.7334 25.3750 25.1250 25.8125 27.22 26.47 1013.7290
04439.6084 25.3750 25.1250 25.8125 27.22 26.47 1013.7290
04460.4956 25.3750 25.1250 25.8125 27.22 26.47 1013.7290
04439.6084 25.3750 25.1250 25.8125 27.22 26.47 1013.7290
04460.4834 25.3750 25.1250 25.8125 27.22 26.47 1013.7290
04461.6709 25.3750 25.1250 25.8125 27.22 26.47 1013.7290
04461.2583 25.3750 25.1250 25.8125 27.22 26.47 1013.7290
04439.3584 25.3750 25.1250 25.8125 27.22 26.47 1013.7290
04463.3960 25.3750 25.1250 25.8125 27.23 26.46 1013.6285
04460.2959 25.3750 25.1250 25.8125 27.23 26.46 1013.6285
04460.2959 25.3750 25.1250 25.8125 27.23 26.46 1013.6285
04460.3081 25.3750 25.1250 25.8125 27.23 26.46 1013.6285
04460.9707 25.3750 25.1250 25.8125 27.23 26.46 1013.6285
04461.6958 25.3750 25.1250 25.8125 27.23 26.46 1013.6285
04461.4956 25.3750 25.1250 25.8125 27.23 26.46 1013.6285
04460.3081 25.3750 25.1250 25.8125 27.23 26.46 1013.6285
04460.7583 25.3750 25.1250 25.8125 27.23 26.46 1013.6285
04460.4834 25.3750 25.1250 25.8125 27.23 26.45 1013.7100
04439.6460 25.3750 25.1250 25.8125 27.23 26.45 1013.7100
04439.5957 25.3750 25.1250 25.8125 27.23 26.45 1013.7100
04439.5835 25.3750 25.1250 25.8125 27.23 26.45 1013.7100
04461.4458 25.3750 25.1250 25.8125 27.23 26.45 1013.7100
04461.2583 25.3750 25.1250 25.8125 27.23 26.45 1013.7100
04461.6831 25.3750 25.1250 25.8125 27.23 26.45 1013.7100
04439.6333 25.3750 25.1250 25.8125 27.23 26.45 1013.7100
04463.0957 25.3750 25.1250 25.8125 27.23 26.45 1013.7100
04460.7710 25.3750 25.1250 25.8125 27.24 26.46 1013.6177
04460.4956 25.3750 25.1250 25.8125 27.24 26.46 1013.6177
04460.5459 25.3750 25.1250 25.8125 27.24 26.46 1013.6177
04460.5459 25.3750 25.1250 25.8125 27.24 26.46 1013.6177
04461.7207 25.3750 25.1250 25.8125 27.24 26.46 1013.6177
04461.9082 25.3750 25.1250 25.8125 27.24 26.46 1013.6177
#terjedesi                                       nyomas  ##
#ido(usec)  T1(C)   T2(C)   T3(C)  T4(C) para(%)  (hPa)
04461.2207 25.3750 25.1250 25.8125 27.24 26.46 1013.6177
04439.5957 25.3750 25.1250 25.8125 27.24 26.46 1013.6177
04439.4082 25.3750 25.1250 25.8125 27.24 26.46 1013.6177
04460.5210 25.3750 25.1250 25.8125 27.24 26.46 1013.6177
04463.1084 25.3750 25.1250 25.8125 27.24 26.46 1013.6177
04439.4082 25.3750 25.1250 25.8125 27.23 26.31 1013.7182
04439.1709 25.3750 25.1250 25.8125 27.23 26.31 1013.7182
04461.2085 25.3750 25.1250 25.8125 27.23 26.31 1013.7182
04461.6958 25.3750 25.1250 25.8125 27.23 26.31 1013.7182
04460.5459 25.3750 25.1250 25.8125 27.23 26.31 1013.7182
04439.5835 25.3750 25.1250 25.8125 27.23 26.31 1013.7182
04439.4082 25.3750 25.1250 25.8125 27.23 26.31 1013.7182
04460.3081 25.3750 25.1250 25.8125 27.23 26.31 1013.7182
04439.4082 25.3750 25.1250 25.8125 27.23 26.46 1013.6557
04439.8584 25.3750 25.1250 25.8125 27.23 26.46 1013.6557
04461.9082 25.3125 25.1250 25.8125 27.23 26.46 1013.6557
04461.2583 25.3125 25.1250 25.8125 27.23 26.46 1013.6557
04461.4956 25.3125 25.1250 25.8125 27.23 26.46 1013.6557
04460.4956 25.3125 25.1250 25.8125 27.23 26.46 1013.6557
04460.5459 25.3125 25.1250 25.8125 27.23 26.46 1013.6557
04460.7334 25.3125 25.1250 25.8125 27.23 26.46 1013.6557
04439.5957 25.3125 25.1250 25.8125 27.23 26.46 1013.6557
04460.3081 25.3125 25.1250 25.8125 27.23 26.46 1013.6557
04460.7334 25.3125 25.1250 25.8125 27.24 26.47 1013.6177
04461.7207 25.3125 25.1250 25.8125 27.24 26.47 1013.6177
04461.7207 25.3125 25.1250 25.8125 27.24 26.47 1013.6177
04439.6206 25.3125 25.1250 25.8125 27.24 26.47 1013.6177
04439.6206 25.3125 25.1250 25.8125 27.24 26.47 1013.6177
04460.0083 25.3125 25.1250 25.8125 27.24 26.47 1013.6177
04439.3584 25.3125 25.1250 25.8125 27.24 26.47 1013.6177
04463.0957 25.3125 25.1250 25.8125 27.24 26.47 1013.6177
04439.5957 25.3125 25.1250 25.8125 27.24 26.47 1013.6177
04460.9707 25.3750 25.1250 25.8125 27.24 26.47 1013.6177
04461.0210 25.3750 25.1250 25.8125 27.23 26.48 1013.6013
04461.2334 25.3750 25.1250 25.8125 27.23 26.48 1013.6013
04439.4082 25.3750 25.1250 25.8125 27.23 26.48 1013.6013
04462.8584 25.3750 25.1250 25.8125 27.23 26.48 1013.6013
04460.2583 25.3750 25.1250 25.8125 27.23 26.48 1013.6013
04439.1582 25.3750 25.1250 25.8125 27.23 26.48 1013.6013
04463.1084 25.3750 25.1250 25.8125 27.23 26.48 1013.6013
04460.7832 25.3750 25.1250 25.8125 27.23 26.48 1013.6013
04460.9956 25.3750 25.1250 25.8125 27.23 26.48 1013.6013
04461.4834 25.3750 25.1250 25.8125 27.23 26.47 1013.5742
04439.6333 25.3750 25.1250 25.8125 27.23 26.47 1013.5742
04460.0210 25.3750 25.1250 25.8125 27.23 26.47 1013.5742
04439.1582 25.3750 25.1250 25.8125 27.23 26.47 1013.5742
04439.3457 25.3750 25.1250 25.8125 27.23 26.47 1013.5742
04460.0708 25.3750 25.1250 25.8125 27.23 26.47 1013.5742
04462.6831 25.3750 25.1250 25.8125 27.23 26.47 1013.5742
04439.5957 25.3750 25.1250 25.8125 27.23 26.47 1013.5742
04461.4956 25.3750 25.1250 25.8125 27.23 26.47 1013.5742
04461.2583 25.3750 25.1250 25.8125 27.23 26.47 1013.5742
04439.1206 25.3750 25.1250 25.8125 27.24 26.47 1013.5905
04463.1582 25.3750 25.1250 25.8125 27.24 26.47 1013.5905
04439.1582 25.3750 25.1250 25.8125 27.24 26.47 1013.5905
04460.4834 25.3750 25.1250 25.8125 27.24 26.47 1013.5905
04460.0210 25.3750 25.1250 25.8125 27.24 26.47 1013.5905
04461.4458 25.3750 25.1250 25.8125 27.24 26.47 1013.5905
04461.4331 25.3750 25.1250 25.8125 27.24 26.47 1013.5905
04461.2085 25.3750 25.1250 25.8125 27.24 26.47 1013.5905
04463.1582 25.3750 25.1250 25.8125 27.24 26.47 1013.5905
04439.4082 25.3750 25.1250 25.8125 27.22 26.50 1013.6203
04462.9082 25.3750 25.1250 25.8125 27.22 26.50 1013.6203
04439.4082 25.3750 25.1250 25.8125 27.22 26.50 1013.6203
04439.6460 25.3750 25.1250 25.8125 27.22 26.50 1013.6203
04439.5835 25.3750 25.1250 25.8125 27.22 26.50 1013.6203
04460.2583 25.3750 25.1250 25.8125 27.22 26.50 1013.6203
04461.4956 25.3750 25.1250 25.8125 27.22 26.50 1013.6203
04461.2207 25.3750 25.1250 25.8125 27.22 26.50 1013.6203
04439.4082 25.3750 25.1250 25.8125 27.22 26.50 1013.6203
04439.3584 25.3750 25.1250 25.8125 27.23 26.46 1013.5823
04460.2456 25.3750 25.1250 25.8125 27.23 26.46 1013.5823
04460.4956 25.3750 25.1250 25.8125 27.23 26.46 1013.5823
#terjedesi                                       nyomas  ##
#ido(usec)  T1(C)   T2(C)   T3(C)  T4(C) para(%)  (hPa)
04439.3584 25.3750 25.1250 25.8125 27.23 26.46 1013.5823
04461.2456 25.3125 25.1250 25.8125 27.23 26.46 1013.5823
04461.0210 25.3125 25.1250 25.8125 27.23 26.46 1013.5823
04461.2334 25.3125 25.1250 25.8125 27.23 26.46 1013.5823
04460.3081 25.3125 25.1250 25.8125 27.23 26.46 1013.5823
04439.3960 25.3125 25.1250 25.8125 27.23 26.46 1013.5823
04439.4082 25.3125 25.1250 25.8125 27.23 26.46 1013.5823
04439.6460 25.3125 25.1250 25.8125 27.24 26.45 1013.6448
04460.7832 25.3125 25.1250 25.8125 27.24 26.45 1013.6448
04439.4082 25.3125 25.1250 25.8125 27.24 26.45 1013.6448
04460.5459 25.3750 25.1250 25.8125 27.24 26.45 1013.6448
04461.2085 25.3750 25.1250 25.8125 27.24 26.45 1013.6448
04461.4834 25.3750 25.1250 25.8125 27.24 26.45 1013.6448
04460.2583 25.3750 25.1250 25.8125 27.24 26.45 1013.6448
04460.2583 25.3750 25.1250 25.8125 27.24 26.45 1013.6448
04439.5957 25.3750 25.1250 25.8125 27.24 26.45 1013.6448
04460.4956 25.3750 25.1250 25.8125 27.24 26.45 1013.5905
04439.8208 25.3750 25.1250 25.8125 27.24 26.45 1013.5905
04461.6831 25.3750 25.1250 25.8125 27.24 26.45 1013.5905
04461.4956 25.3750 25.1250 25.8125 27.24 26.45 1013.5905
04461.2583 25.3750 25.1250 25.8125 27.24 26.45 1013.5905
04460.5459 25.3750 25.1250 25.8125 27.24 26.45 1013.5905
04460.2583 25.3750 25.1250 25.8125 27.24 26.45 1013.5905
04439.6460 25.3750 25.1250 25.8125 27.24 26.45 1013.5905
04463.3584 25.3750 25.1250 25.8125 27.24 26.45 1013.5905
04460.5459 25.3750 25.1250 25.8125 27.24 26.45 1013.5905
04460.0708 25.3750 25.1250 25.8125 27.24 26.46 1013.6992
04460.4834 25.3750 25.1250 25.8125 27.24 26.46 1013.6992
04461.4458 25.3750 25.1250 25.8125 27.24 26.46 1013.6992
04461.4458 25.3750 25.1250 25.8125 27.24 26.46 1013.6992
04439.5957 25.3750 25.1250 25.8125 27.24 26.46 1013.6992
04460.5459 25.3750 25.1250 25.8125 27.24 26.46 1013.6992
04439.3457 25.3750 25.1250 25.8125 27.24 26.46 1013.6992
04460.4834 25.3750 25.1250 25.8125 27.24 26.46 1013.6992
04460.3081 25.3750 25.1250 25.8125 27.24 26.46 1013.6992
04460.7583 25.3750 25.1250 25.8125 27.24 26.47 1013.7346
04461.4331 25.3750 25.1250 25.8125 27.24 26.47 1013.7346
04461.4956 25.3750 25.1250 25.8125 27.24 26.47 1013.7346
04439.1333 25.3750 25.1250 25.8125 27.24 26.47 1013.7346
04460.0332 25.3750 25.1250 25.8125 27.24 26.47 1013.7346
04460.0708 25.3750 25.1250 25.8125 27.24 26.47 1013.7346
04460.4834 25.3750 25.1250 25.8125 27.24 26.47 1013.7346
04460.0708 25.3750 25.1250 25.8125 27.24 26.47 1013.7346
04460.2456 25.3750 25.1250 25.8125 27.24 26.47 1013.7346
04461.2334 25.3750 25.1250 25.8125 27.24 26.47 1013.7346
04461.2583 25.3750 25.1250 25.8125 27.24 26.45 1013.5443
04461.4585 25.3750 25.1250 25.8125 27.24 26.45 1013.5443
04460.5210 25.3750 25.1250 25.8125 27.24 26.45 1013.5443
04460.4834 25.3750 25.1250 25.8125 27.24 26.45 1013.5443
04460.2583 25.3750 25.1250 25.8125 27.24 26.45 1013.5443
04460.2583 25.3750 25.1250 25.8125 27.24 26.45 1013.5443
04460.7334 25.3750 25.1250 25.8125 27.24 26.45 1013.5443
04460.3081 25.3750 25.1250 25.8125 27.24 26.45 1013.5443
04461.4331 25.3750 25.1250 25.8125 27.24 26.45 1013.5443
04461.7334 25.3750 25.1250 25.8125 27.23 26.45 1013.5742
04461.4707 25.3750 25.1250 25.8125 27.23 26.45 1013.5742
04460.4834 25.3750 25.1250 25.8125 27.23 26.45 1013.5742
04460.7334 25.3750 25.1250 25.8125 27.23 26.45 1013.5742
04460.7832 25.3750 25.1250 25.8125 27.23 26.45 1013.5742
04460.2456 25.3750 25.1250 25.8125 27.23 26.45 1013.5742
04460.4956 25.3750 25.1250 25.8125 27.23 26.45 1013.5742
04460.5210 25.3750 25.1250 25.8125 27.23 26.45 1013.5742
04461.4707 25.3750 25.1250 25.8750 27.23 26.45 1013.5742
04461.2085 25.3750 25.1250 25.8750 27.25 26.45 1013.7156
04460.3081 25.3750 25.1250 25.8750 27.25 26.45 1013.7156
04459.7959 25.3750 25.1250 25.8750 27.25 26.45 1013.7156
04460.2456 25.3750 25.1250 25.8750 27.25 26.45 1013.7156
04460.7710 25.3750 25.1250 25.8750 27.25 26.45 1013.7156
04460.5459 25.3750 25.1250 25.8750 27.25 26.45 1013.7156
04439.4082 25.3750 25.1250 25.8750 27.25 26.45 1013.7156
04461.4458 25.3750 25.1250 25.8125 27.25 26.45 1013.7156
04461.2456 25.3750 25.1250 25.8125 27.25 26.45 1013.7156
04461.0210 25.3750 25.1250 25.8125 27.25 26.45 1013.7156
#terjedesi                                       nyomas  ##
#ido(usec)  T1(C)   T2(C)   T3(C)  T4(C) para(%)  (hPa)
04460.2832 25.3750 25.1250 25.8125 27.24 26.46 1013.6177
04460.3081 25.3750 25.1250 25.8125 27.24 26.46 1013.6177
04460.0708 25.3750 25.1250 25.8125 27.24 26.46 1013.6177
04438.9331 25.3750 25.1250 25.8125 27.24 26.46 1013.6177
04463.1084 25.3750 25.1250 25.8125 27.24 26.46 1013.6177
04438.9082 25.3750 25.1250 25.8125 27.24 26.46 1013.6177
04460.7334 25.3750 25.1250 25.8125 27.24 26.46 1013.6177
04461.2583 25.3750 25.1250 25.8125 27.24 26.46 1013.6177
04460.2583 25.3750 25.1250 25.8125 27.24 26.46 1013.6177
04438.9082 25.3750 25.1250 25.8125 27.24 26.45 1013.7263
04460.0210 25.3750 25.1250 25.8125 27.24 26.45 1013.7263
04462.9209 25.3750 25.1250 25.8125 27.24 26.45 1013.7263
04460.0210 25.3750 25.1250 25.8125 27.24 26.45 1013.7263
04439.3706 25.3750 25.1250 25.8125 27.24 26.45 1013.7263
04461.4585 25.3750 25.1250 25.8125 27.24 26.45 1013.7263
04461.0210 25.3750 25.1250 25.8125 27.24 26.45 1013.7263
04461.2583 25.3750 25.1250 25.8125 27.24 26.45 1013.7263
04439.3584 25.3750 25.1250 25.8125 27.24 26.45 1013.7263
04460.2583 25.3750 25.1250 25.8125 27.24 26.45 1013.7263
04463.1084 25.3750 25.1250 25.8125 27.24 26.45 1013.8161
04439.6460 25.3750 25.1250 25.8125 27.24 26.45 1013.8161
04439.1206 25.3750 25.1250 25.8125 27.24 26.45 1013.8161
04460.4956 25.3750 25.1250 25.8125 27.24 26.45 1013.8161
04461.2456 25.3750 25.1250 25.8125 27.24 26.45 1013.8161
04461.4956 25.3750 25.1250 25.8125 27.24 26.45 1013.8161
04460.2832 25.3750 25.1250 25.8125 27.24 26.45 1013.8161
04460.4956 25.3750 25.1250 25.8125 27.24 26.45 1013.8161
04439.3584 25.3750 25.1250 25.8125 27.24 26.45 1013.8161
04439.1709 25.3750 25.1250 25.8125 27.24 26.44 1013.6177
04439.1582 25.3750 25.1250 25.8125 27.24 26.44 1013.6177
04439.4082 25.3750 25.1250 25.8125 27.24 26.44 1013.6177
04460.5210 25.3750 25.1250 25.8125 27.24 26.44 1013.6177
04461.2085 25.3750 25.1250 25.8125 27.24 26.44 1013.6177
04461.4834 25.3750 25.1250 25.8125 27.24 26.44 1013.6177
04439.6460 25.3750 25.1250 25.8125 27.24 26.44 1013.6177
04460.5332 25.3750 25.1250 25.8125 27.24 26.44 1013.6177
04460.3081 25.3750 25.1250 25.8125 27.24 26.44 1013.6177
04460.0332 25.3750 25.1250 25.8125 27.24 26.44 1013.6177
04439.3584 25.3750 25.1250 25.8125 27.24 26.46 1013.6992
04461.2334 25.3750 25.1250 25.8125 27.24 26.46 1013.6992
04461.4956 25.3750 25.1250 25.8125 27.24 26.46 1013.6992
04461.1958 25.3750 25.1250 25.8125 27.24 26.46 1013.6992
04460.0581 25.3750 25.1250 25.8125 27.24 26.46 1013.6992
04460.0083 25.3750 25.1250 25.8125 27.24 26.46 1013.6992
04460.2456 25.3750 25.1250 25.8125 27.24 26.46 1013.6992
04460.2959 25.3750 25.1250 25.8125 27.24 26.46 1013.6992
04439.6460 25.3750 25.1250 25.8125 27.24 26.46 1013.6992
04463.1582 25.3750 25.1250 25.8125 27.24 26.45 1013.6531
04460.7334 25.3750 25.1250 25.8125 27.24 26.45 1013.6531
04461.2334 25.3750 25.1250 25.8125 27.24 26.45 1013.6531
04461.2583 25.3750 25.1250 25.8125 27.24 26.45 1013.6531
04460.2832 25.3750 25.1250 25.8125 27.24 26.45 1013.6531
04439.3584 25.3750 25.1250 25.8125 27.24 26.45 1013.6531
04463.3335 25.3750 25.1250 25.8125 27.24 26.45 1013.6531
04439.3833 25.3750 25.1250 25.8125 27.24 26.45 1013.6531
04460.4956 25.3750 25.1250 25.8125 27.24 26.45 1013.6531
04461.4956 25.3750 25.1250 25.8125 27.24 26.45 1013.5905
04461.4458 25.3750 25.1250 25.8125 27.24 26.45 1013.5905
04461.7334 25.3750 25.1250 25.8125 27.24 26.45 1013.5905
04461.0210 25.3750 25.1250 25.8125 27.24 26.45 1013.5905
04460.4834 25.3750 25.1250 25.8125 27.24 26.45 1013.5905
04439.6460 25.3750 25.1250 25.8125 27.24 26.45 1013.5905
04439.8335 25.3750 25.1250 25.8125 27.24 26.45 1013.5905
04460.7832 25.3750 25.1250 25.8125 27.24 26.45 1013.5905
04460.2456 25.3750 25.1250 25.8125 27.24 26.45 1013.5905
04460.7832 25.3750 25.1250 25.8125 27.24 26.45 1013.5905
04461.7085 25.3750 25.1250 25.8125 27.24 26.45 1013.5905
04461.7334 25.3750 25.1250 25.8125 27.24 26.45 1013.5634
04460.7710 25.3750 25.1250 25.8125 27.24 26.45 1013.5634
04460.5083 25.3750 25.1250 25.8125 27.24 26.45 1013.5634
04460.4956 25.3750 25.1250 25.8125 27.24 26.45 1013.5634
04460.4956 25.3750 25.1250 25.8125 27.24 26.45 1013.5634
04460.2959 25.3750 25.1250 25.8125 27.24 26.45 1013.5634
#terjedesi                                       nyomas  ##
#ido(usec)  T1(C)   T2(C)   T3(C)  T4(C) para(%)  (hPa)
04461.4956 25.3750 25.1250 25.8125 27.24 26.45 1013.5634
04455.0835 25.3750 25.1250 25.8125 27.24 26.45 1013.5634
04461.7085 25.3750 25.1250 25.8125 27.24 26.44 1013.7535
04439.5835 25.3750 25.1250 25.8125 27.24 26.44 1013.7535
04460.2456 25.3750 25.1250 25.8125 27.24 26.44 1013.7535
04460.3081 25.3750 25.1250 25.8125 27.24 26.44 1013.7535
04460.3081 25.3750 25.1250 25.8125 27.24 26.44 1013.7535
04439.5835 25.3750 25.1250 25.8125 27.24 26.44 1013.7535
04460.7710 25.3750 25.1250 25.8125 27.24 26.44 1013.7535
04460.4956 25.3750 25.1250 25.8750 27.24 26.44 1013.7535
04461.9209 25.3750 25.1250 25.8750 27.24 26.44 1013.7535
04461.7207 25.3750 25.1250 25.8750 27.24 26.44 1013.7535
04460.4834 25.3750 25.1250 25.8750 27.23 26.43 1013.6638
04439.3457 25.3750 25.1250 25.8750 27.23 26.43 1013.6638
04463.1084 25.3750 25.1250 25.8750 27.23 26.43 1013.6638
04460.2583 25.3750 25.1250 25.8750 27.23 26.43 1013.6638
04460.4834 25.3750 25.1250 25.8750 27.23 26.43 1013.6638
04461.0083 25.3750 25.1250 25.8125 27.23 26.43 1013.6638
04461.7207 25.3750 25.1250 25.8125 27.23 26.43 1013.6638
04461.4458 25.3750 25.1250 25.8125 27.23 26.43 1013.6638
04460.2583 25.3750 25.1250 25.8125 27.23 26.43 1013.6638
04460.5332 25.3750 25.1250 25.8125 27.23 26.43 1013.6638
04460.7832 25.3750 25.1250 25.8125 27.24 26.43 1013.7535
04460.4956 25.3750 25.1250 25.8125 27.24 26.43 1013.7535
04460.3081 25.3750 25.1250 25.8125 27.24 26.43 1013.7535
04460.0083 25.3750 25.1250 25.8125 27.24 26.43 1013.7535
04461.4956 25.3750 25.1250 25.8125 27.24 26.43 1013.7535
04461.2085 25.3750 25.1250 25.8125 27.24 26.43 1013.7535
04461.2583 25.3750 25.1250 25.8125 27.24 26.43 1013.7535
04460.3081 25.3750 25.1250 25.8125 27.24 26.43 1013.7535
04460.4956 25.3750 25.1250 25.8125 27.24 26.43 1013.7535
04460.5459 25.3750 25.1250 25.8125 27.24 26.43 1013.6531
04460.5210 25.3750 25.1250 25.8125 27.24 26.43 1013.6531
04461.0083 25.3750 25.1250 25.8125 27.24 26.43 1013.6531
04460.9834 25.3750 25.1250 25.8125 27.24 26.43 1013.6531
04461.2456 25.3750 25.1250 25.8125 27.24 26.43 1013.6531
04461.6958 25.3750 25.1250 25.8125 27.24 26.43 1013.6531
04461.9458 25.3750 25.1250 25.8125 27.24 26.43 1013.6531
04460.7456 25.3750 25.1250 25.8125 27.24 26.43 1013.6531
04460.2583 25.3750 25.1250 25.8125 27.24 26.43 1013.6531
04460.5210 25.3750 25.1250 25.8125 27.24 26.43 1013.6531
04460.5459 25.3750 25.1250 25.8125 27.24 26.41 1013.6531
04460.5210 25.3750 25.1250 25.8125 27.24 26.41 1013.6531
04460.5459 25.3750 25.1250 25.8125 27.24 26.41 1013.6531
04461.9331 25.3750 25.1250 25.8750 27.24 26.41 1013.6531
04461.4707 25.3750 25.1250 25.8750 27.24 26.41 1013.6531
04460.7456 25.3750 25.1250 25.8750 27.24 26.41 1013.6531
04439.6084 25.3750 25.1250 25.8750 27.24 26.41 1013.6531
04463.0957 25.3750 25.1250 25.8750 27.24 26.41 1013.6531
04460.2583 25.3750 25.1250 25.8750 27.24 26.41 1013.6531
04460.5210 25.3750 25.1250 25.8750 27.24 26.38 1013.6992
04439.1084 25.3750 25.1250 25.8750 27.24 26.38 1013.6992
04461.7207 25.3125 25.1250 25.8750 27.24 26.38 1013.6992
04461.6831 25.3125 25.1250 25.8750 27.24 26.38 1013.6992
04461.4956 25.3125 25.1250 25.8750 27.24 26.38 1013.6992
04439.1084 25.3125 25.1250 25.8750 27.24 26.38 1013.6992
04439.1709 25.3125 25.1250 25.8750 27.24 26.38 1013.6992
04439.4082 25.3125 25.1250 25.8750 27.24 26.38 1013.6992
04439.3584 25.3125 25.1250 25.8750 27.24 26.38 1013.6992
04439.1709 25.3125 25.1250 25.8750 27.24 26.38 1013.6992
04439.6206 25.3125 25.1250 25.8125 27.23 26.38 1013.6910
04460.9834 25.3750 25.1250 25.8125 27.23 26.38 1013.6910
04461.4707 25.3750 25.1250 25.8125 27.23 26.38 1013.6910
04460.2583 25.3750 25.1250 25.8125 27.23 26.38 1013.6910
04460.3081 25.3750 25.1250 25.8125 27.23 26.38 1013.6910
04439.1709 25.3750 25.1250 25.8125 27.23 26.38 1013.6910
04460.7832 25.3750 25.1250 25.8125 27.23 26.38 1013.6910
04439.8706 25.3750 25.1250 25.8125 27.23 26.38 1013.6910
04460.7832 25.3750 25.1250 25.8125 27.23 26.38 1013.6910
04461.6831 25.3750 25.1250 25.8125 27.24 26.37 1013.6721
04461.4834 25.3750 25.1250 25.8125 27.24 26.37 1013.6721
04461.4331 25.3750 25.1250 25.8125 27.24 26.37 1013.6721
04460.5459 25.3750 25.1250 25.8125 27.24 26.37 1013.6721
#terjedesi                                       nyomas  ##
#ido(usec)  T1(C)   T2(C)   T3(C)  T4(C) para(%)  (hPa)
04439.3706 25.3750 25.1250 25.8125 27.24 26.37 1013.6721
04460.3081 25.3750 25.1250 25.8125 27.24 26.37 1013.6721
04460.2456 25.3750 25.1250 25.8125 27.24 26.37 1013.6721
04460.2959 25.3750 25.1250 25.8125 27.24 26.37 1013.6721
04460.9707 25.3750 25.1250 25.8125 27.24 26.37 1013.6721
04462.2085 25.3750 25.1250 25.8125 27.25 26.39 1013.5525
04461.6709 25.3750 25.1250 25.8125 27.25 26.39 1013.5525
04460.4956 25.3750 25.1250 25.8125 27.25 26.39 1013.5525
04460.7334 25.3750 25.1250 25.8125 27.25 26.39 1013.5525
04460.5459 25.3750 25.1250 25.8125 27.25 26.39 1013.5525
04460.7832 25.3750 25.1250 25.8125 27.25 26.39 1013.5525
04460.9585 25.3750 25.1250 25.8125 27.25 26.39 1013.5525
04460.7832 25.3750 25.1250 25.8125 27.25 26.39 1013.5525
04460.7207 25.3750 25.1250 25.8750 27.25 26.39 1013.5525
04461.4458 25.3750 25.1250 25.8750 27.25 26.39 1013.5525
04461.7334 25.3750 25.1250 25.8750 27.24 26.39 1013.7617
04460.3081 25.3750 25.1250 25.8750 27.24 26.39 1013.7617
04460.3081 25.3750 25.1250 25.8750 27.24 26.39 1013.7617
04460.4834 25.3750 25.1250 25.8750 27.24 26.39 1013.7617
04460.4834 25.3750 25.1250 25.8750 27.24 26.39 1013.7617
04460.5210 25.3750 25.1250 25.8750 27.24 26.39 1013.7617
04461.2583 25.3750 25.1250 25.8125 27.24 26.39 1013.7617
04461.2085 25.3750 25.1250 25.8125 27.24 26.39 1013.7617
04461.2085 25.3750 25.1250 25.8125 27.24 26.39 1013.7617
04460.4956 25.3750 25.1250 25.8125 27.24 26.38 1013.5905
04460.7456 25.3750 25.1250 25.8125 27.24 26.38 1013.5905
04439.3833 25.3750 25.1250 25.8125 27.24 26.38 1013.5905
04439.4082 25.3750 25.1250 25.8125 27.24 26.38 1013.5905
04460.2583 25.3750 25.1250 25.8125 27.24 26.38 1013.5905
04460.2456 25.3750 25.1250 25.8125 27.24 26.38 1013.5905
04439.6333 25.3750 25.1250 25.8125 27.24 26.38 1013.5905
04461.7334 25.3750 25.1250 25.8125 27.24 26.38 1013.5905
04461.6958 25.3750 25.1250 25.8125 27.24 26.38 1013.5905
04460.2710 25.3750 25.1250 25.8125 27.24 26.38 1013.5905
04460.2832 25.3750 25.1250 25.8125 27.25 26.38 1013.6069
04460.2583 25.3750 25.1250 25.8125 27.25 26.38 1013.6069
04460.2959 25.3750 25.1250 25.8125 27.25 26.38 1013.6069
04439.6206 25.3750 25.1250 25.8125 27.25 26.38 1013.6069
04460.9956 25.3750 25.1250 25.8125 27.25 26.38 1013.6069
04461.4585 25.3750 25.1250 25.8125 27.25 26.38 1013.6069
04461.4956 25.3750 25.1250 25.8125 27.25 26.38 1013.6069
04460.7583 25.3750 25.1250 25.8125 27.25 26.38 1013.6069
04439.8833 25.3750 25.1250 25.8125 27.25 26.38 1013.6069
04439.4082 25.3750 25.1250 25.8125 27.24 26.36 1013.7263
04460.2583 25.3750 25.1250 25.8125 27.24 26.36 1013.7263
04439.4082 25.3750 25.1250 25.8125 27.24 26.36 1013.7263
04439.6460 25.3750 25.1250 25.8125 27.24 26.36 1013.7263
04460.3081 25.3750 25.1250 25.8750 27.24 26.36 1013.7263
04461.2583 25.3750 25.1250 25.8750 27.24 26.36 1013.7263
04461.2583 25.3750 25.1250 25.8750 27.24 26.36 1013.7263
04460.0459 25.3750 25.1250 25.8750 27.24 26.36 1013.7263
04460.2456 25.3750 25.1250 25.8750 27.24 26.36 1013.7263
04439.3584 25.3750 25.1250 25.8750 27.24 26.36 1013.7263
04460.2583 25.3750 25.1250 25.8750 27.24 26.36 1013.6992
04460.2832 25.3750 25.1250 25.8750 27.24 26.36 1013.6992
04461.6958 25.3750 25.1250 25.8125 27.24 26.36 1013.6992
04461.9209 25.3750 25.1250 25.8125 27.24 26.36 1013.6992
04461.4707 25.3750 25.1250 25.8125 27.24 26.36 1013.6992
04460.9834 25.3750 25.1250 25.8125 27.24 26.36 1013.6992
04460.7832 25.3750 25.1250 25.8125 27.24 26.36 1013.6992
04460.7583 25.3750 25.1250 25.8125 27.24 26.36 1013.6992
04460.3081 25.3750 25.1250 25.8125 27.24 26.36 1013.6992
04460.3081 25.3750 25.1250 25.8125 27.24 26.35 1013.6721
04460.5459 25.3750 25.1250 25.8125 27.24 26.35 1013.6721
04460.7832 25.3750 25.1250 25.8125 27.24 26.35 1013.6721
04461.1958 25.3750 25.1250 25.8125 27.24 26.35 1013.6721
04461.6958 25.3750 25.1250 25.8125 27.24 26.35 1013.6721
04439.3706 25.3750 25.1250 25.8125 27.24 26.35 1013.6721
04460.2710 25.3750 25.1250 25.8125 27.24 26.35 1013.6721
04439.1582 25.3750 25.1250 25.8125 27.24 26.35 1013.6721
04439.1709 25.3750 25.1250 25.8125 27.24 26.35 1013.6721
04463.1460 25.3750 25.1250 25.8125 27.23 26.33 1013.7182
04460.9707 25.3750 25.1250 25.8125 27.23 26.33 1013.7182
#terjedesi                                       nyomas  ##
#ido(usec)  T1(C)   T2(C)   T3(C)  T4(C) para(%)  (hPa)
04461.2207 25.3750 25.1250 25.8125 27.23 26.33 1013.7182
04461.3833 25.3750 25.1250 25.8125 27.23 26.33 1013.7182
04460.7832 25.3750 25.1250 25.8125 27.23 26.33 1013.7182
04460.3081 25.3750 25.1250 25.8125 27.23 26.33 1013.7182
04439.1709 25.3750 25.1250 25.8125 27.23 26.33 1013.7182
04460.0210 25.3750 25.1250 25.8125 27.23 26.33 1013.7182
04439.3584 25.3750 25.1250 25.8125 27.23 26.33 1013.7182
04460.4956 25.3750 25.1250 25.8125 27.23 26.33 1013.7182
04461.4458 25.3750 25.1250 25.8125 27.23 26.34 1013.5469
04461.7334 25.3750 25.1250 25.8125 27.23 26.34 1013.5469
04461.4331 25.3750 25.1250 25.8125 27.23 26.34 1013.5469
04460.2583 25.3750 25.1250 25.8125 27.23 26.34 1013.5469
04460.0210 25.3750 25.1250 25.8125 27.23 26.34 1013.5469
04460.0708 25.3750 25.1250 25.8125 27.23 26.34 1013.5469
04460.4956 25.3750 25.1250 25.8125 27.23 26.34 1013.5469
04439.4082 25.3750 25.1250 25.8125 27.23 26.34 1013.5469
04463.3960 25.3750 25.1250 25.8125 27.23 26.34 1013.5469
04461.4956 25.3750 25.1250 25.8125 27.23 26.35 1013.6367
04461.4834 25.3750 25.1250 25.8125 27.23 26.35 1013.6367
04461.4331 25.3750 25.1250 25.8125 27.23 26.35 1013.6367
04460.2710 25.3750 25.1250 25.8125 27.23 26.35 1013.6367
04439.3457 25.3750 25.1250 25.8125 27.23 26.35 1013.6367
04460.4834 25.3750 25.1250 25.8125 27.23 26.35 1013.6367
04463.1582 25.3750 25.1250 25.8125 27.23 26.35 1013.6367
04439.3584 25.3750 25.1250 25.8125 27.23 26.35 1013.6367
04463.1084 25.3750 25.1250 25.8125 27.23 26.35 1013.6367
04461.6831 25.3750 25.1250 25.8125 27.23 26.35 1013.6367
04461.4834 25.3750 25.1250 25.8125 27.24 26.37 1013.6992
04460.4956 25.3750 25.1250 25.8125 27.24 26.37 1013.6992
04439.3960 25.3750 25.1250 25.8125 27.24 26.37 1013.6992
04460.3081 25.3750 25.1250 25.8125 27.24 26.37 1013.6992
04460.4956 25.3750 25.1250 25.8125 27.24 26.37 1013.6992
04439.4082 25.3750 25.1250 25.8125 27.24 26.37 1013.6992
04439.3584 25.3750 25.1250 25.8125 27.24 26.37 1013.6992
04461.0083 25.3750 25.1250 25.8750 27.24 26.37 1013.6992
04461.2207 25.3750 25.1250 25.8750 27.24 26.37 1013.6992
04461.2583 25.3750 25.1250 25.8750 27.24 26.37 1013.6992
04439.3833 25.3750 25.1250 25.8750 27.23 26.38 1013.5742
04460.0581 25.3750 25.1250 25.8750 27.23 26.38 1013.5742
04439.4082 25.3750 25.1250 25.8750 27.23 26.38 1013.5742
04460.2583 25.3750 25.1250 25.8750 27.23 26.38 1013.5742
04460.2456 25.3750 25.1250 25.8750 27.23 26.38 1013.5742
04460.4834 25.3750 25.1250 25.8125 27.23 26.38 1013.5742
04461.2085 25.3750 25.1250 25.8125 27.23 26.38 1013.5742
04461.1958 25.3750 25.1250 25.8125 27.23 26.38 1013.5742
04460.0581 25.3750 25.1250 25.8125 27.24 26.37 1013.6448
04460.5332 25.3750 25.1250 25.8125 27.24 26.37 1013.6448
04460.7207 25.3750 25.1250 25.8125 27.24 26.37 1013.6448
04460.5459 25.3750 25.1250 25.8125 27.24 26.37 1013.6448
04460.5459 25.3750 25.1250 25.8125 27.24 26.37 1013.6448
04460.5459 25.3750 25.1250 25.8125 27.24 26.37 1013.6448
04461.6831 25.3750 25.1250 25.8125 27.24 26.37 1013.6448
04461.4956 25.3750 25.1250 25.8125 27.24 26.37 1013.6448
04461.9585 25.3750 25.1250 25.8125 27.24 26.37 1013.6448
04460.4834 25.3750 25.1250 25.8125 27.24 26.37 1013.6448
04460.5459 25.3750 25.1250 25.8125 27.24 26.37 1013.6448
04460.5459 25.3750 25.1250 25.8125 27.23 26.36 1013.6910
04460.4956 25.3750 25.1250 25.8125 27.23 26.36 1013.6910
04460.7334 25.3750 25.1250 25.8125 27.23 26.36 1013.6910
04461.2456 25.3750 25.1250 25.8125 27.23 26.36 1013.6910
04461.6831 25.3750 25.1250 25.8125 27.23 26.36 1013.6910
04461.7334 25.3750 25.1250 25.8125 27.23 26.36 1013.6910
04460.5332 25.3750 25.1250 25.8125 27.23 26.36 1013.6910
04439.6460 25.3750 25.1250 25.8125 27.23 26.36 1013.6910
04460.4956 25.3750 25.1250 25.8125 27.23 26.36 1013.6910
04460.7207 25.3750 25.1250 25.8125 27.23 26.36 1013.5742
04460.7832 25.3750 25.1250 25.8125 27.23 26.36 1013.5742
04460.7334 25.3750 25.1250 25.8125 27.23 26.36 1013.5742
04460.9707 25.3750 25.1250 25.8750 27.23 26.36 1013.5742
04461.6831 25.3750 25.1250 25.8750 27.23 26.36 1013.5742
04461.9585 25.3750 25.1250 25.8750 27.23 26.36 1013.5742
04460.5459 25.3750 25.1250 25.8750 27.23 26.36 1013.5742
04439.5957 25.3750 25.1250 25.8750 27.23 26.36 1013.5742
#terjedesi                                       nyomas  ##
#ido(usec)  T1(C)   T2(C)   T3(C)  T4(C) para(%)  (hPa)
04460.5459 25.3750 25.1250 25.8750 27.23 26.36 1013.5742
04460.2583 25.3750 25.1250 25.8750 27.23 26.33 1013.6013
04460.4956 25.3750 25.1250 25.8750 27.23 26.33 1013.6013
04461.4834 25.3750 25.1250 25.8125 27.23 26.33 1013.6013
04461.9082 25.3750 25.1250 25.8125 27.23 26.33 1013.6013
04461.9458 25.3750 25.1250 25.8125 27.23 26.33 1013.6013
04460.3081 25.3750 25.1250 25.8125 27.23 26.33 1013.6013
04439.3960 25.3750 25.1250 25.8125 27.23 26.33 1013.6013
04460.5459 25.3750 25.1250 25.8125 27.23 26.33 1013.6013
04439.4082 25.3750 25.1250 25.8125 27.23 26.33 1013.6013
04460.4956 25.3750 25.1250 25.8125 27.23 26.33 1013.6013
04460.5083 25.3750 25.1250 25.8125 27.23 26.33 1013.6557
04460.5459 25.3750 25.1250 25.8750 27.23 26.33 1013.6557
04461.6709 25.3750 25.1250 25.8750 27.23 26.33 1013.6557
04461.2583 25.3750 25.1250 25.8750 27.23 26.33 1013.6557
04439.6084 25.3750 25.1250 25.8750 27.23 26.33 1013.6557
04460.4956 25.3750 25.1250 25.8750 27.23 26.33 1013.6557
04460.7334 25.3750 25.1250 25.8750 27.23 26.33 1013.6557
04439.3960 25.3750 25.1250 25.8750 27.23 26.33 1013.6557
04460.7334 25.3750 25.1250 25.8750 27.23 26.33 1013.6557
04461.2583 25.3750 25.1250 25.8125 27.23 26.33 1013.6013
04461.6831 25.3750 25.1250 25.8125 27.23 26.33 1013.6013
04461.7334 25.3750 25.1250 25.8125 27.23 26.33 1013.6013
04439.6333 25.3750 25.1250 25.8125 27.23 26.33 1013.6013
04460.4956 25.3750 25.1250 25.8125 27.23 26.33 1013.6013
04460.5210 25.3750 25.1250 25.8125 27.23 26.33 1013.6013
04460.5459 25.3750 25.1250 25.8125 27.23 26.33 1013.6013
04460.5459 25.3750 25.1250 25.8125 27.23 26.33 1013.6013
04439.8833 25.3750 25.1250 25.8125 27.23 26.33 1013.6013
04461.0210 25.3750 25.1250 25.8125 27.23 26.33 1013.6013
04461.2583 25.3750 25.1250 25.8125 27.23 26.35 1013.5742
04461.4458 25.3750 25.1250 25.8125 27.23 26.35 1013.5742
04460.5459 25.3750 25.1250 25.8125 27.23 26.35 1013.5742
04460.3081 25.3750 25.1250 25.8125 27.23 26.35 1013.5742
04460.3081 25.3750 25.1250 25.8125 27.23 26.35 1013.5742
04439.4082 25.3750 25.1250 25.8125 27.23 26.35 1013.5742
04462.6831 25.3750 25.1250 25.8125 27.23 26.35 1013.5742
04461.2583 25.3750 25.1250 25.8125 27.23 26.35 1013.5742
04461.1958 25.3750 25.1250 25.8125 27.23 26.35 1013.5742
04461.6958 25.3750 25.1250 25.8125 27.23 26.34 1013.6828
04460.2710 25.3750 25.1250 25.8125 27.23 26.34 1013.6828
04460.5459 25.3750 25.1250 25.8125 27.23 26.34 1013.6828
04460.2583 25.3750 25.1250 25.8125 27.23 26.34 1013.6828
04439.4082 25.3750 25.1250 25.8125 27.23 26.34 1013.6828
04439.6206 25.3750 25.1250 25.8125 27.23 26.34 1013.6828
04460.3081 25.3750 25.1250 25.8125 27.23 26.34 1013.6828
04439.6460 25.3750 25.1250 25.8750 27.23 26.34 1013.6828
04461.6831 25.3750 25.1250 25.8750 27.23 26.34 1013.6828
04461.7334 25.3750 25.1250 25.8750 27.23 26.34 1013.6828
04460.7207 25.3750 25.1250 25.8750 27.22 26.34 1013.6121
04460.4956 25.3750 25.1250 25.8750 27.22 26.34 1013.6121
04460.5459 25.3750 25.1250 25.8750 27.22 26.34 1013.6121
04460.5332 25.3750 25.1250 25.8750 27.22 26.34 1013.6121
04460.3081 25.3750 25.1250 25.8750 27.22 26.34 1013.6121
04460.9707 25.3750 25.1250 25.8125 27.22 26.34 1013.6121
04461.6709 25.3750 25.1250 25.8125 27.22 26.34 1013.6121
04461.6831 25.3750 25.1250 25.8125 27.22 26.34 1013.6121
04460.7207 25.3750 25.1250 25.8125 27.22 26.34 1013.6121
04460.2583 25.3750 25.1250 25.8125 27.23 26.31 1013.7454
04460.5459 25.3750 25.1250 25.8125 27.23 26.31 1013.7454
04460.4956 25.3750 25.1250 25.8125 27.23 26.31 1013.7454
04439.3457 25.3750 25.1250 25.8125 27.23 26.31 1013.7454
04460.4956 25.3750 25.1250 25.8125 27.23 26.31 1013.7454
04461.7085 25.3750 25.1250 25.8125 27.23 26.31 1013.7454
04461.9209 25.3750 25.1250 25.8125 27.23 26.31 1013.7454
04461.9209 25.3750 25.1250 25.8125 27.23 26.31 1013.7454
04460.7832 25.3750 25.1250 25.8125 27.23 26.31 1013.7454
04460.5210 25.3750 25.1250 25.8125 27.23 26.33 1013.6285
04460.5332 25.3750 25.1250 25.8125 27.23 26.33 1013.6285
04460.5459 25.3750 25.1250 25.8125 27.23 26.33 1013.6285
04460.7456 25.3750 25.1250 25.8125 27.23 26.33 1013.6285
04460.7334 25.3750 25.1250 25.8750 27.23 26.33 1013.6285
04461.4458 25.3750 25.1250 25.8750 27.23 26.33 1013.6285
#terjedesi                                       nyomas  ##
#ido(usec)  T1(C)   T2(C)   T3(C)  T4(C) para(%)  (hPa)
04461.4458 25.3750 25.1250 25.8750 27.23 26.33 1013.6285
04461.4956 25.3750 25.1250 25.8750 27.23 26.33 1013.6285
04460.7456 25.3750 25.1250 25.8750 27.23 26.33 1013.6285
04460.5210 25.3750 25.1250 25.8750 27.23 26.33 1013.6285
04460.4956 25.3750 25.1250 25.8750 27.24 26.34 1013.5905
04460.2456 25.3750 25.1250 25.8750 27.24 26.34 1013.5905
04460.2583 25.3750 25.1250 25.8750 27.24 26.34 1013.5905
04460.2832 25.3750 25.1250 25.8750 27.24 26.34 1013.5905
04461.4834 25.3750 25.1250 25.8125 27.24 26.34 1013.5905
04461.2583 25.3750 25.1250 25.8125 27.24 26.34 1013.5905
04462.8584 25.3750 25.1250 25.8125 27.24 26.34 1013.5905
04460.3081 25.3750 25.1250 25.8125 27.24 26.34 1013.5905
04460.2583 25.3750 25.1250 25.8125 27.24 26.34 1013.5905
04460.5459 25.3750 25.1250 25.8125 27.22 26.31 1013.5659
04460.5332 25.3750 25.1250 25.8125 27.22 26.31 1013.5659
04460.3081 25.3750 25.1250 25.8125 27.22 26.31 1013.5659
04461.6958 25.3750 25.1250 25.8750 27.22 26.31 1013.5659
04461.4458 25.3750 25.1250 25.8750 27.22 26.31 1013.5659
04438.1958 25.3750 25.1250 25.8750 27.22 26.31 1013.5659
04460.4956 25.3750 25.1250 25.8750 27.22 26.31 1013.5659
04460.2456 25.3750 25.1250 25.8750 27.22 26.31 1013.5659
04460.2710 25.3750 25.1250 25.8750 27.22 26.31 1013.5659
04460.7334 25.3750 25.1250 25.8750 27.22 26.31 1013.5659
04460.2959 25.3750 25.1250 25.8750 27.23 26.32 1013.6557
04460.4956 25.3750 25.1250 25.8750 27.23 26.32 1013.6557
04461.7085 25.3750 25.1250 25.8750 27.23 26.32 1013.6557
04461.6831 25.3750 25.1250 25.8750 27.23 26.32 1013.6557
04439.3584 25.3750 25.1250 25.8750 27.23 26.32 1013.6557
04460.3081 25.3750 25.1250 25.8750 27.23 26.32 1013.6557
04460.7583 25.3750 25.1250 25.8750 27.23 26.32 1013.6557
04460.7583 25.3750 25.1250 25.8750 27.23 26.32 1013.6557
04460.5210 25.3750 25.1250 25.8750 27.23 26.32 1013.6557
04460.7583 25.3750 25.1250 25.8750 27.22 26.32 1013.5578
04461.6709 25.3750 25.1250 25.8125 27.22 26.32 1013.5578
04461.4585 25.3750 25.1250 25.8125 27.22 26.32 1013.5578
04461.7207 25.3750 25.1250 25.8125 27.22 26.32 1013.5578
04460.5332 25.3750 25.1250 25.8125 27.22 26.32 1013.5578
04460.3081 25.3750 25.1250 25.8125 27.22 26.32 1013.5578
04460.0210 25.3750 25.1250 25.8125 27.22 26.32 1013.5578
04439.3457 25.3750 25.1250 25.8125 27.22 26.32 1013.5578
04460.4956 25.3750 25.1250 25.8125 27.22 26.32 1013.5578
04461.2085 25.3750 25.1250 25.8125 27.22 26.32 1013.5578
04461.9458 25.3750 25.1250 25.8125 27.22 26.33 1013.6203
04461.4458 25.3750 25.1250 25.8125 27.22 26.33 1013.6203
04460.7334 25.3750 25.1250 25.8125 27.22 26.33 1013.6203
04460.5083 25.3750 25.1250 25.8125 27.22 26.33 1013.6203
04460.9707 25.3750 25.1250 25.8125 27.22 26.33 1013.6203
04440.0708 25.3750 25.1250 25.8125 27.22 26.33 1013.6203
04460.4834 25.3750 25.1250 25.8125 27.22 26.33 1013.6203
04460.5083 25.3750 25.1250 25.8125 27.22 26.33 1013.6203
04460.7832 25.3750 25.1250 25.8125 27.22 26.33 1013.6203
04460.9585 25.3750 25.1250 25.8125 27.22 26.33 1013.6203
04461.2583 25.3750 25.1250 25.8125 27.22 26.31 1013.6393
04460.3081 25.3750 25.1250 25.8125 27.22 26.31 1013.6393
04460.2710 25.3750 25.1250 25.8125 27.22 26.31 1013.6393
04439.6460 25.3750 25.1250 25.8125 27.22 26.31 1013.6393
04460.3081 25.3750 25.1250 25.8125 27.22 26.31 1013.6393
04460.5332 25.3750 25.1250 25.8125 27.22 26.31 1013.6393
04461.7334 25.3750 25.1250 25.8125 27.22 26.31 1013.6393
04461.6709 25.3750 25.1250 25.8125 27.22 26.31 1013.6393
04461.6709 25.3750 25.1250 25.8125 27.22 26.31 1013.6475
04460.4956 25.3750 25.1250 25.8125 27.22 26.31 1013.6475
04460.4834 25.3750 25.1250 25.8125 27.22 26.31 1013.6475
04461.2085 25.3750 25.1250 25.8125 27.22 26.31 1013.6475
04439.8833 25.3750 25.1250 25.8125 27.22 26.31 1013.6475
04460.7832 25.3750 25.1250 25.8125 27.22 26.31 1013.6475
04460.2583 25.3750 25.1250 25.8125 27.22 26.31 1013.6475
04460.4834 25.3750 25.1250 25.8125 27.22 26.31 1013.6475
04461.6831 25.3750 25.1250 25.8125 27.22 26.31 1013.6475
04461.6958 25.3750 25.1250 25.8125 27.22 26.31 1013.6475
04460.2456 25.3750 25.1250 25.8125 27.22 26.31 1013.6475
04460.7334 25.3750 25.1250 25.8125 27.23 26.22 1013.6285
04439.8335 25.3750 25.1250 25.8125 27.23 26.22 1013.6285
#terjedesi                                       nyomas  ##
#ido(usec)  T1(C)   T2(C)   T3(C)  T4(C) para(%)  (hPa)
04460.5210 25.3750 25.1250 25.8125 27.23 26.22 1013.6285
04460.9585 25.3750 25.1250 25.8125 27.23 26.22 1013.6285
04461.4458 25.3750 25.1250 25.8750 27.23 26.22 1013.6285
04461.9707 25.3750 25.1250 25.8750 27.23 26.22 1013.6285
04461.9707 25.3750 25.1250 25.8750 27.23 26.22 1013.6285
04460.7710 25.3750 25.1250 25.8750 27.23 26.22 1013.6285
04460.4956 25.3750 25.1250 25.8750 27.23 26.22 1013.6285
04460.9834 25.3750 25.1250 25.8750 27.23 26.32 1013.5742
04460.7583 25.3750 25.1250 25.8750 27.23 26.32 1013.5742
04460.7832 25.3750 25.1250 25.8750 27.23 26.32 1013.5742
04460.2959 25.3750 25.1250 25.8750 27.23 26.32 1013.5742
04460.7456 25.3750 25.1250 25.8750 27.23 26.32 1013.5742
04461.7334 25.3750 25.1250 25.8750 27.23 26.32 1013.5742
04461.6709 25.3750 25.1250 25.8750 27.23 26.32 1013.5742
04460.9707 25.3750 25.1250 25.8750 27.23 26.32 1013.5742
04461.0210 25.3750 25.1250 25.8750 27.23 26.32 1013.5742
04460.7832 25.3750 25.1250 25.8750 27.23 26.31 1013.6828
04439.8833 25.3750 25.1250 25.8750 27.23 26.31 1013.6828
04439.8335 25.3750 25.1250 25.8750 27.23 26.31 1013.6828
04462.1582 25.3750 25.1250 25.8750 27.23 26.31 1013.6828
04461.7334 25.3750 25.1250 25.8750 27.23 26.31 1013.6828
04438.2207 25.3750 25.1250 25.8750 27.23 26.31 1013.6828
04461.2085 25.3750 25.1250 25.8750 27.23 26.31 1013.6828
04460.9585 25.3750 25.1250 25.8750 27.23 26.31 1013.6828
04460.7832 25.3750 25.1250 25.8750 27.23 26.31 1013.6828
04460.9707 25.3750 25.1250 25.8750 27.23 26.31 1013.6828
04460.7334 25.3750 25.1250 25.8750 27.22 26.30 1013.6747
04460.5083 25.3750 25.1250 25.8750 27.22 26.30 1013.6747
04460.7832 25.3750 25.1250 25.8750 27.22 26.30 1013.6747
04461.9209 25.3750 25.1250 25.8750 27.22 26.30 1013.6747
04461.9331 25.3750 25.1250 25.8750 27.22 26.30 1013.6747
04460.7832 25.3750 25.1250 25.8750 27.22 26.30 1013.6747
04460.9956 25.3750 25.1250 25.8750 27.22 26.30 1013.6747
04460.7334 25.3750 25.1250 25.8750 27.22 26.30 1013.6747
04460.4956 25.3750 25.1250 25.8750 27.22 26.30 1013.6747
04461.2085 25.3750 25.1250 25.8750 27.22 26.31 1013.6121
04461.7334 25.3750 25.1250 25.8125 27.22 26.31 1013.6121
04462.2085 25.3750 25.1250 25.8125 27.22 26.31 1013.6121
04462.2085 25.3750 25.1250 25.8125 27.22 26.31 1013.6121
04461.0210 25.3750 25.1250 25.8125 27.22 26.31 1013.6121
04460.7832 25.3750 25.1250 25.8125 27.22 26.31 1013.6121
04461.0210 25.3750 25.1250 25.8125 27.22 26.31 1013.6121
04460.3081 25.3750 25.1250 25.8125 27.22 26.31 1013.6121
04460.7207 25.3750 25.1250 25.8125 27.22 26.31 1013.6121
04460.7832 25.3750 25.1250 25.8125 27.22 26.31 1013.6121
04461.9209 25.3750 25.1250 25.8125 27.23 26.30 1013.5823
04461.7334 25.3750 25.1250 25.8125 27.23 26.30 1013.5823
04461.9585 25.3750 25.1250 25.8125 27.23 26.30 1013.5823
04460.2710 25.3750 25.1250 25.8125 27.23 26.30 1013.5823
04460.7583 25.3750 25.1250 25.8125 27.23 26.30 1013.5823
04460.9707 25.3750 25.1250 25.8125 27.23 26.30 1013.5823
04460.7207 25.3750 25.1250 25.8125 27.23 26.30 1013.5823
04460.5083 25.3750 25.1250 25.8125 27.23 26.30 1013.5823
04460.7832 25.3750 25.1250 25.8750 27.23 26.30 1013.5823
04462.2085 25.3750 25.1250 25.8750 27.23 26.31 1013.7100
04461.9458 25.3750 25.1250 25.8750 27.23 26.31 1013.7100
04461.7085 25.3750 25.1250 25.8750 27.23 26.31 1013.7100
04460.7832 25.3750 25.1250 25.8750 27.23 26.31 1013.7100
04460.5459 25.3750 25.1250 25.8750 27.23 26.31 1013.7100
04460.7207 25.3750 25.1250 25.8750 27.23 26.31 1013.7100
04460.7832 25.3750 25.1250 25.8750 27.23 26.31 1013.7100
04460.7207 25.3750 25.1250 25.8750 27.23 26.31 1013.7100
04460.7334 25.3750 25.1250 25.8750 27.23 26.31 1013.7100
04461.7334 25.3750 25.1250 25.8125 27.22 26.30 1013.6475
04462.1582 25.3750 25.1250 25.8125 27.22 26.30 1013.6475
04460.4834 25.3750 25.1250 25.8125 27.22 26.30 1013.6475
04460.5210 25.3750 25.1250 25.8125 27.22 26.30 1013.6475
04460.5459 25.3750 25.1250 25.8125 27.22 26.30 1013.6475
04460.9585 25.3750 25.1250 25.8125 27.22 26.30 1013.6475
04460.7456 25.3750 25.1250 25.8125 27.22 26.30 1013.6475
04461.0210 25.3750 25.1250 25.8125 27.22 26.30 1013.6475
04461.9331 25.3750 25.1250 25.8125 27.22 26.30 1013.6475
04461.4458 25.3750 25.1250 25.8125 27.22 26.30 1013.6475
#terjedesi                                       nyomas  ##
#ido(usec)  T1(C)   T2(C)   T3(C)  T4(C) para(%)  (hPa)
04461.4458 25.3750 25.1250 25.8125 27.23 26.31 1013.6557
04453.6582 25.3750 25.1250 25.8125 27.23 26.31 1013.6557
04460.3081 25.3750 25.1250 25.8125 27.23 26.31 1013.6557
04460.4834 25.3750 25.1250 25.8125 27.23 26.31 1013.6557
04439.6460 25.3750 25.1250 25.8125 27.23 26.31 1013.6557
04439.8833 25.3750 25.1250 25.8125 27.23 26.31 1013.6557
04460.5332 25.3750 25.1250 25.8125 27.23 26.31 1013.6557
04461.4956 25.3750 25.1250 25.8125 27.23 26.31 1013.6557
04461.7207 25.3750 25.1250 25.8125 27.23 26.31 1013.6557
04460.3081 25.3750 25.1250 25.8125 27.23 26.31 1013.6013
04460.9707 25.3750 25.1250 25.8125 27.23 26.31 1013.6013
04460.7334 25.3750 25.1250 25.8125 27.23 26.31 1013.6013
04461.0210 25.3750 25.1250 25.8125 27.23 26.31 1013.6013
04460.7334 25.3750 25.1250 25.8125 27.23 26.31 1013.6013
04460.2832 25.3750 25.1250 25.8125 27.23 26.31 1013.6013
04461.7334 25.3750 25.1250 25.8750 27.23 26.31 1013.6013
04461.9707 25.3750 25.1250 25.8750 27.23 26.31 1013.6013
04461.9707 25.3750 25.1250 25.8750 27.23 26.31 1013.6013
04460.5459 25.3750 25.1250 25.8750 27.23 26.31 1013.6013
04439.8833 25.3750 25.1250 25.8750 27.23 26.31 1013.6013
04460.7832 25.3750 25.1250 25.8750 27.23 26.31 1013.6013
04460.7583 25.3750 25.1250 25.8750 27.23 26.31 1013.6013
04460.9956 25.3750 25.1250 25.8750 27.23 26.31 1013.6013
04460.9707 25.3750 25.1250 25.8750 27.23 26.31 1013.6013
04461.4585 25.3750 25.1250 25.8750 27.23 26.31 1013.6013
04461.6709 25.3750 25.1250 25.8750 27.23 26.31 1013.6013
04439.8335 25.3750 25.1250 25.8750 27.23 26.31 1013.6013
04439.5957 25.3750 25.1250 25.8750 27.23 26.31 1013.6013
04460.9834 25.3750 25.1250 25.8750 27.23 26.32 1013.6828
04460.7832 25.3750 25.1250 25.8750 27.23 26.32 1013.6828
04460.7832 25.3750 25.1250 25.8750 27.23 26.32 1013.6828
04460.7710 25.3750 25.1250 25.8750 27.23 26.32 1013.6828
04461.0210 25.3750 25.1250 25.8125 27.23 26.32 1013.6828
04461.6831 25.3750 25.1250 25.8125 27.23 26.32 1013.6828
04438.6958 25.3750 25.1250 25.8125 27.23 26.32 1013.6828
04460.9956 25.3750 25.1250 25.8125 27.23 26.32 1013.6828
04460.9834 25.3750 25.1250 25.8125 27.23 26.32 1013.6828
04460.5459 25.3750 25.1250 25.8125 27.23 26.32 1013.6828
04460.9585 25.3750 25.1250 25.8125 27.23 26.33 1013.5823
04460.4956 25.3750 25.1250 25.8125 27.23 26.33 1013.5823
04461.7085 25.3750 25.1250 25.8125 27.23 26.33 1013.5823
04461.9209 25.3750 25.1250 25.8125 27.23 26.33 1013.5823
04462.3960 25.3750 25.1250 25.8125 27.23 26.33 1013.5823
04460.7207 25.3750 25.1250 25.8125 27.23 26.33 1013.5823
04460.7832 25.3750 25.1250 25.8125 27.23 26.33 1013.5823
04460.7832 25.3750 25.1250 25.8125 27.23 26.33 1013.5823
04460.9585 25.3750 25.1250 25.8125 27.23 26.33 1013.5823
04460.5459 25.3750 25.1250 25.8125 27.24 26.34 1013.6992
04460.7832 25.3750 25.1250 25.8125 27.24 26.34 1013.6992
04460.5332 25.3750 25.1250 25.8125 27.24 26.34 1013.6992
04461.7334 25.3750 25.1250 25.8125 27.24 26.34 1013.6992
04461.7334 25.3750 25.1250 25.8125 27.24 26.34 1013.6992
04460.4956 25.3750 25.1250 25.8125 27.24 26.34 1013.6992
04460.5459 25.3750 25.1250 25.8125 27.24 26.34 1013.6992
04460.5210 25.3750 25.1250 25.8125 27.24 26.34 1013.6992
04460.7832 25.3750 25.1250 25.8125 27.24 26.34 1013.6992
04460.7583 25.3750 25.1250 25.8125 27.23 26.35 1013.6910
04461.7207 25.3750 25.1250 25.8750 27.23 26.35 1013.6910
04461.9209 25.3750 25.1250 25.8750 27.23 26.35 1013.6910
04461.6709 25.3750 25.1250 25.8750 27.23 26.35 1013.6910
04460.5459 25.3750 25.1250 25.8750 27.23 26.35 1013.6910
04460.7334 25.3750 25.1250 25.8750 27.23 26.35 1013.6910
04461.0210 25.3750 25.1250 25.8750 27.23 26.35 1013.6910
04460.7334 25.3750 25.1250 25.8750 27.23 26.35 1013.6910
04460.7832 25.3750 25.1250 25.8750 27.23 26.35 1013.6910
04460.7207 25.3750 25.1250 25.8750 27.23 26.35 1013.6910
04460.5459 25.3750 25.1250 25.8750 27.23 26.37 1013.7372
04461.6831 25.3750 25.1250 25.8750 27.23 26.37 1013.7372
04461.6831 25.3750 25.1250 25.8750 27.23 26.37 1013.7372
04462.6333 25.3750 25.1250 25.8750 27.23 26.37 1013.7372
04460.2583 25.3750 25.1250 25.8750 27.23 26.37 1013.7372
04439.3584 25.3750 25.1250 25.8750 27.23 26.37 1013.7372
04439.6206 25.3750 25.1250 25.8750 27.23 26.37 1013.7372
#terjedesi                                       nyomas  ##
#ido(usec)  T1(C)   T2(C)   T3(C)  T4(C) para(%)  (hPa)
04460.0581 25.3750 25.1250 25.8750 27.23 26.37 1013.7372
04461.6831 25.3750 25.1250 25.8750 27.23 26.37 1013.7372
04437.9331 25.3750 25.1250 25.8750 27.23 26.37 1013.6828
04461.7085 25.3750 25.1250 25.8750 27.23 26.37 1013.6828
04460.7334 25.3750 25.1250 25.8750 27.23 26.37 1013.6828
04460.5459 25.3750 25.1250 25.8750 27.23 26.37 1013.6828
04460.5459 25.3750 25.1250 25.8750 27.23 26.37 1013.6828
04460.3081 25.3750 25.1250 25.8750 27.23 26.37 1013.6828
04460.7207 25.3750 25.1250 25.8750 27.23 26.37 1013.6828
04460.5210 25.3750 25.1250 25.8750 27.23 26.37 1013.6828
04460.4956 25.3750 25.1250 25.8750 27.23 26.37 1013.6828
04461.7334 25.3750 25.1250 25.8750 27.23 26.37 1013.6828
04461.4956 25.3750 25.1250 25.8750 27.23 26.37 1013.7100
04439.4082 25.3750 25.1250 25.8750 27.23 26.37 1013.7100
04460.5332 25.3750 25.1250 25.8750 27.23 26.37 1013.7100
04460.4956 25.3750 25.1250 25.8750 27.23 26.37 1013.7100
04460.9585 25.3750 25.1250 25.8750 27.23 26.37 1013.7100
04460.5210 25.3750 25.1250 25.8750 27.23 26.37 1013.7100
04461.0083 25.3750 25.1250 25.8125 27.23 26.37 1013.7100
04461.2583 25.3750 25.1250 25.8125 27.23 26.37 1013.7100
04461.9082 25.3750 25.1250 25.8125 27.23 26.37 1013.7100
04460.7456 25.3750 25.1250 25.8125 27.23 26.39 1013.6285
04460.5459 25.3750 25.1250 25.8125 27.23 26.39 1013.6285
04460.7207 25.3750 25.1250 25.8125 27.23 26.39 1013.6285
04463.3457 25.3750 25.1250 25.8125 27.23 26.39 1013.6285
04460.7456 25.3750 25.1250 25.8125 27.23 26.39 1013.6285
04460.4834 25.3750 25.1250 25.8125 27.23 26.39 1013.6285
04461.6709 25.3750 25.1250 25.8750 27.23 26.39 1013.6285
04461.7085 25.3750 25.1250 25.8750 27.23 26.39 1013.6285
04461.9458 25.3750 25.1250 25.8750 27.23 26.39 1013.6285
04460.7832 25.3750 25.1250 25.8750 27.23 26.39 1013.6285
04460.5210 25.3750 25.1250 25.8750 27.23 26.38 1013.7997
04439.8335 25.3750 25.1250 25.8750 27.23 26.38 1013.7997
04460.3081 25.3750 25.1250 25.8750 27.23 26.38 1013.7997
04460.7334 25.3750 25.1250 25.8750 27.23 26.38 1013.7997
04460.5459 25.3750 25.1250 25.8750 27.23 26.38 1013.7997
04461.4458 25.3750 25.1250 25.8750 27.23 26.38 1013.7997
04461.7334 25.3750 25.1250 25.8750 27.23 26.38 1013.7997
04438.2207 25.3750 25.1250 25.8750 27.23 26.38 1013.7997
04460.9585 25.3750 25.1250 25.8750 27.23 26.38 1013.7997
04460.7207 25.3750 25.1250 25.8750 27.23 26.38 1013.7997
04460.4956 25.3750 25.1250 25.8750 27.23 26.38 1013.6367
04460.7832 25.3750 25.1250 25.8750 27.23 26.38 1013.6367
04460.7456 25.3750 25.1250 25.8750 27.23 26.38 1013.6367
04460.7207 25.3750 25.1250 25.8750 27.23 26.38 1013.6367
04461.9209 25.3750 25.1250 25.8125 27.23 26.38 1013.6367
04461.1958 25.3750 25.1250 25.8125 27.23 26.38 1013.6367
04460.3081 25.3750 25.1250 25.8125 27.23 26.38 1013.6367
04460.7334 25.3750 25.1250 25.8125 27.23 26.38 1013.6367
04460.7207 25.3750 25.1250 25.8125 27.24 26.36 1013.6448
04460.7832 25.3750 25.1250 25.8125 27.24 26.36 1013.6448
04460.2832 25.3750 25.1250 25.8125 27.24 26.36 1013.6448
04460.3081 25.3750 25.1250 25.8125 27.24 26.36 1013.6448
04461.2583 25.3750 25.1250 25.8750 27.24 26.36 1013.6448
04437.5083 25.3750 25.1250 25.8750 27.24 26.36 1013.6448
04461.4956 25.3750 25.1250 25.8750 27.24 26.36 1013.6448
04460.2710 25.3750 25.1250 25.8750 27.24 26.36 1013.6448
04460.7207 25.3750 25.1250 25.8750 27.24 26.36 1013.6448
04460.3081 25.3750 25.1250 25.8750 27.24 26.36 1013.6448
04439.3584 25.3750 25.1250 25.8750 27.24 26.36 1013.6448
04460.5459 25.3750 25.1250 25.8750 27.23 26.38 1013.6557
04460.4956 25.3750 25.1250 25.8750 27.23 26.38 1013.6557
04461.2583 25.3750 25.1250 25.8750 27.23 26.38 1013.6557
04461.2085 25.3750 25.1250 25.8750 27.23 26.38 1013.6557
04460.5332 25.3750 25.1250 25.8750 27.23 26.38 1013.6557
04460.5459 25.3750 25.1250 25.8750 27.23 26.38 1013.6557
04439.6460 25.3750 25.1250 25.8750 27.23 26.38 1013.6557
04460.0708 25.3750 25.1250 25.8750 27.23 26.38 1013.6557
04460.4834 25.3750 25.1250 25.8750 27.23 26.38 1013.6557
04460.7207 25.3750 25.1250 25.8750 27.23 26.39 1013.6285
04461.4956 25.3750 25.1250 25.8750 27.23 26.39 1013.6285
04461.4707 25.3750 25.1250 25.8750 27.23 26.39 1013.6285
04462.1460 25.3750 25.1250 25.8750 27.23 26.39 1013.6285
#terjedesi                                       nyomas  ##
#ido(usec)  T1(C)   T2(C)   T3(C)  T4(C) para(%)  (hPa)
04463.3457 25.3750 25.1250 25.8750 27.23 26.39 1013.6285
04455.0835 25.3750 25.1250 25.8750 27.23 26.39 1013.6285
04460.2583 25.3750 25.1250 25.8750 27.23 26.39 1013.6285
04460.3081 25.3750 25.1250 25.8750 27.23 26.39 1013.6285
04439.5957 25.3750 25.1250 25.8750 27.23 26.39 1013.6285
04460.7710 25.3750 25.1250 25.8125 27.23 26.35 1013.5198
04461.7334 25.3750 25.1250 25.8125 27.23 26.35 1013.5198
04461.4458 25.3750 25.1250 25.8125 27.23 26.35 1013.5198
04460.4956 25.3750 25.1250 25.8125 27.23 26.35 1013.5198
04460.4834 25.3750 25.1250 25.8125 27.23 26.35 1013.5198
04460.4834 25.3750 25.1250 25.8125 27.23 26.35 1013.5198
04439.8335 25.3750 25.1250 25.8125 27.23 26.35 1013.5198
04460.5459 25.3750 25.1250 25.8125 27.23 26.35 1013.5198
04460.7334 25.3750 25.1250 25.8125 27.23 26.35 1013.5198
04460.3081 25.3750 25.1250 25.8125 27.23 26.35 1013.5198
04461.7207 25.3750 25.1250 25.8125 27.24 26.33 1013.6448
04437.7207 25.3750 25.1250 25.8125 27.24 26.33 1013.6448
04461.0210 25.3750 25.1250 25.8125 27.24 26.33 1013.6448
04460.3081 25.3750 25.1250 25.8125 27.24 26.33 1013.6448
04439.6460 25.3750 25.1250 25.8125 27.24 26.33 1013.6448
04460.7334 25.3750 25.1250 25.8125 27.24 26.33 1013.6448
04439.8584 25.3750 25.1250 25.8125 27.24 26.33 1013.6448
04437.9209 25.3750 25.1250 25.8750 27.24 26.33 1013.6448
04461.4956 25.3750 25.1250 25.8750 27.24 26.33 1013.6448
04437.9209 25.3750 25.1250 25.8750 27.23 26.31 1013.5469
04460.5459 25.3750 25.1250 25.8750 27.23 26.31 1013.5469
04460.5332 25.3750 25.1250 25.8750 27.23 26.31 1013.5469
04460.7583 25.3750 25.1250 25.8750 27.23 26.31 1013.5469
04439.8833 25.3750 25.1250 25.8750 27.23 26.31 1013.5469
04460.5210 25.3750 25.1250 25.8750 27.23 26.31 1013.5469
04460.7710 25.3750 25.1250 25.8750 27.23 26.31 1013.5469
04460.5459 25.3750 25.1250 25.8750 27.23 26.31 1013.5469
04461.2583 25.3750 25.1250 25.8750 27.23 26.31 1013.5469
04461.4707 25.3750 25.1250 25.8750 27.23 26.31 1013.5469
04460.5459 25.3750 25.1250 25.8750 27.23 26.32 1013.6285
04460.5332 25.3750 25.1250 25.8750 27.23 26.32 1013.6285
04460.7456 25.3750 25.1250 25.8750 27.23 26.32 1013.6285
04460.7334 25.3750 25.1250 25.8750 27.23 26.32 1013.6285
04461.0210 25.3750 25.1250 25.8750 27.23 26.32 1013.6285
04461.4458 25.3750 25.1250 25.8750 27.23 26.32 1013.6285
04461.7207 25.3750 25.1250 25.8750 27.23 26.32 1013.6285
04461.4458 25.3750 25.1250 25.8750 27.23 26.32 1013.6285
04460.3081 25.3750 25.1250 25.8750 27.23 26.32 1013.6285
04460.4834 25.3750 25.1250 25.8750 27.23 26.30 1013.6285
04460.5459 25.3750 25.1250 25.8750 27.23 26.30 1013.6285
04439.6460 25.3750 25.1250 25.8750 27.23 26.30 1013.6285
04460.2583 25.3750 25.1250 25.8750 27.23 26.30 1013.6285
04460.2456 25.3750 25.1250 25.8750 27.23 26.30 1013.6285
04460.5332 25.3750 25.1250 25.8125 27.23 26.30 1013.6285
04461.4458 25.3750 25.1250 25.8125 27.23 26.30 1013.6285
04461.2334 25.3750 25.1250 25.8125 27.23 26.30 1013.6285
04460.4956 25.3750 25.1250 25.8125 27.23 26.30 1013.6285
04460.2583 25.3750 25.1250 25.8125 27.23 26.30 1013.6285
04460.4956 25.3750 25.1250 25.8125 27.22 26.28 1013.5659
04460.2583 25.3750 25.1250 25.8125 27.22 26.28 1013.5659
04460.2959 25.3750 25.1250 25.8125 27.22 26.28 1013.5659
04461.9209 25.3750 25.1250 25.8125 27.22 26.28 1013.5659
04461.6709 25.3750 25.1250 25.8125 27.22 26.28 1013.5659
04461.6958 25.3750 25.1250 25.8125 27.22 26.28 1013.5659
04460.5459 25.3750 25.1250 25.8125 27.22 26.28 1013.5659
04460.7832 25.3750 25.1250 25.8125 27.22 26.28 1013.5659
04439.8457 25.3750 25.1250 25.8125 27.22 26.28 1013.5659
04439.4082 25.3750 25.1250 25.8125 27.22 26.29 1013.6665
04460.2959 25.3750 25.1250 25.8125 27.22 26.29 1013.6665
04460.5083 25.3750 25.1250 25.8125 27.22 26.29 1013.6665
04460.0581 25.3750 25.1250 25.8750 27.22 26.29 1013.6665
04461.4585 25.3750 25.1250 25.8750 27.22 26.29 1013.6665
04461.4458 25.3750 25.1250 25.8750 27.22 26.29 1013.6665
04460.2832 25.3750 25.1250 25.8750 27.22 26.29 1013.6665
04460.7583 25.3750 25.1250 25.8750 27.22 26.29 1013.6665
04460.2456 25.3750 25.1250 25.8750 27.22 26.29 1013.6665
04439.3584 25.3750 25.1250 25.8750 27.22 26.29 1013.7209
04460.3081 25.3750 25.1250 25.8750 27.22 26.29 1013.7209
#terjedesi                                       nyomas  ##
#ido(usec)  T1(C)   T2(C)   T3(C)  T4(C) para(%)  (hPa)
04460.9834 25.3750 25.1250 25.8125 27.22 26.29 1013.7209
04461.7085 25.3750 25.1250 25.8125 27.22 26.29 1013.7209
04461.6831 25.3750 25.1250 25.8125 27.22 26.29 1013.7209
04460.7583 25.3750 25.1250 25.8125 27.22 26.29 1013.7209
04460.7583 25.3750 25.1250 25.8125 27.22 26.29 1013.7209
04460.7207 25.3750 25.1250 25.8125 27.22 26.29 1013.7209
04460.4956 25.3750 25.1250 25.8125 27.22 26.29 1013.7209
04460.7832 25.3750 25.1250 25.8125 27.22 26.29 1013.7209
04460.7334 25.3750 25.1250 25.8125 27.23 26.32 1013.5198
04461.4834 25.3750 25.1250 25.8750 27.23 26.32 1013.5198
04461.9585 25.3750 25.1250 25.8750 27.23 26.32 1013.5198
04461.7207 25.3750 25.1250 25.8750 27.23 26.32 1013.5198
04460.7710 25.3750 25.1250 25.8750 27.23 26.32 1013.5198
04460.9585 25.3750 25.1250 25.8750 27.23 26.32 1013.5198
04460.4956 25.3750 25.1250 25.8750 27.23 26.32 1013.5198
04460.7334 25.3750 25.1250 25.8750 27.23 26.32 1013.5198
04460.7832 25.3750 25.1250 25.8750 27.23 26.32 1013.5198
04460.5459 25.3750 25.1250 25.8750 27.22 26.35 1013.5659
04461.6831 25.3750 25.1250 25.8750 27.22 26.35 1013.5659
04461.9082 25.3750 25.1250 25.8750 27.22 26.35 1013.5659
04461.6958 25.3750 25.1250 25.8750 27.22 26.35 1013.5659
04440.0708 25.3750 25.1250 25.8750 27.22 26.35 1013.5659
04460.7334 25.3750 25.1250 25.8750 27.22 26.35 1013.5659
04460.9707 25.3750 25.1250 25.8750 27.22 26.35 1013.5659
04460.7334 25.3750 25.1250 25.8750 27.22 26.35 1013.5659
04460.7832 25.3750 25.1250 25.8750 27.22 26.35 1013.5659
04460.5332 25.3750 25.1250 25.8750 27.22 26.35 1013.5659
04461.6831 25.3750 25.1250 25.8750 27.22 26.34 1013.5578
04461.7207 25.3750 25.1250 25.8750 27.22 26.34 1013.5578
04460.7832 25.3750 25.1250 25.8750 27.22 26.34 1013.5578
04439.3960 25.3750 25.1250 25.8750 27.22 26.34 1013.5578
04460.4834 25.3750 25.1250 25.8750 27.22 26.34 1013.5578
04460.5459 25.3750 25.1250 25.8750 27.22 26.34 1013.5578
04460.2583 25.3750 25.1250 25.8750 27.22 26.34 1013.5578
04460.4956 25.3750 25.1250 25.8750 27.22 26.34 1013.5578
04461.4331 25.3750 25.1250 25.8125 27.22 26.34 1013.5578
04461.4834 25.3750 25.1250 25.8125 27.23 26.35 1013.6828
04461.7207 25.3750 25.1250 25.8125 27.23 26.35 1013.6828
04460.2832 25.3750 25.1250 25.8125 27.23 26.35 1013.6828
04460.3081 25.3750 25.1250 25.8125 27.23 26.35 1013.6828
04460.5210 25.3750 25.1250 25.8125 27.23 26.35 1013.6828
04460.3081 25.3750 25.1250 25.8125 27.23 26.35 1013.6828
04460.5210 25.3750 25.1250 25.8125 27.23 26.35 1013.6828
04439.8208 25.3750 25.1250 25.8750 27.23 26.35 1013.6828
04461.2583 25.3750 25.1250 25.8750 27.23 26.35 1013.6828
04461.6831 25.3750 25.1250 25.8750 27.23 26.35 1013.6367
04463.1084 25.3750 25.1250 25.8750 27.23 26.35 1013.6367
04460.0210 25.3750 25.1250 25.8750 27.23 26.35 1013.6367
04460.7334 25.3750 25.1250 25.8750 27.23 26.35 1013.6367
04460.5083 25.3750 25.1250 25.8750 27.23 26.35 1013.6367
04460.5210 25.3750 25.1250 25.8750 27.23 26.35 1013.6367
04460.7832 25.3750 25.1250 25.8750 27.23 26.35 1013.6367
04461.1958 25.3750 25.1250 25.8750 27.23 26.35 1013.6367
04461.6709 25.3750 25.1250 25.8750 27.23 26.35 1013.6367
04461.7334 25.3750 25.1250 25.8750 27.23 26.35 1013.6367
04460.7710 25.3750 25.1250 25.8750 27.23 26.35 1013.6367
04460.3081 25.3750 25.1250 25.8750 27.23 26.35 1013.6638
04460.5459 25.3750 25.1250 25.8750 27.23 26.35 1013.6638
04460.5332 25.3750 25.1250 25.8750 27.23 26.35 1013.6638
04460.7334 25.3750 25.1250 25.8750 27.23 26.35 1013.6638
04461.2085 25.3750 25.1250 25.8750 27.23 26.35 1013.6638
04461.9458 25.3750 25.1250 25.8750 27.23 26.35 1013.6638
04461.6831 25.3750 25.1250 25.8750 27.23 26.35 1013.6638
04460.5459 25.3750 25.1250 25.8750 27.23 26.35 1013.6638
04460.5083 25.3750 25.1250 25.8750 27.22 26.34 1013.5659
04461.0210 25.3750 25.1250 25.8750 27.22 26.34 1013.5659
04460.4834 25.3750 25.1250 25.8750 27.22 26.34 1013.5659
04460.7832 25.3750 25.1250 25.8750 27.22 26.34 1013.5659
04460.4956 25.3750 25.1250 25.8750 27.22 26.34 1013.5659
04460.7456 25.3750 25.1250 25.8750 27.22 26.34 1013.5659
04461.9209 25.3750 25.1250 25.8750 27.22 26.34 1013.5659
04461.2583 25.3750 25.1250 25.8750 27.22 26.34 1013.5659
04460.4956 25.3750 25.1250 25.8750 27.22 26.34 1013.5659
#terjedesi                                       nyomas  ##
#ido(usec)  T1(C)   T2(C)   T3(C)  T4(C) para(%)  (hPa)
04460.9707 25.3750 25.1250 25.8750 27.22 26.34 1013.5659
04460.5459 25.3750 25.1250 25.8750 27.23 26.34 1013.6285
04460.5083 25.3750 25.1250 25.8750 27.23 26.34 1013.6285
04460.2832 25.3750 25.1250 25.8750 27.23 26.34 1013.6285
04461.7334 25.3750 25.1250 25.8750 27.23 26.34 1013.6285
04461.6831 25.3750 25.1250 25.8750 27.23 26.34 1013.6285
04461.4458 25.3750 25.1250 25.8750 27.23 26.34 1013.6285
04460.5210 25.3750 25.1250 25.8750 27.23 26.34 1013.6285
04460.7207 25.3750 25.1250 25.8750 27.23 26.34 1013.6285
04460.4956 25.3750 25.1250 25.8750 27.23 26.34 1013.6285
04460.5459 25.3750 25.1250 25.8750 27.23 26.34 1013.6285
04460.5459 25.3750 25.1250 25.8750 27.23 26.35 1013.7372
04460.7832 25.3750 25.1250 25.8750 27.23 26.35 1013.7372
04460.5459 25.3750 25.1250 25.8750 27.23 26.35 1013.7372
04461.7334 25.3750 25.1250 25.8750 27.23 26.35 1013.7372
04461.7334 25.3750 25.1250 25.8750 27.23 26.35 1013.7372
04460.9585 25.3750 25.1250 25.8750 27.23 26.35 1013.7372
04460.5332 25.3750 25.1250 25.8750 27.23 26.35 1013.7372
04460.4956 25.3750 25.1250 25.8750 27.23 26.35 1013.7372
04460.5459 25.3750 25.1250 25.8750 27.23 26.35 1013.7372
04460.7334 25.3750 25.1250 25.8750 27.22 26.34 1013.7290
04461.9707 25.3750 25.1250 25.8750 27.22 26.34 1013.7290
04461.6831 25.3750 25.1250 25.8750 27.22 26.34 1013.7290
04461.7334 25.3750 25.1250 25.8750 27.22 26.34 1013.7290
04460.5210 25.3750 25.1250 25.8750 27.22 26.34 1013.7290
04460.5332 25.3750 25.1250 25.8750 27.22 26.34 1013.7290
04460.5459 25.3750 25.1250 25.8750 27.22 26.34 1013.7290
04460.4956 25.3750 25.1250 25.8750 27.22 26.34 1013.7290
04460.7334 25.3750 25.1250 25.8750 27.22 26.34 1013.7290
04460.5459 25.3750 25.1250 25.8750 27.22 26.34 1013.7290
04460.5332 25.3750 25.1250 25.8750 27.23 26.35 1013.6285
04461.9458 25.3750 25.1250 25.8750 27.23 26.35 1013.6285
04461.6831 25.3750 25.1250 25.8750 27.23 26.35 1013.6285
04460.2583 25.3750 25.1250 25.8750 27.23 26.35 1013.6285
04460.2456 25.3750 25.1250 25.8750 27.23 26.35 1013.6285
04460.7583 25.3750 25.1250 25.8750 27.23 26.35 1013.6285
04460.4956 25.3750 25.1250 25.8750 27.23 26.35 1013.6285
04460.5332 25.3750 25.1250 25.8750 27.23 26.35 1013.6285
04461.9209 25.3750 25.1250 25.8750 27.23 26.35 1013.6285
04461.7334 25.3750 25.1250 25.8750 27.23 26.37 1013.6557
04461.4956 25.3750 25.1250 25.8750 27.23 26.37 1013.6557
04460.7456 25.3750 25.1250 25.8750 27.23 26.37 1013.6557
04460.5459 25.3750 25.1250 25.8750 27.23 26.37 1013.6557
04460.5459 25.3750 25.1250 25.8750 27.23 26.37 1013.6557
04439.5957 25.3750 25.1250 25.8750 27.23 26.37 1013.6557
04460.7832 25.3750 25.1250 25.8750 27.23 26.37 1013.6557
04460.5459 25.3750 25.1250 25.8750 27.23 26.37 1013.6557
04460.7832 25.3750 25.1250 25.8750 27.23 26.37 1013.6557
04461.6831 25.3750 25.1250 25.8750 27.23 26.37 1013.6557
04461.9209 25.3750 25.1250 25.8750 27.23 26.36 1013.4737
04460.7710 25.3750 25.1250 25.8750 27.23 26.36 1013.4737
04439.6206 25.3750 25.1250 25.8750 27.23 26.36 1013.4737
04439.8706 25.3750 25.1250 25.8750 27.23 26.36 1013.4737
04460.4956 25.3750 25.1250 25.8750 27.23 26.36 1013.4737
04460.4956 25.3750 25.1250 25.8750 27.23 26.36 1013.4737
04461.0210 25.3750 25.1250 25.8125 27.23 26.36 1013.4737
04437.9834 25.3750 25.1250 25.8125 27.23 26.36 1013.4737
04461.9209 25.3750 25.1250 25.8125 27.23 26.36 1013.4737
04460.5332 25.3750 25.1250 25.8125 27.23 26.39 1013.6285
04460.7832 25.3750 25.1250 25.8125 27.23 26.39 1013.6285
04460.5083 25.3750 25.1250 25.8125 27.23 26.39 1013.6285
04460.5459 25.3750 25.1250 25.8125 27.23 26.39 1013.6285
04460.7832 25.3750 25.1250 25.8125 27.23 26.39 1013.6285
04460.7334 25.3750 25.1250 25.8125 27.23 26.39 1013.6285
04461.6831 25.3750 25.1250 25.8750 27.23 26.39 1013.6285
04461.2456 25.3750 25.1250 25.8750 27.23 26.39 1013.6285
04461.4834 25.3750 25.1250 25.8750 27.23 26.39 1013.6285
04460.2832 25.3750 25.1250 25.8750 27.22 26.39 1013.5659
04460.4956 25.3750 25.1250 25.8750 27.22 26.39 1013.5659
04460.7334 25.3750 25.1250 25.8750 27.22 26.39 1013.5659
04460.4956 25.3750 25.1250 25.8750 27.22 26.39 1013.5659
04460.4956 25.3750 25.1250 25.8750 27.22 26.39 1013.5659
04460.4834 25.3750 25.1250 25.8750 27.22 26.39 1013.5659
#terjedesi                                       nyomas  ##
#ido(usec)  T1(C)   T2(C)   T3(C)  T4(C) para(%)  (hPa)
04461.6958 25.3750 25.1250 25.8750 27.22 26.39 1013.5659
04461.7207 25.3750 25.1250 25.8750 27.22 26.39 1013.5659
04461.4956 25.3750 25.1250 25.8750 27.22 26.39 1013.5659
04439.8457 25.3750 25.1250 25.8750 27.22 26.39 1013.5659
04460.4956 25.3750 25.1250 25.8750 27.23 26.39 1013.6557
04439.5835 25.3750 25.1250 25.8750 27.23 26.39 1013.6557
04460.7832 25.3750 25.1250 25.8750 27.23 26.39 1013.6557
04460.9707 25.3750 25.1250 25.8750 27.23 26.39 1013.6557
04460.4956 25.3750 25.1250 25.8750 27.23 26.39 1013.6557
04461.4585 25.3750 25.1250 25.8750 27.23 26.39 1013.6557
04461.2583 25.3750 25.1250 25.8750 27.23 26.39 1013.6557
04439.5957 25.3750 25.1250 25.8750 27.23 26.39 1013.6557
04460.4956 25.3750 25.1250 25.8750 27.23 26.39 1013.6557
04439.8335 25.3750 25.1250 25.8750 27.22 26.39 1013.6203
04460.5459 25.3750 25.1250 25.8750 27.22 26.39 1013.6203
04439.3960 25.3750 25.1250 25.8750 27.22 26.39 1013.6203
04460.5083 25.3750 25.1250 25.8750 27.22 26.39 1013.6203
04437.9834 25.3750 25.1250 25.8750 27.22 26.39 1013.6203
04461.4956 25.3750 25.1250 25.8750 27.22 26.39 1013.6203
04461.6958 25.3750 25.1250 25.8750 27.22 26.39 1013.6203
04461.0210 25.3750 25.1250 25.8750 27.22 26.39 1013.6203
04460.0708 25.3750 25.1250 25.8750 27.22 26.39 1013.6203
04460.4956 25.3750 25.1250 25.8750 27.22 26.39 1013.6203
04460.5459 25.3750 25.1250 25.8750 27.23 26.38 1013.6828
04460.5459 25.3750 25.1250 25.8750 27.23 26.38 1013.6828
04460.9707 25.3750 25.1250 25.8125 27.23 26.38 1013.6828
04462.2085 25.3750 25.1250 25.8125 27.23 26.38 1013.6828
04461.4956 25.3750 25.1250 25.8125 27.23 26.38 1013.6828
04460.4956 25.3750 25.1250 25.8125 27.23 26.38 1013.6828
04460.2456 25.3750 25.1250 25.8125 27.23 26.38 1013.6828
04460.4834 25.3750 25.1250 25.8125 27.23 26.38 1013.6828
04460.5459 25.3750 25.1250 25.8125 27.23 26.38 1013.6828
04439.4082 25.3750 25.1250 25.8125 27.23 26.38 1013.7454
04439.6460 25.3750 25.1250 25.8125 27.23 26.38 1013.7454
04438.2207 25.3750 25.1250 25.8125 27.23 26.38 1013.7454
04461.4956 25.3750 25.1250 25.8125 27.23 26.38 1013.7454
04461.4331 25.3750 25.1250 25.8125 27.23 26.38 1013.7454
04460.5210 25.3750 25.1250 25.8125 27.23 26.38 1013.7454
04460.7334 25.3750 25.1250 25.8125 27.23 26.38 1013.7454
04460.5459 25.3750 25.1250 25.8125 27.23 26.38 1013.7454
04460.5332 25.3750 25.1250 25.8125 27.23 26.38 1013.7454
04460.2583 25.3750 25.1250 25.8125 27.23 26.38 1013.7454
04460.9707 25.3750 25.1250 25.8750 27.23 26.37 1013.6828
04461.9209 25.3750 25.1250 25.8750 27.23 26.37 1013.6828
04461.4458 25.3750 25.1250 25.8750 27.23 26.37 1013.6828
04460.3081 25.3750 25.1250 25.8750 27.23 26.37 1013.6828
04460.5459 25.3750 25.1250 25.8750 27.23 26.37 1013.6828
04460.7456 25.3750 25.1250 25.8750 27.23 26.37 1013.6828
04460.2456 25.3750 25.1250 25.8750 27.23 26.37 1013.6828
04460.2710 25.3750 25.1250 25.8750 27.23 26.37 1013.6828
04463.3335 25.3750 25.1250 25.8750 27.23 26.37 1013.6828
04460.7832 25.3750 25.1250 25.8750 27.23 26.38 1013.6285
04461.7085 25.3750 25.1250 25.8750 27.23 26.38 1013.6285
04461.6958 25.3750 25.1250 25.8750 27.23 26.38 1013.6285
04460.3081 25.3750 25.1250 25.8750 27.23 26.38 1013.6285
04460.4956 25.3750 25.1250 25.8750 27.23 26.38 1013.6285
04460.7334 25.3750 25.1250 25.8750 27.23 26.38 1013.6285
04460.7583 25.3750 25.1250 25.8750 27.23 26.38 1013.6285
04460.2959 25.3750 25.1250 25.8750 27.23 26.38 1013.6285
04461.4458 25.3750 25.1250 25.8750 27.23 26.38 1013.6285
04461.4458 25.3750 25.1250 25.8750 27.24 26.40 1013.5905
04461.4458 25.3750 25.1250 25.8750 27.24 26.40 1013.5905
04460.5083 25.3750 25.1250 25.8750 27.24 26.40 1013.5905
04439.5835 25.3750 25.1250 25.8750 27.24 26.40 1013.5905
04460.5459 25.3750 25.1250 25.8750 27.24 26.40 1013.5905
04460.2710 25.3750 25.1250 25.8750 27.24 26.40 1013.5905
04461.0083 25.3750 25.1250 25.8750 27.24 26.40 1013.5905
04460.3081 25.3750 25.1250 25.8750 27.24 26.40 1013.5905
04460.4956 25.3750 25.1250 25.8125 27.24 26.40 1013.5905
04461.7334 25.3750 25.1250 25.8125 27.24 26.40 1013.5905
04461.2583 25.3750 25.1250 25.8125 27.24 26.40 1013.5905
04439.8335 25.3750 25.1250 25.8125 27.23 26.38 1013.6013
04460.2583 25.3750 25.1250 25.8125 27.23 26.38 1013.6013
#terjedesi                                       nyomas  ##
#ido(usec)  T1(C)   T2(C)   T3(C)  T4(C) para(%)  (hPa)
04460.2583 25.3750 25.1250 25.8125 27.23 26.38 1013.6013
04453.1333 25.3750 25.1250 25.8125 27.23 26.38 1013.6013
04460.7334 25.3750 25.1250 25.8125 27.23 26.38 1013.6013
04461.6831 25.3750 25.1250 25.8750 27.23 26.38 1013.6013
04461.7085 25.3750 25.1250 25.8750 27.23 26.38 1013.6013
04461.7334 25.3750 25.1250 25.8750 27.23 26.38 1013.6013
04460.9707 25.3750 25.1250 25.8750 27.24 26.38 1013.6448
04461.0083 25.3750 25.1250 25.8750 27.24 26.38 1013.6448
04460.9707 25.3750 25.1250 25.8750 27.24 26.38 1013.6448
04460.7456 25.3750 25.1250 25.8750 27.24 26.38 1013.6448
04460.7583 25.3750 25.1250 25.8750 27.24 26.38 1013.6448
04439.6206 25.3750 25.1250 25.8750 27.24 26.38 1013.6448
04460.7456 25.3750 25.1250 25.8750 27.24 26.38 1013.6448
04461.9082 25.3750 25.1250 25.8750 27.24 26.38 1013.6448
04461.6831 25.3750 25.1250 25.8750 27.24 26.38 1013.6448
04460.5332 25.3750 25.1250 25.8750 27.24 26.38 1013.6448
04460.7207 25.3750 25.1250 25.8750 27.23 26.41 1013.6828
04460.5332 25.3750 25.1250 25.8750 27.23 26.41 1013.6828
04460.7334 25.3750 25.1250 25.8750 27.23 26.41 1013.6828
04460.5332 25.3750 25.1250 25.8750 27.23 26.41 1013.6828
04437.9331 25.3750 25.1250 25.8125 27.23 26.41 1013.6828
04461.7085 25.3750 25.1250 25.8125 27.23 26.41 1013.6828
04461.9707 25.3750 25.1250 25.8125 27.23 26.41 1013.6828
04460.7207 25.3750 25.1250 25.8125 27.23 26.41 1013.6828
04460.7832 25.3750 25.1250 25.8125 27.23 26.41 1013.6828
04460.5083 25.3750 25.1250 25.8125 27.23 26.41 1013.6828
04460.7832 25.3750 25.1250 25.8125 27.23 26.39 1013.6828
04460.4834 25.3750 25.1250 25.8125 27.23 26.39 1013.6828
04460.4956 25.3750 25.1250 25.8125 27.23 26.39 1013.6828
04460.7832 25.3750 25.1250 25.8750 27.23 26.39 1013.6828
04461.2085 25.3750 25.1250 25.8750 27.23 26.39 1013.6828
04461.6831 25.3750 25.1250 25.8750 27.23 26.39 1013.6828
04460.4834 25.3750 25.1250 25.8750 27.23 26.39 1013.6828
04460.5459 25.3750 25.1250 25.8750 27.23 26.39 1013.6828
04460.4834 25.3750 25.1250 25.8750 27.23 26.39 1013.6828
04460.5332 25.3750 25.1250 25.8750 27.23 26.39 1013.4465
04460.4956 25.3750 25.1250 25.8750 27.23 26.39 1013.4465
04460.9707 25.3750 25.1250 25.8750 27.23 26.39 1013.4465
04461.7334 25.3750 25.1250 25.8750 27.23 26.39 1013.4465
04461.7085 25.3750 25.1250 25.8750 27.23 26.39 1013.4465
04460.2832 25.3750 25.1250 25.8750 27.23 26.39 1013.4465
04460.4834 25.3750 25.1250 25.8750 27.23 26.39 1013.4465
04439.8833 25.3750 25.1250 25.8750 27.23 26.39 1013.4465
04439.6460 25.3750 25.1250 25.8750 27.23 26.39 1013.4465
04460.7207 25.3750 25.1250 25.8750 27.23 26.39 1013.4465
04460.5210 25.3750 25.1250 25.8750 27.23 26.38 1013.6096
04461.4956 25.3750 25.1250 25.8750 27.23 26.38 1013.6096
04461.7207 25.3750 25.1250 25.8750 27.23 26.38 1013.6096
04461.4956 25.3750 25.1250 25.8750 27.23 26.38 1013.6096
04460.7710 25.3750 25.1250 25.8750 27.23 26.38 1013.6096
04461.2085 25.3750 25.1250 25.8750 27.23 26.38 1013.6096
04460.5459 25.3750 25.1250 25.8750 27.23 26.38 1013.6096
04460.4834 25.3750 25.1250 25.8750 27.23 26.38 1013.6096
04460.2583 25.3750 25.1250 25.8750 27.23 26.38 1013.6096
04460.7832 25.3750 25.1250 25.8750 27.23 26.39 1013.6367
04461.6709 25.3750 25.1250 25.8750 27.23 26.39 1013.6367
04461.6709 25.3750 25.1250 25.8750 27.23 26.39 1013.6367
04461.4834 25.3750 25.1250 25.8750 27.23 26.39 1013.6367
04460.2710 25.3750 25.1250 25.8750 27.23 26.39 1013.6367
04439.8833 25.3750 25.1250 25.8750 27.23 26.39 1013.6367
04460.5459 25.3750 25.1250 25.8750 27.23 26.39 1013.6367
04460.5332 25.3750 25.1250 25.8750 27.23 26.39 1013.6367
04460.7334 25.3750 25.1250 25.8750 27.23 26.39 1013.6367
04460.7583 25.3750 25.1250 25.8750 27.24 26.36 1013.7346
04461.6831 25.3750 25.1250 25.8750 27.24 26.36 1013.7346
04461.4707 25.3750 25.1250 25.8750 27.24 26.36 1013.7346
04460.4956 25.3750 25.1250 25.8750 27.24 26.36 1013.7346
04460.7710 25.3750 25.1250 25.8750 27.24 26.36 1013.7346
04460.7832 25.3750 25.1250 25.8750 27.24 26.36 1013.7346
04460.7832 25.3750 25.1250 25.8750 27.24 26.36 1013.7346
04460.5332 25.3750 25.1250 25.8750 27.24 26.36 1013.7346
04460.7832 25.3750 25.1250 25.8750 27.24 26.36 1013.7346
04461.4956 25.3750 25.1250 25.8750 27.24 26.36 1013.7346
#terjedesi                                       nyomas  ##
#ido(usec)  T1(C)   T2(C)   T3(C)  T4(C) para(%)  (hPa)
04461.7334 25.3750 25.1250 25.8750 27.24 26.36 1013.6992
04461.4956 25.3750 25.1250 25.8750 27.24 26.36 1013.6992
04460.2583 25.3750 25.1250 25.8750 27.24 26.36 1013.6992
04460.7832 25.3750 25.1250 25.8750 27.24 26.36 1013.6992
04460.7832 25.3750 25.1250 25.8750 27.24 26.36 1013.6992
04460.9707 25.3750 25.1250 25.8750 27.24 26.36 1013.6992
04460.9956 25.3750 25.1250 25.8750 27.24 26.36 1013.6992
04460.7207 25.3750 25.1250 25.8750 27.24 26.36 1013.6992
04461.6831 25.3750 25.1250 25.8750 27.24 26.36 1013.6992
04438.4082 25.3750 25.1250 25.8750 27.24 26.34 1013.6448
04460.5459 25.3750 25.1250 25.8750 27.24 26.34 1013.6448
04460.7710 25.3750 25.1250 25.8750 27.24 26.34 1013.6448
04460.7334 25.3750 25.1250 25.8750 27.24 26.34 1013.6448
04460.7832 25.3750 25.1250 25.8750 27.24 26.34 1013.6448
04460.7334 25.3750 25.1250 25.8750 27.24 26.34 1013.6448
04461.2583 25.3750 25.1250 25.8750 27.24 26.34 1013.6448
04462.1582 25.3750 25.1250 25.8125 27.24 26.34 1013.6448
04461.7334 25.3750 25.1250 25.8125 27.24 26.34 1013.6448
04461.4956 25.3750 25.1250 25.8125 27.24 26.34 1013.6448
04460.7334 25.3750 25.1250 25.8125 27.24 26.31 1013.6177
04460.7456 25.3750 25.1250 25.8125 27.24 26.31 1013.6177
04460.9585 25.3750 25.1250 25.8125 27.24 26.31 1013.6177
04460.7207 25.3750 25.1250 25.8125 27.24 26.31 1013.6177
04439.6333 25.3750 25.1250 25.8125 27.24 26.31 1013.6177
04461.2085 25.3750 25.1250 25.8750 27.24 26.31 1013.6177
04461.2456 25.3750 25.1250 25.8750 27.24 26.31 1013.6177
04461.4834 25.3750 25.1250 25.8750 27.24 26.31 1013.6177
04460.7334 25.3750 25.1250 25.8750 27.24 26.31 1013.6177
04460.7832 25.3750 25.1250 25.8750 27.23 26.32 1013.5823
04460.5459 25.3750 25.1250 25.8750 27.23 26.32 1013.5823
04460.4956 25.3750 25.1250 25.8750 27.23 26.32 1013.5823
04460.4956 25.3750 25.1250 25.8750 27.23 26.32 1013.5823
04460.7832 25.3750 25.1250 25.8750 27.23 26.32 1013.5823
04460.7710 25.3750 25.1250 25.8750 27.23 26.32 1013.5823
04461.6709 25.3750 25.1250 25.8750 27.23 26.32 1013.5823
04461.9585 25.3750 25.1250 25.8750 27.23 26.32 1013.5823
04460.5459 25.3750 25.1250 25.8750 27.23 26.32 1013.5823
04460.7334 25.3750 25.1250 25.8750 27.23 26.32 1013.5823
04460.7456 25.3750 25.1250 25.8750 27.23 26.33 1013.6013
04460.4956 25.3750 25.1250 25.8750 27.23 26.33 1013.6013
04460.9707 25.3750 25.1250 25.8750 27.23 26.33 1013.6013
04461.6831 25.3750 25.1250 25.8750 27.23 26.33 1013.6013
04461.9331 25.3750 25.1250 25.8750 27.23 26.33 1013.6013
04461.4834 25.3750 25.1250 25.8750 27.23 26.33 1013.6013
04461.0210 25.3750 25.1250 25.8750 27.23 26.33 1013.6013
04460.5459 25.3750 25.1250 25.8750 27.23 26.33 1013.6013
04461.2334 25.3750 25.1250 25.8750 27.23 26.33 1013.6013
04461.0210 25.3750 25.1250 25.8750 27.24 26.35 1013.5905
04460.7334 25.3750 25.1250 25.8750 27.24 26.35 1013.5905
04461.2207 25.3750 25.1250 25.8750 27.24 26.35 1013.5905
04461.0210 25.3750 25.1250 25.8750 27.24 26.35 1013.5905
04459.0708 25.3750 25.1250 25.8750 27.24 26.35 1013.5905
04461.9707 25.3750 25.1250 25.8750 27.24 26.35 1013.5905
04460.4956 25.3750 25.1250 25.8750 27.24 26.35 1013.5905
04460.7334 25.3750 25.1250 25.8750 27.24 26.35 1013.5905
04460.9707 25.3750 25.1250 25.8750 27.24 26.35 1013.5905
04460.7583 25.3750 25.1250 25.8750 27.24 26.34 1013.6448
04460.7334 25.3750 25.1250 25.8750 27.24 26.34 1013.6448
04461.7085 25.3750 25.1250 25.8750 27.24 26.34 1013.6448
04461.6709 25.3750 25.1250 25.8750 27.24 26.34 1013.6448
04461.2085 25.3750 25.1250 25.8750 27.24 26.34 1013.6448
04439.5835 25.3750 25.1250 25.8750 27.24 26.34 1013.6448
04460.2710 25.3750 25.1250 25.8750 27.24 26.34 1013.6448
04460.3081 25.3750 25.1250 25.8750 27.24 26.34 1013.6448
04460.4834 25.3750 25.1250 25.8750 27.24 26.34 1013.6448
04460.4956 25.3750 25.1250 25.8750 27.24 26.34 1013.6448
04460.4834 25.3750 25.1250 25.8750 27.24 26.35 1013.6448
04460.5332 25.3750 25.1250 25.8750 27.24 26.35 1013.6448
04461.4956 25.3750 25.1250 25.8750 27.24 26.35 1013.6448
04461.9331 25.3750 25.1250 25.8750 27.24 26.35 1013.6448
04460.2832 25.3750 25.1250 25.8750 27.24 26.35 1013.6448
04460.7207 25.3750 25.1250 25.8750 27.24 26.35 1013.6448
04439.3960 25.3750 25.1250 25.8750 27.24 26.35 1013.6448
#terjedesi                                       nyomas  ##
#ido(usec)  T1(C)   T2(C)   T3(C)  T4(C) para(%)  (hPa)
04460.4956 25.3750 25.1250 25.8750 27.24 26.35 1013.6448
04460.0708 25.3750 25.1250 25.8750 27.24 26.35 1013.6448
04461.6958 25.3750 25.1250 25.8125 27.24 26.36 1013.6448
04460.9834 25.3750 25.1250 25.8125 27.24 26.36 1013.6448
04461.2583 25.3750 25.1250 25.8125 27.24 26.36 1013.6448
04460.5459 25.3750 25.1250 25.8125 27.24 26.36 1013.6448
04460.2959 25.3750 25.1250 25.8125 27.24 26.36 1013.6448
04460.2959 25.3750 25.1250 25.8125 27.24 26.36 1013.6448
04460.4956 25.3750 25.1250 25.8125 27.24 26.36 1013.6448
04439.4082 25.3750 25.1250 25.8125 27.24 26.36 1013.6448
04460.3081 25.3750 25.1250 25.8125 27.24 26.36 1013.6448
04460.3081 25.3750 25.1250 25.8750 27.24 26.36 1013.6448
04461.2085 25.3750 25.1250 25.8750 27.23 26.35 1013.6285
04461.7334 25.3750 25.1250 25.8750 27.23 26.35 1013.6285
04460.5459 25.3750 25.1250 25.8750 27.23 26.35 1013.6285
04460.7710 25.3750 25.1250 25.8750 27.23 26.35 1013.6285
04460.2583 25.3750 25.1250 25.8750 27.23 26.35 1013.6285
04460.5210 25.3750 25.1250 25.8750 27.23 26.35 1013.6285
04439.3584 25.3750 25.1250 25.8750 27.23 26.35 1013.6285
04460.9585 25.3750 25.1875 25.8750 27.23 26.35 1013.6285
04461.4956 25.3750 25.1875 25.8750 27.23 26.35 1013.6285
04461.4707 25.3750 25.1875 25.8750 27.24 26.35 1013.6721
04460.5210 25.3750 25.1875 25.8750 27.24 26.35 1013.6721
04460.5083 25.3750 25.1875 25.8750 27.24 26.35 1013.6721
04439.4082 25.3750 25.1875 25.8750 27.24 26.35 1013.6721
04460.4834 25.3750 25.1875 25.8750 27.24 26.35 1013.6721
04460.7832 25.3750 25.1875 25.8750 27.24 26.35 1013.6721
04460.2456 25.3750 25.1875 25.8750 27.24 26.35 1013.6721
04461.2085 25.3750 25.1250 25.8750 27.24 26.35 1013.6721
04461.4458 25.3750 25.1250 25.8750 27.24 26.35 1013.6721
04461.1958 25.3750 25.1250 25.8750 27.24 26.35 1013.6721
04460.3081 25.3750 25.1250 25.8750 27.23 26.34 1013.7454
04439.5835 25.3750 25.1250 25.8750 27.23 26.34 1013.7454
04439.5957 25.3750 25.1250 25.8750 27.23 26.34 1013.7454
04439.5835 25.3750 25.1250 25.8750 27.23 26.34 1013.7454
04460.3081 25.3750 25.1250 25.8750 27.23 26.34 1013.7454
04460.3081 25.3750 25.1250 25.8750 27.23 26.34 1013.7454
04437.6958 25.3750 25.1250 25.8750 27.23 26.34 1013.7454
04461.6831 25.3750 25.1250 25.8750 27.23 26.34 1013.7454
04461.2583 25.3750 25.1250 25.8750 27.23 26.34 1013.7454
04460.0708 25.3750 25.1250 25.8750 27.23 26.34 1013.6910
04439.4082 25.3750 25.1250 25.8750 27.23 26.34 1013.6910
04439.5835 25.3750 25.1250 25.8750 27.23 26.34 1013.6910
04460.7207 25.3750 25.1250 25.8750 27.23 26.34 1013.6910
04460.2456 25.3750 25.1250 25.8750 27.23 26.34 1013.6910
04439.6460 25.3750 25.1250 25.8750 27.23 26.34 1013.6910
04461.2456 25.3750 25.1250 25.8750 27.23 26.34 1013.6910
04461.4834 25.3750 25.1250 25.8750 27.23 26.34 1013.6910
04460.7207 25.3750 25.1250 25.8750 27.23 26.34 1013.6910
04460.4834 25.3750 25.1250 25.8750 27.24 26.33 1013.6448
04460.4956 25.3750 25.1250 25.8750 27.24 26.33 1013.6448
04460.3081 25.3750 25.1250 25.8750 27.24 26.33 1013.6448
04460.3081 25.3750 25.1250 25.8750 27.24 26.33 1013.6448
04460.2456 25.3750 25.1250 25.8750 27.24 26.33 1013.6448
04461.2456 25.3750 25.1250 25.8750 27.24 26.33 1013.6448
04461.7334 25.3750 25.1250 25.8750 27.24 26.33 1013.6448
04461.4956 25.3750 25.1250 25.8750 27.24 26.33 1013.6448
04460.3081 25.3750 25.1250 25.8750 27.24 26.33 1013.6448
04439.8833 25.3750 25.1250 25.8750 27.24 26.33 1013.6448
04460.3081 25.3750 25.1250 25.8750 27.24 26.33 1013.6448
04460.4956 25.3750 25.1250 25.8750 27.24 26.33 1013.6721
04460.7832 25.3750 25.1250 25.8750 27.24 26.33 1013.6721
04460.2456 25.3750 25.1250 25.8750 27.24 26.33 1013.6721
04461.4707 25.3750 25.1250 25.8750 27.24 26.33 1013.6721
04461.7334 25.3750 25.1250 25.8750 27.24 26.33 1013.6721
04460.4956 25.3750 25.1250 25.8750 27.24 26.33 1013.6721
04460.3081 25.3750 25.1250 25.8750 27.24 26.33 1013.6721
04460.4834 25.3750 25.1250 25.8750 27.24 26.33 1013.6721
04439.6333 25.3750 25.1250 25.8750 27.23 26.36 1013.6910
04460.0083 25.3750 25.1250 25.8750 27.23 26.36 1013.6910
04460.0708 25.3750 25.1250 25.8750 27.23 26.36 1013.6910
04461.2085 25.4375 25.1250 25.8750 27.23 26.36 1013.6910
04461.2583 25.4375 25.1250 25.8750 27.23 26.36 1013.6910
#terjedesi                                       nyomas  ##
#ido(usec)  T1(C)   T2(C)   T3(C)  T4(C) para(%)  (hPa)
04461.6831 25.4375 25.1250 25.8750 27.23 26.36 1013.6910
04460.3081 25.4375 25.1250 25.8750 27.23 26.36 1013.6910
04460.4834 25.4375 25.1250 25.8750 27.23 26.36 1013.6910
04460.0210 25.4375 25.1250 25.8750 27.23 26.36 1013.6910
04460.5459 25.4375 25.1250 25.8750 27.23 26.36 1013.6910
04439.1206 25.4375 25.1250 25.8750 27.24 26.35 1013.6992
04460.7456 25.3750 25.1250 25.8750 27.24 26.35 1013.6992
04461.2583 25.3750 25.1250 25.8750 27.24 26.35 1013.6992
04461.2583 25.3750 25.1250 25.8750 27.24 26.35 1013.6992
04460.7334 25.3750 25.1250 25.8750 27.24 26.35 1013.6992
04460.9956 25.3750 25.1250 25.8750 27.24 26.35 1013.6992
04460.5210 25.3750 25.1250 25.8750 27.24 26.35 1013.6992
04460.5332 25.3750 25.1250 25.8750 27.24 26.35 1013.6992
04460.5459 25.3750 25.1250 25.8750 27.24 26.35 1013.6992
04460.3081 25.3750 25.1250 25.8750 27.24 26.35 1013.6992
04460.5459 25.3750 25.1250 25.8750 27.23 26.34 1013.6828
04461.7085 25.3750 25.1250 25.8750 27.23 26.34 1013.6828
04461.4956 25.3750 25.1250 25.8750 27.23 26.34 1013.6828
04460.5083 25.3750 25.1250 25.8750 27.23 26.34 1013.6828
04460.3081 25.3750 25.1250 25.8750 27.23 26.34 1013.6828
04439.6460 25.3750 25.1250 25.8750 27.23 26.34 1013.6828
04460.4956 25.3750 25.1250 25.8750 27.23 26.34 1013.6828
04439.4082 25.3750 25.1250 25.8750 27.23 26.34 1013.6828
04461.4458 25.3750 25.1250 25.8750 27.23 26.34 1013.6828
04461.4585 25.3750 25.1250 25.8750 27.24 26.32 1013.6448
04461.4956 25.3750 25.1250 25.8750 27.24 26.32 1013.6448
04460.2583 25.3750 25.1250 25.8750 27.24 26.32 1013.6448
04460.2583 25.3750 25.1250 25.8750 27.24 26.32 1013.6448
04463.1582 25.3750 25.1250 25.8750 27.24 26.32 1013.6448
04460.3081 25.3750 25.1250 25.8750 27.24 26.32 1013.6448
04460.2583 25.3750 25.1250 25.8750 27.24 26.32 1013.6448
04460.5459 25.3750 25.1250 25.8750 27.24 26.32 1013.6448
04460.4834 25.3750 25.1250 25.8750 27.24 26.32 1013.6448
04461.2583 25.3750 25.1250 25.8750 27.24 26.32 1013.6448
04461.2583 25.3750 25.1250 25.8750 27.24 26.32 1013.7263
04460.2456 25.3750 25.1250 25.8750 27.24 26.32 1013.7263
04460.3081 25.3750 25.1250 25.8750 27.24 26.32 1013.7263
04460.3081 25.3750 25.1250 25.8750 27.24 26.32 1013.7263
04460.0210 25.3750 25.1250 25.8750 27.24 26.32 1013.7263
04460.5459 25.3750 25.1250 25.8750 27.24 26.32 1013.7263
04461.7334 25.3750 25.1250 25.8750 27.24 26.32 1013.7263
04461.4956 25.3750 25.1250 25.8750 27.24 26.32 1013.7263
04461.6831 25.3750 25.1250 25.8750 27.24 26.32 1013.7263
04463.1333 25.3750 25.1250 25.8750 27.24 26.30 1013.6992
04460.0708 25.3750 25.1250 25.8750 27.24 26.30 1013.6992
04460.2710 25.3750 25.1250 25.8750 27.24 26.30 1013.6992
04439.3584 25.3750 25.1250 25.8750 27.24 26.30 1013.6992
04462.6831 25.3750 25.1250 25.8750 27.24 26.30 1013.6992
04460.2583 25.3750 25.1250 25.8750 27.24 26.30 1013.6992
04460.7832 25.3750 25.1250 25.8125 27.24 26.30 1013.6992
04461.6831 25.3750 25.1250 25.8125 27.24 26.30 1013.6992
04461.4707 25.3750 25.1250 25.8125 27.24 26.30 1013.6992
04439.4082 25.3750 25.1250 25.8125 27.24 26.30 1013.6992
04460.4956 25.3750 25.1250 25.8125 27.23 26.30 1013.5552
04460.4956 25.3750 25.1250 25.8125 27.23 26.30 1013.5552
04460.5210 25.3750 25.1250 25.8125 27.23 26.30 1013.5552
04460.4834 25.3750 25.1250 25.8125 27.23 26.30 1013.5552
04461.4956 25.3750 25.1250 25.8750 27.23 26.30 1013.5552
04461.4956 25.3750 25.1250 25.8750 27.23 26.30 1013.5552
04461.4956 25.3750 25.1250 25.8750 27.23 26.30 1013.5552
04460.5459 25.3750 25.1250 25.8750 27.23 26.30 1013.5552
04460.2583 25.3750 25.1250 25.8750 27.23 26.30 1013.5552
04460.0210 25.3750 25.1250 25.8750 27.24 26.29 1013.6531
04460.0708 25.3750 25.1250 25.8750 27.24 26.29 1013.6531
04439.4082 25.3750 25.1250 25.8750 27.24 26.29 1013.6531
04439.4082 25.3750 25.1250 25.8750 27.24 26.29 1013.6531
04460.4956 25.3750 25.1250 25.8750 27.24 26.29 1013.6531
04461.4707 25.3750 25.1250 25.8750 27.24 26.29 1013.6531
04461.4458 25.3750 25.1250 25.8750 27.24 26.29 1013.6531
04460.4834 25.3750 25.1250 25.8750 27.24 26.29 1013.6531
04463.1084 25.3750 25.1250 25.8750 27.24 26.29 1013.6531
04460.0459 25.3750 25.1250 25.8750 27.25 26.28 1013.4438
04460.0581 25.3750 25.1250 25.8750 27.25 26.28 1013.4438
#terjedesi                                       nyomas  ##
#ido(usec)  T1(C)   T2(C)   T3(C)  T4(C) para(%)  (hPa)
04460.7456 25.3750 25.1250 25.8750 27.25 26.28 1013.4438
04439.8208 25.3750 25.1250 25.8750 27.25 26.28 1013.4438
04461.6709 25.3750 25.1250 25.8750 27.25 26.28 1013.4438
04461.2583 25.3750 25.1250 25.8750 27.25 26.28 1013.4438
04439.3457 25.3750 25.1250 25.8750 27.25 26.28 1013.4438
04460.3081 25.3750 25.1250 25.8750 27.25 26.28 1013.4438
04463.1582 25.3750 25.1250 25.8750 27.25 26.28 1013.4438
04460.4956 25.3750 25.1250 25.8750 27.25 26.28 1013.4438
04460.5459 25.3750 25.1250 25.8750 27.25 26.28 1013.6069
04439.6460 25.3750 25.1250 25.8750 27.25 26.28 1013.6069
04461.2085 25.3750 25.1250 25.8750 27.25 26.28 1013.6069
04461.7085 25.3750 25.1250 25.8750 27.25 26.28 1013.6069
04461.6831 25.3750 25.1250 25.8750 27.25 26.28 1013.6069
04460.3081 25.3750 25.1250 25.8750 27.25 26.28 1013.6069
04460.5459 25.3750 25.1250 25.8750 27.25 26.28 1013.6069
04460.3081 25.3750 25.1250 25.8750 27.25 26.28 1013.6069
04460.2456 25.3750 25.1250 25.8750 27.25 26.28 1013.6069
04460.2583 25.3750 25.1250 25.8750 27.24 26.28 1013.6448
04460.0581 25.3750 25.1250 25.8750 27.24 26.28 1013.6448
04460.9834 25.3750 25.1250 25.8750 27.24 26.28 1013.6448
04461.2583 25.3750 25.1250 25.8750 27.24 26.28 1013.6448
04461.2583 25.3750 25.1250 25.8750 27.24 26.28 1013.6448
04460.2959 25.3750 25.1250 25.8750 27.24 26.28 1013.6448
04439.4082 25.3750 25.1250 25.8750 27.24 26.28 1013.6448
04460.3081 25.3750 25.1250 25.8750 27.24 26.28 1013.6448
04460.3081 25.3750 25.1250 25.8750 27.24 26.28 1013.6448
04439.5957 25.3750 25.1250 25.8750 27.24 26.28 1013.6448
04460.0210 25.3750 25.1250 25.8750 27.25 26.31 1013.6612
04461.4956 25.3750 25.1250 25.8750 27.25 26.31 1013.6612
04461.7334 25.3750 25.1250 25.8750 27.25 26.31 1013.6612
04460.3081 25.3750 25.1250 25.8750 27.25 26.31 1013.6612
04460.3081 25.3750 25.1250 25.8750 27.25 26.31 1013.6612
04460.5459 25.3750 25.1250 25.8750 27.25 26.31 1013.6612
04463.1084 25.3750 25.1250 25.8750 27.25 26.31 1013.6612
04460.7456 25.3750 25.1250 25.8750 27.25 26.31 1013.6612
04460.3081 25.3750 25.1250 25.8750 27.25 26.31 1013.6612
04461.6958 25.3750 25.1250 25.8750 27.25 26.29 1013.5525
04461.4956 25.3750 25.1250 25.8750 27.25 26.29 1013.5525
04461.2583 25.3750 25.1250 25.8750 27.25 26.29 1013.5525
04439.6460 25.3750 25.1250 25.8750 27.25 26.29 1013.5525
04460.3081 25.3750 25.1250 25.8750 27.25 26.29 1013.5525
04460.7583 25.3750 25.1250 25.8750 27.25 26.29 1013.5525
04439.8208 25.3750 25.1250 25.8750 27.25 26.29 1013.5525
04460.5210 25.3750 25.1250 25.8750 27.25 26.29 1013.5525
04460.2583 25.3750 25.1250 25.8750 27.25 26.29 1013.5525
04461.2583 25.3750 25.1250 25.8750 27.25 26.29 1013.5525
04461.4458 25.3750 25.1250 25.8750 27.25 26.48 1013.6884
04460.2959 25.3750 25.1250 25.8750 27.25 26.48 1013.6884
04460.5332 25.3750 25.1250 25.8750 27.25 26.48 1013.6884
04460.2583 25.3750 25.1250 25.8750 27.25 26.48 1013.6884
04460.3081 25.3750 25.1250 25.8750 27.25 26.48 1013.6884
04460.0210 25.3750 25.1250 25.8750 27.25 26.48 1013.6884
04439.1709 25.3750 25.1250 25.8750 27.25 26.48 1013.6884
04461.6831 25.3750 25.1250 25.8750 27.25 26.48 1013.6884
04461.4956 25.3750 25.1250 25.8750 27.25 26.48 1013.6884
04461.7334 25.3750 25.1250 25.8750 27.25 26.29 1013.6153
04460.7832 25.3750 25.1250 25.8750 27.25 26.29 1013.6153
04460.5210 25.3750 25.1250 25.8750 27.25 26.29 1013.6153
04460.4956 25.3750 25.1250 25.8750 27.25 26.29 1013.6153
04460.7583 25.3750 25.1250 25.8750 27.25 26.29 1013.6153
04460.7832 25.3750 25.1250 25.8750 27.25 26.29 1013.6153
04461.4956 25.3750 25.1875 25.8750 27.25 26.29 1013.6153
04461.7085 25.3750 25.1875 25.8750 27.25 26.29 1013.6153
04461.4956 25.3750 25.1875 25.8750 27.25 26.29 1013.6153
04460.2456 25.3750 25.1875 25.8750 27.25 26.31 1013.7156
04460.3081 25.3750 25.1875 25.8750 27.25 26.31 1013.7156
04439.6460 25.3750 25.1875 25.8750 27.25 26.31 1013.7156
04460.4956 25.3750 25.1875 25.8750 27.25 26.31 1013.7156
04460.3081 25.3750 25.1875 25.8750 27.25 26.31 1013.7156
04439.5957 25.3750 25.1875 25.8750 27.25 26.31 1013.7156
04460.5459 25.3750 25.1250 25.8750 27.25 26.31 1013.7156
04437.6831 25.3750 25.1250 25.8750 27.25 26.31 1013.7156
04461.4956 25.3750 25.1250 25.8750 27.25 26.31 1013.7156
#terjedesi                                       nyomas  ##
#ido(usec)  T1(C)   T2(C)   T3(C)  T4(C) para(%)  (hPa)
04460.4956 25.3750 25.1250 25.8750 27.25 26.31 1013.7156
04460.3081 25.3750 25.1250 25.8750 27.24 26.32 1013.7263
04460.3081 25.3750 25.1250 25.8750 27.24 26.32 1013.7263
04460.3081 25.3750 25.1250 25.8750 27.24 26.32 1013.7263
04460.4956 25.3750 25.1250 25.8750 27.24 26.32 1013.7263
04461.7085 25.3750 25.1250 25.8750 27.24 26.32 1013.7263
04461.6831 25.3750 25.1250 25.8750 27.24 26.32 1013.7263
04461.4458 25.3750 25.1250 25.8750 27.24 26.32 1013.7263
04439.8833 25.3750 25.1250 25.8750 27.24 26.32 1013.7263
04439.5835 25.3750 25.1250 25.8750 27.24 26.32 1013.7263
04439.3960 25.3750 25.1250 25.8750 27.24 26.31 1013.6177
04463.3960 25.3750 25.1250 25.8750 27.24 26.31 1013.6177
04460.2583 25.3750 25.1250 25.8750 27.24 26.31 1013.6177
04460.2583 25.3750 25.1250 25.8750 27.24 26.31 1013.6177
04439.4082 25.3750 25.1250 25.8750 27.24 26.31 1013.6177
04461.4956 25.3750 25.1250 25.8750 27.24 26.31 1013.6177
04461.4458 25.3750 25.1250 25.8750 27.24 26.31 1013.6177
04460.2583 25.3750 25.1250 25.8750 27.24 26.31 1013.6177
04460.0210 25.3750 25.1250 25.8750 27.24 26.31 1013.6177
04460.3081 25.3750 25.1250 25.8750 27.24 26.31 1013.6177
04460.2583 25.3750 25.1250 25.8750 27.24 26.31 1013.7263
04460.4956 25.3750 25.1250 25.8750 27.24 26.31 1013.7263
04461.4458 25.3750 25.1250 25.8750 27.24 26.31 1013.7263
04437.9331 25.3750 25.1250 25.8750 27.24 26.31 1013.7263
04461.2085 25.3750 25.1250 25.8750 27.24 26.31 1013.7263
04439.5835 25.3750 25.1250 25.8750 27.24 26.31 1013.7263
04460.3081 25.3750 25.1250 25.8750 27.24 26.31 1013.7263
04460.0210 25.3750 25.1250 25.8750 27.24 26.31 1013.7263
04439.3457 25.3750 25.1250 25.8750 27.24 26.31 1013.7263
04460.2959 25.3750 25.1250 25.8750 27.24 26.31 1013.7263
04460.7334 25.3750 25.1250 25.8750 27.24 26.29 1013.7346
04460.2959 25.3750 25.1875 25.8750 27.24 26.29 1013.7346
04461.4458 25.3750 25.1875 25.8750 27.24 26.29 1013.7346
04461.4585 25.3750 25.1875 25.8750 27.24 26.29 1013.7346
04462.9209 25.3750 25.1875 25.8750 27.24 26.29 1013.7346
04463.3335 25.3750 25.1875 25.8750 27.24 26.29 1013.7346
04460.2959 25.3750 25.1875 25.8750 27.24 26.29 1013.7346
04460.3081 25.3750 25.1875 25.8750 27.24 26.29 1013.7346
04460.5459 25.3750 25.1875 25.8750 27.25 26.27 1013.6340
04461.4834 25.3750 25.1250 25.8750 27.25 26.27 1013.6340
04461.2456 25.3750 25.1250 25.8750 27.25 26.27 1013.6340
04460.9956 25.3750 25.1250 25.8750 27.25 26.27 1013.6340
04460.4956 25.3750 25.1250 25.8750 27.25 26.27 1013.6340
04460.5210 25.3750 25.1250 25.8750 27.25 26.27 1013.6340
04460.5459 25.3750 25.1250 25.8750 27.25 26.27 1013.6340
04460.5083 25.3750 25.1250 25.8750 27.25 26.27 1013.6340
04460.5210 25.3750 25.1250 25.8750 27.25 26.27 1013.6340
04460.7710 25.3750 25.1250 25.8750 27.25 26.27 1013.6340
04460.5459 25.3750 25.1250 25.8750 27.25 26.27 1013.6340
04461.7334 25.3750 25.1250 25.8750 27.24 26.27 1013.6721
04461.6709 25.3750 25.1250 25.8750 27.24 26.27 1013.6721
04460.5083 25.3750 25.1250 25.8750 27.24 26.27 1013.6721
04460.7583 25.3750 25.1250 25.8750 27.24 26.27 1013.6721
04460.4834 25.3750 25.1250 25.8750 27.24 26.27 1013.6721
04460.5459 25.3750 25.1250 25.8750 27.24 26.27 1013.6721
04460.4956 25.3750 25.1250 25.8750 27.24 26.27 1013.6721
04460.7334 25.4375 25.1250 25.8750 27.24 26.27 1013.6721
04461.4956 25.4375 25.1250 25.8750 27.24 26.27 1013.6721
04461.4956 25.4375 25.1250 25.8750 27.25 26.30 1013.6340
04460.0083 25.4375 25.1250 25.8750 27.25 26.30 1013.6340
04460.5459 25.4375 25.1250 25.8750 27.25 26.30 1013.6340
04460.3081 25.4375 25.1250 25.8750 27.25 26.30 1013.6340
04460.4956 25.4375 25.1250 25.8750 27.25 26.30 1013.6340
04439.3457 25.4375 25.1250 25.8750 27.25 26.30 1013.6340
04460.0708 25.4375 25.1250 25.8750 27.25 26.30 1013.6340
04437.4458 25.3750 25.1250 25.8750 27.25 26.30 1013.6340
04461.7334 25.3750 25.1250 25.8750 27.25 26.30 1013.6340
04461.4458 25.3750 25.1250 25.8750 27.26 26.27 1013.7050
04460.2456 25.3750 25.1250 25.8750 27.26 26.27 1013.7050
04460.2583 25.3750 25.1250 25.8750 27.26 26.27 1013.7050
04460.0210 25.3750 25.1250 25.8750 27.26 26.27 1013.7050
04460.2583 25.3750 25.1250 25.8750 27.26 26.27 1013.7050
04460.5459 25.3750 25.1250 25.8750 27.26 26.27 1013.7050
#terjedesi                                       nyomas  ##
#ido(usec)  T1(C)   T2(C)   T3(C)  T4(C) para(%)  (hPa)
04460.0210 25.3750 25.1250 25.8750 27.26 26.27 1013.7050
04461.6831 25.3750 25.1250 25.8750 27.26 26.27 1013.7050
04461.4458 25.3750 25.1250 25.8750 27.26 26.27 1013.7050
04461.2583 25.3750 25.1250 25.8750 27.26 26.27 1013.7050
04460.2710 25.3750 25.1250 25.8750 27.25 26.27 1013.7156
04460.0459 25.3750 25.1250 25.8750 27.25 26.27 1013.7156
04460.0332 25.3750 25.1250 25.8750 27.25 26.27 1013.7156
04439.4082 25.3750 25.1250 25.8750 27.25 26.27 1013.7156
04462.6831 25.3750 25.1250 25.8750 27.25 26.27 1013.7156
04460.2583 25.3750 25.1250 25.8750 27.25 26.27 1013.7156
04461.2207 25.3750 25.1250 25.8750 27.25 26.27 1013.7156
04461.4834 25.3750 25.1250 25.8750 27.25 26.27 1013.7156
04460.2583 25.3750 25.1250 25.8750 27.25 26.27 1013.7156
04460.0459 25.3750 25.1250 25.8750 27.24 26.28 1013.5987
04460.4956 25.3750 25.1250 25.8750 27.24 26.28 1013.5987
04460.3081 25.3750 25.1250 25.8750 27.24 26.28 1013.5987
04460.4834 25.3750 25.1250 25.8750 27.24 26.28 1013.5987
04460.0210 25.3750 25.1250 25.8750 27.24 26.28 1013.5987
04461.0210 25.3750 25.1250 25.8750 27.24 26.28 1013.5987
04461.2583 25.3750 25.1250 25.8750 27.24 26.28 1013.5987
04461.6958 25.3750 25.1250 25.8750 27.24 26.28 1013.5987
04439.3833 25.3750 25.1250 25.8750 27.24 26.28 1013.5987
04439.1709 25.3750 25.1250 25.8750 27.24 26.28 1013.5987
04460.4956 25.3750 25.1250 25.8750 27.24 26.26 1013.6531
04460.4834 25.3750 25.1250 25.8750 27.24 26.26 1013.6531
04439.6460 25.3750 25.1250 25.8750 27.24 26.26 1013.6531
04460.4834 25.3750 25.1250 25.8750 27.24 26.26 1013.6531
04461.2085 25.3750 25.1250 25.8750 27.24 26.26 1013.6531
04461.2334 25.3750 25.1250 25.8750 27.24 26.26 1013.6531
04462.6709 25.3750 25.1250 25.8750 27.24 26.26 1013.6531
04460.0210 25.3750 25.1250 25.8750 27.24 26.26 1013.6531
04460.3081 25.3750 25.1250 25.8750 27.24 26.26 1013.6531
04460.4956 25.3750 25.1250 25.8750 27.25 26.28 1013.6069
04460.2832 25.3750 25.1250 25.8750 27.25 26.28 1013.6069
04459.8335 25.3750 25.1250 25.8750 27.25 26.28 1013.6069
04461.4707 25.3750 25.1250 25.8750 27.25 26.28 1013.6069
04461.4834 25.3750 25.1250 25.8750 27.25 26.28 1013.6069
04461.4956 25.3750 25.1250 25.8750 27.25 26.28 1013.6069
04460.4834 25.3750 25.1250 25.8750 27.25 26.28 1013.6069
04460.0708 25.3750 25.1250 25.8750 27.25 26.28 1013.6069
04462.9209 25.3750 25.1250 25.8750 27.25 26.28 1013.6069
04460.2583 25.3750 25.1250 25.8750 27.25 26.28 1013.6069
04460.0581 25.3750 25.1250 25.8750 27.25 26.27 1013.6612
04461.0083 25.3750 25.1250 25.8750 27.25 26.27 1013.6612
04461.2456 25.3750 25.1250 25.8750 27.25 26.27 1013.6612
04461.2085 25.3750 25.1250 25.8750 27.25 26.27 1013.6612
04460.5459 25.3750 25.1250 25.8750 27.25 26.27 1013.6612
04460.7456 25.3750 25.1250 25.8750 27.25 26.27 1013.6612
04460.5459 25.3750 25.1250 25.8750 27.25 26.27 1013.6612
04460.0210 25.3750 25.1250 25.8750 27.25 26.27 1013.6612
04460.2456 25.3750 25.1250 25.8750 27.25 26.27 1013.6612
04439.1084 25.3750 25.1250 25.8750 27.25 26.29 1013.6612
04460.7334 25.4375 25.1250 25.8750 27.25 26.29 1013.6612
04461.2583 25.4375 25.1250 25.8750 27.25 26.29 1013.6612
04437.7334 25.4375 25.1250 25.8750 27.25 26.29 1013.6612
04460.2710 25.4375 25.1250 25.8750 27.25 26.29 1013.6612
04439.3833 25.4375 25.1250 25.8750 27.25 26.29 1013.6612
04460.0581 25.4375 25.1250 25.8750 27.25 26.29 1013.6612
04460.5459 25.4375 25.1250 25.8750 27.25 26.29 1013.6612
04460.5210 25.4375 25.1250 25.8750 27.25 26.29 1013.6612
04461.2583 25.3750 25.1250 25.8750 27.24 26.29 1013.5443
04461.4707 25.3750 25.1250 25.8750 27.24 26.29 1013.5443
04461.4956 25.3750 25.1250 25.8750 27.24 26.29 1013.5443
04459.7959 25.3750 25.1250 25.8750 27.24 26.29 1013.5443
04439.3833 25.3750 25.1250 25.8750 27.24 26.29 1013.5443
04439.8833 25.3750 25.1250 25.8750 27.24 26.29 1013.5443
04460.4834 25.3750 25.1250 25.8750 27.24 26.29 1013.5443
04439.5957 25.3750 25.1250 25.8750 27.24 26.29 1013.5443
04438.8960 25.3750 25.1250 25.8750 27.24 26.29 1013.5443
04460.7207 25.3750 25.1250 25.8750 27.24 26.29 1013.5443
04461.4956 25.3750 25.1250 25.8750 27.24 26.28 1013.5905
04461.4458 25.3750 25.1250 25.8750 27.24 26.28 1013.5905
04460.2832 25.3750 25.1250 25.8750 27.24 26.28 1013.5905
#terjedesi                                       nyomas  ##
#ido(usec)  T1(C)   T2(C)   T3(C)  T4(C) para(%)  (hPa)
04460.2710 25.3750 25.1250 25.8750 27.24 26.28 1013.5905
04460.5459 25.3750 25.1250 25.8750 27.24 26.28 1013.5905
04460.3081 25.3750 25.1250 25.8750 27.24 26.28 1013.5905
04460.2832 25.3750 25.1250 25.8750 27.24 26.28 1013.5905
04461.2207 25.3750 25.1875 25.8750 27.24 26.28 1013.5905
04461.2085 25.3750 25.1875 25.8750 27.24 26.28 1013.5905
04461.4707 25.3750 25.1875 25.8750 27.25 26.28 1013.6612
04459.7959 25.3750 25.1875 25.8750 27.25 26.28 1013.6612
04460.0581 25.3750 25.1875 25.8750 27.25 26.28 1013.6612
04460.3081 25.3750 25.1875 25.8750 27.25 26.28 1013.6612
04460.3081 25.3750 25.1875 25.8750 27.25 26.28 1013.6612
04463.3335 25.3750 25.1875 25.8750 27.25 26.28 1013.6612
04460.0708 25.3750 25.1875 25.8750 27.25 26.28 1013.6612
04461.0210 25.3750 25.1250 25.8750 27.25 26.28 1013.6612
04461.4458 25.3750 25.1250 25.8750 27.25 26.28 1013.6612
04461.9209 25.3750 25.1250 25.8750 27.25 26.28 1013.6612
04460.5210 25.3750 25.1250 25.8750 27.25 26.29 1013.6153
04460.5210 25.3750 25.1250 25.8750 27.25 26.29 1013.6153
04460.4834 25.3750 25.1250 25.8750 27.25 26.29 1013.6153
04460.5459 25.3750 25.1250 25.8750 27.25 26.29 1013.6153
04460.7832 25.3750 25.1250 25.8750 27.25 26.29 1013.6153
04461.4834 25.4375 25.1250 25.8750 27.25 26.29 1013.6153
04461.7334 25.4375 25.1250 25.8750 27.25 26.29 1013.6153
04461.2334 25.4375 25.1250 25.8750 27.25 26.29 1013.6153
04460.3081 25.4375 25.1250 25.8750 27.25 26.29 1013.6153
04460.5083 25.4375 25.1250 25.8750 27.24 26.30 1013.6259
04460.5459 25.4375 25.1250 25.8750 27.24 26.30 1013.6259
04460.2959 25.4375 25.1250 25.8750 27.24 26.30 1013.6259
04460.2456 25.4375 25.1250 25.8750 27.24 26.30 1013.6259
04439.4082 25.4375 25.1250 25.8750 27.24 26.30 1013.6259
04460.2832 25.4375 25.1250 25.8750 27.24 26.30 1013.6259
04461.7207 25.4375 25.1250 25.8750 27.24 26.30 1013.6259
04461.2207 25.4375 25.1250 25.8750 27.24 26.30 1013.6259
04439.6206 25.4375 25.1250 25.8750 27.24 26.30 1013.6259
04460.5332 25.4375 25.1250 25.8750 27.24 26.30 1013.6259
04460.5210 25.4375 25.1250 25.8750 27.25 26.30 1013.6884
04460.4834 25.4375 25.1250 25.8750 27.25 26.30 1013.6884
04460.2832 25.4375 25.1250 25.8750 27.25 26.30 1013.6884
04461.0210 25.3750 25.1250 25.8750 27.25 26.30 1013.6884
04461.4956 25.3750 25.1250 25.8750 27.25 26.30 1013.6884
04461.7334 25.3750 25.1250 25.8750 27.25 26.30 1013.6884
04460.2583 25.3750 25.1250 25.8750 27.25 26.30 1013.6884
04460.3081 25.3750 25.1250 25.8750 27.25 26.30 1013.6884
04460.5459 25.3750 25.1250 25.8750 27.25 26.30 1013.6884
04460.2456 25.3750 25.1250 25.8750 27.25 26.30 1013.6884
04460.7832 25.3750 25.1250 25.8750 27.26 26.29 1013.6779
04460.4956 25.3750 25.1250 25.8750 27.26 26.29 1013.6779
04461.2085 25.3750 25.1250 25.8750 27.26 26.29 1013.6779
04461.2456 25.3750 25.1250 25.8750 27.26 26.29 1013.6779
04461.6831 25.3750 25.1250 25.8750 27.26 26.29 1013.6779
04460.3081 25.3750 25.1250 25.8750 27.26 26.29 1013.6779
04460.2583 25.3750 25.1250 25.8750 27.26 26.29 1013.6779
04439.4082 25.3750 25.1250 25.8750 27.26 26.29 1013.6779
04463.3457 25.3750 25.1250 25.8750 27.25 26.31 1013.7156
04439.5957 25.3750 25.1250 25.8750 27.25 26.31 1013.7156
04460.5459 25.3750 25.1250 25.8750 27.25 26.31 1013.7156
04461.4331 25.3750 25.1250 25.8750 27.25 26.31 1013.7156
04461.7207 25.3750 25.1250 25.8750 27.25 26.31 1013.7156
04461.9209 25.3750 25.1250 25.8750 27.25 26.31 1013.7156
04460.5083 25.3750 25.1250 25.8750 27.25 26.31 1013.7156
04460.2583 25.3750 25.1250 25.8750 27.25 26.31 1013.7156
04460.7832 25.3750 25.1250 25.8750 27.25 26.31 1013.7156
04460.5210 25.3750 25.1250 25.8750 27.25 26.31 1013.7156
04460.5083 25.3750 25.1250 25.8750 27.25 26.32 1013.7156
04460.2959 25.3750 25.1250 25.8750 27.25 26.32 1013.7156
04461.2583 25.3750 25.1250 25.8750 27.25 26.32 1013.7156
04461.6831 25.3750 25.1250 25.8750 27.25 26.32 1013.7156
04439.4082 25.3750 25.1250 25.8750 27.25 26.32 1013.7156
04460.4956 25.3750 25.1250 25.8750 27.25 26.32 1013.7156
04460.0459 25.3750 25.1250 25.8750 27.25 26.32 1013.7156
04439.6460 25.3750 25.1250 25.8750 27.25 26.32 1013.7156
04439.4082 25.3750 25.1250 25.8750 27.25 26.32 1013.7156
04462.9209 25.3750 25.1250 25.8750 27.25 26.32 1013.7156
#terjedesi                                       nyomas  ##
#ido(usec)  T1(C)   T2(C)   T3(C)  T4(C) para(%)  (hPa)
04461.4458 25.3750 25.1250 25.8750 27.25 26.44 1013.6612
04454.3706 25.3750 25.1250 25.8750 27.25 26.44 1013.6612
04461.2583 25.3750 25.1250 25.8750 27.25 26.44 1013.6612
04460.2832 25.3750 25.1250 25.8750 27.25 26.44 1013.6612
04460.2583 25.3750 25.1250 25.8750 27.25 26.44 1013.6612
04460.4834 25.3750 25.1250 25.8750 27.25 26.44 1013.6612
04460.3081 25.3750 25.1250 25.8750 27.25 26.44 1013.6612
04460.2583 25.3750 25.1250 25.8750 27.25 26.44 1013.6612
04460.2710 25.3750 25.1250 25.8750 27.25 26.44 1013.6612
04461.7207 25.3750 25.1250 25.8750 27.24 26.35 1013.5362
04461.2583 25.3750 25.1250 25.8750 27.24 26.35 1013.5362
04460.3081 25.3750 25.1250 25.8750 27.24 26.35 1013.5362
04439.3457 25.3750 25.1250 25.8750 27.24 26.35 1013.5362
04460.2456 25.3750 25.1250 25.8750 27.24 26.35 1013.5362
04460.2832 25.3750 25.1250 25.8750 27.24 26.35 1013.5362
04460.3081 25.3750 25.1250 25.8750 27.24 26.35 1013.5362
04460.2710 25.3750 25.1250 25.8750 27.24 26.35 1013.5362
04461.2085 25.3750 25.1250 25.8750 27.24 26.35 1013.5362
04461.2583 25.3750 25.1250 25.8750 27.24 26.35 1013.5362
04461.4956 25.3750 25.1250 25.8750 27.24 26.32 1013.5362
04460.3081 25.3750 25.1250 25.8750 27.24 26.32 1013.5362
04460.5459 25.3750 25.1250 25.8750 27.24 26.32 1013.5362
04439.8335 25.3750 25.1250 25.8750 27.24 26.32 1013.5362
04460.3081 25.3750 25.1250 25.8750 27.24 26.32 1013.5362
04460.2710 25.3750 25.1250 25.8750 27.24 26.32 1013.5362
04460.7334 25.3750 25.1250 25.8750 27.24 26.32 1013.5362
04461.4834 25.3750 25.1250 25.8750 27.24 26.32 1013.5362
04461.4707 25.3750 25.1250 25.8750 27.24 26.32 1013.5362
04460.4956 25.3750 25.1250 25.8750 27.24 26.31 1013.5362
04460.2583 25.3750 25.1250 25.8750 27.24 26.31 1013.5362
04460.5083 25.3750 25.1250 25.8750 27.24 26.31 1013.5362
04439.3833 25.3750 25.1250 25.8750 27.24 26.31 1013.5362
04462.9209 25.3750 25.1250 25.8750 27.24 26.31 1013.5362
04439.5957 25.3750 25.1250 25.8750 27.24 26.31 1013.5362
04460.2456 25.3750 25.1250 25.8750 27.24 26.31 1013.5362
04461.4707 25.3750 25.1250 25.8750 27.24 26.31 1013.5362
04461.1958 25.3750 25.1250 25.8750 27.24 26.31 1013.5362
04460.2456 25.3750 25.1250 25.8750 27.24 26.31 1013.5362
04460.0708 25.3750 25.1250 25.8750 27.25 26.29 1013.6969
04460.5459 25.3750 25.1250 25.8750 27.25 26.29 1013.6969
04460.0708 25.3750 25.1250 25.8750 27.25 26.29 1013.6969
04439.5835 25.3750 25.1250 25.8750 27.25 26.29 1013.6969
04461.1958 25.3750 25.1250 25.8750 27.25 26.29 1013.6969
04461.2085 25.3750 25.1250 25.8750 27.25 26.29 1013.6969
04461.2583 25.3750 25.1250 25.8750 27.25 26.29 1013.6969
04460.3081 25.3750 25.1250 25.8750 27.25 26.29 1013.6969
04460.3081 25.3750 25.1250 25.8750 27.25 26.29 1013.6969
04463.1333 25.3750 25.1250 25.8750 27.24 26.28 1013.6802
04439.3960 25.3750 25.1250 25.8750 27.24 26.28 1013.6802
04460.2583 25.3750 25.1250 25.8750 27.24 26.28 1013.6802
04460.5210 25.3750 25.1250 25.8750 27.24 26.28 1013.6802
04460.7334 25.4375 25.1250 25.8750 27.24 26.28 1013.6802
04461.6709 25.4375 25.1250 25.8750 27.24 26.28 1013.6802
04461.4956 25.4375 25.1250 25.8750 27.24 26.28 1013.6802
04460.4956 25.4375 25.1250 25.8750 27.24 26.28 1013.6802
04460.5459 25.4375 25.1250 25.8750 27.24 26.28 1013.6802
04460.5459 25.4375 25.1250 25.8750 27.25 26.29 1013.5525
04460.2456 25.4375 25.1250 25.8750 27.25 26.29 1013.5525
04460.4956 25.4375 25.1250 25.8750 27.25 26.29 1013.5525
04461.4834 25.3750 25.1250 25.8750 27.25 26.29 1013.5525
04461.2583 25.3750 25.1250 25.8750 27.25 26.29 1013.5525
04461.7334 25.3750 25.1250 25.8750 27.25 26.29 1013.5525
04460.4834 25.3750 25.1250 25.8750 27.25 26.29 1013.5525
04460.5332 25.3750 25.1250 25.8750 27.25 26.29 1013.5525
04460.3081 25.3750 25.1250 25.8750 27.25 26.29 1013.5525
04460.7832 25.3750 25.1250 25.8750 27.25 26.29 1013.5525
04460.5459 25.3750 25.1250 25.8750 27.24 26.27 1013.6177
04460.3081 25.3750 25.1250 25.8750 27.24 26.27 1013.6177
04460.7832 25.3750 25.1250 25.8750 27.24 26.27 1013.6177
04461.0210 25.3750 25.1250 25.8750 27.24 26.27 1013.6177
04461.6831 25.3750 25.1250 25.8750 27.24 26.27 1013.6177
04460.7832 25.3750 25.1250 25.8750 27.24 26.27 1013.6177
04460.0581 25.3750 25.1250 25.8750 27.24 26.27 1013.6177
#terjedesi                                       nyomas  ##
#ido(usec)  T1(C)   T2(C)   T3(C)  T4(C) para(%)  (hPa)
04459.8335 25.3750 25.1250 25.8750 27.24 26.27 1013.6177
04460.2456 25.3750 25.1250 25.8750 27.24 26.27 1013.6177
04462.9209 25.3750 25.1250 25.8750 27.24 26.27 1013.6448
04461.6831 25.3750 25.1250 25.8750 27.24 26.27 1013.6448
04461.2583 25.3750 25.1250 25.8750 27.24 26.27 1013.6448
04461.0210 25.3750 25.1250 25.8750 27.24 26.27 1013.6448
04460.4956 25.3750 25.1250 25.8750 27.24 26.27 1013.6448
04439.4082 25.3750 25.1250 25.8750 27.24 26.27 1013.6448
04460.2583 25.3750 25.1250 25.8750 27.24 26.27 1013.6448
04439.6333 25.3750 25.1250 25.8750 27.24 26.27 1013.6448
04460.0708 25.3750 25.1250 25.8750 27.24 26.27 1013.6448
04439.1709 25.3750 25.1250 25.8750 27.24 26.27 1013.6448
04460.3081 25.3750 25.1875 25.8750 27.25 26.29 1013.5797
04461.6831 25.3750 25.1875 25.8750 27.25 26.29 1013.5797
04461.6831 25.3750 25.1875 25.8750 27.25 26.29 1013.5797
04460.3081 25.3750 25.1875 25.8750 27.25 26.29 1013.5797
04460.3081 25.3750 25.1875 25.8750 27.25 26.29 1013.5797
04460.3081 25.3750 25.1875 25.8750 27.25 26.29 1013.5797
04460.2583 25.3750 25.1875 25.8750 27.25 26.29 1013.5797
04460.2456 25.3750 25.1875 25.8750 27.25 26.29 1013.5797
04460.9956 25.3750 25.1875 25.8750 27.25 26.29 1013.5797
04460.7832 25.3750 25.1875 25.8750 27.25 26.27 1013.4981
04460.9956 25.3750 25.1875 25.8750 27.25 26.27 1013.4981
04460.3081 25.3750 25.1875 25.8750 27.25 26.27 1013.4981
04439.3584 25.3750 25.1875 25.8750 27.25 26.27 1013.4981
04460.3081 25.3750 25.1875 25.8750 27.25 26.27 1013.4981
04460.4956 25.3750 25.1875 25.8750 27.25 26.27 1013.4981
04460.5459 25.3750 25.1875 25.8750 27.25 26.27 1013.4981
04460.4956 25.3750 25.1875 25.8750 27.25 26.27 1013.4981
04461.7334 25.3750 25.1250 25.8750 27.25 26.27 1013.4981
04461.4707 25.3750 25.1250 25.8750 27.25 26.27 1013.4981
04461.7334 25.3750 25.1250 25.8750 27.24 26.28 1013.6992
04460.4956 25.3750 25.1250 25.8750 27.24 26.28 1013.6992
04460.5459 25.3750 25.1250 25.8750 27.24 26.28 1013.6992
04460.4834 25.3750 25.1250 25.8750 27.24 26.28 1013.6992
04460.3081 25.3750 25.1250 25.8750 27.24 26.28 1013.6992
04460.9707 25.3750 25.1250 25.8750 27.24 26.28 1013.6992
04460.7207 25.3750 25.1250 25.8750 27.24 26.28 1013.6992
04461.7334 25.4375 25.1250 25.8750 27.24 26.28 1013.6992
04461.2583 25.4375 25.1250 25.8750 27.24 26.28 1013.6992
04461.2583 25.4375 25.1250 25.8750 27.24 26.31 1013.6448
04459.7832 25.4375 25.1250 25.8750 27.24 26.31 1013.6448
04460.2832 25.4375 25.1250 25.8750 27.24 26.31 1013.6448
04460.2710 25.4375 25.1250 25.8750 27.24 26.31 1013.6448
04460.3081 25.4375 25.1250 25.8750 27.24 26.31 1013.6448
04460.4834 25.4375 25.1250 25.8750 27.24 26.31 1013.6448
04460.3081 25.4375 25.1250 25.8750 27.24 26.31 1013.6448
04461.4331 25.3750 25.1250 25.8750 27.24 26.31 1013.6448
04461.7334 25.3750 25.1250 25.8750 27.24 26.31 1013.6448
04460.3081 25.3750 25.1250 25.8750 27.24 26.32 1013.7807
04460.4956 25.3750 25.1250 25.8750 27.24 26.32 1013.7807
04460.2959 25.3750 25.1250 25.8750 27.24 26.32 1013.7807
04460.3081 25.3750 25.1250 25.8750 27.24 26.32 1013.7807
04460.2583 25.3750 25.1250 25.8750 27.24 26.32 1013.7807
04460.5459 25.3750 25.1250 25.8750 27.24 26.32 1013.7807
04461.4956 25.3750 25.1250 25.8750 27.24 26.32 1013.7807
04461.1958 25.3750 25.1250 25.8750 27.24 26.32 1013.7807
04461.2456 25.3750 25.1250 25.8750 27.24 26.32 1013.7807
04460.0708 25.3750 25.1250 25.8750 27.24 26.32 1013.7807
04439.3833 25.3750 25.1250 25.8750 27.25 26.31 1013.6340
04460.2832 25.3750 25.1250 25.8750 27.25 26.31 1013.6340
04439.1582 25.3750 25.1250 25.8750 27.25 26.31 1013.6340
04439.1206 25.3750 25.1250 25.8750 27.25 26.31 1013.6340
04439.4082 25.3750 25.1250 25.8750 27.25 26.31 1013.6340
04461.4834 25.3750 25.1250 25.8750 27.25 26.31 1013.6340
04461.2334 25.3750 25.1250 25.8750 27.25 26.31 1013.6340
04439.3960 25.3750 25.1250 25.8750 27.25 26.31 1013.6340
04460.2710 25.3750 25.1250 25.8750 27.25 26.31 1013.6340
04460.2583 25.3750 25.1250 25.8750 27.24 26.32 1013.6448
04460.0459 25.3750 25.1250 25.8750 27.24 26.32 1013.6448
04460.3081 25.3750 25.1250 25.8750 27.24 26.32 1013.6448
04459.8335 25.3750 25.1250 25.8750 27.24 26.32 1013.6448
04461.4458 25.3750 25.1875 25.8750 27.24 26.32 1013.6448
#terjedesi                                       nyomas  ##
#ido(usec)  T1(C)   T2(C)   T3(C)  T4(C) para(%)  (hPa)
04460.9834 25.3750 25.1875 25.8750 27.24 26.32 1013.6448
04460.9707 25.3750 25.1875 25.8750 27.24 26.32 1013.6448
04439.4082 25.3750 25.1875 25.8750 27.24 26.32 1013.6448
04463.0957 25.3750 25.1875 25.8750 27.24 26.32 1013.6448
04460.0581 25.3750 25.1875 25.8750 27.24 26.32 1013.6448
04439.3584 25.3750 25.1875 25.8750 27.24 26.33 1013.6259
04460.2456 25.3750 25.1875 25.8750 27.24 26.33 1013.6259
04460.7832 25.4375 25.1250 25.8750 27.24 26.33 1013.6259
04461.4331 25.4375 25.1250 25.8750 27.24 26.33 1013.6259
04461.7334 25.4375 25.1250 25.8750 27.24 26.33 1013.6259
04460.0210 25.4375 25.1250 25.8750 27.24 26.33 1013.6259
04439.4082 25.4375 25.1250 25.8750 27.24 26.33 1013.6259
04460.2583 25.4375 25.1250 25.8750 27.24 26.33 1013.6259
04460.0708 25.4375 25.1250 25.8750 27.24 26.33 1013.6259
04460.2832 25.4375 25.1250 25.8750 27.24 26.32 1013.6259
04460.0708 25.4375 25.1250 25.8750 27.24 26.32 1013.6259
04460.3081 25.3750 25.1250 25.8750 27.24 26.32 1013.6259
04461.2334 25.3750 25.1250 25.8750 27.24 26.32 1013.6259
04461.4834 25.3750 25.1250 25.8750 27.24 26.32 1013.6259
04460.5210 25.3750 25.1250 25.8750 27.24 26.32 1013.6259
04460.3081 25.3750 25.1250 25.8750 27.24 26.32 1013.6259
04460.3081 25.3750 25.1250 25.8750 27.24 26.32 1013.6259
04460.4956 25.3750 25.1250 25.8750 27.24 26.32 1013.6259
04460.2832 25.3750 25.1250 25.8750 27.24 26.32 1013.6259
04461.2085 25.3750 25.1250 25.8750 27.24 26.32 1013.6721
04461.2583 25.3750 25.1250 25.8750 27.24 26.32 1013.6721
04461.2085 25.3750 25.1250 25.8750 27.24 26.32 1013.6721
04439.6206 25.3750 25.1250 25.8750 27.24 26.32 1013.6721
04460.5210 25.3750 25.1250 25.8750 27.24 26.32 1013.6721
04460.0708 25.3750 25.1250 25.8750 27.24 26.32 1013.6721
04463.1582 25.3750 25.1250 25.8750 27.24 26.32 1013.6721
04460.0083 25.3750 25.1250 25.8750 27.24 26.32 1013.6721
04460.0581 25.3750 25.1250 25.8750 27.24 26.32 1013.6721
04460.2710 25.3750 25.1250 25.8750 27.24 26.32 1013.6721
04461.4458 25.3750 25.1250 25.8750 27.24 26.31 1013.6448
04461.2085 25.3750 25.1250 25.8750 27.24 26.31 1013.6448
04460.0332 25.3750 25.1250 25.8750 27.24 26.31 1013.6448
04462.8706 25.3750 25.1250 25.8750 27.24 26.31 1013.6448
04460.0210 25.3750 25.1250 25.8750 27.24 26.31 1013.6448
04439.1084 25.3750 25.1250 25.8750 27.24 26.31 1013.6448
04460.2832 25.3750 25.1250 25.8750 27.24 26.31 1013.6448
04461.2583 25.3750 25.1250 25.8750 27.24 26.31 1013.6448
04461.2085 25.3750 25.1250 25.8750 27.24 26.28 1013.6531
04460.9956 25.3750 25.1250 25.8750 27.24 26.28 1013.6531
04462.6206 25.3750 25.1250 25.8750 27.24 26.28 1013.6531
04439.3706 25.3750 25.1250 25.8750 27.24 26.28 1013.6531
04459.8335 25.3750 25.1250 25.8750 27.24 26.28 1013.6531
04460.4956 25.3750 25.1250 25.8750 27.24 26.28 1013.6531
04460.3081 25.3750 25.1250 25.8750 27.24 26.28 1013.6531
04460.5083 25.3750 25.1250 25.8750 27.24 26.28 1013.6531
04460.7207 25.4375 25.1250 25.8750 27.24 26.28 1013.6531
04461.6709 25.4375 25.1250 25.8750 27.24 26.28 1013.6531
04460.9707 25.4375 25.1250 25.8750 27.24 26.28 1013.6531
04460.0459 25.4375 25.1250 25.8750 27.23 26.32 1013.6367
04439.5957 25.4375 25.1250 25.8750 27.23 26.32 1013.6367
04460.0210 25.4375 25.1250 25.8750 27.23 26.32 1013.6367
04460.0083 25.4375 25.1250 25.8750 27.23 26.32 1013.6367
04439.3706 25.4375 25.1250 25.8750 27.23 26.32 1013.6367
04461.2583 25.3750 25.1875 25.8750 27.23 26.32 1013.6367
04460.9834 25.3750 25.1875 25.8750 27.23 26.32 1013.6367
04461.2583 25.3750 25.1875 25.8750 27.23 26.32 1013.6367
04460.0581 25.3750 25.1875 25.8750 27.23 26.32 1013.6367
04439.1709 25.3750 25.1875 25.8750 27.24 26.31 1013.5715
04460.7207 25.3750 25.1875 25.8750 27.24 26.31 1013.5715
04460.5459 25.3750 25.1875 25.8750 27.24 26.31 1013.5715
04439.8335 25.3750 25.1875 25.8750 27.24 26.31 1013.5715
04460.0708 25.3750 25.1875 25.8750 27.24 26.31 1013.5715
04460.2583 25.3750 25.1250 25.8750 27.24 26.31 1013.5715
04461.2085 25.3750 25.1250 25.8750 27.24 26.31 1013.5715
04461.2456 25.3750 25.1250 25.8750 27.24 26.31 1013.5715
04439.5957 25.3750 25.1250 25.8750 27.24 26.31 1013.5715
04439.3584 25.3750 25.1250 25.8750 27.24 26.32 1013.6721
04439.3584 25.3750 25.1250 25.8750 27.24 26.32 1013.6721
#terjedesi                                       nyomas  ##
#ido(usec)  T1(C)   T2(C)   T3(C)  T4(C) para(%)  (hPa)
04439.1460 25.3750 25.1250 25.8750 27.24 26.32 1013.6721
04460.0581 25.3750 25.1250 25.8750 27.24 26.32 1013.6721
04460.4956 25.3750 25.1250 25.8750 27.24 26.32 1013.6721
04461.4956 25.3750 25.1250 25.8750 27.24 26.32 1013.6721
04461.4585 25.3750 25.1250 25.8750 27.24 26.32 1013.6721
04439.4082 25.3750 25.1250 25.8750 27.24 26.32 1013.6721
04439.4082 25.3750 25.1250 25.8750 27.24 26.32 1013.6721
04460.3081 25.3750 25.1250 25.8750 27.24 26.32 1013.6721
04460.3081 25.3750 25.1250 25.8750 27.24 26.33 1013.6448
04460.2959 25.3750 25.1250 25.8750 27.24 26.33 1013.6448
04460.3081 25.3750 25.1250 25.8750 27.24 26.33 1013.6448
04461.2583 25.3750 25.1875 25.8125 27.24 26.33 1013.6448
04461.4458 25.3750 25.1875 25.8125 27.24 26.33 1013.6448
04461.7334 25.3750 25.1875 25.8125 27.24 26.33 1013.6448
04460.7334 25.3750 25.1875 25.8125 27.24 26.33 1013.6448
04460.7207 25.3750 25.1875 25.8125 27.24 26.33 1013.6448
04460.4956 25.3750 25.1875 25.8125 27.24 26.33 1013.6448
04460.4956 25.3750 25.1875 25.8125 27.24 26.35 1013.6992
04439.8335 25.3750 25.1875 25.8125 27.24 26.35 1013.6992
04460.3081 25.3750 25.1875 25.8750 27.24 26.35 1013.6992
04461.4956 25.3750 25.1250 25.8750 27.24 26.35 1013.6992
04461.6958 25.3750 25.1250 25.8750 27.24 26.35 1013.6992
04461.4707 25.3750 25.1250 25.8750 27.24 26.35 1013.6992
04460.2959 25.3750 25.1250 25.8750 27.24 26.35 1013.6992
04460.3081 25.3750 25.1250 25.8750 27.24 26.35 1013.6992
04460.5459 25.3750 25.1250 25.8750 27.24 26.35 1013.6992
04439.5835 25.3750 25.1250 25.8750 27.24 26.35 1013.6992
04439.1206 25.3750 25.1250 25.8750 27.24 26.35 1013.6448
04439.3833 25.3750 25.1250 25.8750 27.24 26.35 1013.6448
04461.4956 25.4375 25.1250 25.8750 27.24 26.35 1013.6448
04460.7334 25.4375 25.1250 25.8750 27.24 26.35 1013.6448
04439.5957 25.4375 25.1250 25.8750 27.24 26.35 1013.6448
04460.5332 25.4375 25.1250 25.8750 27.24 26.35 1013.6448
04460.4956 25.4375 25.1250 25.8750 27.24 26.35 1013.6448
04460.5459 25.4375 25.1250 25.8750 27.24 26.35 1013.6448
04460.3081 25.4375 25.1250 25.8750 27.24 26.35 1013.6448
04439.1709 25.4375 25.1250 25.8750 27.24 26.36 1013.6177
04461.1958 25.3750 25.1250 25.8750 27.24 26.36 1013.6177
04461.4331 25.3750 25.1250 25.8750 27.24 26.36 1013.6177
04461.2583 25.3750 25.1250 25.8750 27.24 26.36 1013.6177
04460.0708 25.3750 25.1250 25.8750 27.24 26.36 1013.6177
04439.4082 25.3750 25.1250 25.8750 27.24 26.36 1013.6177
04460.7710 25.3750 25.1250 25.8750 27.24 26.36 1013.6177
04460.0459 25.3750 25.1250 25.8750 27.24 26.36 1013.6177
04460.4956 25.3750 25.1250 25.8750 27.24 26.36 1013.6177
04460.3081 25.3750 25.1250 25.8750 27.23 26.35 1013.6285
04461.2583 25.4375 25.1250 25.8750 27.23 26.35 1013.6285
04461.0210