#terjedesi                                       nyomas  ##
#ido(usec)  T1(C)   T2(C)   T3(C)  T4(C) para(%)  (hPa)
04433.6582 25.2500 25.1875 25.5000 26.25 26.71 1012.8923
04433.2334 25.2500 25.1875 25.5000 26.25 26.71 1012.8923
04433.4707 25.2500 25.1875 25.5000 26.25 26.71 1012.8923
04412.5708 25.2500 25.1875 25.5000 26.25 26.71 1012.8923
04433.4082 25.2500 25.1250 25.5000 26.25 26.71 1012.8923
04434.6084 25.2500 25.1250 25.5000 26.25 26.71 1012.8923
04434.6206 25.2500 25.1250 25.5000 26.25 26.71 1012.8923
04433.4707 25.2500 25.1250 25.5000 26.25 26.71 1012.8923
04433.6831 25.2500 25.1250 25.5000 26.24 26.71 1012.8571
04433.7085 25.2500 25.1250 25.5000 26.24 26.71 1012.8571
04433.9458 25.2500 25.1250 25.5000 26.24 26.71 1012.8571
04433.7085 25.2500 25.1250 25.5000 26.24 26.71 1012.8571
04434.8706 25.2500 25.1875 25.5000 26.24 26.71 1012.8571
04434.4082 25.2500 25.1875 25.5000 26.24 26.71 1012.8571
04434.5957 25.2500 25.1875 25.5000 26.24 26.71 1012.8571
04412.5708 25.2500 25.1875 25.5000 26.24 26.71 1012.8571
04412.5708 25.2500 25.1875 25.5000 26.25 26.70 1012.8381
04433.4082 25.2500 25.1875 25.5000 26.25 26.70 1012.8381
04433.6460 25.2500 25.1875 25.5000 26.25 26.70 1012.8381
04433.8960 25.2500 25.1875 25.5000 26.25 26.70 1012.8381
04412.5581 25.2500 25.1875 25.5000 26.25 26.70 1012.8381
04433.6460 25.2500 25.1875 25.4375 26.25 26.70 1012.8381
04434.8457 25.2500 25.1875 25.4375 26.25 26.70 1012.8381
04434.1831 25.2500 25.1875 25.4375 26.25 26.70 1012.8381
04412.5708 25.2500 25.1875 25.4375 26.25 26.70 1012.8381
04412.7959 25.2500 25.1875 25.4375 26.25 26.70 1012.8381
04433.4585 25.2500 25.1875 25.4375 26.26 26.72 1012.8816
04433.6582 25.2500 25.1875 25.4375 26.26 26.72 1012.8816
04433.4331 25.2500 25.1875 25.4375 26.26 26.72 1012.8816
04434.1582 25.1875 25.1875 25.5000 26.26 26.72 1012.8816
04434.4209 25.1875 25.1875 25.5000 26.26 26.72 1012.8816
04434.8584 25.1875 25.1875 25.5000 26.26 26.72 1012.8816
04412.8081 25.1875 25.1875 25.5000 26.26 26.72 1012.8816
04433.6460 25.1875 25.1875 25.5000 26.26 26.72 1012.8816
04433.2334 25.1875 25.1875 25.5000 26.26 26.72 1012.8816
04433.2334 25.1875 25.1875 25.5000 26.26 26.72 1012.8816
04412.5708 25.1875 25.1875 25.5000 26.25 26.71 1012.9196
04433.6582 25.1875 25.1875 25.5000 26.25 26.71 1012.9196
04412.7710 25.2500 25.1875 25.4375 26.25 26.71 1012.9196
04434.4209 25.2500 25.1875 25.4375 26.25 26.71 1012.9196
04434.8457 25.2500 25.1875 25.4375 26.25 26.71 1012.9196
04412.5708 25.2500 25.1875 25.4375 26.25 26.71 1012.9196
04412.5083 25.2500 25.1875 25.4375 26.25 26.71 1012.9196
04433.4585 25.2500 25.1875 25.4375 26.25 26.71 1012.9196
04412.8081 25.2500 25.1875 25.4375 26.25 26.71 1012.9196
04412.5581 25.2500 25.1875 25.4375 26.24 26.71 1012.9384
04434.3833 25.2500 25.1875 25.4375 26.24 26.71 1012.9384
04434.6582 25.2500 25.1875 25.4375 26.24 26.71 1012.9384
04434.4209 25.2500 25.1875 25.4375 26.24 26.71 1012.9384
04412.7959 25.2500 25.1875 25.4375 26.24 26.71 1012.9384
04433.4707 25.2500 25.1875 25.4375 26.24 26.71 1012.9384
04433.6958 25.2500 25.1875 25.4375 26.24 26.71 1012.9384
04433.6582 25.2500 25.1875 25.4375 26.24 26.71 1012.9384
04433.7085 25.2500 25.1875 25.4375 26.24 26.71 1012.9384
04412.7959 25.2500 25.1875 25.4375 26.24 26.71 1012.9384
04433.6582 25.2500 25.1875 25.4375 26.24 26.70 1012.9031
04434.3706 25.2500 25.1875 25.4375 26.24 26.70 1012.9031
04435.0957 25.2500 25.1875 25.4375 26.24 26.70 1012.9031
04433.4707 25.2500 25.1875 25.4375 26.24 26.70 1012.9031
04433.1958 25.2500 25.1875 25.4375 26.24 26.70 1012.9031
04412.5210 25.2500 25.1875 25.4375 26.24 26.70 1012.9031
04436.0332 25.2500 25.1875 25.4375 26.24 26.70 1012.9031
04433.7085 25.2500 25.1875 25.4375 26.24 26.70 1012.9031
04433.7085 25.2500 25.1875 25.5000 26.24 26.70 1012.9031
04434.8584 25.2500 25.1875 25.5000 26.24 26.70 1012.9031
04434.4209 25.2500 25.1875 25.5000 26.24 26.70 1012.9031
04412.5083 25.2500 25.1875 25.5000 26.24 26.70 1012.9031
04413.0332 25.2500 25.1875 25.5000 26.24 26.70 1012.9031
04433.4707 25.2500 25.1875 25.5000 26.24 26.70 1012.9031
04412.5210 25.2500 25.1875 25.5000 26.24 26.70 1012.9031
04433.6831 25.2500 25.1875 25.5000 26.24 26.70 1012.9031
04412.7583 25.2500 25.1875 25.5000 26.24 26.70 1012.9031
04434.3706 25.2500 25.1875 25.4375 26.24 26.70 1012.9031
#terjedesi                                       nyomas  ##
#ido(usec)  T1(C)   T2(C)   T3(C)  T4(C) para(%)  (hPa)
04434.3706 25.2500 25.1875 25.4375 26.24 26.70 1012.9031
04434.4209 25.2500 25.1875 25.4375 26.25 26.71 1012.8923
04412.8081 25.2500 25.1875 25.4375 26.25 26.71 1012.8923
04412.5459 25.2500 25.1875 25.4375 26.25 26.71 1012.8923
04412.7959 25.2500 25.1875 25.4375 26.25 26.71 1012.8923
04412.8081 25.2500 25.1875 25.4375 26.25 26.71 1012.8923
04433.6460 25.2500 25.1875 25.4375 26.25 26.71 1012.8923
04433.4707 25.2500 25.1875 25.4375 26.25 26.71 1012.8923
04434.3706 25.2500 25.1875 25.4375 26.25 26.71 1012.8923
04434.3833 25.2500 25.1875 25.4375 26.25 26.71 1012.8923
04434.5957 25.2500 25.1875 25.4375 26.23 26.70 1012.8325
04433.7085 25.2500 25.1875 25.4375 26.23 26.70 1012.8325
04412.5708 25.2500 25.1875 25.4375 26.23 26.70 1012.8325
04412.9834 25.2500 25.1875 25.4375 26.23 26.70 1012.8325
04412.8081 25.2500 25.1875 25.4375 26.23 26.70 1012.8325
04412.7583 25.2500 25.1875 25.4375 26.23 26.70 1012.8325
04433.6582 25.2500 25.1875 25.4375 26.23 26.70 1012.8325
04434.5957 25.2500 25.1875 25.4375 26.23 26.70 1012.8325
04434.6460 25.2500 25.1875 25.4375 26.23 26.70 1012.8325
04412.5708 25.2500 25.1875 25.4375 26.23 26.70 1012.8950
04412.7583 25.2500 25.1875 25.4375 26.23 26.70 1012.8950
04436.0210 25.2500 25.1875 25.4375 26.23 26.70 1012.8950
04412.5210 25.2500 25.1875 25.4375 26.23 26.70 1012.8950
04412.7583 25.2500 25.1875 25.4375 26.23 26.70 1012.8950
04412.8081 25.2500 25.1875 25.4375 26.23 26.70 1012.8950
04434.3706 25.2500 25.1875 25.4375 26.23 26.70 1012.8950
04434.1831 25.2500 25.1875 25.4375 26.23 26.70 1012.8950
04434.6582 25.2500 25.1875 25.4375 26.23 26.70 1012.8950
04433.4082 25.2500 25.1875 25.4375 26.23 26.70 1012.8950
04412.9834 25.2500 25.1875 25.4375 26.23 26.69 1012.8868
04436.3208 25.2500 25.1875 25.4375 26.23 26.69 1012.8868
04433.8960 25.2500 25.1875 25.4375 26.23 26.69 1012.8868
04433.8960 25.2500 25.1875 25.4375 26.23 26.69 1012.8868
04433.7085 25.2500 25.1875 25.4375 26.23 26.69 1012.8868
04434.6333 25.2500 25.1875 25.4375 26.23 26.69 1012.8868
04435.1084 25.2500 25.1875 25.4375 26.23 26.69 1012.8868
04412.7583 25.2500 25.1875 25.4375 26.23 26.69 1012.8868
04412.7832 25.2500 25.1875 25.4375 26.23 26.69 1012.8868
04412.5083 25.2500 25.1875 25.4375 26.23 26.67 1012.8678
04436.3208 25.2500 25.1875 25.4375 26.23 26.67 1012.8678
04433.4209 25.2500 25.1875 25.4375 26.23 26.67 1012.8678
04412.8081 25.2500 25.1875 25.4375 26.23 26.67 1012.8678
04434.4209 25.2500 25.1875 25.4375 26.23 26.67 1012.8678
04434.6206 25.2500 25.1875 25.4375 26.23 26.67 1012.8678
04434.4209 25.2500 25.1875 25.4375 26.23 26.67 1012.8678
04412.5708 25.2500 25.1875 25.4375 26.23 26.67 1012.8678
04436.0210 25.2500 25.1875 25.4375 26.23 26.67 1012.8678
04412.3335 25.2500 25.1875 25.4375 26.23 26.67 1012.8678
04412.7583 25.2500 25.1875 25.4375 26.23 26.68 1012.8325
04436.2959 25.2500 25.1875 25.4375 26.23 26.68 1012.8325
04433.6582 25.2500 25.1875 25.4375 26.23 26.68 1012.8325
04434.6460 25.2500 25.1875 25.4375 26.23 26.68 1012.8325
04434.6582 25.2500 25.1875 25.4375 26.23 26.68 1012.8325
04412.7583 25.2500 25.1875 25.4375 26.23 26.68 1012.8325
04412.5708 25.2500 25.1875 25.4375 26.23 26.68 1012.8325
04412.5459 25.2500 25.1875 25.4375 26.23 26.68 1012.8325
04436.3208 25.2500 25.1875 25.4375 26.23 26.68 1012.8325
04433.4707 25.2500 25.1875 25.4375 26.23 26.66 1012.8950
04436.2583 25.2500 25.1875 25.4375 26.23 26.66 1012.8950
04436.2583 25.1875 25.1875 25.4375 26.23 26.66 1012.8950
04434.3706 25.1875 25.1875 25.4375 26.23 26.66 1012.8950
04434.4209 25.1875 25.1875 25.4375 26.23 26.66 1012.8950
04433.6709 25.1875 25.1875 25.4375 26.23 26.66 1012.8950
04412.7583 25.1875 25.1875 25.4375 26.23 26.66 1012.8950
04433.6460 25.1875 25.1875 25.4375 26.23 26.66 1012.8950
04436.3208 25.1875 25.1875 25.4375 26.23 26.66 1012.8950
04412.7959 25.1875 25.1875 25.4375 26.23 26.66 1012.8950
04434.5957 25.1875 25.1875 25.4375 26.23 26.68 1012.8597
04434.4209 25.1875 25.1875 25.4375 26.23 26.68 1012.8597
04434.6582 25.1875 25.1875 25.4375 26.23 26.68 1012.8597
04412.9834 25.1875 25.1875 25.4375 26.23 26.68 1012.8597
04412.9834 25.1875 25.1875 25.4375 26.23 26.68 1012.8597
04412.7583 25.1875 25.1875 25.4375 26.23 26.68 1012.8597
#terjedesi                                       nyomas  ##
#ido(usec)  T1(C)   T2(C)   T3(C)  T4(C) para(%)  (hPa)
04433.7085 25.1875 25.1875 25.4375 26.23 26.68 1012.8597
04433.6958 25.1875 25.1875 25.4375 26.23 26.68 1012.8597
04436.3208 25.1875 25.1875 25.4375 26.23 26.68 1012.8597
04433.4082 25.2500 25.1875 25.4375 26.23 26.58 1012.8868
04434.1831 25.2500 25.1875 25.4375 26.23 26.58 1012.8868
04434.3960 25.2500 25.1875 25.4375 26.23 26.58 1012.8868
04436.0332 25.2500 25.1875 25.4375 26.23 26.58 1012.8868
04412.5459 25.2500 25.1875 25.4375 26.23 26.58 1012.8868
04433.4458 25.2500 25.1875 25.4375 26.23 26.58 1012.8868
04433.7085 25.2500 25.1875 25.4375 26.23 26.58 1012.8868
04413.0083 25.2500 25.1875 25.4375 26.23 26.58 1012.8868
04434.6460 25.2500 25.1875 25.4375 26.23 26.58 1012.8868
04434.8335 25.2500 25.1875 25.4375 26.23 26.67 1012.9410
04434.6582 25.2500 25.1875 25.4375 26.23 26.67 1012.9410
04412.9834 25.2500 25.1875 25.4375 26.23 26.67 1012.9410
04412.9956 25.2500 25.1875 25.4375 26.23 26.67 1012.9410
04433.6831 25.2500 25.1875 25.4375 26.23 26.67 1012.9410
04433.9331 25.2500 25.1875 25.4375 26.23 26.67 1012.9410
04433.6958 25.2500 25.1875 25.4375 26.23 26.67 1012.9410
04412.7456 25.2500 25.1875 25.4375 26.23 26.67 1012.9410
04433.6582 25.2500 25.1875 25.4375 26.23 26.67 1012.9410
04434.6084 25.2500 25.1875 25.4375 26.23 26.67 1012.9410
04434.8335 25.2500 25.1875 25.4375 26.21 26.66 1012.9162
04412.9956 25.2500 25.1875 25.4375 26.21 26.66 1012.9162
04413.0459 25.2500 25.1875 25.4375 26.21 26.66 1012.9162
04433.4082 25.2500 25.1875 25.4375 26.21 26.66 1012.9162
04436.3208 25.2500 25.1875 25.4375 26.21 26.66 1012.9162
04436.0459 25.2500 25.1875 25.4375 26.21 26.66 1012.9162
04434.8457 25.1875 25.1875 25.4375 26.21 26.66 1012.9162
04435.0835 25.1875 25.1875 25.4375 26.21 26.66 1012.9162
04435.1333 25.1875 25.1875 25.4375 26.21 26.66 1012.9162
04412.7583 25.1875 25.1875 25.4375 26.21 26.66 1012.9162
04433.9458 25.1875 25.1875 25.4375 26.23 26.97 1012.8868
04436.0332 25.1875 25.1875 25.4375 26.23 26.97 1012.8868
04412.5581 25.1875 25.1875 25.4375 26.23 26.97 1012.8868
04436.2583 25.1875 25.1875 25.4375 26.23 26.97 1012.8868
04412.8081 25.1875 25.1875 25.4375 26.23 26.97 1012.8868
04436.3208 25.2500 25.1875 25.4375 26.23 26.97 1012.8868
04434.6084 25.2500 25.1875 25.4375 26.23 26.97 1012.8868
04434.3960 25.2500 25.1875 25.4375 26.23 26.97 1012.8868
04436.5581 25.2500 25.1875 25.4375 26.23 26.97 1012.8868
04433.8833 25.2500 25.1875 25.4375 26.23 26.67 1012.9139
04412.7583 25.2500 25.1875 25.4375 26.23 26.67 1012.9139
04433.6460 25.2500 25.1875 25.4375 26.23 26.67 1012.9139
04436.5332 25.2500 25.1875 25.4375 26.23 26.67 1012.9139
04412.9834 25.2500 25.1875 25.4375 26.23 26.67 1012.9139
04434.6084 25.2500 25.1875 25.4375 26.23 26.67 1012.9139
04434.6582 25.2500 25.1875 25.4375 26.23 26.67 1012.9139
04433.7085 25.2500 25.1875 25.4375 26.23 26.67 1012.9139
04433.8833 25.2500 25.1875 25.4375 26.23 26.67 1012.9139
04436.2710 25.2500 25.1875 25.4375 26.23 26.67 1012.9139
04436.3208 25.2500 25.1875 25.4375 26.21 26.67 1013.0165
04413.0459 25.2500 25.1875 25.4375 26.21 26.67 1013.0165
04413.2334 25.2500 25.1875 25.4375 26.21 26.67 1013.0165
04434.5957 25.2500 25.1875 25.4375 26.21 26.67 1013.0165
04434.4082 25.2500 25.1875 25.4375 26.21 26.67 1013.0165
04434.8457 25.2500 25.1875 25.4375 26.21 26.67 1013.0165
04412.7583 25.2500 25.1875 25.4375 26.21 26.67 1013.0165
04413.0332 25.2500 25.1875 25.4375 26.21 26.67 1013.0165
04436.0332 25.2500 25.1875 25.4375 26.21 26.67 1013.0165
04412.7583 25.2500 25.1875 25.4375 26.21 26.66 1012.9080
04412.7959 25.2500 25.1875 25.4375 26.21 26.66 1012.9080
04433.6958 25.2500 25.1875 25.4375 26.21 26.66 1012.9080
04434.8335 25.1875 25.1875 25.4375 26.21 26.66 1012.9080
04434.8960 25.1875 25.1875 25.4375 26.21 26.66 1012.9080
04434.8960 25.1875 25.1875 25.4375 26.21 26.66 1012.9080
04413.0210 25.1875 25.1875 25.4375 26.21 26.66 1012.9080
04413.0459 25.1875 25.1875 25.4375 26.21 26.66 1012.9080
04436.3208 25.1875 25.1875 25.4375 26.21 26.66 1012.9080
04436.2710 25.1875 25.1875 25.4375 26.21 26.66 1012.9080
04436.2710 25.1875 25.1875 25.4375 26.21 26.66 1012.8619
04413.2334 25.1875 25.1875 25.4375 26.21 26.66 1012.8619
04434.3584 25.2500 25.1875 25.3750 26.21 26.66 1012.8619
#terjedesi                                       nyomas  ##
#ido(usec)  T1(C)   T2(C)   T3(C)  T4(C) para(%)  (hPa)
04434.6206 25.2500 25.1875 25.3750 26.21 26.66 1012.8619
04436.2959 25.2500 25.1875 25.3750 26.21 26.66 1012.8619
04436.5581 25.2500 25.1875 25.3750 26.21 26.66 1012.8619
04413.0459 25.2500 25.1875 25.3750 26.21 26.66 1012.8619
04436.5210 25.2500 25.1875 25.3750 26.21 26.66 1012.8619
04413.0459 25.2500 25.1875 25.3750 26.21 26.66 1012.8619
04436.5083 25.2500 25.1875 25.3750 26.22 26.66 1012.9244
04434.6333 25.2500 25.1875 25.4375 26.22 26.66 1012.9244
04434.3706 25.2500 25.1875 25.4375 26.22 26.66 1012.9244
04434.8960 25.2500 25.1875 25.4375 26.22 26.66 1012.9244
04412.9834 25.2500 25.1875 25.4375 26.22 26.66 1012.9244
04433.9209 25.2500 25.1875 25.4375 26.22 26.66 1012.9244
04412.9956 25.2500 25.1875 25.4375 26.22 26.66 1012.9244
04433.9209 25.2500 25.1875 25.4375 26.22 26.66 1012.9244
04413.2207 25.2500 25.1875 25.4375 26.22 26.66 1012.9244
04433.6709 25.2500 25.1875 25.3750 26.21 26.66 1012.8890
04434.8335 25.1875 25.1875 25.3750 26.21 26.66 1012.8890
04434.4082 25.1875 25.1875 25.3750 26.21 26.66 1012.8890
04436.5581 25.1875 25.1875 25.3750 26.21 26.66 1012.8890
04412.7583 25.1875 25.1875 25.3750 26.21 26.66 1012.8890
04412.8081 25.1875 25.1875 25.3750 26.21 26.66 1012.8890
04436.5459 25.1875 25.1875 25.3750 26.21 26.66 1012.8890
04413.2334 25.1875 25.1875 25.3750 26.21 26.66 1012.8890
04413.0083 25.1875 25.1875 25.3750 26.21 26.66 1012.8890
04434.8335 25.2500 25.1875 25.3750 26.21 26.66 1012.8890
04434.8457 25.2500 25.1875 25.3750 26.21 26.65 1012.8809
04435.3081 25.2500 25.1875 25.3750 26.21 26.65 1012.8809
04413.2583 25.2500 25.1875 25.3750 26.21 26.65 1012.8809
04412.7583 25.2500 25.1875 25.3750 26.21 26.65 1012.8809
04436.5459 25.2500 25.1875 25.3750 26.21 26.65 1012.8809
04436.5083 25.2500 25.1875 25.3750 26.21 26.65 1012.8809
04436.5083 25.2500 25.1875 25.3750 26.21 26.65 1012.8809
04434.3706 25.1875 25.1875 25.4375 26.21 26.65 1012.8809
04435.0835 25.1875 25.1875 25.4375 26.21 26.65 1012.8809
04434.6333 25.1875 25.1875 25.4375 26.19 26.65 1012.8021
04434.1709 25.1875 25.1875 25.4375 26.19 26.65 1012.8021
04434.1831 25.1875 25.1875 25.4375 26.19 26.65 1012.8021
04412.9834 25.1875 25.1875 25.4375 26.19 26.65 1012.8021
04412.7456 25.1875 25.1875 25.4375 26.19 26.65 1012.8021
04434.3584 25.1875 25.1875 25.4375 26.19 26.65 1012.8021
04413.2583 25.1875 25.1875 25.4375 26.19 26.65 1012.8021
04436.7832 25.2500 25.1875 25.3750 26.19 26.65 1012.8021
04434.8960 25.2500 25.1875 25.3750 26.19 26.65 1012.8021
04434.8960 25.2500 25.1875 25.3750 26.19 26.65 1012.8021
04433.9458 25.2500 25.1875 25.3750 26.21 26.66 1012.9080
04436.5581 25.2500 25.1875 25.3750 26.21 26.66 1012.9080
04413.2207 25.2500 25.1875 25.3750 26.21 26.66 1012.9080
04436.7959 25.2500 25.1875 25.3750 26.21 26.66 1012.9080
04436.5581 25.2500 25.1875 25.3750 26.21 26.66 1012.9080
04434.6084 25.2500 25.1875 25.3750 26.21 26.66 1012.9080
04435.0835 25.2500 25.1875 25.3750 26.21 26.66 1012.9080
04435.1206 25.2500 25.1875 25.3750 26.21 26.66 1012.9080
04436.5083 25.2500 25.1875 25.3750 26.21 26.66 1012.9080
04436.5581 25.2500 25.1875 25.3750 26.21 26.66 1012.8809
04436.7710 25.2500 25.1875 25.3750 26.21 26.66 1012.8809
04436.3208 25.2500 25.1875 25.3750 26.21 26.66 1012.8809
04436.0835 25.2500 25.1875 25.3750 26.21 26.66 1012.8809
04436.5581 25.2500 25.1875 25.3750 26.21 26.66 1012.8809
04436.7959 25.2500 25.1875 25.3750 26.21 26.66 1012.8809
04434.6333 25.2500 25.1875 25.3750 26.21 26.66 1012.8809
04434.8457 25.2500 25.1875 25.3750 26.21 26.66 1012.8809
04436.7959 25.2500 25.1875 25.3750 26.21 26.66 1012.8809
04433.7085 25.2500 25.1875 25.3750 26.21 26.66 1012.8809
04413.0459 25.2500 25.1875 25.3750 26.22 26.67 1012.8701
04436.5581 25.2500 25.1875 25.3750 26.22 26.67 1012.8701
04433.8960 25.2500 25.1875 25.3750 26.22 26.67 1012.8701
04434.6460 25.2500 25.1875 25.3750 26.22 26.67 1012.8701
04434.6084 25.2500 25.1875 25.3750 26.22 26.67 1012.8701
04434.8960 25.2500 25.1875 25.3750 26.22 26.67 1012.8701
04436.5459 25.2500 25.1875 25.3750 26.22 26.67 1012.8701
04413.2832 25.2500 25.1875 25.3750 26.22 26.67 1012.8701
04433.8960 25.2500 25.1875 25.3750 26.22 26.67 1012.8701
04436.5459 25.2500 25.1875 25.3750 26.20 26.67 1012.8917
#terjedesi                                       nyomas  ##
#ido(usec)  T1(C)   T2(C)   T3(C)  T4(C) para(%)  (hPa)
04436.7456 25.2500 25.1875 25.3750 26.20 26.67 1012.8917
04406.5835 25.2500 25.1875 25.3750 26.20 26.67 1012.8917
04413.2456 25.2500 25.1875 25.3750 26.20 26.67 1012.8917
04434.5957 25.2500 25.1875 25.3750 26.20 26.67 1012.8917
04435.0708 25.2500 25.1875 25.3750 26.20 26.67 1012.8917
04436.7832 25.2500 25.1875 25.3750 26.20 26.67 1012.8917
04436.7959 25.2500 25.1875 25.3750 26.20 26.67 1012.8917
04412.9956 25.2500 25.1875 25.3750 26.20 26.67 1012.8917
04436.7456 25.2500 25.1875 25.3750 26.21 26.66 1012.8538
04436.7832 25.2500 25.1875 25.3750 26.21 26.66 1012.8538
04434.8833 25.1875 25.1875 25.3750 26.21 26.66 1012.8538
04434.6333 25.1875 25.1875 25.3750 26.21 26.66 1012.8538
04434.6582 25.1875 25.1875 25.3750 26.21 26.66 1012.8538
04436.0581 25.1875 25.1875 25.3750 26.21 26.66 1012.8538
04436.5459 25.1875 25.1875 25.3750 26.21 26.66 1012.8538
04413.0459 25.1875 25.1875 25.3750 26.21 26.66 1012.8538
04436.5581 25.1875 25.1875 25.3750 26.21 26.66 1012.8538
04436.2710 25.1875 25.1875 25.3750 26.21 26.66 1012.8538
04436.0835 25.1875 25.1875 25.3750 26.21 26.66 1012.8538
04412.7456 25.2500 25.1875 25.3750 26.21 26.67 1012.9080
04434.4209 25.2500 25.1875 25.3750 26.21 26.67 1012.9080
04434.8706 25.2500 25.1875 25.3750 26.21 26.67 1012.9080
04413.2334 25.2500 25.1875 25.3750 26.21 26.67 1012.9080
04413.2583 25.2500 25.1875 25.3750 26.21 26.67 1012.9080
04412.9956 25.2500 25.1875 25.3750 26.21 26.67 1012.9080
04412.9834 25.2500 25.1875 25.3750 26.21 26.67 1012.9080
04436.7710 25.2500 25.1875 25.3750 26.21 26.67 1012.9080
04434.1460 25.2500 25.1875 25.3750 26.20 26.68 1012.8998
04434.6084 25.2500 25.1875 25.3750 26.20 26.68 1012.8998
04435.0835 25.2500 25.1875 25.3750 26.20 26.68 1012.8998
04413.0459 25.2500 25.1875 25.3750 26.20 26.68 1012.8998
04436.7456 25.2500 25.1875 25.3750 26.20 26.68 1012.8998
04412.8081 25.2500 25.1875 25.3750 26.20 26.68 1012.8998
04436.9707 25.2500 25.1875 25.3750 26.20 26.68 1012.8998
04413.2710 25.2500 25.1875 25.3750 26.20 26.68 1012.8998
04436.7456 25.2500 25.1875 25.3750 26.20 26.68 1012.8998
04434.8833 25.2500 25.1875 25.3750 26.20 26.68 1012.8998
04434.4082 25.2500 25.1875 25.3750 26.20 26.68 1012.9188
04435.0835 25.2500 25.1875 25.3750 26.20 26.68 1012.9188
04436.5581 25.2500 25.1875 25.3750 26.20 26.68 1012.9188
04436.7959 25.2500 25.1875 25.3750 26.20 26.68 1012.9188
04412.9956 25.2500 25.1875 25.3750 26.20 26.68 1012.9188
04413.2334 25.2500 25.1875 25.3750 26.20 26.68 1012.9188
04437.0332 25.2500 25.1875 25.3750 26.20 26.68 1012.9188
04413.2456 25.2500 25.1875 25.3125 26.20 26.68 1012.9188
04434.6582 25.1875 25.1250 25.3125 26.20 26.68 1012.9188
04434.3833 25.1875 25.1250 25.3125 26.20 26.68 1012.9188
04434.8457 25.1875 25.1250 25.3125 26.20 26.69 1012.8998
04436.5459 25.1875 25.1250 25.3125 26.20 26.69 1012.8998
04413.0459 25.1875 25.1250 25.3125 26.20 26.69 1012.8998
04413.0459 25.1875 25.1250 25.3125 26.20 26.69 1012.8998
04413.0210 25.1875 25.1250 25.3125 26.20 26.69 1012.8998
04413.2207 25.1875 25.1250 25.3125 26.20 26.69 1012.8998
04413.2583 25.1875 25.1250 25.3125 26.20 26.69 1012.8998
04434.8457 25.1875 25.1875 25.3750 26.20 26.69 1012.8998
04434.4209 25.1875 25.1875 25.3750 26.20 26.69 1012.8998
04436.0210 25.1875 25.1875 25.3750 26.20 26.70 1012.8917
04436.7959 25.1875 25.1875 25.3750 26.20 26.70 1012.8917
04412.9834 25.1875 25.1875 25.3750 26.20 26.70 1012.8917
04436.7456 25.1875 25.1875 25.3750 26.20 26.70 1012.8917
04436.7832 25.1875 25.1875 25.3750 26.20 26.70 1012.8917
04412.9956 25.1875 25.1875 25.3750 26.20 26.70 1012.8917
04434.8584 25.2500 25.1250 25.3750 26.20 26.70 1012.8917
04435.0957 25.2500 25.1250 25.3750 26.20 26.70 1012.8917
04434.8457 25.2500 25.1250 25.3750 26.20 26.70 1012.8917
04436.5083 25.2500 25.1250 25.3750 26.20 26.70 1012.8917
04436.5332 25.2500 25.1250 25.3750 26.19 26.68 1012.8292
04413.0332 25.2500 25.1250 25.3750 26.19 26.68 1012.8292
04413.2832 25.2500 25.1250 25.3750 26.19 26.68 1012.8292
04436.7456 25.2500 25.1250 25.3750 26.19 26.68 1012.8292
04412.7710 25.2500 25.1250 25.4375 26.19 26.68 1012.8292
04434.8457 25.2500 25.1875 25.4375 26.19 26.68 1012.8292
04435.0708 25.2500 25.1875 25.4375 26.19 26.68 1012.8292
#terjedesi                                       nyomas  ##
#ido(usec)  T1(C)   T2(C)   T3(C)  T4(C) para(%)  (hPa)
04436.5459 25.2500 25.1875 25.4375 26.19 26.68 1012.8292
04436.5581 25.2500 25.1875 25.4375 26.19 26.68 1012.8292
04436.0835 25.2500 25.1875 25.4375 26.19 26.68 1012.8753
04436.4956 25.2500 25.1875 25.4375 26.19 26.68 1012.8753
04436.2710 25.2500 25.1875 25.4375 26.19 26.68 1012.8753
04436.4956 25.2500 25.1875 25.4375 26.19 26.68 1012.8753
04434.4209 25.1875 25.1875 25.4375 26.19 26.68 1012.8753
04434.3584 25.1875 25.1875 25.4375 26.19 26.68 1012.8753
04434.8457 25.1875 25.1875 25.4375 26.19 26.68 1012.8753
04436.2832 25.1875 25.1875 25.4375 26.19 26.68 1012.8753
04436.5459 25.1875 25.1875 25.4375 26.19 26.68 1012.8753
04436.5459 25.1875 25.1875 25.4375 26.19 26.68 1012.8753
04436.5332 25.1875 25.1875 25.4375 26.19 26.68 1012.8563
04436.0835 25.1875 25.1875 25.4375 26.19 26.68 1012.8563
04433.9209 25.2500 25.1875 25.5000 26.19 26.68 1012.8563
04434.5957 25.2500 25.1875 25.5000 26.19 26.68 1012.8563
04434.1333 25.2500 25.1875 25.5000 26.19 26.68 1012.8563
04436.2583 25.2500 25.1875 25.5000 26.19 26.68 1012.8563
04436.3208 25.2500 25.1875 25.5000 26.19 26.68 1012.8563
04436.5581 25.2500 25.1875 25.5000 26.19 26.68 1012.8563
04436.5210 25.2500 25.1875 25.5000 26.19 26.68 1012.8563
04436.7959 25.2500 25.1875 25.5000 26.20 26.68 1012.8374
04436.3208 25.2500 25.1875 25.5000 26.20 26.68 1012.8374
04436.7959 25.2500 25.1875 25.5000 26.20 26.68 1012.8374
04435.0708 25.2500 25.1875 25.5000 26.20 26.68 1012.8374
04434.6206 25.2500 25.1875 25.5000 26.20 26.68 1012.8374
04436.7583 25.2500 25.1875 25.5000 26.20 26.68 1012.8374
04413.2334 25.2500 25.1875 25.5000 26.20 26.68 1012.8374
04436.5581 25.2500 25.1875 25.5000 26.20 26.68 1012.8374
04436.0581 25.2500 25.1875 25.5000 26.20 26.68 1012.8374
04436.7456 25.2500 25.1875 25.5000 26.19 26.68 1012.8210
04413.7085 25.1875 25.1875 25.4375 26.19 26.68 1012.8210
04434.6084 25.1875 25.1875 25.4375 26.19 26.68 1012.8210
04434.8457 25.1875 25.1875 25.4375 26.19 26.68 1012.8210
04436.3208 25.1875 25.1875 25.4375 26.19 26.68 1012.8210
04436.4956 25.1875 25.1875 25.4375 26.19 26.68 1012.8210
04436.0210 25.1875 25.1875 25.4375 26.19 26.68 1012.8210
04436.7334 25.1875 25.1875 25.4375 26.19 26.68 1012.8210
04436.5083 25.1875 25.1875 25.4375 26.19 26.68 1012.8210
04436.5459 25.1875 25.1875 25.4375 26.19 26.68 1012.8210
04436.4956 25.1875 25.1875 25.4375 26.19 26.65 1012.8835
04434.5957 25.1875 25.1875 25.4375 26.19 26.65 1012.8835
04413.7085 25.1875 25.1875 25.4375 26.19 26.65 1012.8835
04436.2710 25.1875 25.1875 25.4375 26.19 26.65 1012.8835
04436.5210 25.1875 25.1875 25.4375 26.19 26.65 1012.8835
04436.5332 25.1875 25.1875 25.4375 26.19 26.65 1012.8835
04436.5083 25.1875 25.1875 25.4375 26.19 26.65 1012.8835
04436.4956 25.1875 25.1875 25.4375 26.19 26.65 1012.8835
04434.6084 25.2500 25.1875 25.4375 26.19 26.65 1012.8835
04437.2207 25.2500 25.1875 25.4375 26.18 26.66 1012.8397
04434.8335 25.2500 25.1875 25.4375 26.18 26.66 1012.8397
04436.5581 25.2500 25.1875 25.4375 26.18 26.66 1012.8397
04436.5210 25.2500 25.1875 25.4375 26.18 26.66 1012.8397
04436.7832 25.2500 25.1875 25.4375 26.18 26.66 1012.8397
04436.5581 25.2500 25.1875 25.4375 26.18 26.66 1012.8397
04436.3208 25.2500 25.1875 25.4375 26.18 26.66 1012.8397
04436.5581 25.2500 25.1875 25.4375 26.18 26.66 1012.8397
04436.7959 25.2500 25.1875 25.4375 26.18 26.66 1012.8397
04434.8960 25.2500 25.1875 25.4375 26.18 26.66 1012.8397
04437.2207 25.2500 25.1875 25.4375 26.19 26.65 1012.8753
04436.0835 25.2500 25.1875 25.4375 26.19 26.65 1012.8753
04436.5459 25.2500 25.1875 25.4375 26.19 26.65 1012.8753
04436.3208 25.2500 25.1875 25.4375 26.19 26.65 1012.8753
04436.2710 25.2500 25.1875 25.4375 26.19 26.65 1012.8753
04436.3208 25.2500 25.1875 25.4375 26.19 26.65 1012.8753
04437.2456 25.1875 25.1875 25.4375 26.19 26.65 1012.8753
04437.2710 25.1875 25.1875 25.4375 26.19 26.65 1012.8753
04437.4834 25.1875 25.1875 25.4375 26.19 26.65 1012.8753
04436.2832 25.1875 25.1875 25.4375 26.19 26.63 1012.9295
04436.5210 25.1875 25.1875 25.4375 26.19 26.63 1012.9295
04436.5581 25.1875 25.1875 25.4375 26.19 26.63 1012.9295
04436.0581 25.1875 25.1875 25.4375 26.19 26.63 1012.9295
04436.2959 25.1875 25.1875 25.4375 26.19 26.63 1012.9295
#terjedesi                                       nyomas  ##
#ido(usec)  T1(C)   T2(C)   T3(C)  T4(C) para(%)  (hPa)
04436.2710 25.1875 25.1875 25.4375 26.19 26.63 1012.9295
04436.5332 25.2500 25.1875 25.4375 26.19 26.63 1012.9295
04437.7207 25.2500 25.1875 25.4375 26.19 26.63 1012.9295
04414.1709 25.2500 25.1875 25.4375 26.19 26.63 1012.9295
04436.9707 25.2500 25.1875 25.4375 26.19 26.63 1012.9295
04436.5083 25.2500 25.1875 25.4375 26.19 26.65 1012.8210
04436.5581 25.2500 25.1875 25.4375 26.19 26.65 1012.8210
04436.7959 25.2500 25.1875 25.4375 26.19 26.65 1012.8210
04436.7456 25.2500 25.1875 25.4375 26.19 26.65 1012.8210
04437.4458 25.1875 25.1875 25.4375 26.19 26.65 1012.8210
04414.4209 25.1875 25.1875 25.4375 26.19 26.65 1012.8210
04414.4458 25.1875 25.1875 25.4375 26.19 26.65 1012.8210
04437.0210 25.1875 25.1875 25.4375 26.19 26.65 1012.8210
04437.2334 25.1875 25.1875 25.4375 26.19 26.65 1012.8210
04436.7832 25.1875 25.1875 25.4375 26.19 26.63 1012.9024
04436.5083 25.1875 25.1875 25.4375 26.19 26.63 1012.9024
04436.7456 25.1875 25.1875 25.4375 26.19 26.63 1012.9024
04436.5083 25.1875 25.1875 25.4375 26.19 26.63 1012.9024
04437.6958 25.2500 25.1875 25.4375 26.19 26.63 1012.9024
04437.4585 25.2500 25.1875 25.4375 26.19 26.63 1012.9024
04437.5083 25.2500 25.1875 25.4375 26.19 26.63 1012.9024
04436.5083 25.2500 25.1875 25.4375 26.19 26.63 1012.9024
04436.3081 25.2500 25.1875 25.4375 26.19 26.63 1012.9024
04436.4956 25.2500 25.1875 25.4375 26.18 26.65 1012.8044
04436.7710 25.2500 25.1875 25.4375 26.18 26.65 1012.8044
04436.4956 25.2500 25.1875 25.4375 26.18 26.65 1012.8044
04436.3208 25.2500 25.1875 25.3750 26.18 26.65 1012.8044
04437.7207 25.2500 25.1875 25.3750 26.18 26.65 1012.8044
04437.7456 25.2500 25.1875 25.3750 26.18 26.65 1012.8044
04437.4458 25.2500 25.1875 25.3750 26.18 26.65 1012.8044
04436.7583 25.2500 25.1875 25.3750 26.18 26.65 1012.8044
04436.0332 25.2500 25.1875 25.3750 26.18 26.65 1012.8044
04436.0835 25.2500 25.1875 25.3750 26.18 26.65 1012.8044
04436.7959 25.2500 25.1875 25.3750 26.18 26.65 1012.8044
04436.7832 25.2500 25.1875 25.3750 26.18 26.65 1012.8668
04436.9834 25.2500 25.1875 25.3750 26.18 26.65 1012.8668
04437.4834 25.1875 25.1875 25.3750 26.18 26.65 1012.8668
04437.7456 25.1875 25.1875 25.3750 26.18 26.65 1012.8668
04436.3208 25.1875 25.1875 25.3750 26.18 26.65 1012.8668
04436.7583 25.1875 25.1875 25.3750 26.18 26.65 1012.8668
04436.2710 25.1875 25.1875 25.3750 26.18 26.65 1012.8668
04436.7959 25.1875 25.1875 25.3750 26.18 26.65 1012.8668
04436.5581 25.1875 25.1875 25.3750 26.19 26.64 1012.8482
04436.5083 25.1875 25.1875 25.3750 26.19 26.64 1012.8482
04437.6958 25.1875 25.1875 25.3750 26.19 26.64 1012.8482
04437.2710 25.1875 25.1875 25.3750 26.19 26.64 1012.8482
04437.9209 25.1875 25.1875 25.3750 26.19 26.64 1012.8482
04436.7959 25.1875 25.1875 25.3750 26.19 26.64 1012.8482
04436.7959 25.1875 25.1875 25.3750 26.19 26.64 1012.8482
04436.7959 25.1875 25.1875 25.3750 26.19 26.64 1012.8482
04436.2710 25.1875 25.1875 25.3750 26.19 26.64 1012.8482
04436.7456 25.1875 25.1875 25.3750 26.19 26.64 1012.8482
04436.5083 25.1875 25.1875 25.3750 26.18 26.63 1012.8858
04437.7456 25.1875 25.1875 25.3750 26.18 26.63 1012.8858
04437.7456 25.1875 25.1875 25.3750 26.18 26.63 1012.8858
04437.0332 25.1875 25.1875 25.3750 26.18 26.63 1012.8858
04436.0332 25.1875 25.1875 25.3750 26.18 26.63 1012.8858
04436.5581 25.1875 25.1875 25.3750 26.18 26.63 1012.8858
04436.7959 25.1875 25.1875 25.3750 26.18 26.63 1012.8858
04437.0332 25.1875 25.1875 25.3750 26.18 26.63 1012.8858
04437.0083 25.1875 25.1875 25.3750 26.18 26.63 1012.8858
04437.9331 25.1875 25.1250 25.3750 26.18 26.63 1012.8858
04437.7456 25.1875 25.1250 25.3750 26.18 26.63 1012.8858
04438.1582 25.1875 25.1250 25.3750 26.18 26.63 1012.8858
04436.7832 25.1875 25.1250 25.3750 26.18 26.63 1012.8858
04436.4956 25.1875 25.1250 25.3750 26.18 26.63 1012.8858
04436.5581 25.1875 25.1250 25.3750 26.18 26.63 1012.8858
04436.5581 25.1875 25.1250 25.3750 26.18 26.63 1012.8858
04436.7583 25.1875 25.1250 25.3750 26.18 26.63 1012.8858
04437.4956 25.1875 25.1875 25.3750 26.18 26.63 1012.8858
04437.6958 25.1875 25.1875 25.3750 26.18 26.63 1012.8858
04437.4956 25.1875 25.1875 25.3750 26.17 26.63 1012.8423
04436.7456 25.1875 25.1875 25.3750 26.17 26.63 1012.8423
#terjedesi                                       nyomas  ##
#ido(usec)  T1(C)   T2(C)   T3(C)  T4(C) para(%)  (hPa)
04436.7456 25.1875 25.1875 25.3750 26.17 26.63 1012.8423
04437.0332 25.1875 25.1875 25.3750 26.17 26.63 1012.8423
04436.7959 25.1875 25.1875 25.3750 26.17 26.63 1012.8423
04436.7959 25.1875 25.1875 25.3750 26.17 26.63 1012.8423
04436.5581 25.1875 25.1875 25.3750 26.17 26.63 1012.8423
04436.7959 25.1875 25.1875 25.3125 26.17 26.63 1012.8423
04437.5083 25.1875 25.1875 25.3125 26.17 26.63 1012.8423
04437.9834 25.1875 25.1875 25.3125 26.17 26.63 1012.8423
04436.7832 25.1875 25.1875 25.3125 26.18 26.62 1012.8858
04436.7334 25.1875 25.1875 25.3125 26.18 26.62 1012.8858
04436.7959 25.1875 25.1875 25.3125 26.18 26.62 1012.8858
04436.5083 25.1875 25.1875 25.3125 26.18 26.62 1012.8858
04436.5581 25.1875 25.1875 25.3125 26.18 26.62 1012.8858
04437.2207 25.2500 25.1875 25.3125 26.18 26.62 1012.8858
04437.2334 25.2500 25.1875 25.3125 26.18 26.62 1012.8858
04437.2085 25.2500 25.1875 25.3125 26.18 26.62 1012.8858
04436.7583 25.2500 25.1875 25.3125 26.18 26.62 1012.8858
04436.5459 25.2500 25.1875 25.3125 26.17 26.64 1012.8965
04436.7456 25.2500 25.1875 25.3125 26.17 26.64 1012.8965
04436.5581 25.2500 25.1875 25.3125 26.17 26.64 1012.8965
04436.7334 25.2500 25.1875 25.3125 26.17 26.64 1012.8965
04436.5581 25.2500 25.1875 25.3125 26.17 26.64 1012.8965
04436.4956 25.1875 25.1875 25.3125 26.17 26.64 1012.8965
04437.5083 25.1875 25.1875 25.3125 26.17 26.64 1012.8965
04437.4458 25.1875 25.1875 25.3125 26.17 26.64 1012.8965
04436.5332 25.1875 25.1875 25.3125 26.17 26.64 1012.8965
04436.5332 25.1875 25.1875 25.3125 26.17 26.64 1012.8965
04436.7334 25.1875 25.1875 25.3125 26.16 26.64 1012.8259
04436.7456 25.1875 25.1875 25.3125 26.16 26.64 1012.8259
04436.7959 25.1875 25.1875 25.3125 26.16 26.64 1012.8259
04437.4834 25.2500 25.1875 25.3125 26.16 26.64 1012.8259
04437.4585 25.2500 25.1875 25.3125 26.16 26.64 1012.8259
04437.4585 25.2500 25.1875 25.3125 26.16 26.64 1012.8259
04436.5581 25.2500 25.1875 25.3125 26.16 26.64 1012.8259
04436.3208 25.2500 25.1875 25.3125 26.16 26.64 1012.8259
04436.5332 25.2500 25.1875 25.3125 26.16 26.64 1012.8259
04436.7334 25.2500 25.1875 25.3125 26.16 26.64 1012.7798
04436.7959 25.2500 25.1875 25.3125 26.16 26.64 1012.7798
04437.0210 25.2500 25.1875 25.3125 26.16 26.64 1012.7798
04437.0332 25.1875 25.1875 25.3125 26.16 26.64 1012.7798
04437.6958 25.1875 25.1875 25.3125 26.16 26.64 1012.7798
04437.5083 25.1875 25.1875 25.3125 26.16 26.64 1012.7798
04436.5332 25.1875 25.1875 25.3125 26.16 26.64 1012.7798
04436.5581 25.1875 25.1875 25.3125 26.16 26.64 1012.7798
04415.6333 25.1875 25.1875 25.3125 26.16 26.64 1012.7798
04436.7456 25.1875 25.1875 25.3125 26.16 26.64 1012.8259
04436.7334 25.1875 25.1875 25.3125 26.16 26.64 1012.8259
04437.9331 25.2500 25.1875 25.3125 26.16 26.64 1012.8259
04437.5083 25.2500 25.1875 25.3125 26.16 26.64 1012.8259
04437.7085 25.2500 25.1875 25.3125 26.16 26.64 1012.8259
04436.3208 25.2500 25.1875 25.3125 26.16 26.64 1012.8259
04415.8960 25.2500 25.1875 25.3125 26.16 26.64 1012.8259
04436.5083 25.2500 25.1875 25.3125 26.16 26.64 1012.8259
04415.8960 25.2500 25.1875 25.3125 26.16 26.64 1012.8259
04436.7456 25.2500 25.1875 25.3125 26.16 26.64 1012.8259
04436.5581 25.2500 25.1875 25.3125 26.17 26.64 1012.8694
04436.7456 25.1875 25.1875 25.3125 26.17 26.64 1012.8694
04437.7456 25.1875 25.1875 25.3125 26.17 26.64 1012.8694
04437.7456 25.1875 25.1875 25.3125 26.17 26.64 1012.8694
04436.9834 25.1875 25.1875 25.3125 26.17 26.64 1012.8694
04415.6206 25.1875 25.1875 25.3125 26.17 26.64 1012.8694
04436.9707 25.1875 25.1875 25.3125 26.17 26.64 1012.8694
04416.0708 25.1875 25.1875 25.3125 26.17 26.64 1012.8694
04436.5083 25.1875 25.1875 25.3125 26.17 26.64 1012.8694
04437.0332 25.2500 25.1875 25.3125 26.15 26.64 1012.8909
04437.9331 25.2500 25.1875 25.3125 26.15 26.64 1012.8909
04437.9834 25.2500 25.1875 25.3125 26.15 26.64 1012.8909
04416.0708 25.2500 25.1875 25.3125 26.15 26.64 1012.8909
04415.8833 25.2500 25.1875 25.3125 26.15 26.64 1012.8909
04437.0210 25.2500 25.1875 25.3125 26.15 26.64 1012.8909
04415.6084 25.2500 25.1875 25.3125 26.15 26.64 1012.8909
04415.8960 25.2500 25.1875 25.3125 26.15 26.64 1012.8909
04436.7334 25.2500 25.1875 25.3125 26.15 26.64 1012.8909
#terjedesi                                       nyomas  ##
#ido(usec)  T1(C)   T2(C)   T3(C)  T4(C) para(%)  (hPa)
04438.1709 25.1875 25.1875 25.3125 26.15 26.64 1012.8909
04437.9834 25.1875 25.1875 25.3125 26.15 26.66 1012.8909
04437.9834 25.1875 25.1875 25.3125 26.15 26.66 1012.8909
04415.8833 25.1875 25.1875 25.3125 26.15 26.66 1012.8909
04436.5083 25.1875 25.1875 25.3125 26.15 26.66 1012.8909
04415.8706 25.1875 25.1875 25.3125 26.15 26.66 1012.8909
04415.8457 25.1875 25.1875 25.3125 26.15 26.66 1012.8909
04439.5835 25.1875 25.1875 25.3125 26.15 26.66 1012.8909
04436.5581 25.1875 25.1875 25.2500 26.15 26.66 1012.8909
04437.5083 25.1875 25.1875 25.2500 26.15 26.66 1012.8909
04437.7456 25.1875 25.1875 25.2500 26.15 26.66 1012.8177
04437.4458 25.1875 25.1875 25.2500 26.15 26.66 1012.8177
04439.3457 25.1875 25.1875 25.2500 26.15 26.66 1012.8177
04439.4082 25.1875 25.1875 25.2500 26.15 26.66 1012.8177
04436.5581 25.1875 25.1875 25.2500 26.15 26.66 1012.8177
04416.0708 25.1875 25.1875 25.2500 26.15 26.66 1012.8177
04416.1206 25.1875 25.1875 25.2500 26.15 26.66 1012.8177
04415.8960 25.1875 25.1875 25.2500 26.15 26.66 1012.8177
04437.6958 25.1875 25.1875 25.2500 26.15 26.66 1012.8177
04437.5083 25.1875 25.1875 25.2500 26.15 26.66 1012.8177
04436.7832 25.1875 25.1875 25.2500 26.15 26.65 1012.8638
04416.1206 25.1875 25.1875 25.2500 26.15 26.65 1012.8638
04436.9834 25.1875 25.1875 25.2500 26.15 26.65 1012.8638
04436.9834 25.1875 25.1875 25.2500 26.15 26.65 1012.8638
04437.2207 25.1875 25.1875 25.2500 26.15 26.65 1012.8638
04415.8457 25.1875 25.1875 25.2500 26.15 26.65 1012.8638
04437.7207 25.1875 25.1250 25.2500 26.15 26.65 1012.8638
04437.9209 25.1875 25.1250 25.2500 26.15 26.65 1012.8638
04437.7207 25.1875 25.1250 25.2500 26.15 26.65 1012.8638
04439.6333 25.1875 25.1250 25.2500 26.14 26.66 1012.7929
04436.5083 25.1875 25.1250 25.2500 26.14 26.66 1012.7929
04439.3584 25.1875 25.1250 25.2500 26.14 26.66 1012.7929
04436.7334 25.1875 25.1250 25.2500 26.14 26.66 1012.7929
04436.9707 25.1875 25.1250 25.2500 26.14 26.66 1012.7929
04416.1333 25.1875 25.1250 25.2500 26.14 26.66 1012.7929
04437.4585 25.1875 25.1250 25.2500 26.14 26.66 1012.7929
04437.7334 25.1875 25.1250 25.2500 26.14 26.66 1012.7929
04416.3706 25.1875 25.1250 25.2500 26.14 26.66 1012.7929
04439.5957 25.1875 25.1250 25.2500 26.15 26.68 1012.8719
04439.4082 25.1875 25.1250 25.2500 26.15 26.68 1012.8719
04416.0708 25.1875 25.1250 25.2500 26.15 26.68 1012.8719
04416.1333 25.1875 25.1250 25.2500 26.15 26.68 1012.8719
04439.6460 25.1875 25.1250 25.2500 26.15 26.68 1012.8719
04437.9834 25.1875 25.1875 25.1875 26.15 26.68 1012.8719
04437.9834 25.1875 25.1875 25.1875 26.15 26.68 1012.8719
04437.2710 25.1875 25.1875 25.1875 26.15 26.68 1012.8719
04436.9707 25.1875 25.1875 25.1875 26.15 26.68 1012.8719
04436.7959 25.1875 25.1875 25.1875 26.15 26.68 1012.8719
04436.7456 25.1875 25.1875 25.1875 26.14 26.67 1012.8553
04416.0835 25.1875 25.1875 25.1875 26.14 26.67 1012.8553
04436.7959 25.1875 25.1875 25.1875 26.14 26.67 1012.8553
04437.2710 25.1875 25.1250 25.1875 26.14 26.67 1012.8553
04437.9707 25.1875 25.1250 25.1875 26.14 26.67 1012.8553
04437.6958 25.1875 25.1250 25.1875 26.14 26.67 1012.8553
04416.1333 25.1875 25.1250 25.1875 26.14 26.67 1012.8553
04415.6582 25.1875 25.1250 25.1875 26.14 26.67 1012.8553
04436.7959 25.1875 25.1250 25.1875 26.14 26.67 1012.8553
04439.4082 25.1875 25.1250 25.1875 26.14 26.69 1012.9285
04439.6460 25.1875 25.1250 25.1875 26.14 26.69 1012.9285
04439.3584 25.1875 25.1250 25.1875 26.14 26.69 1012.9285
04436.7832 25.2500 25.1875 25.1875 26.14 26.69 1012.9285
04437.6958 25.2500 25.1875 25.1875 26.14 26.69 1012.9285
04437.9834 25.2500 25.1875 25.1875 26.14 26.69 1012.9285
04415.8833 25.2500 25.1875 25.1875 26.14 26.69 1012.9285
04416.0835 25.2500 25.1875 25.1875 26.14 26.69 1012.9285
04436.7710 25.2500 25.1875 25.1875 26.14 26.69 1012.9285
04416.0835 25.2500 25.1875 25.1875 26.14 26.69 1012.9285
04416.3457 25.2500 25.1875 25.1875 26.14 26.70 1012.8824
04437.4956 25.2500 25.1250 25.1875 26.14 26.70 1012.8824
04437.4458 25.2500 25.1250 25.1875 26.14 26.70 1012.8824
04437.6958 25.2500 25.1250 25.1875 26.14 26.70 1012.8824
04439.3584 25.2500 25.1250 25.1875 26.14 26.70 1012.8824
04439.5957 25.2500 25.1250 25.1875 26.14 26.70 1012.8824
#terjedesi                                       nyomas  ##
#ido(usec)  T1(C)   T2(C)   T3(C)  T4(C) para(%)  (hPa)
04415.6582 25.2500 25.1250 25.1875 26.14 26.70 1012.8824
04439.1582 25.2500 25.1250 25.1875 26.14 26.70 1012.8824
04439.5957 25.2500 25.1250 25.1875 26.14 26.70 1012.8824
04439.3960 25.2500 25.1250 25.1875 26.14 26.70 1012.8824
04415.8335 25.1875 25.1250 25.1875 26.14 26.71 1012.8743
04437.9834 25.1875 25.1250 25.1875 26.14 26.71 1012.8743
04437.7456 25.1875 25.1250 25.1875 26.14 26.71 1012.8743
04439.5957 25.1875 25.1250 25.1875 26.14 26.71 1012.8743
04439.5957 25.1875 25.1250 25.1875 26.14 26.71 1012.8743
04439.5957 25.1875 25.1250 25.1875 26.14 26.71 1012.8743
04415.6460 25.1875 25.1250 25.1875 26.14 26.71 1012.8743
04439.3457 25.1875 25.1250 25.1875 26.14 26.71 1012.8743
04437.9585 25.1875 25.1875 25.1875 26.14 26.71 1012.8743
04437.7207 25.1875 25.1875 25.1875 26.12 26.74 1012.8579
04437.7085 25.1875 25.1875 25.1875 26.12 26.74 1012.8579
04439.4082 25.1875 25.1875 25.1875 26.12 26.74 1012.8579
04439.1709 25.1875 25.1875 25.1875 26.12 26.74 1012.8579
04415.8960 25.1875 25.1875 25.1875 26.12 26.74 1012.8579
04415.8457 25.1875 25.1875 25.1875 26.12 26.74 1012.8579
04439.8335 25.1875 25.1875 25.1875 26.12 26.74 1012.8579
04439.6084 25.1875 25.1875 25.1875 26.12 26.74 1012.8579
04439.6460 25.2500 25.1250 25.1875 26.12 26.74 1012.8579
04437.7456 25.2500 25.1250 25.1875 26.12 26.74 1012.8579
04437.9834 25.2500 25.1250 25.1875 26.13 26.71 1012.8390
04416.1206 25.2500 25.1250 25.1875 26.13 26.71 1012.8390
04439.3584 25.2500 25.1250 25.1875 26.13 26.71 1012.8390
04439.3833 25.2500 25.1250 25.1875 26.13 26.71 1012.8390
04415.6084 25.2500 25.1250 25.1875 26.13 26.71 1012.8390
04416.0835 25.2500 25.1250 25.1875 26.13 26.71 1012.8390
04437.5083 25.1875 25.1250 25.1875 26.13 26.71 1012.8390
04437.6958 25.1875 25.1250 25.1875 26.13 26.71 1012.8390
04437.6831 25.1875 25.1250 25.1875 26.13 26.71 1012.8390
04439.3457 25.1875 25.1250 25.1875 26.12 26.70 1012.8850
04415.8960 25.1875 25.1250 25.1875 26.12 26.70 1012.8850
04439.3584 25.1875 25.1250 25.1875 26.12 26.70 1012.8850
04439.4082 25.1875 25.1250 25.1875 26.12 26.70 1012.8850
04439.1709 25.1875 25.1250 25.1875 26.12 26.70 1012.8850
04439.5835 25.1875 25.1250 25.1875 26.12 26.70 1012.8850
04439.3833 25.1875 25.1875 25.1875 26.12 26.70 1012.8850
04437.6958 25.1875 25.1875 25.1875 26.12 26.70 1012.8850
04437.6958 25.1875 25.1875 25.1875 26.12 26.70 1012.8850
04439.5957 25.1875 25.1875 25.1875 26.12 26.71 1012.9311
04415.8584 25.1875 25.1875 25.1875 26.12 26.71 1012.9311
04439.8833 25.1875 25.1875 25.1875 26.12 26.71 1012.9311
04439.8208 25.1875 25.1875 25.1875 26.12 26.71 1012.9311
04439.6460 25.1875 25.1875 25.1875 26.12 26.71 1012.9311
04416.1333 25.1875 25.1250 25.1250 26.12 26.71 1012.9311
04437.7085 25.1875 25.1250 25.1250 26.12 26.71 1012.9311
04437.9209 25.1875 25.1250 25.1250 26.12 26.71 1012.9311
04415.8833 25.1875 25.1250 25.1250 26.12 26.71 1012.9311
04439.6460 25.1875 25.1250 25.1250 26.12 26.71 1012.9311
04439.3457 25.1875 25.1250 25.1250 26.11 26.73 1012.9229
04439.4082 25.1875 25.1250 25.1250 26.11 26.73 1012.9229
04439.6206 25.1875 25.1250 25.1250 26.11 26.73 1012.9229
04439.6084 25.1875 25.1250 25.1250 26.11 26.73 1012.9229
04437.7456 25.1875 25.1875 25.1250 26.11 26.73 1012.9229
04437.9331 25.1875 25.1875 25.1250 26.11 26.73 1012.9229
04437.7085 25.1875 25.1875 25.1250 26.11 26.73 1012.9229
04439.8833 25.1875 25.1875 25.1250 26.11 26.73 1012.9229
04416.1084 25.1875 25.1875 25.1250 26.11 26.73 1012.9229
04439.6206 25.1875 25.1875 25.1250 26.12 26.72 1012.8850
04439.6460 25.1875 25.1875 25.1250 26.12 26.72 1012.8850
04439.3706 25.1875 25.1875 25.1250 26.12 26.72 1012.8850
04439.8457 25.1875 25.1875 25.1250 26.12 26.72 1012.8850
04437.7456 25.1875 25.1250 25.1250 26.12 26.72 1012.8850
04438.2207 25.1875 25.1250 25.1250 26.12 26.72 1012.8850
04437.4707 25.1875 25.1250 25.1250 26.12 26.72 1012.8850
04439.5835 25.1875 25.1250 25.1250 26.12 26.72 1012.8850
04415.8960 25.1875 25.1250 25.1250 26.12 26.72 1012.8850
04439.8833 25.1875 25.1250 25.1250 26.12 26.72 1012.8850
04416.0708 25.1875 25.1250 25.1250 26.10 26.72 1012.8524
04439.8335 25.1875 25.1250 25.1250 26.10 26.72 1012.8524
04439.6206 25.1875 25.1250 25.1250 26.10 26.72 1012.8524
#terjedesi                                       nyomas  ##
#ido(usec)  T1(C)   T2(C)   T3(C)  T4(C) para(%)  (hPa)
04438.2207 25.1875 25.1250 25.1250 26.10 26.72 1012.8524
04437.4834 25.1875 25.1250 25.1250 26.10 26.72 1012.8524
04415.8833 25.1875 25.1250 25.1250 26.10 26.72 1012.8524
04439.6460 25.1875 25.1250 25.1250 26.10 26.72 1012.8524
04439.6460 25.1875 25.1250 25.1250 26.10 26.72 1012.8524
04439.6460 25.1875 25.1250 25.1250 26.10 26.72 1012.8524
04439.5957 25.1875 25.1250 25.1250 26.11 26.72 1012.8605
04439.6460 25.1875 25.1250 25.1250 26.11 26.72 1012.8605
04437.4585 25.1875 25.1250 25.1250 26.11 26.72 1012.8605
04437.9331 25.1875 25.1250 25.1250 26.11 26.72 1012.8605
04416.6084 25.1875 25.1250 25.1250 26.11 26.72 1012.8605
04439.6333 25.1875 25.1250 25.1250 26.11 26.72 1012.8605
04439.4082 25.1875 25.1250 25.1250 26.11 26.72 1012.8605
04439.5835 25.1875 25.1250 25.1250 26.11 26.72 1012.8605
04439.6206 25.1875 25.1250 25.1250 26.11 26.72 1012.8605
04439.6206 25.1875 25.1250 25.1250 26.11 26.72 1012.8605
04439.1206 25.1875 25.1250 25.0625 26.11 26.73 1012.8334
04437.5083 25.1875 25.1875 25.0625 26.11 26.73 1012.8334
04437.7207 25.1875 25.1875 25.0625 26.11 26.73 1012.8334
04439.5957 25.1875 25.1875 25.0625 26.11 26.73 1012.8334
04439.1582 25.1875 25.1875 25.0625 26.11 26.73 1012.8334
04439.4082 25.1875 25.1875 25.0625 26.11 26.73 1012.8334
04439.6460 25.1875 25.1875 25.0625 26.11 26.73 1012.8334
04439.5957 25.1875 25.1875 25.0625 26.11 26.73 1012.8334
04439.8833 25.1875 25.1875 25.0625 26.11 26.73 1012.8334
04437.7456 25.1875 25.1250 25.0625 26.11 26.71 1012.8687
04438.1709 25.1875 25.1250 25.0625 26.11 26.71 1012.8687
04416.8457 25.1875 25.1250 25.0625 26.11 26.71 1012.8687
04439.6460 25.1875 25.1250 25.0625 26.11 26.71 1012.8687
04439.8833 25.1875 25.1250 25.0625 26.11 26.71 1012.8687
04439.1084 25.1875 25.1250 25.0625 26.11 26.71 1012.8687
04439.3584 25.1875 25.1250 25.0625 26.11 26.71 1012.8687
04439.8208 25.1875 25.1250 25.0625 26.11 26.71 1012.8687
04416.1206 25.1875 25.1875 25.0625 26.11 26.71 1012.8687
04437.9834 25.1875 25.1875 25.0625 26.11 26.74 1012.9229
04437.9331 25.1875 25.1875 25.0625 26.11 26.74 1012.9229
04439.3706 25.1875 25.1875 25.0625 26.11 26.74 1012.9229
04415.8706 25.1875 25.1875 25.0625 26.11 26.74 1012.9229
04439.4082 25.1875 25.1875 25.0625 26.11 26.74 1012.9229
04439.8833 25.1875 25.1875 25.0625 26.11 26.74 1012.9229
04439.1084 25.1875 25.1875 25.0625 26.11 26.74 1012.9229
04439.3960 25.1875 25.1875 25.0625 26.11 26.74 1012.9229
04439.6460 25.1875 25.1875 25.0625 26.11 26.74 1012.9229
04416.8208 25.1875 25.1875 25.0625 26.11 26.74 1012.9229
04437.9834 25.1875 25.1875 25.0625 26.11 26.74 1012.9229
04439.3960 25.1875 25.1875 25.0625 26.11 26.75 1012.8687
04439.1206 25.1875 25.1875 25.0625 26.11 26.75 1012.8687
04439.5957 25.1875 25.1875 25.0625 26.11 26.75 1012.8687
04439.4082 25.1875 25.1875 25.0625 26.11 26.75 1012.8687
04439.5957 25.1875 25.1875 25.0625 26.11 26.75 1012.8687
04416.7832 25.1875 25.1250 25.0625 26.11 26.75 1012.8687
04416.7959 25.1875 25.1250 25.0625 26.11 26.75 1012.8687
04437.4585 25.1875 25.1250 25.0625 26.11 26.75 1012.8687
04439.4082 25.1875 25.1250 25.0625 26.09 26.74 1012.8546
04439.3960 25.1875 25.1250 25.0625 26.09 26.74 1012.8546
04439.4082 25.1875 25.1250 25.0625 26.09 26.74 1012.8546
04439.6460 25.1875 25.1250 25.0625 26.09 26.74 1012.8546
04439.6460 25.1875 25.1250 25.0625 26.09 26.74 1012.8546
04439.1460 25.1875 25.1250 25.0625 26.09 26.74 1012.8546
04439.4082 25.1875 25.1875 25.0625 26.09 26.74 1012.8546
04416.8335 25.1875 25.1875 25.0625 26.09 26.74 1012.8546
04416.5835 25.1875 25.1875 25.0625 26.09 26.74 1012.8546
04439.3833 25.1875 25.1875 25.0625 26.09 26.74 1012.8546
04439.3457 25.1875 25.1875 25.0625 26.09 26.70 1012.8085
04439.1206 25.1875 25.1875 25.0625 26.09 26.70 1012.8085
04439.1333 25.1875 25.1875 25.0625 26.09 26.70 1012.8085
04439.3584 25.1875 25.1875 25.0625 26.09 26.70 1012.8085
04437.4834 25.1875 25.1250 25.0000 26.09 26.70 1012.8085
04437.4585 25.1875 25.1250 25.0000 26.09 26.70 1012.8085
04437.4585 25.1875 25.1250 25.0000 26.09 26.70 1012.8085
04439.3584 25.1875 25.1250 25.0000 26.09 26.70 1012.8085
04439.1709 25.1875 25.1250 25.0000 26.09 26.70 1012.8085
04438.9209 25.1875 25.1250 25.0000 26.09 26.70 1012.8085
#terjedesi                                       nyomas  ##
#ido(usec)  T1(C)   T2(C)   T3(C)  T4(C) para(%)  (hPa)
04439.5957 25.1875 25.1250 25.0000 26.08 26.71 1012.8735
04439.4082 25.1875 25.1250 25.0000 26.08 26.71 1012.8735
04439.4082 25.1875 25.1250 25.0000 26.08 26.71 1012.8735
04439.8208 25.1875 25.1250 25.0000 26.08 26.71 1012.8735
04437.7207 25.1875 25.1250 25.0000 26.08 26.71 1012.8735
04437.4585 25.1875 25.1250 25.0000 26.08 26.71 1012.8735
04439.5957 25.1875 25.1250 25.0000 26.08 26.71 1012.8735
04439.8584 25.1875 25.1250 25.0000 26.08 26.71 1012.8735
04439.1582 25.1875 25.1250 25.0000 26.08 26.71 1012.8735
04439.3960 25.1875 25.1250 25.0000 26.09 26.68 1012.8627
04439.5835 25.1875 25.1250 25.0000 26.09 26.68 1012.8627
04416.7832 25.1875 25.1250 25.0000 26.09 26.68 1012.8627
04416.6084 25.1875 25.1250 25.0000 26.09 26.68 1012.8627
04416.8457 25.1875 25.1250 25.0000 26.09 26.68 1012.8627
04439.3960 25.1875 25.1250 25.0000 26.09 26.68 1012.8627
04439.6460 25.1875 25.1250 25.0000 26.09 26.68 1012.8627
04439.6460 25.1875 25.1250 25.0000 26.09 26.68 1012.8627
04439.8833 25.1875 25.1250 25.0000 26.09 26.68 1012.8627
04439.6460 25.1875 25.1250 25.0000 26.09 26.68 1012.8627
04439.4082 25.1875 25.1250 25.0000 26.09 26.69 1012.8275
04439.5957 25.1875 25.1250 25.0000 26.09 26.69 1012.8275
04416.5581 25.1875 25.1250 25.0000 26.09 26.69 1012.8275
04416.5835 25.1875 25.1250 25.0000 26.09 26.69 1012.8275
04439.5957 25.1875 25.1250 25.0000 26.09 26.69 1012.8275
04439.3584 25.1875 25.1250 25.0000 26.09 26.69 1012.8275
04439.3584 25.1875 25.1250 25.0000 26.09 26.69 1012.8275
04439.6460 25.1875 25.1250 25.0000 26.09 26.69 1012.8275
04438.8833 25.1875 25.1250 25.0000 26.09 26.69 1012.8275
04416.3081 25.1875 25.1250 24.9375 26.08 26.69 1012.8193
04439.8457 25.1875 25.1250 24.9375 26.08 26.69 1012.8193
04416.6084 25.1875 25.1250 24.9375 26.08 26.69 1012.8193
04439.1460 25.1875 25.1250 24.9375 26.08 26.69 1012.8193
04439.1709 25.1875 25.1250 24.9375 26.08 26.69 1012.8193
04439.3706 25.1875 25.1250 24.9375 26.08 26.69 1012.8193
04439.3833 25.1875 25.1250 24.9375 26.08 26.69 1012.8193
04416.1333 25.1875 25.1250 24.9375 26.08 26.69 1012.8193
04439.8208 25.1875 25.1250 24.9375 26.08 26.69 1012.8193
04440.3081 25.1875 25.1250 25.0000 26.08 26.69 1012.8193
04440.2959 25.1875 25.1250 25.0000 26.07 26.71 1012.8572
04417.0708 25.1875 25.1250 25.0000 26.07 26.71 1012.8572
04438.9082 25.1875 25.1250 25.0000 26.07 26.71 1012.8572
04439.6460 25.1875 25.1250 25.0000 26.07 26.71 1012.8572
04439.1206 25.1875 25.1250 25.0000 26.07 26.71 1012.8572
04439.3457 25.1875 25.1250 25.0000 26.07 26.71 1012.8572
04439.4082 25.1875 25.1250 25.0000 26.07 26.71 1012.8572
04439.3960 25.1875 25.1250 24.9375 26.07 26.71 1012.8572
04437.4707 25.1875 25.1250 24.9375 26.07 26.71 1012.8572
04417.0835 25.1875 25.1250 24.9375 26.07 26.71 1012.8572
04440.3081 25.1875 25.1250 24.9375 26.07 26.71 1012.8572
04439.3457 25.1875 25.1250 24.9375 26.07 26.71 1012.8572
04439.1084 25.1875 25.1250 24.9375 26.07 26.71 1012.8572
04439.6084 25.1875 25.1250 24.9375 26.07 26.71 1012.8572
04439.6460 25.1875 25.1250 24.9375 26.07 26.71 1012.8572
04439.6460 25.1875 25.1250 24.9375 26.07 26.71 1012.8572
04439.1709 25.1875 25.1250 24.9375 26.07 26.71 1012.8572
04416.8335 25.2500 25.1250 24.8750 26.07 26.71 1012.8572
04416.7832 25.2500 25.1250 24.8750 26.07 26.68 1012.8572
04439.5957 25.2500 25.1250 24.8750 26.07 26.68 1012.8572
04439.1084 25.2500 25.1250 24.8750 26.07 26.68 1012.8572
04439.6333 25.2500 25.1250 24.8750 26.07 26.68 1012.8572
04439.6206 25.2500 25.1250 24.8750 26.07 26.68 1012.8572
04439.6460 25.2500 25.1250 24.8750 26.07 26.68 1012.8572
04439.1206 25.2500 25.1250 24.8750 26.07 26.68 1012.8572
04437.7456 25.1875 25.1250 24.8750 26.07 26.68 1012.8572
04416.5581 25.1875 25.1250 24.8750 26.07 26.68 1012.8572
04440.5957 25.1875 25.1250 24.8750 26.07 26.68 1012.8572
04439.3584 25.1875 25.1250 24.8750 26.07 26.67 1012.9114
04439.8833 25.1875 25.1250 24.8750 26.07 26.67 1012.9114
04415.8335 25.1875 25.1250 24.8750 26.07 26.67 1012.9114
04439.3833 25.1875 25.1250 24.8750 26.07 26.67 1012.9114
04439.3833 25.1875 25.1250 24.8750 26.07 26.67 1012.9114
04439.8706 25.1875 25.1250 24.8125 26.07 26.67 1012.9114
04437.9585 25.1875 25.1250 24.8125 26.07 26.67 1012.9114
#terjedesi                                       nyomas  ##
#ido(usec)  T1(C)   T2(C)   T3(C)  T4(C) para(%)  (hPa)
04416.7959 25.1875 25.1250 24.8125 26.07 26.67 1012.9114
04439.5957 25.1875 25.1250 24.8125 26.07 26.67 1012.9114
04439.1206 25.1875 25.1250 24.8125 26.06 26.68 1012.8677
04439.6460 25.1875 25.1250 24.8125 26.06 26.68 1012.8677
04439.3833 25.1875 25.1250 24.8125 26.06 26.68 1012.8677
04438.6958 25.1875 25.1250 24.8125 26.06 26.68 1012.8677
04439.1709 25.1875 25.1250 24.8125 26.06 26.68 1012.8677
04440.1206 25.1875 25.1250 24.8125 26.06 26.68 1012.8677
04440.0581 25.1875 25.1250 24.8125 26.06 26.68 1012.8677
04440.3457 25.1875 25.1250 24.8125 26.06 26.68 1012.8677
04439.3960 25.1875 25.1250 24.8125 26.06 26.68 1012.8677
04439.3833 25.1875 25.1250 24.8125 26.06 26.68 1012.8677
04439.4082 25.1875 25.1250 24.8125 26.06 26.69 1012.8677
04439.3833 25.1875 25.1250 24.8125 26.06 26.69 1012.8677
04439.3584 25.1875 25.1250 24.8125 26.06 26.69 1012.8677
04439.5957 25.1875 25.0625 24.7500 26.06 26.69 1012.8677
04437.7334 25.1875 25.0625 24.7500 26.06 26.69 1012.8677
04440.5459 25.1875 25.0625 24.7500 26.06 26.69 1012.8677
04439.5957 25.1875 25.0625 24.7500 26.06 26.69 1012.8677
04439.3584 25.1875 25.0625 24.7500 26.06 26.69 1012.8677
04439.8335 25.1875 25.0625 24.7500 26.06 26.69 1012.8677
04439.5957 25.1875 25.0625 24.7500 26.06 26.69 1012.8948
04439.1460 25.1875 25.0625 24.7500 26.06 26.69 1012.8948
04439.1206 25.1875 25.0625 24.7500 26.06 26.69 1012.8948
04439.1460 25.1875 25.0625 24.7500 26.06 26.69 1012.8948
04437.5083 25.1875 25.0625 24.7500 26.06 26.69 1012.8948
04440.3335 25.1875 25.0625 24.7500 26.06 26.69 1012.8948
04439.3960 25.1875 25.0625 24.7500 26.06 26.69 1012.8948
04439.3584 25.1875 25.0625 24.7500 26.06 26.69 1012.8948
04439.1709 25.1875 25.0625 24.7500 26.06 26.69 1012.8948
04439.1582 25.1875 25.0625 24.7500 26.06 26.69 1012.8948
04438.9331 25.1875 25.0625 24.7500 26.05 26.72 1012.9055
04440.0708 25.1875 25.0625 24.7500 26.05 26.72 1012.9055
04416.3584 25.1875 25.0625 24.7500 26.05 26.72 1012.9055
04440.5835 25.1875 25.0625 24.7500 26.05 26.72 1012.9055
04439.1709 25.1875 25.0625 24.7500 26.05 26.72 1012.9055
04439.1709 25.1875 25.0625 24.7500 26.05 26.72 1012.9055
04439.6460 25.1875 25.0625 24.7500 26.05 26.72 1012.9055
04439.3457 25.1875 25.0625 24.7500 26.05 26.72 1012.9055
04439.3457 25.1875 25.0625 24.7500 26.05 26.72 1012.9055
04439.1582 25.1875 25.0625 24.7500 26.05 26.72 1012.8242
04439.1709 25.1875 25.0625 24.6875 26.05 26.72 1012.8242
04440.1206 25.1875 25.0625 24.6875 26.05 26.72 1012.8242
04440.1206 25.1875 25.0625 24.6875 26.05 26.72 1012.8242
04439.3584 25.1875 25.0625 24.6875 26.05 26.72 1012.8242
04439.6333 25.1875 25.0625 24.6875 26.05 26.72 1012.8242
04439.3457 25.1875 25.0625 24.6875 26.05 26.72 1012.8242
04439.1709 25.1875 25.0625 24.6875 26.05 26.72 1012.8242
04439.1206 25.1875 25.0625 24.6875 26.05 26.72 1012.8242
04416.3706 25.1875 25.0625 24.6875 26.04 26.73 1012.8621
04440.3081 25.1875 25.0625 24.6875 26.04 26.73 1012.8621
04440.3208 25.1875 25.0625 24.6875 26.04 26.73 1012.8621
04439.1460 25.1875 25.0625 24.6875 26.04 26.73 1012.8621
04439.3833 25.1875 25.0625 24.6875 26.04 26.73 1012.8621
04439.4082 25.1875 25.0625 24.6875 26.04 26.73 1012.8621
04439.1084 25.1875 25.0625 24.6875 26.04 26.73 1012.8621
04439.3584 25.1875 25.0625 24.6875 26.04 26.73 1012.8621
04439.1709 25.1875 25.0625 24.6875 26.04 26.73 1012.8621
04439.6333 25.1875 25.0625 24.6250 26.04 26.73 1012.8621
04416.7832 25.1875 25.0625 24.6250 26.04 26.73 1012.8621
04440.5835 25.1875 25.0625 24.6250 26.04 26.72 1012.8621
04439.3960 25.1875 25.0625 24.6250 26.04 26.72 1012.8621
04439.6460 25.1875 25.0625 24.6250 26.04 26.72 1012.8621
04439.4082 25.1875 25.0625 24.6250 26.04 26.72 1012.8621
04439.5957 25.1875 25.0625 24.6250 26.04 26.72 1012.8621
04439.5835 25.1875 25.0625 24.6250 26.04 26.72 1012.8621
04417.0332 25.1875 25.0625 24.6250 26.04 26.72 1012.8621
04440.0708 25.1875 25.0625 24.6250 26.04 26.72 1012.8621
04437.7456 25.1875 25.0625 24.6250 26.04 26.71 1012.8892
04439.3584 25.1875 25.0625 24.6250 26.04 26.71 1012.8892
04439.6084 25.1875 25.0625 24.6250 26.04 26.71 1012.8892
04439.4082 25.1875 25.0625 24.6250 26.04 26.71 1012.8892
04439.5835 25.1875 25.0625 24.6250 26.04 26.71 1012.8892
#terjedesi                                       nyomas  ##
#ido(usec)  T1(C)   T2(C)   T3(C)  T4(C) para(%)  (hPa)
04439.3833 25.1875 25.0625 24.6250 26.04 26.71 1012.8892
04439.4082 25.1875 25.0625 24.6250 26.04 26.71 1012.8892
04439.8457 25.1875 25.0625 24.6250 26.04 26.71 1012.8892
04437.6958 25.1875 25.0625 24.6250 26.04 26.71 1012.8892
04417.0332 25.1875 25.0625 24.6250 26.04 26.71 1012.8892
04439.3833 25.1875 25.0625 24.6250 26.04 26.73 1012.8892
04439.3457 25.1875 25.0625 24.6250 26.04 26.73 1012.8892
04439.3584 25.1875 25.0625 24.6250 26.04 26.73 1012.8892
04439.5957 25.1875 25.0625 24.6250 26.04 26.73 1012.8892
04439.5957 25.1875 25.0625 24.6250 26.04 26.73 1012.8892
04440.3081 25.1875 25.0625 24.6250 26.04 26.73 1012.8892
04440.5957 25.1875 25.0625 24.6250 26.04 26.73 1012.8892
04416.8457 25.1875 25.0625 24.6250 26.04 26.73 1012.8892
04439.3584 25.1875 25.0625 24.6250 26.04 26.73 1012.8892
04439.5957 25.1875 25.0625 24.6250 26.04 26.73 1012.8892
04439.4082 25.1875 25.0625 24.6250 26.04 26.75 1012.9163
04439.1709 25.1875 25.0625 24.6250 26.04 26.75 1012.9163
04439.8833 25.1875 25.0625 24.6250 26.04 26.75 1012.9163
04439.4082 25.1875 25.0625 24.6250 26.04 26.75 1012.9163
04440.3208 25.1875 25.0000 24.6250 26.04 26.75 1012.9163
04440.3584 25.1875 25.0000 24.6250 26.04 26.75 1012.9163
04417.0332 25.1875 25.0000 24.6250 26.04 26.75 1012.9163
04439.4082 25.1875 25.0000 24.6250 26.04 26.75 1012.9163
04439.8208 25.1875 25.0000 24.6250 26.04 26.75 1012.9163
04440.1084 25.1875 25.0000 24.6250 26.03 26.75 1012.8457
04439.4082 25.1875 25.0000 24.6250 26.03 26.75 1012.8457
04439.6460 25.1875 25.0000 24.6250 26.03 26.75 1012.8457
04439.5957 25.1875 25.0000 24.5625 26.03 26.75 1012.8457
04440.5459 25.1875 25.0625 24.5625 26.03 26.75 1012.8457
04440.3584 25.1875 25.0625 24.5625 26.03 26.75 1012.8457
04440.3457 25.1875 25.0625 24.5625 26.03 26.75 1012.8457
04439.3584 25.1875 25.0625 24.5625 26.03 26.75 1012.8457
04439.4082 25.1875 25.0625 24.5625 26.03 26.75 1012.8457
04439.4082 25.1875 25.0625 24.5625 26.03 26.75 1012.8457
04439.6460 25.1875 25.0625 24.5625 26.03 26.75 1012.8375
04439.8833 25.1875 25.0625 24.5625 26.03 26.75 1012.8375
04439.3584 25.1875 25.0625 24.5625 26.03 26.75 1012.8375
04440.5459 25.1875 25.0000 24.6250 26.03 26.75 1012.8375
04440.5332 25.1875 25.0000 24.6250 26.03 26.75 1012.8375
04439.3584 25.1875 25.0000 24.6250 26.03 26.75 1012.8375
04439.1709 25.1875 25.0000 24.6250 26.03 26.75 1012.8375
04439.6333 25.1875 25.0000 24.6250 26.03 26.75 1012.8375
04439.6206 25.1875 25.0000 24.6250 26.03 26.75 1012.8375
04439.6460 25.1875 25.0000 24.6250 26.02 26.77 1012.8832
04439.4082 25.1875 25.0000 24.6250 26.02 26.77 1012.8832
04416.8457 25.1875 25.0000 24.5625 26.02 26.77 1012.8832
04440.5957 25.1875 25.0000 24.5625 26.02 26.77 1012.8832
04440.5957 25.1875 25.0000 24.5625 26.02 26.77 1012.8832
04439.1709 25.1875 25.0000 24.5625 26.02 26.77 1012.8832
04439.3706 25.1875 25.0000 24.5625 26.02 26.77 1012.8832
04439.8208 25.1875 25.0000 24.5625 26.02 26.77 1012.8832
04439.6460 25.1875 25.0000 24.5625 26.02 26.77 1012.8832
04439.1582 25.1875 25.0000 24.5625 26.02 26.77 1012.8832
04439.3457 25.1875 25.0000 24.5625 26.02 26.78 1012.8290
04437.7456 25.1875 25.0000 24.5625 26.02 26.78 1012.8290
04416.7959 25.1875 25.0000 24.5625 26.02 26.78 1012.8290
04439.4082 25.1875 25.0000 24.5625 26.02 26.78 1012.8290
04439.3960 25.1875 25.0000 24.5625 26.02 26.78 1012.8290
04439.4082 25.1875 25.0000 24.5625 26.02 26.78 1012.8290
04439.4082 25.1875 25.0000 24.5625 26.02 26.78 1012.8290
04439.3584 25.1875 25.0000 24.5625 26.02 26.78 1012.8290
04439.4082 25.1875 25.0000 24.5625 26.02 26.78 1012.8290
04416.8457 25.1875 25.0000 24.5625 26.02 26.79 1012.8290
04438.2207 25.1875 25.0000 24.5625 26.02 26.79 1012.8290
04417.0332 25.1875 25.0000 24.5625 26.02 26.79 1012.8290
04439.6460 25.1875 25.0000 24.5625 26.02 26.79 1012.8290
04439.6084 25.1875 25.0000 24.5625 26.02 26.79 1012.8290
04439.1084 25.1875 25.0000 24.5625 26.02 26.79 1012.8290
04439.8335 25.1875 25.0000 24.5625 26.02 26.79 1012.8290
04439.3584 25.1875 25.0000 24.5625 26.02 26.79 1012.8290
04439.8584 25.1875 25.0000 24.5625 26.02 26.79 1012.8290
04440.3584 25.1875 25.0000 24.5625 26.01 26.80 1012.8669
04440.5459 25.1875 25.0000 24.5625 26.01 26.80 1012.8669
#terjedesi                                       nyomas  ##
#ido(usec)  T1(C)   T2(C)   T3(C)  T4(C) para(%)  (hPa)
04439.5957 25.1875 25.0000 24.5625 26.01 26.80 1012.8669
04433.9458 25.1875 25.0000 24.5625 26.01 26.80 1012.8669
04439.6333 25.1875 25.0000 24.5625 26.01 26.80 1012.8669
04439.6206 25.1875 25.0000 24.5625 26.01 26.80 1012.8669
04439.8208 25.1875 25.0000 24.5625 26.01 26.80 1012.8669
04439.6460 25.1875 25.0000 24.5625 26.01 26.80 1012.8669
04439.6460 25.1875 25.0000 24.5625 26.01 26.80 1012.8669
04439.8706 25.1875 25.0000 24.5625 26.01 26.80 1012.8669
04440.3081 25.1875 25.0000 24.5625 26.01 26.80 1012.8940
04439.1460 25.1875 25.0000 24.5625 26.01 26.80 1012.8940
04439.5957 25.1875 25.0000 24.5625 26.01 26.80 1012.8940
04439.6460 25.1875 25.0000 24.5625 26.01 26.80 1012.8940
04439.3584 25.1875 25.0000 24.5625 26.01 26.80 1012.8940
04439.1709 25.1875 25.0000 24.5625 26.01 26.80 1012.8940
04440.5459 25.1875 25.0000 24.5000 26.01 26.80 1012.8940
04440.3335 25.1875 25.0000 24.5000 26.01 26.80 1012.8940
04440.5459 25.1875 25.0000 24.5000 26.01 26.80 1012.8940
04438.8706 25.1875 25.0000 24.5000 26.00 26.80 1012.8152
04439.1460 25.1875 25.0000 24.5000 26.00 26.80 1012.8152
04439.3584 25.1875 25.0000 24.5000 26.00 26.80 1012.8152
04439.1206 25.1875 25.0000 24.5000 26.00 26.80 1012.8152
04439.1709 25.1875 25.0000 24.5000 26.00 26.80 1012.8152
04439.1460 25.1875 25.0000 24.5000 26.00 26.80 1012.8152
04439.6460 25.1875 25.0000 24.5000 26.00 26.80 1012.8152
04417.0332 25.1875 25.0000 24.5000 26.00 26.80 1012.8152
04440.0835 25.1875 25.0000 24.5000 26.00 26.80 1012.8152
04439.4082 25.1875 25.0000 24.5000 26.00 26.80 1012.8152
04439.1206 25.1875 25.0000 24.5000 25.99 26.83 1012.7799
04438.8833 25.1875 25.0000 24.5000 25.99 26.83 1012.7799
04439.5957 25.1875 25.0000 24.5000 25.99 26.83 1012.7799
04439.5957 25.1875 25.0000 24.5000 25.99 26.83 1012.7799
04417.0708 25.1875 25.0000 24.5000 25.99 26.83 1012.7799
04440.3081 25.1875 25.0000 24.5000 25.99 26.83 1012.7799
04440.3081 25.1875 25.0000 24.5000 25.99 26.83 1012.7799
04439.1206 25.1875 25.0000 24.5000 25.99 26.83 1012.7799
04439.6333 25.1875 25.0000 24.5000 25.99 26.83 1012.7799
04439.1709 25.1875 25.0000 24.5000 25.99 26.83 1012.8613
04439.5957 25.1875 25.0000 24.5000 25.99 26.83 1012.8613
04439.1084 25.1875 25.0000 24.5000 25.99 26.83 1012.8613
04439.1460 25.1875 25.0000 24.5000 25.99 26.83 1012.8613
04439.3833 25.1875 25.0000 24.4375 25.99 26.83 1012.8613
04440.3584 25.1875 25.0000 24.4375 25.99 26.83 1012.8613
04417.0332 25.1875 25.0000 24.4375 25.99 26.83 1012.8613
04439.3833 25.1875 25.0000 24.4375 25.99 26.83 1012.8613
04439.1460 25.1875 25.0000 24.4375 25.99 26.83 1012.8613
04439.3584 25.1875 25.0000 24.4375 25.99 26.83 1012.8613
04439.3584 25.1875 25.0000 24.4375 25.99 26.83 1012.8342
04439.1460 25.1875 25.0000 24.4375 25.99 26.83 1012.8342
04440.5459 25.1875 25.0000 24.4375 25.99 26.83 1012.8342
04440.5957 25.1875 25.0000 24.4375 25.99 26.83 1012.8342
04440.3584 25.1875 25.0000 24.4375 25.99 26.83 1012.8342
04439.1084 25.1875 25.0000 24.4375 25.99 26.83 1012.8342
04439.1709 25.1875 25.0000 24.4375 25.99 26.83 1012.8342
04439.1709 25.1875 25.0000 24.4375 25.99 26.83 1012.8342
04439.1709 25.1875 25.0000 24.4375 25.99 26.83 1012.8342
04439.3584 25.1875 25.0000 24.4375 25.99 26.85 1012.8884
04439.1709 25.1875 25.0000 24.4375 25.99 26.85 1012.8884
04439.6460 25.1875 25.0000 24.4375 25.99 26.85 1012.8884
04440.5332 25.1875 25.0000 24.4375 25.99 26.85 1012.8884
04440.3081 25.1875 25.0000 24.4375 25.99 26.85 1012.8884
04439.3584 25.1875 25.0000 24.4375 25.99 26.85 1012.8884
04439.3584 25.1875 25.0000 24.4375 25.99 26.85 1012.8884
04439.1206 25.1875 25.0000 24.4375 25.99 26.85 1012.8884
04439.4082 25.1875 25.0000 24.4375 25.99 26.85 1012.8884
04439.4082 25.1875 25.0000 24.4375 25.98 26.85 1012.8446
04439.6460 25.1875 25.0000 24.3750 25.98 26.85 1012.8446
04417.0210 25.1875 25.0000 24.3750 25.98 26.85 1012.8446
04440.5332 25.1875 25.0000 24.3750 25.98 26.85 1012.8446
04439.1709 25.1875 25.0000 24.3750 25.98 26.85 1012.8446
04439.3457 25.1875 25.0000 24.3750 25.98 26.85 1012.8446
04439.1709 25.1875 25.0000 24.3750 25.98 26.85 1012.8446
04439.1206 25.1875 25.0000 24.3750 25.98 26.85 1012.8446
04439.4082 25.1875 25.0000 24.3750 25.98 26.85 1012.8446
#terjedesi                                       nyomas  ##
#ido(usec)  T1(C)   T2(C)   T3(C)  T4(C) para(%)  (hPa)
04439.3584 25.1875 25.0000 24.3750 25.98 26.85 1012.8446
04440.3584 25.1875 25.0000 24.3750 25.98 26.87 1012.8175
04416.5459 25.1875 25.0000 24.3750 25.98 26.87 1012.8175
04440.5835 25.1875 25.0000 24.3750 25.98 26.87 1012.8175
04439.1709 25.1875 25.0000 24.3750 25.98 26.87 1012.8175
04439.6460 25.1875 25.0000 24.3750 25.98 26.87 1012.8175
04439.4082 25.1875 25.0000 24.3750 25.98 26.87 1012.8175
04439.3457 25.1875 25.0000 24.3750 25.98 26.87 1012.8175
04439.6460 25.1875 25.0000 24.3750 25.98 26.87 1012.8175
04439.3584 25.1875 25.0000 24.3125 25.98 26.87 1012.8175
04440.5708 25.1875 25.0000 24.3125 25.98 26.87 1012.8175
04440.7710 25.1875 25.0000 24.3125 25.98 26.64 1012.8717
04440.3584 25.1875 25.0000 24.3125 25.98 26.64 1012.8717
04439.5957 25.1875 25.0000 24.3125 25.98 26.64 1012.8717
04439.5957 25.1875 25.0000 24.3125 25.98 26.64 1012.8717
04439.4082 25.1875 25.0000 24.3125 25.98 26.64 1012.8717
04439.8584 25.1875 25.0000 24.3125 25.98 26.64 1012.8717
04439.3833 25.1875 25.0000 24.3125 25.98 26.64 1012.8717
04439.3960 25.1875 25.0000 24.3125 25.98 26.64 1012.8717
04440.5459 25.1875 24.9375 24.3125 25.98 26.64 1012.8717
04440.5459 25.1875 24.9375 24.3125 25.97 26.88 1012.8011
04439.1709 25.1875 24.9375 24.3125 25.97 26.88 1012.8011
04439.3584 25.1875 24.9375 24.3125 25.97 26.88 1012.8011
04439.5957 25.1875 24.9375 24.3125 25.97 26.88 1012.8011
04439.4082 25.1875 24.9375 24.3125 25.97 26.88 1012.8011
04439.5835 25.1875 24.9375 24.3125 25.97 26.88 1012.8011
04439.4082 25.1875 24.9375 24.3125 25.97 26.88 1012.8011
04440.8335 25.1875 24.9375 24.3125 25.97 26.88 1012.8011
04440.3208 25.1875 24.9375 24.3125 25.97 26.88 1012.8011
04417.0835 25.1875 24.9375 24.3125 25.97 26.88 1012.8011
04439.6460 25.1875 24.9375 24.3125 25.97 26.89 1012.8554
04439.1709 25.1875 24.9375 24.3125 25.97 26.89 1012.8554
04439.3960 25.1875 24.9375 24.3125 25.97 26.89 1012.8554
04439.5957 25.1875 24.9375 24.3125 25.97 26.89 1012.8554
04439.1709 25.1875 24.9375 24.3125 25.97 26.89 1012.8554
04439.3706 25.1875 24.9375 24.3125 25.97 26.89 1012.8554
04440.2959 25.1875 24.9375 24.3125 25.97 26.89 1012.8554
04440.3457 25.1875 24.9375 24.3125 25.97 26.89 1012.8554
04439.5835 25.1875 24.9375 24.3125 25.97 26.89 1012.8554
04438.9082 25.1875 24.9375 24.3125 25.96 26.89 1012.8390
04439.4082 25.1875 24.9375 24.3125 25.96 26.89 1012.8390
04438.8706 25.1875 24.9375 24.3125 25.96 26.89 1012.8390
04439.4082 25.1875 24.9375 24.3125 25.96 26.89 1012.8390
04439.3584 25.1875 24.9375 24.3125 25.96 26.89 1012.8390
04440.5332 25.1875 24.9375 24.2500 25.96 26.89 1012.8390
04440.1206 25.1875 24.9375 24.2500 25.96 26.89 1012.8390
04440.3081 25.1875 24.9375 24.2500 25.96 26.89 1012.8390
04439.4082 25.1875 24.9375 24.2500 25.96 26.89 1012.8390
04439.1709 25.1875 24.9375 24.2500 25.96 26.89 1012.8390
04439.1460 25.1875 24.9375 24.2500 25.98 26.90 1012.8635
04439.3960 25.1875 24.9375 24.2500 25.98 26.90 1012.8635
04439.1709 25.1875 24.9375 24.2500 25.98 26.90 1012.8635
04439.8335 25.1875 24.9375 24.2500 25.98 26.90 1012.8635
04416.7959 25.1875 24.9375 24.2500 25.98 26.90 1012.8635
04440.2959 25.1875 24.9375 24.2500 25.98 26.90 1012.8635
04439.3833 25.1875 24.9375 24.2500 25.98 26.90 1012.8635
04439.3706 25.1875 24.9375 24.2500 25.98 26.90 1012.8635
04439.3584 25.1875 24.9375 24.2500 25.98 26.90 1012.8635
04439.1709 25.1875 24.9375 24.2500 25.96 26.91 1012.8932
04439.4082 25.1875 24.9375 24.2500 25.96 26.91 1012.8932
04439.4082 25.1875 24.9375 24.2500 25.96 26.91 1012.8932
04439.8833 25.1875 24.9375 24.2500 25.96 26.91 1012.8932
04440.7710 25.1875 24.9375 24.2500 25.96 26.91 1012.8932
04440.7710 25.1875 24.9375 24.2500 25.96 26.91 1012.8932
04439.8335 25.1875 24.9375 24.2500 25.96 26.91 1012.8932
04439.6084 25.1875 24.9375 24.2500 25.96 26.91 1012.8932
04439.6333 25.1875 24.9375 24.2500 25.96 26.91 1012.8932
04439.3584 25.1875 24.9375 24.2500 25.94 26.90 1012.8602
04439.4082 25.1875 24.9375 24.2500 25.94 26.90 1012.8602
04440.8081 25.1875 24.9375 24.2500 25.94 26.90 1012.8602
04440.3335 25.1875 24.9375 24.2500 25.94 26.90 1012.8602
04440.3335 25.1875 24.9375 24.2500 25.94 26.90 1012.8602
04439.5957 25.1875 24.9375 24.2500 25.94 26.90 1012.8602
#terjedesi                                       nyomas  ##
#ido(usec)  T1(C)   T2(C)   T3(C)  T4(C) para(%)  (hPa)
04439.4082 25.1875 24.9375 24.2500 25.94 26.90 1012.8602
04433.8960 25.1875 24.9375 24.2500 25.94 26.90 1012.8602
04439.8584 25.1875 24.9375 24.2500 25.94 26.90 1012.8602
04439.6206 25.1875 24.9375 24.2500 25.94 26.90 1012.8602
04439.4082 25.1875 24.9375 24.2500 25.95 26.94 1012.9040
04439.5835 25.1875 24.9375 24.2500 25.95 26.94 1012.9040
04440.5957 25.1875 24.9375 24.2500 25.95 26.94 1012.9040
04440.5957 25.1875 24.9375 24.2500 25.95 26.94 1012.9040
04439.5957 25.1875 24.9375 24.2500 25.95 26.94 1012.9040
04439.3960 25.1875 24.9375 24.2500 25.95 26.94 1012.9040
04439.4082 25.1875 24.9375 24.2500 25.95 26.94 1012.9040
04439.3960 25.1875 24.9375 24.2500 25.95 26.94 1012.9040
04439.1206 25.1875 24.9375 24.2500 25.95 26.94 1012.9040
04440.7832 25.1875 24.8750 24.2500 25.94 26.93 1012.8602
04440.2959 25.1875 24.8750 24.2500 25.94 26.93 1012.8602
04440.5957 25.1875 24.8750 24.2500 25.94 26.93 1012.8602
04439.3457 25.1875 24.8750 24.2500 25.94 26.93 1012.8602
04439.4082 25.1875 24.8750 24.2500 25.94 26.93 1012.8602
04439.5835 25.1875 24.8750 24.2500 25.94 26.93 1012.8602
04439.3457 25.1875 24.8750 24.2500 25.94 26.93 1012.8602
04439.5835 25.1875 24.8750 24.2500 25.94 26.93 1012.8602
04438.9331 25.1875 24.8750 24.2500 25.94 26.93 1012.8602
04439.6460 25.1875 24.8750 24.2500 25.94 26.93 1012.8602
04440.3081 25.1875 24.8750 24.2500 25.94 26.94 1012.8059
04440.5835 25.1875 24.8750 24.2500 25.94 26.94 1012.8059
04439.3833 25.1875 24.8750 24.2500 25.94 26.94 1012.8059
04439.3457 25.1875 24.8750 24.2500 25.94 26.94 1012.8059
04439.1582 25.1875 24.8750 24.2500 25.94 26.94 1012.8059
04439.5957 25.1875 24.8750 24.2500 25.94 26.94 1012.8059
04439.6333 25.1875 24.8750 24.2500 25.94 26.94 1012.8059
04440.5459 25.1875 24.8750 24.2500 25.94 26.94 1012.8059
04441.0708 25.1875 24.8750 24.2500 25.94 26.94 1012.8059
04440.5957 25.1875 24.8750 24.2500 25.93 26.93 1012.8981
04439.1709 25.1875 24.8750 24.2500 25.93 26.93 1012.8981
04439.6333 25.1875 24.8750 24.2500 25.93 26.93 1012.8981
04439.4082 25.1875 24.8750 24.2500 25.93 26.93 1012.8981
04439.1709 25.1875 24.8750 24.2500 25.93 26.93 1012.8981
04439.4082 25.1875 24.8750 24.2500 25.93 26.93 1012.8981
04439.1709 25.1875 24.8750 24.2500 25.93 26.93 1012.8981
04439.5957 25.1875 24.8750 24.2500 25.93 26.93 1012.8981
04440.8208 25.1875 24.8750 24.2500 25.93 26.93 1012.8981
04417.5332 25.1875 24.8750 24.2500 25.93 26.93 1012.8981
04439.4082 25.1875 24.8750 24.2500 25.92 26.93 1012.8275
04439.8584 25.1875 24.8750 24.2500 25.92 26.93 1012.8275
04439.3584 25.1875 24.8750 24.2500 25.92 26.93 1012.8275
04439.8208 25.1875 24.8750 24.2500 25.92 26.93 1012.8275
04439.8208 25.1875 24.8750 24.2500 25.92 26.93 1012.8275
04440.3081 25.1875 24.8750 24.1875 25.92 26.93 1012.8275
04440.5581 25.1875 24.8750 24.1875 25.92 26.93 1012.8275
04440.5332 25.1875 24.8750 24.1875 25.92 26.93 1012.8275
04439.1460 25.1875 24.8750 24.1875 25.92 26.93 1012.8275
04439.3584 25.1875 24.8750 24.1875 25.93 26.93 1012.8438
04439.3833 25.1875 24.8750 24.1875 25.93 26.93 1012.8438
04439.3584 25.1875 24.8750 24.1875 25.93 26.93 1012.8438
04439.4082 25.1875 24.8750 24.1875 25.93 26.93 1012.8438
04439.3706 25.1875 24.8750 24.1875 25.93 26.93 1012.8438
04440.5459 25.1875 24.8750 24.1875 25.93 26.93 1012.8438
04440.5957 25.1875 24.8750 24.1875 25.93 26.93 1012.8438
04440.5459 25.1875 24.8750 24.1875 25.93 26.93 1012.8438
04439.5957 25.1875 24.8750 24.1875 25.93 26.93 1012.8438
04439.1582 25.1875 24.8750 24.1875 25.92 26.94 1012.8004
04439.5957 25.1875 24.8750 24.1875 25.92 26.94 1012.8004
04439.6460 25.1875 24.8750 24.1875 25.92 26.94 1012.8004
04439.8833 25.1875 24.8750 24.1875 25.92 26.94 1012.8004
04439.8584 25.1875 24.8750 24.1875 25.92 26.94 1012.8004
04440.5581 25.1875 24.8750 24.1875 25.92 26.94 1012.8004
04440.7832 25.1875 24.8750 24.1875 25.92 26.94 1012.8004
04440.5708 25.1875 24.8750 24.1875 25.92 26.94 1012.8004
04439.3960 25.1875 24.8750 24.1875 25.92 26.94 1012.8004
04439.4082 25.1875 24.8750 24.1875 25.92 26.94 1012.8004
04438.8960 25.1875 24.8750 24.1875 25.92 26.94 1012.8004
04439.1333 25.1875 24.8750 24.1875 25.92 26.93 1012.8275
04439.3584 25.1875 24.8750 24.1875 25.92 26.93 1012.8275
#terjedesi                                       nyomas  ##
#ido(usec)  T1(C)   T2(C)   T3(C)  T4(C) para(%)  (hPa)
04439.6206 25.1875 24.8750 24.1875 25.92 26.93 1012.8275
04440.5835 25.1875 24.8750 24.1875 25.92 26.93 1012.8275
04440.3584 25.1875 24.8750 24.1875 25.92 26.93 1012.8275
04439.1333 25.1875 24.8750 24.1875 25.92 26.93 1012.8275
04439.3584 25.1875 24.8750 24.1875 25.92 26.93 1012.8275
04439.5957 25.1875 24.8750 24.1875 25.92 26.93 1012.8275
04439.1709 25.1875 24.8750 24.1875 25.92 26.93 1012.8817
04439.3706 25.1875 24.8750 24.1875 25.92 26.93 1012.8817
04439.3833 25.1875 24.8750 24.1875 25.92 26.93 1012.8817
04440.5332 25.1875 24.8750 24.1875 25.92 26.93 1012.8817
04440.5459 25.1875 24.8750 24.1875 25.92 26.93 1012.8817
04440.7710 25.1875 24.8750 24.1875 25.92 26.93 1012.8817
04439.5957 25.1875 24.8750 24.1875 25.92 26.93 1012.8817
04439.4082 25.1875 24.8750 24.1875 25.92 26.93 1012.8817
04439.8208 25.1875 24.8750 24.1875 25.92 26.93 1012.8817
04439.3457 25.1875 24.8750 24.1875 25.92 26.93 1012.8817
04439.8335 25.1875 24.8750 24.1875 25.92 26.95 1012.8275
04439.3833 25.1875 24.8750 24.1875 25.92 26.95 1012.8275
04440.3081 25.1875 24.8125 24.1875 25.92 26.95 1012.8275
04417.2710 25.1875 24.8125 24.1875 25.92 26.95 1012.8275
04439.5835 25.1875 24.8125 24.1875 25.92 26.95 1012.8275
04439.6084 25.1875 24.8125 24.1875 25.92 26.95 1012.8275
04439.8706 25.1875 24.8125 24.1875 25.92 26.95 1012.8275
04439.3457 25.1875 24.8125 24.1875 25.92 26.95 1012.8275
04439.3584 25.1875 24.8125 24.1875 25.92 26.95 1012.8275
04439.5957 25.1875 24.8125 24.1875 25.92 26.95 1012.8275
04440.3335 25.1875 24.8125 24.1875 25.92 26.95 1012.8464
04417.3208 25.1875 24.8125 24.1875 25.92 26.95 1012.8464
04440.5957 25.1875 24.8125 24.1875 25.92 26.95 1012.8464
04439.6206 25.1875 24.8125 24.1875 25.92 26.95 1012.8464
04439.5957 25.1875 24.8125 24.1875 25.92 26.95 1012.8464
04439.5957 25.1875 24.8125 24.1875 25.92 26.95 1012.8464
04440.0835 25.1875 24.8125 24.1875 25.92 26.95 1012.8464
04439.5957 25.1875 24.8125 24.1875 25.92 26.95 1012.8464
04440.3081 25.1875 24.8750 24.2500 25.92 26.95 1012.8464
04440.7710 25.1875 24.8750 24.2500 25.92 26.94 1012.8546
04440.5708 25.1875 24.8750 24.2500 25.92 26.94 1012.8546
04439.1582 25.1875 24.8750 24.2500 25.92 26.94 1012.8546
04439.4082 25.1875 24.8750 24.2500 25.92 26.94 1012.8546
04439.6460 25.1875 24.8750 24.2500 25.92 26.94 1012.8546
04439.3457 25.1875 24.8750 24.2500 25.92 26.94 1012.8546
04439.6206 25.1875 24.8750 24.2500 25.92 26.94 1012.8546
04439.3457 25.1875 24.8750 24.2500 25.92 26.94 1012.8546
04439.5835 25.1875 24.8125 24.1875 25.92 26.94 1012.8546
04441.0459 25.1875 24.8125 24.1875 25.92 26.94 1012.8546
04440.7832 25.1875 24.8125 24.1875 25.91 26.96 1012.8653
04439.1709 25.1875 24.8125 24.1875 25.91 26.96 1012.8653
04439.4082 25.1875 24.8125 24.1875 25.91 26.96 1012.8653
04439.1460 25.1875 24.8125 24.1875 25.91 26.96 1012.8653
04439.1709 25.1875 24.8125 24.1875 25.91 26.96 1012.8653
04439.3833 25.1875 24.8125 24.1875 25.91 26.96 1012.8653
04440.7832 25.1875 24.8125 24.1875 25.91 26.96 1012.8653
04440.7832 25.1875 24.8125 24.1875 25.91 26.96 1012.8653
04440.5708 25.1875 24.8125 24.1875 25.91 26.96 1012.8653
04439.3457 25.1875 24.8125 24.1875 25.91 26.97 1012.8027
04439.5957 25.1875 24.8125 24.1875 25.91 26.97 1012.8027
04439.6460 25.1875 24.8125 24.1875 25.91 26.97 1012.8027
04439.4082 25.1875 24.8125 24.1875 25.91 26.97 1012.8027
04439.3457 25.1875 24.8125 24.1875 25.91 26.97 1012.8027
04439.3457 25.1875 24.8125 24.1875 25.91 26.97 1012.8027
04439.3457 25.1875 24.8125 24.1875 25.91 26.97 1012.8027
04440.5957 25.1875 24.8125 24.1875 25.91 26.97 1012.8027
04440.3584 25.1875 24.8125 24.1875 25.91 26.97 1012.8027
04439.3706 25.1875 24.8125 24.1875 25.91 26.97 1012.8027
04439.3833 25.1875 24.8125 24.1875 25.91 26.98 1012.8569
04439.3960 25.1875 24.8125 24.1875 25.91 26.98 1012.8569
04439.3960 25.1875 24.8125 24.1875 25.91 26.98 1012.8569
04439.5957 25.1875 24.8125 24.1875 25.91 26.98 1012.8569
04440.5708 25.1875 24.8125 24.1875 25.91 26.98 1012.8569
04440.3457 25.1875 24.8125 24.1875 25.91 26.98 1012.8569
04440.5957 25.1875 24.8125 24.1875 25.91 26.98 1012.8569
04439.6460 25.1875 24.8125 24.1875 25.91 26.98 1012.8569
04439.3584 25.1875 24.8125 24.1875 25.91 26.98 1012.8569
#terjedesi                                       nyomas  ##
#ido(usec)  T1(C)   T2(C)   T3(C)  T4(C) para(%)  (hPa)
04439.6084 25.1875 24.8125 24.1875 25.90 27.00 1012.8487
04439.4082 25.1875 24.8125 24.1875 25.90 27.00 1012.8487
04439.6460 25.1875 24.8125 24.1875 25.90 27.00 1012.8487
04439.1709 25.1875 24.8125 24.1875 25.90 27.00 1012.8487
04439.3584 25.1875 24.8125 24.1875 25.90 27.00 1012.8487
04440.7710 25.1875 24.8125 24.1875 25.90 27.00 1012.8487
04440.7832 25.1875 24.8125 24.1875 25.90 27.00 1012.8487
04439.4082 25.1875 24.8125 24.1875 25.90 27.00 1012.8487
04439.3584 25.1875 24.8125 24.1875 25.90 27.00 1012.8487
04439.1206 25.1875 24.8125 24.1875 25.90 26.99 1012.7944
04439.5957 25.1875 24.8125 24.1875 25.90 26.99 1012.7944
04439.6206 25.1875 24.8125 24.1875 25.90 26.99 1012.7944
04440.7832 25.1875 24.8125 24.1875 25.90 26.99 1012.7944
04440.5459 25.1875 24.8125 24.1875 25.90 26.99 1012.7944
04440.3584 25.1875 24.8125 24.1875 25.90 26.99 1012.7944
04439.1709 25.1875 24.8125 24.1875 25.90 26.99 1012.7944
04439.1709 25.1875 24.8125 24.1875 25.90 26.99 1012.7944
04439.3457 25.1875 24.8125 24.1875 25.90 26.99 1012.7944
04439.5835 25.1875 24.8125 24.1875 25.90 26.99 1012.7944
04439.6460 25.1875 24.8125 24.1875 25.90 26.99 1012.7944
04439.4082 25.1875 24.8125 24.1875 25.90 26.99 1012.7944
04439.3833 25.1875 24.8125 24.1875 25.90 26.99 1012.7944
04440.3081 25.1875 24.8125 24.1875 25.90 26.99 1012.7944
04440.2959 25.1875 24.8125 24.1875 25.90 26.99 1012.7944
04439.1460 25.1875 24.8125 24.1875 25.90 26.99 1012.7944
04439.1206 25.1875 24.8125 24.1875 25.90 26.99 1012.7944
04439.4082 25.1875 24.8125 24.1875 25.90 26.99 1012.7944
04439.4082 25.1875 24.8125 24.1875 25.90 26.99 1012.7944
04439.3584 25.1875 24.8125 24.1875 25.90 27.00 1012.8758
04439.6460 25.1875 24.8125 24.2500 25.90 27.00 1012.8758
04440.5835 25.1875 24.8125 24.2500 25.90 27.00 1012.8758
04440.5459 25.1875 24.8125 24.2500 25.90 27.00 1012.8758
04439.6333 25.1875 24.8125 24.2500 25.90 27.00 1012.8758
04439.6333 25.1875 24.8125 24.2500 25.90 27.00 1012.8758
04439.6084 25.1875 24.8125 24.2500 25.90 27.00 1012.8758
04439.4082 25.1875 24.8125 24.2500 25.90 27.00 1012.8758
04439.3960 25.1875 24.8125 24.2500 25.90 27.00 1012.8758
04439.4082 25.1875 24.8125 24.2500 25.90 27.00 1012.8758
04440.5459 25.1875 24.8125 24.1875 25.90 27.00 1012.8487
04440.3584 25.1875 24.8125 24.1875 25.90 27.00 1012.8487
04440.7832 25.1875 24.8125 24.1875 25.90 27.00 1012.8487
04439.3584 25.1875 24.8125 24.1875 25.90 27.00 1012.8487
04439.3584 25.1875 24.8125 24.1875 25.90 27.00 1012.8487
04439.3584 25.1875 24.8125 24.1875 25.90 27.00 1012.8487
04439.6460 25.1875 24.8125 24.1875 25.90 27.00 1012.8487
04439.4082 25.1875 24.8125 24.1875 25.90 27.00 1012.8487
04439.4082 25.1875 24.8125 24.1875 25.90 27.00 1012.8487
04440.5957 25.1875 24.8125 24.1875 25.90 26.99 1012.7944
04440.5957 25.1875 24.8125 24.1875 25.90 26.99 1012.7944
04440.3584 25.1875 24.8125 24.1875 25.90 26.99 1012.7944
04439.1333 25.1875 24.8125 24.1875 25.90 26.99 1012.7944
04439.6460 25.1875 24.8125 24.1875 25.90 26.99 1012.7944
04439.3706 25.1875 24.8125 24.1875 25.90 26.99 1012.7944
04439.8584 25.1875 24.8125 24.1875 25.90 26.99 1012.7944
04439.5957 25.1875 24.8125 24.1875 25.90 26.99 1012.7944
04439.4082 25.1875 24.8125 24.1875 25.90 26.99 1012.7944
04440.5332 25.1875 24.8125 24.1875 25.90 26.99 1012.7944
04440.5708 25.1875 24.8125 24.1875 25.89 27.01 1012.7971
04439.3706 25.1875 24.8125 24.1875 25.89 27.01 1012.7971
04439.6206 25.1875 24.8125 24.1875 25.89 27.01 1012.7971
04439.6206 25.1875 24.8125 24.1875 25.89 27.01 1012.7971
04439.6460 25.1875 24.8125 24.1875 25.89 27.01 1012.7971
04439.4082 25.1875 24.8125 24.1875 25.89 27.01 1012.7971
04439.8833 25.1875 24.8125 24.1875 25.89 27.01 1012.7971
04440.5957 25.1875 24.8125 24.1875 25.89 27.01 1012.7971
04440.5835 25.1875 24.8125 24.1875 25.89 27.01 1012.7971
04440.3584 25.1875 24.8125 24.1875 25.89 27.02 1012.8052
04439.1709 25.1875 24.8125 24.1875 25.89 27.02 1012.8052
04439.3960 25.1875 24.8125 24.1875 25.89 27.02 1012.8052
04439.6460 25.1875 24.8125 24.1875 25.89 27.02 1012.8052
04439.8335 25.1875 24.8125 24.1875 25.89 27.02 1012.8052
04439.8335 25.1875 24.8125 24.1875 25.89 27.02 1012.8052
04439.6084 25.1875 24.8125 24.1875 25.89 27.02 1012.8052
#terjedesi                                       nyomas  ##
#ido(usec)  T1(C)   T2(C)   T3(C)  T4(C) para(%)  (hPa)
04440.5957 25.1875 24.7500 24.1875 25.89 27.02 1012.8052
04440.5957 25.1875 24.7500 24.1875 25.89 27.02 1012.8052
04439.4082 25.1875 24.7500 24.1875 25.88 27.01 1012.8702
04439.8208 25.1875 24.7500 24.1875 25.88 27.01 1012.8702
04439.5835 25.1875 24.7500 24.1875 25.88 27.01 1012.8702
04439.8457 25.1875 24.7500 24.1875 25.88 27.01 1012.8702
04439.4082 25.1875 24.7500 24.1875 25.88 27.01 1012.8702
04439.6460 25.1875 24.7500 24.1875 25.88 27.01 1012.8702
04440.8081 25.1875 24.7500 24.1875 25.88 27.01 1012.8702
04440.8208 25.1875 24.7500 24.1875 25.88 27.01 1012.8702
04441.0210 25.1875 24.7500 24.1875 25.88 27.01 1012.8702
04439.8833 25.1875 24.7500 24.1875 25.88 27.01 1012.8702
04439.4082 25.1875 24.7500 24.1875 25.88 27.01 1012.8702
04439.4082 25.1875 24.7500 24.1875 25.89 27.02 1012.8594
04439.6460 25.1875 24.7500 24.1875 25.89 27.02 1012.8594
04439.8335 25.1875 24.7500 24.1875 25.89 27.02 1012.8594
04440.1084 25.1875 24.7500 24.1875 25.89 27.02 1012.8594
04440.5459 25.1875 24.7500 24.1875 25.89 27.02 1012.8594
04440.5957 25.1875 24.7500 24.1875 25.89 27.02 1012.8594
04439.3706 25.1875 24.7500 24.1875 25.89 27.02 1012.8594
04439.5957 25.1875 24.7500 24.1875 25.89 27.02 1012.8594
04439.3457 25.1875 24.7500 24.1875 25.88 27.02 1012.8702
04439.3706 25.1875 24.7500 24.1875 25.88 27.02 1012.8702
04439.4082 25.1875 24.7500 24.1875 25.88 27.02 1012.8702
04439.4082 25.1875 24.7500 24.1875 25.88 27.02 1012.8702
04439.8208 25.1875 24.7500 24.1875 25.88 27.02 1012.8702
04440.5459 25.1875 24.7500 24.1875 25.88 27.02 1012.8702
04440.5835 25.1875 24.7500 24.1875 25.88 27.02 1012.8702
04439.4082 25.1875 24.7500 24.1875 25.88 27.02 1012.8702
04439.3706 25.1875 24.7500 24.1875 25.88 27.02 1012.8702
04439.6084 25.1875 24.7500 24.1875 25.88 27.02 1012.8702
04439.6460 25.1875 24.7500 24.1875 25.87 27.04 1012.7996
04439.3584 25.1875 24.7500 24.1875 25.87 27.04 1012.7996
04440.8335 25.1875 24.7500 24.1875 25.87 27.04 1012.7996
04440.5459 25.1875 24.7500 24.1875 25.87 27.04 1012.7996
04440.5957 25.1875 24.7500 24.1875 25.87 27.04 1012.7996
04439.6460 25.1875 24.7500 24.1875 25.87 27.04 1012.7996
04439.8457 25.1875 24.7500 24.1875 25.87 27.04 1012.7996
04439.6084 25.1875 24.7500 24.1875 25.87 27.04 1012.7996
04439.3706 25.1875 24.7500 24.1875 25.87 27.04 1012.7996
04441.7334 25.1875 24.7500 24.1875 25.87 27.04 1012.7996
04439.4082 25.1875 24.7500 24.1875 25.87 27.06 1012.8892
04418.4956 25.1875 24.7500 24.1875 25.87 27.06 1012.8892
04440.5459 25.1875 24.7500 24.1875 25.87 27.06 1012.8892
04440.3335 25.1875 24.7500 24.1875 25.87 27.06 1012.8892
04439.5957 25.1875 24.7500 24.1875 25.87 27.06 1012.8892
04439.4082 25.1875 24.7500 24.1875 25.87 27.06 1012.8892
04439.8457 25.1875 24.7500 24.1875 25.87 27.06 1012.8892
04439.6460 25.1875 24.7500 24.1875 25.87 27.06 1012.8892
04439.5957 25.1875 24.7500 24.1875 25.87 27.06 1012.8892
04440.2959 25.1875 24.7500 24.1875 25.88 27.04 1012.8159
04440.5459 25.1875 24.7500 24.1875 25.88 27.04 1012.8159
04440.3081 25.1875 24.7500 24.1875 25.88 27.04 1012.8159
04439.3584 25.1875 24.7500 24.1875 25.88 27.04 1012.8159
04439.1582 25.1875 24.7500 24.1875 25.88 27.04 1012.8159
04418.4834 25.1875 24.7500 24.1875 25.88 27.04 1012.8159
04439.5957 25.1875 24.7500 24.1875 25.88 27.04 1012.8159
04439.3706 25.1875 24.7500 24.1875 25.88 27.04 1012.8159
04418.4956 25.1875 24.7500 24.1875 25.88 27.04 1012.8159
04439.6333 25.1875 24.7500 24.1875 25.88 27.04 1012.8159
04440.5459 25.1875 24.7500 24.1875 25.89 27.05 1012.8242
04440.3335 25.1875 24.7500 24.1875 25.89 27.05 1012.8242
04439.3584 25.1875 24.7500 24.1875 25.89 27.05 1012.8242
04439.3584 25.1875 24.7500 24.1875 25.89 27.05 1012.8242
04439.3584 25.1875 24.7500 24.1875 25.89 27.05 1012.8242
04439.1206 25.1875 24.7500 24.1875 25.89 27.05 1012.8242
04439.1709 25.1875 24.7500 24.1875 25.89 27.05 1012.8242
04440.7832 25.1875 24.7500 24.1875 25.89 27.05 1012.8242
04440.5332 25.1875 24.7500 24.1875 25.89 27.05 1012.8242
04440.8335 25.1875 24.7500 24.1875 25.86 27.05 1012.7911
04418.7207 25.1875 24.7500 24.1875 25.86 27.05 1012.7911
04439.3960 25.1875 24.7500 24.1875 25.86 27.05 1012.7911
04439.3960 25.1875 24.7500 24.1875 25.86 27.05 1012.7911
#terjedesi                                       nyomas  ##
#ido(usec)  T1(C)   T2(C)   T3(C)  T4(C) para(%)  (hPa)
04439.6460 25.1875 24.7500 24.1875 25.86 27.05 1012.7911
04439.4082 25.1875 24.7500 24.1875 25.86 27.05 1012.7911
04439.6084 25.1875 24.7500 24.1875 25.86 27.05 1012.7911
04438.9331 25.1875 24.6875 24.1875 25.86 27.05 1012.7911
04440.5332 25.1875 24.6875 24.1875 25.86 27.05 1012.7911
04440.3457 25.1875 24.6875 24.1875 25.86 27.05 1012.7911
04418.2710 25.1875 24.6875 24.1875 25.87 27.05 1012.8538
04418.2207 25.1875 24.6875 24.1875 25.87 27.05 1012.8538
04418.2710 25.1875 24.6875 24.1875 25.87 27.05 1012.8538
04439.1206 25.1875 24.6875 24.1875 25.87 27.05 1012.8538
04439.1460 25.1875 24.6875 24.1875 25.87 27.05 1012.8538
04439.8457 25.1875 24.7500 24.1875 25.87 27.05 1012.8538
04440.3208 25.1875 24.7500 24.1875 25.87 27.05 1012.8538
04440.5459 25.1875 24.7500 24.1875 25.87 27.05 1012.8538
04418.0210 25.1875 24.7500 24.1875 25.87 27.05 1012.8538
04418.4458 25.1875 24.7500 24.1875 25.85 27.04 1012.7937
04439.3584 25.1875 24.7500 24.1875 25.85 27.04 1012.7937
04439.1582 25.1875 24.7500 24.1875 25.85 27.04 1012.7937
04439.3833 25.1875 24.7500 24.1875 25.85 27.04 1012.7937
04418.4707 25.1875 24.7500 24.1875 25.85 27.04 1012.7937
04440.2959 25.1875 24.6875 24.1875 25.85 27.04 1012.7937
04440.5708 25.1875 24.6875 24.1875 25.85 27.04 1012.7937
04440.3081 25.1875 24.6875 24.1875 25.85 27.04 1012.7937
04439.6333 25.1875 24.6875 24.1875 25.85 27.04 1012.7937
04439.8335 25.1875 24.6875 24.1875 25.85 27.05 1012.8208
04418.4585 25.1875 24.6875 24.1875 25.85 27.05 1012.8208
04439.6084 25.1875 24.6875 24.1875 25.85 27.05 1012.8208
04439.4082 25.1875 24.6875 24.1875 25.85 27.05 1012.8208
04439.3833 25.1875 24.6875 24.1875 25.85 27.05 1012.8208
04440.1206 25.1875 24.6875 24.1875 25.85 27.05 1012.8208
04439.8833 25.1875 24.6875 24.1875 25.85 27.05 1012.8208
04440.0708 25.1875 24.6875 24.1875 25.85 27.05 1012.8208
04418.0210 25.1875 24.6875 24.1875 25.85 27.05 1012.8208
04418.2085 25.1875 24.6875 24.1875 25.85 27.05 1012.8208
04418.4585 25.1875 24.6875 24.1875 25.86 27.05 1012.8371
04418.2207 25.1875 24.6875 24.1875 25.86 27.05 1012.8371
04441.7207 25.1875 24.6875 24.1875 25.86 27.05 1012.8371
04439.3584 25.1875 24.6875 24.1875 25.86 27.05 1012.8371
04440.0708 25.1875 24.6875 24.1250 25.86 27.05 1012.8371
04440.3335 25.1875 24.6875 24.1250 25.86 27.05 1012.8371
04439.6206 25.1875 24.6875 24.1250 25.86 27.05 1012.8371
04439.5957 25.1875 24.6875 24.1250 25.86 27.05 1012.8371
04439.3584 25.1875 24.6875 24.1250 25.86 27.05 1012.8371
04439.3584 25.1875 24.6875 24.1250 25.85 27.04 1012.8290
04439.4082 25.1875 24.6875 24.1250 25.85 27.04 1012.8290
04439.5957 25.1875 24.6875 24.1250 25.85 27.04 1012.8290
04440.7710 25.1875 24.6875 24.1875 25.85 27.04 1012.8290
04440.3584 25.1875 24.6875 24.1875 25.85 27.04 1012.8290
04440.5835 25.1875 24.6875 24.1875 25.85 27.04 1012.8290
04439.5957 25.1875 24.6875 24.1875 25.85 27.04 1012.8290
04418.4834 25.1875 24.6875 24.1875 25.85 27.04 1012.8290
04439.8335 25.1875 24.6875 24.1875 25.85 27.04 1012.8290
04439.8833 25.1875 24.6875 24.1875 25.85 27.04 1012.8290
04439.3960 25.1875 24.6875 24.1875 25.84 27.06 1012.8586
04439.8457 25.1875 24.6875 24.1875 25.84 27.06 1012.8586
04441.0459 25.1875 24.6875 24.1875 25.84 27.06 1012.8586
04441.3081 25.1875 24.6875 24.1875 25.84 27.06 1012.8586
04440.3457 25.1875 24.6875 24.1875 25.84 27.06 1012.8586
04439.8706 25.1875 24.6875 24.1875 25.84 27.06 1012.8586
04439.6460 25.1875 24.6875 24.1875 25.84 27.06 1012.8586
04439.3833 25.1875 24.6875 24.1875 25.84 27.06 1012.8586
04439.3584 25.1875 24.6875 24.1875 25.84 27.06 1012.8586
04439.5957 25.1875 24.6875 24.1875 25.84 27.06 1012.8044
04440.3081 25.1875 24.6875 24.1875 25.84 27.06 1012.8044
04440.5957 25.1875 24.6875 24.1875 25.84 27.06 1012.8044
04440.5459 25.1875 24.6875 24.1875 25.84 27.06 1012.8044
04439.6333 25.1875 24.6875 24.1875 25.84 27.06 1012.8044
04439.3584 25.1875 24.6875 24.1875 25.84 27.06 1012.8044
04439.6460 25.1875 24.6875 24.1875 25.84 27.06 1012.8044
04440.0708 25.1875 24.6875 24.1875 25.84 27.06 1012.8044
04439.3706 25.1875 24.6875 24.1875 25.84 27.06 1012.8044
04439.8457 25.1875 24.6875 24.1875 25.84 27.06 1012.8044
04440.5332 25.1875 24.6875 24.1875 25.84 27.07 1012.8668
#terjedesi                                       nyomas  ##
#ido(usec)  T1(C)   T2(C)   T3(C)  T4(C) para(%)  (hPa)
04440.8335 25.1875 24.6875 24.1875 25.84 27.07 1012.8668
04439.8335 25.1875 24.6875 24.1875 25.84 27.07 1012.8668
04439.8208 25.1875 24.6875 24.1875 25.84 27.07 1012.8668
04439.8208 25.1875 24.6875 24.1875 25.84 27.07 1012.8668
04439.6460 25.1875 24.6875 24.1875 25.84 27.07 1012.8668
04439.8335 25.1875 24.6875 24.1875 25.84 27.07 1012.8668
04439.8706 25.1875 24.6875 24.1875 25.84 27.07 1012.8668
04439.8833 25.1875 24.6875 24.1250 25.84 27.07 1012.8668
04440.8208 25.1875 24.6875 24.1250 25.84 27.07 1012.8668
04440.8208 25.1875 24.6875 24.1250 25.83 27.07 1012.7880
04439.6460 25.1875 24.6875 24.1250 25.83 27.07 1012.7880
04439.6333 25.1875 24.6875 24.1250 25.83 27.07 1012.7880
04439.6333 25.1875 24.6875 24.1250 25.83 27.07 1012.7880
04439.5957 25.1875 24.6875 24.1250 25.83 27.07 1012.7880
04439.5957 25.1875 24.6875 24.1250 25.83 27.07 1012.7880
04440.5459 25.1875 24.6875 24.1250 25.83 27.07 1012.7880
04440.5957 25.1875 24.6875 24.1250 25.83 27.07 1012.7880
04440.8335 25.1875 24.6875 24.1250 25.82 27.08 1012.7714
04439.6333 25.1875 24.6875 24.1250 25.82 27.08 1012.7714
04439.4082 25.1875 24.6875 24.1250 25.82 27.08 1012.7714
04440.1206 25.1875 24.6875 24.1250 25.82 27.08 1012.7714
04440.0581 25.1875 24.6875 24.1250 25.82 27.08 1012.7714
04439.8335 25.1875 24.6875 24.1250 25.82 27.08 1012.7714
04439.6460 25.1875 24.6875 24.1250 25.82 27.08 1012.7714
04439.6460 25.1875 24.6875 24.1250 25.82 27.08 1012.7714
04440.8335 25.1875 24.6875 24.1250 25.82 27.08 1012.7714
04440.5957 25.1875 24.6875 24.1250 25.82 27.08 1012.7714
04418.6831 25.1875 24.6875 24.1250 25.83 27.08 1012.8423
04439.6460 25.1875 24.6875 24.1250 25.83 27.08 1012.8423
04439.8208 25.1875 24.6875 24.1250 25.83 27.08 1012.8423
04439.8833 25.1875 24.6875 24.1250 25.83 27.08 1012.8423
04439.6460 25.1875 24.6875 24.1250 25.83 27.08 1012.8423
04440.7832 25.1875 24.6875 24.1875 25.83 27.08 1012.8423
04440.7710 25.1875 24.6875 24.1875 25.83 27.08 1012.8423
04440.3584 25.1875 24.6875 24.1875 25.83 27.08 1012.8423
04439.1709 25.1875 24.6875 24.1875 25.83 27.08 1012.8423
04418.4585 25.1875 24.6875 24.1875 25.83 27.08 1012.8423
04439.6460 25.1875 24.6875 24.1875 25.82 27.09 1012.8798
04439.8208 25.1875 24.6875 24.1875 25.82 27.09 1012.8798
04439.8335 25.1875 24.6875 24.1875 25.82 27.09 1012.8798
04439.8833 25.1875 24.6875 24.1875 25.82 27.09 1012.8798
04439.8457 25.1250 24.6875 24.1250 25.82 27.09 1012.8798
04441.2959 25.1250 24.6875 24.1250 25.82 27.09 1012.8798
04440.5957 25.1250 24.6875 24.1250 25.82 27.09 1012.8798
04439.6206 25.1250 24.6875 24.1250 25.82 27.09 1012.8798
04439.8833 25.1250 24.6875 24.1250 25.82 27.09 1012.8798
04439.8335 25.1250 24.6875 24.1250 25.81 27.08 1012.8174
04439.8335 25.1250 24.6875 24.1250 25.81 27.08 1012.8174
04439.6460 25.1250 24.6875 24.1250 25.81 27.08 1012.8174
04441.0708 25.1875 24.6875 24.1250 25.81 27.08 1012.8174
04440.3584 25.1875 24.6875 24.1250 25.81 27.08 1012.8174
04440.8335 25.1875 24.6875 24.1250 25.81 27.08 1012.8174
04418.4458 25.1875 24.6875 24.1250 25.81 27.08 1012.8174
04439.8833 25.1875 24.6875 24.1250 25.81 27.08 1012.8174
04439.8208 25.1875 24.6875 24.1250 25.81 27.08 1012.8174
04439.8833 25.1875 24.6875 24.1250 25.81 27.08 1012.8174
04439.8335 25.1875 24.6875 24.1250 25.81 27.10 1012.8174
04439.6460 25.1875 24.6875 24.1250 25.81 27.10 1012.8174
04439.8208 25.1875 24.6875 24.1250 25.81 27.10 1012.8174
04440.7832 25.1875 24.6875 24.1250 25.81 27.10 1012.8174
04441.0210 25.1875 24.6875 24.1250 25.81 27.10 1012.8174
04439.3584 25.1875 24.6875 24.1250 25.81 27.10 1012.8174
04439.5957 25.1875 24.6875 24.1250 25.81 27.10 1012.8174
04439.5957 25.1875 24.6875 24.1250 25.81 27.10 1012.8174
04439.3584 25.1875 24.6875 24.1250 25.81 27.10 1012.8174
04439.5957 25.1875 24.6875 24.1250 25.82 27.08 1012.8881
04440.3081 25.1875 24.6250 24.1250 25.82 27.08 1012.8881
04440.5835 25.1875 24.6250 24.1250 25.82 27.08 1012.8881
04441.0708 25.1875 24.6250 24.1250 25.82 27.08 1012.8881
04439.8833 25.1875 24.6250 24.1250 25.82 27.08 1012.8881
04439.5957 25.1875 24.6250 24.1250 25.82 27.08 1012.8881
04439.6084 25.1875 24.6250 24.1250 25.82 27.08 1012.8881
04439.6206 25.1875 24.6250 24.1250 25.82 27.08 1012.8881
#terjedesi                                       nyomas  ##
#ido(usec)  T1(C)   T2(C)   T3(C)  T4(C) para(%)  (hPa)
04439.3706 25.1875 24.6250 24.1250 25.82 27.08 1012.8881
04431.7710 25.1875 24.6250 24.1250 25.82 27.08 1012.8881
04440.5459 25.1875 24.6250 24.1250 25.82 27.09 1012.8256
04441.0708 25.1875 24.6250 24.1250 25.82 27.09 1012.8256
04441.0708 25.1875 24.6250 24.1250 25.82 27.09 1012.8256
04440.0708 25.1875 24.6250 24.1250 25.82 27.09 1012.8256
04439.8833 25.1875 24.6250 24.1250 25.82 27.09 1012.8256
04439.8833 25.1875 24.6250 24.1250 25.82 27.09 1012.8256
04439.5957 25.1875 24.6250 24.1250 25.82 27.09 1012.8256
04439.5957 25.1875 24.6250 24.1250 25.82 27.09 1012.8256
04440.1206 25.1875 24.6250 24.1250 25.82 27.09 1012.8256
04440.7832 25.1875 24.6250 24.1250 25.81 27.10 1012.9177
04441.0332 25.1875 24.6250 24.1250 25.81 27.10 1012.9177
04440.5957 25.1875 24.6250 24.1250 25.81 27.10 1012.9177
04439.5957 25.1875 24.6250 24.1250 25.81 27.10 1012.9177
04439.4082 25.1875 24.6250 24.1250 25.81 27.10 1012.9177
04439.3584 25.1875 24.6250 24.1250 25.81 27.10 1012.9177
04439.5835 25.1875 24.6250 24.1250 25.81 27.10 1012.9177
04439.5957 25.1875 24.6250 24.1250 25.81 27.10 1012.9177
04439.4082 25.1875 24.6250 24.1250 25.81 27.10 1012.9177
04440.7959 25.1875 24.6250 24.1250 25.81 27.09 1012.8635
04440.7710 25.1875 24.6250 24.1250 25.81 27.09 1012.8635
04439.5957 25.1875 24.6250 24.1250 25.81 27.09 1012.8635
04439.6206 25.1875 24.6250 24.1250 25.81 27.09 1012.8635
04439.6460 25.1875 24.6250 24.1250 25.81 27.09 1012.8635
04439.4082 25.1875 24.6250 24.1250 25.81 27.09 1012.8635
04439.5957 25.1875 24.6250 24.1250 25.81 27.09 1012.8635
04439.8584 25.1875 24.6250 24.1250 25.81 27.09 1012.8635
04441.0083 25.1875 24.6250 24.1250 25.81 27.09 1012.8635
04440.7710 25.1875 24.6250 24.1250 25.81 27.09 1012.8635
04441.0083 25.1875 24.6250 24.1250 25.80 27.08 1012.8200
04439.8208 25.1875 24.6250 24.1250 25.80 27.08 1012.8200
04439.6084 25.1875 24.6250 24.1250 25.80 27.08 1012.8200
04439.3584 25.1875 24.6250 24.1250 25.80 27.08 1012.8200
04439.6460 25.1875 24.6250 24.1250 25.80 27.08 1012.8200
04439.8584 25.1875 24.6250 24.1250 25.80 27.08 1012.8200
04418.5083 25.1875 24.6250 24.1875 25.80 27.08 1012.8200
04440.5835 25.1875 24.6250 24.1875 25.80 27.08 1012.8200
04440.7832 25.1875 24.6250 24.1875 25.80 27.08 1012.8200
04418.6958 25.1875 24.6250 24.1875 25.80 27.07 1012.8200
04439.6084 25.1875 24.6250 24.1875 25.80 27.07 1012.8200
04439.6084 25.1875 24.6250 24.1875 25.80 27.07 1012.8200
04439.5957 25.1875 24.6250 24.1875 25.80 27.07 1012.8200
04439.3833 25.1875 24.6250 24.1875 25.80 27.07 1012.8200
04418.6831 25.1875 24.6250 24.1875 25.80 27.07 1012.8200
04440.5459 25.1875 24.6250 24.1250 25.80 27.07 1012.8200
04440.5957 25.1875 24.6250 24.1250 25.80 27.07 1012.8200
04440.7710 25.1875 24.6250 24.1250 25.80 27.07 1012.8200
04439.8833 25.1875 24.6250 24.1250 25.80 27.07 1012.8200
04439.6460 25.1875 24.6250 24.1250 25.79 27.05 1012.8036
04440.1084 25.1875 24.6250 24.1250 25.79 27.05 1012.8036
04439.8833 25.1875 24.6250 24.1250 25.79 27.05 1012.8036
04439.8833 25.1875 24.6250 24.1250 25.79 27.05 1012.8036
04440.1084 25.1875 24.6250 24.1250 25.79 27.05 1012.8036
04440.5332 25.1875 24.6250 24.1250 25.79 27.05 1012.8036
04440.7832 25.1875 24.6250 24.1250 25.79 27.05 1012.8036
04439.1709 25.1875 24.6250 24.1250 25.79 27.05 1012.8036
04439.3584 25.1875 24.6250 24.1250 25.79 27.05 1012.8036
04418.4585 25.1875 24.6250 24.1250 25.80 27.05 1012.8471
04439.3833 25.1875 24.6250 24.1250 25.80 27.05 1012.8471
04439.6460 25.1875 24.6250 24.1250 25.80 27.05 1012.8471
04439.6460 25.1875 24.6250 24.1250 25.80 27.05 1012.8471
04418.5083 25.1875 24.6250 24.1250 25.80 27.05 1012.8471
04440.3081 25.1875 24.6250 24.1250 25.80 27.05 1012.8471
04440.3584 25.1875 24.6250 24.1250 25.80 27.05 1012.8471
04439.5957 25.1875 24.6250 24.1250 25.80 27.05 1012.8471
04439.3706 25.1875 24.6250 24.1250 25.80 27.05 1012.8471
04439.8208 25.1875 24.6250 24.1250 25.80 27.05 1012.8471
04439.3584 25.1875 24.6250 24.1250 25.79 27.04 1012.7765
04439.5957 25.1875 24.6250 24.1250 25.79 27.04 1012.7765
04440.5459 25.1875 24.6250 24.1250 25.79 27.04 1012.7765
04440.3208 25.1875 24.6250 24.1250 25.79 27.04 1012.7765
04440.8208 25.1875 24.6250 24.1250 25.79 27.04 1012.7765
#terjedesi                                       nyomas  ##
#ido(usec)  T1(C)   T2(C)   T3(C)  T4(C) para(%)  (hPa)
04418.4585 25.1875 24.6250 24.1250 25.79 27.04 1012.7765
04439.3584 25.1875 24.6250 24.1250 25.79 27.04 1012.7765
04439.4082 25.1875 24.6250 24.1250 25.79 27.04 1012.7765
04439.3960 25.1875 24.6250 24.1250 25.79 27.04 1012.7765
04418.4956 25.1875 24.6250 24.1250 25.79 27.04 1012.8307
04439.4082 25.1875 24.6250 24.1250 25.79 27.04 1012.8307
04439.8457 25.1875 24.6250 24.1250 25.79 27.04 1012.8307
04440.8335 25.1875 24.6250 24.1250 25.79 27.04 1012.8307
04440.5459 25.1875 24.6250 24.1250 25.79 27.04 1012.8307
04418.5083 25.1875 24.6250 24.1250 25.79 27.04 1012.8307
04439.6460 25.1875 24.6250 24.1250 25.79 27.04 1012.8307
04439.3584 25.1875 24.6250 24.1250 25.79 27.04 1012.8307
04439.4082 25.1875 24.6250 24.1250 25.79 27.04 1012.8307
04418.7334 25.1875 24.6250 24.1250 25.78 27.02 1012.8412
04440.3335 25.1875 24.6250 24.1250 25.78 27.02 1012.8412
04440.5708 25.1875 24.6250 24.1250 25.78 27.02 1012.8412
04440.8208 25.1875 24.6250 24.1250 25.78 27.02 1012.8412
04439.5957 25.1875 24.6250 24.1250 25.78 27.02 1012.8412
04439.4082 25.1875 24.6250 24.1250 25.78 27.02 1012.8412
04439.8335 25.1875 24.6250 24.1250 25.78 27.02 1012.8412
04439.4082 25.1875 24.6250 24.1250 25.78 27.02 1012.8412
04418.5083 25.1875 24.6250 24.1250 25.78 27.02 1012.8412
04418.5083 25.1875 24.6250 24.1250 25.78 27.02 1012.8412
04439.8833 25.1875 24.6250 24.1250 25.78 27.02 1012.8412
04440.7710 25.1875 24.6250 24.1250 25.78 27.02 1012.8141
04440.5332 25.1875 24.6250 24.1250 25.78 27.02 1012.8141
04439.5835 25.1875 24.6250 24.1250 25.78 27.02 1012.8141
04439.8335 25.1875 24.6250 24.1250 25.78 27.02 1012.8141
04439.6206 25.1875 24.6250 24.1250 25.78 27.02 1012.8141
04418.4956 25.1875 24.6250 24.1250 25.78 27.02 1012.8141
04439.3706 25.1875 24.6250 24.1250 25.78 27.02 1012.8141
04440.3457 25.1875 24.6250 24.1250 25.78 27.02 1012.8141
04440.5957 25.1875 24.6250 24.1250 25.78 27.03 1012.8141
04440.5957 25.1875 24.6250 24.1250 25.78 27.03 1012.8141
04439.4082 25.1875 24.6250 24.1250 25.78 27.03 1012.8141
04439.5957 25.1875 24.6250 24.1250 25.78 27.03 1012.8141
04439.6206 25.1875 24.6250 24.1250 25.78 27.03 1012.8141
04439.6460 25.1875 24.6250 24.1250 25.78 27.03 1012.8141
04439.5835 25.1875 24.6250 24.1250 25.78 27.03 1012.8141
04439.5835 25.1875 24.6250 24.1250 25.78 27.03 1012.8141
04439.6333 25.1250 24.6250 24.1875 25.78 27.03 1012.8141
04440.5459 25.1250 24.6250 24.1875 25.78 27.03 1012.8141
04440.8208 25.1250 24.6250 24.1875 25.77 27.04 1012.8058
04439.8457 25.1250 24.6250 24.1875 25.77 27.04 1012.8058
04439.6206 25.1250 24.6250 24.1875 25.77 27.04 1012.8058
04439.6460 25.1250 24.6250 24.1875 25.77 27.04 1012.8058
04439.6460 25.1250 24.6250 24.1875 25.77 27.04 1012.8058
04418.6958 25.1250 24.6250 24.1875 25.77 27.04 1012.8058
04440.3335 25.1875 24.6250 24.1250 25.77 27.04 1012.8058
04441.0708 25.1875 24.6250 24.1250 25.77 27.04 1012.8058
04440.8081 25.1875 24.6250 24.1250 25.77 27.04 1012.8058
04439.8833 25.1875 24.6250 24.1250 25.77 27.04 1012.8058
04439.8706 25.1875 24.6250 24.1250 25.77 27.04 1012.8248
04439.8584 25.1875 24.6250 24.1250 25.77 27.04 1012.8248
04439.8833 25.1875 24.6250 24.1250 25.77 27.04 1012.8248
04440.0708 25.1875 24.6250 24.1250 25.77 27.04 1012.8248
04439.6206 25.1875 24.6250 24.1250 25.77 27.04 1012.8248
04440.5459 25.1875 24.6250 24.1250 25.77 27.04 1012.8248
04440.5957 25.1875 24.6250 24.1250 25.77 27.04 1012.8248
04440.7832 25.1875 24.6250 24.1250 25.77 27.04 1012.8248
04439.4082 25.1875 24.6250 24.1250 25.77 27.04 1012.8248
04439.6084 25.1875 24.6250 24.1250 25.77 27.05 1012.7977
04439.6460 25.1875 24.6250 24.1250 25.77 27.05 1012.7977
04439.6460 25.1875 24.6250 24.1250 25.77 27.05 1012.7977
04439.6084 25.1875 24.6250 24.1250 25.77 27.05 1012.7977
04439.6460 25.1875 24.6250 24.1875 25.77 27.05 1012.7977
04440.5957 25.1875 24.6250 24.1875 25.77 27.05 1012.7977
04440.5957 25.1875 24.6250 24.1875 25.77 27.05 1012.7977
04440.5581 25.1875 24.6250 24.1875 25.77 27.05 1012.7977
04439.8208 25.1875 24.6250 24.1875 25.77 27.05 1012.7977
04439.8833 25.1875 24.6250 24.1875 25.77 27.05 1012.7977
04439.8833 25.1875 24.6250 24.1875 25.77 27.03 1012.8248
04439.6460 25.1875 24.6250 24.1875 25.77 27.03 1012.8248
#terjedesi                                       nyomas  ##
#ido(usec)  T1(C)   T2(C)   T3(C)  T4(C) para(%)  (hPa)
04439.6460 25.1875 24.6250 24.1875 25.77 27.03 1012.8248
04439.6333 25.1875 24.6250 24.1875 25.77 27.03 1012.8248
04440.5459 25.1875 24.6250 24.1250 25.77 27.03 1012.8248
04440.5835 25.1875 24.6250 24.1250 25.77 27.03 1012.8248
04439.8335 25.1875 24.6250 24.1250 25.77 27.03 1012.8248
04418.7085 25.1875 24.6250 24.1250 25.77 27.03 1012.8248
04439.6333 25.1875 24.6250 24.1250 25.77 27.03 1012.8248
04439.3706 25.1875 24.6250 24.1250 25.76 27.04 1012.7813
04439.8706 25.1875 24.6250 24.1250 25.76 27.04 1012.7813
04439.6460 25.1875 24.6250 24.1250 25.76 27.04 1012.7813
04440.5957 25.1250 24.6250 24.1250 25.76 27.04 1012.7813
04440.5957 25.1250 24.6250 24.1250 25.76 27.04 1012.7813
04440.8335 25.1250 24.6250 24.1250 25.76 27.04 1012.7813
04439.8335 25.1250 24.6250 24.1250 25.76 27.04 1012.7813
04439.8706 25.1250 24.6250 24.1250 25.76 27.04 1012.7813
04439.8335 25.1250 24.6250 24.1250 25.76 27.04 1012.7813
04439.8208 25.1250 24.6250 24.1250 25.76 27.04 1012.7813
04439.8335 25.1250 24.6250 24.1250 25.77 27.04 1012.7977
04440.0708 25.1250 24.6250 24.1875 25.77 27.04 1012.7977
04441.2959 25.1250 24.6250 24.1875 25.77 27.04 1012.7977
04441.0708 25.1250 24.6250 24.1875 25.77 27.04 1012.7977
04439.5957 25.1250 24.6250 24.1875 25.77 27.04 1012.7977
04439.8833 25.1250 24.6250 24.1875 25.77 27.04 1012.7977
04439.8335 25.1250 24.6250 24.1875 25.77 27.04 1012.7977
04439.6333 25.1250 24.6250 24.1875 25.77 27.04 1012.7977
04439.5835 25.1250 24.6250 24.1875 25.77 27.04 1012.7977
04439.6460 25.1250 24.6250 24.1875 25.76 27.05 1012.7542
04441.0332 25.1875 24.5625 24.1250 25.76 27.05 1012.7542
04440.8081 25.1875 24.5625 24.1250 25.76 27.05 1012.7542
04440.5957 25.1875 24.5625 24.1250 25.76 27.05 1012.7542
04439.5835 25.1875 24.5625 24.1250 25.76 27.05 1012.7542
04439.3584 25.1875 24.5625 24.1250 25.76 27.05 1012.7542
04439.8335 25.1875 24.5625 24.1250 25.76 27.05 1012.7542
04440.0957 25.1875 24.5625 24.1250 25.76 27.05 1012.7542
04439.8833 25.1875 24.5625 24.1250 25.76 27.05 1012.7542
04440.1084 25.1875 24.6250 24.1250 25.75 27.04 1012.8734
04441.0459 25.1875 24.6250 24.1250 25.75 27.04 1012.8734
04441.0708 25.1875 24.6250 24.1250 25.75 27.04 1012.8734
04439.8833 25.1875 24.6250 24.1250 25.75 27.04 1012.8734
04439.8335 25.1875 24.6250 24.1250 25.75 27.04 1012.8734
04440.0581 25.1875 24.6250 24.1250 25.75 27.04 1012.8734
04439.3584 25.1875 24.6250 24.1250 25.75 27.04 1012.8734
04439.8457 25.1875 24.6250 24.1250 25.75 27.04 1012.8734
04440.1206 25.1875 24.6250 24.1250 25.75 27.04 1012.8734
04440.0835 25.1250 24.6250 24.1250 25.75 27.04 1012.8734
04440.5459 25.1250 24.6250 24.1250 25.75 27.06 1012.8002
04441.0083 25.1250 24.6250 24.1250 25.75 27.06 1012.8002
04439.6460 25.1250 24.6250 24.1250 25.75 27.06 1012.8002
04439.8335 25.1250 24.6250 24.1250 25.75 27.06 1012.8002
04439.5957 25.1250 24.6250 24.1250 25.75 27.06 1012.8002
04439.8706 25.1250 24.6250 24.1250 25.75 27.06 1012.8002
04439.8833 25.1250 24.6250 24.1250 25.75 27.06 1012.8002
04441.3081 25.1250 24.6250 24.1875 25.75 27.06 1012.8002
04441.0083 25.1250 24.6250 24.1875 25.75 27.06 1012.8002
04440.5459 25.1250 24.6250 24.1875 25.74 27.06 1012.8107
04440.0708 25.1250 24.6250 24.1875 25.74 27.06 1012.8107
04439.8457 25.1250 24.6250 24.1875 25.74 27.06 1012.8107
04439.8208 25.1250 24.6250 24.1875 25.74 27.06 1012.8107
04440.0957 25.1250 24.6250 24.1875 25.74 27.06 1012.8107
04439.8833 25.1250 24.6250 24.1875 25.74 27.06 1012.8107
04439.8208 25.1250 24.6250 24.1875 25.74 27.06 1012.8107
04439.6084 25.1250 24.5625 24.1250 25.74 27.06 1012.8107
04441.0210 25.1250 24.5625 24.1250 25.74 27.06 1012.8107
04440.7710 25.1250 24.5625 24.1250 25.74 27.06 1012.8107
04439.6460 25.1250 24.5625 24.1250 25.75 27.08 1012.8192
04440.0708 25.1250 24.5625 24.1250 25.75 27.08 1012.8192
04439.5835 25.1250 24.5625 24.1250 25.75 27.08 1012.8192
04439.8833 25.1250 24.5625 24.1250 25.75 27.08 1012.8192
04439.8833 25.1250 24.5625 24.1250 25.75 27.08 1012.8192
04440.8081 25.1875 24.5625 24.1250 25.75 27.08 1012.8192
04440.5581 25.1875 24.5625 24.1250 25.75 27.08 1012.8192
04440.5459 25.1875 24.5625 24.1250 25.75 27.08 1012.8192
04439.5957 25.1875 24.5625 24.1250 25.75 27.08 1012.8192
#terjedesi                                       nyomas  ##
#ido(usec)  T1(C)   T2(C)   T3(C)  T4(C) para(%)  (hPa)
04439.6084 25.1875 24.5625 24.1250 25.75 27.06 1012.8463
04439.8706 25.1875 24.5625 24.1250 25.75 27.06 1012.8463
04418.2710 25.1875 24.5625 24.1250 25.75 27.06 1012.8463
04440.0835 25.1875 24.5625 24.1250 25.75 27.06 1012.8463
04439.8584 25.1875 24.5625 24.1250 25.75 27.06 1012.8463
04440.0957 25.1875 24.5625 24.1250 25.75 27.06 1012.8463
04440.7710 25.1875 24.5625 24.1250 25.75 27.06 1012.8463
04441.0708 25.1875 24.5625 24.1250 25.75 27.06 1012.8463
04439.5835 25.1875 24.5625 24.1250 25.75 27.06 1012.8463
04439.6084 25.1875 24.5625 24.1250 25.75 27.06 1012.8463
04418.7456 25.1875 24.5625 24.1250 25.74 27.08 1012.7836
04439.8584 25.1875 24.5625 24.1250 25.74 27.08 1012.7836
04439.4082 25.1875 24.5625 24.1250 25.74 27.08 1012.7836
04440.5957 25.1875 24.6250 24.1250 25.74 27.08 1012.7836
04441.0210 25.1875 24.6250 24.1250 25.74 27.08 1012.7836
04440.8335 25.1875 24.6250 24.1250 25.74 27.08 1012.7836
04439.8335 25.1875 24.6250 24.1250 25.74 27.08 1012.7836
04439.8833 25.1875 24.6250 24.1250 25.74 27.08 1012.7836
04439.6460 25.1875 24.6250 24.1250 25.74 27.08 1012.7836
04418.7456 25.1875 24.6250 24.1250 25.74 27.07 1012.8025
04418.4585 25.1875 24.6250 24.1250 25.74 27.07 1012.8025
04439.4082 25.1875 24.6250 24.1250 25.74 27.07 1012.8025
04439.6084 25.1250 24.5625 24.1250 25.74 27.07 1012.8025
04440.2959 25.1250 24.5625 24.1250 25.74 27.07 1012.8025
04440.3457 25.1250 24.5625 24.1250 25.74 27.07 1012.8025
04440.0581 25.1250 24.5625 24.1250 25.74 27.07 1012.8025
04439.8457 25.1250 24.5625 24.1250 25.74 27.07 1012.8025
04439.8584 25.1250 24.5625 24.1250 25.74 27.07 1012.8025
04439.8335 25.1250 24.5625 24.1250 25.74 27.07 1012.8649
04439.8208 25.1250 24.5625 24.1250 25.74 27.07 1012.8649
04440.1206 25.1250 24.5625 24.1250 25.74 27.07 1012.8649
04440.8081 25.1250 24.5625 24.1250 25.74 27.07 1012.8649
04441.0708 25.1250 24.5625 24.1250 25.74 27.07 1012.8649
04439.4082 25.1250 24.5625 24.1250 25.74 27.07 1012.8649
04418.6958 25.1250 24.5625 24.1250 25.74 27.07 1012.8649
04439.5835 25.1250 24.5625 24.1250 25.74 27.07 1012.8649
04439.5957 25.1250 24.5625 24.1250 25.74 27.07 1012.8649
04418.6958 25.1250 24.5625 24.1250 25.74 27.07 1012.8649
04418.7456 25.1250 24.5625 24.1250 25.74 27.07 1012.8649
04440.3335 25.1250 24.6250 24.1250 25.74 27.09 1012.8025
04440.3081 25.1250 24.6250 24.1250 25.74 27.09 1012.8025
04440.5332 25.1250 24.6250 24.1250 25.74 27.09 1012.8025
04418.6958 25.1250 24.6250 24.1250 25.74 27.09 1012.8025
04418.2207 25.1250 24.6250 24.1250 25.74 27.09 1012.8025
04439.1709 25.1250 24.6250 24.1250 25.74 27.09 1012.8025
04418.6958 25.1250 24.6250 24.1250 25.74 27.09 1012.8025
04418.6958 25.1250 24.6250 24.1250 25.74 27.09 1012.8025
04439.4082 25.1250 24.6250 24.1250 25.74 27.09 1012.8025
04440.3584 25.1875 24.5625 24.1250 25.73 27.10 1012.7862
04440.5332 25.1875 24.5625 24.1250 25.73 27.10 1012.7862
04441.0210 25.1875 24.5625 24.1250 25.73 27.10 1012.7862
04418.4834 25.1875 24.5625 24.1250 25.73 27.10 1012.7862
04418.6831 25.1875 24.5625 24.1250 25.73 27.10 1012.7862
04439.8833 25.1875 24.5625 24.1250 25.73 27.10 1012.7862
04439.3584 25.1875 24.5625 24.1250 25.73 27.10 1012.7862
04439.5957 25.1875 24.5625 24.1250 25.73 27.10 1012.7862
04418.5083 25.1875 24.5625 24.1250 25.73 27.10 1012.7862
04440.3335 25.1250 24.5625 24.1250 25.73 27.08 1012.8133
04440.5957 25.1250 24.5625 24.1250 25.73 27.08 1012.8133
04439.6460 25.1250 24.5625 24.1250 25.73 27.08 1012.8133
04439.3833 25.1250 24.5625 24.1250 25.73 27.08 1012.8133
04439.3584 25.1250 24.5625 24.1250 25.73 27.08 1012.8133
04418.2334 25.1250 24.5625 24.1250 25.73 27.08 1012.8133
04439.6460 25.1250 24.5625 24.1250 25.73 27.08 1012.8133
04439.5957 25.1250 24.5625 24.1250 25.73 27.08 1012.8133
04440.1084 25.1250 24.5625 24.1250 25.73 27.08 1012.8133
04440.5957 25.1250 24.5625 24.1250 25.73 27.08 1012.8133
04440.7832 25.1250 24.5625 24.1250 25.73 27.10 1012.7672
04439.8706 25.1250 24.5625 24.1250 25.73 27.10 1012.7672
04418.7456 25.1250 24.5625 24.1250 25.73 27.10 1012.7672
04439.6206 25.1250 24.5625 24.1250 25.73 27.10 1012.7672
04439.5957 25.1250 24.5625 24.1250 25.73 27.10 1012.7672
04439.3960 25.1250 24.5625 24.1250 25.73 27.10 1012.7672
#terjedesi                                       nyomas  ##
#ido(usec)  T1(C)   T2(C)   T3(C)  T4(C) para(%)  (hPa)
04439.8833 25.1250 24.5625 24.1875 25.73 27.10 1012.7672
04440.7832 25.1875 24.5625 24.1875 25.73 27.10 1012.7672
04440.5332 25.1875 24.5625 24.1875 25.73 27.10 1012.7672
04418.4585 25.1875 24.5625 24.1875 25.73 27.09 1012.8133
04418.4707 25.1875 24.5625 24.1875 25.73 27.09 1012.8133
04439.1206 25.1875 24.5625 24.1875 25.73 27.09 1012.8133
04418.5083 25.1875 24.5625 24.1875 25.73 27.09 1012.8133
04439.3706 25.1875 24.5625 24.1875 25.73 27.09 1012.8133
04439.3457 25.1875 24.5625 24.1875 25.73 27.09 1012.8133
04440.5332 25.1875 24.5625 24.1250 25.73 27.09 1012.8133
04440.8208 25.1875 24.5625 24.1250 25.73 27.09 1012.8133
04440.5581 25.1875 24.5625 24.1250 25.73 27.09 1012.8133
04418.7334 25.1875 24.5625 24.1250 25.73 27.09 1012.8133
04439.6333 25.1875 24.5625 24.1250 25.72 27.09 1012.8240
04440.0708 25.1875 24.5625 24.1250 25.72 27.09 1012.8240
04418.4458 25.1875 24.5625 24.1250 25.72 27.09 1012.8240
04418.4585 25.1875 24.5625 24.1250 25.72 27.09 1012.8240
04439.8833 25.1875 24.5625 24.1875 25.72 27.09 1012.8240
04440.3081 25.1875 24.5625 24.1875 25.72 27.09 1012.8240
04440.5459 25.1875 24.5625 24.1875 25.72 27.09 1012.8240
04439.3584 25.1875 24.5625 24.1875 25.72 27.09 1012.8240
04418.7456 25.1875 24.5625 24.1875 25.72 27.09 1012.8240
04439.5835 25.1875 24.5625 24.1875 25.72 27.10 1012.8051
04439.6460 25.1875 24.5625 24.1875 25.72 27.10 1012.8051