#terjedesi                                       nyomas  ##
#ido(usec)  T1(C)   T2(C)   T3(C)  T4(C) para(%)  (hPa)
04441.0332 25.1250 24.5625 24.1875 25.61 27.03 1012.7678
04440.3081 25.1250 24.5625 24.1875 25.61 27.03 1012.7678
04439.5835 25.1250 24.5625 24.1875 25.61 27.03 1012.7678
04442.0083 25.1250 24.5625 24.1875 25.61 27.03 1012.7678
04418.9331 25.1250 24.5625 24.1875 25.61 27.03 1012.7678
04442.2583 25.1250 24.5625 24.1875 25.61 27.03 1012.7949
04442.4585 25.1250 24.5625 24.1875 25.61 27.03 1012.7949
04418.4834 25.1250 24.5625 24.1875 25.61 27.03 1012.7949
04418.7207 25.1250 24.5625 24.1875 25.61 27.03 1012.7949
04440.0957 25.1250 24.5625 24.1875 25.61 27.03 1012.7949
04440.5581 25.1250 24.5625 24.1875 25.61 27.03 1012.7949
04418.2207 25.1250 24.5625 24.1875 25.61 27.03 1012.7949
04442.2085 25.1250 24.5625 24.1875 25.61 27.03 1012.7949
04418.4956 25.1250 24.5625 24.1875 25.61 27.03 1012.7949
04441.7710 25.1250 24.5625 24.1875 25.61 27.03 1012.7949
04442.2085 25.1250 24.5625 24.1875 25.61 26.96 1012.7678
04440.1206 25.1250 24.5625 24.1250 25.61 26.96 1012.7678
04440.3584 25.1250 24.5625 24.1250 25.61 26.96 1012.7678
04440.0957 25.1250 24.5625 24.1250 25.61 26.96 1012.7678
04418.5083 25.1250 24.5625 24.1250 25.61 26.96 1012.7678
04442.0210 25.1250 24.5625 24.1250 25.61 26.96 1012.7678
04418.2207 25.1250 24.5625 24.1250 25.61 26.96 1012.7678
04441.9707 25.1250 24.5625 24.1250 25.61 26.96 1012.7678
04418.7456 25.1250 24.5625 24.1250 25.61 26.96 1012.7678
04418.4585 25.1250 24.5625 24.1250 25.60 27.04 1012.7515
04418.6831 25.0625 24.5625 24.1250 25.60 27.04 1012.7515
04440.5332 25.0625 24.5625 24.1250 25.60 27.04 1012.7515
04440.5708 25.0625 24.5625 24.1250 25.60 27.04 1012.7515
04418.6958 25.0625 24.5625 24.1250 25.60 27.04 1012.7515
04418.5083 25.0625 24.5625 24.1250 25.60 27.04 1012.7515
04418.4956 25.0625 24.5625 24.1250 25.60 27.04 1012.7515
04418.6958 25.0625 24.5625 24.1250 25.60 27.04 1012.7515
04418.4956 25.0625 24.5625 24.1250 25.60 27.04 1012.7515
04440.3584 25.0625 24.5625 24.1875 25.60 27.00 1012.7433
04440.5957 25.0625 24.5625 24.1875 25.60 27.00 1012.7433
04440.5708 25.0625 24.5625 24.1875 25.60 27.00 1012.7433
04418.6958 25.0625 24.5625 24.1875 25.60 27.00 1012.7433
04418.7085 25.0625 24.5625 24.1875 25.60 27.00 1012.7433
04442.0083 25.0625 24.5625 24.1875 25.60 27.00 1012.7433
04442.2207 25.0625 24.5625 24.1875 25.60 27.00 1012.7433
04418.6958 25.0625 24.5625 24.1875 25.60 27.00 1012.7433
04418.7085 25.0625 24.5625 24.1875 25.60 27.00 1012.7433
04439.6460 25.0625 24.5625 24.1875 25.60 27.00 1012.7433
04440.3584 25.0625 24.5625 24.1875 25.61 27.01 1012.7054
04440.5332 25.0625 24.5625 24.1875 25.61 27.01 1012.7054
04442.2334 25.0625 24.5625 24.1875 25.61 27.01 1012.7054
04418.7456 25.0625 24.5625 24.1875 25.61 27.01 1012.7054
04418.9707 25.0625 24.5625 24.1875 25.61 27.01 1012.7054
04439.3584 25.0625 24.5625 24.1875 25.61 27.01 1012.7054
04418.2207 25.0625 24.5625 24.1875 25.61 27.01 1012.7054
04439.8706 25.1250 24.5625 24.1875 25.61 27.01 1012.7054
04440.5459 25.1250 24.5625 24.1875 25.61 27.01 1012.7054
04440.0957 25.1250 24.5625 24.1875 25.61 26.99 1012.7678
04418.6958 25.1250 24.5625 24.1875 25.61 26.99 1012.7678
04418.7456 25.1250 24.5625 24.1875 25.61 26.99 1012.7678
04418.4585 25.1250 24.5625 24.1875 25.61 26.99 1012.7678
04442.2085 25.1250 24.5625 24.1875 25.61 26.99 1012.7678
04439.6084 25.1250 24.5625 24.1875 25.61 26.99 1012.7678
04442.0210 25.1250 24.5625 24.1875 25.61 26.99 1012.7678
04440.1206 25.0625 24.5625 24.1875 25.61 26.99 1012.7678
04440.1206 25.0625 24.5625 24.1875 25.61 26.99 1012.7678
04440.0581 25.0625 24.5625 24.1875 25.61 26.99 1012.7678
04442.2456 25.0625 24.5625 24.1875 25.60 27.01 1012.7704
04418.2710 25.0625 24.5625 24.1875 25.60 27.01 1012.7704
04418.4956 25.0625 24.5625 24.1875 25.60 27.01 1012.7704
04418.7334 25.0625 24.5625 24.1875 25.60 27.01 1012.7704
04442.1958 25.0625 24.5625 24.1875 25.60 27.01 1012.7704
04418.5083 25.0625 24.5625 24.1875 25.60 27.01 1012.7704
04440.2959 25.0625 24.5625 24.1875 25.60 27.01 1012.7704
04440.5332 25.0625 24.5625 24.1875 25.60 27.01 1012.7704
04440.3081 25.0625 24.5625 24.1875 25.60 27.01 1012.7704
04442.0210 25.0625 24.5625 24.1875 25.60 27.01 1012.7704
04418.2710 25.0625 24.5625 24.1875 25.60 27.02 1012.7786
#terjedesi                                       nyomas  ##
#ido(usec)  T1(C)   T2(C)   T3(C)  T4(C) para(%)  (hPa)
04441.7832 25.0625 24.5625 24.1875 25.60 27.02 1012.7786
04442.2085 25.0625 24.5625 24.1875 25.60 27.02 1012.7786
04418.4585 25.0625 24.5625 24.1875 25.60 27.02 1012.7786
04439.3584 25.0625 24.5625 24.1875 25.60 27.02 1012.7786
04440.3081 25.0625 24.5625 24.1875 25.60 27.02 1012.7786
04440.3335 25.0625 24.5625 24.1875 25.60 27.02 1012.7786
04418.5083 25.0625 24.5625 24.1875 25.60 27.02 1012.7786
04418.2207 25.0625 24.5625 24.1875 25.60 27.02 1012.7786
04441.9707 25.0625 24.5625 24.1875 25.59 26.77 1012.7351
04418.4834 25.0625 24.5625 24.1875 25.59 26.77 1012.7351
04439.3584 25.0625 24.5625 24.1875 25.59 26.77 1012.7351
04418.4585 25.0625 24.5625 24.1875 25.59 26.77 1012.7351
04440.5459 25.1250 24.5625 24.1875 25.59 26.77 1012.7351
04440.3081 25.1250 24.5625 24.1875 25.59 26.77 1012.7351
04440.3584 25.1250 24.5625 24.1875 25.59 26.77 1012.7351
04442.2334 25.1250 24.5625 24.1875 25.59 26.77 1012.7351
04442.2334 25.1250 24.5625 24.1875 25.59 26.77 1012.7351
04418.2583 25.1250 24.5625 24.1875 25.59 26.77 1012.7351
04442.2583 25.1250 24.5625 24.1875 25.60 27.01 1012.7433
04439.5957 25.1250 24.5625 24.1875 25.60 27.01 1012.7433
04418.7456 25.1250 24.5625 24.1250 25.60 27.01 1012.7433
04440.5459 25.1250 24.5625 24.1250 25.60 27.01 1012.7433
04439.8208 25.1250 24.5625 24.1250 25.60 27.01 1012.7433
04442.0083 25.1250 24.5625 24.1250 25.60 27.01 1012.7433
04442.2456 25.1250 24.5625 24.1250 25.60 27.01 1012.7433
04441.7334 25.1250 24.5625 24.1250 25.60 27.01 1012.7433
04441.9585 25.1250 24.5625 24.1250 25.60 27.01 1012.7433
04441.7334 25.1250 24.5625 24.1250 25.60 27.02 1012.7515
04418.7334 25.1250 24.5625 24.1250 25.60 27.02 1012.7515
04440.2959 25.0625 24.5625 24.1250 25.60 27.02 1012.7515
04440.5332 25.0625 24.5625 24.1250 25.60 27.02 1012.7515
04440.5459 25.0625 24.5625 24.1250 25.60 27.02 1012.7515
04418.9834 25.0625 24.5625 24.1250 25.60 27.02 1012.7515
04418.6958 25.0625 24.5625 24.1250 25.60 27.02 1012.7515
04418.6958 25.0625 24.5625 24.1250 25.60 27.02 1012.7515
04418.7334 25.0625 24.5625 24.1250 25.60 27.02 1012.7515
04442.1958 25.0625 24.5625 24.1250 25.60 27.03 1012.7786
04439.6206 25.1250 24.5625 24.1875 25.60 27.03 1012.7786
04440.5835 25.1250 24.5625 24.1875 25.60 27.03 1012.7786
04440.0957 25.1250 24.5625 24.1875 25.60 27.03 1012.7786
04439.5957 25.1250 24.5625 24.1875 25.60 27.03 1012.7786
04439.3960 25.1250 24.5625 24.1875 25.60 27.03 1012.7786
04439.8335 25.1250 24.5625 24.1875 25.60 27.03 1012.7786
04439.6460 25.1250 24.5625 24.1875 25.60 27.03 1012.7786
04418.2334 25.1250 24.5625 24.1875 25.60 27.03 1012.7786
04441.9707 25.1250 24.5625 24.1875 25.60 27.03 1012.7786
04418.2583 25.1250 24.5625 24.1250 25.59 27.03 1012.7893
04440.3081 25.1250 24.5625 24.1250 25.59 27.03 1012.7893
04440.3584 25.1250 24.5625 24.1250 25.59 27.03 1012.7893
04418.7456 25.1250 24.5625 24.1250 25.59 27.03 1012.7893
04439.1709 25.1250 24.5625 24.1250 25.59 27.03 1012.7893
04441.9585 25.1250 24.5625 24.1250 25.59 27.03 1012.7893
04442.2085 25.1250 24.5625 24.1250 25.59 27.03 1012.7893
04418.2456 25.1250 24.5625 24.1250 25.59 27.03 1012.7893
04440.5332 25.0625 24.5625 24.1875 25.59 27.03 1012.7893
04440.3081 25.0625 24.5625 24.1875 25.60 27.04 1012.7975
04440.5459 25.0625 24.5625 24.1875 25.60 27.04 1012.7975
04442.2085 25.0625 24.5625 24.1875 25.60 27.04 1012.7975
04418.4707 25.0625 24.5625 24.1875 25.60 27.04 1012.7975
04439.4082 25.0625 24.5625 24.1875 25.60 27.04 1012.7975
04418.4585 25.0625 24.5625 24.1875 25.60 27.04 1012.7975
04418.2207 25.0625 24.5625 24.1875 25.60 27.04 1012.7975
04441.9834 25.0625 24.5625 24.1875 25.60 27.04 1012.7975
04418.6831 25.0625 24.5625 24.1875 25.60 27.04 1012.7975
04440.1206 25.0625 24.5625 24.1875 25.60 27.04 1012.7975
04440.3081 25.0625 24.5625 24.1875 25.60 27.05 1012.7975
04418.7085 25.0625 24.5625 24.1875 25.60 27.05 1012.7975
04418.7207 25.0625 24.5625 24.1875 25.60 27.05 1012.7975
04418.6831 25.0625 24.5625 24.1875 25.60 27.05 1012.7975
04439.6206 25.0625 24.5625 24.1875 25.60 27.05 1012.7975
04418.9834 25.0625 24.5625 24.1875 25.60 27.05 1012.7975
04440.5459 25.1250 24.5625 24.1875 25.60 27.05 1012.7975
04440.3081 25.1250 24.5625 24.1875 25.60 27.05 1012.7975
#terjedesi                                       nyomas  ##
#ido(usec)  T1(C)   T2(C)   T3(C)  T4(C) para(%)  (hPa)
04440.5581 25.1250 24.5625 24.1875 25.60 27.05 1012.7975
04418.7456 25.1250 24.5625 24.1875 25.61 27.05 1012.7597
04418.4707 25.1250 24.5625 24.1875 25.61 27.05 1012.7597
04418.7456 25.1250 24.5625 24.1875 25.61 27.05 1012.7597
04418.9331 25.1250 24.5625 24.1875 25.61 27.05 1012.7597
04439.4082 25.1250 24.5625 24.1875 25.61 27.05 1012.7597
04418.4956 25.1250 24.5625 24.1875 25.61 27.05 1012.7597
04439.8457 25.0625 24.5625 24.1875 25.61 27.05 1012.7597
04440.5708 25.0625 24.5625 24.1875 25.61 27.05 1012.7597
04440.3081 25.0625 24.5625 24.1875 25.61 27.05 1012.7597
04418.4585 25.0625 24.5625 24.1875 25.61 27.05 1012.7597
04418.6958 25.0625 24.5625 24.1875 25.60 27.05 1012.7704
04439.5957 25.0625 24.5625 24.1875 25.60 27.05 1012.7704
04439.3584 25.0625 24.5625 24.1875 25.60 27.05 1012.7704
04418.4834 25.0625 24.5625 24.1875 25.60 27.05 1012.7704
04440.5332 25.0625 24.5625 24.1250 25.60 27.05 1012.7704
04440.5459 25.0625 24.5625 24.1250 25.60 27.05 1012.7704
04440.1206 25.0625 24.5625 24.1250 25.60 27.05 1012.7704
04418.6831 25.0625 24.5625 24.1250 25.60 27.05 1012.7704
04418.4707 25.0625 24.5625 24.1250 25.60 27.05 1012.7704
04442.0210 25.0625 24.5625 24.1250 25.60 27.05 1012.7433
04442.2334 25.0625 24.5625 24.1250 25.60 27.05 1012.7433
04418.5083 25.0625 24.5625 24.1250 25.60 27.05 1012.7433
04442.2334 25.0625 24.5625 24.1250 25.60 27.05 1012.7433
04441.7710 25.0625 24.5625 24.1875 25.60 27.05 1012.7433
04440.5581 25.0625 24.5625 24.1875 25.60 27.05 1012.7433
04440.0708 25.0625 24.5625 24.1875 25.60 27.05 1012.7433
04442.2085 25.0625 24.5625 24.1875 25.60 27.05 1012.7433
04442.0210 25.0625 24.5625 24.1875 25.60 27.05 1012.7433
04418.6958 25.0625 24.5625 24.1875 25.61 27.04 1012.8409
04418.6831 25.0625 24.5625 24.1875 25.61 27.04 1012.8409
04442.0210 25.0625 24.5625 24.1875 25.61 27.04 1012.8409
04418.9585 25.0625 24.5625 24.1250 25.61 27.04 1012.8409
04440.0957 25.0625 24.5625 24.1250 25.61 27.04 1012.8409
04440.3584 25.0625 24.5625 24.1250 25.61 27.04 1012.8409
04439.4082 25.0625 24.5625 24.1250 25.61 27.04 1012.8409
04441.9707 25.0625 24.5625 24.1250 25.61 27.04 1012.8409
04418.2710 25.0625 24.5625 24.1250 25.61 27.04 1012.8409
04442.2583 25.0625 24.5625 24.1250 25.61 27.04 1012.8409
04418.4458 25.0625 24.5625 24.1250 25.61 27.04 1012.8409
04418.9834 25.0625 24.5625 24.1250 25.59 27.05 1012.7540
04440.7832 25.0625 24.5625 24.1875 25.59 27.05 1012.7540
04440.7710 25.0625 24.5625 24.1875 25.59 27.05 1012.7540
04440.3081 25.0625 24.5625 24.1875 25.59 27.05 1012.7540
04418.2456 25.0625 24.5625 24.1875 25.59 27.05 1012.7540
04442.2334 25.0625 24.5625 24.1875 25.59 27.05 1012.7540
04418.4707 25.0625 24.5625 24.1875 25.59 27.05 1012.7540
04418.7456 25.0625 24.5625 24.1875 25.59 27.05 1012.7540
04418.5083 25.0625 24.5625 24.1875 25.59 27.05 1012.6808
04418.7085 25.0625 24.5625 24.1250 25.59 27.05 1012.6808
04440.7710 25.0625 24.5625 24.1250 25.59 27.05 1012.6808
04440.5957 25.0625 24.5625 24.1250 25.59 27.05 1012.6808
04440.8335 25.0625 24.5625 24.1250 25.59 27.05 1012.6808
04418.7085 25.0625 24.5625 24.1250 25.59 27.05 1012.6808
04439.3457 25.0625 24.5625 24.1250 25.59 27.05 1012.6808
04418.9331 25.0625 24.5625 24.1250 25.59 27.05 1012.6808
04418.4585 25.0625 24.5625 24.1250 25.59 27.05 1012.6808
04441.9956 25.0625 24.5625 24.1250 25.59 27.05 1012.6808
04418.9585 25.0625 24.5625 24.1250 25.60 27.06 1012.8057
04440.5708 25.0625 24.5625 24.1875 25.60 27.06 1012.8057
04440.5459 25.0625 24.5625 24.1875 25.60 27.06 1012.8057
04418.2710 25.0625 24.5625 24.1875 25.60 27.06 1012.8057
04439.8457 25.0625 24.5625 24.1875 25.60 27.06 1012.8057
04439.5957 25.0625 24.5625 24.1875 25.60 27.06 1012.8057
04439.5835 25.0625 24.5625 24.1875 25.60 27.06 1012.8057
04418.4458 25.0625 24.5625 24.1875 25.60 27.06 1012.8057
04439.3960 25.0625 24.5625 24.1875 25.60 27.06 1012.8057
04440.5332 25.0625 24.5625 24.1250 25.60 27.06 1012.8057
04440.5957 25.0625 24.5625 24.1250 25.59 27.05 1012.7893
04440.5581 25.0625 24.5625 24.1250 25.59 27.05 1012.7893
04439.3584 25.0625 24.5625 24.1250 25.59 27.05 1012.7893
04439.6084 25.0625 24.5625 24.1250 25.59 27.05 1012.7893
04418.6831 25.0625 24.5625 24.1250 25.59 27.05 1012.7893
#terjedesi                                       nyomas  ##
#ido(usec)  T1(C)   T2(C)   T3(C)  T4(C) para(%)  (hPa)
04418.7456 25.0625 24.5625 24.1250 25.59 27.05 1012.7893
04439.5957 25.0625 24.5625 24.1250 25.59 27.05 1012.7893
04418.4585 25.0625 24.5625 24.1875 25.59 27.05 1012.7893
04440.3335 25.0625 24.5625 24.1875 25.59 27.05 1012.7893
04440.5957 25.0625 24.5625 24.1875 25.60 27.06 1012.7244
04418.7456 25.0625 24.5625 24.1875 25.60 27.06 1012.7244
04418.4458 25.0625 24.5625 24.1875 25.60 27.06 1012.7244
04439.3960 25.0625 24.5625 24.1875 25.60 27.06 1012.7244
04418.7456 25.0625 24.5625 24.1875 25.60 27.06 1012.7244
04418.5083 25.0625 24.5625 24.1875 25.60 27.06 1012.7244
04439.4082 25.0625 24.5625 24.1875 25.60 27.06 1012.7244
04440.5459 25.0625 24.5625 24.1875 25.60 27.06 1012.7244
04440.3081 25.0625 24.5625 24.1875 25.60 27.06 1012.7244
04440.3208 25.0625 24.5625 24.1875 25.60 27.06 1012.7244
04418.4585 25.0625 24.5625 24.1875 25.60 27.08 1012.7433
04418.5083 25.0625 24.5625 24.1875 25.60 27.08 1012.7433
04442.0210 25.0625 24.5625 24.1875 25.60 27.08 1012.7433
04441.5459 25.0625 24.5625 24.1875 25.60 27.08 1012.7433
04418.6958 25.0625 24.5625 24.1875 25.60 27.08 1012.7433
04439.6084 25.0625 24.5625 24.1250 25.60 27.08 1012.7433
04440.3584 25.0625 24.5625 24.1250 25.60 27.08 1012.7433
04440.0708 25.0625 24.5625 24.1250 25.60 27.08 1012.7433
04442.1958 25.0625 24.5625 24.1250 25.60 27.08 1012.7433
04418.4956 25.0625 24.5625 24.1250 25.60 27.10 1012.7515
04418.7085 25.0625 24.5625 24.1250 25.60 27.10 1012.7515
04418.4707 25.0625 24.5625 24.1250 25.60 27.10 1012.7515
04418.4585 25.0625 24.5625 24.1250 25.60 27.10 1012.7515
04418.4458 25.0625 24.5625 24.1250 25.60 27.10 1012.7515
04439.6333 25.1250 24.5625 24.1875 25.60 27.10 1012.7515
04440.1206 25.1250 24.5625 24.1875 25.60 27.10 1012.7515
04440.1206 25.1250 24.5625 24.1875 25.60 27.10 1012.7515
04418.4585 25.1250 24.5625 24.1875 25.60 27.10 1012.7515
04442.4458 25.1250 24.5625 24.1875 25.60 27.10 1012.7515
04418.4585 25.1250 24.5625 24.1875 25.59 27.09 1012.7351
04442.1958 25.1250 24.5625 24.1875 25.59 27.09 1012.7351
04441.9956 25.1250 24.5625 24.1875 25.59 27.09 1012.7351
04440.2959 25.0625 24.5625 24.1250 25.59 27.09 1012.7351
04440.5957 25.0625 24.5625 24.1250 25.59 27.09 1012.7351
04439.8335 25.0625 24.5625 24.1250 25.59 27.09 1012.7351
04418.5083 25.0625 24.5625 24.1250 25.59 27.09 1012.7351
04418.7456 25.0625 24.5625 24.1250 25.59 27.09 1012.7351
04418.5083 25.0625 24.5625 24.1250 25.59 27.09 1012.7351
04442.2085 25.0625 24.5625 24.1250 25.59 27.08 1012.7622
04439.6206 25.0625 24.5625 24.1250 25.59 27.08 1012.7622
04418.4834 25.0625 24.5625 24.1250 25.59 27.08 1012.7622
04418.9585 25.1250 24.5000 24.1250 25.59 27.08 1012.7622
04440.5459 25.1250 24.5000 24.1250 25.59 27.08 1012.7622
04441.0708 25.1250 24.5000 24.1250 25.59 27.08 1012.7622
04418.6958 25.1250 24.5000 24.1250 25.59 27.08 1012.7622
04418.9209 25.1250 24.5000 24.1250 25.59 27.08 1012.7622
04439.4082 25.1250 24.5000 24.1250 25.59 27.08 1012.7622
04439.5835 25.1250 24.5000 24.1250 25.58 27.10 1012.7184
04418.9834 25.1250 24.5000 24.1250 25.58 27.10 1012.7184
04440.0581 25.0625 24.5625 24.1250 25.58 27.10 1012.7184
04440.3584 25.0625 24.5625 24.1250 25.58 27.10 1012.7184
04440.5459 25.0625 24.5625 24.1250 25.58 27.10 1012.7184
04439.6460 25.0625 24.5625 24.1250 25.58 27.10 1012.7184
04439.3584 25.0625 24.5625 24.1250 25.58 27.10 1012.7184
04439.3960 25.0625 24.5625 24.1250 25.58 27.10 1012.7184
04418.4458 25.0625 24.5625 24.1250 25.58 27.10 1012.7184
04418.7456 25.0625 24.5625 24.1250 25.58 27.10 1012.7184
04418.9707 25.0625 24.5625 24.1250 25.59 27.08 1012.7351
04439.6460 25.0625 24.5000 24.1250 25.59 27.08 1012.7351
04440.5708 25.0625 24.5000 24.1250 25.59 27.08 1012.7351
04440.8335 25.0625 24.5000 24.1250 25.59 27.08 1012.7351
04439.5957 25.0625 24.5000 24.1250 25.59 27.08 1012.7351
04441.9707 25.0625 24.5000 24.1250 25.59 27.08 1012.7351
04442.2583 25.0625 24.5000 24.1250 25.59 27.08 1012.7351
04418.4707 25.0625 24.5000 24.1250 25.59 27.08 1012.7351
04441.7710 25.0625 24.5000 24.1250 25.59 27.08 1012.7351
04440.3081 25.1250 24.5625 24.1875 25.58 27.08 1012.7184
04440.1206 25.1250 24.5625 24.1875 25.58 27.08 1012.7184
04440.0581 25.1250 24.5625 24.1875 25.58 27.08 1012.7184
#terjedesi                                       nyomas  ##
#ido(usec)  T1(C)   T2(C)   T3(C)  T4(C) para(%)  (hPa)
04442.2583 25.1250 24.5625 24.1875 25.58 27.08 1012.7184
04439.3833 25.1250 24.5625 24.1875 25.58 27.08 1012.7184
04418.7456 25.1250 24.5625 24.1875 25.58 27.08 1012.7184
04418.7456 25.1250 24.5625 24.1875 25.58 27.08 1012.7184
04418.5083 25.1250 24.5625 24.1875 25.58 27.08 1012.7184
04418.7456 25.1250 24.5625 24.1875 25.58 27.08 1012.7184
04418.5083 25.0625 24.5625 24.1875 25.58 27.08 1012.7184
04440.3335 25.0625 24.5625 24.1875 25.59 27.09 1012.6808
04440.5708 25.0625 24.5625 24.1875 25.59 27.09 1012.6808
04418.5083 25.0625 24.5625 24.1875 25.59 27.09 1012.6808
04442.2583 25.0625 24.5625 24.1875 25.59 27.09 1012.6808
04418.6958 25.0625 24.5625 24.1875 25.59 27.09 1012.6808
04418.4956 25.0625 24.5625 24.1875 25.59 27.09 1012.6808
04439.6460 25.0625 24.5625 24.1875 25.59 27.09 1012.6808
04439.8706 25.0625 24.5625 24.1875 25.59 27.09 1012.6808
04440.3584 25.0625 24.5625 24.1875 25.59 27.09 1012.6808
04440.8081 25.0625 24.5625 24.1875 25.59 27.10 1012.7351
04418.4585 25.0625 24.5625 24.1875 25.59 27.10 1012.7351
04418.5083 25.0625 24.5625 24.1875 25.59 27.10 1012.7351
04418.2710 25.0625 24.5625 24.1875 25.59 27.10 1012.7351
04418.5083 25.0625 24.5625 24.1875 25.59 27.10 1012.7351
04439.3584 25.0625 24.5625 24.1875 25.59 27.10 1012.7351
04442.2334 25.0625 24.5625 24.1875 25.59 27.10 1012.7351
04440.5957 25.1250 24.6250 24.2500 25.59 27.10 1012.7351
04440.3081 25.1250 24.6250 24.2500 25.59 27.10 1012.7351
04440.3081 25.1250 24.6250 24.2500 25.59 27.10 1012.7351
04418.5083 25.1250 24.6250 24.2500 25.59 27.10 1012.7893
04418.9331 25.1250 24.6250 24.2500 25.59 27.10 1012.7893
04439.8208 25.1250 24.6250 24.2500 25.59 27.10 1012.7893
04418.9331 25.1250 24.6250 24.2500 25.59 27.10 1012.7893
04418.6958 25.1250 24.6250 24.2500 25.59 27.10 1012.7893
04418.7456 25.1250 24.6250 24.2500 25.59 27.10 1012.7893
04440.7832 25.0625 24.6875 24.2500 25.59 27.10 1012.7893
04440.8335 25.0625 24.6875 24.2500 25.59 27.10 1012.7893
04440.5581 25.0625 24.6875 24.2500 25.59 27.10 1012.7893
04418.5083 25.0625 24.6875 24.2500 25.59 27.11 1012.7622
04418.4585 25.0625 24.6875 24.2500 25.59 27.11 1012.7622
04418.5083 25.0625 24.6875 24.2500 25.59 27.11 1012.7622
04418.6958 25.0625 24.6875 24.2500 25.59 27.11 1012.7622
04439.3457 25.0625 24.6875 24.2500 25.59 27.11 1012.7622
04418.4585 25.0625 24.6875 24.2500 25.59 27.11 1012.7622
04440.3081 25.0625 24.8125 24.3125 25.59 27.11 1012.7622
04440.3081 25.0625 24.8125 24.3125 25.59 27.11 1012.7622
04418.4585 25.0625 24.8125 24.3125 25.59 27.11 1012.7622
04418.7456 25.0625 24.8125 24.3125 25.58 27.11 1012.7455
04418.2583 25.0625 24.8125 24.3125 25.58 27.11 1012.7455
04418.7456 25.0625 24.8125 24.3125 25.58 27.11 1012.7455
04418.2085 25.0625 24.8125 24.3125 25.58 27.11 1012.7455
04442.0083 25.0625 24.8125 24.3125 25.58 27.11 1012.7455
04440.5332 25.0625 24.8750 24.3125 25.58 27.11 1012.7455
04440.7710 25.0625 24.8750 24.3125 25.58 27.11 1012.7455
04441.0210 25.0625 24.8750 24.3125 25.58 27.11 1012.7455
04439.6460 25.0625 24.8750 24.3125 25.58 27.11 1012.7455
04418.7456 25.0625 24.8750 24.3125 25.58 27.11 1012.7455
04439.4082 25.0625 24.8750 24.3125 25.58 27.11 1012.7455
04418.6831 25.0625 24.8750 24.3125 25.60 27.12 1012.7704
04439.4082 25.0625 24.8750 24.3125 25.60 27.12 1012.7704
04439.6333 25.0625 24.8750 24.3750 25.60 27.12 1012.7704
04440.5459 25.0625 25.0000 24.3750 25.60 27.12 1012.7704
04440.7832 25.0625 25.0000 24.3750 25.60 27.12 1012.7704
04439.5835 25.0625 25.0000 24.3750 25.60 27.12 1012.7704
04418.9834 25.0625 25.0000 24.3750 25.60 27.12 1012.7704
04418.7456 25.0625 25.0000 24.3750 25.60 27.12 1012.7704
04439.1206 25.0625 25.0000 24.3750 25.59 27.11 1012.7622
04439.3457 25.0625 25.0000 24.3750 25.59 27.11 1012.7622
04418.5083 25.0625 25.0000 24.3750 25.59 27.11 1012.7622
04440.3584 25.0625 25.1250 24.3750 25.59 27.11 1012.7622
04440.5957 25.0625 25.1250 24.3750 25.59 27.11 1012.7622
04440.7832 25.0625 25.1250 24.3750 25.59 27.11 1012.7622
04418.4956 25.0625 25.1250 24.3750 25.59 27.11 1012.7622
04418.7456 25.0625 25.1250 24.3750 25.59 27.11 1012.7622
04439.5957 25.0625 25.1250 24.3750 25.59 27.11 1012.7622
04418.4458 25.0625 25.1250 24.3750 25.59 27.11 1012.7622
#terjedesi                                       nyomas  ##
#ido(usec)  T1(C)   T2(C)   T3(C)  T4(C) para(%)  (hPa)
04439.1206 25.0625 25.1250 24.3750 25.59 27.11 1012.7269
04440.0708 25.0625 25.2500 24.4375 25.59 27.11 1012.7269
04441.0459 25.0625 25.2500 24.4375 25.59 27.11 1012.7269
04440.8081 25.0625 25.2500 24.4375 25.59 27.11 1012.7269
04439.6460 25.0625 25.2500 24.4375 25.59 27.11 1012.7269
04439.5835 25.0625 25.2500 24.4375 25.59 27.11 1012.7269
04439.8833 25.0625 25.2500 24.4375 25.59 27.11 1012.7269
04439.6084 25.0625 25.2500 24.4375 25.59 27.11 1012.7269
04439.6460 25.0625 25.2500 24.4375 25.59 27.11 1012.7269
04439.5957 25.0625 25.2500 24.4375 25.59 27.11 1012.7269
04439.8833 25.0625 25.3750 24.4375 25.59 27.11 1012.8082
04441.0210 25.0625 25.3750 24.4375 25.59 27.11 1012.8082
04441.0708 25.0625 25.3750 24.4375 25.59 27.11 1012.8082
04439.6460 25.0625 25.3750 24.4375 25.59 27.11 1012.8082
04439.3584 25.0625 25.3750 24.4375 25.59 27.11 1012.8082
04439.3584 25.0625 25.3750 24.4375 25.59 27.11 1012.8082
04439.3584 25.0625 25.3750 24.4375 25.59 27.11 1012.8082
04439.8208 25.0625 25.3750 24.4375 25.59 27.11 1012.8082
04440.8081 25.1250 25.5000 24.5000 25.59 27.11 1012.8082
04440.8208 25.1250 25.5000 24.5000 25.59 27.12 1012.7351
04440.5332 25.1250 25.5000 24.5000 25.59 27.12 1012.7351
04439.8706 25.1250 25.5000 24.5000 25.59 27.12 1012.7351
04439.8208 25.1250 25.5000 24.5000 25.59 27.12 1012.7351
04439.6460 25.1250 25.5000 24.5000 25.59 27.12 1012.7351
04439.6084 25.1250 25.5000 24.5000 25.59 27.12 1012.7351
04439.6206 25.1250 25.5000 24.5000 25.59 27.12 1012.7351
04439.8457 25.1250 25.5000 24.5000 25.59 27.12 1012.7351
04439.6460 25.0625 25.6250 24.5625 25.59 27.12 1012.7351
04440.8335 25.0625 25.6250 24.5625 25.59 27.12 1012.7351
04417.2583 25.0625 25.6250 24.5625 25.60 27.12 1012.7704
04439.4082 25.0625 25.6250 24.5625 25.60 27.12 1012.7704
04439.3584 25.0625 25.6250 24.5625 25.60 27.12 1012.7704
04439.8833 25.0625 25.6250 24.5625 25.60 27.12 1012.7704
04439.3833 25.0625 25.6250 24.5625 25.60 27.12 1012.7704
04439.1460 25.0625 25.6250 24.5625 25.60 27.12 1012.7704
04440.3457 25.0625 25.7500 24.6250 25.60 27.12 1012.7704
04441.0210 25.0625 25.7500 24.6250 25.60 27.12 1012.7704
04440.5459 25.0625 25.7500 24.6250 25.60 27.12 1012.7704
04439.4082 25.0625 25.7500 24.6250 25.58 27.14 1012.7726
04439.5835 25.0625 25.7500 24.6250 25.58 27.14 1012.7726
04439.3584 25.0625 25.7500 24.6250 25.58 27.14 1012.7726
04439.1206 25.0625 25.7500 24.6250 25.58 27.14 1012.7726
04439.5957 25.0625 25.7500 24.6250 25.58 27.14 1012.7726
04439.5957 25.0625 25.7500 24.6250 25.58 27.14 1012.7726
04439.1709 25.0625 25.8750 24.7500 25.58 27.14 1012.7726
04440.5459 25.0625 25.8750 24.7500 25.58 27.14 1012.7726
04416.8457 25.0625 25.8750 24.7500 25.58 27.14 1012.7726
04439.3706 25.0625 25.8750 24.7500 25.58 27.14 1012.7726
04439.6460 25.0625 25.8750 24.7500 25.58 27.14 1012.7374
04439.3960 25.0625 25.8750 24.7500 25.58 27.14 1012.7374
04439.6206 25.0625 25.8750 24.7500 25.58 27.14 1012.7374
04439.4082 25.0625 25.8750 24.7500 25.58 27.14 1012.7374
04416.8335 25.1250 26.0000 24.8125 25.58 27.14 1012.7374
04440.5332 25.1250 26.0000 24.8125 25.58 27.14 1012.7374
04440.5957 25.1250 26.0000 24.8125 25.58 27.14 1012.7374
04439.6333 25.1250 26.0000 24.8125 25.58 27.14 1012.7374
04439.3706 25.1250 26.0000 24.8125 25.58 27.14 1012.7374
04439.4082 25.1250 26.0000 24.8125 25.58 27.14 1012.7645
04440.0957 25.1250 26.0000 24.8125 25.58 27.14 1012.7645
04439.8584 25.1250 26.0000 24.8125 25.58 27.14 1012.7645
04439.5835 25.1250 26.0000 24.8125 25.58 27.14 1012.7645
04439.5835 25.0625 26.1250 24.8750 25.58 27.14 1012.7645
04416.6084 25.0625 26.1250 24.8750 25.58 27.14 1012.7645
04440.5459 25.0625 26.1250 24.8750 25.58 27.14 1012.7645
04439.8335 25.0625 26.1250 24.8750 25.58 27.14 1012.7645
04439.3457 25.0625 26.1250 24.8750 25.58 27.14 1012.7645
04416.0835 25.0625 26.1250 24.8750 25.58 27.15 1012.7102
04415.8584 25.0625 26.1250 24.8750 25.58 27.15 1012.7102
04439.6206 25.0625 26.1250 24.8750 25.58 27.15 1012.7102
04416.7959 25.0625 26.3125 24.9375 25.58 27.15 1012.7102
04437.9834 25.0625 26.3125 24.9375 25.58 27.15 1012.7102
04437.6831 25.0625 26.3125 24.9375 25.58 27.15 1012.7102
04439.8584 25.0625 26.3125 24.9375 25.58 27.15 1012.7102
#terjedesi                                       nyomas  ##
#ido(usec)  T1(C)   T2(C)   T3(C)  T4(C) para(%)  (hPa)
04439.1709 25.0625 26.3125 24.9375 25.58 27.15 1012.7102
04439.6333 25.0625 26.3125 24.9375 25.58 27.15 1012.7102
04439.4082 25.0625 26.3125 24.9375 25.58 27.15 1012.7102
04439.8335 25.0625 26.3125 24.9375 25.58 27.14 1012.7374
04439.6460 25.0625 26.3125 24.9375 25.58 27.14 1012.7374
04437.9585 25.0625 26.4375 25.0000 25.58 27.14 1012.7374
04437.7207 25.0625 26.4375 25.0000 25.58 27.14 1012.7374
04437.7456 25.0625 26.4375 25.0000 25.58 27.14 1012.7374
04416.1084 25.0625 26.4375 25.0000 25.58 27.14 1012.7374
04439.6206 25.0625 26.4375 25.0000 25.58 27.14 1012.7374
04439.3584 25.0625 26.4375 25.0000 25.58 27.14 1012.7374
04439.5957 25.0625 26.4375 25.0000 25.58 27.14 1012.7374
04436.7832 25.0625 26.4375 25.0000 25.56 27.15 1012.7128
04439.4082 25.0625 26.4375 25.1250 25.56 27.15 1012.7128
04438.2207 25.0625 26.5625 25.1250 25.56 27.15 1012.7128
04437.9834 25.0625 26.5625 25.1250 25.56 27.15 1012.7128
04437.9331 25.0625 26.5625 25.1250 25.56 27.15 1012.7128
04436.7959 25.0625 26.5625 25.1250 25.56 27.15 1012.7128
04436.7959 25.0625 26.5625 25.1250 25.56 27.15 1012.7128
04416.1333 25.0625 26.5625 25.1250 25.56 27.15 1012.7128
04415.8960 25.0625 26.5625 25.1250 25.56 27.15 1012.7128
04439.1709 25.0625 26.5625 25.1250 25.56 27.15 1012.7128
04436.4956 25.0625 26.5625 25.1250 25.58 27.16 1012.7102
04437.6831 25.0625 26.6875 25.1875 25.58 27.16 1012.7102
04437.6958 25.0625 26.6875 25.1875 25.58 27.16 1012.7102
04415.5957 25.0625 26.6875 25.1875 25.58 27.16 1012.7102
04436.7710 25.0625 26.6875 25.1875 25.58 27.16 1012.7102
04436.7334 25.0625 26.6875 25.1875 25.58 27.16 1012.7102
04436.5581 25.0625 26.6875 25.1875 25.58 27.16 1012.7102
04436.5581 25.0625 26.6875 25.1875 25.58 27.16 1012.7102
04436.5083 25.0625 26.6875 25.1875 25.58 27.16 1012.7102
04437.9585 25.0625 26.8750 25.3125 25.57 27.15 1012.7020
04437.9331 25.0625 26.8750 25.3125 25.57 27.15 1012.7020
04437.7207 25.0625 26.8750 25.3125 25.57 27.15 1012.7020
04436.5581 25.0625 26.8750 25.3125 25.57 27.15 1012.7020
04436.5459 25.0625 26.8750 25.3125 25.57 27.15 1012.7020
04436.3208 25.0625 26.8750 25.3125 25.57 27.15 1012.7020
04436.4956 25.0625 26.8750 25.3125 25.57 27.15 1012.7020
04436.5581 25.0625 26.8750 25.3125 25.57 27.15 1012.7020
04436.7334 25.0625 26.8750 25.4375 25.57 27.15 1012.7020
04437.6958 25.0625 27.0000 25.4375 25.57 27.15 1012.7020
04438.2207 25.0625 27.0000 25.4375 25.57 27.16 1012.7020
04436.5459 25.0625 27.0000 25.4375 25.57 27.16 1012.7020
04436.5459 25.0625 27.0000 25.4375 25.57 27.16 1012.7020
04436.7959 25.0625 27.0000 25.4375 25.57 27.16 1012.7020
04436.5210 25.0625 27.0000 25.4375 25.57 27.16 1012.7020
04436.5083 25.0625 27.0000 25.4375 25.57 27.16 1012.7020
04436.5581 25.0625 27.0000 25.4375 25.57 27.16 1012.7020
04414.4082 25.0625 27.1875 25.6250 25.57 27.16 1012.7020
04438.1709 25.0625 27.1875 25.6250 25.57 27.16 1012.7020
04437.4585 25.0625 27.1875 25.6250 25.57 27.16 1012.7020
04436.2959 25.0625 27.1875 25.6250 25.57 27.17 1012.7020
04436.5581 25.0625 27.1875 25.6250 25.57 27.17 1012.7020
04436.5083 25.0625 27.1875 25.6250 25.57 27.17 1012.7020
04436.2959 25.0625 27.1875 25.6250 25.57 27.17 1012.7020
04436.5083 25.0625 27.1875 25.6250 25.57 27.17 1012.7020
04436.9707 25.0625 27.3125 25.7500 25.57 27.17 1012.7020
04437.4585 25.0625 27.3125 25.7500 25.57 27.17 1012.7020
04434.8706 25.0625 27.3125 25.7500 25.57 27.17 1012.7020
04436.5210 25.0625 27.3125 25.7500 25.58 27.16 1012.7645
04436.3208 25.0625 27.3125 25.7500 25.58 27.16 1012.7645
04436.5332 25.0625 27.3125 25.7500 25.58 27.16 1012.7645
04436.7334 25.0625 27.3125 25.7500 25.58 27.16 1012.7645
04436.5581 25.0625 27.3125 25.7500 25.58 27.16 1012.7645
04436.7959 25.0625 27.3125 25.7500 25.58 27.16 1012.7645
04437.0332 25.0625 27.5000 26.0000 25.58 27.16 1012.7645
04413.7583 25.0625 27.5000 26.0000 25.58 27.16 1012.7645
04434.8457 25.0625 27.5000 26.0000 25.58 27.16 1012.7645
04436.4956 25.0625 27.5000 26.0000 25.58 27.16 1012.7645
04436.3208 25.0625 27.5000 26.0000 25.58 27.16 1012.7645
04436.7334 25.0625 27.5000 26.0000 25.58 27.17 1012.7184
04436.7456 25.0625 27.5000 26.0000 25.58 27.17 1012.7184
04436.7959 25.0625 27.5000 26.0000 25.58 27.17 1012.7184
#terjedesi                                       nyomas  ##
#ido(usec)  T1(C)   T2(C)   T3(C)  T4(C) para(%)  (hPa)
04434.8960 25.0625 27.6250 26.2500 25.58 27.17 1012.7184
04435.1333 25.0625 27.6250 26.2500 25.58 27.17 1012.7184
04434.8335 25.0625 27.6250 26.2500 25.58 27.17 1012.7184
04436.7456 25.0625 27.6250 26.2500 25.58 27.17 1012.7184
04436.3208 25.0625 27.6250 26.2500 25.58 27.17 1012.7184
04436.5581 25.0625 27.6250 26.2500 25.58 27.17 1012.7184
04413.0083 25.0625 27.6250 26.2500 25.58 27.19 1012.7455
04413.2207 25.0625 27.6250 26.2500 25.58 27.19 1012.7455
04413.0083 25.0625 27.6250 26.2500 25.58 27.19 1012.7455
04412.9834 25.0625 27.8125 26.5000 25.58 27.19 1012.7455
04434.8584 25.0625 27.8125 26.5000 25.58 27.19 1012.7455
04434.8335 25.0625 27.8125 26.5000 25.58 27.19 1012.7455
04412.8081 25.0625 27.8125 26.5000 25.58 27.19 1012.7455
04433.6958 25.0625 27.8125 26.5000 25.58 27.19 1012.7455
04412.9956 25.0625 27.8125 26.5000 25.58 27.19 1012.7455
04412.8081 25.0625 27.8125 26.5000 25.57 27.17 1012.7020
04433.6582 25.0625 27.8125 26.5000 25.57 27.17 1012.7020
04434.6582 25.0625 27.9375 26.7500 25.57 27.17 1012.7020
04434.6084 25.0625 27.9375 26.7500 25.57 27.17 1012.7020
04434.4209 25.0625 27.9375 26.7500 25.57 27.17 1012.7020
04412.5708 25.0625 27.9375 26.7500 25.57 27.17 1012.7020
04433.4707 25.0625 27.9375 26.7500 25.57 27.17 1012.7020
04433.6831 25.0625 27.9375 26.7500 25.57 27.17 1012.7020
04433.4458 25.0625 27.9375 26.7500 25.57 27.17 1012.7020
04433.2334 25.0625 27.9375 26.7500 25.57 27.17 1012.7020
04433.4707 25.0625 27.9375 26.7500 25.57 27.17 1012.7562
04433.2334 25.0625 28.1250 27.0000 25.57 27.17 1012.7562
04434.4209 25.0625 28.1250 27.0000 25.57 27.17 1012.7562
04434.3706 25.0625 28.1250 27.0000 25.57 27.17 1012.7562
04433.6460 25.0625 28.1250 27.0000 25.57 27.17 1012.7562
04433.4585 25.0625 28.1250 27.0000 25.57 27.17 1012.7562
04433.2334 25.0625 28.1250 27.0000 25.57 27.17 1012.7562
04433.4707 25.0625 28.1250 27.0000 25.57 27.17 1012.7562
04433.7085 25.0625 28.1250 27.0000 25.57 27.17 1012.7562
04434.5957 25.0625 28.2500 27.1875 25.57 27.18 1012.7562
04435.1333 25.0625 28.2500 27.1875 25.57 27.18 1012.7562
04434.6084 25.0625 28.2500 27.1875 25.57 27.18 1012.7562
04433.7085 25.0625 28.2500 27.1875 25.57 27.18 1012.7562
04433.2334 25.0625 28.2500 27.1875 25.57 27.18 1012.7562
04433.2334 25.0625 28.2500 27.1875 25.57 27.18 1012.7562
04433.2207 25.0625 28.2500 27.1875 25.57 27.18 1012.7562
04433.4707 25.0625 28.2500 27.1875 25.57 27.18 1012.7562
04433.8833 25.0625 28.2500 27.1875 25.57 27.18 1012.7562
04433.9458 25.0625 28.3750 27.4375 25.57 27.18 1012.7562
04434.6582 25.0625 28.3750 27.4375 25.57 27.19 1012.7562
04411.0957 25.0625 28.3750 27.4375 25.57 27.19 1012.7562
04433.7085 25.0625 28.3750 27.4375 25.57 27.19 1012.7562
04433.6582 25.0625 28.3750 27.4375 25.57 27.19 1012.7562
04433.8960 25.0625 28.3750 27.4375 25.57 27.19 1012.7562
04433.4707 25.0625 28.3750 27.4375 25.57 27.19 1012.7562
04433.2334 25.0625 28.3750 27.4375 25.57 27.19 1012.7562
04410.1958 25.0625 28.5625 27.6875 25.57 27.19 1012.7562
04434.6333 25.0625 28.5625 27.6875 25.57 27.19 1012.7562
04410.4209 25.0625 28.5625 27.6875 25.56 27.18 1012.7399
04433.4707 25.0625 28.5625 27.6875 25.56 27.18 1012.7399
04433.7085 25.0625 28.5625 27.6875 25.56 27.18 1012.7399
04433.4331 25.0625 28.5625 27.6875 25.56 27.18 1012.7399
04433.4707 25.0625 28.5625 27.6875 25.56 27.18 1012.7399
04433.7085 25.0625 28.5625 27.6875 25.56 27.18 1012.7399
04433.9331 25.0625 28.5625 27.6875 25.56 27.18 1012.7399
04431.9956 25.0625 28.6875 27.8750 25.56 27.18 1012.7399
04431.5581 25.0625 28.6875 27.8750 25.56 27.18 1012.7399
04431.3335 25.0625 28.6875 27.8750 25.56 27.18 1012.7399
04409.9458 25.0625 28.6875 27.8750 25.56 27.17 1012.6775
04433.6582 25.0625 28.6875 27.8750 25.56 27.17 1012.6775
04433.4707 25.0625 28.6875 27.8750 25.56 27.17 1012.6775
04433.6582 25.0625 28.6875 27.8750 25.56 27.17 1012.6775
04409.9082 25.0625 28.6875 27.8750 25.56 27.17 1012.6775
04410.1460 25.0625 28.6875 28.1250 25.56 27.17 1012.6775
04431.5708 25.0625 28.8125 28.1250 25.56 27.17 1012.6775
04431.8081 25.0625 28.8125 28.1250 25.56 27.17 1012.6775
04431.5708 25.0625 28.8125 28.1250 25.56 27.17 1012.6775
04409.4834 25.0625 28.8125 28.1250 25.57 27.18 1012.7480
#terjedesi                                       nyomas  ##
#ido(usec)  T1(C)   T2(C)   T3(C)  T4(C) para(%)  (hPa)
04409.7207 25.0625 28.8125 28.1250 25.57 27.18 1012.7480
04409.7207 25.0625 28.8125 28.1250 25.57 27.18 1012.7480
04409.7207 25.0625 28.8125 28.1250 25.57 27.18 1012.7480
04430.5708 25.0625 28.8125 28.1250 25.57 27.18 1012.7480
04409.7207 25.0625 28.8125 28.1250 25.57 27.18 1012.7480
04431.5210 25.0625 29.0000 28.3750 25.57 27.18 1012.7480
04431.5210 25.0625 29.0000 28.3750 25.57 27.18 1012.7480
04430.0957 25.0625 29.0000 28.3750 25.57 27.18 1012.7480
04430.3833 25.0625 29.0000 28.3750 25.57 27.21 1012.7020
04430.3706 25.0625 29.0000 28.3750 25.57 27.21 1012.7020
04409.4834 25.0625 29.0000 28.3750 25.57 27.21 1012.7020
04430.6084 25.0625 29.0000 28.3750 25.57 27.21 1012.7020
04430.8081 25.0625 29.0000 28.3750 25.57 27.21 1012.7020
04431.8081 25.0625 29.1250 28.6250 25.57 27.21 1012.7020
04431.7583 25.0625 29.1250 28.6250 25.57 27.21 1012.7020
04431.8081 25.0625 29.1250 28.6250 25.57 27.21 1012.7020
04430.3208 25.0625 29.1250 28.6250 25.57 27.21 1012.7020
04430.8335 25.0625 29.1250 28.6250 25.57 27.21 1012.7020
04430.3584 25.0625 29.1250 28.6250 25.56 27.20 1012.7941
04430.6206 25.0625 29.1250 28.6250 25.56 27.20 1012.7941
04430.3335 25.0625 29.1250 28.6250 25.56 27.20 1012.7941
04430.6206 25.0625 29.1250 28.9375 25.56 27.20 1012.7941
04431.8081 25.0625 29.2500 28.9375 25.56 27.20 1012.7941
04431.8081 25.0625 29.2500 28.9375 25.56 27.20 1012.7941
04430.5708 25.0625 29.2500 28.9375 25.56 27.20 1012.7941
04430.5708 25.0625 29.2500 28.9375 25.56 27.20 1012.7941
04430.8584 25.0625 29.2500 28.9375 25.56 27.20 1012.7941
04430.6206 25.0625 29.2500 28.9375 25.57 27.21 1012.7562
04430.3833 25.0625 29.2500 28.9375 25.57 27.21 1012.7562
04431.0332 25.0625 29.2500 28.9375 25.57 27.21 1012.7562
04429.1958 25.0625 29.3750 29.2500 25.57 27.21 1012.7562
04408.0581 25.0625 29.3750 29.2500 25.57 27.21 1012.7562
04431.5210 25.0625 29.3750 29.2500 25.57 27.21 1012.7562
04430.5581 25.0625 29.3750 29.2500 25.57 27.21 1012.7562
04430.6206 25.0625 29.3750 29.2500 25.57 27.21 1012.7562
04430.8081 25.0625 29.3750 29.2500 25.57 27.21 1012.7562
04430.6206 25.0625 29.3750 29.2500 25.57 27.21 1012.7562
04430.3706 25.0625 29.3750 29.2500 25.57 27.21 1012.7020
04430.8584 25.0625 29.5000 29.5625 25.57 27.21 1012.7020
04428.4834 25.0625 29.5000 29.5625 25.57 27.21 1012.7020
04408.0083 25.0625 29.5000 29.5625 25.57 27.21 1012.7020
04430.8081 25.0625 29.5000 29.5625 25.57 27.21 1012.7020
04430.8081 25.0625 29.5000 29.5625 25.57 27.21 1012.7020
04430.6206 25.0625 29.5000 29.5625 25.57 27.21 1012.7020
04430.5708 25.0625 29.5000 29.5625 25.57 27.21 1012.7020
04430.8584 25.0625 29.5000 29.5625 25.57 27.21 1012.7020
04407.0708 25.0625 29.5000 29.5625 25.57 27.21 1012.7020
04427.9585 25.0625 29.6250 29.8750 25.57 27.21 1012.7020
04428.9082 25.0625 29.6250 29.8750 25.57 27.21 1012.7020
04429.1460 25.0625 29.6250 29.8750 25.57 27.21 1012.7020
04430.3833 25.0625 29.6250 29.8750 25.57 27.21 1012.7020
04430.5957 25.0625 29.6250 29.8750 25.57 27.21 1012.7020
04430.5708 25.0625 29.6250 29.8750 25.57 27.21 1012.7020
04427.7207 25.0625 29.6250 29.8750 25.57 27.21 1012.7020
04407.1084 25.0625 29.6250 29.8750 25.57 27.21 1012.7020
04428.9585 25.0625 29.7500 30.1875 25.57 27.21 1012.7020
04428.9082 25.0625 29.7500 30.1875 25.56 27.20 1012.6775
04428.9082 25.0625 29.7500 30.1875 25.56 27.20 1012.6775
04427.7207 25.0625 29.7500 30.1875 25.56 27.20 1012.6775
04427.7085 25.0625 29.7500 30.1875 25.56 27.20 1012.6775
04406.8208 25.0625 29.7500 30.1875 25.56 27.20 1012.6775
04406.8208 25.0625 29.7500 30.1875 25.56 27.20 1012.6775
04427.2959 25.0625 29.7500 30.1875 25.56 27.20 1012.6775
04427.5332 25.0625 29.7500 30.1875 25.56 27.20 1012.6775
04427.5332 25.0625 29.8750 30.5625 25.56 27.20 1012.6775
04428.4834 25.0625 29.8750 30.5625 25.56 27.20 1012.6775
04428.9209 25.0625 29.8750 30.5625 25.56 27.20 1012.7128
04427.2710 25.0625 29.8750 30.5625 25.56 27.20 1012.7128
04427.7583 25.0625 29.8750 30.5625 25.56 27.20 1012.7128
04427.4834 25.0625 29.8750 30.5625 25.56 27.20 1012.7128
04427.4834 25.0625 29.8750 30.5625 25.56 27.20 1012.7128
04427.7456 25.0625 29.8750 30.5625 25.56 27.20 1012.7128
04428.4834 25.0625 30.0000 30.8750 25.56 27.20 1012.7128
#terjedesi                                       nyomas  ##
#ido(usec)  T1(C)   T2(C)   T3(C)  T4(C) para(%)  (hPa)
04428.9585 25.0625 30.0000 30.8750 25.56 27.20 1012.7128
04421.5957 25.0625 30.0000 30.8750 25.56 27.20 1012.7128
04427.0332 25.0625 30.0000 30.8750 25.57 27.21 1012.7562
04427.2456 25.0625 30.0000 30.8750 25.57 27.21 1012.7562
04427.5083 25.0625 30.0000 30.8750 25.57 27.21 1012.7562
04427.5332 25.0625 30.0000 30.8750 25.57 27.21 1012.7562
04427.4956 25.0625 30.0000 30.8750 25.57 27.21 1012.7562
04427.5332 25.0625 30.0000 30.8750 25.57 27.21 1012.7562
04427.7207 25.0625 30.0625 31.1250 25.57 27.21 1012.7562
04428.4585 25.0625 30.0625 31.1250 25.57 27.21 1012.7562
04428.4585 25.0625 30.0625 31.1250 25.57 27.21 1012.7562
04427.2959 25.0625 30.0625 31.1250 25.56 27.21 1012.7670
04427.2959 25.0625 30.0625 31.1250 25.56 27.21 1012.7670
04427.5083 25.0625 30.0625 31.1250 25.56 27.21 1012.7670
04427.5332 25.0625 30.0625 31.1250 25.56 27.21 1012.7670
04427.2832 25.0625 30.0625 31.1250 25.56 27.21 1012.7670
04404.7334 25.0625 30.2500 31.3750 25.56 27.21 1012.7670
04428.1831 25.0625 30.2500 31.3750 25.56 27.21 1012.7670
04425.8457 25.0625 30.2500 31.3750 25.56 27.21 1012.7670
04427.5210 25.0625 30.2500 31.3750 25.56 27.21 1012.7670
04427.5332 25.0625 30.2500 31.3750 25.56 27.21 1012.7670
04427.2456 25.0625 30.2500 31.3750 25.56 27.22 1012.7399
04427.4956 25.0625 30.2500 31.3750 25.56 27.22 1012.7399
04427.2959 25.0625 30.2500 31.3750 25.56 27.22 1012.7399
04427.0332 25.0625 30.2500 31.3750 25.56 27.22 1012.7399
04427.4707 25.0625 30.3750 31.6250 25.56 27.22 1012.7399
04426.0708 25.0625 30.3750 31.6250 25.56 27.22 1012.7399
04425.3833 25.0625 30.3750 31.6250 25.56 27.22 1012.7399
04427.7085 25.0625 30.3750 31.6250 25.56 27.22 1012.7399
04427.5332 25.0625 30.3750 31.6250 25.56 27.22 1012.7399
04427.2710 25.0625 30.3750 31.6250 25.56 27.23 1012.7859
04427.2959 25.0625 30.3750 31.6250 25.56 27.23 1012.7859
04403.7207 25.0625 30.3750 31.6250 25.56 27.23 1012.7859
04427.7710 25.0625 30.4375 31.8125 25.56 27.23 1012.7859
04425.3584 25.0625 30.4375 31.8125 25.56 27.23 1012.7859
04425.1333 25.0625 30.4375 31.8125 25.56 27.23 1012.7859
04427.7710 25.0625 30.4375 31.8125 25.56 27.23 1012.7859
04404.0083 25.0625 30.4375 31.8125 25.56 27.23 1012.7859
04404.1958 25.0625 30.4375 31.8125 25.56 27.23 1012.7859
04424.6831 25.0625 30.4375 31.8125 25.56 27.23 1012.7859
04424.6333 25.0625 30.4375 31.8125 25.56 27.23 1012.7399
04404.0210 25.0625 30.4375 31.8125 25.56 27.23 1012.7399
04425.6333 25.0625 30.5625 32.0000 25.56 27.23 1012.7399
04425.6333 25.0625 30.5625 32.0000 25.56 27.23 1012.7399
04425.6084 25.0625 30.5625 32.0000 25.56 27.23 1012.7399
04424.6206 25.0625 30.5625 32.0000 25.56 27.23 1012.7399
04424.6333 25.0625 30.5625 32.0000 25.56 27.23 1012.7399
04424.4458 25.0625 30.5625 32.0000 25.56 27.23 1012.7399
04424.4209 25.0625 30.5625 32.0000 25.56 27.23 1012.7399
04424.4458 25.0625 30.5625 32.0000 25.57 27.23 1012.7562
04424.6333 25.0625 30.5625 32.2500 25.57 27.23 1012.7562
04425.8335 25.0625 30.6875 32.2500 25.57 27.23 1012.7562
04425.3960 25.0625 30.6875 32.2500 25.57 27.23 1012.7562
04425.5835 25.0625 30.6875 32.2500 25.57 27.23 1012.7562
04424.2085 25.0625 30.6875 32.2500 25.57 27.23 1012.7562
04424.1831 25.0625 30.6875 32.2500 25.57 27.23 1012.7562
04424.3833 25.0625 30.6875 32.2500 25.57 27.23 1012.7562
04424.3960 25.0625 30.6875 32.2500 25.57 27.23 1012.7562
04424.3960 25.0625 30.6875 32.2500 25.57 27.23 1012.7562
04424.4331 25.0625 30.6875 32.2500 25.57 27.22 1012.8105
04425.6333 25.0625 30.8125 32.5000 25.57 27.22 1012.8105
04425.6333 25.0625 30.8125 32.5000 25.57 27.22 1012.8105
04424.1582 25.0625 30.8125 32.5000 25.57 27.22 1012.8105
04424.3960 25.0625 30.8125 32.5000 25.57 27.22 1012.8105
04424.6333 25.0625 30.8125 32.5000 25.57 27.22 1012.8105
04423.9082 25.0625 30.8125 32.5000 25.57 27.22 1012.8105
04424.1709 25.0625 30.8125 32.5000 25.57 27.22 1012.8105
04424.6831 25.0625 30.8125 32.5000 25.57 27.22 1012.8105
04402.0708 25.0625 30.8750 32.7500 25.57 27.24 1012.7562
04423.0210 25.0625 30.8750 32.7500 25.57 27.24 1012.7562
04422.5459 25.0625 30.8750 32.7500 25.57 27.24 1012.7562
04424.4458 25.0625 30.8750 32.7500 25.57 27.24 1012.7562
04424.4331 25.0625 30.8750 32.7500 25.57 27.24 1012.7562
#terjedesi                                       nyomas  ##
#ido(usec)  T1(C)   T2(C)   T3(C)  T4(C) para(%)  (hPa)
04400.6582 25.0625 30.8750 32.7500 25.57 27.24 1012.7562
04400.9331 25.0625 30.8750 32.7500 25.57 27.24 1012.7562
04401.1084 25.0625 30.8750 32.7500 25.57 27.24 1012.7562
04401.1206 25.0625 30.8750 33.0000 25.57 27.24 1012.7562
04422.9707 25.0625 31.0000 33.0000 25.56 27.24 1012.7941
04422.7832 25.0625 31.0000 33.0000 25.56 27.24 1012.7941
04422.0708 25.0625 31.0000 33.0000 25.56 27.24 1012.7941
04421.7832 25.0625 31.0000 33.0000 25.56 27.24 1012.7941
04422.0083 25.0625 31.0000 33.0000 25.56 27.24 1012.7941
04421.5957 25.0625 31.0000 33.0000 25.56 27.24 1012.7941
04422.0708 25.0625 31.0000 33.0000 25.56 27.24 1012.7941
04421.8335 25.0625 31.0000 33.0000 25.56 27.24 1012.7941
04422.7832 25.0625 31.1250 33.1875 25.56 27.24 1012.7941
04422.7832 25.0625 31.1250 33.1875 25.56 27.24 1012.7941
04422.7207 25.0625 31.1250 33.1875 25.57 27.22 1012.8105
04421.8335 25.0625 31.1250 33.1875 25.57 27.22 1012.8105
04400.6958 25.0625 31.1250 33.1875 25.57 27.22 1012.8105
04421.7710 25.0625 31.1250 33.1875 25.57 27.22 1012.8105
04421.7832 25.0625 31.1250 33.1875 25.57 27.22 1012.8105
04421.7832 25.0625 31.1250 33.1875 25.57 27.22 1012.8105
04421.5459 25.0625 31.1875 33.3750 25.57 27.22 1012.8105
04422.5332 25.0625 31.1875 33.3750 25.57 27.22 1012.8105
04422.7583 25.0625 31.1875 33.3750 25.57 27.22 1012.8105
04421.3335 25.0625 31.1875 33.3750 25.56 27.21 1012.7128
04421.3081 25.0625 31.1875 33.3750 25.56 27.21 1012.7128
04421.5957 25.0625 31.1875 33.3750 25.56 27.21 1012.7128
04421.5957 25.0625 31.1875 33.3750 25.56 27.21 1012.7128
04421.3584 25.0625 31.1875 33.3750 25.56 27.21 1012.7128
04421.5957 25.0625 31.1875 33.3750 25.56 27.21 1012.7128
04421.5332 25.0625 31.3125 33.5625 25.56 27.21 1012.7128
04422.7710 25.0625 31.3125 33.5625 25.56 27.21 1012.7128
04422.7207 25.0625 31.3125 33.5625 25.56 27.21 1012.7128
04421.3457 25.0625 31.3125 33.5625 25.56 27.21 1012.7128
04421.3584 25.0625 31.3125 33.5625 25.56 27.21 1012.7399
04421.3335 25.0625 31.3125 33.5625 25.56 27.21 1012.7399
04421.5957 25.0625 31.3125 33.5625 25.56 27.21 1012.7399
04398.0581 25.0625 31.3125 33.5625 25.56 27.21 1012.7399
04419.6831 25.0625 31.4375 33.7500 25.56 27.21 1012.7399
04422.0581 25.0625 31.4375 33.7500 25.56 27.21 1012.7399
04419.2207 25.0625 31.4375 33.7500 25.56 27.21 1012.7399
04421.0957 25.0625 31.4375 33.7500 25.56 27.21 1012.7399
04421.7710 25.0625 31.4375 33.7500 25.56 27.21 1012.7399
04398.0835 25.0625 31.4375 33.7500 25.56 27.23 1012.7399
04421.5835 25.0625 31.4375 33.7500 25.56 27.23 1012.7399
04421.5957 25.0625 31.4375 33.7500 25.56 27.23 1012.7399
04421.5957 25.0625 31.4375 33.7500 25.56 27.23 1012.7399
04397.8457 25.0625 31.5000 33.9375 25.56 27.23 1012.7399
04419.6831 25.0625 31.5000 33.9375 25.56 27.23 1012.7399
04419.9331 25.0625 31.5000 33.9375 25.56 27.23 1012.7399
04397.7959 25.0625 31.5000 33.9375 25.56 27.23 1012.7399
04397.7959 25.0625 31.5000 33.9375 25.56 27.23 1012.7399
04418.7456 25.0625 31.5000 33.9375 25.56 27.23 1012.7399
04418.6831 25.0625 31.5000 33.9375 25.57 27.21 1012.7562
04418.9331 25.0625 31.5000 33.9375 25.57 27.21 1012.7562
04420.4082 25.0625 31.6250 34.1250 25.57 27.21 1012.7562
04419.8706 25.0625 31.6250 34.1250 25.57 27.21 1012.7562
04419.6831 25.0625 31.6250 34.1250 25.57 27.21 1012.7562
04418.5083 25.0625 31.6250 34.1250 25.57 27.21 1012.7562
04418.5083 25.0625 31.6250 34.1250 25.57 27.21 1012.7562
04418.4458 25.0625 31.6250 34.1250 25.57 27.21 1012.7562
04418.6958 25.0625 31.6250 34.1250 25.57 27.21 1012.7562
04418.4707 25.0625 31.6250 34.1250 25.57 27.21 1012.7562
04418.4707 25.0625 31.6250 34.1250 25.57 27.22 1012.6668
04418.6958 25.0625 31.6875 34.3125 25.57 27.22 1012.6668
04419.8706 25.0625 31.6875 34.3125 25.57 27.22 1012.6668
04419.6460 25.0625 31.6875 34.3125 25.57 27.22 1012.6668
04418.5083 25.0625 31.6875 34.3125 25.57 27.22 1012.6668
04418.4956 25.0625 31.6875 34.3125 25.57 27.22 1012.6668
04418.2207 25.0625 31.6875 34.3125 25.57 27.22 1012.6668
04418.6958 25.0625 31.6875 34.3125 25.57 27.22 1012.6668
04418.4834 25.0625 31.6875 34.3125 25.57 27.22 1012.7020
04419.6460 25.0625 31.8125 34.5000 25.57 27.22 1012.7020
04419.4585 25.0625 31.8125 34.5000 25.57 27.22 1012.7020
#terjedesi                                       nyomas  ##
#ido(usec)  T1(C)   T2(C)   T3(C)  T4(C) para(%)  (hPa)
04419.4082 25.0625 31.8125 34.5000 25.57 27.22 1012.7020
04411.6084 25.0625 31.8125 34.5000 25.57 27.22 1012.7020
04418.2710 25.0625 31.8125 34.5000 25.57 27.22 1012.7020
04418.0332 25.0625 31.8125 34.5000 25.57 27.22 1012.7020
04418.5083 25.0625 31.8125 34.5000 25.57 27.22 1012.7020
04418.5083 25.0625 31.8125 34.5000 25.57 27.22 1012.7020
04418.4585 25.0625 31.8125 34.5000 25.57 27.22 1012.7020
04418.4956 25.0625 31.9375 34.6250 25.57 27.22 1012.7020
04416.7832 25.0625 31.9375 34.6250 25.57 27.21 1012.7020
04416.3584 25.0625 31.9375 34.6250 25.57 27.21 1012.7020
04418.4585 25.0625 31.9375 34.6250 25.57 27.21 1012.7020
04418.2085 25.0625 31.9375 34.6250 25.57 27.21 1012.7020
04418.0332 25.0625 31.9375 34.6250 25.57 27.21 1012.7020
04418.2207 25.0625 31.9375 34.6250 25.57 27.21 1012.7020
04415.6084 25.0625 31.9375 34.6250 25.57 27.21 1012.7020
04416.1333 25.0625 32.0000 34.8125 25.57 27.21 1012.7020
04416.6084 25.0625 32.0000 34.8125 25.57 27.21 1012.7020
04417.0835 25.0625 32.0000 34.8125 25.58 27.22 1012.7184
04415.5957 25.0625 32.0000 34.8125 25.58 27.22 1012.7184
04415.4209 25.0625 32.0000 34.8125 25.58 27.22 1012.7184
04415.3706 25.0625 32.0000 34.8125 25.58 27.22 1012.7184
04415.3706 25.0625 32.0000 34.8125 25.58 27.22 1012.7184
04415.6206 25.0625 32.0000 34.8125 25.58 27.22 1012.7184
04415.8457 25.0625 32.0000 34.8125 25.58 27.22 1012.7184
04416.7832 25.0625 32.0625 34.9375 25.58 27.22 1012.7184
04416.5708 25.0625 32.0625 34.9375 25.58 27.22 1012.7184
04417.0459 25.0625 32.0625 34.9375 25.58 27.21 1012.7184
04415.5957 25.0625 32.0625 34.9375 25.58 27.21 1012.7184
04415.6333 25.0625 32.0625 34.9375 25.58 27.21 1012.7184
04415.6460 25.0625 32.0625 34.9375 25.58 27.21 1012.7184
04415.6084 25.0625 32.0625 34.9375 25.58 27.21 1012.7184
04415.3706 25.0625 32.0625 34.9375 25.58 27.21 1012.7184
04415.1709 25.0625 32.0625 35.0625 25.58 27.21 1012.7184
04416.5459 25.0625 32.1875 35.0625 25.58 27.21 1012.7184
04416.5581 25.0625 32.1875 35.0625 25.58 27.21 1012.7184
04392.8584 25.0625 32.1875 35.0625 25.58 27.21 1012.7184
04415.6582 25.0625 32.1875 35.0625 25.59 27.21 1012.7351
04415.6582 25.0625 32.1875 35.0625 25.59 27.21 1012.7351
04415.4209 25.0625 32.1875 35.0625 25.59 27.21 1012.7351
04416.0708 25.0625 32.1875 35.0625 25.59 27.21 1012.7351
04415.6206 25.0625 32.1875 35.0625 25.59 27.21 1012.7351
04415.8457 25.0625 32.1875 35.0625 25.59 27.21 1012.7351
04413.7456 25.0625 32.2500 35.1250 25.59 27.21 1012.7351
04413.7334 25.0625 32.2500 35.1250 25.59 27.21 1012.7351
04413.0332 25.0625 32.2500 35.1250 25.59 27.21 1012.7351
04412.5708 25.0625 32.2500 35.1250 25.60 27.21 1012.6619
04412.8081 25.0625 32.2500 35.1250 25.60 27.21 1012.6619
04391.8584 25.0625 32.2500 35.1250 25.60 27.21 1012.6619
04391.8960 25.0625 32.2500 35.1250 25.60 27.21 1012.6619
04412.8081 25.0625 32.2500 35.1250 25.60 27.21 1012.6619
04413.7583 25.0625 32.3750 35.1875 25.60 27.21 1012.6619
04413.4707 25.0625 32.3750 35.1875 25.60 27.21 1012.6619
04413.7583 25.0625 32.3750 35.1875 25.60 27.21 1012.6619
04412.5332 25.0625 32.3750 35.1875 25.60 27.21 1012.6619
04412.5210 25.0625 32.3750 35.1875 25.60 27.21 1012.6619
04412.5708 25.0625 32.3750 35.1875 25.61 27.21 1012.7054
04412.5083 25.0625 32.3750 35.1875 25.61 27.21 1012.7054
04412.3335 25.0625 32.3750 35.1875 25.61 27.21 1012.7054
04412.5459 25.0625 32.3750 35.3125 25.61 27.21 1012.7054
04413.7583 25.0625 32.5000 35.3125 25.61 27.21 1012.7054
04413.9331 25.0625 32.5000 35.3125 25.61 27.21 1012.7054
04412.5581 25.0625 32.5000 35.3125 25.61 27.21 1012.7054
04412.9956 25.0625 32.5000 35.3125 25.61 27.21 1012.7054
04412.7456 25.0625 32.5000 35.3125 25.61 27.21 1012.7054
04412.5708 25.0625 32.5000 35.3125 25.62 27.21 1012.7489
04412.7710 25.0625 32.5000 35.3125 25.62 27.21 1012.7489
04412.7832 25.0625 32.5000 35.3125 25.62 27.21 1012.7489
04411.0957 25.0625 32.5625 35.3750 25.62 27.21 1012.7489
04410.9082 25.0625 32.5625 35.3750 25.62 27.21 1012.7489
04413.6958 25.0625 32.5625 35.3750 25.62 27.21 1012.7489
04412.5083 25.0625 32.5625 35.3750 25.62 27.21 1012.7489
04412.5708 25.0625 32.5625 35.3750 25.62 27.21 1012.7489
04412.5708 25.0625 32.5625 35.3750 25.62 27.21 1012.7489
#terjedesi                                       nyomas  ##
#ido(usec)  T1(C)   T2(C)   T3(C)  T4(C) para(%)  (hPa)
04412.5708 25.0625 32.5625 35.3750 25.62 27.21 1012.7489
04412.5708 25.0625 32.5625 35.3750 25.62 27.20 1012.7218
04410.3833 25.0625 32.6875 35.4375 25.62 27.20 1012.7218
04410.9082 25.0625 32.6875 35.4375 25.62 27.20 1012.7218
04410.4209 25.0625 32.6875 35.4375 25.62 27.20 1012.7218
04412.5708 25.0625 32.6875 35.4375 25.62 27.20 1012.7218
04409.9585 25.0625 32.6875 35.4375 25.62 27.20 1012.7218
04409.7207 25.0625 32.6875 35.4375 25.62 27.20 1012.7218
04409.9082 25.0625 32.6875 35.4375 25.62 27.20 1012.7218
04409.6582 25.0625 32.6875 35.4375 25.62 27.20 1012.7218
04409.4209 25.0625 32.6875 35.4375 25.64 27.20 1012.6735
04409.9585 25.0625 32.7500 35.5000 25.64 27.20 1012.6735
04410.8584 25.0625 32.7500 35.5000 25.64 27.20 1012.6735
04410.8706 25.0625 32.7500 35.5000 25.64 27.20 1012.6735
04409.9585 25.0625 32.7500 35.5000 25.64 27.20 1012.6735
04409.7207 25.0625 32.7500 35.5000 25.64 27.20 1012.6735
04409.7207 25.0625 32.7500 35.5000 25.64 27.20 1012.6735
04409.9082 25.0625 32.7500 35.5000 25.64 27.20 1012.6735
04409.7207 25.0625 32.7500 35.5000 25.64 27.20 1012.6735
04410.8457 25.0625 32.8125 35.6250 25.65 27.18 1012.7631
04410.3833 25.0625 32.8125 35.6250 25.65 27.18 1012.7631
04410.6084 25.0625 32.8125 35.6250 25.65 27.18 1012.7631
04409.4834 25.0625 32.8125 35.6250 25.65 27.18 1012.7631
04409.4585 25.0625 32.8125 35.6250 25.65 27.18 1012.7631
04409.4834 25.0625 32.8125 35.6250 25.65 27.18 1012.7631
04409.9331 25.0625 32.8125 35.6250 25.65 27.18 1012.7631
04409.6831 25.0625 32.8125 35.6250 25.65 27.18 1012.7631
04409.6709 25.0625 32.8125 35.6250 25.65 27.18 1012.7631
04410.1958 25.0625 32.9375 35.6875 25.65 27.18 1012.7631
04407.8081 25.0625 32.9375 35.6875 25.67 27.15 1012.6873
04387.1084 25.0625 32.9375 35.6875 25.67 27.15 1012.6873
04409.9082 25.0625 32.9375 35.6875 25.67 27.15 1012.6873
04409.2456 25.0625 32.9375 35.6875 25.67 27.15 1012.6873
04409.4209 25.0625 32.9375 35.6875 25.67 27.15 1012.6873
04409.6958 25.0625 32.9375 35.6875 25.67 27.15 1012.6873
04385.9707 25.0625 32.9375 35.6875 25.67 27.15 1012.6873
04407.9956 25.0625 33.0000 35.7500 25.67 27.15 1012.6873
04408.0083 25.0625 33.0000 35.7500 25.67 27.15 1012.6873
04408.0459 25.0625 33.0000 35.7500 25.66 27.18 1012.7333
04385.9331 25.0625 33.0000 35.7500 25.66 27.18 1012.7333
04409.4331 25.0625 33.0000 35.7500 25.66 27.18 1012.7333
04409.4707 25.0625 33.0000 35.7500 25.66 27.18 1012.7333
04385.9707 25.0625 33.0000 35.7500 25.66 27.18 1012.7333
04406.8081 25.0625 33.0000 35.7500 25.66 27.18 1012.7333
04406.6084 25.0625 33.0000 35.7500 25.66 27.18 1012.7333
04406.6333 25.0625 33.1250 35.8125 25.66 27.18 1012.7333
04407.8081 25.0625 33.1250 35.8125 25.66 27.18 1012.7333
04407.8081 25.0625 33.1250 35.8125 25.66 27.18 1012.7333
04406.8208 25.0625 33.1250 35.8125 25.68 27.17 1012.7582
04406.5835 25.0625 33.1250 35.8125 25.68 27.17 1012.7582
04407.0581 25.0625 33.1250 35.8125 25.68 27.17 1012.7582
04406.6333 25.0625 33.1250 35.8125 25.68 27.17 1012.7582
04406.8208 25.0625 33.1250 35.8125 25.68 27.17 1012.7582
04407.7832 25.0625 33.1875 35.8125 25.68 27.17 1012.7582
04383.7832 25.0625 33.1875 35.8125 25.68 27.17 1012.7582
04408.0581 25.0625 33.1875 35.8125 25.68 27.17 1012.7582
04406.8706 25.0625 33.1875 35.8125 25.68 27.17 1012.7582
04406.6084 25.0625 33.1875 35.8125 25.70 27.24 1012.7367
04406.8457 25.0625 33.1875 35.8125 25.70 27.24 1012.7367
04407.0581 25.0625 33.1875 35.8125 25.70 27.24 1012.7367
04407.1084 25.0625 33.1875 35.8125 25.70 27.24 1012.7367
04406.6333 25.0625 33.1875 35.8125 25.70 27.24 1012.7367
04406.3706 25.0625 33.2500 35.8750 25.70 27.24 1012.7367
04404.9331 25.0625 33.2500 35.8750 25.70 27.24 1012.7367
04404.7085 25.0625 33.2500 35.8750 25.70 27.24 1012.7367
04406.5957 25.0625 33.2500 35.8750 25.70 27.24 1012.7367
04406.8457 25.0625 33.2500 35.8750 25.70 27.24 1012.7367
04406.5957 25.0625 33.2500 35.8750 25.70 27.17 1012.7449
04406.8584 25.0625 33.2500 35.8750 25.70 27.17 1012.7449
04406.6333 25.0625 33.2500 35.8750 25.70 27.17 1012.7449
04404.4331 25.0625 33.3750 36.0000 25.70 27.17 1012.7449
04404.9331 25.0625 33.3750 36.0000 25.70 27.17 1012.7449
04404.7334 25.0625 33.3750 36.0000 25.70 27.17 1012.7449
#terjedesi                                       nyomas  ##
#ido(usec)  T1(C)   T2(C)   T3(C)  T4(C) para(%)  (hPa)
04403.7832 25.0625 33.3750 36.0000 25.70 27.17 1012.7449
04399.7456 25.0625 33.3750 36.0000 25.70 27.17 1012.7449
04403.7832 25.0625 33.3750 36.0000 25.70 27.17 1012.7449
04403.7832 25.0625 33.3750 36.0000 25.70 27.17 1012.7449
04403.5210 25.0625 33.3750 36.0000 25.71 27.16 1012.7531
04403.7334 25.0625 33.3750 36.0000 25.71 27.16 1012.7531
04404.9209 25.0625 33.4375 36.0625 25.71 27.16 1012.7531
04404.4458 25.0625 33.4375 36.0625 25.71 27.16 1012.7531
04404.7207 25.0625 33.4375 36.0625 25.71 27.16 1012.7531
04403.5210 25.0625 33.4375 36.0625 25.71 27.16 1012.7531
04403.5083 25.0625 33.4375 36.0625 25.71 27.16 1012.7531
04403.5210 25.0625 33.4375 36.0625 25.71 27.16 1012.7531
04403.5459 25.0625 33.4375 36.0625 25.71 27.16 1012.7531
04404.0210 25.0625 33.4375 36.0625 25.73 27.15 1012.7048
04403.5459 25.0625 33.4375 36.1250 25.73 27.15 1012.7048
04404.9707 25.0625 33.5000 36.1250 25.73 27.15 1012.7048
04405.1831 25.0625 33.5000 36.1250 25.73 27.15 1012.7048
04404.7334 25.0625 33.5000 36.1250 25.73 27.15 1012.7048
04403.7583 25.0625 33.5000 36.1250 25.73 27.15 1012.7048
04403.7334 25.0625 33.5000 36.1250 25.73 27.15 1012.7048
04403.9956 25.0625 33.5000 36.1250 25.73 27.15 1012.7048
04403.7832 25.0625 33.5000 36.1250 25.73 27.15 1012.7048
04403.7207 25.0625 33.5000 36.1250 25.73 27.15 1012.7048
04403.5459 25.0625 33.5000 36.1250 25.74 27.14 1012.7212
04380.7456 25.0625 33.5625 36.2500 25.74 27.14 1012.7212
04404.4331 25.0625 33.5625 36.2500 25.74 27.14 1012.7212
04403.4956 25.0625 33.5625 36.2500 25.74 27.14 1012.7212
04403.2583 25.0625 33.5625 36.2500 25.74 27.14 1012.7212
04403.5459 25.0625 33.5625 36.2500 25.74 27.14 1012.7212
04403.5459 25.0625 33.5625 36.2500 25.74 27.14 1012.7212
04403.7710 25.0625 33.5625 36.2500 25.74 27.14 1012.7212
04403.7710 25.0625 33.5625 36.2500 25.74 27.14 1012.7212
04402.1206 25.0625 33.6250 36.3125 25.75 27.15 1012.7650
04401.4082 25.0625 33.6250 36.3125 25.75 27.15 1012.7650
04402.1206 25.0625 33.6250 36.3125 25.75 27.15 1012.7650
04403.5332 25.0625 33.6250 36.3125 25.75 27.15 1012.7650
04380.2710 25.0625 33.6250 36.3125 25.75 27.15 1012.7650
04401.1460 25.0625 33.6250 36.3125 25.75 27.15 1012.7650
04401.1084 25.0625 33.6250 36.3125 25.75 27.15 1012.7650
04400.6831 25.0625 33.6250 36.3125 25.75 27.15 1012.7650
04400.6958 25.0625 33.6250 36.4375 25.75 27.15 1012.7650
04401.6333 25.0625 33.6875 36.4375 25.77 27.13 1012.7706
04401.8208 25.0625 33.6875 36.4375 25.77 27.13 1012.7706
04400.4082 25.0625 33.6875 36.4375 25.77 27.13 1012.7706
04400.3960 25.0625 33.6875 36.4375 25.77 27.13 1012.7706
04400.9209 25.0625 33.6875 36.4375 25.77 27.13 1012.7706
04400.6460 25.0625 33.6875 36.4375 25.77 27.13 1012.7706
04400.6831 25.0625 33.6875 36.4375 25.77 27.13 1012.7706
04400.8833 25.0625 33.6875 36.4375 25.77 27.13 1012.7706
04401.5957 25.0625 33.8125 36.5000 25.77 27.13 1012.7706
04402.0708 25.0625 33.8125 36.5000 25.77 27.13 1012.7706
04401.5957 25.0625 33.8125 36.5000 25.80 27.11 1012.7386
04400.8960 25.0625 33.8125 36.5000 25.80 27.11 1012.7386
04400.6709 25.0625 33.8125 36.5000 25.80 27.11 1012.7386
04400.6958 25.0625 33.8125 36.5000 25.80 27.11 1012.7386
04400.6333 25.0625 33.8125 36.5000 25.80 27.11 1012.7386
04401.1084 25.0625 33.8125 36.5000 25.80 27.11 1012.7386
04401.1709 25.0625 33.8750 36.6250 25.80 27.11 1012.7386
04398.7832 25.0625 33.8750 36.6250 25.80 27.11 1012.7386
04398.7456 25.0625 33.8750 36.6250 25.80 27.11 1012.7386
04400.6460 25.0625 33.8750 36.6250 25.80 27.10 1012.6926
04400.6460 25.0625 33.8750 36.6250 25.80 27.10 1012.6926
04400.6460 25.0625 33.8750 36.6250 25.80 27.10 1012.6926
04400.3960 25.0625 33.8750 36.6250 25.80 27.10 1012.6926
04400.3960 25.0625 33.8750 36.6250 25.80 27.10 1012.6926
04400.6460 25.0625 33.8750 36.6250 25.80 27.10 1012.6926
04400.6582 25.0625 33.9375 36.7500 25.80 27.10 1012.6926
04399.0332 25.0625 33.9375 36.7500 25.80 27.10 1012.6926
04399.0210 25.0625 33.9375 36.7500 25.80 27.10 1012.6926
04377.4209 25.0625 33.9375 36.7500 25.80 27.10 1012.6926
04398.0835 25.0625 33.9375 36.7500 25.81 27.11 1012.7550
04397.7959 25.0625 33.9375 36.7500 25.81 27.11 1012.7550
04397.8457 25.0625 33.9375 36.7500 25.81 27.11 1012.7550
#terjedesi                                       nyomas  ##
#ido(usec)  T1(C)   T2(C)   T3(C)  T4(C) para(%)  (hPa)
04398.0835 25.0625 33.9375 36.7500 25.81 27.11 1012.7550
04398.9834 25.0625 34.0625 36.8125 25.81 27.11 1012.7550
04399.0332 25.0625 34.0625 36.8125 25.81 27.11 1012.7550
04398.7334 25.0625 34.0625 36.8125 25.81 27.11 1012.7550
04397.3335 25.0625 34.0625 36.8125 25.81 27.11 1012.7550
04397.7959 25.0625 34.0625 36.8125 25.81 27.11 1012.7550
04397.5581 25.0625 34.0625 36.8125 25.82 27.09 1012.6169
04397.8457 25.0625 34.0625 36.8125 25.82 27.09 1012.6169
04397.3081 25.0625 34.0625 36.8125 25.82 27.09 1012.6169
04397.8208 25.0625 34.0625 36.8125 25.82 27.09 1012.6169
04398.5581 25.0625 34.1250 36.8750 25.82 27.09 1012.6169
04398.7959 25.0625 34.1250 36.8750 25.82 27.09 1012.6169
04399.0332 25.0625 34.1250 36.8750 25.82 27.09 1012.6169
04397.5581 25.0625 34.1250 36.8750 25.82 27.09 1012.6169
04397.5957 25.0625 34.1250 36.8750 25.82 27.09 1012.6169
04397.5581 25.0625 34.1250 36.8750 25.82 27.09 1012.6169
04397.8457 25.0625 34.1250 36.8750 25.84 27.09 1012.8126
04397.5835 25.0625 34.1250 36.8750 25.84 27.09 1012.8126
04399.0332 25.0625 34.1875 37.0000 25.84 27.09 1012.8126
04395.9458 25.0625 34.1875 37.0000 25.84 27.09 1012.8126
04396.1831 25.0625 34.1875 37.0000 25.84 27.09 1012.8126
04397.3335 25.0625 34.1875 37.0000 25.84 27.09 1012.8126
04398.0835 25.0625 34.1875 37.0000 25.84 27.09 1012.8126
04397.3706 25.0625 34.1875 37.0000 25.84 27.09 1012.8126
04397.5708 25.0625 34.1875 37.0000 25.84 27.09 1012.8126
04397.5581 25.0625 34.1875 37.0000 25.86 27.06 1012.7829
04397.3706 25.0625 34.1875 37.0000 25.86 27.06 1012.7829
04398.0210 25.0625 34.2500 37.1250 25.86 27.06 1012.7829
04396.1333 25.0625 34.2500 37.1250 25.86 27.06 1012.7829
04395.9209 25.0625 34.2500 37.1250 25.86 27.06 1012.7829
04397.6084 25.0625 34.2500 37.1250 25.86 27.06 1012.7829
04397.5459 25.0625 34.2500 37.1250 25.86 27.06 1012.7829
04398.0332 25.0625 34.2500 37.1250 25.86 27.06 1012.7829
04373.8208 25.0625 34.2500 37.1250 25.86 27.06 1012.7829
04394.9585 25.0625 34.2500 37.1250 25.89 27.06 1012.7699
04395.7085 25.0000 34.3125 37.1875 25.89 27.06 1012.7699
04395.8960 25.0000 34.3125 37.1875 25.89 27.06 1012.7699
04396.1831 25.0000 34.3125 37.1875 25.89 27.06 1012.7699
04394.9331 25.0000 34.3125 37.1875 25.89 27.06 1012.7699
04394.9834 25.0000 34.3125 37.1875 25.89 27.06 1012.7699
04394.9458 25.0000 34.3125 37.1875 25.89 27.06 1012.7699
04395.4209 25.0000 34.3125 37.1875 25.89 27.06 1012.7699
04394.7085 25.0000 34.3125 37.1875 25.89 27.06 1012.7699
04394.9834 25.0000 34.3125 37.1875 25.89 27.06 1012.7699
04394.6958 25.0625 34.3750 37.3125 25.89 27.06 1012.7699
04396.1831 25.0625 34.3750 37.3125 25.89 27.05 1012.6614
04396.1333 25.0625 34.3750 37.3125 25.89 27.05 1012.6614
04394.7085 25.0625 34.3750 37.3125 25.89 27.05 1012.6614
04394.9458 25.0625 34.3750 37.3125 25.89 27.05 1012.6614
04395.1831 25.0625 34.3750 37.3125 25.89 27.05 1012.6614
04394.9458 25.0625 34.3750 37.3125 25.89 27.05 1012.6614
04395.2207 25.0625 34.3750 37.3125 25.89 27.05 1012.6614
04395.7085 25.0625 34.4375 37.3125 25.89 27.05 1012.6614
04395.7085 25.0625 34.4375 37.3125 25.92 27.04 1012.7109
04395.9458 25.0625 34.4375 37.3125 25.92 27.04 1012.7109
04394.7456 25.0625 34.4375 37.3125 25.92 27.04 1012.7109
04394.9707 25.0625 34.4375 37.3125 25.92 27.04 1012.7109
04394.9707 25.0625 34.4375 37.3125 25.92 27.04 1012.7109
04395.2334 25.0625 34.4375 37.3125 25.92 27.04 1012.7109
04394.9956 25.0625 34.4375 37.3125 25.92 27.04 1012.7109
04394.7456 25.0625 34.4375 37.3125 25.92 27.04 1012.7109
04392.8081 25.0625 34.5625 37.4375 25.92 27.04 1012.7109
04371.6709 25.0625 34.5625 37.4375 25.92 27.04 1012.7109
04392.8335 25.0625 34.5625 37.4375 25.93 27.00 1012.7354
04394.9956 25.0625 34.5625 37.4375 25.93 27.00 1012.7354
04371.2085 25.0625 34.5625 37.4375 25.93 27.00 1012.7354
04391.8706 25.0625 34.5625 37.4375 25.93 27.00 1012.7354
04394.9458 25.0625 34.5625 37.4375 25.93 27.00 1012.7354
04394.7583 25.0625 34.5625 37.4375 25.93 27.00 1012.7354
04392.0835 25.0625 34.5625 37.5625 25.93 27.00 1012.7354
04392.6206 25.0625 34.6250 37.5625 25.93 27.00 1012.7354
04392.8081 25.0625 34.6250 37.5625 25.93 27.00 1012.7354
04392.6206 25.0625 34.6250 37.5625 25.93 27.00 1012.7354
#terjedesi                                       nyomas  ##
#ido(usec)  T1(C)   T2(C)   T3(C)  T4(C) para(%)  (hPa)
04391.9082 25.0625 34.6250 37.5625 25.95 27.00 1012.7141
04385.2207 25.0625 34.6250 37.5625 25.95 27.00 1012.7141
04392.0835 25.0625 34.6250 37.5625 25.95 27.00 1012.7141
04391.9082 25.0625 34.6250 37.5625 25.95 27.00 1012.7141
04391.9082 25.0625 34.6250 37.5625 25.95 27.00 1012.7141
04391.6582 25.0625 34.6250 37.5625 25.95 27.00 1012.7141
04393.0459 25.0625 34.6875 37.6250 25.95 27.00 1012.7141
04392.8584 25.0625 34.6875 37.6250 25.95 27.00 1012.7141
04392.0957 25.0625 34.6875 37.6250 25.95 27.00 1012.7141
04391.8584 25.0625 34.6875 37.6250 25.97 26.98 1012.7469
04391.6084 25.0625 34.6875 37.6250 25.97 26.98 1012.7469
04391.3706 25.0625 34.6875 37.6250 25.97 26.98 1012.7469
04391.9082 25.0625 34.6875 37.6250 25.97 26.98 1012.7469
04391.9082 25.0625 34.6875 37.6250 25.97 26.98 1012.7469
04393.0957 25.0625 34.7500 37.6875 25.97 26.98 1012.7469
04392.5708 25.0625 34.7500 37.6875 25.97 26.98 1012.7469
04392.7959 25.0625 34.7500 37.6875 25.97 26.98 1012.7469
04391.9082 25.0625 34.7500 37.6875 25.97 26.98 1012.7469
04392.1084 25.0625 34.7500 37.6875 25.97 26.98 1012.7469
04391.4082 25.0625 34.7500 37.6875 25.99 26.96 1012.6985
04391.8584 25.0625 34.7500 37.6875 25.99 26.96 1012.6985
04391.6460 25.0625 34.7500 37.6875 25.99 26.96 1012.6985
04391.8584 25.0625 34.7500 37.8125 25.99 26.96 1012.6985
04390.0083 25.0625 34.8125 37.8125 25.99 26.96 1012.6985
04389.7085 25.0625 34.8125 37.8125 25.99 26.96 1012.6985
04391.6709 25.0625 34.8125 37.8125 25.99 26.96 1012.6985
04392.0957 25.0625 34.8125 37.8125 25.99 26.96 1012.6985
04391.9082 25.0625 34.8125 37.8125 25.99 26.96 1012.6985
04389.5332 25.0625 34.8125 37.8125 26.02 26.94 1012.7205
04391.8457 25.0625 34.8125 37.8125 26.02 26.94 1012.7205
04391.8584 25.0625 34.8125 37.8125 26.02 26.94 1012.7205
04390.4834 25.0625 34.8750 37.9375 26.02 26.94 1012.7205
04389.9956 25.0625 34.8750 37.9375 26.02 26.94 1012.7205
04389.9585 25.0625 34.8750 37.9375 26.02 26.94 1012.7205
04389.0083 25.0625 34.8750 37.9375 26.02 26.94 1012.7205
04367.9209 25.0625 34.8750 37.9375 26.02 26.94 1012.7205
04368.1206 25.0625 34.8750 37.9375 26.02 26.94 1012.7205
04388.8081 25.0625 34.8750 37.9375 26.02 26.94 1012.7205
04389.0083 25.0625 34.8750 37.9375 26.04 26.95 1012.7454
04389.2583 25.0625 34.9375 38.0000 26.04 26.95 1012.7454
04389.7710 25.0625 34.9375 38.0000 26.04 26.95 1012.7454
04389.9458 25.0625 34.9375 38.0000 26.04 26.95 1012.7454
04388.8081 25.0625 34.9375 38.0000 26.04 26.95 1012.7454
04389.0210 25.0625 34.9375 38.0000 26.04 26.95 1012.7454
04388.5459 25.0625 34.9375 38.0000 26.04 26.95 1012.7454
04388.5835 25.0625 34.9375 38.0000 26.04 26.95 1012.7454
04389.0581 25.0625 34.9375 38.0000 26.04 26.95 1012.7454
04388.8208 25.0625 34.9375 38.0000 26.05 26.91 1012.7617
04389.0581 25.0625 35.0000 38.1250 26.05 26.91 1012.7617
04389.7207 25.0625 35.0000 38.1250 26.05 26.91 1012.7617
04389.9458 25.0625 35.0000 38.1250 26.05 26.91 1012.7617
04389.0581 25.0625 35.0000 38.1250 26.05 26.91 1012.7617
04388.2959 25.0625 35.0000 38.1250 26.05 26.91 1012.7617
04388.9956 25.0625 35.0000 38.1250 26.05 26.91 1012.7617
04388.7959 25.0625 35.0000 38.1250 26.05 26.91 1012.7617
04388.5835 25.0625 35.0000 38.1250 26.05 26.91 1012.7617
04389.9707 25.0625 35.0625 38.1875 26.07 26.91 1012.7216
04389.9956 25.0625 35.0625 38.1875 26.07 26.91 1012.7216
04389.7710 25.0625 35.0625 38.1875 26.07 26.91 1012.7216
04388.5581 25.0625 35.0625 38.1875 26.07 26.91 1012.7216
04389.0581 25.0625 35.0625 38.1875 26.07 26.91 1012.7216
04389.0332 25.0625 35.0625 38.1875 26.07 26.91 1012.7216
04388.8208 25.0625 35.0625 38.1875 26.07 26.91 1012.7216
04388.8208 25.0625 35.0625 38.1875 26.07 26.91 1012.7216
04388.8208 25.0625 35.0625 38.1875 26.07 26.91 1012.7216
04389.4707 25.0625 35.1250 38.3125 26.07 26.91 1012.7216
04386.8584 25.0625 35.1250 38.3125 26.10 26.87 1012.7896
04387.3960 25.0625 35.1250 38.3125 26.10 26.87 1012.7896
04388.7583 25.0625 35.1250 38.3125 26.10 26.87 1012.7896
04389.0581 25.0625 35.1250 38.3125 26.10 26.87 1012.7896
04389.0459 25.0625 35.1250 38.3125 26.10 26.87 1012.7896
04389.0581 25.0625 35.1250 38.3125 26.10 26.87 1012.7896
04386.4458 25.0625 35.1250 38.3125 26.10 26.87 1012.7896
#terjedesi                                       nyomas  ##
#ido(usec)  T1(C)   T2(C)   T3(C)  T4(C) para(%)  (hPa)
04386.8833 25.0625 35.1875 38.3750 26.10 26.87 1012.7896
04387.1582 25.0625 35.1875 38.3750 26.10 26.87 1012.7896
04386.8706 25.0625 35.1875 38.3750 26.10 26.86 1012.7980
04386.4458 25.0625 35.1875 38.3750 26.10 26.86 1012.7980
04386.1958 25.0625 35.1875 38.3750 26.10 26.86 1012.7980
04386.1709 25.0625 35.1875 38.3750 26.10 26.86 1012.7980
04386.1582 25.0625 35.1875 38.3750 26.10 26.86 1012.7980
04365.5459 25.0625 35.1875 38.3750 26.10 26.86 1012.7980
04386.1582 25.0625 35.1875 38.3750 26.10 26.86 1012.7980
04386.1582 25.0625 35.2500 38.5000 26.10 26.86 1012.7980
04386.8960 25.0625 35.2500 38.5000 26.10 26.86 1012.7980
04386.8833 25.0625 35.2500 38.5000 26.10 26.86 1012.7980
04385.9209 25.0625 35.2500 38.5000 26.14 26.87 1012.8200
04385.9209 25.0625 35.2500 38.5000 26.14 26.87 1012.8200
04385.9707 25.0625 35.2500 38.5000 26.14 26.87 1012.8200
04386.1582 25.0625 35.2500 38.5000 26.14 26.87 1012.8200
04386.3960 25.0625 35.2500 38.5000 26.14 26.87 1012.8200
04387.1084 25.0625 35.3125 38.5625 26.14 26.87 1012.8200
04387.0957 25.0625 35.3125 38.5625 26.14 26.87 1012.8200
04387.1333 25.0625 35.3125 38.5625 26.14 26.87 1012.8200
04386.4331 25.0625 35.3125 38.5625 26.14 26.87 1012.8200
04385.9082 25.0625 35.3125 38.5625 26.16 26.84 1012.7798
04385.9707 25.0625 35.3125 38.5625 26.16 26.84 1012.7798
04386.4209 25.0625 35.3125 38.5625 26.16 26.84 1012.7798
04385.9209 25.0625 35.3125 38.5625 26.16 26.84 1012.7798
04386.2085 25.0625 35.3125 38.5625 26.16 26.84 1012.7798
04385.9209 25.0625 35.3750 38.6875 26.16 26.84 1012.7798
04411.0957 25.0625 35.3750 38.6875 26.16 26.84 1012.7798
04387.1084 25.0625 35.3750 38.6875 26.16 26.84 1012.7798
04386.1582 25.0625 35.3750 38.6875 26.16 26.84 1012.7798
04385.9082 25.0625 35.3750 38.6875 26.17 26.84 1012.7690
04385.9707 25.0625 35.3750 38.6875 26.17 26.84 1012.7690
04386.1958 25.0625 35.3750 38.6875 26.17 26.84 1012.7690
04386.3960 25.0625 35.3750 38.6875 26.17 26.84 1012.7690
04386.4458 25.0625 35.3750 38.8125 26.17 26.84 1012.7690
04386.8584 25.0625 35.3750 38.8125 26.17 26.84 1012.7690
04383.8335 25.0625 35.3750 38.8125 26.17 26.84 1012.7690
04385.7207 25.0625 35.3750 38.8125 26.17 26.84 1012.7690
04385.9707 25.0625 35.3750 38.8125 26.17 26.84 1012.7690
04386.2085 25.0625 35.3750 38.8125 26.17 26.84 1012.7690
04385.9209 25.0625 35.3750 38.8125 26.20 26.80 1012.7913
04385.7207 25.0625 35.3750 38.8125 26.20 26.80 1012.7913
04386.4331 25.0625 35.3750 38.8125 26.20 26.80 1012.7913
04384.4956 25.0625 35.5000 38.8750 26.20 26.80 1012.7913
04384.0210 25.0625 35.5000 38.8750 26.20 26.80 1012.7913
04384.2959 25.0625 35.5000 38.8750 26.20 26.80 1012.7913
04383.2959 25.0625 35.5000 38.8750 26.20 26.80 1012.7913
04383.1206 25.0625 35.5000 38.8750 26.20 26.80 1012.7913
04383.3584 25.0625 35.5000 38.8750 26.20 26.80 1012.7913
04383.0708 25.0625 35.5000 38.8750 26.22 26.78 1012.7615
04383.3584 25.0625 35.5000 38.8750 26.22 26.78 1012.7615
04382.8833 25.0625 35.5000 39.0000 26.22 26.78 1012.7615
04384.2583 25.0625 35.5625 39.0000 26.22 26.78 1012.7615
04384.0708 25.0625 35.5625 39.0000 26.22 26.78 1012.7615
04384.2959 25.0625 35.5625 39.0000 26.22 26.78 1012.7615
04382.8706 25.0625 35.5625 39.0000 26.22 26.78 1012.7615
04382.8335 25.0625 35.5625 39.0000 26.22 26.78 1012.7615
04383.0957 25.0625 35.5625 39.0000 26.22 26.78 1012.7615
04382.8335 25.0625 35.5625 39.0000 26.22 26.78 1012.7615
04383.3081 25.0625 35.5625 39.0000 26.24 26.76 1012.7757
04382.8833 25.0625 35.5625 39.0000 26.24 26.76 1012.7757
04384.2456 25.0625 35.6250 39.0625 26.24 26.76 1012.7757
04384.0581 25.0625 35.6250 39.0625 26.24 26.76 1012.7757
04382.8335 25.0625 35.6250 39.0625 26.24 26.76 1012.7757
04383.3081 25.0625 35.6250 39.0625 26.24 26.76 1012.7757
04382.8706 25.0625 35.6250 39.0625 26.24 26.76 1012.7757
04382.8706 25.0625 35.6250 39.0625 26.24 26.76 1012.7757
04382.8833 25.0625 35.6250 39.0625 26.24 26.76 1012.7757
04382.8208 25.0625 35.6250 39.0625 26.26 26.74 1012.7459
04384.2583 25.0625 35.6875 39.1250 26.26 26.74 1012.7459
04384.0459 25.0625 35.6875 39.1250 26.26 26.74 1012.7459
04384.3081 25.0625 35.6875 39.1250 26.26 26.74 1012.7459
04382.8335 25.0625 35.6875 39.1250 26.26 26.74 1012.7459
#terjedesi                                       nyomas  ##
#ido(usec)  T1(C)   T2(C)   T3(C)  T4(C) para(%)  (hPa)
04383.3081 25.0625 35.6875 39.1250 26.26 26.74 1012.7459
04383.0708 25.0625 35.6875 39.1250 26.26 26.74 1012.7459
04383.0708 25.0625 35.6875 39.1250 26.26 26.74 1012.7459
04382.8584 25.0625 35.6875 39.1250 26.26 26.74 1012.7459
04382.8335 25.0625 35.6875 39.1875 26.26 26.74 1012.7459
04381.1709 25.0625 35.7500 39.1875 26.29 26.72 1012.7953
04381.2207 25.0625 35.7500 39.1875 26.29 26.72 1012.7953
04383.0708 25.0625 35.7500 39.1875 26.29 26.72 1012.7953
04383.2959 25.0625 35.7500 39.1875 26.29 26.72 1012.7953
04383.1084 25.0625 35.7500 39.1875 26.29 26.72 1012.7953
04383.1206 25.0625 35.7500 39.1875 26.29 26.72 1012.7953
04382.8706 25.0625 35.7500 39.1875 26.29 26.72 1012.7953
04383.0835 25.0625 35.7500 39.1875 26.29 26.72 1012.7953
04381.2085 25.0625 35.8125 39.3125 26.29 26.72 1012.7953
04381.1582 25.0625 35.8125 39.3125 26.29 26.72 1012.7953
04381.2085 25.0625 35.8125 39.3125 26.31 26.72 1012.7551
04383.0708 25.0625 35.8125 39.3125 26.31 26.72 1012.7551
04383.0957 25.0625 35.8125 39.3125 26.31 26.72 1012.7551
04380.5083 25.0625 35.8125 39.3125 26.31 26.72 1012.7551
04380.2207 25.0625 35.8125 39.3125 26.31 26.72 1012.7551
04382.6460 25.0625 35.8125 39.3125 26.31 26.72 1012.7551
04380.4956 25.0625 35.8125 39.3750 26.31 26.72 1012.7551
04380.9458 25.0625 35.8125 39.3750 26.31 26.72 1012.7551
04380.7334 25.0625 35.8125 39.3750 26.33 26.71 1012.7607
04382.5835 25.0625 35.8125 39.3750 26.33 26.71 1012.7607
04379.7959 25.0625 35.8125 39.3750 26.33 26.71 1012.7607
04382.6460 25.0625 35.8125 39.3750 26.33 26.71 1012.7607
04379.7710 25.0625 35.8125 39.3750 26.33 26.71 1012.7607
04379.9707 25.0625 35.8125 39.3750 26.33 26.71 1012.7607
04379.7710 25.0625 35.8125 39.3750 26.33 26.71 1012.7607
04380.2334 25.0625 35.9375 39.4375 26.33 26.71 1012.7607
04380.9331 25.0625 35.9375 39.4375 26.33 26.71 1012.7607
04381.4585 25.0625 35.9375 39.4375 26.33 26.71 1012.7607
04380.0332 25.0625 35.9375 39.4375 26.33 26.71 1012.7607
04379.7959 25.0625 35.9375 39.4375 26.37 26.68 1012.7640
04380.2207 25.0625 35.9375 39.4375 26.37 26.68 1012.7640
04380.0332 25.0625 35.9375 39.4375 26.37 26.68 1012.7640
04380.2456 25.0625 35.9375 39.4375 26.37 26.68 1012.7640
04381.1709 25.0625 36.0000 39.5625 26.37 26.68 1012.7640
04380.9209 25.0625 36.0000 39.5625 26.37 26.68 1012.7640
04381.1958 25.0625 36.0000 39.5625 26.37 26.68 1012.7640
04379.9834 25.0625 36.0000 39.5625 26.37 26.68 1012.7640
04380.0210 25.0625 36.0000 39.5625 26.37 26.68 1012.7640
04379.9834 25.0625 36.0000 39.5625 26.38 26.67 1012.7803
04380.0332 25.0625 36.0000 39.5625 26.38 26.67 1012.7803
04379.9956 25.0625 36.0000 39.5625 26.38 26.67 1012.7803
04380.0332 25.0625 36.0000 39.5625 26.38 26.67 1012.7803
04379.9707 25.0625 36.0000 39.6250 26.38 26.67 1012.7803
04378.3457 25.0625 36.0000 39.6250 26.38 26.67 1012.7803
04378.5459 25.0625 36.0000 39.6250 26.38 26.67 1012.7803
04379.9834 25.0625 36.0000 39.6250 26.38 26.67 1012.7803
04380.0210 25.0625 36.0000 39.6250 26.38 26.67 1012.7803
04379.9956 25.0625 36.0000 39.6250 26.40 26.67 1012.7862
04379.9707 25.0625 36.0000 39.6250 26.40 26.67 1012.7862
04379.7583 25.0625 36.0000 39.6250 26.40 26.67 1012.7862
04378.0835 25.0625 36.0625 39.6875 26.40 26.67 1012.7862
04378.0957 25.0625 36.0625 39.6875 26.40 26.67 1012.7862
04378.0835 25.0625 36.0625 39.6875 26.40 26.67 1012.7862
04380.2334 25.0625 36.0625 39.6875 26.40 26.67 1012.7862
04379.9834 25.0625 36.0625 39.6875 26.40 26.67 1012.7862
04380.2334 25.0625 36.0625 39.6875 26.40 26.67 1012.7862
04380.2710 25.0625 36.0625 39.6875 26.40 26.67 1012.7862
04377.1831 25.0625 36.0625 39.6875 26.43 26.65 1012.7813
04380.0332 25.0625 36.0625 39.6875 26.43 26.65 1012.7813
04380.0083 25.0625 36.1250 39.7500 26.43 26.65 1012.7813
04378.3208 25.0625 36.1250 39.7500 26.43 26.65 1012.7813
04378.1333 25.0625 36.1250 39.7500 26.43 26.65 1012.7813
04376.9458 25.0625 36.1250 39.7500 26.43 26.65 1012.7813
04377.3706 25.0625 36.1250 39.7500 26.43 26.65 1012.7813
04376.8960 25.0625 36.1250 39.7500 26.43 26.65 1012.7813
04377.1333 25.0625 36.1250 39.7500 26.43 26.65 1012.7813
04377.4082 25.0625 36.1250 39.7500 26.48 26.61 1012.7466
04377.8706 25.0625 36.1875 39.8750 26.48 26.61 1012.7466
#terjedesi                                       nyomas  ##
#ido(usec)  T1(C)   T2(C)   T3(C)  T4(C) para(%)  (hPa)
04378.3706 25.0625 36.1875 39.8750 26.48 26.61 1012.7466
04378.3706 25.0625 36.1875 39.8750 26.48 26.61 1012.7466
04377.3706 25.0625 36.1875 39.8750 26.48 26.61 1012.7466
04376.9458 25.0625 36.1875 39.8750 26.48 26.61 1012.7466
04377.3706 25.0625 36.1875 39.8750 26.48 26.61 1012.7466
04377.4209 25.0625 36.1875 39.8750 26.48 26.61 1012.7466
04376.9458 25.0625 36.1875 39.8750 26.48 26.61 1012.7466
04377.1709 25.0625 36.1875 39.8750 26.48 26.61 1012.7466
04377.4209 25.0625 36.2500 39.9375 26.48 26.59 1012.7277
04378.0708 25.0625 36.2500 39.9375 26.48 26.59 1012.7277
04378.3208 25.0625 36.2500 39.9375 26.48 26.59 1012.7277
04377.1206 25.0625 36.2500 39.9375 26.48 26.59 1012.7277
04377.3833 25.0625 36.2500 39.9375 26.48 26.59 1012.7277
04377.1709 25.0625 36.2500 39.9375 26.48 26.59 1012.7277
04377.1460 25.0625 36.2500 39.9375 26.48 26.59 1012.7277
04377.4209 25.0625 36.2500 39.9375 26.48 26.59 1012.7277
04377.8457 25.0625 36.2500 40.0000 26.48 26.59 1012.7277
04378.1333 25.0625 36.2500 40.0000 26.50 26.56 1012.7335
04378.3706 25.0625 36.2500 40.0000 26.50 26.56 1012.7335
04377.1206 25.0625 36.2500 40.0000 26.50 26.56 1012.7335
04377.1206 25.0625 36.2500 40.0000 26.50 26.56 1012.7335
04376.8833 25.0625 36.2500 40.0000 26.50 26.56 1012.7335
04377.1206 25.0625 36.2500 40.0000 26.50 26.56 1012.7335
04376.7085 25.0625 36.2500 40.0000 26.50 26.56 1012.7335
04376.8960 25.0625 36.2500 40.0000 26.50 26.56 1012.7335
04375.0332 25.0625 36.3750 40.0625 26.50 26.56 1012.7335
04375.5083 25.0625 36.3750 40.0625 26.50 26.56 1012.7335
04375.2334 25.0625 36.3750 40.0625 26.53 26.55 1012.7555
04377.4082 25.0625 36.3750 40.0625 26.53 26.55 1012.7555
04377.3584 25.0625 36.3750 40.0625 26.53 26.55 1012.7555
04376.6582 25.0625 36.3750 40.0625 26.53 26.55 1012.7555
04376.9082 25.0625 36.3750 40.0625 26.53 26.55 1012.7555
04377.1709 25.0625 36.3750 40.0625 26.53 26.55 1012.7555
04377.1831 25.0625 36.3750 40.1875 26.53 26.55 1012.7555
04374.9956 25.0625 36.3750 40.1875 26.53 26.55 1012.7555
04375.2583 25.0625 36.3750 40.1875 26.53 26.55 1012.7555
04375.0459 25.0625 36.3750 40.1875 26.54 26.56 1012.7449
04376.6831 25.0625 36.3750 40.1875 26.54 26.56 1012.7449
04377.1333 25.0625 36.3750 40.1875 26.54 26.56 1012.7449
04374.3335 25.0625 36.3750 40.1875 26.54 26.56 1012.7449
04374.2832 25.0625 36.3750 40.1875 26.54 26.56 1012.7449
04377.1831 25.0625 36.3750 40.1875 26.54 26.56 1012.7449
04374.2832 25.0625 36.3750 40.1875 26.54 26.56 1012.7449
04375.2207 25.0625 36.4375 40.2500 26.54 26.56 1012.7449
04375.2710 25.0625 36.4375 40.2500 26.54 26.56 1012.7449
04374.2832 25.0625 36.4375 40.2500 26.57 26.55 1012.7397
04374.5708 25.0625 36.4375 40.2500 26.57 26.55 1012.7397
04400.4458 25.0625 36.4375 40.2500 26.57 26.55 1012.7397
04373.8584 25.0625 36.4375 40.2500 26.57 26.55 1012.7397
04374.0835 25.0625 36.4375 40.2500 26.57 26.55 1012.7397
04373.8584 25.0625 36.4375 40.2500 26.57 26.55 1012.7397
04375.2832 25.0625 36.5625 40.3125 26.57 26.55 1012.7397
04375.2710 25.0625 36.5625 40.3125 26.57 26.55 1012.7397
04375.7583 25.0625 36.5625 40.3125 26.57 26.55 1012.7397
04374.0708 25.0625 36.5625 40.3125 26.57 26.55 1012.7397
04374.0459 25.0625 36.5625 40.3125 26.59 26.56 1012.7455
04374.0459 25.0625 36.5625 40.3125 26.59 26.56 1012.7455
04374.5708 25.0625 36.5625 40.3125 26.59 26.56 1012.7455
04373.8457 25.0625 36.5625 40.3125 26.59 26.56 1012.7455
04374.3081 25.0625 36.5625 40.4375 26.59 26.56 1012.7455
04375.2207 25.0625 36.5625 40.4375 26.59 26.56 1012.7455
04375.5210 25.0625 36.5625 40.4375 26.59 26.56 1012.7455
04374.0459 25.0625 36.5625 40.4375 26.59 26.56 1012.7455
04374.0459 25.0625 36.5625 40.4375 26.59 26.56 1012.7455
04374.0708 25.0625 36.5625 40.4375 26.64 26.54 1012.7299
04374.2959 25.0625 36.5625 40.4375 26.64 26.54 1012.7299
04374.3081 25.0625 36.5625 40.4375 26.64 26.54 1012.7299
04374.5083 25.0625 36.5625 40.4375 26.64 26.54 1012.7299
04375.2710 25.0625 36.6250 40.5000 26.64 26.54 1012.7299
04375.2456 25.0625 36.6250 40.5000 26.64 26.54 1012.7299
04375.4707 25.0625 36.6250 40.5000 26.64 26.54 1012.7299
04374.3335 25.0625 36.6250 40.5000 26.64 26.54 1012.7299
04374.5708 25.0625 36.6250 40.5000 26.64 26.54 1012.7299
#terjedesi                                       nyomas  ##
#ido(usec)  T1(C)   T2(C)   T3(C)  T4(C) para(%)  (hPa)
04374.2832 25.0625 36.6250 40.5000 26.64 26.54 1012.7299
04374.0459 25.0625 36.6250 40.5000 26.66 26.53 1012.7083
04373.8081 25.0625 36.6250 40.5000 26.66 26.53 1012.7083
04374.5708 25.0625 36.6875 40.5625 26.66 26.53 1012.7083
04372.6206 25.0625 36.6875 40.5625 26.66 26.53 1012.7083
04372.4209 25.0625 36.6875 40.5625 26.66 26.53 1012.7083
04374.0708 25.0625 36.6875 40.5625 26.66 26.53 1012.7083
04374.3335 25.0625 36.6875 40.5625 26.66 26.53 1012.7083
04374.0459 25.0625 36.6875 40.5625 26.66 26.53 1012.7083
04374.3335 25.0625 36.6875 40.5625 26.66 26.53 1012.7083
04374.3335 25.0625 36.6875 40.5625 26.68 26.50 1012.7684
04374.2710 25.0625 36.6875 40.5625 26.68 26.50 1012.7684
04374.3335 25.0625 36.7500 40.6875 26.68 26.50 1012.7684
04372.4082 25.0625 36.7500 40.6875 26.68 26.50 1012.7684
04372.4331 25.0625 36.7500 40.6875 26.68 26.50 1012.7684
04373.8208 25.0625 36.7500 40.6875 26.68 26.50 1012.7684
04373.8584 25.0625 36.7500 40.6875 26.68 26.50 1012.7684
04374.0835 25.0625 36.7500 40.6875 26.68 26.50 1012.7684
04374.0957 25.0625 36.7500 40.6875 26.68 26.50 1012.7684
04374.2832 25.0625 36.7500 40.6875 26.68 26.50 1012.7684
04372.3833 25.0625 36.8125 40.7500 26.71 26.49 1012.7092
04372.3833 25.0625 36.8125 40.7500 26.71 26.49 1012.7092
04372.1460 25.0625 36.8125 40.7500 26.71 26.49 1012.7092
04371.2334 25.0625 36.8125 40.7500 26.71 26.49 1012.7092
04374.0459 25.0625 36.8125 40.7500 26.71 26.49 1012.7092
04374.0957 25.0625 36.8125 40.7500 26.71 26.49 1012.7092
04370.9585 25.0625 36.8125 40.7500 26.71 26.49 1012.7092
04397.7959 25.0625 36.8125 40.7500 26.71 26.49 1012.7092
04374.0708 25.0625 36.8125 40.7500 26.71 26.49 1012.7092
04371.4331 25.0625 36.8750 40.8125 26.71 26.49 1012.7092
04371.9331 25.0625 36.8750 40.8125 26.74 26.48 1012.7853
04372.1333 25.0625 36.8750 40.8125 26.74 26.48 1012.7853
04370.9956 25.0625 36.8750 40.8125 26.74 26.48 1012.7853
04371.2456 25.0625 36.8750 40.8125 26.74 26.48 1012.7853
04371.2456 25.0625 36.8750 40.8125 26.74 26.48 1012.7853
04371.4331 25.0625 36.8750 40.8125 26.74 26.48 1012.7853
04371.4331 25.0625 36.8750 40.8125 26.74 26.48 1012.7853
04372.4331 25.0625 36.9375 40.8750 26.74 26.48 1012.7853
04372.3833 25.0625 36.9375 40.8750 26.77 26.46 1012.7804
04372.3833 25.0625 36.9375 40.8750 26.77 26.46 1012.7804
04371.0083 25.0625 36.9375 40.8750 26.77 26.46 1012.7804
04370.7085 25.0625 36.9375 40.8750 26.77 26.46 1012.7804
04371.0083 25.0625 36.9375 40.8750 26.77 26.46 1012.7804
04370.7710 25.0625 36.9375 40.8750 26.77 26.46 1012.7804
04371.2456 25.0625 36.9375 40.8750 26.77 26.46 1012.7804
04371.2085 25.0625 36.9375 40.8750 26.77 26.46 1012.7804
04371.0083 25.0625 37.0000 40.9375 26.77 26.46 1012.7804
04372.1709 25.0625 37.0000 40.9375 26.77 26.46 1012.7804
04371.6709 25.0625 37.0000 40.9375 26.77 26.46 1012.7804
04370.9707 25.0625 37.0000 40.9375 26.78 26.42 1012.7699
04370.9458 25.0625 37.0000 40.9375 26.78 26.42 1012.7699
04370.9834 25.0625 37.0000 40.9375 26.78 26.42 1012.7699
04371.2456 25.0625 37.0000 40.9375 26.78 26.42 1012.7699
04371.4834 25.0625 37.0000 40.9375 26.78 26.42 1012.7699
04371.9082 25.0625 37.0625 41.0625 26.78 26.42 1012.7699
04372.1958 25.0625 37.0625 41.0625 26.78 26.42 1012.7699
04371.9331 25.0625 37.0625 41.0625 26.78 26.42 1012.7699
04371.0083 25.0625 37.0625 41.0625 26.78 26.42 1012.7699
04371.0083 25.0625 37.0625 41.0625 26.80 26.39 1012.6940
04371.0083 25.0625 37.0625 41.0625 26.80 26.39 1012.6940
04371.2456 25.0625 37.0625 41.0625 26.80 26.39 1012.6940
04371.0083 25.0625 37.0625 41.0625 26.80 26.39 1012.6940
04371.0083 25.0625 37.0625 41.0625 26.80 26.39 1012.6940
04371.2085 25.0625 37.1250 41.1250 26.80 26.39 1012.6940
04369.5835 25.0625 37.1250 41.1250 26.80 26.39 1012.6940
04369.0835 25.0625 37.1250 41.1250 26.80 26.39 1012.6940
04370.9585 25.0625 37.1250 41.1250 26.80 26.39 1012.6940
04371.2085 25.0625 37.1250 41.1250 26.83 26.36 1012.7515
04370.9956 25.0625 37.1250 41.1250 26.83 26.36 1012.7515
04371.2085 25.0625 37.1250 41.1250 26.83 26.36 1012.7515
04370.7710 25.0625 37.1250 41.1250 26.83 26.36 1012.7515
04368.5835 25.0625 37.1875 41.1875 26.83 26.36 1012.7515
04369.3335 25.0625 37.1875 41.1875 26.83 26.36 1012.7515
#terjedesi                                       nyomas  ##
#ido(usec)  T1(C)   T2(C)   T3(C)  T4(C) para(%)  (hPa)
04369.0708 25.0625 37.1875 41.1875 26.83 26.36 1012.7515
04371.4585 25.0625 37.1875 41.1875 26.83 26.36 1012.7515
04371.2456 25.0625 37.1875 41.1875 26.83 26.36 1012.7515
04371.0083 25.0625 37.1875 41.1875 26.83 26.36 1012.7515
04368.6333 25.0625 37.1875 41.1875 26.86 26.32 1012.7737
04347.4834 25.0625 37.1875 41.1875 26.86 26.32 1012.7737
04371.0083 25.0625 37.1875 41.1875 26.86 26.32 1012.7737
04369.0581 25.0625 37.2500 41.2500 26.86 26.32 1012.7737
04369.3457 25.0625 37.2500 41.2500 26.86 26.32 1012.7737
04369.2959 25.0625 37.2500 41.2500 26.86 26.32 1012.7737
04370.7710 25.0625 37.2500 41.2500 26.86 26.32 1012.7737
04370.7207 25.0625 37.2500 41.2500 26.86 26.32 1012.7737
04370.7710 25.0625 37.2500 41.2500 26.86 26.32 1012.7737
04368.0957 25.0625 37.2500 41.2500 26.88 26.29 1012.7357
04370.7085 25.0625 37.2500 41.2500 26.88 26.29 1012.7357
04368.1333 25.0625 37.2500 41.3125 26.88 26.29 1012.7357
04369.0957 25.0625 37.3125 41.3125 26.88 26.29 1012.7357
04369.5708 25.0625 37.3125 41.3125 26.88 26.29 1012.7357
04369.3457 25.0625 37.3125 41.3125 26.88 26.29 1012.7357
04368.1460 25.0625 37.3125 41.3125 26.88 26.29 1012.7357
04368.0957 25.0625 37.3125 41.3125 26.88 26.29 1012.7357
04367.9209 25.0625 37.3125 41.3125 26.88 26.29 1012.7357
04368.0957 25.0625 37.3125 41.3125 26.88 26.29 1012.7357
04367.6831 25.0625 37.3125 41.3125 26.90 26.25 1012.7226
04367.8584 25.0625 37.3125 41.3125 26.90 26.25 1012.7226
04368.8457 25.0625 37.3750 41.3750 26.90 26.25 1012.7226
04369.0835 25.0625 37.3750 41.3750 26.90 26.25 1012.7226
04367.8706 25.0625 37.3750 41.3750 26.90 26.25 1012.7226
04367.6582 25.0625 37.3750 41.3750 26.90 26.25 1012.7226
04367.8960 25.0625 37.3750 41.3750 26.90 26.25 1012.7226
04368.1206 25.0625 37.3750 41.3750 26.90 26.25 1012.7226
04368.0957 25.0625 37.3750 41.3750 26.90 26.25 1012.7226
04367.9209 25.0625 37.3750 41.3750 26.92 26.22 1012.7281
04369.1084 25.0625 37.4375 41.5000 26.92 26.22 1012.7281
04369.1084 25.0625 37.4375 41.5000 26.92 26.22 1012.7281
04368.8706 25.0625 37.4375 41.5000 26.92 26.22 1012.7281
04367.9209 25.0625 37.4375 41.5000 26.92 26.22 1012.7281
04367.9082 25.0625 37.4375 41.5000 26.92 26.22 1012.7281
04368.1582 25.0625 37.4375 41.5000 26.92 26.22 1012.7281
04368.3457 25.0625 37.4375 41.5000 26.92 26.22 1012.7281
04368.3335 25.0625 37.4375 41.5000 26.92 26.22 1012.7281
04367.4458 25.0625 37.4375 41.5000 26.92 26.22 1012.7281
04368.8208 25.0625 37.5000 41.5000 26.95 26.19 1012.7149
04369.2959 25.0625 37.5000 41.5000 26.95 26.19 1012.7149
04367.8706 25.0625 37.5000 41.5000 26.95 26.19 1012.7149
04368.3833 25.0625 37.5000 41.5000 26.95 26.19 1012.7149
04367.8706 25.0625 37.5000 41.5000 26.95 26.19 1012.7149
04368.1084 25.0625 37.5000 41.5000 26.95 26.19 1012.7149
04368.1084 25.0625 37.5000 41.5000 26.95 26.19 1012.7149
04368.1206 25.0625 37.5000 41.5000 26.95 26.19 1012.7149
04366.2583 25.0625 37.5625 41.6250 26.95 26.19 1012.7149
04366.2207 25.0625 37.5625 41.6250 26.97 26.16 1012.7558
04365.9585 25.0625 37.5625 41.6250 26.97 26.16 1012.7558
04368.1084 25.0625 37.5625 41.6250 26.97 26.16 1012.7558
04368.5708 25.0625 37.5625 41.6250 26.97 26.16 1012.7558
04368.3457 25.0625 37.5625 41.6250 26.97 26.16 1012.7558
04367.8706 25.0625 37.5625 41.6250 26.97 26.16 1012.7558
04368.1582 25.0625 37.5625 41.6250 26.97 26.16 1012.7558
04365.7334 25.0625 37.5625 41.6875 26.97 26.16 1012.7558
04366.4331 25.0625 37.5625 41.6875 26.97 26.16 1012.7558
04366.4707 25.0625 37.5625 41.6875 26.99 26.12 1012.7617
04368.3335 25.0625 37.5625 41.6875 26.99 26.12 1012.7617
04367.8960 25.0625 37.5625 41.6875 26.99 26.12 1012.7617
04367.6831 25.0625 37.5625 41.6875 26.99 26.12 1012.7617
04365.3081 25.0625 37.5625 41.6875 26.99 26.12 1012.7617
04365.2583 25.0625 37.5625 41.6875 26.99 26.12 1012.7617
04367.9209 25.0625 37.5625 41.6875 26.99 26.12 1012.7617
04365.5459 25.0625 37.6875 41.7500 26.99 26.12 1012.7617
04366.2456 25.0625 37.6875 41.7500 26.99 26.12 1012.7617
04365.9585 25.0625 37.6875 41.7500 26.99 26.12 1012.7617
04367.6831 25.0625 37.6875 41.7500 27.02 26.10 1012.7838
04365.0083 25.0625 37.6875 41.7500 27.02 26.10 1012.7838
04365.0581 25.0625 37.6875 41.7500 27.02 26.10 1012.7838
#terjedesi                                       nyomas  ##
#ido(usec)  T1(C)   T2(C)   T3(C)  T4(C) para(%)  (hPa)
04365.0210 25.0625 37.6875 41.7500 27.02 26.10 1012.7838
04365.0708 25.0625 37.6875 41.7500 27.02 26.10 1012.7838
04366.2456 25.1250 37.6875 41.8125 27.02 26.10 1012.7838
04366.2583 25.1250 37.6875 41.8125 27.02 26.10 1012.7838
04366.2583 25.1250 37.6875 41.8125 27.02 26.10 1012.7838
04365.0708 25.1250 37.6875 41.8125 27.02 26.10 1012.7838
04365.0708 25.1250 37.6875 41.8125 27.04 26.06 1012.8354
04365.0708 25.1250 37.6875 41.8125 27.04 26.06 1012.8354
04365.0083 25.1250 37.6875 41.8125 27.04 26.06 1012.8354
04364.8335 25.1250 37.6875 41.8125 27.04 26.06 1012.8354
04365.3081 25.1250 37.6875 41.8125 27.04 26.06 1012.8354
04365.2456 25.0625 37.7500 41.8750 27.04 26.06 1012.8354
04365.9707 25.0625 37.7500 41.8750 27.04 26.06 1012.8354
04366.4956 25.0625 37.7500 41.8750 27.04 26.06 1012.8354
04365.2832 25.0625 37.7500 41.8750 27.04 26.06 1012.8354
04365.0581 25.0625 37.7500 41.8750 27.04 26.06 1012.8354
04365.0708 25.0625 37.7500 41.8750 27.05 26.03 1012.7432
04365.0083 25.0625 37.7500 41.8750 27.05 26.03 1012.7432
04364.8081 25.0625 37.7500 41.8750 27.05 26.03 1012.7432
04365.9585 25.1250 37.8125 41.9375 27.05 26.03 1012.7432
04366.2334 25.1250 37.8125 41.9375 27.05 26.03 1012.7432
04366.2583 25.1250 37.8125 41.9375 27.05 26.03 1012.7432
04365.5083 25.1250 37.8125 41.9375 27.05 26.03 1012.7432
04365.2456 25.1250 37.8125 41.9375 27.05 26.03 1012.7432
04365.3081 25.1250 37.8125 41.9375 27.05 26.03 1012.7432
04365.0210 25.1250 37.8125 41.9375 27.08 26.00 1012.7191
04365.0708 25.1250 37.8125 41.9375 27.08 26.00 1012.7191
04365.3081 25.1250 37.8125 41.9375 27.08 26.00 1012.7191
04365.0708 25.0625 37.8750 42.0000 27.08 26.00 1012.7191
04365.9585 25.0625 37.8750 42.0000 27.08 26.00 1012.7191
04389.9956 25.0625 37.8750 42.0000 27.08 26.00 1012.7191
04364.8208 25.0625 37.8750 42.0000 27.08 26.00 1012.7191
04365.0210 25.0625 37.8750 42.0000 27.08 26.00 1012.7191
04365.2583 25.0625 37.8750 42.0000 27.08 26.00 1012.7191
04365.0708 25.0625 37.8750 42.0000 27.10 25.97 1012.7440
04365.2583 25.0625 37.8750 42.0000 27.10 25.97 1012.7440
04363.1460 25.1250 37.9375 42.1250 27.10 25.97 1012.7440
04363.1709 25.1250 37.9375 42.1250 27.10 25.97 1012.7440
04363.5835 25.1250 37.9375 42.1250 27.10 25.97 1012.7440
04365.2583 25.1250 37.9375 42.1250 27.10 25.97 1012.7440
04365.0708 25.1250 37.9375 42.1250 27.10 25.97 1012.7440
04365.0708 25.1250 37.9375 42.1250 27.10 25.97 1012.7440
04364.8335 25.1250 37.9375 42.1250 27.10 25.97 1012.7440
04365.0210 25.1250 37.9375 42.1250 27.10 25.97 1012.7440
04365.0708 25.1250 37.9375 42.1250 27.10 25.97 1012.7440
04362.9082 25.1250 38.0000 42.1875 27.13 25.95 1012.7305
04363.5957 25.1250 38.0000 42.1875 27.13 25.95 1012.7305
04363.5957 25.1250 38.0000 42.1875 27.13 25.95 1012.7305
04362.4585 25.1250 38.0000 42.1875 27.13 25.95 1012.7305
04362.9209 25.1250 38.0000 42.1875 27.13 25.95 1012.7305
04362.6460 25.1250 38.0000 42.1875 27.13 25.95 1012.7305
04388.7710 25.1250 38.0000 42.1875 27.13 25.95 1012.7305
04365.0332 25.1250 38.0000 42.1875 27.13 25.95 1012.7305
04362.8960 25.0625 38.0625 42.2500 27.15 25.92 1012.6820
04363.5835 25.0625 38.0625 42.2500 27.15 25.92 1012.6820
04362.9331 25.0625 38.0625 42.2500 27.15 25.92 1012.6820
04364.8335 25.0625 38.0625 42.2500 27.15 25.92 1012.6820
04364.8335 25.0625 38.0625 42.2500 27.15 25.92 1012.6820
04362.2085 25.0625 38.0625 42.2500 27.15 25.92 1012.6820
04362.1582 25.0625 38.0625 42.2500 27.15 25.92 1012.6820
04361.9331 25.0625 38.0625 42.2500 27.15 25.92 1012.6820
04361.9834 25.0625 38.0625 42.2500 27.15 25.92 1012.6820
04363.3584 25.1250 38.1875 42.3750 27.15 25.92 1012.6820
04363.6333 25.1250 38.1875 42.3750 27.17 25.91 1012.7690
04363.1709 25.1250 38.1875 42.3750 27.17 25.91 1012.7690
04361.9585 25.1250 38.1875 42.3750 27.17 25.91 1012.7690
04362.1709 25.1250 38.1875 42.3750 27.17 25.91 1012.7690
04362.2207 25.1250 38.1875 42.3750 27.17 25.91 1012.7690
04362.4082 25.1250 38.1875 42.3750 27.17 25.91 1012.7690
04362.2207 25.1250 38.1875 42.3750 27.17 25.91 1012.7690
04362.2207 25.1250 38.1875 42.4375 27.17 25.91 1012.7690
04363.5957 25.1250 38.1875 42.4375 27.17 25.91 1012.7690
04363.4082 25.1250 38.1875 42.4375 27.17 25.91 1012.7690
#terjedesi                                       nyomas  ##
#ido(usec)  T1(C)   T2(C)   T3(C)  T4(C) para(%)  (hPa)
04363.6084 25.1250 38.1875 42.4375 27.20 25.87 1012.7097
04362.2207 25.1250 38.1875 42.4375 27.20 25.87 1012.7097
04362.2207 25.1250 38.1875 42.4375 27.20 25.87 1012.7097
04362.2207 25.1250 38.1875 42.4375 27.20 25.87 1012.7097
04362.3960 25.1250 38.1875 42.4375 27.20 25.87 1012.7097
04362.4331 25.1250 38.1875 42.4375 27.20 25.87 1012.7097
04362.6958 25.1250 38.1875 42.4375 27.20 25.87 1012.7097
04363.5835 25.1250 38.2500 42.5000 27.20 25.87 1012.7097
04363.6206 25.1250 38.2500 42.5000 27.20 25.87 1012.7097
04362.4458 25.1250 38.2500 42.5000 27.22 25.85 1012.7237
04362.4082 25.1250 38.2500 42.5000 27.22 25.85 1012.7237
04362.4082 25.1250 38.2500 42.5000 27.22 25.85 1012.7237
04362.2207 25.1250 38.2500 42.5000 27.22 25.85 1012.7237
04362.4585 25.1250 38.2500 42.5000 27.22 25.85 1012.7237
04362.6460 25.1250 38.2500 42.5000 27.22 25.85 1012.7237
04360.5332 25.1250 38.3750 42.6250 27.22 25.85 1012.7237
04363.1206 25.1250 38.3750 42.6250 27.22 25.85 1012.7237
04363.1709 25.1250 38.3750 42.6250 27.22 25.85 1012.7237
04362.1709 25.1250 38.3750 42.6250 27.22 25.85 1012.7237
04361.9834 25.1250 38.3750 42.6250 27.22 25.81 1012.7508
04362.1709 25.1250 38.3750 42.6250 27.22 25.81 1012.7508
04361.9834 25.1250 38.3750 42.6250 27.22 25.81 1012.7508
04361.7207 25.1250 38.3750 42.6250 27.22 25.81 1012.7508
04362.4331 25.1250 38.3750 42.6875 27.22 25.81 1012.7508
04360.7456 25.1250 38.3750 42.6875 27.22 25.81 1012.7508
04360.7334 25.1250 38.3750 42.6875 27.22 25.81 1012.7508
04362.2207 25.1250 38.3750 42.6875 27.22 25.81 1012.7508
04362.1958 25.1250 38.3750 42.6875 27.22 25.81 1012.7508
04362.1709 25.1250 38.3750 42.6875 27.26 25.80 1012.7540
04361.7334 25.1250 38.3750 42.6875 27.26 25.80 1012.7540
04362.4458 25.1250 38.3750 42.6875 27.26 25.80 1012.7540
04362.4331 25.1250 38.3750 42.6875 27.26 25.80 1012.7540
04360.5459 25.1250 38.5000 42.7500 27.26 25.80 1012.7540
04360.5083 25.1250 38.5000 42.7500 27.26 25.80 1012.7540
04360.5581 25.1250 38.5000 42.7500 27.26 25.80 1012.7540
04361.9458 25.1250 38.5000 42.7500 27.26 25.80 1012.7540
04362.1709 25.1250 38.5000 42.7500 27.26 25.80 1012.7540
04385.9082 25.1250 38.5000 42.7500 27.26 25.80 1012.7540
04362.1709 25.1250 38.5000 42.7500 27.29 25.78 1012.7571
04361.9458 25.1250 38.5000 42.7500 27.29 25.78 1012.7571
04359.8081 25.1250 38.5625 42.8125 27.29 25.78 1012.7571
04360.2710 25.1250 38.5625 42.8125 27.29 25.78 1012.7571
04360.2710 25.1250 38.5625 42.8125 27.29 25.78 1012.7571
04359.3208 25.1250 38.5625 42.8125 27.29 25.78 1012.7571
04359.3208 25.1250 38.5625 42.8125 27.29 25.78 1012.7571
04359.3208 25.1250 38.5625 42.8125 27.29 25.78 1012.7571
04359.5459 25.1250 38.5625 42.8125 27.29 25.78 1012.7571
04359.3706 25.1250 38.5625 42.8125 27.32 25.77 1012.7708
04359.3706 25.1250 38.5625 42.8125 27.32 25.77 1012.7708
04359.5708 25.1250 38.6250 42.9375 27.32 25.77 1012.7708
04360.3208 25.1250 38.6250 42.9375 27.32 25.77 1012.7708
04360.5581 25.1250 38.6250 42.9375 27.32 25.77 1012.7708
04359.1333 25.1250 38.6250 42.9375 27.32 25.77 1012.7708
04359.0708 25.1250 38.6250 42.9375 27.32 25.77 1012.7708
04359.3335 25.1250 38.6250 42.9375 27.32 25.77 1012.7708
04358.8335 25.1250 38.6250 42.9375 27.32 25.77 1012.7708
04359.3706 25.1250 38.6250 42.9375 27.35 25.74 1012.7386
04360.3081 25.1250 38.6875 42.9375 27.35 25.74 1012.7386
04360.3208 25.1250 38.6875 42.9375 27.35 25.74 1012.7386
04360.0459 25.1250 38.6875 42.9375 27.35 25.74 1012.7386
04358.8960 25.1250 38.6875 42.9375 27.35 25.74 1012.7386
04359.1206 25.1250 38.6875 42.9375 27.35 25.74 1012.7386
04359.0708 25.1250 38.6875 42.9375 27.35 25.74 1012.7386
04359.3208 25.1250 38.6875 42.9375 27.35 25.74 1012.7386
04359.1333 25.1250 38.6875 42.9375 27.35 25.74 1012.7386
04359.3706 25.1250 38.6875 42.9375 27.35 25.74 1012.7386
04359.7959 25.1250 38.7500 43.0625 27.37 25.72 1012.7712
04360.7959 25.1250 38.7500 43.0625 27.37 25.72 1012.7712
04360.3208 25.1250 38.7500 43.0625 27.37 25.72 1012.7712
04359.0835 25.1250 38.7500 43.0625 27.37 25.72 1012.7712
04359.1084 25.1250 38.7500 43.0625 27.37 25.72 1012.7712
04359.0835 25.1250 38.7500 43.0625 27.37 25.72 1012.7712
04359.1206 25.1250 38.7500 43.0625 27.37 25.72 1012.7712
#terjedesi                                       nyomas  ##
#ido(usec)  T1(C)   T2(C)   T3(C)  T4(C) para(%)  (hPa)
04359.3457 25.1250 38.7500 43.0625 27.37 25.72 1012.7712
04360.2583 25.1250 38.8125 43.1250 27.37 25.72 1012.7712
04357.7085 25.1250 38.8125 43.1250 27.39 25.70 1012.7498
04360.3208 25.1250 38.8125 43.1250 27.39 25.70 1012.7498
04358.8706 25.1250 38.8125 43.1250 27.39 25.70 1012.7498
04358.8457 25.1250 38.8125 43.1250 27.39 25.70 1012.7498
04358.8584 25.1250 38.8125 43.1250 27.39 25.70 1012.7498
04358.8960 25.1250 38.8125 43.1250 27.39 25.70 1012.7498
04359.1333 25.1250 38.8125 43.1250 27.39 25.70 1012.7498
04359.3457 25.1250 38.8125 43.1250 27.39 25.70 1012.7498
04359.1333 25.1250 38.8750 43.1875 27.39 25.70 1012.7498
04360.0459 25.1250 38.8750 43.1875 27.39 25.70 1012.7498
04360.2959 25.1250 38.8750 43.1875 27.41 25.68 1012.7200
04358.8457 25.1250 38.8750 43.1875 27.41 25.68 1012.7200
04359.0708 25.1250 38.8750 43.1875 27.41 25.68 1012.7200
04359.1084 25.1250 38.8750 43.1875 27.41 25.68 1012.7200
04359.0708 25.1250 38.8750 43.1875 27.41 25.68 1012.7200
04359.1333 25.1250 38.8750 43.1875 27.41 25.68 1012.7200
04357.1709 25.1250 38.9375 43.2500 27.41 25.68 1012.7200
04357.4707 25.1250 38.9375 43.2500 27.41 25.68 1012.7200
04357.4209 25.1250 38.9375 43.2500 27.41 25.68 1012.7200
04359.0708 25.1250 38.9375 43.2500 27.44 25.66 1012.7775
04359.3706 25.1250 38.9375 43.2500 27.44 25.66 1012.7775
04359.1333 25.1250 38.9375 43.2500 27.44 25.66 1012.7775
04359.3335 25.1250 38.9375 43.2500 27.44 25.66 1012.7775
04358.6582 25.1250 38.9375 43.2500 27.44 25.66 1012.7775
04359.3081 25.1250 38.9375 43.2500 27.44 25.66 1012.7775
04383.0581 25.1250 39.0000 43.3125 27.44 25.66 1012.7775
04357.2207 25.1250 39.0000 43.3125 27.44 25.66 1012.7775
04357.6582 25.1250 39.0000 43.3125 27.44 25.66 1012.7775
04356.4956 25.1250 39.0000 43.3125 27.44 25.66 1012.7775
04356.2832 25.1250 39.0000 43.3125 27.45 25.66 1012.7397
04356.4585 25.1250 39.0000 43.3125 27.45 25.66 1012.7397
04356.7583 25.1250 39.0000 43.3125 27.45 25.66 1012.7397
04356.7085 25.1250 39.0000 43.3125 27.45 25.66 1012.7397
04357.2334 25.1250 39.0625 43.3750 27.45 25.66 1012.7397
04357.4585 25.1250 39.0625 43.3750 27.45 25.66 1012.7397
04357.7085 25.1250 39.0625 43.3750 27.45 25.66 1012.7397
04356.2832 25.1250 39.0625 43.3750 27.45 25.66 1012.7397
04356.5210 25.1250 39.0625 43.3750 27.45 25.66 1012.7397
04356.4834 25.1250 39.0625 43.3750 27.49 25.65 1012.7154
04356.7583 25.1250 39.0625 43.3750 27.49 25.65 1012.7154
04356.4707 25.1250 39.0625 43.3750 27.49 25.65 1012.7154
04356.9956 25.1250 39.0625 43.3750 27.49 25.65 1012.7154
04357.9458 25.1250 39.1250 43.4375 27.49 25.65 1012.7154
04357.6709 25.1250 39.1250 43.4375 27.49 25.65 1012.7154
04357.7085 25.1250 39.1250 43.4375 27.49 25.65 1012.7154
04356.4585 25.1250 39.1250 43.4375 27.49 25.65 1012.7154
04356.5210 25.1250 39.1250 43.4375 27.49 25.65 1012.7154
04355.9956 25.1250 39.1250 43.4375 27.51 25.65 1012.6940
04356.5210 25.1250 39.1250 43.4375 27.51 25.65 1012.6940
04356.7085 25.1250 39.1250 43.4375 27.51 25.65 1012.6940
04356.6958 25.1250 39.1250 43.5000 27.51 25.65 1012.6940
04357.7085 25.1250 39.1875 43.5000 27.51 25.65 1012.6940
04357.4707 25.1250 39.1875 43.5000 27.51 25.65 1012.6940
04357.4209 25.1250 39.1875 43.5000 27.51 25.65 1012.6940
04356.4585 25.1250 39.1875 43.5000 27.51 25.65 1012.6940
04356.4707 25.1250 39.1875 43.5000 27.51 25.65 1012.6940
04356.2832 25.1250 39.1875 43.5000 27.51 25.65 1012.6940
04355.9956 25.1250 39.1875 43.5000 27.51 25.65 1012.6940
04356.5210 25.1250 39.1875 43.5000 27.53 25.63 1012.7623
04356.2583 25.1250 39.1875 43.5000 27.53 25.63 1012.7623
04357.6831 25.1250 39.2500 43.5625 27.53 25.63 1012.7623
04357.4209 25.1250 39.2500 43.5625 27.53 25.63 1012.7623
04356.2583 25.1250 39.2500 43.5625 27.53 25.63 1012.7623
04356.2710 25.1250 39.2500 43.5625 27.53 25.63 1012.7623
04356.0210 25.1250 39.2500 43.5625 27.53 25.63 1012.7623
04356.4834 25.1250 39.2500 43.5625 27.53 25.63 1012.7623
04356.2832 25.1250 39.2500 43.5625 27.55 25.62 1012.7950
04355.9956 25.1250 39.2500 43.5625 27.55 25.62 1012.7950
04354.6206 25.1250 39.3750 43.6250 27.55 25.62 1012.7950
04354.3833 25.1250 39.3750 43.6250 27.55 25.62 1012.7950
04354.6084 25.1250 39.3750 43.6250 27.55 25.62 1012.7950
#terjedesi                                       nyomas  ##
#ido(usec)  T1(C)   T2(C)   T3(C)  T4(C) para(%)  (hPa)
04356.4834 25.1250 39.3750 43.6250 27.55 25.62 1012.7950
04356.2334 25.1250 39.3750 43.6250 27.55 25.62 1012.7950
04355.7583 25.1250 39.3750 43.6250 27.55 25.62 1012.7950
04356.0083 25.1250 39.3750 43.6250 27.55 25.62 1012.7950
04356.2334 25.1250 39.3750 43.6250 27.55 25.62 1012.7950
04356.4707 25.1250 39.3750 43.6875 27.59 25.60 1012.7519
04354.0957 25.1250 39.3750 43.6875 27.59 25.60 1012.7519
04354.1460 25.1250 39.3750 43.6875 27.59 25.60 1012.7519
04356.4834 25.1250 39.3750 43.6875 27.59 25.60 1012.7519
04356.2334 25.1250 39.3750 43.6875 27.59 25.60 1012.7519
04356.0459 25.1250 39.3750 43.6875 27.59 25.60 1012.7519
04355.9834 25.1250 39.3750 43.6875 27.59 25.60 1012.7519
04355.9956 25.1250 39.3750 43.6875 27.59 25.60 1012.7519
04356.2456 25.1250 39.3750 43.6875 27.59 25.60 1012.7519
04353.8584 25.1250 39.4375 43.7500 27.59 25.60 1012.7519
04354.3833 25.1250 39.4375 43.7500 27.62 25.59 1012.8392
04354.3706 25.1250 39.4375 43.7500 27.62 25.59 1012.8392
04355.9834 25.1250 39.4375 43.7500 27.62 25.59 1012.8392
04355.9956 25.1250 39.4375 43.7500 27.62 25.59 1012.8392
04356.2832 25.1250 39.4375 43.7500 27.62 25.59 1012.8392
04355.9834 25.1250 39.4375 43.7500 27.62 25.59 1012.8392
04356.0332 25.1250 39.4375 43.7500 27.62 25.59 1012.8392
04354.1333 25.1250 39.5000 43.8750 27.62 25.59 1012.8392
04354.3457 25.1250 39.5000 43.8750 27.62 25.59 1012.8392
04354.3706 25.1250 39.5000 43.8750 27.65 25.58 1012.8338
04353.6206 25.1250 39.5000 43.8750 27.65 25.58 1012.8338
04353.4331 25.1250 39.5000 43.8750 27.65 25.58 1012.8338
04353.3960 25.1250 39.5000 43.8750 27.65 25.58 1012.8338
04379.7456 25.1250 39.5000 43.8750 27.65 25.58 1012.8338
04353.1958 25.1250 39.5000 43.8750 27.65 25.58 1012.8338
04353.3833 25.1250 39.5000 43.8750 27.65 25.58 1012.8338
04353.4082 25.1250 39.5625 43.9375 27.65 25.58 1012.8338
04353.9082 25.1250 39.5625 43.9375 27.65 25.58 1012.8338
04354.3706 25.1250 39.5625 43.9375 27.65 25.58 1012.8338
04352.9082 25.1250 39.5625 43.9375 27.68 25.56 1012.7744
04353.3706 25.1250 39.5625 43.9375 27.68 25.56 1012.7744
04352.9082 25.1250 39.5625 43.9375 27.68 25.56 1012.7744
04353.1958 25.1250 39.5625 43.9375 27.68 25.56 1012.7744
04353.1460 25.1250 39.5625 43.9375 27.68 25.56 1012.7744
04354.3833 25.1250 39.6250 44.0000 27.68 25.56 1012.7744
04354.3584 25.1250 39.6250 44.0000 27.68 25.56 1012.7744
04354.6206 25.1250 39.6250 44.0000 27.68 25.56 1012.7744
04352.9585 25.1250 39.6250 44.0000 27.68 25.56 1012.7744
04353.1333 25.1250 39.6250 44.0000 27.70 25.52 1012.8074
04353.1831 25.1250 39.6250 44.0000 27.70 25.52 1012.8074
04353.3960 25.1250 39.6250 44.0000 27.70 25.52 1012.8074
04352.6709 25.1250 39.6250 44.0000 27.70 25.52 1012.8074
04352.8960 25.1250 39.6250 44.0000 27.70 25.52 1012.8074
04353.1582 25.1875 39.6875 44.0625 27.70 25.52 1012.8074
04354.3706 25.1875 39.6875 44.0625 27.70 25.52 1012.8074
04354.5708 25.1875 39.6875 44.0625 27.70 25.52 1012.8074
04353.1709 25.1875 39.6875 44.0625 27.70 25.52 1012.8074
04353.4082 25.1875 39.6875 44.0625 27.71 25.49 1012.7775
04353.4082 25.1875 39.6875 44.0625 27.71 25.49 1012.7775
04353.4082 25.1875 39.6875 44.0625 27.71 25.49 1012.7775
04353.1460 25.1875 39.6875 44.0625 27.71 25.49 1012.7775
04354.3208 25.1250 39.8125 44.1250 27.71 25.49 1012.7775
04354.5581 25.1250 39.8125 44.1250 27.71 25.49 1012.7775
04354.0957 25.1250 39.8125 44.1250 27.71 25.49 1012.7775
04353.1958 25.1250 39.8125 44.1250 27.71 25.49 1012.7775
04353.1582 25.1250 39.8125 44.1250 27.71 25.49 1012.7775
04352.9585 25.1250 39.8125 44.1250 27.71 25.49 1012.7775
04352.9082 25.1250 39.8125 44.1250 27.73 25.47 1012.7017
04353.1582 25.1250 39.8125 44.1250 27.73 25.47 1012.7017
04353.1831 25.1250 39.8125 44.1250 27.73 25.47 1012.7017
04353.9082 25.1875 39.8125 44.1875 27.73 25.47 1012.7017
04354.3833 25.1875 39.8125 44.1875 27.73 25.47 1012.7017
04354.0957 25.1875 39.8125 44.1875 27.73 25.47 1012.7017
04352.9082 25.1875 39.8125 44.1875 27.73 25.47 1012.7017
04352.9585 25.1875 39.8125 44.1875 27.73 25.47 1012.7017
04353.1958 25.1875 39.8125 44.1875 27.73 25.47 1012.7017
04353.1460 25.1875 39.8125 44.1875 27.77 25.45 1012.8407
04352.9331 25.1875 39.8125 44.1875 27.77 25.45 1012.8407
#terjedesi                                       nyomas  ##
#ido(usec)  T1(C)   T2(C)   T3(C)  T4(C) para(%)  (hPa)
04351.2959 25.1875 39.9375 44.2500 27.77 25.45 1012.8407
04350.9956 25.1875 39.9375 44.2500 27.77 25.45 1012.8407
04351.2334 25.1875 39.9375 44.2500 27.77 25.45 1012.8407
04352.9209 25.1875 39.9375 44.2500 27.77 25.45 1012.8407
04353.1958 25.1875 39.9375 44.2500 27.77 25.45 1012.8407
04353.1958 25.1875 39.9375 44.2500 27.77 25.45 1012.8407
04353.4331 25.1875 39.9375 44.2500 27.77 25.45 1012.8407
04353.1460 25.1875 39.9375 44.2500 27.77 25.45 1012.8407
04353.1831 25.1875 39.9375 44.2500 27.77 25.43 1012.7401
04353.3833 25.1875 39.9375 44.3125 27.77 25.43 1012.7401
04351.2456 25.1875 39.9375 44.3125 27.77 25.43 1012.7401
04351.2456 25.1875 39.9375 44.3125 27.77 25.43 1012.7401
04352.9082 25.1875 39.9375 44.3125 27.77 25.43 1012.7401
04353.1333 25.1875 39.9375 44.3125 27.77 25.43 1012.7401
04353.1958 25.1875 39.9375 44.3125 27.77 25.43 1012.7401
04353.1333 25.1875 39.9375 44.3125 27.77 25.43 1012.7401
04350.5332 25.1875 39.9375 44.3125 27.77 25.43 1012.7401
04350.5459 25.1875 40.0625 44.3750 27.81 25.40 1012.8248
04350.7583 25.1875 40.0625 44.3750 27.81 25.40 1012.8248
04351.2583 25.1875 40.0625 44.3750 27.81 25.40 1012.8248
04350.1084 25.1875 40.0625 44.3750 27.81 25.40 1012.8248
04350.3208 25.1875 40.0625 44.3750 27.81 25.40 1012.8248
04353.1582 25.1875 40.0625 44.3750 27.81 25.40 1012.8248
04350.3457 25.1875 40.0625 44.3750 27.81 25.40 1012.8248
04352.8960 25.1875 40.0625 44.3750 27.81 25.40 1012.8248
04350.2832 25.1875 40.0625 44.3750 27.81 25.40 1012.8248
04351.2456 25.1875 40.1250 44.4375 27.81 25.40 1012.8248
04351.2959 25.1875 40.1250 44.4375 27.83 25.35 1012.7214
04351.0210 25.1875 40.1250 44.4375 27.83 25.35 1012.7214
04350.1084 25.1875 40.1250 44.4375 27.83 25.35 1012.7214
04350.2959 25.1875 40.1250 44.4375 27.83 25.35 1012.7214
04350.0957 25.1875 40.1250 44.4375 27.83 25.35 1012.7214
04350.1084 25.1875 40.1250 44.4375 27.83 25.35 1012.7214
04350.0581 25.1875 40.1250 44.4375 27.83 25.35 1012.7214
04350.0835 25.1875 40.1250 44.5000 27.83 25.35 1012.7214
04351.2832 25.1875 40.1250 44.5000 27.83 25.35 1012.7214
04351.2583 25.1875 40.1250 44.5000 27.85 25.34 1012.7816
04351.2959 25.1875 40.1250 44.5000 27.85 25.34 1012.7816
04350.3081 25.1875 40.1250 44.5000 27.85 25.34 1012.7816
04350.0581 25.1875 40.1250 44.5000 27.85 25.34 1012.7816
04350.0708 25.1875 40.1250 44.5000 27.85 25.34 1012.7816
04350.0581 25.1875 40.1250 44.5000 27.85 25.34 1012.7816
04350.0581 25.1875 40.1250 44.5000 27.85 25.34 1012.7816
04350.1084 25.1875 40.1250 44.5000 27.85 25.34 1012.7816
04351.2583 25.1875 40.2500 44.5625 27.85 25.34 1012.7816
04351.0581 25.1875 40.2500 44.5625 27.87 25.28 1012.7598
04350.0835 25.1875 40.2500 44.5625 27.87 25.28 1012.7598
04350.1084 25.1875 40.2500 44.5625 27.87 25.28 1012.7598
04350.0708 25.1875 40.2500 44.5625 27.87 25.28 1012.7598
04350.5210 25.1875 40.2500 44.5625 27.87 25.28 1012.7598
04350.0835 25.1875 40.2500 44.5625 27.87 25.28 1012.7598
04350.1084 25.1875 40.2500 44.5625 27.87 25.28 1012.7598
04351.0581 25.1875 40.3125 44.6250 27.87 25.28 1012.7598
04351.2334 25.1875 40.3125 44.6250 27.87 25.28 1012.7598
04351.2710 25.1875 40.3125 44.6250 27.87 25.28 1012.7598
04350.3208 25.1875 40.3125 44.6250 27.90 25.28 1012.7275
04350.3335 25.1875 40.3125 44.6250 27.90 25.28 1012.7275
04350.3457 25.1875 40.3125 44.6250 27.90 25.28 1012.7275
04350.0581 25.1875 40.3125 44.6250 27.90 25.28 1012.7275
04350.3457 25.1875 40.3125 44.6250 27.90 25.28 1012.7275
04350.2959 25.1875 40.3125 44.6875 27.90 25.28 1012.7275
04348.6333 25.1875 40.3750 44.6875 27.90 25.28 1012.7275
04348.6333 25.1875 40.3750 44.6875 27.90 25.28 1012.7275
04350.2959 25.1875 40.3750 44.6875 27.90 25.28 1012.7275
04350.5708 25.1875 40.3750 44.6875 27.91 25.24 1012.7711
04350.1084 25.1875 40.3750 44.6875 27.91 25.24 1012.7711
04350.0581 25.1875 40.3750 44.6875 27.91 25.24 1012.7711
04350.2832 25.1875 40.3750 44.6875 27.91 25.24 1012.7711
04350.3208 25.1875 40.3750 44.6875 27.91 25.24 1012.7711
04348.4458 25.1875 40.4375 44.7500 27.91 25.24 1012.7711
04350.8208 25.1875 40.4375 44.7500 27.91 25.24 1012.7711
04348.2085 25.1875 40.4375 44.7500 27.91 25.24 1012.7711
04349.8584 25.1875 40.4375 44.7500 27.91 25.24 1012.7711
#terjedesi                                       nyomas  ##
#ido(usec)  T1(C)   T2(C)   T3(C)  T4(C) para(%)  (hPa)
04350.0581 25.1875 40.4375 44.7500 27.91 25.24 1012.7711
04350.0581 25.1875 40.4375 44.7500 27.94 25.21 1012.7115
04350.3335 25.1875 40.4375 44.7500 27.94 25.21 1012.7115
04350.0581 25.1875 40.4375 44.7500 27.94 25.21 1012.7115
04348.2085 25.1875 40.5000 44.8750 27.94 25.21 1012.7115
04348.1958 25.1875 40.5000 44.8750 27.94 25.21 1012.7115
04348.3960 25.1875 40.5000 44.8750 27.94 25.21 1012.7115
04350.3335 25.1875 40.5000 44.8750 27.94 25.21 1012.7115
04350.3457 25.1875 40.5000 44.8750 27.94 25.21 1012.7115
04374.0957 25.1875 40.5000 44.8750 27.94 25.21 1012.7115
04347.7334 25.1875 40.5000 44.8750 27.97 25.18 1012.7880
04350.0708 25.1875 40.5000 44.8750 27.97 25.18 1012.7880
04374.2832 25.1875 40.5000 44.8750 27.97 25.18 1012.7880
04347.6958 25.1875 40.5625 44.9375 27.97 25.18 1012.7880
04348.3833 25.1875 40.5625 44.9375 27.97 25.18 1012.7880
04348.9082 25.1875 40.5625 44.9375 27.97 25.18 1012.7880
04347.4458 25.1875 40.5625 44.9375 27.97 25.18 1012.7880
04347.4956 25.1875 40.5625 44.9375 27.97 25.18 1012.7880
04347.1958 25.1875 40.5625 44.9375 27.97 25.18 1012.7880
04347.6831 25.1875 40.5625 44.9375 27.97 25.18 1012.7880
04347.4458 25.1875 40.5625 44.9375 28.01 25.16 1012.7449
04349.1333 25.1875 40.6250 45.0000 28.01 25.16 1012.7449
04348.8706 25.1875 40.6250 45.0000 28.01 25.16 1012.7449
04348.8706 25.1875 40.6250 45.0000 28.01 25.16 1012.7449
04347.4585 25.1875 40.6250 45.0000 28.01 25.16 1012.7449
04347.7207 25.1875 40.6250 45.0000 28.01 25.16 1012.7449
04347.4707 25.1875 40.6250 45.0000 28.01 25.16 1012.7449
04347.2334 25.1875 40.6250 45.0000 28.01 25.16 1012.7449
04347.7207 25.1875 40.6250 45.0000 28.01 25.16 1012.7449
04347.6709 25.1875 40.6250 45.0000 28.02 25.14 1012.8074
04347.9331 25.1875 40.6250 45.0625 28.02 25.14 1012.8074
04348.4458 25.1875 40.6250 45.0625 28.02 25.14 1012.8074
04348.6831 25.1875 40.6250 45.0625 28.02 25.14 1012.8074
04347.4458 25.1875 40.6250 45.0625 28.02 25.14 1012.8074
04347.9585 25.1875 40.6250 45.0625 28.02 25.14 1012.8074
04347.4458 25.1875 40.6250 45.0625 28.02 25.14 1012.8074
04347.4331 25.1875 40.6250 45.0625 28.02 25.14 1012.8074
04347.2085 25.1875 40.6250 45.0625 28.02 25.14 1012.8074
04348.8706 25.1875 40.6875 45.1250 28.04 25.11 1012.7668
04348.6582 25.1875 40.6875 45.1250 28.04 25.11 1012.7668
04348.6333 25.1875 40.6875 45.1250 28.04 25.11 1012.7668
04347.4956 25.1875 40.6875 45.1250 28.04 25.11 1012.7668
04347.0083 25.1875 40.6875 45.1250 28.04 25.11 1012.7668
04347.1958 25.1875 40.6875 45.1250 28.04 25.11 1012.7668
04347.1958 25.1875 40.6875 45.1250 28.04 25.11 1012.7668
04347.2583 25.1875 40.6875 45.1250 28.04 25.11 1012.7668
04347.2583 25.1875 40.6875 45.1250 28.04 25.11 1012.7668
04347.6709 25.2500 40.7500 45.1875 28.04 25.11 1012.7668
04348.6709 25.2500 40.7500 45.1875 28.04 25.11 1012.7668
04348.4458 25.2500 40.7500 45.1875 28.06 25.08 1012.7996
04347.4458 25.2500 40.7500 45.1875 28.06 25.08 1012.7996
04347.7334 25.2500 40.7500 45.1875 28.06 25.08 1012.7996
04347.4956 25.2500 40.7500 45.1875 28.06 25.08 1012.7996
04347.2456 25.2500 40.7500 45.1875 28.06 25.08 1012.7996
04347.4956 25.2500 40.7500 45.1875 28.06 25.08 1012.7996
04345.5459 25.1875 40.8125 45.2500 28.06 25.08 1012.7996
04348.4209 25.1875 40.8125 45.2500 28.06 25.08 1012.7996
04348.2085 25.1875 40.8125 45.2500 28.09 25.06 1012.7400
04347.4331 25.1875 40.8125 45.2500 28.09 25.06 1012.7400
04347.2583 25.1875 40.8125 45.2500 28.09 25.06 1012.7400
04347.4458 25.1875 40.8125 45.2500 28.09 25.06 1012.7400
04347.2583 25.1875 40.8125 45.2500 28.09 25.06 1012.7400
04347.4956 25.1875 40.8125 45.2500 28.09 25.06 1012.7400
04347.4956 25.1875 40.8125 45.2500 28.09 25.06 1012.7400
04347.4331 25.1875 40.8750 45.3125 28.09 25.06 1012.7400
04345.5581 25.1875 40.8750 45.3125 28.09 25.06 1012.7400
04345.5459 25.1875 40.8750 45.3125 28.09 25.06 1012.7400
04347.2085 25.1875 40.8750 45.3125 28.14 25.05 1012.8600
04347.1958 25.1875 40.8750 45.3125 28.14 25.05 1012.8600
04347.4834 25.1875 40.8750 45.3125 28.14 25.05 1012.8600
04371.4331 25.1875 40.8750 45.3125 28.14 25.05 1012.8600
04347.4458 25.1875 40.8750 45.3125 28.14 25.05 1012.8600
04345.5459 25.2500 40.9375 45.3750 28.14 25.05 1012.8600
#terjedesi                                       nyomas  ##
#ido(usec)  T1(C)   T2(C)   T3(C)  T4(C) para(%)  (hPa)
04345.5957 25.2500 40.9375 45.3750 28.14 25.05 1012.8600
04345.5957 25.2500 40.9375 45.3750 28.14 25.05 1012.8600
04347.4834 25.2500 40.9375 45.3750 28.14 25.05 1012.8600
04347.2583 25.2500 40.9375 45.3750 28.14 25.05 1012.8600
04347.2334 25.2500 40.9375 45.3750 28.15 25.03 1012.8491
04347.4834 25.2500 40.9375 45.3750 28.15 25.03 1012.8491
04347.1958 25.2500 40.9375 45.3750 28.15 25.03 1012.8491
04347.2583 25.2500 40.9375 45.3750 28.15 25.03 1012.8491
04345.7710 25.2500 41.0000 45.4375 28.15 25.03 1012.8491
04345.5957 25.2500 41.0000 45.4375 28.15 25.03 1012.8491
04345.8335 25.2500 41.0000 45.4375 28.15 25.03 1012.8491
04344.6460 25.2500 41.0000 45.4375 28.15 25.03 1012.8491
04344.8335 25.2500 41.0000 45.4375 28.15 25.03 1012.8491
04344.3457 25.2500 41.0000 45.4375 28.16 25.00 1012.8467
04344.5957 25.2500 41.0000 45.4375 28.16 25.00 1012.8467
04344.6206 25.2500 41.0000 45.4375 28.16 25.00 1012.8467
04344.6206 25.2500 41.0000 45.5000 28.16 25.00 1012.8467
04346.2959 25.2500 41.0625 45.5000 28.16 25.00 1012.8467
04345.7832 25.2500 41.0625 45.5000 28.16 25.00 1012.8467
04345.7959 25.2500 41.0625 45.5000 28.16 25.00 1012.8467
04344.6206 25.2500 41.0625 45.5000 28.16 25.00 1012.8467
04344.4082 25.2500 41.0625 45.5000 28.16 25.00 1012.8467
04344.8833 25.2500 41.0625 45.5000 28.16 25.00 1012.8467
04344.6084 25.2500 41.0625 45.5000 28.19 24.99 1012.8141
04344.8335 25.2500 41.0625 45.5000 28.19 24.99 1012.8141
04345.0708 25.2500 41.0625 45.5000 28.19 24.99 1012.8141
04345.7832 25.2500 41.1250 45.5625 28.19 24.99 1012.8141
04345.7832 25.2500 41.1250 45.5625 28.19 24.99 1012.8141
04344.5957 25.2500 41.1250 45.5625 28.19 24.99 1012.8141
04344.3960 25.2500 41.1250 45.5625 28.19 24.99 1012.8141
04344.1709 25.2500 41.1250 45.5625 28.19 24.99 1012.8141
04344.6460 25.2500 41.1250 45.5625 28.19 24.99 1012.8141
04344.5835 25.2500 41.1250 45.5625 28.22 24.96 1012.8279
04344.4082 25.2500 41.1250 45.5625 28.22 24.96 1012.8279
04345.3335 25.2500 41.1250 45.6250 28.22 24.96 1012.8279
04346.0083 25.2500 41.1250 45.6250 28.22 24.96 1012.8279
04345.3584 25.2500 41.1250 45.6250 28.22 24.96 1012.8279
04344.3584 25.2500 41.1250 45.6250 28.22 24.96 1012.8279
04344.3706 25.2500 41.1250 45.6250 28.22 24.96 1012.8279
04344.3584 25.2500 41.1250 45.6250 28.22 24.96 1012.8279
04344.3706 25.2500 41.1250 45.6250 28.22 24.96 1012.8279
04344.1709 25.2500 41.1250 45.6250 28.22 24.96 1012.8279
04344.5957 25.2500 41.1250 45.7500 28.24 25.02 1012.7517
04345.5332 25.2500 41.1875 45.7500 28.24 25.02 1012.7517
04345.5459 25.2500 41.1875 45.7500 28.24 25.02 1012.7517
04343.8833 25.2500 41.1875 45.7500 28.24 25.02 1012.7517
04344.1582 25.2500 41.1875 45.7500 28.24 25.02 1012.7517
04344.1709 25.2500 41.1875 45.7500 28.24 25.02 1012.7517
04344.4082 25.2500 41.1875 45.7500 28.24 25.02 1012.7517
04344.6460 25.2500 41.1875 45.7500 28.24 25.02 1012.7517
04344.4082 25.2500 41.1875 45.7500 28.24 25.02 1012.7517
04342.4585 25.2500 41.2500 45.8125 28.28 24.93 1012.8173
04345.2959 25.2500 41.2500 45.8125 28.28 24.93 1012.8173
04342.4956 25.2500 41.2500 45.8125 28.28 24.93 1012.8173
04344.5835 25.2500 41.2500 45.8125 28.28 24.93 1012.8173
04344.5835 25.2500 41.2500 45.8125 28.28 24.93 1012.8173
04344.8833 25.2500 41.2500 45.8125 28.28 24.93 1012.8173
04344.3960 25.2500 41.2500 45.8125 28.28 24.93 1012.8173
04344.1333 25.2500 41.2500 45.8125 28.28 24.93 1012.8173
04342.4956 25.2500 41.3125 45.8750 28.28 24.93 1012.8173
04342.6831 25.2500 41.3125 45.8750 28.30 24.89 1012.7958
04342.9585 25.2500 41.3125 45.8750 28.30 24.89 1012.7958
04344.8208 25.2500 41.3125 45.8750 28.30 24.89 1012.7958
04344.5835 25.2500 41.3125 45.8750 28.30 24.89 1012.7958
04344.6084 25.2500 41.3125 45.8750 28.30 24.89 1012.7958
04344.4082 25.2500 41.3125 45.8750 28.30 24.89 1012.7958
04344.6460 25.2500 41.3125 45.8750 28.30 24.89 1012.7958
04344.3457 25.2500 41.3125 45.8750 28.30 24.89 1012.7958
04342.0332 25.2500 41.3750 45.9375 28.30 24.89 1012.7958
04342.4707 25.2500 41.3750 45.9375 28.30 24.89 1012.7958
04342.2334 25.2500 41.3750 45.9375 28.32 24.88 1012.8016
04344.3584 25.2500 41.3750 45.9375 28.32 24.88 1012.8016
04341.5459 25.2500 41.3750 45.9375 28.32 24.88 1012.8016
#terjedesi                                       nyomas  ##
#ido(usec)  T1(C)   T2(C)   T3(C)  T4(C) para(%)  (hPa)
04368.1582 25.2500 41.3750 45.9375 28.32 24.88 1012.8016
04341.5581 25.2500 41.3750 45.9375 28.32 24.88 1012.8016
04344.3457 25.2500 41.3750 45.9375 28.32 24.88 1012.8016
04342.7456 25.2500 41.4375 46.0000 28.32 24.88 1012.8016
04342.9331 25.2500 41.4375 46.0000 28.32 24.88 1012.8016
04342.9209 25.2500 41.4375 46.0000 28.32 24.88 1012.8016
04341.5210 25.2500 41.4375 46.0000 28.33 24.86 1012.8533
04341.5581 25.2500 41.4375 46.0000 28.33 24.86 1012.8533
04341.7456 25.2500 41.4375 46.0000 28.33 24.86 1012.8533
04341.5581 25.2500 41.4375 46.0000 28.33 24.86 1012.8533
04341.7456 25.2500 41.4375 46.0000 28.33 24.86 1012.8533
04341.5581 25.2500 41.4375 46.0000 28.33 24.86 1012.8533
04341.5581 25.2500 41.5000 46.0625 28.33 24.86 1012.8533
04342.2710 25.2500 41.5000 46.0625 28.33 24.86 1012.8533
04342.4585 25.2500 41.5000 46.0625 28.33 24.86 1012.8533
04341.5083 25.2500 41.5000 46.0625 28.33 24.86 1012.8533
04341.7456 25.2500 41.5000 46.0625 28.36 24.85 1012.7311
04341.5581 25.2500 41.5000 46.0625 28.36 24.85 1012.7311
04341.3081 25.2500 41.5000 46.0625 28.36 24.85 1012.7311
04341.5459 25.2500 41.5000 46.0625 28.36 24.85 1012.7311
04342.2710 25.2500 41.5000 46.1250 28.36 24.85 1012.7311
04342.4956 25.2500 41.5000 46.1250 28.36 24.85 1012.7311
04342.9834 25.2500 41.5000 46.1250 28.36 24.85 1012.7311
04341.5332 25.2500 41.5000 46.1250 28.36 24.85 1012.7311
04341.4956 25.2500 41.5000 46.1250 28.36 24.85 1012.7311
04341.7959 25.2500 41.5000 46.1250 28.38 24.82 1012.8181
04341.7710 25.2500 41.5000 46.1250 28.38 24.82 1012.8181
04341.7334 25.2500 41.5000 46.1250 28.38 24.82 1012.8181
04341.5581 25.2500 41.5000 46.1250 28.38 24.82 1012.8181
04341.9707 25.2500 41.5625 46.1875 28.38 24.82 1012.8181
04342.7456 25.2500 41.5625 46.1875 28.38 24.82 1012.8181
04342.5083 25.2500 41.5625 46.1875 28.38 24.82 1012.8181
04341.5332 25.2500 41.5625 46.1875 28.38 24.82 1012.8181
04341.5083 25.2500 41.5625 46.1875 28.38 24.82 1012.8181
04341.5083 25.2500 41.5625 46.1875 28.41 24.80 1012.8130
04341.5459 25.2500 41.5625 46.1875 28.41 24.80 1012.8130
04341.5459 25.2500 41.5625 46.1875 28.41 24.80 1012.8130
04342.7207 25.2500 41.6250 46.3125 28.41 24.80 1012.8130
04342.2710 25.2500 41.6250 46.3125 28.41 24.80 1012.8130
04342.5083 25.2500 41.6250 46.3125 28.41 24.80 1012.8130
04341.2710 25.2500 41.6250 46.3125 28.41 24.80 1012.8130
04340.8457 25.2500 41.6250 46.3125 28.41 24.80 1012.8130
04341.3208 25.2500 41.6250 46.3125 28.41 24.80 1012.8130
04341.3208 25.2500 41.6250 46.3125 28.41 24.80 1012.8130
04341.2710 25.2500 41.6250 46.3125 28.44 24.78 1012.7805
04341.7959 25.2500 41.6250 46.3125 28.44 24.78 1012.7805
04342.0332 25.3125 41.6875 46.3750 28.44 24.78 1012.7805
04339.6333 25.3125 41.6875 46.3750 28.44 24.78 1012.7805
04339.8960 25.3125 41.6875 46.3750 28.44 24.78 1012.7805
04341.2710 25.3125 41.6875 46.3750 28.44 24.78 1012.7805
04341.0835 25.3125 41.6875 46.3750 28.44 24.78 1012.7805
04341.2959 25.3125 41.6875 46.3750 28.44 24.78 1012.7805
04341.3208 25.3125 41.6875 46.3750 28.44 24.78 1012.7805
04341.5210 25.3125 41.6875 46.3750 28.46 24.76 1012.8404
04341.9834 25.3125 41.7500 46.4375 28.46 24.76 1012.8404
04339.5957 25.3125 41.7500 46.4375 28.46 24.76 1012.8404
04339.6084 25.3125 41.7500 46.4375 28.46 24.76 1012.8404
04341.3208 25.3125 41.7500 46.4375 28.46 24.76 1012.8404
04341.4956 25.3125 41.7500 46.4375 28.46 24.76 1012.8404
04341.3208 25.3125 41.7500 46.4375 28.46 24.76 1012.8404
04341.0459 25.3125 41.7500 46.4375 28.46 24.76 1012.8404
04341.3208 25.3125 41.7500 46.4375 28.46 24.76 1012.8404
04341.5581 25.3125 41.7500 46.4375 28.46 24.76 1012.8404
04339.6084 25.3125 41.8125 46.5000 28.48 24.73 1012.7917
04339.4082 25.3125 41.8125 46.5000 28.48 24.73 1012.7917
04339.6333 25.3125 41.8125 46.5000 28.48 24.73 1012.7917
04341.2959 25.3125 41.8125 46.5000 28.48 24.73 1012.7917
04341.2583 25.3125 41.8125 46.5000 28.48 24.73 1012.7917
04341.2959 25.3125 41.8125 46.5000 28.48 24.73 1012.7917
04341.2583 25.3125 41.8125 46.5000 28.48 24.73 1012.7917
04341.0835 25.3125 41.8125 46.5000 28.48 24.73 1012.7917
04365.0459 25.3125 41.8125 46.5625 28.48 24.73 1012.7917
04339.4082 25.3125 41.8750 46.5625 28.50 24.71 1012.7698
#terjedesi                                       nyomas  ##
#ido(usec)  T1(C)   T2(C)   T3(C)  T4(C) para(%)  (hPa)
04339.6206 25.3125 41.8750 46.5625 28.50 24.71 1012.7698
04339.6582 25.3125 41.8750 46.5625 28.50 24.71 1012.7698
04338.4707 25.3125 41.8750 46.5625 28.50 24.71 1012.7698
04338.4707 25.3125 41.8750 46.5625 28.50 24.71 1012.7698
04338.4082 25.3125 41.8750 46.5625 28.50 24.71 1012.7698
04338.1958 25.3125 41.8750 46.5625 28.50 24.71 1012.7698
04338.6460 25.3125 41.8750 46.5625 28.50 24.71 1012.7698
04338.6582 25.3125 41.8750 46.5625 28.50 24.71 1012.7698
04339.5957 25.3125 41.9375 46.6250 28.50 24.71 1012.7698
04339.6460 25.3125 41.9375 46.6250 28.53 24.67 1012.7838
04338.2334 25.3125 41.9375 46.6250 28.53 24.67 1012.7838
04338.4458 25.3125 41.9375 46.6250 28.53 24.67 1012.7838
04338.2334 25.3125 41.9375 46.6250 28.53 24.67 1012.7838
04338.8833 25.3125 41.9375 46.6250 28.53 24.67 1012.7838
04338.2334 25.3125 41.9375 46.6250 28.53 24.67 1012.7838
04338.4209 25.3125 41.9375 46.6250 28.53 24.67 1012.7838
04339.6582 25.3125 42.0000 46.6875 28.53 24.67 1012.7838
04339.8335 25.3125 42.0000 46.6875 28.53 24.67 1012.7838
04339.6582 25.3125 42.0000 46.6875 28.55 24.65 1012.8790
04338.4082 25.3125 42.0000 46.6875 28.55 24.65 1012.8790
04338.4707 25.3125 42.0000 46.6875 28.55 24.65 1012.8790
04338.4209 25.3125 42.0000 46.6875 28.55 24.65 1012.8790
04338.4585 25.3125 42.0000 46.6875 28.55 24.65 1012.8790
04338.4209 25.3125 42.0000 46.6875 28.55 24.65 1012.8790
04338.4082 25.3125 42.0000 46.8125 28.55 24.65 1012.8790
04339.6582 25.3125 42.0625 46.8125 28.55 24.65 1012.8790
04339.6333 25.3125 42.0625 46.8125 28.55 24.65 1012.8790
04338.6582 25.3125 42.0625 46.8125 28.58 24.63 1012.8194
04338.6582 25.3125 42.0625 46.8125 28.58 24.63 1012.8194
04338.6582 25.3125 42.0625 46.8125 28.58 24.63 1012.8194
04338.4707 25.3125 42.0625 46.8125 28.58 24.63 1012.8194
04338.7085 25.3125 42.0625 46.8125 28.58 24.63 1012.8194
04338.9458 25.3125 42.0625 46.8125 28.58 24.63 1012.8194
04337.0459 25.3125 42.1250 46.8750 28.58 24.63 1012.8194
04337.2832 25.3125 42.1250 46.8750 28.58 24.63 1012.8194
04337.2832 25.3125 42.1250 46.8750 28.58 24.63 1012.8194
04338.6582 25.3125 42.1250 46.8750 28.58 24.63 1012.8194
04338.6958 25.3125 42.1250 46.8750 28.58 24.63 1012.8194
04338.6582 25.3125 42.1250 46.8750 28.61 24.58 1012.8523
04338.6582 25.3125 42.1250 46.8750 28.61 24.58 1012.8523
04338.6958 25.3125 42.1250 46.8750 28.61 24.58 1012.8523
04339.3584 25.3125 42.1875 46.9375 28.61 24.58 1012.8523
04336.9956 25.3125 42.1875 46.9375 28.61 24.58 1012.8523
04336.8081 25.3125 42.1875 46.9375 28.61 24.58 1012.8523
04338.6582 25.3125 42.1875 46.9375 28.61 24.58 1012.8523
04338.8960 25.3125 42.1875 46.9375 28.61 24.58 1012.8523
04338.8960 25.3125 42.1875 46.9375 28.64 24.55 1012.8471
04338.8960 25.3125 42.1875 46.9375 28.64 24.55 1012.8471
04338.7085 25.3125 42.1875 46.9375 28.64 24.55 1012.8471
04338.4209 25.3125 42.1875 46.9375 28.64 24.55 1012.8471
04338.7085 25.3125 42.1875 47.0000 28.64 24.55 1012.8471
04336.5210 25.3125 42.1875 47.0000 28.64 24.55 1012.8471
04336.8081 25.3125 42.1875 47.0000 28.64 24.55 1012.8471
04338.4082 25.3125 42.1875 47.0000 28.64 24.55 1012.8471
04338.6582 25.3125 42.1875 47.0000 28.64 24.55 1012.8471
04338.6958 25.3125 42.1875 47.0000 28.64 24.55 1012.8471
04338.6582 25.3125 42.1875 47.0000 28.66 24.54 1012.7789
04338.4458 25.3125 42.1875 47.0000 28.66 24.54 1012.7789
04336.5210 25.3125 42.2500 47.0625 28.66 24.54 1012.7789
04336.3208 25.3125 42.2500 47.0625 28.66 24.54 1012.7789
04336.5210 25.3125 42.2500 47.0625 28.66 24.54 1012.7789
04338.4707 25.3125 42.2500 47.0625 28.66 24.54 1012.7789
04338.6831 25.3125 42.2500 47.0625 28.66 24.54 1012.7789
04338.1709 25.3125 42.2500 47.0625 28.66 24.54 1012.7789
04362.4585 25.3125 42.2500 47.0625 28.66 24.54 1012.7789
04338.1831 25.3125 42.2500 47.0625 28.66 24.54 1012.7789
04338.4707 25.3125 42.2500 47.0625 28.69 24.49 1012.8200
04335.6206 25.3125 42.3125 47.1250 28.69 24.49 1012.8200
04336.5210 25.3125 42.3125 47.1250 28.69 24.49 1012.8200
04336.5708 25.3125 42.3125 47.1250 28.69 24.49 1012.8200
04335.3706 25.3125 42.3125 47.1250 28.69 24.49 1012.8200
04335.8584 25.3125 42.3125 47.1250 28.69 24.49 1012.8200
04335.3208 25.3125 42.3125 47.1250 28.69 24.49 1012.8200
#terjedesi                                       nyomas  ##
#ido(usec)  T1(C)   T2(C)   T3(C)  T4(C) para(%)  (hPa)
04335.6206 25.3125 42.3125 47.1250 28.69 24.49 1012.8200
04335.3833 25.3125 42.3125 47.1250 28.69 24.49 1012.8200
04336.5459 25.3125 42.3750 47.1875 28.72 24.48 1012.8148
04336.5459 25.3125 42.3750 47.1875 28.72 24.48 1012.8148
04336.7583 25.3125 42.3750 47.1875 28.72 24.48 1012.8148
04335.6206 25.3125 42.3750 47.1875 28.72 24.48 1012.8148
04335.6206 25.3125 42.3750 47.1875 28.72 24.48 1012.8148
04335.3833 25.3125 42.3750 47.1875 28.72 24.48 1012.8148
04335.3833 25.3125 42.3750 47.1875 28.72 24.48 1012.8148
04335.3457 25.3125 42.3750 47.1875 28.72 24.48 1012.8148
04335.3584 25.3125 42.3750 47.1875 28.72 24.48 1012.8148
04335.6206 25.3125 42.4375 47.2500 28.72 24.48 1012.8148
04336.2959 25.3125 42.4375 47.2500 28.74 24.45 1012.8011
04336.5210 25.3125 42.4375 47.2500 28.74 24.45 1012.8011
04335.3833 25.3125 42.4375 47.2500 28.74 24.45 1012.8011
04335.8081 25.3125 42.4375 47.2500 28.74 24.45 1012.8011
04335.6206 25.3125 42.4375 47.2500 28.74 24.45 1012.8011
04335.5708 25.3125 42.4375 47.2500 28.74 24.45 1012.8011
04335.3208 25.3125 42.4375 47.2500 28.74 24.45 1012.8011
04336.5459 25.3125 42.5000 47.3125 28.74 24.45 1012.8011
04336.5332 25.3125 42.5000 47.3125 28.74 24.45 1012.8011
04336.5083 25.3125 42.5000 47.3125 28.76 24.42 1012.7986
04335.6206 25.3125 42.5000 47.3125 28.76 24.42 1012.7986
04335.6206 25.3125 42.5000 47.3125 28.76 24.42 1012.7986
04335.5581 25.3125 42.5000 47.3125 28.76 24.42 1012.7986
04335.3833 25.3125 42.5000 47.3125 28.76 24.42 1012.7986
04335.7959 25.3125 42.5000 47.3125 28.76 24.42 1012.7986
04336.0835 25.3125 42.5000 47.3125 28.76 24.42 1012.7986
04335.8208 25.3750 42.5000 47.4375 28.76 24.42 1012.7986
04336.7456 25.3750 42.5000 47.4375 28.76 24.42 1012.7986
04336.8081 25.3750 42.5000 47.4375 28.76 24.42 1012.7986
04335.8584 25.3750 42.5000 47.4375 28.77 24.13 1012.7142
04335.5957 25.3750 42.5000 47.4375 28.77 24.13 1012.7142
04335.5708 25.3750 42.5000 47.4375 28.77 24.13 1012.7142
04335.5581 25.3750 42.5000 47.4375 28.77 24.13 1012.7142
04335.5708 25.3750 42.5000 47.4375 28.77 24.13 1012.7142
04335.8081 25.3750 42.5625 47.5000 28.77 24.13 1012.7142
04336.0957 25.3750 42.5625 47.5000 28.77 24.13 1012.7142
04334.1460 25.3750 42.5625 47.5000 28.77 24.13 1012.7142
04335.1460 25.3750 42.5625 47.5000 28.77 24.13 1012.7142
04335.3833 25.3750 42.5625 47.5000 28.81 24.37 1012.8069
04335.1460 25.3750 42.5625 47.5000 28.81 24.37 1012.8069
04334.9082 25.3750 42.5625 47.5000 28.81 24.37 1012.8069
04335.3706 25.3750 42.5625 47.5000 28.81 24.37 1012.8069
04335.5581 25.3750 42.5625 47.5000 28.81 24.37 1012.8069
04333.6831 25.3125 42.6250 47.5625 28.81 24.37 1012.8069
04333.7207 25.3125 42.6250 47.5625 28.81 24.37 1012.8069
04333.6709 25.3125 42.6250 47.5625 28.81 24.37 1012.8069
04335.5708 25.3125 42.6250 47.5625 28.81 24.37 1012.8069
04335.3706 25.3125 42.6250 47.5625 28.83 24.34 1012.7770
04335.3457 25.3125 42.6250 47.5625 28.83 24.34 1012.7770
04335.6206 25.3125 42.6250 47.5625 28.83 24.34 1012.7770
04335.8457 25.3125 42.6250 47.5625 28.83 24.34 1012.7770
04335.1206 25.3125 42.7500 47.6250 28.83 24.34 1012.7770
04333.4834 25.3750 42.6875 47.6250 28.83 24.34 1012.7770
04333.4585 25.3750 42.6875 47.6250 28.83 24.34 1012.7770
04333.9331 25.3750 42.6875 47.6250 28.83 24.34 1012.7770
04335.3584 25.3750 42.6875 47.6250 28.83 24.34 1012.7770
04335.0957 25.3750 42.6875 47.6250 28.83 24.34 1012.7770
04334.8706 25.3750 42.6875 47.6250 28.86 24.31 1012.7990
04335.3833 25.3750 42.6875 47.6250 28.86 24.31 1012.7990
04335.3335 25.3750 42.6875 47.6250 28.86 24.31 1012.7990
04335.1206 25.3750 42.6875 47.6250 28.86 24.31 1012.7990
04333.1831 25.3750 42.7500 47.6875 28.86 24.31 1012.7990
04333.4585 25.3750 42.7500 47.6875 28.86 24.31 1012.7990
04335.3706 25.3750 42.7500 47.6875 28.86 24.31 1012.7990
04335.0957 25.3750 42.7500 47.6875 28.86 24.31 1012.7990
04335.1460 25.3750 42.7500 47.6875 28.86 24.31 1012.7990
04335.3335 25.3750 42.7500 47.6875 28.90 24.28 1012.7746
04358.8960 25.3750 42.7500 47.6875 28.90 24.28 1012.7746
04332.2710 25.3750 42.7500 47.6875 28.90 24.28 1012.7746
04333.4834 25.3750 42.8125 47.7500 28.90 24.28 1012.7746
04333.6582 25.3750 42.8125 47.7500 28.90 24.28 1012.7746
#terjedesi                                       nyomas  ##
#ido(usec)  T1(C)   T2(C)   T3(C)  T4(C) para(%)  (hPa)
04333.4834 25.3750 42.8125 47.7500 28.90 24.28 1012.7746
04325.6084 25.3750 42.8125 47.7500 28.90 24.28 1012.7746
04332.2710 25.3750 42.8125 47.7500 28.90 24.28 1012.7746
04332.5210 25.3750 42.8125 47.7500 28.90 24.28 1012.7746
04332.4834 25.3750 42.8125 47.7500 28.90 24.28 1012.7746
04332.4834 25.3750 42.8125 47.7500 28.91 24.27 1012.7365
04332.2583 25.3750 42.8125 47.8125 28.91 24.27 1012.7365
04333.9458 25.3750 42.8750 47.8125 28.91 24.27 1012.7365
04333.6709 25.3750 42.8750 47.8125 28.91 24.27 1012.7365
04332.4834 25.3750 42.8750 47.8125 28.91 24.27 1012.7365
04332.5332 25.3750 42.8750 47.8125 28.91 24.27 1012.7365
04332.5332 25.3750 42.8750 47.8125 28.91 24.27 1012.7365
04332.4707 25.3750 42.8750 47.8125 28.91 24.27 1012.7365
04332.5332 25.3750 42.8750 47.8125 28.91 24.27 1012.7365
04332.2959 25.3750 42.8750 47.8125 28.94 24.24 1012.7938
04333.7207 25.3750 42.9375 47.9375 28.94 24.24 1012.7938
04333.9331 25.3750 42.9375 47.9375 28.94 24.24 1012.7938
04333.4834 25.3750 42.9375 47.9375 28.94 24.24 1012.7938
04332.5210 25.3750 42.9375 47.9375 28.94 24.24 1012.7938
04332.0581 25.3750 42.9375 47.9375 28.94 24.24 1012.7938
04332.0083 25.3750 42.9375 47.9375 28.94 24.24 1012.7938
04332.4834 25.3750 42.9375 47.9375 28.94 24.24 1012.7938
04332.5083 25.3750 42.9375 47.9375 28.94 24.24 1012.7938
04333.1831 25.3750 43.0000 48.0000 28.96 24.22 1012.7723
04333.4331 25.3750 43.0000 48.0000 28.96 24.22 1012.7723
04333.6831 25.3750 43.0000 48.0000 28.96 24.22 1012.7723
04332.7207 25.3750 43.0000 48.0000 28.96 24.22 1012.7723
04332.7207 25.3750 43.0000 48.0000 28.96 24.22 1012.7723
04332.4707 25.3750 43.0000 48.0000 28.96 24.22 1012.7723
04332.7334 25.3750 43.0000 48.0000 28.96 24.22 1012.7723
04332.5332 25.3750 43.0000 48.0000 28.96 24.22 1012.7723
04332.2832 25.3750 43.0000 48.0000 28.96 24.22 1012.7723
04332.7456 25.3750 43.0625 48.0000 28.96 24.22 1012.7723
04357.4331 25.3750 43.0625 48.0000 28.99 24.19 1012.7585
04330.8335 25.3750 43.0625 48.0000 28.99 24.19 1012.7585
04332.7085 25.3750 43.0625 48.0000 28.99 24.19 1012.7585
04332.9458 25.3750 43.0625 48.0000 28.99 24.19 1012.7585
04332.7583 25.3750 43.0625 48.0000 28.99 24.19 1012.7585
04332.4834 25.3750 43.0625 48.0000 28.99 24.19 1012.7585
04332.7456 25.3750 43.0625 48.0000 28.99 24.19 1012.7585
04330.6333 25.3750 43.1250 48.0625 28.99 24.19 1012.7585
04330.6206 25.3750 43.1250 48.0625 28.99 24.19 1012.7585
04330.5835 25.3750 43.1250 48.0625 29.01 24.15 1012.7996
04332.2832 25.3750 43.1250 48.0625 29.01 24.15 1012.7996
04332.7710 25.3750 43.1250 48.0625 29.01 24.15 1012.7996
04332.9458 25.3750 43.1250 48.0625 29.01 24.15 1012.7996
04332.7710 25.3750 43.1250 48.0625 29.01 24.15 1012.7996
04332.2456 25.3750 43.1250 48.0625 29.01 24.15 1012.7996
04332.7085 25.3750 43.1250 48.0625 29.01 24.15 1012.7996
04332.9458 25.3750 43.1875 48.1250 29.01 24.15 1012.7996
04330.8335 25.3750 43.1875 48.1250 29.01 24.15 1012.7996
04330.8457 25.3750 43.1875 48.1250 29.01 24.15 1012.7996
04332.7710 25.3750 43.1875 48.1250 29.04 24.14 1012.8217
04332.9834 25.3750 43.1875 48.1250 29.04 24.14 1012.8217
04332.7710 25.3750 43.1875 48.1250 29.04 24.14 1012.8217
04332.5332 25.3750 43.1875 48.1250 29.04 24.14 1012.8217
04356.5210 25.3750 43.1875 48.1250 29.04 24.14 1012.8217
04330.8081 25.3750 43.2500 48.1875 29.04 24.14 1012.8217
04330.8081 25.3750 43.2500 48.1875 29.04 24.14 1012.8217
04330.8081 25.3750 43.2500 48.1875 29.04 24.14 1012.8217
04332.2959 25.3750 43.2500 48.1875 29.04 24.14 1012.8217
04329.8584 25.3750 43.2500 48.1875 29.06 24.10 1012.7725
04329.9209 25.3750 43.2500 48.1875 29.06 24.10 1012.7725
04329.9082 25.3750 43.2500 48.1875 29.06 24.10 1012.7725
04329.8584 25.3750 43.2500 48.1875 29.06 24.10 1012.7725
04356.0459 25.3750 43.2500 48.1875 29.06 24.10 1012.7725
04329.8833 25.3750 43.3125 48.2500 29.06 24.10 1012.7725
04330.8081 25.3750 43.3125 48.2500 29.06 24.10 1012.7725
04330.8208 25.3750 43.3125 48.2500 29.06 24.10 1012.7725
04329.6831 25.3750 43.3125 48.2500 29.06 24.10 1012.7725
04329.6460 25.3750 43.3125 48.2500 29.06 24.10 1012.7725
04329.6333 25.3750 43.3125 48.2500 29.08 24.08 1012.7237
04329.6333 25.3750 43.3125 48.2500 29.08 24.08 1012.7237
#terjedesi                                       nyomas  ##
#ido(usec)  T1(C)   T2(C)   T3(C)  T4(C) para(%)  (hPa)
04329.6831 25.3750 43.3125 48.2500 29.08 24.08 1012.7237
04330.8208 25.4375 43.3125 48.3125 29.08 24.08 1012.7237
04331.1084 25.4375 43.3125 48.3125 29.08 24.08 1012.7237
04331.1084 25.4375 43.3125 48.3125 29.08 24.08 1012.7237
04329.8960 25.4375 43.3125 48.3125 29.08 24.08 1012.7237
04329.4331 25.4375 43.3125 48.3125 29.08 24.08 1012.7237
04329.4209 25.4375 43.3125 48.3125 29.08 24.08 1012.7237
04329.4458 25.4375 43.3125 48.3125 29.11 24.07 1012.8108
04329.6831 25.4375 43.3125 48.3125 29.11 24.07 1012.8108
04329.8584 25.4375 43.3125 48.3125 29.11 24.07 1012.8108
04329.8706 25.4375 43.4375 48.3750 29.11 24.07 1012.8108
04330.8706 25.4375 43.4375 48.3750 29.11 24.07 1012.8108
04330.8584 25.4375 43.4375 48.3750 29.11 24.07 1012.8108
04329.3833 25.4375 43.4375 48.3750 29.11 24.07 1012.8108
04329.8706 25.4375 43.4375 48.3750 29.11 24.07 1012.8108
04329.3960 25.4375 43.4375 48.3750 29.11 24.07 1012.8108
04329.4458 25.4375 43.4375 48.3750 29.14 24.06 1012.7782
04329.6582 25.4375 43.4375 48.3750 29.14 24.06 1012.7782
04330.3960 25.4375 43.5000 48.4375 29.14 24.06 1012.7782
04330.8081 25.4375 43.5000 48.4375 29.14 24.06 1012.7782
04330.8208 25.4375 43.5000 48.4375 29.14 24.06 1012.7782
04329.6831 25.4375 43.5000 48.4375 29.14 24.06 1012.7782
04329.2085 25.4375 43.5000 48.4375 29.14 24.06 1012.7782
04329.6206 25.4375 43.5000 48.4375 29.14 24.06 1012.7782
04329.4458 25.4375 43.5000 48.4375 29.14 24.06 1012.7782
04329.1709 25.4375 43.5000 48.4375 29.14 24.06 1012.7782
04329.1460 25.4375 43.5000 48.4375 29.14 24.06 1012.7782
04330.1582 25.4375 43.5000 48.5000 29.15 24.03 1012.7758
04330.5835 25.4375 43.5000 48.5000 29.15 24.03 1012.7758
04330.5835 25.4375 43.5000 48.5000 29.15 24.03 1012.7758
04329.9082 25.4375 43.5000 48.5000 29.15 24.03 1012.7758
04329.6582 25.4375 43.5000 48.5000 29.15 24.03 1012.7758
04329.3960 25.4375 43.5000 48.5000 29.15 24.03 1012.7758
04328.9209 25.4375 43.5000 48.5000 29.15 24.03 1012.7758
04329.6206 25.4375 43.5000 48.5000 29.15 24.03 1012.7758
04329.8706 25.4375 43.5625 48.5625 29.18 24.00 1012.7974
04327.7832 25.4375 43.5625 48.5625 29.18 24.00 1012.7974
04327.7832 25.4375 43.5625 48.5625 29.18 24.00 1012.7974
04330.3584 25.4375 43.5625 48.5625 29.18 24.00 1012.7974
04329.4331 25.4375 43.5625 48.5625 29.18 24.00 1012.7974
04329.2085 25.4375 43.5625 48.5625 29.18 24.00 1012.7974
04329.6831 25.4375 43.5625 48.5625 29.18 24.00 1012.7974
04329.6206 25.4375 43.5625 48.5625 29.18 24.00 1012.7974
04329.6333 25.4375 43.5625 48.5625 29.18 24.00 1012.7974
04329.6709 25.4375 43.5625 48.5625 29.18 24.00 1012.7974
04327.5332 25.4375 43.6250 48.6250 29.20 23.99 1012.7131
04327.7832 25.4375 43.6250 48.6250 29.20 23.99 1012.7131
04329.3960 25.4375 43.6250 48.6250 29.20 23.99 1012.7131
04330.1084 25.4375 43.6250 48.6250 29.20 23.99 1012.7131
04329.6333 25.4375 43.6250 48.6250 29.20 23.99 1012.7131
04329.4331 25.4375 43.6250 48.6250 29.20 23.99 1012.7131
04329.6831 25.4375 43.6250 48.6250 29.20 23.99 1012.7131
04329.6831 25.4375 43.6250 48.6250 29.20 23.99 1012.7131
04328.0083 25.4375 43.6875 48.6250 29.20 23.99 1012.7131
04327.5459 25.4375 43.6875 48.6250 29.20 23.99 1012.7131
04327.5332 25.4375 43.6875 48.6250 29.24 23.96 1012.7787
04353.4331 25.4375 43.6875 48.6250 29.24 23.96 1012.7787
04326.8335 25.4375 43.6875 48.6250 29.24 23.96 1012.7787
04353.4331 25.4375 43.6875 48.6250 29.24 23.96 1012.7787
04353.3833 25.4375 43.6875 48.6250 29.24 23.96 1012.7787
04329.1582 25.4375 43.6875 48.6250 29.24 23.96 1012.7787
04326.5459 25.4375 42.7500 48.6875 29.24 23.96 1012.7787
04328.0083 25.4375 43.7500 48.6875 29.24 23.96 1012.7787
04327.9707 25.4375 43.7500 48.6875 29.24 23.96 1012.7787
04353.1709 25.4375 43.7500 48.6875 29.26 23.92 1012.7841
04326.3081 25.4375 43.7500 48.6875 29.26 23.92 1012.7841
04326.5459 25.4375 43.7500 48.6875 29.26 23.92 1012.7841
04326.5957 25.4375 43.7500 48.6875 29.26 23.92 1012.7841
04326.5332 25.4375 43.7500 48.6875 29.26 23.92 1012.7841
04326.7832 25.4375 43.7500 48.6875 29.26 23.92 1012.7841
04327.3081 25.4375 43.8125 48.8125 29.26 23.92 1012.7841
04327.3081 25.4375 43.8125 48.8125 29.26 23.92 1012.7841
04327.5459 25.4375 43.8125 48.8125 29.26 23.92 1012.7841
#terjedesi                                       nyomas  ##
#ido(usec)  T1(C)   T2(C)   T3(C)  T4(C) para(%)  (hPa)
04326.5957 25.4375 43.8125 48.8125 29.26 23.92 1012.7841
04326.5459 25.4375 43.8125 48.8125 29.29 23.91 1012.7515
04326.8208 25.4375 43.8125 48.8125 29.29 23.91 1012.7515
04326.5957 25.4375 43.8125 48.8125 29.29 23.91 1012.7515
04326.5708 25.4375 43.8125 48.8125 29.29 23.91 1012.7515
04327.3081 25.4375 43.8750 48.8125 29.29 23.91 1012.7515
04327.7334 25.4375 43.8750 48.8125 29.29 23.91 1012.7515
04327.2583 25.4375 43.8750 48.8125 29.29 23.91 1012.7515
04326.3081 25.4375 43.8750 48.8125 29.29 23.91 1012.7515
04326.3335 25.4375 43.8750 48.8125 29.29 23.91 1012.7515
04326.5957 25.4375 43.8750 48.8125 29.30 23.91 1012.7678
04326.5957 25.4375 43.8750 48.8125 29.30 23.91 1012.7678
04326.5835 25.4375 43.8750 48.8125 29.30 23.91 1012.7678
04326.3584 25.4375 43.8750 48.8125 29.30 23.91 1012.7678
04326.8208 25.4375 43.9375 48.8750 29.30 23.91 1012.7678
04327.4834 25.4375 43.9375 48.8750 29.30 23.91 1012.7678
04327.5459 25.4375 43.9375 48.8750 29.30 23.91 1012.7678
04326.2959 25.4375 43.9375 48.8750 29.30 23.91 1012.7678
04326.1206 25.4375 43.9375 48.8750 29.30 23.91 1012.7678
04326.5459 25.4375 43.9375 48.8750 29.33 23.90 1012.7979
04326.2959 25.4375 43.9375 48.8750 29.33 23.90 1012.7979
04326.1206 25.4375 43.9375 48.8750 29.33 23.90 1012.7979
04327.2583 25.4375 44.0000 48.9375 29.33 23.90 1012.7979
04351.7583 25.4375 44.0000 48.9375 29.33 23.90 1012.7979
04327.7832 25.4375 44.0000 48.9375 29.33 23.90 1012.7979
04326.1206 25.4375 44.0000 48.9375 29.33 23.90 1012.7979
04326.8335 25.4375 44.0000 48.9375 29.33 23.90 1012.7979
04326.5332 25.4375 44.0000 48.9375 29.33 23.90 1012.7979
04326.5957 25.4375 44.0000 48.9375 29.33 23.90 1012.7979
04326.5708 25.4375 44.0000 48.9375 29.36 23.89 1012.7572
04326.8335 25.4375 44.0000 48.9375 29.36 23.89 1012.7572
04327.0210 25.4375 44.0625 49.0000 29.36 23.89 1012.7572
04324.6958 25.4375 44.0625 49.0000 29.36 23.89 1012.7572
04324.9331 25.4375 44.0625 49.0000 29.36 23.89 1012.7572
04326.5459 25.4375 44.0625 49.0000 29.36 23.89 1012.7572
04326.8335 25.4375 44.0625 49.0000 29.36 23.89 1012.7572
04326.7832 25.4375 44.0625 49.0000 29.36 23.89 1012.7572
04327.0708 25.4375 44.0625 49.0000 29.36 23.89 1012.7572
04326.7710 25.4375 44.0625 49.0000 29.38 23.86 1012.7625
04324.6958 25.4375 44.1250 49.0625 29.38 23.86 1012.7625
04324.9209 25.4375 44.1250 49.0625 29.38 23.86 1012.7625
04324.8833 25.4375 44.1250 49.0625 29.38 23.86 1012.7625
04327.0708 25.4375 44.1250 49.0625 29.38 23.86 1012.7625
04327.0083 25.4375 44.1250 49.0625 29.38 23.86 1012.7625
04327.0083 25.4375 44.1250 49.0625 29.38 23.86 1012.7625
04327.0708 25.4375 44.1250 49.0625 29.38 23.86 1012.7625
04326.5957 25.4375 44.1250 49.0625 29.38 23.86 1012.7625
04326.5459 25.4375 44.1250 49.0625 29.38 23.86 1012.7625
04326.8335 25.5000 44.1875 49.0625 29.41 23.84 1012.7218
04325.4082 25.5000 44.1875 49.0625 29.41 23.84 1012.7218
04325.1206 25.5000 44.1875 49.0625 29.41 23.84 1012.7218
04326.5332 25.5000 44.1875 49.0625 29.41 23.84 1012.7218
04323.9834 25.5000 44.1875 49.0625 29.41 23.84 1012.7218
04326.5459 25.5000 44.1875 49.0625 29.41 23.84 1012.7218
04326.3081 25.5000 44.1875 49.0625 29.41 23.84 1012.7218
04323.7456 25.5000 44.1875 49.0625 29.41 23.84 1012.7218
04324.6460 25.5000 44.2500 49.1250 29.41 23.84 1012.7218
04324.9331 25.5000 44.2500 49.1250 29.43 23.82 1012.7547
04324.6460 25.5000 44.2500 49.1250 29.43 23.82 1012.7547
04323.7207 25.5000 44.2500 49.1250 29.43 23.82 1012.7547
04323.6831 25.5000 44.2500 49.1250 29.43 23.82 1012.7547
04323.6831 25.5000 44.2500 49.1250 29.43 23.82 1012.7547
04326.3335 25.5000 44.2500 49.1250 29.43 23.82 1012.7547
04323.5083 25.5000 44.2500 49.1250 29.43 23.82 1012.7547
04326.2959 25.5000 44.2500 49.1250 29.43 23.82 1012.7547
04323.7207 25.5000 44.3125 49.1875 29.43 23.82 1012.7547
04324.6460 25.5000 44.3125 49.1875 29.43 23.82 1012.7547
04324.6831 25.5000 44.3125 49.1875 29.45 23.78 1012.7954
04349.8081 25.5000 44.3125 49.1875 29.45 23.78 1012.7954
04324.1958 25.5000 44.3125 49.1875 29.45 23.78 1012.7954
04323.9209 25.5000 44.3125 49.1875 29.45 23.78 1012.7954
04323.9834 25.5000 44.3125 49.1875 29.45 23.78 1012.7954
04323.9331 25.5000 44.3125 49.1875 29.45 23.78 1012.7954
#terjedesi                                       nyomas  ##
#ido(usec)  T1(C)   T2(C)   T3(C)  T4(C) para(%)  (hPa)
04324.6958 25.5000 44.3750 49.2500 29.45 23.78 1012.7954
04324.6709 25.5000 44.3750 49.2500 29.45 23.78 1012.7954
04324.6831 25.5000 44.3750 49.2500 29.45 23.78 1012.7954
04323.4956 25.5000 44.3750 49.2500 29.48 23.75 1012.7901
04323.2207 25.5000 44.3750 49.2500 29.48 23.75 1012.7901
04323.4956 25.5000 44.3750 49.2500 29.48 23.75 1012.7901
04323.2710 25.5000 44.3750 49.2500 29.48 23.75 1012.7901
04323.0332 25.5000 44.3750 49.2500 29.48 23.75 1012.7901
04323.4956 25.5000 44.3750 49.2500 29.48 23.75 1012.7901
04324.4082 25.5000 44.4375 49.3125 29.48 23.75 1012.7901
04324.6333 25.5000 44.4375 49.3125 29.48 23.75 1012.7901
04324.6460 25.5000 44.4375 49.3125 29.48 23.75 1012.7901
04323.2207 25.5000 44.4375 49.3125 29.50 23.73 1012.7139
04322.9834 25.5000 44.4375 49.3125 29.50 23.73 1012.7139
04323.4956 25.5000 44.4375 49.3125 29.50 23.73 1012.7139
04323.4707 25.5000 44.4375 49.3125 29.50 23.73 1012.7139
04323.2085 25.5000 44.4375 49.3125 29.50 23.73 1012.7139
04323.2207 25.5000 44.4375 49.3750 29.50 23.73 1012.7139
04324.4458 25.5000 44.5000 49.3750 29.50 23.73 1012.7139
04324.6958 25.5000 44.5000 49.3750 29.50 23.73 1012.7139
04324.4585 25.5000 44.5000 49.3750 29.50 23.73 1012.7139
04323.5083 25.5000 44.5000 49.3750 29.50 23.73 1012.7139
04323.5083 25.5000 44.5000 49.3750 29.53 23.70 1012.7628
04323.5083 25.5000 44.5000 49.3750 29.53 23.70 1012.7628
04323.5083 25.5000 44.5000 49.3750 29.53 23.70 1012.7628
04323.6831 25.5000 44.5000 49.3750 29.53 23.70 1012.7628
04323.2456 25.5000 44.5000 49.3750 29.53 23.70 1012.7628
04324.9331 25.5000 44.5625 49.4375 29.53 23.70 1012.7628
04324.6958 25.5000 44.5625 49.4375 29.53 23.70 1012.7628
04323.4585 25.5000 44.5625 49.4375 29.53 23.70 1012.7628
04323.4707 25.5000 44.5625 49.4375 29.53 23.70 1012.7628
04323.6958 25.5000 44.5625 49.4375 29.56 23.67 1012.8120
04323.4585 25.5000 44.5625 49.4375 29.56 23.67 1012.8120
04323.7334 25.5000 44.5625 49.4375 29.56 23.67 1012.8120
04323.7456 25.5000 44.5625 49.4375 29.56 23.67 1012.8120
04324.2207 25.5625 44.6250 49.4375 29.56 23.67 1012.8120
04348.2085 25.5625 44.6250 49.4375 29.56 23.67 1012.8120
04324.4585 25.5625 44.6250 49.4375 29.56 23.67 1012.8120
04323.7456 25.5625 44.6250 49.4375 29.56 23.67 1012.8120
04323.5083 25.5625 44.6250 49.4375 29.56 23.67 1012.8120
04323.5083 25.5625 44.6250 49.4375 29.56 23.67 1012.8120
04323.2334 25.5625 44.6250 49.4375 29.60 23.64 1012.7521
04323.2710 25.5625 44.6250 49.4375 29.60 23.64 1012.7521
04323.2334 25.5625 44.6250 49.5000 29.60 23.64 1012.7521
04321.3706 25.5000 44.6875 49.5000 29.60 23.64 1012.7521
04321.8208 25.5000 44.6875 49.5000 29.60 23.64 1012.7521
04323.5083 25.5000 44.6875 49.5000 29.60 23.64 1012.7521
04323.2710 25.5000 44.6875 49.5000 29.60 23.64 1012.7521
04322.9834 25.5000 44.6875 49.5000 29.60 23.64 1012.7521
04323.2207 25.5000 44.6875 49.5000 29.60 23.64 1012.7521
04323.2710 25.5000 44.6875 49.5000 29.63 23.62 1012.8013
04323.0332 25.5000 44.6875 49.5000 29.63 23.62 1012.8013
04321.5957 25.5000 44.7500 49.5625 29.63 23.62 1012.8013
04321.6084 25.5000 44.7500 49.5625 29.63 23.62 1012.8013
04321.6084 25.5000 44.7500 49.5625 29.63 23.62 1012.8013
04323.4585 25.5000 44.7500 49.5625 29.63 23.62 1012.8013
04323.6958 25.5000 44.7500 49.5625 29.63 23.62 1012.8013
04323.4834 25.5000 44.7500 49.5625 29.63 23.62 1012.8013
04323.2710 25.5000 44.7500 49.5625 29.63 23.62 1012.8013
04323.4458 25.5000 44.7500 49.5625 29.63 23.62 1012.8013
04320.8335 25.5000 44.8125 49.6250 29.65 23.61 1012.7794
04321.7959 25.5000 44.8125 49.6250 29.65 23.61 1012.7794
04321.7832 25.5000 44.8125 49.6250 29.65 23.61 1012.7794
04320.3960 25.5000 44.8125 49.6250 29.65 23.61 1012.7794
04320.6084 25.5000 44.8125 49.6250 29.65 23.61 1012.7794
04347.0083 25.5000 44.8125 49.6250 29.65 23.61 1012.7794
04320.4209 25.5000 44.8125 49.6250 29.65 23.61 1012.7794
04320.6333 25.5000 44.8125 49.6250 29.65 23.61 1012.7794
04320.3706 25.5000 44.8125 49.6250 29.65 23.61 1012.7794
04320.6582 25.5000 44.8750 49.6875 29.65 23.61 1012.7794
04321.3208 25.5000 44.8750 49.6875 29.68 23.58 1012.7740
04321.5459 25.5000 44.8750 49.6875 29.68 23.58 1012.7740
04320.1831 25.5000 44.8750 49.6875 29.68 23.58 1012.7740
#terjedesi                                       nyomas  ##
#ido(usec)  T1(C)   T2(C)   T3(C)  T4(C) para(%)  (hPa)
04320.6084 25.5000 44.8750 49.6875 29.68 23.58 1012.7740
04320.6084 25.5000 44.8750 49.6875 29.68 23.58 1012.7740
04320.3706 25.5000 44.8750 49.6875 29.68 23.58 1012.7740
04320.6084 25.5000 44.8750 49.6875 29.68 23.58 1012.7740
04321.3706 25.5625 44.9375 49.7500 29.68 23.58 1012.7740
04321.3706 25.5625 44.9375 49.7500 29.70 23.58 1012.7878
04321.6084 25.5625 44.9375 49.7500 29.70 23.58 1012.7878
04320.3833 25.5625 44.9375 49.7500 29.70 23.58 1012.7878
04320.4209 25.5625 44.9375 49.7500 29.70 23.58 1012.7878
04320.3706 25.5625 44.9375 49.7500 29.70 23.58 1012.7878
04319.9458 25.5625 44.9375 49.7500 29.70 23.58 1012.7878
04320.4209 25.5625 44.9375 49.7500 29.70 23.58 1012.7878
04320.5957 25.5625 44.9375 49.7500 29.70 23.58 1012.7878
04320.6582 25.5625 45.0000 49.8125 29.70 23.58 1012.7878
04321.8457 25.5625 45.0000 49.8125 29.70 23.58 1012.7878
04321.7959 25.5625 45.0000 49.8125 29.70 23.58 1012.7878
04320.6333 25.5625 45.0000 49.8125 29.74 23.55 1012.8452
04320.6084 25.5625 45.0000 49.8125 29.74 23.55 1012.8452
04320.4209 25.5625 45.0000 49.8125 29.74 23.55 1012.8452
04320.1831 25.5625 45.0000 49.8125 29.74 23.55 1012.8452
04320.8335 25.5625 45.0000 49.8125 29.74 23.55 1012.8452
04321.7832 25.5625 45.0625 49.8750 29.74 23.55 1012.8452
04322.0835 25.5625 45.0625 49.8750 29.74 23.55 1012.8452
04321.8208 25.5625 45.0625 49.8750 29.74 23.55 1012.8452
04320.4209 25.5625 45.0625 49.8750 29.74 23.55 1012.8452
04320.8584 25.5625 45.0625 49.8750 29.75 23.52 1012.7605
04320.3833 25.5625 45.0625 49.8750 29.75 23.52 1012.7605
04320.6206 25.5625 45.0625 49.8750 29.75 23.52 1012.7605
04320.6582 25.5625 45.0625 49.8750 29.75 23.52 1012.7605
04320.6582 25.5625 45.0625 49.8750 29.75 23.52 1012.7605
04320.6582 25.5625 45.1250 49.9375 29.75 23.52 1012.7605
04318.9458 25.5625 45.1250 49.9375 29.75 23.52 1012.7605
04345.2959 25.5625 45.1250 49.9375 29.75 23.52 1012.7605
04320.8335 25.5625 45.1250 49.9375 29.75 23.52 1012.7605
04320.6084 25.5625 45.1250 49.9375 29.79 23.49 1012.7905
04320.6460 25.5625 45.1250 49.9375 29.79 23.49 1012.7905
04320.3706 25.5625 45.1250 49.9375 29.79 23.49 1012.7905
04320.1333 25.5625 45.1250 49.9375 29.79 23.49 1012.7905
04318.2832 25.5625 45.1250 50.0000 29.79 23.49 1012.7905
04318.9331 25.5625 45.1250 50.0000 29.79 23.49 1012.7905
04318.5210 25.5625 45.1250 50.0000 29.79 23.49 1012.7905
04320.6084 25.5625 45.1250 50.0000 29.79 23.49 1012.7905
04320.1206 25.5625 45.1250 50.0000 29.79 23.49 1012.7905
04320.3584 25.5625 45.1250 50.0000 29.79 23.49 1012.7905
04320.6084 25.5625 45.1250 50.0000 29.81 23.47 1012.7958
04320.1206 25.5625 45.1250 50.0000 29.81 23.47 1012.7958
04320.1333 25.5625 45.1250 50.0000 29.81 23.47 1012.7958
04320.4082 25.5625 45.1875 50.0625 29.81 23.47 1012.7958
04318.4707 25.5625 45.1875 50.0625 29.81 23.47 1012.7958
04318.2710 25.5625 45.1875 50.0625 29.81 23.47 1012.7958
04320.1333 25.5625 45.1875 50.0625 29.81 23.47 1012.7958
04320.3960 25.5625 45.1875 50.0625 29.81 23.47 1012.7958
04320.4209 25.5625 45.1875 50.0625 29.81 23.47 1012.7958
04320.1333 25.5625 45.1875 50.0625 29.83 23.46 1012.7469
04317.7583 25.5625 45.1875 50.0625 29.83 23.46 1012.7469
04318.2334 25.5625 45.2500 50.1250 29.83 23.46 1012.7469
04318.4585 25.5625 45.2500 50.1250 29.83 23.46 1012.7469
04318.4707 25.5625 45.2500 50.1250 29.83 23.46 1012.7469
04320.1831 25.5625 45.2500 50.1250 29.83 23.46 1012.7469
04344.1460 25.5625 45.2500 50.1250 29.83 23.46 1012.7469
04320.1831 25.5625 45.2500 50.1250 29.83 23.46 1012.7469
04344.1084 25.5625 45.2500 50.1250 29.83 23.46 1012.7469
04317.8081 25.5625 45.2500 50.1250 29.83 23.46 1012.7469
04344.1709 25.5625 45.2500 50.1250 29.87 23.44 1012.8042
04318.9331 25.5625 45.3750 50.1875 29.87 23.44 1012.8042
04318.7334 25.5625 45.3750 50.1875 29.87 23.44 1012.8042
04318.9458 25.5625 45.3750 50.1875 29.87 23.44 1012.8042
04317.7583 25.5625 45.3750 50.1875 29.87 23.44 1012.8042
04317.5708 25.5625 45.3750 50.1875 29.87 23.44 1012.8042
04317.5210 25.5625 45.3750 50.1875 29.87 23.44 1012.8042
04317.5083 25.5625 45.3750 50.1875 29.87 23.44 1012.8042
04317.5708 25.5625 45.3750 50.1875 29.87 23.44 1012.8042
04317.2832 25.5625 45.3750 50.2500 29.90 23.41 1012.8069
#terjedesi                                       nyomas  ##
#ido(usec)  T1(C)   T2(C)   T3(C)  T4(C) para(%)  (hPa)
04318.9585 25.5625 45.3750 50.2500 29.90 23.41 1012.8069
04318.7456 25.5625 45.3750 50.2500 29.90 23.41 1012.8069
04318.7085 25.5625 45.3750 50.2500 29.90 23.41 1012.8069
04317.2959 25.5625 45.3750 50.2500 29.90 23.41 1012.8069
04317.3208 25.5625 45.3750 50.2500 29.90 23.41 1012.8069
04317.2832 25.5625 45.3750 50.2500 29.90 23.41 1012.8069
04317.5210 25.5625 45.3750 50.2500 29.90 23.41 1012.8069
04317.3335 25.5625 45.3750 50.2500 29.90 23.41 1012.8069
04317.5210 25.5625 45.3750 50.2500 29.90 23.41 1012.8069
04318.7583 25.5625 45.5000 50.3125 29.92 23.39 1012.7850
04318.9331 25.5625 45.5000 50.3125 29.92 23.39 1012.7850
04317.5083 25.5625 45.5000 50.3125 29.92 23.39 1012.7850
04317.5708 25.5625 45.5000 50.3125 29.92 23.39 1012.7850
04317.2710 25.5625 45.5000 50.3125 29.92 23.39 1012.7850
04317.2710 25.5625 45.5000 50.3125 29.92 23.39 1012.7850
04317.5708 25.5625 45.5000 50.3125 29.92 23.39 1012.7850
04317.5210 25.5625 45.5000 50.3125 29.92 23.39 1012.7850
04318.7583 25.6250 45.5000 50.3750 29.92 23.39 1012.7850
04318.4707 25.6250 45.5000 50.3750 29.94 23.37 1012.7634
04318.2832 25.6250 45.5000 50.3750 29.94 23.37 1012.7634
04317.5581 25.6250 45.5000 50.3750 29.94 23.37 1012.7634
04317.5083 25.6250 45.5000 50.3750 29.94 23.37 1012.7634
04317.0957 25.6250 45.5000 50.3750 29.94 23.37 1012.7634
04317.2832 25.6250 45.5000 50.3750 29.94 23.37 1012.7634
04317.2710 25.6250 45.5000 50.3750 29.94 23.37 1012.7634
04317.3081 25.6250 45.5000 50.4375 29.94 23.37 1012.7634
04318.4707 25.6250 45.5625 50.4375 29.94 23.37 1012.7634
04342.2710 25.6250 45.5625 50.4375 29.97 23.36 1012.7852
04317.5581 25.6250 45.5625 50.4375 29.97 23.36 1012.7852
04317.5708 25.6250 45.5625 50.4375 29.97 23.36 1012.7852
04317.5210 25.6250 45.5625 50.4375 29.97 23.36 1012.7852
04317.5210 25.6250 45.5625 50.4375 29.97 23.36 1012.7852
04317.5459 25.6250 45.5625 50.4375 29.97 23.36 1012.7852
04318.0459 25.6250 45.5625 50.4375 29.97 23.36 1012.7852
04316.0835 25.5625 45.6250 50.5000 29.97 23.36 1012.7852
04315.4331 25.5625 45.6250 50.5000 29.97 23.36 1012.7852
04315.9082 25.5625 45.6250 50.5000 29.97 23.36 1012.7852
04317.8081 25.5625 45.6250 50.5000 29.97 23.36 1012.7852
04317.5083 25.5625 45.6250 50.5000 30.00 23.30 1012.7795
04317.5581 25.5625 45.6250 50.5000 30.00 23.30 1012.7795
04317.3208 25.5625 45.6250 50.5000 30.00 23.30 1012.7795
04317.3335 25.5625 45.6250 50.5000 30.00 23.30 1012.7795
04315.1831 25.6250 45.6875 50.5625 30.00 23.30 1012.7795
04315.6084 25.6250 45.6875 50.5625 30.00 23.30 1012.7795
04315.3833 25.6250 45.6875 50.5625 30.00 23.30 1012.7795
04317.2832 25.6250 45.6875 50.5625 30.00 23.30 1012.7795
04317.5708 25.6250 45.6875 50.5625 30.02 23.30 1012.7851
04317.3335 25.6250 45.6875 50.5625 30.02 23.30 1012.7851
04317.7456 25.6250 45.6875 50.5625 30.02 23.30 1012.7851
04341.5083 25.6250 45.6875 50.5625 30.02 23.30 1012.7851
04317.5708 25.6250 45.6875 50.5625 30.02 23.30 1012.7851
04341.5083 25.6250 45.7500 50.5625 30.02 23.30 1012.7851
04315.4331 25.6250 45.7500 50.5625 30.02 23.30 1012.7851
04315.8960 25.6250 45.7500 50.5625 30.02 23.30 1012.7851
04317.3335 25.6250 45.7500 50.5625 30.02 23.30 1012.7851
04317.2832 25.6250 45.7500 50.5625 30.02 23.30 1012.7851
04341.2583 25.6250 45.7500 50.5625 30.05 23.28 1012.7252
04314.7085 25.6250 45.7500 50.5625 30.05 23.28 1012.7252
04314.7085 25.6250 45.7500 50.5625 30.05 23.28 1012.7252
04315.6709 25.6250 45.8125 50.6250 30.05 23.28 1012.7252
04315.6709 25.6250 45.8125 50.6250 30.05 23.28 1012.7252
04315.6460 25.6250 45.8125 50.6250 30.05 23.28 1012.7252
04340.8208 25.6250 45.8125 50.6250 30.05 23.28 1012.7252
04314.7085 25.6250 45.8125 50.6250 30.05 23.28 1012.7252
04314.9458 25.6250 45.8125 50.6250 30.05 23.28 1012.7252
04314.2456 25.6250 45.8125 50.6250 30.05 23.28 1012.7252
04314.4834 25.6250 45.8125 50.6250 30.09 23.27 1012.8558
04314.4834 25.6250 45.8125 50.6250 30.09 23.27 1012.8558
04314.4707 25.6250 45.8750 50.6875 30.09 23.27 1012.8558
04315.6333 25.6250 45.8750 50.6875 30.09 23.27 1012.8558
04315.6709 25.6250 45.8750 50.6875 30.09 23.27 1012.8558
04314.2085 25.6250 45.8750 50.6875 30.09 23.27 1012.8558
04314.9458 25.6250 45.8750 50.6875 30.09 23.27 1012.8558
#terjedesi                                       nyomas  ##
#ido(usec)  T1(C)   T2(C)   T3(C)  T4(C) para(%)  (hPa)
04314.9082 25.6250 45.8750 50.6875 30.09 23.27 1012.8558
04314.6831 25.6250 45.8750 50.6875 30.09 23.27 1012.8558
04314.6709 25.6250 45.8750 50.6875 30.11 23.22 1012.8150
04315.6084 25.6250 45.9375 50.7500 30.11 23.22 1012.8150
04315.9082 25.6250 45.9375 50.7500 30.11 23.22 1012.8150
04315.8457 25.6250 45.9375 50.7500 30.11 23.22 1012.8150
04314.4458 25.6250 45.9375 50.7500 30.11 23.22 1012.8150
04314.1958 25.6250 45.9375 50.7500 30.11 23.22 1012.8150
04314.4458 25.6250 45.9375 50.7500 30.11 23.22 1012.8150
04314.6958 25.6250 45.9375 50.7500 30.11 23.22 1012.8150
04314.7207 25.6250 45.9375 50.7500 30.11 23.22 1012.8150
04314.4585 25.6250 45.9375 50.7500 30.11 23.22 1012.8150
04314.7207 25.6250 46.0000 50.8125 30.13 23.20 1012.8121
04315.8960 25.6250 46.0000 50.8125 30.13 23.20 1012.8121
04315.6206 25.6250 46.0000 50.8125 30.13 23.20 1012.8121
04314.4331 25.6250 46.0000 50.8125 30.13 23.20 1012.8121
04314.7207 25.6250 46.0000 50.8125 30.13 23.20 1012.8121
04314.9331 25.6250 46.0000 50.8125 30.13 23.20 1012.8121
04314.6709 25.6250 46.0000 50.8125 30.13 23.20 1012.8121
04314.2334 25.6250 46.0000 50.8125 30.13 23.20 1012.8121
04315.4209 25.6250 46.0625 50.9375 30.13 23.20 1012.8121
04315.6206 25.6250 46.0625 50.9375 30.16 23.18 1012.7603
04315.8584 25.6250 46.0625 50.9375 30.16 23.18 1012.7603
04314.9082 25.6250 46.0625 50.9375 30.16 23.18 1012.7603
04314.9585 25.6250 46.0625 50.9375 30.16 23.18 1012.7603
04314.6831 25.6250 46.0625 50.9375 30.16 23.18 1012.7603
04314.9209 25.6250 46.0625 50.9375 30.16 23.18 1012.7603
04314.9458 25.6250 46.0625 50.9375 30.16 23.18 1012.7603
04314.6709 25.6250 46.0625 50.9375 30.16 23.18 1012.7603
04314.7085 25.6250 46.1250 51.0000 30.16 23.18 1012.7603
04315.3833 25.6250 46.1250 51.0000 30.16 23.18 1012.7603
04339.1831 25.6250 46.1250 51.0000 30.19 23.15 1012.7467
04314.4585 25.6250 46.1250 51.0000 30.19 23.15 1012.7467
04314.1958 25.6250 46.1250 51.0000 30.19 23.15 1012.7467
04314.2456 25.6250 46.1250 51.0000 30.19 23.15 1012.7467
04314.9585 25.6250 46.1250 51.0000 30.19 23.15 1012.7467
04314.6582 25.6250 46.1250 51.0000 30.19 23.15 1012.7467
04314.9585 25.6250 46.1875 51.0625 30.19 23.15 1012.7467
04312.8208 25.6250 46.1875 51.0625 30.19 23.15 1012.7467
04312.7583 25.6250 46.1875 51.0625 30.19 23.15 1012.7467
04314.7207 25.6250 46.1875 51.0625 30.22 23.11 1012.7958
04314.4585 25.6250 46.1875 51.0625 30.22 23.11 1012.7958
04314.6709 25.6250 46.1875 51.0625 30.22 23.11 1012.7958
04314.6709 25.6250 46.1875 51.0625 30.22 23.11 1012.7958
04314.6582 25.6250 46.1875 51.0625 30.22 23.11 1012.7958
04314.6831 25.6250 46.1875 51.0625 30.22 23.11 1012.7958
04312.7583 25.6250 46.1875 51.1250 30.22 23.11 1012.7958
04312.5708 25.6250 46.1875 51.1250 30.22 23.11 1012.7958
04313.0083 25.6250 46.1875 51.1250 30.22 23.11 1012.7958
04314.4707 25.6250 46.1875 51.1250 30.23 23.11 1012.7930
04338.4707 25.6250 46.1875 51.1250 30.23 23.11 1012.7930
04314.4331 25.6250 46.1875 51.1250 30.23 23.11 1012.7930
04314.2456 25.6250 46.1875 51.1250 30.23 23.11 1012.7930
04311.6084 25.6250 46.1875 51.1250 30.23 23.11 1012.7930
04338.2334 25.6250 46.1875 51.1875 30.23 23.11 1012.7930
04312.8208 25.6875 46.2500 51.1875 30.23 23.11 1012.7930
04313.0581 25.6875 46.2500 51.1875 30.23 23.11 1012.7930
04312.8081 25.6875 46.2500 51.1875 30.23 23.11 1012.7930
04312.2959 25.6875 46.2500 51.1875 30.23 23.11 1012.7930
04311.3335 25.6875 46.2500 51.1875 30.28 23.07 1012.8120
04337.9585 25.6875 46.2500 51.1875 30.28 23.07 1012.8120
04337.9458 25.6875 46.2500 51.1875 30.28 23.07 1012.8120
04338.2207 25.6875 46.2500 51.1875 30.28 23.07 1012.8120
04311.3335 25.6875 46.2500 51.1875 30.28 23.07 1012.8120
04312.7959 25.6875 46.3125 51.2500 30.28 23.07 1012.8120
04312.7959 25.6875 46.3125 51.2500 30.28 23.07 1012.8120
04311.3960 25.6875 46.3125 51.2500 30.28 23.07 1012.8120
04311.5957 25.6875 46.3125 51.2500 30.28 23.07 1012.8120
04311.3960 25.6875 46.3125 51.2500 30.30 23.06 1012.7357
04311.3960 25.6875 46.3125 51.2500 30.30 23.06 1012.7357
04311.5835 25.6875 46.3125 51.2500 30.30 23.06 1012.7357
04311.6084 25.6875 46.3125 51.2500 30.30 23.06 1012.7357
04312.5332 25.6250 46.3750 51.3125 30.30 23.06 1012.7357
#terjedesi                                       nyomas  ##
#ido(usec)  T1(C)   T2(C)   T3(C)  T4(C) para(%)  (hPa)
04312.3457 25.6250 46.3750 51.3125 30.30 23.06 1012.7357
04312.8208 25.6250 46.3750 51.3125 30.30 23.06 1012.7357
04311.3833 25.6250 46.3750 51.3125 30.30 23.06 1012.7357
04311.8706 25.6250 46.3750 51.3125 30.30 23.06 1012.7357
04311.3706 25.6250 46.3750 51.3125 30.30 23.06 1012.7357
04311.5835 25.6250 46.3750 51.3125 30.31 23.03 1012.8147
04311.6084 25.6250 46.3750 51.3125 30.31 23.03 1012.8147
04311.5835 25.6250 46.3750 51.3750 30.31 23.03 1012.8147
04312.5210 25.6875 46.4375 51.3750 30.31 23.03 1012.8147
04312.7710 25.6875 46.4375 51.3750 30.31 23.03 1012.8147
04311.3457 25.6875 46.4375 51.3750 30.31 23.03 1012.8147
04311.6206 25.6875 46.4375 51.3750 30.31 23.03 1012.8147
04311.8081 25.6875 46.4375 51.3750 30.31 23.03 1012.8147
04311.3833 25.6875 46.4375 51.3750 30.31 23.03 1012.8147
04311.6333 25.6875 46.4375 51.3750 30.36 23.00 1012.8883
04311.6206 25.6875 46.4375 51.3750 30.36 23.00 1012.8883
04312.7710 25.6875 46.5000 51.4375 30.36 23.00 1012.8883
04312.8208 25.6875 46.5000 51.4375 30.36 23.00 1012.8883
04312.5835 25.6875 46.5000 51.4375 30.36 23.00 1012.8883
04311.3960 25.6875 46.5000 51.4375 30.36 23.00 1012.8883
04311.3335 25.6875 46.5000 51.4375 30.36 23.00 1012.8883
04311.6084 25.6875 46.5000 51.4375 30.36 23.00 1012.8883
04311.6333 25.6875 46.5000 51.4375 30.36 23.00 1012.8883
04311.8208 25.6875 46.5000 51.4375 30.36 23.00 1012.8883
04311.8706 25.6875 46.5625 51.5000 30.37 22.99 1012.8230
04309.9707 25.6875 46.5625 51.5000 30.37 22.99 1012.8230
04336.5459 25.6875 46.5625 51.5000 30.37 22.99 1012.8230
04311.1582 25.6875 46.5625 51.5000 30.37 22.99 1012.8230
04311.1084 25.6875 46.5625 51.5000 30.37 22.99 1012.8230
04311.5957 25.6875 46.5625 51.5000 30.37 22.99 1012.8230
04311.3457 25.6875 46.5625 51.5000 30.37 22.99 1012.8230
04311.3457 25.6875 46.5625 51.5000 30.37 22.99 1012.8230
04311.8706 25.6875 46.5625 51.5000 30.37 22.99 1012.8230
04311.8335 25.6875 46.6250 51.5625 30.37 22.99 1012.8230
04309.7334 25.6875 46.6250 51.5625 30.40 22.96 1012.7272
04309.4956 25.6875 46.6250 51.5625 30.40 22.96 1012.7272
04311.8457 25.6875 46.6250 51.5625 30.40 22.96 1012.7272
04311.0957 25.6875 46.6250 51.5625 30.40 22.96 1012.7272
04311.5708 25.6875 46.6250 51.5625 30.40 22.96 1012.7272
04311.6084 25.6875 46.6250 51.5625 30.40 22.96 1012.7272
04311.3706 25.6875 46.6250 51.5625 30.40 22.96 1012.7272
04309.9331 25.6875 46.6250 51.6875 30.40 22.96 1012.7272
04309.9209 25.6875 46.6250 51.6875 30.43 22.92 1012.8391
04309.9209 25.6875 46.6250 51.6875 30.43 22.92 1012.8391
04311.5708 25.6875 46.6250 51.6875 30.43 22.92 1012.8391
04311.1582 25.6875 46.6250 51.6875 30.43 22.92 1012.8391
04335.5835 25.6875 46.6250 51.6875 30.43 22.92 1012.8391
04311.6333 25.6875 46.6250 51.6875 30.43 22.92 1012.8391
04311.6333 25.6875 46.6250 51.6875 30.43 22.92 1012.8391
04311.6333 25.6875 46.6250 51.6875 30.43 22.92 1012.8391
04311.3960 25.6875 46.6875 51.7500 30.43 22.92 1012.8391
04310.1831 25.6875 46.6875 51.7500 30.43 22.92 1012.8391
04309.9082 25.6875 46.6875 51.7500 30.43 22.92 1012.8391
04309.0210 25.6875 46.6875 51.7500 30.45 22.90 1012.7628
04311.3335 25.6875 46.6875 51.7500 30.45 22.90 1012.7628
04308.9707 25.6875 46.6875 51.7500 30.45 22.90 1012.7628
04308.7710 25.6875 46.6875 51.7500 30.45 22.90 1012.7628
04308.9585 25.6875 46.6875 51.7500 30.45 22.90 1012.7628
04310.1460 25.6875 46.7500 51.8125 30.45 22.90 1012.7628
04310.1709 25.6875 46.7500 51.8125 30.45 22.90 1012.7628
04309.7334 25.6875 46.7500 51.8125 30.45 22.90 1012.7628
04308.5459 25.6875 46.7500 51.8125 30.45 22.90 1012.7628
04308.7832 25.6875 46.7500 51.8125 30.47 22.88 1012.8499
04308.9585 25.6875 46.7500 51.8125 30.47 22.88 1012.8499
04308.5210 25.6875 46.7500 51.8125 30.47 22.88 1012.8499
04308.9956 25.6875 46.7500 51.8125 30.47 22.88 1012.8499
04308.7832 25.6875 46.7500 51.8125 30.47 22.88 1012.8499
04309.0210 25.6875 46.8125 51.8125 30.47 22.88 1012.8499
04310.2085 25.6875 46.8125 51.8125 30.47 22.88 1012.8499
04309.9082 25.6875 46.8125 51.8125 30.47 22.88 1012.8499
04309.0210 25.6875 46.8125 51.8125 30.47 22.88 1012.8499
04308.7832 25.6875 46.8125 51.8125 30.51 22.85 1012.7241
04308.5210 25.6875 46.8125 51.8125 30.51 22.85 1012.7241
#terjedesi                                       nyomas  ##
#ido(usec)  T1(C)   T2(C)   T3(C)  T4(C) para(%)  (hPa)
04308.9707 25.6875 46.8125 51.8125 30.51 22.85 1012.7241
04309.0083 25.6875 46.8125 51.8125 30.51 22.85 1012.7241
04309.6831 25.7500 46.8750 51.8750 30.51 22.85 1012.7241
04309.6831 25.7500 46.8750 51.8750 30.51 22.85 1012.7241
04309.9458 25.7500 46.8750 51.8750 30.51 22.85 1012.7241
04308.9585 25.7500 46.8750 51.8750 30.51 22.85 1012.7241
04308.9707 25.7500 46.8750 51.8750 30.51 22.85 1012.7241
04308.7832 25.7500 46.8750 51.8750 30.51 22.85 1012.7241
04308.4956 25.7500 46.8750 51.8750 30.54 22.82 1012.8471
04308.5459 25.7500 46.8750 51.8750 30.54 22.82 1012.8471
04308.7207 25.7500 46.8750 51.8750 30.54 22.82 1012.8471
04308.9707 25.7500 46.9375 52.0000 30.54 22.82 1012.8471
04309.9082 25.7500 46.9375 52.0000 30.54 22.82 1012.8471
04309.9209 25.7500 46.9375 52.0000 30.54 22.82 1012.8471
04308.9834 25.7500 46.9375 52.0000 30.54 22.82 1012.8471
04308.9707 25.7500 46.9375 52.0000 30.54 22.82 1012.8471
04308.7207 25.7500 46.9375 52.0000 30.54 22.82 1012.8471
04308.2832 25.7500 46.9375 52.0000 30.57 22.79 1012.8416
04308.4956 25.7500 46.9375 52.0000 30.57 22.79 1012.8416
04309.0210 25.7500 47.0000 52.0625 30.57 22.79 1012.8416
04333.4585 25.7500 47.0000 52.0625 30.57 22.79 1012.8416
04309.7334 25.7500 47.0000 52.0625 30.57 22.79 1012.8416
04308.4834 25.7500 47.0000 52.0625 30.57 22.79 1012.8416
04308.5459 25.7500 47.0000 52.0625 30.57 22.79 1012.8416
04309.0210 25.7500 47.0000 52.0625 30.57 22.79 1012.8416
04308.7583 25.7500 47.0000 52.0625 30.57 22.79 1012.8416
04308.5332 25.7500 47.0000 52.0625 30.57 22.79 1012.8416
04308.5459 25.7500 47.0000 52.0625 30.62 22.75 1012.8333
04306.8833 25.7500 47.0625 52.1250 30.62 22.75 1012.8333
04306.8335 25.7500 47.0625 52.1250 30.62 22.75 1012.8333
04306.8335 25.7500 47.0625 52.1250 30.62 22.75 1012.8333
04308.7334 25.7500 47.0625 52.1250 30.62 22.75 1012.8333
04308.5210 25.7500 47.0625 52.1250 30.62 22.75 1012.8333
04308.7710 25.7500 47.0625 52.1250 30.62 22.75 1012.8333
04308.4956 25.7500 47.0625 52.1250 30.62 22.75 1012.8333
04308.5083 25.7500 47.0625 52.1250 30.62 22.75 1012.8333
04309.0210 25.7500 47.0625 52.2500 30.63 22.74 1012.8222
04307.1206 25.7500 47.1250 52.2500 30.63 22.74 1012.8222
04306.8833 25.7500 47.1250 52.2500 30.63 22.74 1012.8222
04306.8335 25.7500 47.1250 52.2500 30.63 22.74 1012.8222
04308.7583 25.7500 47.1250 52.2500 30.63 22.74 1012.8222
04306.1709 25.7500 47.1250 52.2500 30.63 22.74 1012.8222
04332.5332 25.7500 47.1250 52.2500 30.63 22.74 1012.8222
04308.4956 25.7500 47.1250 52.2500 30.63 22.74 1012.8222
04308.4834 25.7500 47.1250 52.2500 30.63 22.74 1012.8222
04332.5083 25.7500 47.1250 52.2500 30.63 22.74 1012.8222
04306.8335 25.7500 47.1875 52.3125 30.66 22.71 1012.8167
04307.0957 25.7500 47.1875 52.3125 30.66 22.71 1012.8167
04332.2456 25.7500 47.1875 52.3125 30.66 22.71 1012.8167
04308.0581 25.7500 47.1875 52.3125 30.66 22.71 1012.8167
04305.8833 25.7500 47.1875 52.3125 30.66 22.71 1012.8167
04332.2334 25.7500 47.1875 52.3125 30.66 22.71 1012.8167
04305.9082 25.7500 47.1875 52.3125 30.66 22.71 1012.8167
04305.6333 25.7500 47.1875 52.3125 30.66 22.71 1012.8167
04306.6084 25.7500 47.1875 52.3750 30.66 22.71 1012.8167
04306.5957 25.7500 47.1875 52.3750 30.69 22.67 1012.8386
04306.8457 25.7500 47.1875 52.3750 30.69 22.67 1012.8386
04305.6333 25.7500 47.1875 52.3750 30.69 22.67 1012.8386
04305.4585 25.7500 47.1875 52.3750 30.69 22.67 1012.8386
04305.4585 25.7500 47.1875 52.3750 30.69 22.67 1012.8386
04305.6958 25.7500 47.1875 52.3750 30.69 22.67 1012.8386
04305.4458 25.7500 47.1875 52.3750 30.69 22.67 1012.8386
04305.6709 25.7500 47.1875 52.4375 30.69 22.67 1012.8386
04306.6206 25.7500 47.2500 52.4375 30.69 22.67 1012.8386
04306.6206 25.7500 47.2500 52.4375 30.69 22.67 1012.8386
04305.4082 25.7500 47.2500 52.4375 30.72 22.58 1012.8055
04305.2207 25.7500 47.2500 52.4375 30.72 22.58 1012.8055
04305.4082 25.7500 47.2500 52.4375 30.72 22.58 1012.8055
04305.6831 25.7500 47.2500 52.4375 30.72 22.58 1012.8055
04305.9331 25.7500 47.2500 52.4375 30.72 22.58 1012.8055
04305.1831 25.7500 47.2500 52.4375 30.72 22.58 1012.8055
04307.0708 25.7500 47.3125 52.5000 30.72 22.58 1012.8055
04307.1206 25.7500 47.3125 52.5000 30.72 22.58 1012.8055
#terjedesi                                       nyomas  ##
#ido(usec)  T1(C)   T2(C)   T3(C)  T4(C) para(%)  (hPa)
04307.0835 25.7500 47.3125 52.5000 30.72 22.58 1012.8055
04305.9209 25.7500 47.3125 52.5000 30.72 22.58 1012.8055
04305.8706 25.7500 47.3125 52.5000 30.74 22.63 1012.8110
04305.8706 25.7500 47.3125 52.5000 30.74 22.63 1012.8110
04305.2207 25.7500 47.3125 52.5000 30.74 22.63 1012.8110
04304.9458 25.7500 47.3125 52.5000 30.74 22.63 1012.8110
04305.4458 25.8125 47.3750 52.5625 30.74 22.63 1012.8110
04306.8833 25.8125 47.3750 52.5625 30.74 22.63 1012.8110
04306.6333 25.8125 47.3750 52.5625 30.74 22.63 1012.8110
04305.8833 25.8125 47.3750 52.5625 30.74 22.63 1012.8110
04305.6460 25.8125 47.3750 52.5625 30.76 22.56 1012.8166
04305.8706 25.8125 47.3750 52.5625 30.76 22.56 1012.8166
04305.8706 25.8125 47.3750 52.5625 30.76 22.56 1012.8166
04305.8833 25.8125 47.3750 52.5625 30.76 22.56 1012.8166
04305.4082 25.8125 47.3750 52.5625 30.76 22.56 1012.8166
04305.6709 25.8125 47.4375 52.6875 30.76 22.56 1012.8166
04306.6206 25.8125 47.4375 52.6875 30.76 22.56 1012.8166
04306.5957 25.8125 47.4375 52.6875 30.76 22.56 1012.8166
04305.8960 25.8125 47.4375 52.6875 30.76 22.56 1012.8166
04305.6958 25.8125 47.4375 52.6875 30.76 22.56 1012.8166
04305.1709 25.8125 47.4375 52.6875 30.79 22.58 1012.8107
04305.6333 25.8125 47.4375 52.6875 30.79 22.58 1012.8107
04305.4331 25.8125 47.4375 52.6875 30.79 22.58 1012.8107
04304.0083 25.8125 47.4375 52.6875 30.79 22.58 1012.8107
04303.5459 25.8125 47.4375 52.6875 30.79 22.58 1012.8107
04303.5581 25.8125 47.4375 52.6875 30.79 22.58 1012.8107
04305.6333 25.8125 47.4375 52.6875 30.79 22.58 1012.8107
04305.4585 25.8125 47.4375 52.6875 30.79 22.58 1012.8107
04305.4082 25.8125 47.4375 52.6875 30.79 22.58 1012.8107
04305.9331 25.8125 47.4375 52.6875 30.79 22.58 1012.8107
04305.6333 25.8125 47.4375 52.6875 30.81 22.55 1012.8244
04305.6958 25.8125 47.4375 52.6875 30.81 22.55 1012.8244
04305.9331 25.8125 47.5000 52.8125 30.81 22.55 1012.8244
04303.5581 25.8125 47.5000 52.8125 30.81 22.55 1012.8244
04305.9331 25.8125 47.5000 52.8125 30.81 22.55 1012.8244
04305.1709 25.8125 47.5000 52.8125 30.81 22.55 1012.8244
04305.4082 25.8125 47.5000 52.8125 30.81 22.55 1012.8244
04305.4082 25.8125 47.5000 52.8125 30.81 22.55 1012.8244
04305.6958 25.8125 47.5000 52.8125 30.81 22.55 1012.8244
04305.8833 25.8125 47.5000 52.8125 30.83 22.51 1012.8134
04303.5332 25.8125 47.5625 52.8750 30.83 22.51 1012.8134
04303.5581 25.8125 47.5625 52.8750 30.83 22.51 1012.8134
04303.7334 25.8125 47.5625 52.8750 30.83 22.51 1012.8134
04305.2085 25.8125 47.5625 52.8750 30.83 22.51 1012.8134
04305.6460 25.8125 47.5625 52.8750 30.83 22.51 1012.8134
04329.2085 25.8125 47.5625 52.8750 30.83 22.51 1012.8134
04305.6333 25.8125 47.5625 52.8750 30.83 22.51 1012.8134
04329.6831 25.8125 47.5625 52.8750 30.83 22.51 1012.8134
04302.6084 25.8125 47.5625 52.8750 30.83 22.51 1012.8134
04303.0835 25.8125 47.6250 52.9375 30.86 22.48 1012.7614
04303.2710 25.8125 47.6250 52.9375 30.86 22.48 1012.7614
04303.7959 25.8125 47.6250 52.9375 30.86 22.48 1012.7614
04303.0332 25.8125 47.6250 52.9375 30.86 22.48 1012.7614
04305.2085 25.8125 47.6250 52.9375 30.86 22.48 1012.7614
04302.7832 25.8125 47.6250 52.9375 30.86 22.48 1012.7614
04302.8335 25.8125 47.6250 52.9375 30.86 22.48 1012.7614
04302.7959 25.8125 47.6250 52.9375 30.86 22.48 1012.7614
04304.2207 25.8750 47.6875 53.0625 30.86 22.48 1012.7614
04304.2085 25.8750 47.6875 53.0625 30.89 22.44 1012.7831
04303.7959 25.8750 47.6875 53.0625 30.89 22.44 1012.7831
04303.0332 25.8750 47.6875 53.0625 30.89 22.44 1012.7831
04302.6084 25.8750 47.6875 53.0625 30.89 22.44 1012.7831
04302.8457 25.8750 47.6875 53.0625 30.89 22.44 1012.7831
04302.5835 25.8750 47.6875 53.0625 30.89 22.44 1012.7831
04302.8457 25.8750 47.6875 53.0625 30.89 22.44 1012.7831
04302.3706 25.8750 47.6875 53.0625 30.89 22.44 1012.7831
04302.5835 25.8125 47.6875 53.0625 30.89 22.44 1012.7831
04303.7334 25.8125 47.6875 53.0625 30.89 22.44 1012.7831
04303.5083 25.8125 47.6875 53.0625 30.90 22.41 1012.7448
04302.6084 25.8125 47.6875 53.0625 30.90 22.41 1012.7448
04302.3457 25.8125 47.6875 53.0625 30.90 22.41 1012.7448
04302.5835 25.8125 47.6875 53.0625 30.90 22.41 1012.7448
04302.3335 25.8125 47.6875 53.0625 30.90 22.41 1012.7448
#terjedesi                                       nyomas  ##
#ido(usec)  T1(C)   T2(C)   T3(C)  T4(C) para(%)  (hPa)
04302.1333 25.8125 47.6875 53.0625 30.90 22.41 1012.7448
04302.7832 25.8750 47.8125 53.1875 30.90 22.41 1012.7448
04303.5581 25.8750 47.8125 53.1875 30.90 22.41 1012.7448
04303.2959 25.8750 47.8125 53.1875 30.90 22.41 1012.7448
04302.7832 25.8750 47.8125 53.1875 30.93 22.38 1012.7665
04302.8457 25.8750 47.8125 53.1875 30.93 22.38 1012.7665
04302.8335 25.8750 47.8125 53.1875 30.93 22.38 1012.7665
04302.8457 25.8750 47.8125 53.1875 30.93 22.38 1012.7665
04302.7959 25.8750 47.8125 53.1875 30.93 22.38 1012.7665
04302.7832 25.8750 47.8125 53.1875 30.93 22.38 1012.7665
04304.0332 25.8750 47.8125 53.3125 30.93 22.38 1012.7665
04327.7710 25.8750 47.8125 53.3125 30.93 22.38 1012.7665
04301.1333 25.8750 47.8125 53.3125 30.93 22.38 1012.7665
04302.8335 25.8750 47.8125 53.3125 30.93 22.38 1012.7665
04302.7959 25.8750 47.8125 53.3125 30.95 22.35 1012.7991
04302.3335 25.8750 47.8125 53.3125 30.95 22.35 1012.7991
04302.6084 25.8750 47.8125 53.3125 30.95 22.35 1012.7991
04302.5581 25.8750 47.8125 53.3125 30.95 22.35 1012.7991
04303.0332 25.8750 47.8125 53.3750 30.95 22.35 1012.7991
04303.5581 25.8125 47.8750 53.3750 30.95 22.35 1012.7991
04301.3584 25.8125 47.8750 53.3750 30.95 22.35 1012.7991
04300.9458 25.8125 47.8750 53.3750 30.95 22.35 1012.7991
04302.5459 25.8125 47.8750 53.3750 30.95 22.35 1012.7991
04302.3706 25.8125 47.8750 53.3750 30.95 22.35 1012.7991
04302.3584 25.8125 47.8750 53.3750 30.99 22.32 1012.8102
04302.5957 25.8125 47.8750 53.3750 30.99 22.32 1012.8102
04302.8335 25.8125 47.8750 53.3750 30.99 22.32 1012.8102
04327.2710 25.8125 47.8750 53.3750 30.99 22.32 1012.8102
04301.3706 25.8750 47.9375 53.5000 30.99 22.32 1012.8102
04301.1206 25.8750 47.9375 53.5000 30.99 22.32 1012.8102
04303.0459 25.8750 47.9375 53.5000 30.99 22.32 1012.8102
04303.0332 25.8750 47.9375 53.5000 30.99 22.32 1012.8102
04302.6084 25.8750 47.9375 53.5000 31.00 22.29 1012.7991
04302.7959 25.8750 47.9375 53.5000 31.00 22.29 1012.7991
04302.3706 25.8750 47.9375 53.5000 31.00 22.29 1012.7991
04302.7832 25.8750 47.9375 53.5000 31.00 22.29 1012.7991
04300.9082 25.8750 48.0000 53.5625 31.00 22.29 1012.7991
04300.6460 25.8750 48.0000 53.5625 31.00 22.29 1012.7991
04300.6709 25.8750 48.0000 53.5625 31.00 22.29 1012.7991
04302.7832 25.8750 48.0000 53.5625 31.00 22.29 1012.7991
04302.6084 25.8750 48.0000 53.5625 31.00 22.29 1012.7991
04326.5332 25.8750 48.0000 53.5625 31.00 22.29 1012.7991
04326.3208 25.8750 48.0000 53.5625 31.00 22.29 1012.7991
04300.2085 25.8750 48.0000 53.5625 31.02 22.27 1012.6868
04299.9956 25.8750 48.0000 53.6875 31.02 22.27 1012.6868
04300.9209 25.8750 48.0625 53.6875 31.02 22.27 1012.6868
04301.1831 25.8750 48.0625 53.6875 31.02 22.27 1012.6868
04299.7583 25.8750 48.0625 53.6875 31.02 22.27 1012.6868
04299.9956 25.8750 48.0625 53.6875 31.02 22.27 1012.6868
04299.7583 25.8750 48.0625 53.6875 31.02 22.27 1012.6868
04299.7334 25.8750 48.0625 53.6875 31.02 22.27 1012.6868
04300.1709 25.8750 48.0625 53.6875 31.02 22.27 1012.6868
04299.7583 25.8750 48.0625 53.6875 31.07 22.24 1012.7877
04300.9331 25.8750 48.0625 53.7500 31.07 22.24 1012.7877
04301.3960 25.8750 48.0625 53.7500 31.07 22.24 1012.7877
04301.1831 25.8750 48.0625 53.7500 31.07 22.24 1012.7877
04299.7334 25.8750 48.0625 53.7500 31.07 22.24 1012.7877
04299.9956 25.8750 48.0625 53.7500 31.07 22.24 1012.7877
04299.9458 25.8750 48.0625 53.7500 31.07 22.24 1012.7877
04299.9834 25.8750 48.0625 53.7500 31.07 22.24 1012.7877
04299.7207 25.8750 48.0625 53.7500 31.07 22.24 1012.7877
04300.1958 25.8750 48.1875 53.8750 31.08 22.23 1012.7496
04300.8960 25.8750 48.1875 53.8750 31.08 22.23 1012.7496
04300.4082 25.8750 48.1875 53.8750 31.08 22.23 1012.7496
04299.4834 25.8750 48.1875 53.8750 31.08 22.23 1012.7496
04299.5210 25.8750 48.1875 53.8750 31.08 22.23 1012.7496
04299.9585 25.8750 48.1875 53.8750 31.08 22.23 1012.7496
04299.7456 25.8750 48.1875 53.8750 31.08 22.23 1012.7496
04300.1709 25.8750 48.1875 53.8750 31.08 22.23 1012.7496
04299.9834 25.8750 48.1875 53.8750 31.08 22.23 1012.7496
04300.2334 25.8750 48.1875 53.9375 31.08 22.23 1012.7496
04300.8960 25.8750 48.1875 53.9375 31.11 22.20 1012.7711
04301.1831 25.8750 48.1875 53.9375 31.11 22.20 1012.7711
#terjedesi                                       nyomas  ##
#ido(usec)  T1(C)   T2(C)   T3(C)  T4(C) para(%)  (hPa)
04300.1831 25.8750 48.1875 53.9375 31.11 22.20 1012.7711
04299.7583 25.8750 48.1875 53.9375 31.11 22.20 1012.7711
04299.7456 25.8750 48.1875 53.9375 31.11 22.20 1012.7711
04299.7583 25.8750 48.1875 53.9375 31.11 22.20 1012.7711
04299.4707 25.8750 48.1875 53.9375 31.11 22.20 1012.7711
04300.9331 25.9375 48.2500 54.0000 31.11 22.20 1012.7711
04300.8833 25.9375 48.2500 54.0000 31.11 22.20 1012.7711
04300.2334 25.9375 48.2500 54.0000 31.13 22.17 1012.8667
04299.5210 25.9375 48.2500 54.0000 31.13 22.17 1012.8667
04299.7583 25.9375 48.2500 54.0000 31.13 22.17 1012.8667
04299.7334 25.9375 48.2500 54.0000 31.13 22.17 1012.8667
04299.5210 25.9375 48.2500 54.0000 31.13 22.17 1012.8667
04299.9458 25.9375 48.2500 54.0000 31.13 22.17 1012.8667
04299.7583 25.9375 48.2500 54.0000 31.13 22.17 1012.8667
04299.9956 25.9375 48.3125 54.0625 31.13 22.17 1012.8667
04298.0332 25.9375 48.3125 54.0625 31.13 22.17 1012.8667
04324.6709 25.9375 48.3125 54.0625 31.13 22.17 1012.8667
04300.1958 25.9375 48.3125 54.0625 31.15 22.18 1012.7355
04299.7334 25.9375 48.3125 54.0625 31.15 22.18 1012.7355
04299.6958 25.9375 48.3125 54.0625 31.15 22.18 1012.7355
04299.7334 25.9375 48.3125 54.0625 31.15 22.18 1012.7355
04299.7085 25.9375 48.3125 54.0625 31.15 22.18 1012.7355
04324.4209 25.9375 48.3750 54.1875 31.15 22.18 1012.7355
04298.0957 25.9375 48.3750 54.1875 31.15 22.18 1012.7355
04297.8457 25.9375 48.3750 54.1875 31.15 22.18 1012.7355
04299.6958 25.9375 48.3750 54.1875 31.15 22.18 1012.7355
04299.7085 25.9375 48.3750 54.1875 31.18 22.16 1012.7762
04299.5210 25.9375 48.3750 54.1875 31.18 22.16 1012.7762
04299.7583 25.9375 48.3750 54.1875 31.18 22.16 1012.7762
04299.7583 25.9375 48.3750 54.1875 31.18 22.16 1012.7762
04299.7583 25.9375 48.3750 54.1875 31.18 22.16 1012.7762
04299.7085 25.9375 48.4375 54.2500 31.18 22.16 1012.7762
04297.8584 25.9375 48.4375 54.2500 31.18 22.16 1012.7762
04297.8584 25.9375 48.4375 54.2500 31.18 22.16 1012.7762
04299.7583 25.9375 48.4375 54.2500 31.18 22.16 1012.7762
04299.9458 25.9375 48.4375 54.2500 31.18 22.16 1012.7762
04299.5083 25.9375 48.4375 54.2500 31.22 22.15 1012.8143
04299.6958 25.9375 48.4375 54.2500 31.22 22.15 1012.8143
04299.7085 25.9375 48.4375 54.2500 31.22 22.15 1012.8143
04297.8457 25.9375 48.5000 54.3125 31.22 22.15 1012.8143
04297.7959 25.9375 48.5000 54.3125 31.22 22.15 1012.8143
04297.8584 25.9375 48.5000 54.3125 31.22 22.15 1012.8143
04299.7456 25.9375 48.5000 54.3125 31.22 22.15 1012.8143
04323.6831 25.9375 48.5000 54.3125 31.22 22.15 1012.8143
04299.7085 25.9375 48.5000 54.3125 31.22 22.15 1012.8143
04323.5083 25.9375 48.5000 54.3125 31.25 22.13 1012.7813
04296.8457 25.9375 48.5000 54.3125 31.25 22.13 1012.7813
04299.7207 25.9375 48.5000 54.3125 31.25 22.13 1012.7813
04299.4707 25.9375 48.5625 54.3750 31.25 22.13 1012.7813
04298.0459 25.9375 48.5625 54.3750 31.25 22.13 1012.7813
04298.5210 25.9375 48.5625 54.3750 31.25 22.13 1012.7813
04323.2207 25.9375 48.5625 54.3750 31.25 22.13 1012.7813
04323.2207 25.9375 48.5625 54.3750 31.25 22.13 1012.7813
04296.8584 25.9375 48.5625 54.3750 31.25 22.13 1012.7813
04297.1460 25.9375 48.5625 54.3750 31.28 22.12 1012.7758
04296.9082 25.9375 48.5625 54.3750 31.28 22.12 1012.7758
04297.1206 25.9375 48.6250 54.4375 31.28 22.12 1012.7758
04297.8335 25.9375 48.6250 54.4375 31.28 22.12 1012.7758
04297.6206 25.9375 48.6250 54.4375 31.28 22.12 1012.7758
04296.8584 25.9375 48.6250 54.4375 31.28 22.12 1012.7758
04296.6582 25.9375 48.6250 54.4375 31.28 22.12 1012.7758
04296.4209 25.9375 48.6250 54.4375 31.28 22.12 1012.7758
04296.9082 25.9375 48.6250 54.4375 31.28 22.12 1012.7758
04296.6709 25.9375 48.6250 54.4375 31.28 22.12 1012.7758
04296.9082 25.9375 48.6250 54.4375 31.28 22.12 1012.7758
04297.8081 25.9375 48.6250 54.5000 31.30 22.10 1012.8083
04298.0459 25.9375 48.6250 54.5000 31.30 22.10 1012.8083
04297.5957 25.9375 48.6250 54.5000 31.30 22.10 1012.8083
04296.8960 25.9375 48.6250 54.5000 31.30 22.10 1012.8083
04296.6709 25.9375 48.6250 54.5000 31.30 22.10 1012.8083
04297.0957 25.9375 48.6250 54.5000 31.30 22.10 1012.8083
04296.9082 25.9375 48.6250 54.5000 31.30 22.10 1012.8083
04296.9082 25.9375 48.6250 54.5000 31.30 22.10 1012.8083
#terjedesi                                       nyomas  ##
#ido(usec)  T1(C)   T2(C)   T3(C)  T4(C) para(%)  (hPa)
04296.6333 25.9375 48.6250 54.5625 31.30 22.10 1012.8083
04298.0957 26.0000 48.6875 54.5625 31.33 22.09 1012.8027
04297.8335 26.0000 48.6875 54.5625 31.33 22.09 1012.8027
04297.6084 26.0000 48.6875 54.5625 31.33 22.09 1012.8027
04296.4331 26.0000 48.6875 54.5625 31.33 22.09 1012.8027
04296.8960 26.0000 48.6875 54.5625 31.33 22.09 1012.8027
04296.4331 26.0000 48.6875 54.5625 31.33 22.09 1012.8027
04296.6206 26.0000 48.6875 54.5625 31.33 22.09 1012.8027
04297.1333 26.0000 48.6875 54.5625 31.33 22.09 1012.8027
04297.0957 26.0000 48.6875 54.5625 31.33 22.09 1012.8027
04297.5957 26.0000 48.7500 54.6875 31.35 22.05 1012.8271
04297.8208 26.0000 48.7500 54.6875 31.35 22.05 1012.8271
04297.0957 26.0000 48.7500 54.6875 31.35 22.05 1012.8271
04296.8960 26.0000 48.7500 54.6875 31.35 22.05 1012.8271
04296.6709 26.0000 48.7500 54.6875 31.35 22.05 1012.8271
04296.6709 26.0000 48.7500 54.6875 31.35 22.05 1012.8271
04296.9082 26.0000 48.7500 54.6875 31.35 22.05 1012.8271
04296.6206 26.0000 48.7500 54.6875 31.35 22.05 1012.8271
04321.5459 26.0000 48.8125 54.7500 31.35 22.05 1012.8271
04295.4707 26.0000 48.8125 54.7500 31.35 22.05 1012.8271
04297.7959 26.0000 48.8125 54.7500 31.38 22.03 1012.8024
04296.3706 26.0000 48.8125 54.7500 31.38 22.03 1012.8024
04296.6709 26.0000 48.8125 54.7500 31.38 22.03 1012.8024
04296.6460 26.0000 48.8125 54.7500 31.38 22.03 1012.8024
04296.8584 26.0000 48.8125 54.7500 31.38 22.03 1012.8024
04296.9082 26.0000 48.8125 54.7500 31.38 22.03 1012.8024
04296.8584 26.0000 48.8125 54.8750 31.38 22.03 1012.8024
04294.5210 26.0000 48.8750 54.8750 31.38 22.03 1012.8024
04294.9707 26.0000 48.8750 54.8750 31.38 22.03 1012.8024
04296.6460 26.0000 48.8750 54.8750 31.39 22.01 1012.8189
04296.9082 26.0000 48.8750 54.8750 31.39 22.01 1012.8189
04296.8833 26.0000 48.8750 54.8750 31.39 22.01 1012.8189
04296.8706 26.0000 48.8750 54.8750 31.39 22.01 1012.8189
04296.6333 26.0000 48.8750 54.8750 31.39 22.01 1012.8189
04296.8584 26.0000 48.8750 54.8750 31.39 22.01 1012.8189
04294.9458 26.0000 48.9375 54.9375 31.39 22.01 1012.8189
04294.9956 26.0000 48.9375 54.9375 31.39 22.01 1012.8189
04295.1831 26.0000 48.9375 54.9375 31.39 22.01 1012.8189
04320.8457 26.0000 48.9375 54.9375 31.39 22.01 1012.8189
04296.9082 26.0000 48.9375 54.9375 31.42 21.99 1012.8130
04296.4331 26.0000 48.9375 54.9375 31.42 21.99 1012.8130
04296.6582 26.0000 48.9375 54.9375 31.42 21.99 1012.8130
04320.6084 26.0000 48.9375 54.9375 31.42 21.99 1012.8130
04294.2334 26.0000 49.0000 55.0000 31.42 21.99 1012.8130
04294.7456 26.0000 49.0000 55.0000 31.42 21.99 1012.8130
04294.9458 26.0000 49.0000 55.0000 31.42 21.99 1012.8130
04320.4209 26.0000 49.0000 55.0000 31.42 21.99 1012.8130
04296.6709 26.0000 49.0000 55.0000 31.42 21.99 1012.8130
04320.3960 26.0000 49.0000 55.0000 31.45 21.98 1012.8813
04296.4331 26.0000 49.0000 55.0000 31.45 21.98 1012.8813
04293.8208 26.0000 49.0000 55.0000 31.45 21.98 1012.8813
04320.1333 26.0000 49.0000 55.0000 31.45 21.98 1012.8813
04293.8081 26.0000 49.0000 55.1250 31.45 21.98 1012.8813
04295.0083 26.0000 49.0000 55.1250 31.45 21.98 1012.8813
04294.9834 26.0000 49.0000 55.1250 31.45 21.98 1012.8813
04293.8208 26.0000 49.0000 55.1250 31.45 21.98 1012.8813
04294.2456 26.0000 49.0000 55.1250 31.45 21.98 1012.8813
04294.0459 26.0000 49.0000 55.1250 31.45 21.98 1012.8813
04293.5332 26.0000 49.0000 55.1250 31.46 21.98 1012.7963
04293.7959 26.0000 49.0000 55.1250 31.46 21.98 1012.7963
04294.9585 26.0000 49.0625 55.1875 31.46 21.98 1012.7963
04294.7207 26.0000 49.0625 55.1875 31.46 21.98 1012.7963
04295.2207 26.0000 49.0625 55.1875 31.46 21.98 1012.7963
04293.9956 26.0000 49.0625 55.1875 31.46 21.98 1012.7963
04293.8208 26.0000 49.0625 55.1875 31.46 21.98 1012.7963
04293.7710 26.0000 49.0625 55.1875 31.46 21.98 1012.7963
04294.2334 26.0000 49.0625 55.1875 31.46 21.98 1012.7963
04294.0083 26.0000 49.0625 55.1875 31.48 21.94 1012.8292
04293.9956 26.0000 49.0625 55.1875 31.48 21.94 1012.8292
04294.0332 26.0000 49.1250 55.2500 31.48 21.94 1012.8292
04294.9834 26.0000 49.1250 55.2500 31.48 21.94 1012.8292
04294.7207 26.0000 49.1250 55.2500 31.48 21.94 1012.8292
04294.0083 26.0000 49.1250 55.2500 31.48 21.94 1012.8292
#terjedesi                                       nyomas  ##
#ido(usec)  T1(C)   T2(C)   T3(C)  T4(C) para(%)  (hPa)
04293.7710 26.0000 49.1250 55.2500 31.48 21.94 1012.8292
04293.7710 26.0000 49.1250 55.2500 31.48 21.94 1012.8292
04294.0083 26.0000 49.1250 55.2500 31.48 21.94 1012.8292
04293.7583 26.0000 49.1250 55.2500 31.52 21.94 1012.8398
04294.7583 26.0000 49.1875 55.3750 31.52 21.94 1012.8398
04295.1958 26.0000 49.1875 55.3750 31.52 21.94 1012.8398
04295.2456 26.0000 49.1875 55.3750 31.52 21.94 1012.8398
04293.5835 26.0000 49.1875 55.3750 31.52 21.94 1012.8398
04293.7583 26.0000 49.1875 55.3750 31.52 21.94 1012.8398
04293.8081 26.0000 49.1875 55.3750 31.52 21.94 1012.8398
04293.5835 26.0000 49.1875 55.3750 31.52 21.94 1012.8398
04293.5835 26.0000 49.1875 55.3750 31.52 21.94 1012.8398
04294.0459 26.0000 49.1875 55.3750 31.52 21.94 1012.8398
04293.8208 26.0625 49.2500 55.3750 31.52 21.94 1012.8398
04294.9458 26.0625 49.2500 55.3750 31.54 21.93 1012.7906
04294.9585 26.0625 49.2500 55.3750 31.54 21.93 1012.7906
04293.7583 26.0625 49.2500 55.3750 31.54 21.93 1012.7906
04294.0083 26.0625 49.2500 55.3750 31.54 21.93 1012.7906
04293.5581 26.0625 49.2500 55.3750 31.54 21.93 1012.7906
04293.8208 26.0625 49.2500 55.3750 31.54 21.93 1012.7906
04293.7583 26.0625 49.2500 55.3750 31.54 21.93 1012.7906
04318.7583 26.0625 49.2500 55.5000 31.54 21.93 1012.7906
04292.0957 26.0625 49.2500 55.5000 31.54 21.93 1012.7906
04291.8706 26.0625 49.2500 55.5000 31.55 21.92 1012.7795
04294.0083 26.0625 49.2500 55.5000 31.55 21.92 1012.7795
04294.0210 26.0625 49.2500 55.5000 31.55 21.92 1012.7795
04293.5835 26.0625 49.2500 55.5000 31.55 21.92 1012.7795
04293.8208 26.0625 49.2500 55.5000 31.55 21.92 1012.7795
04293.7710 26.0625 49.2500 55.5000 31.55 21.92 1012.7795
04293.5835 26.0625 49.2500 55.5000 31.55 21.92 1012.7795
04293.7583 26.0625 49.3125 55.5625 31.55 21.92 1012.7795
04292.1582 26.0625 49.3125 55.5625 31.55 21.92 1012.7795
04292.1084 26.0625 49.3125 55.5625 31.55 21.92 1012.7795
04293.5708 26.0625 49.3125 55.5625 31.59 21.90 1012.8013
04293.7959 26.0625 49.3125 55.5625 31.59 21.90 1012.8013
04293.7710 26.0625 49.3125 55.5625 31.59 21.90 1012.8013
04294.0083 26.0625 49.3125 55.5625 31.59 21.90 1012.8013
04318.0210 26.0625 49.3125 55.5625 31.59 21.90 1012.8013
04317.7959 26.0625 49.3750 55.6250 31.59 21.90 1012.8013
04291.6831 26.0625 49.3750 55.6250 31.59 21.90 1012.8013
04291.8584 26.0625 49.3750 55.6250 31.59 21.90 1012.8013
04293.5835 26.0625 49.3750 55.6250 31.59 21.90 1012.8013
04293.8208 26.0625 49.3750 55.6250 31.60 21.88 1012.7983
04293.7959 26.0625 49.3750 55.6250 31.60 21.88 1012.7983
04293.3457 26.0625 49.3750 55.6250 31.60 21.88 1012.7983
04293.8081 26.0625 49.3750 55.6250 31.60 21.88 1012.7983
04293.7710 26.0625 49.3750 55.6250 31.60 21.88 1012.7983
04291.9209 26.0625 49.4375 55.6250 31.60 21.88 1012.7983
04292.1206 26.0625 49.4375 55.6250 31.60 21.88 1012.7983
04291.6333 26.0625 49.4375 55.6250 31.60 21.88 1012.7983
04293.5210 26.0625 49.4375 55.6250 31.60 21.88 1012.7983
04317.5459 26.0625 49.4375 55.6250 31.62 21.85 1012.8311
04293.5835 26.0625 49.4375 55.6250 31.62 21.85 1012.8311
04290.6831 26.0625 49.4375 55.6250 31.62 21.85 1012.8311
04293.2832 26.0625 49.4375 55.6250 31.62 21.85 1012.8311
04290.7334 26.0625 49.4375 55.6875 31.62 21.85 1012.8311
04291.8833 26.0625 49.5000 55.6875 31.62 21.85 1012.8311
04291.9209 26.0625 49.5000 55.6875 31.62 21.85 1012.8311
04292.0957 26.0625 49.5000 55.6875 31.62 21.85 1012.8311
04290.9082 26.0625 49.5000 55.6875 31.62 21.85 1012.8311
04290.7334 26.0625 49.5000 55.6875 31.62 21.85 1012.8311
04290.6709 26.0625 49.5000 55.6875 31.66 21.82 1012.7786
04291.2085 26.0625 49.5000 55.6875 31.66 21.82 1012.7786
04290.9209 26.0625 49.5000 55.6875 31.66 21.82 1012.7786
04290.4458 26.0625 49.5000 55.6875 31.66 21.82 1012.7786
04291.8584 26.0625 49.5625 55.7500 31.66 21.82 1012.7786
04292.1582 26.0625 49.5625 55.7500 31.66 21.82 1012.7786
04291.4458 26.0625 49.5625 55.7500 31.66 21.82 1012.7786
04291.6582 26.0625 49.5625 55.7500 31.66 21.82 1012.7786
04291.3960 26.0625 49.5625 55.7500 31.66 21.82 1012.7786
04291.1582 26.0625 49.5625 55.7500 31.67 21.80 1012.7952
04290.9707 26.0625 49.5625 55.7500 31.67 21.80 1012.7952
04290.9707 26.0625 49.5625 55.7500 31.67 21.80 1012.7952
#terjedesi                                       nyomas  ##
#ido(usec)  T1(C)   T2(C)   T3(C)  T4(C) para(%)  (hPa)
04291.6831 26.1250 49.5625 55.7500 31.67 21.80 1012.7952
04286.4082 26.1250 49.5625 55.7500 31.67 21.80 1012.7952
04292.1084 26.1250 49.5625 55.7500 31.67 21.80 1012.7952
04290.9585 26.1250 49.5625 55.7500 31.67 21.80 1012.7952
04290.9331 26.1250 49.5625 55.7500 31.67 21.80 1012.7952
04290.7334 26.1250 49.5625 55.7500 31.67 21.80 1012.7952
04290.7334 26.1250 49.5625 55.7500 31.67 21.80 1012.7952
04290.9331 26.1250 49.5625 55.7500 31.69 21.78 1012.7729
04290.7334 26.1250 49.5625 55.8125 31.69 21.78 1012.7729
04291.9209 26.0625 49.6250 55.8125 31.69 21.78 1012.7729
04291.8833 26.0625 49.6250 55.8125 31.69 21.78 1012.7729
04290.9707 26.0625 49.6250 55.8125 31.69 21.78 1012.7729
04291.1460 26.0625 49.6250 55.8125 31.69 21.78 1012.7729
04290.7085 26.0625 49.6250 55.8125 31.69 21.78 1012.7729
04291.2085 26.0625 49.6250 55.8125 31.69 21.78 1012.7729
04290.7334 26.0625 49.6250 55.8125 31.69 21.78 1012.7729
04290.9707 26.0625 49.6250 55.8125 31.72 21.74 1012.7947
04289.3081 26.0625 49.7500 55.8125 31.72 21.74 1012.7947
04291.9209 26.0625 49.7500 55.8125 31.72 21.74 1012.7947
04291.8584 26.0625 49.7500 55.8125 31.72 21.74 1012.7947
04290.9707 26.0625 49.7500 55.8125 31.72 21.74 1012.7947
04290.6958 26.0625 49.7500 55.8125 31.72 21.74 1012.7947
04290.9082 26.0625 49.7500 55.8125 31.72 21.74 1012.7947
04291.1958 26.0625 49.7500 55.8125 31.72 21.74 1012.7947
04290.9707 26.0625 49.7500 55.8125 31.72 21.74 1012.7947
04291.6333 26.1250 49.7500 55.8750 31.72 21.74 1012.7947
04315.6206 26.1250 49.7500 55.8750 31.74 21.72 1012.8002
04289.0581 26.1250 49.7500 55.8750 31.74 21.72 1012.8002
04290.9707 26.1250 49.7500 55.8750 31.74 21.72 1012.8002
04290.9209 26.1250 49.7500 55.8750 31.74 21.72 1012.8002
04290.6958 26.1250 49.7500 55.8750 31.74 21.72 1012.8002
04290.9585 26.1250 49.7500 55.8750 31.74 21.72 1012.8002
04290.9209 26.1250 49.7500 55.8750 31.74 21.72 1012.8002
04291.1958 26.1250 49.7500 55.8750 31.74 21.72 1012.8002
04290.9082 26.1250 49.8125 55.8750 31.74 21.72 1012.8002
04288.5835 26.1250 49.8125 55.8750 31.74 21.72 1012.8002
04289.0708 26.1250 49.8125 55.8750 31.75 21.70 1012.8164
04290.7334 26.1250 49.8125 55.8750 31.75 21.70 1012.8164
04290.9707 26.1250 49.8125 55.8750 31.75 21.70 1012.8164
04290.9585 26.1250 49.8125 55.8750 31.75 21.70 1012.8164
04291.2085 26.1250 49.8125 55.8750 31.75 21.70 1012.8164
04290.6831 26.1250 49.8125 55.8750 31.75 21.70 1012.8164
04289.2583 26.1250 49.8125 55.9375 31.75 21.70 1012.8164
04289.2583 26.1250 49.8125 55.9375 31.75 21.70 1012.8164
04289.0210 26.1250 49.8125 55.9375 31.75 21.70 1012.8164
04290.6709 26.1250 49.8125 55.9375 31.79 21.67 1012.8270
04288.0957 26.1250 49.8125 55.9375 31.79 21.67 1012.8270
04287.8833 26.1250 49.8125 55.9375 31.79 21.67 1012.8270
04290.9707 26.1250 49.8125 55.9375 31.79 21.67 1012.8270
04290.7334 26.1250 49.8125 55.9375 31.79 21.67 1012.8270
04290.7334 26.1250 49.8125 55.9375 31.79 21.67 1012.8270
04288.0708 26.1250 49.8750 56.0000 31.79 21.67 1012.8270
04289.0083 26.1250 49.8750 56.0000 31.79 21.67 1012.8270
04288.7710 26.1250 49.8750 56.0000 31.79 21.67 1012.8270
04288.1206 26.1250 49.8750 56.0000 31.79 21.67 1012.8270
04288.5332 26.1250 49.8750 56.0000 31.81 21.65 1012.7966
04288.1084 26.1250 49.8750 56.0000 31.81 21.65 1012.7966
04288.0708 26.1250 49.8750 56.0000 31.81 21.65 1012.7966
04287.6084 26.1250 49.8750 56.0000 31.81 21.65 1012.7966
04289.0210 26.1250 49.9375 56.0625 31.81 21.65 1012.7966
04289.3081 26.1250 49.9375 56.0625 31.81 21.65 1012.7966
04288.7710 26.1250 49.9375 56.0625 31.81 21.65 1012.7966
04287.8833 26.1250 49.9375 56.0625 31.81 21.65 1012.7966
04287.8335 26.1250 49.9375 56.0625 31.81 21.65 1012.7966
04287.8833 26.1250 49.9375 56.0625 31.83 21.62 1012.8295
04288.1206 26.1250 49.9375 56.0625 31.83 21.62 1012.8295
04287.8706 26.1250 49.9375 56.0625 31.83 21.62 1012.8295
04288.1084 26.1250 49.9375 56.0625 31.83 21.62 1012.8295
04288.3584 26.1250 50.0000 56.0625 31.83 21.62 1012.8295
04289.3081 26.1250 50.0000 56.0625 31.83 21.62 1012.8295
04289.5459 26.1250 50.0000 56.0625 31.83 21.62 1012.8295
04288.0708 26.1250 50.0000 56.0625 31.83 21.62 1012.8295
04287.6460 26.1250 50.0000 56.0625 31.83 21.62 1012.8295
#terjedesi                                       nyomas  ##
#ido(usec)  T1(C)   T2(C)   T3(C)  T4(C) para(%)  (hPa)
04287.6084 26.1250 50.0000 56.0625 31.87 21.61 1012.8482
04287.6460 26.1250 50.0000 56.0625 31.87 21.61 1012.8482
04287.8833 26.1250 50.0000 56.0625 31.87 21.61 1012.8482
04288.8081 26.1875 50.0625 56.1250 31.87 21.61 1012.8482
04289.3081 26.1875 50.0625 56.1250 31.87 21.61 1012.8482
04288.7832 26.1875 50.0625 56.1250 31.87 21.61 1012.8482
04288.0708 26.1875 50.0625 56.1250 31.87 21.61 1012.8482
04287.8457 26.1875 50.0625 56.1250 31.87 21.61 1012.8482
04287.8457 26.1875 50.0625 56.1250 31.87 21.61 1012.8482
04287.4082 26.1875 50.0625 56.1250 31.87 21.61 1012.8482
04287.8833 26.1875 50.0625 56.1250 31.87 21.58 1012.7935
04288.1206 26.1875 50.0625 56.1250 31.87 21.58 1012.7935
04288.0708 26.1875 50.1250 56.1875 31.87 21.58 1012.7935
04289.0083 26.1875 50.1250 56.1875 31.87 21.58 1012.7935
04289.0210 26.1875 50.1250 56.1875 31.87 21.58 1012.7935
04287.5957 26.1875 50.1250 56.1875 31.87 21.58 1012.7935
04288.0957 26.1875 50.1250 56.1875 31.87 21.58 1012.7935
04288.0708 26.1875 50.1250 56.1875 31.87 21.58 1012.7935
04287.6460 26.1875 50.1250 56.1875 31.87 21.58 1012.7935
04287.8335 26.1875 50.1250 56.1875 31.91 21.56 1012.8041
04287.8833 26.1875 50.1875 56.2500 31.91 21.56 1012.8041
04288.8335 26.1875 50.1875 56.2500 31.91 21.56 1012.8041
04312.5835 26.1875 50.1875 56.2500 31.91 21.56 1012.8041
04287.8833 26.1875 50.1875 56.2500 31.91 21.56 1012.8041
04287.6460 26.1875 50.1875 56.2500 31.91 21.56 1012.8041
04288.0581 26.1875 50.1875 56.2500 31.91 21.56 1012.8041
04287.8706 26.1875 50.1875 56.2500 31.91 21.56 1012.8041
04287.8833 26.1875 50.1875 56.2500 31.91 21.56 1012.8041
04287.8833 26.1875 50.1875 56.2500 31.91 21.56 1012.8041
04285.9209 26.1875 50.1875 56.2500 31.93 21.54 1012.8367
04286.4331 26.1875 50.1875 56.2500 31.93 21.54 1012.8367
04286.1582 26.1875 50.1875 56.2500 31.93 21.54 1012.8367
04288.1084 26.1875 50.1875 56.2500 31.93 21.54 1012.8367
04288.0708 26.1875 50.1875 56.2500 31.93 21.54 1012.8367
04288.0708 26.1875 50.1875 56.2500 31.93 21.54 1012.8367
04288.0581 26.1875 50.1875 56.2500 31.93 21.54 1012.8367
04288.1206 26.1875 50.1875 56.2500 31.93 21.54 1012.8367
04287.8208 26.1875 50.1875 56.3750 31.93 21.54 1012.8367
04286.1709 26.1875 50.2500 56.3750 31.96 21.51 1012.8309
04286.2207 26.1875 50.2500 56.3750 31.96 21.51 1012.8309
04286.1709 26.1875 50.2500 56.3750 31.96 21.51 1012.8309
04287.8335 26.1875 50.2500 56.3750 31.96 21.51 1012.8309
04287.6460 26.1875 50.2500 56.3750 31.96 21.51 1012.8309
04288.1206 26.1875 50.2500 56.3750 31.96 21.51 1012.8309
04285.2207 26.1875 50.2500 56.3750 31.96 21.51 1012.8309
04311.8584 26.1875 50.2500 56.3750 31.96 21.51 1012.8309
04285.0332 26.1875 50.2500 56.3750 31.96 21.51 1012.8309
04286.2207 26.1875 50.3125 56.4375 31.96 21.51 1012.8309
04286.6582 26.1875 50.3125 56.4375 31.98 21.48 1012.8090
04285.2207 26.1875 50.3125 56.4375 31.98 21.48 1012.8090
04311.3960 26.1875 50.3125 56.4375 31.98 21.48 1012.8090
04285.2207 26.1875 50.3125 56.4375 31.98 21.48 1012.8090
04285.2710 26.1875 50.3125 56.4375 31.98 21.48 1012.8090
04285.2710 26.1875 50.3125 56.4375 31.98 21.48 1012.8090
04284.9956 26.1875 50.3125 56.4375 31.98 21.48 1012.8090
04286.2207 26.1875 50.3750 56.4375 31.98 21.48 1012.8090
04286.1958 26.1875 50.3750 56.4375 31.98 21.48 1012.8090
04285.9834 26.1875 50.3750 56.4375 31.98 21.48 1012.8090
04284.9834 26.1875 50.3750 56.4375 32.01 21.47 1012.7759
04284.9834 26.1875 50.3750 56.4375 32.01 21.47 1012.7759
04285.0332 26.1875 50.3750 56.4375 32.01 21.47 1012.7759
04285.2456 26.1875 50.3750 56.4375 32.01 21.47 1012.7759
04285.2710 26.1875 50.3750 56.4375 32.01 21.47 1012.7759
04284.9834 26.1875 50.3750 56.5000 32.01 21.47 1012.7759
04286.4585 26.1875 50.4375 56.5000 32.01 21.47 1012.7759
04286.1709 26.1875 50.4375 56.5000 32.01 21.47 1012.7759
04284.7959 26.1875 50.4375 56.5000 32.01 21.47 1012.7759
04284.9707 26.1875 50.4375 56.5000 32.04 21.44 1012.8521
04285.4834 26.1875 50.4375 56.5000 32.04 21.44 1012.8521
04285.0332 26.1875 50.4375 56.5000 32.04 21.44 1012.8521
04285.0332 26.1875 50.4375 56.5000 32.04 21.44 1012.8521
04285.2710 26.1875 50.4375 56.5000 32.04 21.44 1012.8521
04286.1582 26.1875 50.5000 56.5625 32.04 21.44 1012.8521
#terjedesi                                       nyomas  ##
#ido(usec)  T1(C)   T2(C)   T3(C)  T4(C) para(%)  (hPa)
04286.4585 26.1875 50.5000 56.5625 32.04 21.44 1012.8521
04286.6460 26.1875 50.5000 56.5625 32.04 21.44 1012.8521
04285.0332 26.1875 50.5000 56.5625 32.04 21.44 1012.8521
04284.9956 26.1875 50.5000 56.5625 32.04 21.44 1012.8521
04285.4585 26.1875 50.5000 56.5625 32.08 21.40 1012.8464
04284.9834 26.1875 50.5000 56.5625 32.08 21.40 1012.8464
04285.0332 26.1875 50.5000 56.5625 32.08 21.40 1012.8464
04285.4585 26.2500 50.5625 56.6250 32.08 21.40 1012.8464
04286.1709 26.2500 50.5625 56.6250 32.08 21.40 1012.8464
04286.2207 26.2500 50.5625 56.6250 32.08 21.40 1012.8464
04284.7959 26.2500 50.5625 56.6250 32.08 21.40 1012.8464
04285.2085 26.2500 50.5625 56.6250 32.08 21.40 1012.8464
04284.9956 26.2500 50.5625 56.6250 32.08 21.40 1012.8464
04284.9707 26.2500 50.5625 56.6250 32.10 21.38 1012.8245
04284.7959 26.2500 50.5625 56.6250 32.10 21.38 1012.8245
04284.7959 26.2500 50.5625 56.6250 32.10 21.38 1012.8245
04285.0210 26.2500 50.6250 56.6875 32.10 21.38 1012.8245
04283.5459 26.2500 50.6250 56.6875 32.10 21.38 1012.8245
04286.2207 26.2500 50.6250 56.6875 32.10 21.38 1012.8245
04285.0083 26.2500 50.6250 56.6875 32.10 21.38 1012.8245
04285.0332 26.2500 50.6250 56.6875 32.10 21.38 1012.8245
04285.4956 26.2500 50.6250 56.6875 32.10 21.38 1012.8245
04285.5083 26.2500 50.6250 56.6875 32.10 21.38 1012.8245
04285.5083 26.2500 50.6250 56.6875 32.12 21.35 1012.8022
04283.6084 26.2500 50.6250 56.8125 32.12 21.35 1012.8022
04283.5581 26.2500 50.6250 56.8125 32.12 21.35 1012.8022
04283.7959 26.2500 50.6250 56.8125 32.12 21.35 1012.8022
04285.4707 26.2500 50.6250 56.8125 32.12 21.35 1012.8022
04285.6831 26.2500 50.6250 56.8125 32.12 21.35 1012.8022
04285.2207 26.2500 50.6250 56.8125 32.12 21.35 1012.8022
04285.5083 26.2500 50.6250 56.8125 32.12 21.35 1012.8022
04285.2207 26.2500 50.6250 56.8125 32.12 21.35 1012.8022
04284.7583 26.2500 50.6250 56.8125 32.14 21.33 1012.7885
04285.2583 26.2500 50.7500 56.8125 32.14 21.33 1012.7885
04283.3208 26.2500 50.7500 56.8125 32.14 21.33 1012.7885
04282.8457 26.2500 50.7500 56.8125 32.14 21.33 1012.7885
04284.5210 26.2500 50.7500 56.8125 32.14 21.33 1012.7885
04284.7832 26.2500 50.7500 56.8125 32.14 21.33 1012.7885
04284.7959 26.2500 50.7500 56.8125 32.14 21.33 1012.7885
04285.2207 26.2500 50.7500 56.8125 32.14 21.33 1012.7885
04285.2710 26.2500 50.7500 56.8125 32.14 21.33 1012.7885
04283.1084 26.2500 50.7500 56.9375 32.19 21.29 1012.8892
04283.5581 26.2500 50.7500 56.9375 32.19 21.29 1012.8892
04283.3457 26.2500 50.7500 56.9375 32.19 21.29 1012.8892
04285.0332 26.2500 50.7500 56.9375 32.19 21.29 1012.8892
04284.7959 26.2500 50.7500 56.9375 32.19 21.29 1012.8892
04308.7832 26.2500 50.7500 56.9375 32.19 21.29 1012.8892
04284.7583 26.2500 50.7500 56.9375 32.19 21.29 1012.8892
04282.4209 26.2500 50.7500 56.9375 32.19 21.29 1012.8892
04282.3706 26.2500 50.7500 56.9375 32.19 21.29 1012.8892
04282.1582 26.2500 50.8125 57.0000 32.19 21.29 1012.8892
04283.1333 26.2500 50.8125 57.0000 32.19 21.29 1012.8892
04283.3584 26.2500 50.8125 57.0000 32.21 21.28 1012.8125
04282.1709 26.2500 50.8125 57.0000 32.21 21.28 1012.8125
04282.1831 26.2500 50.8125 57.0000 32.21 21.28 1012.8125
04282.1333 26.2500 50.8125 57.0000 32.21 21.28 1012.8125
04281.8833 26.2500 50.8125 57.0000 32.21 21.28 1012.8125
04281.9331 26.2500 50.8125 57.0000 32.21 21.28 1012.8125
04283.3208 26.2500 50.8750 57.0625 32.21 21.28 1012.8125
04283.0957 26.2500 50.8750 57.0625 32.21 21.28 1012.8125
04283.3584 26.2500 50.8750 57.0625 32.21 21.28 1012.8125
04282.1333 26.2500 50.8750 57.0625 32.23 21.25 1012.7629
04281.8960 26.2500 50.8750 57.0625 32.23 21.25 1012.7629
04281.8960 26.2500 50.8750 57.0625 32.23 21.25 1012.7629
04282.1831 26.2500 50.8750 57.0625 32.23 21.25 1012.7629
04281.9458 26.2500 50.8750 57.0625 32.23 21.25 1012.7629
04281.9082 26.2500 50.8750 57.0625 32.23 21.25 1012.7629
04282.1333 26.2500 50.9375 57.1250 32.23 21.25 1012.7629
04283.3208 26.2500 50.9375 57.1250 32.23 21.25 1012.7629
04283.1206 26.2500 50.9375 57.1250 32.23 21.25 1012.7629
04281.8960 26.2500 50.9375 57.1250 32.26 21.23 1012.8393
04281.9458 26.2500 50.9375 57.1250 32.26 21.23 1012.8393
04281.6582 26.2500 50.9375 57.1250 32.26 21.23 1012.8393
#terjedesi                                       nyomas  ##
#ido(usec)  T1(C)   T2(C)   T3(C)  T4(C) para(%)  (hPa)
04281.7085 26.2500 50.9375 57.1250 32.26 21.23 1012.8393
04281.9458 26.2500 50.9375 57.1250 32.26 21.23 1012.8393
04282.6582 26.3125 51.0000 57.1875 32.26 21.23 1012.8393
04283.3208 26.3125 51.0000 57.1875 32.26 21.23 1012.8393
04283.1206 26.3125 51.0000 57.1875 32.26 21.23 1012.8393
04281.8960 26.3125 51.0000 57.1875 32.26 21.23 1012.8393
04282.1582 26.3125 51.0000 57.1875 32.26 21.23 1012.8393
04282.3584 26.3125 51.0000 57.1875 32.29 21.22 1012.8063
04282.1709 26.3125 51.0000 57.1875 32.29 21.22 1012.8063
04282.3960 26.3125 51.0000 57.1875 32.29 21.22 1012.8063
04282.1831 26.3125 51.0000 57.1875 32.29 21.22 1012.8063
04283.3457 26.3125 51.0625 57.2500 32.29 21.22 1012.8063
04283.3208 26.3125 51.0625 57.2500 32.29 21.22 1012.8063
04283.3208 26.3125 51.0625 57.2500 32.29 21.22 1012.8063
04281.7085 26.3125 51.0625 57.2500 32.29 21.22 1012.8063
04282.1206 26.3125 51.0625 57.2500 32.29 21.22 1012.8063
04282.4209 26.3125 51.0625 57.2500 32.31 21.18 1012.8387
04282.1206 26.3125 51.0625 57.2500 32.31 21.18 1012.8387
04282.3706 26.3125 51.0625 57.2500 32.31 21.18 1012.8387
04282.1206 26.3125 51.0625 57.3750 32.31 21.18 1012.8387
04307.0835 26.3125 51.1250 57.3750 32.31 21.18 1012.8387
04307.0708 26.3125 51.1250 57.3750 32.31 21.18 1012.8387
04280.4956 26.3125 51.1250 57.3750 32.31 21.18 1012.8387
04282.1206 26.3125 51.1250 57.3750 32.31 21.18 1012.8387
04282.1206 26.3125 51.1250 57.3750 32.31 21.18 1012.8387
04281.4082 26.3125 51.1250 57.3750 32.31 21.18 1012.8387
04282.4209 26.3125 51.1250 57.3750 32.32 21.17 1012.8823
04282.1831 26.3125 51.1250 57.3750 32.32 21.17 1012.8823
04282.1333 26.3125 51.1250 57.3750 32.32 21.17 1012.8823
04280.4707 26.3125 51.1250 57.4375 32.32 21.17 1012.8823
04280.2334 26.3125 51.1250 57.4375 32.32 21.17 1012.8823
04281.8960 26.3125 51.1250 57.4375 32.32 21.17 1012.8823
04282.6084 26.3125 51.1250 57.4375 32.32 21.17 1012.8823
04281.9458 26.3125 51.1250 57.4375 32.32 21.17 1012.8823
04281.8960 26.3125 51.1250 57.4375 32.32 21.17 1012.8823
04281.9458 26.3125 51.1250 57.4375 32.35 21.16 1012.7863
04282.1333 26.3125 51.1250 57.4375 32.35 21.16 1012.7863
04280.2832 26.3125 51.1875 57.5000 32.35 21.16 1012.7863
04280.5210 26.3125 51.1875 57.5000 32.35 21.16 1012.7863
04280.0332 26.3125 51.1875 57.5000 32.35 21.16 1012.7863
04282.1831 26.3125 51.1875 57.5000 32.35 21.16 1012.7863
04282.4209 26.3125 51.1875 57.5000 32.35 21.16 1012.7863
04282.1206 26.3125 51.1875 57.5000 32.35 21.16 1012.7863
04282.1709 26.3125 51.1875 57.5000 32.35 21.16 1012.7863
04282.4082 26.3125 51.1875 57.5000 32.35 21.16 1012.7863
04282.3584 26.3125 51.1875 57.5625 32.37 21.13 1012.8273
04280.4707 26.3125 51.2500 57.5625 32.37 21.13 1012.8273
04279.9834 26.3125 51.2500 57.5625 32.37 21.13 1012.8273
04282.1206 26.3125 51.2500 57.5625 32.37 21.13 1012.8273
04282.1582 26.3125 51.2500 57.5625 32.37 21.13 1012.8273
04281.9458 26.3125 51.2500 57.5625 32.37 21.13 1012.8273
04305.9331 26.3125 51.2500 57.5625 32.37 21.13 1012.8273
04279.2710 26.3125 51.2500 57.5625 32.37 21.13 1012.8273
04305.9331 26.3125 51.2500 57.5625 32.37 21.13 1012.8273
04280.4707 26.3125 51.3125 57.6250 32.40 21.11 1012.8212
04280.2832 26.3125 51.3125 57.6250 32.40 21.11 1012.8212
04280.5210 26.3125 51.3125 57.6250 32.40 21.11 1012.8212
04305.6460 26.3125 51.3125 57.6250 32.40 21.11 1012.8212
04305.6958 26.3125 51.3125 57.6250 32.40 21.11 1012.8212
04279.0708 26.3125 51.3125 57.6250 32.40 21.11 1012.8212
04279.5708 26.3125 51.3125 57.6250 32.40 21.11 1012.8212
04279.0957 26.3125 51.3125 57.6250 32.40 21.11 1012.8212
04279.0835 26.3750 51.3125 57.7500 32.40 21.11 1012.8212
04280.0459 26.3750 51.3125 57.7500 32.42 21.10 1012.8814
04280.4834 26.3750 51.3125 57.7500 32.42 21.10 1012.8814
04278.8081 26.3750 51.3125 57.7500 32.42 21.10 1012.8814
04279.0957 26.3750 51.3125 57.7500 32.42 21.10 1012.8814
04279.0708 26.3750 51.3125 57.7500 32.42 21.10 1012.8814
04279.5459 26.3750 51.3125 57.7500 32.42 21.10 1012.8814
04279.5459 26.3750 51.3125 57.7500 32.42 21.10 1012.8814
04279.2832 26.3750 51.3125 57.7500 32.42 21.10 1012.8814
04279.0957 26.3125 51.4375 57.8125 32.42 21.10 1012.8814
04280.2334 26.3125 51.4375 57.8125 32.42 21.10 1012.8814
#terjedesi                                       nyomas  ##
#ido(usec)  T1(C)   T2(C)   T3(C)  T4(C) para(%)  (hPa)
04280.0459 26.3125 51.4375 57.8125 32.42 21.10 1012.8814
04272.1582 26.3125 51.4375 57.8125 32.45 21.09 1012.8401
04279.2832 26.3125 51.4375 57.8125 32.45 21.09 1012.8401
04279.0459 26.3125 51.4375 57.8125 32.45 21.09 1012.8401
04279.0957 26.3125 51.4375 57.8125 32.45 21.09 1012.8401
04278.8457 26.3125 51.4375 57.8125 32.45 21.09 1012.8401
04280.0459 26.3125 51.4375 57.8750 32.45 21.09 1012.8401
04280.0459 26.3125 51.4375 57.8750 32.45 21.09 1012.8401
04280.2583 26.3125 51.4375 57.8750 32.45 21.09 1012.8401
04279.3335 26.3125 51.4375 57.8750 32.45 21.09 1012.8401
04279.0957 26.3125 51.4375 57.8750 32.47 21.32 1012.8808
04279.0332 26.3125 51.4375 57.8750 32.47 21.32 1012.8808
04278.8081 26.3125 51.4375 57.8750 32.47 21.32 1012.8808
04279.0332 26.3125 51.4375 57.8750 32.47 21.32 1012.8808
04278.8584 26.3125 51.4375 57.8750 32.47 21.32 1012.8808
04278.8584 26.3750 51.5000 57.9375 32.47 21.32 1012.8808
04279.9956 26.3750 51.5000 57.9375 32.47 21.32 1012.8808
04280.0083 26.3750 51.5000 57.9375 32.47 21.32 1012.8808
04278.8335 26.3750 51.5000 57.9375 32.47 21.32 1012.8808
04278.8584 26.3750 51.5000 57.9375 32.49 21.05 1012.8040
04279.0957 26.3750 51.5000 57.9375 32.49 21.05 1012.8040
04279.0835 26.3750 51.5000 57.9375 32.49 21.05 1012.8040
04279.2710 26.3750 51.5000 57.9375 32.49 21.05 1012.8040
04279.9956 26.3750 51.5625 58.0000 32.49 21.05 1012.8040
04280.2207 26.3750 51.5625 58.0000 32.49 21.05 1012.8040
04280.2334 26.3750 51.5625 58.0000 32.49 21.05 1012.8040
04278.6084 26.3750 51.5625 58.0000 32.49 21.05 1012.8040
04278.8584 26.3750 51.5625 58.0000 32.49 21.05 1012.8040
04279.0581 26.3750 51.5625 58.0000 32.49 21.05 1012.8040
04278.8584 26.3750 51.5625 58.0000 32.52 21.03 1012.8257
04278.8584 26.3750 51.5625 58.0000 32.52 21.03 1012.8257
04278.8081 26.3750 51.5625 58.0000 32.52 21.03 1012.8257
04278.5708 26.3750 51.5625 58.0625 32.52 21.03 1012.8257
04279.7583 26.3750 51.5625 58.0625 32.52 21.03 1012.8257
04279.8081 26.3750 51.5625 58.0625 32.52 21.03 1012.8257
04279.0459 26.3750 51.5625 58.0625 32.52 21.03 1012.8257
04278.7959 26.3750 51.5625 58.0625 32.52 21.03 1012.8257
04278.8081 26.3750 51.5625 58.0625 32.52 21.03 1012.8257
04279.0459 26.3750 51.5625 58.0625 32.56 21.02 1012.8744
04278.8081 26.3750 51.5625 58.0625 32.56 21.02 1012.8744
04277.1460 26.3750 51.6250 58.1250 32.56 21.02 1012.8744
04277.6084 26.3750 51.6250 58.1250 32.56 21.02 1012.8744
04277.3706 26.3750 51.6250 58.1250 32.56 21.02 1012.8744
04278.6084 26.3750 51.6250 58.1250 32.56 21.02 1012.8744
04279.3335 26.3750 51.6250 58.1250 32.56 21.02 1012.8744
04279.2959 26.3750 51.6250 58.1250 32.56 21.02 1012.8744
04279.2959 26.3750 51.6250 58.1250 32.56 21.02 1012.8744
04278.7959 26.3750 51.6250 58.1250 32.56 21.02 1012.8744
04279.0957 26.3750 51.6250 58.1250 32.57 20.99 1012.8169
04278.8584 26.3750 51.6875 58.1875 32.57 20.99 1012.8169
04277.1460 26.3750 51.6875 58.1875 32.57 20.99 1012.8169
04277.4082 26.3750 51.6875 58.1875 32.57 20.99 1012.8169
04278.7959 26.3750 51.6875 58.1875 32.57 20.99 1012.8169
04278.5708 26.3750 51.6875 58.1875 32.57 20.99 1012.8169
04278.8081 26.3750 51.6875 58.1875 32.57 20.99 1012.8169
04278.5708 26.3750 51.6875 58.1875 32.57 20.99 1012.8169
04278.7959 26.3750 51.6875 58.1875 32.57 20.99 1012.8169
04302.7832 26.4375 51.7500 58.2500 32.62 20.96 1012.8354
04276.9585 26.4375 51.7500 58.2500 32.62 20.96 1012.8354
04277.4082 26.4375 51.7500 58.2500 32.62 20.96 1012.8354
04302.8457 26.4375 51.7500 58.2500 32.62 20.96 1012.8354
04278.6206 26.4375 51.7500 58.2500 32.62 20.96 1012.8354
04302.7832 26.4375 51.7500 58.2500 32.62 20.96 1012.8354
04278.5957 26.4375 51.7500 58.2500 32.62 20.96 1012.8354
04302.8457 26.4375 51.7500 58.2500 32.62 20.96 1012.8354
04276.2456 26.4375 51.7500 58.2500 32.62 20.96 1012.8354
04277.1460 26.4375 51.8750 58.3125 32.62 20.96 1012.8354
04276.9585 26.4375 51.8750 58.3125 32.62 20.93 1012.7888
04276.6709 26.4375 51.8750 58.3125 32.62 20.93 1012.7888
04302.5459 26.4375 51.8750 58.3125 32.62 20.93 1012.7888
04275.9585 26.4375 51.8750 58.3125 32.62 20.93 1012.7888
04302.3584 26.4375 51.8750 58.3125 32.62 20.93 1012.7888
04302.1333 26.4375 51.8750 58.3125 32.62 20.93 1012.7888
#terjedesi                                       nyomas  ##
#ido(usec)  T1(C)   T2(C)   T3(C)  T4(C) para(%)  (hPa)
04276.2456 26.4375 51.8750 58.3125 32.62 20.93 1012.7888
04275.7710 26.4375 51.8750 58.3750 32.62 20.93 1012.7888
04276.8960 26.3750 51.8750 58.3750 32.62 20.93 1012.7888
04277.1582 26.3750 51.8750 58.3750 32.67 20.92 1012.8348
04277.1460 26.3750 51.8750 58.3750 32.67 20.92 1012.8348
04275.7710 26.3750 51.8750 58.3750 32.67 20.92 1012.8348
04275.9585 26.3750 51.8750 58.3750 32.67 20.92 1012.8348
04275.9458 26.3750 51.8750 58.3750 32.67 20.92 1012.8348
04275.9585 26.3750 51.8750 58.3750 32.67 20.92 1012.8348
04275.9585 26.3750 51.8750 58.3750 32.67 20.92 1012.8348
04275.7207 26.3750 51.8750 58.3750 32.67 20.92 1012.8348
04276.8960 26.4375 51.9375 58.3750 32.67 20.92 1012.8348
04277.1460 26.4375 51.9375 58.3750 32.67 20.92 1012.8348
04275.9585 26.4375 51.9375 58.3750 32.69 20.88 1012.8402
04275.4956 26.4375 51.9375 58.3750 32.69 20.88 1012.8402
04275.7334 26.4375 51.9375 58.3750 32.69 20.88 1012.8402
04275.7710 26.4375 51.9375 58.3750 32.69 20.88 1012.8402
04276.0083 26.4375 51.9375 58.3750 32.69 20.88 1012.8402
04275.7710 26.4375 51.9375 58.3750 32.69 20.88 1012.8402
04277.1958 26.4375 52.0000 58.5000 32.69 20.88 1012.8402
04276.8960 26.4375 52.0000 58.5000 32.69 20.88 1012.8402
04276.9585 26.4375 52.0000 58.5000 32.69 20.88 1012.8402
04276.0083 26.4375 52.0000 58.5000 32.69 20.88 1012.8402
04276.4585 26.4375 52.0000 58.5000 32.72 20.87 1012.8973
04276.1958 26.4375 52.0000 58.5000 32.72 20.87 1012.8973
04276.2085 26.4375 52.0000 58.5000 32.72 20.87 1012.8973
04276.0083 26.4375 52.0000 58.5000 32.72 20.87 1012.8973
04275.9458 26.4375 52.0000 58.5000 32.72 20.87 1012.8973
04277.1958 26.4375 52.0625 58.5000 32.72 20.87 1012.8973
04277.1958 26.4375 52.0625 58.5000 32.72 20.87 1012.8973
04275.9707 26.4375 52.0625 58.5000 32.72 20.87 1012.8973
04275.7207 26.4375 52.0625 58.5000 32.72 20.87 1012.8973
04276.0083 26.4375 52.0625 58.5000 32.75 20.84 1012.8831
04276.2334 26.4375 52.0625 58.5000 32.75 20.84 1012.8831
04275.9585 26.4375 52.0625 58.5000 32.75 20.84 1012.8831
04276.2456 26.4375 52.0625 58.5000 32.75 20.84 1012.8831
04274.8208 26.4375 52.1250 58.5625 32.75 20.84 1012.8831
04276.9209 26.4375 52.1250 58.5625 32.75 20.84 1012.8831
04300.8960 26.4375 52.1250 58.5625 32.75 20.84 1012.8831
04275.5210 26.4375 52.1250 58.5625 32.75 20.84 1012.8831
04276.0083 26.4375 52.1250 58.5625 32.75 20.84 1012.8831
04275.9585 26.4375 52.1250 58.5625 32.75 20.84 1012.8831
04275.9585 26.4375 52.1250 58.5625 32.77 20.83 1012.7789
04275.7207 26.4375 52.1250 58.5625 32.77 20.83 1012.7789
04276.1958 26.4375 52.1250 58.6250 32.77 20.83 1012.7789
04274.2959 26.4375 52.1250 58.6250 32.77 20.83 1012.7789
04274.0957 26.4375 52.1250 58.6250 32.77 20.83 1012.7789
04275.7085 26.4375 52.1250 58.6250 32.77 20.83 1012.7789
04275.7085 26.4375 52.1250 58.6250 32.77 20.83 1012.7789
04275.7710 26.4375 52.1250 58.6250 32.77 20.83 1012.7789
04276.0083 26.4375 52.1250 58.6250 32.77 20.83 1012.7789
04276.0083 26.4375 52.1250 58.6250 32.79 20.81 1012.8936
04275.7456 26.4375 52.1250 58.6250 32.79 20.81 1012.8936
04275.7334 26.4375 52.2500 58.6875 32.79 20.81 1012.8936
04274.0459 26.4375 52.2500 58.6875 32.79 20.81 1012.8936
04274.3208 26.4375 52.2500 58.6875 32.79 20.81 1012.8936
04275.7085 26.4375 52.2500 58.6875 32.79 20.81 1012.8936
04276.1958 26.4375 52.2500 58.6875 32.79 20.81 1012.8936
04275.9956 26.4375 52.2500 58.6875 32.79 20.81 1012.8936
04275.9585 26.4375 52.2500 58.6875 32.79 20.81 1012.8936
04275.7710 26.4375 52.2500 58.6875 32.83 20.80 1012.8493
04274.0581 26.5000 52.2500 58.7500 32.83 20.80 1012.8493
04273.8457 26.5000 52.2500 58.7500 32.83 20.80 1012.8493
04273.8584 26.5000 52.2500 58.7500 32.83 20.80 1012.8493
04276.0083 26.5000 52.2500 58.7500 32.83 20.80 1012.8493
04299.9458 26.5000 52.2500 58.7500 32.83 20.80 1012.8493
04273.5708 26.5000 52.2500 58.7500 32.83 20.80 1012.8493
04275.5332 26.5000 52.2500 58.7500 32.83 20.80 1012.8493
04275.7710 26.5000 52.2500 58.7500 32.83 20.80 1012.8493
04299.7583 26.5000 52.2500 58.7500 32.83 20.80 1012.8493
04273.1582 26.4375 52.3125 58.8125 32.86 20.76 1012.8983
04274.2832 26.4375 52.3125 58.8125 32.86 20.76 1012.8983
04274.2832 26.4375 52.3125 58.8125 32.86 20.76 1012.8983
#terjedesi                                       nyomas  ##
#ido(usec)  T1(C)   T2(C)   T3(C)  T4(C) para(%)  (hPa)
04273.1084 26.4375 52.3125 58.8125 32.86 20.76 1012.8983
04273.1582 26.4375 52.3125 58.8125 32.86 20.76 1012.8983
04299.4707 26.4375 52.3125 58.8125 32.86 20.76 1012.8983
04299.4585 26.4375 52.3125 58.8125 32.86 20.76 1012.8983
04273.1084 26.4375 52.3125 58.8125 32.86 20.76 1012.8983
04274.0581 26.5000 52.3750 58.8125 32.86 20.76 1012.8983
04274.3457 26.5000 52.3750 58.8125 32.89 20.73 1012.8925
04274.2959 26.5000 52.3750 58.8125 32.89 20.73 1012.8925
04273.1582 26.5000 52.3750 58.8125 32.89 20.73 1012.8925
04272.6333 26.5000 52.3750 58.8125 32.89 20.73 1012.8925
04273.1582 26.5000 52.3750 58.8125 32.89 20.73 1012.8925
04273.1582 26.5000 52.3750 58.8125 32.89 20.73 1012.8925
04273.1582 26.5000 52.3750 58.8125 32.89 20.73 1012.8925
04272.8833 26.5000 52.3750 58.8125 32.89 20.73 1012.8925
04273.3584 26.5000 52.4375 58.8750 32.89 20.73 1012.8925
04274.0459 26.5000 52.4375 58.8750 32.89 20.73 1012.8925
04273.8584 26.5000 52.4375 58.8750 32.92 20.71 1012.8867
04272.8833 26.5000 52.4375 58.8750 32.92 20.71 1012.8867
04272.8706 26.5000 52.4375 58.8750 32.92 20.71 1012.8867
04272.8706 26.5000 52.4375 58.8750 32.92 20.71 1012.8867
04272.6333 26.5000 52.4375 58.8750 32.92 20.71 1012.8867
04272.8584 26.5000 52.4375 58.8750 32.92 20.71 1012.8867
04273.6333 26.5000 52.5000 58.9375 32.92 20.71 1012.8867
04274.0708 26.5000 52.5000 58.9375 32.92 20.71 1012.8867
04273.8706 26.5000 52.5000 58.9375 32.92 20.71 1012.8867
04272.6206 26.5000 52.5000 58.9375 32.94 20.69 1012.8014
04272.6333 26.5000 52.5000 58.9375 32.94 20.69 1012.8014
04272.8706 26.5000 52.5000 58.9375 32.94 20.69 1012.8014
04273.1084 26.5000 52.5000 58.9375 32.94 20.69 1012.8014
04273.3335 26.5000 52.5000 58.9375 32.94 20.69 1012.8014
04273.3457 26.5000 52.5000 58.9375 32.94 20.69 1012.8014
04272.9209 26.5000 52.5000 59.0000 32.94 20.69 1012.8014
04274.3457 26.5000 52.5000 59.0000 32.94 20.69 1012.8014
04273.8706 26.5000 52.5000 59.0000 32.94 20.69 1012.8014
04272.8706 26.5000 52.5000 59.0000 32.94 20.69 1012.8014
04272.8584 26.5000 52.5000 59.0000 32.97 20.67 1012.8778
04272.8584 26.5000 52.5000 59.0000 32.97 20.67 1012.8778
04273.0957 26.5000 52.5000 59.0000 32.97 20.67 1012.8778
04273.1333 26.5000 52.5000 59.0000 32.97 20.67 1012.8778
04273.5835 26.5000 52.5625 59.0625 32.97 20.67 1012.8778
04271.2583 26.5000 52.5625 59.0625 32.97 20.67 1012.8778
04274.0459 26.5000 52.5625 59.0625 32.97 20.67 1012.8778
04272.9209 26.5000 52.5625 59.0625 32.97 20.67 1012.8778
04272.8584 26.5000 52.5625 59.0625 32.97 20.67 1012.8778
04273.1582 26.5000 52.5625 59.0625 32.97 20.67 1012.8778
04273.1084 26.5000 52.5625 59.0625 33.00 20.64 1012.8527
04273.1582 26.5000 52.5625 59.0625 33.00 20.64 1012.8527
04272.6333 26.5000 52.5625 59.0625 33.00 20.64 1012.8527
04271.2085 26.5000 52.6250 59.1250 33.00 20.64 1012.8527
04297.6084 26.5000 52.6250 59.1250 33.00 20.64 1012.8527
04271.2207 26.5000 52.6250 59.1250 33.00 20.64 1012.8527
04273.1460 26.5000 52.6250 59.1250 33.00 20.64 1012.8527
04273.1460 26.5000 52.6250 59.1250 33.00 20.64 1012.8527
04272.8960 26.5000 52.6250 59.1250 33.00 20.64 1012.8527
04273.1206 26.5000 52.6250 59.1250 33.03 20.60 1012.9017
04272.8833 26.5000 52.6250 59.1250 33.03 20.60 1012.9017
04272.9209 26.5000 52.6250 59.1875 33.03 20.60 1012.9017
04271.4458 26.5625 52.6875 59.1875 33.03 20.60 1012.9017
04271.4956 26.5625 52.6875 59.1875 33.03 20.60 1012.9017
04271.2207 26.5625 52.6875 59.1875 33.03 20.60 1012.9017
04273.1460 26.5625 52.6875 59.1875 33.03 20.60 1012.9017
04273.1582 26.5625 52.6875 59.1875 33.03 20.60 1012.9017
04273.3960 26.5625 52.6875 59.1875 33.03 20.60 1012.9017
04272.8706 26.5625 52.6875 59.1875 33.03 20.60 1012.9017
04273.1206 26.5625 52.6875 59.1875 33.06 20.58 1012.8245
04297.0957 26.5625 52.6875 59.1875 33.06 20.58 1012.8245
04271.4458 26.5625 52.7500 59.2500 33.06 20.58 1012.8245
04271.2085 26.5625 52.7500 59.2500 33.06 20.58 1012.8245
04296.6582 26.5625 52.7500 59.2500 33.06 20.58 1012.8245
04270.3081 26.5625 52.7500 59.2500 33.06 20.58 1012.8245
04296.6084 26.5625 52.7500 59.2500 33.06 20.58 1012.8245
04270.2583 26.5625 52.7500 59.2500 33.06 20.58 1012.8245
04296.6709 26.5625 52.7500 59.2500 33.06 20.58 1012.8245
#terjedesi                                       nyomas  ##
#ido(usec)  T1(C)   T2(C)   T3(C)  T4(C) para(%)  (hPa)
04270.0708 26.5625 52.7500 59.2500 33.10 20.57 1012.8624
04271.0083 26.5625 52.8125 59.3125 33.10 20.57 1012.8624
04271.2085 26.5625 52.8125 59.3125 33.10 20.57 1012.8624
04270.9956 26.5625 52.8125 59.3125 33.10 20.57 1012.8624
04270.2456 26.5625 52.8125 59.3125 33.10 20.57 1012.8624
04270.0581 26.5625 52.8125 59.3125 33.10 20.57 1012.8624
04270.0083 26.5625 52.8125 59.3125 33.10 20.57 1012.8624
04270.0210 26.5625 52.8125 59.3125 33.10 20.57 1012.8624
04270.0083 26.5625 52.8125 59.3125 33.10 20.57 1012.8624
04270.0210 26.5625 52.8125 59.3125 33.10 20.57 1012.8624
04271.4585 26.5625 52.8750 59.3125 33.11 20.53 1012.8047
04271.2334 26.5625 52.8750 59.3125 33.11 20.53 1012.8047
04270.4834 26.5625 52.8750 59.3125 33.11 20.53 1012.8047
04270.4956 26.5625 52.8750 59.3125 33.11 20.53 1012.8047
04270.0708 26.5625 52.8750 59.3125 33.11 20.53 1012.8047
04270.0083 26.5625 52.8750 59.3125 33.11 20.53 1012.8047
04270.2583 26.5625 52.8750 59.3125 33.11 20.53 1012.8047
04270.3081 26.5625 52.8750 59.3125 33.11 20.53 1012.8047
04271.6709 26.5625 52.9375 59.4375 33.11 20.53 1012.8047
04271.0210 26.5625 52.9375 59.4375 33.15 20.51 1012.8619
04271.6831 26.5625 52.9375 59.4375 33.15 20.51 1012.8619
04270.5210 26.5625 52.9375 59.4375 33.15 20.51 1012.8619
04270.3081 26.5625 52.9375 59.4375 33.15 20.51 1012.8619
04270.4956 26.5625 52.9375 59.4375 33.15 20.51 1012.8619
04270.4956 26.5625 52.9375 59.4375 33.15 20.51 1012.8619
04270.0332 26.5625 52.9375 59.4375 33.15 20.51 1012.8619
04270.3081 26.5625 52.9375 59.4375 33.15 20.51 1012.8619
04271.2085 26.5625 52.9375 59.4375 33.15 20.51 1012.8619
04271.2583 26.5625 52.9375 59.4375 33.18 20.49 1012.8284
04270.2583 26.5625 52.9375 59.4375 33.18 20.49 1012.8284
04270.0581 26.5625 52.9375 59.4375 33.18 20.49 1012.8284
04270.0459 26.5625 52.9375 59.4375 33.18 20.49 1012.8284
04270.2456 26.5625 52.9375 59.4375 33.18 20.49 1012.8284
04270.2710 26.5625 52.9375 59.4375 33.18 20.49 1012.8284
04270.0210 26.5625 52.9375 59.4375 33.18 20.49 1012.8284
04269.7832 26.5625 53.0000 59.5000 33.18 20.49 1012.8284
04271.2583 26.5625 53.0000 59.5000 33.18 20.49 1012.8284
04271.2583 26.5625 53.0000 59.5000 33.18 20.49 1012.8284
04270.0083 26.5625 53.0000 59.5000 33.18 20.49 1012.8284
04270.0210 26.5625 53.0000 59.5000 33.20 20.46 1012.8611
04270.0459 26.5625 53.0000 59.5000 33.20 20.46 1012.8611
04270.2583 26.5625 53.0000 59.5000 33.20 20.46 1012.8611
04269.8081 26.5625 53.0000 59.5000 33.20 20.46 1012.8611
04294.9585 26.5625 53.0625 59.5625 33.20 20.46 1012.8611
04268.3457 26.5625 53.0625 59.5625 33.20 20.46 1012.8611
04294.9585 26.5625 53.0625 59.5625 33.20 20.46 1012.8611
04270.0210 26.5625 53.0625 59.5625 33.20 20.46 1012.8611
04270.4956 26.5625 53.0625 59.5625 33.24 20.44 1012.8989
04270.4834 26.5625 53.0625 59.5625 33.24 20.44 1012.8989
04270.0708 26.5625 53.0625 59.5625 33.24 20.44 1012.8989
04270.3081 26.5625 53.0625 59.5625 33.24 20.44 1012.8989
04270.3081 26.5625 53.0625 59.5625 33.24 20.44 1012.8989
04270.2583 26.6250 53.1250 59.6250 33.24 20.44 1012.8989
04268.3706 26.6250 53.1250 59.6250 33.24 20.44 1012.8989
04268.1206 26.6250 53.1250 59.6250 33.24 20.44 1012.8989
04270.2959 26.6250 53.1250 59.6250 33.24 20.44 1012.8989
04270.4956 26.6250 53.1250 59.6250 33.24 20.44 1012.8989
04270.0210 26.6250 53.1250 59.6250 33.25 20.42 1012.7587
04270.2832 26.6250 53.1250 59.6250 33.25 20.42 1012.7587
04270.0210 26.6250 53.1250 59.6250 33.25 20.42 1012.7587
04268.1460 26.5625 53.1875 59.6875 33.25 20.42 1012.7587
04268.8335 26.5625 53.1875 59.6875 33.25 20.42 1012.7587
04268.4082 26.5625 53.1875 59.6875 33.25 20.42 1012.7587
04270.0332 26.5625 53.1875 59.6875 33.25 20.42 1012.7587
04270.3081 26.5625 53.1875 59.6875 33.25 20.42 1012.7587
04294.0581 26.5625 53.1875 59.6875 33.25 20.42 1012.7587
04270.0708 26.5625 53.1875 59.6875 33.25 20.42 1012.7587
04270.0708 26.5625 53.1875 59.6875 33.29 20.40 1012.8351
04270.0581 26.5625 53.1875 59.6875 33.29 20.40 1012.8351
04294.0581 26.6250 53.1875 59.7500 33.29 20.40 1012.8351
04268.6333 26.6250 53.1875 59.7500 33.29 20.40 1012.8351
04268.5957 26.6250 53.1875 59.7500 33.29 20.40 1012.8351
04294.0459 26.6250 53.1875 59.7500 33.29 20.40 1012.8351
#terjedesi                                       nyomas  ##
#ido(usec)  T1(C)   T2(C)   T3(C)  T4(C) para(%)  (hPa)
04267.4585 26.6250 53.1875 59.7500 33.29 20.40 1012.8351
04269.8335 26.6250 53.1875 59.7500 33.29 20.40 1012.8351
04267.4331 26.6250 53.1875 59.7500 33.29 20.40 1012.8351
04267.2085 26.6250 53.1875 59.7500 33.33 20.38 1012.9085
04268.5835 26.6250 53.2500 59.8125 33.33 20.38 1012.9085
04268.3584 26.6250 53.2500 59.8125 33.33 20.38 1012.9085
04268.5957 26.6250 53.2500 59.8125 33.33 20.38 1012.9085
04267.6333 26.6250 53.2500 59.8125 33.33 20.38 1012.9085
04267.1582 26.6250 53.2500 59.8125 33.33 20.38 1012.9085
04267.4585 26.6250 53.2500 59.8125 33.33 20.38 1012.9085
04267.3960 26.6250 53.2500 59.8125 33.33 20.38 1012.9085
04267.4082 26.6250 53.2500 59.8125 33.33 20.38 1012.9085
04267.4331 26.6250 53.2500 59.8125 33.33 20.38 1012.9085
04267.3960 26.6250 53.3125 59.8750 33.34 20.35 1012.7879
04268.6206 26.6250 53.3125 59.8750 33.34 20.35 1012.7879
04268.3457 26.6250 53.3125 59.8750 33.34 20.35 1012.7879
04267.6958 26.6250 53.3125 59.8750 33.34 20.35 1012.7879
04267.2207 26.6250 53.3125 59.8750 33.34 20.35 1012.7879
04267.4458 26.6250 53.3125 59.8750 33.34 20.35 1012.7879
04267.4585 26.6250 53.3125 59.8750 33.34 20.35 1012.7879
04267.4082 26.6250 53.3125 59.8750 33.34 20.35 1012.7879
04267.6958 26.6250 53.3750 59.9375 33.34 20.35 1012.7879
04268.4082 26.6250 53.3750 59.9375 33.38 20.33 1012.7899
04268.6084 26.6250 53.3750 59.9375 33.38 20.33 1012.7899
04267.1958 26.6250 53.3750 59.9375 33.38 20.33 1012.7899
04267.2207 26.6250 53.3750 59.9375 33.38 20.33 1012.7899
04267.2085 26.6250 53.3750 59.9375 33.38 20.33 1012.7899
04267.1582 26.6250 53.3750 59.9375 33.38 20.33 1012.7899
04266.9458 26.6250 53.3750 59.9375 33.38 20.33 1012.7899
04267.2207 26.6250 53.3750 59.9375 33.38 20.33 1012.7899
04268.3833 26.6250 53.4375 60.0625 33.38 20.33 1012.7899
04268.6206 26.6250 53.4375 60.0625 33.38 20.33 1012.7899
04268.6333 26.6250 53.4375 60.0625 33.39 20.33 1012.8145
04267.1958 26.6250 53.4375 60.0625 33.39 20.33 1012.8145
04267.1831 26.6250 53.4375 60.0625 33.39 20.33 1012.8145
04267.4458 26.6250 53.4375 60.0625 33.39 20.33 1012.8145
04267.1709 26.6250 53.4375 60.0625 33.39 20.33 1012.8145
04267.2207 26.6250 53.4375 60.0625 33.39 20.33 1012.8145
04266.9458 26.6250 53.4375 60.0625 33.39 20.33 1012.8145
04268.3457 26.6250 53.5000 60.0625 33.39 20.33 1012.8145
04268.4082 26.6250 53.5000 60.0625 33.39 20.33 1012.8145
04268.4082 26.6250 53.5000 60.0625 33.42 20.33 1012.8361
04266.9834 26.6250 53.5000 60.0625 33.42 20.33 1012.8361
04266.9707 26.6250 53.5000 60.0625 33.42 20.33 1012.8361
04266.9834 26.6250 53.5000 60.0625 33.42 20.33 1012.8361
04266.9331 26.6250 53.5000 60.0625 33.42 20.33 1012.8361
04266.7207 26.6250 53.5000 60.0625 33.42 20.33 1012.8361
04266.9331 26.6250 53.5000 60.0625 33.42 20.33 1012.8361
04268.1206 26.6875 53.5625 60.1875 33.42 20.33 1012.8361
04291.8706 26.6875 53.5625 60.1875 33.42 20.33 1012.8361
04266.9834 26.6875 53.5625 60.1875 33.45 20.29 1012.8574
04266.9834 26.6875 53.5625 60.1875 33.45 20.29 1012.8574
04267.2207 26.6875 53.5625 60.1875 33.45 20.29 1012.8574
04267.2207 26.6875 53.5625 60.1875 33.45 20.29 1012.8574
04267.6709 26.6875 53.5625 60.1875 33.45 20.29 1012.8574
04267.6831 26.6875 53.5625 60.1875 33.45 20.29 1012.8574
04265.7456 26.6875 53.6250 60.2500 33.45 20.29 1012.8574
04265.4956 26.6875 53.6250 60.2500 33.45 20.29 1012.8574
04265.5332 26.6875 53.6250 60.2500 33.45 20.29 1012.8574
04267.4331 26.6875 53.6250 60.2500 33.45 20.29 1012.8574
04267.3960 26.6875 53.6250 60.2500 33.45 20.29 1012.8574
04266.9585 26.6875 53.6250 60.2500 33.48 20.21 1012.8514
04266.9331 26.6875 53.6250 60.2500 33.48 20.21 1012.8514
04267.4082 26.6875 53.6250 60.2500 33.48 20.21 1012.8514
04267.4458 26.6875 53.6250 60.3125 33.48 20.21 1012.8514
04265.7832 26.6875 53.6250 60.3125 33.48 20.21 1012.8514
04265.4956 26.6875 53.6250 60.3125 33.48 20.21 1012.8514
04267.1709 26.6875 53.6250 60.3125 33.48 20.21 1012.8514
04267.2207 26.6875 53.6250 60.3125 33.48 20.21 1012.8514
04267.1709 26.6875 53.6250 60.3125 33.50 20.24 1012.8293
04267.4585 26.6875 53.6250 60.3125 33.50 20.24 1012.8293
04267.1582 26.6875 53.6250 60.3125 33.50 20.24 1012.8293
04290.9082 26.6875 53.6250 60.3125 33.50 20.24 1012.8293
#terjedesi                                       nyomas  ##
#ido(usec)  T1(C)   T2(C)   T3(C)  T4(C) para(%)  (hPa)
04265.5581 26.6875 53.6875 60.3750 33.50 20.24 1012.8293
04265.7959 26.6875 53.6875 60.3750 33.50 20.24 1012.8293
04265.2710 26.6875 53.6875 60.3750 33.50 20.24 1012.8293
04264.3584 26.6875 53.6875 60.3750 33.50 20.24 1012.8293
04290.9209 26.6875 53.6875 60.3750 33.50 20.24 1012.8293
04290.9707 26.6875 53.6875 60.3750 33.50 20.24 1012.8293
04264.3706 26.6875 53.6875 60.3750 33.52 20.22 1012.8344
04264.3457 26.6875 53.6875 60.3750 33.52 20.22 1012.8344
04264.3584 26.6875 53.7500 60.4375 33.52 20.22 1012.8344
04265.2959 26.6875 53.7500 60.4375 33.52 20.22 1012.8344
04265.0708 26.6875 53.7500 60.4375 33.52 20.22 1012.8344
04264.3081 26.6875 53.7500 60.4375 33.52 20.22 1012.8344
04264.0835 26.6875 53.7500 60.4375 33.52 20.22 1012.8344
04264.0708 26.6875 53.7500 60.4375 33.52 20.22 1012.8344
04264.0708 26.6875 53.7500 60.4375 33.52 20.22 1012.8344
04264.0957 26.6875 53.7500 60.4375 33.52 20.22 1012.8344
04264.3081 26.6875 53.7500 60.4375 33.56 20.20 1012.8558
04264.3584 26.6875 53.8125 60.4375 33.56 20.20 1012.8558
04265.5210 26.6875 53.8125 60.4375 33.56 20.20 1012.8558
04265.7959 26.6875 53.8125 60.4375 33.56 20.20 1012.8558
04264.7959 26.6875 53.8125 60.4375 33.56 20.20 1012.8558
04264.5581 26.6875 53.8125 60.4375 33.56 20.20 1012.8558
04264.0835 26.6875 53.8125 60.4375 33.56 20.20 1012.8558
04264.1206 26.6875 53.8125 60.4375 33.56 20.20 1012.8558
04264.0835 26.6875 53.8125 60.4375 33.56 20.20 1012.8558
04265.7959 26.6875 53.8750 60.5000 33.58 20.18 1012.8887
04265.5581 26.6875 53.8750 60.5000 33.58 20.18 1012.8887
04265.2959 26.6875 53.8750 60.5000 33.58 20.18 1012.8887
04264.3081 26.6875 53.8750 60.5000 33.58 20.18 1012.8887
04264.5581 26.6875 53.8750 60.5000 33.58 20.18 1012.8887
04264.6084 26.6875 53.8750 60.5000 33.58 20.18 1012.8887
04264.1333 26.6875 53.8750 60.5000 33.58 20.18 1012.8887
04264.5957 26.6875 53.8750 60.5000 33.58 20.18 1012.8887
04264.3335 26.6875 53.8750 60.5000 33.58 20.18 1012.8887
04264.3706 26.7500 53.8750 60.6250 33.58 20.18 1012.8887
04265.7710 26.7500 53.8750 60.6250 33.61 20.17 1012.8276
04265.5581 26.7500 53.8750 60.6250 33.61 20.17 1012.8276
04264.3584 26.7500 53.8750 60.6250 33.61 20.17 1012.8276
04264.3208 26.7500 53.8750 60.6250 33.61 20.17 1012.8276
04264.0708 26.7500 53.8750 60.6250 33.61 20.17 1012.8276
04264.5459 26.7500 53.8750 60.6250 33.61 20.17 1012.8276
04264.3208 26.7500 53.8750 60.6250 33.61 20.17 1012.8276
04289.4956 26.6875 53.9375 60.6875 33.61 20.17 1012.8276
04289.4956 26.6875 53.9375 60.6875 33.61 20.17 1012.8276
04265.5459 26.6875 53.9375 60.6875 33.62 20.14 1012.8248
04264.3081 26.6875 53.9375 60.6875 33.62 20.14 1012.8248
04264.3457 26.6875 53.9375 60.6875 33.62 20.14 1012.8248
04264.5835 26.6875 53.9375 60.6875 33.62 20.14 1012.8248
04264.8081 26.6875 53.9375 60.6875 33.62 20.14 1012.8248
04264.3706 26.6875 53.9375 60.6875 33.62 20.14 1012.8248
04264.5459 26.6875 53.9375 60.6875 33.62 20.14 1012.8248
04264.5835 26.7500 54.0000 60.7500 33.62 20.14 1012.8248
04262.8833 26.7500 54.0000 60.7500 33.62 20.14 1012.8248
04262.8960 26.7500 54.0000 60.7500 33.62 20.14 1012.8248
04264.3706 26.7500 54.0000 60.7500 33.65 20.10 1012.7281
04264.6084 26.7500 54.0000 60.7500 33.65 20.10 1012.7281
04264.5581 26.7500 54.0000 60.7500 33.65 20.10 1012.7281
04264.3457 26.7500 54.0000 60.7500 33.65 20.10 1012.7281
04264.3208 26.7500 54.0000 60.7500 33.65 20.10 1012.7281
04262.6709 26.7500 54.0625 60.8125 33.65 20.10 1012.7281
04289.0083 26.7500 54.0625 60.8125 33.65 20.10 1012.7281
04262.6460 26.7500 54.0625 60.8125 33.65 20.10 1012.7281
04264.1333 26.7500 54.0625 60.8125 33.65 20.10 1012.7281
04264.3335 26.7500 54.0625 60.8125 33.66 20.09 1012.8625
04264.0957 26.7500 54.0625 60.8125 33.66 20.09 1012.8625
04264.3081 26.7500 54.0625 60.8125 33.66 20.09 1012.8625
04264.1333 26.7500 54.0625 60.8125 33.66 20.09 1012.8625
04264.0835 26.7500 54.0625 60.8125 33.66 20.09 1012.8625
04264.1084 26.7500 54.1250 60.8750 33.66 20.09 1012.8625
04262.6831 26.7500 54.1250 60.8750 33.66 20.09 1012.8625
04262.4209 26.7500 54.1250 60.8750 33.66 20.09 1012.8625
04264.3706 26.7500 54.1250 60.8750 33.66 20.09 1012.8625
04288.5835 26.7500 54.1250 60.8750 33.66 20.09 1012.8625
#terjedesi                                       nyomas  ##
#ido(usec)  T1(C)   T2(C)   T3(C)  T4(C) para(%)  (hPa)
04288.3081 26.7500 54.1250 60.8750 33.69 19.90 1012.7659
04264.5581 26.7500 54.1250 60.8750 33.69 19.90 1012.7659
04288.3081 26.7500 54.1250 60.8750 33.69 19.90 1012.7659
04261.9956 26.7500 54.1875 60.8750 33.69 19.90 1012.7659
04262.4707 26.7500 54.1875 60.8750 33.69 19.90 1012.7659
04262.9458 26.7500 54.1875 60.8750 33.69 19.90 1012.7659
04261.7085 26.7500 54.1875 60.8750 33.69 19.90 1012.7659
04264.1084 26.7500 54.1875 60.8750 33.69 19.90 1012.7659
04288.0708 26.7500 54.1875 60.8750 33.69 19.90 1012.7659
04264.0708 26.7500 54.1875 60.8750 33.71 20.06 1012.8261
04288.0581 26.7500 54.1875 60.8750 33.71 20.06 1012.8261
04264.3208 26.7500 54.1875 60.8750 33.71 20.06 1012.8261
04262.6831 26.7500 54.1875 60.9375 33.71 20.06 1012.8261
04262.6582 26.7500 54.1875 60.9375 33.71 20.06 1012.8261
04262.8960 26.7500 54.1875 60.9375 33.71 20.06 1012.8261
04261.7085 26.7500 54.1875 60.9375 33.71 20.06 1012.8261
04261.7583 26.7500 54.1875 60.9375 33.71 20.06 1012.8261
04261.5083 26.7500 54.1875 60.9375 33.71 20.06 1012.8261
04261.2710 26.7500 54.1875 60.9375 33.73 20.02 1012.7762
04261.5210 26.7500 54.1875 60.9375 33.73 20.02 1012.7762
04261.5210 26.7500 54.1875 61.0000 33.73 20.02 1012.7762
04262.6958 26.7500 54.2500 61.0000 33.73 20.02 1012.7762
04262.8960 26.7500 54.2500 61.0000 33.73 20.02 1012.7762
04262.4707 26.7500 54.2500 61.0000 33.73 20.02 1012.7762
04261.5210 26.7500 54.2500 61.0000 33.73 20.02 1012.7762
04261.4707 26.7500 54.2500 61.0000 33.73 20.02 1012.7762
04261.5210 26.7500 54.2500 61.0000 33.73 20.02 1012.7762
04261.4707 26.7500 54.2500 61.0000 33.73 20.02 1012.7762
04261.2832 26.7500 54.2500 61.0000 33.73 20.02 1012.7762
04261.2710 26.7500 54.2500 61.0000 33.76 19.93 1012.8526
04262.4707 26.7500 54.3125 61.0625 33.76 19.93 1012.8526
04262.4082 26.7500 54.3125 61.0625 33.76 19.93 1012.8526
04261.4585 26.7500 54.3125 61.0625 33.76 19.93 1012.8526
04261.7456 26.7500 54.3125 61.0625 33.76 19.93 1012.8526
04261.6958 26.7500 54.3125 61.0625 33.76 19.93 1012.8526
04261.6958 26.7500 54.3125 61.0625 33.76 19.93 1012.8526
04261.5210 26.7500 54.3125 61.0625 33.76 19.93 1012.8526
04261.2832 26.7500 54.3125 61.0625 33.76 19.93 1012.8526
04262.6460 26.8125 54.3750 61.1250 33.78 19.99 1012.8030
04262.9458 26.8125 54.3750 61.1250 33.78 19.99 1012.8030
04262.7085 26.8125 54.3750 61.1250 33.78 19.99 1012.8030
04261.6958 26.8125 54.3750 61.1250 33.78 19.99 1012.8030
04261.5210 26.8125 54.3750 61.1250 33.78 19.99 1012.8030
04261.5210 26.8125 54.3750 61.1250 33.78 19.99 1012.8030
04260.9956 26.8125 54.3750 61.1250 33.78 19.99 1012.8030
04261.2583 26.8125 54.3750 61.1250 33.78 19.99 1012.8030
04261.7085 26.8125 54.3750 61.1875 33.78 19.99 1012.8030
04260.2832 26.8125 54.4375 61.1875 33.80 19.96 1012.8080
04262.6831 26.8125 54.4375 61.1875 33.80 19.96 1012.8080
04261.4834 26.8125 54.4375 61.1875 33.80 19.96 1012.8080
04261.6958 26.8125 54.4375 61.1875 33.80 19.96 1012.8080
04261.4956 26.8125 54.4375 61.1875 33.80 19.96 1012.8080
04261.2832 26.8125 54.4375 61.1875 33.80 19.96 1012.8080
04261.2710 26.8125 54.4375 61.1875 33.80 19.96 1012.8080
04261.2832 26.8125 54.4375 61.1875 33.80 19.96 1012.8080
04262.1831 26.8125 54.4375 61.2500 33.80 19.96 1012.8080
04262.2085 26.8125 54.4375 61.2500 33.80 19.96 1012.8080
04261.9331 26.8125 54.4375 61.2500 33.83 19.95 1012.7746
04261.0332 26.8125 54.4375 61.2500 33.83 19.95 1012.7746
04261.0083 26.8125 54.4375 61.2500 33.83 19.95 1012.7746
04261.0459 26.8125 54.4375 61.2500 33.83 19.95 1012.7746
04261.2832 26.8125 54.4375 61.2500 33.83 19.95 1012.7746
04261.2334 26.8125 54.4375 61.2500 33.83 19.95 1012.7746
04261.9458 26.8125 54.5000 61.2500 33.83 19.95 1012.7746
04259.3335 26.8125 54.5000 61.2500 33.83 19.95 1012.7746
04259.5708 26.8125 54.5000 61.2500 33.83 19.95 1012.7746
04261.4707 26.8125 54.5000 61.2500 33.86 19.93 1012.7880
04261.2832 26.8125 54.5000 61.2500 33.86 19.93 1012.7880
04261.7085 26.8125 54.5000 61.2500 33.86 19.93 1012.7880
04261.4707 26.8125 54.5000 61.2500 33.86 19.93 1012.7880
04261.4707 26.8125 54.5000 61.2500 33.86 19.93 1012.7880
04261.2583 26.8125 54.5000 61.2500 33.86 19.93 1012.7880
04261.2832 26.8125 54.5625 61.3125 33.86 19.93 1012.7880
#terjedesi                                       nyomas  ##
#ido(usec)  T1(C)   T2(C)   T3(C)  T4(C) para(%)  (hPa)
04259.3584 26.8125 54.5625 61.3125 33.86 19.93 1012.7880
04259.5708 26.8125 54.5625 61.3125 33.86 19.93 1012.7880
04261.2710 26.8125 54.5625 61.3125 33.86 19.93 1012.7880
04261.5210 26.8125 54.5625 61.3125 33.88 19.93 1012.8286
04261.7085 26.8125 54.5625 61.3125 33.88 19.93 1012.8286
04261.4707 26.8125 54.5625 61.3125 33.88 19.93 1012.8286
04261.5210 26.8125 54.5625 61.3125 33.88 19.93 1012.8286
04259.8208 26.8125 54.6250 61.3750 33.88 19.93 1012.8286
04259.5957 26.8125 54.6250 61.3750 33.88 19.93 1012.8286
04259.8081 26.8125 54.6250 61.3750 33.88 19.93 1012.8286
04285.2207 26.8125 54.6250 61.3750 33.88 19.93 1012.8286
04261.2456 26.8125 54.6250 61.3750 33.88 19.93 1012.8286
04261.2832 26.8125 54.6250 61.3750 33.91 19.91 1012.8226
04285.2334 26.8125 54.6250 61.3750 33.91 19.91 1012.8226
04258.6084 26.8125 54.6250 61.3750 33.91 19.91 1012.8226
04261.2456 26.8125 54.6250 61.3750 33.91 19.91 1012.8226
04261.2334 26.8125 54.6250 61.4375 33.91 19.91 1012.8226
04259.8584 26.8125 54.6250 61.4375 33.91 19.91 1012.8226
04259.5708 26.8125 54.6250 61.4375 33.91 19.91 1012.8226
04284.9834 26.8125 54.6250 61.4375 33.91 19.91 1012.8226
04258.3833 26.8125 54.6250 61.4375 33.91 19.91 1012.8226
04258.6709 26.8125 54.6250 61.4375 33.91 19.91 1012.8226
04258.6206 26.8125 54.6250 61.4375 33.94 19.87 1012.8086
04258.6709 26.8125 54.6250 61.4375 33.94 19.87 1012.8086
04259.8081 26.8750 54.6875 61.5000 33.94 19.87 1012.8086
04259.8081 26.8750 54.6875 61.5000 33.94 19.87 1012.8086
04259.5835 26.8750 54.6875 61.5000 33.94 19.87 1012.8086
04258.3706 26.8750 54.6875 61.5000 33.94 19.87 1012.8086
04258.6709 26.8750 54.6875 61.5000 33.94 19.87 1012.8086
04258.6709 26.8750 54.6875 61.5000 33.94 19.87 1012.8086
04258.1709 26.8750 54.6875 61.5000 33.94 19.87 1012.8086
04258.6709 26.8750 54.6875 61.5000 33.96 19.86 1012.7946
04258.1958 26.8750 54.6875 61.5000 33.96 19.86 1012.7946
04258.6709 26.8125 54.7500 61.5000 33.96 19.86 1012.7946
04259.3833 26.8125 54.7500 61.5000 33.96 19.86 1012.7946
04259.5835 26.8125 54.7500 61.5000 33.96 19.86 1012.7946
04258.1958 26.8125 54.7500 61.5000 33.96 19.86 1012.7946
04258.3960 26.8125 54.7500 61.5000 33.96 19.86 1012.7946
04258.1831 26.8125 54.7500 61.5000 33.96 19.86 1012.7946
04258.6084 26.8125 54.7500 61.5000 33.96 19.86 1012.7946
04258.3833 26.8125 54.7500 61.5000 33.97 19.82 1012.8657
04259.8081 26.8125 54.7500 61.5625 33.97 19.82 1012.8657
04259.5708 26.8125 54.7500 61.5625 33.97 19.82 1012.8657
04259.8208 26.8125 54.7500 61.5625 33.97 19.82 1012.8657
04258.6206 26.8125 54.7500 61.5625 33.97 19.82 1012.8657
04258.6709 26.8125 54.7500 61.5625 33.97 19.82 1012.8657
04258.1831 26.8125 54.7500 61.5625 33.97 19.82 1012.8657
04258.4331 26.8125 54.7500 61.5625 33.97 19.82 1012.8657
04258.4331 26.8125 54.7500 61.5625 33.97 19.82 1012.8657
04258.1958 26.8125 54.7500 61.5625 33.97 19.82 1012.8657
04258.1709 26.8750 54.8125 61.6250 33.97 19.82 1012.8657
04259.3335 26.8750 54.8125 61.6250 34.00 19.81 1012.8049
04259.5708 26.8750 54.8125 61.6250 34.00 19.81 1012.8049
04258.1831 26.8750 54.8125 61.6250 34.00 19.81 1012.8049
04258.3706 26.8750 54.8125 61.6250 34.00 19.81 1012.8049
04258.3706 26.8750 54.8125 61.6250 34.00 19.81 1012.8049
04258.4082 26.8750 54.8125 61.6250 34.00 19.81 1012.8049
04258.4082 26.8750 54.8125 61.6250 34.00 19.81 1012.8049
04258.6084 26.8750 54.8750 61.6250 34.00 19.81 1012.8049
04259.1460 26.8750 54.8750 61.6250 34.00 19.81 1012.8049
04259.5581 26.8750 54.8750 61.6250 34.04 19.78 1012.8535
04258.4331 26.8750 54.8750 61.6250 34.04 19.78 1012.8535
04258.1709 26.8750 54.8750 61.6250 34.04 19.78 1012.8535
04258.1958 26.8750 54.8750 61.6250 34.04 19.78 1012.8535
04258.4209 26.8750 54.8750 61.6250 34.04 19.78 1012.8535
04258.1333 26.8750 54.8750 61.6250 34.04 19.78 1012.8535
04258.6206 26.8750 54.8750 61.6250 34.04 19.78 1012.8535
04282.8833 26.8750 54.9375 61.6875 34.04 19.78 1012.8535
04283.1206 26.8750 54.9375 61.6875 34.04 19.78 1012.8535
04256.7207 26.8750 54.9375 61.6875 34.06 19.78 1012.7764
04258.4331 26.8750 54.9375 61.6875 34.06 19.78 1012.7764
04257.9331 26.8750 54.9375 61.6875 34.06 19.78 1012.7764
04258.3833 26.8750 54.9375 61.6875 34.06 19.78 1012.7764
#terjedesi                                       nyomas  ##
#ido(usec)  T1(C)   T2(C)   T3(C)  T4(C) para(%)  (hPa)
04258.1958 26.8750 54.9375 61.6875 34.06 19.78 1012.7764
04258.1460 26.8750 54.9375 61.6875 34.06 19.78 1012.7764
04258.3960 26.8750 54.9375 61.7500 34.06 19.78 1012.7764
04256.7334 26.8750 54.9375 61.7500 34.06 19.78 1012.7764
04256.7207 26.8750 54.9375 61.7500 34.06 19.78 1012.7764
04256.7334 26.8750 54.9375 61.7500 34.06 19.78 1012.7764
04258.6333 26.8750 54.9375 61.7500 34.08 19.75 1012.7813
04258.9082 26.8750 54.9375 61.7500 34.08 19.75 1012.7813
04258.6084 26.8750 54.9375 61.7500 34.08 19.75 1012.7813
04258.4331 26.8750 54.9375 61.7500 34.08 19.75 1012.7813
04258.6709 26.8750 54.9375 61.7500 34.08 19.75 1012.7813
04258.4209 26.8750 54.9375 61.7500 34.08 19.75 1012.7813
04256.7710 26.8750 55.0000 61.8125 34.08 19.75 1012.7813
04256.4834 26.8750 55.0000 61.8125 34.08 19.75 1012.7813
04282.6206 26.8750 55.0000 61.8125 34.08 19.75 1012.7813
04258.1958 26.8750 55.0000 61.8125 34.11 19.74 1012.8028
04258.6206 26.8750 55.0000 61.8125 34.11 19.74 1012.8028
04258.4331 26.8750 55.0000 61.8125 34.11 19.74 1012.8028
04258.4209 26.8750 55.0000 61.8125 34.11 19.74 1012.8028
04258.1958 26.8750 55.0000 61.8125 34.11 19.74 1012.8028
04256.7207 26.8750 55.0625 61.8750 34.11 19.74 1012.8028
04256.9707 26.8750 55.0625 61.8750 34.11 19.74 1012.8028
04257.1958 26.8750 55.0625 61.8750 34.11 19.74 1012.8028
04255.7583 26.8750 55.0625 61.8750 34.11 19.74 1012.8028
04282.1333 26.8750 55.0625 61.8750 34.11 19.74 1012.8028
04255.5835 26.8750 55.0625 61.8750 34.13 19.69 1012.7888
04255.5332 26.8750 55.0625 61.8750 34.13 19.69 1012.7888
04255.7583 26.8750 55.0625 61.8750 34.13 19.69 1012.7888
04255.7710 26.8750 55.0625 61.8750 34.13 19.69 1012.7888
04256.7207 26.9375 55.1250 61.8750 34.13 19.69 1012.7888
04256.5332 26.9375 55.1250 61.8750 34.13 19.69 1012.7888
04255.5332 26.9375 55.1250 61.8750 34.13 19.69 1012.7888
04255.7710 26.9375 55.1250 61.8750 34.13 19.69 1012.7888
04281.8960 26.9375 55.1250 61.8750 34.13 19.69 1012.7888
04255.5210 26.9375 55.1250 61.8750 34.16 19.69 1012.8567
04255.0957 26.9375 55.1250 61.8750 34.16 19.69 1012.8567
04255.5459 26.9375 55.1250 61.8750 34.16 19.69 1012.8567
04256.7085 26.9375 55.1250 61.9375 34.16 19.69 1012.8567
04256.9834 26.9375 55.1250 61.9375 34.16 19.69 1012.8567
04256.9834 26.9375 55.1250 61.9375 34.16 19.69 1012.8567
04255.5835 26.9375 55.1250 61.9375 34.16 19.69 1012.8567
04255.3457 26.9375 55.1250 61.9375 34.16 19.69 1012.8567
04255.3335 26.9375 55.1250 61.9375 34.16 19.69 1012.8567
04255.0459 26.9375 55.1250 61.9375 34.16 19.69 1012.8567
04255.3208 26.9375 55.1250 61.9375 34.18 19.67 1012.8071
04256.0459 26.9375 55.1875 62.0000 34.18 19.67 1012.8071
04256.5332 26.9375 55.1875 62.0000 34.18 19.67 1012.8071
04256.5332 26.9375 55.1875 62.0000 34.18 19.67 1012.8071
04255.0459 26.9375 55.1875 62.0000 34.18 19.67 1012.8071
04255.5581 26.9375 55.1875 62.0000 34.18 19.67 1012.8071
04255.5835 26.9375 55.1875 62.0000 34.18 19.67 1012.8071
04255.5332 26.9375 55.1875 62.0000 34.18 19.67 1012.8071
04255.5835 26.9375 55.1875 62.0000 34.18 19.67 1012.8071
04255.5835 26.9375 55.1875 62.0000 34.21 19.64 1012.8641
04255.5210 26.9375 55.2500 62.0625 34.21 19.64 1012.8641
04256.7710 26.9375 55.2500 62.0625 34.21 19.64 1012.8641
04257.0083 26.9375 55.2500 62.0625 34.21 19.64 1012.8641
04255.2959 26.9375 55.2500 62.0625 34.21 19.64 1012.8641
04255.3457 26.9375 55.2500 62.0625 34.21 19.64 1012.8641
04255.2959 26.9375 55.2500 62.0625 34.21 19.64 1012.8641
04255.3335 26.9375 55.2500 62.0625 34.21 19.64 1012.8641
04255.3335 26.9375 55.2500 62.0625 34.21 19.64 1012.8641
04256.5083 26.9375 55.2500 62.1250 34.22 19.62 1012.7625
04256.5210 26.9375 55.2500 62.1250 34.22 19.62 1012.7625
04256.7334 26.9375 55.2500 62.1250 34.22 19.62 1012.7625
04255.3208 26.9375 55.2500 62.1250 34.22 19.62 1012.7625
04255.0957 26.9375 55.2500 62.1250 34.22 19.62 1012.7625
04255.0835 26.9375 55.2500 62.1250 34.22 19.62 1012.7625
04255.3208 26.9375 55.2500 62.1250 34.22 19.62 1012.7625
04256.0083 26.9375 55.2500 62.1250 34.22 19.62 1012.7625
04255.3457 26.9375 55.2500 62.1250 34.22 19.62 1012.7625
04255.5210 26.9375 55.3125 62.2500 34.22 19.62 1012.7625
04256.5332 26.9375 55.3125 62.2500 34.22 19.62 1012.7625
#terjedesi                                       nyomas  ##
#ido(usec)  T1(C)   T2(C)   T3(C)  T4(C) para(%)  (hPa)
04256.4834 26.9375 55.3125 62.2500 34.25 19.60 1012.8195
04255.3457 26.9375 55.3125 62.2500 34.25 19.60 1012.8195
04255.5581 26.9375 55.3125 62.2500 34.25 19.60 1012.8195
04255.3335 26.9375 55.3125 62.2500 34.25 19.60 1012.8195
04255.5332 26.9375 55.3125 62.2500 34.25 19.60 1012.8195
04255.5835 26.9375 55.3125 62.2500 34.25 19.60 1012.8195
04279.9956 27.0000 55.3750 62.2500 34.25 19.60 1012.8195
04253.6206 27.0000 55.3750 62.2500 34.25 19.60 1012.8195
04253.6333 27.0000 55.3750 62.2500 34.28 19.58 1012.8054
04255.3081 27.0000 55.3750 62.2500 34.28 19.58 1012.8054
04255.3457 27.0000 55.3750 62.2500 34.28 19.58 1012.8054
04255.0581 27.0000 55.3750 62.2500 34.28 19.58 1012.8054
04255.3457 27.0000 55.3750 62.2500 34.28 19.58 1012.8054
04255.3457 27.0000 55.3750 62.2500 34.28 19.58 1012.8054
04255.2832 27.0000 55.3750 62.2500 34.28 19.58 1012.8054
04255.5835 27.0000 55.4375 62.3125 34.28 19.58 1012.8054
04253.6709 27.0000 55.4375 62.3125 34.28 19.58 1012.8054
04253.4331 27.0000 55.4375 62.3125 34.28 19.58 1012.8054
04255.2832 27.0000 55.4375 62.3125 34.30 19.57 1012.7554
04255.2959 27.0000 55.4375 62.3125 34.30 19.57 1012.7554
04255.2959 27.0000 55.4375 62.3125 34.30 19.57 1012.7554
04255.1084 27.0000 55.4375 62.3125 34.30 19.57 1012.7554
04255.3335 27.0000 55.4375 62.3125 34.30 19.57 1012.7554
04253.6831 27.0000 55.4375 62.3750 34.30 19.57 1012.7554
04253.3960 27.0000 55.4375 62.3750 34.30 19.57 1012.7554
04253.3833 27.0000 55.4375 62.3750 34.30 19.57 1012.7554
04279.5210 27.0000 55.4375 62.3750 34.30 19.57 1012.7554
04255.3457 27.0000 55.4375 62.3750 34.30 19.57 1012.7554
04255.3457 27.0000 55.4375 62.3750 34.32 19.55 1012.8156
04255.0957 27.0000 55.4375 62.3750 34.32 19.55 1012.8156
04279.0459 27.0000 55.4375 62.3750 34.32 19.55 1012.8156
04279.0957 27.0000 55.4375 62.3750 34.32 19.55 1012.8156
04255.1084 27.0000 55.5000 62.4375 34.32 19.55 1012.8156
04253.3960 27.0000 55.5000 62.4375 34.32 19.55 1012.8156
04253.4458 27.0000 55.5000 62.4375 34.32 19.55 1012.8156
04279.0708 27.0000 55.5000 62.4375 34.32 19.55 1012.8156
04255.3457 27.0000 55.5000 62.4375 34.32 19.55 1012.8156
04278.8584 27.0000 55.5000 62.4375 34.34 19.53 1012.8480
04252.6958 27.0000 55.5000 62.4375 34.34 19.53 1012.8480
04279.0459 27.0000 55.5000 62.4375 34.34 19.53 1012.8480
04252.6709 27.0000 55.5625 62.5000 34.34 19.53 1012.8480
04253.1831 27.0000 55.5625 62.5000 34.34 19.53 1012.8480
04253.1958 27.0000 55.5625 62.5000 34.34 19.53 1012.8480
04252.4956 27.0000 55.5625 62.5000 34.34 19.53 1012.8480
04252.2583 27.0000 55.5625 62.5000 34.34 19.53 1012.8480
04278.7959 27.0000 55.5625 62.5000 34.34 19.53 1012.8480
04252.4585 27.0000 55.5625 62.5000 34.34 19.53 1012.8480
04252.0210 27.0000 55.5625 62.5000 34.36 19.51 1012.7709
04252.0210 27.0000 55.5625 62.5000 34.36 19.51 1012.7709
04253.6582 27.0000 55.6250 62.5625 34.36 19.51 1012.7709
04253.6206 27.0000 55.6250 62.5625 34.36 19.51 1012.7709
04253.3833 27.0000 55.6250 62.5625 34.36 19.51 1012.7709
04252.4458 27.0000 55.6250 62.5625 34.36 19.51 1012.7709
04252.4458 27.0000 55.6250 62.5625 34.36 19.51 1012.7709
04252.4458 27.0000 55.6250 62.5625 34.36 19.51 1012.7709
04252.6709 27.0000 55.6250 62.5625 34.36 19.51 1012.7709
04252.7334 27.0000 55.6250 62.5625 34.39 19.50 1012.8198
04252.1958 27.0000 55.6250 62.6875 34.39 19.50 1012.8198
04253.6460 27.0000 55.6875 62.6875 34.39 19.50 1012.8198
04253.6333 27.0000 55.6875 62.6875 34.39 19.50 1012.8198
04253.6460 27.0000 55.6875 62.6875 34.39 19.50 1012.8198
04252.4956 27.0000 55.6875 62.6875 34.39 19.50 1012.8198
04252.2085 27.0000 55.6875 62.6875 34.39 19.50 1012.8198
04252.1958 27.0000 55.6875 62.6875 34.39 19.50 1012.8198
04252.0210 27.0000 55.6875 62.6875 34.39 19.50 1012.8198
04252.2085 27.0000 55.6875 62.6875 34.39 19.50 1012.8198
04252.4834 27.0000 55.6875 62.6875 34.40 19.48 1012.7810
04253.6709 27.0000 55.7500 62.6875 34.40 19.48 1012.7810
04253.8706 27.0000 55.7500 62.6875 34.40 19.48 1012.7810
04252.2085 27.0000 55.7500 62.6875 34.40 19.48 1012.7810
04252.4834 27.0000 55.7500 62.6875 34.40 19.48 1012.7810
04252.4331 27.0000 55.7500 62.6875 34.40 19.48 1012.7810
04252.0210 27.0000 55.7500 62.6875 34.40 19.48 1012.7810
#terjedesi                                       nyomas  ##
#ido(usec)  T1(C)   T2(C)   T3(C)  T4(C) para(%)  (hPa)
04252.4585 27.0000 55.7500 62.6875 34.40 19.48 1012.7810
04246.0332 27.0000 55.7500 62.6875 34.40 19.48 1012.7810
04253.6206 27.0000 55.7500 62.7500 34.43 19.45 1012.7750
04252.9082 27.0000 55.7500 62.7500 34.43 19.45 1012.7750
04277.4209 27.0000 55.7500 62.7500 34.43 19.45 1012.7750
04252.4707 27.0000 55.7500 62.7500 34.43 19.45 1012.7750
04252.4956 27.0000 55.7500 62.7500 34.43 19.45 1012.7750
04252.4956 27.0000 55.7500 62.7500 34.43 19.45 1012.7750
04252.4834 27.0000 55.7500 62.7500 34.43 19.45 1012.7750
04252.7334 27.0000 55.7500 62.7500 34.43 19.45 1012.7750
04252.2583 27.0000 55.7500 62.8125 34.43 19.45 1012.7750
04253.1582 27.0625 55.8125 62.8125 34.43 19.45 1012.7750
04250.5459 27.0625 55.8125 62.8125 34.46 19.44 1012.8430
04252.2583 27.0625 55.8125 62.8125 34.46 19.44 1012.8430
04252.4331 27.0625 55.8125 62.8125 34.46 19.44 1012.8430
04252.2583 27.0625 55.8125 62.8125 34.46 19.44 1012.8430
04252.4331 27.0625 55.8125 62.8125 34.46 19.44 1012.8430
04252.7334 27.0625 55.8125 62.8125 34.46 19.44 1012.8430
04252.1958 27.0625 55.8125 62.8125 34.46 19.44 1012.8430
04250.3584 27.0625 55.8750 62.8750 34.46 19.44 1012.8430
04250.5459 27.0625 55.8750 62.8750 34.46 19.44 1012.8430
04250.3584 27.0625 55.8750 62.8750 34.46 19.44 1012.8430
04252.4956 27.0625 55.8750 62.8750 34.48 19.48 1012.8014
04252.4707 27.0625 55.8750 62.8750 34.48 19.48 1012.8014
04252.7334 27.0625 55.8750 62.8750 34.48 19.48 1012.8014
04252.1958 27.0625 55.8750 62.8750 34.48 19.48 1012.8014
04252.4458 27.0625 55.8750 62.8750 34.48 19.48 1012.8014
04250.0957 27.0625 55.9375 62.9375 34.48 19.48 1012.8014
04250.5835 27.0625 55.9375 62.9375 34.48 19.48 1012.8014
04251.0210 27.0625 55.9375 62.9375 34.48 19.48 1012.8014
04252.0210 27.0625 55.9375 62.9375 34.51 19.39 1012.8972
04252.6709 27.0625 55.9375 62.9375 34.51 19.39 1012.8972
04252.2583 27.0625 55.9375 62.9375 34.51 19.39 1012.8972
04252.4331 27.0625 55.9375 62.9375 34.51 19.39 1012.8972
04252.6709 27.0625 55.9375 62.9375 34.51 19.39 1012.8972
04252.2456 27.0625 55.9375 62.9375 34.51 19.39 1012.8972
04252.2583 27.0625 56.0000 63.0000 34.51 19.39 1012.8972
04250.3081 27.0625 56.0000 63.0000 34.51 19.39 1012.8972
04250.5708 27.0625 56.0000 63.0000 34.51 19.39 1012.8972
04252.2085 27.0625 56.0000 63.0000 34.51 19.39 1012.8972
04249.8335 27.0625 56.0000 63.0000 34.51 19.39 1012.8972
04249.6206 27.0625 56.0000 63.0000 34.54 19.39 1012.8278
04276.1831 27.0625 56.0000 63.0000 34.54 19.39 1012.8278
04252.2334 27.0625 56.0000 63.0000 34.54 19.39 1012.8278
04250.5957 27.0625 56.0625 63.0625 34.54 19.39 1012.8278
04250.7710 27.0625 56.0625 63.0625 34.54 19.39 1012.8278
04250.2959 27.0625 56.0625 63.0625 34.54 19.39 1012.8278
04252.0210 27.0625 56.0625 63.0625 34.54 19.39 1012.8278
04249.4082 27.0625 56.0625 63.0625 34.54 19.39 1012.8278
04275.7207 27.0625 56.0625 63.0625 34.54 19.39 1012.8278
04275.7710 27.0625 56.0625 63.0625 34.55 19.38 1012.8524
04249.4082 27.0625 56.0625 63.0625 34.55 19.38 1012.8524
04249.3584 27.0625 56.0625 63.0625 34.55 19.38 1012.8524
04249.3960 27.1250 56.1250 63.1250 34.55 19.38 1012.8524
04250.8081 27.1250 56.1250 63.1250 34.55 19.38 1012.8524
04250.5581 27.1250 56.1250 63.1250 34.55 19.38 1012.8524
04249.3457 27.1250 56.1250 63.1250 34.55 19.38 1012.8524
04249.1206 27.1250 56.1250 63.1250 34.55 19.38 1012.8524
04249.3833 27.1250 56.1250 63.1250 34.55 19.38 1012.8524
04249.3833 27.1250 56.1250 63.1250 34.58 19.35 1012.8380
04249.3584 27.1250 56.1250 63.1250 34.58 19.35 1012.8380
04250.3081 27.1250 56.1250 63.1875 34.58 19.35 1012.8380
04250.2959 27.1250 56.1250 63.1875 34.58 19.35 1012.8380
04250.3335 27.1250 56.1250 63.1875 34.58 19.35 1012.8380
04249.5957 27.1250 56.1250 63.1875 34.58 19.35 1012.8380
04249.5957 27.1250 56.1250 63.1875 34.58 19.35 1012.8380
04249.6084 27.1250 56.1250 63.1875 34.58 19.35 1012.8380
04249.6333 27.1250 56.1250 63.1875 34.58 19.35 1012.8380
04249.5835 27.1250 56.1250 63.1875 34.58 19.35 1012.8380
04249.6460 27.1250 56.1250 63.1875 34.61 19.32 1012.8870
04249.6460 27.1250 56.2500 63.2500 34.61 19.32 1012.8870
04250.5957 27.1250 56.2500 63.2500 34.61 19.32 1012.8870
04250.7832 27.1250 56.2500 63.2500 34.61 19.32 1012.8870
#terjedesi                                       nyomas  ##
#ido(usec)  T1(C)   T2(C)   T3(C)  T4(C) para(%)  (hPa)
04249.1709 27.1250 56.2500 63.2500 34.61 19.32 1012.8870
04249.6206 27.1250 56.2500 63.2500 34.61 19.32 1012.8870
04249.1582 27.1250 56.2500 63.2500 34.61 19.32 1012.8870
04249.3584 27.1250 56.2500 63.2500 34.61 19.32 1012.8870
04249.4082 27.1250 56.2500 63.2500 34.61 19.32 1012.8870
04250.5459 27.1250 56.2500 63.3125 34.63 19.31 1012.8097
04250.3584 27.1250 56.2500 63.3125 34.63 19.31 1012.8097
04250.5581 27.1250 56.2500 63.3125 34.63 19.31 1012.8097
04249.4082 27.1250 56.2500 63.3125 34.63 19.31 1012.8097
04249.3457 27.1250 56.2500 63.3125 34.63 19.31 1012.8097
04249.1206 27.1250 56.2500 63.3125 34.63 19.31 1012.8097
04249.4082 27.1250 56.2500 63.3125 34.63 19.31 1012.8097
04249.3706 27.1250 56.2500 63.3125 34.63 19.31 1012.8097
04249.4082 27.1250 56.2500 63.3125 34.63 19.31 1012.8097
04249.8706 27.1250 56.3125 63.3750 34.63 19.31 1012.8097
04274.3457 27.1250 56.3125 63.3750 34.64 19.28 1012.8890
04274.3457 27.1250 56.3125 63.3750 34.64 19.28 1012.8890
04249.3584 27.1250 56.3125 63.3750 34.64 19.28 1012.8890
04249.1582 27.1250 56.3125 63.3750 34.64 19.28 1012.8890
04249.1709 27.1250 56.3125 63.3750 34.64 19.28 1012.8890
04249.4082 27.1250 56.3125 63.3750 34.64 19.28 1012.8890
04249.4082 27.1250 56.3125 63.3750 34.64 19.28 1012.8890
04249.6206 27.1250 56.3750 63.4375 34.64 19.28 1012.8890
04247.6958 27.1250 56.3750 63.4375 34.64 19.28 1012.8890
04274.1084 27.1250 56.3750 63.4375 34.66 19.27 1012.8664
04249.6460 27.1250 56.3750 63.4375 34.66 19.27 1012.8664
04249.6460 27.1250 56.3750 63.4375 34.66 19.27 1012.8664
04249.3706 27.1250 56.3750 63.4375 34.66 19.27 1012.8664
04249.3960 27.1250 56.3750 63.4375 34.66 19.27 1012.8664
04249.3457 27.1250 56.3750 63.4375 34.66 19.27 1012.8664
04249.1709 27.1250 56.3750 63.4375 34.66 19.27 1012.8664
04273.8457 27.1250 56.3750 63.4375 34.66 19.27 1012.8664
04247.2456 27.1250 56.3750 63.4375 34.66 19.27 1012.8664
04247.4585 27.1250 56.3750 63.4375 34.66 19.27 1012.8664
04249.4082 27.1250 56.3750 63.4375 34.68 19.25 1012.8086
04249.1206 27.1250 56.3750 63.4375 34.68 19.25 1012.8086
04249.1582 27.1250 56.3750 63.4375 34.68 19.25 1012.8086
04249.3706 27.1250 56.3750 63.4375 34.68 19.25 1012.8086
04249.1582 27.1250 56.3750 63.4375 34.68 19.25 1012.8086
04249.1709 27.1250 56.3750 63.5625 34.68 19.25 1012.8086
04247.4707 27.1875 56.4375 63.5625 34.68 19.25 1012.8086
04247.4585 27.1875 56.4375 63.5625 34.68 19.25 1012.8086
04247.2710 27.1875 56.4375 63.5625 34.68 19.25 1012.8086
04249.4082 27.1875 56.4375 63.5625 34.71 19.25 1012.7751
04249.3457 27.1875 56.4375 63.5625 34.71 19.25 1012.7751
04249.1709 27.1875 56.4375 63.5625 34.71 19.25 1012.7751
04249.4082 27.1875 56.4375 63.5625 34.71 19.25 1012.7751
04249.1084 27.1875 56.4375 63.5625 34.71 19.25 1012.7751
04249.1084 27.1875 56.4375 63.5625 34.71 19.25 1012.7751
04247.6958 27.1250 56.5000 63.6250 34.71 19.25 1012.7751
04248.1709 27.1250 56.5000 63.6250 34.71 19.25 1012.7751
04273.1084 27.1250 56.5000 63.6250 34.71 19.25 1012.7751
04273.1084 27.1250 56.5000 63.6250 34.72 19.23 1012.7637
04249.3457 27.1250 56.5000 63.6250 34.72 19.23 1012.7637
04246.5210 27.1250 56.5000 63.6250 34.72 19.23 1012.7637
04246.7583 27.1250 56.5000 63.6250 34.72 19.23 1012.7637
04246.5581 27.1250 56.5000 63.6250 34.72 19.23 1012.7637
04247.9209 27.1875 56.5000 63.6875 34.72 19.23 1012.7637
04247.9707 27.1875 56.5000 63.6875 34.72 19.23 1012.7637
04247.9331 27.1875 56.5000 63.6875 34.72 19.23 1012.7637
04272.8584 27.1875 56.5000 63.6875 34.72 19.23 1012.7637
04246.4956 27.1875 56.5000 63.6875 34.72 19.23 1012.7637
04246.4956 27.1875 56.5000 63.6875 34.72 19.23 1012.7637
04246.2710 27.1875 56.5000 63.6875 34.74 19.21 1012.8237
04246.2583 27.1875 56.5000 63.6875 34.74 19.21 1012.8237
04246.5210 27.1875 56.5000 63.7500 34.74 19.21 1012.8237
04247.2207 27.1875 56.6250 63.7500 34.74 19.21 1012.8237
04247.2456 27.1875 56.6250 63.7500 34.74 19.21 1012.8237
04246.3208 27.1875 56.6250 63.7500 34.74 19.21 1012.8237
04246.5083 27.1875 56.6250 63.7500 34.74 19.21 1012.8237
04246.5581 27.1875 56.6250 63.7500 34.74 19.21 1012.8237
04246.0708 27.1875 56.6250 63.7500 34.74 19.21 1012.8237
04246.5581 27.1875 56.6250 63.7500 34.78 19.22 1012.8338
#terjedesi                                       nyomas  ##
#ido(usec)  T1(C)   T2(C)   T3(C)  T4(C) para(%)  (hPa)
04246.5210 27.1875 56.6250 63.7500 34.78 19.22 1012.8338
04247.7456 27.1875 56.6250 63.8125 34.78 19.22 1012.8338
04247.4458 27.1875 56.6250 63.8125 34.78 19.22 1012.8338
04247.4834 27.1875 56.6250 63.8125 34.78 19.22 1012.8338
04246.5581 27.1875 56.6250 63.8125 34.78 19.22 1012.8338
04246.2710 27.1875 56.6250 63.8125 34.78 19.22 1012.8338
04246.3208 27.1875 56.6250 63.8125 34.78 19.22 1012.8338
04246.5083 27.1875 56.6250 63.8125 34.78 19.22 1012.8338
04246.2959 27.1875 56.6250 63.8125 34.79 19.18 1012.8778
04246.5083 27.1875 56.6875 63.8750 34.79 19.18 1012.8778
04247.4585 27.1875 56.6875 63.8750 34.79 19.18 1012.8778
04246.9956 27.1875 56.6875 63.8750 34.79 19.18 1012.8778
04246.2583 27.1875 56.6875 63.8750 34.79 19.18 1012.8778
04246.2583 27.1875 56.6875 63.8750 34.79 19.18 1012.8778
04245.7959 27.1875 56.6875 63.8750 34.79 19.18 1012.8778
04246.0835 27.1875 56.6875 63.8750 34.79 19.18 1012.8778
04246.0835 27.1875 56.6875 63.8750 34.79 19.18 1012.8778
04245.8457 27.1875 56.6875 63.8750 34.79 19.18 1012.8778
04246.5581 27.1875 56.7500 63.8750 34.82 19.16 1012.7809
04247.2207 27.1875 56.7500 63.8750 34.82 19.16 1012.7809
04247.2583 27.1875 56.7500 63.8750 34.82 19.16 1012.7809
04245.7959 27.1875 56.7500 63.8750 34.82 19.16 1012.7809
04246.0332 27.1875 56.7500 63.8750 34.82 19.16 1012.7809
04246.0708 27.1875 56.7500 63.8750 34.82 19.16 1012.7809
04246.0581 27.1875 56.7500 63.8750 34.82 19.16 1012.7809
04245.8081 27.1875 56.7500 63.8750 34.82 19.16 1012.7809
04247.2085 27.1875 56.8125 63.9375 34.82 19.16 1012.7809
04246.9834 27.1875 56.8125 63.9375 34.84 19.16 1012.8136
04247.2085 27.1875 56.8125 63.9375 34.84 19.16 1012.8136
04246.0332 27.1875 56.8125 63.9375 34.84 19.16 1012.8136
04246.0835 27.1875 56.8125 63.9375 34.84 19.16 1012.8136
04245.7832 27.1875 56.8125 63.9375 34.84 19.16 1012.8136
04246.2832 27.1875 56.8125 63.9375 34.84 19.16 1012.8136
04246.0459 27.1875 56.8125 63.9375 34.84 19.16 1012.8136
04246.3208 27.1875 56.8125 63.9375 34.84 19.16 1012.8136
04246.3081 27.1875 56.8750 64.0625 34.84 19.16 1012.8136
04271.0210 27.1875 56.8750 64.0625 34.84 19.16 1012.8136
04244.6333 27.1875 56.8750 64.0625 34.85 19.12 1012.7829
04246.5459 27.1875 56.8750 64.0625 34.85 19.12 1012.7829
04246.0581 27.1875 56.8750 64.0625 34.85 19.12 1012.7829
04246.0835 27.1875 56.8750 64.0625 34.85 19.12 1012.7829
04245.7959 27.1875 56.8750 64.0625 34.85 19.12 1012.7829
04246.2583 27.1875 56.8750 64.0625 34.85 19.12 1012.7829
04244.6084 27.2500 56.8750 64.0625 34.85 19.12 1012.7829
04244.4209 27.2500 56.8750 64.0625 34.85 19.12 1012.7829
04244.4209 27.2500 56.8750 64.0625 34.85 19.12 1012.7829
04246.5581 27.2500 56.8750 64.0625 34.88 19.12 1012.7768
04246.3081 27.2500 56.8750 64.0625 34.88 19.12 1012.7768
04246.5581 27.2500 56.8750 64.0625 34.88 19.12 1012.7768
04246.2583 27.2500 56.8750 64.0625 34.88 19.12 1012.7768
04246.5210 27.2500 56.8750 64.0625 34.88 19.12 1012.7768
04246.0581 27.2500 56.8750 64.0625 34.88 19.12 1012.7768
04246.2832 27.2500 56.9375 64.1250 34.88 19.12 1012.7768
04244.1333 27.2500 56.9375 64.1250 34.88 19.12 1012.7768
04244.3833 27.2500 56.9375 64.1250 34.88 19.12 1012.7768
04246.0835 27.2500 56.9375 64.1250 34.88 19.12 1012.7768
04246.0459 27.2500 56.9375 64.1250 34.90 19.08 1012.8920
04246.2959 27.2500 56.9375 64.1250 34.90 19.08 1012.8920
04246.2710 27.2500 56.9375 64.1250 34.90 19.08 1012.8920
04270.2583 27.2500 56.9375 64.1250 34.90 19.08 1012.8920
04244.4209 27.2500 57.0000 64.1875 34.90 19.08 1012.8920
04244.6582 27.2500 57.0000 64.1875 34.90 19.08 1012.8920
04244.4209 27.2500 57.0000 64.1875 34.90 19.08 1012.8920
04270.3081 27.2500 57.0000 64.1875 34.90 19.08 1012.8920
04270.0708 27.2500 57.0000 64.1875 34.90 19.08 1012.8920
04243.6582 27.2500 57.0000 64.1875 34.94 19.08 1012.8666
04270.0210 27.2500 57.0000 64.1875 34.94 19.08 1012.8666
04243.2334 27.2500 57.0000 64.1875 34.94 19.08 1012.8666
04243.6460 27.2500 57.0000 64.1875 34.94 19.08 1012.8666
04243.4707 27.2500 57.0625 64.2500 34.94 19.08 1012.8666
04244.8457 27.2500 57.0625 64.2500 34.94 19.08 1012.8666
04244.8457 27.2500 57.0625 64.2500 34.94 19.08 1012.8666
04243.2334 27.2500 57.0625 64.2500 34.94 19.08 1012.8666
#terjedesi                                       nyomas  ##
#ido(usec)  T1(C)   T2(C)   T3(C)  T4(C) para(%)  (hPa)
04243.4331 27.2500 57.0625 64.2500 34.94 19.08 1012.8666
04242.9331 27.2500 57.0625 64.2500 34.94 19.05 1012.8746
04243.4458 27.2500 57.0625 64.2500 34.94 19.05 1012.8746
04243.6582 27.2500 57.0625 64.2500 34.94 19.05 1012.8746
04243.4331 27.2500 57.0625 64.3125 34.94 19.05 1012.8746
04244.4209 27.2500 57.0625 64.3125 34.94 19.05 1012.8746
04244.1831 27.2500 57.0625 64.3125 34.94 19.05 1012.8746
04243.2085 27.2500 57.0625 64.3125 34.94 19.05 1012.8746
04243.1958 27.2500 57.0625 64.3125 34.94 19.05 1012.8746
04242.9458 27.2500 57.0625 64.3125 34.94 19.05 1012.8746
04243.1831 27.2500 57.0625 64.3125 34.94 19.05 1012.8746
04242.9956 27.2500 57.0625 64.3125 34.94 19.05 1012.8746
04242.9458 27.2500 57.0625 64.3125 34.97 19.03 1012.9426
04244.6460 27.2500 57.1250 64.3750 34.97 19.03 1012.9426
04244.6084 27.2500 57.1250 64.3750 34.97 19.03 1012.9426
04244.6460 27.2500 57.1250 64.3750 34.97 19.03 1012.9426
04243.6958 27.2500 57.1250 64.3750 34.97 19.03 1012.9426
04243.6831 27.2500 57.1250 64.3750 34.97 19.03 1012.9426
04242.9331 27.2500 57.1250 64.3750 34.97 19.03 1012.9426
04243.6460 27.2500 57.1250 64.3750 34.97 19.03 1012.9426
04243.4209 27.2500 57.1250 64.3750 34.99 19.01 1012.8459
04243.6582 27.2500 57.1250 64.4375 34.99 19.01 1012.8459
04244.8833 27.3125 57.1875 64.4375 34.99 19.01 1012.8459
04244.6582 27.3125 57.1875 64.4375 34.99 19.01 1012.8459
04244.4209 27.3125 57.1875 64.4375 34.99 19.01 1012.8459
04243.2085 27.3125 57.1875 64.4375 34.99 19.01 1012.8459
04242.9956 27.3125 57.1875 64.4375 34.99 19.01 1012.8459
04243.2334 27.3125 57.1875 64.4375 34.99 19.01 1012.8459
04243.6958 27.3125 57.1875 64.4375 34.99 19.01 1012.8459
04243.1831 27.3125 57.1875 64.4375 34.99 19.01 1012.8459
04243.2085 27.3125 57.1875 64.4375 35.01 19.01 1012.8072
04244.6582 27.3125 57.2500 64.5000 35.01 19.01 1012.8072
04244.3833 27.3125 57.2500 64.5000 35.01 19.01 1012.8072
04243.4707 27.3125 57.2500 64.5000 35.01 19.01 1012.8072
04243.2334 27.3125 57.2500 64.5000 35.01 19.01 1012.8072
04243.4209 27.3125 57.2500 64.5000 35.01 19.01 1012.8072
04242.9956 27.3125 57.2500 64.5000 35.01 19.01 1012.8072
04242.9956 27.3125 57.2500 64.5000 35.01 19.01 1012.8072
04243.2334 27.3125 57.2500 64.5000 35.01 19.01 1012.8072
04268.3457 27.3125 57.2500 64.5625 35.01 19.01 1012.8072
04268.3960 27.3125 57.2500 64.5625 35.04 18.97 1012.8367
04244.4209 27.3125 57.2500 64.5625 35.04 18.97 1012.8367
04243.1831 27.3125 57.2500 64.5625 35.04 18.97 1012.8367
04243.6460 27.3125 57.2500 64.5625 35.04 18.97 1012.8367
04243.1831 27.3125 57.2500 64.5625 35.04 18.97 1012.8367
04243.2334 27.3125 57.2500 64.5625 35.04 18.97 1012.8367
04243.2334 27.3125 57.2500 64.5625 35.04 18.97 1012.8367
04243.7085 27.3125 57.2500 64.6250 35.04 18.97 1012.8367
04241.5708 27.3125 57.3125 64.6250 35.04 18.97 1012.8367
04241.9956 27.3125 57.3125 64.6250 35.06 18.95 1012.8419
04243.4209 27.3125 57.3125 64.6250 35.06 18.95 1012.8419
04243.4209 27.3125 57.3125 64.6250 35.06 18.95 1012.8419
04243.4331 27.3125 57.3125 64.6250 35.06 18.95 1012.8419
04243.4209 27.3125 57.3125 64.6250 35.06 18.95 1012.8419
04243.1958 27.3125 57.3125 64.6250 35.06 18.95 1012.8419
04243.4331 27.3125 57.3125 64.6250 35.06 18.95 1012.8419
04241.5708 27.3125 57.4375 64.6875 35.06 18.95 1012.8419
04241.8081 27.3125 57.4375 64.6875 35.06 18.95 1012.8419
04241.8081 27.3125 57.4375 64.6875 35.06 18.95 1012.8419
04243.6709 27.3125 57.4375 64.6875 35.09 18.94 1012.9099
04243.6582 27.3125 57.4375 64.6875 35.09 18.94 1012.9099
04267.4082 27.3125 57.4375 64.6875 35.09 18.94 1012.9099
04243.2085 27.3125 57.4375 64.6875 35.09 18.94 1012.9099
04267.4585 27.3125 57.4375 64.6875 35.09 18.94 1012.9099
04241.0459 27.3125 57.4375 64.7500 35.09 18.94 1012.9099
04241.7832 27.3125 57.4375 64.7500 35.09 18.94 1012.9099
04241.5210 27.3125 57.4375 64.7500 35.09 18.94 1012.9099
04243.4209 27.3125 57.4375 64.7500 35.09 18.94 1012.9099
04243.4707 27.3125 57.4375 64.7500 35.12 18.92 1012.8488
04267.4585 27.3125 57.4375 64.7500 35.12 18.92 1012.8488
04240.8584 27.3125 57.4375 64.7500 35.12 18.92 1012.8488
04243.2334 27.3125 57.4375 64.7500 35.12 18.92 1012.8488
04240.8584 27.3125 57.4375 64.7500 35.12 18.92 1012.8488
#terjedesi                                       nyomas  ##
#ido(usec)  T1(C)   T2(C)   T3(C)  T4(C) para(%)  (hPa)
04267.1709 27.3125 57.5000 64.7500 35.12 18.92 1012.8488
04235.1206 27.3125 57.5000 64.7500 35.12 18.92 1012.8488
04241.5332 27.3125 57.5000 64.7500 35.12 18.92 1012.8488
04240.7959 27.3125 57.5000 64.7500 35.12 18.92 1012.8488
04266.9458 27.3125 57.5000 64.7500 35.12 18.92 1012.8488
04266.7334 27.3125 57.5000 64.7500 35.13 18.89 1012.8374
04240.6206 27.3125 57.5000 64.7500 35.13 18.89 1012.8374
04242.9707 27.3125 57.5000 64.7500 35.13 18.89 1012.8374
04241.7456 27.3750 57.5625 64.8125 35.13 18.89 1012.8374
04241.2832 27.3750 57.5625 64.8125 35.13 18.89 1012.8374
04241.5210 27.3750 57.5625 64.8125 35.13 18.89 1012.8374
04240.5708 27.3750 57.5625 64.8125 35.13 18.89 1012.8374
04240.1333 27.3750 57.5625 64.8125 35.13 18.89 1012.8374
04240.6206 27.3750 57.5625 64.8125 35.13 18.89 1012.8374
04240.3584 27.3750 57.5625 64.8125 35.16 18.88 1012.8864
04240.3833 27.3750 57.5625 64.8125 35.16 18.88 1012.8864
04240.6206 27.3750 57.5625 64.8125 35.16 18.88 1012.8864
04240.3208 27.3750 57.5625 64.8750 35.16 18.88 1012.8864
04241.5708 27.3750 57.5625 64.8750 35.16 18.88 1012.8864
04241.5083 27.3750 57.5625 64.8750 35.16 18.88 1012.8864
04240.5708 27.3750 57.5625 64.8750 35.16 18.88 1012.8864
04240.6206 27.3750 57.5625 64.8750 35.16 18.88 1012.8864
04240.0957 27.3750 57.5625 64.8750 35.16 18.88 1012.8864
04240.1460 27.3750 57.5625 64.8750 35.19 18.86 1012.8802
04240.3208 27.3750 57.5625 64.8750 35.19 18.86 1012.8802
04241.5210 27.3750 57.6250 64.9375 35.19 18.86 1012.8802
04241.5210 27.3750 57.6250 64.9375 35.19 18.86 1012.8802
04242.2334 27.3750 57.6250 64.9375 35.19 18.86 1012.8802
04240.6206 27.3750 57.6250 64.9375 35.19 18.86 1012.8802
04240.5581 27.3750 57.6250 64.9375 35.19 18.86 1012.8802
04240.3584 27.3750 57.6250 64.9375 35.19 18.86 1012.8802
04240.5581 27.3750 57.6250 64.9375 35.19 18.86 1012.8802
04240.8584 27.3750 57.6250 64.9375 35.19 18.86 1012.8802
04240.8584 27.3750 57.6250 64.9375 35.21 18.85 1012.8385
04240.0835 27.3750 57.6875 65.0000 35.21 18.85 1012.8385
04241.8081 27.3750 57.6875 65.0000 35.21 18.85 1012.8385
04241.9834 27.3750 57.6875 65.0000 35.21 18.85 1012.8385
04240.6206 27.3750 57.6875 65.0000 35.21 18.85 1012.8385
04240.5708 27.3750 57.6875 65.0000 35.21 18.85 1012.8385
04240.6206 27.3750 57.6875 65.0000 35.21 18.85 1012.8385
04240.5708 27.3750 57.6875 65.0000 35.21 18.85 1012.8385
04240.3706 27.3750 57.6875 65.0000 35.21 18.85 1012.8385
04241.5083 27.3750 57.7500 65.0625 35.24 18.83 1012.9065
04241.5210 27.3750 57.7500 65.0625 35.24 18.83 1012.9065
04241.5708 27.3750 57.7500 65.0625 35.24 18.83 1012.9065
04240.6206 27.3750 57.7500 65.0625 35.24 18.83 1012.9065
04240.6206 27.3750 57.7500 65.0625 35.24 18.83 1012.9065
04240.8081 27.3750 57.7500 65.0625 35.24 18.83 1012.9065
04240.7959 27.3750 57.7500 65.0625 35.24 18.83 1012.9065
04240.7959 27.3750 57.7500 65.0625 35.24 18.83 1012.9065
04240.5708 27.3750 57.7500 65.0625 35.24 18.83 1012.9065
04240.3833 27.3750 57.8125 65.1250 35.24 18.83 1012.9065
04238.9331 27.3750 57.8125 65.1250 35.28 18.80 1012.8535
04265.2710 27.3750 57.8125 65.1250 35.28 18.80 1012.8535
04240.8081 27.3750 57.8125 65.1250 35.28 18.80 1012.8535
04240.6206 27.3750 57.8125 65.1250 35.28 18.80 1012.8535
04240.8081 27.3750 57.8125 65.1250 35.28 18.80 1012.8535
04240.5581 27.3750 57.8125 65.1250 35.28 18.80 1012.8535
04240.5708 27.3750 57.8125 65.1250 35.28 18.80 1012.8535
04265.0332 27.3750 57.8750 65.1875 35.28 18.80 1012.8535
04239.3706 27.3750 57.8750 65.1875 35.28 18.80 1012.8535
04238.7207 27.3750 57.8750 65.1875 35.28 18.80 1012.8535
04240.8081 27.3750 57.8750 65.1875 35.29 18.79 1012.8781
04240.5835 27.3750 57.8750 65.1875 35.29 18.79 1012.8781
04240.3584 27.3750 57.8750 65.1875 35.29 18.79 1012.8781
04240.5835 27.3750 57.8750 65.1875 35.29 18.79 1012.8781
04240.6206 27.3750 57.8750 65.1875 35.29 18.79 1012.8781
04240.6206 27.3750 57.8750 65.1875 35.29 18.79 1012.8781
04238.6709 27.3750 57.8750 65.2500 35.29 18.79 1012.8781
04238.7207 27.3750 57.8750 65.2500 35.29 18.79 1012.8781
04239.1460 27.3750 57.8750 65.2500 35.29 18.79 1012.8781
04240.5835 27.3750 57.8750 65.2500 35.32 18.77 1012.7810
04240.3208 27.3750 57.8750 65.2500 35.32 18.77 1012.7810
#terjedesi                                       nyomas  ##
#ido(usec)  T1(C)   T2(C)   T3(C)  T4(C) para(%)  (hPa)
04240.5835 27.3750 57.8750 65.2500 35.32 18.77 1012.7810
04264.3457 27.3750 57.8750 65.2500 35.32 18.77 1012.7810
04240.3335 27.3750 57.8750 65.2500 35.32 18.77 1012.7810
04264.3706 27.3750 57.8750 65.3125 35.32 18.77 1012.7810
04238.7207 27.4375 57.9375 65.3125 35.32 18.77 1012.7810
04238.6958 27.4375 57.9375 65.3125 35.32 18.77 1012.7810
04238.9082 27.4375 57.9375 65.3125 35.32 18.77 1012.7810
04264.3457 27.4375 57.9375 65.3125 35.32 18.77 1012.7810
04240.3833 27.4375 57.9375 65.3125 35.35 18.74 1012.8574
04264.3706 27.4375 57.9375 65.3125 35.35 18.74 1012.8574
04240.3335 27.4375 57.9375 65.3125 35.35 18.74 1012.8574
04264.0708 27.4375 57.9375 65.3125 35.35 18.74 1012.8574
04264.0957 27.4375 57.9375 65.3125 35.35 18.74 1012.8574
04238.6831 27.3750 58.0625 65.3750 35.35 18.74 1012.8574
04238.9585 27.3750 58.0625 65.3750 35.35 18.74 1012.8574
04237.7583 27.3750 58.0625 65.3750 35.35 18.74 1012.8574
04237.5332 27.3750 58.0625 65.3750 35.35 18.74 1012.8574
04237.7085 27.3750 58.0625 65.3750 35.37 18.73 1012.8156
04237.7456 27.3750 58.0625 65.3750 35.37 18.73 1012.8156
04237.4707 27.3750 58.0625 65.3750 35.37 18.73 1012.8156
04237.7456 27.3750 58.0625 65.3750 35.37 18.73 1012.8156
04238.7207 27.4375 58.0625 65.4375 35.37 18.73 1012.8156
04238.9209 27.4375 58.0625 65.4375 35.37 18.73 1012.8156
04238.7207 27.4375 58.0625 65.4375 35.37 18.73 1012.8156
04237.2456 27.4375 58.0625 65.4375 35.37 18.73 1012.8156
04237.4707 27.4375 58.0625 65.4375 35.37 18.73 1012.8156
04237.7710 27.4375 58.0625 65.4375 35.37 18.73 1012.8156
04237.7583 27.4375 58.0625 65.4375 35.39 18.69 1012.8674
04237.4834 27.4375 58.0625 65.4375 35.39 18.69 1012.8674
04237.7207 27.4375 58.0625 65.5000 35.39 18.69 1012.8674
04238.6958 27.4375 58.1250 65.5000 35.39 18.69 1012.8674
04238.4585 27.4375 58.1250 65.5000 35.39 18.69 1012.8674
04237.7207 27.4375 58.1250 65.5000 35.39 18.69 1012.8674
04237.2832 27.4375 58.1250 65.5000 35.39 18.69 1012.8674
04237.4834 27.4375 58.1250 65.5000 35.39 18.69 1012.8674
04237.0581 27.4375 58.1250 65.5000 35.39 18.69 1012.8674
04237.4707 27.4375 58.1250 65.5000 35.41 18.69 1012.8807
04237.4956 27.4375 58.1250 65.5000 35.41 18.69 1012.8807
04238.6582 27.4375 58.1875 65.5625 35.41 18.69 1012.8807
04238.9585 27.4375 58.1875 65.5625 35.41 18.69 1012.8807
04238.7207 27.4375 58.1875 65.5625 35.41 18.69 1012.8807
04237.4707 27.4375 58.1875 65.5625 35.41 18.69 1012.8807
04237.7085 27.4375 58.1875 65.5625 35.41 18.69 1012.8807
04237.2710 27.4375 58.1875 65.5625 35.41 18.69 1012.8807
04237.7583 27.4375 58.1875 65.5625 35.41 18.69 1012.8807
04237.2334 27.4375 58.1875 65.5625 35.41 18.69 1012.8807
04237.9956 27.4375 58.2500 65.6250 35.44 18.65 1012.8470
04238.2334 27.4375 58.2500 65.6250 35.44 18.65 1012.8470
04238.6709 27.4375 58.2500 65.6250 35.44 18.65 1012.8470
04237.0581 27.4375 58.2500 65.6250 35.44 18.65 1012.8470
04237.4834 27.4375 58.2500 65.6250 35.44 18.65 1012.8470
04237.4834 27.4375 58.2500 65.6250 35.44 18.65 1012.8470
04237.2959 27.4375 58.2500 65.6250 35.44 18.65 1012.8470
04237.2710 27.4375 58.2500 65.6250 35.44 18.65 1012.8470
04237.5083 27.4375 58.2500 65.6250 35.44 18.65 1012.8470
04237.2959 27.4375 58.3125 65.6250 35.46 18.60 1012.8244
04238.6582 27.4375 58.3125 65.6250 35.46 18.60 1012.8244
04238.2085 27.4375 58.3125 65.6250 35.46 18.60 1012.8244
04237.4707 27.4375 58.3125 65.6250 35.46 18.60 1012.8244
04237.0210 27.4375 58.3125 65.6250 35.46 18.60 1012.8244
04237.2456 27.4375 58.3125 65.6250 35.46 18.60 1012.8244
04237.2456 27.4375 58.3125 65.6250 35.46 18.60 1012.8244
04237.7334 27.4375 58.3125 65.6250 35.46 18.60 1012.8244
04262.4458 27.5000 58.3125 65.6875 35.46 18.60 1012.8244
04262.4585 27.5000 58.3125 65.6875 35.49 18.59 1012.8182
04262.2207 27.5000 58.3125 65.6875 35.49 18.59 1012.8182
04237.5332 27.5000 58.3125 65.6875 35.49 18.59 1012.8182
04237.2832 27.5000 58.3125 65.6875 35.49 18.59 1012.8182
04237.2334 27.5000 58.3125 65.6875 35.49 18.59 1012.8182
04237.2334 27.5000 58.3125 65.6875 35.49 18.59 1012.8182
04237.7207 27.5000 58.3125 65.6875 35.49 18.59 1012.8182
04237.7456 27.5000 58.3125 65.6875 35.49 18.59 1012.8182
04237.7207 27.5000 58.4375 65.7500 35.49 18.59 1012.8182
#terjedesi                                       nyomas  ##
#ido(usec)  T1(C)   T2(C)   T3(C)  T4(C) para(%)  (hPa)
04235.6333 27.5000 58.4375 65.7500 35.49 18.59 1012.8182
04255.5459 27.5000 58.4375 65.7500 35.49 18.59 1012.8182
04237.7207 27.5000 58.4375 65.7500 35.53 18.56 1012.8671
04237.2959 27.5000 58.4375 65.7500 35.53 18.56 1012.8671
04237.4956 27.5000 58.4375 65.7500 35.53 18.56 1012.8671
04237.7207 27.5000 58.4375 65.7500 35.53 18.56 1012.8671
04237.4707 27.5000 58.4375 65.7500 35.53 18.56 1012.8671
04235.3706 27.5000 58.4375 65.8125 35.53 18.56 1012.8671
04236.2832 27.5000 58.4375 65.8125 35.53 18.56 1012.8671
04235.8706 27.5000 58.4375 65.8125 35.53 18.56 1012.8671
04237.4834 27.5000 58.4375 65.8125 35.58 18.55 1012.7832
04237.2959 27.5000 58.4375 65.8125 35.58 18.55 1012.7832
04237.5332 27.5000 58.4375 65.8125 35.58 18.55 1012.7832
04237.4707 27.5000 58.4375 65.8125 35.58 18.55 1012.7832
04237.2959 27.5000 58.4375 65.8125 35.58 18.55 1012.7832
04237.5332 27.5000 58.4375 65.8125 35.58 18.55 1012.7832
04237.2959 27.5000 58.5625 65.8750 35.58 18.55 1012.7832
04235.8706 27.5000 58.5625 65.8750 35.58 18.55 1012.7832
04236.0835 27.5000 58.5625 65.8750 35.58 18.55 1012.7832
04261.2456 27.5000 58.5625 65.8750 35.58 18.55 1012.7832
04237.2334 27.5000 58.5625 65.8750 35.58 18.51 1012.8658
04237.2583 27.5000 58.5625 65.8750 35.58 18.51 1012.8658
04261.2583 27.5000 58.5625 65.8750 35.58 18.51 1012.8658
04234.6831 27.5000 58.5625 65.8750 35.58 18.51 1012.8658
04236.0708 27.5000 58.5625 65.9375 35.58 18.51 1012.8658
04235.6333 27.5000 58.5625 65.9375 35.58 18.51 1012.8658
04235.5957 27.5000 58.5625 65.9375 35.58 18.51 1012.8658
04261.0459 27.5000 58.5625 65.9375 35.58 18.51 1012.8658
04260.9834 27.5000 58.5625 65.9375 35.58 18.51 1012.8658
04261.0210 27.5000 58.5625 65.9375 35.58 18.51 1012.8658
04234.6206 27.5000 58.5625 65.9375 35.61 18.48 1012.8127
04234.4458 27.5000 58.5625 65.9375 35.61 18.48 1012.8127
04234.6333 27.5000 58.5625 65.9375 35.61 18.48 1012.8127
04234.3960 27.5000 58.6250 66.0000 35.61 18.48 1012.8127
04235.3706 27.5000 58.6250 66.0000 35.61 18.48 1012.8127
04235.3706 27.5000 58.6250 66.0000 35.61 18.48 1012.8127
04234.3960 27.5000 58.6250 66.0000 35.61 18.48 1012.8127
04234.4458 27.5000 58.6250 66.0000 35.61 18.48 1012.8127
04234.4458 27.5000 58.6250 66.0000 35.61 18.48 1012.8127
04234.4331 27.5000 58.6250 66.0000 35.64 18.46 1012.8259
04234.3960 27.5000 58.6250 66.0000 35.64 18.46 1012.8259
04234.6831 27.5625 58.6875 66.0000 35.64 18.46 1012.8259
04235.1582 27.5625 58.6875 66.0000 35.64 18.46 1012.8259
04235.6206 27.5625 58.6875 66.0000 35.64 18.46 1012.8259
04234.3960 27.5625 58.6875 66.0000 35.64 18.46 1012.8259
04234.6709 27.5625 58.6875 66.0000 35.64 18.46 1012.8259
04233.9209 27.5625 58.6875 66.0000 35.64 18.46 1012.8259
04234.4082 27.5625 58.6875 66.0000 35.64 18.46 1012.8259
04234.6582 27.5625 58.6875 66.0000 35.64 18.46 1012.8259
04234.4458 27.5625 58.6875 66.0000 35.67 18.44 1012.8275
04235.3457 27.5625 58.7500 66.1250 35.67 18.44 1012.8275
04235.3833 27.5625 58.7500 66.1250 35.67 18.44 1012.8275
04235.3457 27.5625 58.7500 66.1250 35.67 18.44 1012.8275
04234.1958 27.5625 58.7500 66.1250 35.67 18.44 1012.8275
04234.3960 27.5625 58.7500 66.1250 35.67 18.44 1012.8275
04234.4331 27.5625 58.7500 66.1250 35.67 18.44 1012.8275
04234.1958 27.5625 58.7500 66.1250 35.67 18.44 1012.8275
04234.2085 27.5625 58.7500 66.1250 35.67 18.44 1012.8275
04234.1582 27.5625 58.7500 66.1250 35.68 18.42 1012.8440
04235.5835 27.5625 58.8125 66.1250 35.68 18.42 1012.8440
04235.6206 27.5625 58.8125 66.1250 35.68 18.42 1012.8440
04235.5708 27.5625 58.8125 66.1250 35.68 18.42 1012.8440
04234.6206 27.5625 58.8125 66.1250 35.68 18.42 1012.8440
04234.4458 27.5625 58.8125 66.1250 35.68 18.42 1012.8440
04234.4458 27.5625 58.8125 66.1250 35.68 18.42 1012.8440
04234.4458 27.5625 58.8125 66.1250 35.68 18.42 1012.8440
04234.8706 27.5625 58.8125 66.1250 35.68 18.42 1012.8440
04234.6333 27.5625 58.8125 66.1250 35.68 18.42 1012.8440
04259.5708 27.5625 58.8750 66.1875 35.71 18.39 1012.8378
04259.5708 27.5625 58.8750 66.1875 35.71 18.39 1012.8378
04235.1084 27.5625 58.8750 66.1875 35.71 18.39 1012.8378
04234.6333 27.5625 58.8750 66.1875 35.71 18.39 1012.8378
04235.3457 27.5625 58.8750 66.1875 35.71 18.39 1012.8378
#terjedesi                                       nyomas  ##
#ido(usec)  T1(C)   T2(C)   T3(C)  T4(C) para(%)  (hPa)
04234.8960 27.5625 58.8750 66.1875 35.71 18.39 1012.8378
04234.8960 27.5625 58.8750 66.1875 35.71 18.39 1012.8378
04234.6333 27.5625 58.8750 66.1875 35.71 18.39 1012.8378
04235.3833 27.5625 58.9375 66.2500 35.71 18.39 1012.8378
04232.7207 27.5625 58.9375 66.2500 35.73 18.38 1012.8152
04259.5581 27.5625 58.9375 66.2500 35.73 18.38 1012.8152
04234.6460 27.5625 58.9375 66.2500 35.73 18.38 1012.8152
04234.6831 27.5625 58.9375 66.2500 35.73 18.38 1012.8152
04234.6333 27.5625 58.9375 66.2500 35.73 18.38 1012.8152
04234.6582 27.5625 58.9375 66.2500 35.73 18.38 1012.8152
04234.8706 27.5625 58.9375 66.2500 35.73 18.38 1012.8152
04235.1084 27.5625 58.9375 66.3125 35.73 18.38 1012.8152
04232.7334 27.5625 58.9375 66.3125 35.73 18.38 1012.8152
04232.7207 27.5625 58.9375 66.3125 35.77 18.34 1012.8640
04234.6333 27.5625 58.9375 66.3125 35.77 18.34 1012.8640
04234.3833 27.5625 58.9375 66.3125 35.77 18.34 1012.8640
04234.1582 27.5625 58.9375 66.3125 35.77 18.34 1012.8640
04234.6831 27.5625 58.9375 66.3125 35.77 18.34 1012.8640
04234.8584 27.5625 58.9375 66.3125 35.77 18.34 1012.8640
04234.3833 27.5625 58.9375 66.3125 35.77 18.34 1012.8640
04232.5459 27.5625 59.0000 66.3750 35.77 18.34 1012.8640
04232.5459 27.5625 59.0000 66.3750 35.77 18.34 1012.8640
04232.4834 27.5625 59.0000 66.3750 35.77 18.34 1012.8640
04258.6582 27.5625 59.0000 66.3750 35.80 18.32 1012.8109
04234.6582 27.5625 59.0000 66.3750 35.80 18.32 1012.8109
04234.8706 27.5625 59.0000 66.3750 35.80 18.32 1012.8109
04258.4082 27.5625 59.0000 66.3750 35.80 18.32 1012.8109
04234.6333 27.5625 59.0000 66.3750 35.80 18.32 1012.8109
04232.0708 27.6250 59.0625 66.4375 35.80 18.32 1012.8109
04232.4956 27.6250 59.0625 66.4375 35.80 18.32 1012.8109
04232.4956 27.6250 59.0625 66.4375 35.80 18.32 1012.8109
04234.1958 27.6250 59.0625 66.4375 35.80 18.32 1012.8109
04234.1958 27.6250 59.0625 66.4375 35.83 18.30 1012.8513
04258.1709 27.6250 59.0625 66.4375 35.83 18.30 1012.8513
04234.4209 27.6250 59.0625 66.4375 35.83 18.30 1012.8513
04257.9585 27.6250 59.0625 66.4375 35.83 18.30 1012.8513
04258.1709 27.6250 59.0625 66.4375 35.83 18.30 1012.8513
04258.3706 27.6250 59.1250 66.5625 35.83 18.30 1012.8513
04232.7832 27.6250 59.1250 66.5625 35.83 18.30 1012.8513
04232.7207 27.6250 59.1250 66.5625 35.83 18.30 1012.8513
04231.8335 27.6250 59.1250 66.5625 35.83 18.30 1012.8513
04231.5957 27.6250 59.1250 66.5625 35.83 18.30 1012.8513
04231.5708 27.6250 59.1250 66.5625 35.86 18.28 1012.8451
04231.5957 27.6250 59.1250 66.5625 35.86 18.28 1012.8451
04231.8081 27.6250 59.1250 66.5625 35.86 18.28 1012.8451
04232.9707 27.6250 59.1875 66.6250 35.86 18.28 1012.8451
04232.7583 27.6250 59.1875 66.6250 35.86 18.28 1012.8451
04232.7334 27.6250 59.1875 66.6250 35.86 18.28 1012.8451
04231.5957 27.6250 59.1875 66.6250 35.86 18.28 1012.8451
04231.3584 27.6250 59.1875 66.6250 35.86 18.28 1012.8451
04231.1206 27.6250 59.1875 66.6250 35.86 18.28 1012.8451
04231.3584 27.6250 59.1875 66.6250 35.88 18.24 1012.8583
04231.5957 27.6250 59.1875 66.6250 35.88 18.24 1012.8583
04231.3457 27.6250 59.1875 66.6250 35.88 18.24 1012.8583
04231.7832 27.6250 59.2500 66.6875 35.88 18.24 1012.8583
04233.0210 27.6250 59.2500 66.6875 35.88 18.24 1012.8583
04232.7832 27.6250 59.2500 66.6875 35.88 18.24 1012.8583
04231.5957 27.6250 59.2500 66.6875 35.88 18.24 1012.8583
04231.3584 27.6250 59.2500 66.6875 35.88 18.24 1012.8583
04231.5459 27.6250 59.2500 66.6875 35.88 18.24 1012.8583
04231.3208 27.6250 59.2500 66.6875 35.88 18.24 1012.8583
04231.5708 27.6250 59.2500 66.6875 35.91 18.23 1012.7889
04232.7334 27.6250 59.2500 66.7500 35.91 18.23 1012.7889
04232.2456 27.6250 59.2500 66.7500 35.91 18.23 1012.7889
04232.7832 27.6250 59.2500 66.7500 35.91 18.23 1012.7889
04231.8335 27.6250 59.2500 66.7500 35.91 18.23 1012.7889
04231.8335 27.6250 59.2500 66.7500 35.91 18.23 1012.7889
04232.0459 27.6250 59.2500 66.7500 35.91 18.23 1012.7889
04231.5957 27.6250 59.2500 66.7500 35.91 18.23 1012.7889
04231.3584 27.6250 59.2500 66.7500 35.91 18.23 1012.7889
04231.5332 27.6250 59.2500 66.7500 35.91 18.23 1012.7889
04231.5835 27.6250 59.3125 66.8125 35.93 18.20 1012.8019
04232.7456 27.6250 59.3125 66.8125 35.93 18.20 1012.8019
#terjedesi                                       nyomas  ##
#ido(usec)  T1(C)   T2(C)   T3(C)  T4(C) para(%)  (hPa)
04232.5459 27.6250 59.3125 66.8125 35.93 18.20 1012.8019
04231.0581 27.6250 59.3125 66.8125 35.93 18.20 1012.8019
04231.3584 27.6250 59.3125 66.8125 35.93 18.20 1012.8019
04231.8081 27.6250 59.3125 66.8125 35.93 18.20 1012.8019
04231.5459 27.6250 59.3125 66.8125 35.93 18.20 1012.8019
04231.7832 27.6250 59.3125 66.8125 35.93 18.20 1012.8019
04232.4956 27.6875 59.3750 66.8125 35.93 18.20 1012.8019
04256.5332 27.6875 59.3750 66.8125 35.95 18.19 1012.8264
04232.5459 27.6875 59.3750 66.8125 35.95 18.19 1012.8264
04231.3208 27.6875 59.3750 66.8125 35.95 18.19 1012.8264
04231.1206 27.6875 59.3750 66.8125 35.95 18.19 1012.8264
04231.5459 27.6875 59.3750 66.8125 35.95 18.19 1012.8264
04231.5332 27.6875 59.3750 66.8125 35.95 18.19 1012.8264
04231.3335 27.6875 59.3750 66.8125 35.95 18.19 1012.8264
04231.3584 27.6875 59.3750 66.8125 35.95 18.19 1012.8264
04231.5332 27.6875 59.4375 66.8750 35.95 18.19 1012.8264
04229.8706 27.6875 59.4375 66.8750 35.95 18.19 1012.8264
04229.8833 27.6875 59.4375 66.8750 35.98 18.18 1012.8008
04231.5459 27.6875 59.4375 66.8750 35.98 18.18 1012.8008
04231.5708 27.6875 59.4375 66.8750 35.98 18.18 1012.8008
04231.5835 27.6875 59.4375 66.8750 35.98 18.18 1012.8008
04231.5459 27.6875 59.4375 66.8750 35.98 18.18 1012.8008
04231.5459 27.6875 59.4375 66.8750 35.98 18.18 1012.8008
04231.8335 27.6875 59.5000 67.0000 35.98 18.18 1012.8008
04229.6958 27.6875 59.5000 67.0000 35.98 18.18 1012.8008
04256.0581 27.6875 59.5000 67.0000 35.98 18.18 1012.8008
04231.5581 27.6875 59.5000 67.0000 36.02 18.14 1012.7667
04231.5459 27.6875 59.5000 67.0000 36.02 18.14 1012.7667
04231.8208 27.6875 59.5000 67.0000 36.02 18.14 1012.7667
04231.7710 27.6875 59.5000 67.0000 36.02 18.14 1012.7667
04231.5835 27.6875 59.5000 67.0000 36.02 18.14 1012.7667
04231.5332 27.6875 59.5000 67.0000 36.02 18.14 1012.7667
04229.4331 27.6875 59.5625 67.0000 36.02 18.14 1012.7667
04229.4331 27.6875 59.5625 67.0000 36.02 18.14 1012.7667
04229.6460 27.6875 59.5625 67.0000 36.02 18.14 1012.7667
04231.2959 27.6875 59.5625 67.0000 36.04 18.14 1012.6973
04231.3584 27.6875 59.5625 67.0000 36.04 18.14 1012.6973
04231.3457 27.6875 59.5625 67.0000 36.04 18.14 1012.6973
04231.7710 27.6875 59.5625 67.0000 36.04 18.14 1012.6973
04255.5332 27.6875 59.5625 67.0000 36.04 18.14 1012.6973
04255.3457 27.6875 59.5625 67.0625 36.04 18.14 1012.6973
04229.8833 27.6875 59.6250 67.0625 36.04 18.14 1012.6973
04229.9331 27.6875 59.6250 67.0625 36.04 18.14 1012.6973
04229.8960 27.6875 59.6250 67.0625 36.04 18.14 1012.6973
04255.3457 27.6875 59.6250 67.0625 36.04 18.14 1012.6973
04231.3584 27.6875 59.6250 67.0625 36.09 18.10 1012.8254
04231.0835 27.6875 59.6250 67.0625 36.09 18.10 1012.8254
04255.2959 27.6875 59.6250 67.0625 36.09 18.10 1012.8254
04228.6958 27.6875 59.6250 67.0625 36.09 18.10 1012.8254
04228.9331 27.6875 59.6250 67.0625 36.09 18.10 1012.8254
04229.4585 27.6875 59.6875 67.1875 36.09 18.10 1012.8254
04229.6709 27.6875 59.6875 67.1875 36.09 18.10 1012.8254
04228.7334 27.6875 59.6875 67.1875 36.09 18.10 1012.8254
04228.7334 27.6875 59.6875 67.1875 36.09 18.10 1012.8254
04228.4707 27.6875 59.6875 67.1875 36.09 18.08 1012.8335
04228.6958 27.6875 59.6875 67.1875 36.09 18.08 1012.8335
04228.7456 27.6875 59.6875 67.1875 36.09 18.08 1012.8335
04228.6958 27.6875 59.6875 67.1875 36.09 18.08 1012.8335
04230.1084 27.6875 59.7500 67.1875 36.09 18.08 1012.8335
04229.8833 27.6875 59.7500 67.1875 36.09 18.08 1012.8335
04229.9331 27.6875 59.7500 67.1875 36.09 18.08 1012.8335
04228.7456 27.6875 59.7500 67.1875 36.09 18.08 1012.8335
04228.6831 27.6875 59.7500 67.1875 36.09 18.08 1012.8335
04228.9834 27.6875 59.7500 67.1875 36.09 18.08 1012.8335
04228.9834 27.6875 59.7500 67.1875 36.13 18.07 1012.8354
04228.4585 27.6875 59.7500 67.1875 36.13 18.07 1012.8354
04228.9209 27.6875 59.7500 67.3125 36.13 18.07 1012.8354
04229.9331 27.6875 59.8125 67.3125 36.13 18.07 1012.8354
04230.1206 27.6875 59.8125 67.3125 36.13 18.07 1012.8354
04228.9331 27.6875 59.8125 67.3125 36.13 18.07 1012.8354
04228.7456 27.6875 59.8125 67.3125 36.13 18.07 1012.8354
04228.2710 27.6875 59.8125 67.3125 36.13 18.07 1012.8354
04228.7334 27.6875 59.8125 67.3125 36.13 18.07 1012.8354
#terjedesi                                       nyomas  ##
#ido(usec)  T1(C)   T2(C)   T3(C)  T4(C) para(%)  (hPa)
04228.7456 27.6875 59.8125 67.3125 36.15 18.05 1012.8130
04228.7456 27.6875 59.8125 67.3125 36.15 18.05 1012.8130
04229.9331 27.7500 59.8750 67.3125 36.15 18.05 1012.8130
04229.9331 27.7500 59.8750 67.3125 36.15 18.05 1012.8130
04229.8833 27.7500 59.8750 67.3125 36.15 18.05 1012.8130
04228.6831 27.7500 59.8750 67.3125 36.15 18.05 1012.8130
04228.7456 27.7500 59.8750 67.3125 36.15 18.05 1012.8130
04228.5083 27.7500 59.8750 67.3125 36.15 18.05 1012.8130
04228.4834 27.7500 59.8750 67.3125 36.15 18.05 1012.8130
04228.7456 27.7500 59.8750 67.3125 36.15 18.05 1012.8130
04229.4082 27.7500 59.8750 67.3750 36.18 18.03 1012.8618
04229.8833 27.7500 59.8750 67.3750 36.18 18.03 1012.8618
04229.9331 27.7500 59.8750 67.3750 36.18 18.03 1012.8618
04228.4585 27.7500 59.8750 67.3750 36.18 18.03 1012.8618
04228.6958 27.7500 59.8750 67.3750 36.18 18.03 1012.8618
04228.2710 27.7500 59.8750 67.3750 36.18 18.03 1012.8618
04228.9834 27.7500 59.8750 67.3750 36.18 18.03 1012.8618
04228.6958 27.7500 59.8750 67.3750 36.18 18.03 1012.8618
04228.2583 27.7500 59.8750 67.3750 36.18 18.03 1012.8618
04228.4585 27.7500 59.9375 67.4375 36.18 18.03 1012.8618
04227.5581 27.7500 59.9375 67.4375 36.20 18.00 1012.8391
04253.6831 27.7500 59.9375 67.4375 36.20 18.00 1012.8391
04228.9209 27.7500 59.9375 67.4375 36.20 18.00 1012.8391
04228.7207 27.7500 59.9375 67.4375 36.20 18.00 1012.8391
04228.9209 27.7500 59.9375 67.4375 36.20 18.00 1012.8391
04228.6958 27.7500 59.9375 67.4375 36.20 18.00 1012.8391
04228.5083 27.7500 59.9375 67.4375 36.20 18.00 1012.8391
04227.0581 27.7500 60.0000 67.5000 36.20 18.00 1012.8391
04253.4209 27.7500 60.0000 67.5000 36.23 17.97 1012.8052
04227.0708 27.7500 60.0000 67.5000 36.23 17.97 1012.8052
04228.6831 27.7500 60.0000 67.5000 36.23 17.97 1012.8052
04228.6958 27.7500 60.0000 67.5000 36.23 17.97 1012.8052
04228.6831 27.7500 60.0000 67.5000 36.23 17.97 1012.8052
04228.5083 27.7500 60.0000 67.5000 36.23 17.97 1012.8052
04228.6831 27.7500 60.0000 67.5000 36.23 17.97 1012.8052
04228.9834 27.7500 60.0000 67.5000 36.23 17.97 1012.8052
04228.9834 27.7500 60.0625 67.5625 36.23 17.97 1012.8052
04226.8457 27.7500 60.0625 67.5625 36.23 17.97 1012.8052
04227.0835 27.7500 60.0625 67.5625 36.23 17.97 1012.8052
04228.6831 27.7500 60.0625 67.5625 36.24 17.97 1012.7938
04228.7456 27.7500 60.0625 67.5625 36.24 17.97 1012.7938
04228.4585 27.7500 60.0625 67.5625 36.24 17.97 1012.7938
04228.6958 27.7500 60.0625 67.5625 36.24 17.97 1012.7938
04228.9834 27.7500 60.0625 67.5625 36.24 17.97 1012.7938
04227.0581 27.7500 60.1250 67.6250 36.24 17.97 1012.7938
04227.0459 27.7500 60.1250 67.6250 36.24 17.97 1012.7938
04226.8457 27.7500 60.1250 67.6250 36.24 17.97 1012.7938
04228.6958 27.7500 60.1250 67.6250 36.24 17.97 1012.7938
04228.7456 27.7500 60.1250 67.6250 36.27 17.94 1012.8621
04228.7085 27.7500 60.1250 67.6250 36.27 17.94 1012.8621
04228.2207 27.7500 60.1250 67.6250 36.27 17.94 1012.8621
04228.6831 27.7500 60.1250 67.6250 36.27 17.94 1012.8621
04228.4707 27.7500 60.1250 67.6250 36.27 17.94 1012.8621
04252.4458 27.7500 60.1875 67.6250 36.27 17.94 1012.8621
04226.8457 27.7500 60.1875 67.6250 36.27 17.94 1012.8621
04226.5459 27.7500 60.1875 67.6250 36.27 17.94 1012.8621
04225.8833 27.7500 60.1875 67.6250 36.27 17.94 1012.8621
04228.4585 27.7500 60.1875 67.6250 36.29 17.94 1012.8750
04252.1958 27.7500 60.1875 67.6250 36.29 17.94 1012.8750
04252.2085 27.7500 60.1875 67.6250 36.29 17.94 1012.8750
04252.4834 27.7500 60.1875 67.6250 36.29 17.94 1012.8750
04226.8081 27.7500 60.1875 67.6875 36.29 17.94 1012.8750
04226.7959 27.7500 60.1875 67.6875 36.29 17.94 1012.8750
04226.8335 27.7500 60.1875 67.6875 36.29 17.94 1012.8750
04225.6084 27.7500 60.1875 67.6875 36.29 17.94 1012.8750
04225.8960 27.7500 60.1875 67.6875 36.29 17.94 1012.8750
04225.8960 27.7500 60.1875 67.6875 36.29 17.94 1012.8750
04225.6206 27.7500 60.1875 67.6875 36.32 17.91 1012.9238
04225.8457 27.7500 60.1875 67.6875 36.32 17.91 1012.9238
04225.8335 27.7500 60.1875 67.6875 36.32 17.91 1012.9238
04226.1333 27.8125 60.3125 67.7500 36.32 17.91 1012.9238
04226.7959 27.8125 60.3125 67.7500 36.32 17.91 1012.9238
04227.0332 27.8125 60.3125 67.7500 36.32 17.91 1012.9238
#terjedesi                                       nyomas  ##
#ido(usec)  T1(C)   T2(C)   T3(C)  T4(C) para(%)  (hPa)
04225.8584 27.8125 60.3125 67.7500 36.32 17.91 1012.9238
04225.6333 27.8125 60.3125 67.7500 36.32 17.91 1012.9238
04225.3706 27.8125 60.3125 67.7500 36.32 17.91 1012.9238
04225.3960 27.8125 60.3125 67.7500 36.34 17.90 1012.8738
04225.6582 27.8125 60.3125 67.7500 36.34 17.90 1012.8738
04225.6582 27.8125 60.3125 67.8125 36.34 17.90 1012.8738
04226.8208 27.8125 60.3125 67.8125 36.34 17.90 1012.8738
04226.8457 27.8125 60.3125 67.8125 36.34 17.90 1012.8738
04225.4209 27.8125 60.3125 67.8125 36.34 17.90 1012.8738
04225.8960 27.8125 60.3125 67.8125 36.34 17.90 1012.8738
04225.6582 27.8125 60.3125 67.8125 36.34 17.90 1012.8738
04225.1709 27.8125 60.3125 67.8125 36.34 17.90 1012.8738
04225.4209 27.8125 60.3125 67.8125 36.34 17.90 1012.8738
04225.6582 27.8125 60.3125 67.8125 36.36 17.87 1012.8705
04227.0332 27.8125 60.3750 67.8750 36.36 17.87 1012.8705
04226.8208 27.8125 60.3750 67.8750 36.36 17.87 1012.8705
04226.7959 27.8125 60.3750 67.8750 36.36 17.87 1012.8705
04225.6582 27.8125 60.3750 67.8750 36.36 17.87 1012.8705
04225.4082 27.8125 60.3750 67.8750 36.36 17.87 1012.8705
04225.6084 27.8125 60.3750 67.8750 36.36 17.87 1012.8705
04225.6582 27.8125 60.3750 67.8750 36.36 17.87 1012.8705
04225.3706 27.8125 60.3750 67.8750 36.36 17.87 1012.8705
04225.3833 27.8125 60.3750 67.9375 36.39 17.86 1012.8091
04226.5957 27.8125 60.4375 67.9375 36.39 17.86 1012.8091
04226.5708 27.8125 60.4375 67.9375 36.39 17.86 1012.8091
04226.3706 27.8125 60.4375 67.9375 36.39 17.86 1012.8091
04225.6084 27.8125 60.4375 67.9375 36.39 17.86 1012.8091
04225.1333 27.8125 60.4375 67.9375 36.39 17.86 1012.8091
04225.8960 27.8125 60.4375 67.9375 36.39 17.86 1012.8091
04225.6084 27.8125 60.4375 67.9375 36.39 17.86 1012.8091
04225.6333 27.8125 60.4375 67.9375 36.39 17.86 1012.8091
04225.6460 27.8125 60.4375 67.9375 36.39 17.86 1012.8091
04250.5957 27.8125 60.5000 68.0000 36.41 17.85 1012.9050
04250.5332 27.8125 60.5000 68.0000 36.41 17.85 1012.9050
04225.6333 27.8125 60.5000 68.0000 36.41 17.85 1012.9050
04226.0835 27.8125 60.5000 68.0000 36.41 17.85 1012.9050
04226.1333 27.8125 60.5000 68.0000 36.41 17.85 1012.9050
04225.8457 27.8125 60.5000 68.0000 36.41 17.85 1012.9050
04226.1084 27.8125 60.5000 68.0000 36.41 17.85 1012.9050
04225.8457 27.8125 60.5000 68.0000 36.41 17.85 1012.9050
04250.3584 27.8125 60.5625 68.0000 36.41 17.85 1012.9050
04223.9458 27.8125 60.5625 68.0000 36.44 17.82 1012.8903
04223.9956 27.8125 60.5625 68.0000 36.44 17.82 1012.8903
04225.6333 27.8125 60.5625 68.0000 36.44 17.82 1012.8903
04225.5957 27.8125 60.5625 68.0000 36.44 17.82 1012.8903
04225.6582 27.8125 60.5625 68.0000 36.44 17.82 1012.8903
04226.1333 27.8125 60.5625 68.0000 36.44 17.82 1012.8903
04225.8706 27.8125 60.5625 68.0000 36.44 17.82 1012.8903
04225.8335 27.8125 60.5625 68.0625 36.44 17.82 1012.8903
04223.9707 27.8750 60.6250 68.0625 36.44 17.82 1012.8903
04223.9331 27.8750 60.6250 68.0625 36.45 17.80 1012.8597
04225.6084 27.8750 60.6250 68.0625 36.45 17.80 1012.8597
04226.1333 27.8750 60.6250 68.0625 36.45 17.80 1012.8597
04226.1084 27.8750 60.6250 68.0625 36.45 17.80 1012.8597
04250.0708 27.8750 60.6250 68.0625 36.45 17.80 1012.8597
04225.6582 27.8750 60.6250 68.0625 36.45 17.80 1012.8597
04225.8335 27.8750 60.6250 68.0625 36.45 17.80 1012.8597
04223.7085 27.8750 60.6875 68.1250 36.45 17.80 1012.8597
04224.1709 27.8750 60.6875 68.1250 36.45 17.80 1012.8597
04223.9458 27.8750 60.6875 68.1250 36.45 17.80 1012.8597
04249.6460 27.8750 60.6875 68.1250 36.45 17.80 1012.8597
04225.6582 27.8750 60.6875 68.1250 36.48 17.80 1012.8451
04225.6582 27.8750 60.6875 68.1250 36.48 17.80 1012.8451
04222.9956 27.8750 60.6875 68.1250 36.48 17.80 1012.8451
04249.8833 27.8750 60.6875 68.1250 36.48 17.80 1012.8451
04223.2710 27.8750 60.7500 68.1250 36.48 17.80 1012.8451
04223.7583 27.8750 60.7500 68.1250 36.48 17.80 1012.8451
04224.2207 27.8750 60.7500 68.1250 36.48 17.80 1012.8451
04223.2832 27.8750 60.7500 68.1250 36.48 17.80 1012.8451
04223.0459 27.8750 60.7500 68.1250 36.51 17.78 1012.8859
04223.0459 27.8750 60.7500 68.1250 36.51 17.78 1012.8859
04223.2832 27.8750 60.7500 68.1250 36.51 17.78 1012.8859
04223.2456 27.8750 60.7500 68.1250 36.51 17.78 1012.8859
#terjedesi                                       nyomas  ##
#ido(usec)  T1(C)   T2(C)   T3(C)  T4(C) para(%)  (hPa)
04223.0083 27.8750 60.7500 68.1250 36.51 17.78 1012.8859
04223.0459 27.8750 60.8125 68.1875 36.51 17.78 1012.8859
04223.7085 27.8750 60.8125 68.1875 36.51 17.78 1012.8859
04223.9956 27.8750 60.8125 68.1875 36.51 17.78 1012.8859
04222.9834 27.8750 60.8125 68.1875 36.51 17.78 1012.8859
04223.2832 27.8750 60.8125 68.1875 36.51 17.78 1012.8859
04223.2710 27.8750 60.8125 68.1875 36.53 17.76 1012.8906
04222.7583 27.8750 60.8125 68.1875 36.53 17.76 1012.8906
04223.0459 27.8750 60.8125 68.1875 36.53 17.76 1012.8906
04224.1831 27.8750 60.8750 68.2500 36.53 17.76 1012.8906
04223.9707 27.8750 60.8750 68.2500 36.53 17.76 1012.8906
04224.2085 27.8750 60.8750 68.2500 36.53 17.76 1012.8906
04222.9834 27.8750 60.8750 68.2500 36.53 17.76 1012.8906
04222.7710 27.8750 60.8750 68.2500 36.53 17.76 1012.8906
04222.9834 27.8750 60.8750 68.2500 36.53 17.76 1012.8906
04222.9834 27.8750 60.8750 68.2500 36.53 17.76 1012.8906
04222.9956 27.8750 60.8750 68.2500 36.55 17.76 1012.8130
04223.2207 27.8750 60.8750 68.2500 36.55 17.76 1012.8130
04223.2334 27.8750 60.8750 68.3125 36.55 17.76 1012.8130
04223.9956 27.8750 60.8750 68.3125 36.55 17.76 1012.8130
04224.1709 27.8750 60.8750 68.3125 36.55 17.76 1012.8130
04222.7583 27.8750 60.8750 68.3125 36.55 17.76 1012.8130
04222.7959 27.8750 60.8750 68.3125 36.55 17.76 1012.8130
04222.7583 27.8750 60.8750 68.3125 36.55 17.76 1012.8130
04222.7583 27.8750 60.8750 68.3125 36.55 17.76 1012.8130
04223.0332 27.8750 60.8750 68.3125 36.58 17.74 1012.8894
04223.9458 27.9375 60.9375 68.3125 36.58 17.74 1012.8894
04224.1831 27.9375 60.9375 68.3125 36.58 17.74 1012.8894
04223.9585 27.9375 60.9375 68.3125 36.58 17.74 1012.8894
04222.7959 27.9375 60.9375 68.3125 36.58 17.74 1012.8894
04222.7456 27.9375 60.9375 68.3125 36.58 17.74 1012.8894
04223.0083 27.9375 60.9375 68.3125 36.58 17.74 1012.8894
04223.5210 27.9375 60.9375 68.3125 36.58 17.74 1012.8894
04222.8081 27.9375 60.9375 68.3125 36.58 17.74 1012.8894
04222.8081 27.9375 60.9375 68.3125 36.58 17.74 1012.8894
04222.7710 27.9375 61.0000 68.3750 36.61 17.72 1012.8831
04223.9458 27.9375 61.0000 68.3750 36.61 17.72 1012.8831
04223.9956 27.9375 61.0000 68.3750 36.61 17.72 1012.8831
04223.2334 27.9375 61.0000 68.3750 36.61 17.72 1012.8831
04222.7959 27.9375 61.0000 68.3750 36.61 17.72 1012.8831
04222.8081 27.9375 61.0000 68.3750 36.61 17.72 1012.8831
04222.8081 27.9375 61.0000 68.3750 36.61 17.72 1012.8831
04223.0459 27.9375 61.0000 68.3750 36.61 17.72 1012.8831
04221.5581 27.9375 61.0625 68.4375 36.61 17.72 1012.8831
04247.7456 27.9375 61.0625 68.4375 36.62 17.71 1012.8441
04221.3335 27.9375 61.0625 68.4375 36.62 17.71 1012.8441
04223.0210 27.9375 61.0625 68.4375 36.62 17.71 1012.8441
04222.5210 27.9375 61.0625 68.4375 36.62 17.71 1012.8441
04222.7583 27.9375 61.0625 68.4375 36.62 17.71 1012.8441
04223.0459 27.9375 61.0625 68.4375 36.62 17.71 1012.8441
04222.5708 27.9375 61.0625 68.4375 36.62 17.71 1012.8441
04223.0210 27.9375 61.0625 68.4375 36.62 17.71 1012.8441
04222.8081 27.9375 61.1250 68.5000 36.62 17.71 1012.8441
04221.3208 27.9375 61.1250 68.5000 36.62 17.71 1012.8441
04247.9209 27.9375 61.1250 68.5000 36.65 17.68 1012.8654
04222.9834 27.9375 61.1250 68.5000 36.65 17.68 1012.8654
04222.8081 27.9375 61.1250 68.5000 36.65 17.68 1012.8654
04222.5708 27.9375 61.1250 68.5000 36.65 17.68 1012.8654
04222.8081 27.9375 61.1250 68.5000 36.65 17.68 1012.8654
04222.8081 27.9375 61.1250 68.5000 36.65 17.68 1012.8654
04223.0459 27.9375 61.1250 68.5625 36.65 17.68 1012.8654
04220.9082 27.9375 61.1250 68.5625 36.65 17.68 1012.8654
04221.1460 27.9375 61.1250 68.5625 36.65 17.68 1012.8654
04223.0332 27.9375 61.1250 68.5625 36.66 17.67 1012.9091
04223.2334 27.9375 61.1250 68.5625 36.66 17.67 1012.9091
04223.0459 27.9375 61.1250 68.5625 36.66 17.67 1012.9091
04223.2207 27.9375 61.1250 68.5625 36.66 17.67 1012.9091
04223.0459 27.9375 61.1250 68.5625 36.66 17.67 1012.9091
04223.0083 27.9375 61.1250 68.5625 36.66 17.67 1012.9091
04221.5581 27.9375 61.2500 68.6250 36.66 17.67 1012.9091
04221.3833 27.9375 61.2500 68.6250 36.66 17.67 1012.9091
04221.1460 27.9375 61.2500 68.6250 36.66 17.67 1012.9091
04223.0332 27.9375 61.2500 68.6250 36.66 17.67 1012.9091
#terjedesi                                       nyomas  ##
#ido(usec)  T1(C)   T2(C)   T3(C)  T4(C) para(%)  (hPa)
04222.8081 27.9375 61.2500 68.6250 36.68 17.52 1012.8947
04222.5581 27.9375 61.2500 68.6250 36.68 17.52 1012.8947
04246.7456 27.9375 61.2500 68.6250 36.68 17.52 1012.8947
04220.1958 27.9375 61.2500 68.6250 36.68 17.52 1012.8947
04247.0332 27.9375 61.2500 68.6875 36.68 17.52 1012.8947
04221.6084 27.9375 61.2500 68.6875 36.68 17.52 1012.8947
04221.0835 27.9375 61.2500 68.6875 36.68 17.52 1012.8947
04221.6206 27.9375 61.2500 68.6875 36.68 17.52 1012.8947
04246.5083 27.9375 61.2500 68.6875 36.68 17.52 1012.8947
04222.3335 27.9375 61.2500 68.6875 36.71 17.64 1012.8800
04222.8081 27.9375 61.2500 68.6875 36.71 17.64 1012.8800
04220.3833 27.9375 61.2500 68.6875 36.71 17.64 1012.8800
04222.7583 27.9375 61.2500 68.6875 36.71 17.64 1012.8800
04219.8960 27.9375 61.2500 68.6875 36.71 17.64 1012.8800
04220.9082 28.0000 61.3125 68.7500 36.71 17.64 1012.8800
04221.0957 28.0000 61.3125 68.7500 36.71 17.64 1012.8800
04219.9082 28.0000 61.3125 68.7500 36.71 17.64 1012.8800
04246.4956 28.0000 61.3125 68.7500 36.71 17.64 1012.8800
04220.1460 28.0000 61.3125 68.7500 36.74 17.60 1012.9288
04219.7207 28.0000 61.3125 68.7500 36.74 17.60 1012.9288
04219.9458 28.0000 61.3125 68.7500 36.74 17.60 1012.9288
04219.4834 28.0000 61.3125 68.7500 36.74 17.60 1012.9288
04220.8706 27.9375 61.3750 68.8125 36.74 17.60 1012.9288
04221.1460 27.9375 61.3750 68.8125 36.74 17.60 1012.9288
04221.1460 27.9375 61.3750 68.8125 36.74 17.60 1012.9288
04219.9585 27.9375 61.3750 68.8125 36.74 17.60 1012.9288
04219.6831 27.9375 61.3750 68.8125 36.74 17.60 1012.9288
04219.7085 27.9375 61.3750 68.8125 36.74 17.60 1012.9288
04219.9331 27.9375 61.3750 68.8125 36.76 17.60 1012.9062
04219.9458 27.9375 61.3750 68.8125 36.76 17.60 1012.9062
04219.9082 27.9375 61.3750 68.8750 36.76 17.60 1012.9062
04221.1333 28.0000 61.3750 68.8750 36.76 17.60 1012.9062
04221.5708 28.0000 61.3750 68.8750 36.76 17.60 1012.9062
04220.6206 28.0000 61.3750 68.8750 36.76 17.60 1012.9062
04220.1831 28.0000 61.3750 68.8750 36.76 17.60 1012.9062
04220.3833 28.0000 61.3750 68.8750 36.76 17.60 1012.9062
04220.4209 28.0000 61.3750 68.8750 36.76 17.60 1012.9062
04219.9458 28.0000 61.3750 68.8750 36.78 17.58 1012.8834
04220.3833 28.0000 61.3750 68.8750 36.78 17.58 1012.8834
04221.3208 28.0000 61.4375 68.9375 36.78 17.58 1012.8834
04221.3208 28.0000 61.4375 68.9375 36.78 17.58 1012.8834
04221.0957 28.0000 61.4375 68.9375 36.78 17.58 1012.8834
04220.1958 28.0000 61.4375 68.9375 36.78 17.58 1012.8834
04219.9585 28.0000 61.4375 68.9375 36.78 17.58 1012.8834
04219.9082 28.0000 61.4375 68.9375 36.78 17.58 1012.8834
04220.1333 28.0000 61.4375 68.9375 36.78 17.58 1012.8834
04220.4331 28.0000 61.4375 68.9375 36.78 17.58 1012.8834
04220.4331 28.0000 61.5000 68.9375 36.80 17.57 1012.9161
04221.0957 28.0000 61.5000 68.9375 36.80 17.57 1012.9161
04221.1206 28.0000 61.5000 68.9375 36.80 17.57 1012.9161
04219.8960 28.0000 61.5000 68.9375 36.80 17.57 1012.9161
04220.1958 28.0000 61.5000 68.9375 36.80 17.57 1012.9161
04220.1958 28.0000 61.5000 68.9375 36.80 17.57 1012.9161
04220.1460 28.0000 61.5000 68.9375 36.80 17.57 1012.9161
04219.9585 28.0000 61.5000 68.9375 36.80 17.57 1012.9161
04219.9585 28.0000 61.5000 68.9375 36.80 17.57 1012.9161
04219.6582 28.0000 61.5625 69.0625 36.80 17.57 1012.9161
04220.8457 28.0000 61.5625 69.0625 36.82 17.55 1012.9484
04244.6582 28.0000 61.5625 69.0625 36.82 17.55 1012.9484
04220.1460 28.0000 61.5625 69.0625 36.82 17.55 1012.9484
04219.9458 28.0000 61.5625 69.0625 36.82 17.55 1012.9484
04219.6831 28.0000 61.5625 69.0625 36.82 17.55 1012.9484
04220.1333 28.0000 61.5625 69.0625 36.82 17.55 1012.9484
04220.1333 28.0000 61.5625 69.0625 36.82 17.55 1012.9484
04218.2583 28.0625 61.6250 69.1250 36.82 17.55 1012.9484
04244.6333 28.0625 61.6250 69.1250 36.82 17.55 1012.9484
04218.2710 28.0625 61.6250 69.1250 36.84 17.53 1012.8903
04220.1831 28.0625 61.6250 69.1250 36.84 17.53 1012.8903
04219.9331 28.0625 61.6250 69.1250 36.84 17.53 1012.8903
04220.1958 28.0625 61.6250 69.1250 36.84 17.53 1012.8903
04220.1958 28.0625 61.6250 69.1250 36.84 17.53 1012.8903
04220.1958 28.0625 61.6250 69.1250 36.84 17.53 1012.8903
04219.9585 28.0625 61.6250 69.1250 36.84 17.53 1012.8903
#terjedesi                                       nyomas  ##
#ido(usec)  T1(C)   T2(C)   T3(C)  T4(C) para(%)  (hPa)
04219.7207 28.0000 61.6250 69.1875 36.84 17.53 1012.8903
04218.2456 28.0000 61.6250 69.1875 36.84 17.53 1012.8903
04218.0083 28.0000 61.6250 69.1875 36.84 17.53 1012.8903
04219.6709 28.0000 61.6250 69.1875 36.87 17.50 1012.9193
04220.1460 28.0000 61.6250 69.1875 36.87 17.50 1012.9193
04219.9585 28.0000 61.6250 69.1875 36.87 17.50 1012.9193
04219.6958 28.0000 61.6250 69.1875 36.87 17.50 1012.9193
04219.7207 28.0000 61.6250 69.1875 36.87 17.50 1012.9193
04218.2583 28.0625 61.6875 69.1875 36.87 17.50 1012.9193
04218.0083 28.0625 61.6875 69.1875 36.87 17.50 1012.9193
04218.0581 28.0625 61.6875 69.1875 36.87 17.50 1012.9193
04219.9458 28.0625 61.6875 69.1875 36.87 17.50 1012.9193
04219.8960 28.0625 61.6875 69.1875 36.90 17.49 1012.9129
04219.9209 28.0625 61.6875 69.1875 36.90 17.49 1012.9129
04219.9585 28.0625 61.6875 69.1875 36.90 17.49 1012.9129
04219.7207 28.0625 61.6875 69.1875 36.90 17.49 1012.9129
04219.9585 28.0625 61.6875 69.1875 36.90 17.49 1012.9129
04219.7207 28.0625 61.7500 69.2500 36.90 17.49 1012.9129
04218.5210 28.0625 61.7500 69.2500 36.90 17.49 1012.9129
04218.0083 28.0625 61.7500 69.2500 36.90 17.49 1012.9129
04243.7085 28.0625 61.7500 69.2500 36.90 17.49 1012.9129
04219.6709 28.0625 61.7500 69.2500 36.91 17.49 1012.9015
04243.6958 28.0625 61.7500 69.2500 36.91 17.49 1012.9015
04243.4209 28.0625 61.7500 69.2500 36.91 17.49 1012.9015
04243.6460 28.0625 61.7500 69.2500 36.91 17.49 1012.9015
04218.0083 28.0625 61.8125 69.3750 36.91 17.49 1012.9015
04218.2456 28.0625 61.8125 69.3750 36.91 17.49 1012.9015
04218.2959 28.0625 61.8125 69.3750 36.91 17.49 1012.9015
04216.8457 28.0625 61.8125 69.3750 36.91 17.49 1012.9015
04243.7085 28.0625 61.8125 69.3750 36.91 17.49 1012.9015
04243.4707 28.0625 61.8125 69.3750 36.91 17.49 1012.9015
04243.4707 28.0625 61.8125 69.3750 36.94 17.47 1012.9503
04243.2334 28.0625 61.8125 69.3750 36.94 17.47 1012.9503
04243.4458 28.0625 61.8125 69.3750 36.94 17.47 1012.9503
04217.0835 28.0625 61.8125 69.3750 36.94 17.47 1012.9503
04218.0581 28.0625 61.8125 69.3750 36.94 17.47 1012.9503
04217.8208 28.0625 61.8125 69.3750 36.94 17.47 1012.9503
04216.8706 28.0625 61.8125 69.3750 36.94 17.47 1012.9503
04217.0835 28.0625 61.8125 69.3750 36.94 17.47 1012.9503
04217.0581 28.0625 61.8125 69.3750 36.94 17.47 1012.9503
04216.6333 28.0625 61.8125 69.3750 36.96 17.47 1012.9002
04217.1084 28.0625 61.8125 69.3750 36.96 17.47 1012.9002
04217.0459 28.0625 61.8750 69.4375 36.96 17.47 1012.9002
04218.0210 28.0625 61.8750 69.4375 36.96 17.47 1012.9002
04217.9956 28.0625 61.8750 69.4375 36.96 17.47 1012.9002
04216.8081 28.0625 61.8750 69.4375 36.96 17.47 1012.9002
04216.8706 28.0625 61.8750 69.4375 36.96 17.47 1012.9002
04216.8706 28.0625 61.8750 69.4375 36.96 17.47 1012.9002
04217.0459 28.0625 61.8750 69.4375 36.96 17.47 1012.9002
04217.0957 28.0625 61.8750 69.4375 36.96 17.47 1012.9002
04216.5835 28.0625 61.8750 69.4375 36.99 17.45 1012.8773
04217.8208 28.0625 61.9375 69.5000 36.99 17.45 1012.8773
04218.4834 28.0625 61.9375 69.5000 36.99 17.45 1012.8773
04218.2583 28.0625 61.9375 69.5000 36.99 17.45 1012.8773
04216.8584 28.0625 61.9375 69.5000 36.99 17.45 1012.8773
04217.0835 28.0625 61.9375 69.5000 36.99 17.45 1012.8773
04216.6206 28.0625 61.9375 69.5000 36.99 17.45 1012.8773
04216.6333 28.0625 61.9375 69.5000 36.99 17.45 1012.8773
04216.8706 28.0625 61.9375 69.5000 36.99 17.45 1012.8773
04217.3457 28.0625 61.9375 69.5625 37.02 17.47 1012.9261
04218.0581 28.1250 62.0000 69.5625 37.02 17.47 1012.9261
04218.2959 28.1250 62.0000 69.5625 37.02 17.47 1012.9261
04217.8208 28.1250 62.0000 69.5625 37.02 17.47 1012.9261
04217.0957 28.1250 62.0000 69.5625 37.02 17.47 1012.9261
04217.1084 28.1250 62.0000 69.5625 37.02 17.47 1012.9261
04217.0459 28.1250 62.0000 69.5625 37.02 17.47 1012.9261
04216.8208 28.1250 62.0000 69.5625 37.02 17.47 1012.9261
04217.0581 28.1250 62.0000 69.5625 37.02 17.47 1012.9261
04217.0581 28.1250 62.0000 69.5625 37.02 17.47 1012.9261
04218.2456 28.0625 62.0625 69.5625 37.03 17.48 1012.9507
04218.2710 28.0625 62.0625 69.5625 37.03 17.48 1012.9507
04217.0581 28.0625 62.0625 69.5625 37.03 17.48 1012.9507
04217.0459 28.0625 62.0625 69.5625 37.03 17.48 1012.9507
#terjedesi                                       nyomas  ##
#ido(usec)  T1(C)   T2(C)   T3(C)  T4(C) para(%)  (hPa)
04216.8706 28.0625 62.0625 69.5625 37.03 17.48 1012.9507
04209.7334 28.0625 62.0625 69.5625 37.03 17.48 1012.9507
04217.3457 28.0625 62.0625 69.5625 37.03 17.48 1012.9507
04217.0581 28.0625 62.0625 69.5625 37.03 17.48 1012.9507
04242.0459 28.1250 62.1250 69.6250 37.03 17.48 1012.9507
04217.9956 28.1250 62.1250 69.6250 37.03 17.48 1012.9507
04217.7583 28.1250 62.1250 69.6250 37.05 17.50 1012.9830
04217.1084 28.1250 62.1250 69.6250 37.05 17.50 1012.9830
04216.8335 28.1250 62.1250 69.6250 37.05 17.50 1012.9830
04217.1084 28.1250 62.1250 69.6250 37.05 17.50 1012.9830
04216.8335 28.1250 62.1250 69.6250 37.05 17.50 1012.9830
04216.8208 28.1250 62.1250 69.6250 37.05 17.50 1012.9830
04216.8081 28.1250 62.1250 69.6875 37.05 17.50 1012.9830
04215.1831 28.1250 62.1250 69.6875 37.05 17.50 1012.9830
04241.7583 28.1250 62.1250 69.6875 37.05 17.50 1012.9830
04217.0581 28.1250 62.1250 69.6875 37.09 17.51 1012.9295
04217.0581 28.1250 62.1250 69.6875 37.09 17.51 1012.9295
04216.5835 28.1250 62.1250 69.6875 37.09 17.51 1012.9295
04216.8208 28.1250 62.1250 69.6875 37.09 17.51 1012.9295
04216.5835 28.1250 62.1250 69.6875 37.09 17.51 1012.9295
04217.0459 28.1250 62.1250 69.6875 37.09 17.51 1012.9295
04215.2085 28.1250 62.1875 69.7500 37.09 17.51 1012.9295
04214.9707 28.1250 62.1875 69.7500 37.09 17.51 1012.9295
04215.2085 28.1250 62.1875 69.7500 37.09 17.51 1012.9295
04216.5708 28.1250 62.1875 69.7500 37.09 17.51 1012.9295
04216.8208 28.1250 62.1875 69.7500 37.10 17.48 1012.8906
04217.0581 28.1250 62.1875 69.7500 37.10 17.48 1012.8906
04216.6206 28.1250 62.1875 69.7500 37.10 17.48 1012.8906
04217.0957 28.1250 62.1875 69.7500 37.10 17.48 1012.8906
04241.0708 28.1250 62.2500 69.8125 37.10 17.48 1012.8906
04215.2085 28.1250 62.2500 69.8125 37.10 17.48 1012.8906
04215.1582 28.1250 62.2500 69.8125 37.10 17.48 1012.8906
04216.8081 28.1250 62.2500 69.8125 37.10 17.48 1012.8906
04216.6206 28.1250 62.2500 69.8125 37.10 17.48 1012.8906
04217.0459 28.1250 62.2500 69.8125 37.12 17.50 1012.9508
04216.8081 28.1250 62.2500 69.8125 37.12 17.50 1012.9508
04240.8457 28.1250 62.2500 69.8125 37.12 17.50 1012.9508
04216.8208 28.1250 62.2500 69.8125 37.12 17.50 1012.9508
04216.8706 28.1875 62.3125 69.8750 37.12 17.50 1012.9508
04215.3833 28.1875 62.3125 69.8750 37.12 17.50 1012.9508
04215.1460 28.1875 62.3125 69.8750 37.12 17.50 1012.9508
04216.8457 28.1875 62.3125 69.8750 37.12 17.50 1012.9508
04216.8081 28.1875 62.3125 69.8750 37.12 17.50 1012.9508
04216.8081 28.1875 62.3125 69.8750 37.12 17.50 1012.9508
04240.6206 28.1875 62.3125 69.8750 37.14 17.50 1012.9084
04240.5708 28.1875 62.3125 69.8750 37.14 17.50 1012.9084
04215.1582 28.1875 62.3750 69.8750 37.14 17.50 1012.9084
04215.1582 28.1875 62.3750 69.8750 37.14 17.50 1012.9084
04214.9082 28.1875 62.3750 69.8750 37.14 17.50 1012.9084
04240.5708 28.1875 62.3750 69.8750 37.14 17.50 1012.9084
04240.6084 28.1875 62.3750 69.8750 37.14 17.50 1012.9084
04213.9585 28.1875 62.3750 69.8750 37.14 17.50 1012.9084
04240.3833 28.1875 62.3750 69.8750 37.14 17.50 1012.9084
04240.5708 28.1875 62.3750 69.8750 37.16 17.53 1012.9881
04240.5581 28.1875 62.3750 69.8750 37.16 17.53 1012.9881
04214.0083 28.1250 62.3750 70.0000 37.16 17.53 1012.9881
04215.2085 28.1250 62.3750 70.0000 37.16 17.53 1012.9881
04215.4458 28.1250 62.3750 70.0000 37.16 17.53 1012.9881
04213.7207 28.1250 62.3750 70.0000 37.16 17.53 1012.9881
04214.2334 28.1250 62.3750 70.0000 37.16 17.53 1012.9881
04213.9707 28.1250 62.3750 70.0000 37.16 17.53 1012.9881
04213.7710 28.1250 62.3750 70.0000 37.16 17.53 1012.9881
04213.9707 28.1250 62.3750 70.0000 37.19 17.55 1012.8990
04215.3833 28.1875 62.4375 70.0000 37.19 17.55 1012.8990
04215.2085 28.1875 62.4375 70.0000 37.19 17.55 1012.8990
04214.9707 28.1875 62.4375 70.0000 37.19 17.55 1012.8990
04214.0210 28.1875 62.4375 70.0000 37.19 17.55 1012.8990
04213.7832 28.1875 62.4375 70.0000 37.19 17.55 1012.8990
04213.9707 28.1875 62.4375 70.0000 37.19 17.55 1012.8990
04214.4458 28.1875 62.4375 70.0000 37.19 17.55 1012.8990
04214.0210 28.1875 62.4375 70.0000 37.19 17.55 1012.8990
04214.0083 28.1875 62.4375 70.0000 37.19 17.55 1012.8990
04214.0210 28.1875 62.5000 70.0625 37.22 17.55 1012.9750
#terjedesi                                       nyomas  ##
#ido(usec)  T1(C)   T2(C)   T3(C)  T4(C) para(%)  (hPa)
04215.1582 28.1875 62.5000 70.0625 37.22 17.55 1012.9750
04215.1582 28.1875 62.5000 70.0625 37.22 17.55 1012.9750
04214.2085 28.1875 62.5000 70.0625 37.22 17.55 1012.9750
04214.2085 28.1875 62.5000 70.0625 37.22 17.55 1012.9750
04214.0083 28.1875 62.5000 70.0625 37.22 17.55 1012.9750
04213.9707 28.1875 62.5000 70.0625 37.22 17.55 1012.9750
04213.9585 28.1875 62.5000 70.0625 37.22 17.55 1012.9750
04214.9209 28.1875 62.5625 70.1250 37.22 17.55 1012.9750
04215.1460 28.1875 62.5625 70.1250 37.24 17.51 1012.8973
04215.4082 28.1875 62.5625 70.1250 37.24 17.51 1012.8973
04213.9585 28.1875 62.5625 70.1250 37.24 17.51 1012.8973
04214.2207 28.1875 62.5625 70.1250 37.24 17.51 1012.8973
04213.9707 28.1875 62.5625 70.1250 37.24 17.51 1012.8973
04213.7207 28.1875 62.5625 70.1250 37.24 17.51 1012.8973
04213.7832 28.1875 62.5625 70.1250 37.24 17.51 1012.8973
04213.9834 28.1875 62.5625 70.1250 37.24 17.51 1012.8973
04213.9585 28.1875 62.5625 70.1875 37.24 17.51 1012.8973
04215.1460 28.1875 62.5625 70.1875 37.24 17.51 1012.8973
04215.1958 28.1875 62.5625 70.1875 37.25 17.45 1012.8583
04213.7207 28.1875 62.5625 70.1875 37.25 17.45 1012.8583
04214.4458 28.1875 62.5625 70.1875 37.25 17.45 1012.8583
04213.9707 28.1875 62.5625 70.1875 37.25 17.45 1012.8583
04213.7710 28.1875 62.5625 70.1875 37.25 17.45 1012.8583
04214.0083 28.1875 62.5625 70.1875 37.25 17.45 1012.8583
04213.9585 28.1875 62.6250 70.2500 37.25 17.45 1012.8583
04238.7207 28.1875 62.6250 70.2500 37.25 17.45 1012.8583
04212.3584 28.1875 62.6250 70.2500 37.25 17.45 1012.8583
04214.2583 28.1875 62.6250 70.2500 37.27 17.38 1012.8909
04213.9585 28.1875 62.6250 70.2500 37.27 17.38 1012.8909
04214.2583 28.1875 62.6250 70.2500 37.27 17.38 1012.8909
04213.7832 28.1875 62.6250 70.2500 37.27 17.38 1012.8909
04214.0210 28.1875 62.6250 70.2500 37.27 17.38 1012.8909
04214.2583 28.1875 62.6250 70.2500 37.27 17.38 1012.8909
04212.3081 28.2500 62.6875 70.2500 37.27 17.38 1012.8909
04212.5332 28.2500 62.6875 70.2500 37.27 17.38 1012.8909
04212.3208 28.2500 62.6875 70.2500 37.27 17.38 1012.8909
04214.1958 28.2500 62.6875 70.2500 37.27 17.38 1012.8909
04213.9707 28.2500 62.6875 70.2500 37.30 17.34 1012.9397
04213.9707 28.2500 62.6875 70.2500 37.30 17.34 1012.9397
04214.2207 28.2500 62.6875 70.2500 37.30 17.34 1012.9397
04214.2583 28.2500 62.6875 70.2500 37.30 17.34 1012.9397
04214.0210 28.2500 62.6875 70.3125 37.30 17.34 1012.9397
04212.1206 28.2500 62.7500 70.3125 37.30 17.34 1012.9397
04212.3081 28.2500 62.7500 70.3125 37.30 17.34 1012.9397
04212.3584 28.2500 62.7500 70.3125 37.30 17.34 1012.9397
04213.7710 28.2500 62.7500 70.3125 37.30 17.34 1012.9397
04213.7832 28.2500 62.7500 70.3125 37.30 17.34 1012.9397
04214.0083 28.2500 62.7500 70.3125 37.32 17.32 1012.9168
04214.0210 28.2500 62.7500 70.3125 37.32 17.32 1012.9168
04213.9834 28.2500 62.7500 70.3125 37.32 17.32 1012.9168
04214.0083 28.2500 62.7500 70.3125 37.32 17.32 1012.9168
04212.3081 28.2500 62.8125 70.3750 37.32 17.32 1012.9168
04212.3584 28.2500 62.8125 70.3750 37.32 17.32 1012.9168
04213.7334 28.2500 62.8125 70.3750 37.32 17.32 1012.9168
04211.1709 28.2500 62.8125 70.3750 37.32 17.32 1012.9168
04237.7207 28.2500 62.8125 70.3750 37.34 17.29 1012.9494
04237.9458 28.2500 62.8125 70.3750 37.34 17.29 1012.9494
04211.3706 28.2500 62.8125 70.3750 37.34 17.29 1012.9494
04237.7583 28.2500 62.8125 70.3750 37.34 17.29 1012.9494
04212.3335 28.2500 62.8750 70.3750 37.34 17.29 1012.9494
04212.1206 28.2500 62.8750 70.3750 37.34 17.29 1012.9494
04212.1206 28.2500 62.8750 70.3750 37.34 17.29 1012.9494
04237.7710 28.2500 62.8750 70.3750 37.34 17.29 1012.9494
04237.7334 28.2500 62.8750 70.3750 37.34 17.29 1012.9494
04237.7583 28.2500 62.8750 70.3750 37.34 17.29 1012.9494
04237.5332 28.2500 62.8750 70.3750 37.34 17.29 1012.9494
04211.1206 28.2500 62.8750 70.3750 37.36 17.28 1012.9266
04211.1206 28.2500 62.8750 70.4375 37.36 17.28 1012.9266
04212.5459 28.2500 62.8750 70.4375 37.36 17.28 1012.9266
04212.1206 28.2500 62.8750 70.4375 37.36 17.28 1012.9266
04210.9209 28.2500 62.8750 70.4375 37.36 17.28 1012.9266
04211.3584 28.2500 62.8750 70.4375 37.36 17.28 1012.9266
04237.2959 28.2500 62.8750 70.4375 37.36 17.28 1012.9266
#terjedesi                                       nyomas  ##
#ido(usec)  T1(C)   T2(C)   T3(C)  T4(C) para(%)  (hPa)
04210.8833 28.2500 62.8750 70.4375 37.36 17.28 1012.9266
04203.5332 28.2500 62.8750 70.4375 37.36 17.28 1012.9266
04210.9331 28.2500 62.8750 70.4375 37.40 17.27 1012.9006
04212.1206 28.2500 62.9375 70.5000 37.40 17.27 1012.9006
04212.5835 28.2500 62.9375 70.5000 37.40 17.27 1012.9006
04212.3081 28.2500 62.9375 70.5000 37.40 17.27 1012.9006
04211.1709 28.2500 62.9375 70.5000 37.40 17.27 1012.9006
04210.9331 28.2500 62.9375 70.5000 37.40 17.27 1012.9006
04211.1206 28.2500 62.9375 70.5000 37.40 17.27 1012.9006
04211.1582 28.2500 62.9375 70.5000 37.40 17.27 1012.9006
04211.1206 28.2500 62.9375 70.5000 37.40 17.27 1012.9006
04211.5957 28.2500 63.0000 70.5000 37.41 17.26 1013.0076
04212.3457 28.2500 63.0000 70.5000 37.41 17.26 1013.0076
04211.8833 28.2500 63.0000 70.5000 37.41 17.26 1013.0076
04211.1206 28.2500 63.0000 70.5000 37.41 17.26 1013.0076
04210.8833 28.2500 63.0000 70.5000 37.41 17.26 1013.0076
04211.1206 28.2500 63.0000 70.5000 37.41 17.26 1013.0076
04210.8960 28.2500 63.0000 70.5000 37.41 17.26 1013.0076
04210.9082 28.2500 63.0000 70.5000 37.41 17.26 1013.0076
04210.9331 28.2500 63.0000 70.5000 37.41 17.26 1013.0076
04211.1709 28.3125 63.0625 70.5625 37.41 17.26 1013.0076
04212.5581 28.3125 63.0625 70.5625 37.45 17.24 1012.9070
04212.7710 28.3125 63.0625 70.5625 37.45 17.24 1012.9070
04211.3457 28.3125 63.0625 70.5625 37.45 17.24 1012.9070
04211.3584 28.3125 63.0625 70.5625 37.45 17.24 1012.9070
04211.1460 28.3125 63.0625 70.5625 37.45 17.24 1012.9070
04210.9331 28.3125 63.0625 70.5625 37.45 17.24 1012.9070
04210.9209 28.3125 63.0625 70.5625 37.45 17.24 1012.9070
04211.8706 28.3125 63.0625 70.6250 37.45 17.24 1012.9070
04211.8833 28.3125 63.0625 70.6250 37.45 17.24 1012.9070
04212.0708 28.3125 63.0625 70.6250 37.48 17.22 1012.9395
04211.1709 28.3125 63.0625 70.6250 37.48 17.22 1012.9395
04210.9331 28.3125 63.0625 70.6250 37.48 17.22 1012.9395
04211.1206 28.3125 63.0625 70.6250 37.48 17.22 1012.9395
04210.9331 28.3125 63.0625 70.6250 37.48 17.22 1012.9395
04211.1206 28.3125 63.0625 70.6250 37.48 17.22 1012.9395
04211.1333 28.3125 63.0625 70.6250 37.48 17.22 1012.9395
04211.1709 28.3125 63.1250 70.6250 37.48 17.22 1012.9395
04236.1084 28.3125 63.1250 70.6250 37.48 17.22 1012.9395
04212.1206 28.3125 63.1250 70.6250 37.48 17.22 1012.9395
04211.1206 28.3125 63.1250 70.6250 37.50 17.21 1012.9802
04211.4082 28.3125 63.1250 70.6250 37.50 17.21 1012.9802
04211.1582 28.3125 63.1250 70.6250 37.50 17.21 1012.9802
04211.3584 28.3125 63.1250 70.6250 37.50 17.21 1012.9802
04211.6206 28.3125 63.1250 70.6250 37.50 17.21 1012.9802
04209.4707 28.3125 63.1875 70.6875 37.50 17.21 1012.9802
04209.4585 28.3125 63.1875 70.6875 37.50 17.21 1012.9802
04209.4585 28.3125 63.1875 70.6875 37.50 17.21 1012.9802
04211.5957 28.3125 63.1875 70.6875 37.50 17.21 1012.9802
04211.4082 28.3125 63.1875 70.6875 37.52 17.18 1012.9021
04211.3457 28.3125 63.1875 70.6875 37.52 17.18 1012.9021
04211.1709 28.3125 63.1875 70.6875 37.52 17.18 1012.9021
04210.6958 28.3125 63.1875 70.6875 37.52 17.18 1012.9021
04211.1709 28.3125 63.1875 70.6875 37.52 17.18 1012.9021
04210.8833 28.3125 63.2500 70.7500 37.52 17.18 1012.9021
04209.2583 28.3125 63.2500 70.7500 37.52 17.18 1012.9021
04209.0332 28.3125 63.2500 70.7500 37.52 17.18 1012.9021
04211.1206 28.3125 63.2500 70.7500 37.52 17.18 1012.9021
04211.3960 28.3125 63.2500 70.7500 37.52 17.18 1012.9021
04211.1709 28.3125 63.2500 70.7500 37.56 17.16 1012.9590
04211.1460 28.3125 63.2500 70.7500 37.56 17.16 1012.9590
04210.8833 28.3125 63.2500 70.7500 37.56 17.16 1012.9590
04209.2085 28.3125 63.2500 70.8125 37.56 17.16 1012.9590
04209.5083 28.3125 63.2500 70.8125 37.56 17.16 1012.9590
04209.4585 28.3125 63.2500 70.8125 37.56 17.16 1012.9590
04211.3457 28.3125 63.2500 70.8125 37.56 17.16 1012.9590
04210.9331 28.3125 63.2500 70.8125 37.56 17.16 1012.9590
04211.1709 28.3125 63.2500 70.8125 37.56 17.16 1012.9590
04211.1333 28.3125 63.2500 70.8125 37.58 17.15 1012.8812
04210.6333 28.3125 63.2500 70.8125 37.58 17.15 1012.8812
04210.8960 28.3125 63.2500 70.8125 37.58 17.15 1012.8812
04234.9209 28.3750 63.3125 70.8125 37.58 17.15 1012.8812
04208.9834 28.3750 63.3125 70.8125 37.58 17.15 1012.8812
#terjedesi                                       nyomas  ##
#ido(usec)  T1(C)   T2(C)   T3(C)  T4(C) para(%)  (hPa)
04209.5083 28.3750 63.3125 70.8125 37.58 17.15 1012.8812
04234.6709 28.3750 63.3125 70.8125 37.58 17.15 1012.8812
04234.9082 28.3750 63.3125 70.8125 37.58 17.15 1012.8812
04208.2959 28.3750 63.3125 70.8125 37.58 17.15 1012.8812
04234.6333 28.3750 63.3125 70.8125 37.59 17.13 1012.8778
04234.9209 28.3750 63.3125 70.8125 37.59 17.13 1012.8778
04208.5581 28.3750 63.3750 70.8750 37.59 17.13 1012.8778
04209.2085 28.3750 63.3750 70.8750 37.59 17.13 1012.8778
04209.5083 28.3750 63.3750 70.8750 37.59 17.13 1012.8778
04208.0835 28.3750 63.3750 70.8750 37.59 17.13 1012.8778
04234.6206 28.3750 63.3750 70.8750 37.59 17.13 1012.8778
04208.0210 28.3750 63.3750 70.8750 37.59 17.13 1012.8778
04208.2710 28.3750 63.3750 70.8750 37.59 17.13 1012.8778
04208.0835 28.3750 63.3750 70.8750 37.59 17.13 1012.8778
04207.8457 28.3750 63.3750 70.8750 37.59 17.13 1012.8778
04209.2710 28.3750 63.4375 70.9375 37.62 17.11 1012.8989
04209.2085 28.3750 63.4375 70.9375 37.62 17.11 1012.8989
04209.2207 28.3750 63.4375 70.9375 37.62 17.11 1012.8989
04207.7959 28.3750 63.4375 70.9375 37.62 17.11 1012.8989
04208.0210 28.3750 63.4375 70.9375 37.62 17.11 1012.8989
04208.0332 28.3750 63.4375 70.9375 37.62 17.11 1012.8989
04208.0332 28.3750 63.4375 70.9375 37.62 17.11 1012.8989
04207.7832 28.3750 63.4375 70.9375 37.62 17.11 1012.8989
04208.0835 28.3750 63.4375 71.0000 37.62 17.11 1012.8989
04209.2710 28.3750 63.5000 71.0000 37.65 17.23 1012.8840
04209.2085 28.3750 63.5000 71.0000 37.65 17.23 1012.8840
04209.2710 28.3750 63.5000 71.0000 37.65 17.23 1012.8840
04208.0459 28.3750 63.5000 71.0000 37.65 17.23 1012.8840
04207.7832 28.3750 63.5000 71.0000 37.65 17.23 1012.8840
04208.0835 28.3750 63.5000 71.0000 37.65 17.23 1012.8840
04208.2583 28.3750 63.5000 71.0000 37.65 17.23 1012.8840
04208.0835 28.3750 63.5000 71.0000 37.65 17.23 1012.8840
04207.8335 28.3750 63.5000 71.0000 37.65 17.23 1012.8840
04209.0083 28.3750 63.5000 71.0625 37.68 17.05 1012.8777
04209.2710 28.3750 63.5000 71.0625 37.68 17.05 1012.8777
04208.0835 28.3750 63.5000 71.0625 37.68 17.05 1012.8777
04208.5083 28.3750 63.5000 71.0625 37.68 17.05 1012.8777
04208.4956 28.3750 63.5000 71.0625 37.68 17.05 1012.8777
04208.0835 28.3750 63.5000 71.0625 37.68 17.05 1012.8777
04208.0835 28.3750 63.5000 71.0625 37.68 17.05 1012.8777
04207.7832 28.3750 63.5000 71.0625 37.68 17.05 1012.8777
04209.5083 28.3750 63.5625 71.1250 37.68 17.05 1012.8777
04209.2710 28.3750 63.5625 71.1250 37.68 17.05 1012.8777
04233.2085 28.3750 63.5625 71.1250 37.68 17.03 1012.9329
04208.0581 28.3750 63.5625 71.1250 37.68 17.03 1012.9329
04208.2832 28.3750 63.5625 71.1250 37.68 17.03 1012.9329
04208.3208 28.3750 63.5625 71.1250 37.68 17.03 1012.9329
04208.0708 28.3750 63.5625 71.1250 37.68 17.03 1012.9329
04208.0210 28.3750 63.5625 71.1250 37.68 17.03 1012.9329
04207.8457 28.3750 63.5625 71.1875 37.68 17.03 1012.9329
04208.7456 28.3750 63.6250 71.1875 37.68 17.03 1012.9329
04208.7959 28.3750 63.6250 71.1875 37.68 17.03 1012.9329
04208.0332 28.3750 63.6250 71.1875 37.70 17.02 1012.8550
04208.3208 28.3750 63.6250 71.1875 37.70 17.02 1012.8550
04208.0835 28.3750 63.6250 71.1875 37.70 17.02 1012.8550
04208.2710 28.3750 63.6250 71.1875 37.70 17.02 1012.8550
04208.2959 28.3750 63.6250 71.1875 37.70 17.02 1012.8550
04207.8457 28.3750 63.6250 71.1875 37.70 17.02 1012.8550
04206.3706 28.4375 63.6250 71.2500 37.70 17.02 1012.8550
04232.7832 28.4375 63.6250 71.2500 37.70 17.02 1012.8550
04208.9707 28.4375 63.6250 71.2500 37.70 17.02 1012.8550
04208.0835 28.4375 63.6250 71.2500 37.70 17.02 1012.8550
04207.8457 28.4375 63.6250 71.2500 37.72 16.99 1012.8873
04207.7959 28.4375 63.6250 71.2500 37.72 16.99 1012.8873
04208.0332 28.4375 63.6250 71.2500 37.72 16.99 1012.8873
04207.5957 28.4375 63.6250 71.2500 37.72 16.99 1012.8873
04208.5581 28.3750 63.6875 71.3125 37.72 16.99 1012.8873
04206.1333 28.3750 63.6875 71.3125 37.72 16.99 1012.8873
04206.1709 28.3750 63.6875 71.3125 37.72 16.99 1012.8873
04207.7959 28.3750 63.6875 71.3125 37.72 16.99 1012.8873
04208.0210 28.3750 63.6875 71.3125 37.72 16.99 1012.8873
04207.8457 28.3750 63.6875 71.3125 37.75 16.96 1012.9361
04207.8208 28.3750 63.6875 71.3125 37.75 16.96 1012.9361
#terjedesi                                       nyomas  ##
#ido(usec)  T1(C)   T2(C)   T3(C)  T4(C) para(%)  (hPa)
04208.2710 28.3750 63.6875 71.3125 37.75 16.96 1012.9361
04200.9585 28.3750 63.6875 71.3125 37.75 16.96 1012.9361
04207.8457 28.4375 63.7500 71.3750 37.75 16.96 1012.9361
04206.1831 28.4375 63.7500 71.3750 37.75 16.96 1012.9361
04205.9209 28.4375 63.7500 71.3750 37.75 16.96 1012.9361
04208.0835 28.4375 63.7500 71.3750 37.75 16.96 1012.9361
04207.8457 28.4375 63.7500 71.3750 37.75 16.96 1012.9361
04207.7959 28.4375 63.7500 71.3750 37.75 16.96 1012.9361
04207.7959 28.4375 63.7500 71.3750 37.77 16.94 1012.8777
04207.8457 28.4375 63.7500 71.3750 37.77 16.94 1012.8777
04205.8833 28.4375 63.8125 71.4375 37.77 16.94 1012.8777
04206.1582 28.4375 63.8125 71.4375 37.77 16.94 1012.8777
04205.9331 28.4375 63.8125 71.4375 37.77 16.94 1012.8777
04231.7710 28.4375 63.8125 71.4375 37.77 16.94 1012.8777
04231.5835 28.4375 63.8125 71.4375 37.77 16.94 1012.8777
04207.6084 28.4375 63.8125 71.4375 37.77 16.94 1012.8777
04207.7959 28.4375 63.8125 71.4375 37.77 16.94 1012.8777
04231.8335 28.4375 63.8125 71.4375 37.79 16.92 1012.8906
04207.8457 28.4375 63.8125 71.4375 37.79 16.92 1012.8906
04231.5957 28.4375 63.8125 71.5000 37.79 16.92 1012.8906
04206.4209 28.4375 63.8125 71.5000 37.79 16.92 1012.8906
04206.4209 28.4375 63.8125 71.5000 37.79 16.92 1012.8906
04231.7832 28.4375 63.8125 71.5000 37.79 16.92 1012.8906
04205.1831 28.4375 63.8125 71.5000 37.79 16.92 1012.8906
04205.1831 28.4375 63.8125 71.5000 37.79 16.92 1012.8906
04231.3081 28.4375 63.8125 71.5000 37.79 16.92 1012.8906
04231.5332 28.4375 63.8125 71.5000 37.80 16.90 1012.9066
04206.1206 28.4375 63.8750 71.5625 37.80 16.90 1012.9066
04206.1582 28.4375 63.8750 71.5625 37.80 16.90 1012.9066
04206.1709 28.4375 63.8750 71.5625 37.80 16.90 1012.9066
04205.2085 28.4375 63.8750 71.5625 37.80 16.90 1012.9066
04204.7085 28.4375 63.8750 71.5625 37.80 16.90 1012.9066
04204.6958 28.4375 63.8750 71.5625 37.80 16.90 1012.9066
04204.9331 28.4375 63.8750 71.5625 37.80 16.90 1012.9066
04204.9331 28.4375 63.8750 71.5625 37.80 16.90 1012.9066
04204.9956 28.4375 63.8750 71.5625 37.80 16.90 1012.9066
04204.9585 28.5000 63.9375 71.5625 37.83 16.88 1012.9001
04205.9331 28.5000 63.9375 71.5625 37.83 16.88 1012.9001
04205.8833 28.5000 63.9375 71.5625 37.83 16.88 1012.9001
04204.9707 28.5000 63.9375 71.5625 37.83 16.88 1012.9001
04204.9956 28.5000 63.9375 71.5625 37.83 16.88 1012.9001
04204.9458 28.5000 63.9375 71.5625 37.83 16.88 1012.9001
04204.7583 28.5000 63.9375 71.5625 37.83 16.88 1012.9001
04204.9707 28.5000 63.9375 71.5625 37.83 16.88 1012.9001
04206.1831 28.4375 64.0000 71.6250 37.83 16.88 1012.9001
04206.1333 28.4375 64.0000 71.6250 37.85 16.85 1012.8775
04206.3706 28.4375 64.0000 71.6250 37.85 16.85 1012.8775
04204.9458 28.4375 64.0000 71.6250 37.85 16.85 1012.8775
04204.9834 28.4375 64.0000 71.6250 37.85 16.85 1012.8775
04204.6958 28.4375 64.0000 71.6250 37.85 16.85 1012.8775
04204.7583 28.4375 64.0000 71.6250 37.85 16.85 1012.8775
04205.2334 28.4375 64.0000 71.6250 37.85 16.85 1012.8775
04204.9834 28.4375 64.0000 71.6250 37.85 16.85 1012.8775
04204.9458 28.5000 64.0625 71.6875 37.85 16.85 1012.8775
04206.1333 28.5000 64.0625 71.6875 37.85 16.85 1012.8775
04206.1206 28.5000 64.0625 71.6875 37.87 16.81 1012.9374
04204.9458 28.5000 64.0625 71.6875 37.87 16.81 1012.9374
04204.9956 28.5000 64.0625 71.6875 37.87 16.81 1012.9374
04204.7085 28.5000 64.0625 71.6875 37.87 16.81 1012.9374
04204.9956 28.5000 64.0625 71.6875 37.87 16.81 1012.9374
04204.9458 28.5000 64.0625 71.6875 37.87 16.81 1012.9374
04205.1831 28.5000 64.1250 71.7500 37.87 16.81 1012.9374
04206.1460 28.5000 64.1250 71.7500 37.87 16.81 1012.9374
04205.9458 28.5000 64.1250 71.7500 37.87 16.81 1012.9374
04204.9956 28.5000 64.1250 71.7500 37.87 16.81 1012.9374
04204.7334 28.5000 64.1250 71.7500 37.90 16.86 1012.9229
04204.7583 28.5000 64.1250 71.7500 37.90 16.86 1012.9229
04204.9458 28.5000 64.1250 71.7500 37.90 16.86 1012.9229
04204.6958 28.5000 64.1250 71.7500 37.90 16.86 1012.9229
04205.1831 28.5000 64.1250 71.7500 37.90 16.86 1012.9229
04229.6958 28.5000 64.1875 71.8125 37.90 16.86 1012.9229
04203.5210 28.5000 64.1875 71.8125 37.90 16.86 1012.9229
04229.9209 28.5000 64.1875 71.8125 37.90 16.86 1012.9229
#terjedesi                                       nyomas  ##
#ido(usec)  T1(C)   T2(C)   T3(C)  T4(C) para(%)  (hPa)
04205.2334 28.5000 64.1875 71.8125 37.90 16.86 1012.9229
04204.9956 28.5000 64.1875 71.8125 37.92 16.77 1012.8447
04204.7334 28.5000 64.1875 71.8125 37.92 16.77 1012.8447
04204.9458 28.5000 64.1875 71.8125 37.92 16.77 1012.8447
04204.9458 28.5000 64.1875 71.8125 37.92 16.77 1012.8447
04204.7334 28.5000 64.1875 71.8750 37.92 16.77 1012.8447
04205.7085 28.5000 64.1875 71.8750 37.92 16.77 1012.8447
04229.6958 28.5000 64.1875 71.8750 37.92 16.77 1012.8447
04229.6831 28.5000 64.1875 71.8750 37.92 16.77 1012.8447
04204.9956 28.5000 64.1875 71.8750 37.92 16.77 1012.8447
04204.7456 28.5000 64.1875 71.8750 37.92 16.77 1012.8447
04204.9331 28.5000 64.1875 71.8750 37.94 16.76 1012.8497
04204.9956 28.5000 64.1875 71.8750 37.94 16.76 1012.8497
04204.9458 28.5000 64.1875 71.8750 37.94 16.76 1012.8497
04204.9331 28.5000 64.1875 71.8750 37.94 16.76 1012.8497
04229.4082 28.5000 64.2500 71.9375 37.94 16.76 1012.8497
04203.0957 28.5000 64.2500 71.9375 37.94 16.76 1012.8497
04204.5083 28.5000 64.2500 71.9375 37.94 16.76 1012.8497
04204.5210 28.5000 64.2500 71.9375 37.94 16.76 1012.8497
04204.7085 28.5000 64.2500 71.9375 37.94 16.76 1012.8497
04204.9834 28.5000 64.2500 71.9375 37.96 16.74 1012.8823
04204.9956 28.5000 64.2500 71.9375 37.96 16.74 1012.8823
04204.9331 28.5000 64.2500 71.9375 37.96 16.74 1012.8823
04203.0957 28.5000 64.3125 72.0000 37.96 16.74 1012.8823
04203.0957 28.5000 64.3125 72.0000 37.96 16.74 1012.8823
04203.3208 28.5000 64.3125 72.0000 37.96 16.74 1012.8823
04204.9458 28.5000 64.3125 72.0000 37.96 16.74 1012.8823
04204.7456 28.5000 64.3125 72.0000 37.96 16.74 1012.8823
04204.9956 28.5000 64.3125 72.0000 37.96 16.74 1012.8823
04204.9458 28.5000 64.3125 72.0000 37.96 16.74 1012.8823
04204.7334 28.5000 64.3125 72.0000 37.99 16.72 1012.8674
04204.7207 28.5000 64.3125 72.0625 37.99 16.72 1012.8674
04202.8584 28.5000 64.3750 72.0625 37.99 16.72 1012.8674
04202.8208 28.5000 64.3750 72.0625 37.99 16.72 1012.8674
04204.7085 28.5000 64.3750 72.0625 37.99 16.72 1012.8674
04204.7583 28.5000 64.3750 72.0625 37.99 16.72 1012.8674
04228.7207 28.5000 64.3750 72.0625 37.99 16.72 1012.8674
04228.9834 28.5000 64.3750 72.0625 37.99 16.72 1012.8674
04228.6958 28.5000 64.3750 72.0625 37.99 16.72 1012.8674
04202.3208 28.5000 64.3750 72.0625 38.01 16.70 1012.8723
04203.0957 28.5625 64.4375 72.1250 38.01 16.70 1012.8723
04203.3335 28.5625 64.4375 72.1250 38.01 16.70 1012.8723
04203.2959 28.5625 64.4375 72.1250 38.01 16.70 1012.8723
04228.5083 28.5625 64.4375 72.1250 38.01 16.70 1012.8723
04202.0957 28.5625 64.4375 72.1250 38.01 16.70 1012.8723
04201.8584 28.5625 64.4375 72.1250 38.01 16.70 1012.8723
04202.0835 28.5625 64.4375 72.1250 38.01 16.70 1012.8723
04228.4585 28.5625 64.4375 72.1250 38.01 16.70 1012.8723
04202.3335 28.5625 64.4375 72.2500 38.07 16.68 1012.9419
04203.2832 28.5625 64.4375 72.2500 38.07 16.68 1012.9419
04203.2832 28.5625 64.4375 72.2500 38.07 16.68 1012.9419
04201.8833 28.5625 64.4375 72.2500 38.07 16.68 1012.9419
04202.0957 28.5625 64.4375 72.2500 38.07 16.68 1012.9419
04202.3584 28.5625 64.4375 72.2500 38.07 16.68 1012.9419
04202.1333 28.5625 64.4375 72.2500 38.07 16.68 1012.9419
04202.3457 28.5625 64.4375 72.2500 38.07 16.68 1012.9419
04202.1460 28.5625 64.4375 72.2500 38.07 16.68 1012.9419
04202.3457 28.5625 64.5000 72.3125 38.07 16.68 1012.9419
04203.3335 28.5625 64.5000 72.3125 38.08 16.65 1012.9307
04203.0957 28.5625 64.5000 72.3125 38.08 16.65 1012.9307
04201.9082 28.5625 64.5000 72.3125 38.08 16.65 1012.9307
04202.3335 28.5625 64.5000 72.3125 38.08 16.65 1012.9307
04201.8960 28.5625 64.5000 72.3125 38.08 16.65 1012.9307
04201.8457 28.5625 64.5000 72.3125 38.08 16.65 1012.9307
04202.1084 28.5625 64.5000 72.3125 38.08 16.65 1012.9307
04203.3335 28.5625 64.5625 72.3750 38.08 16.65 1012.9307
04203.0459 28.5625 64.5625 72.3750 38.08 16.65 1012.9307
04203.0459 28.5625 64.5625 72.3750 38.10 16.64 1012.9434
04202.3335 28.5625 64.5625 72.3750 38.10 16.64 1012.9434
04202.3833 28.5625 64.5625 72.3750 38.10 16.64 1012.9434
04202.1460 28.5625 64.5625 72.3750 38.10 16.64 1012.9434
04201.8960 28.5625 64.5625 72.3750 38.10 16.64 1012.9434
04201.8833 28.5625 64.5625 72.3750 38.10 16.64 1012.9434
#terjedesi                                       nyomas  ##
#ido(usec)  T1(C)   T2(C)   T3(C)  T4(C) para(%)  (hPa)
04202.1084 28.5625 64.5625 72.3750 38.10 16.64 1012.9434
04195.0210 28.5625 64.6250 72.4375 38.10 16.64 1012.9434
04203.0957 28.5625 64.6250 72.4375 38.10 16.64 1012.9434
04203.3335 28.5625 64.6250 72.4375 38.10 16.64 1012.9434
04202.1460 28.5625 64.6250 72.4375 38.13 16.61 1012.9012
04202.0957 28.5625 64.6250 72.4375 38.13 16.61 1012.9012
04202.3706 28.5625 64.6250 72.4375 38.13 16.61 1012.9012
04201.9082 28.5625 64.6250 72.4375 38.13 16.61 1012.9012
04202.0957 28.5625 64.6250 72.4375 38.13 16.61 1012.9012
04202.8584 28.5625 64.6875 72.5000 38.13 16.61 1012.9012
04203.0459 28.5625 64.6875 72.5000 38.13 16.61 1012.9012
04203.0957 28.5625 64.6875 72.5000 38.13 16.61 1012.9012
04201.8584 28.5625 64.6875 72.5000 38.13 16.61 1012.9012
04201.6709 28.5625 64.6875 72.5000 38.17 16.60 1012.9661
04201.9082 28.5625 64.6875 72.5000 38.17 16.60 1012.9661
04201.9082 28.5625 64.6875 72.5000 38.17 16.60 1012.9661
04201.6709 28.5625 64.6875 72.5000 38.17 16.60 1012.9661
04201.6460 28.5625 64.6875 72.5000 38.17 16.60 1012.9661
04201.9082 28.5625 64.6875 72.5625 38.17 16.60 1012.9661
04202.8081 28.5625 64.6875 72.5625 38.17 16.60 1012.9661
04202.8457 28.5625 64.6875 72.5625 38.17 16.60 1012.9661
04201.8584 28.5625 64.6875 72.5625 38.17 16.60 1012.9661
04201.9082 28.5625 64.6875 72.5625 38.17 16.60 1012.9661
04201.8960 28.5625 64.6875 72.5625 38.19 16.56 1012.8878
04202.0957 28.5625 64.6875 72.5625 38.19 16.56 1012.8878
04202.1333 28.5625 64.6875 72.5625 38.19 16.56 1012.8878
04226.6084 28.6250 64.7500 72.6250 38.19 16.56 1012.8878
04226.7832 28.6250 64.7500 72.6250 38.19 16.56 1012.8878
04226.7959 28.6250 64.7500 72.6250 38.19 16.56 1012.8878
04201.8833 28.6250 64.7500 72.6250 38.19 16.56 1012.8878
04201.9082 28.6250 64.7500 72.6250 38.19 16.56 1012.8878
04202.0835 28.6250 64.7500 72.6250 38.19 16.56 1012.8878
04201.6709 28.6250 64.7500 72.6250 38.19 16.56 1012.8878
04201.8833 28.6250 64.7500 72.6250 38.22 16.52 1012.8537
04201.8584 28.6250 64.7500 72.6250 38.22 16.52 1012.8537
04201.6206 28.6250 64.8125 72.6875 38.22 16.52 1012.8537
04200.0083 28.6250 64.8125 72.6875 38.22 16.52 1012.8537
04200.1831 28.6250 64.8125 72.6875 38.22 16.52 1012.8537
04202.3335 28.6250 64.8125 72.6875 38.22 16.52 1012.8537
04202.0957 28.6250 64.8125 72.6875 38.22 16.52 1012.8537
04202.0957 28.6250 64.8125 72.6875 38.22 16.52 1012.8537
04202.3335 28.6250 64.8125 72.6875 38.26 16.52 1012.8828
04202.0957 28.6250 64.8125 72.6875 38.26 16.52 1012.8828
04226.0835 28.6250 64.8125 72.6875 38.26 16.52 1012.8828
04200.4834 28.6250 64.8125 72.6875 38.26 16.52 1012.8828
04200.2456 28.6250 64.8125 72.6875 38.26 16.52 1012.8828
04202.1460 28.6250 64.8125 72.6875 38.26 16.52 1012.8828
04202.0835 28.6250 64.8125 72.6875 38.26 16.52 1012.8828
04202.1460 28.6250 64.8125 72.6875 38.26 16.52 1012.8828
04202.0957 28.6250 64.8125 72.6875 38.26 16.52 1012.8828
04225.8960 28.6250 64.8125 72.6875 38.26 16.52 1012.8828
04202.0957 28.6250 64.8125 72.6875 38.26 16.52 1012.8828
04200.1958 28.6250 64.8750 72.6875 38.29 16.50 1012.8486
04200.4209 28.6250 64.8750 72.6875 38.29 16.50 1012.8486
04200.4707 28.6250 64.8750 72.6875 38.29 16.50 1012.8486
04226.1333 28.6250 64.8750 72.6875 38.29 16.50 1012.8486
04225.8457 28.6250 64.8750 72.6875 38.29 16.50 1012.8486
04202.0835 28.6250 64.8750 72.6875 38.29 16.50 1012.8486
04199.4834 28.6250 64.8750 72.6875 38.29 16.50 1012.8486
04199.2456 28.6250 64.8750 72.6875 38.29 16.50 1012.8486
04201.6709 28.6250 64.8750 72.7500 38.29 16.50 1012.8486
04200.4834 28.6250 64.9375 72.7500 38.32 16.48 1012.8973
04200.2456 28.6250 64.9375 72.7500 38.32 16.48 1012.8973
04200.6831 28.6250 64.9375 72.7500 38.32 16.48 1012.8973
04199.4956 28.6250 64.9375 72.7500 38.32 16.48 1012.8973
04225.6582 28.6250 64.9375 72.7500 38.32 16.48 1012.8973
04225.6084 28.6250 64.9375 72.7500 38.32 16.48 1012.8973
04199.2583 28.6250 64.9375 72.7500 38.32 16.48 1012.8973
04199.5210 28.6250 64.9375 72.7500 38.32 16.48 1012.8973
04199.0332 28.6250 64.9375 72.7500 38.32 16.48 1012.8973
04200.4331 28.6875 65.0000 72.8125 38.34 16.46 1012.8744
04200.4331 28.6875 65.0000 72.8125 38.34 16.46 1012.8744
04199.2959 28.6875 65.0000 72.8125 38.34 16.46 1012.8744
#terjedesi                                       nyomas  ##
#ido(usec)  T1(C)   T2(C)   T3(C)  T4(C) para(%)  (hPa)
04199.2959 28.6875 65.0000 72.8125 38.34 16.46 1012.8744
04199.0459 28.6875 65.0000 72.8125 38.34 16.46 1012.8744
04199.0332 28.6875 65.0000 72.8125 38.34 16.46 1012.8744
04199.2456 28.6875 65.0000 72.8125 38.34 16.46 1012.8744
04199.2334 28.6875 65.0000 72.8125 38.34 16.46 1012.8744
04200.7207 28.6875 65.0625 72.8125 38.34 16.46 1012.8744
04200.4834 28.6875 65.0625 72.8125 38.34 16.46 1012.8744
04200.2456 28.6875 65.0625 72.8125 38.36 16.41 1012.8516
04198.9956 28.6875 65.0625 72.8125 38.36 16.41 1012.8516
04198.9956 28.6875 65.0625 72.8125 38.36 16.41 1012.8516
04199.2832 28.6875 65.0625 72.8125 38.36 16.41 1012.8516
04199.4834 28.6875 65.0625 72.8125 38.36 16.41 1012.8516
04199.0332 28.6875 65.0625 72.8125 38.36 16.41 1012.8516
04198.9956 28.6875 65.0625 72.8750 38.36 16.41 1012.8516
04199.9585 28.6875 65.0625 72.8750 38.36 16.41 1012.8516
04200.2334 28.6875 65.0625 72.8750 38.36 16.41 1012.8516
04199.2710 28.6875 65.0625 72.8750 38.38 16.42 1012.8923
04199.2959 28.6875 65.0625 72.8750 38.38 16.42 1012.8923
04199.2456 28.6875 65.0625 72.8750 38.38 16.42 1012.8923
04199.0332 28.6875 65.0625 72.8750 38.38 16.42 1012.8923
04199.0581 28.6875 65.0625 72.8750 38.38 16.42 1012.8923
04199.0083 28.6875 65.0625 72.8750 38.38 16.42 1012.8923
04200.1958 28.6875 65.0625 72.9375 38.38 16.42 1012.8923
04200.4834 28.6875 65.0625 72.9375 38.38 16.42 1012.8923
04200.2207 28.6875 65.0625 72.9375 38.38 16.42 1012.8923
04199.0581 28.6875 65.0625 72.9375 38.38 16.42 1012.8923
04199.2710 28.6875 65.0625 72.9375 38.41 16.40 1012.8854
04199.2959 28.6875 65.0625 72.9375 38.41 16.40 1012.8854
04199.5083 28.6875 65.0625 72.9375 38.41 16.40 1012.8854
04199.4834 28.6875 65.0625 72.9375 38.41 16.40 1012.8854
04200.0083 28.6875 65.1250 73.0000 38.41 16.40 1012.8854
04224.4331 28.6875 65.1250 73.0000 38.41 16.40 1012.8854
04200.4834 28.6875 65.1250 73.0000 38.41 16.40 1012.8854
04199.5210 28.6875 65.1250 73.0000 38.41 16.40 1012.8854
04199.2334 28.6875 65.1250 73.0000 38.41 16.40 1012.8854
04199.2334 28.6875 65.1250 73.0000 38.42 16.39 1012.8658
04199.0581 28.6875 65.1250 73.0000 38.42 16.39 1012.8658
04199.0459 28.6875 65.1250 73.0000 38.42 16.39 1012.8658
04199.2334 28.6875 65.1250 73.0000 38.42 16.39 1012.8658
04199.0581 28.6875 65.1875 73.0000 38.42 16.39 1012.8658
04199.9458 28.6875 65.1875 73.0000 38.42 16.39 1012.8658
04224.2085 28.6875 65.1875 73.0000 38.42 16.39 1012.8658
04199.5083 28.6875 65.1875 73.0000 38.42 16.39 1012.8658
04199.5332 28.6875 65.1875 73.0000 38.42 16.39 1012.8658
04199.2959 28.6875 65.1875 73.0000 38.42 16.39 1012.8658
04199.0083 28.6875 65.1875 73.0000 38.45 16.38 1012.8512
04199.2959 28.6875 65.1875 73.0000 38.45 16.38 1012.8512
04197.5835 28.6875 65.2500 73.0625 38.45 16.38 1012.8512
04197.5835 28.6875 65.2500 73.0625 38.45 16.38 1012.8512
04197.6333 28.6875 65.2500 73.0625 38.45 16.38 1012.8512
04199.0332 28.6875 65.2500 73.0625 38.45 16.38 1012.8512
04199.5332 28.6875 65.2500 73.0625 38.45 16.38 1012.8512
04198.9956 28.6875 65.2500 73.0625 38.45 16.38 1012.8512
04199.2959 28.6875 65.2500 73.0625 38.45 16.38 1012.8512
04198.8208 28.6875 65.2500 73.0625 38.47 16.38 1012.9194
04199.2959 28.6875 65.2500 73.0625 38.47 16.38 1012.9194
04198.7583 28.7500 65.3125 73.1250 38.47 16.38 1012.9194
04197.6333 28.7500 65.3125 73.1250 38.47 16.38 1012.9194
04197.5708 28.7500 65.3125 73.1250 38.47 16.38 1012.9194
04199.2334 28.7500 65.3125 73.1250 38.47 16.38 1012.9194
04199.2456 28.7500 65.3125 73.1250 38.47 16.38 1012.9194
04199.2456 28.7500 65.3125 73.1250 38.47 16.38 1012.9194
04199.2456 28.7500 65.3125 73.1250 38.47 16.38 1012.9194
04198.9956 28.7500 65.3125 73.1250 38.51 16.39 1012.9210
04197.0957 28.7500 65.3750 73.1250 38.51 16.39 1012.9210
04196.9209 28.7500 65.3750 73.1250 38.51 16.39 1012.9210
04223.4834 28.7500 65.3750 73.1250 38.51 16.39 1012.9210
04198.7959 28.7500 65.3750 73.1250 38.51 16.39 1012.9210
04199.2456 28.7500 65.3750 73.1250 38.51 16.39 1012.9210
04199.5083 28.7500 65.3750 73.1250 38.51 16.39 1012.9210
04199.2456 28.7500 65.3750 73.1250 38.51 16.39 1012.9210
04223.2832 28.7500 65.3750 73.1250 38.51 16.39 1012.9210
04223.5210 28.7500 65.3750 73.1250 38.51 16.39 1012.9210
#terjedesi                                       nyomas  ##
#ido(usec)  T1(C)   T2(C)   T3(C)  T4(C) para(%)  (hPa)
04199.0210 28.7500 65.3750 73.1875 38.51 16.39 1012.9210
04197.6084 28.7500 65.3750 73.1875 38.53 16.36 1012.9532
04197.5708 28.7500 65.3750 73.1875 38.53 16.36 1012.9532
04199.0581 28.7500 65.3750 73.1875 38.53 16.36 1012.9532
04223.0083 28.7500 65.3750 73.1875 38.53 16.36 1012.9532
04223.0210 28.7500 65.3750 73.1875 38.53 16.36 1012.9532
04196.8706 28.7500 65.3750 73.1875 38.53 16.36 1012.9532
04199.0581 28.7500 65.3750 73.1875 38.53 16.36 1012.9532
04197.5835 28.7500 65.4375 73.2500 38.53 16.36 1012.9532
04197.6333 28.7500 65.4375 73.2500 38.55 16.35 1012.9109
04197.5835 28.7500 65.4375 73.2500 38.55 16.35 1012.9109
04198.9956 28.7500 65.4375 73.2500 38.55 16.35 1012.9109
04196.3833 28.7500 65.4375 73.2500 38.55 16.35 1012.9109
04196.6831 28.7500 65.4375 73.2500 38.55 16.35 1012.9109
04196.1460 28.7500 65.4375 73.2500 38.55 16.35 1012.9109
04222.7456 28.7500 65.4375 73.2500 38.55 16.35 1012.9109
04196.3833 28.7500 65.4375 73.2500 38.55 16.35 1012.9109
04222.7583 28.7500 65.5000 73.3125 38.55 16.35 1012.9109
04197.3960 28.7500 65.5000 73.3125 38.55 16.35 1012.9109
04196.9082 28.7500 65.5000 73.3125 38.57 16.34 1012.8879
04222.7583 28.7500 65.5000 73.3125 38.57 16.34 1012.8879
04222.7583 28.7500 65.5000 73.3125 38.57 16.34 1012.8879
04222.5083 28.7500 65.5000 73.3125 38.57 16.34 1012.8879
04222.7583 28.7500 65.5000 73.3125 38.57 16.34 1012.8879
04222.5210 28.7500 65.5000 73.3125 38.57 16.34 1012.8879
04196.6709 28.8125 65.5625 73.3750 38.57 16.34 1012.8879
04197.3706 28.8125 65.5625 73.3750 38.57 16.34 1012.8879
04197.3960 28.8125 65.5625 73.3750 38.57 16.34 1012.8879
04222.5332 28.8125 65.5625 73.3750 38.57 16.34 1012.8879
04196.2085 28.8125 65.5625 73.3750 38.60 16.31 1012.9090
04196.1460 28.8125 65.5625 73.3750 38.60 16.31 1012.9090
04196.1582 28.8125 65.5625 73.3750 38.60 16.31 1012.9090
04196.1831 28.8125 65.5625 73.3750 38.60 16.31 1012.9090
04196.3833 28.8125 65.5625 73.3750 38.60 16.31 1012.9090
04197.8208 28.8125 65.5625 73.4375 38.60 16.31 1012.9090
04197.1084 28.8125 65.5625 73.4375 38.60 16.31 1012.9090
04197.0957 28.8125 65.5625 73.4375 38.60 16.31 1012.9090
04195.9082 28.8125 65.5625 73.4375 38.60 16.31 1012.9090
04196.1831 28.8125 65.5625 73.4375 38.64 16.31 1012.9657
04195.9331 28.8125 65.5625 73.4375 38.64 16.31 1012.9657
04196.2085 28.8125 65.5625 73.4375 38.64 16.31 1012.9657
04196.3833 28.8125 65.5625 73.4375 38.64 16.31 1012.9657
04196.1582 28.8125 65.5625 73.4375 38.64 16.31 1012.9657
04197.3960 28.8125 65.6250 73.4375 38.64 16.31 1012.9657
04196.9209 28.8125 65.6250 73.4375 38.64 16.31 1012.9657
04197.3457 28.8125 65.6250 73.4375 38.64 16.31 1012.9657
04196.1958 28.8125 65.6250 73.4375 38.64 16.31 1012.9657
04196.1460 28.8125 65.6250 73.4375 38.64 16.31 1012.9657
04195.9707 28.8125 65.6250 73.4375 38.67 16.31 1012.9038
04196.3833 28.8125 65.6250 73.4375 38.67 16.31 1012.9038
04195.9209 28.8125 65.6250 73.4375 38.67 16.31 1012.9038
04195.9585 28.8125 65.6250 73.4375 38.67 16.31 1012.9038
04197.5835 28.8125 65.6875 73.5000 38.67 16.31 1012.9038
04197.3706 28.8125 65.6875 73.5000 38.67 16.31 1012.9038
04196.1582 28.8125 65.6875 73.5000 38.67 16.31 1012.9038
04196.1831 28.8125 65.6875 73.5000 38.67 16.31 1012.9038
04195.9209 28.8125 65.6875 73.5000 38.67 16.31 1012.9038
04195.9082 28.8125 65.6875 73.5000 38.70 16.30 1012.9525
04195.9458 28.8125 65.6875 73.5000 38.70 16.30 1012.9525
04196.2085 28.8125 65.6875 73.5000 38.70 16.30 1012.9525
04221.3335 28.8125 65.7500 73.6250 38.70 16.30 1012.9525
04197.3457 28.8125 65.7500 73.6250 38.70 16.30 1012.9525
04197.3335 28.8125 65.7500 73.6250 38.70 16.30 1012.9525
04196.3960 28.8125 65.7500 73.6250 38.70 16.30 1012.9525
04196.2085 28.8125 65.7500 73.6250 38.70 16.30 1012.9525
04195.9707 28.8125 65.7500 73.6250 38.70 16.30 1012.9525
04196.1958 28.8125 65.7500 73.6250 38.70 16.30 1012.9525
04196.3833 28.8125 65.7500 73.6250 38.73 16.29 1012.9736
04196.3960 28.8125 65.7500 73.6250 38.73 16.29 1012.9736
04197.1084 28.8750 65.7500 73.6250 38.73 16.29 1012.9736
04220.8706 28.8750 65.7500 73.6250 38.73 16.29 1012.9736
04195.9707 28.8750 65.7500 73.6250 38.73 16.29 1012.9736
04196.3833 28.8750 65.7500 73.6250 38.73 16.29 1012.9736
#terjedesi                                       nyomas  ##
#ido(usec)  T1(C)   T2(C)   T3(C)  T4(C) para(%)  (hPa)
04195.9707 28.8750 65.7500 73.6250 38.73 16.29 1012.9736
04195.9707 28.8750 65.7500 73.6250 38.73 16.29 1012.9736
04195.9707 28.8750 65.7500 73.6250 38.73 16.29 1012.9736
04195.7207 28.8750 65.7500 73.6250 38.75 16.27 1012.9148
04197.1582 28.8750 65.7500 73.6875 38.75 16.27 1012.9148
04221.1460 28.8750 65.7500 73.6875 38.75 16.27 1012.9148
04221.1460 28.8750 65.7500 73.6875 38.75 16.27 1012.9148
04196.1958 28.8750 65.7500 73.6875 38.75 16.27 1012.9148
04196.2085 28.8750 65.7500 73.6875 38.75 16.27 1012.9148
04195.9585 28.8750 65.7500 73.6875 38.75 16.27 1012.9148
04196.3960 28.8750 65.7500 73.6875 38.75 16.27 1012.9148
04196.4458 28.8750 65.7500 73.6875 38.75 16.27 1012.9148
04196.3960 28.8750 65.8125 73.7500 38.78 16.25 1012.9716
04194.3081 28.8750 65.8125 73.7500 38.78 16.25 1012.9716
04194.4956 28.8750 65.8125 73.7500 38.78 16.25 1012.9716
04196.1709 28.8750 65.8125 73.7500 38.78 16.25 1012.9716
04196.1460 28.8750 65.8125 73.7500 38.78 16.25 1012.9716
04195.9707 28.8750 65.8125 73.7500 38.78 16.25 1012.9716
04195.6958 28.8750 65.8125 73.7500 38.78 16.25 1012.9716
04195.9082 28.8750 65.8125 73.7500 38.78 16.25 1012.9716
04195.9707 28.8750 65.8125 73.7500 38.78 16.25 1012.9716
04195.6958 28.8750 65.8750 73.8125 38.78 16.25 1012.9716
04194.4956 28.8750 65.8750 73.8125 38.78 16.23 1012.8886
04194.5459 28.8750 65.8750 73.8125 38.78 16.23 1012.8886
04196.6333 28.8750 65.8750 73.8125 38.78 16.23 1012.8886
04196.2085 28.8750 65.8750 73.8125 38.78 16.23 1012.8886
04195.9707 28.8750 65.8750 73.8125 38.78 16.23 1012.8886
04196.1831 28.8750 65.8750 73.8125 38.78 16.23 1012.8886
04196.1460 28.8750 65.8750 73.8125 38.78 16.23 1012.8886
04194.7334 28.8750 65.9375 73.8125 38.78 16.23 1012.8886
04194.4956 28.8750 65.9375 73.8125 38.78 16.23 1012.8886
04194.0210 28.8750 65.9375 73.8125 38.81 16.18 1012.9096
04195.9707 28.8750 65.9375 73.8125 38.81 16.18 1012.9096
04196.1460 28.8750 65.9375 73.8125 38.81 16.18 1012.9096
04195.9707 28.8750 65.9375 73.8125 38.81 16.18 1012.9096
04196.1460 28.8750 65.9375 73.8125 38.81 16.18 1012.9096
04196.4458 28.8750 65.9375 73.8125 38.81 16.18 1012.9096
04196.2085 28.8750 65.9375 73.8125 38.81 16.18 1012.9096
04196.2085 28.8750 66.0000 73.8750 38.81 16.18 1012.9096
04194.7583 28.8750 66.0000 73.8750 38.81 16.18 1012.9096
04194.2583 28.8750 66.0000 73.8750 38.81 16.18 1012.9096
04196.2085 28.8750 66.0000 73.8750 38.83 16.17 1012.8865
04196.1831 28.8750 66.0000 73.8750 38.83 16.17 1012.8865
04196.3960 28.8750 66.0000 73.8750 38.83 16.17 1012.8865
04196.1958 28.8750 66.0000 73.8750 38.83 16.17 1012.8865
04220.1958 28.8750 66.0000 73.8750 38.83 16.17 1012.8865
04194.7710 28.8750 66.0625 73.9375 38.83 16.17 1012.8865
04194.7334 28.8750 66.0625 73.9375 38.83 16.17 1012.8865
04194.0210 28.8750 66.0625 73.9375 38.83 16.17 1012.8865
04196.2085 28.8750 66.0625 73.9375 38.83 16.17 1012.8865
04196.1709 28.8750 66.0625 73.9375 38.85 16.15 1012.9111
04196.2085 28.8750 66.0625 73.9375 38.85 16.15 1012.9111
04195.9707 28.8750 66.0625 73.9375 38.85 16.15 1012.9111
04219.8960 28.8750 66.0625 73.9375 38.85 16.15 1012.9111
04195.9707 28.8750 66.0625 73.9375 38.85 16.15 1012.9111
04195.9585 28.8750 66.0625 73.9375 38.85 16.15 1012.9111
04194.0708 28.8750 66.0625 73.9375 38.85 16.15 1012.9111
04194.4956 28.8750 66.0625 73.9375 38.85 16.15 1012.9111
04195.9707 28.8750 66.0625 73.9375 38.85 16.15 1012.9111
04195.9707 28.8750 66.0625 73.9375 38.85 16.15 1012.9111
04220.1831 28.8750 66.0625 73.9375 38.86 16.13 1012.9076
04220.1831 28.8750 66.0625 73.9375 38.86 16.13 1012.9076
04219.9082 28.8750 66.0625 73.9375 38.86 16.13 1012.9076
04194.5332 28.8750 66.1250 74.0000 38.86 16.13 1012.9076
04194.2583 28.8750 66.1250 74.0000 38.86 16.13 1012.9076
04194.5332 28.8750 66.1250 74.0000 38.86 16.13 1012.9076
04219.6582 28.8750 66.1250 74.0000 38.86 16.13 1012.9076
04220.1582 28.8750 66.1250 74.0000 38.86 16.13 1012.9076
04195.9707 28.8750 66.1250 74.0000 38.86 16.13 1012.9076
04195.9707 28.8750 66.1250 74.0000 38.86 16.13 1012.9076
04196.1582 28.8750 66.1250 74.0000 38.89 16.13 1012.9286
04219.7085 28.8750 66.1250 74.0000 38.89 16.13 1012.9286
04219.9331 28.8750 66.1250 74.0625 38.89 16.13 1012.9286
#terjedesi                                       nyomas  ##
#ido(usec)  T1(C)   T2(C)   T3(C)  T4(C) para(%)  (hPa)
04194.5083 28.8750 66.1250 74.0625 38.89 16.13 1012.9286
04194.5459 28.8750 66.1250 74.0625 38.89 16.13 1012.9286
04193.5332 28.8750 66.1250 74.0625 38.89 16.13 1012.9286
04219.7085 28.8750 66.1250 74.0625 38.89 16.13 1012.9286
04219.6709 28.8750 66.1250 74.0625 38.89 16.13 1012.9286
04219.8960 28.8750 66.1250 74.0625 38.90 16.13 1012.8895
04193.3457 28.8750 66.1250 74.0625 38.90 16.13 1012.8895
04193.5957 28.9375 66.1875 74.0625 38.90 16.13 1012.8895
04194.3081 28.9375 66.1875 74.0625 38.90 16.13 1012.8895
04194.2832 28.9375 66.1875 74.0625 38.90 16.13 1012.8895
04219.8960 28.9375 66.1875 74.0625 38.90 16.13 1012.8895
04219.7207 28.9375 66.1875 74.0625 38.90 16.13 1012.8895
04219.9458 28.9375 66.1875 74.0625 38.90 16.13 1012.8895
04219.9585 28.9375 66.1875 74.0625 38.90 16.13 1012.8895
04193.3457 28.9375 66.1875 74.0625 38.90 16.13 1012.8895
04219.8960 28.9375 66.1875 74.0625 38.90 16.13 1012.8895
04194.2583 28.9375 66.1875 74.1250 38.94 16.10 1012.8909
04194.3081 28.9375 66.1875 74.1250 38.94 16.10 1012.8909
04194.0083 28.9375 66.1875 74.1250 38.94 16.10 1012.8909
04193.3584 28.9375 66.1875 74.1250 38.94 16.10 1012.8909
04193.1084 28.9375 66.1875 74.1250 38.94 16.10 1012.8909
04193.1206 28.9375 66.1875 74.1250 38.94 16.10 1012.8909
04219.7085 28.9375 66.1875 74.1250 38.94 16.10 1012.8909
04219.7207 28.9375 66.1875 74.1250 38.94 16.10 1012.8909
04193.3335 28.9375 66.1875 74.1250 38.94 16.10 1012.8909
04194.4956 28.9375 66.1875 74.1250 38.96 16.09 1012.9150
04194.0459 28.9375 66.1875 74.1250 38.96 16.09 1012.9150
04194.2583 28.9375 66.1875 74.1250 38.96 16.09 1012.9150
04193.5957 28.9375 66.1875 74.1250 38.96 16.09 1012.9150
04193.5459 28.9375 66.1875 74.1250 38.96 16.09 1012.9150
04193.3584 28.9375 66.1875 74.1250 38.96 16.09 1012.9150
04193.0581 28.9375 66.1875 74.1250 38.96 16.09 1012.9150
04193.3081 28.9375 66.1875 74.1250 38.96 16.09 1012.9150
04193.3335 28.9375 66.1875 74.1250 38.96 16.09 1012.9150
04194.4956 28.9375 66.2500 74.1875 38.99 16.08 1012.8807
04194.5332 28.9375 66.2500 74.1875 38.99 16.08 1012.8807
04193.3335 28.9375 66.2500 74.1875 38.99 16.08 1012.8807
04193.3081 28.9375 66.2500 74.1875 38.99 16.08 1012.8807
04193.3081 28.9375 66.2500 74.1875 38.99 16.08 1012.8807
04193.0708 28.9375 66.2500 74.1875 38.99 16.08 1012.8807
04193.1084 28.9375 66.2500 74.1875 38.99 16.08 1012.8807
04193.3584 28.9375 66.2500 74.1875 38.99 16.08 1012.8807
04194.4956 28.9375 66.2500 74.1875 38.99 16.08 1012.8807
04194.4834 28.9375 66.2500 74.1875 38.99 16.08 1012.8807
04194.2583 28.9375 66.2500 74.1875 39.00 16.06 1012.9052
04193.1206 28.9375 66.2500 74.1875 39.00 16.06 1012.9052
04193.0708 28.9375 66.2500 74.1875 39.00 16.06 1012.9052
04193.3584 28.9375 66.2500 74.1875 39.00 16.06 1012.9052
04193.3208 28.9375 66.2500 74.1875 39.00 16.06 1012.9052
04219.4707 28.9375 66.2500 74.1875 39.00 16.06 1012.9052
04193.3584 28.9375 66.2500 74.1875 39.00 16.06 1012.9052
04194.2710 28.9375 66.2500 74.1875 39.00 16.06 1012.9052
04194.2710 28.9375 66.2500 74.1875 39.00 16.06 1012.9052
04193.5835 28.9375 66.2500 74.1875 39.02 16.04 1012.8741
04193.1206 28.9375 66.2500 74.1875 39.02 16.04 1012.8741
04192.8833 28.9375 66.2500 74.1875 39.02 16.04 1012.8741
04193.2959 28.9375 66.2500 74.1875 39.02 16.04 1012.8741
04193.3081 28.9375 66.2500 74.1875 39.02 16.04 1012.8741
04219.4834 28.9375 66.2500 74.1875 39.02 16.04 1012.8741
04194.4956 28.9375 66.2500 74.2500 39.02 16.04 1012.8741
04194.4834 28.9375 66.2500 74.2500 39.02 16.04 1012.8741
04194.3081 28.9375 66.2500 74.2500 39.02 16.04 1012.8741
04193.3335 28.9375 66.2500 74.2500 39.02 16.04 1012.8741
04193.3335 28.9375 66.2500 74.2500 39.06 16.01 1012.8835
04193.0581 28.9375 66.2500 74.2500 39.06 16.01 1012.8835
04193.5459 28.9375 66.2500 74.2500 39.06 16.01 1012.8835
04192.8833 28.9375 66.2500 74.2500 39.06 16.01 1012.8835
04193.5332 29.0000 66.3125 74.2500 39.06 16.01 1012.8835
04194.2583 29.0000 66.3125 74.2500 39.06 16.01 1012.8835
04194.0083 29.0000 66.3125 74.2500 39.06 16.01 1012.8835
04193.1206 29.0000 66.3125 74.2500 39.06 16.01 1012.8835
04192.8706 29.0000 66.3125 74.2500 39.06 16.01 1012.8835
04193.1084 29.0000 66.3125 74.2500 39.08 15.98 1012.9518
#terjedesi                                       nyomas  ##
#ido(usec)  T1(C)   T2(C)   T3(C)  T4(C) para(%)  (hPa)
04193.3081 29.0000 66.3125 74.2500 39.08 15.98 1012.9518
04193.3584 29.0000 66.3125 74.2500 39.08 15.98 1012.9518
04193.2959 29.0000 66.3125 74.2500 39.08 15.98 1012.9518
04193.3208 28.9375 66.3125 74.2500 39.08 15.98 1012.9518
04194.2959 28.9375 66.3125 74.2500 39.08 15.98 1012.9518
04194.2456 28.9375 66.3125 74.2500 39.08 15.98 1012.9518
04192.8833 28.9375 66.3125 74.2500 39.08 15.98 1012.9518
04193.5459 28.9375 66.3125 74.2500 39.08 15.98 1012.9518
04193.3584 28.9375 66.3125 74.2500 39.08 15.98 1012.9518
04193.3584 28.9375 66.3125 74.2500 39.10 15.96 1012.8653
04193.0957 28.9375 66.3125 74.2500 39.10 15.96 1012.8653
04194.2456 29.0000 66.3125 74.2500 39.10 15.96 1012.8653
04194.4956 29.0000 66.3125 74.2500 39.10 15.96 1012.8653
04194.5210 29.0000 66.3125 74.2500 39.10 15.96 1012.8653
04193.3584 29.0000 66.3125 74.2500 39.10 15.96 1012.8653
04193.1206 29.0000 66.3125 74.2500 39.10 15.96 1012.8653
04193.3457 29.0000 66.3125 74.2500 39.10 15.96 1012.8653
04193.0581 29.0000 66.3125 74.2500 39.10 15.96 1012.8653
04192.8335 29.0000 66.3125 74.2500 39.13 15.96 1012.9221
04193.3457 29.0000 66.3125 74.2500 39.13 15.96 1012.9221
04192.8584 29.0000 66.3125 74.2500 39.13 15.96 1012.9221
04194.0708 29.0000 66.3125 74.2500 39.13 15.96 1012.9221
04194.2456 29.0000 66.3125 74.2500 39.13 15.96 1012.9221
04193.1084 29.0000 66.3125 74.2500 39.13 15.96 1012.9221
04193.3081 29.0000 66.3125 74.2500 39.13 15.96 1012.9221
04193.1206 29.0000 66.3125 74.2500 39.13 15.96 1012.9221
04193.2959 29.0000 66.3125 74.2500 39.13 15.96 1012.9221
04193.3584 29.0000 66.3125 74.2500 39.15 15.94 1012.9462
04194.4956 29.0000 66.3750 74.1875 39.15 15.94 1012.9462
04194.4956 29.0000 66.3750 74.1875 39.15 15.94 1012.9462
04194.5332 29.0000 66.3750 74.1875 39.15 15.94 1012.9462
04193.1206 29.0000 66.3750 74.1875 39.15 15.94 1012.9462
04193.1206 29.0000 66.3750 74.1875 39.15 15.94 1012.9462
04193.3584 29.0000 66.3750 74.1875 39.15 15.94 1012.9462
04192.8706 29.0000 66.3750 74.1875 39.15 15.94 1012.9462
04193.1206 29.0000 66.3750 74.1875 39.15 15.94 1012.9462
04192.8833 29.0000 66.3750 74.1875 39.15 15.94 1012.9462
04192.8833 29.0000 66.3750 74.1875 39.15 15.94 1012.9462
04194.3081 29.0000 66.3750 74.1875 39.17 15.91 1012.9592
04194.4834 29.0000 66.3750 74.1875 39.17 15.91 1012.9592
04193.0957 29.0000 66.3750 74.1875 39.17 15.91 1012.9592
04193.0708 29.0000 66.3750 74.1875 39.17 15.91 1012.9592
04193.1206 29.0000 66.3750 74.1875 39.17 15.91 1012.9592
04193.0708 29.0000 66.3750 74.1875 39.17 15.91 1012.9592
04192.8335 29.0000 66.3750 74.1875 39.17 15.91 1012.9592
04194.2456 29.0000 66.3750 74.1875 39.17 15.91 1012.9592
04194.2583 29.0000 66.3750 74.1875 39.19 15.90 1012.9557
04194.0332 29.0000 66.3750 74.1875 39.19 15.90 1012.9557
04192.5835 29.0000 66.3750 74.1875 39.19 15.90 1012.9557
04192.6460 29.0000 66.3750 74.1875 39.19 15.90 1012.9557
04193.0708 29.0000 66.3750 74.1875 39.19 15.90 1012.9557
04193.1206 29.0000 66.3750 74.1875 39.19 15.90 1012.9557
04192.8457 29.0000 66.3750 74.1875 39.19 15.90 1012.9557
04193.0957 29.0000 66.3750 74.1875 39.19 15.90 1012.9557
04193.1206 29.0000 66.3750 74.1875 39.19 15.90 1012.9557
04194.0083 29.0000 66.3750 74.1875 39.19 15.90 1012.9557
04194.0210 29.0000 66.3750 74.1875 39.21 15.86 1012.9606
04192.8833 29.0000 66.3750 74.1875 39.21 15.86 1012.9606
04193.1206 29.0000 66.3750 74.1875 39.21 15.86 1012.9606
04193.0581 29.0000 66.3750 74.1875 39.21 15.86 1012.9606
04193.1206 29.0000 66.3750 74.1875 39.21 15.86 1012.9606
04193.3081 29.0000 66.3750 74.1875 39.21 15.86 1012.9606
04193.1206 29.0625 66.3750 74.1250 39.21 15.86 1012.9606
04194.3081 29.0625 66.3750 74.1250 39.21 15.86 1012.9606
04194.0581 29.0625 66.3750 74.1250 39.21 15.86 1012.9606
04193.0708 29.0625 66.3750 74.1250 39.21 15.86 1012.9606
04192.4082 29.0625 66.3750 74.1250 39.22 15.84 1012.9490
04192.8833 29.0625 66.3750 74.1250 39.22 15.84 1012.9490
04192.6460 29.0625 66.3750 74.1250 39.22 15.84 1012.9490
04193.0957 29.0625 66.3750 74.1250 39.22 15.84 1012.9490
04193.1206 29.0625 66.3750 74.1250 39.22 15.84 1012.9490
04194.4956 29.0625 66.4375 74.1250 39.22 15.84 1012.9490
04194.2583 29.0625 66.4375 74.1250 39.22 15.84 1012.9490
#terjedesi                                       nyomas  ##
#ido(usec)  T1(C)   T2(C)   T3(C)  T4(C) para(%)  (hPa)
04194.2583 29.0625 66.4375 74.1250 39.22 15.84 1012.9490
04192.5957 29.0625 66.4375 74.1250 39.22 15.84 1012.9490
04192.8335 29.0625 66.4375 74.1250 39.23 15.82 1012.9101
04193.1084 29.0625 66.4375 74.1250 39.23 15.82 1012.9101
04192.8833 29.0625 66.4375 74.1250 39.23 15.82 1012.9101
04192.8335 29.0625 66.4375 74.1250 39.23 15.82 1012.9101
04192.6460 29.0625 66.4375 74.0625 39.23 15.82 1012.9101
04194.0210 29.0625 66.4375 74.0625 39.23 15.82 1012.9101
04193.7959 29.0625 66.4375 74.0625 39.23 15.82 1012.9101
04193.7832 29.0625 66.4375 74.0625 39.23 15.82 1012.9101
04192.8833 29.0625 66.4375 74.0625 39.23 15.82 1012.9101
04193.1206 29.0625 66.4375 74.0625 39.23 15.82 1012.9101
04192.4082 29.0625 66.4375 74.0625 39.24 15.80 1012.9261
04192.6460 29.0625 66.4375 74.0625 39.24 15.80 1012.9261
04192.8584 29.0625 66.4375 74.0625 39.24 15.80 1012.9261
04192.8208 29.0625 66.4375 74.0625 39.24 15.80 1012.9261
04194.3081 29.0625 66.4375 74.0000 39.24 15.80 1012.9261
04194.0708 29.0625 66.4375 74.0000 39.24 15.80 1012.9261
04193.1206 29.0625 66.4375 74.0000 39.24 15.80 1012.9261
04192.8457 29.0625 66.4375 74.0000 39.24 15.80 1012.9261
04193.0581 29.0625 66.4375 74.0000 39.24 15.80 1012.9261
04192.6084 29.0625 66.4375 74.0000 39.25 15.77 1012.9977
04193.3584 29.0625 66.4375 74.0000 39.25 15.77 1012.9977
04192.8335 29.0625 66.4375 74.0000 39.25 15.77 1012.9977
04193.8335 29.0625 66.4375 74.0000 39.25 15.77 1012.9977
04194.0332 29.0625 66.4375 74.0000 39.25 15.77 1012.9977
04193.8335 29.0625 66.4375 74.0000 39.25 15.77 1012.9977
04192.8335 29.0625 66.4375 74.0000 39.25 15.77 1012.9977
04192.8833 29.0625 66.4375 74.0000 39.25 15.77 1012.9977
04192.8833 29.0625 66.4375 74.0000 39.25 15.77 1012.9977
04192.6084 29.0625 66.4375 74.0000 39.25 15.77 1012.9977
04193.1206 29.0625 66.4375 74.0000 39.27 15.75 1012.9112
04192.6333 29.0625 66.4375 73.9375 39.27 15.75 1012.9112
04194.0210 29.0625 66.4375 73.9375 39.27 15.75 1012.9112
04194.0581 29.0625 66.4375 73.9375 39.27 15.75 1012.9112
04193.1084 29.0625 66.4375 73.9375 39.27 15.75 1012.9112
04193.1206 29.0625 66.4375 73.9375 39.27 15.75 1012.9112
04193.0708 29.0625 66.4375 73.9375 39.27 15.75 1012.9112
04192.4082 29.0625 66.4375 73.9375 39.27 15.75 1012.9112
04193.0581 29.0625 66.4375 73.9375 39.27 15.75 1012.9112
04192.8833 29.0625 66.4375 73.9375 39.28 15.74 1012.9356
04193.8081 29.0625 66.4375 73.9375 39.28 15.74 1012.9356
04194.2456 29.0625 66.4375 73.9375 39.28 15.74 1012.9356
04194.2832 29.0625 66.4375 73.9375 39.28 15.74 1012.9356
04193.0581 29.0625 66.4375 73.9375 39.28 15.74 1012.9356
04193.0708 29.0625 66.4375 73.9375 39.28 15.74 1012.9356
04192.8584 29.0625 66.4375 73.9375 39.28 15.74 1012.9356
04193.1206 29.0625 66.4375 73.9375 39.28 15.74 1012.9356
04193.3208 29.0625 66.4375 73.9375 39.28 15.74 1012.9356
04193.3457 29.0625 66.4375 73.8750 39.30 15.73 1012.9402
04194.2583 29.0625 66.4375 73.8750 39.30 15.73 1012.9402
04194.4956 29.0625 66.4375 73.8750 39.30 15.73 1012.9402
04193.7832 29.0625 66.4375 73.8750 39.30 15.73 1012.9402
04193.3335 29.0625 66.4375 73.8750 39.30 15.73 1012.9402
04192.8208 29.0625 66.4375 73.8750 39.30 15.73 1012.9402
04193.3081 29.0625 66.4375 73.8750 39.30 15.73 1012.9402
04193.1206 29.0625 66.4375 73.8750 39.30 15.73 1012.9402
04193.0581 29.0625 66.4375 73.8750 39.30 15.73 1012.9402
04193.3208 29.0625 66.4375 73.8125 39.30 15.73 1012.9402
04194.4956 29.0625 66.4375 73.8125 39.31 15.71 1012.9843
04194.2710 29.0625 66.4375 73.8125 39.31 15.71 1012.9843
04193.0581 29.0625 66.4375 73.8125 39.31 15.71 1012.9843
04193.0581 29.0625 66.4375 73.8125 39.31 15.71 1012.9843
04192.8706 29.0625 66.4375 73.8125 39.31 15.71 1012.9843
04193.0581 29.0625 66.4375 73.8125 39.31 15.71 1012.9843
04193.1206 29.0625 66.4375 73.8125 39.31 15.71 1012.9843
04194.2583 29.1250 66.5000 73.7500 39.31 15.71 1012.9843
04194.3081 29.1250 66.5000 73.7500 39.31 15.71 1012.9843
04194.3081 29.1250 66.5000 73.7500 39.33 15.70 1012.9612
04193.2959 29.1250 66.5000 73.7500 39.33 15.70 1012.9612
04193.1206 29.1250 66.5000 73.7500 39.33 15.70 1012.9612
04193.0708 29.1250 66.5000 73.7500 39.33 15.70 1012.9612
04192.8833 29.1250 66.5000 73.7500 39.33 15.70 1012.9612
#terjedesi                                       nyomas  ##
#ido(usec)  T1(C)   T2(C)   T3(C)  T4(C) para(%)  (hPa)
04192.8335 29.1250 66.5000 73.7500 39.33 15.70 1012.9612
04193.1206 29.1250 66.5000 73.7500 39.33 15.70 1012.9612
04193.0708 29.1250 66.4375 73.7500 39.33 15.70 1012.9612
04194.2710 29.1250 66.4375 73.7500 39.33 15.70 1012.9612
04194.0708 29.1250 66.4375 73.7500 39.33 15.70 1012.9612
04193.0708 29.1250 66.4375 73.7500 39.37 15.67 1012.9625
04193.1206 29.1250 66.4375 73.7500 39.37 15.67 1012.9625
04192.8584 29.1250 66.4375 73.7500 39.37 15.67 1012.9625
04193.3457 29.1250 66.4375 73.7500 39.37 15.67 1012.9625
04192.8335 29.1250 66.4375 73.7500 39.37 15.67 1012.9625
04194.2710 29.1250 66.5000 73.6875 39.37 15.67 1012.9625
04194.5459 29.1250 66.5000 73.6875 39.37 15.67 1012.9625
04194.5459 29.1250 66.5000 73.6875 39.37 15.67 1012.9625
04193.5957 29.1250 66.5000 73.6875 39.37 15.67 1012.9625
04193.0581 29.1250 66.5000 73.6875 39.40 15.64 1012.9281
04192.8833 29.1250 66.5000 73.6875 39.40 15.64 1012.9281
04192.8208 29.1250 66.5000 73.6875 39.40 15.64 1012.9281
04193.2959 29.1250 66.5000 73.6875 39.40 15.64 1012.9281
04193.0835 29.1250 66.5000 73.6875 39.40 15.64 1012.9281
04193.0835 29.1250 66.5000 73.6250 39.40 15.64 1012.9281
04194.2583 29.1250 66.5000 73.6250 39.40 15.64 1012.9281
04194.2583 29.1250 66.5000 73.6250 39.40 15.64 1012.9281
04192.8833 29.1250 66.5000 73.6250 39.40 15.64 1012.9281
04192.8706 29.1250 66.5000 73.6250 39.40 15.64 1012.9281
04193.0708 29.1250 66.5000 73.6250 39.43 15.64 1012.9411
04193.0708 29.1250 66.5000 73.6250 39.43 15.64 1012.9411
04192.8833 29.1250 66.5000 73.6250 39.43 15.64 1012.9411
04194.2832 29.1875 66.5000 73.5625 39.43 15.64 1012.9411
04194.2583 29.1875 66.5000 73.5625 39.43 15.64 1012.9411
04194.5210 29.1875 66.5000 73.5625 39.43 15.64 1012.9411
04193.2959 29.1875 66.5000 73.5625 39.43 15.64 1012.9411
04193.1206 29.1875 66.5000 73.5625 39.43 15.64 1012.9411
04193.3335 29.1875 66.5000 73.5625 39.43 15.64 1012.9411
04193.0708 29.1875 66.5000 73.5625 39.43 15.64 1012.9411
04193.5459 29.1875 66.5000 73.5625 39.46 15.61 1012.9063
04193.2959 29.1875 66.5000 73.5625 39.46 15.61 1012.9063
04193.0708 29.1875 66.5000 73.5625 39.46 15.61 1012.9063
04194.4834 29.1875 66.5000 73.5625 39.46 15.61 1012.9063
04194.3081 29.1875 66.5000 73.5625 39.46 15.61 1012.9063
04193.0708 29.1875 66.5000 73.5625 39.46 15.61 1012.9063
04193.3335 29.1875 66.5000 73.5625 39.46 15.61 1012.9063
04193.3081 29.1875 66.5000 73.5625 39.46 15.61 1012.9063
04193.3584 29.1875 66.5000 73.5625 39.48 15.57 1012.9746
04193.1206 29.1875 66.5000 73.5625 39.48 15.57 1012.9746
04193.8335 29.1875 66.5000 73.5000 39.48 15.57 1012.9746
04194.0708 29.1875 66.5000 73.5000 39.48 15.57 1012.9746
04194.3081 29.1875 66.5000 73.5000 39.48 15.57 1012.9746
04193.0708 29.1875 66.5000 73.5000 39.48 15.57 1012.9746
04193.3584 29.1875 66.5000 73.5000 39.48 15.57 1012.9746
04193.0835 29.1875 66.5000 73.5000 39.48 15.57 1012.9746
04192.8208 29.1875 66.5000 73.5000 39.48 15.57 1012.9746
04193.3584 29.1875 66.5000 73.5000 39.48 15.57 1012.9746
04193.0581 29.1875 66.5000 73.5000 39.48 15.57 1012.9746
04194.2832 29.1875 66.5000 73.4375 39.52 15.56 1012.9207
04194.2583 29.1875 66.5000 73.4375 39.52 15.56 1012.9207
04194.4956 29.1875 66.5000 73.4375 39.52 15.56 1012.9207
04193.3081 29.1875 66.5000 73.4375 39.52 15.56 1012.9207
04193.3457 29.1875 66.5000 73.4375 39.52 15.56 1012.9207
04192.8706 29.1875 66.5000 73.4375 39.52 15.56 1012.9207
04193.3081 29.1875 66.5000 73.4375 39.52 15.56 1012.9207
04192.8584 29.1875 66.5000 73.4375 39.52 15.56 1012.9207
04193.0708 29.1875 66.5000 73.3750 39.52 15.56 1012.9207
04194.5210 29.1875 66.4375 73.3750 39.55 15.54 1012.9139
04194.4956 29.1875 66.4375 73.3750 39.55 15.54 1012.9139
04194.7832 29.1875 66.4375 73.3750 39.55 15.54 1012.9139
04193.3584 29.1875 66.4375 73.3750 39.55 15.54 1012.9139
04193.1084 29.1875 66.4375 73.3750 39.55 15.54 1012.9139
04193.3584 29.1875 66.4375 73.3750 39.55 15.54 1012.9139
04193.3584 29.1875 66.4375 73.3750 39.55 15.54 1012.9139
04192.8833 29.1875 66.4375 73.3750 39.55 15.54 1012.9139
04193.0581 29.1875 66.4375 73.3750 39.55 15.54 1012.9139
04194.2583 29.1875 66.5000 73.3125 39.57 15.50 1012.9461
04194.0210 29.1875 66.5000 73.3125 39.57 15.50 1012.9461
#terjedesi                                       nyomas  ##
#ido(usec)  T1(C)   T2(C)   T3(C)  T4(C) para(%)  (hPa)
04193.1206 29.1875 66.5000 73.3125 39.57 15.50 1012.9461
04193.5957 29.1875 66.5000 73.3125 39.57 15.50 1012.9461
04193.5332 29.1875 66.5000 73.3125 39.57 15.50 1012.9461
04193.3081 29.1875 66.5000 73.3125 39.57 15.50 1012.9461
04193.3584 29.1875 66.5000 73.3125 39.57 15.50 1012.9461
04193.3584 29.1875 66.5000 73.3125 39.57 15.50 1012.9461
04194.5459 29.2500 66.4375 73.3125 39.57 15.50 1012.9461
04194.5210 29.2500 66.4375 73.3125 39.57 15.50 1012.9461
04194.5459 29.2500 66.4375 73.3125 39.59 15.46 1012.9509
04193.5459 29.2500 66.4375 73.3125 39.59 15.46 1012.9509
04193.3208 29.2500 66.4375 73.3125 39.59 15.46 1012.9509
04193.0708 29.2500 66.4375 73.3125 39.59 15.46 1012.9509
04193.3584 29.2500 66.4375 73.3125 39.59 15.46 1012.9509
04193.3335 29.2500 66.4375 73.3125 39.59 15.46 1012.9509
04193.7710 29.2500 66.4375 73.2500 39.59 15.46 1012.9509
04194.4834 29.2500 66.5000 73.2500 39.59 15.46 1012.9509
04194.2583 29.2500 66.5000 73.2500 39.59 15.46 1012.9509
04193.0957 29.2500 66.5000 73.2500 39.60 15.44 1012.9197
04193.0708 29.2500 66.5000 73.2500 39.60 15.44 1012.9197
04193.3457 29.2500 66.5000 73.2500 39.60 15.44 1012.9197
04193.3584 29.2500 66.5000 73.2500 39.60 15.44 1012.9197
04193.5957 29.2500 66.5000 73.2500 39.60 15.44 1012.9197
04193.3584 29.2500 66.5000 73.2500 39.60 15.44 1012.9197
04194.4956 29.2500 66.4375 73.2500 39.60 15.44 1012.9197
04194.5459 29.2500 66.4375 73.2500 39.60 15.44 1012.9197
04194.4956 29.2500 66.4375 73.2500 39.60 15.44 1012.9197
04193.5957 29.2500 66.4375 73.2500 39.60 15.44 1012.9197
04193.3584 29.2500 66.4375 73.2500 39.63 15.43 1012.9880
04193.3457 29.2500 66.4375 73.2500 39.63 15.43 1012.9880
04193.2959 29.2500 66.4375 73.2500 39.63 15.43 1012.9880
04193.5459 29.2500 66.4375 73.2500 39.63 15.43 1012.9880
04193.0708 29.2500 66.4375 73.1875 39.63 15.43 1012.9880
04194.4956 29.2500 66.4375 73.1875 39.63 15.43 1012.9880
04194.3081 29.2500 66.4375 73.1875 39.63 15.43 1012.9880
04193.5459 29.2500 66.4375 73.1875 39.63 15.43 1012.9880
04193.3584 29.2500 66.4375 73.1875 39.63 15.43 1012.9880
04193.3584 29.2500 66.4375 73.1875 39.65 15.40 1012.9926
04193.3335 29.2500 66.4375 73.1875 39.65 15.40 1012.9926
04193.3584 29.2500 66.4375 73.1875 39.65 15.40 1012.9926