##inga 
#ido(sec)  szog(ADC)     ax(g)    ay(g)   az(g)
0.00170400	309	-0.339734 -0.514269  0.814978
0.00691600	310	-0.345240 -0.517861  0.806120
##inga 
#ido(sec)  szog(ADC)     ax(g)    ay(g)   az(g)
0.01350800	311	-0.345001 -0.512354  0.818569
0.01872000	310	-0.337579 -0.517861  0.810190
0.02394400	310	-0.342367 -0.522409  0.820485
0.02916800	310	-0.338297 -0.523367  0.810429
0.03426400	310	-0.342367 -0.517861  0.823118
0.03936800	308	-0.345480 -0.516903  0.810429
0.04444399	312	-0.341649 -0.510199  0.818090
0.04954400	312	-0.340691 -0.520494  0.806838
0.05463600	310	-0.339734 -0.516424  0.810908
0.05973999	311	-0.343086 -0.520255  0.814978
0.06483201	311	-0.335424 -0.519536  0.814739
0.06992800	311	-0.342367 -0.520015  0.817851
0.07501601	310	-0.345240 -0.520255  0.812823
0.08010801	311	-0.342128 -0.519297  0.814978
0.08521200	311	-0.337100 -0.515466  0.816654
0.09030401	311	-0.342607 -0.520494  0.809950
0.09539201	310	-0.343564 -0.515466  0.813302
0.10050401	311	-0.340213 -0.525283  0.815936
0.10560801	310	-0.340213 -0.518818  0.811387
0.11071200	312	-0.343564 -0.514269  0.814978
0.11582400	310	-0.343086 -0.515945  0.814260
0.12090801	310	-0.339255 -0.513072  0.807077
0.12601600	310	-0.343086 -0.517861  0.802528
0.13112400	311	-0.339734 -0.521212  0.810190
0.13624000	311	-0.342367 -0.520494  0.808514
0.14134000	310	-0.334945 -0.516903  0.817612
0.14644000	312	-0.344762 -0.521931  0.821682
0.15154399	309	-0.341170 -0.522409  0.811626
0.15663999	311	-0.340691 -0.516903  0.807077
0.16173600	311	-0.342846 -0.519058  0.810908
0.16684800	309	-0.346677 -0.518100  0.810908
0.17195199	311	-0.342367 -0.515706  0.805162
0.17705600	311	-0.338297 -0.516663  0.804683
0.18216000	311	-0.348832 -0.518339  0.806598
0.18726000	312	-0.342367 -0.510917  0.812105
0.19236400	311	-0.332551 -0.518339  0.816175
0.19747200	311	-0.340691 -0.517142  0.813302
0.20259199	310	-0.337818 -0.521931  0.810668
0.20771198	311	-0.337579 -0.515706  0.817612
0.21282000	311	-0.331115 -0.518579  0.809950
0.21792399	312	-0.341649 -0.523367  0.816654
0.22304399	311	-0.335664 -0.516663  0.814499
0.22816798	310	-0.343564 -0.517861  0.809950
0.23328800	312	-0.339255 -0.513312  0.809711
0.23840401	311	-0.339494 -0.518579  0.808274
0.24351999	309	-0.337340 -0.518579  0.814978
0.24863200	309	-0.341889 -0.517621  0.806120
0.25375199	311	-0.343325 -0.517382  0.808035
0.25887200	311	-0.339494 -0.516424  0.808993
0.26397600	312	-0.333988 -0.518579  0.813063
0.26908001	312	-0.341410 -0.518100  0.815457
0.27417600	312	-0.341170 -0.520015  0.817612
0.27927198	308	-0.343086 -0.514030  0.811865
0.28437600	309	-0.336861 -0.520015  0.808993
0.28946399	311	-0.344043 -0.507087  0.814020
0.29453201	311	-0.339973 -0.517142  0.815457
0.29963998	312	-0.337340 -0.517621  0.819766
0.30473599	310	-0.337818 -0.516185  0.817372
0.30983998	312	-0.333509 -0.515227  0.813302
0.31493198	310	-0.343564 -0.514509  0.819288
0.32003200	310	-0.339255 -0.518579  0.819527
0.32512798	310	-0.343564 -0.517382  0.810429
0.33023200	312	-0.345719 -0.519536  0.814260
0.33531999	310	-0.339973 -0.521452  0.817851
0.34042401	310	-0.340691 -0.520494  0.806120
0.34551200	311	-0.332312 -0.515706  0.812823
0.35060799	308	-0.340452 -0.521452  0.825752
0.35570402	308	-0.338537 -0.518818  0.811626
0.36081199	311	-0.341170 -0.517382  0.823118
0.36591601	311	-0.340213 -0.517382  0.812584
0.37101600	311	-0.340931 -0.511396  0.813302
0.37610399	311	-0.335424 -0.523367  0.825034
0.38120401	310	-0.345240 -0.514269  0.814978
0.38630800	311	-0.342607 -0.516424  0.814978
0.39140000	310	-0.338058 -0.519536  0.806120
0.39648799	312	-0.340452 -0.515706  0.814260
0.40157999	310	-0.341649 -0.522888  0.811626
0.40668401	310	-0.336861 -0.516424  0.818090
0.41178798	311	-0.343086 -0.514030  0.816415
0.41688003	312	-0.348113 -0.520734  0.810668
0.42197599	312	-0.340452 -0.509002  0.811626
0.42706003	310	-0.340691 -0.523128  0.809950
0.43215599	311	-0.337818 -0.520734  0.815696
0.43726797	309	-0.339734 -0.519776  0.813302
0.44237599	311	-0.336382 -0.516424  0.811387
0.44748001	311	-0.332312 -0.517861  0.816175
0.45259199	309	-0.337818 -0.522649  0.812344
0.45769600	309	-0.344522 -0.516185  0.811865
0.46279997	312	-0.335185 -0.518818  0.819048
0.46790399	311	-0.339973 -0.515706  0.806598
0.47300801	310	-0.344762 -0.510199  0.803007
0.47811203	310	-0.342846 -0.520494  0.807317
0.48321599	312	-0.343804 -0.522409  0.811147
0.48831200	310	-0.342128 -0.517861  0.811387
0.49341602	309	-0.337340 -0.516185  0.816654
0.49852800	312	-0.342128 -0.518339  0.811387
0.50363998	311	-0.339494 -0.515227  0.819527
0.50874800	311	-0.341170 -0.515945  0.809950
0.51384801	312	-0.336621 -0.515706  0.813063
0.51896800	310	-0.339734 -0.516424  0.814020
0.52407197	312	-0.345240 -0.516903  0.813541
##inga 
#ido(sec)  szog(ADC)     ax(g)    ay(g)   az(g)
0.52970399	312	-0.339255 -0.515945  0.802768
0.53494400	311	-0.343086 -0.512115  0.811387
0.54017596	310	-0.327523 -0.514988  0.820245
0.54540801	311	-0.337100 -0.520015  0.820724
0.55048799	311	-0.334706 -0.516424  0.807077
0.55558400	311	-0.338297 -0.521691  0.820724
0.56067600	311	-0.339734 -0.514509  0.813302
0.56576800	312	-0.340213 -0.520494  0.814260
0.57084798	310	-0.340931 -0.520015  0.810908
0.57593603	310	-0.336143 -0.523607  0.814260
0.58102798	310	-0.341410 -0.512115  0.818809
0.58613200	309	-0.342128 -0.512115  0.813781
0.59123601	310	-0.332072 -0.513312  0.808274
0.59633998	311	-0.339494 -0.516185  0.808274
0.60144400	310	-0.337100 -0.517142  0.813781
0.60653595	310	-0.337579 -0.518579  0.809950
0.61162400	312	-0.341410 -0.520734  0.816893
0.61671199	310	-0.347635 -0.517621  0.821682
0.62181997	312	-0.338537 -0.521212  0.819288
0.62692399	308	-0.339255 -0.515227  0.815696
0.63203597	309	-0.335664 -0.516185  0.819048
0.63714404	311	-0.344762 -0.516903  0.817612
0.64224796	312	-0.339734 -0.517382  0.811147
0.64735198	311	-0.339016 -0.516903  0.818569
0.65246396	308	-0.342367 -0.517861  0.809471
0.65757603	308	-0.341410 -0.519776  0.830301
0.66266798	312	-0.342128 -0.525283  0.816654
0.66777200	310	-0.343086 -0.516663  0.810908
0.67287201	310	-0.339016 -0.519297  0.808993
0.67796802	308	-0.340452 -0.516903  0.812823
0.68305997	308	-0.337100 -0.521691  0.809711
0.68816800	311	-0.336861 -0.514509  0.811865
0.69327597	311	-0.339016 -0.513551  0.806120
0.69838800	310	-0.342607 -0.515466  0.820006
0.70349197	309	-0.333988 -0.518818  0.811387
0.70859599	310	-0.336621 -0.517382  0.809471
0.71370401	311	-0.339255 -0.518339  0.817612
0.71880798	312	-0.339973 -0.517382  0.814020
0.72390799	309	-0.339494 -0.520255  0.812344
0.72899999	309	-0.342128 -0.517382  0.819288
0.73411602	309	-0.341170 -0.513790  0.811865
0.73920798	312	-0.339494 -0.519058  0.815217
0.74431200	310	-0.340691 -0.518339  0.825991
0.74941596	312	-0.338297 -0.520015  0.814020
0.75452399	312	-0.343325 -0.520015  0.812584
0.75963997	310	-0.343804 -0.514030  0.811387
0.76474399	310	-0.340691 -0.517861  0.814499
0.76986403	312	-0.341410 -0.520255  0.821442
0.77496805	311	-0.338297 -0.517861  0.817612
0.78008799	311	-0.342128 -0.518100  0.811387
0.78519201	312	-0.343804 -0.520494  0.809711
0.79029603	312	-0.340213 -0.516424  0.813541
0.79540004	311	-0.338537 -0.516663  0.811387
0.80051202	311	-0.333748 -0.516903  0.812823
0.80561599	312	-0.339494 -0.508284  0.814020
0.81071195	311	-0.339255 -0.515706  0.827667
0.81580801	310	-0.334467 -0.519776  0.808274
0.82091999	312	-0.337818 -0.514269  0.816654
0.82601203	310	-0.340931 -0.517382  0.808514
0.83111600	311	-0.344522 -0.520015  0.809950
0.83620395	312	-0.343325 -0.513072  0.812105
0.84129600	309	-0.340691 -0.522649  0.810190
0.84637603	311	-0.344522 -0.512833  0.813302
0.85147199	312	-0.341649 -0.514748  0.805880
0.85656795	312	-0.333509 -0.518339  0.816654
0.86166801	311	-0.332312 -0.519058  0.819527
0.86677198	312	-0.339494 -0.518339  0.808514
0.87187995	311	-0.341170 -0.512833  0.807317
0.87698001	312	-0.344762 -0.517861  0.812823
0.88208398	311	-0.336621 -0.520015  0.813541
0.88718805	310	-0.340931 -0.515706  0.808753
0.89228000	309	-0.340213 -0.512593  0.817133
0.89737596	310	-0.339494 -0.518100  0.822161
0.90247201	311	-0.337340 -0.520255  0.814739
0.90757598	311	-0.338776 -0.523846  0.814739
0.91267995	312	-0.339973 -0.518579  0.815696
0.91777601	310	-0.337100 -0.516185  0.815936
0.92287597	312	-0.345480 -0.519536  0.814020
0.92796001	311	-0.340213 -0.517861  0.817851
0.93306398	311	-0.336621 -0.515945  0.818090
0.93816394	312	-0.340691 -0.511157  0.810668
0.94327201	311	-0.341170 -0.519297  0.807556
0.94837598	310	-0.338776 -0.525522  0.812823
0.95347995	310	-0.337100 -0.514748  0.812105
0.95858402	309	-0.337340 -0.523128  0.816415
0.96369199	312	-0.340931 -0.516185  0.820963
0.96879205	310	-0.336382 -0.520494  0.821442
0.97389202	311	-0.338776 -0.517382  0.811865
0.97899198	312	-0.335664 -0.522170  0.815457
0.98409194	310	-0.337579 -0.519776  0.803007
0.98920402	312	-0.342128 -0.519297  0.810429
0.99431200	310	-0.336143 -0.520494  0.815217
0.99941196	310	-0.345480 -0.516903  0.820006
1.00451600	309	-0.342367 -0.512593  0.820006
1.00962400	312	-0.334467 -0.518579  0.821682
1.01472795	312	-0.343325 -0.521452  0.808993
1.01984798	312	-0.332312 -0.519776  0.815217
1.02495205	310	-0.336861 -0.515466  0.809232
1.03005599	310	-0.339255 -0.514748  0.806120
1.03515994	312	-0.339494 -0.522649  0.813781
1.04026401	310	-0.339494 -0.518818  0.818569
##inga 
#ido(sec)  szog(ADC)     ax(g)    ay(g)   az(g)
1.04591596	310	-0.340691 -0.518818  0.810668
1.05117201	311	-0.342128 -0.513551  0.805641
1.05642795	310	-0.331115 -0.513312  0.806120
1.06167197	310	-0.339734 -0.518100  0.809711
1.06677603	311	-0.336621 -0.520973  0.809950
1.07187998	308	-0.339016 -0.515466  0.817612
1.07700002	312	-0.338297 -0.512354  0.814739
1.08211601	310	-0.341649 -0.518579  0.807077
1.08724403	309	-0.338297 -0.520255  0.811147
1.09235202	309	-0.339494 -0.515466  0.814260
1.09745597	310	-0.339734 -0.520734  0.816415
1.10256803	310	-0.340931 -0.523367  0.803725
1.10767602	311	-0.341170 -0.516903  0.815217
1.11277604	311	-0.341170 -0.519776  0.813541
1.11787199	309	-0.342607 -0.518339  0.820006
1.12295997	309	-0.333030 -0.521931  0.818090
1.12805998	309	-0.340452 -0.516903  0.812823
1.13315200	310	-0.342367 -0.512115  0.814499
1.13826799	310	-0.338776 -0.516663  0.814260
1.14336001	310	-0.343804 -0.522170  0.818809
1.14845204	308	-0.335424 -0.518339  0.811626
1.15356397	312	-0.339255 -0.517382  0.810190
1.15865600	311	-0.338297 -0.516185  0.821682
1.16375994	312	-0.341649 -0.518339  0.814739
1.16887605	311	-0.336143 -0.523128  0.817372
1.17399203	311	-0.333030 -0.518100  0.816415
1.17908799	312	-0.342367 -0.517621  0.820485
1.18420004	310	-0.342367 -0.513072  0.815217
1.18930805	311	-0.334467 -0.521212  0.807077
1.19441604	311	-0.339973 -0.512354  0.821921
1.19952797	310	-0.341649 -0.519058  0.815217
1.20463204	308	-0.336382 -0.514269  0.809232
1.20972800	311	-0.340213 -0.518100  0.824315
1.21481204	311	-0.338058 -0.522888  0.816654
1.21990394	308	-0.336143 -0.516424  0.818809
1.22501599	311	-0.344522 -0.520734  0.816654
1.23011994	310	-0.344522 -0.518100  0.819527
1.23521602	310	-0.335903 -0.514748  0.809950
1.24031996	310	-0.340213 -0.517382  0.819048
1.24543595	311	-0.335185 -0.518339  0.809471
1.25054395	308	-0.342846 -0.515466  0.814499
1.25564801	311	-0.337818 -0.520015  0.819766
1.26075196	310	-0.338058 -0.517382  0.811626
1.26585602	311	-0.333030 -0.512833  0.813302
1.27095997	311	-0.339494 -0.516663  0.808753
1.27606403	308	-0.339734 -0.518818  0.807795
1.28116405	310	-0.345480 -0.517621  0.809471
1.28626799	310	-0.342128 -0.518579  0.813541
1.29138398	311	-0.335664 -0.515227  0.813541
1.29648804	312	-0.337340 -0.515945  0.809711
1.30158400	312	-0.341649 -0.515706  0.814978
1.30669999	309	-0.339255 -0.518339  0.807556
1.31180799	312	-0.343564 -0.518339  0.808993
1.31692004	310	-0.339734 -0.520255  0.816175
1.32202804	312	-0.340931 -0.512593  0.811147
1.32714402	312	-0.337579 -0.520015  0.809471
1.33225202	311	-0.343325 -0.517142  0.814978
1.33738398	310	-0.339255 -0.515227  0.818809
1.34248805	311	-0.335424 -0.513551  0.803965
1.34759998	310	-0.334706 -0.511636  0.813781
1.35270404	311	-0.342607 -0.516663  0.806598
1.35780799	311	-0.339973 -0.516903  0.825991
1.36292004	310	-0.341889 -0.518100  0.817133
1.36801600	310	-0.340931 -0.517861  0.816175
1.37312805	310	-0.337818 -0.520973  0.807556
1.37823998	311	-0.338297 -0.517382  0.812344
1.38336002	310	-0.336382 -0.524564  0.810190
1.38846397	310	-0.342846 -0.515466  0.808035
1.39357995	311	-0.337100 -0.515706  0.799176
1.39868402	309	-0.338776 -0.519776  0.814020
1.40378403	309	-0.344283 -0.513312  0.814260
1.40890002	310	-0.335903 -0.519536  0.818569
1.41400804	311	-0.344043 -0.520015  0.821442
1.41911196	312	-0.336621 -0.520734  0.807556
1.42423200	310	-0.337818 -0.515466  0.812344
1.42933998	311	-0.347874 -0.520255  0.812823
1.43445205	311	-0.335903 -0.520494  0.817851
1.43956804	312	-0.340213 -0.527677  0.807077
1.44469203	311	-0.336382 -0.521452  0.814499
1.44982004	308	-0.338537 -0.519297  0.816175
1.45493602	311	-0.341649 -0.520015  0.813302
1.46005201	310	-0.343804 -0.520973  0.815936
1.46515598	312	-0.340452 -0.513790  0.809950
1.47025594	309	-0.340213 -0.519058  0.807317
1.47536802	311	-0.339016 -0.520255  0.829822
1.48048791	311	-0.339016 -0.514269  0.813541
1.48560404	312	-0.335424 -0.519776  0.801092
1.49072003	311	-0.343804 -0.517861  0.814499
1.49583997	312	-0.337579 -0.522649  0.810190
1.50095605	311	-0.342607 -0.519297  0.808993
1.50606403	312	-0.337340 -0.523607  0.808514
1.51116800	312	-0.338537 -0.520973  0.811387
1.51627197	311	-0.341170 -0.520494  0.807795
1.52137603	312	-0.338776 -0.511636  0.819766
1.52649602	312	-0.338297 -0.518100  0.817612
1.53159198	311	-0.339734 -0.515945  0.807795
1.53669595	309	-0.339973 -0.520255  0.817612
1.54180803	310	-0.342128 -0.521931  0.817133
1.54691991	310	-0.335903 -0.517861  0.815696
1.55201196	312	-0.343325 -0.521212  0.813541
1.55712795	312	-0.340213 -0.515466  0.819766
##inga 
#ido(sec)  szog(ADC)     ax(g)    ay(g)   az(g)
1.56276407	312	-0.340931 -0.515227  0.810908
1.56800794	312	-0.340213 -0.516185  0.815457
1.57325601	312	-0.340931 -0.514748  0.818090
1.57848405	311	-0.337100 -0.518818  0.810190
1.58356800	312	-0.335185 -0.510199  0.811865
1.58866796	312	-0.340452 -0.515945  0.812105
1.59376392	312	-0.339734 -0.513551  0.812823
1.59886798	311	-0.338776 -0.522409  0.815936
1.60396804	311	-0.336621 -0.520494  0.814739
1.60907196	311	-0.339494 -0.514748  0.815457
1.61417603	312	-0.341649 -0.514509  0.810429
1.61927199	311	-0.345001 -0.524564  0.808274
1.62435603	311	-0.341410 -0.520255  0.817133
1.62946405	310	-0.344043 -0.519776  0.806120
1.63455605	311	-0.336143 -0.519058  0.813063
1.63965597	310	-0.336382 -0.517142  0.810190
1.64476799	311	-0.341889 -0.518339  0.816175
1.64987602	310	-0.337100 -0.517621  0.818090
1.65497598	312	-0.343325 -0.519536  0.813302
1.66008400	311	-0.339973 -0.523846  0.815217
1.66518402	309	-0.334467 -0.519536  0.814978
1.67030000	310	-0.343564 -0.516424  0.809711
1.67541599	309	-0.338776 -0.520255  0.814499
1.68052396	309	-0.344522 -0.518339  0.814020
1.68562803	312	-0.341649 -0.521212  0.809711
1.69074401	311	-0.341649 -0.517621  0.811626
1.69584798	311	-0.342128 -0.519536  0.807556
1.70095205	312	-0.338537 -0.518339  0.815696
1.70607194	312	-0.340213 -0.517861  0.810668
1.71117601	310	-0.337579 -0.520255  0.805880
1.71627607	310	-0.339255 -0.523128  0.813781
1.72139205	309	-0.346437 -0.522170  0.811387
1.72650394	312	-0.339973 -0.519536  0.828385
1.73162403	312	-0.340691 -0.510917  0.811626
1.73671197	308	-0.334706 -0.515466  0.808035
1.74181604	309	-0.338537 -0.521691  0.815217
1.74692797	312	-0.341889 -0.520734  0.811865
1.75203204	310	-0.343564 -0.520734  0.814978
1.75714006	310	-0.332791 -0.522409  0.819527
1.76225194	310	-0.335664 -0.517382  0.812344
1.76735997	312	-0.343325 -0.522170  0.813302
1.77246403	312	-0.343804 -0.517382  0.819766
1.77757596	312	-0.330875 -0.518579  0.812105
1.78268804	312	-0.335903 -0.522170  0.808514
1.78779196	311	-0.340213 -0.517142  0.810668
1.79290399	312	-0.341170 -0.522409  0.819527
1.79801998	312	-0.344522 -0.518339  0.802528
1.80313596	310	-0.341889 -0.516424  0.810429
1.80824394	309	-0.343325 -0.520015  0.809232
1.81336002	311	-0.339973 -0.514269  0.808753
1.81848001	310	-0.341649 -0.515706  0.818090
1.82358398	309	-0.338537 -0.514509  0.815936
1.82870397	312	-0.339973 -0.516903  0.813541
1.83382406	312	-0.338776 -0.514030  0.806359
1.83893203	312	-0.341170 -0.520494  0.811626
1.84404802	310	-0.339016 -0.517382  0.815936
1.84915599	309	-0.336143 -0.521452  0.812823
1.85427999	311	-0.332312 -0.519297  0.807556
1.85939998	312	-0.338058 -0.520494  0.815457
1.86450395	310	-0.335424 -0.518818  0.819766
1.86962404	311	-0.333509 -0.513072  0.818330
1.87472801	312	-0.342128 -0.520494  0.807077
1.87983999	309	-0.342846 -0.519297  0.813541
1.88496007	312	-0.339973 -0.516663  0.819527
1.89007997	310	-0.342128 -0.521452  0.815936
1.89519596	311	-0.340691 -0.514030  0.807077
1.90030002	312	-0.338537 -0.521212  0.816654
1.90542402	311	-0.335664 -0.518818  0.823597
1.91054401	312	-0.336382 -0.520973  0.814499
1.91565208	312	-0.337818 -0.520734  0.814739
1.92077598	312	-0.334227 -0.521212  0.822879
1.92590799	309	-0.336382 -0.521212  0.807317
1.93103199	311	-0.338776 -0.517861  0.815936
1.93614397	308	-0.338776 -0.516185  0.814260
1.94126405	310	-0.342367 -0.521212  0.810668
1.94639205	310	-0.342367 -0.523367  0.819527
1.95151996	312	-0.335903 -0.520973  0.814020
1.95662403	310	-0.344043 -0.519776  0.810908
1.96173591	312	-0.344283 -0.516663  0.810908
1.96686000	311	-0.336621 -0.520255  0.820724
1.97196807	309	-0.336382 -0.518100  0.818090
1.97707195	312	-0.340691 -0.522170  0.822639
1.98218402	309	-0.345719 -0.521931  0.808753
1.98730392	310	-0.333509 -0.512115  0.798458
1.99241600	309	-0.341649 -0.520494  0.808274
1.99751996	311	-0.339016 -0.519058  0.817851
2.00262403	311	-0.338776 -0.522409  0.814260
2.00771999	310	-0.338776 -0.514748  0.810429
2.01282405	311	-0.340213 -0.523367  0.815457
2.01792788	311	-0.337340 -0.524804  0.819288
2.02302789	310	-0.340931 -0.519058  0.816415
2.02812004	311	-0.340691 -0.515706  0.808274
2.03322410	311	-0.334706 -0.520015  0.815696
2.03831195	312	-0.341410 -0.518100  0.814978
2.04340791	310	-0.337818 -0.513312  0.814020
2.04850792	312	-0.339734 -0.516185  0.820006
2.05361604	310	-0.337340 -0.514030  0.819048
2.05871605	311	-0.338537 -0.517382  0.821442
2.06381988	308	-0.337818 -0.516663  0.807795
2.06892800	310	-0.340213 -0.518818  0.808993
2.07403206	310	-0.339255 -0.515706  0.811865
##inga 
#ido(sec)  szog(ADC)     ax(g)    ay(g)   az(g)
2.07966399	311	-0.337100 -0.522170  0.814020
2.08490395	311	-0.342846 -0.519058  0.811865
2.09013605	311	-0.338297 -0.516663  0.806359
2.09536409	311	-0.340213 -0.512833  0.807556
2.10048007	312	-0.344762 -0.515706  0.803965
2.10558390	312	-0.336382 -0.518579  0.814020
2.11067199	312	-0.343804 -0.514988  0.804922
2.11577606	311	-0.339016 -0.520734  0.819527
2.12089204	310	-0.340213 -0.520255  0.812823
2.12598395	308	-0.337340 -0.507566  0.816654
2.13107991	312	-0.341170 -0.521931  0.817133
2.13618803	312	-0.344283 -0.519058  0.814260
2.14127206	311	-0.342607 -0.518339  0.817372
2.14637589	309	-0.339016 -0.518579  0.806359
2.15147995	312	-0.333748 -0.518818  0.805641
2.15659189	310	-0.337100 -0.518579  0.810429
2.16168808	310	-0.338297 -0.520494  0.811865
2.16678404	310	-0.343086 -0.522649  0.823836
2.17189598	311	-0.338058 -0.521452  0.814499
2.17700004	310	-0.342846 -0.524085  0.811626
2.18209600	311	-0.342128 -0.512115  0.804204
2.18722796	311	-0.337579 -0.522170  0.821921
2.19233202	311	-0.341410 -0.516185  0.809471
2.19743990	312	-0.337340 -0.515227  0.820485
2.20254397	311	-0.335424 -0.517382  0.818809
2.20765590	309	-0.342367 -0.515945  0.810429
2.21276402	309	-0.342128 -0.513790  0.810429
2.21788001	312	-0.344283 -0.517621  0.819766
2.22299599	311	-0.337579 -0.516663  0.814020
2.22810411	308	-0.334945 -0.517861  0.807556
2.23321604	311	-0.341889 -0.519297  0.817851
2.23833203	311	-0.337818 -0.514030  0.819288
2.24343991	311	-0.340452 -0.519536  0.817612
2.24855208	310	-0.344522 -0.516424  0.818809
2.25367188	311	-0.334945 -0.516663  0.811865
2.25878810	311	-0.338297 -0.524804  0.812584
2.26390004	311	-0.342128 -0.517621  0.812584
2.26902008	309	-0.333030 -0.517861  0.818809
2.27412390	312	-0.336143 -0.514509  0.807795
2.27923607	312	-0.342846 -0.515945  0.817612
2.28435206	312	-0.335424 -0.518100  0.811387
2.28945207	312	-0.337818 -0.516185  0.805880
2.29456806	312	-0.342367 -0.516663  0.814739
2.29970407	310	-0.340452 -0.517382  0.816654
2.30482411	310	-0.345480 -0.517621  0.813541
2.30992794	312	-0.338776 -0.522170  0.809471
2.31504011	312	-0.337818 -0.521931  0.811387
2.32015609	312	-0.339016 -0.514748  0.810908
2.32527208	311	-0.335903 -0.524564  0.815457
2.33037590	311	-0.343086 -0.519297  0.819527
2.33549594	311	-0.340931 -0.515227  0.814739
2.34061598	311	-0.341170 -0.519776  0.810429
2.34572792	311	-0.339494 -0.517621  0.811387
2.35084795	311	-0.342367 -0.518100  0.817612
2.35596394	312	-0.333270 -0.518100  0.813063
2.36106801	310	-0.342607 -0.510199  0.812584
2.36618399	312	-0.336143 -0.516903  0.818809
2.37130403	312	-0.336861 -0.518100  0.821442
2.37639594	312	-0.342367 -0.517382  0.812823
2.38150000	310	-0.340691 -0.523607  0.805162
2.38657593	311	-0.336382 -0.521931  0.811147
2.39169597	311	-0.337579 -0.511396  0.822161
2.39680790	310	-0.339973 -0.518579  0.809471
2.40190410	312	-0.339734 -0.519297  0.814260
2.40700793	312	-0.347156 -0.512833  0.816654
2.41212010	311	-0.340691 -0.515945  0.813063
2.41721606	311	-0.341170 -0.522888  0.813541
2.42231988	312	-0.339016 -0.520734  0.809471
2.42740797	310	-0.338537 -0.511636  0.804444
2.43251991	309	-0.344522 -0.516663  0.805162
2.43762397	310	-0.340452 -0.516663  0.808274
2.44270801	312	-0.342367 -0.516663  0.804444
2.44781994	310	-0.344043 -0.520494  0.817133
2.45292401	312	-0.337579 -0.517861  0.817612
2.45803189	312	-0.341889 -0.516663  0.821442
2.46313595	309	-0.340931 -0.515706  0.809471
2.46822404	309	-0.333988 -0.518339  0.813781
2.47332811	312	-0.338058 -0.521212  0.807077
2.47843194	312	-0.336621 -0.516424  0.814978
2.48353600	310	-0.333748 -0.519058  0.812584
2.48863196	311	-0.334706 -0.516185  0.810429
2.49372005	312	-0.342367 -0.517621  0.816415
2.49882388	311	-0.341649 -0.517861  0.809471
2.50393605	310	-0.342128 -0.517621  0.818330
2.50904011	312	-0.340213 -0.517861  0.813302
2.51414394	308	-0.340452 -0.521212  0.813781
2.51924800	310	-0.338058 -0.517621  0.816654
2.52435207	311	-0.341170 -0.512593  0.824315
2.52946400	312	-0.341410 -0.520973  0.817612
2.53455591	311	-0.341170 -0.519058  0.808514
2.53965592	312	-0.336143 -0.521212  0.816175
2.54476404	310	-0.341889 -0.519536  0.812823
2.54986810	312	-0.340452 -0.517142  0.809711
2.55496811	309	-0.340931 -0.521452  0.813781
2.56007194	310	-0.346437 -0.516185  0.811626
2.56517601	311	-0.342367 -0.520015  0.813781
2.57028007	310	-0.336621 -0.520494  0.815696
2.57539606	310	-0.343325 -0.516185  0.819527
2.58052802	310	-0.339734 -0.518579  0.815457
2.58564400	311	-0.340691 -0.516185  0.825273
2.59075999	312	-0.334467 -0.519297  0.808993
##inga 
#ido(sec)  szog(ADC)     ax(g)    ay(g)   az(g)
2.59640789	311	-0.337818 -0.517861  0.817612
2.60168004	311	-0.336143 -0.518579  0.820006
2.60690808	311	-0.342607 -0.519776  0.812823
2.61212396	310	-0.336621 -0.521931  0.810429
2.61723995	311	-0.336621 -0.515466  0.821442
2.62234401	312	-0.338058 -0.519297  0.814739
2.62745594	311	-0.339016 -0.522649  0.813302
2.63256406	311	-0.343325 -0.520973  0.815696
2.63768005	311	-0.343325 -0.520494  0.815936
2.64278411	312	-0.340691 -0.516663  0.806120
2.64790391	310	-0.345480 -0.518579  0.825034
2.65302395	311	-0.340691 -0.520734  0.816654
2.65812802	310	-0.338537 -0.519297  0.814020
2.66323590	310	-0.343325 -0.519536  0.814739
2.66835594	311	-0.340691 -0.517861  0.816893
2.67348003	311	-0.344043 -0.517382  0.815217
2.67860007	309	-0.339734 -0.516185  0.819527
2.68371605	312	-0.342128 -0.520015  0.807556
2.68883204	311	-0.337340 -0.515706  0.815936
2.69395589	311	-0.337340 -0.517382  0.818090
2.69905209	311	-0.342607 -0.519536  0.813781
2.70416402	312	-0.342128 -0.512833  0.816893
2.70928788	308	-0.338537 -0.517382  0.811626
2.71441197	310	-0.339494 -0.519058  0.814260
2.71950793	311	-0.333988 -0.520255  0.807556
2.72462391	312	-0.338058 -0.517142  0.815936
2.72973608	308	-0.339255 -0.516185  0.821682
2.73485589	310	-0.337100 -0.523128  0.816175
2.73995995	310	-0.338537 -0.516903  0.808993
2.74507594	312	-0.342846 -0.524564  0.809711
2.75019192	310	-0.340691 -0.519297  0.814020
2.75529599	310	-0.341170 -0.516185  0.810908
2.76041603	312	-0.346437 -0.513551  0.809950
2.76552009	311	-0.334706 -0.510199  0.818569
2.77061200	310	-0.341170 -0.516424  0.817851
2.77571201	311	-0.340691 -0.520255  0.818090
2.78080797	310	-0.338297 -0.524804  0.804204
2.78590798	311	-0.342128 -0.514269  0.815936
2.79100799	312	-0.340931 -0.519297  0.815936
2.79611206	312	-0.335424 -0.521691  0.812344
2.80123214	311	-0.344043 -0.511875  0.810190
2.80632801	310	-0.339973 -0.517861  0.814260
2.81142406	310	-0.342607 -0.512593  0.814978
2.81652812	310	-0.338297 -0.510678  0.813302
2.82162399	310	-0.338776 -0.520255  0.818330
2.82672405	312	-0.340691 -0.517861  0.819288
2.83182811	308	-0.338776 -0.518100  0.822161
2.83692407	312	-0.336143 -0.515945  0.813302
2.84202003	311	-0.337340 -0.523607  0.814739
2.84712009	311	-0.341170 -0.517382  0.814499
2.85221595	312	-0.342607 -0.516185  0.810429
2.85731201	311	-0.336382 -0.519297  0.814260
2.86241607	312	-0.336382 -0.518579  0.814260
2.86752014	310	-0.336861 -0.514030  0.805641
2.87261600	311	-0.339255 -0.519297  0.804444
2.87772006	312	-0.339255 -0.517621  0.818569
2.88283205	311	-0.336861 -0.516424  0.809471
2.88794403	311	-0.341889 -0.520734  0.816893
2.89303989	311	-0.341170 -0.522649  0.813781
2.89814395	310	-0.340691 -0.518579  0.820006
2.90325593	312	-0.343086 -0.512115  0.829822
2.90836811	311	-0.342367 -0.520734  0.815217
2.91347198	311	-0.341170 -0.518100  0.817851
2.91856002	310	-0.336382 -0.514748  0.804683
2.92367191	312	-0.342367 -0.513790  0.808274
2.92877597	312	-0.341170 -0.519536  0.817851
2.93388004	309	-0.339255 -0.516663  0.812344
2.93899202	310	-0.343804 -0.518579  0.817851
2.94408016	311	-0.342367 -0.522649  0.815696
2.94919605	311	-0.340452 -0.518339  0.810429
2.95429992	311	-0.341170 -0.515466  0.811865
2.95941209	312	-0.339734 -0.518579  0.816654
2.96451587	311	-0.335185 -0.520015  0.808514
2.96961593	309	-0.340213 -0.518100  0.816175
2.97471599	312	-0.337100 -0.521212  0.808035
2.97983188	312	-0.338297 -0.515945  0.811865
2.98494005	309	-0.341410 -0.516185  0.811387
2.99005603	311	-0.343086 -0.519776  0.820963
2.99516010	312	-0.339973 -0.517382  0.812823
3.00026392	310	-0.344283 -0.518579  0.808753
3.00536799	310	-0.338058 -0.515706  0.815696
3.01047205	311	-0.340452 -0.518339  0.816175
3.01557588	312	-0.342367 -0.511396  0.808514
3.02068805	310	-0.338297 -0.516903  0.821442
3.02579998	312	-0.341410 -0.518339  0.806120
3.03091192	311	-0.343086 -0.513790  0.821682
3.03601598	310	-0.335664 -0.517861  0.818569
3.04113602	312	-0.333988 -0.514988  0.805162
3.04625606	309	-0.338297 -0.515706  0.815936
3.05135989	311	-0.339494 -0.520734  0.810429
3.05647993	311	-0.341649 -0.518339  0.816415
3.06159996	310	-0.338776 -0.517861  0.814260
3.06672000	309	-0.340691 -0.516903  0.809711
3.07182407	310	-0.333748 -0.517382  0.807077
3.07694792	311	-0.341649 -0.515466  0.809232
3.08207607	310	-0.346437 -0.522649  0.802768
3.08719611	310	-0.341649 -0.520255  0.810908
3.09231996	309	-0.337818 -0.515466  0.813302
3.09744000	312	-0.345001 -0.514269  0.825034
3.10256004	310	-0.337340 -0.519058  0.818090
3.10766410	311	-0.335424 -0.518339  0.815457
##inga 
#ido(sec)  szog(ADC)     ax(g)    ay(g)   az(g)
3.11331605	310	-0.342128 -0.517382  0.811147
3.11859202	308	-0.341649 -0.521212  0.821442
3.12386393	310	-0.336861 -0.513790  0.811387
3.12911200	312	-0.337340 -0.515466  0.809950
3.13421607	312	-0.340931 -0.513790  0.814020
3.13931989	312	-0.336382 -0.519297  0.814260
3.14443993	308	-0.340691 -0.515945  0.812105
3.14954805	311	-0.336861 -0.518100  0.819527
3.15466403	309	-0.338537 -0.516185  0.805401
3.15978407	311	-0.339973 -0.518339  0.813063
3.16489601	310	-0.340931 -0.518818  0.814260
3.16999197	308	-0.337818 -0.516663  0.817851
3.17509603	310	-0.343086 -0.520015  0.815457
3.18018388	309	-0.340213 -0.518818  0.808753
3.18528795	312	-0.341889 -0.516663  0.816175
3.19039201	310	-0.339734 -0.520255  0.816654
3.19549608	312	-0.335664 -0.516663  0.811147
3.20060801	310	-0.338537 -0.516663  0.814978
3.20570397	308	-0.343086 -0.514509  0.815696
3.21078801	311	-0.339494 -0.510917  0.811147
3.21588802	311	-0.342607 -0.519776  0.814978
3.22098398	312	-0.339734 -0.513790  0.816175
3.22608804	312	-0.341170 -0.520734  0.815217
3.23119211	310	-0.339255 -0.514030  0.814020
3.23628401	310	-0.343564 -0.518579  0.812823
3.24139189	310	-0.341170 -0.521452  0.813781
3.24649596	311	-0.334945 -0.518100  0.816175
3.25160002	310	-0.343086 -0.518100  0.817372
3.25670003	310	-0.341410 -0.518579  0.811147
3.26180791	309	-0.342846 -0.519776  0.811865
3.26691198	311	-0.339734 -0.514509  0.806598
3.27201199	311	-0.339016 -0.517142  0.808993
3.27712011	309	-0.339494 -0.514988  0.812344
3.28222393	310	-0.342607 -0.517861  0.815457
3.28731608	309	-0.344522 -0.516663  0.805162
3.29242801	311	-0.342128 -0.522409  0.817851
3.29753208	309	-0.345001 -0.517861  0.814978
3.30263209	312	-0.339734 -0.520734  0.822400
3.30772805	311	-0.338776 -0.515466  0.811865
3.31283211	311	-0.336621 -0.528395  0.818330
3.31793594	312	-0.339973 -0.520255  0.818809
3.32303595	312	-0.342607 -0.516185  0.813063
3.32815194	310	-0.338537 -0.516903  0.819527
3.33326005	310	-0.340931 -0.515945  0.820245
3.33836388	311	-0.341170 -0.521691  0.813541
3.34346389	311	-0.338297 -0.520494  0.817612
3.34855198	309	-0.338537 -0.514748  0.815936
3.35366392	310	-0.337100 -0.512593  0.819048
3.35876798	312	-0.343325 -0.517382  0.814020
3.36388802	312	-0.338297 -0.517621  0.817612
3.36900806	311	-0.334945 -0.516424  0.820485
3.37412405	311	-0.337340 -0.519297  0.809471
3.37924408	311	-0.334227 -0.518100  0.815696
3.38434791	311	-0.336143 -0.509720  0.805880
3.38944005	311	-0.339255 -0.518339  0.816654
3.39454388	311	-0.344283 -0.518100  0.804444
3.39964795	308	-0.340931 -0.516424  0.815217
3.40475201	312	-0.339734 -0.524804  0.814739
3.40985608	311	-0.342128 -0.521931  0.810429
3.41497588	310	-0.338058 -0.517382  0.814739
3.42009592	311	-0.342128 -0.512593  0.815457
3.42519998	311	-0.336621 -0.517621  0.807077
3.43031597	309	-0.342367 -0.518100  0.824076
3.43542003	312	-0.339494 -0.519536  0.815457
3.44053602	310	-0.342607 -0.525283  0.824794
3.44564795	311	-0.337100 -0.515945  0.814739
3.45075988	312	-0.342128 -0.518579  0.821682
3.45587205	312	-0.347395 -0.515945  0.816893
3.46099209	310	-0.339973 -0.517382  0.811626
3.46610403	311	-0.343564 -0.520015  0.815696
3.47122406	311	-0.342128 -0.522649  0.814260
3.47632789	311	-0.339973 -0.521691  0.815457
3.48144388	310	-0.342128 -0.520015  0.816415
3.48655605	311	-0.339734 -0.514748  0.817851
3.49167609	312	-0.340452 -0.515466  0.815696
3.49679994	311	-0.340931 -0.522888  0.813781
3.50190806	312	-0.336621 -0.515466  0.815936
3.50702810	310	-0.344283 -0.515466  0.808753
3.51214003	312	-0.334467 -0.513790  0.809950
3.51725602	311	-0.333509 -0.521452  0.819527
3.52238011	311	-0.338058 -0.519536  0.811626
3.52747988	309	-0.339255 -0.516663  0.820006
3.53259992	310	-0.337340 -0.516185  0.813781
3.53771996	311	-0.336861 -0.520494  0.818569
3.54284000	310	-0.341410 -0.515466  0.814499
3.54796004	311	-0.342128 -0.519536  0.806598
3.55308008	312	-0.342128 -0.518579  0.816893
3.55821204	311	-0.337100 -0.518339  0.811865
3.56331205	312	-0.344043 -0.517861  0.804683
3.56842398	312	-0.336621 -0.519058  0.812823
3.57352805	310	-0.342367 -0.524325  0.816415
3.57863998	312	-0.341649 -0.516663  0.812584
3.58376407	311	-0.335424 -0.514748  0.801810
3.58888006	311	-0.341410 -0.523367  0.811626
3.59399199	311	-0.346916 -0.512833  0.806359
3.59910392	312	-0.338058 -0.519297  0.811387
3.60421991	308	-0.334945 -0.520734  0.818090
3.60932397	310	-0.338058 -0.518100  0.813781
3.61442804	311	-0.338537 -0.521452  0.809711
3.61954402	309	-0.344283 -0.523128  0.808753
3.62465596	311	-0.335903 -0.518818  0.820963
##inga 
#ido(sec)  szog(ADC)     ax(g)    ay(g)   az(g)
3.63029193	311	-0.340452 -0.515945  0.812344
3.63555598	312	-0.346198 -0.509720  0.823358
3.64079999	308	-0.340691 -0.523607  0.815457
3.64602804	311	-0.335185 -0.516663  0.814260
3.65113210	310	-0.344043 -0.510917  0.809711
3.65621995	312	-0.342367 -0.519536  0.817612
3.66132402	310	-0.342846 -0.521452  0.804204
3.66643190	310	-0.335185 -0.514030  0.807317
3.67153191	311	-0.338058 -0.513072  0.816654
3.67662405	312	-0.338537 -0.524564  0.823118
3.68172788	312	-0.337100 -0.514509  0.813302
3.68682003	311	-0.347395 -0.521691  0.808035
3.69192409	309	-0.336621 -0.517142  0.818569
3.69702792	312	-0.336861 -0.517382  0.816175
3.70213198	312	-0.340931 -0.518339  0.819766
3.70723605	309	-0.341649 -0.520255  0.814260
3.71232795	311	-0.340213 -0.517382  0.818809
3.71743202	311	-0.335903 -0.522888  0.813302
3.72252798	312	-0.334467 -0.519058  0.811387
3.72763204	312	-0.346677 -0.514988  0.814260
3.73273611	310	-0.338058 -0.517861  0.810908
3.73783993	311	-0.337818 -0.516663  0.814739
3.74295210	310	-0.345480 -0.520015  0.814739
3.74805593	311	-0.334467 -0.517382  0.812584
3.75318002	311	-0.339973 -0.523367  0.811387
3.75828409	311	-0.345480 -0.519536  0.818569
3.76338791	310	-0.339973 -0.517142  0.820485
3.76849603	312	-0.341889 -0.516185  0.817851
3.77360010	311	-0.340452 -0.514509  0.810429
3.77869606	311	-0.342607 -0.519297  0.813541
3.78379988	312	-0.334706 -0.515227  0.818809
3.78890395	312	-0.332791 -0.519536  0.811387
3.79399991	310	-0.339973 -0.521212  0.809232
3.79910397	312	-0.340452 -0.522649  0.809950
3.80420799	308	-0.341410 -0.513072  0.814499
3.80932807	310	-0.336382 -0.516663  0.815936
3.81444406	311	-0.335424 -0.514748  0.813063
3.81956405	311	-0.337579 -0.512593  0.819288
3.82468795	312	-0.336861 -0.520973  0.817133
3.82979602	311	-0.335903 -0.515227  0.806838
3.83490800	312	-0.340452 -0.517382  0.809711
3.84001998	311	-0.340691 -0.518818  0.807077
3.84512805	311	-0.346916 -0.515945  0.815936
3.85023193	311	-0.339016 -0.510917  0.815217
3.85533599	311	-0.340213 -0.516185  0.813781
3.86044788	312	-0.343086 -0.523128  0.812823
3.86555194	309	-0.342128 -0.513790  0.814739
3.87067203	311	-0.339255 -0.520973  0.822161
3.87577610	311	-0.338776 -0.516903  0.817372
3.88088016	309	-0.339973 -0.517861  0.821921
3.88599205	309	-0.342367 -0.516903  0.816893
3.89110393	311	-0.344043 -0.520973  0.809471
3.89619998	310	-0.341649 -0.514509  0.810908
3.90131206	311	-0.335424 -0.521931  0.803486
3.90643596	308	-0.339016 -0.517621  0.813541
3.91155195	311	-0.341170 -0.519297  0.819288
3.91667194	311	-0.342128 -0.518818  0.810668
3.92179203	310	-0.342846 -0.524564  0.810190
3.92690391	309	-0.337340 -0.514269  0.816654
3.93201208	311	-0.329678 -0.516185  0.814499
3.93713998	311	-0.340213 -0.518579  0.809950
3.94224405	311	-0.336382 -0.520494  0.811147
3.94735603	310	-0.336382 -0.518100  0.811626
3.95246009	311	-0.335903 -0.520015  0.820245
3.95756006	312	-0.337100 -0.522170  0.815457
3.96265602	311	-0.343086 -0.515466  0.812344
3.96776790	311	-0.338537 -0.521212  0.809471
3.97288398	311	-0.339973 -0.520494  0.809950
3.97798395	312	-0.341170 -0.517382  0.812584
3.98308801	311	-0.344043 -0.512833  0.811387
3.98820400	309	-0.336861 -0.516663  0.812584
3.99331998	310	-0.345240 -0.517382  0.814260
3.99842405	311	-0.335424 -0.513312  0.809471
4.00353622	309	-0.340931 -0.517382  0.806598
4.00863981	311	-0.336382 -0.517382  0.815696
4.01373577	311	-0.341649 -0.515706  0.808753
4.01883220	311	-0.335664 -0.518579  0.816893
4.02393198	310	-0.337579 -0.518579  0.814260
4.02903604	309	-0.345959 -0.520255  0.814499
4.03414011	308	-0.342607 -0.521212  0.810429
4.03924417	312	-0.339494 -0.515706  0.806359
4.04434776	308	-0.335185 -0.513312  0.815217
4.04946422	311	-0.340931 -0.514030  0.816654
4.05456018	311	-0.338058 -0.515227  0.809950
4.05965614	308	-0.341889 -0.524325  0.809471
4.06476020	312	-0.337340 -0.516903  0.814260
4.06985616	312	-0.334467 -0.523367  0.823358
4.07496786	311	-0.338776 -0.520015  0.813781
4.08006381	309	-0.342367 -0.515227  0.815457
4.08517980	312	-0.340691 -0.515227  0.810429
4.09027194	310	-0.336382 -0.516663  0.819288
4.09537601	312	-0.340452 -0.522649  0.819527
4.10047197	309	-0.339494 -0.519536  0.810429
4.10556793	312	-0.343564 -0.518579  0.809711
4.11067199	310	-0.338297 -0.516663  0.810190
4.11577606	308	-0.341410 -0.514509  0.810190
4.12087202	310	-0.339973 -0.520255  0.816415
4.12597608	311	-0.334467 -0.515227  0.810908
4.13108777	312	-0.346437 -0.518579  0.824315
4.13619995	311	-0.337818 -0.521452  0.804683
4.14131212	311	-0.345001 -0.517621  0.822639
##inga 
#ido(sec)  szog(ADC)     ax(g)    ay(g)   az(g)
4.14694404	311	-0.337818 -0.517621  0.808753
4.15219211	311	-0.342846 -0.516663  0.814020
4.15745210	311	-0.342846 -0.515945  0.821682
4.16271591	308	-0.342128 -0.510199  0.820485
4.16782379	311	-0.341889 -0.516424  0.812823
4.17292785	311	-0.340213 -0.512115  0.813302
4.17803621	310	-0.347395 -0.515945  0.811387
4.18315219	310	-0.346437 -0.519536  0.816893
4.18826389	308	-0.337340 -0.516663  0.806120
4.19336795	308	-0.339734 -0.514988  0.814978
4.19847202	311	-0.345240 -0.519536  0.811865
4.20356798	311	-0.339494 -0.519297  0.813781
4.20868015	312	-0.338297 -0.516663  0.814260
4.21378421	310	-0.337100 -0.520494  0.821203
4.21888017	312	-0.336382 -0.522888  0.818330
4.22398376	311	-0.339494 -0.519776  0.804683
4.22908782	309	-0.342367 -0.516663  0.818569
4.23420000	309	-0.339734 -0.512833  0.811387
4.23930406	312	-0.336382 -0.517142  0.808514
4.24440813	309	-0.339973 -0.515945  0.824555
4.24951982	312	-0.341649 -0.516185  0.810668
4.25464010	311	-0.341649 -0.518100  0.814739
4.25974416	312	-0.341649 -0.517142  0.813541
4.26484823	310	-0.336861 -0.520494  0.819527
4.26995182	308	-0.335664 -0.510678  0.812105
4.27506399	311	-0.335664 -0.514988  0.817851
4.28017187	309	-0.340691 -0.520015  0.809232
4.28527593	311	-0.341410 -0.519058  0.814020
4.29039192	312	-0.338537 -0.523128  0.817133
4.29551219	311	-0.342128 -0.513551  0.812584
4.30064010	312	-0.341410 -0.518339  0.816654
4.30575990	309	-0.336382 -0.511636  0.810668
4.31088018	311	-0.343804 -0.516903  0.809471
4.31598806	312	-0.342128 -0.515466  0.813781
4.32110786	310	-0.338776 -0.514030  0.805401
4.32621192	311	-0.337579 -0.514269  0.812344
4.33133602	309	-0.341170 -0.523607  0.812823
4.33644008	310	-0.338537 -0.513790  0.811387
4.34155988	311	-0.339255 -0.517861  0.819527
4.34668779	312	-0.339494 -0.521212  0.811387
4.35180807	311	-0.336621 -0.517142  0.812823
4.35691976	312	-0.339255 -0.515227  0.814739
4.36205577	310	-0.339494 -0.517142  0.810190
4.36715984	310	-0.337579 -0.518339  0.818090
4.37226390	310	-0.339494 -0.516185  0.815696
4.37737607	309	-0.339973 -0.518100  0.819048
4.38247203	311	-0.340452 -0.509960  0.813302
4.38756799	311	-0.339255 -0.514748  0.824076
4.39268016	312	-0.340452 -0.520734  0.814260
4.39777612	312	-0.338058 -0.521691  0.818330
4.40287208	310	-0.341410 -0.514269  0.819288
4.40797615	312	-0.337818 -0.519297  0.815457
4.41308021	310	-0.340691 -0.515706  0.814739
4.41817998	312	-0.331354 -0.515945  0.826470
4.42327976	310	-0.342607 -0.516185  0.810190
4.42836380	310	-0.339255 -0.512115  0.818330
4.43346405	311	-0.337579 -0.516424  0.813781
4.43857192	309	-0.338297 -0.519058  0.813781
4.44367599	312	-0.336861 -0.514988  0.814499
4.44878387	310	-0.334227 -0.524085  0.812105
4.45388412	312	-0.340452 -0.523128  0.812344
4.45898818	312	-0.336621 -0.522409  0.813302
4.46409177	312	-0.335185 -0.517861  0.808993
4.46920013	310	-0.346198 -0.518339  0.813781
4.47430419	311	-0.339494 -0.520015  0.814499
4.47940397	311	-0.338058 -0.516903  0.814739
4.48449611	310	-0.342367 -0.517861  0.817133
4.48960018	311	-0.340213 -0.514030  0.812344
4.49469184	312	-0.336382 -0.519776  0.818090
4.49980401	310	-0.345001 -0.518579  0.819288
4.50490379	308	-0.342846 -0.520255  0.811387
4.51000785	312	-0.341649 -0.521212  0.817133
4.51512002	310	-0.339973 -0.521691  0.819048
4.52023601	311	-0.333509 -0.520734  0.808993
4.52533578	312	-0.344043 -0.517621  0.817851
4.53043222	310	-0.344043 -0.515227  0.812584
4.53553581	311	-0.339255 -0.518579  0.820006
4.54062795	312	-0.342128 -0.518100  0.816893
4.54573202	311	-0.341170 -0.516185  0.813302
4.55084800	311	-0.340213 -0.516903  0.810429
4.55595207	308	-0.345240 -0.519058  0.806359
4.56105184	311	-0.343325 -0.516185  0.815217
4.56616401	311	-0.342367 -0.521931  0.816893
4.57128381	312	-0.336621 -0.516903  0.818330
4.57638788	311	-0.335664 -0.514748  0.815217
4.58150386	309	-0.340213 -0.520015  0.814739
4.58660793	310	-0.339494 -0.514509  0.815936
4.59172010	310	-0.338297 -0.518100  0.810190
4.59680795	311	-0.339255 -0.519297  0.807556
4.60191202	312	-0.344043 -0.517621  0.818090
4.60701608	311	-0.341170 -0.520734  0.813063
4.61212396	311	-0.341410 -0.511157  0.806598
4.61723613	311	-0.341410 -0.516185  0.823836
4.62235212	310	-0.341649 -0.516185  0.815217
4.62746000	310	-0.341410 -0.520015  0.807077
4.63256406	311	-0.339016 -0.520973  0.814739
4.63768005	312	-0.339255 -0.514030  0.814739
4.64278411	310	-0.338297 -0.520494  0.809232
4.64788818	309	-0.338058 -0.517861  0.806359
4.65299987	311	-0.341889 -0.516185  0.821682
4.65811204	310	-0.342607 -0.515466  0.813302
##inga 
#ido(sec)  szog(ADC)     ax(g)    ay(g)   az(g)
4.66376018	310	-0.338776 -0.514030  0.809711
4.66900014	308	-0.335185 -0.519058  0.810429
4.67422008	311	-0.340691 -0.518818  0.817851
4.67945194	312	-0.340691 -0.524564  0.812105
4.68455982	310	-0.339016 -0.523367  0.811626
4.68967199	309	-0.338776 -0.517621  0.810908
4.69479179	310	-0.339255 -0.518579  0.817851
4.69990777	312	-0.341410 -0.513551  0.810190
4.70502376	312	-0.340691 -0.519297  0.813302
4.71013212	311	-0.339734 -0.520734  0.812823
4.71523618	311	-0.340452 -0.516663  0.809232
4.72034406	309	-0.335424 -0.513790  0.816893
4.72544002	310	-0.334227 -0.520734  0.817372
4.73053598	310	-0.337340 -0.518579  0.808035
4.73564004	310	-0.344522 -0.520494  0.817133
4.74073600	309	-0.337340 -0.514509  0.811147
4.74582386	312	-0.337579 -0.520015  0.818569
4.75091218	309	-0.340213 -0.517382  0.814260
4.75601577	309	-0.340691 -0.522170  0.822639
4.76111602	311	-0.342607 -0.518579  0.817851
4.76622009	311	-0.344762 -0.519776  0.814739
4.77132415	312	-0.338776 -0.510199  0.822639
4.77642822	310	-0.336861 -0.517382  0.813302
4.78153181	311	-0.343325 -0.514509  0.805401
4.78663587	311	-0.342367 -0.519297  0.817372
4.79174423	310	-0.340691 -0.519776  0.823597
4.79684400	310	-0.343804 -0.519776  0.808035
4.80192422	311	-0.342128 -0.522409  0.820006
4.80702400	311	-0.343325 -0.517861  0.816415
4.81213188	311	-0.336621 -0.517861  0.812823
4.81724405	310	-0.335185 -0.515945  0.817851
4.82235193	312	-0.335664 -0.521452  0.815217
4.82745599	310	-0.346677 -0.520255  0.818569
4.83256006	312	-0.343086 -0.515945  0.810429
4.83764791	309	-0.343086 -0.519536  0.809950
4.84274816	312	-0.340931 -0.518818  0.815217
4.84785604	311	-0.341170 -0.518579  0.813781
4.85296010	310	-0.337818 -0.519058  0.809471
4.85806417	312	-0.334227 -0.517382  0.814978
4.86318397	312	-0.336621 -0.514269  0.814739
4.86829614	311	-0.339494 -0.515945  0.811147
4.87340784	312	-0.335903 -0.513790  0.814739
4.87852001	312	-0.340691 -0.509242  0.819288
4.88362407	311	-0.337100 -0.519297  0.813063
4.88872385	312	-0.338058 -0.519776  0.823118
4.89381217	311	-0.344522 -0.517621  0.805401
4.89892816	311	-0.343804 -0.513312  0.806359
4.90402793	312	-0.338776 -0.514988  0.817612
4.90914392	311	-0.340213 -0.519776  0.814978
4.91425609	312	-0.339494 -0.516903  0.813302
4.91936779	311	-0.341170 -0.516663  0.810429
4.92447185	312	-0.341170 -0.516903  0.809711
4.92957592	312	-0.336861 -0.521931  0.816893
4.93469190	311	-0.338537 -0.511875  0.811387
4.93980407	310	-0.336382 -0.518579  0.811865
4.94491577	310	-0.337100 -0.518579  0.802528
4.95000791	310	-0.346916 -0.520494  0.811387
4.95511198	310	-0.338297 -0.521931  0.808993
4.96022796	310	-0.351226 -0.520734  0.819527
4.96534395	310	-0.338058 -0.515945  0.814739
4.97044801	311	-0.338537 -0.517142  0.813063
4.97556781	312	-0.342607 -0.518579  0.807795
4.98067188	311	-0.339973 -0.518339  0.804922
4.98577594	312	-0.345001 -0.519776  0.816415
4.99088001	311	-0.338776 -0.519776  0.817851
4.99598407	310	-0.340452 -0.517861  0.808035
5.00110387	309	-0.339973 -0.517621  0.815696
5.00621604	312	-0.336382 -0.518818  0.810908
5.01133203	311	-0.340691 -0.521212  0.816415
5.01644802	311	-0.342128 -0.514988  0.814260
5.02156019	311	-0.341889 -0.519536  0.818569
5.02668380	312	-0.338537 -0.517621  0.806838
5.03179979	311	-0.338776 -0.518579  0.822400
5.03691196	311	-0.334467 -0.519297  0.813063
5.04202413	310	-0.339734 -0.518100  0.822879
5.04714012	310	-0.340213 -0.516663  0.804204
5.05225992	310	-0.334227 -0.518818  0.821442
5.05737209	309	-0.334227 -0.522888  0.811147
5.06248378	312	-0.338058 -0.512354  0.807556
5.06760406	311	-0.339494 -0.520734  0.809471
5.07271623	309	-0.338776 -0.515227  0.810190
5.07783603	312	-0.344283 -0.515706  0.816893
5.08295583	310	-0.344283 -0.518579  0.808035
5.08808422	311	-0.337579 -0.515945  0.816175
5.09320020	311	-0.343564 -0.523846  0.815457
5.09832811	309	-0.341410 -0.518100  0.805880
5.10341596	312	-0.342128 -0.517382  0.810429
5.10853576	312	-0.336861 -0.516424  0.814499
5.11365604	309	-0.341410 -0.515466  0.811626
5.11877584	311	-0.341649 -0.521931  0.810908
5.12389612	310	-0.338297 -0.520734  0.809471
5.12901592	312	-0.342607 -0.518818  0.817133
5.13411998	312	-0.339255 -0.513790  0.810429
5.13923215	309	-0.343086 -0.514509  0.824076
5.14434814	312	-0.339255 -0.512833  0.819288
5.14947223	311	-0.343086 -0.513551  0.821682
5.15458393	311	-0.338058 -0.516903  0.814499
5.15969181	311	-0.340213 -0.521691  0.814260
5.16481590	311	-0.336621 -0.527677  0.822639
5.16993618	310	-0.336861 -0.518818  0.815457
5.17506408	309	-0.344043 -0.519297  0.818330
##inga 
#ido(sec)  szog(ADC)     ax(g)    ay(g)   az(g)
5.18069601	310	-0.337100 -0.518100  0.820006
5.18590021	311	-0.344522 -0.522409  0.812344
5.19115209	312	-0.339734 -0.516185  0.809232
5.19639587	311	-0.333988 -0.513790  0.816654
5.20148801	311	-0.337340 -0.521452  0.822400
5.20657587	311	-0.339016 -0.513551  0.810429
5.21167993	311	-0.347874 -0.517621  0.808514
5.21677207	311	-0.339494 -0.522888  0.818809
5.22187614	311	-0.335664 -0.525522  0.817372
5.22698020	312	-0.340452 -0.519776  0.818569
5.23207187	311	-0.338537 -0.515227  0.813063
5.23718023	311	-0.340213 -0.517382  0.816175
5.24228811	312	-0.343325 -0.517621  0.816415
5.24739980	312	-0.341649 -0.515706  0.805641
5.25249576	312	-0.341170 -0.517621  0.812344
5.25759983	312	-0.339255 -0.519536  0.808993
5.26270389	312	-0.342607 -0.517861  0.816654
5.26780796	310	-0.342607 -0.520494  0.808514
5.27289581	310	-0.340452 -0.516903  0.825991
5.27798414	308	-0.337818 -0.515227  0.815217
5.28308820	312	-0.342607 -0.517382  0.813063
5.28818798	312	-0.342128 -0.517382  0.818569
5.29329586	309	-0.341170 -0.521212  0.810190
5.29839181	312	-0.345480 -0.510678  0.820724
5.30348014	308	-0.335185 -0.517861  0.807077
5.30859184	311	-0.328721 -0.514030  0.804922
5.31369590	312	-0.341170 -0.514748  0.808514
5.31880807	311	-0.338537 -0.521931  0.812823
5.32391214	311	-0.346677 -0.515706  0.818330
5.32902002	312	-0.343325 -0.516185  0.808035
5.33414411	311	-0.336861 -0.524085  0.809711
5.33925199	312	-0.343086 -0.517142  0.810429
5.34435606	311	-0.342128 -0.519058  0.820006
5.34945583	310	-0.339734 -0.521691  0.808993
5.35455989	311	-0.341649 -0.514030  0.825752
5.35966396	310	-0.338537 -0.515945  0.801810
5.36476421	310	-0.343325 -0.521212  0.809950
5.36987590	312	-0.338297 -0.516663  0.815457
5.37497997	310	-0.340452 -0.519536  0.814739
5.38009595	312	-0.343086 -0.519536  0.818090
5.38520002	311	-0.347635 -0.516185  0.811147
5.39030790	309	-0.339973 -0.520494  0.820006
5.39541196	311	-0.342128 -0.520734  0.809950
5.40051221	312	-0.339494 -0.519058  0.813781
5.40561580	311	-0.335664 -0.519058  0.814499
5.41071987	310	-0.337340 -0.521691  0.810429
5.41582822	310	-0.342607 -0.515227  0.814739
5.42094421	311	-0.343564 -0.520255  0.813781
5.42604780	311	-0.341649 -0.523128  0.815217
5.43116378	311	-0.343325 -0.522649  0.811147
5.43627977	312	-0.338776 -0.512115  0.817851
5.44140005	312	-0.341649 -0.520973  0.814978
5.44651222	309	-0.337818 -0.515227  0.812823
5.45163202	312	-0.342846 -0.514269  0.822400
5.45674800	312	-0.337579 -0.523607  0.820485
5.46185588	312	-0.342367 -0.521212  0.808993
5.46697616	309	-0.341889 -0.520734  0.811865
5.47208404	311	-0.336143 -0.511636  0.818809
5.47721195	309	-0.343325 -0.515466  0.810908
5.48233604	311	-0.335424 -0.515945  0.811147
5.48745203	310	-0.338058 -0.516663  0.804444
5.49256420	312	-0.345480 -0.519058  0.811387
5.49766778	311	-0.345001 -0.511157  0.815696
5.50278806	309	-0.337818 -0.520015  0.806359
5.50789594	310	-0.339255 -0.520015  0.817612
5.51300382	312	-0.332072 -0.522649  0.815936
5.51810789	309	-0.337100 -0.518100  0.810908
5.52320814	310	-0.333988 -0.517861  0.814020
5.52831602	309	-0.338776 -0.520734  0.815217
5.53342008	310	-0.334945 -0.516663  0.805162
5.53853607	310	-0.338058 -0.523607  0.814739
5.54364776	312	-0.345719 -0.517142  0.813541
5.54875183	310	-0.340452 -0.517142  0.813541
5.55385589	312	-0.335185 -0.515466  0.811387
5.55896806	310	-0.339255 -0.515227  0.814260
5.56406402	309	-0.337818 -0.522649  0.813541
5.56916809	310	-0.343086 -0.516424  0.814739
5.57427215	310	-0.341170 -0.524564  0.812584
5.57936811	310	-0.342607 -0.519297  0.819766
5.58446788	310	-0.339734 -0.520734  0.808035
5.58957195	310	-0.340213 -0.523846  0.817612
5.59467983	312	-0.344522 -0.519058  0.818809
5.59978389	311	-0.335903 -0.520494  0.812584
5.60488414	310	-0.342607 -0.520494  0.814020
5.60996389	310	-0.339734 -0.516185  0.816654
5.61506795	310	-0.343564 -0.518100  0.806120
5.62016010	311	-0.342607 -0.521691  0.810190
5.62524795	312	-0.337818 -0.514509  0.814499
5.63033580	311	-0.342607 -0.514030  0.810668
5.63542413	312	-0.343564 -0.515466  0.808514
5.64052820	310	-0.346916 -0.519536  0.807077
5.64562416	308	-0.340452 -0.514269  0.818090
5.65072393	311	-0.345959 -0.520494  0.814499
5.65581607	312	-0.343086 -0.516185  0.817372
5.66092395	311	-0.341410 -0.521212  0.809471
5.66603183	309	-0.340213 -0.515706  0.818330
5.67112779	311	-0.337818 -0.519776  0.817851
5.67623186	309	-0.343086 -0.519776  0.814978
5.68133592	311	-0.342128 -0.516424  0.819527
5.68644809	308	-0.340931 -0.515466  0.809471
5.69154787	310	-0.343086 -0.518100  0.809950
##inga 
#ido(sec)  szog(ADC)     ax(g)    ay(g)   az(g)
5.69716405	312	-0.346677 -0.520255  0.820006
5.70240402	311	-0.339494 -0.516663  0.814499
5.70762777	312	-0.339973 -0.513790  0.814739
5.71286392	312	-0.346198 -0.519058  0.809950
5.71795988	309	-0.333748 -0.521212  0.815936
5.72308397	310	-0.339973 -0.520015  0.819288
5.72819185	313	-0.344043 -0.520734  0.813541
5.73328018	312	-0.338297 -0.515706  0.809711
5.73839616	311	-0.342607 -0.520734  0.808993
5.74348783	311	-0.336861 -0.512593  0.809232
5.74860811	310	-0.336382 -0.518100  0.809471
5.75371217	311	-0.339973 -0.516424  0.814739
5.75884008	311	-0.345480 -0.511636  0.816175
5.76394414	311	-0.338297 -0.514988  0.804204
5.76906394	312	-0.338058 -0.517382  0.809232
5.77417612	312	-0.340691 -0.515227  0.812344
5.77929210	309	-0.333748 -0.523607  0.813063
5.78440380	310	-0.340931 -0.517382  0.812105
5.78952407	312	-0.339734 -0.516185  0.812344
5.79464817	311	-0.336382 -0.522649  0.821921
5.79976797	311	-0.339734 -0.520015  0.805880
5.80487203	309	-0.340213 -0.519536  0.816654
5.80997610	310	-0.338058 -0.515945  0.813541
5.81508016	309	-0.342128 -0.516903  0.801810
5.82019186	310	-0.339734 -0.517142  0.812823
5.82530784	311	-0.336143 -0.523367  0.813063
5.83043193	310	-0.343325 -0.520734  0.809232
5.83554410	312	-0.343325 -0.515945  0.819527
5.84066390	311	-0.341410 -0.519776  0.813063
5.84577608	311	-0.340452 -0.516185  0.821203
5.85089588	308	-0.346677 -0.517861  0.813302
5.85601615	311	-0.346437 -0.517382  0.812823
5.86112022	310	-0.339016 -0.518818  0.807556
5.86623191	310	-0.338297 -0.520734  0.806359
5.87133979	311	-0.345001 -0.515466  0.819288
5.87645578	309	-0.339494 -0.516424  0.816415
5.88156795	310	-0.338776 -0.516185  0.820485
5.88668012	309	-0.335424 -0.516424  0.808993
5.89179992	312	-0.342367 -0.518818  0.807556
5.89692020	310	-0.338776 -0.518100  0.810908
5.90200805	311	-0.339494 -0.514030  0.809471
5.90710401	310	-0.340452 -0.512115  0.807077
5.91220808	312	-0.345001 -0.514269  0.825034
5.91729593	310	-0.337340 -0.514030  0.806598
5.92238807	310	-0.338297 -0.512115  0.819048
5.92749214	308	-0.342128 -0.518818  0.816415
5.93260383	311	-0.337100 -0.514269  0.825034
5.93769598	312	-0.338537 -0.520015  0.820485
5.94279193	311	-0.339734 -0.520494  0.814499
5.94787979	312	-0.339255 -0.520494  0.812105
5.95298004	312	-0.334467 -0.517621  0.806359
5.95809602	312	-0.335424 -0.515706  0.813781
5.96320009	310	-0.339255 -0.520255  0.817851
5.96830415	310	-0.346916 -0.523607  0.810908
5.97340822	311	-0.348113 -0.519776  0.814260
5.97851181	312	-0.346437 -0.518100  0.817612
5.98360776	309	-0.337579 -0.520255  0.816175
5.98870801	309	-0.341889 -0.524804  0.810908
5.99381208	312	-0.341170 -0.518339  0.823836
5.99891185	312	-0.337579 -0.522409  0.813781
6.00402021	311	-0.341170 -0.519058  0.806359
6.00911998	311	-0.340691 -0.512833  0.814978
6.01422786	312	-0.336143 -0.513312  0.818330
6.01933622	312	-0.341170 -0.518339  0.809471
6.02444791	308	-0.341170 -0.516424  0.813302
6.02955198	311	-0.343086 -0.517142  0.820245
6.03465986	311	-0.338776 -0.516903  0.815696
6.03976011	310	-0.343804 -0.516185  0.803725
6.04486417	311	-0.337340 -0.512354  0.816415
6.04996776	312	-0.338297 -0.523367  0.816654
6.05508422	311	-0.340213 -0.520973  0.817851
6.06017208	310	-0.338297 -0.522170  0.814260
6.06528806	310	-0.340452 -0.515706  0.814260
6.07039213	312	-0.336382 -0.516424  0.816415
6.07549619	311	-0.337818 -0.514748  0.810429
6.08060407	311	-0.341889 -0.515466  0.824794
6.08572006	311	-0.338537 -0.517861  0.806598
6.09082794	310	-0.339494 -0.521212  0.809711
6.09594392	312	-0.344043 -0.517861  0.809232
6.10104799	309	-0.338537 -0.517382  0.813541
6.10615587	312	-0.337340 -0.523128  0.813781
6.11127185	310	-0.331833 -0.522170  0.813781
6.11637592	311	-0.334227 -0.518579  0.816415
6.12147998	310	-0.340213 -0.517382  0.814499
6.12658405	311	-0.342846 -0.520734  0.809232
6.13168811	309	-0.345240 -0.519297  0.817612
6.13679218	309	-0.339973 -0.519297  0.810429
6.14189577	310	-0.342607 -0.516663  0.810908
6.14699983	312	-0.340931 -0.511875  0.814260
6.15210390	310	-0.336861 -0.514509  0.815457
6.15721607	312	-0.339255 -0.516185  0.814499
6.16233587	313	-0.345719 -0.518818  0.816654
6.16744804	310	-0.343804 -0.520255  0.815936
6.17254400	312	-0.337340 -0.515945  0.808753
6.17764806	311	-0.342128 -0.518818  0.813063
6.18276786	310	-0.337340 -0.519058  0.812105
6.18788003	312	-0.339494 -0.520015  0.823358
6.19299221	310	-0.341889 -0.519297  0.815217
6.19811201	311	-0.341889 -0.524325  0.817372
6.20323181	312	-0.340452 -0.515227  0.820245
6.20835208	308	-0.333988 -0.514988  0.823836
##inga 
#ido(sec)  szog(ADC)     ax(g)    ay(g)   az(g)
6.21400785	309	-0.338297 -0.514509  0.817851
6.21925592	309	-0.342128 -0.515466  0.808274
6.22451591	312	-0.340691 -0.525043  0.811626
6.22976398	309	-0.344043 -0.515227  0.814978
6.23487615	311	-0.339734 -0.517142  0.813063
6.24000406	310	-0.337100 -0.512593  0.821921
6.24510383	311	-0.341649 -0.519536  0.820245
6.25021600	312	-0.341410 -0.514030  0.799655
6.25530004	311	-0.338776 -0.518818  0.813541
6.26039600	310	-0.342367 -0.513790  0.821921
6.26548814	311	-0.337340 -0.518818  0.812584
6.27059221	308	-0.338776 -0.523607  0.818090
6.27568817	309	-0.340931 -0.513790  0.820245
6.28077983	310	-0.343086 -0.518339  0.805401
6.28588390	309	-0.344522 -0.520015  0.814499
6.29097604	310	-0.339734 -0.515945  0.813302
6.29608011	312	-0.333988 -0.515227  0.812823
6.30118417	312	-0.344522 -0.519536  0.815457
6.30630016	311	-0.341889 -0.525283  0.816893
6.31140804	312	-0.337100 -0.518100  0.812823
6.31648397	312	-0.339973 -0.524804  0.807556
6.32157611	311	-0.345001 -0.515945  0.810429
6.32666397	310	-0.337340 -0.515706  0.816654
6.33175611	308	-0.335903 -0.524564  0.808993
6.33686017	311	-0.337818 -0.518579  0.810908
6.34197187	310	-0.335424 -0.519058  0.820245
6.34706401	311	-0.338058 -0.514509  0.818330
6.35215187	310	-0.342128 -0.517861  0.805641
6.35726404	311	-0.341649 -0.520255  0.817851
6.36236810	311	-0.340691 -0.516663  0.816893
6.36745595	312	-0.348353 -0.519536  0.809232
6.37256002	311	-0.336861 -0.518579  0.811865
6.37766408	311	-0.337579 -0.517861  0.809950
6.38276815	313	-0.336861 -0.517621  0.809471
6.38787221	310	-0.342607 -0.517861  0.815457
6.39298009	310	-0.339255 -0.515945  0.817612
6.39809608	311	-0.343564 -0.520734  0.807795
6.40320396	310	-0.337579 -0.521691  0.815457
6.40830421	312	-0.339973 -0.514269  0.813302
6.41340398	311	-0.335903 -0.520015  0.811865
6.41850423	311	-0.342367 -0.520973  0.812344
6.42360782	312	-0.339734 -0.522170  0.813302
6.42872381	312	-0.341170 -0.516903  0.805401
6.43381977	312	-0.342367 -0.515706  0.815217
6.43892002	312	-0.338776 -0.521452  0.814499
6.44403600	312	-0.345480 -0.518339  0.817612
6.44914007	310	-0.341170 -0.514509  0.812823
6.45423221	311	-0.342128 -0.517861  0.815696
6.45934820	310	-0.340691 -0.519776  0.817133
6.46445178	312	-0.343325 -0.523128  0.825752
6.46956777	310	-0.335664 -0.516903  0.817133
6.47467613	312	-0.342367 -0.514030  0.820006
6.47977590	311	-0.338776 -0.521212  0.805641
6.48488378	311	-0.339734 -0.520734  0.814020
6.48999595	312	-0.340213 -0.520494  0.811626
6.49510383	310	-0.339734 -0.520494  0.810908
6.50021600	312	-0.337340 -0.515227  0.818330
6.50531196	311	-0.343564 -0.520015  0.811387
6.51041984	310	-0.335903 -0.516185  0.819048
6.51553583	310	-0.338058 -0.514509  0.810908
6.52065181	312	-0.346437 -0.519776  0.813302
6.52577209	310	-0.340691 -0.521212  0.820006
6.53088808	311	-0.343086 -0.513312  0.811387
6.53600406	312	-0.341170 -0.516185  0.815696
6.54112386	310	-0.345001 -0.514030  0.810429
6.54622411	312	-0.339494 -0.521691  0.816654
6.55133581	310	-0.342128 -0.521452  0.814499
6.55647182	310	-0.341170 -0.518339  0.817133
6.56159210	310	-0.339734 -0.515706  0.816175
6.56669616	312	-0.337818 -0.517382  0.813063
6.57181978	308	-0.346198 -0.524085  0.809471
6.57692813	309	-0.341889 -0.518579  0.811626
6.58203983	311	-0.337100 -0.520734  0.815936
6.58714389	310	-0.336621 -0.518339  0.818569
6.59226417	312	-0.337100 -0.512115  0.814499
6.59738397	309	-0.337818 -0.516424  0.812344
6.60249614	312	-0.339016 -0.522649  0.813063
6.60761594	310	-0.339016 -0.512593  0.814739
6.61273622	310	-0.331115 -0.520015  0.812344
6.61784791	311	-0.342367 -0.516663  0.813063
6.62296819	312	-0.339255 -0.517382  0.819527
6.62808418	312	-0.339494 -0.519536  0.818090
6.63319206	312	-0.335664 -0.517382  0.813063
6.63830804	310	-0.345480 -0.521691  0.815936
6.64340782	312	-0.342128 -0.520015  0.820485
6.64851188	310	-0.347156 -0.514030  0.815217
6.65360784	311	-0.333509 -0.515945  0.817612
6.65871191	309	-0.341649 -0.519536  0.806838
6.66381597	312	-0.333748 -0.515466  0.815696
6.66891193	312	-0.337818 -0.516185  0.808993
6.67401599	310	-0.338297 -0.518818  0.809471
6.67911195	312	-0.341649 -0.516663  0.806598
6.68421602	310	-0.343325 -0.522409  0.814978
6.68932008	310	-0.339255 -0.514988  0.803725
6.69442796	308	-0.341889 -0.518579  0.811865
6.69953584	310	-0.338776 -0.512833  0.814020
6.70463609	311	-0.339734 -0.519776  0.814739
6.70973205	309	-0.336382 -0.520734  0.813302
6.71482419	309	-0.342607 -0.518339  0.809711
6.71991205	311	-0.344043 -0.517142  0.820963
6.72501182	309	-0.337100 -0.521691  0.821921
##inga 
#ido(sec)  szog(ADC)     ax(g)    ay(g)   az(g)
6.73065185	310	-0.341170 -0.516663  0.810908
6.73590421	308	-0.332791 -0.520494  0.811147
6.74115991	308	-0.332791 -0.518339  0.811147
6.74640798	310	-0.338297 -0.520734  0.814739
6.75151205	310	-0.341889 -0.519058  0.808993
6.75660800	311	-0.336143 -0.515706  0.808514
6.76172399	311	-0.340213 -0.517142  0.812823
6.76682376	311	-0.339494 -0.514509  0.810429
6.77192020	308	-0.338537 -0.517621  0.818330
6.77703189	312	-0.336382 -0.516185  0.817612
6.78214406	310	-0.338297 -0.514030  0.818330
6.78724002	311	-0.336861 -0.517382  0.803486
6.79234409	311	-0.338297 -0.520973  0.814978
6.79745197	312	-0.335664 -0.514988  0.817133
6.80255603	311	-0.341170 -0.517382  0.820485
6.80766010	310	-0.342607 -0.513790  0.811147
6.81275177	308	-0.339255 -0.517382  0.821682
6.81786012	310	-0.334227 -0.521691  0.806120
6.82297611	312	-0.341170 -0.516663  0.811626
6.82808399	310	-0.337818 -0.522649  0.816175
6.83319997	310	-0.340452 -0.521931  0.817851
6.83831214	309	-0.342607 -0.521691  0.807077
6.84343194	309	-0.339734 -0.516663  0.815696
6.84855222	308	-0.341649 -0.514509  0.808753
6.85365581	311	-0.335903 -0.516185  0.814020
6.85875177	312	-0.335664 -0.524325  0.807556
6.86386394	310	-0.341649 -0.514748  0.819527
6.86898803	311	-0.345480 -0.516663  0.818809
6.87409210	311	-0.342607 -0.521212  0.811626
6.87919616	309	-0.339255 -0.517142  0.820245
6.88430404	310	-0.342846 -0.522888  0.803007
6.88941621	311	-0.338537 -0.515945  0.812344
6.89452791	312	-0.337100 -0.516424  0.813302
6.89962816	311	-0.340691 -0.519297  0.814020
6.90472793	312	-0.332072 -0.517861  0.808753
6.90983200	310	-0.340691 -0.518339  0.819527
6.91493606	311	-0.334227 -0.518339  0.814978
6.92006015	310	-0.342128 -0.518100  0.806120
6.92516422	310	-0.335664 -0.517382  0.818090
6.93028020	311	-0.341170 -0.523607  0.812344
6.93538808	308	-0.344522 -0.514269  0.812823
6.94050788	311	-0.338776 -0.515945  0.808993
6.94562005	308	-0.341649 -0.518579  0.813302
6.95073986	309	-0.342607 -0.514030  0.808753
6.95585584	311	-0.345001 -0.517621  0.814499
6.96096420	311	-0.345959 -0.516424  0.812823
6.96607208	312	-0.337579 -0.517621  0.814739
6.97119188	311	-0.345959 -0.517861  0.812344
6.97631216	310	-0.336861 -0.524564  0.816415
6.98144006	312	-0.343564 -0.520255  0.821921
6.98655986	308	-0.334706 -0.517382  0.806838
6.99166393	311	-0.340691 -0.515706  0.821682
6.99676799	309	-0.340213 -0.520973  0.810429
7.00187206	310	-0.337818 -0.520015  0.817612
7.00697612	311	-0.346916 -0.523367  0.811387
7.01208782	310	-0.335903 -0.517142  0.815457
7.01720380	310	-0.341889 -0.523128  0.817133
7.02231216	312	-0.337340 -0.515466  0.803247
7.02741622	308	-0.345001 -0.520015  0.812584
7.03250408	310	-0.336621 -0.519058  0.820006
7.03760814	310	-0.342367 -0.516663  0.815217
7.04271221	308	-0.338776 -0.518100  0.813541
7.04780387	309	-0.339255 -0.519058  0.820006
7.05290794	312	-0.339973 -0.523607  0.808274
7.05801582	310	-0.339255 -0.514509  0.811387
7.06311607	312	-0.343086 -0.517621  0.818090
7.06822013	312	-0.341410 -0.515706  0.816893
7.07331180	309	-0.335664 -0.518579  0.815217
7.07841587	310	-0.337100 -0.517621  0.814978
7.08350801	311	-0.345480 -0.515706  0.814260
7.08860015	309	-0.339734 -0.517382  0.810908
7.09370422	310	-0.344043 -0.519776  0.817133
7.09880399	311	-0.334706 -0.517382  0.815936
7.10390806	312	-0.342128 -0.521212  0.816415
7.10902404	308	-0.340213 -0.512115  0.814739
7.11413192	310	-0.340452 -0.516185  0.814739
7.11923599	312	-0.336861 -0.517142  0.811147
7.12434816	311	-0.334706 -0.517621  0.821682
7.12945222	311	-0.336621 -0.513790  0.819048
7.13455581	310	-0.344043 -0.519058  0.814020
7.13963985	309	-0.341170 -0.515227  0.818569
7.14474010	312	-0.336861 -0.516185  0.821203
7.14984416	310	-0.340931 -0.525522  0.823118
7.15494823	312	-0.346437 -0.516185  0.803486
7.16005992	310	-0.338297 -0.522649  0.814260
7.16515207	312	-0.344043 -0.515466  0.817851
7.17025613	312	-0.345240 -0.518579  0.816654
7.17536020	310	-0.338058 -0.515227  0.814739
7.18047189	311	-0.336621 -0.522409  0.812823
7.18557596	312	-0.339016 -0.520255  0.805401
7.19067192	311	-0.342367 -0.520494  0.814499
7.19578409	312	-0.342367 -0.516185  0.814739
7.20090389	312	-0.340452 -0.514748  0.810190
7.20600795	311	-0.348592 -0.516424  0.812344
7.21111202	310	-0.341170 -0.517621  0.810429
7.21620798	309	-0.338776 -0.521931  0.813302
7.22132778	311	-0.341649 -0.517621  0.821682
7.22643184	312	-0.348113 -0.516424  0.814739
7.23154401	311	-0.339734 -0.518818  0.810190
7.23666000	310	-0.342846 -0.516903  0.812823
7.24176788	312	-0.345001 -0.511636  0.823358
##inga 
#ido(sec)  szog(ADC)     ax(g)    ay(g)   az(g)
7.24740791	312	-0.340691 -0.513072  0.813302
7.25265979	310	-0.345240 -0.513072  0.814978
7.25790786	311	-0.341649 -0.516903  0.807795
7.26312398	309	-0.339734 -0.516424  0.808993
7.26823616	312	-0.341649 -0.518100  0.814260
7.27334022	312	-0.337818 -0.516903  0.815217
7.27844810	312	-0.338776 -0.519297  0.811387
7.28355216	309	-0.340452 -0.516903  0.810190
7.28866004	312	-0.333030 -0.517861  0.810429
7.29377603	308	-0.338297 -0.518579  0.819766
7.29889202	311	-0.345480 -0.519297  0.814020
7.30400800	312	-0.339016 -0.514988  0.821203
7.30912780	308	-0.341410 -0.516424  0.817612
7.31424379	312	-0.343086 -0.514030  0.813541
7.31934404	308	-0.339494 -0.514509  0.808993
7.32444810	308	-0.338776 -0.517861  0.815696
7.32956409	310	-0.336861 -0.513790  0.814739
7.33468818	312	-0.339494 -0.517142  0.809711
7.33979988	312	-0.340691 -0.520734  0.815696
7.34491205	312	-0.340452 -0.516424  0.809232
7.35002422	312	-0.341170 -0.521931  0.815696
7.35514020	309	-0.340213 -0.524325  0.811387
7.36025190	310	-0.339734 -0.523367  0.816654
7.36536788	312	-0.338058 -0.523846  0.811147
7.37047195	310	-0.340452 -0.516424  0.809471
7.37558412	312	-0.342128 -0.518818  0.809950
7.38068008	310	-0.336861 -0.514269  0.815696
7.38578414	312	-0.341889 -0.517142  0.818090
7.39088821	310	-0.345480 -0.514988  0.821682
7.39599180	308	-0.339494 -0.522409  0.816175
7.40108823	312	-0.343564 -0.521212  0.816654
7.40619182	311	-0.339734 -0.520734  0.815696
7.41129589	310	-0.336382 -0.517861  0.808274
7.41639995	309	-0.340931 -0.514748  0.818569
7.42150402	312	-0.342607 -0.517142  0.806120
7.42660379	311	-0.342607 -0.516903  0.809232
7.43169593	312	-0.339016 -0.521931  0.815936
7.43680000	311	-0.337818 -0.516663  0.802049
7.44189214	311	-0.345959 -0.514988  0.807795
7.44699621	311	-0.342607 -0.521212  0.810668
7.45209980	309	-0.340452 -0.517382  0.819766
7.45720005	311	-0.340931 -0.515466  0.807556
7.46231222	311	-0.340691 -0.520015  0.812344
7.46740007	311	-0.341889 -0.520494  0.810190
7.47248792	312	-0.338776 -0.515945  0.812823
7.47759580	311	-0.343086 -0.515466  0.819288
7.48269605	310	-0.343086 -0.522649  0.824555
7.48779201	309	-0.342128 -0.516185  0.808993
7.49289989	310	-0.338058 -0.513551  0.812823
7.49800014	311	-0.336382 -0.519297  0.806838
7.50311183	311	-0.334706 -0.516185  0.817612
7.50822401	310	-0.341170 -0.513551  0.821203
7.51332807	312	-0.337579 -0.519776  0.812823
7.51843214	310	-0.339973 -0.513312  0.812584
7.52354812	309	-0.340213 -0.518339  0.811865
7.52865219	311	-0.340691 -0.518579  0.817372
7.53375196	312	-0.337100 -0.514988  0.818809
7.53884792	311	-0.336143 -0.517142  0.807795
7.54396390	311	-0.348353 -0.518339  0.808274
7.54906797	309	-0.333270 -0.514030  0.818809
7.55416822	312	-0.341170 -0.513790  0.806359
7.55927181	308	-0.340452 -0.518100  0.808514
7.56436014	310	-0.338776 -0.512833  0.817612
7.56947183	311	-0.347874 -0.525283  0.807317
7.57458400	311	-0.342128 -0.521931  0.804444
7.57970809	312	-0.337340 -0.522649  0.808514
7.58481979	312	-0.339255 -0.522649  0.807556
7.58994007	311	-0.336861 -0.517382  0.814978
7.59505987	311	-0.340213 -0.523128  0.814020
7.60016822	310	-0.340213 -0.518579  0.820485
7.60527610	312	-0.343086 -0.517621  0.816654
7.61037588	311	-0.341649 -0.510917  0.818090
7.61547994	309	-0.337340 -0.515466  0.825273
7.62059593	310	-0.339016 -0.512354  0.808753
7.62570381	312	-0.338058 -0.514509  0.808035
7.63080787	309	-0.340213 -0.519536  0.812344
7.63591194	312	-0.340691 -0.514748  0.814260
7.64099979	312	-0.342846 -0.513790  0.815217
7.64609193	310	-0.338297 -0.520734  0.808753
7.65120792	312	-0.338297 -0.515227  0.822161
7.65632009	310	-0.343325 -0.511396  0.812344
7.66143989	312	-0.344762 -0.515466  0.813781
7.66654777	309	-0.344522 -0.514748  0.812105
7.67166423	312	-0.344043 -0.516424  0.814739
7.67678403	311	-0.343086 -0.514988  0.814260
7.68188810	309	-0.333748 -0.512833  0.812584
7.68700790	311	-0.341889 -0.514269  0.809950
7.69211578	312	-0.341649 -0.521691  0.813541
7.69723606	312	-0.340691 -0.518100  0.810429
7.70234012	311	-0.344522 -0.516903  0.810429
7.70746421	311	-0.341170 -0.513551  0.813063
7.71258401	311	-0.343325 -0.515466  0.808753
7.71770000	310	-0.337579 -0.511636  0.815457
7.72281980	312	-0.343564 -0.518818  0.812105
7.72793579	310	-0.340691 -0.524564  0.816654
7.73304796	312	-0.337579 -0.520015  0.808993
7.73815202	312	-0.344762 -0.515466  0.818809
7.74326419	312	-0.345719 -0.523846  0.814499
7.74838399	312	-0.343325 -0.516903  0.812105
7.75349998	312	-0.341649 -0.519297  0.811147
7.75860786	310	-0.337818 -0.522649  0.813063
##inga 
#ido(sec)  szog(ADC)     ax(g)    ay(g)   az(g)
7.76426792	309	-0.342367 -0.518579  0.814739
7.76953983	310	-0.338776 -0.514030  0.809950
7.77477598	310	-0.340213 -0.516663  0.814020
7.78001594	311	-0.341170 -0.523128  0.814260
7.78512811	312	-0.343086 -0.515466  0.815696
7.79022407	312	-0.337579 -0.521931  0.814260
7.79532814	310	-0.339016 -0.521931  0.819288
7.80043983	312	-0.342367 -0.515466  0.816415
7.80556011	311	-0.340213 -0.515227  0.809950
7.81066417	312	-0.335664 -0.514269  0.818330
7.81576776	311	-0.343086 -0.518100  0.807317
7.82084798	311	-0.332551 -0.519058  0.816654
7.82594823	312	-0.342128 -0.518579  0.816654
7.83105611	312	-0.336621 -0.516185  0.814739
7.83616781	310	-0.338776 -0.516663  0.818090
7.84127187	310	-0.338537 -0.520255  0.811865
7.84637594	312	-0.339494 -0.514030  0.806838
7.85148000	308	-0.342128 -0.514748  0.808274
7.85657596	310	-0.338297 -0.514269  0.818809
7.86169195	310	-0.344283 -0.511636  0.808993
7.86679983	312	-0.337340 -0.517382  0.809950
7.87190389	311	-0.335903 -0.513312  0.805880
7.87700796	312	-0.340931 -0.519058  0.817372
7.88211202	312	-0.343086 -0.520973  0.811147
7.88721609	310	-0.341649 -0.516424  0.814260
7.89232015	311	-0.342607 -0.517382  0.811387
7.89742422	310	-0.342367 -0.517621  0.818090
7.90252780	310	-0.343325 -0.520734  0.815936
7.90762805	309	-0.335424 -0.516185  0.801331
7.91273593	312	-0.341889 -0.512354  0.808035
7.91783618	312	-0.338058 -0.517861  0.817612
7.92293977	312	-0.343564 -0.515706  0.824555
7.92804813	310	-0.332791 -0.518579  0.813302
7.93315219	312	-0.339973 -0.516663  0.809232
7.93826007	312	-0.338537 -0.519776  0.815217
7.94335985	310	-0.339973 -0.521931  0.813063
7.94848012	310	-0.336382 -0.516185  0.808753
7.95359182	311	-0.333988 -0.514748  0.805162
7.95869588	311	-0.341410 -0.518818  0.804444
7.96380376	312	-0.340691 -0.515945  0.814978
7.96890783	310	-0.338297 -0.520015  0.815217
7.97400808	309	-0.340452 -0.515706  0.815696
7.97911214	312	-0.340452 -0.520734  0.811387
7.98420000	310	-0.336861 -0.517142  0.805401
7.98930406	311	-0.340213 -0.519297  0.818569
7.99441623	311	-0.342846 -0.517142  0.808514
7.99953603	312	-0.343325 -0.514748  0.813781
8.00464439	310	-0.341170 -0.514988  0.818569
8.00975608	312	-0.342128 -0.521212  0.811387
8.01487636	311	-0.336382 -0.513072  0.807077
8.01999568	309	-0.339734 -0.520494  0.816654
8.02509593	309	-0.336621 -0.514030  0.813063
8.03021240	312	-0.343325 -0.520734  0.815696
8.03532791	312	-0.340213 -0.525043  0.814978
8.04043960	311	-0.341889 -0.522170  0.821921
8.04554367	309	-0.341649 -0.515227  0.816175
8.05065631	310	-0.334945 -0.516185  0.807795
8.05577182	308	-0.342846 -0.514269  0.811626
8.06087970	309	-0.337340 -0.521691  0.811147
8.06598377	309	-0.340452 -0.511636  0.808753
8.07108783	309	-0.346198 -0.520255  0.823358
8.07619190	312	-0.338537 -0.517621  0.814978
8.08130359	312	-0.339494 -0.519776  0.812823
8.08640003	310	-0.334467 -0.517382  0.819766
8.09151554	311	-0.342128 -0.513312  0.811387
8.09663200	311	-0.339255 -0.516424  0.811626
8.10174369	312	-0.336621 -0.520015  0.820724
8.10684776	311	-0.333748 -0.516424  0.815457
8.11196804	310	-0.338058 -0.513551  0.817612
8.11708831	312	-0.336621 -0.515466  0.810429
8.12220764	311	-0.335424 -0.513790  0.816175
8.12731647	311	-0.345001 -0.515945  0.811387
8.13243198	310	-0.339255 -0.517142  0.813063
8.13755989	312	-0.344043 -0.518339  0.812344
8.14266777	309	-0.334467 -0.520255  0.809711
8.14778804	310	-0.342128 -0.516424  0.811865
8.15291213	312	-0.339255 -0.514030  0.813781
8.15801620	311	-0.338537 -0.520973  0.817372
8.16312026	312	-0.340931 -0.517382  0.809232
8.16823196	311	-0.341649 -0.516424  0.816175
8.17333984	311	-0.340452 -0.520015  0.816175
8.17844009	309	-0.341649 -0.516663  0.813063
8.18356037	311	-0.339494 -0.517142  0.816175
8.18867206	310	-0.338776 -0.522649  0.811147
8.19377613	310	-0.337100 -0.518579  0.812584
8.19889640	311	-0.339973 -0.524325  0.812344
8.20400047	309	-0.346437 -0.522170  0.820963
8.20908832	311	-0.339255 -0.518339  0.816175
8.21419620	311	-0.342607 -0.519776  0.815936
8.21928787	311	-0.341170 -0.515227  0.810908
8.22438430	311	-0.337579 -0.519058  0.816893
8.22948837	312	-0.336621 -0.527677  0.821203
8.23459243	309	-0.341649 -0.519058  0.813302
8.23968791	308	-0.340931 -0.519776  0.813781
8.24478816	312	-0.339016 -0.518818  0.816415
8.24989223	311	-0.340691 -0.515945  0.810429
8.25498390	311	-0.340213 -0.516903  0.817372
8.26008796	310	-0.339973 -0.506847  0.811865
8.26519203	311	-0.339494 -0.517142  0.803486
8.27030754	310	-0.343564 -0.522170  0.808993
8.27541160	309	-0.341889 -0.517861  0.810429
##inga 
#ido(sec)  szog(ADC)     ax(g)    ay(g)   az(g)
8.28104782	311	-0.338297 -0.515945  0.804444
8.28629970	312	-0.344762 -0.517861  0.823836
8.29156017	312	-0.337100 -0.516185  0.812105
8.29679965	308	-0.337100 -0.514988  0.805880
8.30189228	310	-0.332072 -0.514030  0.824555
8.30699157	309	-0.340691 -0.521212  0.809232
8.31210041	312	-0.332551 -0.522649  0.806120
8.31720447	311	-0.341170 -0.514748  0.811147
8.32230758	310	-0.342846 -0.513551  0.824076
8.32742404	312	-0.332072 -0.518579  0.812584
8.33252811	311	-0.341410 -0.519536  0.816654
8.33763217	310	-0.340213 -0.514509  0.815217
8.34272384	308	-0.341410 -0.522170  0.809711
8.34782409	312	-0.340691 -0.515466  0.817133
8.35292816	310	-0.340452 -0.519297  0.807795
8.35802841	310	-0.340931 -0.516663  0.814739
8.36315155	311	-0.341410 -0.516185  0.814020
8.36826038	312	-0.340213 -0.516424  0.809711
8.37337589	312	-0.336861 -0.517861  0.820963
8.37848377	311	-0.340931 -0.521931  0.815457
8.38360023	311	-0.341410 -0.521212  0.812344
8.38869571	310	-0.340452 -0.516185  0.817372
8.39380836	308	-0.340691 -0.518818  0.816654
8.39892005	310	-0.337100 -0.513790  0.808035
8.40402412	311	-0.339494 -0.517861  0.813302
8.40913963	312	-0.340931 -0.510199  0.807077
8.41425609	312	-0.339494 -0.521452  0.819766
8.41937637	311	-0.338297 -0.513072  0.802528
8.42448806	312	-0.336382 -0.518100  0.804204
8.42959594	309	-0.340452 -0.514748  0.812105
8.43470764	312	-0.339255 -0.516424  0.820963
8.43981647	308	-0.341410 -0.520494  0.808274
8.44491577	311	-0.340931 -0.522170  0.814020
8.45000839	311	-0.342607 -0.523128  0.810668
8.45511245	311	-0.339734 -0.520494  0.820485
8.46021556	312	-0.334945 -0.520494  0.818809
8.46531963	312	-0.339255 -0.520494  0.815696
8.47042369	312	-0.335903 -0.516903  0.811626
8.47552776	311	-0.343086 -0.521212  0.818090
8.48064041	312	-0.346198 -0.515945  0.822161
8.48575973	309	-0.338297 -0.518339  0.815217
8.49087619	312	-0.339734 -0.516424  0.812344
8.49599170	311	-0.334227 -0.521212  0.808993
8.50110435	311	-0.338776 -0.520015  0.819048
8.50620841	309	-0.341889 -0.518339  0.803486
8.51132774	312	-0.339734 -0.514988  0.819048
8.51644802	311	-0.339734 -0.514748  0.817372
8.52156829	311	-0.336143 -0.516424  0.809232
8.52668762	310	-0.337818 -0.517861  0.818569
8.53180789	312	-0.343086 -0.518818  0.815217
8.53692817	311	-0.339016 -0.518339  0.809950
8.54203605	310	-0.340452 -0.513790  0.805641
8.54715156	310	-0.339494 -0.517861  0.806598
8.55226802	312	-0.341170 -0.523846  0.807556
8.55738353	310	-0.340931 -0.523128  0.811865
8.56250381	312	-0.345959 -0.517861  0.813302
8.56762027	310	-0.341410 -0.517382  0.817612
8.57273578	309	-0.341889 -0.517861  0.813541
8.57784843	308	-0.336382 -0.517142  0.813063
8.58296775	310	-0.335903 -0.517861  0.816175
8.58808803	312	-0.342128 -0.520015  0.814978
8.59319210	308	-0.341649 -0.518579  0.812584
8.59830760	312	-0.339734 -0.516903  0.808274
8.60342025	312	-0.344283 -0.517621  0.806598
8.60853576	312	-0.344043 -0.520494  0.805880
8.61363983	308	-0.337579 -0.516663  0.811865
8.61875152	311	-0.337818 -0.518100  0.805162
8.62385559	310	-0.342367 -0.518579  0.813781
8.62896823	312	-0.339255 -0.518339  0.815696
8.63408756	310	-0.336861 -0.516663  0.818809
8.63920021	311	-0.342128 -0.515706  0.814260
8.64429569	311	-0.337340 -0.516903  0.820963
8.64939594	308	-0.334467 -0.514748  0.812584
8.65450382	309	-0.338297 -0.522888  0.805401
8.65960788	310	-0.336382 -0.517142  0.814978
8.66471195	312	-0.336143 -0.523128  0.811147
8.66982364	311	-0.341649 -0.520734  0.818090
8.67492771	308	-0.347156 -0.520015  0.808993
8.68002414	311	-0.336861 -0.517382  0.816415
8.68512821	312	-0.336861 -0.522649  0.818090
8.69023227	312	-0.339255 -0.518818  0.802768
8.69534397	308	-0.342128 -0.517861  0.816654
8.70044803	311	-0.344283 -0.515466  0.810429
8.70555210	311	-0.341889 -0.519297  0.821442
8.71065616	311	-0.338537 -0.509002  0.812584
8.71575164	308	-0.337100 -0.514030  0.814499
8.72083568	311	-0.338776 -0.520494  0.814020
8.72591972	311	-0.332072 -0.514988  0.817612
8.73101615	311	-0.345001 -0.515706  0.803007
8.73609638	311	-0.345959 -0.517861  0.817372
8.74121189	311	-0.345001 -0.520734  0.815217
8.74630355	310	-0.340452 -0.515227  0.804204
8.75140762	312	-0.342846 -0.514748  0.800852
8.75651168	312	-0.338297 -0.514030  0.809950
8.76160430	311	-0.344522 -0.514509  0.806359
8.76670837	311	-0.339973 -0.513312  0.820006
8.77181243	309	-0.339016 -0.521212  0.806598
8.77692031	308	-0.336382 -0.515706  0.813302
8.78202438	310	-0.345240 -0.517861  0.815936
8.78712844	310	-0.338297 -0.520734  0.822639
8.79223155	312	-0.336621 -0.512833  0.811865
##inga 
#ido(sec)  szog(ADC)     ax(g)    ay(g)   az(g)
8.79786396	309	-0.337100 -0.521452  0.807077
8.80310440	309	-0.339973 -0.523607  0.815217
8.80833244	310	-0.339734 -0.517382  0.816415
8.81359195	308	-0.341410 -0.515466  0.809950
8.81868839	312	-0.340213 -0.521931  0.814260
8.82379245	312	-0.339734 -0.521452  0.821203
8.82890415	312	-0.343086 -0.515706  0.809950
8.83399963	312	-0.339494 -0.519536  0.804204
8.83911228	310	-0.337340 -0.511157  0.826949
8.84422779	310	-0.341649 -0.520973  0.813781
8.84932041	312	-0.338776 -0.513790  0.811147
8.85442447	311	-0.341649 -0.517382  0.810190
8.85953998	310	-0.334467 -0.517142  0.801571
8.86465644	310	-0.340691 -0.517861  0.821442
8.86975955	311	-0.340213 -0.514748  0.812823
8.87486362	312	-0.339016 -0.518339  0.809711
8.87997245	312	-0.339973 -0.515945  0.814499
8.88508796	312	-0.336143 -0.523367  0.807795
8.89020824	310	-0.338297 -0.523846  0.812823
8.89531612	311	-0.345719 -0.509960  0.808514
8.90043163	310	-0.339734 -0.521212  0.813541
8.90555953	312	-0.339734 -0.520494  0.811387
8.91067981	310	-0.339255 -0.517142  0.813781
8.91578769	312	-0.345959 -0.517142  0.810668
8.92090034	312	-0.340213 -0.521931  0.816175
8.92601966	312	-0.341889 -0.516185  0.808993
8.93114757	312	-0.346437 -0.519058  0.817612
8.93626403	308	-0.336861 -0.518579  0.813541
8.94136810	311	-0.340691 -0.520734  0.812344
8.94646358	310	-0.348113 -0.520015  0.811865
8.95156764	310	-0.336861 -0.516903  0.812344
8.95668029	310	-0.341170 -0.517621  0.814978
8.96180438	310	-0.341410 -0.518339  0.814978
8.96691989	312	-0.344522 -0.514748  0.814978
8.97203159	311	-0.333988 -0.515706  0.815217
8.97713184	311	-0.333988 -0.522170  0.809950
8.98223972	309	-0.339255 -0.516424  0.816415
8.98734378	309	-0.346916 -0.515945  0.814739
8.99244403	311	-0.337818 -0.514030  0.820963
8.99753570	311	-0.335903 -0.511396  0.812823
9.00263977	311	-0.337100 -0.511396  0.810190
9.00772762	309	-0.337100 -0.518579  0.813063
9.01281642	311	-0.341410 -0.522649  0.817612
9.01792430	310	-0.339973 -0.521691  0.814739
9.02303600	309	-0.343564 -0.517382  0.819288
9.02813243	310	-0.343564 -0.514269  0.816893
9.03324413	309	-0.337818 -0.520015  0.808753
9.03834819	312	-0.339016 -0.519776  0.818090
9.04345226	308	-0.342128 -0.520015  0.810908
9.04855632	312	-0.337579 -0.515706  0.812344
9.05365180	308	-0.335424 -0.520734  0.811626
9.05875205	309	-0.343564 -0.519536  0.820724
9.06385612	310	-0.337579 -0.518579  0.808274
9.06896018	312	-0.339734 -0.520734  0.813541
9.07406425	311	-0.333748 -0.520734  0.820963
9.07915210	310	-0.341410 -0.521212  0.803725
9.08425235	311	-0.336382 -0.520494  0.814978
9.08935165	309	-0.344283 -0.519536  0.817133
9.09445571	311	-0.346437 -0.519297  0.817851
9.09955978	312	-0.343804 -0.511636  0.816175
9.10465621	308	-0.342846 -0.517621  0.819288
9.10976791	311	-0.340691 -0.519297  0.809711
9.11487579	311	-0.341649 -0.521212  0.815457
9.11998367	312	-0.338297 -0.518579  0.818330
9.12508010	312	-0.335424 -0.515706  0.809711
9.13017559	312	-0.337818 -0.520734  0.818569
9.13527965	312	-0.335903 -0.518579  0.811626
9.14037990	311	-0.339016 -0.518100  0.816654
9.14547157	312	-0.337818 -0.522409  0.815217
9.15055561	311	-0.345240 -0.517861  0.816893
9.15567207	311	-0.348832 -0.517382  0.803486
9.16078758	312	-0.336621 -0.518579  0.806838
9.16589641	311	-0.340213 -0.516663  0.809471
9.17099952	312	-0.345480 -0.513551  0.816415
9.17611217	310	-0.338058 -0.512833  0.816654
9.18123245	308	-0.342128 -0.515227  0.819527
9.18635559	310	-0.343086 -0.517142  0.809711
9.19146823	311	-0.344043 -0.510199  0.819288
9.19657230	312	-0.343804 -0.513312  0.804922
9.20168399	311	-0.336861 -0.522888  0.817851
9.20678806	309	-0.343086 -0.521931  0.814260
9.21189212	309	-0.341649 -0.513551  0.813302
9.21700000	309	-0.341170 -0.521212  0.810908
9.22210407	310	-0.338297 -0.511396  0.817372
9.22720813	311	-0.341649 -0.518818  0.811147
9.23231983	310	-0.342607 -0.516663  0.817133
9.23742389	310	-0.339494 -0.517621  0.816415
9.24252796	311	-0.335664 -0.511396  0.812584
9.24763584	310	-0.340452 -0.515706  0.820963
9.25273990	308	-0.341649 -0.525283  0.809471
9.25785636	311	-0.344043 -0.514748  0.808993
9.26296043	309	-0.335185 -0.521691  0.821921
9.26807212	310	-0.343086 -0.523128  0.811387
9.27318382	309	-0.336861 -0.516424  0.812584
9.27831172	309	-0.339494 -0.517621  0.821921
9.28342819	311	-0.343325 -0.518579  0.814020
9.28853988	311	-0.338297 -0.520015  0.810908
9.29365634	308	-0.335903 -0.515706  0.812584
9.29877185	310	-0.340691 -0.516663  0.820006
9.30388832	312	-0.340452 -0.519297  0.816415
9.30899620	312	-0.339016 -0.521452  0.812344
##inga 
#ido(sec)  szog(ADC)     ax(g)    ay(g)   az(g)
9.31464767	312	-0.343804 -0.514509  0.810908
9.31988430	311	-0.345959 -0.514748  0.808753
9.32511615	310	-0.337818 -0.511396  0.824076
9.33037185	312	-0.336382 -0.516903  0.813063
9.33547210	310	-0.333748 -0.518339  0.811626
9.34057235	311	-0.338776 -0.517382  0.807556
9.34568023	310	-0.347156 -0.519297  0.815217
9.35079193	311	-0.333509 -0.513790  0.807556
9.35588836	310	-0.334227 -0.517382  0.813063
9.36099243	310	-0.338297 -0.523128  0.813781
9.36610412	312	-0.342846 -0.523128  0.820485
9.37122440	309	-0.338297 -0.516424  0.815936
9.37631607	312	-0.336382 -0.523846  0.816175
9.38141632	311	-0.340213 -0.517382  0.809232
9.38652420	311	-0.338776 -0.517142  0.811865
9.39162826	308	-0.342367 -0.518339  0.818569
9.39673233	312	-0.341649 -0.517382  0.813781
9.40184020	311	-0.338776 -0.520255  0.804444
9.40694427	312	-0.338297 -0.516903  0.820485
9.41204833	310	-0.336621 -0.517142  0.811387
9.41716003	312	-0.339734 -0.518818  0.815457
9.42226791	308	-0.339255 -0.516424  0.821442
9.42736434	308	-0.338297 -0.519058  0.809950
9.43245601	310	-0.336143 -0.517142  0.813302
9.43756771	308	-0.328721 -0.517382  0.813063
9.44267177	310	-0.342128 -0.515227  0.820485
9.44778823	309	-0.343564 -0.516663  0.820006
9.45289230	312	-0.334467 -0.517142  0.825512
9.45800018	311	-0.339016 -0.521931  0.809471
9.46310424	310	-0.339973 -0.521212  0.805162
9.46820831	308	-0.339973 -0.520973  0.810668
9.47331237	312	-0.339734 -0.516185  0.810190
9.47840785	309	-0.338537 -0.515466  0.820006
9.48350429	311	-0.335903 -0.513551  0.815457
9.48860836	311	-0.342846 -0.518100  0.814260
9.49371242	312	-0.342846 -0.519058  0.817612
9.49881553	311	-0.341889 -0.516903  0.809232
9.50392436	310	-0.342846 -0.519297  0.809711
9.50902843	310	-0.339016 -0.516185  0.813781
9.51413631	312	-0.338776 -0.518818  0.818569
9.51924800	312	-0.347395 -0.518579  0.808753
9.52435207	310	-0.343086 -0.519536  0.812344
9.52945613	310	-0.344522 -0.515466  0.824315
9.53455638	311	-0.336382 -0.513551  0.810429
9.53966426	310	-0.341170 -0.523607  0.824555
9.54476833	311	-0.341410 -0.518818  0.810668
9.54987621	308	-0.344762 -0.513312  0.809232
9.55499172	311	-0.346198 -0.523607  0.817851
9.56009197	310	-0.338776 -0.516185  0.822161
9.56520366	310	-0.339016 -0.519536  0.815217
9.57030773	311	-0.341649 -0.516185  0.812105
9.57541561	311	-0.341410 -0.517621  0.810668
9.58051967	312	-0.342128 -0.520494  0.814260
9.58561992	309	-0.338058 -0.518100  0.816654
9.59071159	310	-0.337818 -0.520734  0.815696
9.59582805	312	-0.340452 -0.517382  0.814260
9.60091972	309	-0.345480 -0.524564  0.809950
9.60600757	311	-0.337100 -0.517621  0.814260
9.61111164	309	-0.348353 -0.519776  0.807795
9.61622428	312	-0.337100 -0.513072  0.810908
9.62134361	310	-0.339973 -0.517621  0.809471
9.62646389	312	-0.342128 -0.516424  0.811387
9.63158416	312	-0.340213 -0.515227  0.818569
9.63670444	312	-0.343804 -0.515706  0.811865
9.64181232	311	-0.341410 -0.514030  0.816654
9.64693164	308	-0.345480 -0.519058  0.805162
9.65204429	310	-0.344283 -0.513551  0.817612
9.65716361	311	-0.344283 -0.523846  0.808753
9.66228389	312	-0.346677 -0.523128  0.813063
9.66740798	312	-0.339734 -0.516185  0.807795
9.67253208	310	-0.336621 -0.520255  0.810908
9.67765617	311	-0.340452 -0.520494  0.811865
9.68276405	310	-0.336621 -0.516185  0.814739
9.68790435	312	-0.340452 -0.516424  0.815696
9.69302368	310	-0.339016 -0.522409  0.815457
9.69814395	309	-0.339016 -0.519297  0.812823
9.70325183	311	-0.334467 -0.521691  0.819288
9.70837974	311	-0.340213 -0.520255  0.811626
9.71350002	311	-0.338297 -0.517382  0.814499
9.71862030	310	-0.338297 -0.519297  0.818090
9.72372436	312	-0.340452 -0.512115  0.820963
9.72884845	310	-0.344283 -0.516903  0.811387
9.73395633	310	-0.343564 -0.526480  0.817372
9.73906421	312	-0.341170 -0.518339  0.813781
9.74416828	311	-0.341410 -0.519058  0.811865
9.74927234	312	-0.345480 -0.512833  0.816654
9.75437641	311	-0.341649 -0.522888  0.820963
9.75948429	310	-0.341170 -0.521691  0.820724
9.76459980	311	-0.340691 -0.522170  0.812823
9.76970005	311	-0.339734 -0.520015  0.823358
9.77480792	312	-0.336621 -0.523128  0.813302
9.77992820	310	-0.341649 -0.521212  0.817372
9.78504753	312	-0.341649 -0.514030  0.818330
9.79014396	310	-0.340691 -0.518579  0.825991
9.79524040	310	-0.339973 -0.520734  0.817372
9.80033588	311	-0.339494 -0.521212  0.810429
9.80543994	309	-0.340452 -0.520734  0.811626
9.81054019	311	-0.334467 -0.512593  0.816654
9.81564044	310	-0.340691 -0.525043  0.806359
9.82074356	312	-0.341170 -0.518579  0.810429
9.82583999	311	-0.341410 -0.512593  0.811626
##inga 
#ido(sec)  szog(ADC)     ax(g)    ay(g)   az(g)
9.83148765	312	-0.341649 -0.519297  0.808035
9.83673572	312	-0.339016 -0.518339  0.818330
9.84199619	312	-0.338058 -0.519776  0.804204
9.84721565	311	-0.339255 -0.521212  0.815457
9.85231971	311	-0.339973 -0.516424  0.814739
9.85742378	312	-0.339016 -0.522649  0.817612
9.86252784	312	-0.339973 -0.520734  0.808035
9.86763191	312	-0.339734 -0.521691  0.807317
9.87273597	311	-0.349550 -0.518579  0.814978
9.87784004	311	-0.341889 -0.520973  0.805641
9.88293170	308	-0.339973 -0.517142  0.812584
9.88803577	310	-0.342607 -0.516185  0.811626
9.89313983	311	-0.338297 -0.516903  0.814739
9.89824008	311	-0.341649 -0.518339  0.814499
9.90334415	310	-0.344283 -0.516663  0.813541
9.90845203	312	-0.344043 -0.516663  0.814739
9.91355609	311	-0.339016 -0.517382  0.824555
9.91867160	312	-0.342846 -0.516663  0.816893
9.92378425	308	-0.334467 -0.519776  0.811387
9.92888832	311	-0.339734 -0.517142  0.813781
9.93400001	312	-0.334467 -0.515706  0.805880
9.93909645	311	-0.342128 -0.519776  0.816893
9.94420814	311	-0.339973 -0.513072  0.811387
9.94931221	312	-0.339734 -0.517142  0.817133
9.95442008	309	-0.337340 -0.514988  0.811387
9.95951557	312	-0.342367 -0.514509  0.817612
9.96461582	310	-0.340691 -0.522888  0.819766
9.96971988	312	-0.337100 -0.518100  0.809711
9.97482395	310	-0.344522 -0.517861  0.818569
9.97994804	312	-0.341170 -0.525522  0.822161
9.98506355	311	-0.339734 -0.518100  0.815936
9.99016761	310	-0.346437 -0.525522  0.811865
9.99527168	311	-0.341649 -0.515466  0.820485
10.00037574	310	-0.342607 -0.515466  0.818330
10.00556755	311	-0.342128 -0.517142  0.806359
10.01077175	312	-0.336382 -0.515706  0.820006
10.01596355	311	-0.343804 -0.513790  0.815217
10.02116012	310	-0.343086 -0.515706  0.820006
10.02635955	312	-0.345001 -0.514748  0.809471
10.03155612	311	-0.342128 -0.520494  0.808993
10.03676414	310	-0.341170 -0.523128  0.813781
10.04195976	312	-0.343564 -0.521452  0.812344
10.04716014	312	-0.339016 -0.516185  0.814978
10.05235958	311	-0.337579 -0.519536  0.814260
10.05756378	311	-0.343564 -0.518818  0.819048
10.06278419	312	-0.337100 -0.523367  0.816893
10.06799602	310	-0.338297 -0.514748  0.816415
10.07321166	310	-0.337579 -0.517382  0.809232
10.07841587	308	-0.342607 -0.517382  0.806120
10.08361625	311	-0.335903 -0.517142  0.811865
10.08882045	311	-0.343086 -0.514030  0.814260
10.09401226	310	-0.341649 -0.518818  0.818569
10.09920787	311	-0.338297 -0.512115  0.814260
10.10440826	309	-0.338776 -0.520734  0.814499
10.10960769	311	-0.343804 -0.520015  0.821442
10.11480808	310	-0.341889 -0.514748  0.809711
10.12001609	310	-0.337818 -0.520973  0.818569
10.12521553	311	-0.337100 -0.519536  0.817851
10.13041973	311	-0.335903 -0.512593  0.811865
10.13562393	310	-0.341889 -0.519058  0.813063
10.14083957	311	-0.339973 -0.519776  0.817612
10.14604377	311	-0.340691 -0.526958  0.814739
10.15124797	309	-0.340213 -0.519297  0.823597
10.15644836	308	-0.342128 -0.517621  0.808514
10.16165637	311	-0.340931 -0.522649  0.810429
10.16685581	311	-0.343325 -0.519776  0.814499
10.17206001	311	-0.333030 -0.515227  0.821442
10.17725563	312	-0.343804 -0.512593  0.805401
10.18247222	310	-0.343086 -0.512354  0.821203
10.18768024	309	-0.340931 -0.517142  0.816654
10.19288825	311	-0.337579 -0.520494  0.820724
10.19810009	310	-0.340213 -0.516663  0.814978
10.20331192	311	-0.340213 -0.520494  0.813302
10.20851230	312	-0.342128 -0.517861  0.804922
10.21370792	311	-0.345001 -0.514030  0.803486
10.21890354	312	-0.339255 -0.516185  0.808753
10.22410392	311	-0.338058 -0.523367  0.811865
10.22929573	308	-0.343564 -0.520255  0.812344
10.23450374	309	-0.342607 -0.517861  0.820485
10.23970413	308	-0.341649 -0.519776  0.815217
10.24491977	312	-0.340691 -0.516424  0.816893
10.25012779	310	-0.344283 -0.523128  0.814499
10.25533580	312	-0.339734 -0.518818  0.817133
10.26053619	311	-0.345001 -0.519776  0.811147
10.26574039	310	-0.340691 -0.512833  0.807795
10.27095222	312	-0.342367 -0.519058  0.812344
10.27615165	310	-0.345001 -0.515466  0.809950
10.28134822	310	-0.344762 -0.522170  0.815936
10.28654384	312	-0.342128 -0.515706  0.819527
10.29174423	312	-0.338058 -0.513551  0.816893
10.29694366	309	-0.337818 -0.519297  0.812823
10.30214023	309	-0.335664 -0.511636  0.807317
10.30735206	310	-0.345001 -0.516903  0.812823
10.31254768	312	-0.340213 -0.520255  0.808514
10.31776046	312	-0.346916 -0.514748  0.817133
10.32295608	312	-0.341649 -0.523367  0.814020
10.32815170	312	-0.338537 -0.521691  0.813781
10.33335971	312	-0.340213 -0.520255  0.812105
10.33856010	312	-0.337340 -0.516663  0.814978
10.34375953	310	-0.342128 -0.519058  0.810908
10.34896373	311	-0.340452 -0.514269  0.812584
##inga 
#ido(sec)  szog(ADC)     ax(g)    ay(g)   az(g)
10.35469245	310	-0.337818 -0.518100  0.809950
10.35997200	310	-0.340452 -0.520973  0.811865
10.36524772	310	-0.339255 -0.515227  0.803007
10.37054443	312	-0.339734 -0.517861  0.817133
10.37575626	310	-0.342367 -0.519297  0.818090
10.38095188	312	-0.337100 -0.521212  0.820485
10.38615989	310	-0.342607 -0.521691  0.800134
10.39137172	312	-0.340452 -0.517382  0.815457
10.39657592	308	-0.344043 -0.517621  0.808514
10.40178012	312	-0.344043 -0.515466  0.812823
10.40699195	311	-0.334227 -0.519297  0.813541
10.41220760	311	-0.340931 -0.518579  0.807795
10.41741180	312	-0.337579 -0.518339  0.813781
10.42260837	311	-0.338537 -0.522170  0.807077
10.42782020	311	-0.339016 -0.516663  0.811865
10.43302440	311	-0.339734 -0.519058  0.815457
10.43822765	309	-0.338297 -0.513312  0.806359
10.44342422	310	-0.337579 -0.517142  0.808993
10.44863605	312	-0.339016 -0.521452  0.815696
10.45384407	311	-0.341649 -0.521691  0.816893
10.45904827	312	-0.348353 -0.520973  0.812344
10.46424388	310	-0.340931 -0.520973  0.815696
10.46945190	311	-0.341649 -0.516663  0.818330
10.47465229	312	-0.335903 -0.514030  0.811387
10.47985553	309	-0.339734 -0.517861  0.815696
10.48505592	311	-0.343325 -0.520734  0.804204
10.49026393	312	-0.345001 -0.519776  0.806838
10.49546432	310	-0.340691 -0.518818  0.807317
10.50067234	310	-0.337818 -0.510917  0.811865
10.50587177	310	-0.339016 -0.516663  0.814020
10.51107215	312	-0.338297 -0.517382  0.817612
10.51628017	310	-0.340691 -0.518579  0.810668
10.52148818	311	-0.340213 -0.515227  0.815696
10.52670383	311	-0.342128 -0.516663  0.810190
10.53190040	311	-0.345480 -0.512354  0.823836
10.53711223	310	-0.345240 -0.520494  0.813781
10.54232025	310	-0.338058 -0.517382  0.803486
10.54751968	311	-0.339255 -0.517621  0.813302
10.55271625	310	-0.346437 -0.517382  0.816175
10.55792808	310	-0.342607 -0.515466  0.819766
10.56313228	310	-0.337818 -0.512354  0.822639
10.56833553	312	-0.339255 -0.519297  0.815457
10.57355213	309	-0.334467 -0.517142  0.820245
10.57877159	310	-0.339973 -0.517861  0.815696
10.58398818	309	-0.345001 -0.516903  0.812105
10.58919239	310	-0.336621 -0.515466  0.813781
10.59440422	308	-0.339973 -0.516185  0.813302
10.59960842	312	-0.336143 -0.517621  0.812344
10.60481643	312	-0.339734 -0.516663  0.804444
10.61002826	308	-0.343086 -0.516663  0.809950
10.61522769	310	-0.339494 -0.519297  0.809232
10.62042427	310	-0.340691 -0.518100  0.812823
10.62562370	312	-0.342846 -0.517142  0.813781
10.63082408	311	-0.342846 -0.513790  0.811865
10.63602447	311	-0.337579 -0.517621  0.830061
10.64123630	312	-0.345240 -0.520015  0.824794
10.64643955	311	-0.343325 -0.518100  0.819527
10.65164756	309	-0.339255 -0.517861  0.811865
10.65686035	311	-0.339494 -0.521691  0.811387
10.66207218	309	-0.341649 -0.518818  0.812344
10.66727161	310	-0.334227 -0.515466  0.811626
10.67247962	310	-0.334945 -0.517142  0.820724
10.67768001	310	-0.340691 -0.515227  0.808993
10.68287563	311	-0.335903 -0.512115  0.822639
10.68807983	308	-0.340691 -0.517142  0.812584
10.69328022	312	-0.338537 -0.514748  0.816654
10.69847965	310	-0.338058 -0.516663  0.817612
10.70369243	308	-0.340452 -0.521931  0.810190
10.70888805	309	-0.338776 -0.514269  0.820245
10.71408843	308	-0.339734 -0.526001  0.814499
10.71929645	310	-0.346916 -0.519058  0.820724
10.72449970	310	-0.343086 -0.517142  0.810908
10.72970390	312	-0.338058 -0.514509  0.806838
10.73490428	310	-0.340213 -0.519058  0.817133
10.74010753	312	-0.339734 -0.514748  0.804683
10.74530410	312	-0.339255 -0.516663  0.816654
10.75051593	311	-0.339973 -0.518339  0.816415
10.75571155	308	-0.342607 -0.519536  0.805401
10.76091194	312	-0.341170 -0.517382  0.816654
10.76611995	309	-0.338058 -0.518100  0.813302
10.77132034	309	-0.341889 -0.517142  0.818090
10.77651977	311	-0.337579 -0.514988  0.814978
10.78173160	311	-0.339734 -0.520734  0.812344
10.78695201	310	-0.338537 -0.521212  0.816415
10.79216003	310	-0.337579 -0.511875  0.810190
10.79734802	310	-0.340691 -0.514748  0.809711
10.80254364	311	-0.341649 -0.519776  0.809950
10.80774021	312	-0.335903 -0.519536  0.814978
10.81293582	311	-0.334706 -0.515945  0.817372
10.81813621	309	-0.336861 -0.518579  0.810908
10.82334804	310	-0.343325 -0.518579  0.807317
10.82854843	310	-0.338537 -0.519776  0.814978
10.83376026	311	-0.342607 -0.513790  0.819288
10.83897590	311	-0.335424 -0.519058  0.812105
10.84418773	312	-0.339494 -0.513312  0.815217
10.84939956	310	-0.339255 -0.517861  0.815936
10.85460376	312	-0.343564 -0.517382  0.814020
10.85980033	309	-0.340452 -0.515706  0.805880
10.86499977	312	-0.336621 -0.522170  0.809471
10.87020397	309	-0.339255 -0.510439  0.811865
10.87539958	312	-0.336143 -0.519297  0.809711
##inga 
#ido(sec)  szog(ADC)     ax(g)    ay(g)   az(g)
10.88113975	311	-0.342367 -0.518579  0.816175
10.88646030	310	-0.345480 -0.516663  0.817612
10.89175987	309	-0.343086 -0.522649  0.821682
10.89705181	308	-0.336382 -0.524325  0.820485
10.90225219	311	-0.338058 -0.517382  0.818090
10.90746402	312	-0.338058 -0.514509  0.810668
10.91265964	310	-0.342846 -0.513790  0.824555
10.91786384	310	-0.336861 -0.518339  0.817372
10.92307567	311	-0.337340 -0.514748  0.817133
10.92828845	312	-0.341170 -0.518339  0.814739
10.93348789	312	-0.341170 -0.517142  0.820006
10.93867969	312	-0.340691 -0.517382  0.813063
10.94388008	308	-0.340931 -0.516663  0.809471
10.94908046	310	-0.338776 -0.520255  0.810668
10.95427989	311	-0.339255 -0.512115  0.821442
10.95948791	311	-0.338776 -0.514030  0.816175
10.96468830	310	-0.342367 -0.516185  0.813781
10.96989631	309	-0.343564 -0.524085  0.806359
10.97510433	311	-0.343564 -0.519058  0.815457
10.98031234	310	-0.342846 -0.516663  0.817372
10.98552799	311	-0.341410 -0.517382  0.805880
10.99074363	311	-0.341649 -0.510439  0.821203
10.99594402	312	-0.339016 -0.517142  0.814260
11.00114440	312	-0.339255 -0.516663  0.815217
11.00634384	311	-0.341170 -0.517861  0.815936
11.01154804	310	-0.342367 -0.516424  0.824076
11.01674365	310	-0.336382 -0.517621  0.817851
11.02194786	311	-0.340691 -0.522409  0.812344
11.02714443	310	-0.339016 -0.520255  0.819527
11.03235244	311	-0.341889 -0.520494  0.817372
11.03755569	310	-0.340452 -0.517142  0.815457
11.04277610	310	-0.341889 -0.518579  0.817851
11.04799175	310	-0.338297 -0.519297  0.815696
11.05319976	310	-0.333509 -0.518818  0.808514
11.05840778	312	-0.334467 -0.519297  0.814739
11.06360816	308	-0.336143 -0.521691  0.811387
11.06880760	311	-0.336861 -0.519058  0.811387
11.07401180	309	-0.342367 -0.518818  0.817612
11.07921218	310	-0.339016 -0.520973  0.814020
11.08440780	312	-0.338776 -0.515706  0.817851
11.08960819	311	-0.339255 -0.515706  0.818330
11.09480762	312	-0.338776 -0.520494  0.822161
11.10001564	311	-0.338297 -0.516424  0.819288
11.10522365	310	-0.343804 -0.516663  0.807795
11.11044025	312	-0.336621 -0.517861  0.822879
11.11565589	310	-0.339016 -0.520494  0.818809
11.12085628	308	-0.341889 -0.514748  0.808274
11.12605571	310	-0.336143 -0.514030  0.819288
11.13125610	309	-0.339734 -0.514030  0.808993
11.13645172	310	-0.344043 -0.516903  0.813781
11.14165973	312	-0.334706 -0.515466  0.814978
11.14685630	310	-0.336621 -0.518579  0.813541
11.15205574	312	-0.341170 -0.523128  0.820963
11.15726375	310	-0.337818 -0.516185  0.819288
11.16248035	312	-0.342367 -0.523607  0.813541
11.16768836	310	-0.333988 -0.519776  0.821203
11.17290401	308	-0.337579 -0.516903  0.808753
11.17811203	311	-0.338058 -0.518579  0.817133
11.18330764	312	-0.342367 -0.519776  0.813302
11.18850421	308	-0.344522 -0.516185  0.815457
11.19370365	311	-0.344043 -0.519536  0.807077
11.19890785	311	-0.343086 -0.512833  0.816175
11.20411205	312	-0.344283 -0.513072  0.813781
11.20931625	309	-0.339973 -0.516424  0.813781
11.21451187	312	-0.339734 -0.517382  0.820963
11.21972846	308	-0.337818 -0.517142  0.811865
11.22493553	310	-0.346677 -0.515706  0.813541
11.23013591	312	-0.338537 -0.519297  0.824555
11.23534393	308	-0.345480 -0.520973  0.822879
11.24054813	312	-0.342367 -0.518339  0.820006
11.24575233	310	-0.339734 -0.519297  0.812105
11.25095176	310	-0.338776 -0.516185  0.815696
11.25614356	312	-0.333748 -0.519058  0.816175
11.26134395	312	-0.343086 -0.517861  0.800374
11.26655197	310	-0.340452 -0.511396  0.815457
11.27175235	311	-0.334706 -0.517861  0.809950
11.27695178	310	-0.334227 -0.518339  0.821682
11.28214836	310	-0.338537 -0.520973  0.813781
11.28736019	312	-0.337340 -0.523367  0.824076
11.29255580	312	-0.343564 -0.518100  0.820245
11.29776000	310	-0.336861 -0.519058  0.813541
11.30297183	310	-0.331115 -0.521691  0.810190
11.30817985	312	-0.339973 -0.521452  0.811865
11.31338024	309	-0.344283 -0.519536  0.814499
11.31857585	310	-0.333748 -0.515227  0.821442
11.32378768	309	-0.336861 -0.519297  0.817133
11.32899188	309	-0.338776 -0.520015  0.815457
11.33419609	310	-0.342367 -0.514748  0.807556
11.33939647	311	-0.342128 -0.516424  0.814739
11.34461593	308	-0.335903 -0.525283  0.813302
11.34983158	312	-0.339016 -0.518579  0.814739
11.35503959	312	-0.337818 -0.516663  0.818330
11.36024761	311	-0.339734 -0.520734  0.814020
11.36544799	312	-0.340452 -0.518100  0.809950
11.37065601	312	-0.336621 -0.516185  0.800374
11.37585639	310	-0.342367 -0.519297  0.805162
11.38105583	311	-0.341410 -0.515227  0.811387
11.38626003	312	-0.340452 -0.520734  0.814978
11.39146423	311	-0.341889 -0.512115  0.811147
11.39667987	312	-0.332791 -0.519776  0.812584
11.40188026	312	-0.342607 -0.516663  0.818809
##inga 
#ido(sec)  szog(ADC)     ax(g)    ay(g)   az(g)
11.40762042	312	-0.337100 -0.518579  0.808274
11.41289234	310	-0.340452 -0.510199  0.820245
11.41819572	311	-0.346198 -0.515227  0.810429
11.42348384	312	-0.342846 -0.511396  0.811626
11.42869186	312	-0.342128 -0.520734  0.809232
11.43389606	308	-0.337579 -0.515945  0.806120
11.43909168	310	-0.336382 -0.518100  0.821203
11.44429588	310	-0.341889 -0.520973  0.810429
11.44951152	312	-0.341649 -0.519058  0.810429
11.45471572	311	-0.338537 -0.522170  0.817372
11.45991992	308	-0.341410 -0.518339  0.820963
11.46512031	310	-0.337100 -0.512593  0.810908
11.47031593	312	-0.340691 -0.520494  0.812344
11.47552013	311	-0.334227 -0.517382  0.807077
