##inga 
#ido(sec)  szog(ADC)     ax(g)    ay(g)   az(g)
0.00171200	228	-0.445078 -0.716817  0.554252
0.00693200	228	-0.444120 -0.716577  0.562632
##inga 
#ido(sec)  szog(ADC)     ax(g)    ay(g)   az(g)
0.01350400	226	-0.441007 -0.707719  0.562632
0.01872000	228	-0.440529 -0.712747  0.557604
0.02393200	227	-0.446993 -0.715141  0.555689
0.02916800	229	-0.439332 -0.714423  0.551140
0.03427600	229	-0.445556 -0.709874  0.558801
0.03936800	229	-0.441007 -0.714183  0.549943
0.04444800	226	-0.444120 -0.714901  0.562871
0.04953600	228	-0.447472 -0.714423  0.548506
0.05464000	229	-0.444838 -0.712986  0.556167
0.05972000	229	-0.442683 -0.720647  0.559519
0.06480401	226	-0.444359 -0.715620  0.560477
0.06990000	226	-0.443880 -0.718014  0.559759
0.07498001	229	-0.454415 -0.714662  0.552576
0.08007600	227	-0.439810 -0.717296  0.554970
0.08517200	229	-0.448908 -0.721605  0.561435
0.09025600	226	-0.445078 -0.716338  0.562153
0.09535600	229	-0.443162 -0.711071  0.551858
0.10046000	229	-0.442205 -0.719929  0.553055
0.10554801	227	-0.440768 -0.718971  0.557604
0.11064400	228	-0.447951 -0.721126  0.555689
0.11576000	229	-0.446275 -0.717535  0.549703
0.12087600	229	-0.442683 -0.721605  0.558801
0.12597599	228	-0.440289 -0.719211  0.560477
0.13108800	229	-0.445796 -0.717535  0.564308
0.13619198	229	-0.445556 -0.718732  0.555210
0.14129600	229	-0.445317 -0.714662  0.559519
0.14641200	229	-0.446993 -0.717535  0.550421
0.15151600	228	-0.447472 -0.718014  0.554731
0.15661199	229	-0.451302 -0.712268  0.552816
0.16171599	228	-0.446275 -0.712747  0.554970
0.16682801	229	-0.448190 -0.715141  0.556886
0.17193199	228	-0.439810 -0.717535  0.560716
0.17703599	229	-0.448190 -0.716338  0.555928
0.18214399	229	-0.445556 -0.722802  0.557843
0.18724800	227	-0.445556 -0.714183  0.556886
0.19236400	228	-0.442205 -0.713704  0.565265
0.19746799	227	-0.441247 -0.714423  0.556407
0.20258800	227	-0.447711 -0.712986  0.559280
0.20770800	227	-0.443162 -0.710831  0.554013
0.21282799	228	-0.441486 -0.712747  0.553055
0.21794800	229	-0.439810 -0.716338  0.555689
0.22305600	228	-0.451063 -0.715620  0.558322
0.22815599	226	-0.448429 -0.712028  0.565026
0.23326799	229	-0.443162 -0.711789  0.554491
0.23838801	229	-0.440768 -0.710352  0.561195
0.24348399	229	-0.442444 -0.717774  0.565026
0.24859600	228	-0.441965 -0.714662  0.552097
0.25369999	226	-0.444599 -0.714183  0.557604
0.25882000	229	-0.442205 -0.712028  0.558801
0.26390800	229	-0.446275 -0.715859  0.560956
0.26901199	229	-0.446993 -0.718253  0.561913
0.27410798	229	-0.449387 -0.718014  0.556407
0.27919600	226	-0.446035 -0.721126  0.556407
0.28428400	229	-0.445556 -0.720887  0.557604
0.28936400	229	-0.446514 -0.714662  0.549943
0.29445199	228	-0.443162 -0.715380  0.559280
0.29954400	226	-0.441726 -0.712747  0.551140
0.30463600	229	-0.443880 -0.717535  0.553294
0.30973198	228	-0.451302 -0.712507  0.557125
0.31482801	229	-0.445317 -0.710831  0.563829
0.31992797	228	-0.443162 -0.717774  0.562153
0.32503199	228	-0.445796 -0.717056  0.556646
0.33012399	226	-0.445796 -0.713465  0.557604
0.33522000	228	-0.445078 -0.718493  0.557843
0.34030399	229	-0.446035 -0.715380  0.561195
0.34539601	229	-0.439092 -0.710831  0.555449
0.35048401	228	-0.445078 -0.722563  0.558322
0.35558798	228	-0.447711 -0.718732  0.549224
0.36069598	229	-0.443402 -0.719450  0.559759
0.36578800	229	-0.445078 -0.715141  0.555928
0.37090001	228	-0.445556 -0.721366  0.559280
0.37601199	228	-0.441486 -0.718014  0.559998
0.38110799	226	-0.442923 -0.710113  0.547309
0.38620400	227	-0.445078 -0.715141  0.555689
0.39131598	229	-0.447232 -0.719450  0.561913
0.39642000	228	-0.446993 -0.715141  0.561195
0.40152401	229	-0.443641 -0.713225  0.549224
0.40664396	229	-0.440289 -0.718014  0.556646
0.41172800	226	-0.440529 -0.714901  0.561913
0.41682000	229	-0.445078 -0.713465  0.548506
0.42192401	228	-0.442923 -0.714901  0.560956
0.42702002	229	-0.452021 -0.719690  0.550661
0.43211598	227	-0.442444 -0.714901  0.547309
0.43722000	229	-0.438374 -0.713944  0.555210
0.44231996	227	-0.442444 -0.713225  0.543957
0.44742798	229	-0.448908 -0.719450  0.556407
0.45251598	228	-0.446754 -0.718253  0.551140
0.45762000	228	-0.443641 -0.712507  0.551858
0.46272401	229	-0.450584 -0.716817  0.561913
0.46782798	229	-0.447472 -0.711789  0.555928
0.47294802	227	-0.446993 -0.718014  0.560956
0.47805199	229	-0.447472 -0.712747  0.557125
0.48315997	226	-0.446993 -0.715859  0.556886
0.48828001	229	-0.442205 -0.719211  0.555928
0.49339199	227	-0.446514 -0.714423  0.563350
0.49850802	229	-0.446993 -0.714901  0.552816
0.50361595	227	-0.444599 -0.714423  0.565026
0.50873999	228	-0.451063 -0.723281  0.546351
0.51384401	229	-0.440289 -0.716577  0.556167
0.51894803	229	-0.447951 -0.716338  0.565026
0.52406001	226	-0.447232 -0.713704  0.555928
##inga 
#ido(sec)  szog(ADC)     ax(g)    ay(g)   az(g)
0.52971601	229	-0.446035 -0.715859  0.550900
0.53494400	229	-0.443162 -0.713465  0.553773
0.54018402	228	-0.446514 -0.719211  0.569335
0.54543199	226	-0.446035 -0.718014  0.560477
0.55052800	226	-0.444838 -0.719211  0.552337
0.55563201	229	-0.443402 -0.717296  0.554252
0.56073598	229	-0.444120 -0.722084  0.553055
0.56582803	228	-0.446754 -0.715141  0.554970
0.57092399	229	-0.445317 -0.713225  0.559040
0.57602796	228	-0.446754 -0.712747  0.558801
0.58112401	229	-0.440289 -0.718493  0.555689
0.58622002	229	-0.443641 -0.713225  0.560956
0.59133200	228	-0.448429 -0.720647  0.554970
0.59641199	228	-0.441486 -0.716338  0.553294
0.60151600	226	-0.439810 -0.714662  0.553055
0.60660400	228	-0.443641 -0.719690  0.560237
0.61169199	229	-0.445078 -0.721126  0.559759
0.61679601	228	-0.439571 -0.720169  0.561913
0.62190003	228	-0.442444 -0.710113  0.558562
0.62700405	228	-0.441965 -0.716817  0.554731
0.63210797	228	-0.443402 -0.716338  0.556407
0.63720397	229	-0.444359 -0.711310  0.553294
0.64230399	228	-0.446275 -0.718253  0.551140
0.64740800	227	-0.446275 -0.715380  0.557604
0.65249199	228	-0.445556 -0.710831  0.554491
0.65759601	226	-0.446275 -0.714183  0.557843
0.66269598	228	-0.442683 -0.713225  0.548267
0.66781196	229	-0.444359 -0.717535  0.556646
0.67292795	229	-0.446035 -0.716577  0.564547
0.67803597	229	-0.445078 -0.715620  0.554731
0.68313198	229	-0.447711 -0.715141  0.566941
0.68824396	228	-0.439092 -0.710352  0.552816
0.69333200	229	-0.449148 -0.715620  0.560956
0.69843201	229	-0.438374 -0.715620  0.555449
0.70353598	227	-0.444120 -0.712028  0.550661
0.70863199	228	-0.446035 -0.718971  0.557125
0.71372404	226	-0.442205 -0.718493  0.561435
0.71882801	227	-0.441247 -0.717535  0.564786
0.72393999	228	-0.444599 -0.717774  0.557364
0.72905597	228	-0.452739 -0.719450  0.551619
0.73416399	227	-0.445078 -0.715859  0.551858
0.73926801	226	-0.440050 -0.715620  0.551379
0.74434399	228	-0.447232 -0.717774  0.549943
0.74945998	229	-0.446993 -0.718732  0.558562
0.75457196	228	-0.441486 -0.715859  0.550900
0.75967597	228	-0.442205 -0.712028  0.555210
0.76477999	229	-0.445796 -0.720408  0.560956
0.76988401	228	-0.449387 -0.715620  0.553534
0.77499599	228	-0.445556 -0.721126  0.557125
0.78011202	229	-0.444599 -0.711310  0.559280
0.78522801	229	-0.437416 -0.718971  0.559280
0.79034800	226	-0.443402 -0.716817  0.553773
0.79545598	228	-0.444838 -0.715859  0.555449
0.80058002	228	-0.444599 -0.716098  0.560237
0.80570001	229	-0.447232 -0.710352  0.557364
0.81081600	226	-0.445078 -0.712986  0.553055
0.81591596	227	-0.446514 -0.715620  0.553534
0.82102003	228	-0.447711 -0.717296  0.555689
0.82614793	229	-0.447472 -0.712507  0.555210
0.83124399	227	-0.446275 -0.711310  0.551619
0.83634796	226	-0.443880 -0.713944  0.555689
0.84145202	227	-0.443880 -0.716817  0.563829
0.84656400	226	-0.439092 -0.714901  0.564786
0.85166797	229	-0.441726 -0.713704  0.551379
0.85677204	227	-0.442923 -0.718732  0.552576
0.86187601	229	-0.443880 -0.718253  0.552097
0.86696395	229	-0.444599 -0.718493  0.557364
0.87206802	228	-0.445556 -0.712028  0.549703
0.87717599	229	-0.443162 -0.714183  0.560956
0.88228397	228	-0.444359 -0.715141  0.556886
0.88738803	227	-0.436937 -0.713944  0.557843
0.89249200	229	-0.447472 -0.714901  0.553055
0.89758005	228	-0.444599 -0.718253  0.554731
0.90268402	227	-0.445317 -0.713944  0.556407
0.90778398	226	-0.447232 -0.713225  0.559759
0.91289196	229	-0.441726 -0.718014  0.549464
0.91799602	229	-0.445556 -0.718971  0.559280
0.92308406	229	-0.446754 -0.716098  0.549464
0.92818393	228	-0.443402 -0.716817  0.561913
0.93327999	229	-0.445556 -0.714423  0.556167
0.93838396	229	-0.443402 -0.720408  0.565265
0.94347600	228	-0.439810 -0.723760  0.556886
0.94854803	228	-0.450105 -0.718014  0.550661
0.95362796	226	-0.446754 -0.718253  0.554252
0.95873203	229	-0.445796 -0.721366  0.558322
0.96383600	229	-0.442683 -0.712268  0.562871
0.96892795	229	-0.444359 -0.714662  0.559519
0.97402801	227	-0.443402 -0.716817  0.563350
0.97912397	229	-0.446514 -0.722323  0.544915
0.98423995	226	-0.441965 -0.715620  0.562871
0.98933601	229	-0.449148 -0.714901  0.560956
0.99443607	229	-0.447711 -0.715620  0.551619
0.99953994	229	-0.444599 -0.713225  0.560956
1.00464403	229	-0.441965 -0.712747  0.552097
1.00974798	229	-0.447711 -0.718014  0.552576
1.01485204	226	-0.445556 -0.714901  0.559998
1.01994800	229	-0.445317 -0.710592  0.553534
1.02506005	228	-0.446514 -0.717056  0.554252
1.03015601	226	-0.442444 -0.710831  0.557364
1.03526794	228	-0.436459 -0.715380  0.555928
1.04038000	229	-0.444359 -0.718253  0.559040
##inga 
#ido(sec)  szog(ADC)     ax(g)    ay(g)   az(g)
1.04602396	228	-0.445796 -0.714183  0.555210
1.05127203	228	-0.443162 -0.713704  0.557364
1.05653202	228	-0.452021 -0.715141  0.557364
1.06176805	228	-0.445796 -0.716338  0.556646
1.06688797	227	-0.446993 -0.711789  0.558801
1.07200396	228	-0.443641 -0.713465  0.559040
1.07711601	228	-0.448429 -0.710592  0.560716
1.08222794	229	-0.446514 -0.716338  0.560477
1.08734798	228	-0.440289 -0.714183  0.548985
1.09246004	227	-0.440050 -0.714662  0.553773
1.09756004	228	-0.441247 -0.720169  0.564786
1.10268402	227	-0.445796 -0.714423  0.559998
1.10780394	227	-0.445317 -0.720169  0.562632
1.11292397	229	-0.443880 -0.716098  0.557364
1.11804401	229	-0.445796 -0.722084  0.555449
1.12316405	228	-0.441007 -0.718253  0.559280
1.12827205	229	-0.443162 -0.710592  0.555928
1.13338804	228	-0.444599 -0.721366  0.556886
1.13850402	229	-0.443641 -0.719450  0.555449
1.14362394	226	-0.441726 -0.718014  0.558083
1.14874398	227	-0.442923 -0.717535  0.553294
1.15386795	229	-0.451302 -0.713225  0.555210
1.15897595	229	-0.447711 -0.720647  0.562632
1.16408395	229	-0.440768 -0.720169  0.554013
1.16920399	228	-0.443880 -0.718971  0.556407
1.17432403	227	-0.443880 -0.714901  0.558562
1.17942798	228	-0.444838 -0.713704  0.554491
1.18454003	228	-0.443641 -0.717296  0.551619
1.18965995	229	-0.446514 -0.720647  0.553534
1.19476402	229	-0.448429 -0.718971  0.557604
1.19988405	229	-0.441247 -0.722802  0.556886
1.20500004	229	-0.445078 -0.716577  0.559040
1.21010005	228	-0.447232 -0.714423  0.550421
1.21522796	229	-0.444838 -0.713465  0.553055
1.22034800	229	-0.444838 -0.719690  0.565744
1.22545194	228	-0.446993 -0.721366  0.554731
1.23056805	229	-0.443880 -0.715141  0.556407
1.23567605	227	-0.446993 -0.712986  0.554013
1.24078798	226	-0.446275 -0.718253  0.555210
1.24589204	228	-0.445556 -0.711071  0.554970
1.25098800	229	-0.444599 -0.717296  0.561913
1.25609195	229	-0.445556 -0.714423  0.555689
1.26119601	226	-0.444599 -0.709634  0.553534
1.26629996	229	-0.444120 -0.713225  0.549943
1.27140402	229	-0.442923 -0.716338  0.559759
1.27650797	229	-0.442205 -0.714423  0.556167
1.28161203	229	-0.436219 -0.715380  0.554731
1.28671598	228	-0.441486 -0.716817  0.554970
1.29182004	229	-0.438613 -0.718493  0.554491
1.29692399	228	-0.446035 -0.720647  0.552097
1.30201196	228	-0.446754 -0.714423  0.556886
1.30711603	229	-0.439092 -0.717535  0.551619
1.31221997	229	-0.437895 -0.716817  0.555928
1.31731998	229	-0.434783 -0.717296  0.557843
1.32242405	229	-0.444599 -0.715380  0.556167
1.32752001	226	-0.447472 -0.718493  0.553534
1.33262395	228	-0.449387 -0.717774  0.558083
1.33771598	229	-0.442444 -0.722563  0.553534
1.34282004	229	-0.443641 -0.716817  0.554731
1.34792804	229	-0.447472 -0.718014  0.563589
1.35302805	226	-0.446993 -0.720887  0.561195
1.35811603	227	-0.444838 -0.714183  0.556886
1.36321997	226	-0.441726 -0.712507  0.548745
1.36831998	229	-0.445317 -0.720408  0.561913
1.37342405	228	-0.446035 -0.719450  0.552816
1.37852799	228	-0.445078 -0.716338  0.557364
1.38363194	229	-0.446754 -0.716577  0.557125
1.38873195	227	-0.444838 -0.718014  0.551140
1.39383995	229	-0.447951 -0.718253  0.554970
1.39893997	229	-0.446035 -0.717774  0.554731
1.40404405	227	-0.441726 -0.715620  0.550661
1.40915594	229	-0.447232 -0.717535  0.545394
1.41427602	229	-0.446754 -0.711549  0.563350
1.41937994	229	-0.446514 -0.714662  0.554252
1.42449197	228	-0.444838 -0.714183  0.554252
1.42960000	229	-0.450345 -0.711789  0.553055
1.43470001	229	-0.442205 -0.716817  0.552097
1.43981194	228	-0.446993 -0.718971  0.551619
1.44491600	228	-0.442205 -0.715859  0.560716
1.45003199	228	-0.440050 -0.718732  0.554252
1.45512795	229	-0.444120 -0.717774  0.563350
1.46023998	229	-0.448908 -0.717535  0.560956
1.46534395	227	-0.445317 -0.709634  0.556886
1.47044801	229	-0.444838 -0.714901  0.560477
1.47555599	229	-0.444359 -0.712507  0.558562
1.48066797	226	-0.443641 -0.711549  0.570532
1.48577594	229	-0.441486 -0.712268  0.547788
1.49089202	228	-0.442923 -0.709634  0.561674
1.49599599	227	-0.446514 -0.711071  0.559280
1.50111603	229	-0.442923 -0.714423  0.560956
1.50623598	228	-0.443162 -0.714901  0.548027
1.51134004	228	-0.444599 -0.712986  0.556886
1.51644396	230	-0.443880 -0.721844  0.557125
1.52153205	227	-0.448429 -0.715859  0.555689
1.52664399	228	-0.443641 -0.721844  0.560237
1.53176403	226	-0.437656 -0.715859  0.560956
1.53688001	228	-0.446035 -0.717535  0.558562
1.54199600	227	-0.446754 -0.719929  0.558322
1.54710397	229	-0.442923 -0.717535  0.554013
1.55223202	227	-0.443641 -0.716577  0.556407
1.55734801	229	-0.446514 -0.715859  0.554731
##inga 
#ido(sec)  szog(ADC)     ax(g)    ay(g)   az(g)
1.56299996	226	-0.443162 -0.715859  0.559040
1.56825199	228	-0.445317 -0.717296  0.551619
1.57351994	229	-0.445317 -0.719450  0.556646
1.57876396	229	-0.447711 -0.718971  0.553055
1.58388400	226	-0.446993 -0.718493  0.565505
1.58899998	229	-0.452978 -0.718014  0.563111
1.59410800	228	-0.444838 -0.721126  0.555449
1.59922003	229	-0.444838 -0.715380  0.562153
1.60432395	229	-0.450824 -0.718014  0.559998
1.60943603	229	-0.447951 -0.710831  0.558083
1.61454796	229	-0.443402 -0.718493  0.555449
1.61965203	228	-0.438374 -0.707479  0.557364
1.62474403	228	-0.441007 -0.718014  0.555689
1.62983598	226	-0.448908 -0.720647  0.556886
1.63492403	226	-0.445078 -0.714901  0.559759
1.64001598	229	-0.444120 -0.715620  0.564547
1.64512004	228	-0.441486 -0.718014  0.555928
1.65021204	228	-0.444838 -0.714901  0.565984
1.65530800	229	-0.439332 -0.715380  0.552816
1.66041193	228	-0.448190 -0.712747  0.553773
1.66550803	228	-0.448429 -0.716098  0.560477
1.67059602	228	-0.443162 -0.713465  0.558801
1.67571601	229	-0.443162 -0.710592  0.550900
1.68081607	228	-0.449627 -0.711071  0.559040
1.68592405	228	-0.440529 -0.714183  0.555689
1.69102392	226	-0.450345 -0.711071  0.552576
1.69612798	229	-0.441965 -0.710113  0.560477
1.70123195	228	-0.442205 -0.714901  0.558562
1.70633196	229	-0.446275 -0.710113  0.560237
1.71143603	227	-0.449148 -0.718253  0.560716
1.71654796	226	-0.443641 -0.716338  0.558083
1.72166395	229	-0.443880 -0.716338  0.560956
1.72676396	229	-0.445317 -0.711549  0.559998
1.73186802	226	-0.444599 -0.715620  0.553534
1.73697195	229	-0.446275 -0.714662  0.563350
1.74207601	228	-0.445796 -0.712747  0.560956
1.74719200	229	-0.447472 -0.713704  0.553773
1.75229206	228	-0.444359 -0.714183  0.555210
1.75739598	229	-0.447951 -0.714183  0.560956
1.76250801	229	-0.442923 -0.714901  0.558322
1.76761198	228	-0.454175 -0.717535  0.565265
1.77271604	227	-0.446035 -0.715380  0.563589
1.77782001	229	-0.444599 -0.717535  0.553055
1.78293204	229	-0.446035 -0.712507  0.548506
1.78803596	229	-0.442923 -0.717774  0.553055
1.79314804	228	-0.444599 -0.722323  0.563589
1.79826793	228	-0.445078 -0.716577  0.552576
1.80337200	229	-0.448429 -0.716817  0.553294
1.80846796	227	-0.443641 -0.720887  0.557843
1.81357593	229	-0.441247 -0.716338  0.554252
1.81868000	229	-0.446514 -0.718971  0.559998
1.82379608	227	-0.443880 -0.711071  0.563589
1.82890405	228	-0.440289 -0.715620  0.564308
1.83402004	228	-0.444359 -0.711071  0.571490
1.83912391	228	-0.444359 -0.712986  0.560716
1.84422798	229	-0.445796 -0.717296  0.565026
1.84933996	226	-0.441726 -0.715620  0.555449
1.85445594	228	-0.439571 -0.712747  0.556646
1.85957202	228	-0.441007 -0.710352  0.556886
1.86467599	229	-0.446514 -0.712507  0.557604
1.86978807	226	-0.447951 -0.716817  0.559759
1.87489995	226	-0.445078 -0.713944  0.564786
1.88001594	229	-0.444599 -0.715620  0.561435
1.88512401	228	-0.443402 -0.708677  0.552576
1.89022006	226	-0.445317 -0.715620  0.564786
1.89533195	229	-0.443880 -0.716577  0.552337
1.90043601	226	-0.447232 -0.707958  0.568617
1.90553197	228	-0.442683 -0.715620  0.556167
1.91064405	228	-0.450345 -0.720887  0.559759
1.91574802	228	-0.443641 -0.716338  0.561435
1.92087192	228	-0.446514 -0.718253  0.558801
1.92599592	229	-0.444599 -0.709155  0.557125
1.93109998	229	-0.445796 -0.715380  0.552816
1.93622007	229	-0.444599 -0.711310  0.554013
1.94133996	228	-0.440050 -0.717535  0.553773
1.94644403	228	-0.447472 -0.714423  0.554491
1.95157604	227	-0.444599 -0.716098  0.558562
1.95669994	226	-0.447711 -0.711310  0.559519
1.96182003	228	-0.451063 -0.715859  0.548267
1.96694002	228	-0.442683 -0.713465  0.566702
1.97206001	227	-0.446035 -0.717296  0.555928
1.97718000	229	-0.444599 -0.717056  0.555449
1.98228797	228	-0.441965 -0.715859  0.553773
1.98740396	226	-0.442205 -0.713225  0.554731
1.99251995	229	-0.449866 -0.716338  0.557843
1.99764003	228	-0.446275 -0.713704  0.558801
2.00275611	229	-0.448190 -0.716817  0.564547
2.00787210	226	-0.441965 -0.717296  0.557604
2.01299190	227	-0.442205 -0.716817  0.564308
2.01811194	229	-0.445078 -0.726872  0.551140
2.02320790	226	-0.448908 -0.717535  0.561195
2.02830791	226	-0.445317 -0.714183  0.559998
2.03342795	229	-0.444359 -0.719211  0.549224
2.03854799	229	-0.441247 -0.718253  0.554013
2.04367208	228	-0.448429 -0.713704  0.554970
2.04877996	229	-0.448429 -0.713465  0.547548
2.05390000	229	-0.442923 -0.710113  0.555928
2.05901193	229	-0.444838 -0.716338  0.567181
2.06412792	229	-0.451781 -0.712747  0.550182
2.06924390	227	-0.441247 -0.710592  0.562632
2.07435607	228	-0.441726 -0.709874  0.554252
##inga 
#ido(sec)  szog(ADC)     ax(g)    ay(g)   az(g)
2.07999992	226	-0.444599 -0.711789  0.554491
2.08525991	227	-0.446035 -0.712028  0.546351
2.09050798	229	-0.440529 -0.709634  0.555449
2.09572410	226	-0.444599 -0.714901  0.556167
2.10082006	226	-0.442683 -0.713704  0.560716
2.10590791	229	-0.449627 -0.708437  0.555689
2.11100006	226	-0.441965 -0.716098  0.554252
2.11610388	226	-0.442205 -0.712028  0.552337
2.12120795	229	-0.444359 -0.714423  0.555928
2.12631607	226	-0.443641 -0.719450  0.554970
2.13140392	227	-0.440768 -0.712747  0.557125
2.13650798	228	-0.441965 -0.718253  0.557364
2.14161205	229	-0.450584 -0.712028  0.559759
2.14670395	226	-0.445078 -0.718493  0.559280
2.15180397	226	-0.448429 -0.722802  0.549703
2.15689992	229	-0.450824 -0.717296  0.560956
2.16201210	228	-0.443641 -0.716817  0.548267
2.16711592	228	-0.447472 -0.719450  0.552576
2.17221188	229	-0.445796 -0.712986  0.557125
2.17730808	227	-0.451542 -0.721366  0.558801
2.18240404	229	-0.443402 -0.716338  0.556646
2.18750405	228	-0.449387 -0.716098  0.558801
2.19258809	228	-0.451302 -0.714662  0.555449
2.19770002	229	-0.449387 -0.719690  0.561435
2.20280408	229	-0.446035 -0.712747  0.555689
2.20792007	228	-0.442444 -0.712747  0.554970
2.21302795	229	-0.447472 -0.719690  0.550661
2.21813607	228	-0.441486 -0.714183  0.553773
2.22323989	229	-0.445317 -0.721126  0.556646
2.22835993	229	-0.443880 -0.717535  0.560716
2.23346400	229	-0.448429 -0.720647  0.553055
2.23856401	229	-0.440768 -0.716338  0.558562
2.24366402	229	-0.446275 -0.716338  0.553294
2.24876809	229	-0.448429 -0.713465  0.554731
2.25388002	228	-0.451781 -0.715141  0.558562
2.25899600	229	-0.440289 -0.716577  0.554252
2.26410794	228	-0.444599 -0.714662  0.563350
2.26920795	228	-0.445556 -0.713704  0.559040
2.27430796	229	-0.444599 -0.712028  0.538451
2.27941203	227	-0.449866 -0.717056  0.549224
2.28452801	226	-0.440289 -0.716338  0.565026
2.28963208	229	-0.448429 -0.713704  0.558322
2.29473590	229	-0.442205 -0.716098  0.559998
2.29983997	228	-0.446514 -0.715141  0.561195
2.30494809	229	-0.444838 -0.717774  0.551619
2.31006002	226	-0.445078 -0.713944  0.549703
2.31516408	226	-0.447951 -0.708677  0.556886
2.32027196	229	-0.442683 -0.719450  0.565026
2.32537603	226	-0.447951 -0.708198  0.558801
2.33048009	227	-0.437895 -0.712028  0.559998
2.33559608	229	-0.444120 -0.718253  0.550421
2.34071588	226	-0.443880 -0.718014  0.555928
2.34582805	229	-0.441247 -0.713225  0.559280
2.35095596	226	-0.439810 -0.721844  0.557364
2.35607600	227	-0.445796 -0.718014  0.559998
2.36118006	229	-0.440768 -0.713465  0.567899
2.36630010	226	-0.447951 -0.719929  0.559759
2.37141990	229	-0.447951 -0.715620  0.551140
2.37652802	226	-0.449866 -0.715620  0.565505
2.38164401	229	-0.443162 -0.720887  0.554491
2.38675999	228	-0.443880 -0.715859  0.561195
2.39186000	229	-0.449387 -0.723999  0.558083
2.39696407	229	-0.445078 -0.715141  0.553534
2.40208005	228	-0.445317 -0.715380  0.557604
2.40718793	228	-0.447951 -0.722084  0.554970
2.41230010	228	-0.443641 -0.717774  0.554252
2.41740798	228	-0.449866 -0.720408  0.560956
2.42251205	228	-0.442444 -0.720887  0.560477
2.42761588	229	-0.446754 -0.716098  0.560237
2.43272399	228	-0.444838 -0.719690  0.559519
2.43781208	228	-0.447472 -0.713944  0.554252
2.44291591	229	-0.448669 -0.714183  0.554731
2.44801998	229	-0.441726 -0.711789  0.547548
2.45312404	226	-0.439092 -0.713225  0.552816
2.45823192	229	-0.449148 -0.709874  0.553773
2.46332406	228	-0.442683 -0.718014  0.557125
2.46842789	226	-0.448429 -0.721844  0.552576
2.47353196	229	-0.448669 -0.713704  0.557604
2.47862005	227	-0.441726 -0.713944  0.554731
2.48372411	229	-0.445556 -0.712507  0.560237
2.48881602	229	-0.439810 -0.720169  0.557604
2.49390792	226	-0.441726 -0.718493  0.551858
2.49901199	229	-0.439332 -0.721126  0.563589
2.50412011	228	-0.446754 -0.712986  0.556886
2.50922393	228	-0.442205 -0.711789  0.558562
2.51432800	229	-0.440768 -0.712268  0.559280
2.51941990	229	-0.444599 -0.708677  0.548745
2.52451610	229	-0.448669 -0.716817  0.561195
2.52961206	229	-0.447232 -0.713704  0.552816
2.53472399	228	-0.442923 -0.710831  0.542521
2.53983592	226	-0.446993 -0.718253  0.562871
2.54495191	226	-0.440529 -0.713225  0.552337
2.55005598	229	-0.446514 -0.715141  0.553534
2.55517196	228	-0.440289 -0.715620  0.555449
2.56026411	226	-0.446514 -0.713225  0.559998
2.56536793	228	-0.446754 -0.720169  0.551619
2.57048797	229	-0.445796 -0.713465  0.552097
2.57559609	229	-0.443641 -0.714183  0.562871
2.58069992	228	-0.446035 -0.721366  0.559759
2.58580803	229	-0.449387 -0.712268  0.554252
2.59091210	229	-0.451542 -0.718253  0.552816
##inga 
#ido(sec)  szog(ADC)     ax(g)    ay(g)   az(g)
2.59655594	229	-0.445796 -0.717056  0.556407
2.60180807	229	-0.443402 -0.720408  0.556646
2.60702800	229	-0.437656 -0.718493  0.555928
2.61225199	228	-0.441965 -0.718971  0.559759
2.61736392	229	-0.444359 -0.718971  0.554731
2.62245988	227	-0.448190 -0.717774  0.564308
2.62756395	229	-0.447711 -0.719211  0.554491
2.63266801	229	-0.440289 -0.721366  0.563350
2.63776397	229	-0.448429 -0.717535  0.554731
2.64285588	229	-0.442683 -0.715620  0.545633
2.64796805	229	-0.449866 -0.719211  0.557604
2.65307593	227	-0.445078 -0.716817  0.549943
2.65818810	229	-0.444359 -0.719450  0.556407
2.66329193	229	-0.443641 -0.715620  0.558562
2.66842389	229	-0.446993 -0.712747  0.558083
2.67354011	226	-0.450105 -0.714901  0.559998
2.67863607	228	-0.437177 -0.717056  0.563589
2.68375611	229	-0.447951 -0.710831  0.550661
2.68886804	229	-0.436698 -0.709634  0.552816
2.69397592	228	-0.441486 -0.717296  0.559519
2.69909596	226	-0.445078 -0.716817  0.549943
2.70421600	229	-0.445317 -0.715141  0.552097
2.70934009	229	-0.443162 -0.709634  0.559519
2.71445989	228	-0.438853 -0.711310  0.551379
2.71956801	229	-0.446275 -0.712747  0.554731
2.72469592	229	-0.442683 -0.711071  0.557364
2.72981190	229	-0.441726 -0.707958  0.555928
2.73492002	229	-0.443641 -0.714662  0.554013
2.74004793	229	-0.439571 -0.710592  0.559519
2.74516797	229	-0.452260 -0.713225  0.562153
2.75028800	229	-0.448190 -0.714183  0.557604
2.75539588	227	-0.440529 -0.714901  0.560956
2.76049995	226	-0.442444 -0.711789  0.550900
2.76561999	229	-0.450824 -0.708677  0.551858
2.77074003	229	-0.445796 -0.716338  0.562871
2.77584409	228	-0.443162 -0.718493  0.559519
2.78097200	229	-0.442205 -0.714901  0.557125
2.78607201	228	-0.444120 -0.711071  0.561195
2.79117989	228	-0.446514 -0.719450  0.554491
2.79628396	228	-0.448190 -0.723281  0.554252
2.80138797	229	-0.443641 -0.717296  0.559040
2.80650806	229	-0.437656 -0.715141  0.548745
2.81163597	229	-0.441965 -0.716098  0.555449
2.81674785	229	-0.452500 -0.715141  0.553294
2.82185192	228	-0.451063 -0.718971  0.550900
2.82694416	228	-0.450105 -0.715380  0.551379
2.83202791	229	-0.444120 -0.722802  0.562632
2.83712406	228	-0.440768 -0.718014  0.549703
2.84221601	229	-0.447472 -0.717774  0.565744
2.84732389	228	-0.450345 -0.723760  0.559998
2.85242385	229	-0.447711 -0.718014  0.554970
2.85752792	226	-0.443162 -0.717056  0.556886
2.86263608	229	-0.449148 -0.709634  0.559040
2.86773605	229	-0.447472 -0.715859  0.558322
2.87283992	227	-0.438613 -0.713225  0.552097
2.87794399	229	-0.446993 -0.714901  0.556646
2.88304805	228	-0.447232 -0.719450  0.559280
2.88815193	229	-0.446754 -0.713704  0.566702
2.89324398	228	-0.449387 -0.707240  0.556646
2.89833211	226	-0.444120 -0.712747  0.565984
2.90343589	229	-0.441247 -0.719929  0.551140
2.90853996	229	-0.442205 -0.710352  0.556167
2.91363601	227	-0.436459 -0.711789  0.547548
2.91874408	228	-0.443402 -0.714901  0.554970
2.92382793	229	-0.439092 -0.715859  0.548745
2.92891597	228	-0.444599 -0.715141  0.559998
2.93402004	229	-0.443641 -0.718253  0.553773
2.93913602	227	-0.447472 -0.720169  0.553534
2.94424009	228	-0.446514 -0.720408  0.555449
2.94933204	227	-0.441726 -0.721366  0.555449
2.95445203	226	-0.442444 -0.712747  0.553534
2.95955610	227	-0.447951 -0.712268  0.563589
2.96466808	226	-0.447232 -0.716098  0.555689
2.96977596	228	-0.446035 -0.710592  0.565026
2.97487592	229	-0.445556 -0.716338  0.551379
2.97998809	229	-0.440289 -0.708916  0.556407
2.98509197	227	-0.446754 -0.714183  0.562871
2.99019603	228	-0.447951 -0.715859  0.560477
2.99530792	229	-0.439092 -0.717774  0.558801
3.00040793	228	-0.445078 -0.719211  0.556407
3.00551199	229	-0.446993 -0.721605  0.556167
3.01060795	229	-0.443641 -0.715380  0.564308
3.01572394	226	-0.448908 -0.712507  0.557364
3.02083206	229	-0.446035 -0.723999  0.549943
3.02594399	229	-0.442205 -0.717056  0.562392
3.03104400	228	-0.450105 -0.718732  0.556886
3.03614807	228	-0.443880 -0.710352  0.559998
3.04124402	229	-0.445078 -0.722084  0.555449
3.04633998	227	-0.440768 -0.717296  0.567181
3.05145192	229	-0.447951 -0.714662  0.548745
3.05657196	229	-0.450584 -0.714901  0.554013
3.06167602	227	-0.442683 -0.714901  0.560956
3.06678009	229	-0.441726 -0.711310  0.558083
3.07189202	229	-0.446275 -0.717056  0.551140
3.07698798	229	-0.447472 -0.715859  0.556407
3.08209991	228	-0.441726 -0.718493  0.556167
3.08721590	227	-0.448908 -0.715859  0.557364
3.09232401	229	-0.443162 -0.715141  0.557364
3.09745192	226	-0.443641 -0.712507  0.556646
3.10257196	227	-0.446035 -0.714901  0.561435
3.10767602	229	-0.444599 -0.718493  0.558801
##inga 
#ido(sec)  szog(ADC)     ax(g)    ay(g)   az(g)
3.11332392	228	-0.446993 -0.712028  0.551379
3.11858391	229	-0.448908 -0.713944  0.554970
3.12383198	226	-0.444359 -0.718971  0.558083
3.12907195	229	-0.440050 -0.712028  0.554013
3.13416790	229	-0.445078 -0.711310  0.545394
3.13925194	226	-0.447232 -0.707479  0.563829
3.14434790	227	-0.446275 -0.708916  0.555689
3.14945197	228	-0.445556 -0.712268  0.558322
3.15455603	229	-0.443641 -0.712268  0.553055
3.15966010	226	-0.441486 -0.709155  0.556407
3.16475605	228	-0.439810 -0.715141  0.552816
3.16985988	229	-0.440768 -0.708677  0.560956
3.17494797	227	-0.446275 -0.714183  0.553773
3.18005990	227	-0.440768 -0.710831  0.557364
3.18515610	229	-0.448429 -0.716817  0.554491
3.19024801	229	-0.443162 -0.713704  0.559759
3.19534802	228	-0.444838 -0.717056  0.557364
3.20044398	226	-0.444599 -0.718253  0.546112
3.20555996	229	-0.443880 -0.710831  0.559759
3.21064400	226	-0.446514 -0.719211  0.555449
3.21573996	227	-0.444838 -0.715141  0.559280
3.22083592	229	-0.443641 -0.716817  0.556407
3.22594404	229	-0.448669 -0.717535  0.555928
3.23105192	226	-0.447711 -0.710352  0.554491
3.23615598	228	-0.450105 -0.713944  0.561674
3.24124789	228	-0.449866 -0.721605  0.550900
3.24633598	228	-0.443641 -0.717774  0.554491
3.25144791	229	-0.452978 -0.714662  0.564068
3.25654006	229	-0.439810 -0.714423  0.554013
3.26165199	229	-0.449866 -0.712986  0.558801
3.26674795	229	-0.444838 -0.713225  0.552816
3.27185988	229	-0.442923 -0.715141  0.559280
3.27697610	228	-0.445317 -0.714901  0.551379
3.28208804	229	-0.446035 -0.714183  0.556886
3.28720402	229	-0.445796 -0.713944  0.565984
3.29231190	228	-0.448429 -0.718732  0.556407
3.29741191	229	-0.439571 -0.718971  0.566702
3.30252003	229	-0.446275 -0.706761  0.561435
3.30762410	229	-0.450345 -0.716338  0.568617
3.31272411	228	-0.439092 -0.714901  0.549224
3.31782793	227	-0.445796 -0.711789  0.563350
3.32293200	229	-0.443641 -0.711310  0.551379
3.32804393	229	-0.446993 -0.712507  0.551379
3.33315205	226	-0.445078 -0.718253  0.548267
3.33827209	228	-0.444359 -0.712028  0.552576
3.34337210	226	-0.447472 -0.707719  0.549224
3.34848403	227	-0.447232 -0.712268  0.558083
3.35359597	229	-0.439810 -0.713225  0.553055
3.35870790	229	-0.440529 -0.709874  0.550182
3.36381196	228	-0.440768 -0.716577  0.553534
3.36890411	228	-0.444599 -0.712507  0.545154
3.37401199	226	-0.447951 -0.711789  0.564068
3.37913203	228	-0.448908 -0.716338  0.560237
3.38423609	229	-0.448190 -0.715380  0.554491
3.38933992	229	-0.442923 -0.717296  0.558322
3.39445209	226	-0.444120 -0.713944  0.561435
3.39955592	228	-0.445556 -0.718732  0.556886
3.40467596	228	-0.447472 -0.712268  0.552337
3.40979599	228	-0.446754 -0.716577  0.555689
3.41492009	229	-0.446035 -0.714901  0.562392
3.42002391	229	-0.445556 -0.714662  0.552097
3.42513990	229	-0.441726 -0.714423  0.550900
3.43024802	227	-0.443402 -0.722802  0.556407
3.43535590	228	-0.443880 -0.718732  0.558801
3.44046401	229	-0.446754 -0.717535  0.563829
3.44559192	229	-0.444120 -0.716577  0.554970
3.45070791	229	-0.449148 -0.708437  0.567659
3.45582795	229	-0.445078 -0.716817  0.555928
3.46094393	229	-0.449866 -0.719690  0.550182
3.46606397	229	-0.442205 -0.718732  0.553534
3.47118401	229	-0.451063 -0.712747  0.554013
3.47630810	228	-0.451542 -0.711789  0.559998
3.48143196	229	-0.447472 -0.715141  0.553773
3.48655605	228	-0.442923 -0.713704  0.554491
3.49167609	227	-0.440768 -0.715620  0.559040
3.49678397	229	-0.443880 -0.715859  0.568857
3.50189995	229	-0.442683 -0.719690  0.551379
3.50700807	226	-0.441007 -0.712986  0.565984
3.51211595	228	-0.439810 -0.708677  0.546591
3.51722002	229	-0.446275 -0.716098  0.549224
3.52234005	228	-0.441486 -0.716577  0.558562
3.52745604	229	-0.439810 -0.715620  0.551619
3.53257203	228	-0.441007 -0.712507  0.559280
3.53767609	229	-0.444120 -0.714901  0.562153
3.54278802	228	-0.446514 -0.715859  0.560237
3.54790806	229	-0.439571 -0.712747  0.557364
3.55302405	229	-0.443402 -0.711310  0.556407
3.55813193	229	-0.446993 -0.718732  0.559280
3.56325197	227	-0.440289 -0.713465  0.559280
3.56836390	228	-0.439810 -0.713465  0.550661
3.57346796	226	-0.441247 -0.718253  0.562871
3.57858395	226	-0.442444 -0.716098  0.556886
3.58368802	227	-0.440289 -0.711549  0.559759
3.58877992	227	-0.443402 -0.712986  0.568138
3.59388399	227	-0.446754 -0.712268  0.560956
3.59899997	229	-0.439092 -0.715620  0.564786
3.60409188	228	-0.445556 -0.714423  0.558801
3.60919594	228	-0.442683 -0.715859  0.562153
3.61430001	227	-0.444120 -0.718253  0.558801
3.61940407	226	-0.447951 -0.713465  0.556407
3.62450790	229	-0.445078 -0.713944  0.550900
##inga 
#ido(sec)  szog(ADC)     ax(g)    ay(g)   az(g)
3.63013195	229	-0.446275 -0.718014  0.552576
3.63539195	229	-0.445556 -0.709874  0.558322
3.64064002	226	-0.446035 -0.720647  0.565265
3.64585590	228	-0.442444 -0.712986  0.557604
3.65094804	229	-0.445078 -0.714423  0.559280
3.65604400	227	-0.443402 -0.715859  0.554491
3.66114807	228	-0.443880 -0.723042  0.553534
3.66624402	228	-0.449148 -0.718732  0.559280
3.67134809	229	-0.446035 -0.720169  0.551619
3.67645192	228	-0.439810 -0.715859  0.552816
3.68154811	227	-0.448190 -0.718493  0.563111
3.68665194	226	-0.449387 -0.712507  0.559998
3.69174790	228	-0.441007 -0.716338  0.559759
3.69684791	229	-0.443402 -0.710831  0.548506
3.70195198	226	-0.442205 -0.718732  0.550421
3.70706009	229	-0.447711 -0.709155  0.558562
3.71217989	227	-0.446754 -0.712747  0.555449
3.71729207	226	-0.446514 -0.713944  0.559040
3.72240805	229	-0.443880 -0.714423  0.555210
3.72750806	226	-0.448429 -0.711789  0.550900
3.73262000	228	-0.444599 -0.713944  0.557125
3.73771595	229	-0.451063 -0.710113  0.558322
3.74279999	229	-0.446035 -0.718971  0.553773
3.74790000	229	-0.449387 -0.713225  0.561195
3.75300788	229	-0.441247 -0.713704  0.554013
3.75812792	226	-0.448669 -0.715620  0.561674
3.76323199	226	-0.445556 -0.714423  0.555689
3.76835608	228	-0.444120 -0.719690  0.554013
3.77346396	227	-0.439092 -0.713225  0.558801
3.77856397	227	-0.439092 -0.715380  0.557843
3.78366804	229	-0.443162 -0.716098  0.554013
3.78878402	229	-0.445796 -0.715620  0.558322
3.79388403	229	-0.443162 -0.713465  0.568617
3.79900407	228	-0.444838 -0.713465  0.552816
3.80410785	229	-0.445556 -0.718253  0.556167
3.80921602	228	-0.448669 -0.711549  0.566702
3.81432008	229	-0.446275 -0.714423  0.562392
3.81942386	227	-0.450584 -0.715620  0.564547
3.82452793	226	-0.443880 -0.711789  0.554731
3.82963991	229	-0.444359 -0.716098  0.561435
3.83474397	228	-0.447951 -0.714183  0.546112
3.83985996	229	-0.445556 -0.714183  0.548027
3.84497184	228	-0.447232 -0.709634  0.544436
3.85008411	226	-0.446035 -0.720647  0.554013
3.85520000	229	-0.447951 -0.718732  0.545633
3.86030788	226	-0.449387 -0.719450  0.563829
3.86542797	228	-0.448429 -0.711310  0.561435
3.87053604	229	-0.444120 -0.709155  0.553534
3.87563610	229	-0.444120 -0.717056  0.572208
3.88073997	228	-0.450824 -0.714662  0.560237
3.88585205	228	-0.448190 -0.711789  0.561674
3.89096813	229	-0.443641 -0.717535  0.557364
3.89609193	228	-0.447472 -0.716338  0.552816
3.90120792	229	-0.448429 -0.718493  0.554970
3.90632390	228	-0.442683 -0.719929  0.551140
3.91142797	227	-0.446035 -0.714901  0.560477
3.91653995	229	-0.446993 -0.714662  0.560716
3.92165994	229	-0.439810 -0.715380  0.566941
3.92675590	229	-0.440529 -0.713465  0.561435
3.93185997	228	-0.449148 -0.716817  0.560477
3.93695592	229	-0.446275 -0.712986  0.553294
3.94205999	229	-0.441247 -0.716577  0.570532
3.94715595	229	-0.444599 -0.712986  0.563829
3.95226001	228	-0.442683 -0.714423  0.549703
3.95736789	229	-0.442683 -0.709395  0.554252
3.96246795	226	-0.446035 -0.714423  0.557125
3.96757602	229	-0.444599 -0.714423  0.562871
3.97268009	228	-0.441486 -0.714662  0.556646
3.97778396	226	-0.441486 -0.714901  0.558801
3.98288393	228	-0.441007 -0.714183  0.557843
3.98799209	229	-0.437416 -0.714183  0.555449
3.99309616	229	-0.446275 -0.715141  0.554013
3.99820404	229	-0.447232 -0.717296  0.556407
4.00331592	228	-0.443880 -0.723042  0.551619
4.00841188	229	-0.440289 -0.710592  0.558083
4.01349592	228	-0.446993 -0.714423  0.553055
4.01859188	228	-0.443641 -0.719929  0.564786
4.02369213	228	-0.448669 -0.713465  0.558801
4.02879619	226	-0.449148 -0.714183  0.557364
4.03389978	226	-0.437895 -0.715620  0.556646
4.03900003	227	-0.449866 -0.715620  0.556407
4.04409980	226	-0.447951 -0.721605  0.551619
4.04920387	228	-0.443880 -0.712268  0.557604
4.05429983	229	-0.448908 -0.713704  0.558083
4.05939579	228	-0.446993 -0.716817  0.563829
4.06450414	228	-0.446993 -0.718014  0.548745
4.06959581	229	-0.448669 -0.716098  0.562153
4.07469177	226	-0.449387 -0.712747  0.555928
4.07980394	229	-0.451063 -0.716817  0.559998
4.08491611	226	-0.450105 -0.716577  0.564547
4.09002017	229	-0.443402 -0.714183  0.557364
4.09512805	229	-0.446754 -0.714662  0.555689
4.10024785	228	-0.444359 -0.714423  0.560956
4.10535192	228	-0.441007 -0.716098  0.551140
4.11044406	228	-0.440289 -0.714662  0.559998
4.11554002	228	-0.447472 -0.709155  0.550661
4.12064409	226	-0.443162 -0.713704  0.554970
4.12574815	229	-0.445078 -0.708677  0.546830
4.13085222	227	-0.445556 -0.712747  0.565026
4.13597202	228	-0.440529 -0.711071  0.557125
4.14107608	229	-0.442923 -0.714901  0.557364
##inga 
#ido(sec)  szog(ADC)     ax(g)    ay(g)   az(g)
4.14671993	227	-0.449387 -0.709155  0.561435
4.15197992	227	-0.443641 -0.718253  0.554013
4.15723991	229	-0.442444 -0.711549  0.558322
4.16249179	229	-0.444599 -0.709874  0.557843
4.16759586	229	-0.442683 -0.712268  0.566223
4.17269992	228	-0.439092 -0.711071  0.551858
4.17780399	229	-0.448908 -0.718253  0.552097
4.18291616	229	-0.443402 -0.710831  0.559040
4.18802022	229	-0.443880 -0.716577  0.562871
4.19312381	228	-0.442683 -0.719690  0.550182
4.19824409	228	-0.440529 -0.714183  0.560956
4.20336008	227	-0.442923 -0.712986  0.557125
4.20847177	226	-0.439332 -0.708916  0.556407
4.21359205	229	-0.445078 -0.722563  0.556646
4.21871614	227	-0.442683 -0.715620  0.568617
4.22383594	228	-0.444120 -0.716817  0.552337
4.22895622	229	-0.442923 -0.718253  0.557125
4.23407602	229	-0.450584 -0.719929  0.559998
4.23919582	226	-0.442205 -0.722323  0.551619
4.24431610	226	-0.446514 -0.720169  0.555210
4.24942398	227	-0.449148 -0.716577  0.550661
4.25454378	229	-0.447711 -0.716338  0.560956
4.25966787	229	-0.447472 -0.716817  0.553055
4.26478815	226	-0.444359 -0.717296  0.561674
4.26990413	229	-0.446754 -0.716098  0.555928
4.27502393	229	-0.448429 -0.718493  0.547309
4.28013992	226	-0.440768 -0.720408  0.549224
4.28524780	229	-0.441965 -0.717535  0.562392
4.29034423	229	-0.443162 -0.712507  0.551379
4.29544782	226	-0.443402 -0.711789  0.559280
4.30055189	226	-0.443402 -0.713225  0.552576
4.30566406	228	-0.448190 -0.715859  0.563589
4.31077194	226	-0.448669 -0.717535  0.558322
4.31588411	230	-0.444359 -0.719211  0.552337
4.32100391	229	-0.441247 -0.718732  0.552337
4.32612419	229	-0.444838 -0.714662  0.557843
4.33124017	228	-0.441965 -0.714423  0.555210
4.33634805	228	-0.449148 -0.714423  0.552337
4.34146022	227	-0.448669 -0.709634  0.558322
4.34656381	226	-0.448429 -0.710113  0.565265
4.35165596	229	-0.445556 -0.719450  0.548027
4.35674810	227	-0.444599 -0.709395  0.561913
4.36184406	227	-0.441965 -0.711310  0.556886
4.36694812	229	-0.443641 -0.713704  0.564308
4.37204408	229	-0.446754 -0.715380  0.546830
4.37714815	229	-0.441007 -0.720647  0.564786
4.38223218	227	-0.443880 -0.716577  0.558322
4.38732385	229	-0.446035 -0.717774  0.559519
4.39241981	228	-0.445796 -0.712028  0.553055
4.39750814	228	-0.446993 -0.715141  0.552576
4.40261602	226	-0.442683 -0.714662  0.546591
4.40771198	227	-0.437895 -0.712507  0.556407
4.41281223	229	-0.440529 -0.713944  0.554731
4.41791582	229	-0.444359 -0.720647  0.558322
4.42301177	227	-0.452500 -0.714662  0.556886
4.42810821	229	-0.447472 -0.713465  0.554970
4.43321180	229	-0.449148 -0.716817  0.553055
4.43830776	229	-0.443162 -0.718253  0.554013
4.44341182	227	-0.442923 -0.717774  0.548027
4.44851207	228	-0.446754 -0.713225  0.552097
4.45362377	229	-0.447711 -0.719690  0.557604
4.45871591	226	-0.447472 -0.719211  0.557364
4.46381998	228	-0.440050 -0.717535  0.561195
4.46891593	228	-0.443402 -0.715620  0.559280
4.47402000	229	-0.453697 -0.718732  0.553773
4.47912406	228	-0.445078 -0.714423  0.560477
4.48423576	227	-0.447951 -0.715859  0.555449
4.48935222	227	-0.444120 -0.718493  0.558322
4.49445199	229	-0.441007 -0.716817  0.556886
4.49955987	228	-0.447232 -0.720169  0.561913
4.50465583	226	-0.446035 -0.712268  0.560237
4.50975990	229	-0.447951 -0.719929  0.553294
4.51487207	229	-0.442683 -0.718493  0.551858
4.51998805	228	-0.450105 -0.711789  0.548027
4.52508783	228	-0.450584 -0.714901  0.554252
4.53018379	229	-0.441247 -0.719211  0.561913
4.53529214	228	-0.446035 -0.715859  0.557364
4.54039621	228	-0.443162 -0.717296  0.554013
4.54551601	229	-0.446275 -0.712507  0.560237
4.55062818	226	-0.448669 -0.708437  0.559759
4.55573177	229	-0.449866 -0.713465  0.553534
4.56083583	228	-0.447951 -0.713465  0.555210
4.56593990	228	-0.441247 -0.713225  0.554013
4.57105588	228	-0.444599 -0.712268  0.560956
4.57616376	228	-0.443641 -0.714901  0.551140
4.58126401	229	-0.444838 -0.715620  0.549703
4.58636379	226	-0.440768 -0.712507  0.553773
4.59147214	228	-0.442205 -0.710592  0.554252
4.59657621	229	-0.440050 -0.713465  0.554013
4.60168409	228	-0.442683 -0.712747  0.562392
4.60680389	228	-0.440289 -0.721366  0.547788
4.61191987	228	-0.446754 -0.716098  0.552576
4.61703586	227	-0.446754 -0.712507  0.557843
4.62215614	227	-0.441726 -0.715620  0.558562
4.62728404	229	-0.446754 -0.716338  0.560716
4.63241195	229	-0.444838 -0.719450  0.558562
4.63753223	229	-0.440289 -0.719929  0.553055
4.64265203	229	-0.441726 -0.723760  0.550182
4.64777183	228	-0.446275 -0.711549  0.559519
4.65289211	229	-0.438374 -0.719211  0.562632
4.65801191	226	-0.443641 -0.717774  0.555689
##inga 
#ido(sec)  szog(ADC)     ax(g)    ay(g)   az(g)
4.66366386	229	-0.448908 -0.715380  0.555928
4.66890382	226	-0.441007 -0.718971  0.558322
4.67413616	228	-0.444120 -0.723520  0.556646
4.67937994	230	-0.449866 -0.718253  0.554731
4.68448400	228	-0.443402 -0.713465  0.557364
4.68957996	228	-0.446754 -0.718732  0.561195
4.69469213	229	-0.446275 -0.715380  0.554013
4.69978809	229	-0.443402 -0.716098  0.549703
4.70487213	229	-0.448190 -0.714662  0.561435
4.70998001	228	-0.445078 -0.715859  0.556886
4.71507978	229	-0.446754 -0.724239  0.559280
4.72018384	229	-0.442923 -0.719211  0.560956
4.72529220	229	-0.447232 -0.710592  0.562632
4.73039579	229	-0.445556 -0.715141  0.557604
4.73549985	227	-0.447472 -0.715380  0.556167
4.74060392	227	-0.441726 -0.714901  0.559040
4.74570417	226	-0.444359 -0.718014  0.542042
4.75079584	228	-0.446754 -0.711071  0.558562
4.75589990	228	-0.442923 -0.719929  0.561195
4.76099205	228	-0.442444 -0.713465  0.554731
4.76609182	228	-0.447472 -0.711310  0.551140
4.77119588	227	-0.443162 -0.716098  0.554252
4.77630376	228	-0.444599 -0.712747  0.556886
4.78140783	228	-0.448190 -0.713944  0.554252
4.78650808	227	-0.444599 -0.707719  0.554731
4.79161214	226	-0.438613 -0.718253  0.559519
4.79671621	229	-0.445078 -0.715141  0.548745
4.80181217	227	-0.444599 -0.714183  0.548745
4.80691623	229	-0.443162 -0.712507  0.548027
4.81202411	228	-0.440768 -0.714662  0.553773
4.81712388	226	-0.445556 -0.715380  0.558801
4.82221984	226	-0.445078 -0.714901  0.559040
4.82731199	229	-0.445317 -0.717535  0.563111
4.83241987	228	-0.448190 -0.713225  0.557364
4.83752822	229	-0.444120 -0.714662  0.557125
4.84262800	228	-0.438135 -0.709634  0.555449
4.84773588	226	-0.441965 -0.721605  0.550900
4.85283994	228	-0.446514 -0.713704  0.560716
4.85795593	229	-0.446514 -0.717774  0.558083
4.86305618	226	-0.447472 -0.711071  0.555928
4.86817216	228	-0.443162 -0.719450  0.552816
4.87327194	228	-0.450105 -0.712747  0.557364
4.87837219	228	-0.446035 -0.712986  0.555210
4.88346004	226	-0.444838 -0.712028  0.554731
4.88856410	226	-0.450584 -0.718732  0.550661
4.89366817	229	-0.446754 -0.715380  0.558801
4.89877986	229	-0.443162 -0.716098  0.556167
4.90388393	226	-0.447951 -0.716577  0.554013
4.90899991	229	-0.446275 -0.716098  0.550421
4.91410779	227	-0.445556 -0.719450  0.562871
4.91920423	229	-0.444120 -0.719929  0.556407
4.92430782	228	-0.442205 -0.717535  0.560956
4.92941999	229	-0.440768 -0.714423  0.559280
4.93452405	229	-0.447951 -0.716817  0.556407
4.93964815	227	-0.447951 -0.711549  0.555210
4.94475603	227	-0.445317 -0.709634  0.552337
4.94986820	227	-0.448190 -0.715859  0.556886
4.95497989	229	-0.452978 -0.714901  0.563829
4.96010398	229	-0.444120 -0.716098  0.556407
4.96521186	229	-0.443402 -0.716817  0.558322
4.97033214	228	-0.447472 -0.716817  0.554491
4.97544002	229	-0.442923 -0.715380  0.557125
4.98055601	229	-0.441965 -0.710831  0.558801
4.98567199	226	-0.444120 -0.719690  0.556407
4.99078798	228	-0.439092 -0.716817  0.556167
4.99589204	229	-0.451542 -0.712986  0.555210
5.00099611	226	-0.445317 -0.715620  0.565744
5.00610780	229	-0.443402 -0.714901  0.564308
5.01121616	229	-0.443402 -0.713944  0.554491
5.01633214	227	-0.443162 -0.715380  0.552576
5.02143621	226	-0.447232 -0.716338  0.553534
5.02655220	229	-0.443162 -0.708916  0.558562
5.03166007	226	-0.441726 -0.715380  0.554970
5.03676414	229	-0.448669 -0.713225  0.546112
5.04187583	227	-0.455612 -0.718253  0.558083
5.04698419	229	-0.444599 -0.718732  0.560716
5.05208396	228	-0.447232 -0.709155  0.559759
5.05718803	228	-0.441247 -0.719690  0.551140
5.06228399	229	-0.447951 -0.716817  0.551379
5.06738805	229	-0.438135 -0.716577  0.559040
5.07250404	228	-0.450105 -0.714901  0.559759
5.07759618	229	-0.444120 -0.714662  0.559280
5.08268785	226	-0.451781 -0.715141  0.559040
5.08779191	229	-0.441965 -0.715141  0.553055
5.09289598	229	-0.448908 -0.716338  0.555928
5.09798812	227	-0.446754 -0.719929  0.555689
5.10308408	229	-0.445556 -0.717296  0.553294
5.10818815	227	-0.442444 -0.719450  0.558083
5.11328411	227	-0.443880 -0.715620  0.556886
5.11838388	228	-0.444599 -0.717774  0.554491
5.12347602	229	-0.445078 -0.714662  0.555928
5.12858009	229	-0.444120 -0.718493  0.554491
5.13367223	228	-0.442205 -0.714183  0.558322
5.13878011	229	-0.443162 -0.715380  0.556407
5.14387607	228	-0.443162 -0.715380  0.559519
5.14898014	226	-0.445317 -0.707479  0.550421
5.15407609	228	-0.443641 -0.712747  0.551619
5.15918779	226	-0.445556 -0.710113  0.557125
5.16428422	228	-0.444599 -0.712507  0.552576
5.16938018	226	-0.447472 -0.711310  0.548985
5.17448377	227	-0.445796 -0.719929  0.557843
##inga 
#ido(sec)  szog(ADC)     ax(g)    ay(g)   az(g)
5.18012380	227	-0.446993 -0.713225  0.572208
5.18537187	229	-0.444599 -0.716817  0.556407
5.19063186	230	-0.438374 -0.712268  0.551619
5.19588422	227	-0.445078 -0.712268  0.559998
5.20099592	228	-0.447472 -0.712986  0.559759
5.20611190	229	-0.445556 -0.712747  0.562392
5.21121215	228	-0.444359 -0.714423  0.558322
5.21631622	228	-0.442444 -0.711310  0.561435
5.22142410	228	-0.445078 -0.712986  0.559759
5.22654008	226	-0.443402 -0.708916  0.555449
5.23165178	229	-0.440289 -0.716577  0.559519
5.23676013	228	-0.446035 -0.715859  0.553773
5.24185991	229	-0.450345 -0.717296  0.551858
5.24696397	227	-0.440768 -0.712507  0.560956
5.25206804	226	-0.446993 -0.720169  0.550661
5.25717210	228	-0.443402 -0.720408  0.560716
5.26226806	229	-0.442205 -0.713944  0.551379
5.26737213	229	-0.442923 -0.711071  0.558801
5.27247619	228	-0.443402 -0.713465  0.559759
5.27757978	229	-0.449866 -0.711789  0.555928
5.28269195	227	-0.446993 -0.712747  0.557125
5.28780794	226	-0.446514 -0.717535  0.561195
5.29292392	229	-0.449387 -0.718014  0.559998
5.29803609	229	-0.442683 -0.719690  0.564547
5.30314779	229	-0.442205 -0.715859  0.559519
5.30826377	229	-0.446035 -0.717535  0.563350
5.31337213	227	-0.442923 -0.711071  0.560716
5.31849193	229	-0.440289 -0.720169  0.553534
5.32359981	228	-0.445556 -0.716577  0.561195
5.32871580	229	-0.446993 -0.719211  0.558083
5.33383178	227	-0.450105 -0.714662  0.559998
5.33894777	229	-0.442444 -0.719690  0.554252
5.34405183	228	-0.442923 -0.717535  0.551140
5.34915590	228	-0.442683 -0.712268  0.552097
5.35425996	228	-0.438613 -0.710592  0.554491
5.35937213	229	-0.444838 -0.715141  0.555928
5.36450386	229	-0.446275 -0.718732  0.554252
5.36961221	229	-0.446514 -0.714662  0.564068
5.37472820	226	-0.446993 -0.710113  0.553055
5.37983989	229	-0.447232 -0.713225  0.565026
5.38495588	229	-0.443880 -0.716338  0.554491
5.39006805	229	-0.448429 -0.721126  0.559759
5.39519214	229	-0.449627 -0.717056  0.557843
5.40030813	227	-0.441247 -0.714901  0.552576
5.40541219	226	-0.443162 -0.714183  0.544915
5.41053199	229	-0.447232 -0.718971  0.560716
5.41564798	228	-0.443880 -0.713225  0.562392
5.42075586	228	-0.441726 -0.714662  0.554252
5.42587614	229	-0.447711 -0.719690  0.558322
5.43097209	226	-0.445556 -0.716577  0.554252
5.43608379	229	-0.446993 -0.713465  0.545633
5.44118785	229	-0.444359 -0.711549  0.559280
5.44629192	229	-0.444359 -0.711071  0.550661
5.45138406	227	-0.441726 -0.707479  0.549224
5.45648384	229	-0.440768 -0.713225  0.558322
5.46158790	227	-0.446754 -0.712986  0.552337
5.46669197	226	-0.443162 -0.715859  0.564786
5.47178792	228	-0.443641 -0.714901  0.558801
5.47687578	226	-0.443641 -0.710831  0.555210
5.48197984	229	-0.439571 -0.716817  0.556407
5.48708391	229	-0.446035 -0.718253  0.558562
5.49218797	228	-0.443880 -0.712986  0.562153
5.49729204	229	-0.439810 -0.715380  0.552337
5.50239181	226	-0.443162 -0.715859  0.556407
5.50748777	229	-0.449866 -0.716577  0.562632
5.51259994	228	-0.443880 -0.717535  0.559519
5.51769590	229	-0.445796 -0.714901  0.564308
5.52279615	226	-0.443641 -0.715859  0.556646
5.52790021	228	-0.443641 -0.717056  0.559280
5.53299617	229	-0.449627 -0.711310  0.559519
5.53809213	229	-0.447472 -0.718253  0.556646
5.54319620	226	-0.448190 -0.712268  0.559759
5.54828786	226	-0.447472 -0.721366  0.562632
5.55340003	227	-0.447951 -0.712268  0.557843
5.55850791	229	-0.444838 -0.721366  0.554970
5.56360387	229	-0.442444 -0.712268  0.557604
5.56871604	229	-0.445556 -0.713225  0.560956
5.57383203	228	-0.447232 -0.711549  0.554013
5.57894802	226	-0.445317 -0.717535  0.545394
5.58406782	229	-0.441726 -0.719450  0.558801
5.58917188	229	-0.445317 -0.711549  0.554013
5.59429216	229	-0.446514 -0.717535  0.550661
5.59940385	229	-0.446754 -0.710592  0.553773
5.60450410	228	-0.445556 -0.712747  0.560237
5.60962009	229	-0.447232 -0.712028  0.564786
5.61472797	229	-0.447232 -0.712028  0.557843
5.61983203	226	-0.444838 -0.707479  0.557604
5.62493181	226	-0.439810 -0.707240  0.556646
5.63002014	228	-0.443880 -0.711071  0.555449
5.63512420	226	-0.449387 -0.716817  0.565505
5.64024019	228	-0.446035 -0.720408  0.559280
5.64533185	227	-0.449627 -0.715859  0.558322
5.65043592	229	-0.441007 -0.718253  0.560716
5.65553998	229	-0.448190 -0.714662  0.556886
5.66065216	229	-0.445556 -0.714183  0.561195
5.66576814	229	-0.443162 -0.715859  0.554491
5.67087602	226	-0.450105 -0.715141  0.560956
5.67598819	226	-0.445317 -0.718732  0.558322
5.68109607	229	-0.444838 -0.714901  0.559998
5.68620395	228	-0.444599 -0.710592  0.560956
5.69130802	228	-0.446754 -0.711310  0.553534
##inga 
#ido(sec)  szog(ADC)     ax(g)    ay(g)   az(g)
5.69694423	226	-0.449148 -0.718253  0.564308
5.70219182	229	-0.442205 -0.718732  0.560956
5.70745611	228	-0.449866 -0.718971  0.543718
5.71270799	229	-0.442923 -0.718014  0.559040
5.71782398	229	-0.446275 -0.721605  0.556886
5.72294807	229	-0.444120 -0.713465  0.552816
5.72807216	227	-0.449627 -0.715859  0.553773
5.73318386	229	-0.446035 -0.715380  0.557843
5.73830413	228	-0.444599 -0.715141  0.555689
5.74342393	228	-0.444120 -0.716577  0.564308
5.74854803	229	-0.446035 -0.713465  0.563589
5.75367212	229	-0.443880 -0.717774  0.554731
5.75878381	229	-0.442444 -0.715620  0.560237
5.76389980	229	-0.448190 -0.710352  0.563350
5.76900005	229	-0.449148 -0.716338  0.559280
5.77411603	226	-0.439332 -0.709874  0.559280
5.77922391	226	-0.443402 -0.714662  0.563350
5.78432798	229	-0.444599 -0.712986  0.555210
5.78942823	229	-0.443402 -0.710113  0.547070
5.79453182	228	-0.440768 -0.717774  0.560237
5.79962778	229	-0.442444 -0.711071  0.558083
5.80473995	229	-0.441007 -0.712747  0.553534
5.80983591	226	-0.443402 -0.716098  0.559759
5.81492376	228	-0.444838 -0.711549  0.551619
5.82002782	229	-0.446754 -0.712268  0.554252
5.82513189	229	-0.441007 -0.712268  0.566223
5.83022403	226	-0.451542 -0.715859  0.571251
5.83533620	228	-0.445078 -0.713225  0.551379
5.84043979	229	-0.445078 -0.717296  0.557125
5.84554386	229	-0.445556 -0.717056  0.550900
5.85063600	229	-0.443880 -0.723281  0.556407
5.85573196	227	-0.445078 -0.712028  0.559998
5.86081981	229	-0.450584 -0.712507  0.556407
5.86591196	228	-0.446275 -0.721366  0.562153
5.87101984	229	-0.445556 -0.716577  0.553773
5.87612390	226	-0.445556 -0.711789  0.560956
5.88123607	229	-0.441486 -0.721844  0.575321
5.88634014	226	-0.443402 -0.712507  0.562392
5.89144420	229	-0.445796 -0.720647  0.553294
5.89654016	228	-0.442683 -0.712747  0.556886
5.90164422	228	-0.447232 -0.718732  0.559280
5.90674781	229	-0.448190 -0.713465  0.557843
5.91184806	229	-0.446993 -0.719450  0.559998
5.91694021	229	-0.446514 -0.713704  0.559998
5.92203998	226	-0.442205 -0.714662  0.557843
5.92714023	229	-0.437416 -0.708916  0.555449
5.93223619	228	-0.440529 -0.713944  0.553773
5.93733215	228	-0.442205 -0.718014  0.555449
5.94243621	228	-0.439571 -0.714423  0.547788
5.94754791	229	-0.442683 -0.716577  0.564786
5.95266389	228	-0.442205 -0.717535  0.558562
5.95778417	228	-0.443880 -0.723281  0.554252
5.96288776	229	-0.441486 -0.712986  0.558801
5.96800422	226	-0.445796 -0.714423  0.551140
5.97311210	228	-0.445796 -0.718014  0.555689
5.97821617	228	-0.446993 -0.713944  0.560477
5.98332023	229	-0.446514 -0.717296  0.561435
5.98843622	228	-0.443162 -0.711549  0.553534
5.99354791	229	-0.441726 -0.714423  0.549464
5.99867200	228	-0.441007 -0.713704  0.550421
6.00376415	228	-0.445078 -0.711789  0.550421
6.00887203	229	-0.443880 -0.714901  0.559519
6.01397609	229	-0.440529 -0.712747  0.562392
6.01907587	228	-0.444359 -0.714901  0.557364
6.02417182	229	-0.441486 -0.710592  0.561913
6.02927207	229	-0.440529 -0.721126  0.574124
6.03437185	228	-0.446754 -0.712986  0.557364
6.03949213	228	-0.450105 -0.712028  0.548506
6.04458379	229	-0.444359 -0.714423  0.566223
6.04968786	228	-0.452021 -0.710352  0.555689
6.05479621	228	-0.443641 -0.713465  0.549224
6.05992412	228	-0.437895 -0.717056  0.549464
6.06502819	228	-0.450105 -0.715380  0.550182
6.07013177	229	-0.442205 -0.719929  0.549943
6.07525587	228	-0.451063 -0.714662  0.565505
6.08036422	229	-0.441486 -0.717056  0.553534
6.08546781	229	-0.441007 -0.717056  0.554491
6.09058809	226	-0.443641 -0.715380  0.549224
6.09570789	229	-0.443162 -0.717535  0.553534
6.10082817	226	-0.444838 -0.713704  0.551619
6.10594797	229	-0.445078 -0.716817  0.555449
6.11106777	227	-0.447711 -0.716817  0.557604
6.11618804	229	-0.443880 -0.711310  0.559998
6.12129592	226	-0.445556 -0.723281  0.555449
6.12642383	229	-0.447951 -0.720647  0.555210
6.13152790	229	-0.443162 -0.712507  0.561435
6.13664817	226	-0.446035 -0.712268  0.562392
6.14176416	228	-0.442444 -0.716817  0.555689
6.14689207	226	-0.445078 -0.714423  0.562153
6.15199995	226	-0.441726 -0.713465  0.563589
6.15712785	230	-0.444120 -0.718971  0.552576
6.16224384	228	-0.437416 -0.717535  0.558322
6.16736412	226	-0.446993 -0.714901  0.562153
6.17248010	228	-0.446514 -0.712028  0.556646
6.17759990	229	-0.444120 -0.718732  0.555449
6.18270778	226	-0.449148 -0.713225  0.555210
6.18782806	229	-0.444120 -0.714183  0.557604
6.19294786	226	-0.442444 -0.712986  0.551140
6.19805192	228	-0.444599 -0.714423  0.555449
6.20317983	228	-0.440529 -0.709395  0.560956
6.20828008	226	-0.442444 -0.719450  0.558801
##inga 
#ido(sec)  szog(ADC)     ax(g)    ay(g)   az(g)
6.21393203	228	-0.446035 -0.714183  0.552097
6.21918010	229	-0.438853 -0.715380  0.559759
6.22442817	229	-0.441965 -0.712507  0.547309
6.22966003	227	-0.444359 -0.714901  0.548745
6.23475599	226	-0.444359 -0.712507  0.558322
6.23986005	229	-0.445556 -0.711310  0.551619
6.24497222	228	-0.446035 -0.717296  0.554491
6.25006818	226	-0.446275 -0.714183  0.552097
6.25517177	226	-0.446035 -0.714183  0.558801
6.26026821	229	-0.439810 -0.722802  0.559998
6.26535606	229	-0.444359 -0.711071  0.548985
6.27046012	228	-0.443402 -0.712028  0.550182
6.27554798	229	-0.446514 -0.714662  0.559040
6.28066015	229	-0.444599 -0.714423  0.554252
6.28575992	228	-0.449148 -0.712747  0.557604
6.29087209	228	-0.446275 -0.717774  0.563350
6.29596805	229	-0.448429 -0.718732  0.556886
6.30106782	229	-0.437416 -0.715380  0.554013
6.30616378	229	-0.447472 -0.716577  0.555449
6.31126785	226	-0.438853 -0.719211  0.559040
6.31637620	229	-0.445556 -0.717535  0.557604
6.32146787	229	-0.445556 -0.709634  0.553534
6.32656383	229	-0.446514 -0.717296  0.561435
6.33166790	229	-0.443641 -0.716577  0.563589
6.33676815	229	-0.446993 -0.720169  0.562632
6.34187221	229	-0.445317 -0.715141  0.560716
6.34697580	227	-0.445556 -0.713704  0.561913
6.35207986	229	-0.447951 -0.714183  0.561674
6.35718822	228	-0.446035 -0.714183  0.549943
6.36229181	226	-0.448190 -0.718253  0.566223
6.36738777	229	-0.443880 -0.716817  0.555210
6.37247991	228	-0.452021 -0.719450  0.552097
6.37758016	227	-0.448190 -0.712507  0.555689
6.38267612	229	-0.445556 -0.717056  0.558322
6.38777208	226	-0.446035 -0.710352  0.562632
6.39287614	228	-0.445317 -0.718014  0.559759
6.39798784	226	-0.445556 -0.708198  0.551619
6.40309619	229	-0.442205 -0.721844  0.554970
6.40820789	229	-0.439810 -0.713465  0.555928
6.41331577	228	-0.446514 -0.717296  0.559759
6.41842794	228	-0.443162 -0.712986  0.557604
6.42354822	228	-0.444838 -0.714901  0.559040
6.42864418	228	-0.445078 -0.713704  0.544915
6.43374395	226	-0.445556 -0.713944  0.555928
6.43885183	229	-0.443880 -0.713465  0.554970
6.44394779	229	-0.441726 -0.714662  0.559519
6.44906806	229	-0.447472 -0.712268  0.558562
6.45418787	227	-0.444838 -0.714423  0.558562
6.45930004	226	-0.444838 -0.716338  0.553534
6.46440410	229	-0.446275 -0.718014  0.564547
6.46950817	228	-0.437656 -0.717296  0.561674
6.47462415	228	-0.446275 -0.712986  0.550661
6.47974014	229	-0.443641 -0.716577  0.552337
6.48485994	229	-0.446993 -0.716817  0.565265
6.48996400	229	-0.446514 -0.712268  0.558801
6.49507999	226	-0.444599 -0.715380  0.558322
6.50018787	226	-0.451542 -0.714662  0.555928
6.50530815	227	-0.444599 -0.712986  0.559998
6.51042795	226	-0.446993 -0.713704  0.554970
6.51553583	226	-0.444838 -0.714662  0.547788
6.52065610	229	-0.446035 -0.711549  0.560237
6.52578020	229	-0.445078 -0.722084  0.558322
6.53088808	228	-0.447472 -0.718493  0.562153
6.53600406	226	-0.442444 -0.720887  0.556407
6.54112005	229	-0.447472 -0.715620  0.558322
6.54623985	229	-0.444838 -0.713704  0.558562
6.55136013	229	-0.444120 -0.721605  0.559519
6.55648422	229	-0.443402 -0.711071  0.548745
6.56160402	228	-0.446514 -0.719211  0.550421
6.56673192	226	-0.444359 -0.718732  0.548027
6.57185220	229	-0.443402 -0.719450  0.555210
6.57694005	229	-0.450105 -0.715859  0.556646
6.58204412	227	-0.444599 -0.717535  0.554491
6.58715581	228	-0.438613 -0.712028  0.545872
6.59227609	228	-0.445796 -0.724239  0.557125
6.59738779	226	-0.442205 -0.713225  0.563829
6.60250806	228	-0.447232 -0.721126  0.559998
6.60763597	229	-0.440768 -0.710831  0.554491
6.61274003	227	-0.441486 -0.722084  0.562153
6.61785221	228	-0.446275 -0.715620  0.550182
6.62297582	226	-0.444120 -0.713704  0.564308
6.62808418	226	-0.448669 -0.715859  0.549943
6.63320398	229	-0.443880 -0.713704  0.562871
6.63829183	228	-0.436698 -0.719450  0.559280
6.64338016	227	-0.447472 -0.716817  0.557843
6.64848423	228	-0.448429 -0.715141  0.561913
6.65358781	229	-0.445078 -0.712986  0.565505
6.65868377	228	-0.444120 -0.719690  0.553773
6.66378402	229	-0.448429 -0.708677  0.555928
6.66888809	228	-0.448429 -0.722323  0.556646
6.67398786	229	-0.445796 -0.714183  0.556167
6.67910003	229	-0.449387 -0.712986  0.554252
6.68420410	229	-0.450105 -0.714901  0.549224
6.68929195	229	-0.449866 -0.717535  0.562871
6.69439601	229	-0.443162 -0.715620  0.556886
6.69950008	227	-0.449148 -0.712507  0.552337
6.70460414	226	-0.444838 -0.717774  0.552576
6.70970392	229	-0.448429 -0.717056  0.552576
6.71479606	227	-0.439571 -0.718014  0.547788
6.71990013	229	-0.447472 -0.712986  0.561435
6.72500419	229	-0.445317 -0.718253  0.562153
##inga 
#ido(sec)  szog(ADC)     ax(g)    ay(g)   az(g)
6.73063611	228	-0.447472 -0.718493  0.555928
6.73589611	226	-0.449387 -0.719450  0.552337
6.74115610	229	-0.447711 -0.718971  0.547788
6.74640417	228	-0.445796 -0.714901  0.563589
6.75149583	229	-0.445078 -0.715620  0.555689
6.75658798	228	-0.444120 -0.715620  0.554013
6.76168394	226	-0.445796 -0.719690  0.555689
6.76678800	229	-0.449866 -0.719211  0.557843
6.77189207	227	-0.447711 -0.718253  0.550421
6.77701187	227	-0.441726 -0.714901  0.552816
6.78212785	229	-0.445078 -0.717296  0.554731
6.78722381	229	-0.446993 -0.715859  0.547788
6.79232788	227	-0.444599 -0.716098  0.566462
6.79742002	229	-0.450824 -0.714183  0.542281
6.80250406	227	-0.443880 -0.718253  0.554970
6.80760383	229	-0.445556 -0.714423  0.555928
6.81272411	228	-0.447711 -0.715620  0.559519
6.81783580	229	-0.440768 -0.715380  0.548027
6.82293605	229	-0.440768 -0.716817  0.554491
6.82804822	228	-0.435022 -0.709874  0.557364
6.83315181	229	-0.447232 -0.714423  0.555210
6.83825588	226	-0.444359 -0.718253  0.556407
6.84337186	229	-0.443641 -0.711789  0.551858
6.84848403	228	-0.443162 -0.715141  0.550900
6.85359621	229	-0.443641 -0.715620  0.564547
6.85871219	228	-0.446993 -0.708677  0.558083
6.86381578	226	-0.437656 -0.709874  0.565505
6.86892414	228	-0.446275 -0.716338  0.560477
6.87402820	229	-0.442444 -0.714183  0.557364
6.87913179	226	-0.445078 -0.718014  0.558562
6.88423585	229	-0.451302 -0.715141  0.556886
6.88934803	227	-0.445556 -0.715859  0.559280
6.89446783	229	-0.440289 -0.710113  0.565265
6.89957189	228	-0.438374 -0.716577  0.556646
6.90468406	229	-0.448190 -0.723520  0.555928
6.90978813	229	-0.445078 -0.712028  0.558801
6.91490411	229	-0.449148 -0.713704  0.553534
6.92000818	226	-0.442923 -0.709874  0.559759
6.92513179	229	-0.439810 -0.714662  0.558562
6.93025588	227	-0.444120 -0.715380  0.548267
6.93537998	229	-0.438374 -0.724478  0.559519
6.94050407	228	-0.446993 -0.718253  0.561435
6.94562816	229	-0.442683 -0.714423  0.559998
6.95074796	228	-0.441486 -0.717774  0.556646
6.95586776	228	-0.443880 -0.720169  0.556167
6.96097183	229	-0.446993 -0.715859  0.561435
6.96609210	229	-0.445556 -0.716817  0.555449
6.97122001	228	-0.446514 -0.714183  0.559040
6.97633981	229	-0.445796 -0.718971  0.559280
6.98145580	228	-0.440289 -0.713465  0.560477
6.98655986	229	-0.443641 -0.716817  0.560716
6.99169206	228	-0.447472 -0.705085  0.560237
6.99679994	228	-0.444838 -0.713225  0.557364
7.00192403	227	-0.438374 -0.712986  0.553055
7.00702810	229	-0.446514 -0.716338  0.550182
7.01214790	229	-0.446514 -0.713704  0.558562
7.01725196	229	-0.447472 -0.719450  0.558562
7.02236413	228	-0.451781 -0.713225  0.550182
7.02748394	227	-0.444838 -0.712268  0.569575
7.03259611	229	-0.441007 -0.712268  0.559280
7.03770017	227	-0.443402 -0.713465  0.561913
7.04280376	228	-0.444599 -0.713465  0.553055
7.04792404	229	-0.442923 -0.709155  0.555928
7.05304002	229	-0.447951 -0.712268  0.559040
7.05814790	228	-0.448669 -0.720408  0.548985
7.06322813	229	-0.445078 -0.716098  0.559519
7.06832408	228	-0.443402 -0.718493  0.547070
7.07342004	228	-0.445317 -0.717296  0.558322
7.07852411	229	-0.444599 -0.715859  0.560237
7.08362388	229	-0.443641 -0.714183  0.551140
7.08872795	228	-0.446514 -0.709395  0.559759
7.09382009	229	-0.443641 -0.717535  0.561435
7.09893608	228	-0.445556 -0.717296  0.563111
7.10404396	226	-0.446035 -0.721126  0.557364
7.10914421	229	-0.443641 -0.714901  0.562392
7.11425209	229	-0.437895 -0.718253  0.559040
7.11936378	229	-0.446514 -0.716098  0.554013
7.12446022	229	-0.446993 -0.716817  0.562153
7.12957191	228	-0.442444 -0.716577  0.557364
7.13467597	227	-0.441247 -0.718493  0.549224
7.13978004	226	-0.445078 -0.717296  0.561435
7.14488792	229	-0.440768 -0.711310  0.560477
7.14998006	228	-0.439810 -0.718253  0.552097
7.15508794	228	-0.445796 -0.718014  0.560477
7.16018819	229	-0.441007 -0.720408  0.563829
7.16527223	227	-0.447711 -0.721126  0.555210
7.17038011	228	-0.447711 -0.722323  0.551379
7.17549610	229	-0.446754 -0.719450  0.561195
7.18058776	228	-0.448908 -0.712747  0.551140
7.18567991	229	-0.445556 -0.720647  0.556167
7.19077587	229	-0.449866 -0.713704  0.559040
7.19587612	226	-0.445317 -0.718493  0.564547
7.20097208	227	-0.441247 -0.718253  0.553055
7.20609188	228	-0.445796 -0.709874  0.559519
7.21119594	226	-0.443880 -0.716577  0.552097
7.21629190	229	-0.438853 -0.713944  0.555928
7.22139596	226	-0.446514 -0.712268  0.557364
7.22650384	226	-0.447472 -0.712507  0.557843
7.23161983	229	-0.441486 -0.712747  0.558083
7.23673200	228	-0.441007 -0.716338  0.561195
7.24182796	227	-0.442923 -0.716577  0.557843
##inga 
#ido(sec)  szog(ADC)     ax(g)    ay(g)   az(g)
7.24746799	229	-0.441726 -0.715380  0.554252
7.25272798	229	-0.440529 -0.712268  0.561195
7.25797986	229	-0.450105 -0.715620  0.564068
7.26319980	229	-0.442444 -0.714662  0.561674
7.26830387	229	-0.442205 -0.714183  0.552576
7.27340793	228	-0.449866 -0.710352  0.562632
7.27851200	229	-0.446754 -0.712268  0.555210
7.28361606	226	-0.446275 -0.716817  0.557604
7.28873205	227	-0.445796 -0.711789  0.550421
7.29384422	229	-0.437177 -0.714183  0.553055
7.29895591	229	-0.447711 -0.711071  0.559280
7.30407190	229	-0.445317 -0.718253  0.554970
7.30917978	228	-0.447232 -0.723042  0.557604
7.31429576	229	-0.441486 -0.718014  0.555689
7.31941223	228	-0.443641 -0.718732  0.554970
7.32453203	229	-0.449148 -0.711789  0.559280
7.32964420	226	-0.446275 -0.719690  0.562392
7.33474779	228	-0.447472 -0.712028  0.554491
7.33986806	228	-0.445317 -0.720408  0.554731
7.34497594	228	-0.442923 -0.714183  0.557604
7.35009622	227	-0.439571 -0.718971  0.559519
7.35522413	229	-0.442205 -0.710592  0.562153
7.36034011	229	-0.446993 -0.721126  0.564547
7.36546802	228	-0.447472 -0.711549  0.552097
7.37058782	227	-0.445556 -0.716817  0.553534
7.37570810	229	-0.443880 -0.718493  0.551858
7.38082790	229	-0.442444 -0.719929  0.548745
7.38594818	228	-0.443162 -0.719211  0.551140
7.39106798	228	-0.436698 -0.718971  0.555689
7.39618778	228	-0.444599 -0.716098  0.559998
7.40129613	226	-0.443641 -0.712747  0.559519
7.40642404	228	-0.448429 -0.713225  0.559280
7.41154384	228	-0.443402 -0.716577  0.551379
7.41665983	229	-0.445317 -0.714901  0.557843
7.42177581	227	-0.449866 -0.715859  0.559519
7.42689609	226	-0.447232 -0.717774  0.554252
7.43201589	228	-0.446035 -0.711071  0.561913
7.43712806	228	-0.445556 -0.713465  0.558801
7.44224786	229	-0.448429 -0.710352  0.559998
7.44736385	229	-0.445317 -0.712028  0.555689
7.45247983	227	-0.446035 -0.716098  0.557125
7.45758008	228	-0.439810 -0.706282  0.559519
7.46268415	226	-0.438374 -0.715141  0.562632
7.46780395	229	-0.447951 -0.720408  0.557364
7.47290802	229	-0.444359 -0.709634  0.558562
7.47802019	226	-0.441486 -0.718971  0.564308
7.48313999	229	-0.442205 -0.714662  0.557843
7.48825979	226	-0.443641 -0.720647  0.559519
7.49337196	227	-0.446754 -0.712028  0.560477
7.49848794	228	-0.445796 -0.721126  0.551858
7.50360822	228	-0.437177 -0.714901  0.552816
7.50872421	227	-0.444359 -0.713944  0.552097
7.51382780	226	-0.443162 -0.715859  0.550900
7.51891994	228	-0.443162 -0.716817  0.552816
7.52403593	229	-0.447951 -0.718732  0.559998
7.52913999	226	-0.448669 -0.720169  0.556646
7.53424406	227	-0.444359 -0.714901  0.553534
7.53934812	229	-0.441965 -0.719450  0.566702
7.54443979	229	-0.440768 -0.715859  0.560956
7.54954004	228	-0.450584 -0.719929  0.552337
7.55464410	228	-0.448429 -0.714423  0.551619
7.55975580	226	-0.449866 -0.720408  0.557364
7.56484413	229	-0.443641 -0.713944  0.557604
7.56994390	229	-0.443162 -0.716098  0.553055
7.57503604	229	-0.438374 -0.719929  0.552576
7.58012819	229	-0.443162 -0.714183  0.550421
7.58523178	229	-0.446275 -0.717774  0.556167
7.59033203	227	-0.444120 -0.718014  0.554013
7.59542798	229	-0.443641 -0.721366  0.554491
7.60054016	228	-0.447472 -0.711549  0.548745
7.60564422	228	-0.447951 -0.714662  0.555928
7.61074781	229	-0.442444 -0.719450  0.555449
7.61584377	228	-0.448669 -0.715141  0.554970
7.62094020	229	-0.445317 -0.721126  0.554970
7.62604379	229	-0.445796 -0.723042  0.555449
7.63114023	229	-0.445556 -0.717296  0.555928
7.63623189	228	-0.446993 -0.721126  0.558322
7.64133596	228	-0.441486 -0.711071  0.558083
7.64643621	228	-0.448908 -0.713944  0.563829
7.65153980	228	-0.442444 -0.712747  0.558562
7.65665197	229	-0.446514 -0.716577  0.558562
7.66175985	226	-0.442205 -0.715141  0.556407
7.66686391	227	-0.447232 -0.716098  0.558801
7.67195987	228	-0.440289 -0.713704  0.562392
7.67706012	226	-0.436219 -0.712986  0.556886
7.68216800	229	-0.440289 -0.712986  0.564308
7.68726778	229	-0.441726 -0.710831  0.558562
7.69237184	229	-0.443880 -0.722563  0.559519
7.69747591	226	-0.444838 -0.718493  0.565265
7.70257186	229	-0.442205 -0.711789  0.554252
7.70768404	229	-0.446275 -0.714662  0.559998
7.71280002	229	-0.445317 -0.714662  0.552337
7.71791982	229	-0.445556 -0.712986  0.558801
7.72302007	226	-0.447951 -0.714901  0.560237
7.72813177	229	-0.449387 -0.716577  0.558801
7.73323583	229	-0.442923 -0.713704  0.555449
7.73834419	229	-0.443162 -0.717535  0.554252
7.74344778	229	-0.445556 -0.718971  0.553294
7.74854803	226	-0.444120 -0.714183  0.557364
7.75366020	229	-0.448908 -0.714423  0.554970
7.75875616	229	-0.445078 -0.722802  0.555689
##inga 
#ido(sec)  szog(ADC)     ax(g)    ay(g)   az(g)
7.76439189	227	-0.450824 -0.717535  0.559280
7.76964378	227	-0.446514 -0.717056  0.561195
7.77490377	229	-0.441486 -0.716338  0.553294
7.78014802	229	-0.445317 -0.720647  0.563589
7.78525590	229	-0.445317 -0.716338  0.554013
7.79037189	229	-0.440529 -0.716577  0.557364
7.79549217	226	-0.446754 -0.714662  0.561913
7.80060386	229	-0.446035 -0.716338  0.553773
7.80571222	226	-0.449627 -0.719690  0.548745
7.81082391	229	-0.441247 -0.711789  0.554970
7.81593179	226	-0.445317 -0.719450  0.560237
7.82104396	226	-0.448190 -0.716098  0.557843
7.82615613	227	-0.442923 -0.720887  0.567181
7.83126020	226	-0.442205 -0.718732  0.555210
7.83635616	229	-0.440768 -0.710352  0.550421
7.84144783	229	-0.446993 -0.717535  0.563829
7.84655189	229	-0.447232 -0.715380  0.554252
7.85165977	227	-0.447472 -0.718014  0.557843
7.85676383	229	-0.439092 -0.713465  0.560477
7.86186408	226	-0.445078 -0.711071  0.555210
7.86695623	228	-0.447232 -0.714662  0.551140
7.87207221	229	-0.435980 -0.714423  0.559280
7.87717580	227	-0.440050 -0.710352  0.559998
7.88225221	227	-0.446275 -0.714183  0.554970
7.88734817	228	-0.441965 -0.716817  0.559040
7.89245176	228	-0.445078 -0.710352  0.556407
7.89754009	226	-0.442683 -0.716098  0.553055
7.90263986	226	-0.440289 -0.716817  0.550182
7.90773200	229	-0.443880 -0.716098  0.549224
7.91281223	228	-0.441965 -0.710831  0.555689
7.91791200	229	-0.444120 -0.712986  0.559040
7.92300415	228	-0.446275 -0.717535  0.548985
7.92810821	227	-0.451542 -0.712747  0.555928
7.93321990	228	-0.438613 -0.712986  0.564068
7.93832015	229	-0.443162 -0.712268  0.559759
7.94342422	229	-0.448908 -0.716577  0.557843
7.94851589	228	-0.446754 -0.711071  0.564308
7.95361995	226	-0.446993 -0.720169  0.554731
7.95872402	229	-0.451781 -0.715620  0.561435
7.96382808	226	-0.443641 -0.711310  0.555689
7.96893978	228	-0.446035 -0.716098  0.551858
7.97404384	227	-0.444359 -0.716577  0.556167
7.97914409	229	-0.444599 -0.716338  0.541802
7.98424816	228	-0.444120 -0.722563  0.555689
7.98937177	229	-0.447472 -0.722323  0.554013
7.99449205	228	-0.443641 -0.719211  0.562632
7.99959993	229	-0.451542 -0.710113  0.560716
8.00471591	228	-0.442683 -0.716338  0.550900
8.00981235	229	-0.446514 -0.718253  0.553055
8.01491641	226	-0.444599 -0.712507  0.546830
8.02001953	229	-0.445317 -0.713465  0.568378
8.02513980	226	-0.446993 -0.712747  0.556886
8.03025627	228	-0.448190 -0.719211  0.559280
8.03537178	229	-0.445556 -0.711071  0.558801
8.04049205	228	-0.442683 -0.713944  0.557604
8.04560375	228	-0.443402 -0.713944  0.558083
8.05071163	227	-0.448429 -0.712986  0.556646
8.05582427	229	-0.441726 -0.715620  0.565984
8.06093215	229	-0.442923 -0.714183  0.554731
8.06603622	229	-0.446035 -0.711789  0.555449
8.07114028	228	-0.445556 -0.716098  0.561674
8.07623958	228	-0.447472 -0.714423  0.557125
8.08134841	227	-0.436698 -0.708677  0.555928
8.08646011	229	-0.440289 -0.715859  0.553294
8.09155559	229	-0.444599 -0.711789  0.547788
8.09666824	229	-0.442683 -0.716577  0.552097
8.10177230	227	-0.442683 -0.714662  0.561435
8.10688781	229	-0.444838 -0.712986  0.554013
8.11200428	226	-0.449387 -0.718014  0.556167
8.11711597	229	-0.441726 -0.716577  0.557604
8.12224006	226	-0.447711 -0.709634  0.558322
8.12734794	229	-0.446035 -0.715859  0.558083
8.13245201	226	-0.444359 -0.708677  0.546830
8.13756370	229	-0.444120 -0.716577  0.555689
8.14268016	229	-0.445078 -0.715620  0.548985
8.14779186	227	-0.443641 -0.715141  0.549943
8.15292358	229	-0.451302 -0.717774  0.553534
8.15804386	227	-0.445556 -0.718014  0.556167
8.16315174	227	-0.438613 -0.718732  0.557843
8.16828823	228	-0.447711 -0.720647  0.558083
8.17339992	226	-0.440529 -0.711310  0.555689
8.17852020	228	-0.449387 -0.710352  0.553055
8.18363189	228	-0.444599 -0.720169  0.550182
8.18875217	226	-0.443162 -0.715620  0.557125
8.19387245	229	-0.449387 -0.719690  0.555449
8.19898414	229	-0.447472 -0.713704  0.556407
8.20409965	226	-0.443641 -0.716817  0.557364
8.20922374	227	-0.446035 -0.715380  0.547309
8.21433162	228	-0.449387 -0.711789  0.546351
8.21945190	229	-0.449866 -0.713944  0.552576
8.22455596	226	-0.448190 -0.714901  0.561674
8.22965240	229	-0.452739 -0.717774  0.560716
8.23476409	229	-0.447472 -0.719450  0.558562
8.23988819	229	-0.443641 -0.717535  0.560237
8.24500370	228	-0.446514 -0.712268  0.549703
8.25011634	228	-0.442444 -0.710831  0.557364
8.25522041	228	-0.442444 -0.718014  0.558083
8.26032352	227	-0.444359 -0.720887  0.563350
8.26541996	229	-0.436937 -0.716338  0.561674
8.27053165	229	-0.444359 -0.709874  0.559519
8.27562808	227	-0.442923 -0.713225  0.556646
##inga 
#ido(sec)  szog(ADC)     ax(g)    ay(g)   az(g)
8.28127574	226	-0.444599 -0.716098  0.561195
8.28653621	228	-0.444599 -0.713704  0.557125
8.29179573	229	-0.447711 -0.717535  0.552816
8.29705619	229	-0.444359 -0.716338  0.545872
8.30215644	227	-0.444838 -0.716338  0.554252
8.30726814	226	-0.437656 -0.717056  0.548745
8.31237220	226	-0.446514 -0.716098  0.557604
8.31746387	229	-0.445556 -0.712028  0.555449
8.32255554	229	-0.447472 -0.707719  0.561195
8.32765197	227	-0.450105 -0.710831  0.556886
8.33273601	229	-0.447472 -0.717056  0.563829
8.33784008	226	-0.445796 -0.718253  0.550900
8.34293174	229	-0.446754 -0.712268  0.550182
8.34803581	229	-0.446035 -0.715141  0.558801
8.35312843	227	-0.443641 -0.715141  0.549224
8.35823631	229	-0.439810 -0.709395  0.556886
8.36332416	228	-0.449627 -0.714901  0.552097
8.36842441	229	-0.448190 -0.718493  0.555449
8.37351608	228	-0.443162 -0.717535  0.543957
8.37863159	229	-0.442444 -0.712507  0.558562
8.38372421	228	-0.439571 -0.716338  0.560716
8.38882827	228	-0.447951 -0.712986  0.553773
8.39393234	226	-0.452260 -0.718971  0.564068
8.39902400	226	-0.441486 -0.720169  0.553534
8.40412425	228	-0.446514 -0.715620  0.551140
8.40922355	229	-0.443641 -0.714901  0.548745
8.41434001	229	-0.449627 -0.723999  0.554491
8.41945171	227	-0.447951 -0.715380  0.558562
8.42455959	229	-0.447711 -0.713465  0.559998
8.42967987	229	-0.442683 -0.715141  0.560477
8.43480396	229	-0.448190 -0.716817  0.562871
8.43990802	226	-0.444120 -0.715620  0.553773
8.44500446	229	-0.448908 -0.712268  0.550900
8.45010757	228	-0.442923 -0.718014  0.556886
8.45521163	228	-0.445796 -0.721366  0.563350
8.46032428	229	-0.442683 -0.718971  0.559280
8.46542835	229	-0.441007 -0.711789  0.553534
8.47051620	226	-0.447232 -0.713704  0.558083
8.47562026	229	-0.446754 -0.713944  0.557843
8.48073196	228	-0.449627 -0.714662  0.561913
8.48584365	229	-0.446514 -0.708437  0.554252
8.49094772	229	-0.445078 -0.707958  0.557364
8.49604415	229	-0.439571 -0.718014  0.556646
8.50115585	228	-0.440529 -0.712747  0.559519
8.50626754	227	-0.443162 -0.720169  0.569335
8.51137161	228	-0.439810 -0.708916  0.563829
8.51647567	226	-0.439092 -0.719450  0.554252
8.52157974	228	-0.441247 -0.711549  0.555689
8.52670001	229	-0.443402 -0.708198  0.559759
8.53180408	228	-0.445078 -0.709634  0.552816
8.53691196	228	-0.445078 -0.711549  0.553773
8.54202842	229	-0.444838 -0.709634  0.557125
8.54713630	226	-0.441965 -0.717296  0.553294
8.55226039	229	-0.440768 -0.708916  0.554491
8.55736446	227	-0.450105 -0.716098  0.558083
8.56246376	229	-0.446514 -0.719690  0.558083
8.56757164	229	-0.443641 -0.717296  0.556407
8.57268810	226	-0.446035 -0.718493  0.554252
8.57778835	229	-0.447711 -0.715141  0.548985
8.58290767	229	-0.449866 -0.716817  0.547309
8.58802795	227	-0.446035 -0.716338  0.554970
8.59313964	226	-0.447951 -0.720169  0.556886
8.59825992	229	-0.444599 -0.714901  0.553773
8.60335159	228	-0.443162 -0.717296  0.554252
8.60846805	226	-0.448669 -0.711310  0.558801
8.61356353	228	-0.442205 -0.718493  0.562392
8.61865997	226	-0.447232 -0.721605  0.553055
8.62376403	229	-0.445078 -0.711789  0.559998
8.62886047	228	-0.446275 -0.717774  0.554731
8.63396358	228	-0.444838 -0.715380  0.562632
8.63905239	228	-0.449387 -0.718732  0.556886
8.64415645	229	-0.448190 -0.712268  0.563829
8.64924812	226	-0.447711 -0.717535  0.556167
8.65435981	228	-0.445078 -0.716098  0.550421
8.65944385	227	-0.439332 -0.719929  0.559998
8.66454792	228	-0.448190 -0.716098  0.560237
8.66963195	229	-0.443402 -0.712028  0.554013
8.67471599	229	-0.444599 -0.711789  0.552816
8.67982769	229	-0.441486 -0.717535  0.566702
8.68492031	229	-0.449866 -0.713225  0.555210
8.69002437	228	-0.444838 -0.714662  0.561435
8.69512844	226	-0.450345 -0.711310  0.555210
8.70022010	229	-0.444599 -0.715620  0.562632
8.70532417	227	-0.444120 -0.718253  0.554731
8.71042823	228	-0.447951 -0.713225  0.562153
8.71553993	229	-0.443641 -0.718253  0.555210
8.72063636	229	-0.448669 -0.713704  0.553055
8.72573184	228	-0.444838 -0.715620  0.560956
8.73083209	229	-0.446993 -0.715380  0.551858
8.73593235	229	-0.448190 -0.715620  0.553773
8.74102783	228	-0.447472 -0.715620  0.554970
8.74613571	229	-0.440529 -0.707479  0.544436
8.75123596	229	-0.446993 -0.715380  0.560477
8.75634002	229	-0.447951 -0.708198  0.559040
8.76142787	229	-0.450345 -0.711310  0.563350
8.76651573	227	-0.445796 -0.712986  0.545394
8.77163219	229	-0.441486 -0.714901  0.554731
8.77674007	227	-0.446993 -0.717056  0.568138
8.78183174	228	-0.444599 -0.716577  0.559519
8.78693580	227	-0.441965 -0.712986  0.552097
8.79204845	229	-0.445078 -0.712507  0.565265
##inga 
#ido(sec)  szog(ADC)     ax(g)    ay(g)   az(g)
8.79768753	226	-0.448190 -0.717296  0.559280
8.80294418	228	-0.443162 -0.714423  0.555928
8.80819606	229	-0.442683 -0.717056  0.550900
8.81341552	229	-0.442923 -0.717296  0.552576
8.81853199	227	-0.446035 -0.713704  0.547309
8.82364845	229	-0.441247 -0.721844  0.559519
8.82876396	229	-0.447951 -0.709395  0.561435
8.83387565	229	-0.443880 -0.711549  0.545633
8.83897972	229	-0.443162 -0.714901  0.561913
8.84408378	229	-0.446035 -0.721126  0.560956
8.84920406	229	-0.448190 -0.718493  0.554491
8.85432434	227	-0.448429 -0.714423  0.564308
8.85944366	226	-0.445556 -0.716338  0.549943
8.86456394	226	-0.448908 -0.717774  0.555928
8.86966800	228	-0.445317 -0.714901  0.556646
8.87477970	227	-0.441726 -0.718493  0.551140
8.87988376	228	-0.441486 -0.716098  0.557604
8.88498783	229	-0.439332 -0.713944  0.563111
8.89010429	229	-0.446035 -0.713704  0.555689
8.89521217	228	-0.445078 -0.715141  0.552816
8.90032386	229	-0.444120 -0.711789  0.561435
8.90542793	229	-0.444838 -0.713465  0.556886
8.91053199	229	-0.444599 -0.718971  0.554970
8.91562843	228	-0.444838 -0.712268  0.560477
8.92072772	229	-0.441247 -0.716098  0.567420
8.92582035	228	-0.446035 -0.720169  0.549943
8.93091583	228	-0.445556 -0.718014  0.557843
8.93601226	229	-0.439332 -0.713944  0.553055
8.94111633	229	-0.439571 -0.712507  0.553773
8.94622039	229	-0.446514 -0.714901  0.559040
8.95132446	228	-0.444120 -0.712986  0.563350
8.95641994	228	-0.445078 -0.714423  0.559519
8.96152400	229	-0.445078 -0.712747  0.552576
8.96662044	229	-0.446514 -0.716338  0.557125
8.97173213	226	-0.447951 -0.719450  0.559040
8.97683238	228	-0.445556 -0.713944  0.553773
8.98194408	227	-0.444359 -0.714662  0.553773
8.98704814	227	-0.440289 -0.715380  0.555689
8.99213218	228	-0.449627 -0.717535  0.555928
8.99723625	229	-0.444120 -0.714662  0.563589
9.00233173	228	-0.446754 -0.714423  0.553534
9.00744819	228	-0.444359 -0.714901  0.552576
9.01254844	229	-0.444838 -0.715620  0.561195
9.01764392	228	-0.447951 -0.718253  0.550421
9.02274799	229	-0.449387 -0.713465  0.559280
9.02784442	229	-0.445556 -0.715141  0.560477
9.03295230	229	-0.446993 -0.715620  0.559280
9.03804397	226	-0.449866 -0.715380  0.551619
9.04315567	229	-0.444599 -0.718732  0.549703
9.04826831	228	-0.437895 -0.719211  0.554013
9.05338382	229	-0.439571 -0.714901  0.559998
9.05849170	229	-0.443162 -0.714183  0.557604
9.06359577	228	-0.444599 -0.719929  0.556886
9.06870841	229	-0.444838 -0.718253  0.550182
9.07382011	227	-0.445556 -0.713704  0.555210
9.07891178	228	-0.450824 -0.716338  0.551140
9.08401203	229	-0.444120 -0.715859  0.559759
9.08911991	229	-0.438613 -0.718253  0.557604
9.09422779	228	-0.446275 -0.715859  0.555689
9.09933567	228	-0.441486 -0.714901  0.552337
9.10443973	229	-0.447232 -0.709874  0.554491
9.10954761	229	-0.443402 -0.715859  0.563829
9.11466026	229	-0.448190 -0.719690  0.559040
9.11975955	226	-0.450584 -0.710592  0.557843
9.12485218	227	-0.444359 -0.716338  0.557604
9.12996768	229	-0.445796 -0.716338  0.553773
9.13507556	228	-0.441007 -0.714423  0.545872
9.14017963	227	-0.442444 -0.714183  0.552816
9.14529228	228	-0.441247 -0.715380  0.556886
9.15039634	229	-0.444359 -0.707719  0.551140
9.15549182	229	-0.437656 -0.717774  0.565026
9.16059589	228	-0.445556 -0.717535  0.552097
9.16569995	229	-0.444599 -0.717296  0.553773
9.17080402	229	-0.441486 -0.712268  0.557125
9.17590808	226	-0.448908 -0.712986  0.560477
9.18101596	228	-0.445078 -0.712986  0.560716
9.18613243	228	-0.441007 -0.716817  0.555449
9.19124794	229	-0.448429 -0.717056  0.563829
9.19636821	226	-0.443880 -0.713704  0.550900
9.20147228	229	-0.442923 -0.718732  0.559759
9.20659160	228	-0.450824 -0.713465  0.564308
9.21170043	228	-0.446514 -0.722802  0.554491
9.21681976	228	-0.449387 -0.714423  0.551140
9.22194004	227	-0.442205 -0.712986  0.563589
9.22706031	226	-0.447232 -0.714901  0.558322
9.23217964	229	-0.442205 -0.717535  0.561913
9.23729991	228	-0.448908 -0.720887  0.554970
9.24239635	226	-0.444599 -0.717296  0.549703
9.24751567	226	-0.439810 -0.715620  0.558801
9.25262355	226	-0.444120 -0.710352  0.565505
9.25774002	229	-0.450345 -0.720887  0.559040
9.26284027	229	-0.440768 -0.714423  0.554731
9.26794433	226	-0.446035 -0.718971  0.553055
9.27305221	226	-0.442205 -0.714901  0.551379
9.27815628	229	-0.449148 -0.717296  0.560237
9.28325557	229	-0.444599 -0.719450  0.556886
9.28834819	229	-0.443402 -0.714183  0.558562
9.29345226	226	-0.446035 -0.712986  0.553534
9.29855155	228	-0.442923 -0.718253  0.560477
9.30364418	229	-0.446514 -0.712986  0.559998
9.30874824	229	-0.444359 -0.715380  0.555928
##inga 
#ido(sec)  szog(ADC)     ax(g)    ay(g)   az(g)
9.31438446	229	-0.444359 -0.713465  0.559040
9.31964397	229	-0.445556 -0.717296  0.549224
9.32490444	228	-0.441726 -0.715620  0.558801
9.33014011	229	-0.447232 -0.712268  0.552337
9.33525562	229	-0.445078 -0.715620  0.557604
9.34034442	228	-0.439571 -0.713225  0.557364
9.34545230	229	-0.442444 -0.709634  0.560477
9.35054397	229	-0.445317 -0.717056  0.561913
9.35565185	227	-0.440050 -0.722084  0.557125
9.36073589	229	-0.439810 -0.720408  0.558322
9.36581611	229	-0.448669 -0.713704  0.552097
9.37090778	227	-0.447472 -0.714662  0.555449
9.37601184	229	-0.445556 -0.712268  0.557843
9.38111591	226	-0.446754 -0.717774  0.565744
9.38621997	229	-0.441726 -0.717535  0.560477
9.39133644	228	-0.445078 -0.714183  0.560716
9.39643573	229	-0.441965 -0.713465  0.558083
9.40153980	229	-0.446514 -0.707958  0.555449
9.40663623	229	-0.442444 -0.709395  0.559040
9.41172790	229	-0.449866 -0.716577  0.556407
9.41682815	226	-0.440050 -0.717774  0.561435
9.42190361	228	-0.439810 -0.714183  0.561435
9.42700386	228	-0.445078 -0.720887  0.559519
9.43210411	228	-0.448908 -0.719211  0.554491
9.43719959	226	-0.445796 -0.711549  0.560477
9.44231605	226	-0.441726 -0.718732  0.557364
9.44742393	226	-0.441247 -0.716817  0.550182
9.45252799	228	-0.441965 -0.712986  0.554970
9.45763206	226	-0.445078 -0.714662  0.557843
9.46274757	228	-0.447711 -0.712986  0.565984
9.46786022	226	-0.444120 -0.709874  0.564068
9.47296428	229	-0.446035 -0.715859  0.555689
9.47807598	227	-0.445556 -0.720408  0.563589
9.48317241	226	-0.446275 -0.717774  0.559280
9.48828411	227	-0.449866 -0.715141  0.557364
9.49339580	229	-0.449627 -0.715620  0.552576
9.49851226	229	-0.439092 -0.714183  0.558801
9.50362014	229	-0.441726 -0.719211  0.555449
9.50874805	229	-0.444838 -0.714901  0.561913
9.51385211	228	-0.451063 -0.717535  0.556646
9.51897239	228	-0.439092 -0.709395  0.552097
9.52407169	226	-0.444599 -0.710592  0.559998
9.52918815	229	-0.444838 -0.718493  0.553055
9.53429985	228	-0.445796 -0.722323  0.559519
9.53942012	229	-0.441726 -0.709874  0.553534
9.54452800	229	-0.446514 -0.722084  0.554970
9.54964447	228	-0.447711 -0.712747  0.550421
9.55477237	227	-0.445078 -0.712268  0.551619
9.55989170	229	-0.441965 -0.707719  0.551619
9.56499958	228	-0.443641 -0.711310  0.561435
9.57011222	226	-0.443880 -0.717535  0.558562
9.57523155	228	-0.446275 -0.716577  0.554970
9.58035182	227	-0.445078 -0.711789  0.564308
9.58544826	229	-0.445078 -0.721366  0.565744
9.59056377	229	-0.449866 -0.716098  0.555928
9.59567642	228	-0.440289 -0.712028  0.558562
9.60078811	229	-0.439092 -0.711310  0.553534
9.60589218	228	-0.446754 -0.713225  0.553534
9.61100769	229	-0.448190 -0.713704  0.550661
9.61611175	227	-0.445796 -0.715620  0.566223
9.62122821	228	-0.447951 -0.718971  0.563350
9.62633991	228	-0.450584 -0.719450  0.552816
9.63143634	229	-0.445796 -0.719929  0.558322
9.63653564	226	-0.449866 -0.718971  0.558322
9.64162826	226	-0.447951 -0.719450  0.563589
9.64672374	228	-0.444359 -0.712268  0.552097
9.65181159	229	-0.441726 -0.714423  0.544675
9.65691566	226	-0.442205 -0.717296  0.564068
9.66201972	228	-0.445556 -0.710352  0.565265
9.66712379	229	-0.450584 -0.713225  0.556407
9.67221641	229	-0.444599 -0.712028  0.558322
9.67731952	228	-0.442205 -0.712507  0.552097
9.68239974	228	-0.446035 -0.714901  0.555928
9.68750000	229	-0.447232 -0.714901  0.555689
9.69258022	227	-0.446993 -0.718493  0.554013
9.69768428	229	-0.443641 -0.720169  0.547788
9.70278835	227	-0.447951 -0.718493  0.563829
9.70789241	228	-0.443880 -0.709634  0.548267
9.71298408	229	-0.439571 -0.721126  0.555689
9.71809196	229	-0.451302 -0.711789  0.565265
9.72319602	229	-0.444120 -0.719929  0.555449
9.72830009	229	-0.446035 -0.719211  0.556407
9.73339176	228	-0.439092 -0.720169  0.558322
9.73849201	229	-0.442683 -0.713225  0.546591
9.74360847	228	-0.441965 -0.712507  0.559280
9.74870014	227	-0.443641 -0.712986  0.563111
9.75380420	229	-0.440529 -0.714662  0.560477
9.75890827	229	-0.444838 -0.711071  0.562392
9.76401233	229	-0.446035 -0.718732  0.557843
9.76912403	228	-0.445556 -0.715859  0.556407
9.77423191	228	-0.446514 -0.711310  0.568138
9.77934837	227	-0.441726 -0.718493  0.552576
9.78445243	227	-0.443641 -0.716817  0.561435
9.78957176	227	-0.443162 -0.711789  0.550900
9.79467582	229	-0.449387 -0.723760  0.557364
9.79977989	227	-0.445317 -0.709874  0.553773
9.80487632	226	-0.435740 -0.716577  0.563589
9.80998039	229	-0.444359 -0.714662  0.555928
9.81509208	229	-0.441247 -0.716338  0.549224
9.82020759	228	-0.441486 -0.717774  0.560237
9.82532787	228	-0.447472 -0.716817  0.559519
##inga 
#ido(sec)  szog(ADC)     ax(g)    ay(g)   az(g)
9.83098030	229	-0.448190 -0.717774  0.563350
9.83621215	228	-0.441726 -0.718253  0.551858
9.84147167	228	-0.442444 -0.720169  0.558562
9.84672355	228	-0.445078 -0.718014  0.555449
9.85181999	228	-0.448429 -0.713944  0.553294
9.85693168	229	-0.436937 -0.716817  0.555449
9.86205196	228	-0.445317 -0.710831  0.558801
9.86715602	226	-0.449148 -0.713465  0.560477
9.87226772	228	-0.445796 -0.711789  0.561195
9.87738037	226	-0.448669 -0.718014  0.565744
9.88249206	227	-0.445317 -0.720647  0.555689
9.88761234	228	-0.445556 -0.717296  0.558322
9.89272403	228	-0.445078 -0.717535  0.557364
9.89783573	229	-0.445078 -0.712268  0.562392
9.90293979	227	-0.441007 -0.714183  0.550900
9.90804767	229	-0.440529 -0.714183  0.559040
9.91315174	229	-0.444599 -0.716338  0.547548
9.91827964	229	-0.447472 -0.718493  0.565505
9.92339992	226	-0.450345 -0.712986  0.550661
9.92851638	229	-0.448190 -0.719929  0.557125
9.93362045	228	-0.441965 -0.713704  0.557364
9.93873977	228	-0.441486 -0.711071  0.555928
9.94386005	228	-0.445317 -0.715620  0.559759
9.94898033	229	-0.446993 -0.715620  0.561674
9.95409965	229	-0.448429 -0.716098  0.566223
9.95920372	229	-0.447472 -0.718732  0.556886
9.96432781	229	-0.441486 -0.715620  0.558322
9.96943569	227	-0.444599 -0.717535  0.558322
9.97454833	229	-0.447472 -0.714901  0.552816
9.97966003	229	-0.444120 -0.719211  0.559759
9.98478412	228	-0.445078 -0.714183  0.555928
9.98989200	227	-0.443641 -0.714183  0.556167
9.99499607	229	-0.445556 -0.712986  0.561913
10.00010776	226	-0.444599 -0.712986  0.558562
10.00532436	229	-0.450345 -0.721126  0.549943
10.01053237	229	-0.441007 -0.713704  0.560956
10.01574039	227	-0.449387 -0.717056  0.559759
10.02094841	229	-0.441247 -0.712507  0.566941
10.02615165	229	-0.443880 -0.714901  0.553773
10.03135204	229	-0.445317 -0.711789  0.551619
10.03654384	228	-0.442683 -0.715620  0.562871
10.04174804	229	-0.444120 -0.714901  0.562153
10.04694843	229	-0.440768 -0.716338  0.555449
10.05214786	229	-0.451781 -0.721366  0.550421
10.05734825	226	-0.446035 -0.710113  0.555210
10.06255245	227	-0.443162 -0.718971  0.553534
10.06774806	229	-0.449866 -0.715859  0.550421
10.07294845	229	-0.445317 -0.726872  0.554970
10.07815647	226	-0.445317 -0.717296  0.556167
10.08335971	228	-0.452260 -0.714423  0.555928
10.08857154	229	-0.446275 -0.713944  0.560716
10.09377574	229	-0.445796 -0.712986  0.553055
10.09897232	227	-0.446275 -0.714183  0.554970
10.10416793	229	-0.449148 -0.711310  0.550421
10.10936832	229	-0.447472 -0.722084  0.557364
10.11457157	226	-0.444120 -0.713225  0.556886
10.11976814	226	-0.445317 -0.719450  0.554731
10.12497234	226	-0.446993 -0.711789  0.567181
10.13018417	228	-0.449866 -0.716338  0.560716
10.13538837	226	-0.445078 -0.713465  0.553773
10.14059638	229	-0.442923 -0.711549  0.556407
10.14579582	226	-0.443641 -0.720647  0.550661
10.15099239	227	-0.439810 -0.710352  0.554491
10.15620422	229	-0.444838 -0.717296  0.558322
10.16140365	226	-0.440768 -0.718014  0.553773
10.16660785	228	-0.446275 -0.719450  0.560956
10.17180442	229	-0.441007 -0.713704  0.557364
10.17700386	229	-0.446514 -0.711310  0.553773
10.18220424	229	-0.446275 -0.718014  0.556407
10.18739986	229	-0.443162 -0.716338  0.553294
10.19262027	228	-0.441965 -0.709155  0.556886
10.19783973	229	-0.439092 -0.715380  0.563111
10.20304393	228	-0.446275 -0.720169  0.558801
10.20824432	226	-0.447472 -0.712747  0.558322
10.21345233	229	-0.445078 -0.712268  0.553294
10.21867179	229	-0.441965 -0.714183  0.557604
10.22386837	229	-0.442923 -0.706761  0.554491
10.22906780	226	-0.439332 -0.713225  0.554970
10.23426818	226	-0.444120 -0.715141  0.556646
10.23946762	227	-0.443880 -0.717535  0.559998
10.24467182	226	-0.445556 -0.718014  0.563111
10.24987602	229	-0.441965 -0.718493  0.558322
10.25508022	229	-0.443880 -0.716338  0.554731
10.26028823	226	-0.450345 -0.712986  0.555210
10.26548767	228	-0.444599 -0.719450  0.557364
10.27068805	227	-0.444838 -0.711310  0.560477
10.27589988	226	-0.447951 -0.715380  0.557843
10.28110408	226	-0.447472 -0.712028  0.554491
10.28629970	229	-0.447711 -0.712986  0.550421
10.29150009	229	-0.448908 -0.713944  0.557604
10.29669952	228	-0.446993 -0.716098  0.562632
10.30189990	228	-0.442923 -0.715141  0.550661
10.30709552	228	-0.447711 -0.718732  0.560716
10.31229972	229	-0.447232 -0.715859  0.560956
10.31751155	228	-0.444359 -0.719211  0.560477
10.32272434	228	-0.442683 -0.711789  0.559040
10.32792377	229	-0.446514 -0.711310  0.554731
10.33312416	227	-0.448669 -0.714901  0.553534
10.33832836	229	-0.445078 -0.718493  0.556886
10.34354400	229	-0.448908 -0.716817  0.557364
10.34874820	228	-0.443162 -0.712747  0.552816
##inga 
#ido(sec)  szog(ADC)     ax(g)    ay(g)   az(g)
10.35447597	229	-0.441007 -0.713225  0.560237
10.35977172	229	-0.447951 -0.712986  0.555928
10.36508846	226	-0.444359 -0.709395  0.559519
10.37036418	229	-0.444599 -0.711549  0.562871
10.37555599	229	-0.450345 -0.710113  0.558562
10.38075637	229	-0.446514 -0.711549  0.553773
10.38595581	229	-0.443402 -0.718971  0.556407
10.39115619	228	-0.442444 -0.710113  0.557125
10.39636039	229	-0.448669 -0.715620  0.562871
10.40156364	229	-0.445556 -0.713944  0.563589
10.40676784	226	-0.447472 -0.712507  0.556646
10.41197967	228	-0.445796 -0.719211  0.555449
10.41719245	229	-0.445078 -0.717296  0.560716
10.42240428	226	-0.442683 -0.718014  0.551619
10.42760372	229	-0.444838 -0.712268  0.551140
10.43280410	227	-0.443641 -0.712747  0.562153
10.43801212	227	-0.446514 -0.713704  0.553534
10.44321155	226	-0.442683 -0.712986  0.553534
10.44841957	229	-0.442923 -0.718971  0.553294
10.45361995	228	-0.447472 -0.717774  0.553055
10.45881175	229	-0.445317 -0.720408  0.553534
10.46400833	227	-0.440529 -0.719690  0.547070
10.46921157	226	-0.447711 -0.715859  0.563829
10.47442817	226	-0.445078 -0.718253  0.555449
10.47964000	229	-0.447232 -0.710352  0.556407
10.48485565	227	-0.445556 -0.718732  0.554970
10.49005985	226	-0.442444 -0.720647  0.553294
10.49526023	229	-0.443641 -0.720169  0.561435
10.50046443	226	-0.443880 -0.714423  0.562871
10.50566005	227	-0.442683 -0.722323  0.559998
10.51086044	229	-0.446993 -0.712507  0.558322
10.51605987	226	-0.444359 -0.718253  0.553294
10.52125167	229	-0.444599 -0.717535  0.560477
10.52646827	229	-0.447951 -0.711789  0.557604
10.53167629	228	-0.446514 -0.723520  0.557843
10.53689193	228	-0.444120 -0.718014  0.560477
10.54210376	227	-0.451542 -0.717535  0.554731
10.54731559	228	-0.445796 -0.709155  0.549464
10.55251979	226	-0.440768 -0.712507  0.561195
10.55772399	229	-0.442683 -0.718493  0.549703
10.56291580	226	-0.447951 -0.713465  0.555210
10.56811237	228	-0.442444 -0.713465  0.559759
10.57331180	227	-0.446993 -0.718253  0.562153
10.57851982	229	-0.448429 -0.710831  0.555928
10.58372020	229	-0.444838 -0.716338  0.558801
10.58891582	229	-0.438374 -0.717774  0.550182
10.59413242	229	-0.445078 -0.721366  0.560237
10.59934043	227	-0.440050 -0.721605  0.554013
10.60453605	229	-0.444359 -0.711549  0.553773
10.60974788	229	-0.440050 -0.718014  0.558083
10.61495590	229	-0.445796 -0.712028  0.562153
10.62016391	229	-0.438374 -0.714901  0.556646
10.62535953	227	-0.446035 -0.714901  0.552816
10.63056373	226	-0.444838 -0.711549  0.559280
10.63576793	229	-0.445796 -0.716817  0.550900
10.64096355	228	-0.441726 -0.721126  0.561674
10.64616394	229	-0.441247 -0.717535  0.549224
10.65137577	228	-0.445556 -0.710831  0.559998
10.65658760	226	-0.442444 -0.721844  0.559280
10.66178417	226	-0.442923 -0.712028  0.563829
10.66699600	226	-0.445796 -0.715380  0.559280
10.67219161	228	-0.448190 -0.708437  0.564786
10.67739963	226	-0.444120 -0.712747  0.562632
10.68260383	229	-0.446275 -0.722802  0.562153
10.68781185	229	-0.443641 -0.716098  0.559998
10.69301223	229	-0.444838 -0.716338  0.559040
10.69821166	229	-0.441726 -0.714183  0.561913
10.70341968	229	-0.447711 -0.718014  0.555928
10.70862007	229	-0.444120 -0.715380  0.558562
10.71381568	229	-0.442923 -0.715620  0.563589
10.71902847	226	-0.441726 -0.712028  0.549703
10.72423553	228	-0.443402 -0.721605  0.563350
10.72943592	228	-0.446035 -0.713944  0.562871
10.73464393	229	-0.444359 -0.717535  0.555928
10.73985958	229	-0.449387 -0.716817  0.556407
10.74505996	229	-0.441007 -0.720647  0.560477
10.75027179	226	-0.442205 -0.715380  0.551140
10.75546836	229	-0.438374 -0.712986  0.555449
10.76066780	228	-0.443641 -0.712507  0.554491
10.76586818	226	-0.447472 -0.716577  0.557843
10.77106380	229	-0.445317 -0.718014  0.554013
10.77626037	226	-0.450584 -0.713225  0.551140
10.78145980	228	-0.444838 -0.712268  0.560956
10.78666782	227	-0.442444 -0.710592  0.550661
10.79186820	229	-0.450824 -0.717056  0.559280
10.79706382	228	-0.446275 -0.714183  0.559759
10.80227565	226	-0.452021 -0.716577  0.555210
10.80747222	229	-0.443880 -0.712986  0.563589
10.81266784	229	-0.443641 -0.714662  0.559759
10.81786823	228	-0.441247 -0.712268  0.552337
10.82307624	227	-0.450345 -0.713944  0.555210
10.82827568	227	-0.438374 -0.720647  0.556407
10.83347606	229	-0.443162 -0.715380  0.561435
10.83867645	226	-0.444359 -0.716338  0.563350
10.84387588	229	-0.445078 -0.711310  0.558801
10.84907627	229	-0.440529 -0.714662  0.552816
10.85428428	228	-0.441247 -0.713704  0.559759
10.85949230	226	-0.442444 -0.719211  0.559040
10.86470031	227	-0.449387 -0.715859  0.552816
10.86991596	229	-0.446035 -0.721366  0.556646
10.87511634	229	-0.446275 -0.715620  0.556167
##inga 
#ido(sec)  szog(ADC)     ax(g)    ay(g)   az(g)
10.88085556	229	-0.443880 -0.719450  0.561674
10.88613224	226	-0.445317 -0.718971  0.552576
10.89145183	229	-0.440050 -0.716817  0.555928
10.89673233	228	-0.444599 -0.716338  0.558801
10.90193176	227	-0.443641 -0.716338  0.548267
10.90713214	229	-0.451781 -0.720169  0.557604
10.91233158	228	-0.446993 -0.718253  0.557843
10.91753959	228	-0.443641 -0.714423  0.564547
10.92276000	226	-0.452978 -0.715620  0.556167
10.92796421	229	-0.443880 -0.718014  0.556407
10.93317222	228	-0.448908 -0.715859  0.557843
10.93837165	229	-0.444838 -0.717296  0.557125
10.94356822	227	-0.449148 -0.711549  0.563350
10.94877624	227	-0.445556 -0.718971  0.558801
10.95397567	228	-0.447472 -0.711310  0.564068
10.95917987	229	-0.444359 -0.715620  0.551619
10.96438026	226	-0.449627 -0.718253  0.554013
10.96957969	229	-0.448190 -0.714423  0.554970
10.97478008	229	-0.444120 -0.715141  0.564068
10.97998428	229	-0.442205 -0.714183  0.549224
10.98518753	227	-0.441726 -0.710113  0.551619
10.99040031	229	-0.444120 -0.716817  0.564786
10.99560356	229	-0.442923 -0.715141  0.566702
11.00081157	229	-0.444838 -0.713225  0.553773
11.00602436	229	-0.446514 -0.716817  0.555928
11.01123619	229	-0.443162 -0.716338  0.562153
11.01644420	227	-0.444838 -0.716098  0.552576
11.02165603	228	-0.446035 -0.718732  0.562871
11.02686023	229	-0.443641 -0.716817  0.566223
11.03206825	229	-0.444120 -0.712268  0.547309
11.03727626	226	-0.444599 -0.712028  0.557364
11.04248809	227	-0.445556 -0.714183  0.548985
11.04768371	226	-0.445317 -0.716817  0.564547
11.05289554	226	-0.443641 -0.713704  0.558801
11.05809593	229	-0.444359 -0.711789  0.557364
11.06330776	229	-0.445556 -0.717296  0.551140
11.06850433	227	-0.443641 -0.714423  0.561913
11.07371616	229	-0.444838 -0.716098  0.553534
11.07891178	228	-0.441726 -0.713465  0.555210
11.08410835	229	-0.446514 -0.716338  0.554013
11.08930778	229	-0.442683 -0.717774  0.561913
11.09451198	228	-0.444838 -0.713704  0.555689
11.09970760	227	-0.443641 -0.715620  0.556646
11.10490798	229	-0.447951 -0.723520  0.568138
11.11011600	226	-0.448908 -0.718014  0.557364
11.11533164	229	-0.446035 -0.713465  0.554013
11.12053966	229	-0.447951 -0.718732  0.560956
11.12574768	226	-0.448669 -0.713225  0.561435
11.13096046	229	-0.446514 -0.718971  0.556407
11.13617229	226	-0.444120 -0.716338  0.551140
11.14137172	228	-0.444120 -0.720647  0.549703
11.14657211	228	-0.441007 -0.721844  0.547309
11.15177631	227	-0.443162 -0.716098  0.550900
11.15697193	229	-0.444599 -0.717056  0.555928
11.16217231	229	-0.444120 -0.715380  0.553534
11.16737174	226	-0.446993 -0.716098  0.549943
11.17257976	229	-0.451302 -0.715141  0.556407
11.17779636	229	-0.450105 -0.718014  0.559998
11.18299579	228	-0.442205 -0.716098  0.556407
11.18819999	228	-0.444599 -0.710113  0.558801
11.19341182	227	-0.444120 -0.713704  0.554731
11.19862842	228	-0.447232 -0.717535  0.559998
11.20383167	226	-0.441965 -0.713465  0.554970
11.20901966	228	-0.447951 -0.713944  0.554252
11.21423244	229	-0.449148 -0.718253  0.561435
11.21944427	227	-0.447951 -0.714183  0.546351
11.22465229	228	-0.440768 -0.720408  0.556886
11.22986030	226	-0.438374 -0.708437  0.555928
11.23505973	226	-0.444599 -0.710831  0.555449
11.24027633	229	-0.443641 -0.714901  0.552337
11.24548435	229	-0.446754 -0.712507  0.553534
11.25068378	229	-0.447951 -0.712507  0.557843
11.25588798	229	-0.448669 -0.712747  0.561674
11.26109218	228	-0.446754 -0.712028  0.550900
11.26629638	228	-0.441007 -0.710592  0.555928
11.27148818	229	-0.447711 -0.712747  0.560956
11.27670001	226	-0.449148 -0.715620  0.549464
11.28190422	228	-0.438613 -0.708437  0.557843
11.28710842	228	-0.446993 -0.719450  0.554731
11.29231166	229	-0.441007 -0.720887  0.559280
11.29750823	226	-0.446514 -0.712507  0.551379
11.30272388	226	-0.443641 -0.716817  0.565744
11.30793190	229	-0.445317 -0.721126  0.561435
11.31313228	226	-0.445078 -0.718253  0.563589
11.31834030	229	-0.442683 -0.715620  0.552097
11.32354831	229	-0.453218 -0.716338  0.564547
11.32876014	229	-0.447232 -0.713704  0.554491
11.33395195	228	-0.449627 -0.712986  0.553294
11.33916378	227	-0.442683 -0.719929  0.557843
11.34436798	226	-0.447232 -0.709634  0.554731
11.34956359	229	-0.441247 -0.713465  0.553294
11.35477638	226	-0.444838 -0.717535  0.557125
11.35997962	229	-0.446035 -0.718014  0.551619
11.36519241	228	-0.440289 -0.717056  0.547788
11.37039566	226	-0.446035 -0.715380  0.552097
11.37559604	228	-0.444359 -0.714901  0.559280
11.38079166	229	-0.446035 -0.710352  0.548745
11.38600826	229	-0.447232 -0.717296  0.559759
11.39121246	228	-0.446754 -0.717056  0.557604
11.39641189	229	-0.439332 -0.715620  0.548267
11.40161228	228	-0.441965 -0.712986  0.554013
##inga 
#ido(sec)  szog(ADC)     ax(g)    ay(g)   az(g)
11.40733242	229	-0.443641 -0.712268  0.559759
11.41263580	227	-0.446514 -0.715859  0.555689
11.41795158	229	-0.445556 -0.716098  0.556646
11.42324829	228	-0.443641 -0.709874  0.556167
11.42844772	229	-0.448908 -0.711789  0.556407
11.43364429	229	-0.440289 -0.714183  0.552816
11.43884372	228	-0.440529 -0.714901  0.558562
11.44404792	229	-0.443880 -0.712747  0.554013
11.44925212	228	-0.450345 -0.717774  0.560956
11.45445156	227	-0.449148 -0.713225  0.560956
11.45965957	229	-0.445078 -0.713704  0.552816
11.46487236	226	-0.446035 -0.715620  0.549464
11.47007179	229	-0.446275 -0.713704  0.551619
11.47527599	229	-0.449627 -0.714662  0.553294
11.48047637	229	-0.444120 -0.712507  0.558801
11.48567199	229	-0.444599 -0.720408  0.554252
11.49086761	229	-0.449387 -0.717774  0.554970
11.49606037	226	-0.447472 -0.713465  0.554013
11.50125980	229	-0.441486 -0.718971  0.555449
11.50646781	228	-0.448669 -0.717535  0.549703
11.51167964	229	-0.445078 -0.717535  0.554252
11.51687622	229	-0.445317 -0.715859  0.563111
11.52209186	229	-0.444359 -0.722084  0.556167
11.52730846	229	-0.446993 -0.717296  0.553294
11.53250026	228	-0.446035 -0.711071  0.557843
11.53769207	228	-0.448190 -0.718253  0.542999
11.54290390	226	-0.439092 -0.716817  0.557843
11.54810047	227	-0.446993 -0.715859  0.559040
11.55330371	229	-0.449387 -0.714662  0.557843
11.55850028	227	-0.443402 -0.709395  0.565744
11.56369972	229	-0.446035 -0.716817  0.548745
11.56890773	229	-0.446754 -0.717296  0.561195
11.57411956	228	-0.441247 -0.709155  0.558562
11.57933235	227	-0.446754 -0.716817  0.556407
11.58455562	229	-0.441965 -0.719929  0.563350
11.58977222	229	-0.444838 -0.709634  0.569575
11.59497165	229	-0.442923 -0.714901  0.557125
11.60017204	229	-0.444120 -0.716817  0.553055
11.60537242	228	-0.441965 -0.708677  0.555928
11.61057186	229	-0.446275 -0.715859  0.560716
11.61577606	229	-0.446035 -0.718253  0.549943
11.62098026	229	-0.442683 -0.718253  0.550661
11.62617969	226	-0.448908 -0.718014  0.556407
11.63138771	229	-0.443880 -0.713944  0.558322
11.63659954	229	-0.450584 -0.707958  0.559280
11.64179611	226	-0.441247 -0.711071  0.548506
11.64701175	228	-0.444120 -0.715859  0.565026
11.65222835	228	-0.443641 -0.712268  0.550900
11.65742778	229	-0.449866 -0.716098  0.564786
11.66262817	229	-0.446993 -0.721366  0.558083
11.66782760	228	-0.442444 -0.707719  0.556167
11.67302417	229	-0.438613 -0.719690  0.554252
11.67821979	226	-0.445317 -0.716338  0.557364
11.68342018	229	-0.443880 -0.714901  0.556407
11.68861579	227	-0.436937 -0.716577  0.554970
11.69381999	229	-0.443641 -0.708916  0.553773
11.69903564	226	-0.447472 -0.720169  0.558562
11.70423603	226	-0.446754 -0.718971  0.558322
11.70944404	227	-0.447472 -0.714662  0.554970
11.71464443	229	-0.449627 -0.714183  0.561913
11.71986007	229	-0.448429 -0.708437  0.564308
11.72506046	229	-0.441007 -0.721366  0.562153
11.73026371	228	-0.450345 -0.715380  0.567420
11.73546409	228	-0.443641 -0.713944  0.549943
11.74066829	227	-0.444599 -0.720887  0.564068
11.74587154	226	-0.448429 -0.710352  0.560716
11.75107574	228	-0.446993 -0.715859  0.558801
11.75627994	229	-0.447232 -0.712268  0.547070
11.76148796	229	-0.441965 -0.715859  0.554013
11.76669216	226	-0.443641 -0.717535  0.553055
11.77190017	229	-0.448429 -0.717535  0.555928
11.77710819	229	-0.444599 -0.717296  0.558322
11.78232383	229	-0.443641 -0.714183  0.550182
11.78752040	228	-0.443880 -0.714662  0.549943
11.79272842	229	-0.443162 -0.711789  0.552816
11.79793167	229	-0.442205 -0.716098  0.555689
11.80312824	227	-0.447472 -0.714901  0.552576
11.80832386	227	-0.447951 -0.717535  0.558083
11.81353187	227	-0.447472 -0.716577  0.557604
11.81874370	229	-0.446993 -0.716098  0.555689
11.82395172	227	-0.444599 -0.704128  0.556167
11.82916355	229	-0.445556 -0.713465  0.556407
11.83437633	229	-0.442923 -0.710831  0.550182
11.83957576	226	-0.443641 -0.710592  0.553055
11.84478759	229	-0.446035 -0.720408  0.562392
11.84998416	228	-0.446993 -0.704367  0.554491
11.85519218	228	-0.444599 -0.715620  0.556886
11.86039161	229	-0.440289 -0.718493  0.558562
11.86559581	226	-0.442444 -0.711071  0.562153
11.87080001	229	-0.446754 -0.718253  0.562392
11.87600421	228	-0.441247 -0.714183  0.549464
11.88120841	228	-0.436698 -0.720169  0.558083
11.88641643	229	-0.440529 -0.720647  0.555449
11.89162826	228	-0.445796 -0.715141  0.556407
11.89684009	228	-0.445556 -0.714662  0.565984
11.90203952	229	-0.442444 -0.719450  0.555689
11.90725231	229	-0.446275 -0.713225  0.557364
11.91244792	229	-0.442683 -0.715620  0.558801
11.91765594	229	-0.446993 -0.720408  0.558322
11.92285633	229	-0.443402 -0.711071  0.559759
11.92805194	229	-0.444599 -0.710592  0.566223
##inga 
#ido(sec)  szog(ADC)     ax(g)    ay(g)   az(g)
11.93378353	226	-0.454894 -0.716338  0.546112
11.93910789	229	-0.444838 -0.718253  0.550661
11.94439983	227	-0.445317 -0.720887  0.551858
11.94968795	228	-0.445556 -0.713944  0.558801
11.95488357	229	-0.450824 -0.713704  0.558322
11.96008396	226	-0.446514 -0.718253  0.557604
11.96529197	229	-0.444120 -0.717056  0.559280
11.97049236	229	-0.446754 -0.718253  0.554013
11.97570419	228	-0.441965 -0.719929  0.555449
11.98091602	229	-0.449627 -0.712268  0.551379
11.98612403	226	-0.442923 -0.713465  0.561913
11.99132442	228	-0.445078 -0.718732  0.551619
11.99653244	229	-0.446514 -0.716338  0.554252
12.00174045	227	-0.444120 -0.716338  0.552816
12.00693988	227	-0.445078 -0.717056  0.562153
12.01213645	229	-0.443162 -0.710831  0.553773
12.01733207	228	-0.440289 -0.713944  0.546351
12.02253246	227	-0.447711 -0.713465  0.556167
12.02773571	228	-0.447951 -0.708437  0.556886
12.03293991	229	-0.446035 -0.712747  0.558083
12.03814792	229	-0.441965 -0.715380  0.552097
12.04334831	228	-0.448429 -0.717056  0.554970
12.04855632	228	-0.444599 -0.712028  0.552576
12.05375576	228	-0.448669 -0.713704  0.551619
12.05895233	229	-0.446275 -0.718732  0.555210
12.06414794	228	-0.449387 -0.718014  0.552337
12.06934833	228	-0.441486 -0.712986  0.556407
12.07455158	227	-0.437416 -0.714662  0.562871
12.07974815	228	-0.444120 -0.714423  0.558562
12.08495998	229	-0.441965 -0.712986  0.557125
12.09017562	229	-0.442444 -0.712747  0.558322
12.09537982	229	-0.446275 -0.716817  0.558322
12.10059165	229	-0.446514 -0.714423  0.555689
12.10579204	229	-0.450824 -0.716817  0.561435
12.11101245	229	-0.450345 -0.715380  0.561913
12.11622428	229	-0.446993 -0.712747  0.558083
12.12143611	229	-0.449627 -0.713465  0.552097
12.12664794	229	-0.441965 -0.717296  0.546830
12.13184356	228	-0.443880 -0.715620  0.563111
12.13704395	226	-0.447951 -0.716577  0.556646
12.14223957	229	-0.447472 -0.716577  0.551619
12.14745235	229	-0.450584 -0.722563  0.557604
12.15266418	228	-0.446275 -0.718732  0.563350
12.15787220	228	-0.444838 -0.717774  0.546830
12.16307640	229	-0.441486 -0.715620  0.554731
12.16827583	227	-0.445556 -0.718971  0.556886
12.17349243	229	-0.443402 -0.718493  0.550661
12.17870044	228	-0.443880 -0.712507  0.562632
12.18389987	226	-0.446035 -0.716098  0.552816
12.18910408	229	-0.444120 -0.717296  0.563829
12.19430446	229	-0.446514 -0.718253  0.555449
12.19950771	229	-0.442923 -0.712507  0.561674
12.20470809	227	-0.443402 -0.713944  0.558801
12.20991611	229	-0.445317 -0.713465  0.548267
12.21513175	229	-0.446993 -0.720169  0.562153
12.22034835	229	-0.449387 -0.710831  0.562392
12.22554397	229	-0.439571 -0.719450  0.549224
12.23075962	229	-0.444120 -0.712747  0.551858
12.23596382	229	-0.445796 -0.718732  0.552816
12.24117183	229	-0.442444 -0.710113  0.553534
12.24637985	229	-0.445078 -0.718014  0.550182
12.25158023	229	-0.445317 -0.710352  0.557604
12.25677967	229	-0.437416 -0.712028  0.558083
12.26198005	227	-0.442683 -0.716338  0.556407
12.26718425	227	-0.441726 -0.717535  0.548985
12.27239608	228	-0.449148 -0.711789  0.564547
12.27760410	229	-0.448908 -0.717774  0.559280
12.28280353	229	-0.446035 -0.715859  0.558083
12.28801155	229	-0.447951 -0.717056  0.559759
12.29322814	227	-0.451542 -0.717535  0.555210
12.29843616	229	-0.441007 -0.718014  0.553773
12.30363559	228	-0.447472 -0.718732  0.554491
12.30883216	229	-0.443641 -0.718253  0.558562
12.31404018	226	-0.446514 -0.723999  0.552816
12.31924438	228	-0.443880 -0.714423  0.554013
12.32443618	228	-0.443402 -0.719450  0.559519
12.32963562	228	-0.450345 -0.715141  0.557843
12.33484840	229	-0.450824 -0.717774  0.551619
12.34006023	226	-0.442205 -0.714901  0.555928
12.34526824	228	-0.445556 -0.717535  0.559280
12.35047626	226	-0.447711 -0.709155  0.563350
12.35568428	226	-0.443402 -0.713944  0.554491
12.36088752	229	-0.438853 -0.715620  0.565505
12.36608409	228	-0.441965 -0.716098  0.554013
12.37128829	228	-0.448190 -0.715380  0.555449
12.37648773	228	-0.447951 -0.717296  0.559998
12.38168430	228	-0.441726 -0.718253  0.568617
12.38688373	229	-0.442205 -0.717296  0.561435
12.39208412	229	-0.445317 -0.715859  0.553773
12.39727592	228	-0.445317 -0.715620  0.561674
12.40247631	228	-0.441007 -0.717296  0.568138
12.40769195	229	-0.445317 -0.714662  0.558322
12.41289997	227	-0.441726 -0.718014  0.554731
12.41810798	228	-0.446275 -0.716338  0.551140
12.42331218	226	-0.439092 -0.715380  0.559998
12.42851638	228	-0.443162 -0.716577  0.553534
12.43372440	229	-0.449866 -0.716577  0.553773
12.43892383	226	-0.447232 -0.716098  0.559519
12.44411563	227	-0.442683 -0.715141  0.559280
12.44931602	228	-0.437177 -0.719690  0.555449
12.45452404	226	-0.442683 -0.718732  0.554491
##inga 
#ido(sec)  szog(ADC)     ax(g)    ay(g)   az(g)
12.46026420	228	-0.444599 -0.713465  0.563350
12.46555995	226	-0.445078 -0.712028  0.550900
12.47082805	227	-0.445796 -0.708916  0.566941
12.47611618	228	-0.443641 -0.723281  0.562392
12.48133182	228	-0.449387 -0.711549  0.550900
12.48652839	229	-0.449866 -0.715859  0.552576
12.49173164	229	-0.446514 -0.713704  0.544675
12.49694442	229	-0.440050 -0.714662  0.561913
12.50215244	228	-0.445317 -0.708437  0.561435
12.50735569	229	-0.454894 -0.716577  0.547788
12.51255607	229	-0.448429 -0.720887  0.548985
12.51776027	229	-0.442683 -0.710592  0.561435
12.52295589	228	-0.444120 -0.710831  0.555928
12.52815628	228	-0.451542 -0.713944  0.555210
12.53335571	229	-0.446514 -0.713465  0.565026
12.53855228	227	-0.443162 -0.714662  0.562392
12.54376411	226	-0.444359 -0.709155  0.554491
12.54897212	228	-0.448429 -0.720647  0.555449
12.55417156	229	-0.441247 -0.712507  0.559998
12.55938434	228	-0.446275 -0.715620  0.554491
12.56459999	229	-0.444359 -0.714901  0.554970
12.56980419	228	-0.444120 -0.719450  0.563111
12.57500362	226	-0.444838 -0.717296  0.556646
12.58020782	229	-0.437177 -0.719450  0.549464
12.58540439	228	-0.445317 -0.717296  0.555210
12.59059238	226	-0.449148 -0.719929  0.563829
12.59580039	226	-0.449866 -0.711789  0.554252
12.60099601	229	-0.444599 -0.720647  0.546351
12.60619640	229	-0.447472 -0.712268  0.557364
12.61141586	229	-0.444599 -0.716577  0.555928
12.61663627	226	-0.443402 -0.719450  0.546830
12.62183189	229	-0.446754 -0.714183  0.553294
12.62704372	228	-0.450824 -0.717774  0.548267
12.63226032	226	-0.439332 -0.712268  0.563111
12.63747215	229	-0.444359 -0.714423  0.561674
12.64267635	226	-0.442683 -0.711310  0.558801
12.64787960	228	-0.440050 -0.712268  0.559759
12.65307998	229	-0.441965 -0.708198  0.552097
12.65827560	228	-0.442683 -0.706522  0.563829
12.66347599	227	-0.441726 -0.714423  0.553294
12.66869163	228	-0.446035 -0.715141  0.550661
12.67389965	229	-0.441965 -0.719211  0.560956
12.67910766	228	-0.441007 -0.713704  0.562153
12.68432426	229	-0.438613 -0.712986  0.555449
12.68953609	229	-0.445796 -0.713225  0.559759
12.69474029	229	-0.441965 -0.711310  0.559040
12.69993972	228	-0.446514 -0.718732  0.550182
12.70513629	229	-0.442683 -0.715859  0.562392
12.71033191	228	-0.443402 -0.716817  0.554013
12.71553230	229	-0.446035 -0.718732  0.546830
12.72072410	229	-0.443641 -0.719450  0.562153
12.72592353	229	-0.447711 -0.709395  0.547548
12.73113155	229	-0.441007 -0.718493  0.555449
12.73634815	228	-0.446754 -0.714662  0.559759
12.74156761	229	-0.442923 -0.715620  0.560477
12.74677181	229	-0.447232 -0.709634  0.560237
12.75198364	229	-0.444120 -0.720647  0.553294
12.75718784	228	-0.444838 -0.712747  0.563829
12.76238822	228	-0.440768 -0.712028  0.561435
12.76758384	228	-0.444120 -0.720647  0.551379
12.77279186	228	-0.436698 -0.714423  0.559998
12.77798843	229	-0.444120 -0.714183  0.563829
12.78318786	228	-0.444599 -0.718253  0.555689
12.78838825	228	-0.450584 -0.718253  0.559759
12.79359626	229	-0.442923 -0.712986  0.554491
12.79881191	229	-0.447232 -0.718253  0.552816
12.80401992	229	-0.442205 -0.712986  0.553055
12.80922794	229	-0.443402 -0.713704  0.566462
12.81444358	226	-0.442444 -0.717056  0.548027
12.81965160	228	-0.445556 -0.715380  0.549943
12.82485198	229	-0.442205 -0.711071  0.554013
12.83004760	229	-0.445078 -0.714901  0.552337
12.83524417	227	-0.448908 -0.717296  0.559040
12.84043979	229	-0.440289 -0.713704  0.554491
12.84564018	228	-0.448190 -0.714423  0.567659
12.85084438	229	-0.443880 -0.714901  0.554491
12.85605621	229	-0.446035 -0.713704  0.554731
12.86127185	227	-0.445078 -0.712268  0.544197
12.86648368	228	-0.447472 -0.721366  0.553534
12.87168788	228	-0.449387 -0.714901  0.558322
12.87689590	226	-0.444838 -0.714901  0.551858
12.88210010	229	-0.444120 -0.715620  0.557364
12.88729953	229	-0.448908 -0.714901  0.560477
12.89250373	229	-0.447472 -0.717774  0.554731
12.89770412	228	-0.447711 -0.719690  0.558083
12.90289974	226	-0.445317 -0.716098  0.558083
12.90811157	229	-0.442444 -0.718253  0.556407
12.91331195	228	-0.444120 -0.719929  0.560956
12.91851615	229	-0.446993 -0.721366  0.555689
12.92373561	229	-0.440768 -0.720169  0.554252
12.92893981	229	-0.447232 -0.713704  0.554252
12.93414783	228	-0.446514 -0.719929  0.554252
12.93934822	228	-0.440289 -0.718253  0.553534
12.94456386	228	-0.447472 -0.717774  0.550182
12.94977188	228	-0.444599 -0.713465  0.558562
12.95497226	229	-0.449627 -0.716817  0.553773
12.96017646	229	-0.455612 -0.719690  0.558083
12.96537208	226	-0.444838 -0.712986  0.559998
12.97057247	228	-0.447232 -0.719690  0.557364
12.97577190	227	-0.447232 -0.710831  0.549464
12.98097229	229	-0.441247 -0.715141  0.551379
##inga 
#ido(sec)  szog(ADC)     ax(g)    ay(g)   az(g)
12.98671245	229	-0.441486 -0.711310  0.558322
12.99203586	229	-0.444599 -0.719929  0.557125
12.99734401	227	-0.447711 -0.717296  0.544675
13.00264835	226	-0.441007 -0.714901  0.559759
13.00785160	228	-0.449627 -0.715620  0.557364
13.01305961	226	-0.442205 -0.712028  0.552816
13.01827621	229	-0.444359 -0.716577  0.557604
13.02348041	229	-0.439092 -0.717535  0.562392
13.02867221	229	-0.439571 -0.713704  0.561674
13.03386783	229	-0.445317 -0.717056  0.548267
13.03906822	226	-0.441007 -0.712747  0.565744
13.04426383	229	-0.445317 -0.718732  0.554970
13.04946422	229	-0.441726 -0.714183  0.554491
13.05465984	228	-0.446275 -0.720169  0.555689
13.05987644	228	-0.447472 -0.710113  0.559519
13.06507205	227	-0.445556 -0.712268  0.560477
13.07027626	228	-0.442444 -0.719211  0.566462
13.07549190	229	-0.446514 -0.716817  0.561913
13.08070755	226	-0.443641 -0.714183  0.550661
13.08590030	229	-0.448669 -0.714901  0.559280
13.09109973	229	-0.446275 -0.709634  0.553773
13.09629154	226	-0.451302 -0.715620  0.550661
13.10149574	228	-0.439092 -0.712268  0.552816
13.10669994	228	-0.443880 -0.715380  0.555210
13.11189556	229	-0.442683 -0.712986  0.559759
13.11709976	229	-0.444599 -0.716817  0.553534
13.12230014	229	-0.441726 -0.714901  0.563111
13.12751579	229	-0.444838 -0.721126  0.553773
13.13272380	228	-0.447472 -0.716817  0.556167
13.13792419	229	-0.446514 -0.715380  0.566223
13.14311981	226	-0.443641 -0.711071  0.561435
13.14834022	228	-0.445556 -0.715141  0.550182
13.15355205	226	-0.444838 -0.716577  0.554013
13.15875244	226	-0.445556 -0.719450  0.559998
13.16396045	229	-0.450584 -0.723760  0.554013
13.16916370	229	-0.445556 -0.715859  0.552816
13.17436790	228	-0.446035 -0.721126  0.558801
13.17956447	229	-0.439332 -0.718014  0.554252
13.18476390	229	-0.441965 -0.720887  0.567420
13.18996810	228	-0.450345 -0.712268  0.557364
13.19518375	226	-0.446993 -0.716577  0.555689
13.20039558	228	-0.445556 -0.716098  0.559759
13.20559978	229	-0.447951 -0.717535  0.562153
13.21081638	229	-0.448908 -0.716098  0.550900
13.21601200	228	-0.442444 -0.712747  0.565984
13.22121238	228	-0.442683 -0.715141  0.553534
13.22642421	229	-0.443641 -0.715620  0.553534
13.23163223	228	-0.439571 -0.718253  0.553055
13.23683166	228	-0.443641 -0.710831  0.557364
13.24203968	229	-0.444838 -0.716338  0.560477
13.24724006	228	-0.447711 -0.714423  0.555689
13.25245952	229	-0.441007 -0.715380  0.564786
13.25766754	229	-0.440768 -0.715620  0.550661
13.26288414	229	-0.447711 -0.715859  0.556167
13.26809978	229	-0.443162 -0.711071  0.557604
13.27330017	229	-0.448429 -0.716338  0.550661
13.27851200	229	-0.451063 -0.716817  0.563350
13.28370761	229	-0.443402 -0.712747  0.555928
13.28890800	227	-0.442444 -0.715141  0.556167
13.29410839	229	-0.445317 -0.712986  0.551858
13.29930019	227	-0.442205 -0.714901  0.556167
13.30451202	229	-0.450345 -0.718253  0.554252
13.30971240	227	-0.440529 -0.715141  0.548745
13.31492424	226	-0.443162 -0.713704  0.553534
13.32013225	228	-0.445556 -0.718253  0.553294
13.32535552	228	-0.443402 -0.718971  0.553534
13.33057212	228	-0.440289 -0.714423  0.559998
13.33577156	226	-0.446514 -0.717056  0.548745
13.34097194	226	-0.440289 -0.717296  0.557604
13.34617233	229	-0.447711 -0.717535  0.557843
13.35138034	229	-0.443162 -0.712986  0.564786
13.35657978	226	-0.441007 -0.710831  0.554970
13.36177158	227	-0.443162 -0.714183  0.554731
13.36698436	228	-0.441486 -0.713465  0.556646
13.37219619	228	-0.447472 -0.710592  0.567181
13.37740421	227	-0.442683 -0.717535  0.557125
13.38260364	226	-0.445796 -0.719211  0.552576
13.38782024	229	-0.447951 -0.716098  0.554491
13.39302825	227	-0.447472 -0.713225  0.549224
13.39822769	229	-0.442444 -0.709634  0.567181
13.40343189	228	-0.438853 -0.717535  0.567899
13.40862846	229	-0.442444 -0.713225  0.548506
13.41382789	229	-0.442683 -0.716338  0.551619
13.41903591	229	-0.445317 -0.720647  0.559519
13.42423629	229	-0.442923 -0.717774  0.558562
13.42943572	229	-0.450584 -0.712986  0.555928
13.43463230	228	-0.445317 -0.717056  0.549703
13.43984413	226	-0.444599 -0.715859  0.559280
13.44503974	226	-0.445796 -0.721605  0.557364
13.45025157	226	-0.441247 -0.722323  0.559280
13.45546436	226	-0.447232 -0.711549  0.557364
13.46066761	229	-0.446993 -0.718493  0.553534
13.46586799	226	-0.439332 -0.717296  0.554491
13.47106838	228	-0.446275 -0.713944  0.563350
13.47626018	229	-0.449866 -0.720169  0.563829
13.48145961	229	-0.451063 -0.709395  0.552097
13.48665237	228	-0.442205 -0.714662  0.555449
13.49185180	228	-0.443162 -0.715620  0.558801
13.49705219	226	-0.438374 -0.709634  0.557843
13.50226020	228	-0.441247 -0.713944  0.554013
13.50746822	226	-0.451063 -0.716098  0.554252
##inga 
#ido(sec)  szog(ADC)     ax(g)    ay(g)   az(g)
13.51321601	229	-0.444359 -0.712986  0.557364
13.51853179	229	-0.443880 -0.715620  0.552816
13.52383232	228	-0.447232 -0.714423  0.559519
13.52914428	228	-0.442683 -0.715620  0.557125
13.53435993	227	-0.444120 -0.715380  0.552097
13.53955554	228	-0.441007 -0.713944  0.561435
13.54475975	229	-0.442683 -0.714183  0.560956
13.54996395	229	-0.445796 -0.719929  0.560237
13.55516815	229	-0.448190 -0.719211  0.560716
13.56036376	228	-0.444838 -0.714901  0.558322
13.56556415	229	-0.443162 -0.710352  0.559040
13.57076358	229	-0.443641 -0.718971  0.565744
13.57596015	228	-0.443641 -0.723281  0.565265
13.58117198	229	-0.446275 -0.718732  0.555449
13.58638763	229	-0.451781 -0.715859  0.555928
13.59160041	229	-0.441965 -0.716338  0.558083
13.59680843	228	-0.444838 -0.715859  0.546112
13.60201168	229	-0.445317 -0.715380  0.563589
13.60721206	229	-0.443641 -0.715859  0.558322
13.61241626	226	-0.446754 -0.710592  0.553773
13.61762046	229	-0.447711 -0.714423  0.558322
13.62282371	226	-0.446514 -0.712268  0.559759
13.62802791	229	-0.442923 -0.717535  0.548985
13.63323593	226	-0.447951 -0.712028  0.553773
13.63843631	229	-0.443402 -0.714662  0.556167
13.64363574	226	-0.442444 -0.717535  0.557364
13.64884376	228	-0.445556 -0.710592  0.551619
13.65405559	227	-0.442205 -0.714183  0.551619
13.65927219	229	-0.445556 -0.708677  0.558322
13.66446781	227	-0.443402 -0.711310  0.559998
13.66966819	229	-0.442444 -0.714423  0.562392
13.67487621	228	-0.441007 -0.714423  0.553773
13.68007564	229	-0.435501 -0.716577  0.558322
13.68527603	229	-0.448190 -0.714423  0.564068
13.69048404	228	-0.442923 -0.714662  0.554491
13.69568443	228	-0.446514 -0.713465  0.561195
13.70089244	226	-0.446514 -0.716098  0.553773
13.70609569	229	-0.452978 -0.710352  0.560237
13.71130752	228	-0.441726 -0.711310  0.554731
13.71651554	227	-0.440050 -0.714901  0.556407
13.72171974	228	-0.437895 -0.714662  0.562392
13.72692394	228	-0.446275 -0.711789  0.560956
13.73213195	228	-0.444599 -0.719929  0.553055
13.73733234	227	-0.446514 -0.712507  0.557604
13.74253177	228	-0.442205 -0.717535  0.552816
13.74773979	228	-0.444838 -0.716817  0.555449
13.75293636	229	-0.441247 -0.714901  0.555689
13.75813961	229	-0.445317 -0.713225  0.550900
13.76335620	227	-0.443402 -0.714901  0.554731
13.76856422	229	-0.443880 -0.712747  0.554491
13.77377223	228	-0.448190 -0.714423  0.562392
13.77898788	229	-0.446993 -0.720408  0.558322
13.78420352	228	-0.443641 -0.719929  0.554252
13.78940391	229	-0.448669 -0.714901  0.558322
13.79460430	228	-0.437656 -0.714183  0.551379
13.79981231	229	-0.446275 -0.718493  0.561435
13.80502414	229	-0.448429 -0.714662  0.559759
13.81021976	229	-0.443641 -0.719690  0.562392
13.81542015	229	-0.443162 -0.715141  0.562153
13.82062816	229	-0.444838 -0.716817  0.553055
13.82584381	228	-0.437416 -0.715380  0.551619
13.83104038	226	-0.444838 -0.716577  0.564308
13.83624362	229	-0.446514 -0.708437  0.548506
13.84145641	227	-0.439810 -0.713465  0.556407
13.84666442	228	-0.452260 -0.718493  0.558322
13.85186386	229	-0.441726 -0.715620  0.562153
13.85706806	229	-0.441247 -0.714183  0.556167
13.86226844	229	-0.452500 -0.720408  0.558801
13.86746788	229	-0.447232 -0.715141  0.561913
13.87267971	228	-0.444599 -0.717535  0.553773
13.87788009	229	-0.443880 -0.714662  0.558322
13.88309192	229	-0.447232 -0.710592  0.553773
13.88829231	227	-0.439810 -0.722084  0.559280
13.89350032	227	-0.442923 -0.717056  0.558322
13.89870834	228	-0.441486 -0.716577  0.553534
13.90391635	228	-0.445556 -0.712028  0.562153
13.90912818	226	-0.445078 -0.714423  0.562632
13.91433238	229	-0.445556 -0.713704  0.562632
13.91952800	228	-0.440768 -0.713225  0.550661
13.92473220	229	-0.444120 -0.709634  0.563350
13.92993164	226	-0.442444 -0.719211  0.554013
13.93513202	226	-0.441007 -0.717774  0.559280
13.94032382	227	-0.446035 -0.715620  0.559519
13.94552421	228	-0.437177 -0.715380  0.558083
13.95073223	228	-0.452260 -0.715859  0.559519
13.95593166	228	-0.445796 -0.722802  0.562153
13.96114826	227	-0.443162 -0.716577  0.560477
13.96637153	229	-0.437895 -0.712986  0.556167
13.97158813	229	-0.440768 -0.713704  0.549224
13.97678756	229	-0.441726 -0.716338  0.552097
13.98199558	226	-0.445556 -0.719450  0.565744
13.98719596	226	-0.444359 -0.718971  0.559519
13.99240398	228	-0.444359 -0.720169  0.555689
13.99760437	229	-0.447951 -0.718014  0.552576
14.00280761	229	-0.449148 -0.712986  0.558322
14.00800418	226	-0.443641 -0.718253  0.558083
14.01321601	227	-0.438853 -0.716338  0.560237
14.01841640	226	-0.443641 -0.714423  0.556646
14.02362823	226	-0.444599 -0.720169  0.561913
14.02884006	228	-0.446514 -0.716338  0.549943
14.03405189	226	-0.446035 -0.713704  0.556167
##inga 
#ido(sec)  szog(ADC)     ax(g)    ay(g)   az(g)
14.03979206	228	-0.442923 -0.716577  0.562871
14.04509639	228	-0.450345 -0.714423  0.562871
14.05038356	227	-0.448429 -0.714423  0.560956
14.05567646	229	-0.443880 -0.719450  0.554731
14.06087589	229	-0.439571 -0.713944  0.553294
14.06607627	227	-0.445078 -0.706761  0.552097
14.07127952	228	-0.441486 -0.718732  0.566941
14.07647609	229	-0.442444 -0.714901  0.555449
14.08168792	229	-0.445317 -0.707719  0.563589
14.08688354	229	-0.449148 -0.718014  0.556886
14.09210014	229	-0.446035 -0.714662  0.558322
14.09730815	227	-0.443402 -0.715859  0.561674
14.10251617	229	-0.438135 -0.716817  0.556646
14.10773181	229	-0.444120 -0.714183  0.554013
14.11293983	228	-0.445078 -0.714423  0.553294
14.11814022	228	-0.445796 -0.716817  0.550182
14.12333583	226	-0.446514 -0.713465  0.550182
14.12854003	226	-0.439571 -0.713944  0.540845
14.13374423	229	-0.445317 -0.713465  0.551619
14.13895606	229	-0.446993 -0.712028  0.562153
14.14416027	229	-0.447472 -0.714901  0.551619
14.14936447	226	-0.443162 -0.716098  0.556407
14.15457153	229	-0.443641 -0.718014  0.559519
14.15977954	226	-0.447232 -0.719929  0.558322
14.16497993	227	-0.443402 -0.713704  0.554970
14.17018795	226	-0.446275 -0.718971  0.559519
14.17540359	229	-0.446754 -0.713944  0.554013
14.18060016	229	-0.443641 -0.717535  0.551140
14.18579196	229	-0.446514 -0.720647  0.565744
14.19098758	227	-0.441965 -0.718732  0.554013
14.19618797	226	-0.444599 -0.720408  0.556646
14.20138359	229	-0.450105 -0.717296  0.555689
14.20658779	229	-0.443402 -0.720887  0.562392
14.21178817	227	-0.440529 -0.712986  0.554970
14.21698760	227	-0.441007 -0.711549  0.555449
14.22219562	229	-0.451302 -0.721126  0.550661
14.22740364	229	-0.445317 -0.719690  0.557604
