##inga 
#ido(sec)  szog(ADC)     ax(g)    ay(g)   az(g)
0.00171200	658	0.269345 0.569814  0.812105
0.00691600	659	0.265514 0.576997  0.794149
##inga 
#ido(sec)  szog(ADC)     ax(g)    ay(g)   az(g)
0.01316400	659	0.263120 0.574363  0.814260
0.01837200	657	0.267669 0.577236  0.811626
0.02359200	658	0.263120 0.576278  0.809471
0.02880000	658	0.270063 0.574603  0.810908
0.03382400	659	0.270063 0.577236  0.811147
0.03884400	658	0.264796 0.576039  0.813781
0.04388400	659	0.267430 0.581067  0.809232
0.04892400	659	0.264796 0.577476  0.812105
0.05397200	657	0.260965 0.572208  0.805641
0.05898800	656	0.272697 0.571730  0.820006
0.06399600	659	0.264557 0.575560  0.806598
0.06901201	656	0.265754 0.572448  0.820245
0.07403600	658	0.275330 0.567899  0.812105
0.07905200	659	0.269584 0.574124  0.816654
0.08408000	658	0.274373 0.570772  0.812584
0.08912000	659	0.264796 0.571011  0.801810
0.09416000	658	0.265993 0.569814  0.815217
0.09919601	659	0.264317 0.570532  0.817133
0.10425601	658	0.268148 0.578194  0.818809
0.10930000	659	0.267190 0.575560  0.816893
0.11432400	659	0.269345 0.570532  0.811387
0.11934001	656	0.269584 0.573166  0.813063
0.12436001	659	0.264317 0.571251  0.810429
0.12939600	656	0.268627 0.569575  0.800613
0.13440799	656	0.264317 0.570772  0.816415
0.13944399	656	0.265754 0.573166  0.810908
0.14448399	659	0.265514 0.572687  0.801571
0.14951999	659	0.270063 0.569814  0.807077
0.15455601	656	0.268866 0.572448  0.815696
0.15959599	659	0.269824 0.571490  0.811865
0.16463198	656	0.270542 0.574603  0.804683
0.16966800	656	0.268866 0.572448  0.817612
0.17470799	659	0.264557 0.574363  0.812584
0.17973999	659	0.268387 0.568138  0.807077
0.18476400	657	0.265514 0.575321  0.815457
0.18978799	659	0.272218 0.575081  0.811387
0.19481200	657	0.268627 0.569335  0.807795
0.19983201	656	0.266472 0.574124  0.808274
0.20485999	659	0.268866 0.576039  0.803247
0.20989999	659	0.270542 0.573166  0.811387
0.21492400	659	0.269584 0.573884  0.809711
0.21996800	658	0.263360 0.574603  0.807317
0.22500000	656	0.264317 0.569096  0.808993
0.23001198	658	0.264317 0.574363  0.814978
0.23504400	659	0.260726 0.576278  0.806598
0.24006800	658	0.270063 0.576757  0.810190
0.24506800	658	0.269824 0.567420  0.803007
0.25007600	656	0.270781 0.565984  0.808993
0.25509200	658	0.270063 0.565744  0.812823
0.26010799	659	0.267430 0.575081  0.810908
0.26514801	656	0.266472 0.575321  0.812823
0.27017998	659	0.266951 0.575081  0.810429
0.27522399	659	0.263120 0.571730  0.810668
0.28025999	659	0.269824 0.571969  0.813781
0.28529200	658	0.264557 0.572927  0.804922
0.29031599	658	0.271739 0.572687  0.804444
0.29535200	657	0.266472 0.572208  0.813063
0.30036399	659	0.269584 0.574363  0.805401
0.30540001	659	0.264796 0.574124  0.808753
0.31043198	656	0.272218 0.577476  0.811626
0.31545600	658	0.266711 0.571730  0.814499
0.32047998	658	0.271739 0.578433  0.818330
0.32551598	658	0.263360 0.576757  0.816175
0.33055999	659	0.262162 0.571730  0.818330
0.33558800	659	0.264796 0.572208  0.805880
0.34060401	656	0.269824 0.573645  0.804683
0.34562799	659	0.267908 0.569335  0.810190
0.35063600	658	0.264317 0.572448  0.809232
0.35565600	658	0.266711 0.571730  0.810668
0.36067600	657	0.266951 0.574124  0.808514
0.36571197	656	0.263360 0.570054  0.812344
0.37074398	659	0.258811 0.568617  0.812105
0.37579598	658	0.270063 0.572208  0.811626
0.38082000	658	0.263360 0.577476  0.803965
0.38586399	657	0.262881 0.566702  0.807795
0.39090800	659	0.265514 0.574124  0.813302
0.39593198	659	0.266472 0.569335  0.812344
0.40096397	656	0.268627 0.570054  0.811865
0.40599198	656	0.267430 0.572927  0.814739
0.41102800	657	0.266711 0.573645  0.805401
0.41606001	659	0.263120 0.572448  0.810668
0.42109198	659	0.266472 0.571011  0.811387
0.42611598	659	0.262881 0.570532  0.818330
0.43114800	657	0.266951 0.568857  0.810668
0.43619599	656	0.267669 0.574603  0.814978
0.44123597	659	0.261205 0.573645  0.815217
0.44627599	657	0.268866 0.571730  0.814978
0.45131597	656	0.269824 0.570293  0.806120
0.45633997	658	0.263838 0.575560  0.814978
0.46135601	659	0.265275 0.576278  0.812344
0.46638398	659	0.264796 0.567899  0.803007
0.47140398	656	0.273894 0.569335  0.810908
0.47642798	659	0.263120 0.573884  0.808035
0.48145599	659	0.269106 0.576757  0.812584
0.48647999	657	0.268627 0.567659  0.805162
0.49151601	659	0.270781 0.576757  0.807317
0.49654798	659	0.269584 0.578194  0.813063
0.50159196	657	0.266233 0.577715  0.815217
0.50663604	658	0.265035 0.573405  0.808514
0.51167602	656	0.270781 0.577476  0.806598
0.51671600	657	0.265514 0.574842  0.803247
##inga 
#ido(sec)  szog(ADC)     ax(g)    ay(g)   az(g)
0.52225999	658	0.274133 0.579152  0.813781
0.52751202	658	0.263360 0.571730  0.808753
0.53273601	656	0.268148 0.575321  0.809711
0.53786802	656	0.267908 0.571011  0.808514
0.54288396	658	0.263599 0.571251  0.800613
0.54791598	657	0.264317 0.570293  0.813541
0.55294799	659	0.266233 0.577715  0.810429
0.55798797	656	0.263120 0.564068  0.808514
0.56302399	657	0.266711 0.574124  0.807077
0.56807603	658	0.261684 0.574363  0.809471
0.57309999	657	0.269345 0.576039  0.812344
0.57814002	657	0.267908 0.568617  0.810908
0.58316397	659	0.267669 0.572927  0.814260
0.58818798	659	0.265514 0.571251  0.808753
0.59321999	657	0.257853 0.568378  0.813302
0.59824399	656	0.269345 0.574363  0.808274
0.60327200	659	0.266472 0.573645  0.813063
0.60829997	659	0.265754 0.573645  0.808035
0.61335601	659	0.271739 0.579870  0.819766
0.61839599	658	0.265993 0.573166  0.813541
0.62342400	658	0.271021 0.577236  0.812105
0.62845602	658	0.271021 0.579630  0.818090
0.63348798	659	0.269106 0.575560  0.804683
0.63850402	656	0.265754 0.579152  0.809950
0.64354000	656	0.270303 0.573645  0.813302
0.64854001	658	0.267669 0.575560  0.806120
0.65355997	659	0.263838 0.578194  0.815696
0.65859198	659	0.265035 0.574603  0.813781
0.66361598	656	0.266951 0.574603  0.812344
0.66865997	658	0.263360 0.571011  0.808274
0.67369995	658	0.267669 0.572448  0.806838
0.67874402	659	0.268387 0.573405  0.808035
0.68378801	656	0.264796 0.567659  0.808993
0.68883600	658	0.260965 0.573166  0.806838
0.69385199	657	0.264557 0.572927  0.805162
0.69887599	658	0.269106 0.567420  0.817612
0.70389199	659	0.265754 0.568617  0.812584
0.70892000	659	0.269106 0.566462  0.811865
0.71393198	658	0.266711 0.573884  0.813063
0.71897201	659	0.266233 0.573405  0.802049
0.72401599	656	0.268387 0.577715  0.811865
0.72903199	657	0.266233 0.571011  0.805641
0.73407602	657	0.263120 0.573405  0.806120
0.73912000	659	0.273894 0.574842  0.807556
0.74415597	659	0.261444 0.569096  0.813781
0.74919199	658	0.264078 0.576997  0.811147
0.75421600	658	0.263120 0.573166  0.812344
0.75923995	656	0.267908 0.573884  0.814978
0.76425199	659	0.266951 0.572687  0.804444
0.76928400	658	0.268866 0.568857  0.810190
0.77431602	658	0.263838 0.574603  0.806120
0.77933597	656	0.270781 0.570293  0.811387
0.78436398	659	0.266472 0.573166  0.808035
0.78940396	659	0.269584 0.574842  0.807077
0.79445600	659	0.271260 0.576757  0.807317
0.79949998	659	0.262162 0.573166  0.806120
0.80453195	659	0.264317 0.577954  0.807556
0.80956401	659	0.271739 0.570772  0.803965
0.81458005	659	0.265035 0.574363  0.809232
0.81960401	657	0.267430 0.576278  0.802049
0.82462797	657	0.268148 0.570772  0.810908
0.82965202	658	0.269345 0.577236  0.817612
0.83468399	656	0.269824 0.571011  0.807077
0.83972797	659	0.270063 0.578673  0.805401
0.84475603	656	0.264078 0.574842  0.811387
0.84978799	659	0.266951 0.569814  0.808993
0.85484399	656	0.263838 0.576278  0.816175
0.85989198	658	0.270063 0.574842  0.815217
0.86492404	656	0.271500 0.570054  0.803486
0.86996402	658	0.270781 0.569575  0.817133
0.87499198	659	0.271739 0.574124  0.812105
0.88002405	658	0.263120 0.573645  0.804683
0.88505201	659	0.263838 0.578673  0.805401
0.89008407	659	0.271021 0.575081  0.807556
0.89512004	659	0.268148 0.575800  0.809711
0.90014801	657	0.268387 0.575321  0.814499
0.90518398	658	0.268148 0.572687  0.812344
0.91022005	658	0.266711 0.576997  0.809950
0.91527595	656	0.266233 0.569096  0.806120
0.92032403	657	0.267430 0.576997  0.820485
0.92536401	659	0.262881 0.572448  0.810908
0.93039598	656	0.269584 0.575560  0.807795
0.93542394	658	0.269824 0.573645  0.807317
0.94044799	657	0.266711 0.573166  0.811865
0.94548397	659	0.267190 0.574363  0.807077
0.95050802	658	0.260247 0.570293  0.815696
0.95553598	659	0.265754 0.575560  0.808035
0.96057205	658	0.267669 0.573645  0.814260
0.96561994	659	0.270063 0.571730  0.809471
0.97063999	656	0.266233 0.567899  0.811865
0.97568798	659	0.258332 0.570532  0.819527
0.98073997	659	0.265514 0.575081  0.813781
0.98577995	659	0.267190 0.573645  0.808514
0.99079198	659	0.263360 0.573405  0.813302
0.99581203	656	0.269584 0.567420  0.802528
1.00082004	657	0.262881 0.576039  0.804204
1.00585997	659	0.268148 0.565505  0.814020
1.01088798	658	0.269345 0.569575  0.816654
1.01592004	656	0.260008 0.571011  0.799176
1.02095198	658	0.262162 0.567899  0.807077
1.02600395	659	0.265514 0.566702  0.802289
##inga 
#ido(sec)  szog(ADC)     ax(g)    ay(g)   az(g)
1.03158795	659	0.263360 0.573405  0.815457
1.03682005	658	0.260487 0.577236  0.809950
1.04203605	656	0.265993 0.573405  0.809950
1.04714798	658	0.269584 0.570054  0.816893
1.05218398	657	0.265993 0.576518  0.804922
1.05720400	659	0.271979 0.570054  0.809232
1.06223201	656	0.267430 0.572687  0.806838
1.06726002	657	0.267190 0.575560  0.808035
1.07229197	659	0.265754 0.571969  0.812823
1.07732403	659	0.268866 0.576997  0.804683
1.08236396	659	0.267669 0.572448  0.807556
1.08740401	658	0.270781 0.574363  0.806598
1.09244001	659	0.267669 0.578673  0.808035
1.09749996	657	0.267908 0.567181  0.822879
1.10253202	659	0.264796 0.576757  0.800613
1.10757195	658	0.259768 0.573166  0.809471
1.11259996	658	0.260247 0.581546  0.805162
1.11762797	657	0.264796 0.576278  0.810429
1.12264800	659	0.266711 0.565744  0.817612
1.12768399	658	0.272457 0.576039  0.807317
1.13272404	658	0.266711 0.571011  0.809471
1.13775599	659	0.269584 0.572208  0.820724
1.14279997	657	0.270542 0.574124  0.819288
1.14784002	659	0.267669 0.571490  0.809471
1.15287601	658	0.264796 0.573166  0.818569
1.15791594	659	0.269106 0.574124  0.813541
1.16294801	658	0.265035 0.574363  0.809471
1.16797196	658	0.262881 0.576518  0.810429
1.17299604	659	0.271260 0.573645  0.810908
1.17803204	656	0.262402 0.573645  0.812584
1.18306398	658	0.266233 0.576997  0.813302
1.18809199	656	0.261684 0.573166  0.812823
1.19312799	656	0.265035 0.573884  0.812823
1.19814002	657	0.260965 0.579870  0.808514
1.20317196	659	0.270063 0.565505  0.825991
1.20821201	659	0.267190 0.571251  0.819288
1.21325600	658	0.266472 0.576997  0.813302
1.21829998	659	0.263838 0.572687  0.813781
1.22334802	659	0.268148 0.575081  0.806598
1.22838795	656	0.267908 0.577715  0.811387
1.23341596	658	0.269106 0.578433  0.815457
1.23844003	658	0.269824 0.572927  0.820006
1.24346005	657	0.268866 0.576997  0.810668
1.24847602	656	0.268387 0.574363  0.805880
1.25349998	658	0.270303 0.575800  0.806120
1.25853204	659	0.270781 0.575321  0.811387
1.26356399	658	0.269345 0.576278  0.802049
1.26861202	659	0.271260 0.578433  0.808035
1.27364397	658	0.263838 0.575560  0.814260
1.27869200	656	0.262402 0.574603  0.812584
1.28371596	659	0.269106 0.574363  0.813302
1.28874004	658	0.264796 0.572687  0.804683
1.29377996	658	0.265275 0.573166  0.809950
1.29881596	659	0.266233 0.574124  0.806598
1.30385601	658	0.274852 0.572448  0.816893
1.30887997	658	0.268866 0.574124  0.812823
1.31390798	658	0.267669 0.572448  0.817851
1.31894397	659	0.271021 0.565505  0.811387
1.32398796	657	0.265035 0.574363  0.813541
1.32901203	658	0.262402 0.571730  0.810668
1.33405196	656	0.269584 0.574124  0.810190
1.33908402	657	0.271739 0.573166  0.812584
1.34412395	659	0.272457 0.573405  0.795346
1.34914803	656	0.273176 0.575800  0.809471
1.35416400	657	0.263360 0.564786  0.814260
1.35919201	658	0.267430 0.569814  0.813541
1.36422002	657	0.263599 0.568617  0.808993
1.36925601	656	0.262402 0.567899  0.807556
1.37427604	658	0.265514 0.573166  0.810908
1.37932002	656	0.264796 0.572448  0.813781
1.38435602	656	0.265754 0.569335  0.811147
1.38940000	659	0.272936 0.576518  0.808514
1.39442801	658	0.267430 0.579391  0.809950
1.39946794	659	0.264078 0.578194  0.809471
1.40450000	658	0.265993 0.574363  0.803247
1.40951595	659	0.266711 0.572687  0.813541
1.41454801	659	0.269345 0.572448  0.805162
1.41957998	656	0.268148 0.574603  0.810908
1.42461204	659	0.263120 0.573166  0.804683
1.42965197	657	0.267669 0.576997  0.814020
1.43469200	656	0.265514 0.570054  0.811387
1.43973598	656	0.267908 0.573645  0.812584
1.44477996	659	0.265275 0.571011  0.813302
1.44982805	659	0.267190 0.576039  0.807556
1.45487594	656	0.267908 0.576039  0.805880
1.45989999	656	0.265993 0.570293  0.811626
1.46493997	657	0.270063 0.568378  0.809471
1.46995997	659	0.270303 0.571969  0.812105
1.47497997	658	0.267908 0.570772  0.813063
1.47999596	656	0.265993 0.567181  0.811865
1.48502802	659	0.266951 0.573166  0.812344
1.49007201	658	0.265035 0.571011  0.815696
1.49511599	658	0.265275 0.567899  0.804444
1.50016403	656	0.269345 0.573645  0.816654
1.50519204	659	0.259529 0.572448  0.813063
1.51023602	656	0.266711 0.576997  0.811387
1.51529207	658	0.261684 0.574124  0.815696
1.52033996	659	0.268627 0.573405  0.816175
1.52538003	658	0.270063 0.570293  0.812823
1.53039207	656	0.266233 0.571011  0.809711
1.53541603	657	0.261923 0.571730  0.812344
##inga 
#ido(sec)  szog(ADC)     ax(g)    ay(g)   az(g)
1.54098405	659	0.266951 0.572687  0.818809
1.54621195	658	0.266472 0.573645  0.808993
1.55144796	658	0.264796 0.576757  0.819527
1.55659999	656	0.268148 0.576039  0.814739
1.56164798	658	0.266233 0.575560  0.807795
1.56669998	659	0.267190 0.576997  0.812105
1.57174396	658	0.267669 0.574363  0.811865
1.57677197	658	0.270781 0.579870  0.809950
1.58180403	658	0.266711 0.575081  0.807317
1.58684396	659	0.267430 0.576997  0.810429
1.59187602	659	0.270063 0.571969  0.809232
1.59689197	657	0.264317 0.575321  0.813781
1.60193595	659	0.266233 0.574842  0.811626
1.60697197	659	0.266472 0.578433  0.810908
1.61200404	659	0.269106 0.578194  0.810668
1.61703205	659	0.267190 0.574603  0.808035
1.62207198	659	0.265035 0.575560  0.810429
1.62710800	659	0.268387 0.581785  0.809471
1.63215994	658	0.269106 0.578912  0.816415
1.63719201	659	0.266233 0.570532  0.812584
1.64225196	658	0.264078 0.576518  0.801571
1.64728403	659	0.266233 0.574842  0.805880
1.65233192	658	0.266951 0.571011  0.808514
1.65737199	657	0.269824 0.575321  0.805641
1.66239595	659	0.265275 0.567659  0.814260
1.66743192	657	0.267669 0.573405  0.806120
1.67244396	659	0.264796 0.577954  0.806598
1.67746791	656	0.268148 0.574363  0.807556
1.68250799	659	0.268627 0.577715  0.809950
1.68754005	656	0.262641 0.571251  0.808753
1.69259204	656	0.267908 0.573645  0.815936
1.69762396	658	0.272697 0.574842  0.810668
1.70268001	659	0.268148 0.567899  0.818569
1.70774402	659	0.269106 0.576278  0.808035
1.71277198	659	0.277246 0.578912  0.809950
1.71779594	658	0.264796 0.581785  0.814020
1.72282004	659	0.268387 0.579152  0.806120
1.72784399	656	0.266233 0.575800  0.804444
1.73287591	658	0.270063 0.577954  0.809471
1.73790001	658	0.270063 0.577236  0.807317
1.74292397	658	0.261923 0.574124  0.808035
1.74797201	659	0.271260 0.572208  0.806838
1.75301194	658	0.265035 0.569575  0.814739
1.75805997	657	0.260726 0.577954  0.811387
1.76311197	658	0.268148 0.567899  0.810190
1.76816406	658	0.270781 0.573405  0.801331
1.77320003	659	0.267190 0.570054  0.811626
1.77822804	659	0.263120 0.574603  0.811626
1.78325200	658	0.262641 0.571251  0.817133
1.78828802	658	0.267190 0.573166  0.805401
1.79331197	659	0.269106 0.572208  0.805641
1.79834403	658	0.267669 0.572687  0.808753
1.80337200	659	0.267908 0.570772  0.810190
1.80840797	659	0.262881 0.570772  0.810429
1.81345195	658	0.268627 0.574124  0.817372
1.81848392	658	0.265514 0.572448  0.805162
1.82353200	658	0.265754 0.569814  0.811626
1.82856798	656	0.267669 0.574842  0.819048
1.83361196	656	0.264796 0.574363  0.808753
1.83864402	658	0.265754 0.576039  0.813302
1.84366798	659	0.265035 0.576757  0.808514
1.84869203	658	0.271500 0.576278  0.810429
1.85370006	657	0.261923 0.569814  0.812823
1.85873203	658	0.266951 0.575560  0.809950
1.86375598	658	0.266711 0.578194  0.805401
1.86880006	656	0.270303 0.578433  0.814020
1.87382402	659	0.271260 0.568138  0.809711
1.87887592	658	0.273894 0.572208  0.818330
1.88390808	659	0.262881 0.573645  0.811865
1.88895998	659	0.267190 0.570054  0.817851
1.89400396	658	0.268387 0.576757  0.813541
1.89903602	658	0.265035 0.577236  0.807077
1.90406799	656	0.269584 0.575800  0.806359
1.90909194	657	0.265035 0.567659  0.815696
1.91411600	659	0.266233 0.577476  0.813302
1.91916389	658	0.265514 0.578912  0.806359
1.92420806	659	0.261684 0.572208  0.806120
1.92925596	657	0.264317 0.574363  0.810908
1.93430805	658	0.273894 0.572448  0.812344
1.93934001	656	0.263120 0.571251  0.813302
1.94439601	659	0.262641 0.569575  0.808274
1.94945201	656	0.266951 0.578912  0.808514
1.95449600	658	0.261205 0.576278  0.817372
1.95953197	657	0.272218 0.567420  0.811865
1.96456804	656	0.266711 0.574842  0.796782
1.96959600	657	0.274852 0.573166  0.805880
1.97461996	659	0.269106 0.574603  0.814499
1.97964391	659	0.265514 0.577236  0.816654
1.98468008	658	0.265754 0.577715  0.801810
1.98971605	658	0.264317 0.575321  0.809950
1.99474802	659	0.265993 0.573884  0.815217
1.99978809	656	0.268627 0.572927  0.816654
2.00482797	658	0.270781 0.572927  0.805641
2.00987601	659	0.266711 0.577954  0.815936
2.01494002	659	0.267908 0.579391  0.800374
2.01996397	657	0.270542 0.577954  0.809471
2.02498388	658	0.263360 0.573166  0.815217
2.03001189	656	0.265275 0.575081  0.816893
2.03503608	659	0.271979 0.577476  0.804204
2.04006791	659	0.268627 0.572448  0.807077
2.04510807	658	0.272936 0.575321  0.813781
##inga 
#ido(sec)  szog(ADC)     ax(g)    ay(g)   az(g)
2.05067205	656	0.271021 0.574842  0.824555
2.05589199	656	0.270781 0.569814  0.806598
2.06111598	659	0.264796 0.571490  0.804683
2.06626796	656	0.264317 0.570772  0.821442
2.07131600	658	0.270542 0.575321  0.806838
2.07635593	659	0.267190 0.570054  0.817851
2.08139610	658	0.264557 0.575321  0.811147
2.08643603	658	0.270303 0.576039  0.815696
2.09144806	659	0.262881 0.572687  0.812344
2.09648394	659	0.270063 0.578433  0.811147
2.10150790	659	0.267190 0.574124  0.813302
2.10653209	657	0.264796 0.577715  0.804444
2.11155605	659	0.265754 0.571011  0.811865
2.11660790	659	0.260247 0.571490  0.808753
2.12163591	658	0.267190 0.579630  0.803007
2.12667202	658	0.265993 0.577954  0.806359
2.13172411	659	0.271500 0.572448  0.814499
2.13674807	659	0.269584 0.575800  0.804444
2.14177989	659	0.269824 0.571011  0.808514
2.14682006	658	0.270303 0.573645  0.810429
2.15182805	657	0.266711 0.579152  0.813302
2.15686798	658	0.265993 0.573884  0.811626
2.16189193	658	0.265754 0.574603  0.812344
2.16691207	658	0.268627 0.577476  0.816893
2.17196393	657	0.269106 0.576039  0.815936
2.17699193	657	0.269824 0.572927  0.817133
2.18202400	657	0.268148 0.579152  0.806598
2.18706393	657	0.263360 0.576278  0.810429
2.19211602	657	0.267190 0.576997  0.806359
2.19716405	658	0.264796 0.569096  0.804204
2.20219993	658	0.265514 0.580588  0.811387
2.20723605	659	0.267669 0.572687  0.809950
2.21226000	658	0.267669 0.575321  0.803486
2.21729207	657	0.266951 0.573166  0.811147
2.22233200	656	0.268148 0.569096  0.792473
2.22736001	657	0.267908 0.575081  0.811387
2.23238396	659	0.270063 0.572448  0.810429
2.23741197	659	0.269345 0.569575  0.802289
2.24244809	658	0.265993 0.566941  0.804204
2.24748802	659	0.268627 0.574363  0.805162
2.25254392	659	0.269106 0.565265  0.814739
2.25758790	659	0.269106 0.571969  0.809471
2.26261997	659	0.264557 0.571490  0.813063
2.26764392	659	0.269106 0.573166  0.802528
2.27266001	659	0.266472 0.572208  0.808274
2.27767610	658	0.264078 0.570772  0.809232
2.28270792	658	0.272457 0.571011  0.804683
2.28773593	658	0.264557 0.574603  0.809950
2.29276800	658	0.271979 0.572448  0.806838
2.29781603	658	0.264796 0.573166  0.818090
2.30283999	659	0.269584 0.575560  0.810668
2.30789208	659	0.265754 0.572448  0.812823
2.31292796	658	0.267190 0.573645  0.810190
2.31795191	658	0.272457 0.574603  0.810908
2.32297611	659	0.268148 0.571251  0.813541
2.32801198	659	0.270063 0.578912  0.805880
2.33303189	658	0.267430 0.579391  0.812584
2.33805990	658	0.268148 0.577476  0.805880
2.34308409	659	0.267908 0.575321  0.812105
2.34811592	659	0.269824 0.574603  0.808274
2.35315608	656	0.264796 0.572448  0.812823
2.35819602	659	0.265993 0.575321  0.809232
2.36323595	658	0.268866 0.568617  0.803965
2.36828398	659	0.264557 0.573645  0.811626
2.37333202	658	0.260965 0.576278  0.801571
2.37837195	658	0.271739 0.571730  0.803965
2.38340401	659	0.269345 0.573405  0.814739
2.38842797	657	0.273894 0.571011  0.807317
2.39345598	656	0.266233 0.569814  0.820963
2.39849209	656	0.267190 0.572448  0.806598
2.40351605	659	0.265993 0.573645  0.814260
2.40852808	659	0.264557 0.571730  0.814499
2.41357207	658	0.271739 0.571730  0.805401
2.41861605	659	0.270063 0.570532  0.815696
2.42365193	656	0.269345 0.572927  0.813541
2.42870807	659	0.269345 0.571730  0.808753
2.43374800	658	0.269584 0.570293  0.813541
2.43878006	659	0.263838 0.567420  0.809471
2.44380807	658	0.262881 0.573645  0.811865
2.44884395	658	0.267430 0.572927  0.810190
2.45386791	659	0.263599 0.573884  0.809711
2.45889592	657	0.271979 0.578673  0.814739
2.46393990	657	0.268387 0.575321  0.804922
2.46897602	659	0.269106 0.576039  0.813063
2.47402000	656	0.272457 0.575560  0.813781
2.47905206	656	0.268387 0.573645  0.811626
2.48409605	656	0.264557 0.572927  0.805641
2.48916006	657	0.266472 0.580588  0.814260
2.49419593	659	0.267190 0.571011  0.811865
2.49923610	659	0.263360 0.578194  0.815217
2.50427603	658	0.262162 0.571011  0.809232
2.50930404	658	0.264317 0.576278  0.803725
2.51433205	659	0.265275 0.578912  0.808035
2.51936411	659	0.271739 0.569814  0.806598
2.52439594	659	0.264796 0.575800  0.803725
2.52943205	656	0.269345 0.572448  0.820485
2.53446388	659	0.263120 0.571251  0.813302
2.53951191	658	0.269345 0.573166  0.807556
2.54454803	657	0.267190 0.572927  0.812105
2.54958391	659	0.264557 0.576997  0.812584
2.55463600	658	0.263838 0.571251  0.812105
##inga 
#ido(sec)  szog(ADC)     ax(g)    ay(g)   az(g)
2.56020808	656	0.268387 0.569096  0.815936
2.56543588	659	0.265275 0.560477  0.809471
2.57066011	658	0.265035 0.567420  0.810429
2.57577204	658	0.270303 0.572208  0.813063
2.58078789	657	0.268866 0.569814  0.816415
2.58581209	656	0.270542 0.576518  0.813302
2.59084010	656	0.267190 0.573405  0.805162
2.59588408	658	0.268148 0.573884  0.809950
2.60091590	659	0.268866 0.574842  0.807317
2.60596394	659	0.276288 0.574363  0.816893
2.61101603	659	0.262162 0.569096  0.814978
2.61606788	659	0.265754 0.572448  0.817133
2.62112402	659	0.269106 0.573405  0.810908
2.62615609	659	0.270303 0.574363  0.815217
2.63118791	659	0.273176 0.571969  0.804683
2.63622808	659	0.271739 0.570054  0.804683
2.64126801	659	0.267908 0.574363  0.822639
2.64629197	658	0.265754 0.576757  0.806598
2.65132808	658	0.265754 0.578194  0.805401
2.65635991	657	0.266233 0.567899  0.814978
2.66140794	659	0.268148 0.573166  0.811147
2.66644406	658	0.266472 0.571730  0.806359
2.67147588	658	0.270542 0.580349  0.808753
2.67651605	657	0.268148 0.569335  0.808993
2.68156409	656	0.268866 0.571011  0.815457
2.68660402	659	0.269584 0.569575  0.808993
2.69164395	658	0.269584 0.570293  0.812344
2.69667601	659	0.263360 0.575800  0.811865
2.70169997	659	0.270303 0.570532  0.814499
2.70671606	658	0.265275 0.574124  0.799895
2.71176004	659	0.264317 0.572927  0.809471
2.71679210	659	0.270063 0.571011  0.817372
2.72181606	658	0.261684 0.572687  0.811626
2.72686409	658	0.266711 0.574603  0.813063
2.73191189	659	0.272457 0.574124  0.813781
2.73695993	656	0.263599 0.572687  0.813302
2.74201202	658	0.270303 0.571251  0.813781
2.74705195	659	0.261444 0.568857  0.818809
2.75209999	658	0.271260 0.571490  0.821203
2.75711607	657	0.265035 0.574842  0.807556
2.76214003	659	0.268148 0.571969  0.808035
2.76716399	659	0.272218 0.578673  0.807077
2.77218794	659	0.270303 0.572448  0.809232
2.77721595	658	0.267669 0.577476  0.815217
2.78225588	659	0.267908 0.571490  0.811626
2.78729200	658	0.268627 0.574124  0.809950
2.79233193	658	0.264078 0.573405  0.803486
2.79737591	659	0.268387 0.573405  0.810908
2.80242395	659	0.266472 0.569096  0.812584
2.80746793	656	0.266233 0.574363  0.807556
2.81249599	659	0.267190 0.571011  0.809232
2.81752395	659	0.271021 0.577715  0.810429
2.82254009	657	0.269106 0.572208  0.803007
2.82755584	659	0.268866 0.570054  0.803725
2.83259601	656	0.263838 0.575800  0.806120
2.83763198	659	0.269106 0.573645  0.801571
2.84267215	659	0.268387 0.569335  0.808514
2.84770793	659	0.263838 0.577715  0.807077
2.85274791	657	0.263360 0.569814  0.800374
2.85780811	658	0.269345 0.573645  0.807556
2.86285591	659	0.267190 0.564547  0.804204
2.86789989	657	0.269345 0.575081  0.806838
2.87294006	659	0.259529 0.569096  0.810908
2.87798004	659	0.273654 0.578194  0.807317
2.88301200	658	0.259768 0.566462  0.809711
2.88802795	658	0.268866 0.576278  0.808993
2.89305992	659	0.268387 0.572448  0.813541
2.89809207	656	0.268627 0.572208  0.805880
2.90310783	659	0.263120 0.572687  0.808274
2.90814800	658	0.270542 0.572448  0.816893
2.91319608	656	0.263599 0.569335  0.813541
2.91823196	659	0.276767 0.576039  0.803725
2.92327594	659	0.267430 0.574842  0.803486
2.92831211	657	0.266711 0.575800  0.808274
2.93335609	658	0.268866 0.567181  0.810668
2.93839187	659	0.266711 0.575560  0.810429
2.94341993	659	0.265993 0.571730  0.809711
2.94845199	658	0.266711 0.577715  0.822161
2.95350408	659	0.266233 0.571011  0.813063
2.95854806	659	0.266472 0.576278  0.822161
2.96357612	658	0.273176 0.573166  0.820485
2.96862010	656	0.264796 0.577476  0.814260
2.97365999	659	0.265275 0.579630  0.812823
2.97870397	659	0.266472 0.579391  0.808514
2.98375205	658	0.268866 0.564068  0.798698
2.98880405	659	0.266951 0.576039  0.810429
2.99383211	659	0.268866 0.573166  0.813063
2.99885606	659	0.265275 0.573166  0.808514
3.00389194	659	0.269824 0.567181  0.811626
3.00893211	659	0.265275 0.572927  0.816893
3.01396393	659	0.268387 0.568857  0.816415
3.01900005	658	0.269106 0.575800  0.808993
3.02403211	658	0.269345 0.577954  0.809232
3.02905607	659	0.265275 0.577715  0.808993
3.03409194	658	0.260008 0.574842  0.809471
3.03912401	659	0.270781 0.571730  0.808274
3.04415202	659	0.266951 0.567420  0.812823
3.04920005	656	0.267908 0.574363  0.803486
3.05422806	657	0.264317 0.573166  0.813063
3.05926799	659	0.261205 0.571490  0.815217
3.06429195	659	0.266233 0.569814  0.812823
##inga 
#ido(sec)  szog(ADC)     ax(g)    ay(g)   az(g)
3.06985592	658	0.271260 0.574842  0.803486
3.07508397	659	0.261923 0.575800  0.813781
3.08031606	658	0.273176 0.574842  0.808753
3.08543992	657	0.261205 0.576039  0.804922
3.09048008	659	0.269106 0.574603  0.810908
3.09552407	659	0.265514 0.575800  0.810190
3.10056400	659	0.263599 0.578912  0.813302
3.10560011	658	0.266233 0.578433  0.814020
3.11064410	656	0.268627 0.575560  0.801571
3.11567592	658	0.267190 0.574842  0.817372
3.12069988	658	0.264557 0.573166  0.813781
3.12573194	659	0.268627 0.571730  0.809471
3.13076400	658	0.268148 0.578194  0.811865
3.13579201	658	0.275809 0.574363  0.810908
3.14082002	659	0.266951 0.578912  0.811626
3.14585995	659	0.263360 0.575081  0.809950
3.15089607	659	0.268866 0.572208  0.812105
3.15593194	659	0.266233 0.575321  0.810668
3.16096806	659	0.264317 0.572927  0.811626
3.16601610	659	0.270542 0.573166  0.803007
3.17105197	658	0.257853 0.570772  0.811626
3.17609190	656	0.266711 0.573405  0.802768
3.18113207	659	0.265275 0.576278  0.803965
3.18617606	659	0.269106 0.569814  0.814739
3.19120407	658	0.272697 0.571011  0.807556
3.19623589	658	0.266233 0.576278  0.808035
3.20127606	659	0.266711 0.574603  0.812105
3.20630788	658	0.272218 0.574842  0.809950
3.21133995	659	0.270303 0.576997  0.801092
3.21637201	659	0.269824 0.574603  0.806359
3.22142004	657	0.264317 0.565505  0.813541
3.22645998	658	0.268148 0.571969  0.813541
3.23150801	659	0.274133 0.572927  0.810668
3.23657202	659	0.260726 0.575081  0.800613
3.24161195	657	0.267190 0.576757  0.814020
3.24662804	659	0.265035 0.573645  0.809471
3.25164389	658	0.267669 0.578433  0.808993
3.25667595	658	0.265754 0.575800  0.814739
3.26169991	659	0.268866 0.572448  0.811865
3.26672410	656	0.269345 0.576997  0.807556
3.27174806	659	0.267430 0.571251  0.821203
3.27679204	659	0.265514 0.569575  0.811865
3.28183197	658	0.266233 0.569814  0.805162
3.28688406	656	0.273176 0.571730  0.817612
3.29193210	658	0.268148 0.572687  0.811865
3.29697203	659	0.270063 0.571251  0.821442
3.30199599	658	0.267908 0.566941  0.818809
3.30701994	658	0.266951 0.572448  0.817612
3.31205201	656	0.272697 0.568857  0.807317
3.31708407	659	0.268387 0.569096  0.807317
3.32210803	659	0.262881 0.570532  0.804204
3.32714796	658	0.263120 0.572927  0.813302
3.33218002	658	0.260487 0.578194  0.807317
3.33721995	658	0.270063 0.572448  0.814499
3.34225201	659	0.262881 0.571011  0.817851
3.34730410	659	0.262402 0.575560  0.815217
3.35234808	656	0.262881 0.568617  0.812105
3.35740399	659	0.261205 0.572448  0.804922
3.36243605	657	0.274612 0.570532  0.801810
3.36746001	658	0.266711 0.575081  0.806838
3.37249207	659	0.265993 0.571011  0.807556
3.37751603	658	0.268627 0.574124  0.814020
3.38253998	659	0.270542 0.572208  0.804444
3.38756394	658	0.263360 0.572448  0.807795
3.39260005	658	0.270303 0.573645  0.807317
3.39763593	659	0.268866 0.571730  0.810668
3.40266394	658	0.271979 0.571490  0.813063
3.40770792	659	0.271500 0.574124  0.805162
3.41274809	656	0.267908 0.574363  0.811147
3.41778802	656	0.271260 0.579152  0.803486
3.42282009	659	0.269106 0.574842  0.804683
3.42785191	659	0.262881 0.575321  0.804922
3.43287611	659	0.271021 0.574603  0.811865
3.43790006	656	0.269584 0.572687  0.812584
3.44292402	658	0.265275 0.571490  0.811387
3.44795203	658	0.265514 0.571251  0.812344
3.45299196	659	0.262641 0.570293  0.810908
3.45804405	657	0.262162 0.576997  0.806838
3.46309590	658	0.267190 0.570054  0.811387
3.46813607	657	0.267669 0.575081  0.815936
3.47318792	659	0.266233 0.568378  0.793909
3.47824406	658	0.263599 0.569575  0.799655
3.48328804	659	0.271500 0.571730  0.814499
3.48830795	659	0.271500 0.574124  0.804204
3.49333190	659	0.266472 0.573405  0.813063
3.49835610	658	0.267190 0.573166  0.813063
3.50338006	659	0.267430 0.574124  0.807317
3.50841999	656	0.270063 0.572208  0.803725
3.51344394	658	0.266472 0.575800  0.804922
3.51846790	657	0.270781 0.579152  0.808753
3.52349996	659	0.270303 0.573405  0.816654
3.52853608	659	0.271500 0.570054  0.814020
3.53358006	659	0.265514 0.579391  0.802049
3.53861999	658	0.268866 0.576518  0.811387
3.54365205	658	0.271500 0.577236  0.810908
3.54867601	659	0.265993 0.577236  0.819527
3.55370807	656	0.264557 0.571011  0.809471
3.55874395	658	0.267190 0.578912  0.803965
3.56378388	657	0.266472 0.580109  0.806120
3.56881999	656	0.268148 0.579391  0.807317
3.57384800	659	0.269106 0.575081  0.806598
##inga 
#ido(sec)  szog(ADC)     ax(g)    ay(g)   az(g)
3.57942390	658	0.269824 0.573405  0.804683
3.58464789	659	0.262402 0.572448  0.807795
3.58987188	659	0.265514 0.578912  0.805162
3.59501194	656	0.272697 0.572448  0.814020
3.60005593	656	0.265035 0.576039  0.809950
3.60508394	659	0.271739 0.576757  0.815217
3.61012411	658	0.268866 0.575321  0.808993
3.61515593	659	0.268148 0.575081  0.808993
3.62018799	658	0.266951 0.580109  0.801092
3.62522006	659	0.267190 0.573884  0.815217
3.63024401	658	0.258092 0.574363  0.814020
3.63526010	659	0.266233 0.571011  0.808993
3.64030790	658	0.274133 0.573645  0.806598
3.64534807	659	0.263838 0.567181  0.809711
3.65039205	658	0.268866 0.574603  0.807317
3.65543603	659	0.264317 0.565026  0.809950
3.66048407	659	0.260247 0.573884  0.817612
3.66552400	659	0.267908 0.573166  0.813302
3.67054009	656	0.265275 0.574603  0.807795
3.67557597	658	0.270303 0.571490  0.810668
3.68057990	658	0.267908 0.573884  0.806120
3.68558788	658	0.271500 0.576039  0.813063
3.69061207	658	0.266711 0.572208  0.812584
3.69564795	658	0.269345 0.573884  0.814260
3.70069599	658	0.269824 0.578912  0.811865
3.70573997	659	0.266472 0.572448  0.811865
3.71079206	658	0.264078 0.569814  0.819048
3.71583604	658	0.270063 0.574363  0.808753
3.72087597	656	0.267669 0.572448  0.811626
3.72591209	657	0.269106 0.572208  0.814978
3.73093199	659	0.265514 0.572208  0.808993
3.73596000	659	0.265754 0.577715  0.812823
3.74097990	659	0.265035 0.573884  0.808514
3.74600410	659	0.263838 0.566702  0.809471
3.75103998	659	0.266711 0.567899  0.812823
3.75607609	656	0.268627 0.576518  0.818569
3.76112008	659	0.265754 0.573405  0.821682
3.76615595	658	0.263599 0.575560  0.813781
3.77119994	656	0.272936 0.564068  0.810429
3.77624392	656	0.266472 0.568378  0.809950
3.78129196	659	0.263360 0.571490  0.808035
3.78632807	659	0.269106 0.573405  0.812344
3.79134798	659	0.268148 0.573405  0.812105
3.79637193	658	0.264078 0.571730  0.808035
3.80139589	656	0.265754 0.571969  0.811387
3.80642795	659	0.264796 0.569814  0.810908
3.81146793	659	0.266233 0.569335  0.808514
3.81650810	659	0.262881 0.574603  0.810668
3.82154798	658	0.268387 0.576518  0.811865
3.82658786	659	0.267190 0.576039  0.822639
3.83163185	656	0.271979 0.575081  0.801571
3.83668403	659	0.273176 0.574124  0.809711
3.84172801	658	0.269106 0.574363  0.810908
3.84676408	657	0.272218 0.573884  0.808514
3.85179996	656	0.272457 0.569814  0.807795
3.85683612	658	0.274612 0.575560  0.803486
3.86186790	659	0.264317 0.572687  0.809471
3.86689996	658	0.268627 0.579391  0.804444
3.87193984	657	0.267430 0.577236  0.809950
3.87696790	658	0.271979 0.573645  0.808993
3.88199596	658	0.264078 0.571011  0.806598
3.88703613	657	0.268148 0.571251  0.808514
3.89207601	659	0.265754 0.575800  0.810190
3.89711189	658	0.265754 0.571730  0.808514
3.90214805	659	0.265275 0.569096  0.817372
3.90718793	658	0.261923 0.578194  0.811387
3.91222000	656	0.270063 0.571969  0.811387
3.91723613	659	0.265514 0.569096  0.813063
3.92226791	659	0.262402 0.572208  0.816654
3.92728805	658	0.265514 0.568138  0.811626
3.93232011	658	0.265754 0.567659  0.811147
3.93735599	658	0.264796 0.572208  0.807077
3.94240398	656	0.263599 0.569814  0.814260
3.94743995	656	0.267669 0.571730  0.804922
3.95247602	656	0.266711 0.576997  0.806120
3.95754003	659	0.265275 0.578673  0.811147
3.96259193	658	0.258811 0.576997  0.806598
3.96762800	658	0.266472 0.569814  0.808274
3.97265605	659	0.268866 0.575081  0.817372
3.97768402	656	0.269106 0.570054  0.816415
3.98271608	658	0.269106 0.565505  0.812105
3.98774003	659	0.267669 0.578194  0.810429
3.99277992	658	0.267908 0.567420  0.811387
3.99780387	659	0.267190 0.575560  0.807077
4.00284004	659	0.270063 0.572208  0.810429
4.00787210	656	0.268387 0.577476  0.812584
4.01292419	659	0.276767 0.570532  0.818569
4.01797199	659	0.267908 0.576278  0.810668
4.02301216	657	0.271979 0.576757  0.812584
4.02805185	659	0.266711 0.572927  0.802528
4.03308391	657	0.275330 0.574363  0.808035
4.03810787	656	0.267430 0.572687  0.810190
4.04312419	656	0.271021 0.570293  0.801331
4.04814815	656	0.264796 0.573645  0.814739
4.05318403	657	0.265275 0.570532  0.818090
4.05821180	658	0.269584 0.570054  0.811865
4.06324386	659	0.265993 0.572448  0.815457
4.06829214	658	0.274133 0.570772  0.811865
4.07333183	659	0.265754 0.575560  0.811147
4.07837200	659	0.261444 0.569335  0.812105
4.08341217	659	0.267190 0.563350  0.806598
##inga 
#ido(sec)  szog(ADC)     ax(g)    ay(g)   az(g)
4.08898782	658	0.269824 0.572448  0.810429
4.09421205	659	0.269584 0.570293  0.806120
4.09943580	659	0.271739 0.577476  0.813781
4.10455608	659	0.270063 0.576518  0.805401
4.10957193	658	0.266711 0.575560  0.809232
4.11460399	658	0.266472 0.575321  0.808753
4.11963987	659	0.263360 0.572208  0.809711
4.12467622	659	0.269824 0.568378  0.811147
4.12971591	658	0.268387 0.573884  0.815696
4.13475608	657	0.271260 0.574363  0.816893
4.13980388	659	0.271739 0.573884  0.808035
4.14485979	658	0.264317 0.574603  0.803247
4.14990377	658	0.269824 0.576278  0.811865
4.15493202	658	0.270781 0.570772  0.811626
4.15995597	658	0.263360 0.572927  0.811387
4.16499185	657	0.268148 0.575560  0.806359
4.17002820	658	0.268627 0.571730  0.808514
4.17506790	659	0.270063 0.576997  0.813063
4.18009185	656	0.272218 0.574603  0.814978
4.18514013	659	0.274852 0.571490  0.807077
4.19018793	658	0.267908 0.576757  0.818569
4.19521999	658	0.266951 0.570293  0.807077
4.20026397	658	0.263599 0.575800  0.816654
4.20531606	658	0.271260 0.573405  0.816654
4.21035194	657	0.266711 0.577715  0.799895
4.21538782	659	0.269345 0.568857  0.818809
4.22041988	659	0.265993 0.572208  0.816175
4.22544384	656	0.268387 0.570054  0.804683
4.23048782	658	0.263838 0.573166  0.808993
4.23552799	659	0.267190 0.577476  0.814978
4.24055576	658	0.265514 0.567659  0.802768
4.24558782	656	0.260247 0.567181  0.802768
4.25062799	659	0.264317 0.573405  0.812344
4.25566816	658	0.264317 0.575321  0.802768
4.26070022	658	0.270063 0.571011  0.803486
4.26572799	658	0.265275 0.572208  0.812584
4.27077198	659	0.267190 0.580109  0.816175
4.27581214	658	0.263599 0.574603  0.807795
4.28084421	657	0.270542 0.579870  0.805401
4.28586006	658	0.270063 0.573884  0.810429
4.29087591	659	0.268627 0.574363  0.809950
4.29590797	657	0.266951 0.576278  0.809950
4.30094003	659	0.268148 0.573405  0.811387
4.30596780	659	0.268148 0.570532  0.812105
4.31101179	657	0.267190 0.574842  0.815457
4.31604814	658	0.264796 0.577476  0.818569
4.32110404	657	0.266951 0.575800  0.807556
4.32614803	656	0.268148 0.574603  0.817372
4.33118820	658	0.270063 0.579870  0.814739
4.33620405	659	0.268387 0.576997  0.807077
4.34122800	658	0.267190 0.567181  0.807317
4.34625196	659	0.260487 0.570293  0.816893
4.35126781	658	0.269345 0.574363  0.815696
4.35630798	659	0.267190 0.571490  0.816175
4.36133193	659	0.268148 0.574363  0.813541
4.36635208	659	0.265275 0.571251  0.808035
4.37140417	659	0.263599 0.569575  0.819048
4.37645196	659	0.270303 0.574842  0.805401
4.38149213	656	0.258332 0.572448  0.814499
4.38654804	659	0.265993 0.567420  0.810668
4.39158821	658	0.266711 0.575800  0.808753
4.39661598	658	0.265754 0.570532  0.815936
4.40163612	659	0.265514 0.572927  0.812584
4.40667581	659	0.265275 0.575081  0.814020
4.41168785	658	0.271021 0.571011  0.810190
4.41671991	656	0.265993 0.571251  0.815457
4.42176389	659	0.265275 0.574124  0.807077
4.42679977	659	0.265275 0.580827  0.815696
4.43185186	658	0.266711 0.574842  0.804922
4.43689203	659	0.267908 0.575321  0.814020
4.44192409	656	0.262641 0.576518  0.812344
4.44697189	658	0.272457 0.578433  0.817612
4.45201206	659	0.264078 0.573166  0.803486
4.45703601	659	0.266233 0.570293  0.810908
4.46205997	659	0.269584 0.574842  0.809471
4.46707582	657	0.270781 0.577715  0.814499
4.47209978	658	0.266711 0.575560  0.815217
4.47713184	657	0.269824 0.578194  0.807556
4.48216009	656	0.270303 0.573405  0.813063
4.48719215	658	0.268148 0.573884  0.806598
4.49223613	658	0.268387 0.571730  0.820006
4.49726819	657	0.270303 0.575560  0.813541
4.50229978	658	0.267669 0.572687  0.811147
4.50734806	659	0.267430 0.576997  0.823597
4.51237583	657	0.266711 0.572687  0.809471
4.51739978	659	0.271021 0.575800  0.809711
4.52242422	659	0.263360 0.574363  0.812105
4.52745199	658	0.270063 0.576997  0.812344
4.53247213	658	0.267430 0.573884  0.817372
4.53749608	659	0.265035 0.572927  0.814739
4.54252386	659	0.264796 0.577954  0.804683
4.54756402	659	0.278203 0.577715  0.806359
4.55259609	659	0.271021 0.569575  0.821682
4.55764007	658	0.268627 0.570054  0.814739
4.56269979	656	0.268148 0.577715  0.810668
4.56773996	658	0.272218 0.573166  0.815936
4.57278013	656	0.273894 0.571730  0.814978
4.57780408	659	0.262881 0.574603  0.815217
4.58283615	659	0.265514 0.575800  0.809711
4.58785200	658	0.268627 0.569575  0.807795
4.59288787	656	0.267669 0.570293  0.810190
##inga 
#ido(sec)  szog(ADC)     ax(g)    ay(g)   az(g)
4.59844398	656	0.262881 0.570772  0.810429
4.60368394	657	0.267669 0.574842  0.818569
4.60890817	659	0.268627 0.580349  0.807317
4.61404418	658	0.268387 0.574603  0.810190
4.61908817	659	0.266472 0.580349  0.811865
4.62413597	656	0.266233 0.580588  0.822161
4.62918806	658	0.261205 0.575560  0.809471
4.63421201	657	0.267430 0.574842  0.817612
4.63924407	658	0.266711 0.573645  0.805880
4.64427614	656	0.265514 0.572687  0.814020
4.64930391	659	0.265514 0.568617  0.807077
4.65434408	658	0.269345 0.568857  0.799655
4.65937995	659	0.265514 0.575800  0.807795
4.66440820	658	0.267669 0.570293  0.814499
4.66944408	659	0.267908 0.575560  0.807556
4.67447614	659	0.262162 0.570772  0.809950
4.67951202	659	0.268627 0.573166  0.808035
4.68455600	658	0.269345 0.569335  0.807077
4.68958806	659	0.272936 0.571730  0.806598
4.69462013	659	0.269345 0.568138  0.816175
4.69965219	659	0.267430 0.567420  0.816654
4.70467615	659	0.266951 0.572208  0.806838
4.70971202	658	0.266472 0.572208  0.808514
4.71474409	659	0.265514 0.568857  0.814260
4.71977186	659	0.265035 0.571011  0.803486
4.72480010	658	0.267908 0.568857  0.807795
4.72983598	659	0.266472 0.582025  0.815936
4.73488378	656	0.269824 0.578912  0.800374
4.73993206	656	0.265275 0.572448  0.802768
4.74497604	659	0.271260 0.573405  0.810668
4.75001192	659	0.264557 0.571011  0.817851
4.75505208	659	0.268148 0.574842  0.799416
4.76008796	657	0.266233 0.573166  0.814020
4.76511621	659	0.269584 0.572687  0.812584
4.77014017	659	0.269584 0.574842  0.814499
4.77516412	659	0.271500 0.575081  0.804683
4.78018808	656	0.260487 0.573405  0.815696
4.78522396	658	0.264317 0.580349  0.807317
4.79026794	656	0.265993 0.574363  0.814739
4.79530811	656	0.267908 0.578194  0.809950
4.80034017	659	0.270542 0.571730  0.813541
4.80537223	659	0.263599 0.573405  0.804922
4.81041193	658	0.266472 0.576518  0.818809
4.81544399	659	0.267669 0.576757  0.814260
4.82047605	658	0.262162 0.575560  0.807077
4.82550811	659	0.267190 0.570772  0.807795
4.83053207	658	0.268866 0.570054  0.819527
4.83555603	659	0.260487 0.570532  0.812344
4.84058380	659	0.270303 0.571251  0.808753
4.84560394	656	0.265993 0.569096  0.811865
4.85063600	656	0.270063 0.570293  0.805641
4.85566377	657	0.269824 0.574603  0.811147
4.86070823	659	0.265993 0.569814  0.810429
4.86575222	659	0.270063 0.571011  0.814499
4.87077617	658	0.261205 0.567659  0.814739
4.87580013	658	0.255938 0.571730  0.811387
4.88082408	658	0.265035 0.573166  0.821203
4.88584804	659	0.268387 0.578433  0.804683
4.89088010	658	0.267190 0.572448  0.816654
4.89589595	658	0.268627 0.567181  0.803007
4.90093183	659	0.261205 0.569096  0.814739
4.90597200	659	0.262162 0.570054  0.814739
4.91103219	656	0.266472 0.571730  0.809950
4.91606807	658	0.274373 0.574603  0.810190
4.92111587	659	0.269824 0.577715  0.804204
4.92616415	657	0.269345 0.579630  0.805641
4.93120002	659	0.273894 0.576278  0.807317
4.93622779	659	0.268387 0.580109  0.806838
4.94125223	659	0.264078 0.574363  0.813302
4.94627618	659	0.266233 0.576518  0.809950
4.95131206	658	0.268148 0.575081  0.810190
4.95634794	659	0.274852 0.576039  0.808514
4.96138811	659	0.271021 0.572448  0.811387
4.96642398	658	0.269106 0.578673  0.814739
4.97147607	659	0.269106 0.573166  0.815217
4.97650814	656	0.268387 0.571730  0.808514
4.98154783	657	0.266711 0.570532  0.817612
4.98659610	657	0.264078 0.572927  0.809471
4.99161195	658	0.266233 0.575800  0.813302
4.99662780	656	0.268866 0.572687  0.810190
5.00164413	658	0.262402 0.571490  0.808753
5.00666809	656	0.262162 0.569814  0.806598
5.01170396	658	0.267669 0.569335  0.804922
5.01673221	658	0.267430 0.576039  0.805641
5.02177190	658	0.270542 0.572927  0.818569
5.02681207	658	0.265035 0.572687  0.804922
5.03184795	659	0.268627 0.576039  0.809232
5.03689193	659	0.271500 0.579630  0.819048
5.04193210	657	0.265035 0.571251  0.811387
5.04696798	658	0.277964 0.570293  0.805880
5.05199623	659	0.268627 0.576757  0.808993
5.05703592	658	0.269584 0.576757  0.812584
5.06205606	659	0.263599 0.575081  0.812823
5.06708002	659	0.267190 0.571011  0.811387
5.07210016	656	0.262881 0.571490  0.814020
5.07713222	659	0.264796 0.576518  0.807556
5.08216381	657	0.267190 0.576278  0.803725
5.08720397	659	0.265993 0.577715  0.804444
5.09223985	658	0.267908 0.579630  0.809471
5.09726810	658	0.262881 0.579630  0.808274
5.10231208	659	0.268866 0.580827  0.805401
##inga 
#ido(sec)  szog(ADC)     ax(g)    ay(g)   az(g)
5.10787200	658	0.263120 0.575321  0.804444
5.11310815	659	0.265035 0.566223  0.821682
5.11834001	659	0.266711 0.571011  0.813063
5.12347221	659	0.263120 0.577236  0.810429
5.12849187	659	0.269824 0.572448  0.809471
5.13352394	658	0.262162 0.569814  0.807556
5.13856410	656	0.270542 0.571730  0.801331
5.14358377	659	0.265754 0.572927  0.801571
5.14863586	659	0.269345 0.571730  0.807795
5.15367984	658	0.266711 0.568857  0.809950
5.15872812	658	0.268387 0.575321  0.809950
5.16376781	659	0.264557 0.566223  0.813781
5.16881179	659	0.269106 0.577715  0.807795
5.17383623	659	0.269584 0.568617  0.811626
5.17886781	659	0.268866 0.570293  0.809471
5.18387985	658	0.267908 0.570772  0.810908
5.18889999	657	0.263360 0.574124  0.814020
5.19392776	659	0.264557 0.568138  0.810908
5.19896793	659	0.264317 0.575081  0.805401
5.20400810	657	0.269345 0.575560  0.812344
5.20904016	658	0.267430 0.574603  0.808035
5.21408414	657	0.271260 0.570054  0.814739
5.21914386	659	0.268866 0.580588  0.804204
5.22418785	656	0.268866 0.573645  0.807795
5.22923612	659	0.269584 0.569096  0.804922
5.23426008	659	0.269106 0.577715  0.813063
5.23928403	659	0.273654 0.577476  0.812584
5.24431180	659	0.269106 0.571730  0.815936
5.24933195	657	0.263838 0.576997  0.810668
5.25435590	658	0.272936 0.576518  0.820724
5.25939178	656	0.267908 0.571730  0.815217
5.26440811	658	0.270542 0.571490  0.814499
5.26945209	656	0.268387 0.568857  0.806598
5.27449178	659	0.264078 0.573166  0.809232
5.27953195	658	0.266951 0.571251  0.812823
5.28456783	659	0.262881 0.573166  0.808035
5.28960418	659	0.262402 0.577476  0.817372
5.29463577	659	0.261684 0.570054  0.810429
5.29966020	656	0.262402 0.570772  0.813541
5.30467605	658	0.267908 0.569814  0.814978
5.30968809	656	0.266472 0.574124  0.808035
5.31473588	658	0.262881 0.564547  0.817372
5.31975603	656	0.264796 0.568378  0.812105
5.32480001	657	0.266711 0.577476  0.806120
5.32985210	658	0.265035 0.571969  0.802768
5.33488798	656	0.265035 0.570772  0.811387
5.33993196	659	0.260008 0.575800  0.809711
5.34494781	659	0.272457 0.572208  0.814499
5.34998798	658	0.268387 0.576997  0.808274
5.35502004	659	0.273415 0.567899  0.807556
5.36004400	656	0.269106 0.572927  0.806120
5.36505985	658	0.267669 0.573166  0.815936
5.37009191	657	0.268627 0.572927  0.817612
5.37512016	659	0.267908 0.576518  0.810190
5.38015222	658	0.263120 0.573645  0.812584
5.38520383	659	0.268148 0.570054  0.815696
5.39025211	657	0.265754 0.571730  0.814260
5.39528799	658	0.270303 0.575321  0.817612
5.40031623	658	0.272218 0.574363  0.814260
5.40535593	659	0.265754 0.576278  0.814978
5.41039180	656	0.273176 0.575560  0.808753
5.41541576	658	0.270063 0.576278  0.804204
5.42043590	656	0.266951 0.565026  0.811865
5.42545986	657	0.266711 0.569096  0.817612
5.43050813	656	0.266951 0.573405  0.799655
5.43554019	659	0.271979 0.572927  0.809471
5.44057178	657	0.265754 0.567420  0.818090
5.44560813	659	0.265754 0.573166  0.811626
5.45064401	659	0.267190 0.570293  0.808035
5.45568799	658	0.265275 0.569335  0.812344
5.46072387	659	0.262641 0.572448  0.803486
5.46578407	659	0.268866 0.571251  0.812823
5.47081184	659	0.267190 0.576757  0.817612
5.47584390	658	0.266233 0.573166  0.811626
5.48088788	657	0.265754 0.569814  0.809232
5.48591613	658	0.267190 0.572448  0.813063
5.49093580	658	0.266472 0.574363  0.810908
5.49596786	658	0.263360 0.571730  0.815696
5.50100421	656	0.265993 0.571251  0.815696
5.50605201	659	0.272218 0.569575  0.801571
5.51110792	657	0.267190 0.576518  0.806359
5.51613998	656	0.271979 0.580109  0.814499
5.52119588	658	0.268627 0.570532  0.804683
5.52624416	658	0.264317 0.576278  0.808035
5.53128385	659	0.270781 0.578194  0.811147
5.53630781	659	0.269345 0.571730  0.808274
5.54133987	659	0.265035 0.577954  0.804683
5.54636383	656	0.265514 0.576039  0.810190
5.55138778	659	0.267190 0.574124  0.809711
5.55642414	658	0.270303 0.579152  0.810908
5.56145620	657	0.268866 0.578194  0.811626
5.56648778	658	0.268387 0.582503  0.803965
5.57153177	658	0.262881 0.576997  0.802768
5.57658004	659	0.274133 0.575800  0.808274
5.58163213	658	0.272218 0.573405  0.807556
5.58668422	659	0.266711 0.577954  0.810908
5.59173583	659	0.265514 0.570772  0.812823
5.59677219	659	0.269106 0.573166  0.810429
5.60178804	659	0.268627 0.565026  0.814020
5.60681200	658	0.266951 0.576757  0.801810
5.61182785	657	0.270781 0.574363  0.813781
##inga 
#ido(sec)  szog(ADC)     ax(g)    ay(g)   az(g)
5.61738395	659	0.266951 0.570293  0.816893
5.62262392	658	0.268866 0.575800  0.808993
5.62784814	657	0.263360 0.572208  0.809232
5.63299608	659	0.264557 0.567899  0.804683
5.63803577	659	0.263360 0.570532  0.808035
5.64308786	658	0.270063 0.575321  0.813781
5.64812421	659	0.268627 0.573405  0.807795
5.65317201	659	0.271260 0.567420  0.806598
5.65820789	659	0.275091 0.575800  0.815217
5.66322803	659	0.266711 0.573405  0.802289
5.66825580	656	0.262881 0.571730  0.813302
5.67327976	658	0.270063 0.572448  0.811865
5.67829990	658	0.267669 0.579870  0.817133
5.68332004	657	0.268148 0.575081  0.800613
5.68835210	657	0.265514 0.572448  0.814978
5.69340419	657	0.263120 0.570054  0.804922
5.69844388	656	0.269584 0.577715  0.809711
5.70348787	657	0.265275 0.572927  0.805162
5.70853996	659	0.270303 0.575800  0.808514
5.71356391	658	0.268627 0.569575  0.805641
5.71859598	658	0.269584 0.569575  0.814978
5.72362804	658	0.268148 0.574363  0.814739
5.72866010	658	0.266951 0.576278  0.818090
5.73368406	659	0.267190 0.568857  0.812105
5.73870801	659	0.266951 0.571969  0.804683
5.74375200	659	0.266233 0.570054  0.812344
5.74878406	659	0.266233 0.572927  0.814020
5.75381994	657	0.271979 0.570532  0.802768
5.75886821	659	0.263360 0.576997  0.811387
5.76391983	659	0.268148 0.574363  0.806120
5.76896381	658	0.263838 0.569814  0.812105
5.77401208	656	0.262402 0.570532  0.818809
5.77904415	658	0.271739 0.572687  0.815457
5.78407621	656	0.271260 0.568857  0.808035
5.78910779	659	0.268148 0.571011  0.814260
5.79413604	656	0.263599 0.571730  0.809950
5.79916381	656	0.267669 0.570532  0.811865
5.80418395	656	0.270063 0.574842  0.813781
5.80920410	659	0.271021 0.572687  0.809232
5.81425189	656	0.269345 0.576518  0.807317
5.81930398	659	0.267190 0.571490  0.815936
5.82434415	659	0.272936 0.574363  0.803486
5.82938814	657	0.261205 0.571011  0.806120
5.83442783	659	0.264557 0.576757  0.806598
5.83946800	659	0.263360 0.573645  0.813302
5.84448385	656	0.267669 0.573884  0.802049
5.84951591	656	0.269345 0.570772  0.804922
5.85453176	656	0.271500 0.572927  0.816175
5.85955619	659	0.274133 0.575321  0.817133
5.86460018	658	0.267430 0.577236  0.809711
5.86961984	656	0.264317 0.578433  0.810668
5.87466812	657	0.268148 0.570772  0.818090
5.87970399	658	0.263360 0.573166  0.808993
5.88473606	659	0.264796 0.573645  0.809950
5.88976812	658	0.271260 0.575321  0.804204
5.89480400	658	0.265754 0.569575  0.810429
5.89982795	656	0.262881 0.570054  0.813541
5.90486001	657	0.269584 0.575321  0.809950
5.90989208	658	0.268148 0.573166  0.814020
5.91491603	656	0.268627 0.571730  0.812344
5.91994810	659	0.270063 0.577715  0.809471
5.92497587	656	0.264078 0.572927  0.808993
5.93000793	657	0.267908 0.571011  0.806120
5.93504381	658	0.265993 0.568378  0.811387
5.94008398	659	0.270063 0.575081  0.810908
5.94512796	659	0.271979 0.568617  0.812344
5.95016384	659	0.263838 0.573645  0.804444
5.95521593	658	0.273415 0.573884  0.811387
5.96024417	658	0.266951 0.574363  0.804204
5.96527576	657	0.265754 0.571011  0.812105
5.97030782	656	0.267669 0.577476  0.810190
5.97533178	659	0.268866 0.576278  0.817612
5.98035621	656	0.270303 0.580349  0.806359
5.98538398	659	0.271500 0.581785  0.809471
5.99041223	659	0.267669 0.572927  0.807077
5.99546384	659	0.272218 0.580109  0.800852
6.00051593	658	0.273176 0.572208  0.808274
6.00556421	658	0.270063 0.577715  0.817133
6.01059579	658	0.269584 0.571011  0.811387
6.01564407	659	0.263360 0.571730  0.811387
6.02067613	658	0.266711 0.576278  0.803965
6.02570819	658	0.269345 0.566702  0.809711
6.03072404	658	0.264557 0.574363  0.804204
6.03575611	658	0.265754 0.576518  0.813063
6.04078006	657	0.268866 0.571251  0.811626
6.04581594	659	0.263838 0.576757  0.811865
6.05085992	658	0.267190 0.570532  0.806359
6.05589580	658	0.264557 0.572687  0.814978
6.06094789	656	0.269345 0.570293  0.798698
6.06599998	658	0.272697 0.571490  0.803965
6.07104396	656	0.268148 0.576997  0.815696
6.07609176	659	0.265514 0.575321  0.813781
6.08112382	659	0.266711 0.574842  0.813541
6.08615589	658	0.258571 0.571730  0.812823
6.09118795	658	0.267190 0.567181  0.809711
6.09621620	658	0.266233 0.571011  0.810429
6.10124397	658	0.263838 0.568857  0.806120
6.10628414	656	0.268148 0.574124  0.809471
6.11131620	659	0.267908 0.576757  0.802528
6.11634016	657	0.266711 0.575800  0.803965
6.12136793	658	0.264078 0.577476  0.798698
##inga 
#ido(sec)  szog(ADC)     ax(g)    ay(g)   az(g)
6.12694787	657	0.267190 0.577236  0.812823
6.13219213	659	0.269345 0.573405  0.813541
6.13743209	659	0.264317 0.572687  0.809471
6.14257192	658	0.264796 0.574363  0.814739
6.14759588	657	0.267669 0.575321  0.817851
6.15263223	658	0.270063 0.575560  0.806838
6.15765619	658	0.271021 0.570532  0.810668
6.16266822	659	0.268148 0.574603  0.804683
6.16769981	656	0.267908 0.574363  0.810668
6.17272377	656	0.271979 0.572687  0.811387
6.17776823	658	0.276288 0.579391  0.805401
6.18280410	659	0.267430 0.580109  0.808993
6.18783617	659	0.271260 0.569096  0.810908
6.19288396	659	0.268866 0.575321  0.811626
6.19791603	656	0.268627 0.572927  0.813063
6.20294380	656	0.266233 0.569814  0.810908
6.20797586	658	0.266711 0.579870  0.814978
6.21299982	659	0.263120 0.568857  0.808274
6.21802806	659	0.266472 0.574124  0.808753
6.22306013	657	0.267190 0.576518  0.811626
6.22809219	658	0.265993 0.576278  0.814978
6.23313617	658	0.268387 0.572687  0.816175
6.23817205	659	0.269106 0.569814  0.815696
6.24322414	659	0.268627 0.575081  0.808753
6.24826383	658	0.267430 0.573645  0.815457
6.25332403	656	0.269584 0.573884  0.808753
6.25837612	657	0.271500 0.577715  0.817612
6.26339578	658	0.264317 0.572687  0.811626
6.26842784	658	0.269106 0.575081  0.811865
6.27345180	659	0.266711 0.569096  0.808753
6.27847623	656	0.260965 0.577476  0.810429
6.28349208	659	0.270303 0.579630  0.805880
6.28850412	658	0.264317 0.573645  0.818569
6.29355192	658	0.270303 0.570532  0.816893
6.29858398	659	0.269584 0.581546  0.806598
6.30361986	659	0.270063 0.572208  0.811387
6.30865621	656	0.268627 0.577236  0.802049
6.31369590	659	0.265275 0.578194  0.802768
6.31873989	657	0.263838 0.572927  0.805162
6.32376384	659	0.266472 0.576278  0.811865
6.32878780	659	0.271500 0.574363  0.817612
6.33381223	659	0.269106 0.569096  0.814020
6.33883619	658	0.265754 0.571490  0.809950
6.34386014	659	0.263360 0.567659  0.814739
6.34889221	659	0.268627 0.575081  0.807556
6.35393619	658	0.273176 0.577715  0.808993
6.35897207	657	0.264796 0.575321  0.810908
6.36401176	658	0.265275 0.574603  0.805401
6.36905193	659	0.268148 0.567899  0.802049
6.37410783	658	0.266472 0.570054  0.817133
6.37915182	656	0.262881 0.578433  0.810908
6.38417577	658	0.263360 0.573884  0.808274
6.38920021	658	0.266951 0.573166  0.805641
6.39422416	657	0.266233 0.568617  0.806598
6.39926004	658	0.267908 0.569096  0.821442
6.40428400	659	0.266951 0.574124  0.809471
6.40932416	659	0.265754 0.571730  0.813302
6.41436004	656	0.266233 0.567899  0.806120
6.41940402	657	0.267430 0.568857  0.812823
6.42443609	659	0.265754 0.570532  0.814260
6.42949199	658	0.265754 0.574842  0.814739
6.43454790	659	0.268148 0.578194  0.819766
6.43958377	658	0.268627 0.574842  0.806838
6.44463586	659	0.269584 0.573884  0.813541
6.44966793	658	0.269584 0.573884  0.807077
6.45469188	659	0.269824 0.577476  0.797261
6.45972013	656	0.265035 0.569096  0.810429
6.46474409	659	0.265275 0.571011  0.808993
6.46977996	659	0.268866 0.575560  0.817372
6.47481203	658	0.267430 0.574124  0.812105
6.47985219	659	0.260247 0.577715  0.816175
6.48488807	659	0.264317 0.578433  0.814739
6.48993587	658	0.267908 0.577715  0.812823
6.49496412	656	0.269106 0.576278  0.809950
6.50000381	659	0.262881 0.574363  0.816893
6.50502777	659	0.264557 0.578912  0.803965
6.51005983	659	0.267190 0.575800  0.805162
6.51506805	659	0.267190 0.570772  0.817372
6.52009201	659	0.268866 0.567899  0.811865
6.52512407	658	0.269106 0.572927  0.817612
6.53016376	657	0.269106 0.576518  0.801571
6.53520011	659	0.266233 0.571251  0.815457
6.54023599	656	0.267908 0.573405  0.795825
6.54526805	659	0.264317 0.567181  0.806359
6.55032014	658	0.265754 0.571969  0.814020
6.55537223	659	0.263120 0.572448  0.807077
6.56042003	658	0.260965 0.575560  0.806598
6.56546020	656	0.268627 0.576278  0.810668
6.57047605	656	0.266472 0.573166  0.813781
6.57551622	659	0.265514 0.576278  0.804683
6.58054780	658	0.266472 0.570054  0.820485
6.58557176	659	0.268387 0.576518  0.811865
6.59060811	659	0.266472 0.576039  0.813063
6.59564399	657	0.267669 0.576518  0.804444
6.60067987	659	0.268627 0.574124  0.808514
6.60572385	658	0.268627 0.576997  0.807795
6.61077594	659	0.262402 0.572927  0.813781
6.61581182	658	0.267430 0.580827  0.807077
6.62085199	656	0.271021 0.577476  0.807077
6.62589216	658	0.269584 0.579391  0.806598
6.63092422	658	0.273415 0.575800  0.809471
##inga 
#ido(sec)  szog(ADC)     ax(g)    ay(g)   az(g)
6.63647222	656	0.264317 0.575560  0.812584
6.64171981	659	0.261684 0.569814  0.816175
6.64697217	657	0.269106 0.569096  0.810908
6.65212392	658	0.268866 0.570772  0.801331
6.65715980	657	0.269584 0.571490  0.805880
6.66219186	656	0.262881 0.571251  0.809232
6.66722822	656	0.269824 0.575560  0.808035
6.67226791	659	0.265514 0.576278  0.809711
6.67732810	656	0.264557 0.574124  0.806598
6.68237209	656	0.269106 0.577476  0.806120
6.68741989	659	0.268866 0.570054  0.806838
6.69246816	659	0.264796 0.568617  0.811865
6.69749212	658	0.262402 0.570772  0.803486
6.70251607	656	0.263120 0.575081  0.806598
6.70754384	656	0.266951 0.571251  0.802768
6.71258020	659	0.266472 0.572208  0.812105
6.71761178	656	0.273415 0.572448  0.809471
6.72263622	659	0.266951 0.576278  0.812584
6.72768402	656	0.271979 0.575560  0.807317
6.73273181	657	0.263838 0.574124  0.814260
6.73776006	658	0.266711 0.574842  0.812584
6.74281215	659	0.273415 0.571011  0.808514
6.74786806	659	0.271260 0.574842  0.810429
6.75290012	657	0.270063 0.573166  0.815457
6.75791597	659	0.267190 0.575800  0.815457
6.76293992	656	0.269584 0.570293  0.811147
6.76797199	656	0.268387 0.573884  0.809232
6.77301597	658	0.268148 0.578673  0.804444
6.77805185	659	0.270542 0.576278  0.804204
6.78308820	659	0.270781 0.569575  0.818330
6.78810787	659	0.271979 0.570054  0.813541
6.79315185	659	0.272936 0.575081  0.812823
6.79818010	656	0.263838 0.573645  0.816175
6.80322790	659	0.265514 0.573166  0.820485
6.80827617	659	0.274852 0.578433  0.805880
6.81331586	658	0.270063 0.571011  0.809232
6.81832790	656	0.265993 0.573884  0.817612
6.82335615	657	0.265993 0.574603  0.811387
6.82838010	658	0.271739 0.572927  0.813063
6.83340406	657	0.267430 0.569096  0.808514
6.83843612	658	0.265035 0.567659  0.802289
6.84346008	658	0.268148 0.576039  0.808274
6.84851217	658	0.270303 0.569096  0.809950
6.85353183	658	0.268148 0.576518  0.809232
6.85856819	659	0.271979 0.571251  0.811626
6.86361217	658	0.270303 0.573405  0.808993
6.86865186	656	0.270063 0.568378  0.805401
6.87368392	659	0.271021 0.571490  0.810908
6.87871217	656	0.271500 0.575800  0.812344
6.88372421	659	0.266472 0.570532  0.804444
6.88874816	657	0.271979 0.573166  0.806120
6.89378023	659	0.268148 0.571969  0.804683
6.89881992	659	0.266472 0.575560  0.807077
6.90386009	657	0.267430 0.571490  0.811387
6.90889215	656	0.262402 0.573645  0.817612
6.91393184	656	0.271021 0.576518  0.813781
6.91898393	659	0.268387 0.579152  0.807077
6.92402791	659	0.265275 0.577236  0.812823
6.92907619	659	0.271979 0.575321  0.811387
6.93411588	657	0.271500 0.577715  0.807317
6.93913221	659	0.271979 0.581306  0.805880
6.94415616	656	0.270542 0.568138  0.809471
6.94917583	656	0.266711 0.579152  0.820245
6.95421600	658	0.261923 0.573166  0.811865
6.95924806	658	0.268627 0.579870  0.806838
6.96427583	656	0.271500 0.574363  0.815457
6.96929979	659	0.273654 0.575081  0.812584
6.97434806	659	0.271021 0.573645  0.811865
6.97939205	656	0.264796 0.565984  0.809711
6.98445177	659	0.269584 0.575081  0.822400
6.98948383	658	0.269106 0.574603  0.807317
6.99452400	659	0.265754 0.573166  0.816893
6.99954795	659	0.267908 0.563350  0.810429
7.00455999	656	0.266233 0.576997  0.808993
7.00960779	658	0.267669 0.570532  0.806598
7.01463603	659	0.261923 0.572448  0.812105
7.01967191	658	0.266233 0.572448  0.814978
7.02470779	659	0.267430 0.569335  0.815217
7.02973985	659	0.268387 0.576278  0.808035
7.03478813	659	0.264796 0.574363  0.808753
7.03983211	659	0.268866 0.570054  0.804922
7.04487609	658	0.270781 0.571251  0.811147
7.04991579	659	0.260965 0.573884  0.812105
7.05494785	658	0.268148 0.573166  0.813781
7.05997991	657	0.265514 0.574363  0.812105
7.06500387	657	0.262162 0.576997  0.814020
7.07002782	659	0.271979 0.569575  0.811387
7.07506418	658	0.267430 0.569335  0.818809
7.08009195	659	0.268148 0.574603  0.803725
7.08513212	656	0.274612 0.576278  0.811626
7.09017992	659	0.267669 0.574363  0.808035
7.09522008	659	0.274852 0.574842  0.816415
7.10025978	656	0.265514 0.573405  0.803486
7.10530805	658	0.271021 0.571730  0.816415
7.11034822	657	0.263360 0.569096  0.821921
7.11539220	658	0.264796 0.570293  0.809471
7.12040805	658	0.271021 0.566462  0.810190
7.12543201	658	0.269106 0.573405  0.803965
7.13044404	658	0.263838 0.570054  0.797261
7.13547992	659	0.269345 0.571011  0.810429
7.14050817	658	0.269345 0.576278  0.818090
##inga 
#ido(sec)  szog(ADC)     ax(g)    ay(g)   az(g)
7.14606380	657	0.267669 0.569575  0.809232
7.15128421	659	0.266233 0.575321  0.807077
7.15652799	657	0.270781 0.567420  0.802768
7.16166782	658	0.266711 0.568378  0.815217
7.16672420	659	0.268148 0.567659  0.801810
7.17175197	658	0.271021 0.567659  0.815936
7.17678785	658	0.267908 0.580109  0.810668
7.18181991	659	0.265754 0.573405  0.805401
7.18684387	659	0.270542 0.576757  0.804444
7.19188404	657	0.268387 0.567899  0.808514
7.19691991	658	0.269106 0.575081  0.806120
7.20194005	658	0.267908 0.573166  0.810190
7.20696401	659	0.274373 0.574603  0.809471
7.21200799	658	0.265754 0.580827  0.806120
7.21703577	659	0.269584 0.574363  0.808993
7.22208023	656	0.266711 0.575560  0.804204
7.22713994	658	0.267190 0.570293  0.806120
7.23217201	657	0.268148 0.574124  0.820245
7.23719596	657	0.268148 0.579152  0.811626
7.24222803	658	0.262881 0.576278  0.814020
7.24725198	656	0.271979 0.571251  0.810908
7.25228404	658	0.263120 0.568617  0.813302
7.25730800	659	0.273415 0.576997  0.807795
7.26234817	658	0.267669 0.572448  0.812823
7.26738023	659	0.269584 0.570532  0.814020
7.27241992	657	0.268148 0.572927  0.818090
7.27744388	658	0.266951 0.571251  0.817851
7.28249216	659	0.266472 0.578433  0.811626
7.28753995	658	0.270542 0.574603  0.808993
7.29258012	656	0.264078 0.574842  0.809232
7.29761219	657	0.271739 0.568378  0.813302
7.30264377	659	0.262402 0.573166  0.813063
7.30766820	657	0.264557 0.571011  0.812584
7.31269216	656	0.269106 0.574603  0.809471
7.31771612	658	0.269824 0.571730  0.814020
7.32274389	659	0.261205 0.575800  0.814260
7.32775592	659	0.267430 0.575081  0.815457
7.33278417	659	0.264078 0.574842  0.810429
7.33782005	658	0.264317 0.571730  0.807556
7.34286785	659	0.269824 0.571490  0.804444
7.34792423	659	0.267908 0.572448  0.809950
7.35294818	659	0.270781 0.574603  0.802768
7.35797977	659	0.264317 0.572687  0.810190
7.36300420	656	0.272457 0.577236  0.808514
7.36804008	659	0.268866 0.579630  0.812823
7.37307214	658	0.273654 0.575321  0.819288
7.37811613	659	0.265754 0.575081  0.815217
7.38315200	659	0.268627 0.576278  0.812823
7.38819217	658	0.268387 0.571969  0.813781
7.39322805	659	0.268148 0.574124  0.804683
7.39827203	656	0.267430 0.578912  0.812344
7.40331602	656	0.266233 0.572448  0.805641
7.40838003	658	0.272936 0.570532  0.805880
7.41341590	657	0.266233 0.576278  0.808035
7.41845178	659	0.269584 0.569575  0.810908
7.42347621	659	0.270303 0.575321  0.812344
7.42850017	659	0.262162 0.569335  0.807556
7.43352413	656	0.271979 0.570293  0.812344
7.43855619	658	0.268387 0.572208  0.812105
7.44358777	658	0.265754 0.577236  0.822639
7.44863176	657	0.263599 0.576278  0.808035
7.45367622	659	0.262881 0.578433  0.815217
7.45870018	659	0.268148 0.575321  0.812584
7.46375179	658	0.266233 0.576757  0.815457
7.46881198	659	0.272457 0.576518  0.811865
7.47384405	658	0.265275 0.574124  0.815457
7.47888422	659	0.268627 0.572927  0.816654
7.48391580	658	0.269584 0.571490  0.804922
7.48893213	658	0.265035 0.576278  0.813781
7.49395608	656	0.269345 0.578673  0.819288
7.49898815	658	0.269345 0.572687  0.807077
7.50403213	659	0.272936 0.580588  0.811626
7.50905609	658	0.273415 0.571490  0.814978
7.51410007	657	0.266711 0.573645  0.814260
7.51913213	659	0.270542 0.577476  0.806598
7.52417993	659	0.268627 0.575800  0.805880
7.52921199	658	0.265514 0.574363  0.815217
7.53425216	657	0.263120 0.576518  0.808993
7.53928804	658	0.265514 0.573166  0.819048
7.54432392	658	0.268148 0.579391  0.812105
7.54934787	658	0.265275 0.567181  0.812584
7.55439186	659	0.271979 0.569096  0.809471
7.55943202	656	0.268148 0.573166  0.806598
7.56446790	659	0.267908 0.576997  0.800134
7.56948423	659	0.275570 0.574363  0.803486
7.57451581	657	0.270542 0.572687  0.806838
7.57955598	658	0.265993 0.573166  0.810190
7.58459615	659	0.263599 0.571730  0.811387
7.58962821	657	0.271739 0.575321  0.817133
7.59467601	659	0.263838 0.577954  0.819766
7.59971618	658	0.269106 0.567659  0.814739
7.60474395	658	0.269584 0.574124  0.808035
7.60976791	658	0.264317 0.567420  0.809711
7.61478805	659	0.268387 0.574124  0.817133
7.61983203	659	0.268627 0.572448  0.812344
7.62486410	659	0.270781 0.574363  0.824076
7.62989616	657	0.265514 0.575560  0.816175
7.63494014	657	0.268866 0.570772  0.809232
7.63998413	658	0.263360 0.569096  0.807077
7.64502000	659	0.272936 0.573645  0.807317
7.65005207	659	0.269345 0.573405  0.806359
##inga 
#ido(sec)  szog(ADC)     ax(g)    ay(g)   az(g)
7.65562820	659	0.263599 0.571011  0.814739
7.66087198	658	0.265993 0.568138  0.814020
7.66608381	656	0.266472 0.571011  0.808993
7.67121219	658	0.270542 0.575081  0.808035
7.67622804	659	0.271979 0.573884  0.817133
7.68127202	658	0.267430 0.568138  0.793670
7.68630409	659	0.269106 0.576518  0.809711
7.69133996	657	0.265035 0.573645  0.812823
7.69636392	659	0.264317 0.575321  0.807556
7.70139598	658	0.265275 0.570532  0.807317
7.70645189	659	0.275330 0.569575  0.802528
7.71150016	659	0.271500 0.574124  0.809711
7.71653604	657	0.270063 0.575081  0.809711
7.72155618	658	0.266951 0.575800  0.803725
7.72657203	656	0.268627 0.578194  0.819527
7.73160791	657	0.266472 0.574842  0.810429
7.73663616	658	0.273415 0.577715  0.806359
7.74167585	657	0.270063 0.575321  0.808274
7.74669981	658	0.265993 0.577476  0.812584
7.75174379	658	0.269345 0.567420  0.819766
7.75678014	656	0.267430 0.570532  0.816175
7.76181983	658	0.262881 0.571490  0.811865
7.76685619	657	0.273176 0.574124  0.811865
7.77189588	659	0.262881 0.572208  0.812344
7.77693986	658	0.268866 0.575081  0.808514
7.78197193	659	0.270063 0.577476  0.814739
7.78698778	659	0.264317 0.572687  0.812105
7.79201984	659	0.270542 0.574842  0.808514
7.79705190	658	0.262881 0.573166  0.814978
7.80207586	658	0.269106 0.569096  0.813781
7.80711221	659	0.260247 0.574363  0.815696
7.81214809	659	0.268148 0.575321  0.811626
7.81718778	659	0.261205 0.573645  0.801571
7.82222795	656	0.266233 0.576997  0.809232
7.82728004	657	0.261684 0.575321  0.809711
7.83232402	659	0.275570 0.576757  0.814260
7.83735179	659	0.271739 0.580588  0.813781
7.84238815	659	0.269106 0.571011  0.808274
7.84741210	659	0.264557 0.569335  0.816654
7.85245180	659	0.265514 0.578912  0.814499
7.85748386	658	0.268627 0.576518  0.810429
7.86252021	659	0.269106 0.573645  0.812344
7.86755180	657	0.268148 0.578912  0.817133
7.87258386	656	0.268148 0.573166  0.816654
7.87762022	659	0.266711 0.577715  0.821442
7.88265991	659	0.268627 0.576518  0.805641
7.88770389	657	0.267190 0.577236  0.812823
7.89273977	659	0.264557 0.572927  0.814499
7.89777994	659	0.271979 0.576278  0.816175
7.90282821	657	0.261923 0.570054  0.814739
7.90786409	659	0.262162 0.572448  0.808274
7.91289997	659	0.269824 0.572927  0.817612
7.91794013	659	0.263838 0.573645  0.808035
7.92297220	657	0.268148 0.577236  0.813302
7.92801189	659	0.268866 0.569575  0.802768
7.93304395	656	0.270781 0.572448  0.809471
7.93807983	658	0.266233 0.575081  0.808753
7.94312381	657	0.266951 0.570772  0.809471
7.94816398	656	0.269106 0.578433  0.813063
7.95320415	658	0.271021 0.575560  0.814260
7.95823621	656	0.268148 0.579870  0.811147
7.96327209	659	0.267908 0.570772  0.809950
7.96829605	658	0.268148 0.568138  0.794149
7.97332382	657	0.263120 0.573645  0.812344
7.97835588	659	0.268148 0.573166  0.814499
7.98338794	659	0.268627 0.571251  0.818569
7.98843622	659	0.271979 0.577236  0.810190
7.99347591	658	0.269345 0.569335  0.808514
7.99851608	659	0.266472 0.577236  0.806838
8.00355625	659	0.265514 0.572448  0.812823
8.00859642	656	0.267190 0.575321  0.809950
8.01362037	659	0.275570 0.576757  0.807317
8.01865959	659	0.267430 0.578433  0.810429
8.02367973	659	0.268148 0.575560  0.808035
8.02870845	658	0.269824 0.574124  0.809471
8.03374004	659	0.266711 0.571730  0.812344
8.03878021	658	0.271021 0.571011  0.810668
8.04381179	658	0.266951 0.572208  0.808993
8.04884433	659	0.269345 0.573405  0.808035
8.05387210	659	0.266711 0.577715  0.816893
8.05891609	658	0.261923 0.570293  0.817851
8.06394767	657	0.267669 0.571969  0.811147
8.06898784	659	0.265993 0.576518  0.816893
8.07404041	658	0.265993 0.571011  0.812344
8.07908439	656	0.269824 0.566702  0.811865
8.08412361	659	0.269584 0.573166  0.804922
8.08915615	657	0.263360 0.573645  0.805401
8.09418773	658	0.273415 0.573884  0.814260
8.09921169	658	0.268866 0.570532  0.812823
8.10423564	657	0.267430 0.568138  0.814739
8.10927200	658	0.268627 0.571730  0.816893
8.11429977	656	0.268148 0.578194  0.813781
8.11933612	659	0.271260 0.570772  0.811626
8.12437152	658	0.269824 0.572448  0.812105
8.12942028	656	0.262402 0.576278  0.812344
8.13446426	659	0.267190 0.571490  0.813302
8.13950824	657	0.267908 0.576039  0.803007
8.14453601	659	0.270063 0.575081  0.803486
8.14955997	656	0.270542 0.577476  0.808035
8.15458393	658	0.265993 0.567181  0.817372
8.15961647	659	0.263838 0.571490  0.809471
##inga 
#ido(sec)  szog(ADC)     ax(g)    ay(g)   az(g)
8.16518402	659	0.260247 0.578673  0.803486
8.17040824	659	0.268387 0.577715  0.815936
8.17563247	656	0.266472 0.575321  0.811387
8.18078422	659	0.268866 0.572927  0.805401
8.18581962	658	0.268387 0.566941  0.807077
8.19085216	658	0.264796 0.571969  0.805880
8.19589233	656	0.269584 0.572448  0.804444
8.20094013	656	0.269106 0.566702  0.813541
8.20598030	656	0.266233 0.574842  0.805641
8.21102046	659	0.261205 0.569575  0.808035
8.21604442	658	0.267908 0.573645  0.813781
8.22106838	659	0.262162 0.575560  0.808753
8.22609996	659	0.268387 0.572208  0.808514
8.23112392	656	0.267190 0.572448  0.809950
8.23614406	658	0.266472 0.572208  0.811865
8.24118423	658	0.271021 0.576757  0.809711
8.24621963	659	0.262881 0.572448  0.815936
8.25125980	657	0.261684 0.573645  0.808514
8.25629997	656	0.270781 0.572208  0.811147
8.26133155	659	0.267190 0.576997  0.804204
8.26636409	657	0.262162 0.574603  0.810190
8.27138805	658	0.266711 0.573884  0.806120
8.27641963	658	0.268627 0.580588  0.816175
8.28145217	658	0.270063 0.571490  0.809950
8.28645992	658	0.266472 0.574842  0.814020
8.29150009	658	0.265754 0.580109  0.806359
8.29652786	658	0.262881 0.574842  0.807556
8.30157184	658	0.269584 0.574124  0.811865
8.30661582	657	0.271260 0.570772  0.810190
8.31165599	657	0.265035 0.566702  0.808274
8.31669998	659	0.268148 0.572208  0.811387
8.32174015	658	0.264557 0.571011  0.805641
8.32677173	659	0.270063 0.580588  0.817133
8.33180046	656	0.265035 0.575800  0.813781
8.33682441	659	0.272697 0.577715  0.817851
8.34185218	659	0.265514 0.571730  0.814020
8.34687232	658	0.260726 0.579152  0.810908
8.35190391	659	0.264078 0.572208  0.815696
8.35692787	659	0.268148 0.570532  0.810908
8.36197185	656	0.270542 0.571969  0.811387
8.36701202	657	0.268866 0.574603  0.804922
8.37205600	658	0.269345 0.575560  0.806359
8.37709999	659	0.262402 0.575081  0.816654
8.38214015	656	0.265754 0.564547  0.810908
8.38718032	657	0.273176 0.573405  0.808035
8.39221572	658	0.269824 0.568138  0.811387
8.39724445	659	0.273654 0.571251  0.812105
8.40226840	659	0.264078 0.578194  0.809471
8.40728759	656	0.262881 0.573405  0.810429
8.41231155	657	0.266472 0.568617  0.801331
8.41734409	659	0.272936 0.570293  0.814978
8.42239189	657	0.270542 0.574124  0.812344
8.42741966	659	0.266711 0.575321  0.813541
8.43245601	659	0.268866 0.569814  0.806359
8.43750000	656	0.270303 0.573645  0.804922
8.44250392	658	0.262162 0.575321  0.810190
8.44752788	659	0.264557 0.574363  0.816893
8.45256423	659	0.270063 0.575321  0.805162
8.45757579	658	0.269584 0.578912  0.815217
8.46261215	657	0.268627 0.572208  0.812105
8.46764373	658	0.272218 0.570054  0.820724
8.47268009	658	0.273654 0.571730  0.815457
8.47772026	656	0.263360 0.571490  0.806359
8.48276424	658	0.262402 0.578194  0.801092
8.48780441	656	0.270303 0.573166  0.818569
8.49284362	658	0.265993 0.571011  0.818569
8.49789237	656	0.266711 0.569096  0.812823
8.50293159	656	0.265035 0.569335  0.804922
8.50795555	656	0.261684 0.569575  0.808993
8.51298809	659	0.263360 0.574124  0.808753
8.51801204	659	0.267669 0.571490  0.817133
8.52303600	659	0.273654 0.576039  0.808035
8.52807617	659	0.265754 0.572448  0.801571
8.53312015	659	0.268387 0.569814  0.827667
8.53816413	659	0.267430 0.567181  0.814978
8.54319572	657	0.269824 0.571730  0.810429
8.54822826	659	0.264078 0.568617  0.820485
8.55326843	659	0.264317 0.568857  0.813781
8.55831623	659	0.272457 0.576039  0.815696
8.56335639	658	0.273176 0.575081  0.805401
8.56838798	659	0.266472 0.571969  0.809711
8.57341575	657	0.268387 0.564547  0.807556
8.57843589	658	0.264317 0.576997  0.810668
8.58347606	658	0.266233 0.568378  0.812105
8.58850765	658	0.269584 0.575081  0.809471
8.59354400	656	0.270542 0.571730  0.809471
8.59857177	659	0.268627 0.574363  0.811865
8.60361194	658	0.271739 0.574124  0.808993
8.60865211	657	0.272218 0.573645  0.814499
8.61370372	659	0.269824 0.573884  0.806120
8.61874771	656	0.268866 0.574363  0.807317
8.62378406	658	0.270542 0.568378  0.813302
8.62881183	659	0.262162 0.573884  0.802768
8.63384437	658	0.267908 0.577236  0.805162
8.63885974	659	0.267669 0.575800  0.811865
8.64388370	656	0.268148 0.572448  0.815457
8.64890766	659	0.267190 0.569096  0.801810
8.65393638	658	0.273415 0.570054  0.819048
8.65898418	656	0.265035 0.574363  0.809950
8.66401195	658	0.268387 0.572687  0.808993
8.66906356	659	0.268866 0.569814  0.814499
##inga 
#ido(sec)  szog(ADC)     ax(g)    ay(g)   az(g)
8.67465972	658	0.265754 0.567899  0.803486
8.67988395	657	0.262641 0.570054  0.824794
8.68511199	659	0.264796 0.577715  0.810908
8.69024372	656	0.266233 0.570054  0.807077
8.69528388	656	0.271979 0.575800  0.811626
8.70031166	659	0.262881 0.573645  0.800613
8.70534801	659	0.270303 0.576997  0.817851
8.71036434	659	0.268866 0.572448  0.802528
8.71539974	657	0.271260 0.572448  0.807556
8.72043609	659	0.266233 0.568857  0.813302
8.72548389	657	0.269345 0.572448  0.809232
8.73053169	657	0.266233 0.569575  0.815696
8.73558807	657	0.263360 0.573166  0.810429
8.74063587	659	0.271500 0.571011  0.813781
8.74566841	659	0.266233 0.572208  0.814499
8.75069999	658	0.263838 0.576278  0.808753
8.75572395	659	0.270542 0.577715  0.810429
8.76074028	659	0.266472 0.575800  0.806838
8.76576423	659	0.261684 0.569814  0.805641
8.77079582	658	0.266233 0.576278  0.810190
8.77583217	659	0.265754 0.572927  0.812823
8.78085231	659	0.269106 0.575081  0.812584
8.78588771	659	0.271500 0.576518  0.811865
8.79091167	658	0.268148 0.576518  0.807556
8.79594802	656	0.267908 0.569575  0.812344
8.80098819	659	0.264796 0.577236  0.823118
8.80601978	659	0.266711 0.578912  0.816175
8.81105995	659	0.264317 0.575081  0.809950
8.81608390	659	0.270781 0.578673  0.817612
8.82110786	659	0.265754 0.575800  0.812105
8.82612800	659	0.271021 0.576039  0.813302
8.83115196	656	0.264796 0.573645  0.805880
8.83617591	658	0.267908 0.567181  0.807077
8.84120368	658	0.264078 0.570293  0.803965
8.84623622	659	0.270781 0.578673  0.809950
8.85127162	657	0.267190 0.575560  0.812344
8.85631561	658	0.265993 0.576997  0.806598
8.86136436	656	0.261923 0.575560  0.812584
8.86639976	658	0.264317 0.576039  0.810429
8.87142372	659	0.266233 0.567899  0.812823
8.87645244	659	0.270063 0.574842  0.803486
8.88147640	659	0.268148 0.576757  0.809950
8.88650035	658	0.272936 0.572448  0.809950
8.89152812	657	0.271021 0.570293  0.802528
8.89655971	658	0.270542 0.574363  0.808514
8.90159606	657	0.262402 0.581546  0.811147
8.90664386	659	0.271021 0.573405  0.809950
8.91168403	659	0.269584 0.579630  0.800374
8.91673183	659	0.267669 0.573645  0.812584
8.92177963	658	0.270063 0.579630  0.811626
8.92680358	656	0.270303 0.574603  0.811865
8.93181991	658	0.264317 0.568617  0.814020
8.93683624	659	0.271500 0.578912  0.808274
8.94186019	658	0.268866 0.579870  0.808753
8.94688796	657	0.265993 0.572927  0.816415
8.95191955	659	0.270781 0.568378  0.811387
8.95696353	656	0.267669 0.577954  0.828385
8.96201229	659	0.268866 0.572687  0.812584
8.96705245	658	0.265754 0.572927  0.812344
8.97210407	656	0.259529 0.567420  0.813781
8.97714805	656	0.262641 0.571011  0.812105
8.98219203	656	0.267669 0.572927  0.816654
8.98722839	657	0.267430 0.573884  0.815457
8.99225997	656	0.263838 0.572927  0.811387
8.99730396	659	0.263360 0.574842  0.807556
9.00233173	659	0.267430 0.571730  0.813541
9.00735569	656	0.263838 0.576278  0.809711
9.01238822	659	0.263120 0.568138  0.808035
9.01741981	659	0.260008 0.571251  0.807795
9.02244377	659	0.269824 0.571969  0.808035
9.02749156	657	0.272457 0.568138  0.814020
9.03253555	659	0.269584 0.568857  0.814499
9.03757953	658	0.266472 0.576997  0.809950
9.04262828	656	0.265275 0.570772  0.805401
9.04766845	659	0.269106 0.576039  0.809471
9.05268383	659	0.269824 0.577954  0.809471
9.05770778	658	0.277246 0.573884  0.804444
9.06274795	659	0.268387 0.575560  0.800613
9.06777191	656	0.267669 0.572927  0.806598
9.07280445	659	0.267908 0.575081  0.804204
9.07782840	659	0.263838 0.574363  0.811865
9.08285236	656	0.265035 0.574124  0.810429
9.08789157	659	0.273654 0.569814  0.816175
9.09293556	659	0.266472 0.569096  0.810908
9.09798812	659	0.263838 0.576518  0.811865
9.10302829	658	0.266951 0.572208  0.816415
9.10805988	659	0.272697 0.574842  0.812823
9.11310005	658	0.263360 0.575800  0.806120
9.11811161	659	0.263360 0.569335  0.800374
9.12314796	657	0.270303 0.576039  0.819288
9.12816429	659	0.266711 0.569814  0.809471
9.13319206	659	0.270542 0.568378  0.810190
9.13822364	659	0.266711 0.567420  0.810668
9.14327239	658	0.272457 0.575081  0.803486
9.14830780	659	0.263360 0.573166  0.821442
9.15334415	659	0.264557 0.571011  0.809711
9.15839576	659	0.266711 0.573645  0.808274
9.16343593	659	0.262641 0.576039  0.803965
9.16847610	659	0.269106 0.571490  0.805162
9.17348384	659	0.267190 0.570532  0.807077
9.17849636	659	0.267430 0.574124  0.816415
##inga 
#ido(sec)  szog(ADC)     ax(g)    ay(g)   az(g)
9.18406772	659	0.271500 0.577715  0.804922
9.18929195	658	0.264796 0.577715  0.818809
9.19451618	659	0.262881 0.579391  0.802289
9.19966411	658	0.270063 0.574363  0.810429
9.20468425	658	0.264796 0.577954  0.814020
9.20971965	656	0.269106 0.574363  0.810190
9.21476840	657	0.271500 0.569335  0.817133
9.21979618	658	0.264317 0.576278  0.802768
9.22483634	658	0.268627 0.572208  0.813541
9.22985553	656	0.266711 0.573884  0.804683
9.23490047	658	0.267669 0.579870  0.805641
9.23990821	659	0.266711 0.569575  0.814978
9.24493980	658	0.270063 0.574124  0.803247
9.24997234	659	0.267190 0.571969  0.802289
9.25498771	659	0.268627 0.575321  0.811147
9.26001644	659	0.271979 0.566462  0.808035
9.26505184	659	0.265993 0.574363  0.807077
9.27009582	656	0.262641 0.571011  0.812344
9.27513980	659	0.273415 0.567899  0.817133
9.28018760	658	0.268148 0.570772  0.820724
9.28521156	658	0.267669 0.574842  0.802049
9.29023647	657	0.266711 0.571490  0.812344
9.29526424	659	0.263838 0.567420  0.812823
9.30028438	656	0.266233 0.574363  0.808993
9.30533599	659	0.268148 0.574603  0.809232
9.31036758	657	0.271500 0.568138  0.812584
9.31539154	658	0.269584 0.576039  0.810668
9.32042789	659	0.270781 0.577715  0.806359
9.32546043	659	0.268387 0.569814  0.812344
9.33050441	659	0.271500 0.570293  0.806120
9.33554840	658	0.265993 0.572448  0.803725
9.34057617	659	0.263360 0.568378  0.807077
9.34562015	659	0.271739 0.577954  0.810908
9.35065174	659	0.267190 0.576278  0.805641
9.35567569	656	0.273415 0.572208  0.813781
9.36069965	657	0.270063 0.571490  0.810668
9.36570835	659	0.270542 0.576757  0.809950
9.37072753	659	0.264557 0.572208  0.809711
9.37576770	657	0.267908 0.580827  0.817372
9.38080024	656	0.264078 0.576518  0.809232
9.38582801	659	0.265275 0.583940  0.808514
9.39087581	659	0.265035 0.573166  0.806598
9.39591598	658	0.265993 0.575081  0.808514
9.40095233	656	0.258332 0.578673  0.810908
9.40597629	659	0.267190 0.573884  0.813302
9.41099643	657	0.266711 0.577476  0.807556
9.41603565	658	0.264796 0.574603  0.806838
9.42106819	658	0.270063 0.574842  0.810908
9.42609977	659	0.264557 0.572927  0.809232
9.43113994	656	0.271739 0.576997  0.812823
9.43617153	658	0.270542 0.571730  0.816654
9.44119644	657	0.271500 0.569575  0.808753
9.44623184	659	0.269345 0.579152  0.806120
9.45127582	657	0.273894 0.570532  0.809711
9.45631599	658	0.270781 0.573645  0.814499
9.46133232	659	0.263838 0.572927  0.812105
9.46636390	659	0.267669 0.577715  0.815696
9.47139644	659	0.266711 0.575321  0.801571
9.47643184	656	0.268148 0.574842  0.822161
9.48146438	658	0.266951 0.576518  0.808993
9.48650836	659	0.263360 0.576039  0.811387
9.49151992	656	0.266233 0.575800  0.813063
9.49655628	656	0.265993 0.569096  0.809471
9.50159645	659	0.269345 0.570532  0.814020
9.50664424	656	0.271739 0.571730  0.814978
9.51169204	659	0.265275 0.574842  0.804922
9.51672363	658	0.268148 0.575321  0.810190
9.52174758	659	0.272697 0.568138  0.803247
9.52677154	657	0.263120 0.568617  0.819527
9.53180027	659	0.268148 0.576757  0.814499
9.53682804	658	0.270063 0.579630  0.813302
9.54183578	659	0.268387 0.572208  0.813781
9.54685592	657	0.267430 0.573645  0.812823
9.55189609	658	0.268866 0.569335  0.810668
9.55693244	658	0.264078 0.575081  0.808753
9.56197166	657	0.268387 0.574363  0.802768
9.56701564	659	0.263599 0.569575  0.814020
9.57205200	657	0.262641 0.573884  0.812344
9.57709217	659	0.267430 0.576757  0.812823
9.58212375	658	0.272457 0.573166  0.803965
9.58715629	659	0.275809 0.576757  0.802049
9.59218025	657	0.271260 0.578433  0.814260
9.59720420	659	0.260965 0.574124  0.815696
9.60222816	658	0.268866 0.570772  0.806838
9.60726356	659	0.270303 0.572927  0.807317
9.61229610	659	0.272457 0.572448  0.806120
9.61734008	657	0.267908 0.572208  0.821203
9.62237167	656	0.270303 0.569096  0.810429
9.62741184	656	0.264796 0.571969  0.815696
9.63246822	659	0.269106 0.574124  0.814978
9.63749217	658	0.268148 0.567659  0.813781
9.64251995	659	0.269345 0.571490  0.816415
9.64754772	658	0.269824 0.572208  0.808274
9.65255641	657	0.267190 0.569096  0.814739
9.65758037	659	0.268866 0.572208  0.816175
9.66259956	659	0.269824 0.571969  0.821682
9.66763591	657	0.267430 0.574363  0.809471
9.67266845	659	0.265275 0.575321  0.815696
9.67771625	659	0.268387 0.566941  0.812105
9.68275165	659	0.264317 0.574363  0.814020
9.68779182	658	0.265514 0.573645  0.805641
##inga 
#ido(sec)  szog(ADC)     ax(g)    ay(g)   az(g)
9.69337177	659	0.268627 0.569575  0.819288
9.69861984	658	0.273894 0.575081  0.808993
9.70383644	656	0.268866 0.571730  0.817372
9.70896816	658	0.262162 0.574603  0.817851
9.71399593	659	0.263120 0.570293  0.813063
9.71901226	658	0.271739 0.569814  0.814260
9.72403240	656	0.270063 0.573645  0.808753
9.72906780	659	0.267190 0.575081  0.803247
9.73410797	658	0.267669 0.569335  0.800613
9.73913955	658	0.262162 0.564547  0.819527
9.74419975	658	0.259529 0.576039  0.809471
9.74924373	658	0.269106 0.570772  0.815936
9.75428009	657	0.265993 0.576757  0.814499
9.75931644	659	0.265754 0.571490  0.820963
9.76432800	657	0.271021 0.572208  0.807795
9.76934814	658	0.267190 0.564547  0.804922
9.77436447	659	0.264078 0.575560  0.811865
9.77937984	656	0.270063 0.570532  0.810429
9.78440380	658	0.263599 0.577715  0.811865
9.78943634	658	0.266233 0.570054  0.807317
9.79448413	659	0.272218 0.571730  0.808274
9.79952430	659	0.260008 0.573884  0.815696
9.80455589	658	0.270303 0.578673  0.812344
9.80960369	659	0.262881 0.569814  0.807556
9.81463623	659	0.271021 0.577954  0.813541
9.81966018	658	0.271021 0.574124  0.809232
9.82468414	659	0.268148 0.576757  0.812344
9.82970809	659	0.269106 0.579870  0.810190
9.83472442	658	0.265754 0.576997  0.810429
9.83975601	659	0.261684 0.573405  0.811626
9.84478759	658	0.263360 0.574124  0.809471
9.84982776	656	0.269584 0.572448  0.813302
9.85487556	659	0.265754 0.581546  0.826231
9.85991954	659	0.266233 0.573884  0.803725
9.86497211	656	0.270542 0.578194  0.803007
9.87001228	658	0.267669 0.573645  0.798937
9.87504386	658	0.268148 0.580588  0.810908
9.88006401	658	0.268148 0.572927  0.800134
9.88510036	658	0.268387 0.572927  0.803486
9.89013576	656	0.264078 0.574363  0.811865
9.89516353	659	0.263599 0.576757  0.817851
9.90018844	658	0.267190 0.573405  0.817612
9.90522384	658	0.266233 0.574842  0.820724
9.91026401	656	0.266233 0.576757  0.814499
9.91530799	659	0.272697 0.570532  0.818090
9.92034816	659	0.271739 0.569096  0.813063
9.92540359	657	0.269106 0.568857  0.802528
9.93045234	659	0.267908 0.568857  0.816654
9.93548774	658	0.270063 0.573645  0.817612
9.94051647	659	0.267669 0.571251  0.811626
9.94555568	659	0.261205 0.573405  0.807795
9.95057582	656	0.267190 0.575800  0.807317
9.95558834	656	0.270542 0.571251  0.808514
9.96062374	659	0.265754 0.576039  0.813541
9.96566390	657	0.265275 0.575081  0.806359
9.97070026	658	0.270542 0.572208  0.810429
9.97573566	656	0.264317 0.573884  0.812344
9.98077583	658	0.272457 0.578433  0.818809
9.98581981	658	0.264557 0.576039  0.808993
9.99087238	657	0.267190 0.577954  0.811387
9.99590778	658	0.269106 0.573645  0.808035
10.00093173	656	0.263838 0.574842  0.808035
10.00605201	659	0.272218 0.573645  0.806120
10.01116752	659	0.268148 0.576278  0.809950
10.01628780	659	0.268627 0.577715  0.809232
10.02141571	659	0.266951 0.572448  0.801810
10.02653217	659	0.271979 0.568857  0.808753
10.03165245	659	0.266472 0.572927  0.805401
10.03678035	657	0.262881 0.574124  0.807077
10.04190826	658	0.270542 0.571730  0.817372
10.04703235	658	0.265993 0.571730  0.822161
10.05216407	656	0.264796 0.571011  0.809950
10.05729961	659	0.263599 0.574124  0.819288
10.06242370	657	0.268627 0.575081  0.804204
10.06755638	659	0.264796 0.569575  0.813541
10.07268428	658	0.266233 0.567899  0.808514
10.07782363	659	0.268387 0.570772  0.814020
10.08294010	658	0.268866 0.575321  0.815457
10.08807182	656	0.265754 0.569096  0.819766
10.09320354	658	0.262402 0.571730  0.813781
10.09833240	659	0.268627 0.569096  0.803965
10.10346031	659	0.265035 0.578912  0.813781
10.10859584	656	0.269824 0.564786  0.812584
10.11372375	658	0.267908 0.570054  0.810429
10.11886787	659	0.267669 0.575800  0.808514
10.12400436	658	0.271021 0.573645  0.803486
10.12914752	659	0.267908 0.570772  0.807556
10.13428783	659	0.267669 0.577954  0.810668
10.13943195	659	0.270781 0.570054  0.811626
10.14457988	658	0.260726 0.577715  0.814739
10.14972400	656	0.273415 0.574603  0.815457
10.15485954	659	0.271979 0.578194  0.814260
10.15999603	659	0.264317 0.577715  0.810190
10.16512775	657	0.269584 0.576039  0.806120
10.17026805	657	0.267669 0.573884  0.806838
10.17541980	656	0.270781 0.571730  0.809950
10.18054771	659	0.266472 0.571011  0.819288
10.18570041	659	0.275330 0.574124  0.809232
10.19083595	659	0.271021 0.574603  0.813541
10.19596767	659	0.272218 0.574363  0.808514
10.20111179	659	0.263360 0.570054  0.816175
##inga 
#ido(sec)  szog(ADC)     ax(g)    ay(g)   az(g)
10.20679569	659	0.265754 0.571730  0.817133
10.21208000	659	0.272936 0.572448  0.815696
10.21734046	657	0.266472 0.569814  0.813063
10.22257232	658	0.264078 0.567659  0.808274
10.22770786	658	0.265754 0.574124  0.813541
10.23284435	658	0.265754 0.571011  0.806838
10.23799228	656	0.266472 0.574124  0.819048
10.24312782	656	0.263838 0.573645  0.800613
10.24825954	659	0.267190 0.574363  0.807795
10.25338840	658	0.266711 0.571251  0.808514
10.25854015	659	0.269584 0.574124  0.812823
10.26367187	656	0.265035 0.572687  0.812344
10.26879978	657	0.269824 0.572927  0.805162
10.27394390	659	0.266951 0.571969  0.803247
10.27908420	658	0.266233 0.570293  0.814499
10.28421211	657	0.268627 0.580588  0.814978
10.28935623	656	0.266472 0.573645  0.810429
10.29448413	658	0.268387 0.573166  0.813541
10.29961204	659	0.262162 0.572448  0.806359
10.30475997	656	0.268387 0.579630  0.811626
10.30988407	657	0.269345 0.574124  0.804444
10.31501579	657	0.265754 0.573645  0.810190
10.32014846	658	0.269584 0.570532  0.810908
10.32527637	659	0.273415 0.569575  0.803486
10.33040809	659	0.269345 0.578673  0.807317
10.33553218	659	0.266951 0.576039  0.814020
10.34065246	658	0.262402 0.576518  0.811865
10.34578800	656	0.264078 0.569096  0.806359
10.35091590	658	0.264796 0.573645  0.804444
10.35604381	657	0.264317 0.573405  0.818330
10.36117553	656	0.269345 0.571011  0.803965
10.36630821	659	0.266711 0.573405  0.805162
10.37143611	656	0.270781 0.569814  0.800613
10.37657165	658	0.269584 0.568138  0.811865
10.38169956	658	0.270063 0.572448  0.800613
10.38681983	659	0.270063 0.573405  0.821442
10.39193153	659	0.265754 0.572208  0.808993
10.39705562	659	0.271979 0.573405  0.813541
10.40218830	659	0.264317 0.571251  0.807556
10.40731620	659	0.266472 0.574603  0.809950
10.41244411	658	0.268627 0.574842  0.812823
10.41757965	659	0.268627 0.575081  0.807556
10.42270374	659	0.270063 0.573166  0.801571
10.42783164	658	0.263360 0.576278  0.812105
10.43295574	659	0.263838 0.572687  0.813302
10.43807220	658	0.268866 0.578194  0.812105
10.44319629	659	0.270303 0.576518  0.810908
10.44831562	658	0.271739 0.569096  0.808514
10.45344352	658	0.266233 0.574363  0.812344
10.45858001	656	0.270781 0.574363  0.803965
10.46370792	659	0.272218 0.576278  0.810908
10.46882820	656	0.267669 0.571251  0.810908
10.47394752	659	0.269584 0.579391  0.817612
10.47907638	658	0.271500 0.572208  0.802528
10.48417186	656	0.268866 0.574124  0.809232
10.48929977	659	0.269106 0.575081  0.807556
10.49441242	656	0.266711 0.570532  0.810668
10.49953174	659	0.268148 0.574603  0.815217
10.50465965	659	0.265754 0.577236  0.818569
10.50977993	658	0.266233 0.573166  0.810429
10.51489639	659	0.267430 0.575081  0.812105
10.52001190	656	0.264557 0.568617  0.810190
10.52513217	658	0.262881 0.570293  0.813781
10.53026008	657	0.268387 0.570772  0.801331
10.53537178	656	0.267669 0.568378  0.811387
10.54050827	658	0.261205 0.570772  0.809471
10.54561233	656	0.266951 0.578433  0.808993
10.55074405	657	0.262402 0.567899  0.807077
10.55586814	659	0.265035 0.580349  0.811626
10.56100368	658	0.269584 0.575560  0.807795
10.56613159	659	0.265754 0.575560  0.814260
10.57125186	659	0.266233 0.573884  0.803965
10.57637977	658	0.269584 0.567659  0.813063
10.58150005	659	0.269824 0.577954  0.804204
10.58662033	657	0.265035 0.575081  0.812344
10.59174442	659	0.270781 0.573884  0.817133
10.59686374	659	0.266711 0.572448  0.809232
10.60199165	658	0.267669 0.577476  0.813541
10.60711193	656	0.264078 0.576039  0.805641
10.61222839	658	0.272218 0.576278  0.809232
10.61735630	656	0.268866 0.574363  0.807077
10.62248420	656	0.268148 0.577954  0.815696
10.62760829	658	0.264078 0.572208  0.806838
10.63272380	658	0.270542 0.573645  0.818090
10.63784408	659	0.265514 0.573405  0.807077
10.64296817	659	0.270063 0.573166  0.803247
10.64808368	656	0.269824 0.572927  0.810190
10.65319633	659	0.269824 0.576039  0.807077
10.65833568	659	0.270063 0.568378  0.808274
10.66345214	658	0.266951 0.571730  0.809950
10.66858386	657	0.266711 0.573645  0.816175
10.67370796	659	0.266951 0.565026  0.811626
10.67883205	656	0.265754 0.577954  0.802528
10.68395614	658	0.267908 0.571490  0.809711
10.68906784	658	0.265993 0.568378  0.808753
10.69418811	656	0.270542 0.576278  0.811626
10.69931602	656	0.267669 0.576997  0.804683
10.70444393	659	0.263838 0.573166  0.810190
10.70956420	656	0.266233 0.576757  0.812344
10.71470832	656	0.267430 0.579630  0.807795
10.71983623	659	0.273176 0.576997  0.813781
##inga 
#ido(sec)  szog(ADC)     ax(g)    ay(g)   az(g)
10.72551631	658	0.264557 0.571969  0.811865
10.73082447	656	0.265754 0.571730  0.817851
10.73611164	658	0.267430 0.577715  0.810429
10.74132442	656	0.268866 0.569814  0.803486
10.74646759	659	0.270542 0.575321  0.812105
10.75158786	659	0.269345 0.575081  0.816893
10.75671577	658	0.265514 0.582025  0.812344
10.76185989	659	0.267669 0.576039  0.816654
10.76698780	658	0.269584 0.575081  0.817851
10.77211570	659	0.274852 0.573166  0.814260
10.77724361	658	0.271739 0.573405  0.814020
10.78237247	657	0.262641 0.576278  0.811387
10.78751564	658	0.270303 0.575081  0.810190
10.79263591	658	0.271500 0.571969  0.807077
10.79776382	659	0.265993 0.571969  0.812344
10.80290031	659	0.266233 0.579391  0.809471
10.80803585	656	0.266951 0.575081  0.813302
10.81317996	658	0.272457 0.580827  0.808514
10.81831169	659	0.273654 0.573645  0.812344
10.82344436	659	0.267430 0.571969  0.810668
10.82857990	658	0.271500 0.569575  0.812344
10.83371639	659	0.274612 0.577476  0.806838
10.83886432	656	0.269345 0.576278  0.802289
10.84400367	659	0.266233 0.574603  0.806359
10.84914779	656	0.270063 0.573166  0.812584
10.85427570	659	0.272218 0.575081  0.809950
10.85941219	659	0.267908 0.575560  0.814260
10.86454010	658	0.262402 0.579152  0.822161
10.86968040	657	0.266711 0.573166  0.808514
10.87481212	658	0.274373 0.572927  0.804683
10.87994384	659	0.269824 0.571011  0.807317
10.88508796	659	0.270063 0.579152  0.810908
10.89021968	658	0.265754 0.576039  0.804922
10.89535617	656	0.264796 0.573166  0.815936
10.90049171	659	0.267669 0.576997  0.810908
10.90563964	659	0.265993 0.574363  0.806120
10.91076755	659	0.276288 0.575081  0.812105
10.91591167	656	0.266951 0.572927  0.820006
10.92105579	658	0.267669 0.574363  0.810668
10.92619228	658	0.269345 0.575560  0.804204
10.93133163	659	0.262881 0.575081  0.807556
10.93647193	659	0.264557 0.577715  0.804922
10.94161224	659	0.266472 0.571969  0.806598
10.94674777	656	0.266233 0.574363  0.810429
10.95188426	658	0.269106 0.574603  0.814739
10.95700359	658	0.262641 0.573166  0.813781
10.96213245	659	0.272457 0.575321  0.817133
10.96726417	657	0.264557 0.573166  0.809471
10.97240829	658	0.262402 0.569096  0.811387
10.97754001	659	0.264557 0.572927  0.817612
10.98267555	657	0.261205 0.574603  0.820963
10.98780441	659	0.269824 0.575081  0.812344
10.99293231	656	0.268148 0.568378  0.807795
10.99806785	657	0.268866 0.576997  0.808274
11.00319576	659	0.267190 0.571730  0.812823
11.00832366	659	0.270781 0.575800  0.817612
11.01344394	656	0.267430 0.576757  0.814020
11.01856422	659	0.263838 0.575560  0.808514
11.02370357	659	0.265993 0.573645  0.812823
11.02883625	659	0.267908 0.576039  0.808035
11.03397178	659	0.269824 0.571490  0.810190
11.03909206	656	0.265514 0.574842  0.797740
11.04420375	659	0.267908 0.578194  0.814499
11.04932022	659	0.260726 0.574842  0.810429
11.05443572	656	0.271260 0.574603  0.812823
11.05956363	658	0.271021 0.571011  0.804204
11.06468772	659	0.264796 0.576039  0.816654
11.06982040	659	0.269106 0.573884  0.807317
11.07493209	659	0.273415 0.570532  0.812105
11.08005237	656	0.271739 0.570532  0.807556
11.08517169	656	0.270063 0.574363  0.799655
11.09029579	656	0.266951 0.573166  0.813302
11.09541988	657	0.267190 0.574363  0.803965
11.10054779	659	0.269584 0.578673  0.806120
11.10566806	659	0.269824 0.573166  0.807077
11.11079597	657	0.267908 0.571730  0.822161
11.11592388	658	0.264796 0.573166  0.808753
11.12106037	659	0.262641 0.569335  0.809950
11.12619590	659	0.263120 0.573645  0.808514
11.13132381	659	0.268387 0.576518  0.811147
11.13646030	656	0.271500 0.568857  0.814978
11.14157199	658	0.260487 0.573166  0.814739
11.14669990	659	0.271979 0.571011  0.809950
11.15181159	656	0.272218 0.573645  0.809471
11.15694046	659	0.266711 0.575081  0.814739
11.16206836	659	0.268387 0.573166  0.813781
11.16719627	659	0.266472 0.577476  0.803965
11.17233562	658	0.267430 0.574603  0.810668
11.17745208	659	0.267908 0.572448  0.816415
11.18257236	657	0.262881 0.566702  0.812105
11.18770027	659	0.262641 0.570772  0.801810
11.19280433	658	0.267190 0.577954  0.801571
11.19792366	659	0.270303 0.573405  0.810190
11.20304012	656	0.272457 0.575560  0.813781
11.20816040	659	0.266951 0.576039  0.813063
11.21329212	657	0.263360 0.581067  0.802528
11.21840763	657	0.273415 0.573645  0.808514
11.22354030	659	0.270781 0.578194  0.804922
11.22864437	659	0.269584 0.576997  0.799895
11.23375988	658	0.272936 0.576039  0.814739
11.23889160	659	0.268627 0.576518  0.816654
##inga 
#ido(sec)  szog(ADC)     ax(g)    ay(g)   az(g)
11.24454402	658	0.274852 0.574363  0.808753
11.24982357	659	0.267190 0.575560  0.813541
11.25510025	656	0.264796 0.574363  0.809950
11.26033592	659	0.269584 0.566223  0.807795
11.26547622	658	0.273176 0.571969  0.813541
11.27061176	658	0.262881 0.569335  0.808514
11.27573204	656	0.264078 0.570772  0.815457
11.28084373	659	0.270063 0.570532  0.820485
11.28595161	657	0.268866 0.569096  0.806359
11.29109191	658	0.262402 0.568138  0.800613
11.29621219	657	0.275570 0.572448  0.810429
11.30133247	657	0.268627 0.571011  0.803486
11.30646038	657	0.266951 0.572448  0.809711
11.31157207	658	0.266711 0.571730  0.802528
11.31669616	659	0.270303 0.564786  0.809711
11.32181167	657	0.271260 0.577476  0.813063
11.32693958	656	0.264796 0.574603  0.803965
11.33206844	659	0.270542 0.573405  0.807077
11.33718013	659	0.266951 0.573166  0.811147
11.34230804	658	0.265754 0.567420  0.805641
11.34742832	659	0.267908 0.576518  0.810190
11.35254001	659	0.259289 0.574842  0.816893
11.35766792	659	0.268387 0.577954  0.810908
11.36279582	659	0.270063 0.576997  0.811387
11.36791610	659	0.266233 0.576278  0.814020
11.37303638	656	0.270781 0.570293  0.807317
11.37814807	656	0.261923 0.576518  0.804204
11.38327598	659	0.269345 0.573166  0.816415
11.38840389	658	0.268148 0.580109  0.812344
11.39352416	658	0.271260 0.583940  0.808993
11.39865207	658	0.267190 0.571730  0.807317
11.40376377	656	0.266233 0.576039  0.815457
11.40889644	658	0.270063 0.577236  0.807556
11.41399955	658	0.266711 0.574842  0.817851
11.41913223	658	0.266233 0.569335  0.816175
11.42427635	659	0.263599 0.573645  0.808035
11.42941188	656	0.264796 0.573645  0.815696
11.43453979	657	0.271739 0.576757  0.804922
11.43966007	659	0.265754 0.574124  0.806838
11.44479179	659	0.262641 0.573405  0.808035
11.44992446	658	0.270063 0.568138  0.811387
11.45505237	658	0.263838 0.571251  0.808035
11.46018028	659	0.261205 0.568617  0.811387
11.46530818	657	0.265514 0.573405  0.821682
11.47044372	658	0.264557 0.572208  0.809711
11.47557163	658	0.261205 0.568138  0.811865
11.48070430	658	0.263120 0.570532  0.801331
11.48582839	658	0.271260 0.575560  0.809471
11.49094390	659	0.272218 0.575560  0.804204
11.49607563	657	0.264796 0.575560  0.806598
11.50120353	659	0.272936 0.572208  0.806120
11.50632381	659	0.264796 0.573405  0.805880
11.51144790	659	0.268866 0.574363  0.821203
11.51656436	659	0.271739 0.576278  0.807795
11.52170753	658	0.263838 0.573884  0.808514
11.52685165	659	0.269345 0.576757  0.814260
11.53198814	657	0.262162 0.575081  0.811147
11.53712368	659	0.271979 0.574363  0.806838
11.54226016	658	0.268627 0.571969  0.805641
11.54740810	659	0.266711 0.576997  0.803247
11.55255222	659	0.263120 0.570772  0.809471
11.55769634	656	0.265993 0.571730  0.808035
11.56284427	659	0.272936 0.579152  0.815217
11.56797218	659	0.266233 0.574603  0.814978
11.57311630	656	0.268148 0.576757  0.803486
11.57826042	658	0.271979 0.567181  0.803725
11.58340358	659	0.268627 0.578673  0.805162
11.58856010	658	0.262881 0.578912  0.817851
11.59369182	659	0.267430 0.570532  0.806120
11.59882354	659	0.268148 0.576518  0.811626
11.60395622	658	0.266233 0.569814  0.807795
11.60911178	656	0.265993 0.575081  0.809950
11.61425590	658	0.264557 0.566941  0.814260
11.61938381	658	0.267669 0.573405  0.808035
11.62451553	657	0.265035 0.573166  0.810429
11.62965202	659	0.269345 0.572208  0.810429
11.63479232	658	0.262162 0.577476  0.813541
11.63992786	657	0.270542 0.573645  0.810668
11.64505195	658	0.263599 0.576518  0.809711
11.65019607	659	0.265754 0.571730  0.825512
11.65532398	656	0.262402 0.573166  0.810429
11.66045188	659	0.270542 0.576278  0.811387
11.66557979	659	0.273415 0.566702  0.813302
11.67071247	659	0.265514 0.576997  0.811865
11.67583179	657	0.268627 0.575081  0.803725
11.68096446	656	0.269106 0.573166  0.815457
11.68609237	658	0.271739 0.576997  0.811626
11.69122409	658	0.267430 0.576518  0.810668
11.69636440	657	0.271739 0.580109  0.804683
11.70149993	659	0.262162 0.573645  0.808993
11.70663642	659	0.274612 0.569575  0.813063
11.71177196	659	0.272218 0.573645  0.815936
11.71690368	659	0.265993 0.576997  0.806120
11.72202777	659	0.270063 0.569096  0.817612
11.72716426	659	0.259768 0.572927  0.804683
11.73229598	658	0.263599 0.576039  0.808753
11.73741245	658	0.261923 0.568138  0.802049
11.74254035	659	0.264317 0.571490  0.807317
11.74767208	659	0.269106 0.575321  0.808753
11.75279617	659	0.273176 0.568617  0.813302
11.75792407	659	0.267430 0.576278  0.809471
##inga 
#ido(sec)  szog(ADC)     ax(g)    ay(g)   az(g)
11.76357173	659	0.267430 0.565265  0.818090
11.76885223	659	0.266233 0.573645  0.800852
11.77413177	659	0.264078 0.572927  0.815457
11.77937221	659	0.273176 0.571490  0.812105
11.78450012	659	0.274852 0.571969  0.819527
11.78963565	659	0.268148 0.573645  0.796543
11.79476356	656	0.273415 0.573645  0.805880
11.79989624	656	0.269345 0.571730  0.811865
11.80502033	658	0.266711 0.577476  0.803965
11.81014823	659	0.270063 0.570772  0.805641
11.81526756	656	0.266711 0.577954  0.808514
11.82039642	659	0.270542 0.573166  0.813063
11.82552433	659	0.260247 0.576039  0.810668
11.83065605	656	0.269106 0.571490  0.811387
11.83577632	659	0.276049 0.570772  0.816654
11.84090042	658	0.272697 0.575560  0.819048
11.84601974	659	0.268387 0.573166  0.813781
11.85115623	659	0.267430 0.577476  0.810190
11.85627174	658	0.270542 0.571730  0.818330
11.86139583	658	0.270781 0.571251  0.807077
11.86651992	659	0.271979 0.565744  0.805162
11.87164402	658	0.269106 0.572927  0.808035
11.87677574	659	0.270542 0.568617  0.812584
11.88189983	659	0.269824 0.573166  0.805880
11.88703155	659	0.270303 0.567659  0.807795
11.89215564	656	0.271021 0.573166  0.810429
11.89728355	658	0.267190 0.570772  0.812584
11.90240383	658	0.266711 0.574603  0.813063
11.90752792	656	0.264317 0.570532  0.804204
11.91265964	656	0.261923 0.579630  0.809471
11.91777992	656	0.272457 0.568617  0.813541
11.92290782	659	0.268148 0.573166  0.818569
11.92802810	658	0.263838 0.575560  0.810190
11.93313980	656	0.265754 0.573645  0.816175
11.93827247	659	0.267908 0.570532  0.814739
11.94338798	658	0.263360 0.575081  0.812344
11.94850826	659	0.268866 0.575560  0.812584
11.95361995	658	0.267669 0.571011  0.808274
11.95874404	659	0.268387 0.575800  0.805641
11.96384811	657	0.264796 0.580588  0.816893
11.96897983	658	0.272218 0.567181  0.808035
11.97410774	659	0.269584 0.573166  0.813781
11.97923564	659	0.269824 0.578194  0.812584
11.98436355	659	0.272218 0.574363  0.808993
11.98950004	659	0.268866 0.571490  0.810668
11.99460411	659	0.269106 0.573166  0.810190
11.99972438	659	0.262162 0.577476  0.806598
12.00485229	659	0.266711 0.576997  0.808753
12.00997161	659	0.267190 0.578673  0.809232
12.01509189	658	0.267190 0.571730  0.804204
12.02021217	658	0.271260 0.574842  0.807556
12.02532386	659	0.264078 0.571011  0.803965
12.03044414	657	0.269106 0.567181  0.812105
12.03557205	659	0.267669 0.573645  0.803725
12.04069614	657	0.269345 0.571730  0.804444
12.04582786	659	0.268148 0.575321  0.804204
12.05094814	659	0.264317 0.575321  0.809471
12.05606365	658	0.267190 0.576518  0.813541
12.06119632	657	0.271021 0.579152  0.804683
12.06632423	656	0.263838 0.570532  0.814260
12.07144355	658	0.263838 0.570532  0.811865
12.07656764	657	0.263599 0.570772  0.815696
12.08168792	659	0.268387 0.574124  0.817133
12.08681201	659	0.259529 0.575081  0.808753
12.09192371	659	0.269584 0.572687  0.805880
12.09704780	659	0.273894 0.573405  0.808274
12.10216426	659	0.272936 0.575081  0.818330
12.10728836	656	0.265275 0.573405  0.813063
12.11240768	659	0.266233 0.570772  0.811387
12.11753177	658	0.262881 0.578194  0.817612
12.12266826	659	0.270063 0.575081  0.820006
12.12777996	659	0.266711 0.573884  0.804444
12.13291645	659	0.265035 0.573405  0.814260
12.13804817	659	0.268148 0.565265  0.809950
12.14317226	659	0.267669 0.578912  0.805162
12.14830017	659	0.267190 0.575081  0.811147
12.15341567	657	0.268148 0.571490  0.816415
12.15855598	656	0.271021 0.573166  0.808753
12.16368389	659	0.270303 0.571490  0.814260
12.16881179	656	0.266711 0.573166  0.809232
12.17393970	659	0.270542 0.572448  0.814739
12.17907619	659	0.270542 0.571490  0.807556
12.18420410	658	0.265275 0.570293  0.817612
12.18933963	656	0.271260 0.569814  0.809711
12.19446754	659	0.262162 0.570532  0.810668
12.19959640	659	0.271739 0.570532  0.806598
12.20472431	656	0.269106 0.579391  0.807795
12.20985603	659	0.266472 0.569814  0.805880
12.21498775	658	0.266951 0.575321  0.821682
12.22012424	657	0.265035 0.572927  0.817612
12.22525978	658	0.267908 0.572687  0.805162
12.23039627	658	0.267190 0.571011  0.809232
12.23553562	658	0.262162 0.571011  0.812584
12.24068355	658	0.270781 0.572448  0.812823
12.24582767	659	0.269106 0.578673  0.818330
12.25096035	658	0.269345 0.565505  0.812823
12.25609970	659	0.268148 0.571251  0.811626
12.26123237	658	0.271260 0.569575  0.805880
12.26637172	659	0.270542 0.579152  0.810429
12.27150821	658	0.268387 0.577715  0.806359
12.27663612	659	0.268387 0.578912  0.807556
##inga 
#ido(sec)  szog(ADC)     ax(g)    ay(g)   az(g)
12.28231239	657	0.272457 0.580109  0.809711
12.28757953	656	0.265035 0.576997  0.814499
12.29285240	657	0.263120 0.571969  0.804922
12.29809188	659	0.265514 0.577236  0.813302
12.30322837	659	0.267190 0.574842  0.813063
