##inga 
#ido(sec)  szog(ADC)     ax(g)    ay(g)   az(g)
0.00170800	274	0.022984 0.030885  0.724478
0.00689600	276	0.028012 0.023702  0.718732
##inga 
#ido(sec)  szog(ADC)     ax(g)    ay(g)   az(g)
0.01317600	277	0.034955 0.017477  0.725915
0.01838800	277	0.045250 0.006225  0.733815
0.02358800	278	0.043813 0.006704  0.730224
0.02876000	278	0.046447 0.011492  0.731421
0.03378400	276	0.048362 0.000958  0.742674
0.03881200	280	0.057221 0.002873  0.755363
0.04383600	280	0.051235 0.002155  0.754405
0.04888000	281	0.045489 0.007422  0.753448
0.05390800	279	0.047644 0.008619  0.752011
0.05893199	283	0.046686 0.012689  0.766137
0.06395601	283	0.039983 0.008858  0.770925
0.06896800	286	0.041659 0.008380  0.791994
0.07396800	287	0.037828 0.016041  0.790079
0.07898401	286	0.022266 0.016759  0.780981
0.08402400	288	0.026097 0.016759  0.820245
0.08905200	288	0.011013 0.024660  0.839877
0.09407600	288	-0.001915 0.028491  0.817133
0.09911600	292	-0.006225 0.035434  0.834371
0.10414800	293	-0.013647 0.043574  0.869565
0.10920400	294	-0.033040 0.051954  0.862622
0.11424000	295	-0.049081 0.052193  0.867889
0.11925200	297	-0.049799 0.050038  0.894704
0.12428801	299	-0.070149 0.069671  0.900689
0.12931199	298	-0.079247 0.080444  0.926307
0.13434000	303	-0.096007 0.083078  0.917449
0.13937200	303	-0.105104 0.083078  0.939475
0.14440399	304	-0.098880 0.081402  0.967966
0.14945199	307	-0.122821 0.088824  0.969402
0.15449999	309	-0.122103 0.091697  0.977782
0.15954799	312	-0.107977 0.088106  1.003879
0.16461199	314	-0.116118 0.086190  1.009146
0.16967200	317	-0.122103 0.093373  1.034045
0.17472399	317	-0.113245 0.101274  1.034045
0.17978799	318	-0.108935 0.078529  1.055832
0.18482799	320	-0.092415 0.066079  1.080013
0.18986398	319	-0.082360 0.070628  1.086717
0.19489200	320	-0.081641 0.070868  1.092942
0.19991600	324	-0.067276 0.062249  1.113053
0.20496001	327	-0.049559 0.044771  1.138192
0.20999200	327	-0.044053 0.040462  1.146332
0.21502799	329	-0.038307 0.035913  1.153275
0.22007200	334	-0.018914 0.029688  1.185836
0.22513599	336	-0.016759 0.029209  1.199244
0.23020000	338	-0.003352 0.028012  1.216242
0.23525600	342	0.009816 0.011731  1.242339
0.24028799	343	0.010056 0.001197  1.237071
0.24531600	347	0.021548 0.010295  1.253591
0.25032401	350	0.028970 0.008380  1.286870
0.25533599	353	0.024899 0.007661  1.303151
0.26036000	354	0.033518 -0.008380  1.300996
0.26538801	359	0.033279 -0.009816  1.329726
0.27042798	358	0.034955 -0.007422  1.340500
0.27545199	361	0.032561 0.002394  1.360850
0.28048398	366	0.034716 -0.011492  1.375216
0.28554000	370	0.039025 -0.010534  1.379525
0.29058000	371	0.022745 -0.006464  1.401791
0.29562802	378	0.023224 0.010295  1.413043
0.30067598	379	0.005985 0.006464  1.433633
0.30568799	382	0.001915 0.003112  1.448956
0.31070799	383	0.002873 0.000000  1.477686
0.31568000	388	-0.008858 0.010774  1.468349
0.32070801	392	-0.018675 0.019153  1.470264
0.32576000	394	-0.028730 0.015802  1.491812
0.33080000	397	-0.038307 0.009577  1.518627
0.33584799	401	-0.045011 0.026097  1.524133
0.34089999	405	-0.058179 0.045489  1.520303
0.34594800	408	-0.067276 0.047405  1.543766
0.35099599	409	-0.075417 0.039743  1.556455
0.35605599	411	-0.084993 0.042377  1.572017
0.36111998	416	-0.109174 0.060333  1.567707
0.36616001	417	-0.112766 0.064643  1.592846
0.37121200	422	-0.115399 0.055784  1.608408
0.37625198	423	-0.120906 0.053630  1.610324
0.38128800	426	-0.131201 0.060812  1.605535
0.38632801	431	-0.126413 0.069431  1.618225
0.39137199	435	-0.130243 0.066079  1.633308
0.39641599	438	-0.134074 0.059854  1.643603
0.40147199	443	-0.130004 0.056742  1.634265
0.40650401	447	-0.123540 0.062967  1.637139
0.41155600	449	-0.126413 0.057700  1.648631
0.41661996	452	-0.109414 0.050278  1.654137
0.42168002	455	-0.102950 0.043335  1.653658
0.42673997	457	-0.099837 0.046208  1.645758
0.43179602	462	-0.087866 0.039743  1.670418
0.43684802	462	-0.078050 0.029209  1.667066
0.44188399	468	-0.063446 0.013886  1.672093
0.44692401	470	-0.060094 0.008858  1.659644
0.45195598	476	-0.049320 0.012689  1.670657
0.45699601	478	-0.038546 -0.000958  1.665150
0.46206002	484	-0.022266 -0.014126  1.653658
0.46715598	485	-0.019393 -0.015323  1.639533
0.47225999	491	-0.018196 -0.003591  1.653180
0.47734398	496	-0.022505 -0.011253  1.669460
0.48243198	500	-0.010056 -0.025139  1.662277
0.48751597	501	-0.008380 -0.033997  1.649109
0.49260396	504	-0.009577 -0.016041  1.641927
0.49770002	507	0.001197 -0.018196  1.647433
0.50273599	513	-0.012689 -0.024660  1.635223
0.50782003	516	-0.005028 -0.031364  1.626365
0.51289997	522	-0.007422 -0.026097  1.620858
0.51798801	525	-0.004070 -0.024899  1.616788
##inga 
#ido(sec)  szog(ADC)     ax(g)    ay(g)   az(g)
0.52361202	526	-0.008140 -0.034237  1.610803
0.52884001	532	-0.006464 -0.036152  1.598592
0.53405599	535	-0.012450 -0.033758  1.584706
0.53927998	538	-0.017238 -0.022266  1.566750
0.54437203	542	-0.014604 -0.026097  1.561961
0.54944801	544	-0.021787 -0.027054  1.568665
0.55453596	549	-0.026097 -0.021308  1.549751
0.55963201	551	-0.033758 -0.029448  1.541132
0.56470799	553	-0.035913 -0.006464  1.493967
0.56978797	558	-0.049320 -0.002634  1.494446
0.57486000	561	-0.045729 -0.003112  1.508332
0.57994403	566	-0.064882 -0.016999  1.486545
0.58503599	568	-0.076374 -0.005267  1.473856
0.59012403	571	-0.083557 0.007183  1.457575
0.59517197	572	-0.093852 0.016520  1.445844
0.60021200	575	-0.103428 0.013168  1.437225
0.60524797	580	-0.101274 0.002634  1.430042
0.61029200	582	-0.126413 0.024181  1.397003
0.61535601	586	-0.123540 0.046686  1.375455
0.62040400	588	-0.133595 0.027533  1.377610
0.62546005	590	-0.137905 0.017238  1.363963
0.63052396	592	-0.139820 0.018435  1.347443
0.63558397	591	-0.134074 0.036152  1.321107
0.64063601	599	-0.141975 0.033040  1.312009
0.64568400	601	-0.131919 0.017477  1.304587
0.65071601	604	-0.132877 0.013168  1.279927
0.65578403	607	-0.132398 0.024181  1.256464
0.66082801	608	-0.121385 0.028970  1.252155
0.66587595	612	-0.115639 0.005028  1.242099
0.67092399	614	-0.106541 -0.003591  1.207623
0.67600798	619	-0.093373 -0.004310  1.205229
0.68109202	620	-0.086669 0.001437  1.185357
0.68613600	622	-0.077571 -0.005985  1.167880
0.69121999	623	-0.067516 -0.020829  1.164288
0.69630002	626	-0.056024 -0.032561  1.136516
0.70139598	630	-0.051714 -0.028251  1.119278
0.70648803	632	-0.039504 -0.026815  1.108265
0.71159200	632	-0.032321 -0.037349  1.094378
0.71669602	636	-0.019153 -0.057700  1.070197
0.72178001	636	-0.016759 -0.050038  1.055832
0.72686395	641	-0.008858 -0.048602  1.051283
0.73194799	644	-0.011971 -0.049081  1.023511
0.73704395	644	-0.007183 -0.053630  1.012737
0.74214401	647	-0.008140 -0.060573  0.999569
0.74722805	649	-0.011013 -0.042377  0.984486
0.75233197	650	-0.014604 -0.055306  0.962938
0.75742797	653	-0.003352 -0.059376  0.968205
0.76252799	652	-0.014604 -0.052432  0.955756
0.76762003	658	-0.014365 -0.050278  0.929899
0.77270402	658	-0.019153 -0.041898  0.919364
0.77780003	659	-0.029927 -0.044292  0.902126
0.78288002	660	-0.027054 -0.047644  0.904520
0.78796796	663	-0.034237 -0.044292  0.887522
0.79305200	663	-0.032800 -0.028970  0.877945
0.79812803	665	-0.036152 -0.039265  0.868129
0.80321598	664	-0.046926 -0.039743  0.857594
0.80829601	667	-0.050278 -0.037828  0.843947
0.81337604	667	-0.061052 -0.020351  0.845863
0.81845598	669	-0.074459 -0.022505  0.824555
0.82353601	671	-0.073980 -0.023942  0.825034
0.82861204	670	-0.079966 -0.024181  0.814260
0.83370399	672	-0.092655 -0.009577  0.814260
0.83878002	673	-0.102950 0.001915  0.792952
0.84381999	672	-0.106301 -0.000479  0.798458
0.84889202	675	-0.109174 -0.011731  0.798219
0.85398797	673	-0.112766 0.004549  0.785051
0.85904397	673	-0.125215 0.006704  0.768770
0.86410398	676	-0.124258 0.013168  0.772362
0.86915597	675	-0.118751 0.000000  0.769967
0.87417201	675	-0.128807 -0.000479  0.760391
0.87925996	677	-0.122821 0.007661  0.760870
0.88430795	677	-0.119709 0.003591  0.754405
0.88934793	676	-0.110850 -0.005507  0.753208
0.89442005	677	-0.115399 -0.008619  0.760151
0.89950799	676	-0.104626 -0.010534  0.749617
0.90460004	678	-0.103907 -0.000958  0.745547
0.90967998	677	-0.088106 -0.019393  0.762306
0.91476802	677	-0.081881 -0.022266  0.747462
0.91985206	678	-0.070149 -0.021308  0.756560
0.92492799	679	-0.064882 -0.018435  0.755602
0.93000802	678	-0.055784 -0.023224  0.750575
0.93510398	678	-0.050757 -0.038307  0.756560
0.94018402	677	-0.042377 -0.037828  0.761827
0.94527206	676	-0.042138 -0.031843  0.758236
0.95037593	676	-0.026097 -0.035434  0.761348
0.95545206	675	-0.028491 -0.041659  0.770925
0.96054000	676	-0.021548 -0.051475  0.771404
0.96562805	672	-0.020829 -0.046208  0.782896
0.97071599	671	-0.020351 -0.041419  0.782896
0.97580804	674	-0.017238 -0.041419  0.788163
0.98089199	671	-0.013407 -0.056024  0.800374
0.98598804	669	-0.018914 -0.050038  0.804204
0.99107599	669	-0.016759 -0.043335  0.811865
0.99617595	665	-0.015323 -0.040222  0.814260
1.00126004	666	-0.019393 -0.049559  0.820724
1.00636398	666	-0.014844 -0.053869  0.837244
1.01146805	665	-0.017956 -0.042138  0.844187
1.01658797	663	-0.027772 -0.036391  0.851130
1.02169203	662	-0.030406 -0.032561  0.866932
1.02680397	663	-0.030645 -0.028970  0.876508
1.03189599	661	-0.035913 -0.037828  0.904999
##inga 
#ido(sec)  szog(ADC)     ax(g)    ay(g)   az(g)
1.03753197	659	-0.047405 -0.036152  0.893507
1.04276001	656	-0.050996 -0.023942  0.912660
1.04797601	657	-0.039743 -0.026336  0.927983
1.05321204	654	-0.060094 -0.018675  0.934926
1.05828404	653	-0.073741 -0.020590  0.949052
1.06337201	649	-0.072783 -0.007661  0.971318
1.06845200	648	-0.087387 -0.001676  0.983289
1.07353603	645	-0.090739 0.001197  0.993823
1.07855999	645	-0.094331 0.002634  0.991429
1.08359599	642	-0.101034 0.003352  1.021595
1.08863603	642	-0.104865 0.012210  1.050326
1.09368001	640	-0.116118 0.007661  1.029257
1.09875202	637	-0.122582 0.016041  1.048650
1.10380399	634	-0.113723 0.019393  1.092463
1.10886800	632	-0.118272 0.011492  1.100125
1.11393201	629	-0.118751 0.023224  1.092224
1.11899602	629	-0.113005 0.022266  1.121193
1.12406003	627	-0.108696 0.013407  1.152557
1.12912404	624	-0.110611 0.011971  1.166683
1.13417196	622	-0.101513 0.011971  1.160937
1.13922798	616	-0.101034 0.024899  1.186554
1.14427196	616	-0.095288 0.017238  1.203792
1.14930796	615	-0.084993 0.000718  1.221030
1.15434801	611	-0.084275 0.001197  1.226776
1.15939605	609	-0.073022 0.002394  1.247366
1.16443598	607	-0.068952 -0.001915  1.254070
1.16951596	602	-0.060573 -0.006225  1.278970
1.17458403	596	-0.054348 -0.010056  1.287828
1.17967605	593	-0.040701 -0.016280  1.303630
1.18474805	592	-0.033997 -0.014365  1.325895
1.18984401	589	-0.025139 -0.025618  1.340260
1.19495594	588	-0.026815 -0.024181  1.335472
1.20005202	587	-0.028491 -0.014844  1.381680
1.20514404	585	-0.016520 -0.028251  1.406340
1.21023595	581	-0.016280 -0.028730  1.407058
1.21534001	577	-0.024899 -0.022026  1.410889
1.22044003	573	-0.014365 -0.017717  1.423099
1.22554802	572	-0.019393 -0.031603  1.435309
1.23065602	569	-0.018914 -0.027294  1.466673
1.23576796	564	-0.015323 -0.030167  1.476010
1.24088001	562	-0.022984 -0.019872  1.484869
1.24599194	557	-0.017956 -0.019393  1.505698
1.25110399	555	-0.021308 -0.021069  1.509050
1.25619995	550	-0.031124 -0.018675  1.514078
1.26131594	547	-0.031364 -0.010295  1.524852
1.26642394	545	-0.027294 -0.008858  1.528922
1.27152395	541	-0.044053 -0.009816  1.546878
1.27661204	538	-0.037828 -0.002873  1.542569
1.28170001	537	-0.045011 0.002394  1.565074
1.28674804	532	-0.049799 0.004310  1.587579
1.29180002	526	-0.062249 0.005028  1.592846
1.29685199	524	-0.072065 0.013647  1.577524
1.30190801	520	-0.075417 0.020590  1.605057
1.30695605	518	-0.075895 0.023224  1.617027
1.31199598	512	-0.088106 0.034476  1.625886
1.31704401	510	-0.091458 0.030645  1.616070
1.32209205	506	-0.100077 0.040701  1.625168
1.32713198	502	-0.098401 0.033997  1.642166
1.33217203	500	-0.103428 0.042138  1.639533
1.33722794	496	-0.114921 0.041419  1.635941
1.34229195	492	-0.108456 0.039504  1.632829
1.34734797	488	-0.103428 0.044771  1.654855
1.35240805	485	-0.100077 0.043335  1.661799
1.35746002	480	-0.101513 0.051714  1.653898
1.36251997	476	-0.100795 0.038067  1.647912
1.36756002	474	-0.092894 0.038067  1.662996
1.37259602	470	-0.084514 0.039265  1.677121
1.37764000	464	-0.085472 0.040462  1.650067
1.38268005	463	-0.075177 0.033997  1.646715
1.38771999	456	-0.063925 0.024899  1.650546
1.39277195	455	-0.060333 0.028970  1.646476
1.39781200	451	-0.049799 0.023942  1.641687
1.40285596	450	-0.049799 0.018675  1.629477
1.40790405	447	-0.036391 0.015802  1.632111
1.41297197	444	-0.040701 0.019393  1.632829
1.41801204	438	-0.027533 0.021548  1.627322
1.42307605	436	-0.022984 0.019632  1.619182
1.42814006	433	-0.026815 0.003831  1.614633
1.43319597	431	-0.021548 0.007661  1.618943
1.43825197	425	-0.018196 0.011253  1.602662
1.44329204	422	-0.020590 0.010534  1.578481
1.44832000	419	-0.009577 0.008140  1.587819
1.45335998	416	-0.005267 0.005746  1.583270
1.45838403	411	-0.007901 0.005985  1.572256
1.46342000	410	-0.005746 0.014604  1.566510
1.46844005	408	-0.008140 0.022745  1.542808
1.47348794	402	-0.002155 0.011731  1.541371
1.47854804	402	-0.007661 0.002873  1.530119
1.48358798	399	-0.009337 0.016041  1.513838
1.48863992	396	-0.008858 0.021308  1.497079
1.49369201	393	-0.009098 0.011731  1.499713
1.49873995	387	-0.012929 0.019153  1.469786
1.50379600	384	-0.012450 0.020351  1.461406
1.50883998	383	-0.017477 0.028012  1.452308
1.51387596	380	-0.017717 0.025139  1.441534
1.51891193	376	-0.018914 0.026336  1.428845
1.52396001	370	-0.022745 0.022505  1.391017
1.52900400	368	-0.032321 0.030167  1.391735
1.53405199	367	-0.035913 0.042616  1.395327
1.53909597	365	-0.045489 0.047644  1.372343
1.54414405	361	-0.046686 0.039504  1.344570
##inga 
#ido(sec)  szog(ADC)     ax(g)    ay(g)   az(g)
1.54973196	356	-0.050038 0.036391  1.326374
1.55497207	355	-0.059615 0.047884  1.326853
1.56019601	351	-0.063925 0.062727  1.307221
1.56542801	350	-0.065840 0.060094  1.282561
1.57048797	345	-0.070389 0.056024  1.266041
1.57553997	344	-0.069192 0.058657  1.255028
1.58058404	342	-0.071107 0.074459  1.246409
1.58562803	339	-0.087387 0.068234  1.215284
1.59067201	337	-0.077093 0.063685  1.201877
1.59571194	334	-0.079726 0.064164  1.187751
1.60073194	332	-0.074459 0.067995  1.183202
1.60577201	329	-0.080205 0.074459  1.157585
1.61081194	326	-0.073980 0.065122  1.144177
1.61585998	324	-0.066798 0.054587  1.132685
1.62090802	324	-0.066558 0.060573  1.113293
1.62597203	323	-0.065122 0.071107  1.085041
1.63102807	320	-0.055784 0.064403  1.087675
1.63609600	316	-0.047884 0.051475  1.074267
1.64115200	316	-0.035673 0.043095  1.052959
1.64619994	314	-0.036631 0.059615  1.031890
1.65124406	313	-0.032321 0.056263  1.026144
1.65628395	312	-0.011731 0.034955  1.011540
1.66132793	308	-0.016280 0.029209  1.005076
1.66636395	305	-0.005746 0.039983  0.971557
1.67139601	306	0.003352 0.037828  0.963656
1.67641997	304	0.003352 0.036391  0.958150
1.68145203	303	0.007661 0.023702  0.932293
1.68648395	301	0.011253 0.017238  0.932772
1.69152402	299	0.011731 0.032321  0.911463
1.69655599	297	0.011492 0.032561  0.897577
1.70159602	297	0.011253 0.022745  0.891352
1.70663595	295	0.012689 0.022266  0.873875
1.71166801	292	0.009098 0.020590  0.871481
1.71668004	291	0.008858 0.025378  0.849694
1.72169599	292	0.015802 0.031843  0.853045
1.72670803	289	0.016280 0.030885  0.831258
1.73172402	289	0.008380 0.024181  0.820724
1.73675594	287	0.002634 0.036631  0.815696
1.74179601	288	-0.000958 0.034955  0.814020
1.74684000	287	-0.002394 0.035673  0.802289
1.75188803	285	-0.006464 0.038067  0.792473
1.75693998	284	-0.012450 0.044292  0.785290
1.76199197	282	-0.022984 0.052432  0.775474
1.76704797	282	-0.028970 0.053151  0.772840
1.77208399	284	-0.035913 0.059136  0.757518
1.77712001	281	-0.040462 0.055306  0.758236
1.78216004	283	-0.046686 0.063206  0.763264
1.78719196	280	-0.050517 0.072304  0.747462
1.79222002	281	-0.050517 0.061052  0.742913
1.79726004	278	-0.057939 0.061530  0.742434
1.80229997	279	-0.058657 0.071346  0.740040
1.80734395	280	-0.054827 0.069192  0.742913
1.81239204	278	-0.062009 0.069431  0.735731
1.81743202	279	-0.058897 0.066319  0.731661
1.82248001	280	-0.061530 0.071586  0.726633
1.82752799	277	-0.058179 0.072304  0.734294
1.83259201	277	-0.060333 0.075656  0.729027
1.83763198	280	-0.054108 0.071346  0.734294
1.84267997	280	-0.046686 0.061052  0.731182
1.84772396	278	-0.044532 0.062967  0.737407
1.85275993	280	-0.045011 0.063685  0.741477
1.85780801	280	-0.038307 0.050996  0.735731
1.86284809	281	-0.021308 0.051714  0.744350
1.86788406	281	-0.029209 0.046926  0.742434
1.87292394	280	-0.018196 0.050038  0.745307
1.87797594	280	-0.012210 0.039025  0.753448
1.88303604	282	-0.006943 0.044292  0.758954
1.88808002	285	-0.001437 0.032082  0.758954
1.89313201	286	0.003112 0.032800  0.766137
1.89815607	284	0.002634 0.034955  0.773559
1.90319204	287	0.005267 0.025857  0.771164
1.90821599	288	0.004070 0.028251  0.781459
1.91321191	288	0.010295 0.022026  0.793909
1.91823596	287	0.013647 0.028730  0.803247
1.92326793	290	0.016759 0.022745  0.809232
1.92829999	290	0.006943 0.021548  0.820006
1.93333196	292	0.010295 0.024181  0.822879
1.93835601	291	0.011971 0.025139  0.837483
1.94340400	293	0.000958 0.030645  0.845863
1.94843196	296	-0.000718 0.028730  0.859989
1.95346794	297	-0.002394 0.034237  0.863819
1.95851192	296	-0.006704 0.032321  0.883691
1.96353998	300	-0.009098 0.033518  0.888240
1.96856002	302	-0.011492 0.041419  0.900689
1.97360000	302	-0.021787 0.045489  0.916012
1.97863998	305	-0.026575 0.047165  0.926786
1.98367595	307	-0.033040 0.051235  0.940912
1.98871192	308	-0.038307 0.044292  0.950728
1.99375610	310	-0.042856 0.053390  0.968924
1.99880399	313	-0.046686 0.048602  0.974670
2.00385189	314	-0.048841 0.058179  0.989514
2.00890398	314	-0.056742 0.056503  1.010103
2.01396393	317	-0.060333 0.059376  1.015849
2.01902389	320	-0.062009 0.058179  1.036200
2.02407193	320	-0.057460 0.057700  1.049607
2.02910804	320	-0.063206 0.057221  1.068282
2.03414392	320	-0.066079 0.058418  1.089111
2.03918004	325	-0.066319 0.055066  1.099646
2.04421997	327	-0.059376 0.059136  1.114011
2.04925990	330	-0.067516 0.056981  1.123587
2.05430388	332	-0.062967 0.053869  1.145135
##inga 
#ido(sec)  szog(ADC)     ax(g)    ay(g)   az(g)
2.05988788	331	-0.053630 0.055066  1.159740
2.06509590	337	-0.057221 0.056503  1.176499
2.07033205	340	-0.044771 0.047165  1.190146
2.07554411	342	-0.042616 0.042616  1.193019
2.08060789	343	-0.041659 0.041419  1.219594
2.08565592	345	-0.035434 0.042856  1.240902
2.09072399	347	-0.042616 0.040462  1.251915
2.09578800	352	-0.028012 0.035673  1.275378
2.10084009	355	-0.034476 0.023942  1.291898
2.10588788	357	-0.023702 0.033518  1.298602
2.11092400	359	-0.026575 0.028491  1.312727
2.11596393	361	-0.018435 0.025139  1.342176
2.12100005	364	-0.021548 0.022026  1.345767
2.12604808	368	-0.017956 0.015802  1.363963
2.13109993	371	-0.010056 0.021308  1.379764
2.13613200	373	-0.009098 0.008380  1.372103
2.14116406	380	-0.011731 0.013407  1.399397
2.14622807	382	-0.013407 0.015562  1.414241
2.15128397	384	-0.013407 0.016999  1.424057
2.15633201	385	-0.010774 0.010295  1.444407
2.16138792	389	-0.012210 0.008140  1.460927
2.16645193	392	-0.017238 0.006704  1.463800
2.17149996	394	-0.021787 0.015083  1.474574
2.17655992	400	-0.028730 0.016280  1.487981
2.18160390	404	-0.032321 0.019632  1.511205
2.18664407	407	-0.026575 0.012689  1.516472
2.19169592	408	-0.028970 0.015802  1.532513
2.19674801	411	-0.044053 0.020351  1.524852
2.20180010	412	-0.050278 0.028730  1.544484
2.20684003	415	-0.047884 0.023942  1.565792
2.21189188	417	-0.052432 0.022026  1.561243
2.21693992	422	-0.055545 0.022026  1.573932
2.22199988	424	-0.059854 0.034476  1.580875
2.22705197	429	-0.070149 0.031843  1.588537
2.23210406	434	-0.066558 0.030406  1.606972
2.23717188	436	-0.074459 0.029688  1.606972
2.24224400	438	-0.077093 0.032082  1.606254
2.24730801	445	-0.079726 0.033279  1.625407
2.25234794	447	-0.078050 0.037828  1.629238
2.25738406	451	-0.081402 0.027294  1.625407
2.26243209	451	-0.083557 0.033758  1.629956
2.26748394	456	-0.085712 0.039983  1.644800
2.27253198	457	-0.080205 0.031364  1.638096
2.27756810	462	-0.084993 0.024899  1.639533
2.28261995	465	-0.079966 0.031364  1.650067
2.28766393	469	-0.079966 0.020351  1.637139
2.29272389	470	-0.073980 0.021308  1.649828
2.29777598	475	-0.066798 0.019153  1.654855
2.30282807	476	-0.070868 0.017717  1.639533
2.30787992	483	-0.058657 0.017956  1.642885
2.31293201	486	-0.060573 0.015323  1.637617
2.31798791	491	-0.060812 0.007183  1.641209
2.32304406	495	-0.059136 -0.005507  1.631392
2.32811594	499	-0.052193 0.002155  1.635223
2.33315610	503	-0.053151 -0.007661  1.622774
2.33824801	503	-0.040701 -0.007901  1.626125
2.34332799	507	-0.038786 -0.007422  1.612239
2.34840393	511	-0.035194 -0.002394  1.612478
2.35349202	515	-0.031603 -0.009337  1.606732
2.35858392	517	-0.039983 -0.015083  1.589016
2.36367607	525	-0.031364 -0.013647  1.587579
2.36878395	526	-0.034237 -0.016041  1.595719
2.37386798	530	-0.036631 -0.011492  1.565792
2.37897205	534	-0.039025 -0.010295  1.567707
2.38405609	537	-0.032082 -0.024899  1.563637
2.38913989	540	-0.042138 -0.013407  1.551666
2.39424395	542	-0.042138 -0.011013  1.532752
2.39933991	546	-0.042377 -0.015323  1.523655
2.40443611	550	-0.057700 -0.011492  1.520781
2.40953207	551	-0.048362 -0.013647  1.511444
2.41462802	556	-0.047884 -0.007901  1.492291
2.41970801	560	-0.061291 -0.005267  1.484629
2.42479991	560	-0.059376 -0.000239  1.473137
2.42988395	567	-0.061770 -0.009577  1.460927
2.43497204	570	-0.065361 -0.005985  1.450872
2.44007205	572	-0.069910 0.000718  1.437225
2.44511604	575	-0.073262 -0.001915  1.422381
2.45021200	577	-0.091218 0.003112  1.406819
2.45526790	580	-0.083078 -0.013647  1.391975
2.46035599	582	-0.085712 -0.001676  1.380483
2.46546006	586	-0.086669 0.010056  1.361329
2.47050809	589	-0.093373 0.003591  1.350556
2.47556400	590	-0.088345 0.003831  1.332599
2.48059606	590	-0.093373 -0.005267  1.317516
2.48568391	593	-0.089782 0.001915  1.308897
2.49072790	598	-0.097443 0.003112  1.283279
2.49576807	602	-0.092655 -0.000479  1.270351
2.50084805	603	-0.091458 -0.001437  1.256943
2.50593996	608	-0.094570 0.004070  1.234198
2.51097607	609	-0.086669 -0.006464  1.233001
2.51606392	612	-0.085233 -0.001437  1.214566
2.52115988	614	-0.075656 -0.009098  1.204032
2.52624011	615	-0.080923 -0.012689  1.181048
2.53132390	621	-0.072544 -0.012689  1.166922
2.53641605	620	-0.067516 -0.014844  1.147050
2.54152393	623	-0.069431 -0.025139  1.130291
2.54662394	627	-0.057460 -0.023463  1.122630
2.55171608	630	-0.057221 -0.024421  1.102758
2.55683207	631	-0.056503 -0.021308  1.095336
2.56192803	632	-0.054108 -0.027294  1.076662
2.56703209	635	-0.047405 -0.035194  1.067803
##inga 
#ido(sec)  szog(ADC)     ax(g)    ay(g)   az(g)
2.57264804	637	-0.045729 -0.029927  1.042664
2.57788801	637	-0.042856 -0.029927  1.038115
2.58312010	641	-0.046208 -0.038786  1.014892
2.58834004	643	-0.038786 -0.038067  0.999808
2.59344005	645	-0.035913 -0.033279  0.979458
2.59854388	648	-0.042138 -0.033279  0.966769
2.60364007	650	-0.033040 -0.037110  0.954559
2.60871601	649	-0.040222 -0.034476  0.948573
2.61380004	651	-0.043335 -0.039265  0.932053
2.61889600	654	-0.046926 -0.039983  0.924152
2.62397193	656	-0.047405 -0.039743  0.910027
2.62905192	658	-0.052911 -0.035194  0.903323
2.63414001	659	-0.055306 -0.030406  0.897098
2.63921999	658	-0.057460 -0.028730  0.874832
2.64430403	661	-0.056024 -0.029448  0.870283
2.64938807	662	-0.062488 -0.031603  0.865256
2.65447592	664	-0.063206 -0.027054  0.849454
2.65955591	664	-0.066319 -0.026097  0.841314
2.66465592	664	-0.071346 -0.027294  0.841553
2.66975998	667	-0.073262 -0.017477  0.831977
2.67486405	669	-0.076374 -0.022505  0.817612
2.67996001	669	-0.079726 -0.018914  0.815457
2.68504810	669	-0.084514 -0.015323  0.801092
2.69013595	669	-0.087387 -0.016280  0.797979
2.69522809	670	-0.081641 -0.020590  0.789360
2.70030808	671	-0.083796 -0.014604  0.791994
2.70539593	671	-0.085233 -0.014365  0.783854
2.71050000	674	-0.094091 -0.011492  0.774995
2.71560406	672	-0.088824 -0.013168  0.783614
2.72069191	672	-0.090979 -0.008619  0.774516
2.72578406	675	-0.087148 -0.021069  0.768531
2.73087191	675	-0.083796 -0.017477  0.764221
2.73596405	672	-0.088345 -0.011971  0.754166
2.74105191	675	-0.080205 -0.014844  0.758715
2.74614810	673	-0.081881 -0.021787  0.768052
2.75124788	672	-0.069910 -0.023463  0.757997
2.75636005	674	-0.074459 -0.021548  0.763264
2.76146411	673	-0.070389 -0.021308  0.769249
2.76656389	675	-0.062249 -0.028012  0.759673
2.77166795	674	-0.064403 -0.028730  0.757278
2.77676796	674	-0.051714 -0.027054  0.769728
2.78187203	672	-0.047884 -0.027772  0.766137
2.78696799	674	-0.050757 -0.031364  0.766137
2.79207205	673	-0.044053 -0.034955  0.778108
2.79715204	672	-0.042616 -0.029927  0.783614
2.80224800	670	-0.044053 -0.030406  0.781938
2.80733604	670	-0.045729 -0.030645  0.781220
2.81241607	669	-0.043335 -0.031603  0.782417
2.81750793	668	-0.037828 -0.034476  0.797740
2.82258796	668	-0.041898 -0.030885  0.799176
2.82767200	664	-0.037349 -0.031843  0.802528
2.83275203	666	-0.039265 -0.032321  0.815457
2.83784389	665	-0.040462 -0.039743  0.828625
2.84293193	666	-0.044771 -0.033279  0.830301
2.84802389	663	-0.042856 -0.028491  0.839159
2.85311203	664	-0.050757 -0.019153  0.849215
2.85820007	663	-0.049799 -0.022266  0.857834
2.86329603	659	-0.051235 -0.017717  0.855679
2.86839599	660	-0.057700 -0.016759  0.872199
2.87348003	655	-0.061052 -0.026336  0.891831
2.87857198	657	-0.058179 -0.020590  0.898535
2.88366012	653	-0.065600 -0.019872  0.912421
2.88874797	654	-0.060812 -0.019393  0.920082
2.89384384	652	-0.070389 -0.011971  0.926547
2.89893198	649	-0.071346 -0.011013  0.948334
2.90403604	645	-0.073501 -0.011013  0.957192
2.90914011	645	-0.072304 -0.011253  0.968924
2.91423606	645	-0.081641 -0.006225  0.985443
2.91933202	643	-0.082360 -0.009577  1.000287
2.92442016	642	-0.081402 -0.007901  1.004118
2.92950010	638	-0.081641 -0.004549  1.037158
2.93460006	637	-0.088824 0.001437  1.036439
2.93966007	632	-0.079966 -0.002634  1.052480
2.94476013	633	-0.083557 -0.003591  1.062536
2.94986009	631	-0.082360 -0.004788  1.077140
2.95494794	626	-0.077811 -0.004070  1.098449
2.96003608	625	-0.080444 -0.002634  1.108744
2.96514396	624	-0.078290 -0.000239  1.123587
2.97022008	624	-0.077571 -0.001437  1.142262
2.97531204	618	-0.075417 -0.001197  1.154951
2.98040008	618	-0.074219 0.000239  1.160697
2.98544406	617	-0.073262 -0.004549  1.184639
2.99053592	611	-0.063685 -0.007183  1.201638
2.99561996	608	-0.058179 -0.012210  1.212651
3.00072002	609	-0.056263 -0.004070  1.230128
3.00580000	606	-0.056742 -0.009337  1.244015
3.01087594	602	-0.048841 -0.007901  1.255028
3.01594805	596	-0.048123 -0.013886  1.265802
3.02104401	595	-0.046686 -0.015083  1.284716
3.02613592	591	-0.037828 -0.018196  1.307460
3.03123211	589	-0.041659 -0.018914  1.331881
3.03632807	587	-0.041659 -0.014126  1.341458
3.04142808	586	-0.042856 -0.018914  1.341458
3.04653191	584	-0.042616 -0.014844  1.361569
3.05163598	579	-0.047165 -0.013407  1.384792
3.05672407	578	-0.041898 -0.011492  1.383595
3.06180810	575	-0.045729 -0.006464  1.410649
3.06690788	574	-0.044053 -0.012689  1.420465
3.07199597	570	-0.050517 -0.010774  1.423578
3.07708811	567	-0.050038 -0.005746  1.449435
3.08217191	561	-0.047884 -0.009098  1.456857
##inga 
#ido(sec)  szog(ADC)     ax(g)    ay(g)   az(g)
3.08780002	558	-0.055066 -0.001915  1.472180
3.09299993	555	-0.060094 -0.006225  1.478883
3.09822392	550	-0.057221 0.002394  1.492770
3.10342788	546	-0.065122 0.010534  1.503065
3.10849595	541	-0.059376 0.005746  1.520303
3.11353588	538	-0.065600 0.002873  1.524373
3.11855602	539	-0.069910 0.005028  1.537062
3.12360811	534	-0.068473 0.017956  1.549033
3.12865591	533	-0.069910 0.015323  1.555737
3.13370394	528	-0.075177 0.015083  1.572496
3.13876008	523	-0.074698 0.017956  1.556694
3.14380788	522	-0.068234 0.016041  1.569862
3.14885210	516	-0.080205 0.022266  1.586621
3.15389609	515	-0.080684 0.025139  1.588776
3.15894007	510	-0.082120 0.027054  1.600029
3.16400408	506	-0.073741 0.022505  1.600986
3.16906404	504	-0.072544 0.025139  1.612000
3.17413210	500	-0.080444 0.028491  1.606732
3.17917990	494	-0.085233 0.025857  1.636181
3.18423199	493	-0.068473 0.025378  1.624449
3.18928003	489	-0.069910 0.022745  1.622055
3.19432806	485	-0.065600 0.028491  1.628998
3.19936800	481	-0.071346 0.030645  1.628041
3.20441603	477	-0.067276 0.028730  1.634984
3.20946407	475	-0.057939 0.018914  1.625407
3.21451997	472	-0.056024 0.019153  1.632829
3.21955204	468	-0.056503 0.020590  1.627083
3.22460007	465	-0.054827 0.028491  1.635223
3.22964811	461	-0.048841 0.013407  1.632350
3.23470401	456	-0.044053 0.011492  1.626604
3.23974800	453	-0.043813 0.021069  1.620619
3.24481201	451	-0.042616 0.023224  1.622055
3.24987602	448	-0.033279 0.014844  1.621098
3.25494003	446	-0.030167 0.015562  1.618225
3.25999999	444	-0.032321 0.013407  1.608648
3.26505589	439	-0.033758 0.018675  1.602662
3.27010393	435	-0.026336 0.021308  1.603141
3.27515602	431	-0.029927 0.011731  1.579439
3.28020405	430	-0.025139 0.011492  1.585424
3.28525996	425	-0.024181 0.018196  1.576326
3.29032397	421	-0.020351 0.019632  1.566271
3.29537200	418	-0.025618 0.019632  1.555737
3.30043196	416	-0.025378 0.016999  1.550948
3.30548000	412	-0.027294 0.017956  1.545202
3.31053996	410	-0.029209 0.031603  1.528682
3.31558799	408	-0.020590 0.023463  1.517430
3.32063603	404	-0.030645 0.021548  1.510726
3.32570791	402	-0.031843 0.018914  1.501389
3.33076405	399	-0.036391 0.035434  1.479841
3.33582401	396	-0.037110 0.035434  1.481756
3.34087991	389	-0.040222 0.024660  1.468828
3.34591603	386	-0.039983 0.035913  1.448477
3.35095596	385	-0.042377 0.038786  1.444407
3.35599994	383	-0.041898 0.044292  1.427648
3.36104393	379	-0.047405 0.041898  1.414959
3.36608791	377	-0.047644 0.044771  1.396284
3.37112808	372	-0.048841 0.040940  1.379286
3.37615990	369	-0.046926 0.040940  1.374018
3.38121604	366	-0.052672 0.051954  1.363484
3.38626790	365	-0.057221 0.047884  1.346007
3.39132809	359	-0.057221 0.045968  1.331402
3.39637589	358	-0.050517 0.044053  1.317995
3.40143203	357	-0.051714 0.056024  1.296926
3.40649604	353	-0.045489 0.045729  1.273463
3.41153192	349	-0.053630 0.041659  1.275139
3.41657209	347	-0.052672 0.045968  1.269632
3.42161607	345	-0.055306 0.050996  1.234917
3.42665600	340	-0.053869 0.053390  1.219833
3.43168807	342	-0.046208 0.047644  1.216003
3.43673205	339	-0.044532 0.048123  1.194455
3.44178390	337	-0.041419 0.052432  1.179132
3.44683599	333	-0.044292 0.056503  1.158064
3.45189595	332	-0.037828 0.051954  1.152318
3.45695996	330	-0.035434 0.044771  1.133882
3.46201205	327	-0.028491 0.044053  1.115208
3.46706390	324	-0.035434 0.040222  1.099646
3.47212004	324	-0.025618 0.040222  1.085999
3.47719192	322	-0.024660 0.044292  1.074267
3.48224806	321	-0.029448 0.039265  1.057987
3.48729205	319	-0.023224 0.040701  1.050326
3.49234008	318	-0.013647 0.036870  1.033327
3.49739193	316	-0.018914 0.039983  1.017047
3.50243997	311	-0.005028 0.037349  1.005794
3.50747609	313	-0.011013 0.039504  0.992147
3.51250791	311	-0.008619 0.039743  0.977543
3.51755595	309	-0.011971 0.044053  0.963178
3.52259993	308	-0.009577 0.035673  0.959347
3.52764797	302	-0.011492 0.036152  0.934208
3.53269195	304	-0.012689 0.041419  0.927504
3.53774404	299	-0.019393 0.039025  0.927025
3.54279589	301	-0.010056 0.040222  0.902365
3.54784393	299	-0.013647 0.041180  0.891352
3.55289602	296	-0.017956 0.043574  0.880578
3.55794405	295	-0.012450 0.041180  0.876748
3.56297206	294	-0.019872 0.050038  0.853285
3.56802392	293	-0.017956 0.044532  0.838920
3.57307195	294	-0.020351 0.048841  0.842990
3.57811188	290	-0.022745 0.043335  0.829822
3.58314800	291	-0.025139 0.049799  0.818090
3.58818006	289	-0.030167 0.053151  0.812823
3.59322404	286	-0.035913 0.055784  0.796064
##inga 
#ido(sec)  szog(ADC)     ax(g)    ay(g)   az(g)
3.59880805	288	-0.035434 0.054827  0.797500
3.60401606	286	-0.036391 0.052672  0.791036
3.60924005	287	-0.036870 0.054348  0.776432
3.61443591	285	-0.033758 0.058179  0.782417
3.61949610	285	-0.038307 0.056742  0.771164
3.62453603	283	-0.037589 0.058897  0.768531
3.62958788	284	-0.033758 0.057460  0.768052
3.63463211	285	-0.041180 0.052672  0.750335
3.63965988	284	-0.042377 0.057700  0.765179
3.64470005	283	-0.038067 0.049559  0.746505
3.64974808	283	-0.037349 0.056503  0.747941
3.65478396	284	-0.036870 0.059136  0.739322
3.65982794	282	-0.029927 0.054827  0.741716
3.66487193	284	-0.023224 0.056503  0.738843
3.66993594	283	-0.029688 0.051235  0.737167
3.67498803	283	-0.023463 0.051235  0.740758
3.68003988	284	-0.024899 0.050996  0.742913
3.68509602	284	-0.022266 0.044532  0.739561
3.69014811	283	-0.011492 0.047405  0.734294
3.69519591	283	-0.011971 0.043813  0.751772
3.70023608	284	-0.012689 0.047884  0.744829
3.70527601	285	-0.011013 0.042856  0.740519
3.71031188	285	-0.012210 0.039504  0.755602
3.71533989	285	-0.009098 0.040462  0.750814
3.72036409	286	-0.010056 0.034955  0.759912
3.72540402	287	-0.013647 0.040462  0.767813
3.73043608	287	-0.005746 0.042616  0.764940
3.73547601	289	-0.009816 0.033040  0.779305
3.74052405	289	-0.010774 0.044532  0.787684
3.74557590	289	-0.017956 0.031124  0.787924
3.75062799	289	-0.011253 0.045729  0.797979
3.75569200	290	-0.012689 0.035434  0.804683
3.76074004	292	-0.012929 0.040462  0.805641
3.76578807	291	-0.014365 0.039025  0.820245
3.77082395	293	-0.016041 0.039025  0.822161
3.77586793	295	-0.022984 0.040222  0.832934
3.78091192	297	-0.024899 0.041180  0.845623
3.78595209	295	-0.028491 0.046926  0.852088
3.79099988	298	-0.033997 0.046208  0.861186
3.79604411	299	-0.029688 0.043335  0.870523
3.80109596	302	-0.027533 0.045968  0.890155
3.80615596	303	-0.031124 0.045011  0.896619
3.81121616	305	-0.041180 0.047165  0.902365
3.81626396	304	-0.038307 0.050517  0.922237
3.82132005	305	-0.034237 0.051235  0.926547
3.82637996	308	-0.043574 0.054587  0.945940
3.83143215	309	-0.040462 0.046447  0.952404
3.83646392	313	-0.047644 0.041898  0.969163
3.84149188	313	-0.046447 0.052432  0.984725
3.84652805	316	-0.033997 0.047644  1.000766
3.85156803	317	-0.043095 0.045968  1.012737
3.85660409	320	-0.038067 0.045729  1.023511
3.86165599	320	-0.040940 0.043095  1.026623
3.86668395	321	-0.037589 0.044292  1.048171
3.87172794	321	-0.032321 0.049799  1.067324
3.87679195	324	-0.038307 0.039743  1.079056
3.88183994	328	-0.036391 0.037110  1.096054
3.88688392	330	-0.033040 0.046447  1.108504
3.89192790	330	-0.029448 0.037349  1.128855
3.89697599	332	-0.028970 0.035434  1.128376
3.90201587	335	-0.030885 0.035194  1.148247
3.90705604	339	-0.019632 0.028730  1.156388
3.91210384	341	-0.032321 0.034476  1.183921
3.91715192	340	-0.031843 0.031364  1.199722
3.92219591	345	-0.028012 0.034955  1.212411
3.92723989	347	-0.032082 0.035673  1.219594
3.93228006	351	-0.023224 0.033040  1.240184
3.93733596	352	-0.024181 0.034237  1.251437
3.94239215	357	-0.028730 0.034476  1.272266
3.94743614	358	-0.030885 0.034237  1.282561
3.95248394	359	-0.033518 0.029927  1.303869
3.95754413	364	-0.037110 0.026336  1.319192
3.96261196	366	-0.036152 0.035194  1.321825
3.96767215	370	-0.034716 0.031603  1.336430
3.97271995	371	-0.035434 0.027294  1.365160
3.97776794	379	-0.040940 0.033040  1.374018
3.98279590	381	-0.041180 0.031603  1.380962
3.98783206	382	-0.043574 0.037110  1.391017
3.99286384	384	-0.045729 0.034476  1.411607
3.99792003	388	-0.044771 0.031843  1.430760
4.00296020	390	-0.046208 0.034476  1.440816
4.00800418	396	-0.052193 0.032561  1.437943
4.01305580	398	-0.040940 0.022026  1.464279
4.01810407	401	-0.053390 0.033279  1.474334
4.02314805	405	-0.041180 0.025618  1.492051
4.02820014	407	-0.049799 0.024899  1.501868
4.03328418	408	-0.056503 0.023942  1.511684
4.03834009	409	-0.045968 0.025857  1.512881
4.04340410	414	-0.047405 0.024899  1.529640
4.04844808	418	-0.049799 0.026575  1.535386
4.05349206	419	-0.048841 0.018675  1.551188
4.05855178	422	-0.052193 0.021548  1.556455
4.06360816	424	-0.050278 0.017238  1.566271
4.06864404	430	-0.054108 0.019393  1.564834
4.07368803	433	-0.044053 0.020590  1.578002
4.07872819	436	-0.050757 0.018675  1.584467
4.08378410	440	-0.051475 0.017956  1.590213
4.08881998	443	-0.049799 0.015562  1.593086
4.09387588	447	-0.048602 0.015083  1.594043
4.09892797	450	-0.048362 0.014844  1.604099
4.10397195	453	-0.051954 0.013647  1.611521
##inga 
#ido(sec)  szog(ADC)     ax(g)    ay(g)   az(g)
4.10956811	454	-0.045489 0.016999  1.621337
4.11481618	458	-0.050038 0.014604  1.608648
4.12003612	460	-0.049799 0.006464  1.620140
4.12524414	466	-0.052432 0.004788  1.617985
4.13030385	469	-0.050996 0.017238  1.626365
4.13533592	472	-0.049559 0.006704  1.632111
4.14037609	475	-0.054348 0.004549  1.627562
4.14540386	477	-0.053630 0.017956  1.618943
4.15045213	482	-0.054348 0.009577  1.611042
4.15549993	487	-0.051954 0.011731  1.610084
4.16054391	490	-0.050996 0.002394  1.619900
4.16559600	495	-0.050038 -0.003352  1.611042
4.17067623	497	-0.056503 0.006943  1.612718
4.17573213	503	-0.053869 0.009577  1.599789
4.18078804	503	-0.054587 0.005507  1.603381
4.18584823	506	-0.057460 -0.004310  1.598592
4.19093179	510	-0.057221 0.003591  1.582312
4.19600820	515	-0.064164 0.009098  1.593325
4.20105218	518	-0.069192 0.007422  1.579678
4.20609998	523	-0.066558 0.005746  1.570820
4.21113204	523	-0.064882 0.002634  1.566031
4.21616792	528	-0.067995 0.008619  1.554061
4.22120380	533	-0.067755 0.006943  1.548793
4.22624397	534	-0.069671 0.005028  1.544963
4.23129177	538	-0.074698 0.005028  1.531795
4.23634004	538	-0.073501 0.002634  1.520781
4.24138784	542	-0.073501 0.006704  1.514078
4.24643611	548	-0.064403 -0.000718  1.498755
4.25152397	550	-0.076135 0.000239  1.498755
4.25657987	552	-0.079247 0.000958  1.476968
4.26164388	557	-0.073980 0.002155  1.467152
4.26669979	560	-0.075656 -0.001915  1.466434
4.27179622	561	-0.070868 -0.004070  1.448238
4.27687215	568	-0.063925 -0.010534  1.428845
4.28196001	571	-0.068234 -0.004070  1.415917
4.28704023	571	-0.073022 -0.008380  1.402030
4.29211997	575	-0.070628 -0.015802  1.391017
4.29719591	577	-0.065361 -0.011971  1.372821
4.30228376	579	-0.063925 -0.009816  1.369470
4.30737209	584	-0.062249 -0.003591  1.345767
4.31245994	585	-0.063446 -0.013168  1.341218
4.31755208	590	-0.059136 -0.016041  1.317995
4.32264804	591	-0.057700 -0.016520  1.301235
4.32772779	592	-0.058418 -0.016759  1.296687
4.33282423	593	-0.052432 -0.022984  1.278251
4.33792018	599	-0.060812 -0.024181  1.264126
4.34300804	601	-0.058418 -0.023463  1.247845
4.34811210	605	-0.055545 -0.019632  1.243057
4.35319995	607	-0.056503 -0.022266  1.224861
4.35829591	611	-0.059854 -0.021548  1.208341
4.36338806	612	-0.060094 -0.021787  1.190146
4.36847591	614	-0.059615 -0.020829  1.173147
4.37356376	617	-0.047884 -0.016280  1.170513
4.37865209	619	-0.056981 -0.024181  1.160697
4.38374805	622	-0.057700 -0.022266  1.125982
4.38884019	624	-0.058418 -0.021069  1.125503
4.39393186	627	-0.057700 -0.016280  1.102519
4.39902019	629	-0.060333 -0.024899  1.089830
4.40410804	628	-0.060573 -0.030406  1.073789
4.40920019	632	-0.058179 -0.022266  1.062057
4.41430377	633	-0.057460 -0.020351  1.044340
4.41939592	635	-0.066558 -0.024421  1.031651
4.42448377	637	-0.063206 -0.024660  1.016328
4.42958021	640	-0.064643 -0.025139  1.006033
4.43469190	642	-0.068952 -0.015802  0.994781
4.43979597	642	-0.073501 -0.015083  0.982810
4.44488811	646	-0.067276 -0.020829  0.964854
4.44997978	647	-0.066798 -0.021069  0.957910
4.45506811	647	-0.073262 -0.019632  0.944742
4.46017217	650	-0.075417 -0.010295  0.935166
4.46526002	652	-0.073501 -0.011253  0.927744
4.47035217	653	-0.074219 -0.024660  0.913858
4.47544002	655	-0.079247 -0.022026  0.893268
4.48051977	656	-0.076135 -0.019632  0.891592
4.48561191	658	-0.072304 -0.021787  0.885846
4.49069595	659	-0.079008 -0.016280  0.870523
4.49577617	659	-0.078529 -0.017717  0.855918
4.50086402	658	-0.070149 -0.016999  0.855679
4.50594377	663	-0.073980 -0.015802  0.840835
4.51103210	663	-0.072783 -0.022266  0.837244
4.51612806	663	-0.071586 -0.025618  0.830061
4.52122783	666	-0.070389 -0.024899  0.811626
4.52630805	666	-0.068234 -0.016999  0.822639
4.53140783	667	-0.067755 -0.023702  0.813541
4.53649187	665	-0.064403 -0.027533  0.803007
4.54157590	667	-0.065600 -0.025378  0.796543
4.54667186	667	-0.065600 -0.022505  0.795346
4.55176019	668	-0.062967 -0.027294  0.789839
4.55685997	666	-0.057221 -0.030167  0.791276
4.56194782	666	-0.056981 -0.037828  0.776432
4.56703615	669	-0.051235 -0.026815  0.773559
4.57214403	670	-0.051954 -0.029927  0.774995
4.57725191	670	-0.055066 -0.028730  0.774277
4.58234786	667	-0.051714 -0.033279  0.774995
4.58744812	667	-0.051954 -0.032321  0.771164
4.59253597	668	-0.051714 -0.031843  0.762785
4.59763193	668	-0.052193 -0.030167  0.766616
4.60271978	670	-0.053151 -0.037349  0.763503
4.60781192	667	-0.050996 -0.034716  0.762546
4.61289978	669	-0.053630 -0.031124  0.764461
4.61800003	669	-0.050038 -0.026336  0.776911
##inga 
#ido(sec)  szog(ADC)     ax(g)    ay(g)   az(g)
4.62364006	668	-0.058179 -0.025378  0.783854
4.62888002	665	-0.053390 -0.028730  0.778586
4.63409185	669	-0.056263 -0.032082  0.775474
4.63931179	668	-0.059376 -0.016280  0.787206
4.64439201	668	-0.062009 -0.024899  0.788881
4.64947223	666	-0.062488 -0.016759  0.794149
4.65455198	665	-0.056742 -0.023463  0.797979
4.65962791	666	-0.069910 -0.016999  0.801571
4.66471195	666	-0.063446 -0.021548  0.808514
4.66980791	665	-0.067995 -0.025378  0.814499
4.67489576	662	-0.069431 -0.016041  0.816654
4.67998790	664	-0.072544 -0.012689  0.834131
4.68508005	662	-0.071346 -0.018196  0.840117
4.69016408	658	-0.070868 -0.014844  0.855679
4.69525623	658	-0.067755 -0.015323  0.861425
4.70033979	657	-0.066319 -0.011013  0.864777
4.70542383	656	-0.068952 -0.010774  0.880578
4.71050786	654	-0.072544 -0.015083  0.880578
4.71558809	653	-0.067037 -0.010774  0.897338
4.72067594	653	-0.069192 -0.013647  0.902365
4.72576379	651	-0.066798 -0.005267  0.921519
4.73085212	650	-0.072544 -0.008619  0.922955
4.73595619	646	-0.066319 -0.014844  0.934208
4.74104404	645	-0.066558 -0.014844  0.952164
4.74612379	644	-0.065840 -0.017238  0.955995
4.75121212	641	-0.059854 -0.009098  0.978261
4.75629997	639	-0.057700 -0.014844  0.987598
4.76139211	639	-0.066798 -0.018914  0.997175
4.76651191	635	-0.057700 -0.017477  0.999569
4.77160406	633	-0.057460 -0.013168  1.023032
4.77671194	634	-0.056742 -0.011731  1.030454
4.78182792	630	-0.059854 -0.023702  1.044819
4.78693199	630	-0.057700 -0.018914  1.058705
4.79201984	628	-0.054348 -0.013168  1.076422
4.79713582	626	-0.056742 -0.016041  1.088154
4.80223989	625	-0.053630 -0.016280  1.105152
4.80734014	619	-0.059615 -0.014365  1.126221
4.81244421	619	-0.055306 -0.013886  1.138910
4.81754779	617	-0.055306 -0.009577  1.149445
4.82264423	616	-0.053390 -0.015083  1.170513
4.82772016	612	-0.052432 -0.008858  1.179132
4.83280420	610	-0.057221 -0.009098  1.187751
4.83788394	608	-0.059136 -0.011013  1.207144
4.84297990	604	-0.052672 -0.013886  1.228452
4.84807205	602	-0.055784 -0.011731  1.240423
4.85317611	597	-0.066079 -0.009816  1.252634
4.85825204	592	-0.056742 -0.007901  1.264844
4.86333608	590	-0.055545 -0.006225  1.289983
4.86842012	590	-0.058657 -0.008858  1.298362
4.87349987	589	-0.057221 -0.006225  1.312249
4.87858819	586	-0.056263 -0.001915  1.328290
4.88365983	584	-0.062727 -0.004310  1.335472
4.88875579	581	-0.063925 -0.004549  1.344331
4.89384412	579	-0.064882 -0.009816  1.362766
4.89894390	575	-0.062727 -0.002394  1.371385
4.90402793	573	-0.063206 0.001915  1.399157
4.90907621	570	-0.064643 0.005985  1.402030
4.91411590	568	-0.070628 0.005028  1.412325
4.91916418	562	-0.067516 0.001915  1.425493
4.92421197	560	-0.071825 0.011253  1.437943
4.92927980	556	-0.072065 0.013407  1.453266
4.93435192	553	-0.066798 0.008380  1.466194
4.93941593	548	-0.063446 0.008140  1.478165
4.94445610	546	-0.069910 0.012210  1.480559
4.94948005	542	-0.063685 0.008619  1.497558
4.95452404	540	-0.068234 0.010056  1.511444
4.95956802	536	-0.066079 0.005746  1.512641
4.96459197	536	-0.066558 0.011492  1.527964
4.96963977	530	-0.063206 0.019632  1.527485
4.97468376	527	-0.062727 0.010295  1.540174
4.97974014	523	-0.059615 0.011492  1.540174
4.98479604	522	-0.059136 0.006943  1.560285
4.98985195	517	-0.060094 0.007183  1.567947
4.99490022	514	-0.055306 0.014126  1.577524
4.99996423	508	-0.052911 0.011492  1.571299
5.00502777	505	-0.050996 0.010295  1.589255
5.01007604	503	-0.052432 0.014604  1.591888
5.01513576	502	-0.053390 0.009577  1.592846
5.02018785	496	-0.050757 0.005028  1.598113
5.02522420	494	-0.051235 0.011492  1.599550
5.03025197	487	-0.049799 0.006225  1.608169
5.03528785	484	-0.048841 0.015562  1.599550
5.04033613	481	-0.050278 0.013647  1.605057
5.04538822	478	-0.047884 0.010774  1.606254
5.05044412	472	-0.054827 0.016041  1.608408
5.05547618	473	-0.046208 0.016999  1.610084
5.06052398	467	-0.054827 0.020351  1.607211
5.06558418	464	-0.051475 0.022745  1.621576
5.07063579	461	-0.049799 0.013647  1.606493
5.07569599	458	-0.045250 0.013407  1.606972
5.08075618	452	-0.052911 0.024181  1.613436
5.08580398	449	-0.055306 0.026336  1.597395
5.09086418	447	-0.047165 0.022984  1.600508
5.09592008	446	-0.048841 0.019872  1.581833
5.10095596	443	-0.044532 0.028012  1.590452
5.10600805	440	-0.045489 0.029927  1.583509
5.11105203	435	-0.052672 0.027294  1.575369
5.11610794	432	-0.050757 0.028012  1.568665
5.12115621	430	-0.047884 0.022984  1.571777
5.12620019	424	-0.039504 0.032082  1.557891
5.13124418	420	-0.047165 0.030645  1.548075
##inga 
#ido(sec)  szog(ADC)     ax(g)    ay(g)   az(g)
5.13684797	421	-0.038786 0.025139  1.537780
5.14209604	414	-0.046447 0.029448  1.526527
5.14733219	409	-0.046926 0.029688  1.522218
5.15256786	411	-0.048362 0.040222  1.508092
5.15762376	406	-0.046208 0.029688  1.504262
5.16269588	403	-0.040701 0.034716  1.494924
5.16774797	400	-0.046926 0.033758  1.477447
5.17280006	399	-0.046447 0.032561  1.460688
5.17784786	397	-0.038307 0.037110  1.458294
5.18287611	392	-0.046447 0.031124  1.444886
5.18791580	387	-0.042616 0.029688  1.430282
5.19296789	387	-0.037589 0.034955  1.423578
5.19802379	384	-0.046926 0.039743  1.404903
5.20307207	380	-0.034237 0.038786  1.397721
5.20813179	377	-0.030885 0.033997  1.381201
5.21316003	372	-0.037349 0.033518  1.365639
5.21821594	370	-0.038067 0.034476  1.352471
5.22326421	367	-0.037589 0.036391  1.342176
5.22831583	367	-0.035673 0.041419  1.330684
5.23337984	363	-0.030885 0.031843  1.324220
5.23844003	360	-0.035673 0.040940  1.293574
5.24349594	358	-0.034476 0.042138  1.287589
5.24854421	355	-0.023942 0.037110  1.273224
5.25357580	353	-0.026336 0.038786  1.266041
5.25861597	350	-0.027294 0.033758  1.247366
5.26366806	345	-0.024421 0.039743  1.227495
5.26872777	345	-0.028012 0.038067  1.208102
5.27375602	343	-0.029448 0.038307  1.193019
5.27881622	342	-0.032321 0.036870  1.187751
5.28386020	340	-0.028251 0.039265  1.171710
5.28891611	336	-0.026815 0.039983  1.158782
5.29396820	333	-0.030885 0.042616  1.144896
5.29901218	333	-0.026815 0.043335  1.126461
5.30408000	331	-0.025378 0.042138  1.113293
5.30914020	328	-0.028970 0.045011  1.097012
5.31419181	324	-0.037589 0.043095  1.080971
5.31924390	324	-0.033040 0.045011  1.073070
5.32428789	323	-0.035913 0.048841  1.044819
5.32933187	321	-0.030645 0.040222  1.042185
5.33436822	317	-0.033518 0.048123  1.035482
5.33939981	316	-0.036152 0.051954  1.020638
5.34444379	316	-0.041180 0.051235  1.008906
5.34948015	313	-0.036870 0.049081  0.990950
5.35450410	312	-0.035913 0.055306  0.973472
5.35955619	312	-0.031843 0.057221  0.960305
5.36461591	309	-0.034476 0.049559  0.948334
5.36967182	309	-0.030885 0.053151  0.926547
5.37472391	308	-0.034476 0.055784  0.927025
5.37978410	304	-0.037828 0.047884  0.910506
5.38482379	302	-0.033518 0.050038  0.903563
5.38987207	303	-0.035913 0.045729  0.898774
5.39491176	299	-0.029688 0.047644  0.882733
5.39994812	300	-0.032321 0.050517  0.869326
5.40499210	298	-0.023224 0.053390  0.858073
5.41003608	295	-0.023702 0.047884  0.850891
5.41508817	294	-0.027533 0.047405  0.850651
5.42013597	296	-0.019872 0.051714  0.844666
5.42517995	294	-0.019632 0.047165  0.826470
5.43022823	294	-0.016759 0.042377  0.816175
5.43527603	293	-0.014844 0.054827  0.815696
5.44033193	293	-0.013886 0.043574  0.804204
5.44539213	290	-0.018196 0.045250  0.800134
5.45043611	290	-0.012210 0.047644  0.793430
5.45547580	289	-0.008858 0.041180  0.784572
5.46049976	289	-0.017956 0.048841  0.776671
5.46554422	288	-0.011731 0.037589  0.770686
5.47058820	288	-0.008380 0.042377  0.767334
5.47561216	286	-0.008858 0.044771  0.767094
5.48063611	288	-0.018196 0.042138  0.766137
5.48568010	287	-0.013407 0.042138  0.765658
5.49071216	284	-0.014126 0.042377  0.757757
5.49577617	284	-0.010295 0.046926  0.751293
5.50082397	286	-0.015802 0.049799  0.759912
5.50585985	286	-0.019872 0.041659  0.756081
5.51091623	288	-0.017238 0.037110  0.761348
5.51596784	287	-0.017956 0.050517  0.747941
5.52102422	287	-0.022505 0.049799  0.748420
5.52607202	287	-0.025139 0.045011  0.750096
5.53111219	286	-0.023224 0.048841  0.746983
5.53615999	285	-0.026336 0.044292  0.750096
5.54121208	286	-0.029688 0.052911  0.759433
5.54625177	289	-0.027294 0.050038  0.758954
5.55129623	288	-0.028970 0.053151  0.764940
5.55633592	290	-0.030885 0.046686  0.778108
5.56137180	290	-0.030645 0.050517  0.765179
5.56640005	290	-0.034476 0.046926  0.779065
5.57144784	290	-0.030167 0.049320  0.782896
5.57649612	292	-0.037828 0.055545  0.786487
5.58155584	290	-0.036391 0.046208  0.789839
5.58661603	293	-0.032082 0.053151  0.797022
5.59165191	293	-0.035434 0.051954  0.805641
5.59668779	294	-0.032800 0.046208  0.808514
5.60171222	296	-0.031843 0.047405  0.817612
5.60676002	298	-0.029927 0.045489  0.819527
5.61180400	299	-0.033279 0.045250  0.833413
5.61683988	300	-0.029209 0.049081  0.846102
5.62188816	301	-0.030167 0.044771  0.844426
5.62694406	302	-0.026097 0.043095  0.849694
5.63199186	303	-0.024660 0.040701  0.866692
5.63704013	302	-0.024181 0.040462  0.884170
5.64209222	306	-0.023942 0.040462  0.889676
##inga 
#ido(sec)  szog(ADC)     ax(g)    ay(g)   az(g)
5.64769220	305	-0.022266 0.042616  0.898295
5.65292406	308	-0.023942 0.042616  0.908111
5.65814781	310	-0.020111 0.043335  0.922477
5.66337203	310	-0.020590 0.037828  0.943066
5.66840791	315	-0.020111 0.040222  0.956234
5.67344808	315	-0.016759 0.035673  0.961262
5.67848014	316	-0.015323 0.043095  0.973233
5.68352413	319	-0.023942 0.040940  0.979937
5.68856000	319	-0.022266 0.042138  0.991908
5.69359588	319	-0.024660 0.038067  1.012737
5.69863605	318	-0.024181 0.035913  1.018244
5.70370006	322	-0.023463 0.034237  1.037636
5.70875978	323	-0.025378 0.034716  1.039552
5.71381616	328	-0.027054 0.037349  1.064691
5.71887207	328	-0.018435 0.042377  1.085041
5.72392416	331	-0.029688 0.037589  1.097491
5.72898387	332	-0.029927 0.035673  1.112814
5.73404788	335	-0.032321 0.039265  1.131488
5.73909997	339	-0.038546 0.042138  1.139629
5.74416017	339	-0.038786 0.037349  1.164767
5.74920415	342	-0.038307 0.040222  1.163331
5.75424003	343	-0.037828 0.040701  1.183921
5.75927591	345	-0.042616 0.036391  1.194694
5.76431179	349	-0.047405 0.038546  1.201877
5.76935195	351	-0.040701 0.046926  1.223664
5.77439594	353	-0.044532 0.044053  1.244493
5.77944803	357	-0.047884 0.040222  1.261971
5.78450012	356	-0.046686 0.032800  1.263886
5.78953981	358	-0.045968 0.037349  1.275857
5.79459190	364	-0.050278 0.045489  1.295250
5.79962396	365	-0.049559 0.040701  1.312009
5.80467987	369	-0.053390 0.036391  1.325417
5.80971622	373	-0.051235 0.028970  1.333796
5.81475591	376	-0.054827 0.039504  1.351274
5.81979179	378	-0.045011 0.037349  1.369709
5.82484006	382	-0.048602 0.033518  1.376173
5.82986783	384	-0.048602 0.039504  1.391975
5.83491182	386	-0.048602 0.030406  1.402509
5.83995580	390	-0.049320 0.039504  1.414719
5.84499216	394	-0.048362 0.026815  1.425733
5.85004377	395	-0.043574 0.028730  1.437225
5.85509204	400	-0.036391 0.028491  1.450393
5.86015605	405	-0.039504 0.021787  1.464279
5.86522006	407	-0.040701 0.022026  1.473377
5.87027978	408	-0.032082 0.022745  1.490375
5.87533998	410	-0.031124 0.015083  1.494685
5.88040781	413	-0.030885 0.024899  1.506177
5.88545608	416	-0.033518 0.016520  1.507614
5.89049577	418	-0.031364 0.018914  1.515754
5.89554405	422	-0.027772 0.015802  1.536583
5.90057992	425	-0.035434 0.011013  1.540893
5.90563201	429	-0.035673 0.013647  1.550948
5.91067600	433	-0.039983 0.019632  1.550948
5.91573190	434	-0.034716 0.008140  1.555976
5.92077207	436	-0.036391 0.010056  1.573453
5.92581987	442	-0.041180 0.005746  1.560046
5.93087577	446	-0.045968 0.015562  1.575608
5.93593215	447	-0.045968 0.013647  1.583509
5.94100379	450	-0.048841 0.010534  1.583270
5.94606399	453	-0.051235 0.011731  1.586143
5.95113182	457	-0.050996 0.011492  1.594043
5.95618009	459	-0.049320 0.011492  1.587579
5.96122789	463	-0.056503 0.014126  1.598113
5.96625185	466	-0.056981 0.009098  1.601705
5.97129201	469	-0.063446 0.011492  1.597156
5.97634792	473	-0.063446 0.016280  1.595480
5.98139619	477	-0.062009 0.018196  1.603620
5.98642015	480	-0.062009 0.013886  1.597395
5.99145984	484	-0.067516 0.012929  1.595959
5.99651193	486	-0.065840 0.010056  1.594283
6.00156402	490	-0.058897 0.014604  1.591888
6.00662422	495	-0.065122 0.016041  1.589494
6.01168012	498	-0.066319 0.008380  1.592128
6.01674795	500	-0.069192 0.012210  1.576087
6.02180814	504	-0.073501 0.013647  1.571777
6.02685213	506	-0.071825 0.018196  1.577045
6.03191184	508	-0.071107 0.007901  1.576566
6.03695583	514	-0.077571 0.016759  1.566989
6.04200410	518	-0.077571 0.018435  1.569862
6.04705190	521	-0.075656 0.012450  1.548315
6.05210399	525	-0.074219 0.004310  1.538498
6.05714416	528	-0.072304 0.004549  1.540174
6.06218814	530	-0.062009 -0.003352  1.529879
6.06726789	536	-0.071107 0.004549  1.511205
6.07230806	537	-0.071825 0.004549  1.508811
6.07737207	538	-0.059615 -0.004788  1.506895
6.08245992	543	-0.065600 -0.006464  1.495403
6.08754014	546	-0.062009 -0.008380  1.485826
6.09263181	550	-0.056981 -0.001915  1.475292
6.09771585	551	-0.052911 -0.006225  1.454223
6.10280418	556	-0.056981 -0.008858  1.447280
6.10789585	561	-0.050996 -0.009816  1.443928
6.11299610	561	-0.057939 -0.013168  1.436267
6.11810016	565	-0.055784 -0.010056  1.415198
6.12319612	568	-0.058657 -0.011492  1.401312
6.12830018	572	-0.049559 -0.012929  1.385510
6.13339996	572	-0.045968 -0.016999  1.382877
6.13848400	576	-0.050278 -0.014365  1.358456
6.14357614	579	-0.055066 -0.023942  1.347922
6.14865589	583	-0.050278 -0.015802  1.336430
6.15373182	586	-0.048841 -0.024421  1.318474
##inga 
#ido(sec)  szog(ADC)     ax(g)    ay(g)   az(g)
6.15936803	585	-0.055784 -0.020351  1.301475
6.16463184	590	-0.061052 -0.016280  1.288786
6.16987991	590	-0.051714 -0.022745  1.280167
6.17512798	593	-0.058897 -0.016999  1.264365
6.18020820	596	-0.058418 -0.018196  1.248803
6.18530416	600	-0.062488 -0.013647  1.230128
6.19040012	601	-0.064882 -0.016280  1.227255
6.19548797	605	-0.065361 -0.018914  1.213848
6.20058822	608	-0.074938 -0.013886  1.188709
6.20566797	610	-0.066319 -0.013168  1.181048
6.21076393	612	-0.064882 -0.015562  1.159021
6.21586418	616	-0.067755 -0.018196  1.145853
6.22095584	617	-0.070628 -0.013647  1.129812
6.22604799	619	-0.073262 -0.016999  1.115926
6.23115205	621	-0.069431 -0.016520  1.108025
6.23625612	624	-0.072304 -0.016280  1.088632
6.24134778	626	-0.074938 -0.015323  1.085041
6.24644422	627	-0.075417 -0.016759  1.066846
6.25154399	629	-0.069671 -0.012929  1.048889
6.25663995	632	-0.072783 -0.017717  1.038834
6.26174402	634	-0.078050 -0.015323  1.017525
6.26683998	634	-0.071346 -0.016520  1.018004
6.27193593	637	-0.071346 -0.016520  1.008667
6.27703189	639	-0.075895 -0.019632  0.986880
6.28212404	639	-0.073022 -0.019153  0.975388
6.28722381	643	-0.069671 -0.023942  0.967726
6.29233217	646	-0.067037 -0.026575  0.946179
6.29743194	645	-0.070868 -0.018196  0.936363
6.30251216	647	-0.069671 -0.021548  0.927025
6.30761623	647	-0.072783 -0.025378  0.913618
6.31271600	650	-0.067755 -0.025378  0.899971
6.31781196	652	-0.061052 -0.024181  0.896859
6.32291984	653	-0.058657 -0.027772  0.896859
6.32801580	655	-0.059854 -0.027533  0.888240
6.33311986	653	-0.057221 -0.033518  0.865974
6.33822822	658	-0.056742 -0.029688  0.861904
6.34332799	657	-0.056981 -0.028491  0.854961
6.34842395	659	-0.053630 -0.029688  0.837244
6.35351610	659	-0.053151 -0.037349  0.841075
6.35860013	660	-0.056503 -0.032082  0.829343
6.36367988	661	-0.054348 -0.027533  0.832695
6.36877202	662	-0.056263 -0.032082  0.816893
6.37385177	663	-0.054587 -0.030406  0.811147
6.37892818	664	-0.057700 -0.026575  0.802289
6.38401603	664	-0.058897 -0.031124  0.801571
6.38910388	665	-0.058179 -0.025857  0.802528
6.39419984	665	-0.055306 -0.024660  0.791036
6.39927577	666	-0.065600 -0.030406  0.782178
6.40436792	665	-0.067037 -0.026815  0.797022
6.40945577	666	-0.062009 -0.028970  0.777389
6.41453218	666	-0.065361 -0.024421  0.787445
6.41963195	666	-0.064882 -0.028491  0.774995
6.42471599	666	-0.066319 -0.026097  0.775474
6.42982006	666	-0.064164 -0.019393  0.778347
6.43491983	666	-0.068234 -0.017238  0.771164
6.44001197	666	-0.067995 -0.022984  0.782657
6.44509220	666	-0.073262 -0.016999  0.777629
6.45018386	664	-0.076135 -0.024181  0.793909
6.45528793	666	-0.065840 -0.025139  0.784572
6.46039199	666	-0.070868 -0.021787  0.784572
6.46549606	666	-0.067276 -0.017956  0.786487
6.47058820	666	-0.070149 -0.018675  0.794388
6.47568798	663	-0.066558 -0.017477  0.804922
6.48078393	664	-0.072544 -0.019632  0.804922
6.48587608	663	-0.071346 -0.016280  0.804444
6.49096393	664	-0.066319 -0.017717  0.808753
6.49606418	662	-0.060573 -0.020111  0.803007
6.50115203	662	-0.062249 -0.022984  0.819766
6.50625991	662	-0.063206 -0.015323  0.826231
6.51137208	659	-0.064164 -0.017238  0.827906
6.51647615	658	-0.060573 -0.021787  0.842032
6.52157592	658	-0.063446 -0.016520  0.839159
6.52667999	656	-0.059376 -0.020111  0.856397
6.53177595	654	-0.057221 -0.016999  0.861664
6.53688001	653	-0.060094 -0.014844  0.878424
6.54197597	653	-0.055306 -0.017717  0.876269
6.54708003	651	-0.058657 -0.023224  0.881057
6.55216789	650	-0.058657 -0.020829  0.894704
6.55724811	649	-0.063685 -0.020351  0.909309
6.56233596	645	-0.059615 -0.016759  0.913618
6.56742382	645	-0.057700 -0.014365  0.921519
6.57250404	644	-0.056024 -0.018914  0.937799
6.57758378	643	-0.052911 -0.018914  0.947855
6.58267593	642	-0.056263 -0.016999  0.957910
6.58775997	640	-0.059854 -0.017717  0.967726
6.59285593	639	-0.057939 -0.021548  0.984007
6.59794378	634	-0.054348 -0.022266  1.004118
6.60303592	634	-0.053630 -0.023463  1.007949
6.60812807	634	-0.054348 -0.020829  1.022314
6.61321210	631	-0.056503 -0.014844  1.026144
6.61829185	629	-0.049799 -0.011731  1.048889
6.62337207	628	-0.056503 -0.013647  1.065648
6.62846803	625	-0.058418 -0.011253  1.079535
6.63357591	624	-0.060812 -0.016520  1.090069
6.63865995	622	-0.061052 -0.015802  1.102998
6.64376401	619	-0.060094 -0.006704  1.121193
6.64883613	618	-0.054348 -0.009337  1.137953
6.65392398	617	-0.062967 -0.011253  1.147769
6.65903186	610	-0.065840 -0.010534  1.152078
6.66412019	609	-0.066798 -0.010056  1.168119
6.66921186	606	-0.062727 -0.001197  1.187751
##inga 
#ido(sec)  szog(ADC)     ax(g)    ay(g)   az(g)
6.67483997	606	-0.063446 -0.005267  1.199244
6.68007993	601	-0.067995 -0.004310  1.211454
6.68529605	599	-0.067276 -0.006464  1.229171
6.69053220	595	-0.062488 -0.007183  1.236832
6.69562387	591	-0.067516 -0.005985  1.258859
6.70071601	591	-0.066319 -0.001437  1.273942
6.70581579	587	-0.067276 -0.002394  1.288786
6.71090793	586	-0.059136 -0.002155  1.302672
6.71598815	586	-0.063206 -0.004310  1.313685
6.72106790	583	-0.068952 -0.001915  1.329487
6.72614812	580	-0.061291 -0.002394  1.346964
6.73123979	577	-0.058657 -0.004549  1.346485
6.73632001	574	-0.060094 -0.002873  1.359893
6.74140787	573	-0.063925 -0.004310  1.380962
6.74650001	570	-0.062727 -0.000958  1.397003
6.75159215	564	-0.059376 0.002155  1.399157
6.75663614	561	-0.056263 0.007661  1.414480
6.76166820	557	-0.059615 -0.002155  1.428127
6.76674795	555	-0.059854 -0.005507  1.443450
6.77182817	550	-0.068473 0.004310  1.451111
6.77687597	549	-0.059376 0.003831  1.452308
6.78193998	547	-0.055306 -0.007183  1.468588
6.78704404	542	-0.059376 0.002394  1.464040
6.79210376	540	-0.052911 0.001915  1.488221
6.79716777	537	-0.051954 0.006464  1.500192
6.80221986	536	-0.059136 0.005985  1.499952
6.80728816	532	-0.050038 0.005267  1.515754
6.81233978	526	-0.048841 -0.002634  1.529401
6.81743621	524	-0.048841 0.001915  1.524852
6.82250022	520	-0.047405 0.007183  1.534189
6.82754802	518	-0.048362 0.009337  1.548075
6.83258819	513	-0.051714 0.005028  1.546399
6.83764410	509	-0.052193 0.009816  1.562680
6.84267616	504	-0.045011 0.013647  1.556694
6.84772396	503	-0.058418 0.008858  1.572975
6.85276412	502	-0.054587 0.013886  1.575129
6.85781192	495	-0.053630 0.014604  1.583270
6.86284399	494	-0.057700 0.012450  1.576087
6.86789178	491	-0.059376 0.023463  1.580397
6.87295579	485	-0.055784 0.018196  1.591410
6.87800788	481	-0.056263 0.019393  1.588537
6.88307619	478	-0.069671 0.015323  1.582791
6.88813591	475	-0.059136 0.019153  1.591888
6.89319992	470	-0.059136 0.018675  1.576805
6.89823579	469	-0.058418 0.019632  1.588058
6.90328788	464	-0.062249 0.022266  1.590931
6.90832376	463	-0.062727 0.022745  1.574172
6.91337585	459	-0.053869 0.029688  1.590213
6.91841220	454	-0.063446 0.028730  1.587579
6.92345190	452	-0.056263 0.026336  1.582791
6.92849588	447	-0.054587 0.025378  1.578481
6.93355178	446	-0.052911 0.026815  1.567468
6.93860006	446	-0.056981 0.026575  1.562919
6.94364786	439	-0.047884 0.032082  1.569862
6.94870376	437	-0.048841 0.025857  1.546399
6.95375204	431	-0.050278 0.029688  1.550948
6.95879983	430	-0.039025 0.029448  1.554539
6.96386814	428	-0.045968 0.029688  1.539456
6.96893215	425	-0.042856 0.024421  1.526288
6.97397994	419	-0.041180 0.023224  1.531555
6.97902011	420	-0.032800 0.028730  1.514796
6.98404407	414	-0.036152 0.023224  1.503543
6.98909187	411	-0.036870 0.025139  1.489657
6.99412822	410	-0.028730 0.025857  1.492770
6.99917984	408	-0.026097 0.018914  1.475532
7.00424003	404	-0.033997 0.021308  1.473137
7.00928020	402	-0.031843 0.019632  1.462124
7.01433181	400	-0.032321 0.027294  1.434831
7.01939582	396	-0.030885 0.034237  1.435070
7.02444791	392	-0.028730 0.025857  1.431718
7.02950000	389	-0.036870 0.023702  1.418790
7.03454780	385	-0.034716 0.027294  1.415198
7.03960800	384	-0.033758 0.041898  1.388144
7.04464817	381	-0.036391 0.038546  1.375455
7.04970407	377	-0.038067 0.033040  1.369948
7.05473613	374	-0.032800 0.028491  1.353668
7.05978012	371	-0.036152 0.037828  1.335472
7.06481599	369	-0.030645 0.043335  1.322544
7.06985187	366	-0.037589 0.039504  1.317755
7.07489585	362	-0.031843 0.034716  1.300757
7.07993602	359	-0.044292 0.032800  1.280645
7.08500385	357	-0.031364 0.043574  1.261492
7.09005212	356	-0.034237 0.033997  1.258619
7.09509992	353	-0.040222 0.042856  1.245930
7.10014390	351	-0.034237 0.043335  1.219355
7.10520410	349	-0.036631 0.039983  1.210975
7.11025190	344	-0.037349 0.047405  1.199244
7.11531209	342	-0.041180 0.047644  1.185597
7.12035608	342	-0.040940 0.040222  1.163091
7.12539196	340	-0.038546 0.044532  1.153515
7.13044023	338	-0.038786 0.043813  1.138671
7.13546800	335	-0.043813 0.041659  1.124306
7.14051198	331	-0.041180 0.048602  1.112095
7.14554786	332	-0.041180 0.045250  1.102519
7.15057992	327	-0.045011 0.051235  1.079295
7.15564012	324	-0.039265 0.050757  1.076422
7.16070795	325	-0.038307 0.046447  1.057508
7.16575193	324	-0.037589 0.043095  1.039312
7.17082023	323	-0.036631 0.044292  1.036200
7.17587995	321	-0.045489 0.050517  1.028778
7.18094396	318	-0.035673 0.045250  1.003879
##inga 
#ido(sec)  szog(ADC)     ax(g)    ay(g)   az(g)
7.18652820	318	-0.029688 0.046208  0.987598
7.19175577	315	-0.036631 0.043574  0.981373
7.19698810	314	-0.029209 0.043813  0.964854
7.20219993	311	-0.033279 0.046926  0.951925
7.20724391	312	-0.024660 0.043813  0.947137
7.21227979	312	-0.029209 0.041180  0.933729
7.21731185	309	-0.025857 0.038307  0.918167
7.22235202	309	-0.025618 0.044053  0.914815
7.22739219	307	-0.019872 0.043574  0.913379
7.23243999	305	-0.017717 0.050757  0.894465
7.23751211	304	-0.019872 0.044292  0.869805
7.24256420	300	-0.014844 0.037589  0.874832
7.24762821	301	-0.017717 0.047884  0.857355
7.25269603	298	-0.019153 0.050517  0.849933
7.25776004	299	-0.018196 0.040701  0.836526
7.26281213	297	-0.011492 0.041419  0.838920
7.26785612	297	-0.014844 0.044771  0.829104
7.27288389	295	-0.023463 0.045011  0.821921
7.27794408	296	-0.023463 0.048841  0.821442
7.28298807	292	-0.022505 0.044532  0.812344
7.28802776	293	-0.014365 0.046447  0.808753
7.29307603	291	-0.020829 0.047405  0.799416
7.29811620	293	-0.021787 0.044532  0.791994
7.30316400	293	-0.022026 0.043813  0.784093
7.30819988	293	-0.021548 0.051475  0.777389
7.31326007	292	-0.019872 0.047165  0.774516
7.31829977	291	-0.029448 0.046686  0.776432
7.32334804	290	-0.029448 0.053151  0.769967
7.32840776	291	-0.027772 0.049320  0.764940
7.33343601	290	-0.024181 0.049081  0.767573
7.33847999	289	-0.027772 0.048362  0.769489
7.34352397	288	-0.025618 0.056024  0.757757
7.34856796	289	-0.031364 0.051954  0.754645
7.35362386	289	-0.027533 0.052911  0.763743
7.35866022	290	-0.025378 0.055784  0.769728
7.36371994	290	-0.032082 0.047644  0.766376
7.36875581	291	-0.028251 0.047644  0.761827
7.37379980	290	-0.027054 0.052193  0.767813
7.37884807	292	-0.026097 0.040940  0.767573
7.38388776	292	-0.027533 0.053151  0.768531
7.38894414	293	-0.027294 0.048841  0.776432
7.39399194	293	-0.029448 0.042138  0.776911
7.39904785	294	-0.027294 0.043335  0.778108
7.40409994	295	-0.029688 0.042616  0.785530
7.40914392	292	-0.025618 0.044292  0.794149
7.41418790	295	-0.026097 0.046926  0.790557
7.41923189	296	-0.018435 0.037828  0.792233
7.42427587	299	-0.021069 0.046686  0.805401
7.42931985	296	-0.025378 0.042138  0.815936
7.43436384	299	-0.017956 0.040940  0.809471
7.43939590	301	-0.020351 0.037589  0.816175
7.44444799	300	-0.021069 0.040222  0.836765
7.44950819	302	-0.014365 0.038786  0.849454
7.45456409	303	-0.020590 0.040701  0.846821
7.45959997	304	-0.022266 0.037110  0.856637
7.46465206	304	-0.022745 0.036152  0.867889
7.46971178	306	-0.020351 0.041419  0.871720
7.47475194	305	-0.022505 0.039983  0.885367
7.47978401	311	-0.018675 0.044532  0.893746
7.48482418	311	-0.021308 0.042377  0.901168
7.48986387	313	-0.020829 0.037828  0.917209
7.49489593	313	-0.019632 0.033758  0.926786
7.49994802	314	-0.023224 0.037589  0.933011
7.50500822	315	-0.019393 0.041419  0.943306
7.51005601	318	-0.023942 0.043095  0.964614
7.51511192	318	-0.029688 0.043574  0.965572
7.52016782	318	-0.033279 0.042856  0.995499
7.52521610	321	-0.026097 0.040940  0.988556
7.53027200	321	-0.027772 0.046447  1.011061
7.53533220	325	-0.033997 0.043813  1.019920
7.54039192	323	-0.035434 0.039504  1.036200
7.54543209	326	-0.038786 0.045250  1.058466
7.55047178	330	-0.037349 0.039025  1.060860
7.55550813	332	-0.035434 0.040940  1.076422
7.56054401	334	-0.035673 0.036870  1.101082
7.56557607	336	-0.037349 0.037589  1.106828
7.57062005	338	-0.037828 0.040940  1.113293
7.57566022	340	-0.039265 0.048841  1.134840
7.58071184	342	-0.035434 0.042616  1.146093
7.58576822	344	-0.044532 0.039504  1.158064
7.59083604	347	-0.042138 0.036870  1.185118
7.59589576	349	-0.041659 0.038307  1.187033
7.60095977	352	-0.037110 0.037349  1.195413
7.60601997	353	-0.039504 0.042377  1.222467
7.61106777	357	-0.043574 0.042616  1.227734
7.61611223	358	-0.038546 0.038546  1.242099
7.62116003	358	-0.043095 0.040222  1.255985
7.62620019	362	-0.046926 0.037828  1.268435
7.63124799	363	-0.048123 0.036631  1.285434
7.63628816	369	-0.045968 0.034476  1.304827
7.64132785	369	-0.034955 0.029688  1.312967
7.64637994	375	-0.042616 0.029927  1.327093
7.65144777	378	-0.038786 0.037828  1.337866
7.65649223	382	-0.043095 0.035673  1.348880
7.66152381	383	-0.039504 0.025857  1.367315
7.66657590	386	-0.045968 0.032800  1.382398
7.67162418	389	-0.038067 0.034955  1.391975
7.67666816	393	-0.034716 0.024660  1.406819
7.68172788	396	-0.038067 0.020111  1.411368
7.68676376	399	-0.039983 0.024660  1.418790
7.69180822	401	-0.035913 0.028251  1.441774
##inga 
#ido(sec)  szog(ADC)     ax(g)    ay(g)   az(g)
7.69738006	404	-0.038067 0.020590  1.444168
7.70259618	408	-0.041419 0.018675  1.454942
7.70784807	409	-0.034237 0.022266  1.467870
7.71305990	412	-0.036391 0.019393  1.481278
7.71810007	416	-0.038307 0.021069  1.479362
7.72314786	417	-0.033997 0.019872  1.485108
7.72819995	418	-0.040222 0.017238  1.503543
7.73324394	425	-0.035913 0.011013  1.518627
7.73829603	424	-0.041180 0.022026  1.518148
7.74334812	430	-0.044053 0.020590  1.530837
7.74839591	433	-0.045011 0.006943  1.537062
7.75346422	437	-0.047165 0.010056  1.535386
7.75852823	436	-0.044053 0.022505  1.548315
7.76359176	444	-0.048362 0.023702  1.546160
7.76862812	449	-0.053390 0.017238  1.553342
7.77366781	449	-0.053869 0.023942  1.557652
7.77869987	452	-0.050757 0.010534  1.569383
7.78374004	457	-0.053869 0.016759  1.571538
7.78879213	457	-0.056742 0.015562  1.564595
7.79384422	459	-0.054587 0.015323  1.577045
7.79890012	463	-0.060094 0.014844  1.577045
7.80395984	466	-0.062249 0.022266  1.583748
7.80899620	470	-0.062727 0.018435  1.575608
7.81406402	472	-0.066798 0.015802  1.579678
7.81911993	474	-0.062967 0.018914  1.580397
7.82417201	480	-0.061770 0.012689  1.578002
7.82922410	482	-0.067037 0.015802  1.574651
7.83428001	486	-0.062009 0.016280  1.574890
7.83931589	492	-0.061770 0.012210  1.580397
7.84434413	495	-0.061530 0.012210  1.573693
7.84937191	495	-0.068234 0.006225  1.562201
7.85441589	502	-0.060094 0.007422  1.566271
7.85944414	504	-0.060094 0.009098  1.564116
7.86446809	506	-0.057460 0.006464  1.543047
7.86950778	509	-0.057939 0.003112  1.551427
7.87455177	513	-0.055066 -0.002873  1.544245
7.87964820	517	-0.063925 0.013647  1.535625
7.88469600	522	-0.062249 0.009577  1.523655
7.88975620	524	-0.058897 -0.006464  1.514317
7.89484405	526	-0.066079 -0.005985  1.527725
7.89993619	528	-0.063446 0.003591  1.517430
7.90498781	534	-0.068234 0.005985  1.500192
7.91005182	534	-0.068234 -0.000239  1.497558
7.91514015	537	-0.064882 -0.006943  1.491573
7.92023611	542	-0.061291 -0.006704  1.460927
7.92530822	542	-0.061530 0.005028  1.462842
7.93035984	550	-0.062727 -0.002155  1.458054
7.93544006	550	-0.061530 -0.006704  1.446323
7.94052410	553	-0.060094 -0.008858  1.433633
7.94560384	559	-0.059376 -0.007661  1.425972
7.95069217	561	-0.068713 0.000000  1.410410
7.95569992	563	-0.057460 -0.009816  1.407058
7.96078777	569	-0.054587 -0.008619  1.384313
7.96586799	571	-0.054587 -0.010295  1.373061
7.97095584	574	-0.056742 -0.012450  1.363245
7.97604417	574	-0.062727 -0.009816  1.345288
7.98113203	578	-0.060333 -0.015083  1.338106
7.98621988	581	-0.056742 -0.019153  1.323501
7.99132394	583	-0.061052 -0.016041  1.310094
7.99640417	584	-0.052911 -0.008858  1.299559
8.00150394	587	-0.062009 -0.016280  1.282321
8.00658798	590	-0.059376 -0.015083  1.267477
8.01168441	592	-0.065600 -0.020351  1.260534
8.01677989	591	-0.062009 -0.014844  1.241620
8.02186012	595	-0.061770 -0.009337  1.226776
8.02694034	602	-0.066798 -0.021548  1.213608
8.03204441	603	-0.070389 -0.015323  1.202356
8.03714370	603	-0.062249 -0.015323  1.175302
8.04224014	608	-0.072304 -0.011731  1.176978
8.04734802	609	-0.067755 -0.015562  1.161894
8.05245971	612	-0.067755 -0.017717  1.145135
8.05756378	614	-0.073980 -0.015562  1.138192
8.06266021	618	-0.074938 -0.005746  1.120475
8.06775569	618	-0.067995 -0.013647  1.117123
8.07286834	620	-0.071107 -0.013647  1.081689
8.07798004	624	-0.079247 -0.016999  1.082168
8.08309173	624	-0.074219 -0.014844  1.061818
8.08818435	625	-0.074698 -0.016041  1.047453
8.09327220	628	-0.069192 -0.022266  1.046734
8.09836769	631	-0.068713 -0.022266  1.026384
8.10346412	632	-0.068234 -0.021069  1.012498
8.10855960	632	-0.064403 -0.018196  1.012977
8.11364841	636	-0.063206 -0.022505  0.985443
8.11872768	634	-0.058179 -0.026336  0.978022
8.12382411	639	-0.061770 -0.028491  0.969163
8.12891197	638	-0.058657 -0.014365  0.950249
8.13399982	641	-0.060812 -0.026815  0.944742
8.13909626	643	-0.057700 -0.023942  0.935645
8.14418411	645	-0.059615 -0.024660  0.934687
8.14927196	646	-0.051714 -0.025618  0.918646
8.15435600	645	-0.056981 -0.024421  0.903563
8.15944766	647	-0.059376 -0.029688  0.890155
8.16454410	650	-0.062009 -0.026815  0.893986
8.16962432	652	-0.058897 -0.027054  0.871959
8.17471218	650	-0.057700 -0.029448  0.874593
8.17979621	654	-0.057939 -0.024181  0.863819
8.18489170	655	-0.059136 -0.027772  0.853524
8.18999576	656	-0.058418 -0.022026  0.847539
8.19509601	658	-0.060094 -0.025139  0.832456
8.20017623	658	-0.062727 -0.028251  0.829343
8.20527553	659	-0.061770 -0.028012  0.828385
##inga 
#ido(sec)  szog(ADC)     ax(g)    ay(g)   az(g)
8.21090412	658	-0.064643 -0.031124  0.822639
8.21615600	659	-0.066319 -0.023463  0.814978
8.22140407	660	-0.068952 -0.025139  0.821442
8.22662353	659	-0.062488 -0.029448  0.809232
8.23171615	660	-0.067755 -0.027533  0.802049
8.23683166	661	-0.067037 -0.028491  0.797500
8.24193572	663	-0.070389 -0.015323  0.796782
8.24704360	664	-0.068713 -0.018675  0.801092
8.25214767	664	-0.066079 -0.027294  0.788642
8.25724411	663	-0.072065 -0.017717  0.785530
8.26233577	662	-0.070389 -0.019153  0.788163
8.26742839	662	-0.069910 -0.021787  0.791754
8.27252769	661	-0.074219 -0.027054  0.787924
8.27760791	664	-0.073262 -0.024660  0.783135
8.28269577	664	-0.063685 -0.026336  0.798937
8.28778362	663	-0.072304 -0.022266  0.792233
8.29286766	664	-0.062727 -0.022984  0.805641
8.29795169	663	-0.065361 -0.022984  0.801092
8.30304813	663	-0.064403 -0.026336  0.803965
8.30812835	661	-0.062009 -0.021069  0.807556
8.31320762	661	-0.065361 -0.021548  0.810908
8.31830024	660	-0.063925 -0.021069  0.806598
8.32338809	658	-0.055306 -0.018914  0.817372
8.32848834	659	-0.059615 -0.023224  0.815696
8.33359241	658	-0.054348 -0.020829  0.827906
8.33867645	658	-0.059376 -0.016759  0.824794
8.34375953	658	-0.057939 -0.024899  0.834610
8.34884357	657	-0.057939 -0.017956  0.847060
8.35392761	655	-0.052911 -0.015562  0.850651
8.35902023	653	-0.055784 -0.021548  0.858073
8.36411190	650	-0.055306 -0.022026  0.860946
8.36919975	652	-0.056503 -0.021069  0.871002
8.37429237	651	-0.055784 -0.014844  0.877705
8.37937641	648	-0.054108 -0.024181  0.885606
8.38447189	647	-0.058657 -0.024660  0.893028
8.38955593	646	-0.058418 -0.015083  0.895662
8.39465618	645	-0.057700 -0.021787  0.914815
8.39974403	644	-0.054108 -0.017717  0.931814
8.40483188	642	-0.055306 -0.021069  0.925828
8.40991592	640	-0.056263 -0.011731  0.933490
8.41502761	640	-0.058657 -0.015083  0.948573
8.42011642	639	-0.060333 -0.015083  0.955516
8.42520046	634	-0.060812 -0.010534  0.976106
8.43029594	632	-0.064643 -0.021308  0.994781
8.43540000	633	-0.062009 -0.011731  1.003160
8.44048786	631	-0.066079 -0.006704  1.012019
8.44557189	627	-0.062488 -0.011731  1.032848
8.45066356	628	-0.069910 -0.008140  1.038355
8.45573997	627	-0.069192 -0.014126  1.047692
8.46084022	624	-0.069431 -0.005267  1.051762
8.46591567	621	-0.063206 -0.007901  1.077380
8.47099590	620	-0.066079 -0.011971  1.082647
8.47606754	616	-0.063446 -0.009337  1.092463
8.48116016	617	-0.067516 -0.003352  1.114729
8.48624801	614	-0.066798 -0.010056  1.129573
8.49132823	612	-0.065840 -0.007183  1.140586
8.49640369	609	-0.067037 -0.010534  1.150163
8.50149631	607	-0.062488 -0.007183  1.175541
8.50657558	604	-0.066558 -0.012450  1.182724
8.51166439	602	-0.053390 -0.009577  1.198286
8.51674365	599	-0.053869 -0.008380  1.208102
8.52182769	596	-0.056742 -0.013647  1.215763
8.52692031	592	-0.058657 -0.004070  1.242578
8.53200435	591	-0.055784 -0.008619  1.249042
8.53708362	587	-0.058657 -0.006225  1.256464
8.54217624	587	-0.058418 -0.005028  1.266280
8.54726028	586	-0.056024 -0.006704  1.291419
8.55233955	584	-0.054827 -0.004788  1.311291
8.55742835	580	-0.056024 -0.007901  1.312727
8.56251621	578	-0.058657 -0.006464  1.326614
8.56760406	575	-0.062009 -0.008380  1.341218
8.57268428	573	-0.057700 0.001197  1.355583
8.57773208	568	-0.059615 0.003352  1.352231
8.58280372	565	-0.057460 -0.005507  1.378807
8.58787631	564	-0.058897 0.004310  1.389341
8.59292411	561	-0.066319 0.004310  1.398439
8.59796428	555	-0.066558 0.001197  1.422860
8.60300445	554	-0.061052 0.007901  1.417353
8.60804367	547	-0.059615 0.003352  1.431958
8.61308765	548	-0.059615 0.007901  1.436028
8.61812782	543	-0.063685 0.002155  1.455181
8.62317180	539	-0.064643 0.004070  1.473616
8.62820434	537	-0.062727 0.005746  1.472419
8.63325977	534	-0.056981 0.008619  1.482714
8.63831615	533	-0.060333 0.007183  1.499473
8.64336395	530	-0.065840 0.005028  1.497319
8.64842033	526	-0.058657 0.005985  1.500192
8.65346813	523	-0.055066 0.010774  1.507374
8.65851974	520	-0.053390 0.006943  1.511205
8.66357231	517	-0.061530 0.005985  1.518627
8.66859626	510	-0.058657 0.012450  1.533949
8.67364406	509	-0.050996 0.009098  1.536344
8.67867565	504	-0.047644 0.006464  1.548554
8.68370819	503	-0.052193 0.010295  1.539217
8.68875980	501	-0.064643 0.019393  1.546399
8.69379997	497	-0.048602 0.014844  1.557413
8.69885158	490	-0.052911 0.016759  1.558849
8.70390415	490	-0.056981 0.014126  1.564116
8.70895957	485	-0.057700 0.020590  1.555737
8.71399593	482	-0.063206 0.022745  1.563637
8.71905612	478	-0.059854 0.024181  1.557413
##inga 
#ido(sec)  szog(ADC)     ax(g)    ay(g)   az(g)
8.72465991	475	-0.057460 0.021308  1.566989
8.72989177	470	-0.056024 0.016999  1.571538
8.73512363	469	-0.053390 0.024181  1.560764
8.74035644	463	-0.055066 0.021308  1.573214
8.74539184	460	-0.055784 0.021548  1.573693
8.75043964	457	-0.052432 0.020111  1.557652
8.75547981	451	-0.049081 0.024899  1.560764
8.76050758	451	-0.048123 0.018196  1.557652
8.76556777	448	-0.046447 0.026815  1.558370
8.77061176	448	-0.056263 0.027294  1.550948
8.77567195	446	-0.046447 0.019632  1.547836
8.78071975	441	-0.042377 0.021787  1.538020
8.78577232	438	-0.044771 0.026815  1.543526
8.79082393	434	-0.045968 0.029688  1.524133
8.79590034	431	-0.039983 0.033758  1.516711
8.80095958	426	-0.039983 0.019872  1.521260
8.80599975	425	-0.050757 0.030406  1.504501
8.81102752	419	-0.038067 0.035913  1.495643
8.81607246	420	-0.043095 0.033279  1.497797
8.82111644	416	-0.036631 0.019872  1.483432
8.82616043	410	-0.040701 0.022505  1.475532
8.83120441	411	-0.040940 0.029688  1.471222
8.83623981	406	-0.038067 0.030406  1.448956
8.84127998	404	-0.043574 0.031124  1.445844
8.84632778	402	-0.039504 0.030406  1.444886
8.85136413	400	-0.039743 0.023942  1.433394
8.85641574	398	-0.034476 0.037349  1.405622
8.86146831	393	-0.040222 0.033279  1.414959
8.86651611	391	-0.032321 0.030406  1.400354
8.87158012	388	-0.033758 0.027533  1.381919
8.87663173	383	-0.037589 0.037349  1.370906
8.88167953	380	-0.029927 0.037349  1.367315
8.88672828	380	-0.035913 0.035673  1.351513
8.89176845	375	-0.035913 0.037110  1.334514
8.89680767	372	-0.030645 0.035434  1.319910
8.90184402	370	-0.033279 0.033997  1.308179
8.90688419	367	-0.035194 0.036870  1.294532
8.91192436	365	-0.039265 0.038307  1.278491
8.91697216	362	-0.034237 0.031603  1.267238
8.92201995	360	-0.029448 0.033279  1.257422
8.92707157	356	-0.036631 0.040940  1.243057
8.93212413	355	-0.031603 0.038546  1.230128
8.93717193	353	-0.033518 0.041659  1.223425
8.94223594	351	-0.030645 0.038546  1.202116
8.94728755	348	-0.035673 0.042138  1.189188
8.95234394	346	-0.039025 0.037110  1.174583
8.95736789	344	-0.035434 0.049320  1.173147
8.96240806	341	-0.036631 0.043813  1.148487
8.96745204	338	-0.031843 0.043095  1.128615
8.97249221	339	-0.040701 0.046447  1.126939
8.97752761	334	-0.038307 0.047405  1.109941
8.98256397	332	-0.036870 0.042856  1.100125
8.98762035	332	-0.039025 0.047884  1.087914
8.99266433	329	-0.037349 0.043813  1.056550
8.99771595	325	-0.031364 0.042856  1.050086
9.00277614	324	-0.039265 0.050757  1.039073
9.00784397	324	-0.039504 0.039504  1.029975
9.01290416	324	-0.034237 0.045968  1.015849
9.01795196	321	-0.031364 0.047165  1.000766
9.02299594	319	-0.032321 0.046686  0.993823
9.02803993	319	-0.028251 0.042616  0.977303
9.03307247	315	-0.027533 0.049799  0.959347
9.03810787	316	-0.029927 0.049320  0.954798
9.04314422	314	-0.027054 0.050278  0.938518
9.04819202	314	-0.031364 0.045489  0.934926
9.05323600	313	-0.021069 0.035434  0.920082
9.05827617	312	-0.027772 0.046686  0.906675
9.06332778	309	-0.027054 0.044053  0.900689
9.06838417	307	-0.026097 0.042138  0.883691
9.07343578	308	-0.018435 0.038546  0.885606
9.07848358	306	-0.025857 0.043574  0.874114
9.08354377	303	-0.015802 0.049799  0.866692
9.08860778	304	-0.025378 0.043574  0.852088
9.09366416	302	-0.016759 0.042377  0.854961
9.09869956	301	-0.023702 0.042138  0.845145
9.10373592	301	-0.015802 0.050517  0.824076
9.10877609	300	-0.021787 0.041419  0.831258
9.11380767	299	-0.017477 0.040222  0.824076
9.11885643	299	-0.025139 0.039025  0.827667
9.12390804	297	-0.018914 0.039504  0.814499
9.12895965	294	-0.024660 0.046208  0.808514
9.13401222	297	-0.019872 0.049799  0.797500
9.13906383	297	-0.020111 0.040701  0.797979
9.14411640	294	-0.021787 0.044053  0.792473
9.14918041	296	-0.016999 0.049320  0.794867
9.15422821	295	-0.024899 0.045011  0.777389
9.15926837	295	-0.025139 0.039983  0.776671
9.16431236	294	-0.022266 0.045011  0.771164
9.16935634	294	-0.023942 0.045011  0.777629
9.17440032	295	-0.027294 0.050517  0.776671
9.17943954	294	-0.026097 0.047405  0.773798
9.18447208	294	-0.029209 0.046926  0.784811
9.18951225	294	-0.025139 0.048123  0.762306
9.19456768	293	-0.031124 0.051475  0.783135
9.19960403	295	-0.024899 0.048841  0.769249
9.20464801	294	-0.025618 0.049081  0.773559
9.20970439	295	-0.027294 0.045489  0.777629
9.21475601	295	-0.023942 0.046926  0.779784
9.21981620	295	-0.032082 0.042856  0.789839
9.22486400	295	-0.027294 0.045011  0.794388
9.22990798	297	-0.028251 0.045489  0.785769
##inga 
#ido(sec)  szog(ADC)     ax(g)    ay(g)   az(g)
9.23547554	297	-0.025618 0.043335  0.793430
9.24071979	296	-0.028970 0.047405  0.800374
9.24592399	300	-0.028970 0.042616  0.792473
9.25115203	298	-0.031843 0.047405  0.806598
9.25620365	300	-0.024181 0.046686  0.808514
9.26125621	300	-0.028730 0.045011  0.823836
9.26630783	303	-0.023942 0.047644  0.825034
9.27136421	302	-0.024421 0.043813  0.829343
9.27642440	303	-0.022984 0.045968  0.831737
9.28147220	305	-0.028012 0.049320  0.854242
9.28652000	305	-0.025378 0.043813  0.846342
9.29158401	306	-0.025139 0.042377  0.862862
9.29665565	309	-0.021787 0.036391  0.869565
9.30171585	309	-0.022505 0.036152  0.884649
9.30677604	311	-0.019872 0.041659  0.884409
9.31183242	312	-0.025857 0.039265  0.888479
9.31686782	314	-0.021787 0.032800  0.904041
9.32190418	314	-0.022505 0.040462  0.911942
9.32695198	316	-0.026575 0.043095  0.921519
9.33199214	315	-0.021787 0.044532  0.938039
9.33703994	317	-0.021787 0.044292  0.947855
9.34208393	318	-0.030167 0.038307  0.957910
9.34713172	320	-0.028970 0.040701  0.964614
9.35216808	321	-0.025618 0.034237  0.980894
9.35722446	321	-0.028491 0.044053  0.996696
9.36228370	322	-0.025857 0.040940  1.006991
9.36733627	326	-0.027294 0.039504  1.020877
9.37240409	327	-0.035194 0.040462  1.031651
9.37746429	329	-0.031124 0.036631  1.036679
9.38251590	331	-0.028251 0.034237  1.054396
9.38756370	331	-0.035673 0.038067  1.063254
9.39260768	335	-0.031124 0.038786  1.079774
9.39765167	339	-0.037110 0.037349  1.094139
9.40268802	340	-0.031843 0.042377  1.105631
9.40773582	342	-0.038307 0.040701  1.116165
9.41276359	344	-0.040462 0.038307  1.133164
9.41780757	344	-0.040462 0.041898  1.146093
9.42285156	349	-0.038307 0.039265  1.163331
9.42790031	348	-0.036152 0.033518  1.182724
9.43295192	352	-0.040462 0.035194  1.184639
9.43798828	356	-0.036391 0.035913  1.207623
9.44305610	358	-0.038786 0.041898  1.216721
9.44811630	358	-0.043335 0.039983  1.226058
9.45316791	361	-0.041180 0.035434  1.241860
9.45820426	364	-0.044532 0.040222  1.259816
9.46325588	363	-0.043335 0.036391  1.271548
9.46829223	368	-0.047644 0.037110  1.279448
9.47332763	372	-0.049559 0.040222  1.290940
9.47835636	376	-0.043813 0.031843  1.301235
9.48340034	380	-0.041898 0.037828  1.325417
9.48844432	382	-0.045968 0.035194  1.342655
9.49349212	384	-0.049320 0.033758  1.347204
9.49854373	386	-0.043574 0.028970  1.352950
9.50359153	389	-0.037110 0.028491  1.363484
9.50864028	391	-0.039743 0.034237  1.378328
9.51369190	394	-0.046926 0.033997  1.391017
9.51874446	398	-0.043095 0.029209  1.402749
9.52379608	402	-0.040701 0.016041  1.408734
9.52883243	406	-0.046686 0.031603  1.414719
9.53386402	406	-0.041659 0.025378  1.440337
9.53892040	407	-0.039504 0.027533  1.434112
9.54395198	411	-0.039743 0.017717  1.453266
9.54899978	414	-0.039504 0.018675  1.457336
9.55405235	417	-0.034955 0.019393  1.466434
9.55910778	419	-0.041898 0.019632  1.480799
9.56416034	424	-0.038786 0.018196  1.481996
9.56921577	424	-0.035434 0.015323  1.504501
9.57425975	426	-0.031843 0.011253  1.493248
9.57932758	431	-0.031603 0.018675  1.512162
9.58439636	435	-0.036152 0.011731  1.522457
9.58946037	435	-0.034476 0.011731  1.510726
9.59453201	442	-0.035673 0.008858  1.529401
9.59958362	446	-0.043574 0.012929  1.528203
9.60463619	447	-0.043813 0.011013  1.526767
9.60968780	451	-0.041180 0.005507  1.537541
9.61471557	454	-0.039743 0.012450  1.538738
9.61975955	457	-0.047405 0.013647  1.546399
9.62480354	457	-0.056981 0.022266  1.555258
9.62986755	460	-0.056024 0.016520  1.553821
9.63491630	465	-0.059136 0.009577  1.557891
9.63996410	468	-0.054587 0.018196  1.558609
9.64501953	472	-0.060812 0.013886  1.546878
9.65006446	472	-0.063685 0.020590  1.551906
9.65512371	475	-0.066079 0.013647  1.567468
9.66017627	481	-0.066319 0.019872  1.551906
9.66523647	484	-0.072304 0.010774  1.556694
9.67029190	488	-0.069431 0.012929  1.555018
9.67533588	491	-0.062727 0.019393  1.555976
9.68038845	495	-0.070868 0.013647  1.555737
9.68543624	498	-0.064882 0.014604  1.542569
9.69049167	501	-0.069910 0.005507  1.545442
9.69554042	504	-0.064882 0.003591  1.534668
9.70057964	506	-0.068234 0.011971  1.532752
9.70560359	510	-0.063206 0.009098  1.525330
9.71063232	513	-0.067516 0.005507  1.521260
9.71568393	518	-0.069192 0.012450  1.516951
9.72072792	519	-0.063685 0.006464  1.515036
9.72578811	525	-0.074219 0.010774  1.493967
9.73084354	527	-0.066319 -0.000479  1.498037
9.73594760	530	-0.069192 -0.003591  1.495643
9.74104404	533	-0.066319 -0.000239  1.483911
##inga 
#ido(sec)  szog(ADC)     ax(g)    ay(g)   az(g)
9.74666404	535	-0.067276 0.005267  1.465955
9.75190353	540	-0.069431 0.003112  1.457815
9.75712776	542	-0.065600 -0.000479  1.459491
9.76234436	545	-0.062727 -0.005267  1.446801
9.76742839	549	-0.060333 -0.003831  1.432436
9.77250766	551	-0.063446 0.001676  1.420226
9.77756023	551	-0.062727 -0.000958  1.416395
9.78264045	559	-0.057221 -0.005985  1.398200
9.78771591	561	-0.046926 -0.007183  1.396045
9.79279613	561	-0.051714 -0.010534  1.381201
9.79788398	568	-0.053390 -0.007901  1.369948
9.80296421	569	-0.054108 -0.011253  1.357020
9.80805206	574	-0.052911 -0.013407  1.347204
9.81314754	573	-0.052193 -0.014365  1.331163
9.81823635	577	-0.050038 -0.015083  1.332120
9.82331180	579	-0.050996 -0.018435  1.306503
9.82839584	584	-0.051954 -0.023224  1.303390
9.83349990	586	-0.049559 -0.024181  1.279448
9.83858776	587	-0.057221 -0.008140  1.256464
9.84367561	588	-0.057700 -0.009577  1.256464
9.84876823	591	-0.054108 -0.020351  1.235874
9.85385990	592	-0.059376 -0.016520  1.225579
9.85894775	594	-0.063446 -0.019632  1.211214
9.86405181	596	-0.062967 -0.020111  1.207862
9.86915588	601	-0.064882 -0.012929  1.187033
9.87425231	601	-0.063685 -0.014604  1.170035
9.87935161	607	-0.069910 -0.016999  1.162613
9.88445186	609	-0.072304 -0.012689  1.147529
9.88955211	609	-0.075177 -0.005985  1.136277
9.89465236	610	-0.071107 -0.015562  1.122151
9.89976787	616	-0.069192 -0.015323  1.112095
9.90486812	615	-0.074938 -0.008858  1.094378
9.90996837	618	-0.078529 -0.016280  1.083365
9.91506767	621	-0.072544 -0.011731  1.069000
9.92016410	621	-0.075417 -0.012929  1.059424
9.92527580	623	-0.076614 -0.012929  1.050326
9.93038368	626	-0.074459 -0.017477  1.023511
9.93548774	629	-0.076374 -0.016999  1.019920
9.94058418	628	-0.070868 -0.018196  1.012977
9.94566822	631	-0.076135 -0.015083  0.998372
9.95074844	634	-0.077332 -0.012450  0.984007
9.95582771	635	-0.070628 -0.021308  0.981373
9.96091175	637	-0.067276 -0.021308  0.967008
9.96600818	638	-0.069910 -0.016759  0.950728
9.97109985	640	-0.069192 -0.024181  0.941391
9.97620010	640	-0.070868 -0.026097  0.926307
9.98128032	642	-0.064882 -0.025378  0.919364
9.98636817	644	-0.061530 -0.030406  0.922955
9.99144840	646	-0.061052 -0.023942  0.906196
9.99652385	647	-0.062488 -0.024421  0.888958
10.00161552	647	-0.057221 -0.027772  0.889916
10.00681209	646	-0.055545 -0.023942  0.879621
10.01201152	650	-0.059376 -0.029688  0.879860
10.01720809	652	-0.055066 -0.029688  0.862383
10.02240753	652	-0.058897 -0.028251  0.856876
10.02760410	652	-0.049559 -0.035913  0.846821
10.03280830	652	-0.056024 -0.037828  0.842032
10.03802394	655	-0.053630 -0.028251  0.829822
10.04324436	655	-0.052193 -0.031124  0.832456
10.04846000	655	-0.053390 -0.039025  0.817612
10.05367183	658	-0.055545 -0.028491  0.821203
10.05887603	657	-0.054108 -0.031364  0.816654
10.06408786	655	-0.054827 -0.036391  0.810429
10.06929588	658	-0.050278 -0.029927  0.804922
10.07450389	656	-0.054827 -0.032800  0.813302
10.07970428	659	-0.056981 -0.027772  0.808993
10.08491230	658	-0.057221 -0.027772  0.803247
10.09012031	659	-0.062727 -0.032082  0.797740
10.09531593	657	-0.056024 -0.025618  0.800852
10.10052776	658	-0.067037 -0.027533  0.797740
10.10573577	660	-0.067516 -0.025139  0.793670
10.11094379	657	-0.065840 -0.026575  0.802049
10.11615562	656	-0.072304 -0.024899  0.803007
10.12135601	658	-0.068952 -0.025618  0.800613
10.12655639	658	-0.073741 -0.023942  0.801571
10.13175964	656	-0.067276 -0.021069  0.801810
10.13695621	657	-0.070868 -0.012929  0.801331
10.14215183	658	-0.072304 -0.013647  0.805162
10.14735603	657	-0.074938 -0.010534  0.827428
10.15256023	654	-0.068952 -0.005746  0.821442
10.15775966	655	-0.075656 -0.016759  0.820006
10.16295623	656	-0.073501 -0.013647  0.825034
10.16817188	652	-0.074219 -0.017956  0.835568
10.17338371	653	-0.074698 -0.014604  0.838680
10.17858409	650	-0.075177 -0.012929  0.844905
10.18378829	649	-0.062967 -0.013886  0.860707
10.18898773	650	-0.071107 -0.011013  0.860228
10.19418430	651	-0.064403 -0.008858  0.853764
10.19938373	647	-0.068713 -0.014126  0.862622
10.20458412	645	-0.068713 -0.016280  0.876508
10.20979213	646	-0.067516 -0.015562  0.893507
10.21498775	646	-0.056263 -0.014126  0.893268
10.22018814	645	-0.055784 -0.014844  0.906436
10.22540378	642	-0.055545 -0.024660  0.907393
10.23061180	642	-0.047884 -0.022026  0.918167
10.23582363	641	-0.051475 -0.021308  0.927983
10.24103164	640	-0.048602 -0.022266  0.946897
10.24624443	637	-0.051954 -0.020590  0.947615
10.25144386	632	-0.048123 -0.019632  0.971557
10.25665187	633	-0.049081 -0.023702  0.977064
10.26185607	632	-0.044053 -0.019153  0.983289
##inga 
#ido(sec)  szog(ADC)     ax(g)    ay(g)   az(g)
10.26758384	630	-0.055784 -0.013886  1.001724
10.27286815	629	-0.051235 -0.018196  1.001245
10.27817153	627	-0.052911 -0.023463  1.021356
10.28346443	626	-0.045968 -0.012929  1.031651
10.28866386	623	-0.046926 -0.018435  1.050086
10.29386425	621	-0.049559 -0.017717  1.062296
10.29906845	619	-0.054348 -0.014844  1.080492
10.30426788	616	-0.061530 -0.013886  1.078098
10.30948352	615	-0.058657 -0.014365  1.105392
10.31469631	614	-0.059615 -0.012210  1.104195
10.31991195	611	-0.056742 -0.007901  1.121672
10.32511615	609	-0.057939 -0.012689  1.134361
10.33031558	607	-0.060333 0.000718  1.155191
10.33546829	604	-0.064164 -0.004070  1.166922
10.34066772	602	-0.067276 -0.005746  1.183202
10.34586429	598	-0.070628 -0.003831  1.195892
10.35107231	593	-0.071586 -0.002394  1.202116
10.35626792	592	-0.071825 -0.005028  1.226058
10.36146831	591	-0.075417 0.000479  1.228931
10.36662769	589	-0.071586 0.003831  1.238029
10.37179565	588	-0.080205 0.011731  1.255985
10.37695980	586	-0.069671 -0.000718  1.265323
10.38216400	583	-0.072783 0.000479  1.281603
10.38731575	580	-0.069192 0.003112  1.299081
10.39248752	576	-0.069431 0.004788  1.297165
10.39765167	574	-0.069431 0.007183  1.313925
10.40281581	571	-0.076853 0.009577  1.329966
10.40798377	570	-0.068473 0.002873  1.346246
10.41314029	567	-0.067516 0.004549  1.362766
10.41830444	562	-0.068713 -0.000718  1.371145
10.42350006	560	-0.065600 -0.002394  1.384313
10.42870044	556	-0.069671 0.000958  1.384074
10.43384361	551	-0.055545 0.000000  1.397721
10.43896007	550	-0.052911 0.000958  1.412804
10.44410800	548	-0.054827 0.000958  1.420944
10.44924354	541	-0.058657 0.001915  1.439619
10.45440387	538	-0.052911 -0.004788  1.447041
10.45960426	536	-0.052193 -0.000958  1.448717
10.46480846	536	-0.054587 0.001915  1.458772
10.46995639	531	-0.049799 -0.007183  1.481038
10.47515583	529	-0.038067 -0.002155  1.482954
10.48036766	524	-0.041419 0.000958  1.476729
10.48553180	523	-0.035673 0.000239  1.491812
10.49069213	520	-0.044532 -0.004070  1.508332
10.49590015	517	-0.045250 -0.008380  1.509050
10.50109577	512	-0.040701 0.007183  1.510965
10.50625991	508	-0.041180 0.004549  1.514317
10.51142787	505	-0.040222 0.006704  1.526049
10.51658821	503	-0.041898 0.002155  1.526049
10.52172756	502	-0.049081 0.008380  1.519584
10.52689170	494	-0.046447 0.015562  1.526049
10.53203964	493	-0.050278 0.016999  1.544484
10.53719615	490	-0.050996 0.008380  1.538498
10.54235172	486	-0.049799 0.019153  1.541611
10.54749965	480	-0.055784 0.022505  1.543766
10.55265617	477	-0.066079 0.018196  1.543047
10.55780792	475	-0.062967 0.025857  1.554300
10.56295204	473	-0.064882 0.023463  1.549033
10.56809997	467	-0.074459 0.035434  1.551906
10.57325553	464	-0.067276 0.029688  1.548793
10.57841587	463	-0.067037 0.024660  1.543526
10.58355998	458	-0.060812 0.031364  1.542569
10.58871555	452	-0.061530 0.032800  1.549033
10.59387207	449	-0.058179 0.028012  1.535386
10.59903240	450	-0.062009 0.032561  1.539217
10.60420036	448	-0.060094 0.030167  1.530598
10.60935974	447	-0.061291 0.028012  1.527725
10.61453247	441	-0.059615 0.031843  1.510487
10.61971187	436	-0.057700 0.034476  1.505459
10.62487602	434	-0.053869 0.022505  1.504262
10.63004779	430	-0.052672 0.021548  1.503065
10.63521957	427	-0.040940 0.026097  1.511205
10.64037609	425	-0.044532 0.028970  1.485108
10.64554023	422	-0.039983 0.026575  1.475532
10.65069580	418	-0.040222 0.031843  1.476250
10.65584754	414	-0.039265 0.026575  1.470983
10.66100788	411	-0.041180 0.029209  1.459251
10.66616439	408	-0.037828 0.035194  1.449435
10.67131996	409	-0.028970 0.024899  1.444647
10.67648029	406	-0.026575 0.023702  1.428366
10.68164825	401	-0.028730 0.025618  1.413043
10.68680763	401	-0.028970 0.019153  1.404425
10.69196033	398	-0.033040 0.022984  1.390538
10.69710826	394	-0.028012 0.025139  1.399636
10.70226764	391	-0.023463 0.027772  1.375934
10.70743179	388	-0.030167 0.032561  1.365399
10.71259212	386	-0.027772 0.023463  1.347922
10.71775245	382	-0.022266 0.021069  1.343612
10.72290802	378	-0.028730 0.023224  1.320149
10.72807216	378	-0.023463 0.031603  1.316319
10.73324775	373	-0.027533 0.030885  1.298362
10.73841953	370	-0.030645 0.028491  1.289983
10.74358367	368	-0.028970 0.028491  1.269872
10.74874782	366	-0.033040 0.031124  1.265323
10.75391578	362	-0.029209 0.037349  1.250479
10.75908756	359	-0.026575 0.035673  1.238269
10.76426029	358	-0.032082 0.040222  1.219833
10.76941585	355	-0.036391 0.032321  1.211214
10.77458763	354	-0.034716 0.038307  1.195892
10.77975177	350	-0.036870 0.035434  1.192300
10.78491210	347	-0.037349 0.042138  1.167880
##inga 
#ido(sec)  szog(ADC)     ax(g)    ay(g)   az(g)
10.79059600	343	-0.040222 0.046926  1.154233
10.79586791	342	-0.044053 0.049559  1.137713
10.80114364	340	-0.041898 0.047405  1.132925
10.80641174	340	-0.041419 0.045729  1.120475
10.81156826	339	-0.048123 0.046686  1.097491
10.81672382	334	-0.043095 0.046447  1.088632
10.82188034	333	-0.046686 0.058179  1.086957
10.82703590	331	-0.046447 0.052193  1.066367
10.83219242	330	-0.045968 0.048602  1.054396
10.83735179	328	-0.050757 0.055066  1.031172
10.84251213	326	-0.041659 0.055784  1.015131
10.84767627	324	-0.050996 0.052911  1.012258
10.85283184	324	-0.035913 0.047644  0.994062
10.85797595	323	-0.045968 0.046447  0.998133
10.86313247	320	-0.034476 0.045968  0.988556
10.86828804	320	-0.033997 0.048362  0.953361
10.87343978	317	-0.033758 0.048123  0.951446
10.87860393	317	-0.031124 0.043335  0.942348
10.88377571	313	-0.022745 0.045968  0.929180
10.88893222	315	-0.021548 0.042856  0.938757
10.89409160	312	-0.022505 0.042856  0.917209
10.89925193	310	-0.015562 0.038067  0.898774
10.90441989	312	-0.017477 0.039983  0.894225
10.90958786	310	-0.014604 0.039504  0.890395
10.91474819	309	-0.011253 0.039025  0.882254
10.91990375	309	-0.011971 0.037349  0.865016
10.92506027	308	-0.011253 0.033758  0.866213
10.93021965	305	-0.003831 0.040222  0.856397
10.93538379	304	-0.010774 0.030885  0.835807
10.94054031	303	-0.007422 0.035434  0.836526
10.94569206	303	-0.007183 0.039983  0.838680
10.95083618	299	-0.009337 0.037589  0.822879
10.95599174	300	-0.015562 0.040701  0.815696
10.96114444	301	-0.017717 0.036870  0.810908
10.96629619	301	-0.015562 0.033758  0.810190
10.97143554	300	-0.016759 0.046686  0.801331
10.97659206	298	-0.017477 0.042138  0.800613
10.98173999	299	-0.017477 0.044532  0.796303
10.98689556	297	-0.023224 0.045968  0.787206
10.99204826	297	-0.024660 0.048362  0.791994
10.99719619	295	-0.020351 0.050517  0.796782
11.00234031	297	-0.030885 0.046926  0.792473
11.00749588	297	-0.034716 0.062727  0.789839
11.01264762	297	-0.033997 0.048123  0.786727
11.01779556	294	-0.034237 0.049320  0.784572
11.02293968	296	-0.033040 0.050757  0.788403
11.02810382	297	-0.039743 0.052193  0.781699
11.03327178	296	-0.036631 0.055066  0.790079
11.03844833	296	-0.042616 0.050517  0.778108
11.04360389	296	-0.045489 0.058179  0.779305
11.04876804	297	-0.041419 0.053390  0.784093
11.05393218	298	-0.041659 0.047644  0.795585
11.05910396	298	-0.033040 0.054348  0.792712
11.06425571	300	-0.040222 0.044771  0.806838
11.06941604	300	-0.034955 0.048123  0.798219
11.07458019	302	-0.034237 0.049320  0.800613
11.07973575	301	-0.036631 0.047405  0.809471
11.08489608	303	-0.026815 0.045489  0.814020
11.09004783	305	-0.025857 0.042856  0.818090
11.09519958	305	-0.027054 0.045250  0.836047
11.10034370	304	-0.028012 0.042138  0.841553
11.10549163	307	-0.021308 0.045011  0.831977
11.11065578	306	-0.019872 0.043813  0.844666
11.11580371	307	-0.018675 0.040940  0.850891
11.12094783	311	-0.018914 0.033518  0.861904
11.12609195	312	-0.013647 0.032561  0.870044
11.13124847	313	-0.016759 0.033758  0.881297
11.13640785	315	-0.016280 0.037110  0.894704
11.14154815	315	-0.008619 0.037349  0.899971
11.14669609	316	-0.017238 0.039025  0.899253
11.15184783	316	-0.018196 0.031124  0.906196
11.15698814	318	-0.017717 0.033997  0.915533
11.16214370	319	-0.016041 0.037828  0.937799
11.16728401	320	-0.014365 0.030167  0.946897
11.17243576	319	-0.020590 0.034476  0.952883
11.17757987	321	-0.021787 0.033518  0.966290
11.18274402	321	-0.023942 0.035673  0.986641
11.18791961	324	-0.026815 0.033279  0.989035
11.19308376	325	-0.022266 0.032321  1.002921
11.19824790	327	-0.029688 0.039983  1.015610
11.20340442	331	-0.032321 0.047884  1.025426
11.20858383	332	-0.031843 0.039265  1.042664
11.21376037	335	-0.032561 0.036152  1.053678
11.21892833	336	-0.041898 0.040940  1.059902
11.22408771	340	-0.044532 0.040462  1.075464
11.22925186	338	-0.039504 0.040462  1.089590
11.23441600	342	-0.043335 0.042138  1.102998
11.23957157	343	-0.047405 0.046926  1.113771
11.24471569	345	-0.041659 0.043813  1.133643
11.24985980	349	-0.050757 0.040222  1.144656
11.25501632	351	-0.042138 0.031124  1.155430
11.26017189	353	-0.052911 0.045011  1.178654
11.26533603	355	-0.053390 0.040462  1.179132
11.27048778	355	-0.049320 0.039983  1.191582
11.27563190	359	-0.046686 0.032800  1.211933
11.28077983	358	-0.047644 0.042856  1.222467
11.28593635	363	-0.052432 0.046686  1.243536
11.29108810	366	-0.054587 0.040222  1.248803
11.29624843	368	-0.051235 0.037589  1.270590
11.30139636	372	-0.052432 0.036631  1.268196
11.30655956	374	-0.043813 0.036391  1.277773
##inga 
#ido(sec)  szog(ADC)     ax(g)    ay(g)   az(g)
11.31224441	380	-0.041898 0.031364  1.311052
11.31752777	380	-0.047884 0.032561  1.312249
11.32283592	382	-0.046447 0.029209  1.324698
11.32811164	388	-0.044771 0.034237  1.340260
11.33327960	390	-0.041898 0.031843  1.343373
11.33844757	395	-0.046447 0.033279  1.358935
11.34362030	396	-0.039983 0.023702  1.364921
11.34879207	397	-0.037828 0.025139  1.382637
11.35396385	403	-0.036391 0.023463  1.395566
11.35912418	406	-0.035913 0.018675  1.414480
11.36428833	405	-0.041180 0.023224  1.405861
11.36946010	408	-0.038067 0.016999  1.426930
11.37462806	412	-0.035194 0.022026  1.432915
11.37978363	416	-0.029688 0.010774  1.442492
11.38494014	418	-0.025618 0.011492  1.452308
11.39009571	419	-0.029209 0.018675  1.463082
11.39525222	423	-0.034716 0.018196  1.464758
11.40041160	425	-0.027294 0.012450  1.472180
11.40556430	429	-0.034716 0.009577  1.490615
11.41071605	433	-0.028251 0.012450  1.485348
11.41586780	436	-0.038067 0.008858  1.504741
11.42101955	437	-0.040940 0.013407  1.505459
11.42617988	444	-0.034716 0.009577  1.503304
11.43132400	446	-0.041659 0.012450  1.509768
11.43646812	448	-0.043335 0.015083  1.525570
11.44162368	451	-0.044771 0.018914  1.525809
11.44677162	455	-0.052672 0.012450  1.518148
11.45192432	455	-0.051714 0.010295  1.527725
11.45707988	458	-0.059615 0.011492  1.541132
11.46224021	462	-0.059854 0.023942  1.528922
11.46739959	463	-0.067037 0.015323  1.531316
11.47256755	466	-0.064403 0.019393  1.538020
11.47774410	470	-0.073501 0.023702  1.541611
11.48291206	474	-0.075417 0.029209  1.539695
11.48806762	475	-0.071586 0.022026  1.544005
11.49322795	479	-0.071346 0.024660  1.534907
11.49838447	485	-0.070389 0.012929  1.539456
11.50355243	487	-0.074698 0.020111  1.538977
11.50871181	491	-0.075895 0.026575  1.526049
11.51387596	493	-0.073262 0.017477  1.532752
11.51902770	501	-0.072544 0.012929  1.528203
11.52419567	501	-0.071107 0.009816  1.527964
11.52934837	504	-0.068952 0.008858  1.503304
11.53450393	505	-0.069192 0.015083  1.503065
11.53966808	511	-0.063446 0.005746  1.516711
11.54482364	511	-0.061291 0.000239  1.509050
11.54997158	519	-0.067995 0.005746  1.486066
11.55512428	523	-0.062488 0.008140  1.490136
11.56026840	523	-0.061052 -0.003352  1.480320
11.56546401	528	-0.057700 -0.004070  1.478165
11.57065963	531	-0.058179 0.003831  1.468110
11.57580375	535	-0.066558 0.004549  1.445844
11.58095645	536	-0.058418 -0.000958  1.450872
11.58615970	537	-0.053390 -0.009816  1.442253
11.59135627	542	-0.062009 -0.004549  1.425254
11.59656810	543	-0.055545 -0.002155  1.413762
11.60177230	550	-0.050278 -0.000958  1.418311
11.60697174	549	-0.056503 -0.022505  1.402988
11.61218833	552	-0.049081 -0.019393  1.392932
11.61738777	558	-0.053869 -0.005267  1.381680
11.62258815	561	-0.052193 -0.010534  1.381440
11.62778377	561	-0.047884 -0.014844  1.363484
11.63299179	569	-0.053390 -0.022026  1.338106
11.63819599	570	-0.052432 -0.007183  1.340021
11.64339637	573	-0.045011 -0.011253  1.329726
11.64859580	575	-0.056742 -0.016041  1.303630
11.65379238	576	-0.052193 -0.026815  1.294771
11.65900421	579	-0.045968 -0.018914  1.284955
11.66421222	581	-0.061052 -0.005985  1.270829
11.66941165	585	-0.055784 -0.015802  1.256225
11.67461967	587	-0.055545 -0.023702  1.250239
11.67983245	588	-0.058418 -0.017238  1.237071
11.68503189	590	-0.060573 -0.013168  1.232523
11.69023609	593	-0.062488 -0.011253  1.209778
11.69543552	594	-0.062009 -0.022266  1.200919
11.70063209	597	-0.067037 -0.019872  1.194455
11.70583629	600	-0.070389 -0.012929  1.167640
11.71103572	600	-0.073022 -0.009816  1.143459
11.71623611	605	-0.076374 -0.007901  1.144177
11.72143554	607	-0.075656 -0.013886  1.131488
11.72663974	611	-0.084514 -0.006943  1.124545
11.73184394	612	-0.081881 -0.003112  1.094378
11.73705959	614	-0.082839 -0.019632  1.093660
11.74226760	617	-0.079487 -0.016759  1.077619
11.74747180	616	-0.084275 -0.009337  1.063733
11.75266838	620	-0.079247 -0.008380  1.047931
11.75786399	622	-0.079726 -0.004549  1.048650
11.76305198	621	-0.073741 -0.012929  1.037158
11.76824760	625	-0.074219 -0.012929  1.022074
11.77345561	626	-0.076853 -0.011971  1.013455
11.77865982	627	-0.073022 -0.017717  1.004118
11.78386402	628	-0.072304 -0.022745  0.993823
11.78907203	629	-0.069431 -0.026336  0.978022
11.79428005	632	-0.068234 -0.027533  0.967966
11.79948806	635	-0.059376 -0.018914  0.959347
11.80470371	634	-0.056503 -0.020590  0.944503
11.80991172	636	-0.059136 -0.027294  0.922955
11.81511974	636	-0.051714 -0.026336  0.927265
11.82032012	640	-0.052193 -0.025139  0.912421
11.82551956	642	-0.053630 -0.028012  0.900211
11.83072757	644	-0.051714 -0.031364  0.896619
##inga 
#ido(sec)  szog(ADC)     ax(g)    ay(g)   az(g)
11.83646774	643	-0.044053 -0.033997  0.891113
11.84174823	647	-0.043095 -0.033040  0.880100
11.84701156	645	-0.040940 -0.033279  0.881536
11.85227584	645	-0.049081 -0.038546  0.874593
11.85747241	647	-0.048841 -0.031364  0.865016
11.86268043	650	-0.047165 -0.026815  0.851609
11.86789226	650	-0.050038 -0.033279  0.837244
11.87310409	649	-0.049559 -0.040940  0.844666
11.87830829	651	-0.047884 -0.033040  0.832216
11.88351154	650	-0.056503 -0.027294  0.829343
11.88872814	650	-0.062727 -0.020829  0.826470
11.89393234	654	-0.057939 -0.029927  0.828385
11.89913558	652	-0.063925 -0.027772  0.823597
11.90434360	653	-0.069192 -0.029448  0.819048
11.90954399	652	-0.072065 -0.021308  0.818090
11.91473579	654	-0.072065 -0.025618  0.801331
11.91993618	652	-0.080205 -0.022984  0.815217
11.92513179	655	-0.080684 -0.022745  0.802768
11.93034362	655	-0.076374 -0.017956  0.808993
11.93555164	655	-0.076614 -0.019393  0.806838
11.94075965	655	-0.082120 -0.016280  0.811865
11.94597625	653	-0.083557 -0.015802  0.810429
11.95118427	656	-0.076374 -0.010295  0.800374
11.95639228	654	-0.079008 -0.013647  0.814739
11.96159553	655	-0.084275 -0.011731  0.815936
11.96679592	652	-0.081163 -0.013886  0.820963
11.97199630	653	-0.072544 -0.004788  0.820006
11.97719955	653	-0.075177 -0.006704  0.822161
11.98239612	651	-0.073262 -0.011731  0.824076
11.98760032	652	-0.074459 -0.020111  0.826231
11.99280357	653	-0.067037 -0.014604  0.829822
11.99801158	651	-0.066319 -0.013647  0.831737
12.00322437	651	-0.073501 -0.019393  0.848736
12.00842761	650	-0.060094 -0.018435  0.842511
12.01364040	648	-0.055545 -0.019872  0.855679
12.01883602	647	-0.055545 -0.016759  0.860228
12.02404022	645	-0.049081 -0.019153  0.870283
12.02924442	646	-0.044771 -0.026097  0.875072
12.03444766	644	-0.051714 -0.020590  0.881536
12.03965187	643	-0.048123 -0.024421  0.887043
12.04485607	642	-0.053869 -0.020351  0.887761
12.05006408	642	-0.051714 -0.025139  0.910506
12.05527210	640	-0.046208 -0.025618  0.925589
12.06048011	639	-0.045729 -0.027054  0.929420
12.06567955	636	-0.041180 -0.017238  0.936123
12.07088375	633	-0.051475 -0.025618  0.940912
12.07609176	634	-0.046926 -0.021548  0.954080
12.08128833	633	-0.053630 -0.016759  0.977064
12.08648777	632	-0.050278 -0.023463  0.972994
12.09168815	630	-0.055784 -0.017717  0.983528
12.09688377	627	-0.056024 -0.018675  0.989274
12.10208797	629	-0.048602 -0.017238  1.004597
12.10728836	623	-0.058418 -0.017717  1.030933
12.11249637	625	-0.051714 -0.016280  1.031890
12.11769962	621	-0.055306 -0.012450  1.040270
12.12290382	619	-0.065840 -0.010534  1.047931
12.12810802	618	-0.061052 -0.010056  1.059424
12.13331985	616	-0.062488 -0.010295  1.083365
12.13853168	615	-0.059615 -0.009098  1.100125
12.14373970	611	-0.067037 -0.004549  1.099167
12.14894008	608	-0.065122 -0.008858  1.115687
12.15414428	606	-0.067995 -0.001676  1.125263
12.15933990	606	-0.064882 -0.004310  1.150881
12.16453170	601	-0.066558 -0.002394  1.152796
12.16973590	599	-0.077093 -0.007901  1.171950
12.17492389	597	-0.067995 -0.005985  1.176978
12.18012046	594	-0.066079 -0.003831  1.191582
12.18533611	590	-0.064164 -0.005985  1.211454
12.19054031	588	-0.070628 -0.002155  1.224622
12.19575595	589	-0.068234 0.000479  1.222467
12.20091247	585	-0.066079 0.003352  1.246888
12.20606803	585	-0.063206 -0.003112  1.255746
12.21127605	580	-0.067037 -0.005507  1.265562
12.21647644	579	-0.065361 -0.002155  1.268914
12.22167968	575	-0.065840 0.001676  1.294532
12.22682762	575	-0.069910 0.009816  1.302672
12.23197174	570	-0.063446 -0.004549  1.320868
12.23717212	568	-0.066798 0.003591  1.338585
12.24233627	567	-0.068952 -0.001915  1.342655
12.24753570	564	-0.062249 0.003112  1.348640
12.25268363	556	-0.062009 -0.000718  1.366836
12.25788784	555	-0.064164 -0.001676  1.378089
12.26309204	552	-0.055784 0.000239  1.389102
12.26826000	549	-0.052432 0.001197  1.395805
12.27342033	548	-0.050757 -0.000239  1.402509
12.27862834	542	-0.058897 0.002873  1.418550
12.28378772	537	-0.054348 -0.004070  1.429563
12.28899574	538	-0.053630 0.001915  1.432197
12.29416370	536	-0.051954 0.001197  1.437943
12.29932022	534	-0.051235 0.000000  1.451590
12.30443572	527	-0.045729 -0.005746  1.466912
12.30963993	526	-0.042138 -0.002394  1.459730
12.31483554	523	-0.046686 0.010534  1.468349
12.31999206	520	-0.049320 -0.003831  1.482235
12.32520008	517	-0.043095 -0.001197  1.476968
12.33039569	513	-0.045250 0.006464  1.492291
12.33553981	507	-0.049081 0.006943  1.494924
12.34070014	506	-0.044771 0.005746  1.507374
12.34585571	501	-0.049320 0.008140  1.514078
12.35100364	502	-0.050757 0.016520  1.511923
12.35614776	496	-0.058179 0.007183  1.507374
##inga 
#ido(sec)  szog(ADC)     ax(g)    ay(g)   az(g)
12.36184406	494	-0.057221 0.020829  1.515275
12.36711597	489	-0.053390 0.013647  1.525091
12.37240028	486	-0.054348 0.020590  1.520781
12.37764835	482	-0.055545 0.015802  1.518387
12.38280773	479	-0.060333 0.022505  1.530837
12.38797569	476	-0.065600 0.020351  1.521739
12.39314842	471	-0.063206 0.034716  1.520781
12.39832782	470	-0.069671 0.023702  1.527485
12.40349197	464	-0.067995 0.030645  1.525570
12.40865230	463	-0.062967 0.025139  1.525570
12.41381645	459	-0.066798 0.035913  1.516233
12.41898822	452	-0.066319 0.030645  1.516472
12.42416381	452	-0.063446 0.025139  1.523894
12.42932033	451	-0.060812 0.026575  1.509529
12.43448352	449	-0.061770 0.029209  1.509529
12.43964767	445	-0.058657 0.033758  1.510487
12.44480037	444	-0.054827 0.025618  1.498994
12.44996356	439	-0.052911 0.023463  1.498037
12.45511627	432	-0.054348 0.030167  1.490615
12.46027183	432	-0.050517 0.029688  1.481517
12.46542358	430	-0.045250 0.024181  1.477208
12.47058391	425	-0.043335 0.025378  1.475053
12.47573184	421	-0.041898 0.026815  1.468349
12.48089599	421	-0.042377 0.030167  1.457096
12.48604393	417	-0.034237 0.025378  1.453266
12.49120044	414	-0.037349 0.028251  1.442013
12.49635982	410	-0.037349 0.027294  1.438901
12.50151634	409	-0.032321 0.022984  1.428845
12.50667953	407	-0.027772 0.026575  1.418550
12.51183223	404	-0.029688 0.018675  1.403467
12.51698398	400	-0.025618 0.024421  1.398678
12.52214813	399	-0.029688 0.023942  1.384792
12.52731227	397	-0.024421 0.025139  1.368272
12.53248786	392	-0.029209 0.023942  1.372343
12.53765583	390	-0.025618 0.025857  1.354865
12.54283237	385	-0.025857 0.020351  1.337388
12.54800033	385	-0.023224 0.027772  1.335951
12.55315589	382	-0.026336 0.025139  1.312249
12.55832767	377	-0.022745 0.029209  1.314164
12.56349182	377	-0.020351 0.034955  1.294532
12.56865215	373	-0.025139 0.036631  1.286391
12.57380771	371	-0.026815 0.029448  1.275378
12.57896804	367	-0.023702 0.030645  1.256464
12.58411979	366	-0.031603 0.033518  1.242099
12.58926773	362	-0.034955 0.038546  1.226537
12.59442424	360	-0.040462 0.040222  1.218158
12.59958362	357	-0.033997 0.038786  1.208102
12.60474014	355	-0.039504 0.039025  1.199722
12.60990047	351	-0.041898 0.039983  1.171950
12.61505603	350	-0.040940 0.045250  1.159740
12.62018775	350	-0.041659 0.044053  1.148966
12.62535190	346	-0.045729 0.043574  1.141065
12.63050365	344	-0.037828 0.043574  1.127418
12.63565635	340	-0.044532 0.048362  1.117841
12.64080810	339	-0.045250 0.051954  1.095815
12.64595603	340	-0.053869 0.046686  1.087914
12.65111160	338	-0.045489 0.047884  1.075704
12.65627956	335	-0.049799 0.057700  1.069479
12.66143989	333	-0.052193 0.056503  1.057508
12.66659641	330	-0.045489 0.051235  1.037158
12.67177581	329	-0.045729 0.048362  1.022553
12.67695236	326	-0.039265 0.048362  1.019201
12.68212032	325	-0.040222 0.050757  1.008667
12.68728828	323	-0.039265 0.045968  0.990950
12.69245243	324	-0.036631 0.045011  0.992387
12.69762802	323	-0.031364 0.046447  0.973951
12.70278358	319	-0.030406 0.045968  0.964135
12.70794391	320	-0.031603 0.045968  0.943306
12.71308803	318	-0.028491 0.043335  0.940433
12.71825599	319	-0.023463 0.046447  0.929899
12.72341632	316	-0.025139 0.041180  0.921998
12.72856044	313	-0.020351 0.044771  0.906436
12.73371982	313	-0.020590 0.034476  0.894944
12.73887634	313	-0.011492 0.039504  0.894465
12.74402046	311	-0.013647 0.040222  0.875551
12.74917602	312	-0.018196 0.038786  0.874832
12.75432014	311	-0.014126 0.037828  0.865256
12.75947570	310	-0.008619 0.038067  0.856637
12.76461982	308	-0.009816 0.034955  0.850172
12.76977634	307	-0.016280 0.036631  0.847778
12.77492427	308	-0.015802 0.038307  0.838680
12.78007221	308	-0.015802 0.041898  0.834850
12.78522014	306	-0.015083 0.032321  0.830301
12.79036426	303	-0.007901 0.045729  0.829822
12.79550838	304	-0.013886 0.044053  0.815217
12.80066776	304	-0.019393 0.040701  0.809950
12.80582427	303	-0.016520 0.049081  0.800613
12.81097984	302	-0.020590 0.041180  0.796303
12.81614017	301	-0.022745 0.047405  0.796064
12.82129955	301	-0.019872 0.046686  0.795825
12.82646369	299	-0.027054 0.047884  0.798458
12.83162784	301	-0.033040 0.047165  0.805162
12.83679199	299	-0.024660 0.047884  0.799176
12.84195613	299	-0.031603 0.055306  0.785051
12.84712791	301	-0.030885 0.049559  0.801092
12.85228824	301	-0.034237 0.045011  0.789839
12.85744762	299	-0.032561 0.055784  0.797500
12.86259555	298	-0.037589 0.056981  0.789360
12.86773586	301	-0.040940 0.049799  0.789121
12.87289619	299	-0.036391 0.047165  0.789360
12.87804031	299	-0.039983 0.048841  0.792712
##inga 
#ido(sec)  szog(ADC)     ax(g)    ay(g)   az(g)
12.88373184	302	-0.038546 0.046926  0.800374
12.88900375	302	-0.038786 0.048841  0.804444
12.89427566	303	-0.036631 0.050517  0.809232
12.89953613	304	-0.030406 0.045250  0.814739
12.90468788	305	-0.034237 0.042138  0.811626
12.90984821	304	-0.030406 0.046686  0.823836
12.91500759	304	-0.037349 0.045489  0.818330
12.92015171	309	-0.026097 0.043095  0.823358
12.92530441	309	-0.023942 0.037349  0.838201
12.93044757	311	-0.016759 0.040701  0.840835
12.93559646	310	-0.017717 0.034476  0.856397
12.94075202	309	-0.021787 0.039025  0.852327
12.94590377	310	-0.022026 0.032800  0.862862
12.95105171	314	-0.017238 0.034955  0.859989
12.95620822	315	-0.016759 0.038546  0.880100
12.96134757	313	-0.011971 0.036631  0.881297
12.96650028	317	-0.012450 0.035673  0.891831
12.97165584	317	-0.017477 0.032082  0.899493
12.97682380	316	-0.020590 0.033758  0.909309
12.98200035	318	-0.022026 0.033279  0.920561
12.98715591	319	-0.020590 0.032082  0.924152
12.99232006	320	-0.018914 0.034237  0.938757
12.99748420	319	-0.011731 0.037110  0.950728
13.00264358	321	-0.018196 0.035194  0.964854
13.00781154	325	-0.025378 0.038786  0.980894
13.01296806	325	-0.028491 0.036391  0.983528
13.01813220	329	-0.023942 0.040462  0.996457
13.02329158	329	-0.032800 0.038546  1.000048
13.02845191	331	-0.033040 0.039743  1.011301
13.03360843	331	-0.032561 0.037349  1.027820
13.03876018	332	-0.039743 0.042377  1.041467
13.04391574	337	-0.037349 0.038786  1.043143
13.04907989	340	-0.039025 0.040462  1.062775
13.05422782	341	-0.041419 0.042377  1.074028
13.05938434	342	-0.036870 0.047884  1.091506
13.06455230	342	-0.044771 0.035673  1.102040
13.06970405	346	-0.049081 0.042138  1.120714
13.07485961	349	-0.050278 0.038546  1.124545
13.08000755	349	-0.043335 0.042616  1.128376
13.08516788	352	-0.046926 0.036870  1.146093
13.09031581	355	-0.042856 0.036152  1.164767
13.09547233	358	-0.045729 0.039265  1.168598
13.10062789	359	-0.047405 0.037110  1.189188
13.10578441	361	-0.048841 0.039504  1.196131
13.11095619	364	-0.049081 0.041419  1.220073
13.11611557	363	-0.039265 0.039265  1.229650
13.12128353	369	-0.042856 0.033518  1.252394
13.12644386	370	-0.041180 0.038307  1.250718
13.13161182	375	-0.039743 0.031124  1.266999
13.13678359	377	-0.040222 0.024181  1.272745
13.14195156	381	-0.040462 0.033040  1.289025
13.14712047	382	-0.040222 0.026097  1.290940
13.15228366	387	-0.042138 0.034237  1.316558
13.15744400	389	-0.043813 0.026815  1.331881
13.16260814	391	-0.039265 0.026097  1.345528
13.16776371	395	-0.046447 0.034955  1.354865
13.17292022	398	-0.036631 0.031603  1.358456
13.17807960	399	-0.037828 0.021787  1.365639
13.18324375	404	-0.032561 0.021069  1.375934
13.18840408	405	-0.031124 0.020590  1.388383
13.19355964	408	-0.035913 0.021069  1.395327
13.19871997	410	-0.031124 0.018196  1.414959
13.20387554	413	-0.032321 0.018435  1.424057
13.20903205	416	-0.035673 0.016041  1.427409
13.21419239	418	-0.032800 0.018675  1.435788
13.21935176	421	-0.032321 0.018675  1.441055
13.22450447	425	-0.031843 0.014126  1.453266
13.22966384	427	-0.032082 0.015562  1.454942
13.23482036	431	-0.029448 0.010295  1.476250
13.23997592	433	-0.031843 0.018675  1.468828
13.24514007	436	-0.033040 0.017717  1.483193
13.25031185	438	-0.043335 0.011731  1.485348
13.25547599	441	-0.042377 0.007901  1.487981
13.26063156	448	-0.048841 0.016520  1.495882
13.26579189	447	-0.049081 0.018435  1.510487
13.27096366	451	-0.053151 0.016520  1.512402
13.27612400	453	-0.055066 0.017238  1.507135
13.28128814	457	-0.060094 0.015802  1.504741
13.28646373	456	-0.062249 0.025139  1.503783
13.29163169	462	-0.060333 0.026815  1.511684
13.29678440	465	-0.065361 0.014844  1.508811
13.30193233	467	-0.064164 0.020111  1.515993
13.30709171	471	-0.069671 0.022266  1.512881
13.31224822	474	-0.062967 0.025139  1.526049
13.31739997	476	-0.067755 0.024660  1.525809
13.32254791	481	-0.068473 0.020111  1.510247
13.32770442	484	-0.063206 0.012210  1.519584
13.33285236	486	-0.073741 0.016280  1.515514
13.33799552	491	-0.069910 0.022026  1.514078
13.34315204	495	-0.071346 0.016280  1.499713
13.34830760	497	-0.070389 0.015802  1.503304
13.35346031	503	-0.067276 0.014844  1.510726
13.35861587	503	-0.072304 0.008380  1.498037
13.36376380	503	-0.070628 0.014604  1.482235
13.36890792	508	-0.069910 0.003352  1.487742
13.37405967	513	-0.060333 0.004549  1.478644
13.37922000	517	-0.064882 0.008380  1.479362
13.38437557	522	-0.061530 0.006704  1.472180
13.38952445	525	-0.061291 -0.003112  1.459251
13.39473247	526	-0.049320 0.000239  1.465955
13.39989185	529	-0.052193 0.002155  1.453984
##inga 
#ido(sec)  szog(ADC)     ax(g)    ay(g)   az(g)
13.40559577	533	-0.061052 -0.002155  1.434831
13.41088008	537	-0.050757 -0.008140  1.436028
13.41613578	538	-0.055545 -0.010534  1.435309
13.42141246	540	-0.056503 -0.001915  1.417353
13.42661952	543	-0.050517 -0.009337  1.402988
13.43183612	548	-0.050278 -0.007901  1.405622
13.43704414	550	-0.054587 -0.005267  1.390778
13.44225215	552	-0.054827 -0.012929  1.364921
13.44745159	556	-0.056742 -0.013886  1.369948
13.45265197	560	-0.052911 -0.010295  1.363723
13.45785617	562	-0.046686 -0.016999  1.343134
13.46306037	565	-0.049320 -0.009098  1.328768
13.46826362	567	-0.053151 -0.009098  1.321586
13.47346019	570	-0.054827 -0.009816  1.316558
13.47867202	575	-0.052672 -0.013407  1.304827
13.48387622	576	-0.051475 -0.019872  1.293335
13.48908424	576	-0.053630 -0.014604  1.268675
13.49429988	581	-0.062488 -0.011731  1.274421
13.49950408	584	-0.064403 -0.016280  1.259577
13.50469970	585	-0.066798 -0.013407  1.241142
13.50990009	588	-0.063925 -0.005985  1.221509
13.51509571	590	-0.076853 -0.007183  1.212411
13.52029991	590	-0.072304 -0.011253  1.208102
13.52550029	593	-0.079247 -0.012929  1.189667
13.53070831	594	-0.082599 -0.003112  1.178414
13.53591156	595	-0.082360 -0.010056  1.171710
13.54112434	602	-0.077093 -0.005746  1.158542
13.54631996	602	-0.083557 -0.010534  1.135079
13.55152416	605	-0.079726 -0.007422  1.123109
13.55673599	608	-0.074938 -0.001915  1.113053
13.56194782	608	-0.082360 -0.004070  1.101800
13.56714820	609	-0.076614 -0.014844  1.095576
13.57234764	612	-0.076374 -0.016759  1.075943
13.57755184	617	-0.073980 -0.012450  1.066846
13.58275222	618	-0.074219 -0.007422  1.045537
13.58795166	616	-0.072304 -0.015802  1.039552
13.59314823	622	-0.062967 -0.022026  1.032369
13.59834766	622	-0.066798 -0.020829  1.020638
13.60355567	624	-0.067516 -0.019393  1.011301
13.60876846	625	-0.060812 -0.018435  1.003639
13.61397552	626	-0.059136 -0.018914  0.983289
13.61918354	629	-0.059854 -0.025378  0.975148
13.62439632	630	-0.057700 -0.025139  0.969881
13.62959957	631	-0.052911 -0.022745  0.954798
13.63480758	634	-0.054587 -0.031603  0.950249
13.64001560	633	-0.056503 -0.037349  0.934208
13.64521598	636	-0.053869 -0.025857  0.916491
13.65041637	637	-0.041180 -0.029927  0.915055
13.65562438	638	-0.050517 -0.033997  0.907633
13.66083240	640	-0.045489 -0.036631  0.903802
13.66605186	638	-0.046926 -0.028970  0.896380
13.67125606	642	-0.046686 -0.029688  0.886085
13.67646408	641	-0.056742 -0.030885  0.886324
13.68166828	644	-0.058179 -0.036152  0.866692
13.68688774	645	-0.051235 -0.036391  0.868368
13.69209575	645	-0.059615 -0.029448  0.864298
13.69729995	647	-0.052432 -0.024421  0.853045
13.70250415	647	-0.061291 -0.024899  0.855918
13.70770359	648	-0.058418 -0.023702  0.853285
13.71290779	645	-0.063446 -0.021787  0.841553
13.71810436	647	-0.068473 -0.021787  0.843947
13.72331237	650	-0.069192 -0.020829  0.831258
13.72852802	650	-0.074219 -0.022505  0.837004
13.73373603	649	-0.072783 -0.019872  0.824555
13.73894405	649	-0.082360 -0.017477  0.818809
13.74416446	652	-0.074219 -0.020351  0.821442
13.74936771	651	-0.076374 -0.019632  0.820006
13.75457572	652	-0.076614 -0.018914  0.825512
13.75978374	652	-0.082839 -0.016041  0.814739
13.76498413	652	-0.077811 -0.013886  0.818569
13.77018356	652	-0.077093 -0.017717  0.813541
13.77538013	649	-0.076614 -0.013886  0.823836
13.78059196	652	-0.075895 -0.015802  0.818330
13.78579616	652	-0.072304 -0.006704  0.825752
13.79100418	651	-0.075895 -0.014604  0.820963
13.79621601	649	-0.073741 -0.018196  0.821442
13.80142784	652	-0.071825 -0.015562  0.821921
13.80664443	652	-0.068713 -0.017956  0.826709
13.81183624	650	-0.061052 -0.018914  0.835089
13.81704044	645	-0.066558 -0.019153  0.846342
13.82224845	645	-0.061052 -0.024660  0.836526
13.82745170	647	-0.062488 -0.020829  0.847539
13.83266353	646	-0.048123 -0.017717  0.854721
13.83787155	643	-0.050757 -0.031364  0.855440
13.84307193	645	-0.048841 -0.021308  0.862622
13.84827995	643	-0.044771 -0.019632  0.871720
13.85348796	643	-0.049081 -0.025857  0.870523
13.85870361	640	-0.044771 -0.026575  0.871002
13.86391162	641	-0.046208 -0.019632  0.887761
13.86912822	640	-0.044771 -0.025857  0.903084
13.87433242	640	-0.047644 -0.023942  0.907872
13.87953186	635	-0.043335 -0.025618  0.914815
13.88473606	633	-0.045011 -0.028012  0.930138
13.88994407	634	-0.050038 -0.018196  0.917449
13.89515209	634	-0.049081 -0.026097  0.941869
13.90034770	630	-0.053151 -0.022984  0.943785
13.90555191	631	-0.052911 -0.017717  0.958868
13.91076374	628	-0.057700 -0.011971  0.968924
13.91596412	626	-0.061052 -0.014844  0.983289
13.92116832	626	-0.059615 -0.012450  0.986880
13.92637157	626	-0.061770 -0.011253  1.009625
##inga 
#ido(sec)  szog(ADC)     ax(g)    ay(g)   az(g)
13.93210792	625	-0.067037 -0.011253  1.006991
13.93739223	621	-0.070868 -0.009337  1.020159
13.94266414	620	-0.061291 -0.009098  1.041467
13.94793987	618	-0.067276 -0.008858  1.041467
13.95314407	617	-0.063925 -0.006464  1.056072
13.95834827	615	-0.071107 -0.006225  1.066846
13.96354770	612	-0.068473 -0.005985  1.085760
13.96874809	609	-0.070868 -0.004070  1.087196
13.97394752	608	-0.071107 0.001197  1.109222
13.97910022	607	-0.076853 -0.006943  1.110419
13.98429965	604	-0.068713 -0.002634  1.128855
13.98950767	599	-0.073262 -0.005507  1.145614
13.99472427	597	-0.071586 0.001915  1.151121
13.99989223	593	-0.067755 0.001915  1.164288
14.00505161	592	-0.066319 0.001437  1.174583
14.01021957	591	-0.065840 -0.000958  1.185597
14.01543235	590	-0.061052 -0.010056  1.206187
14.02064800	587	-0.065361 -0.007661  1.214087
14.02585983	584	-0.057460 -0.004070  1.224622
14.03107166	583	-0.057460 -0.008140  1.239944
14.03626823	581	-0.050757 -0.005028  1.252394
14.04146003	579	-0.054827 -0.004788  1.256225
14.04666423	576	-0.056263 -0.003831  1.274660
14.05186367	575	-0.049320 -0.016520  1.289504
14.05706405	570	-0.047644 -0.016999  1.304348
14.06225967	570	-0.049320 -0.005507  1.305066
14.06746768	565	-0.046447 -0.009337  1.315840
14.07266807	563	-0.051235 -0.006464  1.327571
14.07786846	560	-0.050757 -0.005267  1.345528
14.08307170	555	-0.056024 -0.002873  1.349598
14.08828353	554	-0.055306 -0.002873  1.360850
14.09348011	550	-0.058179 0.002394  1.377849
14.09863185	548	-0.049799 -0.010534  1.379764
14.10382843	543	-0.049320 -0.004070  1.394848
14.10903167	541	-0.050278 -0.001915  1.398439
14.11422824	539	-0.051235 0.004788  1.415438
14.11938762	535	-0.055306 0.007901  1.427409
14.12454414	535	-0.053390 0.003112  1.433633
14.12969207	531	-0.052193 0.004549  1.434112
14.13484764	526	-0.052672 0.000479  1.450872
14.13999557	524	-0.056981 -0.004788  1.457096
14.14519977	520	-0.053630 0.009098  1.453505
14.15035629	518	-0.055306 0.007183  1.465237
14.15553188	514	-0.058897 0.017238  1.467870
14.16068840	508	-0.062967 0.020111  1.475053
14.16585636	505	-0.058418 0.016041  1.470264
14.17102813	501	-0.059854 0.013886  1.479841
14.17620372	503	-0.060573 0.022026  1.490615
14.18136787	499	-0.068234 0.018435  1.500431
14.18654441	496	-0.072304 0.022745  1.491573
14.19169998	490	-0.061052 0.016759  1.503783
14.19686412	489	-0.062488 0.014365  1.511205
14.20202827	485	-0.060812 0.027294  1.493488
14.20718002	482	-0.062249 0.027533  1.497797
14.21233558	476	-0.069192 0.021548  1.515993
14.21748447	475	-0.060094 0.013647  1.514796
14.22264766	473	-0.058657 0.019393  1.506416
14.22780418	469	-0.061291 0.022266  1.507374
14.23296356	465	-0.057460 0.025857  1.516711
14.23812007	463	-0.053630 0.022745  1.510008
14.24327564	456	-0.054587 0.021548  1.508092
14.24843597	454	-0.050278 0.017477  1.503783
14.25359153	452	-0.054108 0.023702  1.493967
14.25874423	451	-0.048362 0.017477  1.501389
14.26390361	449	-0.049081 0.022026  1.493009
14.26906013	446	-0.045968 0.014365  1.489657
14.27422046	443	-0.034716 0.020590  1.486305
14.27937984	440	-0.040701 0.021787  1.475053
14.28455638	433	-0.036870 0.018914  1.460688
14.28972816	432	-0.035913 0.021308  1.460209
14.29489612	431	-0.029448 0.021308  1.462842
14.30006408	427	-0.036152 0.023702  1.457815
14.30521965	423	-0.035913 0.016041  1.439619
14.31039237	419	-0.031843 0.019872  1.443450
14.31555557	417	-0.033279 0.022266  1.433394
14.32070827	416	-0.034716 0.023942  1.422381
14.32587623	411	-0.032800 0.024421  1.411368
14.33104038	409	-0.036391 0.022984  1.406579
14.33619976	407	-0.030406 0.031364  1.405622
14.34136009	403	-0.036152 0.018675  1.396763
14.34651184	403	-0.036631 0.028491  1.383116
14.35165977	398	-0.033279 0.024899  1.367794
14.35682010	398	-0.036631 0.032321  1.352950
14.36197566	393	-0.036631 0.029688  1.351274
14.36712837	389	-0.035913 0.032561  1.338585
14.37228775	389	-0.044292 0.035913  1.337866
14.37744808	384	-0.040462 0.033758  1.314643
14.38259983	382	-0.042856 0.039265  1.308179
14.38776016	381	-0.040701 0.036631  1.287589
14.39291954	378	-0.044771 0.033040  1.278491
14.39807224	375	-0.041659 0.040462  1.270829
14.40324020	370	-0.042856 0.035913  1.258140
14.40840435	368	-0.043095 0.035913  1.246409
14.41357612	366	-0.041180 0.041180  1.235874
14.41874408	365	-0.051235 0.041419  1.222467
14.42391586	362	-0.044292 0.046208  1.211693
14.42908763	358	-0.046926 0.042856  1.197089
14.43426036	355	-0.041898 0.042138  1.183442
14.43942356	355	-0.039743 0.041898  1.179851
14.44458770	352	-0.043335 0.041419  1.162373
14.44974422	352	-0.040462 0.048841  1.154233
##inga 
#ido(sec)  szog(ADC)     ax(g)    ay(g)   az(g)
14.45543575	349	-0.039025 0.045968  1.140107
14.46070384	346	-0.046208 0.039265  1.115447
14.46597194	344	-0.033518 0.042138  1.109941
14.47126388	342	-0.043574 0.049799  1.093181
14.47642421	339	-0.035673 0.041419  1.085760
14.48158359	339	-0.031364 0.040940  1.079774
14.48673629	339	-0.032800 0.041898  1.066367
14.49188423	335	-0.023942 0.044053  1.046016
14.49703598	332	-0.033040 0.046686  1.032609
14.50219631	332	-0.025618 0.039504  1.020638
14.50735187	330	-0.025618 0.042856  1.009864
14.51251220	326	-0.027533 0.038067  0.999808
14.51766395	327	-0.026575 0.037110  0.984246
14.52281188	324	-0.024181 0.042856  0.975388
14.52796840	325	-0.022266 0.043335  0.966769
14.53311634	324	-0.025857 0.038546  0.956713
14.53826045	322	-0.017477 0.040940  0.952643
14.54340362	321	-0.022984 0.037589  0.937320
14.54855155	319	-0.017238 0.037589  0.926307
14.55370426	319	-0.019872 0.039983  0.921519
14.55885601	318	-0.016520 0.045729  0.917688
14.56402397	317	-0.020111 0.039025  0.904999
14.56918811	314	-0.021548 0.041419  0.898774
14.57435226	314	-0.021787 0.038307  0.885127
14.57951641	314	-0.022984 0.045729  0.875072
14.58468437	312	-0.025378 0.039983  0.862383
14.58984375	312	-0.024899 0.040222  0.868608
14.59500789	312	-0.028970 0.044292  0.842272
14.60016822	310	-0.028970 0.043813  0.860467
14.60533237	311	-0.030167 0.046447  0.838441
14.61048793	308	-0.024660 0.048362  0.845623
14.61564826	307	-0.021308 0.038067  0.834610
14.62079620	307	-0.030406 0.053151  0.831019
14.62594032	308	-0.031124 0.051235  0.815457
14.63109588	306	-0.031124 0.046926  0.822879
14.63624382	308	-0.035913 0.051235  0.806598
14.64140033	304	-0.038067 0.050757  0.812344
14.64655590	305	-0.036631 0.050038  0.805162
14.65170001	304	-0.030645 0.049320  0.814260
14.65684413	304	-0.034237 0.050517  0.803725
14.66199207	305	-0.032082 0.049559  0.807556
14.66713237	302	-0.033518 0.050517  0.805162
14.67227554	303	-0.037349 0.045968  0.806838
14.67743206	303	-0.029448 0.050278  0.806838
14.68258762	304	-0.030406 0.046447  0.807317
14.68774414	304	-0.028970 0.050278  0.802528
14.69289588	304	-0.029927 0.046447  0.804683
14.69804763	304	-0.026097 0.043574  0.809471
14.70319175	302	-0.030167 0.040940  0.799176
14.70833206	305	-0.023224 0.041419  0.799176
14.71349239	304	-0.020351 0.039743  0.815217
14.71865558	309	-0.022745 0.041180  0.804922
14.72381591	309	-0.021787 0.039025  0.808993
14.72898387	308	-0.027533 0.042856  0.814739
14.73416042	311	-0.019872 0.040940  0.822161
14.73931598	311	-0.022026 0.031364  0.824555
14.74449634	312	-0.022026 0.037589  0.837244
14.74967193	312	-0.022745 0.038786  0.843708
14.75483608	312	-0.028012 0.043574  0.841075
14.75999641	313	-0.017477 0.039504  0.856637
14.76515579	316	-0.022026 0.033758  0.854482
14.77031230	314	-0.021787 0.033997  0.861664
14.77547168	316	-0.020829 0.041898  0.866692
14.78062438	314	-0.017717 0.033997  0.881297
14.78577232	318	-0.022505 0.033040  0.876987
14.79092788	319	-0.015323 0.039025  0.891352
14.79607963	320	-0.023463 0.040701  0.908351
14.80122375	320	-0.031843 0.044053  0.908590
14.80638408	318	-0.029927 0.037349  0.914336
14.81153202	321	-0.025378 0.038786  0.930138
14.81668758	320	-0.028730 0.039504  0.929180
14.82183170	323	-0.030645 0.041898  0.948813
14.82699203	326	-0.038307 0.040940  0.961502
14.83213996	328	-0.033758 0.043095  0.963178
14.83729553	328	-0.038786 0.043095  0.988077
14.84245204	329	-0.039743 0.042616  0.988795
14.84759616	330	-0.044532 0.043813  1.000287
14.85275554	333	-0.039265 0.042377  1.010822
14.85791969	335	-0.041419 0.044053  1.019201
14.86308765	337	-0.037110 0.039983  1.037636
14.86826419	339	-0.039025 0.045011  1.045537
14.87343215	341	-0.040462 0.043574  1.053199
14.87860774	341	-0.036870 0.039265  1.070916
14.88377571	342	-0.041419 0.043335  1.074507
14.88894367	345	-0.041419 0.039983  1.087675
14.89412403	349	-0.036631 0.041180  1.102519
14.89928817	350	-0.037110 0.028970  1.117841
14.90443992	352	-0.037589 0.037110  1.123109
14.90960025	353	-0.028970 0.038786  1.133882
14.91475963	357	-0.041659 0.037828  1.153754
14.91991233	358	-0.045011 0.030885  1.162613
14.92506408	359	-0.033758 0.033758  1.178175
14.93021583	362	-0.034237 0.032321  1.192061
14.93537235	364	-0.038307 0.034476  1.192061
14.94052791	366	-0.034237 0.032561  1.214327
14.94567584	370	-0.034237 0.029209  1.223425
14.95081996	370	-0.036870 0.028491  1.237311
14.95597553	374	-0.033758 0.031124  1.248803
14.96113586	378	-0.039983 0.022026  1.257422
14.96628379	381	-0.031124 0.027054  1.264844
14.97144794	382	-0.030406 0.029448  1.282561
##inga 
#ido(sec)  szog(ADC)     ax(g)    ay(g)   az(g)
14.97713565	388	-0.034955 0.028491  1.296926
14.98241996	389	-0.036391 0.027772  1.308657
14.98770046	393	-0.032321 0.022745  1.319910
14.99297618	395	-0.045250 0.024181  1.324459
14.99813556	397	-0.039504 0.030885  1.345049
15.00331211	400	-0.037349 0.024660  1.345767
15.00847244	401	-0.037589 0.023463  1.363963
15.01363563	406	-0.044532 0.023463  1.356541
15.01879978	407	-0.042138 0.024421  1.386708
15.02397155	410	-0.037589 0.023702  1.392454
15.02913188	413	-0.034716 0.020111  1.403227
15.03431606	417	-0.042616 0.028251  1.407776
15.03948402	416	-0.044532 0.027294  1.424057
15.04465961	420	-0.041180 0.022026  1.431239
15.04982376	425	-0.044532 0.016280  1.432915
15.05497646	426	-0.043813 0.025857  1.439140
15.06012439	428	-0.047405 0.018675  1.446323
15.06528377	432	-0.041898 0.021069  1.450153
15.07043552	433	-0.047644 0.010534  1.464997
15.07559585	437	-0.044771 0.018675  1.465715
15.08074378	441	-0.057700 0.020111  1.466673
15.08590030	447	-0.045011 0.018675  1.482475
15.09105968	449	-0.051235 0.018675  1.477208
15.09622383	451	-0.049081 0.018196  1.486066
15.10138416	454	-0.051714 0.019393  1.480320
15.10654354	456	-0.054587 0.016999  1.484629
15.11169242	456	-0.051954 0.014604  1.489178
15.11685562	461	-0.052911 0.011253  1.492051
15.12201595	462	-0.059615 0.020590  1.492770
15.12716388	467	-0.055306 0.013647  1.501149
15.13233184	470	-0.057939 0.010534  1.503783
15.13750362	473	-0.057460 0.016999  1.489418
15.14266395	475	-0.063206 0.014844  1.507853
15.14783573	477	-0.057221 0.013647  1.502586
15.15300369	483	-0.061052 0.018675  1.495164
15.15816020	484	-0.058657 0.013407  1.498276
15.16332435	489	-0.062727 0.007901  1.494685
15.16848754	493	-0.056503 0.009337  1.494446
15.17365169	494	-0.062009 0.015802  1.498516
15.17880821	500	-0.064403 0.008380  1.483911
15.18396759	503	-0.060573 0.005507  1.484151
15.18912792	504	-0.055066 -0.000958  1.484151
15.19433593	508	-0.055784 0.005507  1.468110
15.19948005	510	-0.061052 0.005267  1.462124
15.20462799	514	-0.059854 0.001676  1.464758
15.20978355	519	-0.057700 -0.002155  1.460688
15.21498775	520	-0.060573 0.000000  1.460688
15.22010040	523	-0.061291 -0.002394  1.444647
15.22529602	528	-0.056263 -0.000479  1.437225
15.23050403	530	-0.059615 -0.008140  1.430282
15.23570823	533	-0.063206 0.001915  1.427887
15.24087238	537	-0.059854 -0.000958  1.402270
15.24608039	539	-0.063685 -0.003112  1.396524
15.25128364	542	-0.059376 -0.007901  1.402270
15.25648403	541	-0.051714 0.001197  1.388862
15.26165199	548	-0.066079 -0.004788  1.379286
15.26686000	550	-0.062249 -0.007183  1.368751
15.27206039	551	-0.063446 -0.004070  1.354147
15.27726364	557	-0.061530 -0.005028  1.354865
15.28246021	558	-0.061052 -0.004070  1.346246
15.28767204	561	-0.063206 -0.010295  1.332360
15.29287242	562	-0.056024 -0.014604  1.319910
15.29806041	566	-0.065361 -0.014604  1.307700
15.30325603	569	-0.057700 -0.005028  1.296447
15.30845165	571	-0.065122 -0.010534  1.291419
15.31366825	574	-0.063446 -0.010295  1.282082
15.31887626	576	-0.064164 -0.010056  1.257661
15.32408428	577	-0.070389 -0.001197  1.254788
15.32929992	582	-0.064403 -0.010534  1.233720
15.33450031	584	-0.068234 -0.010295  1.213608
15.33969974	584	-0.062727 -0.012210  1.208581
15.34490776	588	-0.067516 -0.007422  1.206665
15.35010814	589	-0.072304 -0.008619  1.197089
15.35530757	592	-0.069192 -0.009098  1.177217
15.36050796	593	-0.073022 -0.010534  1.168119
15.36569976	593	-0.071825 -0.007901  1.152318
15.37090015	599	-0.069671 -0.010534  1.149205
15.37611198	602	-0.075656 -0.010774  1.131728
15.38131618	601	-0.067755 -0.015083  1.115447
15.38651561	604	-0.064403 -0.010534  1.107546
15.39171600	607	-0.068952 -0.007901  1.105392
15.39693164	611	-0.068952 -0.017238  1.086717
15.40213584	610	-0.063446 -0.022266  1.073789
15.40733623	610	-0.066798 -0.024181  1.063733
15.41253185	617	-0.062009 -0.016999  1.051283
15.41773223	618	-0.061530 -0.018914  1.030454
15.42292785	619	-0.057700 -0.022026  1.024469
15.42813587	620	-0.058179 -0.024421  1.012019
15.43334007	623	-0.060573 -0.023463  1.009625
15.43854808	622	-0.055784 -0.020111  0.994781
15.44374847	623	-0.058657 -0.031843  0.978022
15.44896793	627	-0.061291 -0.025378  0.968445
15.45417594	626	-0.053630 -0.028251  0.955277
15.45939159	631	-0.057221 -0.024181  0.958868
15.46459960	629	-0.052432 -0.028491  0.947137
15.46979999	632	-0.059376 -0.026336  0.932053
15.47499561	634	-0.059854 -0.023942  0.934687
15.48020839	634	-0.052911 -0.015802  0.910027
15.48541641	636	-0.066319 -0.022026  0.904520
15.49061203	636	-0.063206 -0.028251  0.908351
15.49581623	636	-0.066319 -0.019153  0.895422
##inga 
#ido(sec)  szog(ADC)     ax(g)    ay(g)   az(g)
15.50156402	638	-0.062009 -0.019153  0.881776
15.50683593	640	-0.061770 -0.019872  0.886803
15.51210403	640	-0.066319 -0.021548  0.868608
15.51736831	640	-0.063925 -0.027772  0.867410
15.52257633	643	-0.062727 -0.023702  0.853045
15.52779197	643	-0.069192 -0.016520  0.856876
15.53301239	644	-0.062009 -0.019393  0.858552
15.53822803	646	-0.069671 -0.023702  0.856158
15.54343223	645	-0.072783 -0.023702  0.854003
15.54864025	644	-0.063685 -0.017477  0.829822
15.55384445	646	-0.071346 -0.022745  0.836286
15.55904769	646	-0.062249 -0.024660  0.831019
15.56425571	647	-0.063206 -0.025378  0.821921
15.56945610	647	-0.071825 -0.021069  0.819288
15.57466411	646	-0.067995 -0.029448  0.830061
15.57986831	646	-0.072783 -0.024181  0.825034
15.58508777	647	-0.070389 -0.021548  0.832934
15.59029579	647	-0.070149 -0.020829  0.829343
15.59549999	645	-0.068952 -0.018435  0.825034
15.60071563	647	-0.063685 -0.026097  0.830780
15.60591983	645	-0.064643 -0.023702  0.830301
15.61111640	647	-0.064882 -0.022266  0.827188
15.61631584	646	-0.062727 -0.022505  0.833174
15.62152004	644	-0.059854 -0.024181  0.827188
15.62672042	646	-0.061291 -0.021787  0.839877
15.63192844	646	-0.066798 -0.019632  0.841553
15.63713169	643	-0.056742 -0.011731  0.846581
15.64233970	644	-0.057221 -0.011492  0.841314
15.64755153	644	-0.061052 -0.021308  0.846821
15.65275955	644	-0.055306 -0.020829  0.858073
15.65797615	644	-0.056742 -0.015323  0.847778
15.66319179	641	-0.053869 -0.023224  0.864538
15.66839981	642	-0.058179 -0.025139  0.863340
15.67360019	639	-0.057460 -0.016759  0.871241
15.67880821	640	-0.055545 -0.021548  0.877945
15.68400764	640	-0.050757 -0.015562  0.881536
15.68920803	638	-0.057460 -0.018196  0.894465
15.69440364	636	-0.058179 -0.013647  0.896619
15.69960403	635	-0.062967 -0.011971  0.902844
15.70481967	634	-0.056263 -0.016280  0.917449
15.71003246	634	-0.057700 -0.016759  0.921280
15.71523571	631	-0.057939 -0.016759  0.936123
15.72044754	630	-0.059136 -0.017477  0.937799
15.72565174	629	-0.062009 -0.014844  0.947855
15.73085975	629	-0.063925 -0.016999  0.961981
15.73606014	628	-0.054827 -0.014604  0.969642
15.74125957	626	-0.059854 -0.018196  0.984486
15.74646759	624	-0.059615 -0.014126  0.989274
15.75166797	622	-0.060573 -0.010534  0.996217
15.75685977	620	-0.056503 -0.007183  1.009385
15.76206016	617	-0.063925 -0.013647  1.026384
15.76725959	618	-0.062249 -0.014365  1.028539
15.77246761	617	-0.067276 -0.007422  1.044101
15.77767562	615	-0.059854 -0.008858  1.053199
15.78288364	611	-0.062967 -0.007422  1.062057
15.78810024	610	-0.065600 -0.007661  1.083126
15.79329586	607	-0.064882 -0.007422  1.084323
15.79850387	606	-0.069671 -0.007901  1.082408
15.80370807	604	-0.067516 -0.003352  1.112574
15.80890846	600	-0.064882 -0.006464  1.124545
15.81410789	597	-0.068952 -0.002394  1.127897
15.81930828	596	-0.064164 -0.006704  1.137713
15.82450771	593	-0.060094 -0.000718  1.161415
15.82970428	591	-0.059615 0.000000  1.168119
15.83481979	591	-0.060812 -0.006943  1.182484
15.84003162	589	-0.058897 -0.002634  1.196849
15.84523963	587	-0.060094 -0.008619  1.211214
15.85045242	586	-0.050757 -0.008858  1.212890
15.85565567	583	-0.054827 -0.009337  1.228452
15.86085987	577	-0.051475 -0.004549  1.244254
15.86606788	577	-0.047644 0.000479  1.252873
15.87121200	575	-0.052672 -0.005985  1.258619
15.87641239	573	-0.050278 -0.002634  1.269153
15.88160800	569	-0.050757 -0.001676  1.284237
15.88680362	567	-0.053630 -0.012210  1.297405
15.89200782	565	-0.052672 -0.000958  1.302433
15.89720821	560	-0.054108 0.000000  1.314643
15.90233612	556	-0.049081 -0.003352  1.317755
15.90754795	554	-0.058418 -0.003112  1.343852
15.91274833	551	-0.060094 0.003831  1.349598
15.91791152	550	-0.057460 0.001915  1.357977
15.92306804	547	-0.061291 0.001676  1.368751
15.92823982	543	-0.054587 0.003112  1.384553
15.93340778	541	-0.065361 0.006464  1.387186
15.93856811	538	-0.063446 0.008380  1.401551
15.94371986	538	-0.059376 0.006225  1.408255
15.94888401	535	-0.060573 0.003112  1.408016
15.95404434	530	-0.068952 0.011013  1.414719
15.95919609	527	-0.057221 0.008380  1.425014
15.96434402	524	-0.052911 0.009337  1.436985
15.96950817	521	-0.062009 0.010056  1.434591
15.97465229	518	-0.059136 0.014126  1.441774
15.97980403	515	-0.056503 0.009337  1.454463
15.98495960	509	-0.055306 0.014365  1.459491
15.99012374	505	-0.059136 0.012210  1.457336
15.99527168	505	-0.059615 0.019153  1.459730
16.00042724	502	-0.055545 0.010774  1.473137
16.00557518	502	-0.058179 0.014844  1.481038
16.01072883	496	-0.056503 0.021548  1.480799
16.01588058	492	-0.059615 0.025378  1.481996
16.02102851	489	-0.053390 0.009816  1.479123
##inga 
#ido(sec)  szog(ADC)     ax(g)    ay(g)   az(g)
16.02671241	486	-0.053869 0.010774  1.490136
16.03199577	482	-0.056742 0.021069  1.492051
16.03726387	478	-0.056742 0.023942  1.478644
16.04253196	476	-0.049799 0.012210  1.488700
16.04766845	472	-0.046208 0.015083  1.487981
16.05282020	471	-0.048123 0.014126  1.490615
16.05797195	465	-0.049799 0.022745  1.489657
16.06313514	462	-0.051475 0.021787  1.493248
16.06829643	459	-0.047644 0.018914  1.473616
16.07346343	456	-0.040940 0.018914  1.489418
16.07862854	452	-0.048602 0.023463  1.484390
16.08378410	449	-0.041180 0.023463  1.484629
16.08893966	449	-0.041180 0.018914  1.468110
16.09410095	448	-0.046926 0.019393  1.467391
16.09926414	446	-0.042616 0.016520  1.462124
16.10442733	440	-0.043574 0.021308  1.463082
16.10960006	438	-0.044292 0.021069  1.466912
16.11474800	432	-0.039743 0.022026  1.440816
16.11991119	429	-0.041419 0.025139  1.438661
16.12506866	427	-0.039265 0.029688  1.443928
16.13022422	425	-0.038546 0.025857  1.436746
16.13538360	421	-0.038786 0.031603  1.420705
16.14053535	418	-0.041180 0.019393  1.417593
16.14568328	417	-0.039025 0.025378  1.411607
16.15084075	413	-0.038546 0.029209  1.417114
16.15600013	411	-0.041898 0.032321  1.403227
16.16115188	408	-0.045968 0.037110  1.379525
16.16629981	408	-0.042377 0.035194  1.375216
16.17145538	402	-0.050038 0.036152  1.365878
16.17661285	400	-0.047405 0.036870  1.358456
16.18175506	401	-0.045250 0.036870  1.349358
16.18691253	397	-0.050757 0.033279  1.340021
16.19206047	391	-0.045489 0.035194  1.324220
16.19720458	389	-0.045250 0.033518  1.312009
16.20234870	386	-0.043335 0.034237  1.306503
16.20751190	385	-0.043574 0.031843  1.299559
16.21267127	382	-0.041659 0.026815  1.288546
16.21784400	378	-0.039983 0.033758  1.271787
16.22301673	379	-0.037828 0.032800  1.264844
16.22816848	376	-0.033040 0.030645  1.247845
16.23333168	373	-0.032082 0.030406  1.233959
16.23849678	370	-0.036631 0.034716  1.231565
16.24366760	367	-0.031603 0.033758  1.213369
16.24882888	364	-0.029688 0.031843  1.208102
16.25399971	363	-0.034476 0.032561  1.200919
16.25915145	358	-0.026336 0.037110  1.189427
16.26429939	359	-0.029927 0.031843  1.165007
16.26945686	356	-0.026575 0.036631  1.159261
16.27461242	354	-0.031364 0.045250  1.142980
16.27975654	350	-0.031124 0.037110  1.135319
16.28489685	350	-0.024899 0.036152  1.127897
16.29006004	346	-0.032321 0.035673  1.112574
16.29520797	344	-0.028251 0.043813  1.095815
16.30035972	343	-0.029688 0.038546  1.083844
16.30551147	343	-0.029448 0.040222  1.074507
16.31067276	341	-0.033758 0.039743  1.055593
16.31582069	340	-0.031603 0.037828  1.049607
16.32097625	338	-0.031364 0.045011  1.040988
16.32612419	336	-0.034955 0.039025  1.026623
16.33127975	333	-0.033758 0.048123  1.016089
16.33643531	333	-0.027294 0.045250  0.997414
16.34157562	329	-0.038786 0.044771  0.998611
16.34672355	330	-0.029927 0.043335  0.987119
16.35188865	327	-0.031364 0.044053  0.976106
16.35704803	323	-0.031843 0.045250  0.975388
16.36220741	325	-0.033518 0.045729  0.956713
16.36737251	324	-0.031124 0.045489  0.943066
16.37252426	324	-0.031124 0.051235  0.943785
16.37769126	320	-0.039265 0.040940  0.923434
16.38284873	320	-0.032561 0.042856  0.917209
16.38801574	320	-0.033279 0.041659  0.914336
16.39318084	317	-0.030645 0.045011  0.903084
16.39834403	319	-0.030406 0.044053  0.893028
16.40351104	318	-0.028251 0.045250  0.884649
16.40866470	317	-0.026336 0.046926  0.890395
16.41382026	317	-0.025378 0.042856  0.869086
16.41897583	315	-0.024421 0.038786  0.867889
16.42411994	314	-0.027533 0.040940  0.864538
16.42926406	313	-0.022984 0.040222  0.854242
16.43441581	313	-0.023702 0.046208  0.844666
16.43956375	312	-0.025139 0.040462  0.846581
16.44471168	310	-0.028730 0.046447  0.833413
16.44986343	312	-0.025378 0.052432  0.835807
16.45502471	312	-0.024660 0.041419  0.824315
16.46018409	310	-0.022505 0.043813  0.827428
16.46533584	308	-0.022266 0.039504  0.825752
16.47048377	310	-0.017717 0.045011  0.813781
16.47563934	309	-0.024660 0.043813  0.817133
16.48078727	307	-0.021787 0.042856  0.816893
16.48593139	308	-0.017238 0.043574  0.814739
16.49108886	309	-0.018914 0.044053  0.804683
16.49624061	307	-0.026575 0.037589  0.812105
16.50139999	309	-0.018196 0.041659  0.814499
16.50656890	309	-0.027054 0.043335  0.815696
16.51174354	306	-0.021548 0.042616  0.815217
16.51689910	309	-0.028491 0.038786  0.817612
16.52206420	309	-0.022505 0.045729  0.814020
16.52722358	309	-0.019872 0.044292  0.816893
16.53238487	307	-0.025618 0.039983  0.818090
16.53753662	310	-0.028491 0.044053  0.817612
16.54269981	311	-0.021787 0.036870  0.823118
##inga 
#ido(sec)  szog(ADC)     ax(g)    ay(g)   az(g)
16.54839134	311	-0.031364 0.037110  0.824076
16.55366325	312	-0.031364 0.041659  0.827906
16.55894088	311	-0.027533 0.046686  0.832216
16.56419563	314	-0.025857 0.040940  0.832934
16.56936836	315	-0.033758 0.045489  0.841314
16.57451629	313	-0.036152 0.048362  0.847299
16.57966804	315	-0.030406 0.043813  0.840835
16.58482360	314	-0.039504 0.042138  0.848975
16.58997535	317	-0.039025 0.042377  0.860467
16.59513664	316	-0.033518 0.048841  0.874593
16.60028457	319	-0.035913 0.046208  0.882733
16.60544013	318	-0.030167 0.046686  0.871959
16.61058425	318	-0.027533 0.043574  0.890873
16.61573600	320	-0.034237 0.038307  0.894465
16.62088012	320	-0.036391 0.037828  0.906675
16.62602806	321	-0.033279 0.043335  0.915533
16.63118362	320	-0.034476 0.042856  0.921519
16.63633537	324	-0.033279 0.040701  0.930856
16.64149665	326	-0.032321 0.041898  0.939715
16.64664459	328	-0.032561 0.036391  0.960305
16.65180015	328	-0.031603 0.039504  0.954319
16.65695190	329	-0.031364 0.034476  0.968205
16.66209983	329	-0.034237 0.035434  0.969881
16.66725540	333	-0.030645 0.034955  0.986401
16.67240333	334	-0.025618 0.038067  0.995020
16.67756080	333	-0.028251 0.035434  1.015131
16.68271636	337	-0.032800 0.033758  1.017047
16.68788719	341	-0.028970 0.034716  1.032369
16.69305610	341	-0.024421 0.036391  1.040270
16.69821548	342	-0.029927 0.031364  1.051044
16.70337104	344	-0.018914 0.033279  1.057987
16.70853614	346	-0.031843 0.031603  1.074267
16.71369934	346	-0.033279 0.038067  1.087675
16.71885681	348	-0.028491 0.032561  1.092942
16.72403144	350	-0.035194 0.028970  1.104195
16.72919273	354	-0.035913 0.031124  1.120954
16.73434066	357	-0.039504 0.037110  1.135558
16.73950004	355	-0.032321 0.029688  1.148008
16.74465179	360	-0.036152 0.029209  1.158782
16.74980735	361	-0.034955 0.036391  1.169556
16.75496482	364	-0.034716 0.033997  1.181527
16.76012039	367	-0.042377 0.031843  1.193737
16.76527214	369	-0.031124 0.029688  1.208341
16.77042388	372	-0.039504 0.034716  1.216242
16.77557563	373	-0.045250 0.033758  1.221988
16.78073692	377	-0.045968 0.035194  1.238987
16.78589248	381	-0.041659 0.034955  1.257661
16.79103660	380	-0.046447 0.035434  1.257422
16.79618072	383	-0.051235 0.033758  1.268914
16.80133628	386	-0.048362 0.028491  1.284476
16.80648422	387	-0.045968 0.039743  1.293335
16.81163978	394	-0.047405 0.036631  1.304827
16.81680870	395	-0.049799 0.028491  1.311530
16.82197570	399	-0.052911 0.035913  1.329247
16.82714843	402	-0.050278 0.037589  1.340500
16.83230781	403	-0.048841 0.029927  1.351992
16.83747291	408	-0.054827 0.027533  1.362048
16.84263610	409	-0.050996 0.025857  1.361569
16.84780311	411	-0.047644 0.025857  1.387186
16.85296440	411	-0.043095 0.030406  1.380962
16.85813522	417	-0.043813 0.018914  1.389820
16.86328315	418	-0.042616 0.019393  1.402509
16.86843681	420	-0.038546 0.016041  1.407776
16.87359237	425	-0.024899 0.020111  1.412086
16.87874412	426	-0.036870 0.019632  1.416395
16.88389205	430	-0.036631 0.013647  1.421663
16.88904762	433	-0.035434 0.016280  1.442731
16.89419937	434	-0.036631 0.009816  1.442253
16.89934349	437	-0.036152 0.012210  1.450153
16.90449142	443	-0.039265 0.006464  1.446083
16.90964317	445	-0.037110 0.006225  1.453744
16.91479682	449	-0.041898 0.015802  1.463321
16.91994857	451	-0.038786 0.014604  1.464997
16.92510795	454	-0.044532 0.007422  1.464997
16.93025970	457	-0.048841 0.006225  1.467631
16.93541145	455	-0.044292 0.014365  1.472659
16.94056320	458	-0.052672 0.010295  1.470264
16.94572067	463	-0.049081 0.009098  1.481517
16.95086479	466	-0.050517 0.009337  1.475532
16.95601272	469	-0.054827 0.012210  1.488700
16.96115684	470	-0.058657 0.014604  1.480320
16.96631622	474	-0.068234 0.015323  1.493248
16.97147560	479	-0.055545 0.011013  1.484151
16.97664451	481	-0.064882 0.014844  1.476729
16.98180007	485	-0.064643 0.012689  1.472659
16.98696327	489	-0.064403 0.012689  1.477926
16.99212455	491	-0.069910 0.010774  1.484390
16.99727249	495	-0.067755 0.014365  1.469067
17.00244331	496	-0.069910 0.015323  1.473137
17.00760459	502	-0.065361 0.010295  1.465955
17.01276016	503	-0.066798 0.010534  1.459969
17.01791572	505	-0.073501 0.004549  1.454702
17.02307510	508	-0.069671 0.009337  1.451829
17.02822494	512	-0.068234 0.011731  1.461406
17.03338432	516	-0.073262 0.014604  1.436746
17.03853225	517	-0.065840 0.005985  1.438422
17.04368782	524	-0.062488 -0.003112  1.433155
17.04888343	526	-0.069671 0.011492  1.427169
17.05402755	528	-0.068234 0.005507  1.412804
17.05917930	531	-0.065122 0.006464  1.415917
17.06432342	534	-0.062488 0.001915  1.411607
##inga 
#ido(sec)  szog(ADC)     ax(g)    ay(g)   az(g)
17.07001113	537	-0.064403 -0.005267  1.390059
17.07528305	540	-0.062009 0.002634  1.382398
17.08054351	541	-0.053869 -0.005028  1.379286
17.08580398	544	-0.057939 -0.005746  1.373540
17.09099578	548	-0.051235 -0.013168  1.353189
17.09620094	548	-0.055545 -0.006943  1.342176
17.10140419	551	-0.045489 -0.009577  1.340260
17.10659599	557	-0.049799 -0.013168  1.322544
17.11181259	560	-0.047884 -0.010295  1.323501
17.11701583	562	-0.053630 -0.018914  1.315600
17.12221527	565	-0.048841 -0.008858  1.295250
17.12742042	569	-0.047165 -0.014604  1.289983
17.13262748	568	-0.050517 -0.018435  1.273702
17.13782310	574	-0.050278 -0.017477  1.266041
17.14301109	575	-0.049081 -0.009337  1.249521
17.14821243	576	-0.051235 -0.011731  1.243057
17.15341567	578	-0.054108 -0.018196  1.230368
17.15861129	581	-0.052672 -0.013886  1.215763
17.16380310	583	-0.056503 -0.009577  1.218158
17.16900444	586	-0.059615 -0.015562  1.191822
17.17420387	588	-0.062488 -0.017717  1.184639
17.17941284	589	-0.060333 -0.017956  1.184639
17.18461990	589	-0.066079 -0.007661  1.167640
17.18981552	593	-0.067995 -0.010534  1.153754
17.19501686	594	-0.068473 -0.011731  1.143699
17.20022773	596	-0.071825 -0.010056  1.130770
17.20541954	598	-0.072783 -0.013647  1.117123
17.21060752	601	-0.071586 -0.006464  1.106110
17.21580314	604	-0.076853 -0.014365  1.087675
17.22100067	604	-0.072544 -0.016999  1.081689
17.22618865	609	-0.078290 -0.018914  1.078816
17.23139190	611	-0.076135 -0.011731  1.063494
17.23658752	612	-0.073262 -0.009577  1.047453
17.24177932	612	-0.074698 -0.008858  1.033806
17.24698829	615	-0.068473 -0.013168  1.029496
17.25218772	618	-0.071107 -0.007422  1.013455
17.25739669	616	-0.073501 -0.004549  1.007470
17.26259231	620	-0.071346 -0.015323  0.997893
17.26779937	620	-0.070868 -0.018435  0.982570
17.27298736	623	-0.070389 -0.017956  0.973712
17.27818870	624	-0.070149 -0.018196  0.971557
17.28338432	623	-0.069431 -0.016999  0.959586
17.28857612	626	-0.063925 -0.026336  0.946418
17.29377937	627	-0.063446 -0.022026  0.943306
17.29898452	629	-0.062249 -0.016520  0.938996
17.30418395	631	-0.059854 -0.026575  0.931814
17.30938339	631	-0.058418 -0.025378  0.910266
17.31459236	634	-0.059376 -0.023463  0.914576
17.31979942	635	-0.060094 -0.020829  0.910745
17.32501983	635	-0.055545 -0.022266  0.893986
17.33023262	635	-0.056742 -0.029688  0.885606
17.33542442	634	-0.055784 -0.038067  0.882494
17.34062385	636	-0.055066 -0.026575  0.887282
17.34581947	638	-0.050517 -0.030406  0.869805
17.35101509	637	-0.052432 -0.028491  0.868129
17.35622024	640	-0.054587 -0.030406  0.860467
17.36141967	640	-0.054587 -0.030645  0.856158
17.36662483	641	-0.058897 -0.029448  0.845863
17.37182426	639	-0.057221 -0.032082  0.854482
17.37704086	643	-0.054348 -0.032561  0.841314
17.38224029	642	-0.058418 -0.027294  0.846102
17.38744354	640	-0.056263 -0.025378  0.839159
17.39266014	642	-0.059854 -0.021069  0.844187
17.39786338	642	-0.055784 -0.027772  0.839877
17.40306472	642	-0.064882 -0.028491  0.836047
17.40826797	642	-0.056742 -0.018435  0.831498
17.41346359	643	-0.065600 -0.023463  0.830780
17.41866493	641	-0.062009 -0.026097  0.840596
17.42386436	643	-0.067276 -0.027294  0.820963
17.42905998	643	-0.068713 -0.015802  0.842032
17.43425941	641	-0.073501 -0.015083  0.833653
17.43947601	643	-0.077811 -0.017956  0.840596
17.44467926	643	-0.069192 -0.016759  0.841553
17.44988822	643	-0.074459 -0.015802  0.845863
17.45509147	643	-0.069671 -0.009816  0.834371
17.46030807	642	-0.073262 -0.009577  0.853524
17.46551513	639	-0.072065 -0.019872  0.851848
17.47070884	641	-0.068713 -0.011731  0.857355
17.47590065	639	-0.071825 -0.011492  0.848975
17.48110008	639	-0.071107 -0.010534  0.861904
17.48629570	638	-0.067037 -0.016280  0.872199
17.49150466	636	-0.070628 -0.017238  0.874354
17.49670028	637	-0.063446 -0.007901  0.880339
17.50189971	636	-0.062249 -0.008619  0.881297
17.50709915	633	-0.065361 -0.015323  0.883930
17.51230430	634	-0.064643 -0.015802  0.900211
17.51751136	633	-0.059615 -0.015562  0.904520
17.52271652	633	-0.050517 -0.014604  0.911463
17.52791595	631	-0.062009 -0.016520  0.911942
17.53311920	630	-0.052672 -0.017238  0.933969
17.53832054	628	-0.061052 -0.017717  0.928462
17.54352760	627	-0.052911 -0.018435  0.939475
17.54873657	627	-0.047405 -0.018914  0.944982
17.55393218	624	-0.048602 -0.027054  0.966051
17.55913543	624	-0.048362 -0.016759  0.970360
17.56433677	622	-0.051714 -0.020351  0.976585
17.56955146	620	-0.050278 -0.018675  0.990950
17.57474708	618	-0.050038 -0.019153  0.995260
17.57995223	617	-0.049799 -0.022026  0.999330
17.58515548	617	-0.049799 -0.016520  1.015849
17.59036445	614	-0.042856 -0.011492  1.032848
##inga 
#ido(sec)  szog(ADC)     ax(g)    ay(g)   az(g)
17.59609222	612	-0.050278 -0.014604  1.040510
17.60136032	609	-0.052911 -0.010056  1.045777
17.60663986	609	-0.052911 -0.007901  1.053917
17.61191558	606	-0.061530 -0.009337  1.073310
17.61711120	605	-0.055545 -0.009337  1.083605
17.62231636	600	-0.058897 -0.009098  1.099646
17.62750816	600	-0.065122 -0.003831  1.106828
17.63271141	597	-0.063925 0.002634  1.115926
17.63785934	595	-0.064164 -0.006704  1.135079
17.64305114	592	-0.061530 -0.009098  1.134840
17.64824485	589	-0.066798 -0.005985  1.153275
17.65344810	590	-0.063446 0.003591  1.155430
17.65861129	588	-0.072783 0.002394  1.173865
17.66377639	587	-0.070628 -0.005267  1.185357
17.66897964	583	-0.066558 -0.001197  1.203553
17.67419242	583	-0.071346 0.004310  1.214087
17.67934799	580	-0.069671 -0.002873  1.226058
17.68455123	579	-0.065840 0.001437  1.225340
17.68970870	573	-0.062727 -0.008858  1.236593
17.69490051	574	-0.069431 0.003112  1.260774
17.70005607	572	-0.069671 0.000718  1.262929
17.70520401	569	-0.064403 0.003591  1.274899
17.71035957	567	-0.060333 -0.000479  1.279688
17.71556091	561	-0.063685 0.000239  1.292856
17.72072029	558	-0.059615 -0.001915  1.307700
17.72590827	556	-0.058657 -0.001676  1.315840
17.73110008	554	-0.060333 0.005028  1.323741
17.73624801	548	-0.059136 -0.000718  1.341458
17.74144363	547	-0.059376 0.000479  1.343134
17.74660491	546	-0.054348 0.003112  1.349358
17.75176048	542	-0.055306 0.005985  1.361329
17.75693130	540	-0.054827 -0.003112  1.375934
17.76213264	539	-0.057939 0.003591  1.378328
17.76729583	537	-0.053630 0.002873  1.388623
17.77246093	531	-0.043813 -0.000479  1.395087
17.77766036	530	-0.055306 0.003591  1.396763
17.78282737	524	-0.049320 0.007183  1.405861
17.78799247	524	-0.049320 0.001915  1.410889
17.79314804	519	-0.052193 0.008619  1.412086
17.79830360	517	-0.047644 0.003352  1.424057
17.80345916	513	-0.047405 0.001915  1.442492
17.80862045	510	-0.044771 0.003591  1.437704
17.81376838	508	-0.044532 0.006225  1.438422
17.81892776	505	-0.049081 0.001915  1.445126
17.82407569	503	-0.046926 0.001676  1.457815
17.82922744	499	-0.049799 0.008140  1.450393
17.83437919	496	-0.051235 0.012929  1.458533
17.83953285	492	-0.052672 0.013886  1.460209
17.84469223	491	-0.049799 0.011253  1.461885
17.84985160	486	-0.051235 0.015562  1.467152
17.85499572	483	-0.054827 0.015802  1.463082
17.86014747	479	-0.052672 0.014844  1.467870
17.86529541	475	-0.057700 0.016999  1.464997
17.87045288	471	-0.057939 0.022026  1.467152
17.87562370	469	-0.065122 0.020351  1.477926
17.88079261	465	-0.061052 0.020590  1.467152
17.88595581	464	-0.060094 0.021548  1.463082
17.89112472	459	-0.062488 0.027054  1.459251
17.89628791	458	-0.054348 0.020351  1.477926
17.90145683	453	-0.060333 0.024660  1.464758
17.90661621	452	-0.055066 0.024421  1.461885
17.91178321	450	-0.061530 0.022984  1.456857
17.91695213	446	-0.057221 0.026815  1.449435
17.92210769	445	-0.054587 0.029688  1.456139
17.92727279	444	-0.055306 0.028012  1.431718
17.93241691	440	-0.051954 0.035434  1.436267
17.93758010	434	-0.047165 0.022266  1.426930
17.94273185	432	-0.047644 0.030167  1.432915
17.94787597	431	-0.045250 0.027772  1.428366
17.95303916	428	-0.043574 0.027533  1.411846
17.95818328	424	-0.041659 0.023702  1.397242
17.96332740	420	-0.037589 0.026336  1.409452
17.96847534	419	-0.043095 0.028251  1.406819
17.97361946	417	-0.042377 0.028970  1.382637
17.97878456	412	-0.037349 0.025139  1.383595
17.98394393	409	-0.039504 0.019872  1.376413
17.98910331	409	-0.036391 0.023224  1.369709
17.99425125	406	-0.042616 0.029927  1.357738
17.99940872	403	-0.029448 0.031843  1.353907
18.00456428	401	-0.035434 0.024899  1.344091
18.00970840	400	-0.031364 0.026097  1.337148
18.01486396	396	-0.032800 0.029688  1.312249
18.02003288	394	-0.031843 0.033997  1.317037
18.02519607	391	-0.030885 0.026336  1.306263
18.03035163	388	-0.029209 0.031364  1.293095
18.03550720	385	-0.028251 0.029688  1.277294
18.04067993	384	-0.029209 0.025139  1.265323
18.04584884	381	-0.026815 0.028251  1.256943
18.05101966	378	-0.032321 0.029688  1.250958
18.05618476	375	-0.026336 0.025857  1.240423
18.06135940	370	-0.026097 0.029448  1.225101
18.06651115	370	-0.028730 0.033518  1.214327
18.07167243	368	-0.030406 0.031124  1.202356
18.07682800	367	-0.029927 0.033758  1.189667
18.08198738	364	-0.029209 0.032561  1.178893
18.08715248	361	-0.029448 0.038307  1.167401
18.09231185	359	-0.031843 0.036391  1.153754
18.09745979	356	-0.037110 0.035673  1.150163
18.10261535	354	-0.034716 0.039265  1.137234
18.10776710	353	-0.037589 0.045011  1.126700
18.11291694	352	-0.038546 0.045489  1.109701
##inga 
#ido(sec)  szog(ADC)     ax(g)    ay(g)   az(g)
18.11859512	349	-0.034476 0.039983  1.095815
18.12387657	345	-0.033518 0.044053  1.083844
18.12914848	345	-0.036152 0.039983  1.063972
18.13441276	343	-0.040701 0.044532  1.065170
18.13955688	339	-0.037828 0.043335  1.051044
18.14469909	339	-0.045729 0.046447  1.045537
18.14985656	339	-0.041180 0.047884  1.031172
18.15501213	338	-0.034716 0.050996  1.021117
18.16016769	334	-0.042856 0.043335  1.008188
18.16531562	333	-0.039743 0.046926  0.994781
18.17047119	331	-0.039504 0.044532  0.987119
18.17564010	332	-0.039025 0.044053  0.979219
18.18079948	329	-0.037828 0.049559  0.966769
18.18597221	327	-0.038067 0.045011  0.961262
18.19113540	327	-0.042616 0.044053  0.950728
18.19629669	325	-0.031603 0.044532  0.949052
18.20145606	322	-0.030406 0.046447  0.939954
18.20661163	323	-0.034955 0.045250  0.918646
18.21177291	321	-0.027054 0.045250  0.927265
18.21693992	320	-0.024660 0.039504  0.907393
18.22210311	320	-0.029927 0.042856  0.897577
18.22726058	319	-0.025139 0.040940  0.895662
18.23241233	318	-0.021548 0.040222  0.892789
18.23756790	318	-0.017238 0.038307  0.874354
18.24271202	319	-0.017717 0.048602  0.872678
18.24786376	319	-0.017238 0.035673  0.873396
18.25302314	317	-0.021787 0.039025  0.859510
18.25816345	316	-0.014126 0.036870  0.853524
18.26330375	314	-0.014365 0.039025  0.851848
18.26844406	312	-0.017238 0.040940  0.838201
18.27358436	313	-0.021548 0.036870  0.839159
18.27872848	314	-0.016999 0.039504  0.832456
18.28388404	311	-0.012929 0.034476  0.827428
18.28903198	310	-0.017956 0.038546  0.829343
18.29417610	313	-0.020351 0.036870  0.833413
18.29932022	312	-0.022984 0.039983  0.825752
18.30446434	311	-0.022505 0.040222  0.825512
18.30961608	313	-0.018914 0.046208  0.821203
18.31476402	312	-0.024181 0.042856  0.817372
18.31991958	313	-0.026097 0.042377  0.818809
18.32506752	311	-0.024421 0.044771  0.812344
18.33021163	310	-0.023702 0.042377  0.818330
18.33536720	312	-0.028251 0.043095  0.814020
18.34052467	312	-0.030885 0.050757  0.810908
18.34569549	312	-0.032561 0.041898  0.826470
18.35086059	310	-0.035194 0.048602  0.816415
18.35601234	312	-0.035434 0.045729  0.816654
18.36117553	314	-0.036391 0.046208  0.829343
18.36634063	314	-0.037828 0.046686  0.824315
18.37149620	314	-0.036391 0.042616  0.837962
18.37666893	314	-0.038067 0.043095  0.830061
18.38182449	314	-0.039025 0.044771  0.844187
18.38699531	315	-0.040462 0.052672  0.841793
18.39215278	317	-0.037349 0.046447  0.844187
18.39730834	318	-0.034955 0.045968  0.847778
18.40246391	315	-0.033279 0.049320  0.866213
18.40760803	318	-0.034716 0.045968  0.860228
18.41274070	318	-0.039265 0.042856  0.868129
18.41789627	319	-0.028012 0.039025  0.880578
18.42304039	320	-0.032082 0.043574  0.876748
18.42818450	321	-0.029448 0.039265  0.886085
18.43334007	321	-0.027054 0.041898  0.889198
18.43848419	321	-0.026097 0.038067  0.898056
18.44363975	322	-0.027294 0.038307  0.909309
18.44878768	323	-0.026336 0.038067  0.908830
18.45393180	324	-0.019872 0.032321  0.907154
18.45907974	328	-0.015562 0.040462  0.930377
18.46422767	328	-0.020351 0.032321  0.943306
18.46936798	328	-0.018196 0.033758  0.949291
18.47451591	331	-0.021548 0.030645  0.955037
18.47966003	333	-0.018435 0.033040  0.967966
18.48480415	334	-0.022026 0.035673  0.977064
18.48995971	335	-0.021787 0.025857  0.990232
18.49511909	337	-0.019153 0.026815  0.997414
18.50027656	339	-0.019632 0.029448  1.003400
18.50543212	338	-0.022984 0.032800  1.010103
18.51058387	341	-0.024181 0.032561  1.029736
18.51574707	341	-0.026097 0.030885  1.023750
18.52091217	343	-0.023702 0.034716  1.046256
18.52608871	346	-0.029448 0.035913  1.060621
18.53125572	349	-0.030645 0.034237  1.072113
18.53642082	351	-0.036631 0.034237  1.089111
18.54157257	352	-0.033997 0.035673  1.080732
18.54673576	355	-0.038786 0.035673  1.114490
18.55189514	357	-0.042138 0.031843  1.115208
18.55704307	358	-0.049320 0.038546  1.134122
18.56220054	356	-0.045489 0.043095  1.149445
18.56735992	361	-0.048362 0.030406  1.150402
18.57251167	364	-0.049559 0.039504  1.160697
18.57765960	366	-0.046926 0.039983  1.174583
18.58280372	368	-0.050038 0.037589  1.186554
18.58795928	370	-0.048362 0.033758  1.198046
18.59310340	374	-0.046447 0.038546  1.200919
18.59825515	378	-0.057939 0.033518  1.219594
18.60341644	380	-0.050517 0.039504  1.238987
18.60856437	381	-0.050996 0.035913  1.249521
18.61370849	384	-0.055545 0.035194  1.247127
18.61886405	386	-0.050757 0.029688  1.257661
18.62401580	389	-0.044771 0.027533  1.282800
18.62915992	391	-0.052432 0.028491  1.287110
18.63430404	393	-0.046208 0.024899  1.289025
##inga 
#ido(sec)  szog(ADC)     ax(g)    ay(g)   az(g)
18.63998413	398	-0.048123 0.030406  1.310333
18.64526748	401	-0.044771 0.034955  1.317755
18.65054893	404	-0.047405 0.025139  1.330205
18.65579605	404	-0.045729 0.031124  1.340500
18.66094017	408	-0.042377 0.020351  1.342415
18.66609573	407	-0.038067 0.017477  1.343612
18.67126464	412	-0.035194 0.016280  1.365639
18.67642021	416	-0.034237 0.012929  1.369709
18.68160057	417	-0.026815 0.013168  1.374976
18.68676757	416	-0.027533 0.017956  1.384313
18.69192314	421	-0.024660 0.012929  1.398918
18.69709205	425	-0.026815 0.008140  1.401312
18.70225143	428	-0.032082 0.010534  1.402749
18.70742034	431	-0.026815 0.006225  1.412804
18.71257972	434	-0.028012 0.011013  1.425493
18.71773910	437	-0.030406 0.008380  1.431958
18.72289276	438	-0.032082 0.019153  1.426211
18.72805213	441	-0.033279 0.005985  1.433155
18.73319625	447	-0.038307 0.010774  1.440337
18.73835182	449	-0.038307 0.015562  1.444647
18.74350738	450	-0.037828 0.011492  1.448238
18.74865913	455	-0.053630 0.012929  1.460688
18.75380706	457	-0.045968 0.008858  1.446083
18.75895690	458	-0.053869 0.019153  1.463561
18.76409912	459	-0.055784 0.021787  1.452308
18.76924705	462	-0.055545 0.020111  1.460927
18.77440834	464	-0.058657 0.017717  1.467152
18.77955627	467	-0.063446 0.017956  1.458294
18.78471946	470	-0.067516 0.016520  1.461166
18.78987121	475	-0.068713 0.020351  1.471940
18.79502487	478	-0.075895 0.018435  1.453984
18.80017280	483	-0.070149 0.012210  1.469786
18.80532836	482	-0.070389 0.019153  1.464997
18.81048393	489	-0.078529 0.013886  1.459491
18.81563568	493	-0.072783 0.011731  1.462364
18.82080841	495	-0.071107 0.014365  1.442971
18.82597541	498	-0.068952 0.016999  1.451350
18.83114051	503	-0.072304 0.011971  1.456139
18.83629608	504	-0.072783 0.010534  1.439379
18.84145164	503	-0.068713 0.011971  1.438422
18.84661293	507	-0.067516 0.013647  1.436267
18.85178375	512	-0.069431 0.011013  1.420465
18.85694885	516	-0.064403 0.003831  1.425733
18.86211585	519	-0.063446 0.002873  1.415677
18.86726760	523	-0.059136 -0.003591  1.412565
18.87246894	525	-0.058657 0.001676  1.425733
18.87762069	527	-0.056503 0.003831  1.404903
18.88278007	527	-0.059854 0.001197  1.385510
18.88793563	534	-0.053151 -0.005028  1.387665
18.89313125	537	-0.051235 -0.005507  1.387665
18.89832305	537	-0.052672 -0.008619  1.368272
18.90352439	541	-0.045250 -0.011253  1.352471
18.90872383	543	-0.048362 -0.012929  1.354147
18.91392707	545	-0.054348 -0.017477  1.340979
18.91913986	548	-0.049081 -0.014604  1.335233
18.92433929	551	-0.049559 -0.015802  1.325895
18.92954826	553	-0.048362 -0.011253  1.309854
18.93475532	557	-0.041180 -0.012450  1.311291
18.93996047	561	-0.045250 -0.013886  1.312009
18.94515991	561	-0.046447 -0.011731  1.285434
18.95036315	566	-0.045729 -0.016999  1.275857
18.95556831	568	-0.049559 -0.020351  1.266280
18.96076393	570	-0.044292 -0.012210  1.258380
18.96596336	574	-0.054587 -0.012210  1.254310
18.97116470	573	-0.054348 -0.016759  1.225101
18.97636032	577	-0.067037 -0.011492  1.221509
18.98156738	581	-0.062967 -0.008619  1.215763
18.98676872	582	-0.060573 -0.007901  1.196131
18.99197959	584	-0.065840 -0.005267  1.185836
18.99717521	584	-0.071586 -0.009337  1.181766
19.00239181	588	-0.070628 -0.008858  1.169316
19.00759506	591	-0.071586 -0.007661  1.151599
19.01278877	591	-0.081641 -0.011971  1.145853
19.01799201	592	-0.081881 0.002394  1.131009
19.02313232	593	-0.077571 -0.007422  1.124545
19.02833557	595	-0.076135 -0.010056  1.117123
19.03353118	600	-0.087627 -0.006225  1.105392
19.03872489	601	-0.074698 -0.002155  1.089111
19.04391670	602	-0.078529 0.000718  1.077619
19.04907226	603	-0.076374 -0.009337  1.070197
19.05426788	607	-0.071107 -0.012689  1.054396
19.05948066	609	-0.079966 -0.009577  1.046734
19.06468391	611	-0.072304 -0.011492  1.032369
19.06989669	610	-0.078290 -0.011253  1.026384
19.07511138	612	-0.071825 -0.020111  1.015371
19.08031654	616	-0.068473 -0.015083  1.006752
19.08550834	615	-0.068952 -0.015083  1.000287
19.09070014	616	-0.069431 -0.019153  0.989035
19.09590339	621	-0.063206 -0.020111  0.968445
19.10110473	622	-0.062727 -0.016999  0.974191
19.10631179	621	-0.055545 -0.017956  0.960783
19.11151123	624	-0.055784 -0.021787  0.953122
19.11671257	626	-0.057700 -0.021787  0.950249
19.12192344	624	-0.055545 -0.030406  0.935166
19.12713623	625	-0.050517 -0.025618  0.939236
19.13234329	627	-0.051235 -0.028970  0.919125
19.13755607	629	-0.052911 -0.029448  0.912421
19.14275932	629	-0.050757 -0.023224  0.907633
19.14796829	631	-0.042616 -0.024899  0.897338
19.15317153	630	-0.051954 -0.032561  0.903084
19.15837669	633	-0.049320 -0.026575  0.878184
##inga 
#ido(sec)  szog(ADC)     ax(g)    ay(g)   az(g)
19.16410827	634	-0.052193 -0.028251  0.880818
19.16938781	633	-0.046208 -0.026097  0.871720
19.17465591	633	-0.053869 -0.028491  0.873157
19.17995262	636	-0.056742 -0.027294  0.871241
19.18515205	636	-0.051475 -0.026336  0.871959
19.19035148	636	-0.057221 -0.024899  0.856397
19.19555282	636	-0.054827 -0.021787  0.852567
19.20076370	636	-0.052672 -0.030406  0.851130
19.20595550	636	-0.062967 -0.020829  0.840356
19.21116828	638	-0.064403 -0.019393  0.853764
19.21637535	639	-0.064403 -0.023463  0.844666
19.22158813	638	-0.074459 -0.013886  0.842750
19.22678375	640	-0.067037 -0.018675  0.839877
19.23198890	638	-0.074698 -0.014126  0.839877
19.23719215	640	-0.079008 -0.016999  0.842990
19.24238395	638	-0.072544 -0.015323  0.840356
19.24758338	639	-0.075895 -0.016280  0.840356
19.25278472	639	-0.080444 -0.016520  0.843708
19.25798034	640	-0.077093 -0.013647  0.841075
19.26317977	637	-0.075895 -0.012929  0.849454
19.26838493	639	-0.075895 -0.013407  0.856876
19.27358818	638	-0.074219 -0.010295  0.849215
19.27879524	638	-0.069192 -0.020590  0.853045
19.28401184	636	-0.074938 -0.016999  0.853524
19.28921127	637	-0.072304 -0.009098  0.859510
19.29440879	634	-0.073980 -0.005985  0.866213
19.29960441	636	-0.068234 -0.014365  0.861425
19.30480766	635	-0.063446 -0.015323  0.869086
19.31001281	635	-0.065361 -0.013886  0.864298
19.31520843	634	-0.059615 -0.019872  0.879381
19.32040405	634	-0.054827 -0.012210  0.885846
19.32560729	632	-0.059136 -0.019632  0.890873
19.33082008	632	-0.049559 -0.017238  0.893507
19.33602333	628	-0.056263 -0.019872  0.910027
19.34123229	629	-0.052911 -0.022266  0.912421
19.34643936	627	-0.052193 -0.016999  0.909787
19.35165596	627	-0.048362 -0.023942  0.921280
19.35685157	625	-0.044771 -0.021308  0.938996
19.36206054	626	-0.051714 -0.025618  0.929420
19.36725616	624	-0.045489 -0.021069  0.957671
19.37245941	624	-0.051714 -0.019872  0.962938
19.37766456	622	-0.045489 -0.020829  0.967966
19.38286399	617	-0.048841 -0.012689  0.967248
19.38806343	617	-0.050278 -0.018675  0.983049
19.39326477	616	-0.053630 -0.013407  0.998133
19.39846801	614	-0.049320 -0.015083  1.007470
19.40366363	615	-0.050278 -0.012450  1.007709
19.40886306	610	-0.054108 -0.015083  1.026384
19.41408348	611	-0.057700 -0.018914  1.036200
19.41927909	607	-0.058657 -0.008619  1.037876
19.42447662	607	-0.060333 -0.012210  1.040749
19.42966842	606	-0.060812 -0.012210  1.064212
19.43487167	604	-0.062967 -0.009337  1.069000
19.44005584	601	-0.066079 -0.005028  1.076662
19.44525527	598	-0.066319 -0.001676  1.096054
19.45045280	594	-0.072065 0.000479  1.105392
19.45559692	593	-0.071825 -0.005267  1.113771
19.46079635	591	-0.073741 -0.008380  1.117602
19.46600341	590	-0.069431 0.000958  1.135079
19.47116470	590	-0.075177 0.001437  1.155430
19.47632408	588	-0.067516 -0.000718  1.155909
19.48153114	586	-0.072304 0.000958  1.174583
19.48669242	586	-0.071107 -0.001437  1.182484
19.49189949	581	-0.063925 -0.000958  1.188709
19.49709129	579	-0.068234 0.007661  1.200680
19.50224876	578	-0.065122 -0.002634  1.215045
19.50744438	573	-0.064643 -0.002155  1.232283
19.51263618	572	-0.058897 -0.004788  1.237071
19.51783561	569	-0.064164 -0.004788  1.246888
19.52303123	569	-0.058418 -0.000718  1.254788
19.52823257	567	-0.060094 -0.000958  1.255507
19.53342819	564	-0.060573 0.005267  1.265562
19.53858757	561	-0.062249 -0.000958  1.287589
19.54380416	557	-0.050757 -0.002634  1.296926
19.54900741	555	-0.052432 -0.001915  1.304827
19.55421638	551	-0.050278 -0.005267  1.310812
19.55941581	548	-0.048123 0.000479  1.320149
19.56458091	545	-0.047165 -0.007183  1.328529
19.56978416	541	-0.048602 -0.003352  1.335712
19.57497978	541	-0.050278 -0.005267  1.357738
19.58017539	537	-0.051235 0.002634  1.359893
19.58533287	537	-0.040940 0.005746  1.363723
19.59047508	535	-0.049799 -0.005507  1.374497
19.59567642	529	-0.039743 0.004070  1.379764
19.60083198	527	-0.052672 0.001676  1.386708
19.60597991	523	-0.042377 0.003112  1.385989
19.61113166	523	-0.039265 0.006225  1.400833
19.61629676	518	-0.050757 0.002873  1.404903
19.62145233	516	-0.049081 0.007422  1.416635
19.62659645	512	-0.048362 0.006943  1.431239
19.63175201	509	-0.051954 0.008380  1.414719
19.63690757	507	-0.052432 0.004070  1.428366
19.64205932	504	-0.051235 0.005746  1.429085
19.64722824	502	-0.053151 0.009337  1.434112
19.65238761	500	-0.048602 0.013647  1.443450
19.65755271	494	-0.057700 0.017956  1.444886
19.66270828	491	-0.055306 0.008858  1.445844
19.66786766	487	-0.053390 0.011971  1.451111
19.67304420	487	-0.056503 0.008858  1.446801
19.67819976	481	-0.060094 0.023463  1.444647
19.68336486	479	-0.058657 0.025378  1.450393
##inga 
#ido(sec)  szog(ADC)     ax(g)    ay(g)   az(g)
19.68905639	475	-0.064882 0.022984  1.455660
19.69433212	472	-0.058179 0.018435  1.450632
19.69963264	470	-0.062249 0.022505  1.447759
19.70490074	466	-0.061530 0.026575  1.452308
19.71006011	464	-0.063446 0.022745  1.449914
19.71521949	461	-0.059136 0.026815  1.450632
19.72036361	454	-0.059615 0.028730  1.447759
19.72550773	453	-0.057221 0.023224  1.441295
19.73066329	452	-0.058897 0.028491  1.436028
19.73582077	448	-0.056981 0.019872  1.444647
19.74097633	446	-0.051714 0.019632  1.428366
19.74613571	447	-0.050038 0.027772  1.430282
19.75128746	440	-0.051235 0.029688  1.429085
19.75644874	438	-0.046447 0.022026  1.419747
19.76160049	435	-0.047405 0.022026  1.413043
19.76675987	432	-0.045250 0.023224  1.412086
19.77190780	431	-0.036631 0.024660  1.406579
19.77705192	426	-0.038307 0.020351  1.404664
19.78220748	421	-0.035673 0.015323  1.387665
19.78735923	421	-0.037828 0.011971  1.385271
19.79252052	420	-0.037349 0.019153  1.378807
19.79767990	417	-0.030645 0.023942  1.364202
19.80285263	411	-0.032561 0.019872  1.364202
19.80802345	411	-0.026575 0.016041  1.356062
19.81319618	409	-0.028012 0.023942  1.347204
19.81836318	407	-0.029448 0.032082  1.346485
19.82352447	403	-0.031603 0.029927  1.331642
19.82870483	400	-0.031603 0.018914  1.331402
19.83386039	400	-0.030406 0.022505  1.315122
19.83903694	398	-0.034716 0.030167  1.303390
19.84419250	394	-0.033758 0.033279  1.286631
19.84934425	389	-0.034716 0.026336  1.294053
19.85449218	389	-0.037349 0.022505  1.273942
19.85964775	386	-0.032561 0.028491  1.264844
19.86480331	384	-0.036631 0.038307  1.253831
19.86996078	382	-0.032800 0.032561  1.258380
19.87512016	380	-0.038307 0.028251  1.240663
19.88026809	375	-0.035434 0.032082  1.232283
19.88541603	374	-0.034955 0.031843  1.210257
19.89057540	370	-0.034237 0.035194  1.198046
19.89572334	369	-0.036870 0.035194  1.192300
19.90088081	366	-0.041419 0.038546  1.172429
19.90604019	365	-0.038786 0.046686  1.169316
19.91119194	361	-0.041419 0.042856  1.158303
19.91633987	358	-0.048841 0.046208  1.145375
19.92149543	357	-0.041659 0.039265  1.133882
19.92665290	357	-0.045729 0.039504  1.125263
19.93182373	355	-0.041180 0.046208  1.112335
19.93699645	352	-0.040462 0.044292  1.106110
19.94215583	352	-0.039743 0.043574  1.089590
19.94732093	349	-0.038786 0.040940  1.076422
19.95249176	347	-0.033758 0.044771  1.072113
19.95765113	345	-0.042138 0.041180  1.056550
19.96280860	342	-0.040222 0.047165  1.042904
19.96797180	343	-0.036391 0.043335  1.028539
19.97314834	341	-0.034237 0.040462  1.023032
19.97830772	339	-0.034716 0.050278  1.014413
19.98345947	338	-0.034955 0.045489  1.004597
19.98862075	334	-0.030645 0.041898  1.004118
19.99377250	334	-0.023702 0.039265  0.998611
19.99892425	333	-0.030167 0.044053  0.978500
20.00406837	333	-0.030885 0.042138  0.971078
20.00922775	331	-0.022026 0.045968  0.967726
20.01438331	327	-0.021069 0.041419  0.955756
20.01953125	329	-0.022984 0.039504  0.936123
20.02468872	328	-0.024660 0.039504  0.918646
20.02983283	323	-0.021069 0.033518  0.923434
20.03498077	323	-0.024660 0.039504  0.919604
20.04012489	322	-0.020829 0.038786  0.914815
20.04528045	323	-0.023702 0.038786  0.906436
20.05042457	322	-0.021548 0.037589  0.893986
20.05557632	322	-0.022745 0.034237  0.888479
20.06072044	319	-0.021787 0.039265  0.881536
20.06586837	321	-0.022984 0.043335  0.877945
20.07102394	320	-0.020111 0.040701  0.871959
20.07618331	316	-0.021787 0.040222  0.857834
20.08135223	319	-0.023702 0.041419  0.865495
20.08652305	318	-0.025139 0.044053  0.848257
20.09168815	318	-0.020829 0.041898  0.855200
20.09684753	317	-0.022745 0.044292  0.853045
20.10200881	317	-0.031364 0.038786  0.838441
20.10716438	317	-0.028012 0.048123  0.837244
20.11234092	316	-0.026575 0.049320  0.841075
20.11749267	314	-0.025378 0.043574  0.842750
20.12265968	312	-0.027054 0.044053  0.827667
20.12781906	313	-0.025378 0.040940  0.829343
20.13297271	312	-0.027533 0.047165  0.829104
20.13811683	313	-0.026097 0.047644  0.828385
20.14325904	314	-0.029927 0.040940  0.824076
20.14841651	313	-0.033758 0.041419  0.829822
20.15356826	315	-0.030406 0.049559  0.831258
20.15871620	314	-0.037589 0.045489  0.829104
20.16385650	314	-0.033279 0.044771  0.825752
20.16900444	314	-0.034237 0.048123  0.830540
20.17414855	314	-0.033997 0.047405  0.834371
20.17930412	315	-0.036870 0.043813  0.832216
20.18446350	314	-0.040940 0.040222  0.834371
20.18961143	316	-0.031843 0.045489  0.835807
20.19475936	317	-0.031364 0.036391  0.843229
20.19990730	316	-0.027294 0.036870  0.838441
20.20505142	319	-0.029927 0.038067  0.850412
##inga 
#ido(sec)  szog(ADC)     ax(g)    ay(g)   az(g)
20.21073913	320	-0.029688 0.042377  0.856158
20.21601104	320	-0.034955 0.039983  0.859510
20.22128486	320	-0.031603 0.035673  0.863340
20.22654342	319	-0.023942 0.037828  0.872917
20.23169136	320	-0.026336 0.037589  0.866932
20.23684883	318	-0.029927 0.040222  0.870044
20.24199295	322	-0.030406 0.035673  0.878663
20.24714469	324	-0.016999 0.039504  0.880818
20.25229644	324	-0.027054 0.035673  0.890873
20.25745201	325	-0.016759 0.039025  0.894704
20.26260757	327	-0.026097 0.035194  0.912421
20.26777267	328	-0.020351 0.039025  0.913379
20.27293586	329	-0.028491 0.039983  0.927504
20.27810478	330	-0.022745 0.033758  0.932293
20.28326416	332	-0.024181 0.040462  0.933250
20.28843116	332	-0.025378 0.035673  0.948813
20.29360008	334	-0.023463 0.032800  0.959586
20.29875946	335	-0.029448 0.035673  0.959107
20.30391693	334	-0.024899 0.041180  0.982331
20.30905914	338	-0.025618 0.035673  0.995738
20.31422042	340	-0.022505 0.029688  1.000287
20.31936454	339	-0.033518 0.037110  1.005315
20.32450866	341	-0.033279 0.034237  1.017047
20.32967948	341	-0.032321 0.032561  1.027581
20.33483505	343	-0.034237 0.033040  1.038355
20.33999252	346	-0.034237 0.033758  1.046734
20.34514045	347	-0.033758 0.038546  1.050804
20.35028457	351	-0.043574 0.028970  1.068042
20.35543251	352	-0.045489 0.033040  1.075464
20.36057281	355	-0.040701 0.038307  1.085520
20.36571693	354	-0.045729 0.034237  1.113532
20.37087249	356	-0.043095 0.036870  1.105871
20.37601661	359	-0.044292 0.033997  1.126700
20.38116073	360	-0.042616 0.030406  1.122869
20.38631629	362	-0.041898 0.040701  1.144656
20.39147186	366	-0.042138 0.033997  1.151839
20.39662361	368	-0.050757 0.040222  1.164767
20.40176773	369	-0.047405 0.037110  1.181287
20.40692710	372	-0.042616 0.036631  1.185597
20.41208839	375	-0.048123 0.033758  1.184160
20.41724395	377	-0.037828 0.034955  1.216960
20.42240715	381	-0.044771 0.033997  1.222228
20.42757225	380	-0.040701 0.032082  1.237311
20.43274307	384	-0.046447 0.033518  1.246409
20.43791198	388	-0.044053 0.024421  1.253112
20.44308471	389	-0.042616 0.033040  1.276336
20.44823646	391	-0.044053 0.027533  1.266280
20.45339965	396	-0.042616 0.029209  1.282561
20.45855522	395	-0.038067 0.023224  1.292856
20.46372032	400	-0.043335 0.026575  1.297165
20.46887969	402	-0.041659 0.024421  1.310812
20.47402763	407	-0.037110 0.015083  1.315122
20.47917938	409	-0.036870 0.024899  1.329008
20.48434066	409	-0.037349 0.019153  1.333317
20.48948478	412	-0.031843 0.019872  1.345049
20.49463653	414	-0.031364 0.013168  1.347204
20.49978828	416	-0.031603 0.011013  1.357738
20.50494766	417	-0.026815 0.012210  1.372821
20.51009178	422	-0.033518 0.008858  1.378807
20.51524734	426	-0.034716 0.011253  1.375455
20.52040481	425	-0.033518 0.014844  1.391017
20.52555274	430	-0.033997 0.014365  1.397003
20.53069686	433	-0.038307 0.012929  1.397242
20.53584861	434	-0.039743 0.015323  1.413522
20.54099655	438	-0.040940 0.016759  1.409692
20.54615211	440	-0.050278 0.020351  1.414959
20.55131149	447	-0.052193 0.017717  1.421902
20.55646705	449	-0.055306 0.013647  1.425014
20.56163597	448	-0.053390 0.019393  1.431000
20.56679534	452	-0.055306 0.012450  1.431239
20.57195281	457	-0.059854 0.017238  1.432436
20.57710838	456	-0.053630 0.018675  1.437704
20.58227539	459	-0.058179 0.009577  1.446562
20.58743667	461	-0.051954 0.017238  1.444407
20.59260368	465	-0.063685 0.016520  1.436746
20.59775924	469	-0.063446 0.020351  1.436746
20.60292434	471	-0.059376 0.012450  1.442731
20.60807228	474	-0.062009 0.014604  1.446323
20.61323165	476	-0.061052 0.019632  1.442731
20.61839294	480	-0.064403 0.016041  1.447999
20.62354469	484	-0.063925 0.014844  1.439858
20.62870025	483	-0.069671 0.009098  1.442971
20.63385200	489	-0.069431 0.013647  1.437704
20.63900756	494	-0.067037 0.016999  1.449435
20.64416313	496	-0.063446 0.012689  1.435070
20.64930725	501	-0.061291 0.008380  1.431718
20.65445137	504	-0.062249 0.009098  1.435549
20.65960884	501	-0.060094 0.015323  1.425493
20.66475677	504	-0.056263 0.001197  1.415677
20.66990852	508	-0.057700 0.006225  1.419029
20.67506408	510	-0.059376 0.002155  1.414480
20.68021202	514	-0.059854 0.009816  1.404185
20.68535614	519	-0.055066 -0.004788  1.402749
20.69054794	522	-0.057939 -0.001915  1.398439
20.69576072	525	-0.056981 0.002394  1.391017
20.70092391	528	-0.050517 -0.000958  1.381440
20.70612716	530	-0.054587 -0.005267  1.375216
20.71133613	533	-0.053390 -0.013886  1.368991
20.71653175	537	-0.054108 -0.013168  1.365160
20.72173690	536	-0.052911 -0.006464  1.346964
20.72694015	541	-0.046447 -0.010056  1.347922
##inga 
#ido(sec)  szog(ADC)     ax(g)    ay(g)   az(g)
20.73266410	542	-0.049559 -0.016041  1.337388
20.73794746	546	-0.043574 -0.014126  1.327332
20.74326324	550	-0.045729 -0.006704  1.317037
20.74853134	550	-0.053630 -0.003352  1.317516
20.75373649	550	-0.057700 -0.011253  1.298841
20.75892448	557	-0.054827 -0.017956  1.294053
20.76411628	561	-0.054348 -0.008619  1.282321
20.76931953	561	-0.057221 -0.007183  1.275378
20.77451515	566	-0.060333 -0.012689  1.259816
20.77972793	569	-0.060333 -0.021069  1.257183
20.78492736	570	-0.062249 -0.011492  1.248324
20.79013252	572	-0.062967 -0.007901  1.233480
20.79532432	575	-0.062727 -0.009337  1.214566
20.80054092	577	-0.065122 -0.016999  1.218876
20.80574035	579	-0.070149 -0.010534  1.198046
20.81093978	580	-0.067995 -0.008619  1.189906
20.81613540	584	-0.066558 0.002873  1.178414
20.82127571	585	-0.063446 -0.012450  1.172189
20.82647132	586	-0.070389 -0.012450  1.165725
20.83166885	589	-0.073022 -0.011731  1.152318
20.83686828	591	-0.072783 -0.009098  1.142501
20.84206771	592	-0.078290 -0.000958  1.125742
20.84725952	592	-0.071586 -0.010534  1.113053
20.85247611	594	-0.078050 -0.009337  1.108265
20.85767555	595	-0.076853 -0.004549  1.086717
20.86288070	601	-0.073980 -0.008140  1.076422
20.86808395	602	-0.074938 -0.015562  1.064930
20.87328720	602	-0.074459 -0.009816  1.051762
20.87848091	605	-0.078290 -0.014126  1.056550
20.88366889	606	-0.073022 -0.016041  1.038355
20.88886070	609	-0.070389 -0.013647  1.027342
20.89405632	611	-0.061052 -0.019393  1.017286
20.89925193	612	-0.067995 -0.013647  1.008427
20.90445137	612	-0.068713 -0.012929  0.998851
20.90964317	615	-0.064403 -0.017956  0.994062
20.91484832	616	-0.056263 -0.022984  0.984725
20.92005157	616	-0.060094 -0.022026  0.964854
20.92525672	617	-0.053869 -0.025618  0.970600
20.93045616	618	-0.050517 -0.019393  0.959347
20.93566322	621	-0.053390 -0.026815  0.954319
20.94087600	620	-0.058179 -0.025857  0.950010
20.94606781	621	-0.059376 -0.023942  0.927025
20.95127105	625	-0.054348 -0.024421  0.935405
20.95647239	626	-0.057700 -0.024899  0.914815
20.96167945	627	-0.060573 -0.029448  0.903084
20.96688079	629	-0.055784 -0.028730  0.905717
20.97208023	630	-0.060573 -0.028730  0.894704
20.97727966	629	-0.049799 -0.029209  0.900450
20.98247528	631	-0.056263 -0.028012  0.894944
20.98769569	631	-0.056742 -0.024899  0.884649
20.99290466	632	-0.056742 -0.020590  0.874593
20.99811553	632	-0.052193 -0.024660  0.876508
21.00332450	633	-0.054827 -0.025618  0.880100
21.00852012	633	-0.060812 -0.025857  0.865735
21.01372718	633	-0.058418 -0.018675  0.866692
21.01892089	633	-0.062488 -0.027054  0.867410
21.02411651	633	-0.060333 -0.031843  0.853524
21.02931976	636	-0.068713 -0.019872  0.861664
21.03451919	633	-0.061770 -0.025618  0.861904
21.03970718	633	-0.064882 -0.025857  0.855440
21.04490470	636	-0.066319 -0.018914  0.860946
21.05010795	634	-0.068713 -0.019872  0.843947
21.05530738	635	-0.073262 -0.015083  0.841314
21.06050872	636	-0.073022 -0.013886  0.846342
21.06571960	634	-0.066558 -0.020351  0.854721
21.07092475	636	-0.074698 -0.023463  0.857115
21.07612800	637	-0.066319 -0.015323  0.847778
21.08132362	635	-0.071346 -0.016280  0.853045
21.08651924	636	-0.067276 -0.019153  0.859749
21.09171676	636	-0.073262 -0.009577  0.859031
21.09690856	636	-0.070628 -0.014365  0.855200
21.10210037	633	-0.066798 -0.005985  0.862622
21.10729217	634	-0.062249 -0.012689  0.860467
21.11249160	633	-0.067755 -0.014365  0.871959
21.11770057	634	-0.063206 -0.016520  0.868368
21.12290000	632	-0.054827 -0.014844  0.860707
21.12809944	632	-0.058657 -0.012210  0.886803
21.13331222	632	-0.057221 -0.019632  0.896619
21.13851928	628	-0.055545 -0.016999  0.886564
21.14372444	627	-0.052911 -0.017717  0.897098
21.14891624	628	-0.055545 -0.023463  0.901408
21.15411186	628	-0.057221 -0.017956  0.908830
21.15930366	628	-0.051714 -0.024181  0.921758
21.16450309	624	-0.052911 -0.017956  0.921758
21.16970443	623	-0.047405 -0.020351  0.923913
21.17490386	624	-0.048123 -0.018196  0.933969
21.18009948	623	-0.050517 -0.012929  0.942109
21.18530464	622	-0.046926 -0.015562  0.955995
21.19050788	619	-0.056503 -0.015083  0.945700
21.19570350	617	-0.050996 -0.020829  0.962459
21.20092010	616	-0.050757 -0.020111  0.976106
21.20611572	617	-0.055066 -0.017956  0.986641
21.21132087	613	-0.050517 -0.007422  0.995738
21.21652030	614	-0.056742 -0.009337  0.991429
21.22171974	609	-0.058179 -0.011492  1.003160
21.22691535	610	-0.058179 -0.004788  1.017525
21.23210716	609	-0.061291 -0.008619  1.031651
21.23730087	607	-0.054348 -0.008380  1.039552
21.24250030	605	-0.062249 -0.002873  1.051044
21.24771690	603	-0.062249 -0.007901  1.058945
21.25291252	602	-0.063446 -0.013168  1.065409
##inga 
#ido(sec)  szog(ADC)     ax(g)    ay(g)   az(g)
21.25865554	598	-0.069910 -0.010056  1.075704
21.26392745	593	-0.065361 -0.010295  1.088393
21.26921272	593	-0.073980 -0.005267  1.091027
21.27448844	592	-0.068952 0.000239  1.116644
21.27964401	591	-0.066798 -0.004549  1.125263
21.28485679	590	-0.066319 -0.007422  1.149684
21.29005622	588	-0.063206 -0.011971  1.141065
21.29526329	587	-0.064882 -0.002394  1.156867
21.30046463	585	-0.064643 0.000000  1.164767
21.30558013	584	-0.060094 -0.003112  1.176738
21.31077575	577	-0.063446 -0.000718  1.180329
21.31597137	578	-0.063685 -0.003112  1.186554
21.32117271	576	-0.067276 -0.001915  1.193737
21.32636833	575	-0.062727 -0.000239  1.219355
21.33156394	572	-0.059615 0.003112  1.229889
21.33671569	570	-0.059136 0.000479  1.235874
21.34186744	568	-0.059136 0.001437  1.242578
21.34702873	566	-0.058897 0.005507  1.259577
21.35219573	562	-0.062249 0.000958  1.272027
21.35735511	557	-0.050278 -0.003352  1.279209
21.36256408	556	-0.058179 0.001915  1.286152
21.36772346	554	-0.049559 -0.000479  1.291180
21.37292861	548	-0.044292 -0.004070  1.305784
21.37813949	550	-0.050517 -0.001915  1.314403
21.38333511	545	-0.050517 -0.001915  1.319431
21.38853263	539	-0.047884 0.000479  1.339542
21.39369201	540	-0.056024 -0.007661  1.335472
21.39889144	538	-0.047884 0.001197  1.350556
21.40404891	537	-0.046686 0.007901  1.355344
21.40919113	534	-0.044053 0.002155  1.356302
21.41434860	530	-0.043335 0.003831  1.364921
21.41950035	524	-0.041180 0.000958  1.364921
21.42464447	523	-0.049799 0.000718  1.385032
21.42980003	523	-0.049799 0.005507  1.387426
21.43494796	518	-0.049799 0.009098  1.395327
21.44008445	513	-0.049320 0.005267  1.389102
21.44523620	510	-0.057700 0.004070  1.409452
21.45038795	509	-0.047165 0.006225  1.406100
21.45555114	506	-0.047884 0.017477  1.409452
21.46072006	503	-0.052672 0.010534  1.415677
21.46588325	502	-0.054348 0.012929  1.417353
21.47105598	500	-0.051475 0.011971  1.419508
21.47621917	496	-0.055306 0.015802  1.417832
21.48138809	493	-0.055784 0.014844  1.434352
21.48655509	490	-0.055306 0.015083  1.431239
21.49171257	486	-0.054348 0.014126  1.436985
21.49687957	482	-0.056742 0.016041  1.433155
21.50203132	479	-0.058657 0.019872  1.428366
21.50718879	475	-0.056024 0.014365  1.427169
21.51234817	474	-0.060094 0.019393  1.436028
21.51749229	469	-0.064164 0.024181  1.432915
21.52263641	466	-0.057221 0.026815  1.428366
21.52779197	464	-0.054348 0.024181  1.427169
21.53294372	461	-0.058897 0.016520  1.431239
21.53808784	457	-0.055306 0.024660  1.430760
21.54323196	452	-0.059136 0.022984  1.427409
21.54839134	450	-0.057700 0.022026  1.417114
21.55354309	451	-0.055545 0.020829  1.438661
21.55868721	449	-0.058657 0.025139  1.422620
21.56383132	448	-0.052672 0.026336  1.410410
21.56898307	445	-0.049799 0.027772  1.411128
21.57413291	438	-0.050996 0.027533  1.403467
21.57928848	435	-0.046447 0.022984  1.397960
21.58443260	435	-0.042616 0.024421  1.403706
21.58958435	432	-0.045489 0.029927  1.398439
21.59473609	430	-0.046926 0.024899  1.389581
21.59989166	427	-0.045011 0.022026  1.379046
21.60506439	423	-0.037349 0.023463  1.378807
21.61023521	420	-0.030885 0.027054  1.361329
21.61540031	420	-0.035673 0.019632  1.357738
21.62056732	416	-0.033040 0.027294  1.355583
21.62572860	410	-0.032800 0.024660  1.345049
21.63089561	410	-0.035194 0.025139  1.344091
21.63606452	409	-0.033518 0.023224  1.338106
21.64123535	408	-0.029448 0.023224  1.323501
21.64639282	404	-0.036391 0.021069  1.311530
21.65154457	403	-0.026815 0.019632  1.313446
21.65670013	401	-0.033518 0.030167  1.305066
21.66186714	396	-0.038307 0.024660  1.286870
21.66701507	395	-0.033758 0.026097  1.285434
21.67216491	391	-0.035673 0.031364  1.268196
21.67732429	387	-0.031364 0.032082  1.261253
21.68247222	384	-0.035194 0.038067  1.259098
21.68762397	384	-0.043335 0.032561  1.233241
21.69278335	380	-0.035434 0.033758  1.235156
21.69793128	378	-0.033758 0.031843  1.216960
21.70308876	378	-0.039265 0.034476  1.206426
21.70824432	375	-0.040462 0.035434  1.192061
21.71340370	371	-0.041180 0.034955  1.186554
21.71855926	369	-0.039504 0.037589  1.177935
21.72371292	368	-0.028491 0.034716  1.169316
21.72886085	365	-0.036152 0.040701  1.159261
21.73400306	363	-0.035434 0.037110  1.141304
21.73916053	359	-0.032800 0.039983  1.133643
21.74432754	359	-0.037110 0.039265  1.125024
21.74950027	358	-0.041898 0.038307  1.111856
21.75465965	356	-0.039265 0.043574  1.095815
21.75982475	354	-0.037589 0.036391  1.089590
21.76498794	351	-0.040701 0.041180  1.092463
21.77015113	353	-0.039743 0.034716  1.070676
21.77532768	349	-0.038546 0.039504  1.056550
##inga 
#ido(sec)  szog(ADC)     ax(g)    ay(g)   az(g)
21.78103256	345	-0.034476 0.044771  1.054396
21.78630828	344	-0.037828 0.037828  1.034763
21.79157257	342	-0.037589 0.042616  1.033566
21.79683685	340	-0.029448 0.042616  1.017047
21.80200767	340	-0.042616 0.045250  1.009864
21.80715560	340	-0.038307 0.046208  1.005555
21.81230735	338	-0.035194 0.040701  1.003639
21.81746482	335	-0.031364 0.040222  0.977303
21.82260894	333	-0.039504 0.042377  0.972515
21.82776069	333	-0.032561 0.040222  0.968684
21.83290863	333	-0.028251 0.042856  0.955756
21.83806419	332	-0.030406 0.037589  0.944024
21.84321594	329	-0.031124 0.042856  0.934447
21.84836006	329	-0.029448 0.041419  0.922716
21.85350799	328	-0.030406 0.033518  0.926068
21.85865211	327	-0.018435 0.047405  0.921280
21.86379623	325	-0.020590 0.043335  0.912900
21.86894035	325	-0.023463 0.038067  0.907872
21.87408447	324	-0.017477 0.042377  0.899732
21.87922859	322	-0.019872 0.041659  0.890634
21.88438415	323	-0.023463 0.045968  0.882015
21.88952827	322	-0.021069 0.039265  0.886803
21.89468002	320	-0.018914 0.038786  0.871002
21.89983177	321	-0.017238 0.040701  0.864059
21.90498733	320	-0.023702 0.041419  0.860707
21.91015243	320	-0.019872 0.038307  0.858073
21.91531181	320	-0.022266 0.039504  0.849694
21.92047119	320	-0.018435 0.039025  0.856158
21.92564773	319	-0.025139 0.036870  0.848497
21.93080329	317	-0.023942 0.043574  0.842990
21.93596839	320	-0.024181 0.042377  0.840596
21.94112777	319	-0.020111 0.047644  0.839159
21.94629669	320	-0.025139 0.039504  0.834610
21.95145988	319	-0.026815 0.045250  0.841314
21.95660400	317	-0.028012 0.040222  0.829822
21.96176338	316	-0.036391 0.045489  0.838441
21.96692085	317	-0.030167 0.047405  0.830061
21.97207260	317	-0.023463 0.050996  0.830061
21.97722434	318	-0.026097 0.046208  0.831258
21.98238372	317	-0.027054 0.041419  0.835089
21.98753166	319	-0.028970 0.047884  0.842750
21.99267578	319	-0.031124 0.045250  0.843229
21.99781990	317	-0.037828 0.044053  0.840117
22.00296401	318	-0.030885 0.043813  0.844187
22.00811958	320	-0.033758 0.044771  0.840117
22.01326370	320	-0.033279 0.042856  0.855200
22.01840782	318	-0.028491 0.042138  0.851369
22.02356719	320	-0.037110 0.042377  0.844905
22.02872848	318	-0.033997 0.037589  0.860228
22.03388786	321	-0.034476 0.041659  0.853764
22.03903961	322	-0.028251 0.034955  0.863101
22.04418754	323	-0.028491 0.038786  0.868129
22.04934310	323	-0.034237 0.042856  0.879381
22.05449676	325	-0.029448 0.040940  0.886803
22.05964469	323	-0.023463 0.038307  0.881776
22.06480407	327	-0.031603 0.039504  0.888958
22.06994819	327	-0.028491 0.038546  0.898774
22.07510375	326	-0.028012 0.039265  0.898774
22.08027267	327	-0.028730 0.032082  0.904520
22.08542060	330	-0.024421 0.033040  0.927983
22.09057617	329	-0.025378 0.032321  0.933490
22.09573173	333	-0.022266 0.034955  0.929180
22.10089683	335	-0.023463 0.031124  0.945700
22.10606002	332	-0.025139 0.030406  0.950249
22.11120796	336	-0.024181 0.036631  0.952164
22.11637687	336	-0.023463 0.036631  0.969402
22.12153244	338	-0.019872 0.034237  0.974909
22.12668418	338	-0.029209 0.031364  0.985683
22.13184356	341	-0.018914 0.033040  1.001006
22.13698768	342	-0.026097 0.033518  1.000527
22.14213180	344	-0.025618 0.034476  1.012498
22.14728736	344	-0.026097 0.029209  1.024229
22.15243911	346	-0.032082 0.025857  1.032609
22.15760040	350	-0.026575 0.031124  1.032848
22.16275215	351	-0.030885 0.037828  1.056790
22.16789245	352	-0.033997 0.029688  1.064212
22.17304801	355	-0.038786 0.034955  1.072592
22.17819976	357	-0.037110 0.038786  1.082408
22.18334770	355	-0.045011 0.035913  1.089830
22.18849182	358	-0.039743 0.033758  1.101561
22.19364738	360	-0.043095 0.036152  1.113532
22.19879150	361	-0.046926 0.032321  1.126700
22.20393562	365	-0.049081 0.035434  1.135798
22.20909118	366	-0.049799 0.036870  1.148247
22.21423530	370	-0.047884 0.040462  1.159740
22.21939277	370	-0.046686 0.035194  1.166922
22.22455978	373	-0.051714 0.034716  1.176020
22.22972488	377	-0.042856 0.037110  1.186794
22.23489189	379	-0.050038 0.036152  1.196610
22.24004745	382	-0.045968 0.032321  1.202116
22.24521636	382	-0.046447 0.034476  1.210496
22.25037956	385	-0.051714 0.033040  1.230128
22.25553512	387	-0.047644 0.033758  1.241142
22.26070022	388	-0.045011 0.033279  1.253352
22.26585197	395	-0.046208 0.033040  1.252634
22.27101135	396	-0.047405 0.028970  1.270590
22.27617263	397	-0.042616 0.028970  1.279448
22.28132057	401	-0.050038 0.025378  1.290222
22.28646850	403	-0.043574 0.026575  1.290701
22.29162788	408	-0.039025 0.023224  1.294292
22.29677963	406	-0.035913 0.018196  1.306503
##inga 
#ido(sec)  szog(ADC)     ax(g)    ay(g)   az(g)
22.30247116	409	-0.039265 0.019872  1.326614
22.30776405	413	-0.038546 0.013886  1.320868
22.31303215	416	-0.038067 0.016520  1.338106
22.31829261	415	-0.033279 0.011731  1.343373
22.32343673	419	-0.032800 0.015083  1.359414
22.32859230	423	-0.033758 0.019393  1.362287
22.33374023	426	-0.031364 0.017238  1.363723
22.33888053	426	-0.030167 0.009577  1.377849
22.34403991	431	-0.037828 0.013407  1.374737
22.34919166	432	-0.037828 0.016520  1.389102
22.35433959	436	-0.039265 0.010295  1.382398
22.35949516	437	-0.035673 0.007183  1.392454
22.36465263	442	-0.033997 0.014844  1.401791
22.36980438	447	-0.044771 0.009098  1.402988
22.37494468	448	-0.041419 0.018435  1.406100
22.38008308	449	-0.040462 0.008140  1.420465
22.38523292	453	-0.042616 0.016520  1.419268
22.39038085	454	-0.052911 0.021069  1.407776
22.39554405	458	-0.046926 0.012929  1.421423
22.40070343	457	-0.054108 0.013168  1.421184
22.40587615	462	-0.057939 0.008858  1.419747
22.41103172	464	-0.055545 0.015083  1.422381
22.41620063	466	-0.067755 0.025378  1.430760
22.42136001	469	-0.064643 0.018435  1.430760
22.42652320	473	-0.060812 0.010534  1.429803
22.43169975	475	-0.059615 0.015562  1.428366
22.43685913	479	-0.065122 0.022266  1.420226
22.44203186	482	-0.061770 0.012210  1.424536
22.44717979	485	-0.062249 0.006464  1.429324
22.45233917	489	-0.063685 0.004310  1.433633
22.45748710	492	-0.067516 0.021308  1.431239
22.46263122	496	-0.072065 0.019393  1.428606
22.46778488	498	-0.072065 0.009577  1.426690
22.47292709	503	-0.064164 0.011253  1.424057
22.47808837	505	-0.071825 0.014844  1.414480
22.48323631	504	-0.064643 0.010295  1.401312
22.48839187	508	-0.066319 0.008858  1.397960
22.49354362	510	-0.069671 0.005985  1.401312
22.49869155	512	-0.064882 0.008380  1.394129
22.50384330	519	-0.065122 0.008380  1.391975
22.50900077	522	-0.061770 -0.002155  1.380243
22.51420021	525	-0.065600 -0.001437  1.377131
22.51938819	527	-0.058418 -0.006704  1.372821
22.52458763	528	-0.056742 0.005507  1.365160
22.52973937	532	-0.052911 -0.001915  1.354865
22.53494071	535	-0.056024 -0.003112  1.344570
22.54014396	538	-0.050038 -0.012450  1.350077
22.54534339	537	-0.047644 0.000718  1.334754
22.55049514	542	-0.048841 -0.009337  1.326614
22.55570411	543	-0.051475 -0.009816  1.317276
22.56089973	548	-0.041659 -0.016041  1.314882
22.56609916	549	-0.045250 -0.014604  1.309376
22.57130050	548	-0.045489 -0.014844  1.294532
22.57649993	553	-0.035434 -0.009816  1.279448
22.58170318	557	-0.042138 -0.018914  1.285194
22.58690834	558	-0.047884 -0.017956  1.272505
22.59211158	561	-0.047884 -0.007661  1.255028
22.59731292	564	-0.052911 -0.015562  1.246648
22.60251998	568	-0.046208 -0.023224  1.240423
22.60773277	570	-0.056503 -0.012210  1.226537
22.61293220	573	-0.058179 -0.015323  1.209538
22.61814880	572	-0.056263 -0.014126  1.195173
22.62334823	576	-0.055784 -0.012450  1.195413
22.62854766	579	-0.062488 -0.010774  1.168359
22.63373947	578	-0.066079 -0.009816  1.169556
22.63894081	580	-0.069192 -0.007422  1.165964
22.64413642	583	-0.064403 -0.011731  1.158782
22.64933967	585	-0.070868 -0.013168  1.150163
22.65453147	587	-0.073980 -0.001437  1.136755
22.65973281	590	-0.074938 -0.008619  1.118081
22.66493225	591	-0.075417 -0.004070  1.120475
22.67013931	592	-0.072065 -0.014126  1.110180
22.67534065	593	-0.077093 -0.013886  1.090787
22.68054389	592	-0.074459 -0.003352  1.085041
22.68575286	597	-0.072065 -0.008858  1.068761
22.69095611	601	-0.076135 -0.005985  1.058705
22.69615554	601	-0.080444 -0.011253  1.052720
22.70133972	602	-0.078529 -0.009816  1.040988
22.70654487	605	-0.075177 -0.010295  1.030933
22.71174049	607	-0.070389 -0.012929  1.028060
22.71693229	608	-0.067755 -0.018196  1.020159
22.72212409	611	-0.074698 -0.013407  1.007470
22.72731971	612	-0.067516 -0.008140  0.996935
22.73252868	610	-0.063925 -0.020111  0.993823
22.73773193	615	-0.062488 -0.013647  0.984486
22.74293136	617	-0.060094 -0.021069  0.975388
22.74814414	618	-0.056742 -0.018914  0.961981
22.75335693	618	-0.060333 -0.027054  0.956953
22.75856018	619	-0.053390 -0.025139  0.953601
22.76375961	619	-0.058897 -0.019872  0.945700
22.76895141	620	-0.057460 -0.015562  0.937560
22.77415275	623	-0.058179 -0.024181  0.925589
22.77935218	623	-0.050757 -0.027533  0.918646
22.78455162	621	-0.051954 -0.027054  0.917449
22.78975677	623	-0.052432 -0.025378  0.912421
22.79496765	627	-0.048123 -0.027294  0.908830
22.80016708	627	-0.045489 -0.027294  0.896619
22.80537605	628	-0.051954 -0.029688  0.890634
22.81058311	629	-0.052911 -0.023942  0.877227
22.81579589	628	-0.053390 -0.030885  0.887282
22.82099914	629	-0.056024 -0.016280  0.882254
##inga 
#ido(sec)  szog(ADC)     ax(g)    ay(g)   az(g)
22.82673263	629	-0.057939 -0.022505  0.875551
22.83201217	630	-0.055306 -0.026097  0.867171
22.83730316	631	-0.059615 -0.026097  0.872438
22.84258079	631	-0.056024 -0.026575  0.865256
22.84778022	629	-0.056981 -0.032321  0.867650
22.85297203	632	-0.061770 -0.014604  0.859031
22.85817146	632	-0.064164 -0.026575  0.871002
22.86337661	633	-0.062967 -0.022505  0.858313
22.86857604	631	-0.063685 -0.016759  0.853045
22.87377929	632	-0.067995 -0.019632  0.859270
22.87898826	632	-0.067755 -0.011253  0.871959
22.88418769	632	-0.070149 -0.018196  0.855918
22.88939666	632	-0.065361 -0.019872  0.851609
22.89461135	633	-0.070868 -0.013647  0.866932
22.89981651	632	-0.063446 -0.017956  0.860946
22.90501213	633	-0.071825 -0.014365  0.859510
22.91021537	632	-0.072544 -0.011971  0.863101
22.91542053	632	-0.073741 -0.018196  0.871481
22.92061996	632	-0.072304 -0.016041  0.869086
22.92581558	631	-0.066798 -0.016759  0.868129
22.93101119	628	-0.067276 -0.013886  0.877945
22.93620872	628	-0.069910 -0.013647  0.877466
22.94141960	629	-0.064403 -0.011731  0.882973
22.94662857	628	-0.068713 -0.011013  0.891592
22.95182800	628	-0.059136 -0.013886  0.899493
22.95704078	627	-0.060333 -0.016520  0.890634
22.96225166	627	-0.058657 -0.016999  0.904281
22.96744346	623	-0.054348 -0.017717  0.910506
22.97264862	625	-0.057700 -0.018435  0.916731
22.97785186	625	-0.051714 -0.016759  0.914336
22.98304748	623	-0.053151 -0.019393  0.912660
22.98824882	622	-0.048362 -0.020829  0.926307
22.99344825	620	-0.050517 -0.016280  0.940912
22.99864768	619	-0.047884 -0.015802  0.943066
23.00384712	618	-0.051954 -0.023702  0.947615
23.00904846	615	-0.050278 -0.017956  0.961741
23.01425170	615	-0.047884 -0.014844  0.965332
23.01945114	613	-0.051475 -0.016041  0.981134
23.02466011	611	-0.052911 -0.019632  0.983289
23.02985954	608	-0.051235 -0.012450  0.988077
23.03505134	608	-0.047884 -0.013647  1.000048
23.04025650	609	-0.055545 -0.017238  1.002681
23.04545211	607	-0.051235 -0.017477  1.018962
23.05064773	606	-0.052911 -0.013407  1.019201
23.05584335	601	-0.059136 -0.010774  1.041707
23.06104469	602	-0.059376 -0.011253  1.044101
23.06624794	597	-0.062249 -0.012929  1.068761
23.07145118	593	-0.064164 -0.008619  1.055832
23.07665634	593	-0.069671 0.002873  1.080732
23.08181190	592	-0.057939 -0.005746  1.084323
23.08702468	590	-0.070628 -0.000239  1.101561
23.09222412	588	-0.066079 -0.002394  1.108983
23.09743690	589	-0.072304 -0.007901  1.111617
23.10263252	589	-0.073262 -0.001676  1.131728
23.10782814	586	-0.070628 -0.002634  1.135798
23.11301994	586	-0.069431 0.000000  1.148008
23.11812400	583	-0.074698 -0.005267  1.160458
23.12332344	578	-0.068234 -0.000958  1.165007
23.12851905	578	-0.066798 0.002394  1.188709
23.13366889	573	-0.060812 0.000479  1.186076
23.13881111	574	-0.067516 -0.005507  1.193019
23.14400863	572	-0.061052 0.001915  1.212651
23.14915657	570	-0.052432 0.002634  1.220552
23.15431976	567	-0.062488 0.000239  1.212890
23.15946769	566	-0.049799 -0.001197  1.231325
23.16467285	560	-0.053869 0.001437  1.254310
23.16983604	558	-0.055066 -0.000958  1.254070
23.17503547	555	-0.053630 -0.002634  1.266520
23.18024444	555	-0.054587 -0.007901  1.265083
23.18545913	552	-0.048362 -0.003352  1.279688
23.19066047	549	-0.049799 0.000479  1.295489
23.19580459	546	-0.045968 -0.004070  1.297165
23.20100021	541	-0.039743 -0.003831  1.319671
23.20619964	541	-0.053151 -0.001676  1.310333
23.21139526	538	-0.050757 -0.002634  1.330923
23.21659660	537	-0.042138 -0.001676  1.327811
23.22179985	535	-0.049320 0.001437  1.346485
23.22695541	531	-0.043574 -0.004549  1.337148
23.23215675	527	-0.041659 0.005028  1.359414
23.23731613	526	-0.051714 0.004788  1.353668
23.24248313	522	-0.056024 0.007661  1.360132
23.24763679	520	-0.054827 0.006464  1.363484
23.25279617	518	-0.049081 0.002873  1.377370
23.25795555	512	-0.046208 -0.000718  1.375694
23.26315689	510	-0.056024 0.006225  1.382159
23.26832008	508	-0.047644 0.010534  1.391257
23.27346801	503	-0.053869 0.010056  1.399636
23.27862739	504	-0.049799 0.011492  1.385750
23.28377532	503	-0.050996 0.007183  1.398678
23.28893280	500	-0.049320 0.011253  1.405861
23.29408454	495	-0.054587 0.013886  1.402749
23.29924392	492	-0.056981 0.021069  1.407058
23.30440330	490	-0.057939 0.014844  1.418311
23.30955123	486	-0.055784 0.018196  1.416635
23.31469917	480	-0.059854 0.019153  1.405143
23.31985664	479	-0.060573 0.022026  1.418311
23.32501602	476	-0.057939 0.022984  1.420944
23.33016395	473	-0.057221 0.016041  1.412565
23.33530807	472	-0.063925 0.020590  1.418790
23.34045219	466	-0.057221 0.025139  1.425014
23.34560775	463	-0.060094 0.021548  1.422860
##inga 
#ido(sec)  szog(ADC)     ax(g)    ay(g)   az(g)
23.35128784	462	-0.057460 0.025857  1.419747
23.35656738	459	-0.058657 0.026815  1.410410
23.36183929	455	-0.061770 0.032561  1.410410
23.36710357	452	-0.058418 0.028012  1.411368
23.37225532	449	-0.055066 0.030645  1.414241
23.37740707	448	-0.058418 0.020829  1.396045
23.38255691	448	-0.050757 0.027294  1.410889
23.38771247	446	-0.054348 0.017477  1.386468
23.39286804	442	-0.047644 0.024660  1.384792
23.39802360	439	-0.045250 0.020590  1.385989
23.40318489	435	-0.044053 0.020111  1.380004
23.40834045	430	-0.037110 0.024181  1.374258
23.41351509	431	-0.042856 0.031843  1.376173
23.41868400	428	-0.038307 0.017238  1.373540
23.42385292	425	-0.042138 0.020111  1.363245
23.42901229	421	-0.034955 0.018196  1.347204
23.43417930	420	-0.037110 0.018435  1.344331
23.43935203	417	-0.029209 0.021069  1.342176
23.44451522	410	-0.030885 0.022745  1.330444
23.44967651	411	-0.033040 0.026097  1.316319
23.45483970	408	-0.031843 0.020590  1.316558
23.45999145	408	-0.030167 0.019393  1.304587
23.46513938	406	-0.029927 0.026575  1.295011
23.47030067	402	-0.032561 0.024421  1.289983
23.47545623	401	-0.026575 0.030167  1.277054
23.48060798	400	-0.031364 0.024660  1.272745
23.48575592	394	-0.033758 0.031843  1.257901
23.49091148	393	-0.033518 0.031364  1.256704
23.49606323	391	-0.037828 0.028970  1.255267
23.50120735	388	-0.031603 0.031124  1.234917
23.50634765	386	-0.030645 0.038067  1.231804
23.51149559	384	-0.033997 0.030406  1.217918
23.51664733	382	-0.033279 0.029688  1.211693
23.52179908	378	-0.035194 0.031603  1.193497
23.52695274	378	-0.033758 0.040222  1.183202
23.53210067	374	-0.034476 0.036391  1.185836
23.53726005	372	-0.037589 0.032082  1.185597
23.54241561	369	-0.034237 0.036391  1.163810
23.54757118	365	-0.041419 0.040462  1.142501
23.55274391	364	-0.035673 0.035434  1.133404
23.55789947	364	-0.030645 0.039504  1.133164
23.56307220	362	-0.038546 0.041180  1.115208
23.56822776	359	-0.041898 0.038067  1.109222
23.57338333	358	-0.037589 0.040940  1.103716
23.57854461	357	-0.041659 0.042138  1.094618
23.58371543	352	-0.040462 0.043335  1.080971
23.58887290	351	-0.042616 0.039504  1.067803
23.59402847	352	-0.043095 0.038067  1.055593
23.59918785	349	-0.041180 0.042616  1.054156
23.60434341	348	-0.043095 0.040701  1.034524
23.60949516	346	-0.041419 0.046447  1.025426
23.61465644	344	-0.037110 0.046447  1.022553
23.61980438	343	-0.045011 0.041659  1.014892
23.62495994	342	-0.036870 0.042856  1.000766
23.63011169	341	-0.036152 0.047884  0.985683
23.63525581	340	-0.038546 0.047884  0.999808
23.64040374	338	-0.037828 0.044771  0.987838
23.64554786	336	-0.040462 0.045011  0.964375
23.65070343	335	-0.031843 0.043813  0.958150
23.65584754	333	-0.031603 0.038786  0.949291
23.66099929	333	-0.022266 0.036391  0.945221
23.66615104	333	-0.025857 0.043095  0.944503
23.67129135	332	-0.023942 0.039983  0.923195
23.67643928	330	-0.025139 0.034476  0.920561
23.68157958	328	-0.020351 0.034237  0.907393
23.68672370	327	-0.023224 0.038546  0.910266
23.69186782	326	-0.016999 0.040701  0.902605
23.69701194	326	-0.011253 0.032800  0.897098
23.70216369	323	-0.013647 0.038307  0.888000
23.70732879	324	-0.016280 0.039025  0.879860
23.71248435	322	-0.020351 0.035194  0.881057
23.71764373	324	-0.016759 0.037589  0.869805
23.72279930	324	-0.018196 0.040462  0.878424
23.72796821	324	-0.021308 0.035434  0.860467
23.73313522	322	-0.018914 0.040222  0.861186
23.73829650	322	-0.018196 0.038307  0.861904
23.74345970	322	-0.021787 0.037349  0.850172
23.74861145	321	-0.027772 0.043574  0.865495
23.75378417	319	-0.028012 0.038786  0.842750
23.75893592	321	-0.028491 0.040222  0.843469
23.76409530	321	-0.026097 0.048602  0.850172
23.76923942	321	-0.031603 0.041419  0.843708
23.77439117	320	-0.032800 0.041180  0.836526
23.77953910	321	-0.025378 0.050038  0.851130
23.78468322	320	-0.032082 0.044292  0.842750
23.78983688	319	-0.038786 0.045968  0.841793
23.79499244	318	-0.034237 0.046926  0.851609
23.80013656	321	-0.035913 0.044532  0.837723
23.80529594	320	-0.031364 0.045968  0.843469
23.81044387	320	-0.036870 0.046447  0.846102
23.81558799	321	-0.035913 0.047405  0.849694
23.82074356	322	-0.037828 0.045729  0.848497
23.82590484	322	-0.035434 0.041898  0.849933
23.83105278	322	-0.036631 0.040701  0.849215
23.83620834	323	-0.033758 0.049559  0.858552
23.84136009	324	-0.038546 0.043095  0.860946
23.84651947	323	-0.029688 0.042377  0.879621
23.85168838	325	-0.040462 0.038067  0.871481
23.85685157	325	-0.030645 0.039504  0.866213
23.86202049	326	-0.033758 0.041898  0.874593
23.86719131	328	-0.032800 0.041419  0.876987
##inga 
#ido(sec)  szog(ADC)     ax(g)    ay(g)   az(g)
23.87288856	329	-0.028491 0.042377  0.893268
23.87816047	328	-0.024181 0.039983  0.892070
23.88342857	328	-0.029448 0.041180  0.902126
23.88868713	330	-0.023224 0.040462  0.902365
23.89385223	329	-0.030406 0.038786  0.910027
23.89901161	332	-0.024421 0.038786  0.913858
23.90418434	334	-0.023463 0.029448  0.926786
23.90935134	333	-0.021069 0.035673  0.930377
23.91451644	333	-0.017477 0.035913  0.951925
23.91968345	335	-0.024899 0.029927  0.955277
23.92484855	338	-0.025618 0.028970  0.950249
23.93000030	340	-0.028970 0.035673  0.963417
23.93514823	340	-0.020590 0.032800  0.967726
23.94028472	341	-0.021069 0.032321  0.983767
23.94544029	344	-0.020829 0.031364  0.985443
23.95059204	345	-0.029927 0.035194  0.991908
23.95574378	347	-0.028012 0.033518  1.012498
23.96089553	346	-0.025857 0.032561  1.014652
23.96604347	350	-0.028012 0.028012  1.022793
23.97120857	351	-0.032800 0.039743  1.030215
23.97636032	351	-0.035913 0.031843  1.040988
23.98151588	352	-0.037589 0.038786  1.058945
23.98667144	356	-0.033518 0.032082  1.066127
23.99182891	355	-0.035194 0.041898  1.071394
23.99697113	355	-0.038546 0.033518  1.089111
24.00212860	358	-0.034237 0.030406  1.091745
24.00727653	362	-0.039504 0.035673  1.100125
24.01243209	362	-0.042616 0.029448  1.112095
24.01758384	366	-0.036391 0.035194  1.124066
24.02274322	369	-0.045489 0.037828  1.140347
24.02790832	370	-0.041180 0.037349  1.142501
24.03307151	372	-0.047644 0.031124  1.153754
24.03824043	376	-0.051714 0.039743  1.162134
24.04339981	378	-0.048602 0.037828  1.170992
24.04856872	381	-0.042377 0.036391  1.185597
24.05373191	383	-0.051954 0.037589  1.194216
24.05888366	384	-0.045729 0.032082  1.205229
24.06405258	387	-0.051954 0.033279  1.208102
24.06920814	387	-0.048602 0.027772  1.222946
24.07435607	390	-0.048362 0.033997  1.231804
24.07951164	395	-0.045250 0.032561  1.240663
24.08465957	394	-0.052193 0.029209  1.251197
24.08980369	398	-0.041180 0.037110  1.261253
24.09495162	402	-0.049081 0.030167  1.267238
24.10011291	403	-0.043574 0.027294  1.277773
24.10526084	406	-0.042138 0.023463  1.286870
24.11040306	409	-0.045489 0.020590  1.287349
24.11556053	410	-0.038307 0.018435  1.301714
24.12071228	412	-0.034476 0.018914  1.309854
24.12586402	414	-0.037828 0.020351  1.324938
24.13103294	417	-0.031843 0.020111  1.332360
24.13618469	419	-0.032800 0.018675  1.329247
24.14134025	421	-0.033758 0.012929  1.338585
24.14650344	426	-0.033997 0.011492  1.346964
24.15165138	426	-0.031843 0.006464  1.354147
24.15681266	430	-0.033758 0.011731  1.357977
24.16197586	432	-0.033279 0.016041  1.369230
24.16713905	435	-0.033518 0.016041  1.378807
24.17230796	436	-0.039265 0.014126  1.380483
24.17747688	438	-0.038067 0.009577  1.375694
24.18264389	442	-0.041659 0.006943  1.390538
24.18781661	448	-0.042616 0.006464  1.391257
24.19298744	449	-0.037589 0.014365  1.400354
24.19814872	450	-0.050038 0.009816  1.402030
24.20329666	452	-0.057221 0.012450  1.394129
24.20845222	457	-0.053630 0.014365  1.399636
24.21360778	457	-0.051714 0.022266  1.405143
24.21876335	459	-0.058418 0.020590  1.408495
24.22391128	463	-0.054108 0.011731  1.406579
24.22905921	464	-0.066079 0.013168  1.407537
24.23420715	466	-0.061770 0.016759  1.414241
24.23935127	472	-0.063925 0.019153  1.412565
24.24450492	472	-0.065600 0.016280  1.407058
24.24965286	477	-0.069431 0.013886  1.413762
24.25480842	478	-0.064643 0.017717  1.419747
24.25995635	483	-0.073022 0.014126  1.412804
24.26510810	485	-0.063206 0.012689  1.408016
24.27026367	488	-0.070389 0.006943  1.417114
24.27540779	494	-0.066798 0.012929  1.408973
24.28055572	496	-0.070389 0.019153  1.391975
24.28571510	498	-0.070868 0.016759  1.395805
24.29086875	501	-0.060812 0.010056  1.395327
24.29601287	503	-0.065600 0.007901  1.399876
24.30116462	503	-0.063925 0.012450  1.391975
24.30631637	509	-0.065840 0.006704  1.387186
24.31147193	509	-0.061770 0.008858  1.377849
24.31662750	514	-0.064403 0.005746  1.377370
24.32179260	518	-0.061770 -0.002394  1.367794
24.32699584	520	-0.063446 0.007661  1.361808
24.33216476	523	-0.064882 0.000000  1.360850
24.33728027	526	-0.058897 -0.004549  1.354626
24.34249114	528	-0.057939 -0.007661  1.347922
24.34769630	529	-0.062249 -0.005267  1.336430
24.35289192	533	-0.052911 -0.007422  1.340979
24.35809516	536	-0.048841 -0.009816  1.332360
24.36328315	538	-0.050278 -0.001437  1.317995
24.36847686	542	-0.050278 -0.011253  1.307939
24.37366485	541	-0.044292 -0.011013  1.310333
24.37886047	545	-0.045011 -0.009098  1.294292
24.38405609	549	-0.046447 -0.020111  1.291659
24.38925170	551	-0.044532 -0.014844  1.278012
##inga 
#ido(sec)  szog(ADC)     ax(g)    ay(g)   az(g)
24.39500045	550	-0.051235 -0.018675  1.272745
24.40027236	555	-0.049799 -0.013407  1.269153
24.40554428	559	-0.055066 -0.014844  1.245451
24.41082000	560	-0.045729 -0.019632  1.252155
24.41603279	561	-0.046208 -0.018196  1.241381
24.42122840	567	-0.048602 -0.012210  1.230368
24.42644309	568	-0.056503 -0.020111  1.214327
24.43165588	571	-0.055784 -0.018435  1.216003
24.43685913	574	-0.054108 -0.014844  1.202116
24.44205284	575	-0.056024 -0.012929  1.179851
24.44724464	576	-0.056503 -0.011492  1.191343
24.45243644	579	-0.067276 -0.007661  1.165725
24.45763206	581	-0.063446 -0.017477  1.159261
24.46282768	583	-0.069671 -0.012450  1.153036
24.46802711	584	-0.066558 -0.007901  1.140107
24.47322463	587	-0.070149 -0.005985  1.130052
24.47842025	588	-0.069671 -0.007183  1.109701
24.48362731	590	-0.073262 -0.009816  1.102519
24.48883628	591	-0.080444 -0.002394  1.097012
24.49404335	592	-0.079247 -0.004310  1.093900
24.49924468	591	-0.087148 0.001915  1.076422
24.50440406	594	-0.077571 -0.007183  1.066367
24.50960731	596	-0.074459 -0.001915  1.060621
24.51479911	601	-0.083317 -0.008140  1.055832
24.52000427	600	-0.081641 -0.008858  1.044580
24.52520370	602	-0.084275 -0.005985  1.031651
24.53040313	603	-0.076614 -0.012450  1.036439
24.53560447	604	-0.078290 -0.012450  1.020159
24.54080772	607	-0.076135 -0.009577  1.000287
24.54600334	607	-0.077093 -0.013407  0.990950
24.55120468	611	-0.069431 -0.014844  0.994302
24.55640411	609	-0.071107 -0.011731  0.981373
24.56160354	612	-0.072304 -0.013886  0.978740
24.56680488	615	-0.062967 -0.012689  0.962699
24.57200813	617	-0.068713 -0.025139  0.957431
24.57720756	616	-0.057460 -0.025618  0.949770
24.58241271	616	-0.052672 -0.032082  0.941630
24.58760833	616	-0.048602 -0.030885  0.948334
24.59280776	619	-0.045729 -0.019872  0.925350
24.59800720	620	-0.052911 -0.021787  0.921519
24.60321617	622	-0.044053 -0.025857  0.922477
24.60841560	620	-0.046447 -0.027294  0.914097
24.61362838	622	-0.046926 -0.033997  0.906436
24.61883926	623	-0.048362 -0.030406  0.897338
24.62403678	624	-0.044292 -0.031124  0.897098
24.62924003	624	-0.048841 -0.031124  0.892549
24.63444328	626	-0.047165 -0.033518  0.883451
24.63964843	627	-0.045489 -0.034476  0.885127
24.64484786	627	-0.051714 -0.032800  0.882015
24.65004730	625	-0.046208 -0.035194  0.878184
24.65524864	628	-0.050038 -0.026097  0.873635
24.66044425	629	-0.055784 -0.022745  0.867410
24.66563987	627	-0.057460 -0.023942  0.863101
24.67083930	629	-0.061530 -0.026097  0.866932
24.67604827	630	-0.065840 -0.030645  0.863340
24.68124771	628	-0.061770 -0.024181  0.867410
24.68644714	630	-0.064882 -0.018675  0.877227
24.69165611	629	-0.066798 -0.011253  0.866213
24.69687271	628	-0.067995 -0.015562  0.864059
24.70207595	629	-0.075177 -0.011731  0.863340
24.70727157	628	-0.071107 -0.015802  0.870523
24.71248054	628	-0.076135 -0.010056  0.866692
24.71767234	628	-0.084993 -0.010056  0.862143
24.72287178	629	-0.075177 -0.005507  0.871241
24.72806739	630	-0.079726 -0.007901  0.879381
24.73326492	630	-0.074938 -0.005507  0.863340
24.73845291	628	-0.075656 -0.007661  0.884649
24.74365234	629	-0.073980 -0.008140  0.891352
24.74885559	628	-0.073741 -0.010774  0.890873
24.75405120	627	-0.073741 -0.008380  0.881057
24.75925636	625	-0.067276 -0.005985  0.885846
24.76447105	626	-0.070628 -0.004310  0.888479
24.76967239	626	-0.069192 -0.013407  0.893746
24.77486801	624	-0.071346 -0.012929  0.901408
24.78005981	621	-0.066079 -0.011253  0.904520
24.78524398	620	-0.064643 -0.011971  0.909787
24.79043579	621	-0.059376 -0.011971  0.914576
24.79563140	620	-0.060094 -0.015802  0.928941
24.80082893	619	-0.057221 -0.012689  0.924871
24.80602455	617	-0.054827 -0.023224  0.942588
24.81123542	616	-0.053390 -0.015323  0.943066
24.81643676	616	-0.054827 -0.020351  0.946418
24.82164001	614	-0.045968 -0.016280  0.955516
24.82684326	611	-0.042377 -0.021548  0.964614
24.83205986	609	-0.046208 -0.019872  0.967726
24.83725547	611	-0.046926 -0.016999  0.985443
24.84246063	608	-0.038786 -0.019872  0.989035
24.84765625	605	-0.036391 -0.016041  0.998372
24.85285186	606	-0.046447 -0.020111  1.005076
24.85805511	605	-0.047165 -0.020351  1.020398
24.86325645	603	-0.047405 -0.018675  1.022074
24.86845588	600	-0.048362 -0.019632  1.032609
24.87365150	599	-0.048602 -0.013407  1.039312
24.87885665	596	-0.047884 -0.010295  1.062296
24.88405990	594	-0.054348 -0.015323  1.058705
24.88925552	592	-0.048362 -0.009816  1.069240
24.89446449	590	-0.053869 -0.016759  1.081210
24.89966773	591	-0.061052 -0.005746  1.081929
24.90485954	590	-0.059136 -0.007183  1.101082
24.91006088	589	-0.065122 -0.006464  1.102998
24.91526412	587	-0.068952 0.001197  1.114250
##inga 
#ido(sec)  szog(ADC)     ax(g)    ay(g)   az(g)
24.92093658	586	-0.067037 -0.002873  1.134361
24.92621231	582	-0.069192 -0.002155  1.152318
24.93152809	580	-0.068952 0.002634  1.142980
24.93679237	579	-0.068473 0.002873  1.157824
24.94194793	577	-0.067516 0.002634  1.163331
24.94708824	575	-0.074698 0.004310  1.174583
24.95222854	573	-0.075895 0.004549  1.184639
24.95738792	570	-0.083796 0.010534  1.190624
24.96253204	570	-0.074459 0.015083  1.193976
24.96769142	566	-0.073501 0.009337  1.212651
24.97283554	564	-0.070868 0.004788  1.221270
24.97797966	562	-0.072783 0.008140  1.238029
24.98312377	558	-0.075656 0.006704  1.238747
24.98828315	555	-0.066079 0.005746  1.244493
24.99344444	552	-0.071346 0.008380  1.263407
24.99860000	548	-0.060333 0.008380  1.258859
25.00374794	550	-0.058657 0.002394  1.274660
25.00890731	547	-0.057700 0.005507  1.285913
25.01404380	543	-0.062967 0.002634  1.303869
25.01920318	541	-0.053390 0.001437  1.298841
25.02436447	539	-0.048841 -0.001915  1.308179
25.02956008	537	-0.051714 0.007183  1.315122
25.03472328	536	-0.044053 0.002634  1.317755
25.03987693	531	-0.041898 -0.003591  1.317037
25.04508399	529	-0.043574 0.002634  1.338824
25.05023574	526	-0.041898 0.001915  1.341936
25.05538749	523	-0.037349 0.002394  1.348640
25.06053161	523	-0.036152 0.000239  1.346007
25.06568336	519	-0.041659 -0.004070  1.360850
25.07088088	513	-0.035913 0.000239  1.363484
25.07602310	509	-0.038307 -0.000479  1.370667
25.08122062	507	-0.032321 -0.005985  1.372103
25.08641242	506	-0.034955 0.000000  1.371145
25.09152793	502	-0.036152 0.002873  1.378567
25.09668350	502	-0.031843 0.003831  1.388144
25.10183525	501	-0.033758 0.000239  1.383116
25.10698318	494	-0.040462 -0.001676  1.393890
25.11217117	492	-0.040222 0.000718  1.392932
25.11733627	490	-0.045250 0.007422  1.397003
25.12249946	488	-0.051714 0.013647  1.404185
25.12766838	484	-0.052193 0.013407  1.398439
25.13282012	480	-0.057939 0.014126  1.398200
25.13798332	474	-0.055784 0.019153  1.398678
25.14314079	475	-0.056024 0.017238  1.402749
25.14831161	473	-0.054827 0.017717  1.409213
25.15349578	470	-0.056263 0.021308  1.406579
25.15865135	465	-0.066558 0.025378  1.400354
25.16381645	464	-0.066798 0.032082  1.400594
25.16897201	461	-0.074698 0.024660  1.390778
25.17413520	459	-0.070149 0.029927  1.401073
25.17928886	452	-0.067516 0.031603  1.395327
25.18444824	450	-0.067995 0.031603  1.396763
25.18959617	450	-0.068713 0.034716  1.386708
25.19474792	449	-0.071346 0.041180  1.389341
25.19989204	447	-0.067276 0.036152  1.389341
25.20503616	445	-0.064882 0.030645  1.383356
25.21018028	441	-0.066319 0.036391  1.371145
25.21532821	438	-0.055784 0.035434  1.367554
25.22048377	435	-0.064164 0.032082  1.365160
25.22562789	432	-0.060573 0.033997  1.360850
25.23077201	429	-0.053869 0.031603  1.362526
25.23591613	428	-0.051235 0.033040  1.352471
25.24106025	425	-0.051235 0.027533  1.352471
25.24620437	422	-0.049081 0.020351  1.340500
25.25134849	419	-0.039983 0.025378  1.328768
25.25650405	418	-0.031843 0.022984  1.325417
25.26165199	416	-0.033997 0.022505  1.309854
25.26679611	410	-0.025139 0.023224  1.309376
25.27196311	411	-0.023224 0.017477  1.303151
25.27712821	409	-0.025378 0.018435  1.291180
25.28230094	404	-0.018675 0.018435  1.272027
25.28746795	403	-0.018914 0.013647  1.278012
25.29264068	402	-0.014844 0.017238  1.280645
25.29780387	398	-0.018435 0.023224  1.266759
25.30297279	398	-0.019632 0.025857  1.254310
25.30814361	394	-0.015562 0.021069  1.246409
25.31330871	390	-0.024660 0.017238  1.233001
25.31846809	389	-0.027533 0.023224  1.236593
25.32362747	388	-0.017477 0.028012  1.214566
25.32878494	385	-0.021308 0.028730  1.208820
25.33393287	384	-0.019393 0.027772  1.206665
25.33908081	381	-0.026336 0.028251  1.193976
25.34424018	380	-0.030406 0.032800  1.172908
25.34939193	376	-0.029209 0.025857  1.169556
25.35455131	374	-0.026815 0.028491  1.166204
25.35971260	371	-0.028730 0.029209  1.141544
25.36486434	368	-0.033040 0.034716  1.144417
25.37001228	368	-0.039504 0.037349  1.128855
25.37516784	367	-0.037349 0.036152  1.120954
25.38031959	364	-0.036631 0.037828  1.116165
25.38546371	360	-0.041659 0.037589  1.098449
25.39061164	357	-0.041180 0.035673  1.102279
25.39576721	357	-0.047884 0.044053  1.082886
25.40091133	355	-0.050757 0.040940  1.071873
25.40605926	356	-0.049799 0.047165  1.063494
25.41122436	352	-0.046926 0.048602  1.051044
25.41638755	352	-0.055066 0.044771  1.048650
25.42155647	351	-0.048841 0.052911  1.029496
25.42671585	347	-0.053630 0.048362  1.024469
25.43188476	345	-0.055545 0.046447  1.014413
25.43704414	345	-0.048841 0.053869  1.011779
##inga 
#ido(sec)  szog(ADC)     ax(g)    ay(g)   az(g)
25.44274711	341	-0.049799 0.049320  0.998851
25.44802093	341	-0.048123 0.047884  0.987119
25.45329284	341	-0.044532 0.048841  0.980894
25.45854759	338	-0.042616 0.047884  0.967008
25.46371269	337	-0.038786 0.046447  0.972994
25.46887588	338	-0.038786 0.036870  0.955756
25.47403144	336	-0.033997 0.044771  0.962459
25.47919654	335	-0.031124 0.041419  0.947855
25.48435974	335	-0.028970 0.043335  0.933729
25.48951530	333	-0.029448 0.034237  0.925110
25.49465942	333	-0.024181 0.030645  0.918406
25.49980354	331	-0.021308 0.033997  0.908830
25.50494766	332	-0.015802 0.032082  0.907633
25.51009941	330	-0.009577 0.034237  0.905717
25.51524353	330	-0.014365 0.030406  0.898535
25.52039146	327	-0.009098 0.037828  0.891831
25.52553939	325	-0.008858 0.031364  0.892549
25.53069686	328	-0.008140 0.030645  0.877945
25.53584861	326	-0.010534 0.032321  0.873157
25.54099655	325	-0.006943 0.032082  0.878903
25.54615592	325	-0.011971 0.030645  0.867650
25.55130386	324	-0.011731 0.026575  0.870044
25.55644798	325	-0.011013 0.028730  0.871959
25.56159210	324	-0.014365 0.034716  0.858313
25.56674003	324	-0.011492 0.035673  0.864538
25.57189178	324	-0.012689 0.035913  0.856876
25.57704353	323	-0.023463 0.034955  0.852567
25.58218765	323	-0.024899 0.036631  0.858313
25.58734321	322	-0.031603 0.045968  0.842990
25.59250068	322	-0.029688 0.040701  0.850172
25.59765625	324	-0.032321 0.045968  0.857115
25.60281944	324	-0.034476 0.044532  0.854003
25.60797119	323	-0.035194 0.044053  0.850172
25.61313247	323	-0.034955 0.049320  0.846102
25.61828804	324	-0.042616 0.048841  0.854482
25.62345504	322	-0.043813 0.052432  0.859031
25.62862777	322	-0.047405 0.052193  0.859031
25.63379287	323	-0.051714 0.045489  0.851848
25.63895988	323	-0.051954 0.050757  0.857834
25.64411926	325	-0.046447 0.047405  0.855679
25.64926719	325	-0.052193 0.054348  0.865974
25.65441131	324	-0.052672 0.046926  0.870044
25.65956306	329	-0.043574 0.046447  0.874832
25.66471290	329	-0.045729 0.050278  0.877945
25.66986083	329	-0.038307 0.042856  0.872917
25.67500877	328	-0.047644 0.041659  0.877945
25.68015289	330	-0.043095 0.039265  0.876748
25.68530464	331	-0.038067 0.050038  0.890873
25.69045639	331	-0.037349 0.040462  0.893986
25.69560432	333	-0.032321 0.044771  0.900450
25.70074844	333	-0.024421 0.034716  0.913858
25.70589256	332	-0.023702 0.033279  0.912421
25.71104812	333	-0.017477 0.034237  0.927744
25.71619987	335	-0.028251 0.029209  0.927025
25.72134017	337	-0.019393 0.031124  0.933969
25.72648429	336	-0.022745 0.034237  0.940433
25.73162841	338	-0.018675 0.030885  0.953122
25.73678398	338	-0.016999 0.025139  0.953122
25.74194335	340	-0.015802 0.028251  0.952643
25.74709510	339	-0.014844 0.030885  0.972275
25.75226020	344	-0.011253 0.019632  0.971797
25.75742721	346	-0.013647 0.022505  0.990711
25.76258850	348	-0.016999 0.030885  1.001724
25.76775550	349	-0.016999 0.023942  1.003160
25.77291679	349	-0.025139 0.027772  1.012258
25.77808380	350	-0.019632 0.032321  1.022074
25.78325271	353	-0.022026 0.031364  1.036679
25.78842353	353	-0.026815 0.032321  1.029736
25.79358863	356	-0.026336 0.027533  1.051762
25.79873657	355	-0.029927 0.027294  1.057508
25.80389595	358	-0.030885 0.033997  1.063972
25.80904769	357	-0.033997 0.034716  1.076422
25.81419563	358	-0.035434 0.035673  1.086717
25.81935119	363	-0.041180 0.030885  1.088872
25.82449913	366	-0.044532 0.035194  1.097252
25.82965660	367	-0.041898 0.036870  1.116644
25.83480072	369	-0.047884 0.037110  1.127179
25.83994483	371	-0.050278 0.036391  1.124066
25.84509658	374	-0.046926 0.036631  1.146093
25.85025596	375	-0.045729 0.032561  1.150402
25.85540008	380	-0.049799 0.038307  1.160697
25.86055183	382	-0.051235 0.033758  1.175302
25.86570358	379	-0.055066 0.036870  1.184639
25.87085533	382	-0.056742 0.042616  1.192061
25.87600708	387	-0.055066 0.028251  1.207384
25.88115692	389	-0.057221 0.038546  1.205708
25.88631629	391	-0.055545 0.033758  1.213608
25.89147949	395	-0.051475 0.040462  1.233480
25.89664077	395	-0.051954 0.033997  1.237550
25.90180015	399	-0.056024 0.035194  1.245212
25.90695571	400	-0.052193 0.031603  1.252394
25.91211128	405	-0.051954 0.037589  1.266280
25.91727256	407	-0.048362 0.033518  1.272745
25.92242813	408	-0.042138 0.027294  1.279209
25.92760086	409	-0.040462 0.025618  1.293574
25.93277168	412	-0.041659 0.024899  1.298362
25.93794059	414	-0.030885 0.014126  1.301714
25.94309997	418	-0.040701 0.016759  1.297165
25.94826316	418	-0.031364 0.010056  1.317516
25.95340347	419	-0.033279 0.009816  1.317995
25.95857238	422	-0.033518 0.016041  1.325895
##inga 
#ido(sec)  szog(ADC)     ax(g)    ay(g)   az(g)
25.96426010	425	-0.027054 0.013168  1.329966
25.96953582	429	-0.026336 0.010295  1.347443
25.97481918	432	-0.028012 0.001676  1.348640
25.98008346	434	-0.026815 0.013168  1.342176
25.98522758	435	-0.027533 0.003831  1.356302
25.99037933	437	-0.035913 0.006464  1.370667
25.99553108	443	-0.028012 0.004549  1.367794
26.00068473	448	-0.034237 0.011492  1.368272
26.00584030	449	-0.038307 0.009098  1.373779
26.01098442	451	-0.035434 0.008858  1.381201
26.01614379	453	-0.037828 0.003591  1.372582
26.02128410	457	-0.037828 0.011253  1.391017
26.02643966	457	-0.043813 0.009098  1.388144
26.03159523	459	-0.045011 0.011013  1.389581
26.03675651	462	-0.047405 0.010295  1.397721
26.04190444	462	-0.056503 0.021787  1.388862
26.04705619	466	-0.062967 0.017956  1.383116
26.05220413	470	-0.059854 0.017717  1.406579
26.05735588	472	-0.064882 0.012210  1.392932
26.06251907	475	-0.068713 0.023702  1.398918
26.06767272	476	-0.066319 0.022026  1.402030
26.07283592	480	-0.067995 0.018196  1.393651
26.07800483	483	-0.072304 0.016999  1.389102
26.08316040	487	-0.069671 0.007661  1.398439
26.08831977	490	-0.074938 0.017238  1.387665
26.09347534	493	-0.079726 0.013407  1.400115
26.09864425	496	-0.075417 0.013647  1.383835
26.10379600	498	-0.070868 0.009098  1.381680
26.10893249	503	-0.072304 0.016041  1.379286
26.11409187	502	-0.072304 0.011971  1.374018
26.11925506	505	-0.072783 0.010534  1.370667
26.12441253	507	-0.072304 0.012210  1.371864
26.12957954	512	-0.066319 0.015802  1.373540
26.13472747	514	-0.069192 0.004310  1.355583
26.13988494	519	-0.068234 0.006464  1.360850
26.14503288	519	-0.063925 0.005028  1.346246
26.15019226	525	-0.060812 0.007901  1.342415
26.15533638	526	-0.061291 -0.003831  1.342655
26.16053581	527	-0.058418 0.001197  1.336909
26.16568374	530	-0.054827 -0.004549  1.325177
26.17087554	535	-0.050038 -0.006225  1.321107
26.17607116	537	-0.049320 -0.005985  1.306263
26.18127250	538	-0.045968 -0.003112  1.298841
26.18646812	541	-0.043095 -0.009577  1.300278
26.19166755	540	-0.041180 -0.008619  1.293335
26.19688034	545	-0.033518 -0.018435  1.281124
26.20208740	548	-0.037110 -0.016041  1.277294
26.20730018	548	-0.041659 -0.014126  1.255507
26.21249580	552	-0.036631 -0.020829  1.267956
26.21770477	552	-0.038546 -0.021787  1.242099
26.22290420	558	-0.039983 -0.020351  1.239226
26.22810363	562	-0.033758 -0.020351  1.227974
26.23329925	563	-0.040462 -0.021069  1.232044
26.23850440	565	-0.043095 -0.024660  1.219115
26.24370384	567	-0.046208 -0.019872  1.193737
26.24891281	569	-0.057221 -0.008858  1.190385
26.25411605	570	-0.046926 -0.016280  1.183202
26.25931930	575	-0.051235 -0.014126  1.179372
26.26453208	575	-0.059136 -0.011971  1.159979
26.26974868	577	-0.057700 -0.001915  1.145375
26.27494812	580	-0.063446 -0.012450  1.141544
26.28014755	581	-0.067755 -0.009337  1.129094
26.28534889	583	-0.070389 -0.005507  1.125024
26.29054450	583	-0.079008 0.001197  1.120714
26.29568862	584	-0.080444 -0.003591  1.110898
26.30088806	587	-0.081641 -0.007183  1.095815
26.30608749	589	-0.087387 -0.001197  1.087675
26.31128883	591	-0.083796 -0.000958  1.085041
26.31648445	589	-0.085712 0.001676  1.075943
26.32165527	593	-0.089542 -0.002155  1.064930
26.32685279	593	-0.089063 -0.001915  1.052480
26.33204460	593	-0.093852 -0.004310  1.037636
26.33725547	600	-0.086669 0.003591  1.041228
26.34242057	601	-0.079966 -0.003112  1.023990
26.34762382	602	-0.088345 -0.006464  1.023750
26.35281181	602	-0.085233 -0.004788  1.011779
26.35800361	605	-0.081641 -0.010534  0.999330
26.36319160	607	-0.075417 -0.012450  0.988795
26.36839294	608	-0.072065 -0.017717  0.986162
26.37358856	610	-0.067755 -0.011731  0.983767
26.37878417	609	-0.062488 -0.020351  0.964135
26.38399124	610	-0.055784 -0.022984  0.965811
26.38919639	609	-0.054348 -0.020351  0.966529
26.39439964	614	-0.052911 -0.023463  0.951446
26.39960861	613	-0.047165 -0.026815  0.950249
26.40482330	616	-0.051954 -0.026336  0.938996
26.41003990	617	-0.045250 -0.031843  0.938996
26.41523933	618	-0.038307 -0.036631  0.924392
26.42044067	619	-0.037349 -0.030406  0.924631
26.42564010	619	-0.035673 -0.030885  0.915055
26.43084716	621	-0.037349 -0.038307  0.899971
26.43604850	621	-0.035434 -0.037349  0.896141
26.44125556	621	-0.039983 -0.036631  0.893986
26.44646072	621	-0.040701 -0.035913  0.897817
26.45166778	623	-0.035194 -0.036870  0.891592
26.45688056	621	-0.040462 -0.032800  0.888000
26.46207237	621	-0.041180 -0.029688  0.890873
26.46728706	622	-0.038546 -0.035673  0.876508
26.47249984	624	-0.049559 -0.027772  0.881536
26.47770309	625	-0.051235 -0.028251  0.875072
26.48290443	626	-0.052672 -0.028251  0.872438
##inga 
#ido(sec)  szog(ADC)     ax(g)    ay(g)   az(g)
26.48863601	623	-0.055784 -0.018914  0.878184
26.49391937	625	-0.063446 -0.024660  0.882015
26.49921989	626	-0.065361 -0.019632  0.871481
26.50449562	626	-0.063925 -0.019632  0.878184
26.50969123	626	-0.075417 -0.008858  0.870044
26.51488876	626	-0.078529 -0.005267  0.873875
26.52008819	626	-0.078768 -0.015323  0.865974
26.52528381	626	-0.078768 -0.006464  0.875072
26.53048324	626	-0.079726 -0.009577  0.877227
26.53568840	627	-0.087866 -0.007183  0.876269
26.54089164	626	-0.087627 -0.003352  0.882015
26.54609107	625	-0.078529 -0.002873  0.884409
26.55129623	625	-0.084993 -0.007422  0.876987
26.55649566	623	-0.091697 0.006225  0.884409
26.56164360	626	-0.080923 -0.005746  0.887761
26.56684494	624	-0.082120 0.001915  0.886324
26.57199668	623	-0.081881 -0.005267  0.902126
26.57718849	621	-0.083796 0.003112  0.900211
26.58234405	621	-0.079247 -0.003831  0.913618
26.58753204	620	-0.079487 -0.001197  0.908351
26.59273147	618	-0.068713 -0.008380  0.911942
26.59793663	619	-0.060094 -0.007901  0.906436
26.60313606	615	-0.056263 -0.013647  0.925589
26.60834312	617	-0.058897 -0.017477  0.929899
26.61355972	616	-0.058418 -0.016041  0.931814
26.61876869	614	-0.053869 -0.021308  0.940193
26.62397575	613	-0.047165 -0.021308  0.943785
26.62918853	612	-0.048362 -0.020829  0.952404
26.63438796	611	-0.043813 -0.020829  0.961741
26.63958740	610	-0.037349 -0.025857  0.972515
26.64479255	610	-0.037589 -0.029688  0.978979
26.64999198	606	-0.037828 -0.026336  0.981134
26.65519142	606	-0.036631 -0.026815  0.997414
26.66040039	606	-0.032800 -0.020829  0.998372
26.66559982	603	-0.032082 -0.028012  1.005315
26.67079544	602	-0.034716 -0.027294  1.001963
26.67600059	600	-0.036391 -0.025378  1.021117
26.68120384	597	-0.038067 -0.021308  1.033088
26.68641662	596	-0.041898 -0.015083  1.044340
26.69161987	594	-0.036391 -0.022266  1.053199
26.69682884	591	-0.048123 -0.014844  1.056550
26.70203208	591	-0.050517 -0.016999  1.070197
26.70722770	590	-0.052193 -0.016999  1.078338
26.71242713	587	-0.057939 -0.005985  1.081689
26.71762084	586	-0.059376 -0.011013  1.088632
26.72282028	586	-0.059136 -0.007183  1.101800
26.72800445	585	-0.058657 -0.003831  1.108504
26.73320007	582	-0.066319 -0.006464  1.118560
26.73839569	583	-0.070389 -0.001915  1.140107
26.74360847	578	-0.062727 -0.000958  1.148966
26.74881172	578	-0.078050 0.005507  1.151360
26.75397109	576	-0.078050 0.008380  1.153515
26.75913238	575	-0.077811 0.007422  1.170274
26.76429176	571	-0.090021 0.010534  1.172668
26.76945114	571	-0.079008 0.013407  1.181766
26.77460479	569	-0.083317 0.011731  1.189667
26.77975654	565	-0.088824 0.009577  1.194694
26.78491592	563	-0.088824 0.010774  1.205947
26.79006767	558	-0.083078 0.011013  1.229650
26.79521560	558	-0.083796 0.016280  1.236832
26.80035591	555	-0.082839 0.009816  1.236353
26.80550384	552	-0.078768 0.016041  1.247845
26.81065177	550	-0.076135 0.011013  1.254070
26.81579589	548	-0.072783 0.015562  1.264605
26.82094764	547	-0.074698 0.007901  1.272027
26.82610893	542	-0.068713 0.013886  1.277054
26.83125114	538	-0.063446 0.009337  1.282321
26.83640480	539	-0.057221 0.002873  1.284955
26.84155654	535	-0.056024 0.001915  1.295489
26.84670829	533	-0.048841 0.005028  1.310094
26.85186767	532	-0.046926 -0.007901  1.307460
26.85705947	529	-0.039743 0.004788  1.322065
26.86222076	525	-0.040222 -0.010056  1.321107
26.86743545	524	-0.041180 -0.010295  1.331881
26.87264060	523	-0.033518 -0.001437  1.338585
26.87784385	519	-0.030885 -0.002155  1.339542
26.88305282	512	-0.032321 -0.012210  1.348640
26.88825607	510	-0.019632 -0.008619  1.343373
26.89345550	509	-0.018914 -0.012689  1.353428
26.89865112	503	-0.015083 -0.004070  1.352231
26.90384483	503	-0.026575 -0.011731  1.366836
26.90904808	503	-0.021548 -0.008619  1.371385
26.91424751	502	-0.024660 -0.014604  1.376173
26.91944885	497	-0.031124 -0.004788  1.382398
26.92463684	493	-0.035913 0.000718  1.380243
26.92980003	489	-0.027772 0.005507  1.382877
26.93494796	486	-0.037110 0.001437  1.382398
26.94011688	486	-0.034716 0.003831  1.383595
26.94528007	481	-0.040462 0.013647  1.385032
26.95045661	478	-0.045489 0.012210  1.386947
26.95561218	473	-0.059136 0.014604  1.380722
26.96078491	471	-0.053390 0.019632  1.382159
26.96595191	471	-0.065600 0.017238  1.387665
26.97111129	467	-0.065840 0.023463  1.382159
26.97627639	464	-0.072065 0.027054  1.389581
26.98143577	462	-0.069431 0.030167  1.385271
26.98658752	460	-0.073262 0.032082  1.389820
26.99173164	454	-0.081881 0.035434  1.388144
26.99689674	450	-0.079966 0.039025  1.374258
27.00205612	450	-0.083078 0.035194  1.379764
27.00721168	449	-0.076614 0.036631  1.369948
##inga 
#ido(sec)  szog(ADC)     ax(g)    ay(g)   az(g)
27.01290321	447	-0.078529 0.039265  1.363245
27.01818847	447	-0.076853 0.042377  1.363245
27.02348709	441	-0.079008 0.046686  1.356062
27.02872848	440	-0.083557 0.038786  1.362287
27.03388786	435	-0.068713 0.046686  1.355583
27.03903579	433	-0.075417 0.041180  1.347443
27.04417991	432	-0.066319 0.033279  1.337148
27.04932403	427	-0.059854 0.032321  1.346246
27.05446815	425	-0.055784 0.027533  1.328768
27.05962371	421	-0.052432 0.035673  1.334275
27.06476783	421	-0.049799 0.033040  1.323022
27.06991195	420	-0.035673 0.021069  1.318713
27.07506370	416	-0.031843 0.022745  1.310812
27.08021926	410	-0.027533 0.012929  1.301714
27.08537292	409	-0.023942 0.025857  1.289265
27.09052848	410	-0.016759 0.020590  1.279927
27.09567642	407	-0.014604 0.020590  1.278491
27.10083580	406	-0.011253 0.017238  1.265323
27.10600471	403	-0.015562 0.012929  1.270111
27.11117553	399	-0.004549 0.010295  1.249761
27.11633682	400	-0.008619 0.009816  1.253112
27.12150382	397	-0.005267 0.018435  1.241142
27.12666893	392	-0.005985 0.017477  1.223664
27.13182067	392	-0.011731 0.010295  1.217679
27.13699531	389	-0.011731 0.017238  1.214566
27.14214706	385	-0.014604 0.018435  1.199004
27.14731216	386	-0.018675 0.022984  1.192779
27.15246772	382	-0.024421 0.020351  1.178654
27.15762329	379	-0.020829 0.016759  1.190624
27.16277694	378	-0.021548 0.024421  1.162613
27.16792488	378	-0.030645 0.028491  1.160697
27.17308044	374	-0.030885 0.034716  1.153515
27.17823219	372	-0.030645 0.027772  1.142741
27.18338394	370	-0.033997 0.033758  1.130291
27.18853569	368	-0.043095 0.027294  1.114250
27.19367980	366	-0.039265 0.044532  1.108744
27.19882774	366	-0.048602 0.047644  1.105631
27.20398330	362	-0.053630 0.040940  1.095097
27.20913505	361	-0.045250 0.045968  1.078816
27.21429634	357	-0.055306 0.043335  1.076662
27.21945571	357	-0.056263 0.052911  1.063015
27.22459602	355	-0.062727 0.048123  1.063494
27.22975158	353	-0.056742 0.053869  1.051523
27.23489952	352	-0.064164 0.051475  1.036679
27.24005508	352	-0.068952 0.055306  1.031890
27.24521255	351	-0.064164 0.052911  1.016568
27.25038337	346	-0.069910 0.054827  1.011540
27.25554847	348	-0.061770 0.054348  1.001006
27.26071166	345	-0.057221 0.057221  0.996457
27.26587104	342	-0.053390 0.049559  0.982092
27.27102851	343	-0.054827 0.050517  0.974670
27.27618789	343	-0.056263 0.048362  0.977303
27.28135681	339	-0.048123 0.049081  0.963417
27.28652000	339	-0.043574 0.037349  0.957192
27.29169654	337	-0.035913 0.041180  0.948334
27.29685211	336	-0.028970 0.042856  0.939475
27.30201530	335	-0.026575 0.037349  0.944264
27.30716705	335	-0.018914 0.026575  0.934208
27.31232070	334	-0.011253 0.027294  0.933011
27.31746864	334	-0.016280 0.023224  0.919364
27.32262039	333	-0.010056 0.028251  0.906196
27.32776069	333	-0.005507 0.028491  0.901168
27.33289909	331	-0.004310 0.033518  0.898535
27.33804893	330	0.002394 0.024660  0.888000
27.34315681	332	0.000718 0.024660  0.888000
27.34826087	330	0.002394 0.025618  0.888000
27.35337638	330	0.001197 0.027054  0.886085
27.35849189	329	-0.001915 0.026575  0.874114
27.36364746	328	0.003591 0.019872  0.873396
27.36876487	328	0.004310 0.028012  0.874593
27.37387657	328	-0.003112 0.029688  0.868608
27.37902832	328	-0.005985 0.031124  0.871241
27.38418388	324	-0.007661 0.031364  0.865495
27.38932800	326	-0.007901 0.028012  0.865495
27.39447212	326	-0.019632 0.033518  0.869565
27.39961624	323	-0.022026 0.039265  0.856158
27.40476417	325	-0.020590 0.038067  0.856158
27.40991973	325	-0.028012 0.043335  0.860467
27.41507911	325	-0.032561 0.052193  0.856637
27.42022705	326	-0.039743 0.048362  0.861904
27.42537117	325	-0.044532 0.053390  0.867889
27.43051147	325	-0.048123 0.051714  0.859510
27.43567276	326	-0.049320 0.049559  0.867889
27.44083976	325	-0.048841 0.054108  0.856397
27.44601249	326	-0.052672 0.047405  0.866213
27.45117187	328	-0.059136 0.050038  0.867410
27.45632743	326	-0.057700 0.056024  0.864538
27.46149635	329	-0.059376 0.054827  0.863340
27.46666336	330	-0.059854 0.057460  0.873157
27.47182846	329	-0.062488 0.051235  0.889437
27.47699165	330	-0.059376 0.052193  0.886324
27.48216056	330	-0.051235 0.054348  0.882015
27.48730850	330	-0.057460 0.050517  0.886085
27.49245643	331	-0.050278 0.048602  0.891831
27.49760818	334	-0.047884 0.047884  0.889676
27.50275230	331	-0.041898 0.040940  0.910506
27.50790023	334	-0.041898 0.041659  0.897817
27.51305580	333	-0.038067 0.040940  0.910984
27.51819992	337	-0.022266 0.037349  0.910506
27.52334403	338	-0.021787 0.036631  0.916970
27.52848815	338	-0.024899 0.034955  0.933250
##inga 
#ido(sec)  szog(ADC)     ax(g)    ay(g)   az(g)
27.53416442	341	-0.022266 0.030406  0.937081
27.53944396	341	-0.012450 0.025857  0.945940
27.54471206	341	-0.006943 0.026575  0.947855
27.54997253	341	-0.010056 0.024421  0.954319
27.55511665	344	-0.006225 0.017238  0.955516
27.56027221	346	-0.010056 0.023942  0.978022
27.56542015	347	-0.008380 0.023224  0.977303
27.57056427	347	-0.008380 0.019153  0.988556
27.57570075	347	-0.011971 0.019872  0.991668
27.58084869	351	-0.011253 0.016999  1.003160
27.58599281	349	-0.009816 0.026097  1.010822
27.59114074	353	-0.011492 0.022505  1.016807
27.59629631	354	-0.017477 0.016041  1.027581
27.60144805	355	-0.019872 0.014365  1.040031
27.60659599	358	-0.019153 0.028730  1.047213
27.61174011	359	-0.024421 0.030406  1.053678
27.61690330	358	-0.027772 0.030885  1.064691
27.62207221	362	-0.026575 0.031603  1.076183
27.62725257	364	-0.034476 0.023224  1.073070
27.63240432	367	-0.038307 0.037828  1.086717
27.63757133	368	-0.039504 0.035194  1.104195
27.64273262	370	-0.046686 0.029448  1.110419
27.64788818	371	-0.040462 0.032561  1.121672
27.65305519	374	-0.046447 0.039025  1.120475
27.65822029	376	-0.050757 0.044292  1.135079
27.66338729	379	-0.057700 0.044053  1.145135
27.66853904	381	-0.065600 0.041659  1.154472
27.67370414	380	-0.060573 0.035673  1.159979
27.67885971	382	-0.059376 0.041659  1.176738
27.68402481	385	-0.068952 0.043095  1.187273
27.68917274	389	-0.067276 0.034955  1.195413
27.69432830	389	-0.065122 0.039983  1.194934
27.69947624	394	-0.064403 0.036870  1.217439
27.70462036	396	-0.065840 0.039983  1.220552
27.70976448	398	-0.066079 0.042856  1.231565
27.71490859	401	-0.062009 0.033997  1.237790
27.72006416	403	-0.058179 0.033758  1.249042
27.72521591	404	-0.054827 0.031124  1.247366
27.73036384	408	-0.050278 0.034716  1.263407
27.73551940	407	-0.052911 0.030406  1.262929
27.74068069	408	-0.045968 0.025139  1.277054
27.74583244	413	-0.039743 0.024899  1.273942
27.75098037	416	-0.043095 0.012689  1.287828
27.75613594	418	-0.032082 0.020111  1.301954
27.76129531	419	-0.033997 0.021308  1.307700
27.76645278	421	-0.031843 0.014126  1.309376
27.77161979	425	-0.028970 0.008140  1.314403
27.77677917	427	-0.027054 0.008619  1.318474
27.78194046	428	-0.025378 0.008619  1.325895
27.78710365	433	-0.027533 0.011253  1.337148
27.79226875	432	-0.026575 0.000479  1.328290
27.79741287	436	-0.027054 0.006225  1.349358
27.80257987	436	-0.019632 0.005028  1.349837
27.80773544	444	-0.017717 0.004070  1.341936
27.81288719	448	-0.024899 0.005985  1.354386
27.81804466	447	-0.028491 0.003591  1.363245
27.82320404	448	-0.032561 0.006704  1.367075
27.82834815	452	-0.038307 0.004549  1.368991
27.83349609	455	-0.038786 0.011013  1.371864
27.83865928	455	-0.038546 0.010056  1.371385
27.84380340	459	-0.039025 0.009816  1.377849
27.84895515	462	-0.042616 0.003591  1.378089
27.85409927	463	-0.053630 0.015562  1.375694
27.85926437	466	-0.049799 0.014365  1.383116
27.86441230	470	-0.053630 0.011253  1.372582
27.86956024	471	-0.061291 0.018435  1.381440
27.87471199	476	-0.063925 0.016041  1.380722
27.87987136	478	-0.067037 0.015323  1.377610
27.88501548	480	-0.068713 0.015802  1.385510
27.89016723	482	-0.068473 0.017238  1.367554
27.89532470	486	-0.078050 0.015083  1.376652
27.90047264	489	-0.076374 0.018675  1.377370
27.90563201	493	-0.082120 0.023463  1.372343
27.91079139	495	-0.083796 0.015323  1.367794
27.91596031	497	-0.076135 0.018196  1.373300
27.92110824	502	-0.079008 0.020590  1.368991
27.92626762	503	-0.082839 0.021308  1.360850
27.93141937	505	-0.077571 0.017238  1.354386
27.93658828	505	-0.081402 0.013407  1.353189
27.94174766	510	-0.073022 0.004070  1.363005
27.94689178	511	-0.075895 0.016999  1.346964
27.95205688	516	-0.078768 0.011971  1.355583
27.95722007	519	-0.071825 0.009577  1.332839
27.96237182	522	-0.067276 -0.000479  1.336430
27.96758079	525	-0.065361 0.010774  1.331402
27.97273254	527	-0.061770 0.007661  1.315840
27.97788429	527	-0.054587 -0.005267  1.310812
27.98307991	533	-0.050517 -0.011971  1.303630
27.98827552	534	-0.056503 -0.012450  1.300517
27.99347686	537	-0.056503 -0.008380  1.295729
27.99867248	538	-0.046926 -0.015083  1.293813
28.00386047	541	-0.040940 -0.014604  1.282082
28.00905609	540	-0.041419 -0.020351  1.268196
28.01425552	546	-0.042856 -0.016280  1.260534
28.01946067	550	-0.038067 -0.016280  1.258140
28.02466392	548	-0.028012 -0.023463  1.253591
28.02985954	551	-0.033040 -0.022026  1.236114
28.03506469	555	-0.033758 -0.011492  1.227974
28.04027938	556	-0.028012 -0.020351  1.222467
28.04548454	561	-0.036631 -0.024181  1.223664
28.05068778	562	-0.036870 -0.025139  1.204990
##inga 
#ido(sec)  szog(ADC)     ax(g)    ay(g)   az(g)
28.05640792	565	-0.035434 -0.026097  1.187512
28.06168746	567	-0.038546 -0.019632  1.189427
28.06698799	569	-0.033758 -0.023702  1.179372
28.07226753	572	-0.050996 -0.020351  1.171471
28.07746315	575	-0.050038 -0.016759  1.160697
28.08266067	575	-0.056742 -0.013168  1.153754
28.08785247	574	-0.058657 -0.008858  1.150881
28.09305191	578	-0.063685 -0.012450  1.132207
28.09826087	580	-0.076135 -0.009577  1.125503
28.10346031	584	-0.077093 -0.005985  1.115208
28.10867118	584	-0.080205 -0.001676  1.105631
28.11388397	584	-0.083796 -0.004310  1.098449
28.11908721	587	-0.083078 0.001437  1.082168
28.12425231	589	-0.088585 0.002155  1.080732
28.12940788	590	-0.093373 0.005028  1.067085
28.13455200	589	-0.097204 0.002873  1.052959
28.13970756	592	-0.092894 0.001915  1.050086
28.14485168	593	-0.100077 0.002873  1.055114
28.15000343	591	-0.100795 0.006943  1.037397
28.15515518	595	-0.100077 0.003112  1.028060
28.16029548	597	-0.094331 0.000000  1.020159
28.16541290	601	-0.089303 -0.003112  1.014174
28.17061233	599	-0.085472 0.003831  1.004597
28.17575645	602	-0.083317 -0.008140  0.999808
28.18095207	605	-0.079247 -0.014844  0.994062
28.18615150	604	-0.072783 -0.011971  0.987598
28.19134712	606	-0.066798 -0.012210  0.975388
28.19655609	608	-0.064403 -0.006704  0.965811
28.20176887	609	-0.060812 -0.022026  0.957431
28.20697212	611	-0.055784 -0.020351  0.959826
28.21218490	611	-0.056503 -0.023463  0.950728
28.21738815	611	-0.048362 -0.024899  0.936363
28.22260093	612	-0.041898 -0.035673  0.936842
28.22780036	615	-0.047165 -0.030406  0.942588
28.23299598	616	-0.043813 -0.031364  0.930377
28.23819541	615	-0.039743 -0.028012  0.922716
28.24339294	615	-0.033040 -0.035194  0.913379
28.24859237	618	-0.029927 -0.037110  0.907633
28.25378799	617	-0.031124 -0.037828  0.915294
28.25898361	617	-0.031843 -0.033997  0.903563
28.26418876	619	-0.030167 -0.035194  0.896619
28.26939964	620	-0.032800 -0.031603  0.898056
28.27460479	620	-0.036391 -0.038546  0.894465
28.27980804	620	-0.040940 -0.029927  0.885367
28.28502082	622	-0.042856 -0.034955  0.883930
28.29022026	620	-0.046208 -0.030406  0.882973
28.29542350	620	-0.047884 -0.025857  0.874354
28.30062484	620	-0.055545 -0.027294  0.886324
28.30582046	622	-0.061530 -0.020111  0.884649
28.31101608	621	-0.056742 -0.018914  0.883691
28.31621170	621	-0.066798 -0.015562  0.875072
28.32140731	622	-0.068234 -0.019153  0.880818
28.32661628	623	-0.068952 -0.013168  0.876508
28.33181190	622	-0.076614 -0.011971  0.884888
28.33701133	622	-0.078290 -0.012929  0.890873
28.34221267	621	-0.077571 -0.007901  0.884888
28.34741973	623	-0.080684 -0.005267  0.889916
28.35262870	622	-0.086190 -0.005985  0.882015
28.35782814	622	-0.084275 -0.004070  0.890395
28.36302757	621	-0.084754 -0.005267  0.892549
28.36823272	621	-0.090739 -0.001197  0.884888
28.37343215	621	-0.088824 0.001915  0.890634
28.37858009	620	-0.086430 0.001915  0.893986
28.38372421	619	-0.090979 -0.000479  0.900450
28.38890838	617	-0.087387 0.001437  0.913379
28.39406013	617	-0.087387 -0.003831  0.905478
28.39925956	616	-0.081402 0.000000  0.911224
28.40438079	618	-0.075656 -0.005985  0.916252
28.40958786	616	-0.069910 -0.008619  0.916491
28.41479682	614	-0.067516 -0.005028  0.919125
28.41999626	612	-0.060333 -0.011253  0.926547
28.42520332	612	-0.061052 -0.008619  0.944503
28.43041229	611	-0.054587 -0.015562  0.955277
28.43561172	609	-0.048841 -0.013647  0.946897
28.44080734	609	-0.046447 -0.015802  0.960065
28.44600868	609	-0.039025 -0.017717  0.965093
28.45121574	605	-0.041180 -0.019872  0.970360
28.45641517	604	-0.034716 -0.030885  0.976824
28.46162414	604	-0.031843 -0.021787  0.986401
28.46682357	604	-0.036870 -0.021787  0.993584
28.47203636	603	-0.034476 -0.028970  0.989274
28.47724723	600	-0.036870 -0.027533  0.999090
28.48244476	596	-0.032800 -0.022266  1.009146
28.48765182	596	-0.028970 -0.027533  1.025426
28.49286079	595	-0.036631 -0.020351  1.021117
28.49805641	592	-0.036631 -0.022505  1.044819
28.50325584	589	-0.042138 -0.026097  1.037636
28.50845146	591	-0.038307 -0.014844  1.052959
28.51364707	588	-0.041659 -0.023224  1.058466
28.51884460	590	-0.047644 -0.013647  1.069000
28.52402877	589	-0.046208 -0.010774  1.084802
28.52922821	587	-0.049799 -0.009098  1.095336
28.53442764	586	-0.057460 -0.011731  1.102758
28.53964042	585	-0.056024 -0.004070  1.109222
28.54484367	582	-0.062967 -0.005267  1.116165
28.55005645	580	-0.068234 -0.002634  1.122390
28.55525207	578	-0.064643 -0.005507  1.131967
28.56046867	576	-0.068473 -0.004310  1.141783
28.56567192	575	-0.075656 0.006943  1.147050
28.57081222	572	-0.077093 0.005028  1.160697
28.57595634	572	-0.079008 0.009098  1.169795
##inga 
#ido(sec)  szog(ADC)     ax(g)    ay(g)   az(g)
28.58164405	567	-0.078050 0.010295  1.184639
28.58691215	565	-0.083557 0.007661  1.180569
28.59218788	563	-0.076853 0.014844  1.190385
28.59745597	558	-0.086190 0.009577  1.207862
28.60260391	558	-0.078290 0.012929  1.216482
28.60775566	556	-0.082360 0.017956  1.221030
28.61289215	551	-0.078050 0.011253  1.237311
28.61803627	549	-0.079487 0.012929  1.242817
28.62318038	547	-0.082360 0.019872  1.242578
28.62833213	547	-0.075656 0.014604  1.251437
28.63348770	543	-0.066558 0.013886  1.267956
28.63863563	541	-0.070389 0.006225  1.266520
28.64378738	539	-0.064882 0.012689  1.267956
28.64893531	538	-0.063446 0.008380  1.281364
28.65407562	535	-0.062009 0.001915  1.293574
28.65924072	532	-0.058179 0.007183  1.305784
28.66440010	532	-0.047884 0.001915  1.298841
28.66954803	527	-0.042616 -0.002155  1.309854
28.67475128	525	-0.044053 -0.002873  1.309854
28.67994880	524	-0.029448 -0.001915  1.311770
28.68514823	519	-0.036870 -0.006464  1.322783
28.69035530	518	-0.031124 -0.012210  1.324938
28.69557189	514	-0.027533 -0.005746  1.335712
28.70078086	509	-0.025139 -0.009577  1.332360
28.70597648	509	-0.021308 -0.007661  1.337866
28.71116447	503	-0.022984 -0.006225  1.360372
28.71636772	503	-0.022984 -0.003591  1.353907
28.72156715	501	-0.024899 -0.005985  1.358935
28.72675514	501	-0.015802 -0.007183  1.373540
28.73196029	496	-0.028012 0.001197  1.356780
28.73710823	491	-0.028970 -0.003352  1.366118
28.74230766	491	-0.032321 -0.006704  1.371145
28.74752044	488	-0.031124 -0.002634  1.359175
28.75273513	485	-0.036391 0.007183  1.357977
28.75789642	481	-0.042856 0.010774  1.365639
28.76306343	476	-0.047405 0.014844  1.373061
28.76822853	474	-0.054587 0.015083  1.375455
28.77338409	473	-0.057700 0.023942  1.368751
28.77854728	471	-0.062249 0.020590  1.378567
28.78370094	469	-0.065361 0.022745  1.370667
28.78886413	465	-0.066558 0.027772  1.366836
28.79402351	463	-0.072544 0.030406  1.370667
28.79917907	459	-0.077811 0.032800  1.375934
28.80433273	454	-0.080205 0.040940  1.369948
28.80948829	452	-0.082599 0.031364  1.365639
28.81464385	451	-0.082120 0.041180  1.364202
28.81978797	451	-0.082839 0.040462  1.356302
28.82494735	446	-0.079726 0.045250  1.363245
28.83009147	447	-0.075895 0.041419  1.359893
28.83524894	443	-0.073501 0.033518  1.354626
28.84039115	440	-0.071825 0.036391  1.345767
28.84555244	437	-0.065361 0.040462  1.335951
28.85069656	434	-0.066319 0.036870  1.330684
28.85584831	431	-0.053390 0.026336  1.348401
28.86099624	430	-0.060333 0.026336  1.318474
28.86615562	428	-0.055306 0.036391  1.312249
28.87132072	425	-0.052911 0.032321  1.322544
28.87648010	419	-0.049799 0.028970  1.306263
28.88163566	420	-0.044053 0.027772  1.307221
28.88680076	417	-0.029688 0.023942  1.296208
28.89196777	414	-0.032561 0.022984  1.285194
28.89712333	409	-0.031364 0.021069  1.287828
28.90228462	411	-0.026815 0.017477  1.281364
28.90744781	408	-0.019872 0.015802  1.267477
28.91261291	408	-0.015562 0.016759  1.257661
28.91776466	406	-0.013168 0.018196  1.251197
28.92292022	400	-0.015083 0.009577  1.253352
28.92807579	401	-0.012210 0.014844  1.240423
28.93322372	400	-0.008380 0.012210  1.219594
28.93836784	397	-0.010295 0.013168  1.219115
28.94351196	391	-0.010774 0.017477  1.211933
28.94866752	391	-0.012929 0.015083  1.213608
28.95381164	388	-0.014604 0.015562  1.197328
28.95895576	385	-0.014604 0.018196  1.188948
28.96411132	383	-0.023702 0.019393  1.173865
28.96925544	383	-0.018435 0.016041  1.169316
28.97440338	379	-0.017477 0.028970  1.163570
28.97956085	379	-0.025618 0.034955  1.156867
28.98472023	378	-0.028730 0.028970  1.138431
28.98986434	374	-0.029448 0.033518  1.131728
28.99501609	372	-0.033279 0.036152  1.122151
29.00016403	370	-0.039504 0.033518  1.120954
29.00531959	368	-0.034955 0.034716  1.104913
29.01048088	367	-0.044771 0.039504  1.102998
29.01563262	366	-0.047165 0.041180  1.097012
29.02077674	364	-0.042616 0.044532  1.081210
29.02593994	361	-0.057939 0.040462  1.065409
29.03110313	360	-0.054348 0.036870  1.058226
29.03626441	359	-0.058418 0.048602  1.051283
29.04141616	357	-0.062727 0.048602  1.041946
29.04657936	354	-0.057700 0.055306  1.044101
29.05175209	354	-0.057221 0.054587  1.034763
29.05691909	353	-0.061052 0.051235  1.021835
29.06207656	352	-0.059854 0.056742  1.018483
29.06724739	351	-0.056742 0.051475  1.002681
29.07240867	348	-0.059376 0.053390  0.995499
29.07755661	347	-0.061291 0.052432  0.980655
29.08270835	345	-0.054827 0.048123  0.982570
29.08786392	345	-0.047165 0.051235  0.974909
29.09300804	342	-0.045968 0.048602  0.969163
29.09814071	343	-0.039265 0.045968  0.963896
##inga 
#ido(sec)  szog(ADC)     ax(g)    ay(g)   az(g)
29.10382080	342	-0.039265 0.044053  0.957671
29.10909271	339	-0.039265 0.044292  0.954080
29.11436080	340	-0.029927 0.033997  0.930138
29.11961936	336	-0.020351 0.036870  0.932293
29.12478065	338	-0.017956 0.034955  0.932293
29.12992858	338	-0.015562 0.029927  0.921040
29.13507270	337	-0.013647 0.029209  0.912900
29.14021110	334	-0.012689 0.033040  0.907393
29.14535140	335	-0.003112 0.028251  0.908111
29.15050315	331	0.000239 0.020829  0.892789
29.15560340	332	0.001676 0.023463  0.900450
29.16071128	331	-0.002394 0.032321  0.881297
29.16585159	333	-0.002155 0.030406  0.881776
29.17100334	330	0.004310 0.021308  0.889437
29.17612457	331	-0.002394 0.022505  0.888240
29.18126487	329	0.001676 0.025618  0.879381
29.18638420	331	-0.005028 0.026575  0.872438
29.19152832	331	-0.003831 0.027294  0.872438
29.19667625	330	-0.010056 0.026815  0.869565
29.20182037	328	-0.004788 0.028012  0.873157
29.20698356	331	-0.016280 0.036152  0.866692
29.21213150	328	-0.022745 0.035434  0.869326
29.21727943	330	-0.025618 0.038067  0.864059
29.22243118	329	-0.029448 0.038307  0.871959
29.22757911	329	-0.031364 0.046686  0.862862
29.23273658	330	-0.036391 0.047165  0.863580
29.23789596	329	-0.038307 0.048602  0.871720
29.24305152	329	-0.045011 0.049559  0.858073
29.24821281	329	-0.045729 0.049320  0.865974
29.25338363	330	-0.047405 0.050517  0.871481
29.25853538	330	-0.051235 0.046686  0.874114
29.26369667	331	-0.055784 0.048362  0.867410
29.26886367	332	-0.062488 0.057700  0.871241
29.27401161	332	-0.060094 0.054348  0.885606
29.27918052	333	-0.057700 0.050757  0.878903
29.28434371	333	-0.058657 0.052432  0.883691
29.28950881	334	-0.055784 0.055066  0.883451
29.29466438	335	-0.053869 0.047644  0.886324
29.29981613	333	-0.051475 0.047884  0.895662
29.30496406	335	-0.051475 0.046686  0.906436
29.31012344	335	-0.043574 0.046926  0.896619
29.31527137	337	-0.047405 0.051235  0.904999
29.32042312	337	-0.034955 0.044771  0.909309
29.32558059	338	-0.042138 0.044053  0.913858
29.33073616	340	-0.028012 0.040462  0.924392
29.33588409	340	-0.029209 0.034955  0.930138
29.34103202	342	-0.025857 0.030167  0.931335
29.34619140	342	-0.017956 0.028730  0.939954
29.35133552	342	-0.017956 0.029448  0.949052
29.35648727	345	-0.017477 0.021548  0.949770
29.36163520	345	-0.007422 0.024660  0.954319
29.36677932	348	-0.007901 0.023942  0.966769
29.37193679	347	-0.014604 0.023702  0.975388
29.37707519	348	-0.011731 0.027054  0.987359
29.38221931	351	-0.008619 0.027772  0.983289
29.38737106	352	-0.006704 0.022026  1.003879
29.39251518	353	-0.012450 0.013886  1.003160
29.39767265	353	-0.013886 0.025378  1.007949
29.40282821	357	-0.014126 0.022505  1.026384
29.40800476	358	-0.015083 0.016280  1.024469
29.41316413	358	-0.017717 0.020590  1.028778
29.41832733	360	-0.018675 0.025618  1.042425
29.42350006	359	-0.014604 0.023463  1.060381
29.42865943	364	-0.023942 0.027772  1.063494
29.43382453	365	-0.030645 0.025618  1.072352
29.43898391	367	-0.033518 0.029448  1.080732
29.44414710	368	-0.041898 0.033279  1.087914
29.44931221	369	-0.034716 0.029927  1.099646
29.45446014	371	-0.043574 0.028730  1.105871
29.45960426	375	-0.044292 0.036391  1.114011
29.46475982	378	-0.046447 0.033758  1.126700
29.46990394	379	-0.052911 0.036870  1.138671
29.47504806	382	-0.055066 0.040940  1.152557
29.48018074	381	-0.053869 0.043335  1.148726
29.48534393	384	-0.054348 0.040222  1.156627
29.49048805	388	-0.061052 0.036391  1.167161
29.49563217	389	-0.061770 0.041180  1.178175
29.50077629	391	-0.062727 0.036152  1.191343
29.50593566	393	-0.063925 0.036631  1.194694
29.51108360	395	-0.061770 0.037349  1.209060
29.51623535	396	-0.063446 0.041419  1.210257
29.52139282	400	-0.062009 0.037828  1.216960
29.52655220	402	-0.056263 0.037589  1.229650
29.53169631	406	-0.062009 0.036152  1.235396
29.53684425	407	-0.056503 0.027294  1.238747
29.54199981	407	-0.056981 0.035434  1.250000
29.54714393	408	-0.048362 0.029209  1.258140
29.55229949	412	-0.047405 0.027294  1.262689
29.55746078	414	-0.048602 0.022984  1.272984
29.56262779	416	-0.043813 0.019872  1.274660
29.56778335	417	-0.036870 0.029209  1.289743
29.57294464	419	-0.040462 0.023942  1.289265
29.57811164	422	-0.037349 0.016999  1.291659
29.58326721	426	-0.032800 0.008380  1.307460
29.58843994	428	-0.029448 0.016280  1.313446
29.59359169	430	-0.027772 0.011013  1.306263
29.59875679	432	-0.028012 0.006464  1.315840
29.60390472	435	-0.022266 -0.004310  1.332360
29.60910415	436	-0.020829 -0.002394  1.335472
29.61429977	441	-0.026336 0.008858  1.327571
29.61944389	445	-0.028491 0.000000  1.336430
##inga 
#ido(sec)  szog(ADC)     ax(g)    ay(g)   az(g)
29.62508010	449	-0.025139 -0.003112  1.346964
29.63035964	448	-0.026575 -0.000239  1.348161
29.63564491	452	-0.028012 0.012450  1.357977
29.64092063	454	-0.031843 0.008140  1.351274
29.64606094	457	-0.033758 0.000958  1.355583
29.65120887	457	-0.042138 0.003591  1.349837
29.65636825	459	-0.041898 0.012929  1.364202
29.66151618	460	-0.046208 0.011971  1.363963
29.66666412	464	-0.049559 0.010056  1.371624
29.67181205	468	-0.052432 0.005267  1.359414
29.67696380	470	-0.052432 0.011013  1.359893
29.68212890	473	-0.062488 0.019393  1.364921
29.68727111	476	-0.062727 0.020590  1.372343
29.69241142	477	-0.065840 0.012689  1.370667
29.69756889	481	-0.067037 0.008380  1.367554
29.70271682	484	-0.070628 0.018435  1.369709
29.70787239	486	-0.078050 0.017956  1.362287
29.71303176	491	-0.074219 0.019872  1.363005
29.71819686	492	-0.070389 0.012929  1.357499
29.72335624	493	-0.071586 0.014126  1.353668
29.72852706	497	-0.073501 0.016759  1.356302
29.73368835	501	-0.074698 0.018196  1.351034
29.73885917	502	-0.072783 0.011253  1.353189
29.74401664	504	-0.079008 0.009816  1.343373
29.74918365	507	-0.081163 0.015083  1.351274
29.75433921	509	-0.070389 0.012929  1.340979
29.75950813	512	-0.072065 0.017956  1.328768
29.76466369	516	-0.077332 0.011013  1.318234
29.76982307	519	-0.076853 0.008619  1.323501
29.77497291	521	-0.061530 0.011971  1.318713
29.78011512	525	-0.065361 0.004788  1.316558
29.78527641	527	-0.061291 0.002634  1.311770
29.79042053	529	-0.058418 -0.004788  1.301714
29.79561996	529	-0.056742 0.000000  1.299320
29.80073165	533	-0.053390 -0.003591  1.288307
29.80593109	536	-0.048362 -0.008619  1.274660
29.81112480	539	-0.052911 -0.011253  1.277533
29.81632423	540	-0.046447 -0.014126  1.263168
29.82152366	542	-0.040462 -0.015802  1.248564
29.82672882	544	-0.042616 -0.010774  1.261492
29.83193588	548	-0.040462 -0.016999  1.251676
29.83715248	550	-0.037828 -0.021069  1.236832
29.84235954	549	-0.040222 -0.016280  1.231804
29.84756088	551	-0.039265 -0.017956  1.226058
29.85277175	554	-0.040940 -0.020829  1.214566
29.85797119	558	-0.039025 -0.018914  1.197807
29.86316871	562	-0.039743 -0.018196  1.193497
29.86836433	562	-0.039743 -0.018914  1.192061
29.87356376	567	-0.044771 -0.019153  1.178175
29.87876892	567	-0.042138 -0.021069  1.164288
29.88396835	570	-0.047405 -0.015802  1.164049
29.88916778	569	-0.047405 -0.015562  1.146811
29.89437294	573	-0.050278 -0.015083  1.143459
29.89958000	576	-0.059136 -0.012450  1.128855
29.90479278	577	-0.062967 -0.008858  1.123109
29.91000366	576	-0.059136 -0.010534  1.124545
29.91520881	579	-0.069431 -0.003591  1.108983
29.92040061	582	-0.072783 -0.010056  1.106589
29.92559623	584	-0.079247 -0.002394  1.091266
29.93079566	586	-0.078768 0.001437  1.085760
29.93593597	587	-0.074938 0.000000  1.082886
29.94104385	589	-0.083796 -0.007901  1.070437
29.94623947	588	-0.087866 -0.000958  1.054875
29.95143508	590	-0.088345 0.008858  1.053917
29.95657920	592	-0.088585 0.001676  1.040270
29.96173286	590	-0.085951 -0.007183  1.033806
29.96693229	593	-0.087866 -0.002155  1.030215
29.97212791	594	-0.090260 -0.004310  1.030933
29.97733688	595	-0.086909 -0.001197  1.011779
29.98254013	600	-0.080444 -0.000958  1.007949
29.98773956	602	-0.079966 -0.002634  0.997414
29.99294853	599	-0.080444 -0.006943  0.991908
29.99816894	603	-0.075177 -0.008858  0.983767
30.00337219	603	-0.071346 -0.015802  0.973712
30.00857543	606	-0.068473 -0.014844  0.976346
30.01377677	605	-0.064882 -0.015802  0.962938
30.01897239	605	-0.064643 -0.015083  0.954798
30.02417182	608	-0.061530 -0.021787  0.947376
30.02937126	610	-0.052432 -0.023463  0.948334
30.03457641	611	-0.044532 -0.030167  0.938757
30.03977966	612	-0.053630 -0.026815  0.938996
30.04499244	612	-0.045489 -0.032800  0.928701
30.05019950	611	-0.040701 -0.031843  0.921998
30.05540847	614	-0.037110 -0.035913  0.920322
30.06061935	613	-0.044053 -0.035194  0.922237
30.06581115	613	-0.038067 -0.029688  0.905717
30.07101631	614	-0.030406 -0.038307  0.905478
30.07621574	617	-0.037349 -0.035194  0.911463
30.08141517	616	-0.041419 -0.039025  0.902126
30.08661651	619	-0.039025 -0.029927  0.899253
30.09180831	618	-0.041659 -0.028251  0.893986
30.09700775	618	-0.038307 -0.032800  0.894944
30.10220336	618	-0.039025 -0.032800  0.890395
30.10740852	618	-0.050517 -0.023224  0.895422
30.11260414	619	-0.056981 -0.023942  0.887761
30.11781120	619	-0.056263 -0.030645  0.890634
30.12301254	619	-0.058897 -0.023702  0.886324
30.12823104	618	-0.062967 -0.017717  0.883212
30.13343238	618	-0.057939 -0.016041  0.889437
30.13863563	618	-0.070149 -0.021069  0.892070
30.14383125	619	-0.075656 -0.011971  0.885367
##inga 
#ido(sec)  szog(ADC)     ax(g)    ay(g)   az(g)
30.14956092	619	-0.077811 -0.009816  0.897338
30.15483665	618	-0.079008 -0.011971  0.882494
30.16010856	619	-0.083317 -0.005985  0.888479
30.16536712	616	-0.078050 -0.002873  0.896859
30.17056846	619	-0.085233 0.003591  0.892070
30.17571640	618	-0.083078 0.000479  0.900929
30.18085670	616	-0.081402 -0.003591  0.900929
30.18605232	617	-0.087387 0.006464  0.907393
30.19120025	617	-0.088345 0.002155  0.903563
30.19635581	616	-0.082599 -0.002634  0.903084
30.20155525	614	-0.087387 0.004310  0.912421
30.20671653	615	-0.077571 0.002394  0.919604
30.21187973	614	-0.078529 0.000000  0.919843
30.21699905	613	-0.076135 0.001197  0.923913
30.22214317	611	-0.069910 -0.007901  0.927983
30.22734832	609	-0.069671 -0.010534  0.945700
30.23254394	611	-0.061052 -0.009816  0.940433
30.23776435	610	-0.053869 -0.014365  0.949052
30.24296379	609	-0.055545 -0.010534  0.952643
30.24815559	606	-0.054587 -0.012210  0.951925
30.25335693	607	-0.050757 -0.012450  0.957910
30.25855255	606	-0.050038 -0.018914  0.975867
30.26375961	604	-0.044771 -0.020590  0.969402
30.26896095	602	-0.043574 -0.019393  0.977782
30.27415657	599	-0.039504 -0.019632  0.985683
30.27935218	598	-0.039025 -0.018196  0.987119
30.28455924	596	-0.036631 -0.023702  1.001006
30.28976058	596	-0.028970 -0.022026  1.011540
30.29496002	594	-0.033758 -0.021308  1.019201
30.30016708	589	-0.036391 -0.019393  1.014174
30.30537986	591	-0.037828 -0.021069  1.029496
30.31057929	590	-0.036870 -0.017717  1.033806
30.31577682	588	-0.038786 -0.022505  1.043622
30.32097244	587	-0.040940 -0.020351  1.059184
30.32617187	589	-0.034476 -0.023224  1.062296
30.33136749	587	-0.036870 -0.016999  1.067324
30.33655548	584	-0.047884 -0.009337  1.080492
30.34174728	584	-0.050996 -0.011492  1.088872
30.34695625	583	-0.050517 -0.007661  1.096054
30.35215568	580	-0.061530 -0.002873  1.097970
30.35736083	576	-0.061770 -0.006704  1.108744
30.36256408	577	-0.059136 -0.004070  1.131728
30.36777687	575	-0.061770 -0.000479  1.132685
30.37298011	575	-0.071825 0.009337  1.141304
30.37812423	572	-0.070389 0.010534  1.144417
30.38327980	568	-0.072065 0.005746  1.160458
30.38842773	569	-0.078768 0.013168  1.165486
30.39358329	566	-0.084036 0.007661  1.171232
30.39874076	564	-0.080205 0.005507  1.175302
30.40388488	561	-0.084514 0.010774  1.198286
30.40903663	558	-0.087627 0.012210  1.199722
30.41418457	556	-0.082599 0.012450  1.203074
30.41932868	554	-0.082599 0.017717  1.217200
30.42448043	551	-0.080205 0.015562  1.230128
30.42963218	550	-0.079966 0.016520  1.230368
30.43477630	548	-0.076614 0.018435  1.235874
30.43993568	543	-0.078768 0.015802  1.232762
30.44508743	542	-0.079008 0.006943  1.255028
30.45023536	537	-0.067995 0.008619  1.263647
30.45537948	538	-0.064882 0.012689  1.270111
30.46053123	536	-0.062488 0.008380  1.269153
30.46568489	536	-0.059136 0.005746  1.278970
30.47083663	531	-0.061530 -0.003352  1.284476
30.47603988	529	-0.045968 0.004310  1.283758
30.48119163	525	-0.045489 0.004070  1.285913
30.48634719	522	-0.042856 0.001197  1.304827
30.49151992	523	-0.040222 -0.001197  1.295729
30.49671936	519	-0.034476 -0.005267  1.308657
30.50192451	515	-0.030406 -0.002873  1.318952
30.50713157	511	-0.037828 -0.007661  1.311052
30.51233673	510	-0.025378 -0.007661  1.330205
30.51752853	507	-0.023463 -0.005507  1.336669
30.52272796	502	-0.016999 -0.001437  1.325895
30.52792358	503	-0.022266 -0.008619  1.338106
30.53312873	502	-0.018675 -0.006225  1.340021
30.53832435	499	-0.026815 -0.002634  1.347443
30.54352378	495	-0.026815 -0.007422  1.349598
30.54874038	493	-0.024181 -0.005985  1.351513
30.55393981	488	-0.026575 -0.004549  1.354626
30.55915260	487	-0.031843 0.002394  1.351513
30.56431198	485	-0.039743 0.004549  1.356541
30.56947517	481	-0.042616 0.008140  1.363484
30.57463264	477	-0.047405 0.010295  1.356062
30.57979583	475	-0.054348 0.011971  1.359414
30.58495140	471	-0.053390 0.020590  1.353189
30.59009933	472	-0.057700 0.016999  1.357020
30.59524345	468	-0.063925 0.022505  1.355823
30.60040855	464	-0.071586 0.026336  1.349119
30.60556793	461	-0.073501 0.023463  1.354147
30.61071205	458	-0.076853 0.033758  1.360850
30.61585998	456	-0.076135 0.041180  1.354147
30.62100410	451	-0.075177 0.032800  1.346964
30.62615585	451	-0.078529 0.038307  1.351034
30.63131141	449	-0.078050 0.036152  1.353189
30.63646888	449	-0.076614 0.034716  1.336430
30.64161109	448	-0.073741 0.039265  1.333557
30.64676856	445	-0.072783 0.036152  1.337866
30.65192794	441	-0.071825 0.033279  1.332360
30.65707206	436	-0.066558 0.036631  1.332839
30.66222763	432	-0.062249 0.035673  1.319431
30.66737556	433	-0.061052 0.029209  1.313685
##inga 
#ido(sec)  szog(ADC)     ax(g)    ay(g)   az(g)
30.67307281	431	-0.055545 0.031843  1.310573
30.67835235	428	-0.051235 0.031124  1.313206
30.68365287	425	-0.048602 0.034476  1.312249
30.68892478	423	-0.046926 0.030167  1.300996
30.69407653	420	-0.040940 0.021308  1.286152
30.69924354	417	-0.031603 0.016280  1.280645
30.70440864	416	-0.027054 0.027294  1.280167
30.70957183	410	-0.029448 0.020111  1.269632
30.71473693	411	-0.018675 0.026815  1.258619
30.71990013	410	-0.019153 0.018435  1.258380
30.72506332	406	-0.015083 0.008858  1.238987
30.73022842	407	-0.012929 0.011971  1.242339
30.73539543	403	-0.015802 0.009337  1.232523
30.74054718	402	-0.011731 0.014604  1.225340
30.74570083	399	-0.016520 0.008619  1.222946
30.75086021	399	-0.013168 0.019393  1.206665
30.75601577	395	-0.016520 0.022266  1.206665
30.76116371	392	-0.012689 0.022026  1.193976
30.76631927	391	-0.020829 0.016759  1.183202
30.77146720	388	-0.012450 0.018675  1.181766
30.77661132	387	-0.018196 0.024660  1.169077
30.78175544	385	-0.023942 0.025857  1.160218
30.78691291	383	-0.021308 0.023942  1.154472
30.79206466	381	-0.027772 0.029209  1.143699
30.79722404	380	-0.033758 0.031364  1.137953
30.80237579	375	-0.037349 0.040701  1.118799
30.80752754	375	-0.035913 0.034716  1.130052
30.81267929	372	-0.037828 0.031843  1.105631
30.81784057	370	-0.043095 0.044771  1.104913
30.82299232	369	-0.048123 0.043335  1.083126
30.82815170	367	-0.039743 0.045011  1.081929
30.83332061	366	-0.045729 0.037589  1.080013
30.83849525	365	-0.051235 0.039025  1.065170
30.84365272	362	-0.059615 0.046686  1.051283
30.84881210	360	-0.057221 0.047405  1.052480
30.85396766	359	-0.053151 0.052432  1.036439
30.85913658	358	-0.056263 0.048362  1.035242
30.86430358	357	-0.060094 0.053869  1.022314
30.86946868	355	-0.057221 0.051714  1.011301
30.87463188	353	-0.056024 0.054348  1.009864
30.87979507	353	-0.056024 0.046686  1.006991
30.88495254	352	-0.053390 0.055066  1.008427
30.89010429	350	-0.052432 0.052432  0.985204
30.89525222	348	-0.041419 0.046208  0.992387
30.90039634	348	-0.044771 0.044053  0.973712
30.90555191	346	-0.038786 0.041180  0.968684
30.91068458	344	-0.047405 0.043335  0.954559
30.91582870	343	-0.033279 0.042138  0.943066
30.92097282	343	-0.030406 0.033997  0.944982
30.92612838	343	-0.034237 0.033997  0.938518
30.93128013	341	-0.028251 0.041419  0.934687
30.93642807	340	-0.020111 0.031843  0.937081
30.94157218	338	-0.015802 0.032321  0.916731
30.94672393	339	-0.011013 0.027772  0.906914
30.95186805	336	-0.009577 0.031843  0.904999
30.95701980	338	-0.015323 0.028012  0.910745
30.96216392	338	-0.014126 0.023942  0.903084
30.96731185	337	-0.011253 0.026575  0.897098
30.97245979	336	-0.008140 0.024899  0.893507
30.97761535	333	-0.004788 0.028970  0.906675
30.98274803	334	-0.001437 0.028730  0.896380
30.98790359	332	-0.006704 0.024181  0.890873
30.99305915	333	-0.005746 0.026815  0.885846
30.99822044	331	-0.008140 0.026336  0.874354
31.00339508	333	-0.017238 0.034955  0.872438
31.00856399	333	-0.015323 0.032321  0.873396
31.01372718	331	-0.018196 0.033040  0.875072
31.01888847	331	-0.019393 0.033279  0.876508
31.02404403	333	-0.013407 0.042138  0.870762
31.02921676	330	-0.023224 0.035194  0.874593
31.03437614	332	-0.030885 0.035673  0.875790
31.03953170	333	-0.032082 0.045489  0.870762
31.04469680	332	-0.038786 0.045489  0.866692
31.04986000	331	-0.039504 0.045250  0.873396
31.05500030	332	-0.043574 0.044771  0.875311
31.06014442	333	-0.038546 0.048123  0.877466
31.06529235	333	-0.050278 0.050038  0.875311
31.07044792	334	-0.054108 0.049559  0.873635
31.07559967	334	-0.050278 0.042856  0.883930
31.08074378	332	-0.053869 0.051954  0.881297
31.08589172	335	-0.049081 0.052672  0.882254
31.09103584	336	-0.056024 0.056503  0.881057
31.09617996	334	-0.055306 0.047884  0.885367
31.10133552	334	-0.055306 0.048841  0.886564
31.10647964	335	-0.047884 0.045489  0.893746
31.11162757	336	-0.046447 0.049320  0.893268
31.11677169	339	-0.049559 0.044053  0.904281
31.12191200	339	-0.044771 0.039983  0.910027
31.12706375	338	-0.036152 0.038546  0.912182
31.13221549	339	-0.038546 0.041659  0.916731
31.13737106	340	-0.036391 0.038307  0.916970
31.14251136	344	-0.035434 0.036152  0.938278
31.14767265	343	-0.031364 0.029688  0.939236
31.15283966	342	-0.023702 0.035673  0.935884
31.15800476	344	-0.026336 0.027054  0.956713
31.16315650	348	-0.021308 0.032561  0.951925
31.16832733	347	-0.019153 0.025139  0.954080
31.17348480	349	-0.017956 0.026815  0.965811
31.17864036	350	-0.016520 0.023224  0.964375
31.18381118	352	-0.011492 0.032082  0.975148
31.18898391	350	-0.017956 0.031364  0.986401
##inga 
#ido(sec)  szog(ADC)     ax(g)    ay(g)   az(g)
31.19467163	354	-0.015562 0.023224  0.995020
31.19994735	354	-0.014844 0.017956  0.999330
31.20521926	357	-0.016280 0.011492  1.005315
31.21048355	358	-0.016280 0.025857  1.025666
31.21564865	359	-0.026097 0.019872  1.027581
31.22081565	360	-0.023224 0.024421  1.018962
31.22597122	362	-0.020111 0.024421  1.039791
31.23112869	361	-0.029448 0.022984  1.048650
31.23627662	366	-0.026336 0.025857  1.056072
31.24142074	364	-0.032321 0.028491  1.077140
31.24657630	367	-0.033279 0.027533  1.075704
31.25173187	368	-0.040222 0.029688  1.091506
31.25689506	369	-0.044771 0.031124  1.086478
31.26204872	373	-0.038067 0.032321  1.100603
31.26720428	377	-0.043335 0.032082  1.095576
31.27235984	377	-0.051235 0.033518  1.117602
31.27751922	380	-0.057939 0.039265  1.132925
31.28267288	383	-0.060094 0.038546  1.134840
31.28782081	381	-0.059615 0.039504  1.153036
31.29297637	386	-0.052672 0.041898  1.159979
31.29812812	388	-0.059615 0.043095  1.155430
31.30327606	390	-0.062967 0.037110  1.173147
31.30843162	393	-0.059136 0.033518  1.170992
31.31360435	392	-0.059615 0.039265  1.188470
31.31876754	395	-0.062009 0.033040  1.189188
31.32392883	399	-0.057460 0.035913  1.204511
31.32909202	401	-0.057221 0.034955  1.212172
31.33426094	404	-0.054108 0.026336  1.217918
31.33943176	406	-0.057460 0.030406  1.219115
31.34460067	407	-0.060573 0.031364  1.234198
31.34976005	409	-0.051475 0.028012  1.244972
31.35491943	411	-0.055545 0.028730  1.249521
31.36007690	413	-0.046686 0.031603  1.241381
31.36522865	414	-0.039983 0.023702  1.255507
31.37038421	416	-0.048362 0.022505  1.269153
31.37553977	416	-0.040701 0.018914  1.277533
31.38069152	419	-0.037349 0.014365  1.278970
31.38584327	424	-0.040222 0.017477  1.285913
31.39099693	426	-0.030406 0.010774  1.290940
31.39613914	428	-0.032800 0.012929  1.290222
31.40130043	430	-0.028251 0.005507  1.304108
31.40645217	434	-0.027772 0.009337  1.303630
31.41160774	435	-0.027294 0.006225  1.314643
31.41675567	437	-0.025139 0.002394  1.311530
31.42189979	440	-0.027533 0.003591  1.320389
31.42704391	442	-0.027054 0.010774  1.323741
31.43219566	449	-0.037589 0.009816  1.328290
31.43735122	447	-0.031843 0.004549  1.333078
31.44249916	449	-0.035194 0.000718  1.333078
31.44764328	453	-0.042856 0.004070  1.323501
31.45279693	456	-0.038786 0.004310  1.340260
31.45795631	456	-0.038546 0.008619  1.345049
31.46312332	456	-0.050278 0.009816  1.350077
31.46828842	460	-0.047884 0.010295  1.349837
31.47344398	461	-0.055784 0.015083  1.353907
31.47860717	467	-0.051954 0.020590  1.347682
31.48377227	469	-0.060812 0.021787  1.346246
31.48893928	472	-0.062727 0.011492  1.346485
31.49410057	472	-0.064164 0.016041  1.348880
31.49925613	477	-0.066319 0.020590  1.352710
31.50441169	477	-0.067755 0.013647  1.346485
31.50955963	480	-0.064643 0.012929  1.349598
31.51471138	485	-0.075656 0.016041  1.351992
31.51987266	485	-0.074938 0.016759  1.345288
31.52503204	489	-0.071586 0.015083  1.348640
31.53018379	493	-0.063925 0.016280  1.346485
31.53532791	495	-0.073501 0.014365  1.346964
31.54048728	500	-0.068234 0.013647  1.344570
31.54564094	503	-0.066798 0.017956  1.338106
31.55079269	504	-0.067276 0.014844  1.331163
31.55593681	505	-0.070868 0.006464  1.325417
31.56108474	506	-0.072783 0.006704  1.324459
31.56623649	510	-0.073262 0.012450  1.322304
31.57138061	511	-0.069910 0.012450  1.324938
31.57652854	515	-0.068473 0.005746  1.307460
31.58167266	517	-0.063685 -0.004310  1.311530
31.58686828	520	-0.059136 -0.000718  1.295968
31.59206771	525	-0.060812 0.005028  1.295011
31.59722328	526	-0.056981 -0.001915  1.290940
31.60243225	528	-0.053630 -0.003112  1.282082
31.60763168	530	-0.054827 -0.005028  1.279688
31.61283683	534	-0.051954 -0.003591  1.277533
31.61804008	535	-0.052911 -0.004310  1.277294
31.62325668	537	-0.049081 -0.019393  1.258380
31.62845611	537	-0.043335 -0.013168  1.248564
31.63365936	541	-0.051235 -0.009098  1.244493
31.63886070	543	-0.043813 -0.010056  1.246409
31.64405632	547	-0.040222 -0.015802  1.227974
31.64925956	548	-0.050278 -0.014365  1.227974
31.65446090	550	-0.042138 -0.013647  1.215045
31.65966415	551	-0.042138 -0.015802  1.215763
31.66487121	555	-0.048123 -0.016999  1.204750
31.67008018	557	-0.040222 -0.019153  1.192779
31.67527580	561	-0.044053 -0.015083  1.193737
31.68048858	562	-0.044292 -0.016520  1.180808
31.68569946	561	-0.048841 -0.014365  1.175302
31.69090080	567	-0.055306 -0.012210  1.162613
31.69609260	567	-0.052193 -0.014365  1.145135
31.70129203	570	-0.051714 -0.011253  1.149684
31.70649147	572	-0.056742 -0.003352  1.137953
31.71168708	575	-0.058179 -0.014604  1.131488
##inga 
#ido(sec)  szog(ADC)     ax(g)    ay(g)   az(g)
31.71742057	576	-0.062967 -0.007901  1.125263
31.72269630	577	-0.074698 -0.002155  1.118560
31.72796440	580	-0.074459 -0.011731  1.093660
31.73323631	580	-0.071586 -0.004549  1.093181
31.73843574	582	-0.069910 -0.005267  1.084802
31.74363136	584	-0.079726 -0.001676  1.077619
31.74882888	584	-0.079726 -0.000718  1.075704
31.75403594	587	-0.084275 -0.005985  1.050804
31.75923538	588	-0.077332 0.000479  1.057269
31.76439666	589	-0.079008 -0.009337  1.051283
31.76960372	591	-0.078768 0.001197  1.036679
31.77477264	591	-0.080923 -0.000958  1.036918
31.77996826	592	-0.073262 -0.004549  1.020877
31.78516769	590	-0.078050 -0.003112  1.013934
31.79036331	593	-0.077093 -0.004549  1.005555
31.79556465	594	-0.075417 -0.004310  0.998851
31.80075645	597	-0.071586 -0.011731  0.996696
31.80595588	597	-0.071107 -0.014126  0.977303
31.81115531	602	-0.070868 -0.005267  0.986401
31.81635665	600	-0.063925 -0.009337  0.973951
31.82156753	601	-0.058657 -0.018196  0.966529
31.82677650	601	-0.063925 -0.020111  0.966769
31.83198738	604	-0.054587 -0.017717  0.963896
31.83720397	607	-0.060094 -0.019632  0.955756
31.84241676	606	-0.054348 -0.021069  0.952164
31.84761619	609	-0.052193 -0.026336  0.941391
31.85282325	609	-0.048362 -0.029209  0.926307
31.85803222	608	-0.042616 -0.025378  0.931574
31.86323165	611	-0.044532 -0.031364  0.934447
31.86843681	611	-0.050757 -0.029209  0.911463
31.87364006	612	-0.044771 -0.023702  0.922237
31.87883949	612	-0.045250 -0.025857  0.911224
31.88404846	611	-0.045011 -0.030406  0.914815
31.88925933	613	-0.050757 -0.029688  0.914336
31.89446067	614	-0.043335 -0.030885  0.909548
31.89967536	614	-0.040462 -0.026815  0.909069
31.90488815	615	-0.051235 -0.022984  0.896619
31.91008758	615	-0.047884 -0.026815  0.895901
31.91529655	616	-0.050038 -0.023702  0.892549
31.92049598	614	-0.051475 -0.018914  0.902844
31.92569541	614	-0.053630 -0.023942  0.901887
31.93089294	616	-0.057221 -0.016280  0.890873
31.93608856	615	-0.057700 -0.019632  0.894704
31.94129562	614	-0.065600 -0.021069  0.895901
31.94651222	614	-0.064882 -0.016999  0.890395
31.95171928	614	-0.063685 -0.019393  0.886564
31.95692825	615	-0.073262 -0.019393  0.900689
31.96214485	617	-0.077571 -0.017238  0.899253
31.96734809	616	-0.068713 -0.012929  0.897338
31.97254753	617	-0.070389 -0.008619  0.897338
31.97773933	616	-0.070868 -0.010534  0.898774
31.98294067	614	-0.077093 -0.004310  0.907393
31.98814010	616	-0.078529 -0.000718  0.899493
31.99334716	613	-0.077571 -0.007422  0.909548
31.99854469	612	-0.073980 -0.005267  0.909309
32.00374221	613	-0.072065 -0.002394  0.914336
32.00894927	612	-0.072544 -0.000479  0.915294
32.01414108	610	-0.072783 -0.004310  0.916252
32.01933288	610	-0.072065 -0.007901  0.923195
32.02453613	610	-0.067516 -0.011013  0.920561
32.02974700	608	-0.067995 -0.007422  0.930377
32.03493881	606	-0.069671 -0.002873  0.937560
32.04013061	607	-0.065600 -0.006704  0.936123
32.04531860	605	-0.064164 -0.015083  0.950010
32.05051422	606	-0.061291 -0.003112  0.948813
32.05571365	605	-0.055545 -0.013407  0.951925
32.06091308	603	-0.051475 -0.016999  0.960783
32.06611251	603	-0.048841 -0.020351  0.974191
32.07131195	602	-0.046926 -0.016999  0.974670
32.07650375	600	-0.047165 -0.016280  0.982331
32.08169937	598	-0.048362 -0.014844  0.990950
32.08689498	595	-0.039504 -0.019872  0.992387
32.09210968	594	-0.035913 -0.017717  0.989035
32.09732055	592	-0.041180 -0.017956  1.014413
32.10251998	589	-0.043574 -0.016999  1.016328
32.10771942	590	-0.042856 -0.020111  1.021835
32.11290740	588	-0.044771 -0.021308  1.030693
32.11811065	588	-0.041659 -0.018196  1.027581
32.12330627	588	-0.050996 -0.007661  1.032609
32.12850189	588	-0.046686 -0.012450  1.050804
32.13367843	584	-0.050038 -0.010056  1.060860
32.13886260	585	-0.054587 -0.010056  1.061578
32.14405822	584	-0.054827 -0.008619  1.074267
32.14926147	583	-0.053390 -0.008140  1.082408
32.15446853	580	-0.062009 -0.005746  1.085281
32.15966796	578	-0.060573 -0.007422  1.093421
32.16486740	576	-0.061530 -0.006704  1.105152
32.17007064	575	-0.059136 -0.002155  1.118081
32.17527389	574	-0.063206 -0.002155  1.119517
32.18046569	572	-0.067755 0.000000  1.128136
32.18556976	571	-0.066079 0.000000  1.137713
32.19068527	568	-0.075656 0.005267  1.155191
32.19582748	564	-0.071586 0.001915  1.151599
32.20097351	565	-0.070149 0.010295  1.156388
32.20612335	560	-0.068473 0.006704  1.170513
32.21127700	559	-0.073262 0.006464  1.174105
32.21642303	555	-0.075177 0.007901  1.195652
32.22158050	554	-0.070389 0.002394  1.201159
32.22673034	550	-0.069910 0.005267  1.197328
32.23188018	547	-0.069671 0.010534  1.218397
32.23702621	547	-0.070149 0.011013  1.214087
##inga 
#ido(sec)  szog(ADC)     ax(g)    ay(g)   az(g)
32.24269866	545	-0.071107 0.011492  1.223185
32.24798583	543	-0.069671 0.008140  1.235396
32.25325775	541	-0.060333 0.007661  1.242817
32.25851440	539	-0.057460 0.013407  1.242817
32.26366043	536	-0.058179 0.002873  1.252394
32.26882171	537	-0.053869 0.002394  1.258859
32.27396392	534	-0.052911 0.009577  1.277054
32.27910614	531	-0.050278 0.003831  1.274421
32.28425216	528	-0.053151 0.005028  1.283997
32.28941345	526	-0.046686 -0.002634  1.288546
32.29461288	521	-0.040940 -0.000958  1.284476
32.29980850	520	-0.039265 0.005267  1.287828
32.30496215	516	-0.043335 0.003831  1.302672
32.31012344	515	-0.037589 -0.006464  1.312009
32.31532287	510	-0.035673 -0.006225  1.306742
32.32053375	509	-0.035913 0.000718  1.312249
32.32568359	504	-0.030885 -0.000718  1.312009
32.33087921	502	-0.033279 0.002873  1.315361
32.33602523	501	-0.031843 -0.008380  1.325895
32.34122467	499	-0.026815 -0.002155  1.340260
32.34641265	500	-0.029927 0.005507  1.335712
32.35156250	493	-0.030645 -0.001437  1.337866
32.35675811	493	-0.039265 -0.001197  1.336909
32.36194610	490	-0.038546 0.006464  1.338585
32.36709976	486	-0.048123 0.009816  1.334993
32.37225341	484	-0.043335 0.012210  1.343612
32.37738800	478	-0.051235 0.013886  1.341458
32.38254928	476	-0.048362 0.014365  1.347922
32.38770294	475	-0.058179 0.018914  1.342176
32.39286422	471	-0.060094 0.023463  1.342894
32.39802551	471	-0.054348 0.022745  1.347922
32.40318298	468	-0.063925 0.016280  1.337627
32.40835189	462	-0.063446 0.028251  1.340739
32.41352081	463	-0.063446 0.029927  1.352231
32.41867446	460	-0.069192 0.036870  1.337148
32.42383575	455	-0.067276 0.027533  1.344810
32.42898941	454	-0.074698 0.030885  1.329726
32.43415069	452	-0.062727 0.027054  1.323262
32.43930435	449	-0.068234 0.033279  1.339782
32.44446182	448	-0.065600 0.032561  1.323022
32.44960784	446	-0.060333 0.032561  1.319431
32.45476531	447	-0.062009 0.024899  1.321107
32.45991897	444	-0.052911 0.027294  1.325895
32.46507263	439	-0.053630 0.024899  1.322065
32.47021484	436	-0.052911 0.030645  1.304108
32.47537612	435	-0.050517 0.025618  1.304108
32.48052215	432	-0.045968 0.025139  1.299799
32.48567199	430	-0.044292 0.023942  1.294532
32.49081420	427	-0.040940 0.025378  1.284237
32.49596023	422	-0.043574 0.026815  1.289025
32.50110244	422	-0.035913 0.018675  1.283997
32.50624847	421	-0.033758 0.018435  1.278251
32.51139068	415	-0.033758 0.017717  1.266280
32.51653671	414	-0.030167 0.018435  1.266759
32.52168655	410	-0.028251 0.019872  1.264844
32.52683639	411	-0.027294 0.020111  1.243057
32.53199386	409	-0.027533 0.023702  1.246888
32.53713989	408	-0.023463 0.018675  1.224861
32.54227828	405	-0.016280 0.019872  1.232762
32.54742431	403	-0.024181 0.018675  1.211214
32.55258560	401	-0.021548 0.018196  1.216003
32.55773925	401	-0.021787 0.019872  1.214327
32.56290054	396	-0.023224 0.020590  1.189906
32.56807327	396	-0.026575 0.024181  1.198765
32.57322692	393	-0.032321 0.022505  1.181287
32.57838439	390	-0.030406 0.022984  1.174823
32.58353424	387	-0.035194 0.023702  1.163810
32.58869552	387	-0.037349 0.030645  1.150163
32.59384536	386	-0.039265 0.028970  1.145375
32.59900283	384	-0.037349 0.033758  1.143220
32.60415267	382	-0.042138 0.032561  1.130531
32.60931777	379	-0.042856 0.031364  1.119757
32.61447143	378	-0.039743 0.032321  1.114490
32.61961364	376	-0.037349 0.034237  1.118081
32.62476730	373	-0.037828 0.036870  1.097970
32.62991333	371	-0.041659 0.033758  1.089351
32.63505554	368	-0.041419 0.038546  1.085760
32.64020156	368	-0.042377 0.039983  1.073070
32.64534759	366	-0.047165 0.043335  1.080253
32.65050506	364	-0.039025 0.040222  1.061339
32.65564346	362	-0.046208 0.048602  1.044101
32.66078948	362	-0.042856 0.038307  1.045298
32.66592788	360	-0.043335 0.043335  1.037876
32.67108154	359	-0.046208 0.044053  1.032130
32.67621994	359	-0.045250 0.039025  1.011061
32.68136215	357	-0.042616 0.037349  1.013216
32.68650817	354	-0.050757 0.045968  1.008427
32.69165420	353	-0.043574 0.038067  0.995738
32.69680023	352	-0.040462 0.039743  0.989514
32.70194244	352	-0.038786 0.042856  0.992865
32.70709228	351	-0.039504 0.042138  0.980416
32.71223068	349	-0.037349 0.041898  0.972036
32.71736907	346	-0.034716 0.036631  0.958629
32.72251129	345	-0.028970 0.038786  0.958629
32.72765731	345	-0.028730 0.038546  0.962938
32.73280715	345	-0.025139 0.034955  0.949291
32.73797225	344	-0.026815 0.036152  0.939236
32.74314117	344	-0.026575 0.033997  0.934687
32.74830245	343	-0.023702 0.040701  0.930377
32.75345611	342	-0.022505 0.032321  0.929420
32.75861740	341	-0.019872 0.030167  0.927983
##inga 
#ido(sec)  szog(ADC)     ax(g)    ay(g)   az(g)
32.76431655	339	-0.025139 0.031364  0.916012
32.76959991	340	-0.022026 0.035194  0.905478
32.77485656	340	-0.016759 0.036152  0.905717
32.78011703	338	-0.015323 0.036152  0.904999
32.78526687	339	-0.013886 0.032321  0.903084
32.79042434	339	-0.018435 0.033040  0.893746
32.79557418	339	-0.024181 0.034476  0.894465
32.80073928	336	-0.018435 0.030406  0.899493
32.80591201	338	-0.017238 0.034237  0.888240
32.81107330	337	-0.025378 0.039025  0.881057
32.81622314	337	-0.029688 0.039504  0.876987
32.82137680	336	-0.025378 0.041419  0.883451
32.82652282	336	-0.028251 0.040940  0.882733
32.83166503	335	-0.030645 0.042138  0.878903
32.83682250	335	-0.027054 0.036391  0.880339
32.84197235	335	-0.035434 0.041180  0.873396
32.84711837	333	-0.033518 0.042616  0.881776
32.85227203	333	-0.039025 0.043095  0.877945
32.85742568	333	-0.039983 0.046447  0.875790
32.86256027	334	-0.032800 0.044053  0.879142
32.86770248	334	-0.035673 0.042856  0.889437
32.87284851	335	-0.040222 0.050517  0.886803
32.87799835	337	-0.042377 0.044292  0.891592
32.88314437	337	-0.038307 0.043095  0.882254
32.88828659	338	-0.045729 0.035434  0.887761
32.89343261	339	-0.043335 0.037828  0.885606
32.89857864	339	-0.035673 0.039983  0.897817
32.90372467	338	-0.038546 0.047165  0.893268
32.90886688	339	-0.041180 0.043574  0.904520
32.91401290	339	-0.032321 0.035194  0.902844
32.91916656	339	-0.037349 0.037349  0.901887
32.92432785	341	-0.036870 0.038067  0.908111
32.92948532	343	-0.024899 0.034476  0.910984
32.93464660	342	-0.030167 0.032561  0.921998
32.93980789	344	-0.029927 0.036152  0.927983
32.94496917	344	-0.025378 0.031843  0.923913
32.95011520	345	-0.029927 0.031603  0.929899
32.95527267	345	-0.031124 0.032082  0.943785
32.96042251	348	-0.030885 0.031843  0.950249
32.96557617	349	-0.028491 0.027054  0.960065
32.97074508	350	-0.026815 0.029927  0.952404
32.97590255	350	-0.020111 0.036631  0.961502
32.98106002	352	-0.022026 0.028970  0.969163
32.98620986	353	-0.024899 0.028491  0.975867
32.99135589	351	-0.032561 0.034237  0.973233
32.99651336	355	-0.026575 0.031124  0.976106
33.00165557	357	-0.029688 0.023942  0.995260
33.00680160	357	-0.030885 0.025139  1.004597
33.01194763	357	-0.030645 0.029448  1.012019
33.01709747	357	-0.032800 0.033758  1.016328
33.02224731	361	-0.029688 0.029209  1.026863
33.02739334	361	-0.036391 0.029209  1.032609
33.03255081	364	-0.041180 0.037349  1.029017
33.03769302	363	-0.036870 0.033518  1.042904
33.04283523	367	-0.034955 0.028730  1.049847
33.04797744	369	-0.039265 0.034237  1.063254
33.05311965	367	-0.038067 0.032800  1.067564
33.05826568	372	-0.036631 0.032800  1.082168
33.06340789	375	-0.037589 0.036391  1.084084
33.06856155	375	-0.045250 0.033518  1.091984
33.07371139	379	-0.047884 0.034716  1.099406
33.07886505	381	-0.043574 0.031603  1.110419
33.08400726	382	-0.048841 0.031843  1.121672
33.08916854	382	-0.044053 0.026815  1.128136
33.09432983	384	-0.044292 0.040222  1.133882
33.09948348	386	-0.053151 0.027294  1.144417
33.10465240	389	-0.048841 0.030645  1.148008
33.10981369	391	-0.047644 0.033997  1.159500
33.11496734	392	-0.055066 0.028251  1.163331
33.12013626	392	-0.047644 0.033040  1.168598
33.12528228	396	-0.049799 0.028730  1.185836
33.13044357	400	-0.047165 0.028970  1.193019
33.13560867	403	-0.049081 0.032321  1.198525
33.14077377	403	-0.043813 0.020829  1.211693
33.14593124	404	-0.043095 0.026575  1.215284
33.15108489	405	-0.038786 0.026575  1.222946
33.15623855	409	-0.040940 0.027054  1.218158
33.16138839	409	-0.036391 0.021787  1.238029
33.16653442	413	-0.034955 0.015802  1.239226
33.17168045	416	-0.034476 0.019632  1.243536
33.17682266	417	-0.039265 0.013168  1.257422
33.18196487	418	-0.033518 0.014126  1.259816
33.18710708	419	-0.032082 0.007422  1.274181
33.19225692	425	-0.035434 0.015802  1.273942
33.19739532	427	-0.034237 0.013647  1.271308
33.20254516	429	-0.031843 0.016520  1.290940
33.20768737	432	-0.037349 0.015802  1.283997
33.21284103	433	-0.040701 0.013647  1.298602
33.21799087	435	-0.035194 0.014844  1.296447
33.22314834	437	-0.039983 0.011253  1.294292
33.22829818	439	-0.034955 0.015083  1.306503
33.23344039	445	-0.040701 0.016999  1.320868
33.23857879	448	-0.041419 0.014604  1.317755
33.24371719	447	-0.047884 0.014604  1.310094
33.24887084	451	-0.049320 0.018675  1.317516
33.25403213	452	-0.051714 0.015323  1.319671
33.25918960	453	-0.054108 0.012929  1.324459
33.26434707	457	-0.055306 0.018435  1.325895
33.26951980	456	-0.060573 0.019872  1.329487
33.27467346	459	-0.058657 0.016280  1.335712
33.27983093	464	-0.061052 0.016759  1.331881
##inga 
#ido(sec)  szog(ADC)     ax(g)    ay(g)   az(g)
33.28553390	466	-0.064643 0.021308  1.325656
33.29079818	469	-0.062727 0.019393  1.333796
33.29606628	470	-0.062009 0.011971  1.334036
33.30132293	473	-0.062967 0.022266  1.344331
33.30648422	475	-0.063446 0.023702  1.334993
33.31164932	478	-0.066798 0.013886  1.338585
33.31681060	479	-0.069910 0.015802  1.335712
33.32197189	484	-0.062249 0.011253  1.326374
33.32712936	487	-0.054108 0.010774  1.328768
33.33227539	489	-0.056024 0.015323  1.337388
33.33743286	493	-0.057460 0.005507  1.337627
33.34257888	495	-0.052193 0.003591  1.316558
33.34772491	495	-0.050038 0.001197  1.321825
33.35286331	502	-0.056503 -0.001915  1.322065
33.35805892	503	-0.052193 0.002634  1.321825
33.36320877	504	-0.056503 -0.001915  1.311530
33.36839675	506	-0.050278 -0.001915  1.311052
33.37359237	506	-0.054827 0.002634  1.312967
33.37873458	510	-0.048362 0.000479  1.301475
33.38388442	513	-0.055306 0.000479  1.290462
33.38904190	517	-0.051714 -0.002394  1.303151
33.39422988	522	-0.052672 -0.003112  1.292138
33.39942169	524	-0.049559 -0.001676  1.288067
33.40462875	523	-0.052432 0.001915  1.274660
33.40979385	527	-0.054108 -0.002394  1.273224
33.41499710	527	-0.051714 -0.007661  1.271548
33.42019653	533	-0.054348 -0.004310  1.260534
33.42539596	534	-0.050038 -0.001437  1.262210
33.43059539	537	-0.055545 -0.000958  1.249521
33.43578720	538	-0.051714 -0.008380  1.248085
33.44098663	540	-0.050038 -0.015083  1.238029
33.44619369	542	-0.047644 -0.009816  1.225579
33.45138168	544	-0.052432 -0.004070  1.224622
33.45657348	548	-0.054348 -0.008858  1.215045
33.46176528	549	-0.053869 -0.009098  1.198286
33.46695709	548	-0.058657 -0.001676  1.201877
33.47215270	551	-0.057700 -0.013647  1.199483
33.47735977	552	-0.063446 -0.004549  1.187991
33.48255920	557	-0.063446 -0.000479  1.179372
33.48776245	560	-0.066319 -0.003352  1.165246
33.49296569	562	-0.066319 -0.000479  1.165486
33.49817276	564	-0.062009 -0.010534  1.164288
33.50336074	567	-0.067755 -0.009098  1.147529
33.50854873	565	-0.062727 -0.007901  1.150642
33.51374435	570	-0.068713 -0.015323  1.142501
33.51893997	573	-0.069910 -0.006464  1.126221
33.52412414	574	-0.063206 -0.006225  1.124545
33.52931976	575	-0.065361 -0.015083  1.111138
33.53450775	575	-0.063446 -0.004549  1.095097
33.53969955	575	-0.061770 -0.008619  1.092463
33.54489898	578	-0.069910 -0.008140  1.081689
33.55009841	581	-0.062249 -0.008619  1.080971
33.55529022	584	-0.063925 -0.008140  1.073549
33.56049346	584	-0.069671 -0.011492  1.058945
33.56569290	583	-0.066079 -0.006943  1.058466
33.57089233	586	-0.068952 -0.015802  1.045537
33.57608795	588	-0.066558 -0.015562  1.035961
33.58128356	587	-0.065361 -0.006943  1.028778
33.58647537	589	-0.058897 -0.014604  1.026863
33.59167480	590	-0.067276 -0.012450  1.014413
33.59687423	592	-0.060573 -0.017238  1.013695
33.60207366	593	-0.062967 -0.016041  1.006991
33.60726928	593	-0.056503 -0.017477  0.996696
33.61246490	593	-0.056981 -0.019872  0.988556
33.61767578	594	-0.056503 -0.014365  0.978740
33.62286758	598	-0.058418 -0.014844  0.984246
33.62806701	600	-0.057939 -0.012210  0.972754
33.63326644	599	-0.057939 -0.016999  0.966769
33.63848876	601	-0.055784 -0.025378  0.962699
33.64369201	600	-0.053869 -0.024899  0.946418
33.64888381	600	-0.053630 -0.024181  0.951446
33.65407943	603	-0.049799 -0.020829  0.946418
33.65927886	605	-0.055784 -0.026336  0.937081
33.66447830	606	-0.057460 -0.022266  0.932532
33.66968154	607	-0.057700 -0.024181  0.928462
33.67488098	608	-0.058657 -0.021308  0.928941
33.68008041	607	-0.057700 -0.019632  0.931335
33.68528747	609	-0.056263 -0.023224  0.918167
33.69049453	608	-0.064164 -0.019393  0.914576
33.69569778	610	-0.059136 -0.013647  0.915773
33.70091247	609	-0.062249 -0.023463  0.909548
33.70611953	611	-0.060573 -0.016280  0.906914
33.71131134	611	-0.063446 -0.016041  0.915533
33.71649932	612	-0.063925 -0.019632  0.898774
33.72169494	612	-0.069671 -0.015802  0.908351
33.72688674	612	-0.068713 -0.020829  0.902605
33.73208618	613	-0.062967 -0.015802  0.899493
33.73728179	612	-0.068234 -0.015802  0.902126
33.74248123	611	-0.072304 -0.018196  0.903323
33.74768066	611	-0.062727 -0.016999  0.900689
33.75288772	612	-0.067995 -0.016999  0.908111
33.75808334	612	-0.066798 -0.010774  0.895901
33.76328277	610	-0.067276 -0.012450  0.899253
33.76848220	610	-0.066319 -0.014365  0.907154
33.77367782	611	-0.065840 -0.007901  0.900211
33.77887725	611	-0.062488 -0.015083  0.896141
33.78407287	611	-0.069192 -0.006704  0.900929
33.78927230	609	-0.062967 -0.015323  0.903084
33.79447174	611	-0.058179 -0.007422  0.912421
33.79965972	611	-0.061530 -0.010774  0.913858
33.80485534	609	-0.062488 -0.015562  0.916252
##inga 
#ido(sec)  szog(ADC)     ax(g)    ay(g)   az(g)
33.81058120	609	-0.062009 -0.011492  0.919364
33.81585311	609	-0.057939 -0.013168  0.913139
33.82113647	609	-0.054587 -0.020351  0.927744
33.82642364	607	-0.056742 -0.010056  0.921280
33.83161544	607	-0.059854 -0.016280  0.929420
33.83681106	607	-0.047884 -0.012929  0.935405
33.84201049	604	-0.055306 -0.019872  0.943545
33.84722518	605	-0.048841 -0.019872  0.948334
33.85242080	601	-0.051714 -0.008619  0.946179
33.85763168	603	-0.052911 -0.024421  0.956953
33.86282730	601	-0.046926 -0.010774  0.957431
33.86801910	601	-0.055784 -0.009816  0.963417
33.87321472	599	-0.053390 -0.012689  0.966051
33.87841415	597	-0.051475 -0.018196  0.981134
33.88361740	596	-0.056981 -0.017477  0.984007
33.88881301	593	-0.051235 -0.011253  0.994781
33.89400863	592	-0.057460 -0.012689  0.996935
33.89921188	592	-0.055784 -0.006704  0.997414
33.90441513	592	-0.054827 -0.002634  1.009146
33.90961074	590	-0.052911 -0.004070  1.014892
33.91481018	590	-0.053869 -0.006225  1.027581
33.92000579	589	-0.062009 -0.010056  1.022074
33.92519378	588	-0.056263 -0.003352  1.032609
33.93038940	587	-0.056024 -0.003112  1.041467
33.93558120	584	-0.060333 -0.005985  1.041228
33.94077682	583	-0.058657 -0.004070  1.062536
33.94597244	582	-0.059615 -0.008619  1.073310
33.95116424	582	-0.060812 -0.008619  1.079295
33.95635604	577	-0.060812 -0.003112  1.089590
33.96155166	579	-0.065840 -0.003112  1.086717
33.96674728	575	-0.063446 -0.004070  1.100603
33.97193908	576	-0.062488 -0.001915  1.103237
33.97713088	572	-0.063685 -0.002394  1.111377
33.98234176	570	-0.063685 0.002155  1.124306
33.98749923	571	-0.060333 -0.005028  1.125742
33.99269485	569	-0.059136 0.000239  1.137474
33.99785995	566	-0.060333 -0.000479  1.146572
34.00306320	565	-0.063446 0.001197  1.146811
34.00820922	562	-0.057700 0.005267  1.159021
34.01333999	559	-0.054587 0.001197  1.159500
34.01847457	557	-0.058897 0.005028  1.177696
34.02362823	555	-0.058657 -0.001676  1.188709
34.02882385	552	-0.060573 0.002873  1.192540
34.03397369	548	-0.053869 0.001437  1.192540
34.03912353	549	-0.061291 0.004310  1.196370
34.04426956	545	-0.060812 0.001676  1.209538
34.04941558	541	-0.055545 -0.001437  1.217679
34.05461120	542	-0.056024 0.001676  1.216960
34.05976486	540	-0.057221 0.010774  1.232762
34.06490707	537	-0.053151 0.002155  1.229171
34.07006072	538	-0.052432 0.004788  1.246409
34.07519531	536	-0.050757 0.005028  1.250239
34.08034133	531	-0.048602 0.003591  1.253352
34.08548355	529	-0.049559 0.003831  1.264844
34.09063720	527	-0.054587 0.005985  1.264365
34.09577941	524	-0.047405 0.001915  1.270590
34.10093307	523	-0.052911 0.001437  1.277773
34.10609436	520	-0.049320 0.003112  1.284716
34.11125183	518	-0.045011 0.003591  1.282561
34.11640548	515	-0.044532 0.005507  1.294292
34.12155914	511	-0.043335 0.008858  1.291419
34.12672042	507	-0.045489 0.005507  1.300278
34.13187789	506	-0.051714 0.006464  1.302433
34.13703918	504	-0.045968 0.007422  1.304587
34.14219284	503	-0.050278 0.004310  1.322304
34.14733123	502	-0.050038 0.008619  1.315361
34.15250015	500	-0.046447 0.001915  1.314643
34.15765380	496	-0.045250 0.014604  1.316079
34.16280364	492	-0.041419 0.012689  1.313446
34.16795349	490	-0.045968 0.017717  1.327571
34.17310714	488	-0.049559 0.009577  1.332599
34.17826080	483	-0.051235 0.014126  1.319431
34.18340682	481	-0.056742 0.018435  1.328290
34.18855667	478	-0.052911 0.019153  1.335951
34.19369125	476	-0.053390 0.014365  1.331163
34.19883728	474	-0.054348 0.018196  1.325417
34.20399093	470	-0.058418 0.022505  1.329966
34.20914459	469	-0.055066 0.032561  1.335951
34.21429061	464	-0.055306 0.025618  1.335472
34.21943664	463	-0.063206 0.017956  1.322304
34.22458267	461	-0.059136 0.020111  1.329726
34.22973251	459	-0.059615 0.022745  1.329966
34.23488616	454	-0.057460 0.027294  1.332839
34.24003982	453	-0.057460 0.026097  1.318234
34.24518966	451	-0.058657 0.019393  1.317995
34.25034332	450	-0.050038 0.022026  1.320149
34.25549697	449	-0.053630 0.026336  1.305784
34.26065063	448	-0.049799 0.027294  1.311291
34.26582336	445	-0.047884 0.020111  1.296447
34.27098083	442	-0.045011 0.020111  1.303390
34.27613830	437	-0.039265 0.022026  1.306981
34.28130722	435	-0.042377 0.022505  1.288546
34.28646850	433	-0.044053 0.021069  1.290940
34.29162216	432	-0.039504 0.020111  1.290462
34.29679107	430	-0.040222 0.020111  1.274899
34.30194473	426	-0.036631 0.023942  1.274660
34.30709838	422	-0.038546 0.026575  1.284476
34.31225585	420	-0.031843 0.022266  1.265323
34.31740951	421	-0.031364 0.022745  1.258859
34.32255935	417	-0.034237 0.021787  1.247366
34.32771301	413	-0.039743 0.024181  1.240902
##inga 
#ido(sec)  szog(ADC)     ax(g)    ay(g)   az(g)
34.33339691	411	-0.037828 0.025618  1.238987
34.33868026	408	-0.035673 0.021787  1.233959
34.34396362	408	-0.036631 0.020111  1.232283
34.34925460	405	-0.038307 0.029448  1.225579
34.35440444	407	-0.035673 0.027772  1.213848
34.35955810	402	-0.038546 0.033040  1.203553
34.36470031	401	-0.031603 0.024181  1.202356
34.36985778	399	-0.041898 0.030645  1.185836
34.37500762	399	-0.035434 0.032082  1.182963
34.38015365	396	-0.036870 0.027533  1.169077
34.38529968	391	-0.033997 0.024181  1.169316
34.39044570	391	-0.041419 0.028251  1.158064
34.39559936	389	-0.039025 0.027772  1.150881
34.40074539	386	-0.038067 0.033279  1.138671
34.40588760	385	-0.037349 0.030167  1.138910
34.41103363	383	-0.038786 0.029448  1.121672
34.41617965	379	-0.033758 0.033040  1.118081
34.42132949	381	-0.038786 0.030406  1.111377
34.42647933	380	-0.037828 0.033518  1.100843
34.43163299	376	-0.036391 0.039504  1.103237
34.43679046	374	-0.040701 0.040940  1.083605
34.44193649	373	-0.039504 0.039265  1.074267
34.44710922	371	-0.039025 0.036152  1.075464
34.45227050	369	-0.035194 0.032321  1.069000
34.45743179	366	-0.042856 0.041419  1.049847
34.46259307	367	-0.033518 0.037828  1.066846
34.46775817	365	-0.036152 0.039265  1.053678
34.47292709	363	-0.035673 0.034716  1.041228
34.47808837	360	-0.039743 0.031843  1.025426
34.48325347	358	-0.040222 0.039743  1.018723
34.48839950	359	-0.041419 0.035913  1.025666
34.49356460	360	-0.036391 0.034237  1.010822
34.49871826	355	-0.036870 0.043335  1.005555
34.50387191	353	-0.036631 0.037349  0.998133
34.50901412	354	-0.037828 0.034476  0.982092
34.51416015	351	-0.039983 0.038786  0.980655
34.51930618	352	-0.039025 0.039743  0.971078
34.52445602	351	-0.033518 0.037589  0.962699
34.52959823	350	-0.030406 0.040462  0.963896
34.53474426	350	-0.030885 0.033518  0.957910
34.53987884	346	-0.039265 0.041419  0.947615
34.54503250	347	-0.028730 0.036631  0.940672
34.55017471	344	-0.031364 0.039265  0.947137
34.55532836	345	-0.030406 0.036152  0.938278
34.56047439	344	-0.030885 0.039025  0.927025
34.56562042	344	-0.026097 0.040222  0.929420
34.57076263	343	-0.023224 0.037828  0.922716
34.57591247	341	-0.025139 0.032082  0.914576
34.58105468	342	-0.029688 0.035673  0.911463
34.58620071	342	-0.017956 0.029688  0.913858
34.59134674	342	-0.026097 0.033040  0.901168
34.59649276	341	-0.023224 0.033758  0.897817
34.60165786	341	-0.028012 0.035673  0.892310
34.60681915	338	-0.025857 0.038067  0.899732
34.61198043	339	-0.026575 0.035913  0.891592
34.61714935	337	-0.030167 0.041419  0.883691
34.62231445	336	-0.026336 0.036870  0.898056
34.62747192	339	-0.023942 0.035673  0.887522
34.63263320	339	-0.032561 0.032800  0.888719
34.63778686	336	-0.026815 0.043095  0.886085
34.64293289	336	-0.029927 0.037110  0.891352
34.64808273	338	-0.026097 0.032800  0.885127
34.65322494	339	-0.025857 0.041180  0.892549
34.65837097	337	-0.031364 0.039025  0.884170
34.66352844	339	-0.027294 0.042138  0.884170
34.66867065	338	-0.035913 0.041659  0.885846
34.67381668	339	-0.026575 0.038307  0.896619
34.67895889	337	-0.037828 0.039025  0.882254
34.68410491	339	-0.033040 0.031603  0.895422
34.68925094	339	-0.033279 0.038546  0.896141
34.69439697	340	-0.034237 0.040462  0.893986
34.69953536	340	-0.032800 0.036631  0.887522
34.70468521	338	-0.039025 0.039504  0.904520
34.70982742	342	-0.031603 0.033518  0.905478
34.71498489	342	-0.035673 0.034716  0.900689
34.72012329	342	-0.033758 0.035673  0.910266
34.72526550	343	-0.032321 0.033758  0.910984
34.73041152	343	-0.028251 0.036870  0.909787
34.73556137	346	-0.040701 0.034237  0.917928
34.74070358	345	-0.031603 0.033040  0.925350
34.74584960	347	-0.028970 0.036391  0.923195
34.75099945	348	-0.034476 0.029209  0.933490
34.75614547	349	-0.031843 0.029927  0.929420
34.76128005	349	-0.035434 0.032800  0.941391
34.76642227	351	-0.031843 0.038786  0.945461
34.77156829	350	-0.035913 0.035194  0.946658
34.77672958	351	-0.033279 0.032561  0.962699
34.78188705	353	-0.027054 0.030406  0.960305
34.78704452	354	-0.032800 0.036631  0.971557
34.79220581	355	-0.033040 0.029209  0.976585
34.79736709	356	-0.029927 0.032321  0.985683
34.80252838	357	-0.030885 0.029688  0.996217
34.80769729	358	-0.033997 0.035194  0.991429
34.81285858	356	-0.035673 0.032082  0.998851
34.81801986	359	-0.036391 0.024181  1.003160
34.82316970	362	-0.031843 0.031843  1.009146
34.82833099	363	-0.034237 0.025857  1.024469
34.83348464	364	-0.037349 0.033279  1.032848
34.83863830	364	-0.033279 0.027533  1.042664
34.84378433	369	-0.037828 0.027533  1.036200
34.84894180	369	-0.036391 0.028012  1.050804
##inga 
#ido(sec)  szog(ADC)     ax(g)    ay(g)   az(g)
34.85462188	371	-0.039265 0.027772  1.050804
34.85988616	373	-0.043574 0.034955  1.067324
34.86516189	373	-0.037828 0.028251  1.078577
34.87042617	375	-0.036870 0.030645  1.086478
34.87557220	380	-0.035434 0.028012  1.098688
34.88072967	382	-0.042616 0.024660  1.093900
34.88587570	381	-0.040222 0.033758  1.117363
34.89102172	383	-0.047165 0.025618  1.116644
34.89616394	385	-0.038786 0.029927  1.118081
34.90132141	389	-0.042616 0.029688  1.135558
34.90645980	388	-0.043335 0.029927  1.140825
34.91160583	390	-0.046208 0.031124  1.145853
34.91675949	394	-0.045489 0.031364  1.152557
34.92190551	395	-0.040940 0.032082  1.160458
34.92705154	396	-0.042856 0.022266  1.167640
34.93220901	400	-0.046686 0.021308  1.178414
34.93735122	403	-0.046208 0.022984  1.176499
34.94250488	404	-0.050038 0.028730  1.191822
34.94765090	407	-0.039025 0.026575  1.201638
34.95280838	408	-0.043813 0.022505  1.207862
34.95795822	409	-0.043813 0.027772  1.211933
34.96311569	409	-0.045250 0.019153  1.215045
34.96827697	412	-0.041898 0.028491  1.234917
34.97344970	415	-0.044053 0.023942  1.233001
34.97861480	417	-0.041180 0.019153  1.236593
34.98377227	415	-0.040701 0.021069  1.243536
34.98893356	419	-0.040462 0.017717  1.256704
34.99409866	423	-0.034955 0.018675  1.254549
34.99925994	425	-0.038786 0.010534  1.262210
35.00441741	426	-0.036391 0.017477  1.276097
35.00958633	430	-0.042616 0.013407  1.277054
35.01473999	431	-0.043335 0.012450  1.271069
35.01989364	434	-0.033040 0.009098  1.277054
35.02503967	434	-0.033758 0.015323  1.278970
35.03018951	438	-0.034955 0.018675  1.291180
35.03533935	442	-0.034237 0.009337  1.297644
35.04049682	445	-0.034476 0.011971  1.302433
35.04564285	448	-0.043335 0.013407  1.307700
35.05077362	447	-0.047884 0.013407  1.307460
35.05591583	449	-0.046686 0.010056  1.304348
35.06106567	451	-0.043574 0.017477  1.314643
35.06621551	455	-0.054587 0.014126  1.309376
35.07136535	457	-0.055545 0.011731  1.327811
35.07650756	458	-0.049799 0.014844  1.327093
35.08166503	461	-0.061052 0.021308  1.317037
35.08681106	464	-0.056263 0.017477  1.319192
35.09195327	465	-0.058657 0.016520  1.323741
35.09709548	468	-0.065600 0.022984  1.321825
35.10224151	469	-0.063685 0.017477  1.333317
35.10738754	474	-0.060573 0.011492  1.330684
35.11252975	476	-0.062967 0.013407  1.315361
35.11767578	478	-0.061770 0.016520  1.313446
35.12283325	481	-0.063206 0.018435  1.312967
35.12798690	482	-0.065600 0.016280  1.325417
35.13314437	484	-0.059615 0.013886  1.330684
35.13831710	489	-0.057460 0.010295  1.322304
35.14347457	492	-0.058418 0.010295  1.308897
35.14863967	492	-0.056503 0.004310  1.313206
35.15378952	496	-0.055784 0.010295  1.320628
35.15895462	501	-0.058179 0.004070  1.316079
35.16411972	503	-0.051235 0.003112  1.311770
35.16927337	503	-0.059854 0.000479  1.304587
35.17442321	505	-0.053869 -0.003591  1.301475
35.17962265	507	-0.057939 0.002394  1.288786
35.18477249	510	-0.053869 0.002394  1.289265
35.18992614	512	-0.060573 -0.001915  1.283519
35.19512557	515	-0.054827 0.001676  1.286631
35.20026779	520	-0.052193 -0.002634  1.275378
35.20545578	521	-0.047405 0.004549  1.274899
35.21060180	523	-0.049081 -0.003352  1.270111
35.21579742	526	-0.052672 -0.005267  1.263886
35.22098922	528	-0.052911 -0.001197  1.263168
35.22618865	530	-0.047165 -0.005267  1.258619
35.23137664	531	-0.052432 -0.011013  1.248803
35.23657989	535	-0.047405 -0.006943  1.237071
35.24177169	537	-0.051714 -0.003352  1.238269
35.24697875	536	-0.054587 -0.012210  1.235635
35.25219345	541	-0.052911 -0.006704  1.226776
35.25740051	541	-0.048841 -0.004788  1.209538
35.26259994	542	-0.050278 -0.010295  1.202356
35.26778793	548	-0.060094 -0.004549  1.202356
35.27297973	548	-0.059615 -0.008380  1.202116
35.27817153	549	-0.054348 -0.009098  1.191343
35.28336334	550	-0.064882 -0.008619  1.172189
35.28855895	554	-0.058179 -0.012210  1.182245
35.29375457	558	-0.068952 -0.004310  1.162134
35.29894638	560	-0.063685 -0.007183  1.156388
35.30414962	562	-0.062967 -0.008380  1.140107
35.30934143	564	-0.062727 -0.004788  1.143699
35.31454086	565	-0.066079 -0.005985  1.142501
35.31974029	568	-0.066558 0.000239  1.120714
35.32489013	567	-0.070149 -0.006464  1.117363
35.33010101	569	-0.061052 -0.011731  1.125024
35.33529281	571	-0.071586 -0.005267  1.115687
35.34048461	575	-0.069910 -0.013647  1.098209
35.34568405	576	-0.068473 -0.004788  1.089351
35.35088729	575	-0.063925 -0.005267  1.083605
35.35608291	579	-0.069910 -0.009098  1.075225
35.36127471	580	-0.068234 -0.002873  1.063733
35.36646652	581	-0.068234 -0.002394  1.066367
35.37166213	581	-0.066798 -0.008858  1.055353
##inga 
#ido(sec)  szog(ADC)     ax(g)    ay(g)   az(g)
35.37740325	584	-0.073980 -0.011492  1.054396
35.38267135	587	-0.067276 -0.012450  1.041946
35.38795852	587	-0.061052 -0.012210  1.036918
35.39323425	587	-0.074698 -0.007422  1.028060
35.39842987	589	-0.065840 -0.015323  1.017286
35.40363311	591	-0.067755 -0.015802  1.008188
35.40883636	592	-0.062727 -0.016520  1.012019
35.41404342	592	-0.068234 -0.016520  1.009625
35.41925048	590	-0.055784 -0.017717  0.995260
35.42444610	592	-0.055545 -0.017477  0.985683
35.42964935	592	-0.059615 -0.015802  0.984246
35.43484878	591	-0.058897 -0.018196  0.976824
35.44004058	595	-0.055784 -0.021069  0.969163
35.44524002	596	-0.056742 -0.019632  0.964614
35.45043945	598	-0.054348 -0.021069  0.960783
35.45563125	601	-0.053869 -0.019632  0.963178
35.46084976	599	-0.049320 -0.018675  0.946658
35.46605682	601	-0.057939 -0.025378  0.949291
35.47126388	602	-0.057460 -0.020351  0.941869
35.47646331	603	-0.052911 -0.023702  0.937799
35.48166656	602	-0.051714 -0.022745  0.934208
35.48685836	604	-0.046686 -0.023942  0.928701
35.49205780	606	-0.054348 -0.018435  0.921758
35.49724960	606	-0.056263 -0.015562  0.927025
35.50244140	605	-0.058418 -0.019393  0.918406
35.50764083	608	-0.055066 -0.015323  0.926068
35.51284027	608	-0.057221 -0.019632  0.911942
35.51803970	608	-0.063206 -0.019872  0.913139
35.52323150	608	-0.057700 -0.023224  0.913858
35.52844238	607	-0.067037 -0.014365  0.918885
35.53364181	609	-0.059615 -0.025139  0.905717
35.53883743	609	-0.061530 -0.013647  0.908111
35.54403686	609	-0.067037 -0.016041  0.904760
35.54924392	607	-0.064882 -0.017956  0.906675
35.55443954	610	-0.065600 -0.011013  0.906914
35.55962753	610	-0.069431 -0.018435  0.902844
35.56482315	610	-0.066798 -0.014365  0.904281
35.57002258	610	-0.069910 -0.017238  0.907872
35.57521057	607	-0.065840 -0.008380  0.911942
35.58040618	610	-0.071107 -0.016759  0.906675
35.58559417	609	-0.067276 -0.006943  0.906675
35.59078979	607	-0.072304 -0.008619  0.908111
35.59600448	609	-0.067037 -0.013407  0.906914
35.60120010	609	-0.066558 -0.007901  0.916252
35.60639572	608	-0.065840 -0.004549  0.923913
35.61160278	606	-0.060812 -0.011253  0.921519
35.61680984	606	-0.067276 -0.007183  0.927504
35.62201309	604	-0.061052 -0.006943  0.924392
35.62721252	605	-0.061530 -0.007183  0.928701
35.63240814	602	-0.065361 -0.015802  0.925350
35.63759613	603	-0.057221 -0.009816  0.936123
35.64278793	602	-0.057700 -0.005746  0.934687
35.64798355	602	-0.060812 -0.018196  0.940433
35.65318298	602	-0.057939 -0.014126  0.948573
35.65837097	600	-0.052672 -0.014844  0.950967
35.66357040	599	-0.054827 -0.013168  0.959347
35.66877365	598	-0.050278 -0.014844  0.965811
35.67396545	594	-0.053390 -0.013407  0.969881
35.67916488	593	-0.051954 -0.017717  0.971557
35.68437957	591	-0.045968 -0.019632  0.979937
35.68958282	591	-0.051714 -0.016280  0.987838
35.69476699	589	-0.047644 -0.012689  0.995260
35.69996643	591	-0.049320 -0.016520  0.991429
35.70515823	591	-0.045489 -0.002155  1.004597
35.71036148	589	-0.048362 -0.017717  1.003400
35.71555328	590	-0.046926 -0.016041  1.009864
35.72075271	586	-0.049559 -0.015323  1.024229
35.72594070	587	-0.049799 -0.010774  1.032369
35.73113250	583	-0.051954 -0.009337  1.040031
35.73633193	585	-0.054587 -0.007422  1.046974
35.74153137	584	-0.054348 -0.010534  1.050326
35.74673461	580	-0.058179 -0.005267  1.055114
35.75193023	580	-0.050757 -0.009577  1.066846
35.75714492	579	-0.056742 -0.009098  1.072592
35.76234436	578	-0.055545 -0.004310  1.088632
35.76753616	576	-0.061291 -0.004310  1.086717
35.77272033	573	-0.068234 -0.004310  1.089590
35.77791213	573	-0.065122 -0.002394  1.104913
35.78311157	571	-0.064643 -0.002394  1.102279
35.78829956	570	-0.065361 0.000479  1.117602
35.79344940	569	-0.063925 0.000958  1.122630
35.79858016	565	-0.065840 0.004310  1.132207
35.80372238	563	-0.063685 0.004549  1.140107
35.80886840	561	-0.062967 0.006943  1.147290
35.81401062	559	-0.064164 0.008858  1.151599
35.81917190	557	-0.071825 0.007661  1.167161
35.82432937	553	-0.066558 0.005028  1.159021
35.82947540	554	-0.069671 0.003112  1.170513
35.83463668	550	-0.069671 0.002155  1.187273
35.83979415	549	-0.064403 0.000958  1.196370
35.84494781	547	-0.070149 0.007901  1.198286
35.85010147	545	-0.063446 0.008619  1.191822
35.85526657	542	-0.065122 0.002155  1.208581
35.86043167	538	-0.058657 0.008380  1.210736
35.86558532	539	-0.057939 0.004310  1.226298
35.87072753	536	-0.060333 0.000239  1.235396
35.87588500	536	-0.058657 -0.002394  1.235635
35.88108444	534	-0.046447 0.003831  1.239705
35.88622665	529	-0.047165 0.001437  1.242817
35.89138412	528	-0.054827 0.001197  1.254549
35.89653015	526	-0.054827 0.002155  1.257183
##inga 
#ido(sec)  szog(ADC)     ax(g)    ay(g)   az(g)
35.90221023	522	-0.045011 -0.001915  1.248324
35.90749359	522	-0.046447 0.000000  1.262929
35.91269302	517	-0.043095 -0.003352  1.268675
35.91797637	516	-0.038786 0.000718  1.280885
35.92311477	512	-0.045968 -0.006464  1.284237
35.92832183	511	-0.043335 -0.002394  1.287349
35.93350982	507	-0.044532 0.005028  1.294532
35.93864822	505	-0.039983 0.006225  1.295968
35.94380950	501	-0.039983 0.001676  1.293813
35.94894790	502	-0.039743 0.005985  1.300996
35.95410156	500	-0.034237 0.003112  1.295968
35.95924377	497	-0.042616 0.005028  1.312967
35.96438217	493	-0.039504 0.007901  1.312967
35.96952438	491	-0.044532 0.004549  1.314164
35.97467041	490	-0.046447 0.004788  1.307700
35.97981262	487	-0.042856 0.012450  1.308418
35.98495864	483	-0.048841 0.018196  1.311770
35.99010467	480	-0.050757 0.013647  1.316558
35.99524307	477	-0.047884 0.014365  1.312967
36.00039672	474	-0.051475 0.017956  1.312009
36.00556182	472	-0.061770 0.019872  1.318234
36.01072311	471	-0.060573 0.017717  1.312249
36.01588821	468	-0.062009 0.021308  1.317037
36.02104949	466	-0.060812 0.023702  1.313925
36.02620697	462	-0.065361 0.025139  1.301475
36.03136444	460	-0.060094 0.019632  1.308897
36.03652572	457	-0.064643 0.029209  1.310333
36.04168319	456	-0.061291 0.025139  1.312009
36.04683685	450	-0.062249 0.023942  1.309376
36.05201339	449	-0.061530 0.023463  1.304827
36.05717468	449	-0.057939 0.025139  1.302911
36.06232452	447	-0.055306 0.024421  1.302911
36.06747817	447	-0.053630 0.024660  1.305066
36.07263183	443	-0.051475 0.017956  1.286152
36.07777786	442	-0.052193 0.023702  1.281603
36.08292388	439	-0.051475 0.025857  1.280167
36.08808135	435	-0.044292 0.022984  1.284237
36.09322357	434	-0.046926 0.020590  1.272984
36.09837722	432	-0.043574 0.018196  1.272266
36.10351943	431	-0.035673 0.019153  1.269632
36.10868072	427	-0.037828 0.023224  1.271308
36.11382675	424	-0.038307 0.020590  1.261731
36.11896896	420	-0.039265 0.019153  1.253352
36.12411117	422	-0.038786 0.026575  1.254788
36.12926101	417	-0.028730 0.023942  1.241381
36.13440322	416	-0.033758 0.024181  1.231325
36.13954925	413	-0.029448 0.019393  1.223664
36.14469146	410	-0.034716 0.017477  1.224622
36.14983367	411	-0.036870 0.018914  1.214087
36.15497589	409	-0.033040 0.026097  1.218636
36.16013717	408	-0.030406 0.019872  1.203792
36.16530227	406	-0.032082 0.023463  1.190624
36.17047500	403	-0.031603 0.024181  1.192540
36.17563247	400	-0.030167 0.019872  1.190624
36.18080139	401	-0.026575 0.024899  1.175541
36.18596267	399	-0.034716 0.027054  1.175541
36.19112396	396	-0.027772 0.026575  1.159021
36.19628906	394	-0.032082 0.031364  1.157106
36.20144271	390	-0.033279 0.024181  1.153515
36.20661163	389	-0.034955 0.038786  1.146093
36.21177291	388	-0.042138 0.027772  1.140825
36.21692657	384	-0.040701 0.036391  1.124306
36.22208786	384	-0.039743 0.033040  1.121433
36.22723388	383	-0.044053 0.031364  1.116644
36.23237609	379	-0.043335 0.037828  1.106110
36.23751831	380	-0.043335 0.030167  1.092463
36.24266433	378	-0.038546 0.034716  1.079295
36.24781417	375	-0.043574 0.033279  1.074028
36.25297546	373	-0.046208 0.032321  1.078338
36.25812530	371	-0.048123 0.041180  1.064212
36.26327133	368	-0.036870 0.032800  1.050326
36.26840972	368	-0.043813 0.037828  1.059902
36.27356719	367	-0.039743 0.033758  1.048171
36.27872085	367	-0.043574 0.040701  1.034763
36.28386688	365	-0.046926 0.043335  1.027820
36.28901290	361	-0.046686 0.040701  1.015610
36.29415512	361	-0.039265 0.040940  1.015371
36.29930496	359	-0.039983 0.037589  1.003160
36.30444717	360	-0.039743 0.044532  1.003879
36.30959701	359	-0.043095 0.045729  0.994062
36.31475067	355	-0.039504 0.038307  0.984246
36.31991195	356	-0.040940 0.039265  0.982092
36.32508087	355	-0.037828 0.046447  0.986401
36.33024215	354	-0.039265 0.038786  0.967008
36.33540725	351	-0.037589 0.038546  0.967008
36.34056091	352	-0.033279 0.042616  0.969402
36.34571075	351	-0.025618 0.035673  0.953840
36.35086441	351	-0.030406 0.035434  0.950488
36.35602569	351	-0.027054 0.040222  0.941151
36.36118698	349	-0.030645 0.038067  0.944742
36.36634063	348	-0.023224 0.033279  0.933250
36.37149810	346	-0.029209 0.035913  0.935645
36.37665176	345	-0.027772 0.033279  0.925589
36.38181304	345	-0.026336 0.033279  0.928462
36.38695526	346	-0.028251 0.029688  0.915055
36.39210891	343	-0.025857 0.028970  0.921280
36.39724349	345	-0.017477 0.038786  0.910027
36.40240097	343	-0.024181 0.031843  0.903084
36.40754699	342	-0.023463 0.032082  0.914097
36.41268920	342	-0.015802 0.039743  0.905957
36.41783523	341	-0.023702 0.032082  0.898535
##inga 
#ido(sec)  szog(ADC)     ax(g)    ay(g)   az(g)
36.42351913	343	-0.022745 0.033040  0.899253
36.42879486	343	-0.023702 0.032321  0.893268
36.43407058	343	-0.022745 0.035434  0.898056
36.43932723	343	-0.029927 0.033518  0.893268
36.44447326	340	-0.025139 0.037828  0.894944
36.44962310	342	-0.029688 0.034237  0.894944
36.45477676	342	-0.030167 0.036870  0.893028
36.45991897	342	-0.029688 0.036870  0.888479
36.46505737	341	-0.032561 0.042616  0.893507
36.47020721	340	-0.028251 0.038546  0.893986
36.47534561	341	-0.031364 0.039983  0.902126
36.48048782	342	-0.035913 0.042138  0.894465
36.48563385	340	-0.034237 0.035673  0.898295
36.49077606	340	-0.042856 0.031603  0.907872
36.49592590	343	-0.045489 0.038067  0.899493
36.50107955	343	-0.036152 0.041659  0.899971
36.50622558	342	-0.036631 0.033758  0.899732
36.51137161	344	-0.039025 0.038307  0.908830
36.51651763	345	-0.042856 0.039265  0.908830
36.52165985	344	-0.040940 0.035194  0.913858
36.52682876	347	-0.037589 0.036391  0.920322
36.53198623	347	-0.041659 0.036391  0.919604
36.53714370	347	-0.041898 0.036391  0.917209
36.54230117	349	-0.037110 0.035913  0.918646
36.54746246	350	-0.038786 0.036391  0.929899
36.55262374	351	-0.033040 0.037110  0.938278
36.55778884	349	-0.041419 0.038786  0.932053
36.56293487	350	-0.038786 0.032800  0.942588
36.56809234	351	-0.034955 0.036152  0.947137
36.57324218	354	-0.034237 0.038067  0.954319
36.57839965	353	-0.035194 0.027294  0.956953
36.58355712	355	-0.036631 0.027772  0.971797
36.58870315	355	-0.028012 0.028251  0.966769
36.59384536	358	-0.021308 0.033758  0.977303
36.59898376	358	-0.029448 0.029209  0.969881
36.60413360	359	-0.021787 0.028491  0.981373
36.60927581	358	-0.025139 0.027294  0.994781
36.61442184	360	-0.026097 0.032321  0.995978
36.61956405	360	-0.027772 0.031364  1.003639
36.62472152	363	-0.026575 0.025618  1.015131
36.62987136	364	-0.026815 0.020111  1.017525
36.63501739	366	-0.028491 0.030645  1.030454
36.64016342	368	-0.028970 0.028970  1.026863
36.64530944	369	-0.028012 0.030167  1.043383
36.65046310	368	-0.031124 0.026815  1.054875
36.65561294	371	-0.030885 0.028251  1.052720
36.66075515	373	-0.039265 0.034476  1.060381
36.66590118	375	-0.039743 0.035434  1.074028
36.67104339	379	-0.034716 0.026815  1.071394
36.67620086	379	-0.039265 0.033518  1.087435
36.68135452	382	-0.038307 0.026815  1.082168
36.68651962	382	-0.045729 0.035673  1.093421
36.69166946	382	-0.047405 0.031124  1.101561
36.69683456	386	-0.044532 0.029209  1.115208
36.70199203	387	-0.046208 0.027294  1.115926
36.70715713	389	-0.051954 0.028491  1.125982
36.71231842	393	-0.042616 0.035673  1.132685
36.71748352	394	-0.054587 0.026575  1.144177
36.72265625	395	-0.046686 0.023463  1.144177
36.72781372	396	-0.058657 0.028012  1.155430
36.73297119	400	-0.045968 0.029927  1.170274
36.73812484	403	-0.047165 0.031603  1.178893
36.74327087	405	-0.048123 0.028012  1.173147
36.74842071	405	-0.044532 0.024421  1.187033
36.75357818	406	-0.050996 0.024660  1.188230
36.75872802	407	-0.045011 0.026097  1.199483
36.76387786	410	-0.051714 0.024660  1.208820
36.76901626	413	-0.043574 0.025857  1.200441
36.77415847	413	-0.045489 0.019872  1.219115
36.77930450	415	-0.041180 0.021548  1.227734
36.78444671	416	-0.041419 0.022266  1.223904
36.78960800	418	-0.040462 0.020111  1.240902
36.79476165	421	-0.035913 0.019632  1.244015
36.79991149	425	-0.034237 0.016041  1.241860
36.80506515	427	-0.032082 0.016280  1.250479
36.81020736	428	-0.041180 0.013647  1.264365
36.81535339	430	-0.026575 0.011731  1.264365
36.82049560	434	-0.033997 0.012929  1.261731
36.82564163	436	-0.032321 0.011253  1.260056
36.83079528	437	-0.030645 0.010534  1.265083
36.83594512	439	-0.028251 0.002394  1.277773
36.84109115	443	-0.036631 0.007422  1.278012
36.84625244	445	-0.036870 0.011492  1.291180
36.85140609	449	-0.039743 0.016041  1.289504
36.85657882	449	-0.042856 0.011731  1.293813
36.86173248	452	-0.040222 0.011492  1.292616
36.86689376	455	-0.050038 0.012210  1.296926
36.87205123	454	-0.048602 0.016280  1.307221
36.87720870	457	-0.059376 0.018435  1.311052
36.88235473	459	-0.056263 0.018675  1.302672
36.88751983	463	-0.052672 0.016520  1.300757
36.89267730	464	-0.063446 0.013647  1.300517
36.89783859	464	-0.057700 0.017717  1.312009
36.90299606	470	-0.062488 0.018914  1.304587
36.90815353	473	-0.062967 0.015323  1.311052
36.91330337	472	-0.066319 0.011492  1.312967
36.91845321	475	-0.066079 0.017956  1.318234
36.92359542	477	-0.068234 0.012210  1.307939
36.92874145	479	-0.062967 0.008380  1.313446
36.93387985	484	-0.063685 0.013647  1.302193
36.93902969	485	-0.062727 0.010295  1.305066
##inga 
#ido(sec)  szog(ADC)     ax(g)    ay(g)   az(g)
36.94470214	491	-0.064403 0.014604  1.300757
36.94996261	491	-0.067276 0.008858  1.302193
36.95524215	492	-0.064164 0.000718  1.300038
36.96049118	496	-0.059854 0.006464  1.304108
36.96564483	501	-0.062967 0.006225  1.284476
36.97078704	503	-0.060573 0.008380  1.285913
36.97593307	503	-0.056742 0.006225  1.292138
36.98107528	503	-0.056263 -0.002634  1.296208
36.98627090	508	-0.061291 0.000958  1.278730
36.99141693	509	-0.055545 -0.002155  1.281364
36.99661636	513	-0.056263 -0.000718  1.278970
37.00180435	515	-0.053869 -0.002155  1.274660
37.00699234	516	-0.053151 0.002155  1.273224
37.01215362	520	-0.044532 0.001437  1.258140
37.01731491	524	-0.051714 -0.005985  1.259337
37.02250671	524	-0.045968 -0.010534  1.263647
37.02770614	526	-0.044771 -0.010056  1.247606
37.03292083	529	-0.044292 -0.006704  1.236353
37.03813171	531	-0.050278 -0.012210  1.233720
37.04331588	535	-0.046926 -0.012450  1.235635
37.04850769	536	-0.044771 -0.008140  1.219594
37.05370330	538	-0.046447 -0.011731  1.212651
37.05890274	539	-0.048841 -0.005746  1.212411
37.06409072	542	-0.050038 -0.012450  1.204990
37.06928253	543	-0.045489 -0.013168  1.196849
37.07447433	546	-0.042616 -0.013168  1.192300
37.07965850	548	-0.053151 -0.005507  1.179132
37.08485031	551	-0.053630 -0.007183  1.184639
37.09006118	551	-0.057221 -0.017717  1.174344
37.09525299	552	-0.057221 -0.005267  1.170035
37.10045242	555	-0.058657 -0.008140  1.156148
37.10565185	556	-0.064403 -0.005985  1.149684
37.11084747	561	-0.059854 -0.014844  1.146572
37.11604690	563	-0.060812 -0.013168  1.134122
37.12124252	563	-0.066319 -0.004549  1.132685
37.12643814	565	-0.067276 -0.009816  1.123348
37.13162612	566	-0.065361 -0.006943  1.114729
37.13682174	569	-0.070389 -0.005507  1.100603
37.14200973	570	-0.062009 -0.008858  1.115687
37.14720535	571	-0.071107 -0.002394  1.091745
37.15240478	575	-0.062488 -0.007183  1.089351
37.15760421	574	-0.067276 -0.007422  1.077619
37.16280746	577	-0.072304 -0.011013  1.078816
37.16800308	579	-0.067516 -0.014365  1.066127
37.17320632	581	-0.068713 -0.009337  1.061339
37.17840957	581	-0.073501 -0.013168  1.047453
37.18360519	583	-0.071346 -0.005507  1.049129
37.18880844	581	-0.066319 -0.009816  1.035482
37.19399642	584	-0.064882 -0.014604  1.032369
37.19918823	587	-0.066319 -0.013168  1.026144
37.20437622	587	-0.062009 -0.005746  1.017047
37.20957946	589	-0.065840 -0.013886  1.011061
37.21478271	588	-0.066798 -0.015562  1.007230
37.21997451	589	-0.060094 -0.018196  1.011301
37.22518157	591	-0.062488 -0.015323  0.998372
37.23038482	592	-0.065600 -0.011731  0.985683
37.23558425	591	-0.055784 -0.015083  0.979697
37.24079895	593	-0.052432 -0.015802  0.968924
37.24601364	593	-0.062249 -0.015802  0.972036
37.25120544	593	-0.056503 -0.014126  0.963417
37.25640487	594	-0.051235 -0.019153  0.956234
37.26160049	595	-0.053869 -0.018675  0.963896
37.26679992	598	-0.054348 -0.025378  0.952404
37.27199172	598	-0.057939 -0.023224  0.947376
37.27719116	600	-0.051235 -0.022984  0.952164
37.28238677	600	-0.045968 -0.019872  0.945461
37.28758239	599	-0.052432 -0.019872  0.948094
37.29279708	601	-0.054827 -0.022505  0.925589
37.29800033	600	-0.055306 -0.016520  0.933969
37.30319976	600	-0.059136 -0.023224  0.936123
37.30840682	602	-0.055066 -0.018914  0.925828
37.31361389	603	-0.058418 -0.022984  0.920561
37.31881713	603	-0.059136 -0.022745  0.916491
37.32401657	604	-0.054827 -0.018435  0.924152
37.32920455	603	-0.063685 -0.022984  0.920322
37.33440017	604	-0.056503 -0.017717  0.914815
37.33959197	606	-0.061052 -0.017238  0.902605
37.34477996	605	-0.065840 -0.009816  0.913858
37.34997558	604	-0.060573 -0.017717  0.916970
37.35516357	605	-0.064643 -0.013886  0.909309
37.36037063	605	-0.064643 -0.010056  0.914336
37.36557388	606	-0.069431 -0.012450  0.910266
37.37077713	606	-0.070389 -0.014844  0.916731
37.37597274	607	-0.067037 -0.013886  0.911224
37.38117980	606	-0.068234 -0.014604  0.920322
37.38637924	606	-0.067037 -0.007901  0.908590
37.39157104	605	-0.069192 -0.014604  0.923674
37.39676284	605	-0.069910 -0.011253  0.917688
37.40195846	605	-0.063446 -0.008140  0.912182
37.40716171	603	-0.067037 -0.005746  0.915773
37.41234970	602	-0.067516 -0.004070  0.932293
37.41754531	603	-0.063685 -0.015562  0.931096
37.42273712	603	-0.064164 -0.006225  0.927504
37.42794036	602	-0.061291 -0.011731  0.927983
37.43313980	601	-0.060573 -0.005028  0.939715
37.43833923	601	-0.061291 -0.006704  0.941869
37.44354248	601	-0.058418 -0.014126  0.950488
37.44874954	597	-0.060094 -0.009816  0.946658
37.45395278	599	-0.062249 -0.009577  0.946179
37.45915222	597	-0.057221 -0.015802  0.950249
37.46434783	596	-0.050278 -0.011253  0.954559
##inga 
#ido(sec)  szog(ADC)     ax(g)    ay(g)   az(g)
37.47008514	592	-0.053151 -0.010295  0.969881
37.47536087	591	-0.052193 -0.006704  0.955756
37.48062515	591	-0.050038 -0.011731  0.976585
37.48588562	591	-0.048123 -0.012689  0.979458
37.49108505	589	-0.054587 -0.014365  0.980894
37.49627685	591	-0.047405 -0.012689  0.996217
37.50147247	590	-0.052193 -0.007183  0.994541
37.50666427	590	-0.044053 -0.018914  1.006033
37.51185989	589	-0.047165 -0.015562  1.010343
37.51706695	587	-0.050757 -0.008619  1.008188
37.52226638	586	-0.050278 -0.007661  1.025187
37.52747344	584	-0.053869 -0.013886  1.023271
37.53266906	585	-0.055066 -0.008140  1.026384
37.53787994	584	-0.048602 -0.013168  1.040988
37.54307937	582	-0.047884 -0.006943  1.046256
37.54827117	579	-0.053630 -0.009816  1.046974
37.55346679	579	-0.055784 -0.008140  1.060621
37.55866622	578	-0.062249 -0.007901  1.063254
37.56386184	576	-0.057460 -0.008619  1.070437
37.56906509	575	-0.060573 -0.005267  1.083365
37.57426071	571	-0.056503 0.002394  1.094139
37.57941436	571	-0.062727 0.001676  1.100125
37.58457946	570	-0.066558 0.004310  1.105392
37.58974838	569	-0.063685 -0.004070  1.109462
37.59494781	565	-0.068234 0.011013  1.112095
37.60010147	565	-0.072783 0.008619  1.122869
37.60525894	562	-0.068713 0.001437  1.129333
37.61042022	560	-0.064403 0.008140  1.128615
37.61557769	558	-0.066798 0.005507  1.146572
37.62073135	556	-0.066319 0.007661  1.149445
37.62588119	555	-0.070868 0.007661  1.161176
37.63103485	551	-0.069192 0.005028  1.169316
37.63618850	550	-0.067995 0.000239  1.169316
37.64134216	549	-0.067037 0.007661  1.165725
37.64648437	548	-0.063446 0.008140  1.186794
37.65162658	544	-0.059136 0.009577  1.193976
37.65678024	540	-0.066079 0.000958  1.189188
37.66192245	540	-0.051235 0.004549  1.199722
37.66706848	539	-0.057221 0.006225  1.217200
37.67221069	538	-0.056024 -0.000958  1.220312
37.67741775	534	-0.054348 0.003591  1.218636
37.68255615	533	-0.050996 -0.005985  1.222946
37.68775177	532	-0.048602 0.002634  1.236114
37.69290161	526	-0.044292 0.003591  1.233001
37.69804382	526	-0.042856 0.004310  1.239466
37.70319747	523	-0.040940 -0.004310  1.249761
37.70838928	522	-0.044053 0.000479  1.255507
37.71352767	521	-0.047405 -0.001197  1.260056
37.71872329	515	-0.040222 0.000479  1.263407
37.72388839	513	-0.046926 0.001915  1.265562
37.72904586	512	-0.043335 -0.001437  1.278251
37.73425292	509	-0.038786 0.002634  1.274660
37.73940277	503	-0.039265 0.005985  1.275139
37.74456405	503	-0.042856 0.006704  1.283997
37.74972534	501	-0.042377 0.004549  1.286152
37.75488662	502	-0.043813 0.005746  1.281843
37.76004409	500	-0.047165 0.003112  1.295250
37.76518630	496	-0.045250 0.012929  1.294532
37.77033996	493	-0.043574 0.008380  1.284476
37.77548217	491	-0.044292 0.008380  1.295250
37.78062057	489	-0.049081 0.002873  1.304587
37.78577041	484	-0.046447 0.016041  1.301954
37.79092025	482	-0.047165 0.012929  1.290462
37.79606246	477	-0.058179 0.010295  1.299799
37.80122375	477	-0.054348 0.015083  1.301235
37.80637741	475	-0.047644 0.015562  1.308179
37.81152725	473	-0.063206 0.020590  1.309854
37.81667327	472	-0.062727 0.022266  1.302433
37.82181930	468	-0.059854 0.026336  1.304348
37.82696533	466	-0.058179 0.028730  1.308657
37.83210372	464	-0.054348 0.021308  1.298362
37.83725738	461	-0.062249 0.028491  1.291419
37.84240722	459	-0.060573 0.016041  1.297644
37.84756088	454	-0.060573 0.028970  1.289983
37.85270309	452	-0.065122 0.028251  1.297165
37.85785293	451	-0.059615 0.025618  1.288546
37.86300659	449	-0.054348 0.023224  1.285194
37.86816787	448	-0.048841 0.022984  1.283997
37.87332534	447	-0.051235 0.022984  1.290222
37.87848281	445	-0.048602 0.025378  1.278251
37.88365173	441	-0.041659 0.020829  1.278012
37.88881301	437	-0.039983 0.017956  1.277294
37.89397430	435	-0.042616 0.018435  1.278012
37.89913940	431	-0.041659 0.016759  1.259337
37.90430450	432	-0.036631 0.017477  1.264126
37.90947341	430	-0.036391 0.016759  1.253831
37.91461944	426	-0.036391 0.023702  1.243296
37.91978454	425	-0.036870 0.023224  1.239466
37.92493057	422	-0.036631 0.027533  1.234198
37.93008804	419	-0.034716 0.020829  1.239466
37.93524932	420	-0.036870 0.020111  1.236593
37.94039535	416	-0.035434 0.015562  1.224143
37.94555282	414	-0.031364 0.025857  1.205708
37.95070648	412	-0.040940 0.024181  1.212411
37.95585250	408	-0.032800 0.016520  1.216242
37.96099090	410	-0.030167 0.018435  1.202116
37.96614074	408	-0.031364 0.027294  1.190624
37.97129440	407	-0.031603 0.021787  1.196370
37.97644805	402	-0.035434 0.022745  1.185597
37.98160934	401	-0.035434 0.022266  1.173626
37.98675155	401	-0.034955 0.023942  1.171232
##inga 
#ido(sec)  szog(ADC)     ax(g)    ay(g)   az(g)
37.99244308	400	-0.040701 0.025378  1.167161
37.99771118	398	-0.040701 0.026575  1.144896
38.00297927	396	-0.032082 0.032321  1.140825
38.00823593	392	-0.038546 0.024899  1.129812
38.01338577	389	-0.040940 0.035673  1.127897
38.01853179	389	-0.039743 0.034716  1.125503
38.02367782	387	-0.039743 0.030885  1.114968
38.02883148	385	-0.038307 0.031364  1.114011
38.03399276	384	-0.039025 0.035913  1.105871
38.03914260	382	-0.039743 0.035913  1.094378
38.04430389	381	-0.039743 0.035913  1.086717
38.04947280	379	-0.044771 0.036152  1.080253
38.05464935	377	-0.044771 0.040462  1.069000
38.05979156	375	-0.033040 0.037828  1.067803
38.06494903	371	-0.039265 0.032321  1.057508
38.07010269	372	-0.041419 0.031843  1.049607
38.07526016	371	-0.039265 0.037589  1.042185
38.08042144	367	-0.037828 0.032561  1.034763
38.08559417	368	-0.037589 0.033279  1.016568
38.09075927	367	-0.036631 0.033518  1.027102
38.09592056	365	-0.039265 0.035434  1.017765
38.10107421	363	-0.035673 0.042138  1.017286
38.10623168	360	-0.035194 0.038786  1.011301
38.11137771	360	-0.037828 0.036631  0.996217
38.11651992	357	-0.043335 0.039025  1.000287
38.12167358	358	-0.035913 0.040940  0.986880
38.12680053	356	-0.028970 0.036152  0.987838
38.13194274	358	-0.035673 0.036152  0.972036
38.13708114	357	-0.035434 0.035673  0.967248
38.14222335	356	-0.031364 0.037828  0.970600
38.14736175	355	-0.035913 0.042138  0.967966
38.15250396	352	-0.029927 0.033040  0.951207
38.15764617	353	-0.033040 0.032321  0.954319
38.16279220	353	-0.024660 0.034237  0.951925
38.16794586	352	-0.031843 0.034716  0.933969
38.17309570	352	-0.028970 0.037110  0.949531
38.17824172	350	-0.029448 0.033758  0.929899
38.18338775	348	-0.025139 0.027533  0.920561
38.18852615	347	-0.028251 0.035194  0.920561
38.19366455	349	-0.024421 0.033279  0.919843
38.19880676	346	-0.023702 0.036631  0.917209
38.20394897	346	-0.028012 0.033997  0.919125
38.20910263	347	-0.028012 0.035434  0.907393
38.21424865	346	-0.027054 0.037349  0.915533
38.21939086	344	-0.028251 0.036870  0.909787
38.22454071	345	-0.027054 0.033279  0.914336
38.22969436	345	-0.020351 0.031124  0.910027
38.23485183	345	-0.026097 0.035913  0.895183
38.24002456	344	-0.028251 0.036152  0.907393
38.24517440	344	-0.029209 0.033040  0.900450
38.25033569	345	-0.030885 0.036152  0.896859
38.25548934	345	-0.033279 0.039743  0.899014
38.26064682	343	-0.029209 0.039983  0.899493
38.26581192	343	-0.026575 0.038786  0.899253
38.27097702	344	-0.038546 0.035434  0.893028
38.27613067	341	-0.032561 0.031364  0.902844
38.28128433	344	-0.030885 0.039025  0.900211
38.28643417	343	-0.036152 0.039743  0.896619
38.29158020	345	-0.028491 0.032800  0.909069
38.29671859	345	-0.033997 0.035194  0.910266
38.30186843	347	-0.039025 0.037589  0.908351
38.30701828	348	-0.034237 0.038786  0.910745
38.31216049	348	-0.034237 0.038786  0.917209
38.31730270	349	-0.039025 0.035673  0.916012
38.32244873	347	-0.035434 0.035434  0.909787
38.32759857	349	-0.037349 0.036391  0.916970
38.33274459	349	-0.031364 0.031603  0.917209
38.33788681	351	-0.036391 0.034955  0.922716
38.34304046	350	-0.041419 0.033040  0.921519
38.34817886	352	-0.037110 0.035913  0.930377
38.35332107	350	-0.033040 0.030885  0.933729
38.35846328	353	-0.034716 0.038307  0.939475
38.36360931	355	-0.031124 0.034955  0.943306
38.36875152	353	-0.040701 0.035434  0.947376
38.37390136	355	-0.034955 0.036870  0.953601
38.37903976	357	-0.039983 0.027772  0.955037
38.38417434	357	-0.026336 0.031364  0.963417
38.38932037	359	-0.034716 0.032321  0.965572
38.39447021	359	-0.028491 0.027533  0.972036
38.39963150	358	-0.035434 0.032082  0.981613
38.40478515	360	-0.028970 0.031843  0.989753
38.40994262	359	-0.031843 0.032800  0.999330
38.41509246	362	-0.034955 0.029448  0.988795
38.42024612	364	-0.029448 0.033040  0.997414
38.42539978	367	-0.034716 0.032321  1.008906
38.43056488	367	-0.033040 0.027772  1.008427
38.43572616	368	-0.037349 0.030167  1.007470
38.44087600	368	-0.036631 0.030406  1.040031
38.44601821	371	-0.030885 0.027054  1.026384
38.45119094	373	-0.034955 0.027054  1.034524
38.45635604	375	-0.036152 0.032561  1.043861
38.46151733	377	-0.042138 0.023942  1.059424
38.46667480	380	-0.039025 0.021548  1.063972
38.47183227	380	-0.041898 0.030885  1.072113
38.47699356	381	-0.044053 0.025618  1.078338
38.48214340	381	-0.038786 0.031364  1.085041
38.48728942	384	-0.040701 0.023942  1.094139
38.49243545	386	-0.043335 0.033279  1.097012
38.49758148	386	-0.047884 0.028012  1.111377
38.50272369	389	-0.047165 0.031364  1.101800
38.50786590	392	-0.046208 0.025857  1.114250
##inga 
#ido(sec)  szog(ADC)     ax(g)    ay(g)   az(g)
38.51353454	394	-0.043095 0.034716  1.119996
38.51882553	393	-0.046208 0.029688  1.134840
38.52409744	396	-0.046686 0.030406  1.142262
38.52935409	400	-0.044532 0.028491  1.150881
38.53450393	400	-0.042138 0.023942  1.146332
38.53965759	404	-0.041898 0.028012  1.155191
38.54479980	406	-0.043095 0.030406  1.179132
38.54994583	405	-0.044053 0.023702  1.180569
38.55509567	408	-0.041180 0.028970  1.179611
38.56024169	409	-0.043335 0.022505  1.196849
38.56538772	412	-0.041659 0.025857  1.196370
38.57054519	412	-0.041419 0.022505  1.203792
38.57569503	413	-0.043335 0.022505  1.208820
38.58082962	418	-0.044292 0.014604  1.213848
38.58599090	417	-0.050278 0.019153  1.210257
38.59114837	419	-0.037349 0.016280  1.215284
38.59630584	424	-0.037349 0.022026  1.231565
38.60147857	425	-0.040701 0.019632  1.253591
38.60663223	428	-0.036152 0.014126  1.250239
38.61179733	429	-0.033279 0.009337  1.239944
38.61695861	431	-0.037349 0.015323  1.251915
38.62211608	432	-0.032082 0.012450  1.251197
38.62727355	435	-0.037589 0.005746  1.263168
38.63243484	437	-0.039265 0.008380  1.267238
38.63759231	438	-0.038307 0.011492  1.259337
38.64274978	444	-0.041180 0.014365  1.272266
38.64789962	448	-0.045011 0.014604  1.273942
38.65304565	449	-0.041180 0.008380  1.270351
38.65818786	450	-0.045011 0.014604  1.276097
38.66333770	451	-0.051475 0.011492  1.277533
38.66848754	454	-0.054827 0.012210  1.274421
38.67363357	456	-0.050278 0.018914  1.291419
38.67877197	455	-0.053630 0.012210  1.291180
38.68391418	458	-0.058418 0.014604  1.294053
38.68906402	461	-0.059615 0.016280  1.297165
38.69419479	463	-0.053869 0.019153  1.286152
38.69934082	466	-0.060094 0.017956  1.300996
38.70448684	469	-0.058897 0.013168  1.286391
38.70962905	469	-0.058897 0.015323  1.298362
38.71477890	473	-0.062249 0.013647  1.299081
38.71992874	473	-0.065122 0.016520  1.294771
38.72506332	477	-0.064643 0.015562  1.309376
38.73021316	480	-0.057460 0.006464  1.295729
38.73536300	483	-0.056981 0.007901  1.295011
38.74052047	484	-0.054587 0.007901  1.293813
38.74565887	488	-0.062009 0.006943  1.303151
38.75081253	491	-0.064403 0.009098  1.285434
38.75595474	492	-0.057221 0.006225  1.290462
38.76110839	495	-0.056024 0.006704  1.291419
38.76626968	497	-0.058179 0.003591  1.290222
38.77142715	503	-0.055784 0.003112  1.282321
38.77658843	503	-0.053630 -0.001437  1.269872
38.78178787	502	-0.045968 0.003112  1.272505
38.78695297	505	-0.049320 -0.003112  1.278012
38.79215621	508	-0.050517 -0.000958  1.276097
38.79736328	511	-0.050757 0.002873  1.274660
38.80251312	511	-0.048841 0.003112  1.262929
38.80765914	516	-0.050517 -0.003591  1.259098
38.81285476	517	-0.048123 -0.000718  1.249761
38.81805419	519	-0.052672 -0.006225  1.240423
38.82325744	525	-0.052911 -0.006225  1.250479
38.82844543	525	-0.047884 -0.007183  1.240902
38.83364105	526	-0.039983 -0.006225  1.234198
38.83883666	528	-0.048362 -0.005507  1.229171
38.84403610	530	-0.052432 -0.011731  1.221509
38.84923553	531	-0.049559 -0.006704  1.225579
38.85443496	535	-0.056263 -0.009816  1.210736
38.85964584	537	-0.056742 -0.004310  1.211933
38.86485290	539	-0.051714 -0.003352  1.206426
38.87005615	541	-0.053390 -0.004549  1.201398
38.87525177	543	-0.060333 -0.003112  1.200441
38.88044357	544	-0.062727 -0.002873  1.182005
38.88563919	547	-0.059615 -0.002394  1.187512
38.89082717	549	-0.066079 -0.004310  1.172429
38.89602661	550	-0.065840 -0.007901  1.164288
38.90122985	550	-0.063685 -0.001676  1.165486
38.90642166	552	-0.063685 -0.003112  1.146093
38.91162109	557	-0.063206 -0.003831  1.144417
38.91683578	558	-0.072544 -0.006464  1.135798
38.92203140	561	-0.067995 -0.008380  1.129333
38.92723464	561	-0.064164 -0.005267  1.124066
38.93244171	564	-0.062727 -0.005985  1.112095
38.93765258	565	-0.066079 -0.010056  1.103476
38.94285583	568	-0.065840 -0.007901  1.095336
38.94804382	570	-0.063206 -0.005267  1.101800
38.95323944	571	-0.065361 -0.002155  1.088393
38.95843887	573	-0.065122 -0.015083  1.079056
38.96362686	575	-0.062009 -0.003112  1.067803
38.96881866	573	-0.058897 -0.012450  1.075704
38.97401809	574	-0.065600 -0.005746  1.070197
38.97921752	577	-0.057700 -0.014844  1.050804
38.98442077	580	-0.065361 -0.008140  1.047213
38.98961639	580	-0.061770 -0.013886  1.043383
38.99481964	580	-0.063446 -0.009577  1.034763
39.00003051	583	-0.061530 -0.013886  1.032848
39.00522232	581	-0.059376 -0.012689  1.018244
39.01042938	586	-0.057700 -0.011492  1.014413
39.01562500	584	-0.056263 -0.011731  1.016807
39.02081298	588	-0.056263 -0.019153  1.007470
39.02600479	588	-0.056742 -0.012929  0.998851
39.03119659	590	-0.059854 -0.016520  0.995260
##inga 
#ido(sec)  szog(ADC)     ax(g)    ay(g)   az(g)
39.03691101	590	-0.056263 -0.012450  0.987838
39.04219055	590	-0.061530 -0.015083  0.988556
39.04745483	592	-0.055784 -0.015802  0.970121
39.05272674	592	-0.055306 -0.017956  0.972515
39.05792617	591	-0.056263 -0.018675  0.965811
39.06311416	593	-0.062488 -0.019393  0.964375
39.06831359	593	-0.059376 -0.022026  0.954559
39.07352828	592	-0.060812 -0.016520  0.955756
39.07872390	593	-0.064882 -0.018196  0.944024
39.08392715	595	-0.062009 -0.015802  0.943785
39.08913421	596	-0.059136 -0.021308  0.943306
39.09434509	598	-0.057939 -0.016520  0.936842
39.09955215	600	-0.059136 -0.016280  0.938518
39.10475158	598	-0.056024 -0.015802  0.932053
39.10994338	599	-0.059854 -0.020829  0.927983
39.11514282	600	-0.055066 -0.021308  0.928462
39.12033462	600	-0.058897 -0.019153  0.924152
39.12552261	601	-0.056024 -0.016280  0.917928
39.13072586	602	-0.061530 -0.017477  0.918646
39.13592147	600	-0.052911 -0.016520  0.920561
39.14112091	602	-0.064403 -0.012929  0.919125
39.14632797	600	-0.061770 -0.020111  0.910984
39.15152359	602	-0.054348 -0.021548  0.920082
39.15672683	602	-0.058897 -0.016999  0.924392
39.16193389	602	-0.067516 -0.019632  0.913379
39.16713333	599	-0.063206 -0.010295  0.919125
39.17232894	600	-0.060573 -0.022745  0.915055
39.17752838	602	-0.060333 -0.013168  0.920082
39.18271636	601	-0.063206 -0.016520  0.910027
39.18791961	602	-0.052432 -0.019393  0.915055
39.19310760	601	-0.057460 -0.014126  0.921998
39.19830703	600	-0.058179 -0.009098  0.930856
39.20349121	599	-0.058179 -0.006464  0.920322
39.20868682	599	-0.060094 -0.012450  0.916252
39.21389770	601	-0.060333 -0.010056  0.932293
39.21910476	602	-0.058418 -0.013886  0.929899
39.22431182	598	-0.053151 -0.012450  0.933729
39.22951126	600	-0.054587 -0.008619  0.936842
39.23470687	598	-0.060094 -0.011013  0.938278
39.23991012	596	-0.052672 -0.010295  0.953122
39.24511337	595	-0.055784 -0.014844  0.943545
39.25030136	594	-0.058418 -0.011492  0.951207
39.25549697	594	-0.053390 -0.009816  0.949770
39.26068496	591	-0.057221 -0.012929  0.954319
39.26588058	591	-0.057221 -0.009337  0.961262
39.27107620	591	-0.058179 -0.010534  0.964135
39.27627944	590	-0.053630 -0.011013  0.973951
39.28147506	590	-0.051714 -0.009577  0.969163
39.28667831	591	-0.058657 -0.008380  0.978261
39.29187774	589	-0.055545 -0.014844  0.982331
39.29708480	590	-0.059376 -0.013168  0.985204
39.30227661	589	-0.063446 -0.008858  0.997175
39.30747604	589	-0.057460 -0.011492  1.003160
39.31266021	586	-0.057460 -0.016520  1.008906
39.31785202	584	-0.053151 -0.009816  1.011301
39.32304382	583	-0.058657 -0.004310  1.016328
39.32823562	585	-0.051235 -0.008140  1.033806
39.33342742	583	-0.057700 -0.008380  1.037636
39.33862686	580	-0.062009 -0.004070  1.053678
39.34382629	580	-0.059136 -0.005507  1.045298
39.34901809	577	-0.054587 -0.006225  1.047692
39.35422134	575	-0.062249 -0.003831  1.045537
39.35942077	575	-0.056742 -0.002873  1.059424
39.36463546	576	-0.062488 -0.006943  1.071634
39.36982727	572	-0.065361 -0.008858  1.079535
39.37501907	573	-0.059854 -0.011731  1.086238
39.38021469	571	-0.057460 -0.004310  1.088393
39.38541412	567	-0.060573 0.001197  1.098688
39.39056777	567	-0.054348 0.004788  1.103476
39.39571380	563	-0.055306 0.001676  1.114250
39.40085220	561	-0.059854 -0.004310  1.110419
39.40604400	560	-0.057221 0.003591  1.122630
39.41117477	558	-0.062009 0.007183  1.128136
39.41632843	554	-0.059136 0.006225  1.137713
39.42147827	554	-0.062009 -0.002634  1.141544
39.42667770	553	-0.062727 0.001915  1.146811
39.43183517	547	-0.063206 0.004310  1.154712
39.43699645	548	-0.063685 0.005985  1.169316
39.44216918	546	-0.057939 0.001915  1.172189
39.44732284	546	-0.053630 0.003591  1.173626
39.45248794	542	-0.057221 0.006464  1.182724
39.45764923	541	-0.050517 -0.003112  1.186794
39.46284484	537	-0.049081 -0.001437  1.189188
39.46804809	538	-0.049799 0.003591  1.197807
39.47320556	535	-0.049799 -0.000479  1.206187
39.47840881	535	-0.051954 0.004788  1.212651
39.48355102	531	-0.047165 -0.003591  1.220791
39.48875045	531	-0.043574 0.000479  1.222467
39.49389648	527	-0.048841 -0.001676  1.227016
39.49909591	525	-0.045011 0.003352  1.236353
39.50423812	522	-0.045011 -0.002394  1.232044
39.50944137	522	-0.053151 0.002394  1.242099
39.51458358	518	-0.050038 0.008380  1.244733
39.51971435	517	-0.045489 0.005985  1.254310
39.52486038	512	-0.047884 0.005028  1.249521
39.52999496	509	-0.044292 0.006464  1.260056
39.53514862	507	-0.044053 0.001915  1.260774
39.54029846	505	-0.047405 0.010295  1.272266
39.54544830	504	-0.045011 0.008380  1.264365
39.55059432	502	-0.049559 0.002634  1.270351
39.55575561	500	-0.046686 0.015802  1.277773
##inga 
#ido(sec)  szog(ADC)     ax(g)    ay(g)   az(g)
39.56145858	499	-0.048123 0.013647  1.276815
39.56673431	495	-0.054827 0.015562  1.276575
39.57203292	493	-0.051235 0.005028  1.278970
39.57726669	492	-0.054108 0.006225  1.290940
39.58242416	487	-0.047884 0.008858  1.293813
39.58758926	487	-0.047884 0.016759  1.279209
39.59275436	483	-0.053390 0.012689  1.283279
39.59791183	477	-0.055066 0.010534  1.290462
39.60307693	477	-0.053630 0.012929  1.291898
39.60823822	476	-0.056503 0.017717  1.282321
39.61340713	473	-0.055306 0.019393  1.286152
39.61856842	471	-0.052432 0.018196  1.293335
39.62373352	467	-0.056024 0.015802  1.289504
39.62889480	463	-0.059376 0.022745  1.287828
39.63405227	463	-0.057460 0.019632  1.289025
39.63919448	460	-0.052432 0.021548  1.284955
39.64435195	456	-0.052193 0.022505  1.283040
39.64949417	456	-0.049799 0.015802  1.279209
39.65464019	452	-0.052911 0.020351  1.281364
39.65978622	451	-0.047884 0.020829  1.282561
39.66493606	451	-0.050278 0.018675  1.278970
39.67008972	449	-0.048602 0.022026  1.278012
39.67523956	448	-0.047165 0.020111  1.273702
39.68038940	446	-0.038307 0.014126  1.270111
39.68554306	443	-0.041419 0.018435  1.263407
39.69069671	440	-0.039265 0.020590  1.260056
39.69584655	438	-0.033279 0.027772  1.257422
39.70098876	433	-0.039743 0.021548  1.251676
39.70613098	432	-0.039743 0.016759  1.248085
39.71128463	432	-0.034716 0.014604  1.242817
39.71643066	430	-0.039025 0.019393  1.243775
39.72157287	427	-0.035913 0.013886  1.244972
39.72673416	425	-0.037589 0.023224  1.236114
39.73189926	421	-0.036870 0.012929  1.228692
39.73706436	421	-0.038067 0.025618  1.219115
39.74222564	417	-0.032800 0.028730  1.220073
39.74737548	417	-0.035434 0.023463  1.209299
39.75253677	413	-0.037110 0.023463  1.210017
39.75769042	411	-0.038307 0.027772  1.199962
39.76284790	411	-0.036870 0.025618  1.199483
39.76801300	409	-0.039743 0.027054  1.190864
39.77317428	407	-0.039504 0.028730  1.177217
39.77832794	406	-0.044053 0.026336  1.170992
39.78348541	404	-0.043813 0.031843  1.167640
39.78863525	403	-0.044053 0.031364  1.163570
39.79378128	399	-0.044292 0.029209  1.159021
39.79892349	400	-0.049559 0.030645  1.158064
39.80408096	398	-0.055784 0.033518  1.140825
39.80922698	397	-0.046208 0.032561  1.131488
39.81437683	393	-0.049320 0.033997  1.130770
39.81951904	391	-0.046686 0.027772  1.119996
39.82466888	389	-0.042616 0.025378  1.112335
39.82982254	387	-0.049320 0.035673  1.103716
39.83497238	387	-0.046208 0.032321  1.108983
39.84011459	385	-0.038307 0.033997  1.101082
39.84526062	383	-0.043335 0.033040  1.084084
39.85040283	379	-0.034716 0.033279  1.068521
39.85556030	379	-0.037349 0.036152  1.083126
39.86070632	379	-0.041659 0.029927  1.062775
39.86586380	378	-0.039743 0.034955  1.057029
39.87101745	375	-0.036391 0.030885  1.044819
39.87616348	373	-0.033279 0.031843  1.050326
39.88130950	372	-0.027772 0.033279  1.039552
39.88647079	370	-0.037349 0.026815  1.033327
39.89162826	367	-0.030167 0.031124  1.028778
39.89678955	367	-0.028012 0.037110  1.029496
39.90195846	367	-0.024181 0.028491  1.016328
39.90712738	365	-0.032561 0.032321  1.010822
39.91228485	363	-0.024421 0.033758  1.004597
39.91744232	364	-0.032082 0.028730  1.003879
39.92260742	362	-0.029448 0.034237  1.001724
39.92777633	361	-0.027054 0.026575  0.980655
39.93292236	357	-0.029448 0.033040  0.981852
39.93807601	358	-0.035434 0.031843  0.972994
39.94323730	357	-0.024421 0.030167  0.971797
39.94839477	358	-0.027533 0.032561  0.970360
39.95354080	355	-0.033279 0.034476  0.959107
39.95867919	354	-0.023463 0.031843  0.961262
39.96382904	356	-0.031364 0.028730  0.950010
39.96897125	355	-0.029209 0.037828  0.941151
39.97411727	354	-0.029209 0.036870  0.935166
39.97925949	354	-0.033279 0.041419  0.936602
39.98440170	351	-0.033758 0.036391  0.936602
39.98954391	352	-0.035194 0.039504  0.928462
39.99469375	352	-0.040462 0.040940  0.927504
39.99982452	350	-0.039265 0.036391  0.921280
40.00495910	351	-0.034716 0.036152  0.920082
40.01010513	348	-0.037110 0.040701  0.916012
40.01524734	349	-0.036870 0.039983  0.913139
40.02039718	349	-0.031603 0.039743  0.910027
40.02554321	348	-0.040701 0.040222  0.910506
40.03069305	348	-0.039265 0.039504  0.904999
40.03584671	348	-0.033758 0.041898  0.909548
40.04099273	346	-0.032800 0.036631  0.910027
40.04613876	347	-0.038546 0.037589  0.904041
40.05129623	347	-0.038786 0.041419  0.898295
40.05643844	345	-0.036870 0.040222  0.906914
40.06159210	346	-0.036631 0.036152  0.907393
40.06675338	348	-0.031843 0.038067  0.910984
40.07189941	346	-0.035673 0.039025  0.903084
40.07706069	346	-0.032082 0.035673  0.903323
##inga 
#ido(sec)  szog(ADC)     ax(g)    ay(g)   az(g)
40.08274841	348	-0.035913 0.032321  0.897338
40.08802032	348	-0.028251 0.030885  0.911463
40.09328079	348	-0.023224 0.033040  0.913618
40.09854125	349	-0.029927 0.033040  0.908111
40.10369491	347	-0.026575 0.025618  0.912900
40.10885238	348	-0.032561 0.033758  0.908351
40.11401367	349	-0.024181 0.031124  0.911942
40.11916732	350	-0.027533 0.030406  0.911224
40.12432098	350	-0.023463 0.029209  0.915055
40.12948226	353	-0.031843 0.034955  0.920561
40.13463973	353	-0.027054 0.029927  0.916970
40.13980102	354	-0.028970 0.029448  0.921519
40.14494705	355	-0.025857 0.030885  0.937320
40.15010452	356	-0.025618 0.032082  0.933490
40.15525054	354	-0.025618 0.032082  0.942827
40.16040802	355	-0.029209 0.028491  0.944264
40.16555023	356	-0.027054 0.033040  0.941869
40.17069625	358	-0.033518 0.026575  0.951446
40.17583847	359	-0.028491 0.036870  0.949770
40.18097305	357	-0.034955 0.024181  0.958150
40.18612289	359	-0.029927 0.035673  0.969642
40.19127273	361	-0.033040 0.030645  0.969163
40.19641494	360	-0.036152 0.029448  0.972275
40.20156097	362	-0.038307 0.030645  0.974191
40.20671081	362	-0.042377 0.036152  0.985683
40.21186065	366	-0.043574 0.028730  0.991189
40.21699905	364	-0.033758 0.029448  0.999330
40.22214508	365	-0.038546 0.036391  1.003160
40.22728729	368	-0.045011 0.033997  1.008427
40.23243713	369	-0.035194 0.035673  1.011540
40.23757553	371	-0.049320 0.039504  1.016568
40.24272918	370	-0.039983 0.034955  1.023032
40.24787139	374	-0.039504 0.026575  1.038594
40.25301742	376	-0.044292 0.033758  1.038355
40.25815963	375	-0.046447 0.027054  1.056550
40.26330947	380	-0.048362 0.031843  1.052720
40.26847076	382	-0.040940 0.031364  1.062057
40.27363586	381	-0.046926 0.033518  1.058226
40.27879714	382	-0.038307 0.032321  1.077619
40.28396224	385	-0.043335 0.029209  1.085760
40.28911972	387	-0.041659 0.026815  1.090548
40.29428100	386	-0.047405 0.031124  1.088872
40.29944610	388	-0.045968 0.029688  1.102758
40.30461120	391	-0.040701 0.030645  1.106828
40.30976867	392	-0.040940 0.023942  1.117123
40.31493377	395	-0.036870 0.030167  1.114968
40.32007980	397	-0.037110 0.033040  1.132685
40.32523345	398	-0.043095 0.028012  1.135798
40.33038330	400	-0.036391 0.015562  1.138910
40.33553314	403	-0.039265 0.018914  1.142262
40.34067916	405	-0.040222 0.018914  1.160218
40.34582901	407	-0.033518 0.020590  1.159500
40.35095596	408	-0.032082 0.017717  1.169795
40.35610961	407	-0.031843 0.010295  1.166683
40.36126327	408	-0.028251 0.016999  1.187033
40.36641311	410	-0.037589 0.016759  1.188470
40.37155914	411	-0.031124 0.015562  1.190864
40.37671279	417	-0.042138 0.016520  1.192300
40.38183975	417	-0.035434 0.013886  1.210496
40.38698577	418	-0.038067 0.014365  1.207623
40.39212417	417	-0.037349 0.014604  1.217918
40.39727020	423	-0.036870 0.016280  1.213369
40.40240478	426	-0.042138 0.013407  1.228213
40.40754699	427	-0.035434 0.015323  1.233720
40.41268920	430	-0.030645 0.017238  1.226537
40.41783142	432	-0.038307 0.016041  1.230368
40.42297744	434	-0.040222 0.014126  1.244015
40.42812347	434	-0.044532 0.018435  1.247366
40.43326187	435	-0.047405 0.007901  1.240902
40.43840789	440	-0.043574 0.014844  1.246648
40.44356536	444	-0.056503 0.019153  1.261731
40.44872665	447	-0.053151 0.022026  1.262210
40.45388793	448	-0.062488 0.020590  1.268196
40.45904159	450	-0.063446 0.021069  1.266999
40.46419143	452	-0.057939 0.022745  1.275378
40.46935653	454	-0.067276 0.025139  1.282082
40.47451782	456	-0.071107 0.021308  1.271787
40.47967910	456	-0.067995 0.024421  1.283279
40.48484039	457	-0.068713 0.022266  1.286391
40.48999023	461	-0.065600 0.025378  1.283758
40.49515533	463	-0.061291 0.009816  1.284237
40.50030899	466	-0.067037 0.022026  1.280645
40.50546264	468	-0.063685 0.016520  1.285673
40.51060867	469	-0.061770 0.018196  1.288786
40.51575469	473	-0.058657 0.007661  1.282321
40.52090835	475	-0.051714 0.014844  1.282800
40.52605056	475	-0.055066 0.008140  1.289504
40.53119659	479	-0.057700 0.012210  1.278730
40.53633117	480	-0.055306 0.010295  1.279927
40.54148483	484	-0.055306 0.003112  1.283758
40.54662704	485	-0.044292 0.003831  1.278491
40.55178451	490	-0.039265 0.001915  1.279927
40.55693054	493	-0.045011 -0.001437  1.276815
40.56212615	495	-0.049081 -0.001197  1.282082
40.56732559	495	-0.045011 0.005507  1.282561
40.57246780	498	-0.041659 -0.007422  1.272745
40.57766723	501	-0.042377 -0.003352  1.276815
40.58286666	504	-0.043095 -0.004310  1.278730
40.58806228	503	-0.041419 -0.004549  1.264605
40.59326171	503	-0.040222 -0.000958  1.263407
40.59847259	509	-0.045489 -0.000479  1.257422
##inga 
#ido(sec)  szog(ADC)     ax(g)    ay(g)   az(g)
40.60421752	509	-0.050757 -0.001437  1.258859
40.60948562	515	-0.044532 -0.003591  1.254549
40.61475372	517	-0.051714 0.002155  1.248803
40.62001419	518	-0.050757 -0.003112  1.239705
40.62522125	523	-0.048841 -0.005267  1.240902
40.63041687	525	-0.054348 -0.001437  1.232044
40.63561248	524	-0.055066 -0.006464  1.223664
40.64080429	527	-0.058657 -0.007422  1.222946
40.64600372	530	-0.062488 -0.005507  1.207862
40.65120697	531	-0.054827 -0.003591  1.208341
40.65640258	536	-0.061291 -0.001915  1.206187
40.66159439	534	-0.060094 -0.000239  1.190146
40.66678619	536	-0.063685 -0.000958  1.205708
40.67199325	538	-0.069431 -0.004070  1.192540
40.67718887	542	-0.069431 -0.000718  1.185357
40.68238067	540	-0.071825 0.000958  1.171950
40.68753051	542	-0.071586 0.001915  1.160937
40.69269561	549	-0.074219 0.000718  1.166683
40.69784545	550	-0.065122 0.004310  1.163810
40.70299530	551	-0.069671 0.002873  1.153754
40.70814514	551	-0.067516 -0.002394  1.148966
40.71333694	552	-0.070389 -0.004549  1.141544
40.71853256	556	-0.071346 0.001197  1.130770
40.72367477	559	-0.073022 -0.006225  1.120475
40.72886657	561	-0.072783 -0.002634  1.119039
40.73406982	562	-0.067516 -0.008619  1.115447
40.73926162	563	-0.066079 -0.008619  1.102040
40.74444580	567	-0.064164 -0.007661  1.099167
40.74964523	568	-0.055545 -0.011253  1.098449
40.75483703	567	-0.056503 -0.012210  1.090787
40.76004791	570	-0.052672 -0.013647  1.083126
40.76524734	570	-0.056742 -0.013407  1.073789
40.77044677	574	-0.060333 -0.015562  1.070437
40.77564620	575	-0.059136 -0.012689  1.063733
40.78085327	576	-0.048362 -0.016041  1.052002
40.78605651	575	-0.055306 -0.016520  1.044819
40.79124450	576	-0.049081 -0.014365  1.040510
40.79643630	578	-0.052432 -0.020351  1.029736
40.80163192	580	-0.045489 -0.023942  1.031890
40.80682373	582	-0.055066 -0.016280  1.015610
40.81201171	581	-0.046926 -0.022266  1.020638
40.81720733	584	-0.048362 -0.023224  1.013695
40.82240295	585	-0.053390 -0.019393  1.011779
40.82762145	586	-0.049320 -0.017956  0.999808
40.83282089	587	-0.050517 -0.023224  0.991429
40.83802413	587	-0.050757 -0.019153  0.986880
40.84322738	589	-0.053869 -0.017956  0.987359
40.84842681	588	-0.059854 -0.017956  0.985683
40.85364151	590	-0.062727 -0.018196  0.972754
40.85882949	591	-0.059615 -0.018435  0.972036
40.86402511	591	-0.059136 -0.017717  0.966051
40.86922454	590	-0.062727 -0.019632  0.964614
40.87442016	592	-0.065600 -0.015083  0.961023
40.87961959	593	-0.066798 -0.008380  0.949291
40.88481521	591	-0.062488 -0.014844  0.951925
40.89000320	594	-0.071586 -0.008380  0.950728
40.89518737	593	-0.068234 -0.013407  0.945940
40.90037155	592	-0.068473 -0.014604  0.944503
40.90557098	594	-0.065600 -0.009098  0.942827
40.91075515	595	-0.067276 -0.009098  0.933011
40.91595458	593	-0.071825 -0.008380  0.934447
40.92115020	593	-0.067037 -0.011013  0.934687
40.92635345	596	-0.075417 -0.009577  0.938996
40.93154144	597	-0.069431 -0.012210  0.920561
40.93672561	596	-0.065600 -0.012689  0.928223
40.94191741	596	-0.070389 -0.012210  0.929899
40.94710540	599	-0.064882 -0.007901  0.923195
40.95230102	596	-0.069192 -0.014126  0.921998
40.95749282	599	-0.065840 -0.011013  0.928941
40.96268463	600	-0.067276 -0.015083  0.924152
40.96788787	600	-0.064403 -0.014604  0.913379
40.97308349	598	-0.064403 -0.009337  0.937081
40.97828292	600	-0.061530 -0.014604  0.926307
40.98347854	599	-0.064403 -0.017956  0.923434
40.98869323	597	-0.057939 -0.020590  0.924392
40.99388885	598	-0.055066 -0.021069  0.932532
40.99908828	596	-0.054348 -0.016520  0.926547
41.00428009	598	-0.052193 -0.018435  0.927265
41.00947189	598	-0.056263 -0.016280  0.931814
41.01466751	594	-0.049559 -0.017238  0.935405
41.01985931	595	-0.048362 -0.014844  0.936842
41.02505493	593	-0.052432 -0.016759  0.942109
41.03025054	594	-0.045250 -0.010774  0.933729
41.03544235	594	-0.042138 -0.015323  0.947137
41.04065704	593	-0.054348 -0.015562  0.941869
41.04585266	592	-0.050278 -0.010295  0.955516
41.05105590	593	-0.048602 -0.009337  0.949052
41.05624389	590	-0.052672 -0.007422  0.954080
41.06144714	592	-0.057939 -0.011253  0.968684
41.06664657	591	-0.046447 -0.016041  0.956474
41.07183456	592	-0.051235 -0.006704  0.965332
41.07704162	589	-0.048362 -0.013647  0.978261
41.08223342	588	-0.061530 -0.016999  0.975627
41.08742141	586	-0.055066 -0.008858  0.978740
41.09260559	585	-0.057939 -0.012929  0.994541
41.09779739	587	-0.053869 -0.003591  0.994302
41.10298919	583	-0.058897 -0.002634  1.002921
41.10818862	585	-0.061291 -0.008858  0.996935
41.11338424	585	-0.061052 -0.002873  1.017047
41.11857986	583	-0.059136 -0.002155  1.011779
41.12379455	582	-0.065361 -0.000718  1.018004
##inga 
#ido(sec)  szog(ADC)     ax(g)    ay(g)   az(g)
41.12953567	581	-0.068234 -0.005746  1.026623
41.13480377	579	-0.064403 -0.005267  1.033806
41.14007186	576	-0.068234 -0.005985  1.041228
41.14533615	577	-0.067516 -0.006225  1.045777
41.15053558	575	-0.065361 0.000479  1.045537
41.15570068	575	-0.060094 0.002394  1.056550
41.16083145	574	-0.071586 0.003112  1.059184
41.16597747	573	-0.065361 0.001676  1.065648
41.17111587	571	-0.064403 -0.004070  1.079295
41.17630386	570	-0.061770 0.003591  1.085520
41.18144989	566	-0.062727 -0.002155  1.086717
41.18663787	564	-0.060812 -0.005507  1.099406
41.19183349	565	-0.062967 -0.000718  1.102998
41.19703292	564	-0.061052 -0.003352  1.101322
41.20222854	561	-0.050996 -0.000718  1.107546
41.20742797	558	-0.058657 -0.001676  1.120475
41.21262741	555	-0.057700 -0.001915  1.129812
41.21782302	555	-0.055784 -0.004549  1.133164
41.22301864	552	-0.052672 -0.010534  1.138910
41.22821426	547	-0.048362 -0.001915  1.143220
41.23341369	548	-0.048602 -0.009098  1.146093
41.23861312	548	-0.051954 -0.000718  1.153754
41.24381637	547	-0.052193 -0.002155  1.170035
41.24901199	543	-0.049320 -0.005985  1.167161
41.25419998	541	-0.043574 0.001676  1.179132
41.25934982	539	-0.037828 -0.005746  1.181766
41.26454162	539	-0.043095 -0.003352  1.183681
41.26973342	536	-0.039265 -0.005985  1.191822
41.27492523	536	-0.047165 0.002873  1.198525
41.28006744	532	-0.048602 -0.009098  1.201398
41.28526306	529	-0.045011 0.002394  1.212411
41.29042434	528	-0.045968 -0.002155  1.205468
41.29562377	526	-0.048123 0.006464  1.215284
41.30078125	524	-0.047884 0.003591  1.223185
41.30593109	520	-0.044532 0.004788  1.226058
41.31109237	520	-0.055545 0.011253  1.236832
41.31625366	516	-0.056263 0.007183  1.240663
41.32141494	515	-0.056263 0.009577  1.247606
41.32658004	512	-0.057700 0.009098  1.247845
41.33171081	510	-0.063925 0.011731  1.249282
41.33686447	507	-0.060333 0.008858  1.258859
41.34200668	506	-0.059376 0.007901  1.266280
41.34715652	503	-0.058657 0.010774  1.266759
41.35231018	503	-0.051714 0.009337  1.256464
41.35746002	500	-0.057700 0.013407  1.264365
41.36261367	496	-0.057221 0.004788  1.267477
41.36776351	494	-0.056024 0.014126  1.274660
41.37291717	491	-0.061530 0.016759  1.274421
41.37805938	491	-0.053390 0.016041  1.274899
41.38320541	487	-0.056981 0.011013  1.270111
41.38835144	486	-0.061052 0.015323  1.279448
41.39349746	483	-0.054348 0.023702  1.276575
41.39864730	481	-0.059376 0.021787  1.269632
41.40378952	477	-0.054827 0.012929  1.272984
41.40893936	476	-0.052193 0.020829  1.285913
41.41409683	474	-0.055306 0.019153  1.278730
41.41924667	472	-0.050278 0.021548  1.283519
41.42440414	470	-0.047405 0.014844  1.273702
41.42955017	464	-0.045489 0.013647  1.275857
41.43470001	465	-0.047644 0.017956  1.271069
41.43983840	463	-0.051954 0.014126  1.279448
41.44499969	458	-0.044771 0.017717  1.283758
41.45015335	456	-0.042138 0.015802  1.266999
41.45531463	454	-0.044532 0.014844  1.282082
41.46048355	450	-0.042377 0.011013  1.271308
41.46564483	449	-0.047165 0.020351  1.264844
41.47080612	447	-0.041659 0.018196  1.263647
41.47596740	449	-0.037349 0.020829  1.267238
41.48112487	446	-0.037589 0.013886  1.252155
41.48627853	445	-0.038067 0.015083  1.261492
41.49143600	443	-0.039265 0.020590  1.263647
41.49657821	439	-0.036870 0.016041  1.246169
41.50173950	434	-0.034716 0.013647  1.240423
41.50688934	434	-0.037589 0.016520  1.234677
41.51203155	432	-0.035913 0.018675  1.239705
41.51718139	429	-0.038786 0.021069  1.222706
41.52232360	429	-0.037828 0.017477  1.225340
41.52746963	424	-0.041898 0.021548  1.223664
41.53262329	424	-0.043574 0.027054  1.214806
41.53777313	421	-0.038546 0.022505  1.219833
41.54291915	419	-0.041659 0.026575  1.208341
41.54808044	418	-0.043095 0.027533  1.205468
41.55322647	416	-0.047165 0.027533  1.201159
41.55837631	414	-0.048362 0.029688  1.187273
41.56352615	410	-0.046208 0.026336  1.187512
41.56867980	411	-0.047165 0.026575  1.184160
41.57383346	409	-0.048362 0.030645  1.172189
41.57897567	406	-0.055306 0.034955  1.166922
41.58412170	404	-0.049559 0.031124  1.161655
41.58926773	404	-0.052911 0.036152  1.158303
41.59442520	403	-0.045489 0.028730  1.144656
41.59955596	402	-0.053869 0.032082  1.138910
41.60469818	400	-0.049081 0.039983  1.137713
41.60984420	399	-0.049799 0.032082  1.134840
41.61498641	396	-0.046926 0.033040  1.123109
41.62014389	394	-0.041659 0.037589  1.122151
41.62531661	393	-0.038546 0.028970  1.117363
41.63047790	390	-0.038307 0.031124  1.105871
41.63563919	388	-0.043335 0.035194  1.098927
41.64079666	388	-0.039265 0.027533  1.090069
41.64595413	384	-0.034955 0.029209  1.084084
##inga 
#ido(sec)  szog(ADC)     ax(g)    ay(g)   az(g)
41.65164947	384	-0.031603 0.031843  1.074267
41.65692901	383	-0.031843 0.032800  1.074986
41.66220092	381	-0.031124 0.030406  1.063733
41.66745376	378	-0.031364 0.027533  1.063494
41.67262268	380	-0.025618 0.025378  1.047931
41.67779159	377	-0.029688 0.029209  1.042664
41.68295288	375	-0.021548 0.029688  1.044101
41.68811416	374	-0.023224 0.020829  1.023990
41.69326782	372	-0.024181 0.028491  1.030693
41.69842529	371	-0.019632 0.025857  1.027820
41.70357131	366	-0.025139 0.030645  1.012498
41.70871734	366	-0.022745 0.031603  1.010103
41.71385955	367	-0.022745 0.029209  1.004357
41.71900177	367	-0.020590 0.024899  0.993105
41.72413253	364	-0.021069 0.033518  0.989274
41.72927474	365	-0.028251 0.031843  0.990711
41.73442077	364	-0.027533 0.030406  0.985443
41.73956298	362	-0.028730 0.033997  0.980655
41.74472045	361	-0.028970 0.028730  0.972515
41.74987030	358	-0.023942 0.035194  0.962459
41.75501632	359	-0.035194 0.032321  0.963417
41.76015853	359	-0.035913 0.036391  0.960065
41.76530456	358	-0.038546 0.038546  0.950728
41.77045059	358	-0.035194 0.040222  0.950488
41.77559280	357	-0.034476 0.038546  0.936602
41.78073501	356	-0.038067 0.042377  0.941630
41.78586959	356	-0.047884 0.036870  0.943306
41.79100799	355	-0.035434 0.038786  0.935405
41.79614257	353	-0.041419 0.040701  0.930856
41.80129623	353	-0.049559 0.039983  0.932053
41.80643844	353	-0.038546 0.048362  0.921280
41.81158828	353	-0.043574 0.044292  0.923434
41.81674575	351	-0.050278 0.045489  0.920561
41.82190322	352	-0.043095 0.045489  0.910984
41.82705688	352	-0.048362 0.043335  0.916252
41.83221435	352	-0.045250 0.044053  0.915294
41.83737182	351	-0.048362 0.046926  0.923195
41.84254455	351	-0.042377 0.044292  0.910027
41.84770584	350	-0.040462 0.035913  0.906196
41.85285568	350	-0.040701 0.045489  0.919604
41.85802078	350	-0.035913 0.037349  0.916012
41.86317443	349	-0.036870 0.041659  0.917209
41.86833953	352	-0.029448 0.034955  0.905717
41.87348556	350	-0.034476 0.033758  0.917688
41.87863922	350	-0.029688 0.030885  0.901887
41.88378906	352	-0.028012 0.028491  0.909069
41.88893508	349	-0.023224 0.033040  0.916012
41.89407730	351	-0.023463 0.027054  0.909787
41.89921951	352	-0.027533 0.031843  0.910506
41.90437698	351	-0.016759 0.022266  0.918646
41.90951919	354	-0.024660 0.029688  0.917928
41.91466522	355	-0.015802 0.023942  0.910506
41.91981506	354	-0.016041 0.027294  0.921040
41.92496109	354	-0.019632 0.025139  0.923674
41.93010711	354	-0.020829 0.027772  0.932053
41.93525314	355	-0.019872 0.029209  0.926786
41.94039535	357	-0.018675 0.027054  0.936842
41.94554519	357	-0.026097 0.028251  0.940912
41.95068740	358	-0.020351 0.031124  0.935166
41.95583343	358	-0.020590 0.030885  0.943545
41.96097564	358	-0.025139 0.027772  0.949531
41.96612167	359	-0.028012 0.027772  0.955516
41.97126770	360	-0.029927 0.022505  0.956713
41.97641372	360	-0.032561 0.031364  0.960783
41.98155593	362	-0.033997 0.029209  0.955037
41.98670959	360	-0.035673 0.028012  0.961981
41.99187850	361	-0.041419 0.033279  0.984725
41.99704360	365	-0.045729 0.042377  0.974670
42.00220870	365	-0.041419 0.031603  0.985204
42.00734710	364	-0.045011 0.038307  0.994541
42.01250457	366	-0.047165 0.038546  0.995020
42.01765060	369	-0.046686 0.031124  0.999330
42.02281188	368	-0.040940 0.036391  0.998133
42.02798080	371	-0.050278 0.038786  1.003400
42.03312301	372	-0.049320 0.036631  1.017765
42.03829193	373	-0.049799 0.036391  1.023032
42.04345321	376	-0.045011 0.034716  1.029496
42.04860305	377	-0.042856 0.034955  1.027581
42.05376434	379	-0.049559 0.036391  1.043383
42.05891036	380	-0.047405 0.031364  1.047453
42.06405639	381	-0.047884 0.034716  1.048650
42.06919860	379	-0.046208 0.030406  1.060381
42.07433319	381	-0.045489 0.031603  1.060860
42.07947540	383	-0.045489 0.030167  1.080013
42.08463287	388	-0.050038 0.026336  1.082168
42.08977508	388	-0.044771 0.031364  1.095576
42.09492492	390	-0.044771 0.033758  1.093900
42.10007476	391	-0.045968 0.022745  1.087196
42.10523223	394	-0.043095 0.023942  1.103955
42.11037445	395	-0.038067 0.025378  1.112574
42.11552047	396	-0.033997 0.025139  1.120714
42.12066650	397	-0.040701 0.023942  1.126939
42.12581253	399	-0.038786 0.019393  1.129333
42.13095474	402	-0.038067 0.029209  1.137713
42.13610458	405	-0.035194 0.021308  1.140347
42.14124679	406	-0.032800 0.022745  1.143220
42.14639282	408	-0.028012 0.015323  1.159979
42.15153503	409	-0.028012 0.014126  1.162373
42.15669250	407	-0.029927 0.008380  1.158303
42.16183471	412	-0.027054 0.012929  1.176978
42.16698837	412	-0.026097 0.014126  1.172668
##inga 
#ido(sec)  szog(ADC)     ax(g)    ay(g)   az(g)
42.17267990	414	-0.026815 0.013647  1.181766
42.17796325	416	-0.023702 0.010534  1.183921
42.18324279	418	-0.027054 0.012450  1.196370
42.18849945	419	-0.023942 0.010774  1.201877
42.19367599	423	-0.025857 0.007422  1.199962
42.19883346	426	-0.034237 0.016280  1.212651
42.20399093	426	-0.036152 0.016280  1.212890
42.20913314	426	-0.042856 0.008380  1.219115
42.21428680	430	-0.042856 0.014844  1.222706
42.21944808	433	-0.039265 0.016999  1.233720
42.22460937	434	-0.051475 0.014604  1.230847
42.22978210	437	-0.049799 0.024421  1.230607
42.23493194	438	-0.051235 0.016759  1.247606
42.24009323	443	-0.062249 0.019632  1.243536
42.24524688	443	-0.063446 0.017477  1.246888
42.25040054	448	-0.064643 0.020111  1.253591
42.25555038	448	-0.060333 0.022745  1.254549
42.26070785	450	-0.062967 0.029448  1.256225
42.26585388	451	-0.066319 0.028730  1.254549
42.27100753	454	-0.069910 0.029688  1.255985
42.27615356	455	-0.069431 0.024421  1.277054
42.28130340	455	-0.070149 0.018196  1.264365
42.28645324	458	-0.068234 0.025139  1.263407
42.29160690	462	-0.069671 0.024660  1.268196
42.29675674	461	-0.064882 0.025857  1.268196
42.30191040	466	-0.070868 0.020351  1.270111
42.30706787	469	-0.057460 0.012210  1.274899
42.31221389	470	-0.066798 0.014844  1.267477
42.31735610	474	-0.065361 0.012689  1.273942
42.32249832	474	-0.058418 0.012689  1.275139
42.32764434	477	-0.053869 0.013407  1.280885
42.33278656	477	-0.054348 0.015802  1.272984
42.33794021	482	-0.046447 0.008140  1.279927
42.34308242	483	-0.045489 0.006464  1.271787
42.34824371	486	-0.042856 0.005746  1.268196
42.35340881	491	-0.045489 0.003112  1.268914
42.35855484	493	-0.047405 -0.004549  1.258619
42.36375427	494	-0.041659 -0.008858  1.268196
42.36895751	495	-0.035673 -0.007661  1.265562
42.37416458	499	-0.039265 -0.007183  1.250239
42.37935638	502	-0.036391 -0.003352  1.264844
42.38455581	501	-0.033518 -0.011731  1.249042
42.38975143	505	-0.034955 -0.002155  1.254070
42.39493942	505	-0.038546 -0.000239  1.254549
42.40014266	509	-0.038307 -0.004070  1.242099
42.40533065	511	-0.039504 -0.005267  1.223425
42.41053390	513	-0.041180 -0.013647  1.231325
42.41572570	517	-0.046686 -0.003112  1.233241
42.42092132	518	-0.049081 -0.004549  1.225579
42.42612457	520	-0.046926 -0.002873  1.219355
42.43132400	524	-0.055306 -0.007183  1.219594
42.43653488	524	-0.043095 -0.005267  1.212890
42.44173049	527	-0.061052 -0.001197  1.204750
42.44693374	528	-0.063925 -0.007422  1.203314
42.45213699	528	-0.056263 -0.004310  1.204271
42.45732879	534	-0.063685 0.004549  1.198046
42.46247863	534	-0.063446 0.009098  1.196849
42.46762847	535	-0.065600 0.000718  1.194455
42.47277832	538	-0.071346 0.001197  1.184160
42.47791671	538	-0.072304 0.006943  1.174583
42.48305892	539	-0.076374 0.007661  1.167880
42.48820495	541	-0.079487 0.004549  1.166922
42.49334335	545	-0.069671 -0.003112  1.160937
42.49853897	549	-0.077093 0.005267  1.145375
42.50369262	549	-0.079247 0.006943  1.146332
42.50883865	549	-0.065840 0.000718  1.142741
42.51398086	552	-0.076853 0.003831  1.128376
42.51912307	552	-0.069910 -0.005746  1.127897
42.52431488	556	-0.071825 -0.005985  1.125024
42.52950668	556	-0.068713 -0.005985  1.120236
42.53470611	560	-0.063925 -0.005267  1.109462
42.53990936	561	-0.059136 -0.010534  1.104195
42.54511642	563	-0.058657 -0.006943  1.099885
42.55031967	564	-0.060094 -0.005267  1.093660
42.55550765	565	-0.064403 -0.007901  1.086238
42.56070709	569	-0.055784 -0.017717  1.074986
42.56589889	569	-0.062727 -0.010534  1.080253
42.57109069	570	-0.053151 -0.015802  1.068521
42.57628631	572	-0.054348 -0.016280  1.068042
42.58148574	575	-0.051235 -0.017717  1.059184
42.58667755	575	-0.048841 -0.013886  1.051283
42.59187698	576	-0.045968 -0.014126  1.047692
42.59707641	574	-0.042856 -0.021308  1.040510
42.60227584	577	-0.049320 -0.022266  1.037397
42.60747909	579	-0.051954 -0.022745  1.019441
42.61268234	580	-0.056742 -0.020829  1.017047
42.61789321	581	-0.048602 -0.011253  1.015849
42.62309646	583	-0.047644 -0.018435  1.002681
42.62829589	581	-0.050757 -0.021548  0.996935
42.63348388	584	-0.048602 -0.016999  1.002681
42.63867950	585	-0.050996 -0.015562  0.997654
42.64387130	586	-0.049799 -0.020351  0.982810
42.64905929	587	-0.057939 -0.022745  0.983289
42.65425109	588	-0.055545 -0.011971  0.985443
42.65943908	589	-0.064643 -0.013886  0.972994
42.66463470	587	-0.062727 -0.010295  0.969642
42.66983413	588	-0.057939 -0.011971  0.969163
42.67503738	588	-0.059376 -0.011013  0.953840
42.68024063	588	-0.065840 -0.009337  0.952404
42.68544006	589	-0.069671 -0.016280  0.960783
42.69064712	592	-0.062727 -0.011731  0.950728
##inga 
#ido(sec)  szog(ADC)     ax(g)    ay(g)   az(g)
42.69638061	591	-0.067276 -0.008380  0.952883
42.70165252	592	-0.068473 -0.013647  0.950249
42.70692825	592	-0.068234 -0.008619  0.942109
42.71218490	593	-0.066558 -0.016041  0.942348
42.71737289	592	-0.064164 -0.011253  0.929420
42.72256851	594	-0.069192 -0.010774  0.933250
42.72775650	593	-0.071825 -0.010534  0.935405
42.73295211	592	-0.071346 -0.013647  0.931335
42.73814010	592	-0.067755 -0.011492  0.937799
42.74333190	594	-0.069192 -0.007901  0.932772
42.74853134	592	-0.065361 -0.009816  0.933250
42.75371551	594	-0.068952 -0.010056  0.931335
42.75892257	594	-0.062727 -0.016520  0.935645
42.76412582	593	-0.064164 -0.013168  0.925589
42.76933670	592	-0.059854 -0.013168  0.928941
42.77453231	594	-0.063446 -0.009337  0.931814
42.77974319	594	-0.059854 -0.018914  0.928701
42.78493881	593	-0.056981 -0.012450  0.924152
42.79013442	594	-0.064882 -0.014844  0.924871
42.79533767	594	-0.053151 -0.016759  0.928223
42.80053710	592	-0.050038 -0.016280  0.935645
42.80573654	591	-0.055784 -0.017717  0.934208
42.81092834	592	-0.055066 -0.013168  0.929420
42.81611633	593	-0.050757 -0.014844  0.945940
42.82130050	590	-0.050757 -0.015802  0.939475
42.82650756	589	-0.051714 -0.018914  0.940433
42.83171463	592	-0.051475 -0.014844  0.940433
42.83691787	590	-0.052672 -0.014604  0.949531
42.84211349	592	-0.050038 -0.019153  0.954319
42.84732818	592	-0.048362 -0.016520  0.947855
42.85251998	591	-0.044292 -0.009816  0.966290
42.85770797	588	-0.053390 -0.010774  0.971797
42.86290359	590	-0.051714 -0.021548  0.959586
42.86810302	590	-0.052432 -0.016041  0.978500
42.87329101	586	-0.059615 -0.011253  0.979937
42.87848281	587	-0.049559 -0.010534  0.981852
42.88367843	587	-0.059854 -0.011971  0.983049
42.88886642	586	-0.054348 -0.008140  0.985204
42.89407348	585	-0.059854 -0.008140  0.990471
42.89927673	586	-0.051714 -0.005507  0.997414
42.90447235	585	-0.058179 -0.001437  1.012019
42.90967559	583	-0.059136 -0.011492  1.000048
42.91488265	582	-0.060094 -0.004310  1.011779
42.92007446	579	-0.063446 -0.009577  1.015849
42.92527389	579	-0.060812 -0.004070  1.024947
42.93046188	578	-0.062009 -0.003831  1.021835
42.93566131	575	-0.059136 -0.006704  1.034763
42.94085311	576	-0.064643 0.000479  1.036679
42.94600296	574	-0.064403 -0.002634  1.044101
42.95120239	572	-0.063446 -0.000718  1.047692
42.95639419	572	-0.062727 -0.001915  1.062296
42.96158981	572	-0.063446 -0.005267  1.052720
42.96679306	567	-0.059136 0.001197  1.064212
42.97194290	567	-0.059615 0.002873  1.065409
42.97710037	567	-0.056742 0.000000  1.082408
42.98221588	565	-0.061052 -0.004549  1.074986
42.98741531	564	-0.056263 -0.002634  1.081689
42.99262237	562	-0.057700 -0.001676  1.099406
42.99782943	559	-0.063925 -0.002155  1.100125
43.00302124	555	-0.054587 0.001197  1.116165
43.00817489	556	-0.053630 0.003112  1.116884
43.01332473	553	-0.056024 -0.000239  1.131249
43.01851654	550	-0.057221 -0.003352  1.130531
43.02371215	550	-0.057460 0.002394  1.133164
43.02885055	549	-0.053869 0.005028  1.139629
43.03400421	548	-0.060333 0.005507  1.146332
43.03914260	544	-0.054587 0.001437  1.152557
43.04428863	543	-0.051475 0.000718  1.162852
43.04943084	539	-0.052193 0.002634  1.159500
43.05457687	539	-0.041180 0.000479  1.175781
43.05971527	538	-0.052193 -0.002394  1.182245
43.06491470	536	-0.051954 -0.004549  1.183921
43.07011032	535	-0.043813 0.006464  1.185597
43.07527160	533	-0.044771 -0.000718  1.181287
43.08046722	531	-0.051475 0.009098  1.196849
43.08561325	528	-0.044771 -0.003831  1.200680
43.09081268	527	-0.041180 0.002873  1.208820
43.09596252	525	-0.045489 -0.002394  1.216721
43.10116577	523	-0.044771 -0.001915  1.220552
43.10637664	522	-0.052193 0.006943  1.211214
43.11152648	516	-0.045968 0.006225  1.221030
43.11666870	517	-0.046926 0.002155  1.226776
43.12183380	513	-0.048362 0.011492  1.234438
43.12698364	511	-0.048362 0.004788  1.238508
43.13213729	508	-0.052193 0.007901  1.233720
43.13726806	506	-0.054587 0.006225  1.249521
43.14241027	503	-0.049799 0.006225  1.254549
43.14756393	501	-0.048123 -0.003831  1.238029
43.15275573	501	-0.058897 0.012689  1.248324
43.15790939	501	-0.050996 0.009577  1.262689
43.16305923	495	-0.056263 0.012689  1.260534
43.16820144	494	-0.050517 0.012450  1.264844
43.17333984	491	-0.047884 0.009577  1.252155
43.17848587	490	-0.059376 0.009098  1.265562
43.18362808	485	-0.049081 0.011492  1.261971
43.18877029	486	-0.050757 0.009816  1.269153
43.19390869	482	-0.053630 0.013168  1.266999
43.19905471	478	-0.053869 0.016041  1.267717
43.20420837	476	-0.051235 0.016041  1.266520
43.20935440	475	-0.058179 0.027054  1.266041
43.21451950	470	-0.054827 0.020590  1.260534
##inga 
#ido(sec)  szog(ADC)     ax(g)    ay(g)   az(g)
43.22021102	473	-0.056503 0.013647  1.265562
43.22549057	470	-0.052672 0.017717  1.259098
43.23077011	466	-0.052432 0.022984  1.264365
43.23603820	464	-0.052672 0.022984  1.258619
43.24120330	462	-0.055784 0.016041  1.269153
43.24636840	457	-0.054827 0.017956  1.257422
43.25152969	457	-0.054587 0.018675  1.261013
43.25668334	451	-0.048123 0.016041  1.255746
43.26184082	452	-0.049559 0.020590  1.251676
43.26698684	451	-0.051954 0.016999  1.256225
43.27215576	450	-0.045011 0.018196  1.265323
43.27731323	448	-0.041659 0.015562  1.254549
43.28246688	448	-0.043335 0.014126  1.241381
43.28762817	443	-0.039504 0.019632  1.238747
43.29278182	443	-0.040701 0.014365  1.233241
43.29793548	439	-0.038307 0.016041  1.244733
43.30309677	436	-0.038307 0.016759  1.231325
43.30823898	435	-0.033518 0.017238  1.229410
43.31338882	432	-0.034716 0.018914  1.220312
43.31853485	432	-0.033758 0.018196  1.224861
43.32368469	429	-0.033040 0.014844  1.225579
43.32883834	426	-0.037589 0.016999  1.207862
43.33399200	423	-0.039025 0.021787  1.210017
43.33913421	420	-0.031364 0.022026  1.208581
43.34427642	420	-0.035434 0.017477  1.196131
43.34941482	420	-0.039265 0.022266  1.194455
43.35456848	415	-0.032082 0.021787  1.184878
43.35971832	416	-0.040222 0.021548  1.174583
43.36486053	411	-0.039504 0.025618  1.184639
43.37001419	411	-0.034955 0.019153  1.177217
43.37516021	410	-0.044053 0.026336  1.168359
43.38030624	409	-0.048841 0.027054  1.167161
43.38545227	408	-0.040940 0.031364  1.154472
43.39061737	405	-0.047405 0.034237  1.162613
43.39577865	403	-0.044053 0.031843  1.147529
43.40094757	400	-0.045968 0.028012  1.134122
43.40610885	401	-0.042856 0.029927  1.129094
43.41127777	401	-0.046686 0.023224  1.127658
43.41644287	398	-0.050038 0.034237  1.120236
43.42160034	396	-0.049799 0.036631  1.119039
43.42677307	394	-0.052193 0.032321  1.106828
43.43193054	392	-0.046926 0.036391  1.097252
43.43710708	391	-0.041180 0.029688  1.098449
43.44226074	386	-0.041180 0.039265  1.085281
43.44742965	388	-0.040462 0.037349  1.085760
43.45257186	385	-0.040701 0.033040  1.078338
43.45771789	384	-0.036391 0.034955  1.070197
43.46286010	383	-0.039025 0.032800  1.061339
43.46800231	380	-0.038786 0.029209  1.049129
43.47314834	379	-0.036631 0.030406  1.047931
43.47829055	379	-0.032321 0.029448  1.041228
43.48343658	376	-0.032321 0.026097  1.036200
43.48857498	377	-0.029209 0.036631  1.036679
43.49372100	373	-0.030167 0.028012  1.030215
43.49886703	373	-0.030885 0.030885  1.025666
43.50402450	372	-0.026336 0.023702  1.014174
43.50917434	370	-0.027294 0.031843  1.015131
43.51433563	369	-0.028012 0.025857  0.997654
43.51948165	367	-0.020351 0.026815  1.001724
43.52462387	366	-0.024660 0.018435  0.991908
43.52977371	366	-0.023942 0.025857  0.989753
43.53491210	365	-0.027054 0.027294  0.974670
43.54005432	366	-0.021787 0.031843  0.974909
43.54520034	364	-0.021308 0.029688  0.977543
43.55036163	361	-0.024899 0.030406  0.960544
43.55551147	362	-0.029448 0.031364  0.961741
43.56066131	361	-0.033279 0.037110  0.953122
43.56581878	360	-0.025618 0.036391  0.965572
43.57098388	359	-0.030167 0.036631  0.952883
43.57614517	357	-0.031364 0.033279  0.944503
43.58129882	357	-0.032321 0.029688  0.947376
43.58646011	358	-0.031843 0.033997  0.942827
43.59162902	358	-0.036152 0.038786  0.943066
43.59677886	355	-0.032082 0.032321  0.933729
43.60194778	357	-0.032082 0.028491  0.938039
43.60710144	356	-0.040222 0.034955  0.931335
43.61224746	356	-0.043813 0.035673  0.933729
43.61739730	356	-0.047644 0.039265  0.928462
43.62253952	353	-0.037110 0.032561  0.925828
43.62768173	354	-0.042856 0.036152  0.920561
43.63283920	354	-0.041419 0.041180  0.916970
43.63797378	352	-0.046686 0.043335  0.911463
43.64311599	354	-0.046686 0.040701  0.927504
43.64825439	354	-0.038786 0.037349  0.917209
43.65340042	354	-0.044053 0.044292  0.923434
43.65854263	354	-0.042616 0.039983  0.919364
43.66368865	353	-0.040701 0.041898  0.923674
43.66883087	354	-0.039743 0.043095  0.918646
43.67397689	354	-0.042138 0.047644  0.910745
43.67911911	351	-0.033758 0.035673  0.918885
43.68426513	354	-0.031843 0.040701  0.920322
43.68939590	352	-0.036391 0.033279  0.911942
43.69455337	354	-0.029927 0.031603  0.920801
43.69969177	354	-0.032800 0.028012  0.924392
43.70484161	355	-0.028970 0.040462  0.920561
43.70998382	357	-0.033518 0.024660  0.923913
43.71512985	357	-0.028491 0.038307  0.925350
43.72027206	356	-0.032321 0.030167  0.926307
43.72541427	355	-0.022984 0.024181  0.928223
43.73057174	356	-0.029448 0.031364  0.934208
43.73573303	357	-0.022745 0.024181  0.931335
##inga 
#ido(sec)  szog(ADC)     ax(g)    ay(g)   az(g)
43.74143218	359	-0.025618 0.023942  0.936842
43.74671554	359	-0.021787 0.029927  0.942588
43.75201416	359	-0.026815 0.027294  0.940433
43.75728988	359	-0.030167 0.027054  0.952883
43.76244735	360	-0.028251 0.030645  0.945221
43.76760482	361	-0.030885 0.027294  0.958389
43.77275848	363	-0.032321 0.025618  0.963417
43.77791213	364	-0.031843 0.023224  0.963656
43.78307723	366	-0.029927 0.031843  0.967248
43.78825378	365	-0.029927 0.024181  0.973233
43.79340362	365	-0.034955 0.032800  0.981852
43.79855728	366	-0.034237 0.030406  0.978979
43.80370712	369	-0.035434 0.031603  0.988316
43.80886077	369	-0.038546 0.029927  0.985443
43.81401443	369	-0.041419 0.035434  0.987598
43.81914901	369	-0.037349 0.029209  1.003160
43.82429885	372	-0.043335 0.033040  1.009146
43.82943725	374	-0.042856 0.031124  1.015371
43.83459472	377	-0.045011 0.024660  1.018483
43.83973693	376	-0.045011 0.028970  1.025905
43.84488677	378	-0.046208 0.032321  1.033806
43.85003280	380	-0.050278 0.031843  1.034524
43.85517883	382	-0.045011 0.029209  1.041946
43.86032867	381	-0.050757 0.029209  1.043143
43.86547851	383	-0.045968 0.037349  1.058466
43.87062454	384	-0.049559 0.028970  1.052720
43.87575912	388	-0.045729 0.027772  1.065648
43.88091278	389	-0.047405 0.031603  1.076901
43.88606262	390	-0.047884 0.029927  1.078338
43.89120864	393	-0.047884 0.033997  1.085281
43.89635848	393	-0.048841 0.033518  1.087196
43.90150451	395	-0.047165 0.029209  1.092463
43.90665054	396	-0.045968 0.031603  1.101322
43.91181564	398	-0.045489 0.020111  1.111377
43.91698074	399	-0.040940 0.022745  1.118320
43.92213439	401	-0.040222 0.028491  1.119517
43.92731094	403	-0.044053 0.025139  1.125263
43.93246841	406	-0.042138 0.018196  1.136277
43.93763351	407	-0.037110 0.022984  1.146811
43.94279479	407	-0.034476 0.024421  1.146811
43.94796371	409	-0.041180 0.020590  1.147050
43.95312500	409	-0.037349 0.018435  1.152078
43.95829010	412	-0.031124 0.014126  1.160458
43.96345138	411	-0.028970 0.019393  1.171710
43.96860122	417	-0.031843 0.014126  1.171950
43.97375488	416	-0.035434 0.008858  1.181048
43.97890090	417	-0.031364 0.010534  1.178414
43.98404312	417	-0.029448 0.010774  1.187512
43.98918914	424	-0.022026 0.012929  1.197328
43.99433517	425	-0.028970 0.011013  1.197328
43.99948120	425	-0.033997 0.008858  1.212890
44.00463485	428	-0.031364 0.014604  1.206665
44.00978469	428	-0.037828 0.016759  1.214566
44.01491928	434	-0.038546 0.018435  1.211933
44.02006530	434	-0.042616 0.017238  1.220791
44.02520751	436	-0.039265 0.018675  1.230607
44.03035736	437	-0.050038 0.014844  1.235396
44.03551483	439	-0.045011 0.015802  1.234198
44.04067993	445	-0.049799 0.021069  1.235874
44.04584121	448	-0.056981 0.021069  1.234677
44.05098342	447	-0.060094 0.022745  1.245930
44.05613327	450	-0.052432 0.022745  1.244493
44.06129455	452	-0.057460 0.022026  1.246648
44.06644821	452	-0.061291 0.020829  1.247606
44.07160568	455	-0.066558 0.022266  1.243296
44.07675552	456	-0.063446 0.013647  1.254070
44.08192443	456	-0.064643 0.017477  1.252634
44.08708953	460	-0.063925 0.020590  1.257901
44.09224319	462	-0.056263 0.018914  1.258619
44.09740066	464	-0.065122 0.017717  1.258859
44.10256958	467	-0.065840 0.017956  1.266041
44.10771560	469	-0.064643 0.021069  1.264365
44.11287689	472	-0.070868 0.019632  1.258380
44.11801528	471	-0.064403 0.010774  1.270590
44.12318038	474	-0.057460 0.012210  1.260295
44.12831878	477	-0.065361 0.013647  1.254549
44.13347244	480	-0.053151 0.016280  1.256464
44.13861846	482	-0.052193 0.008858  1.260056
44.14377212	484	-0.059136 0.010534  1.250718
44.14892959	488	-0.051714 0.003831  1.263886
44.15407180	491	-0.050757 0.000958  1.259577
44.15921783	492	-0.048841 0.005985  1.250958
44.16436386	495	-0.044292 0.006464  1.261013
44.16950225	496	-0.050517 0.004549  1.250718
44.17464828	500	-0.046447 -0.004310  1.246888
44.17984390	500	-0.036391 -0.007422  1.253352
44.18503570	502	-0.046926 -0.003591  1.244015
44.19023513	504	-0.043335 -0.007661  1.243057
44.19543457	504	-0.038067 -0.006943  1.238029
44.20063018	506	-0.039265 -0.002873  1.228931
44.20583724	509	-0.043335 -0.004549  1.224143
44.21103668	513	-0.042856 -0.006464  1.229650
44.21622848	516	-0.050278 -0.012689  1.220552
44.22142791	519	-0.041419 -0.002634  1.221270
44.22662734	520	-0.046447 -0.009098  1.217200
44.23181915	523	-0.046208 -0.005507  1.206665
44.23701477	525	-0.050757 -0.005746  1.212411
44.24220275	526	-0.054108 -0.013886  1.205229
44.24739837	529	-0.051475 -0.002873  1.192540
44.25258636	530	-0.056024 0.000718  1.196131
44.25774002	531	-0.054827 -0.001197  1.173626
##inga 
#ido(sec)  szog(ADC)     ax(g)    ay(g)   az(g)
44.26348114	535	-0.063446 -0.005267  1.193976
44.26879119	535	-0.064164 -0.006704  1.178654
44.27406692	535	-0.063685 0.003591  1.173386
44.27933502	539	-0.068713 0.000718  1.160458
44.28448104	542	-0.062488 -0.004788  1.168119
44.28966903	540	-0.065122 -0.001197  1.157345
44.29486846	541	-0.068713 0.002155  1.151360
44.30002975	547	-0.068952 -0.000239  1.143938
44.30523300	549	-0.067995 -0.000479  1.136995
44.31042861	547	-0.064643 -0.006704  1.130531
44.31562805	550	-0.072304 0.001197  1.118799
44.32078933	549	-0.074938 -0.005985  1.128615
44.32598114	552	-0.066319 -0.001915  1.118081
44.33118057	557	-0.067037 -0.001437  1.111856
44.33637237	559	-0.068473 -0.007661  1.100125
44.34157180	560	-0.064403 -0.003831  1.101322
44.34676742	561	-0.063206 -0.006704  1.093900
44.35195541	562	-0.066798 -0.007901  1.090787
44.35714721	565	-0.060573 -0.010534  1.075464
44.36234664	565	-0.063446 -0.005267  1.070197
44.36754226	568	-0.059615 -0.011253  1.068521
44.37274932	568	-0.057700 -0.006225  1.062296
44.37794876	570	-0.062967 -0.016520  1.055353
44.38315200	573	-0.056263 -0.009577  1.052480
44.38833999	573	-0.058657 -0.008619  1.039552
44.39354324	573	-0.058418 -0.011013  1.036200
44.39873504	574	-0.053869 -0.016280  1.027102
44.40393066	576	-0.056742 -0.014126  1.030693
44.40911483	574	-0.049320 -0.016759  1.030933
44.41432189	579	-0.052193 -0.016041  1.019920
44.41951370	580	-0.046686 -0.016280  1.012498
44.42470932	578	-0.054108 -0.019153  1.014892
44.42991256	581	-0.048841 -0.019393  0.999090
44.43510437	582	-0.043813 -0.020590  1.001245
44.44030380	583	-0.046208 -0.024660  0.989753
44.44550323	583	-0.051714 -0.020111  0.991429
44.45070266	584	-0.052193 -0.020351  0.976106
44.45591354	584	-0.051475 -0.016520  0.979937
44.46112060	587	-0.057939 -0.015323  0.969163
44.46632003	587	-0.055066 -0.023224  0.975388
44.47151947	588	-0.046686 -0.013407  0.967966
44.47670745	587	-0.056742 -0.010534  0.960783
44.48189926	586	-0.057700 -0.014126  0.966290
44.48708343	588	-0.056742 -0.014604  0.950488
44.49227523	589	-0.061291 -0.008619  0.948334
44.49747467	590	-0.061770 -0.013407  0.950488
44.50266647	590	-0.062249 -0.010534  0.953601
44.50787734	589	-0.067516 -0.016041  0.943545
44.51307678	589	-0.059376 -0.015802  0.939236
44.51828384	591	-0.068952 -0.010056  0.948094
44.52348709	592	-0.071346 -0.012929  0.945700
44.52869033	589	-0.068473 -0.008619  0.924152
44.53389739	592	-0.064164 -0.015802  0.937081
44.53908538	592	-0.065600 -0.007901  0.932772
44.54427719	592	-0.065840 -0.012450  0.939954
44.54946517	592	-0.069910 -0.013168  0.928223
44.55466079	592	-0.063925 -0.012689  0.929420
44.55985260	592	-0.065122 -0.008380  0.945700
44.56504440	589	-0.066079 -0.014126  0.927983
44.57023620	592	-0.069671 -0.014126  0.935405
44.57543563	591	-0.067276 -0.014126  0.939954
44.58063507	591	-0.066558 -0.012450  0.930617
44.58583450	591	-0.064403 -0.014126  0.936123
44.59102630	589	-0.067995 -0.013407  0.943545
44.59622573	590	-0.067995 -0.013647  0.937560
44.60143280	591	-0.059854 -0.005507  0.940433
44.60662078	590	-0.055306 -0.013407  0.943066
44.61180496	591	-0.052672 -0.007183  0.940672
44.61700820	591	-0.057939 -0.005746  0.953122
44.62220764	591	-0.049799 -0.009098  0.942348
44.62739944	591	-0.057221 -0.007183  0.946658
44.63259887	590	-0.054587 -0.010534  0.954080
44.63778686	590	-0.051235 -0.009577  0.955995
44.64298248	587	-0.052911 -0.019393  0.960544
44.64819717	586	-0.048841 -0.017717  0.971797
44.65340423	588	-0.048362 -0.018675  0.966769
44.65859985	587	-0.046447 -0.012450  0.968684
44.66380310	586	-0.042616 -0.013168  0.973472
44.66901779	586	-0.050517 -0.005746  0.966769
44.67421722	586	-0.053390 -0.010056  0.968684
44.67940902	584	-0.049559 -0.014126  0.986880
44.68459320	586	-0.050278 -0.004788  0.994541
44.68978500	584	-0.051714 -0.016280  0.991908
44.69498443	583	-0.051714 -0.010056  0.992147
44.70017242	580	-0.054827 -0.007661  0.990950
44.70536422	579	-0.054827 -0.014126  0.999330
44.71055221	577	-0.053390 -0.006943  1.008188
44.71574783	578	-0.058897 -0.005028  1.014413
44.72094726	575	-0.053869 -0.001197  1.013934
44.72613906	573	-0.062967 -0.006704  1.030693
44.73134231	575	-0.056742 -0.004310  1.032130
44.73654937	573	-0.059615 -0.002634  1.033806
44.74174880	574	-0.063446 -0.006704  1.044340
44.74694061	572	-0.060812 -0.006225  1.058705
44.75213623	568	-0.063206 -0.003352  1.047931
44.75732421	568	-0.063685 0.002634  1.053917
44.76247024	568	-0.057460 0.000718  1.062057
44.76762008	566	-0.064882 0.002873  1.068761
44.77276229	565	-0.060812 -0.003112  1.075943
44.77795410	562	-0.054348 0.001915  1.078816
44.78310394	559	-0.059376 -0.000958  1.084323
##inga 
#ido(sec)  szog(ADC)     ax(g)    ay(g)   az(g)
44.78884124	560	-0.060812 -0.000239  1.091984
44.79409790	556	-0.061052 -0.000239  1.089830
44.79934692	555	-0.064164 0.000958  1.108983
44.80459213	554	-0.063206 0.004070  1.102758
44.80973052	552	-0.060094 0.000479  1.114250
44.81485366	549	-0.057700 0.000718  1.124785
44.82000732	550	-0.060573 -0.000479  1.130531
44.82520294	548	-0.062488 0.002155  1.132207
44.83035278	545	-0.053390 0.007661  1.137953
44.83552169	542	-0.054827 0.001437  1.154472
44.84067535	542	-0.058418 0.002634  1.156627
44.84583663	540	-0.057700 0.003352  1.165246
44.85099411	537	-0.057700 0.000958  1.164767
44.85614013	538	-0.057460 -0.002155  1.164049
44.86134338	537	-0.048602 -0.004310  1.169795
44.86654663	533	-0.052193 0.003831  1.176259
44.87169647	534	-0.052432 0.000479  1.185597
44.87683868	530	-0.050038 -0.001437  1.187991
44.88203811	527	-0.048841 0.000958  1.194694
44.88718795	525	-0.047884 0.003591  1.196849
44.89234542	525	-0.049320 0.001676  1.201398
44.89748764	523	-0.045489 -0.002873  1.211933
44.90268325	521	-0.040701 -0.001437  1.208102
44.90788269	517	-0.049081 0.000000  1.209538
44.91298294	515	-0.041180 0.006704  1.221030
44.91812896	513	-0.041659 0.003112  1.215524
44.92326736	510	-0.049081 0.004070  1.221030
44.92840576	506	-0.050038 0.000239  1.221509
44.93354034	506	-0.047884 0.000000  1.238269
44.93865203	504	-0.049799 0.006704  1.231086
44.94380569	503	-0.047405 0.009577  1.236593
44.94895172	500	-0.043095 0.006225  1.244254
44.95410919	501	-0.048123 0.008140  1.241381
44.95925140	497	-0.050517 0.011731  1.250718
44.96439743	494	-0.059376 0.006943  1.243057
44.96953964	492	-0.056263 0.007422  1.247845
44.97468566	488	-0.056742 0.009816  1.241620
44.97983932	486	-0.051714 0.018435  1.252873
44.98500061	484	-0.047165 0.015802  1.245451
44.99015426	482	-0.053869 0.009816  1.248803
44.99533081	478	-0.058657 0.016999  1.252634
45.00049591	478	-0.058179 0.026097  1.253831
45.00565719	476	-0.051954 0.017238  1.251197
45.01081085	471	-0.053390 0.016759  1.257183
45.01597213	472	-0.059376 0.021069  1.254070
45.02114105	470	-0.053869 0.022505  1.250239
45.02629852	465	-0.057460 0.019393  1.250000
45.03145599	465	-0.051714 0.020590  1.253112
45.03661727	464	-0.055784 0.019872  1.245212
45.04176712	461	-0.051714 0.022026  1.253591
45.04692077	457	-0.057700 0.021308  1.251437
45.05206298	456	-0.061052 0.016759  1.249761
45.05721282	453	-0.057460 0.020351  1.248324
45.06236648	449	-0.048602 0.024181  1.237550
45.06751632	451	-0.047405 0.018435  1.237790
45.07265853	450	-0.047405 0.016759  1.243057
45.07780456	449	-0.052672 0.023702  1.250239
45.08294677	448	-0.043574 0.022745  1.236593
45.08809661	443	-0.037589 0.021069  1.237311
45.09324645	443	-0.037589 0.017477  1.233241
45.09838867	438	-0.036391 0.009098  1.228931
45.10353469	436	-0.037110 0.020829  1.221749
45.10868072	432	-0.032800 0.017717  1.213608
45.11382675	433	-0.033758 0.015323  1.210257
45.11898040	431	-0.028251 0.014365  1.198046
45.12412261	429	-0.038067 0.013168  1.210736
45.12927246	428	-0.031843 0.024899  1.204271
45.13442611	424	-0.027054 0.022505  1.203074
45.13957977	421	-0.034476 0.014604  1.197807
45.14475250	421	-0.034237 0.022026  1.187512
45.14991378	419	-0.034237 0.019872  1.188470
45.15506744	415	-0.034237 0.021308  1.182724
45.16022872	414	-0.028491 0.022505  1.171710
45.16538619	410	-0.034476 0.022745  1.165007
45.17055130	411	-0.034237 0.024181  1.165725
45.17571258	409	-0.038546 0.026336  1.167401
45.18087768	410	-0.038786 0.028251  1.148487
45.18602752	408	-0.046447 0.029209  1.142262
45.19119644	408	-0.038067 0.028970  1.146811
45.19634628	405	-0.045968 0.030645  1.137234
45.20151138	402	-0.047884 0.033997  1.128615
45.20666122	403	-0.043095 0.030645  1.129812
45.21181488	399	-0.047644 0.031843  1.110180
45.21696853	399	-0.050996 0.033040  1.110659
45.22210693	395	-0.049559 0.034237  1.115687
45.22725677	394	-0.046926 0.031364  1.100125
45.23240661	394	-0.041898 0.036631  1.093900
45.23755264	393	-0.047165 0.033518  1.087196
45.24269866	389	-0.046926 0.034237  1.084802
45.24785614	388	-0.044532 0.028970  1.083844
45.25299835	386	-0.040222 0.035434  1.076901
45.25814819	386	-0.039025 0.032321  1.066367
45.26329040	385	-0.034237 0.028730  1.056311
45.26843261	384	-0.037349 0.032800  1.052241
45.27357482	382	-0.036391 0.036391  1.046974
45.27871704	381	-0.038067 0.031843  1.042425
45.28387069	379	-0.034955 0.028970  1.034285
45.28902053	379	-0.038067 0.034955  1.039312
45.29417419	375	-0.035194 0.026815  1.022793
45.29934310	374	-0.036391 0.033279  1.016807
45.30450439	374	-0.029927 0.031124  1.015131
##inga 
#ido(sec)  szog(ADC)     ax(g)    ay(g)   az(g)
45.31020355	372	-0.028970 0.026815  1.004836
45.31547546	372	-0.026575 0.029688  1.001724
45.32074737	370	-0.029688 0.027772  1.000527
45.32600784	369	-0.027294 0.028012  0.982810
45.33116149	368	-0.026336 0.029688  0.988077
45.33632278	367	-0.031843 0.032321  0.986401
45.34148788	367	-0.028730 0.029688  0.980416
45.34664916	367	-0.023702 0.030645  0.972515
45.35179519	363	-0.028970 0.034237  0.966051
45.35696029	365	-0.027054 0.033040  0.971078
45.36211013	364	-0.030406 0.030406  0.962220
45.36726379	362	-0.028251 0.035673  0.964375
45.37242507	359	-0.024421 0.031603  0.955277
45.37758255	361	-0.028012 0.028491  0.955995
45.38273239	358	-0.032561 0.039504  0.946418
45.38788223	359	-0.032561 0.036870  0.947137
45.39302825	359	-0.036391 0.035673  0.948813
45.39817047	357	-0.030167 0.036152  0.936602
45.40331268	358	-0.034955 0.032321  0.935645
45.40846252	357	-0.036870 0.038067  0.937081
45.41360473	356	-0.038307 0.037828  0.937320
45.41875076	357	-0.036152 0.033997  0.921998
45.42390060	358	-0.038546 0.036870  0.933490
45.42903900	357	-0.041659 0.041898  0.929659
45.43418884	357	-0.039743 0.043574  0.917209
45.43932723	357	-0.039265 0.040222  0.927265
45.44447708	357	-0.043813 0.043335  0.927265
45.44961929	355	-0.044771 0.037828  0.930377
45.45476150	357	-0.039504 0.040462  0.910506
45.45990371	354	-0.039504 0.044771  0.926307
45.46504974	357	-0.047884 0.039983  0.921758
45.47019195	356	-0.036391 0.038786  0.926307
45.47532272	357	-0.041180 0.041898  0.925589
45.48046875	356	-0.037349 0.037589  0.927744
45.48561096	357	-0.041898 0.034476  0.915773
45.49076843	357	-0.034955 0.037828  0.926068
45.49591445	357	-0.036870 0.034237  0.926307
45.50106811	358	-0.034476 0.033518  0.928462
45.50622940	357	-0.033279 0.030406  0.935405
45.51138305	359	-0.035673 0.032561  0.931335
45.51653671	357	-0.033518 0.022984  0.939475
45.52169418	356	-0.028730 0.033518  0.936363
45.52685546	360	-0.028730 0.027294  0.932293
45.53201675	359	-0.034237 0.025378  0.942588
45.53717041	358	-0.023702 0.027294  0.934208
45.54232788	361	-0.029927 0.026336  0.950249
45.54749298	359	-0.028491 0.030167  0.952164
45.55263900	364	-0.021787 0.027533  0.955995
45.55779647	362	-0.024181 0.026575  0.950249
45.56294631	365	-0.029688 0.023463  0.956953
45.56811141	365	-0.034955 0.025378  0.961262
45.57325744	363	-0.029448 0.028730  0.967487
45.57839965	367	-0.029927 0.030645  0.967487
45.58353424	369	-0.023224 0.022745  0.974909
45.58868789	368	-0.029448 0.031843  0.975627
45.59382629	368	-0.032321 0.022984  0.988077
45.59898757	370	-0.032800 0.029209  0.989992
45.60412216	371	-0.036152 0.024181  0.992865
45.60926437	372	-0.034955 0.029209  0.987838
45.61441040	371	-0.033040 0.033279  1.001484
45.61956024	375	-0.036391 0.029209  1.005315
45.62471389	377	-0.039265 0.031364  1.006033
45.62985610	377	-0.046447 0.024660  1.015131
45.63499832	378	-0.045250 0.031843  1.016807
45.64015197	379	-0.044053 0.027294  1.027102
45.64530181	381	-0.046447 0.023942  1.030693
45.65044403	382	-0.043335 0.030885  1.031890
45.65558242	384	-0.043574 0.036631  1.044340
45.66072845	385	-0.046208 0.029209  1.042664
45.66587066	387	-0.037589 0.023224  1.052241
45.67102050	389	-0.043335 0.026097  1.057987
45.67617416	386	-0.041659 0.026336  1.070916
45.68134307	391	-0.046208 0.030645  1.083365
45.68651580	394	-0.037349 0.025618  1.087914
45.69168853	392	-0.046926 0.028012  1.080492
45.69684219	394	-0.046447 0.026097  1.086238
45.70200729	397	-0.046926 0.028012  1.096533
45.70717239	400	-0.041180 0.030406  1.110419
45.71233367	400	-0.044771 0.026815  1.105152
45.71749496	403	-0.047405 0.025618  1.104434
45.72266006	403	-0.044292 0.029209  1.112095
45.72780227	406	-0.051475 0.020351  1.127897
45.73295593	408	-0.044053 0.025378  1.129812
45.73811340	408	-0.039504 0.019393  1.138910
45.74325561	408	-0.034476 0.017238  1.144177
45.74840164	411	-0.035434 0.019153  1.145135
45.75354385	411	-0.039743 0.017477  1.148966
45.75870513	413	-0.038546 0.015802  1.157345
45.76384735	416	-0.039025 0.011971  1.165007
45.76898956	417	-0.033997 0.018435  1.172429
45.77413940	418	-0.028970 0.014844  1.177935
45.77930068	419	-0.028251 0.010295  1.181287
45.78443908	424	-0.031124 0.011492  1.176259
45.78959655	425	-0.032800 0.014844  1.188948
45.79473876	427	-0.029448 0.006943  1.188948
45.79989242	429	-0.035194 0.007183  1.198046
45.80503845	428	-0.036631 0.011013  1.195413
45.81018829	432	-0.038307 0.011971  1.204990
45.81532287	433	-0.039743 0.011253  1.209778
45.82046890	434	-0.039983 0.009577  1.217200
45.82561492	437	-0.043574 0.016759  1.218158
##inga 
#ido(sec)  szog(ADC)     ax(g)    ay(g)   az(g)
45.83130645	440	-0.046926 0.015562  1.224861
45.83657836	444	-0.044292 0.011731  1.218158
45.84188461	445	-0.050278 0.018435  1.226537
45.84714889	449	-0.052911 0.020111  1.232523
45.85230255	450	-0.055784 0.017238  1.232762
45.85747146	451	-0.060333 0.022026  1.242817
45.86262893	452	-0.059615 0.019632  1.238508
45.86779022	455	-0.062009 0.024421  1.231804
45.87295532	454	-0.063446 0.014844  1.244493
45.87811279	454	-0.063446 0.021548  1.248803
45.88327789	458	-0.066079 0.016280  1.238269
45.88842773	462	-0.062249 0.013886  1.244254
45.89359283	463	-0.069910 0.014365  1.245212
45.89874267	466	-0.066798 0.016041  1.253352
45.90389633	469	-0.063685 0.017238  1.260295
45.90905380	469	-0.065840 0.019153  1.251437
45.91421127	470	-0.065361 0.012450  1.256943
45.91935729	474	-0.061530 0.009098  1.252155
45.92451095	476	-0.058179 0.013407  1.241620
45.92964553	476	-0.048602 0.015802  1.255267
45.93479919	478	-0.058179 0.009337  1.244733
45.93994522	481	-0.051714 0.002634  1.254070
45.94508743	485	-0.048602 0.005985  1.244254
45.95023345	486	-0.054348 0.008858  1.243775
45.95537567	492	-0.044532 0.001437  1.244254
45.96053695	492	-0.045489 0.000958  1.250000
45.96566772	495	-0.045968 0.005746  1.242578
45.97082138	494	-0.041898 0.002873  1.241142
45.97596359	501	-0.043335 0.002394  1.242817
45.98110961	500	-0.046926 0.000000  1.243057
45.98621368	503	-0.043813 -0.006464  1.229889
45.99141311	502	-0.044053 -0.000958  1.231325
45.99661636	507	-0.044292 -0.000718  1.234198
46.00180435	505	-0.045729 -0.003112  1.218158
46.00700378	510	-0.045489 -0.004549  1.214806
46.01219558	512	-0.045729 -0.001197  1.216721
46.01739501	516	-0.045489 -0.002155  1.211454
46.02259445	517	-0.045968 -0.001197  1.210017
46.02780532	519	-0.048362 -0.011492  1.209778
46.03300857	524	-0.050278 -0.003352  1.198286
46.03820419	524	-0.054587 0.000000  1.197807
46.04331207	526	-0.059615 -0.002634  1.188948
46.04850769	528	-0.058179 -0.013647  1.184639
46.05370712	530	-0.056503 -0.000479  1.176978
46.05890274	531	-0.060094 -0.001197  1.171232
46.06409835	535	-0.060094 0.000479  1.178175
46.06923294	536	-0.060333 -0.004310  1.167401
46.07442855	535	-0.058897 -0.005028  1.159261
46.07962036	538	-0.063446 0.002155  1.157345
46.08478164	538	-0.064882 0.000958  1.152318
46.08993911	540	-0.063446 0.000239  1.144896
46.09510040	543	-0.066079 -0.003112  1.144656
46.10030364	544	-0.067037 -0.004549  1.141065
46.10550689	547	-0.064164 0.001197  1.124066
46.11067581	548	-0.067037 -0.001197  1.122869
46.11587524	551	-0.066079 0.000000  1.118081
46.12098312	549	-0.067037 -0.000958  1.109701
46.12618637	552	-0.063925 -0.006943  1.111617
46.13137817	551	-0.064403 -0.002634  1.109701
46.13656616	557	-0.063925 0.000000  1.097730
46.14166641	558	-0.067995 -0.012450  1.097730
46.14685058	560	-0.063206 -0.009816  1.094139
46.15204238	560	-0.062967 -0.004310  1.082886
46.15723419	563	-0.064164 -0.013168  1.078338
46.16242980	564	-0.059615 -0.012689  1.081929
46.16761779	568	-0.057460 -0.012689  1.058705
46.17280578	567	-0.059854 -0.008140  1.050326
46.17800521	568	-0.062009 -0.012210  1.048171
46.18320465	570	-0.055306 -0.017717  1.047931
46.18841171	571	-0.054348 -0.013647  1.040270
46.19361495	573	-0.057460 -0.009098  1.036679
46.19883346	574	-0.054108 -0.015802  1.034045
46.20402908	574	-0.050278 -0.012450  1.035721
46.20922088	575	-0.054827 -0.016280  1.025426
46.21441268	574	-0.060094 -0.010534  1.014174
46.21960067	577	-0.059854 -0.014604  1.013695
46.22480010	578	-0.055066 -0.023224  1.008906
46.22999191	579	-0.059136 -0.018196  0.998372
46.23517990	581	-0.056742 -0.015802  0.998133
46.24037170	581	-0.054827 -0.012689  0.995260
46.24555969	579	-0.053630 -0.018675  0.991429
46.25076293	581	-0.057939 -0.016280  0.983767
46.25596618	584	-0.056503 -0.018196  0.975388
46.26116561	581	-0.055066 -0.010056  0.975627
46.26636123	582	-0.053151 -0.018675  0.978022
46.27156066	584	-0.054587 -0.009816  0.971557
46.27675628	584	-0.059136 -0.014126  0.966290
46.28193664	586	-0.062727 -0.009098  0.970360
46.28712081	586	-0.065122 -0.014126  0.962699
46.29232025	586	-0.057700 -0.018675  0.959347
46.29751586	588	-0.059615 -0.016999  0.953122
46.30270767	586	-0.063206 -0.009816  0.943066
46.30790710	588	-0.064643 -0.011731  0.948813
46.31310653	589	-0.061291 -0.015562  0.950967
46.31832122	589	-0.064164 -0.015083  0.946418
46.32352447	589	-0.061770 -0.008380  0.944742
46.32872390	589	-0.067037 -0.015802  0.931574
46.33392333	587	-0.065840 -0.011253  0.938518
46.33913040	590	-0.068234 -0.013886  0.944503
46.34433364	588	-0.062727 -0.017477  0.942588
46.34952545	589	-0.064882 -0.012450  0.947615
##inga 
#ido(sec)  szog(ADC)     ax(g)    ay(g)   az(g)
46.35524749	590	-0.061052 -0.015083  0.939954
46.36051940	588	-0.067037 -0.016041  0.942348
46.36578750	588	-0.062249 -0.012689  0.938757
46.37105941	588	-0.061052 -0.013647  0.929420
46.37625503	588	-0.065600 -0.020590  0.933969
46.38145446	591	-0.061052 -0.020111  0.942827
46.38665390	589	-0.055545 -0.007183  0.940433
46.39184570	591	-0.055306 -0.011971  0.943545
46.39703750	590	-0.054827 -0.011971  0.941151
46.40222930	590	-0.052432 -0.013647  0.941391
46.40744018	589	-0.052193 -0.015083  0.955516
46.41265106	588	-0.056742 -0.010295  0.955516
46.41785049	586	-0.051235 -0.012450  0.949291
46.42306518	588	-0.053869 -0.016759  0.960065
46.42826843	587	-0.050038 -0.011492  0.957192
46.43346786	586	-0.052911 -0.009816  0.953840
46.43864822	586	-0.049081 -0.007901  0.964614
46.44384384	585	-0.062009 -0.008858  0.962459
46.44904327	586	-0.052193 -0.011492  0.965093
46.45423507	586	-0.054827 -0.013886  0.966290
46.45941925	586	-0.061052 -0.009098  0.968684
46.46461486	583	-0.054587 -0.015083  0.978500
46.46980285	584	-0.054827 -0.006704  0.983528
46.47500228	583	-0.047405 -0.008140  0.979937
46.48019790	581	-0.059376 -0.003112  0.991429
46.48539733	578	-0.054348 -0.006704  0.993344
46.49059295	578	-0.053869 -0.012689  0.996935
46.49579620	578	-0.054827 -0.009577  1.006512
46.50098800	577	-0.058418 -0.004549  1.002442
46.50617218	574	-0.057221 -0.011253  1.019441
46.51137542	576	-0.053151 -0.001197  1.023032
46.51656341	573	-0.057221 -0.004549  1.008427
46.52175521	572	-0.058897 -0.004310  1.015131
46.52694702	574	-0.061530 -0.001676  1.024229
46.53213500	571	-0.052432 -0.004310  1.029496
46.53732299	571	-0.055784 -0.002873  1.044819
46.54252243	570	-0.056742 -0.002873  1.039312
46.54772186	569	-0.061530 -0.002873  1.047692
46.55292892	568	-0.060573 0.000718  1.054156
46.55808258	564	-0.061291 0.000718  1.064691
46.56324386	565	-0.059376 0.001197  1.058705
46.56840515	560	-0.057939 -0.000239  1.068042
46.57361221	561	-0.058657 -0.002155  1.072113
46.57881546	559	-0.057700 -0.003591  1.081929
46.58401107	557	-0.058897 0.000718  1.084802
46.58916091	556	-0.055545 0.002394  1.097012
46.59429931	553	-0.058418 0.007661  1.100603
46.59944534	552	-0.060573 -0.003112  1.100843
46.60464859	550	-0.058179 0.003112  1.099646
46.60979080	548	-0.057939 -0.004549  1.110180
46.61497497	548	-0.055066 0.000479  1.116405
46.62012481	545	-0.057939 0.006704  1.126221
46.62526321	544	-0.055784 -0.000958  1.128615
46.63046264	542	-0.059615 -0.000718  1.133882
46.63565826	541	-0.052193 0.006225  1.141304
46.64081954	537	-0.058179 0.002634  1.150163
46.64597702	536	-0.051235 0.004070  1.145135
46.65112686	538	-0.052432 -0.003591  1.157585
46.65633010	534	-0.053151 -0.004310  1.162373
46.66152954	533	-0.052193 0.001915  1.160218
46.66669464	531	-0.053630 0.006943  1.170992
46.67185211	529	-0.054108 0.005028  1.172429
46.67701339	526	-0.050757 0.001437  1.181766
46.68217086	525	-0.050757 -0.001437  1.178175
46.68736267	522	-0.052432 0.000718  1.187512
46.69250869	521	-0.051714 -0.006943  1.192540
46.69769287	519	-0.046447 0.006464  1.195892
46.70284271	518	-0.047644 0.002873  1.201159
46.70799255	513	-0.047884 0.004310  1.204750
46.71313095	511	-0.047405 0.006225  1.213848
46.71828842	511	-0.048841 0.004070  1.210975
46.72342681	507	-0.051235 0.005985  1.221749
46.72856521	505	-0.045968 0.007901  1.210975
46.73371124	505	-0.039983 0.001197  1.222467
46.73885345	502	-0.049799 0.005267  1.227016
46.74400329	502	-0.049559 0.007183  1.222946
46.74915313	499	-0.054827 0.009098  1.231565
46.75429916	497	-0.051235 0.005985  1.229650
46.75944137	494	-0.052193 0.007183  1.229650
46.76457977	492	-0.049799 0.011971  1.236832
46.76972961	491	-0.046208 0.010534  1.245930
46.77487564	486	-0.053869 0.012929  1.229171
46.78003692	485	-0.051475 0.011971  1.243057
46.78519439	484	-0.059615 0.013647  1.246409
46.79036331	480	-0.054108 0.013168  1.246409
46.79552841	477	-0.055306 0.010295  1.240663
46.80069732	476	-0.057700 0.016041  1.244493
46.80584335	475	-0.048602 0.012929  1.246648
46.81101608	472	-0.054108 0.015802  1.254070
46.81617736	472	-0.058418 0.018196  1.247127
46.82133483	467	-0.058418 0.008858  1.237790
46.82649230	465	-0.054108 0.021787  1.240423
46.83166122	464	-0.057460 0.020829  1.243057
46.83680725	462	-0.054827 0.015323  1.239705
46.84196472	460	-0.054348 0.015323  1.241381
46.84712982	458	-0.051954 0.021308  1.241142
46.85227584	455	-0.047405 0.022745  1.234438
46.85743331	451	-0.048602 0.016280  1.229171
46.86257553	451	-0.048362 0.025378  1.225101
46.86773681	448	-0.048362 0.019153  1.227974
46.87289047	449	-0.045011 0.015323  1.228931
##inga 
#ido(sec)  szog(ADC)     ax(g)    ay(g)   az(g)
46.87857055	448	-0.047884 0.018675  1.231565
46.88385772	444	-0.041419 0.016280  1.222228
46.88914108	442	-0.043574 0.016041  1.219833
46.89440917	440	-0.040940 0.023224  1.219355
46.89955902	439	-0.042377 0.022745  1.205468
46.90470504	433	-0.040701 0.016759  1.213369
46.90983963	434	-0.035434 0.014844  1.202595
46.91499328	430	-0.035194 0.017477  1.213848
46.92015075	432	-0.033997 0.021308  1.203553
46.92530059	429	-0.035913 0.019872  1.189906
46.93045425	424	-0.033997 0.022026  1.187991
46.93560791	425	-0.033279 0.017717  1.181766
46.94075775	421	-0.038546 0.013168  1.181766
46.94589614	420	-0.034476 0.023942  1.172668
46.95104217	419	-0.036391 0.017956  1.169795
46.95620346	417	-0.040701 0.020829  1.171471
46.96136474	416	-0.033279 0.026815  1.162852
46.96653366	412	-0.030167 0.024899  1.161415
46.97170257	411	-0.035434 0.019393  1.156627
46.97687530	410	-0.039504 0.026575  1.147290
46.98203659	410	-0.042616 0.027772  1.146811
46.98720169	407	-0.037349 0.023942  1.141544
46.99236297	407	-0.042856 0.030645  1.134122
46.99753570	404	-0.047884 0.029927  1.128376
47.00269317	403	-0.051235 0.033997  1.129573
47.00784301	400	-0.045489 0.032800  1.110419
47.01298522	400	-0.049799 0.029688  1.113532
47.01813125	401	-0.049320 0.032800  1.100843
47.02327728	399	-0.049081 0.033518  1.101800
47.02843093	397	-0.046208 0.039025  1.098927
47.03357696	394	-0.048123 0.036152  1.090548
47.03873062	391	-0.041659 0.029688  1.080253
47.04388809	389	-0.041898 0.034955  1.064212
47.04904937	390	-0.041419 0.036391  1.077140
47.05419158	386	-0.039265 0.037349  1.065648
47.05933761	385	-0.035434 0.030167  1.057987
47.06447982	386	-0.033040 0.024421  1.057987
47.06962585	384	-0.036631 0.029927  1.050804
47.07476806	382	-0.038546 0.030406  1.037158
47.07991409	383	-0.042377 0.029688  1.040510
47.08505630	381	-0.036870 0.030167  1.037397
47.09019851	377	-0.028970 0.037110  1.035721
47.09534454	376	-0.031843 0.027294  1.025426
47.10049438	378	-0.028251 0.032800  1.011779
47.10564041	375	-0.028970 0.028012  1.011779
47.11078643	375	-0.028970 0.024660  1.006273
47.11594390	373	-0.023942 0.027294  1.001724
47.12110900	370	-0.028730 0.033040  1.000527
47.12626647	371	-0.029927 0.028251  0.991668
47.13143157	371	-0.025139 0.030885  0.991189
47.13659286	369	-0.024660 0.025378  0.977303
47.14174652	368	-0.026815 0.021308  0.969402
47.14690399	367	-0.023702 0.032082  0.977064
47.15206527	367	-0.033040 0.034716  0.973712
47.15722274	364	-0.025139 0.028251  0.969163
47.16236495	366	-0.028491 0.031124  0.964375
47.16752243	364	-0.032800 0.029448  0.961023
47.17267990	365	-0.027772 0.031364  0.953361
47.17783355	364	-0.039265 0.032561  0.950010
47.18297576	361	-0.030645 0.031603  0.956474
47.18812561	361	-0.032321 0.037828  0.948094
47.19326782	362	-0.034716 0.033518  0.944503
47.19840621	360	-0.033279 0.032321  0.938278
47.20354843	361	-0.031364 0.033997  0.945461
47.20869445	361	-0.036870 0.034237  0.945221
47.21384048	360	-0.037828 0.037110  0.930377
47.21897125	360	-0.039983 0.037828  0.938518
47.22411727	359	-0.039265 0.039743  0.941391
47.22925949	359	-0.039743 0.035434  0.941151
47.23440933	360	-0.039025 0.033518  0.927983
47.23955917	360	-0.039743 0.040222  0.927504
47.24469757	359	-0.043095 0.034237  0.924631
47.24985504	360	-0.045250 0.035194  0.933490
47.25500106	360	-0.039265 0.037349  0.928701
47.26014328	358	-0.039743 0.040462  0.926547
47.26528930	359	-0.042138 0.037589  0.928701
47.27043151	360	-0.035673 0.041898  0.928701
47.27556228	360	-0.037110 0.034237  0.933250
47.28070831	360	-0.037349 0.040940  0.928223
47.28585052	360	-0.039983 0.032800  0.930377
47.29098510	360	-0.035194 0.037110  0.930617
47.29613494	360	-0.036631 0.031364  0.932293
47.30128479	359	-0.037589 0.024660  0.935166
47.30643844	359	-0.034716 0.031603  0.933490
47.31159973	361	-0.038546 0.035913  0.944742
47.31675720	362	-0.029448 0.030406  0.936842
47.32191848	362	-0.031364 0.028970  0.936123
47.32707214	360	-0.025857 0.028251  0.938996
47.33222579	364	-0.029688 0.029927  0.943785
47.33738327	364	-0.034716 0.016520  0.950728
47.34254074	365	-0.025139 0.027772  0.944024
47.34769058	366	-0.032321 0.021787  0.954319
47.35285186	366	-0.028970 0.025857  0.959826
47.35800170	365	-0.025857 0.027294  0.958389
47.36315917	368	-0.026815 0.028012  0.960305
47.36830902	369	-0.034955 0.028970  0.969402
47.37345123	367	-0.030645 0.030406  0.973712
47.37860488	369	-0.031364 0.033518  0.968684
47.38373947	372	-0.029209 0.023463  0.981373
47.38888549	371	-0.038307 0.028012  0.988077
47.39402770	373	-0.030167 0.028012  0.985204
##inga 
#ido(sec)  szog(ADC)     ax(g)    ay(g)   az(g)
47.39970016	374	-0.030645 0.026815  0.993584
47.40497207	375	-0.034716 0.028970  0.989035
47.41023635	377	-0.037349 0.026815  1.001724
47.41550064	379	-0.035913 0.026575  1.001245
47.42064285	381	-0.037110 0.026575  1.005076
47.42579269	381	-0.038307 0.028970  1.014413
47.43093490	382	-0.038786 0.028251  1.020159
47.43608856	382	-0.038307 0.031124  1.026144
47.44123077	384	-0.037110 0.031124  1.024469
47.44638061	385	-0.041419 0.034476  1.042425
47.45152282	385	-0.043335 0.027533  1.041707
47.45666885	387	-0.047884 0.030167  1.050804
47.46182250	387	-0.044053 0.032082  1.049129
47.46696853	389	-0.041180 0.031843  1.051283
47.47211074	390	-0.046447 0.027054  1.068042
47.47726821	391	-0.042616 0.027294  1.075943
47.48241043	395	-0.042856 0.030885  1.070916
47.48757171	394	-0.048123 0.034476  1.079295
47.49271774	396	-0.047884 0.026815  1.087196
47.49787902	400	-0.047884 0.023942  1.093660
47.50304031	401	-0.050278 0.029209  1.101322
47.50818634	402	-0.046686 0.025618  1.105152
47.51335525	404	-0.044053 0.031124  1.106349
47.51851654	405	-0.042138 0.026575  1.120475
47.52368545	407	-0.040701 0.021308  1.121433
47.52885437	409	-0.043335 0.022266  1.126700
47.53400802	406	-0.040701 0.023702  1.131967
47.53916549	410	-0.047644 0.020111  1.140825
47.54431533	410	-0.044292 0.019872  1.139389
47.54947662	413	-0.035673 0.015562  1.140107
47.55463409	416	-0.037589 0.023224  1.152796
47.55978393	416	-0.031124 0.011253  1.164528
47.56494140	418	-0.032561 0.011253  1.160937
47.57009506	418	-0.032082 0.016999  1.167640
47.57524108	421	-0.033518 0.013407  1.165246
47.58038330	425	-0.036152 0.015802  1.168119
47.58552932	424	-0.032800 0.015562  1.183202
47.59067153	427	-0.034476 0.010056  1.196610
47.59581375	430	-0.035434 0.011731  1.188470
47.60095596	430	-0.035913 0.014844  1.193019
47.60610961	434	-0.035194 0.019872  1.200680
47.61125946	433	-0.032321 0.006704  1.197328
47.61639022	437	-0.044292 0.010774  1.200201
47.62155151	438	-0.041659 0.015802  1.211214
47.62670135	442	-0.042377 0.013168  1.206665
47.63185119	444	-0.054108 0.020351  1.205229
47.63699340	448	-0.051714 0.009098  1.209538
47.64213180	449	-0.051235 0.011731  1.217200
47.64728546	450	-0.054108 0.020590  1.221270
47.65242385	448	-0.058897 0.019872  1.223185
47.65756988	450	-0.057221 0.019393  1.225579
47.66272354	453	-0.064164 0.021787  1.230847
47.66789627	455	-0.055066 0.017717  1.238987
47.67305755	455	-0.061530 0.016520  1.233241
47.67821502	458	-0.061530 0.016999  1.232044
47.68338012	461	-0.066798 0.014365  1.241381
47.68855667	463	-0.059376 0.020111  1.233720
47.69370651	465	-0.059854 0.013168  1.224143
47.69887161	467	-0.062009 0.016759  1.240184
47.70403289	467	-0.061291 0.012450  1.236114
47.70919036	470	-0.062009 0.017717  1.246648
47.71435546	473	-0.063685 0.010056  1.234917
47.71950912	476	-0.058897 0.014365  1.240184
47.72466278	477	-0.051714 0.004788  1.248085
47.72980880	480	-0.048123 0.011013  1.239226
47.73495483	482	-0.055545 0.006464  1.240663
47.74010848	484	-0.048362 0.001676  1.246169
47.74526977	487	-0.048123 0.002394  1.235396
47.75042724	491	-0.045968 0.013168  1.245212
47.75556564	492	-0.048362 0.005507  1.227495
47.76071548	493	-0.050278 0.001915  1.233001
47.76585769	495	-0.047165 -0.002155  1.236832
47.77104568	498	-0.046926 0.008858  1.225340
47.77618408	499	-0.049799 0.001437  1.222467
47.78132629	503	-0.044532 0.001197  1.227016
47.78647613	503	-0.040222 -0.009098  1.215284
47.79166793	504	-0.052432 0.001437  1.219355
47.79681015	505	-0.041659 -0.001437  1.220073
47.80200958	508	-0.043813 -0.003831  1.213608
47.80720520	509	-0.049559 -0.001437  1.214327
47.81240463	512	-0.053390 -0.006464  1.209060
47.81760025	514	-0.050278 -0.000479  1.196370
47.82280349	516	-0.048123 -0.003352  1.201638
47.82801055	519	-0.049320 -0.006464  1.204990
47.83321762	524	-0.054348 -0.003831  1.190864
47.83841323	524	-0.050517 0.007661  1.183921
47.84356307	526	-0.054587 -0.006464  1.184639
47.84875488	527	-0.062488 -0.003831  1.181766
47.85395050	528	-0.059136 -0.002873  1.169556
47.85915374	531	-0.059615 -0.000958  1.181766
47.86433410	532	-0.073501 0.001197  1.168119
47.86947631	536	-0.063685 0.001915  1.164767
47.87462234	537	-0.069910 -0.001676  1.152557
47.87982177	538	-0.061530 0.004788  1.147050
47.88497924	540	-0.063446 0.009098  1.144656
47.89012527	542	-0.062249 0.005507  1.137713
47.89528274	541	-0.064882 -0.002873  1.139629
47.90048980	543	-0.070868 0.003112  1.126939
47.90563201	546	-0.066798 0.000479  1.120714
47.91078186	548	-0.067755 0.002155  1.120236
47.91593170	549	-0.066558 0.000239  1.113771
##inga 
#ido(sec)  szog(ADC)     ax(g)    ay(g)   az(g)
47.92162704	550	-0.070628 -0.009816  1.102519
47.92689514	550	-0.066079 0.004310  1.097970
47.93216705	552	-0.063925 -0.009816  1.085760
47.93742752	556	-0.065122 -0.008140  1.083605
47.94263076	555	-0.057700 -0.005985  1.090069
47.94783020	559	-0.061291 -0.002394  1.070676
47.95301818	560	-0.064403 -0.012929  1.066846
47.95822143	561	-0.052911 -0.012450  1.064212
47.96341705	563	-0.059615 -0.009337  1.063494
47.96860504	564	-0.058657 -0.004070  1.052480
47.97379684	567	-0.053390 -0.009816  1.040031
47.97898864	567	-0.056263 -0.010295  1.050086
47.98418045	567	-0.049559 -0.014126  1.038594
47.98938369	567	-0.055784 -0.020351  1.035721
47.99457931	570	-0.048841 -0.016759  1.031172
47.99979019	570	-0.052432 -0.018435  1.024708
48.00498962	574	-0.049799 -0.017477  1.023271
48.01020050	575	-0.050996 -0.022026  1.016568
48.01539611	574	-0.052672 -0.016999  1.012977
48.02060317	575	-0.051235 -0.023224  1.011779
48.02579879	576	-0.046447 -0.016520  1.009864
48.03098678	577	-0.047884 -0.015083  0.993823
48.03617858	578	-0.052672 -0.012689  0.994541
48.04137420	577	-0.054827 -0.019393  0.988316
48.04657745	581	-0.057221 -0.016999  0.998133
48.05177307	581	-0.058179 -0.011971  0.991668
48.05696868	580	-0.059136 -0.015562  0.987119
48.06216812	579	-0.058897 -0.017477  0.977303
48.06737136	581	-0.060812 -0.013407  0.973472
48.07257080	584	-0.063446 -0.011971  0.977303
48.07777786	584	-0.066079 -0.006464  0.970839
48.08298873	583	-0.073262 -0.012450  0.956474
48.08818817	584	-0.074219 -0.008140  0.969881
48.09337997	584	-0.062967 -0.006225  0.956953
48.09856796	586	-0.067276 -0.011253  0.952883
48.10376739	586	-0.066319 -0.011013  0.950249
48.10895538	585	-0.070628 -0.007183  0.961741
48.11415481	587	-0.075895 -0.008380  0.944024
48.11934661	586	-0.070149 -0.006464  0.950010
48.12454986	584	-0.068952 -0.013886  0.955037
48.12974929	588	-0.060812 -0.009816  0.950488
48.13494873	587	-0.067037 -0.007901  0.959347
48.14015197	588	-0.060333 -0.008858  0.948334
48.14536285	587	-0.063446 -0.004070  0.934447
48.15056610	587	-0.058657 -0.014126  0.941391
48.15576553	587	-0.061530 -0.008858  0.945461
48.16096496	588	-0.063925 -0.011492  0.944024
48.16615676	586	-0.062009 -0.008619  0.949770
48.17134094	587	-0.059854 -0.008858  0.940433
48.17653274	588	-0.057939 -0.014604  0.941869
48.18172836	588	-0.062249 -0.019153  0.947376
48.18692779	588	-0.058657 -0.015323  0.940433
48.19212341	587	-0.056981 -0.015083  0.946179
48.19731903	586	-0.045729 -0.013886  0.949531
48.20251464	587	-0.047644 -0.012450  0.946658
48.20771789	587	-0.051714 -0.008619  0.958150
48.21291732	587	-0.047165 -0.010774  0.953601
48.21810913	586	-0.045489 -0.009337  0.958389
48.22332000	585	-0.048841 -0.010534  0.960544
48.22850799	585	-0.047644 -0.015083  0.947855
48.23369979	583	-0.052911 -0.014604  0.961502
48.23889541	582	-0.053151 -0.009816  0.964375
48.24409484	583	-0.052432 -0.010534  0.972754
48.24929428	580	-0.048362 -0.016041  0.964375
48.25449371	582	-0.052432 -0.006464  0.971078
48.25968551	580	-0.052193 -0.010534  0.969163
48.26488494	577	-0.056024 -0.010295  0.983289
48.27008819	578	-0.049799 -0.008140  0.990232
48.27528762	579	-0.050757 -0.006225  0.993823
48.28049087	576	-0.054587 -0.006943  0.985922
48.28569412	576	-0.053390 -0.002394  0.997414
48.29090118	576	-0.057221 -0.010774  0.992626
48.29609298	575	-0.057460 0.000479  1.013216
48.30123519	573	-0.056024 -0.004788  1.011540
48.30642700	574	-0.058897 -0.007901  1.012737
48.31161880	572	-0.062009 -0.002634  1.013216
48.31681060	573	-0.064164 -0.001676  1.016807
48.32200622	570	-0.059376 0.000958  1.028539
48.32715606	570	-0.060333 0.000718  1.027581
48.33229446	567	-0.059376 -0.003591  1.041946
48.33748245	567	-0.063446 -0.000718  1.027342
48.34268188	564	-0.060333 -0.002634  1.045777
48.34787750	565	-0.068234 -0.003112  1.053438
48.35307312	561	-0.067516 -0.002394  1.047931
48.35826873	561	-0.056263 0.001197  1.068282
48.36343765	558	-0.060333 0.001437  1.064212
48.36859512	559	-0.062727 -0.002155  1.073789
48.37379837	554	-0.061530 -0.002155  1.078338
48.37899780	556	-0.059615 -0.001197  1.083126
48.38418960	554	-0.058179 0.004310  1.095576
48.38932418	552	-0.056024 0.001915  1.087196
48.39446258	549	-0.062249 -0.006464  1.100603
48.39965820	549	-0.056742 0.000000  1.103716
48.40476226	547	-0.055545 -0.001437  1.113293
48.40996170	547	-0.044771 -0.002155  1.115208
48.41514968	544	-0.048602 -0.001197  1.121912
48.42034149	542	-0.050517 -0.001437  1.134601
48.42554092	540	-0.043095 0.004788  1.137234
48.43068313	540	-0.047165 0.001915  1.129094
48.43584442	537	-0.046686 -0.007661  1.135079
48.44104003	537	-0.041180 -0.002155  1.145853
##inga 
#ido(sec)  szog(ADC)     ax(g)    ay(g)   az(g)
48.44677352	536	-0.044292 -0.007422  1.145135
48.45205688	534	-0.042377 -0.001437  1.150163
48.45732879	532	-0.045489 -0.004310  1.146093
48.46259689	529	-0.045729 -0.001915  1.172189
48.46779632	527	-0.039504 -0.002155  1.174344
48.47298812	525	-0.049559 -0.001437  1.162613
48.47818756	524	-0.050517 -0.000479  1.174105
48.48339462	524	-0.049081 0.001197  1.181766
48.48855209	522	-0.051235 -0.003831  1.185836
48.49374008	518	-0.054587 0.001197  1.178893
48.49889373	514	-0.046686 0.003591  1.194694
48.50404357	514	-0.048362 0.004549  1.204032
48.50919342	512	-0.053869 0.006225  1.199722
48.51432800	510	-0.054587 0.009098  1.200680
48.51947784	506	-0.051475 0.007422  1.207623
48.52461624	503	-0.057221 0.011492  1.217679
48.52976989	502	-0.056742 0.012450  1.222946
48.53491592	503	-0.065361 0.014365  1.207384
48.54005813	503	-0.056263 0.018435  1.222228
48.54521179	499	-0.059376 0.013407  1.221988
48.55036163	496	-0.052911 0.007183  1.214566
48.55550003	493	-0.061052 0.009337  1.222467
48.56064987	490	-0.063446 0.023942  1.219355
48.56579208	490	-0.061052 0.019632  1.231086
48.57093429	488	-0.056742 0.018675  1.229171
48.57608032	485	-0.052911 0.017717  1.227495
48.58122253	481	-0.054587 0.006943  1.221749
48.58637619	481	-0.058657 0.019153  1.229889
48.59154510	477	-0.058897 0.017477  1.229410
48.59669876	476	-0.050278 0.009816  1.237550
48.60186004	474	-0.057221 0.015802  1.239944
48.60701751	471	-0.054827 0.019872  1.241381
48.61217498	471	-0.052193 0.016520  1.232762
48.61733245	468	-0.049320 0.012450  1.243296
48.62249374	465	-0.046447 0.022505  1.227016
48.62765884	464	-0.051475 0.016520  1.229171
48.63281250	462	-0.050278 0.016280  1.233241
48.63797378	458	-0.046447 0.014126  1.219833
48.64313125	458	-0.038546 0.007422  1.223185
48.64828491	454	-0.044053 0.009577  1.224143
48.65343856	453	-0.041180 0.016999  1.220312
48.65858459	452	-0.040701 0.010534  1.231325
48.66372299	449	-0.036870 0.012450  1.225101
48.66886901	450	-0.039983 0.007661  1.217679
48.67401504	448	-0.036152 0.015562  1.213608
48.67916870	447	-0.035194 0.011013  1.208341
48.68431472	446	-0.034716 0.013407  1.218397
48.68946075	441	-0.035434 0.020829  1.213130
48.69459915	439	-0.038786 0.014844  1.206905
48.69975280	436	-0.035194 0.015083  1.201877
48.70489120	434	-0.037589 0.018435  1.198765
48.71004867	434	-0.037828 0.019393  1.193976
48.71520614	432	-0.035913 0.023463  1.193258
48.72036743	431	-0.036631 0.017956  1.182963
48.72551345	429	-0.032561 0.025618  1.180808
48.73066329	426	-0.038786 0.020590  1.177456
48.73580932	423	-0.038546 0.020351  1.173865
48.74095535	421	-0.037589 0.021069  1.174583
48.74611282	419	-0.040940 0.024421  1.164049
48.75128173	420	-0.046208 0.022026  1.163331
48.75645065	417	-0.050278 0.034716  1.162373
48.76161575	413	-0.050517 0.030406  1.147769
48.76677703	411	-0.058418 0.029448  1.152318
48.77193069	411	-0.050996 0.030167  1.142023
48.77709197	410	-0.047165 0.029927  1.137474
48.78225326	411	-0.049799 0.036152  1.137713
48.78741836	407	-0.052432 0.035194  1.129812
48.79257583	405	-0.052432 0.036391  1.120236
48.79773330	406	-0.054827 0.028012  1.113053
48.80288314	401	-0.058179 0.035434  1.125024
48.80803298	403	-0.050517 0.039265  1.101800
48.81319046	400	-0.050996 0.039025  1.104195
48.81833648	401	-0.052672 0.029209  1.097970
48.82346725	400	-0.047405 0.034955  1.084562
48.82862472	395	-0.045011 0.034955  1.093660
48.83376693	394	-0.045489 0.036870  1.083605
48.83891296	393	-0.042616 0.033040  1.067324
48.84405517	392	-0.042138 0.030645  1.070197
48.84921264	391	-0.035913 0.028491  1.061339
48.85436630	388	-0.033758 0.032082  1.048889
48.85951614	386	-0.037828 0.032321  1.045777
48.86465835	386	-0.030885 0.025139  1.047931
48.86980438	385	-0.032800 0.024421  1.048889
48.87496185	384	-0.028491 0.028012  1.041946
48.88011169	383	-0.025857 0.022026  1.033327
48.88525772	383	-0.027054 0.024899  1.031412
48.89040756	381	-0.023702 0.020590  1.016328
48.89555358	380	-0.020829 0.023942  1.005794
48.90069580	378	-0.025139 0.025378  1.014652
48.90584182	378	-0.016280 0.022745  1.003400
48.91098785	378	-0.019153 0.025139  0.993344
48.91614532	374	-0.019872 0.024421  0.992387
48.92131423	375	-0.019632 0.023224  0.998372
48.92648315	374	-0.018435 0.022505  0.988077
48.93164062	372	-0.027294 0.025139  0.985683
48.93679809	371	-0.023224 0.022745  0.974670
48.94195938	371	-0.025618 0.026815  0.986641
48.94712829	370	-0.024421 0.021069  0.976106
48.95228958	368	-0.025139 0.024899  0.976106
48.95743942	369	-0.029927 0.029688  0.962699
48.96260452	367	-0.025857 0.033758  0.957192
##inga 
#ido(sec)  szog(ADC)     ax(g)    ay(g)   az(g)
48.96828842	366	-0.032561 0.035673  0.967966
48.97357177	365	-0.037349 0.035194  0.952404
48.97883987	367	-0.031124 0.041419  0.956474
48.98410797	367	-0.042856 0.036631  0.942348
48.98927307	366	-0.036870 0.038067  0.955995
48.99442672	364	-0.036152 0.037349  0.954798
48.99957275	364	-0.042616 0.038307  0.949291
49.00471496	363	-0.045968 0.041898  0.943545
49.00986480	363	-0.046447 0.043574  0.937081
49.01500320	362	-0.047884 0.043574  0.936602
49.02014160	362	-0.051235 0.043813  0.929899
49.02528762	363	-0.050757 0.040222  0.938039
49.03044128	363	-0.046447 0.041419  0.935405
49.03558349	363	-0.050278 0.048362  0.930138
49.04071426	361	-0.045489 0.042377  0.937081
49.04585647	362	-0.047405 0.043813  0.933250
49.05099868	360	-0.041659 0.040222  0.931096
49.05614471	361	-0.041659 0.046686  0.936123
49.06128692	361	-0.042377 0.035673  0.929420
49.06643295	360	-0.045968 0.041419  0.931814
49.07157897	362	-0.039743 0.037349  0.931335
49.07673645	360	-0.039743 0.034237  0.936363
49.08187866	360	-0.038546 0.026575  0.942109
49.08701705	363	-0.023224 0.033758  0.939236
49.09215927	362	-0.032321 0.028012  0.943306
49.09730529	364	-0.030645 0.028491  0.938278
49.10244750	364	-0.027294 0.024181  0.927025
49.10760116	363	-0.028012 0.023702  0.940912
49.11275100	365	-0.026575 0.027772  0.937799
49.11790847	366	-0.024181 0.026097  0.944742
49.12307357	367	-0.023224 0.021069  0.946897
49.12823486	367	-0.025618 0.026097  0.949291
49.13339233	368	-0.023463 0.023942  0.947376
49.13856124	367	-0.019393 0.020351  0.952404
49.14371871	369	-0.021787 0.025378  0.959826
49.14889144	369	-0.021308 0.024181  0.961502
49.15404891	370	-0.025378 0.022266  0.966290
49.15920639	370	-0.025139 0.022745  0.969163
49.16436386	371	-0.020111 0.022026  0.973472
49.16950988	370	-0.027772 0.025618  0.967008
49.17465972	371	-0.027533 0.024421  0.988795
49.17979431	375	-0.028251 0.026575  0.975867
49.18494033	373	-0.031364 0.028970  0.993105
49.19007492	377	-0.038307 0.033040  0.979937
49.19522094	376	-0.037349 0.028970  0.983289
49.20035934	379	-0.034716 0.026575  1.000527
49.20550537	381	-0.039504 0.029688  0.996696
49.21064758	381	-0.040222 0.031364  1.016089
49.21580886	382	-0.043574 0.028970  1.009864
49.22095870	379	-0.041659 0.032082  1.012019
49.22610855	383	-0.047165 0.032321  1.023990
49.23125076	385	-0.048841 0.031843  1.029017
49.23639678	385	-0.046926 0.031124  1.033566
49.24155044	387	-0.045489 0.034476  1.039552
49.24670028	386	-0.053390 0.029927  1.037636
49.25184249	388	-0.052672 0.038546  1.041228
49.25699234	391	-0.050278 0.032321  1.050565
49.26215362	392	-0.052911 0.033040  1.057748
49.26729583	392	-0.055306 0.033758  1.061099
49.27244567	392	-0.048362 0.028970  1.069958
49.27759933	394	-0.050996 0.033040  1.075225
49.28275680	398	-0.049559 0.027772  1.067324
49.28792190	400	-0.048362 0.031124  1.079535
49.29308319	400	-0.048841 0.025139  1.079295
49.29825592	400	-0.053151 0.022745  1.096054
49.30341339	404	-0.042377 0.028491  1.102279
49.30857086	405	-0.043813 0.025857  1.103476
49.31372833	408	-0.042138 0.022984  1.108025
49.31888580	407	-0.044053 0.022026  1.111617
49.32403945	409	-0.041659 0.019632  1.121672
49.32920455	410	-0.038546 0.026815  1.128855
49.33435058	412	-0.034716 0.014844  1.131967
49.33951187	412	-0.030645 0.016759  1.129333
49.34465789	416	-0.036152 0.015323  1.136755
49.34981155	417	-0.029209 0.011731  1.142501
49.35496520	417	-0.026575 0.007661  1.153993
49.36010742	416	-0.025857 0.008380  1.154712
49.36525726	420	-0.025857 0.013407  1.154233
49.37040328	423	-0.020829 0.011253  1.168837
49.37555694	423	-0.024660 0.008619  1.166922
49.38069915	424	-0.024899 0.012929  1.159021
49.38584899	429	-0.027533 0.017238  1.172908
49.39099502	430	-0.031603 0.005746  1.179851
49.39614868	434	-0.036391 0.006225  1.185118
49.40129089	434	-0.040222 0.009098  1.184160
49.40643692	433	-0.036391 0.013168  1.201638
49.41158294	436	-0.038786 0.012929  1.187751
49.41673660	438	-0.035194 0.017956  1.200201
49.42187881	442	-0.049799 0.013647  1.203553
49.42702865	444	-0.051235 0.016280  1.206426
49.43217086	448	-0.060573 0.020351  1.201398
49.43733215	448	-0.052911 0.019153  1.210257
49.44248580	449	-0.056024 0.013647  1.213369
49.44763946	452	-0.059615 0.021548  1.216721
49.45280838	453	-0.060573 0.017717  1.221509
49.45797348	456	-0.062249 0.025857  1.212890
49.46312713	456	-0.064164 0.015562  1.221988
49.46828842	456	-0.063685 0.020590  1.229889
49.47343826	458	-0.066079 0.024899  1.224622
49.47860336	462	-0.064882 0.022266  1.221270
49.48376846	461	-0.062009 0.019153  1.220312
##inga 
#ido(sec)  szog(ADC)     ax(g)    ay(g)   az(g)
49.48945617	465	-0.066798 0.018435  1.227974
49.49473571	465	-0.061530 0.014844  1.226298
49.50000762	467	-0.064164 0.022026  1.224861
49.50526428	470	-0.060573 0.015562  1.227734
49.51042938	473	-0.062967 0.016999  1.236114
49.51557922	476	-0.062967 0.007422  1.229650
49.52072525	478	-0.064403 0.010774  1.219833
49.52587509	478	-0.055784 0.012450  1.224622
49.53102111	482	-0.051954 0.003831  1.222946
49.53616714	482	-0.047405 0.004549  1.229650
49.54132080	485	-0.046447 0.003831  1.219355
49.54645538	487	-0.044292 0.004070  1.224143
49.55159759	492	-0.040462 -0.001915  1.226298
49.55679702	493	-0.040940 -0.003591  1.227974
49.56199645	495	-0.047644 -0.001676  1.222946
49.56718826	497	-0.044053 0.005507  1.214327
49.57234573	501	-0.036391 -0.004310  1.214806
49.57753372	502	-0.037828 -0.007661  1.213848
49.58272552	502	-0.040701 -0.009098  1.205947
49.58794021	505	-0.044292 -0.000958  1.200441
49.59313964	506	-0.038307 -0.007422  1.205229
49.59833908	508	-0.035194 -0.008380  1.202835
49.60355377	510	-0.046926 -0.000958  1.198046
49.60875701	511	-0.038546 -0.002394  1.196849
49.61394882	515	-0.044532 -0.005507  1.196131
49.61914825	518	-0.044532 -0.009098  1.186076
49.62434005	516	-0.051235 -0.007901  1.182484
49.62954330	522	-0.052193 -0.005507  1.175781
49.63474273	525	-0.053390 0.000958  1.174344
49.63988876	525	-0.054587 -0.001915  1.177935
49.64508438	525	-0.059136 -0.001437  1.162852
49.65028381	526	-0.060094 -0.002634  1.170513
49.65547561	531	-0.061770 0.003831  1.167880
49.66062927	533	-0.062967 0.000718  1.145375
49.66579437	534	-0.061770 -0.004549  1.153036
49.67099380	536	-0.070389 0.001676  1.142501
49.67613983	537	-0.066079 0.010295  1.145853
49.68129348	536	-0.068713 0.002634  1.141304
49.68645095	537	-0.073501 0.001676  1.138431
49.69161605	539	-0.077093 0.005985  1.134601
49.69676589	542	-0.077571 0.006225  1.129333
49.70191955	543	-0.074219 0.009337  1.109701
49.70707321	545	-0.079008 0.000718  1.115208
49.71221160	548	-0.072783 0.008380  1.105631
49.71735382	549	-0.071346 0.004788  1.097730
49.72249603	550	-0.073980 0.000479  1.098449
49.72763824	551	-0.071346 -0.003112  1.086478
49.73282623	551	-0.062727 -0.002155  1.083844
49.73802185	553	-0.063206 -0.004788  1.077380
49.74321365	556	-0.065600 -0.004070  1.078577
49.74839782	558	-0.057460 -0.013168  1.069958
49.75358963	557	-0.056742 -0.009337  1.068282
49.75878143	560	-0.060094 -0.009816  1.060621
49.76397323	562	-0.056263 -0.013168  1.052720
49.76916885	561	-0.052432 -0.009337  1.052480
49.77436447	562	-0.052193 -0.014365  1.047453
49.77956390	566	-0.045011 -0.022026  1.039073
49.78476333	565	-0.050757 -0.013647  1.039312
49.78997039	569	-0.046686 -0.025618  1.023032
49.79517364	566	-0.044532 -0.020111  1.029017
49.80037689	571	-0.045250 -0.021069  1.019680
49.80558013	571	-0.043574 -0.020829  1.022793
49.81077575	573	-0.035434 -0.015083  1.021117
49.81597518	574	-0.037828 -0.025857  1.004118
49.82117462	575	-0.036631 -0.024660  1.003879
49.82637023	575	-0.045489 -0.014365  1.001245
49.83156967	576	-0.046208 -0.017238  0.997893
49.83676528	576	-0.040701 -0.020590  0.995738
49.84196472	576	-0.047165 -0.026815  0.992865
49.84716415	575	-0.048841 -0.021548  0.986401
49.85235977	578	-0.055784 -0.012210  0.979219
49.85757064	578	-0.053390 -0.014844  0.979219
49.86278533	580	-0.052672 -0.020829  0.968205
49.86798095	581	-0.064882 -0.009816  0.969402
49.87317276	579	-0.063925 -0.010774  0.966769
49.87836837	581	-0.061770 -0.008140  0.968205
49.88355636	580	-0.070389 -0.005028  0.969881
49.88874053	581	-0.073022 -0.009816  0.972036
49.89392852	583	-0.076614 -0.000239  0.961262
49.89911651	583	-0.072304 -0.007661  0.969163
49.90431213	584	-0.076374 -0.003112  0.960305
49.90951538	583	-0.079487 -0.004549  0.956713
49.91471862	583	-0.077811 0.000239  0.955995
49.91987228	582	-0.083317 -0.001915  0.955995
49.92507553	584	-0.078768 -0.007183  0.953601
49.93027496	585	-0.079966 -0.005985  0.952883
49.93547439	584	-0.074459 -0.008140  0.949291
49.94066619	584	-0.078768 -0.001437  0.953361
49.94587326	584	-0.074219 -0.006704  0.955995
49.95106887	585	-0.074219 -0.010056  0.953601
49.95625686	586	-0.067755 -0.010295  0.950488
49.96145248	585	-0.070868 -0.011731  0.965093
49.96664810	585	-0.067276 -0.007422  0.948334
49.97184753	585	-0.067995 -0.020829  0.955756
49.97704315	585	-0.060573 -0.008380  0.957192
49.98224639	585	-0.054348 -0.016999  0.948813
49.98744964	582	-0.050278 -0.016520  0.960305
49.99266433	584	-0.054108 -0.017238  0.950488
49.99786758	583	-0.047165 -0.018675  0.951686
50.00307846	582	-0.047644 -0.015323  0.948094
50.00828170	584	-0.044532 -0.018196  0.949291
##inga 
#ido(sec)  szog(ADC)     ax(g)    ay(g)   az(g)
50.01399993	583	-0.039504 -0.016041  0.964854
50.01926803	583	-0.045250 -0.021548  0.959107
50.02453613	583	-0.039743 -0.017238  0.970360
50.02980041	581	-0.032321 -0.016280  0.964135
50.03499984	580	-0.034955 -0.021787  0.968924
50.04019546	580	-0.042616 -0.014844  0.964854
50.04539108	577	-0.041898 -0.013168  0.979458
50.05058670	578	-0.045250 -0.014844  0.986641
50.05578613	575	-0.042856 -0.019632  0.983289
50.06098556	576	-0.047405 -0.020111  0.981373
50.06618499	576	-0.050996 -0.006225  0.988556
50.07138824	575	-0.048123 -0.014604  0.988316
50.07658767	575	-0.050757 -0.009816  0.987598
50.08178710	572	-0.053390 -0.001437  0.995499
50.08699417	574	-0.054587 -0.005267  0.998133
50.09218978	570	-0.058657 -0.004788  1.009864
50.09738922	571	-0.061291 -0.002155  1.019201
50.10258483	569	-0.064882 -0.006704  1.024469
50.10778427	569	-0.069192 0.000718  1.019201
50.11292266	569	-0.068234 0.002873  1.021595
50.11806869	565	-0.069431 0.004310  1.032848
50.12321090	566	-0.073262 0.005028  1.029496
50.12834930	563	-0.072544 0.003112  1.042425
50.13349151	564	-0.072544 0.006943  1.048171
50.13863754	561	-0.075656 0.000239  1.048410
50.14377593	559	-0.073501 0.005028  1.048171
50.14892578	560	-0.069431 0.002873  1.055593
50.15406036	559	-0.068952 0.004070  1.060381
50.15918350	558	-0.065840 0.008140  1.059663
50.16432571	555	-0.072783 0.000000  1.073310
50.16942977	552	-0.063446 0.001197  1.069240
50.17456436	550	-0.065840 0.007422  1.074986
50.17969894	549	-0.060573 0.005746  1.076662
50.18486022	550	-0.061530 0.001915  1.089351
50.19002914	548	-0.062009 0.001197  1.098209
50.19517135	548	-0.048362 0.004070  1.098449
50.20032882	544	-0.052911 -0.002873  1.104673
50.20553207	543	-0.047405 -0.003591  1.119757
50.21073150	542	-0.050278 -0.009816  1.114490
50.21592330	541	-0.048123 -0.003352  1.123587
50.22113037	536	-0.045011 0.000000  1.127418
50.22624969	536	-0.043335 -0.004549  1.126700
50.23143768	537	-0.039265 -0.009098  1.143699
50.23662948	536	-0.033997 -0.004788  1.143938
50.24182128	534	-0.034476 -0.007183  1.142501
50.24701690	532	-0.032800 -0.005507  1.147529
50.25220489	531	-0.039743 -0.005028  1.147290
50.25738906	525	-0.041180 -0.009098  1.158064
50.26258087	526	-0.039504 -0.006225  1.156627
50.26778030	525	-0.040222 -0.005028  1.161655
50.27297973	523	-0.037828 -0.002155  1.164049
50.27817916	520	-0.040222 -0.006464  1.163331
50.28338241	518	-0.046208 -0.000958  1.178893
50.28858947	515	-0.049799 -0.003112  1.178175
50.29379653	515	-0.047884 0.001197  1.180329
50.29895019	512	-0.052432 0.001676  1.190146
50.30410003	508	-0.048362 0.014844  1.195413
50.30924224	509	-0.051235 0.003112  1.196131
50.31438827	506	-0.056503 0.011013  1.188709
50.31953048	505	-0.058657 0.011253  1.201398
50.32467651	503	-0.062249 0.011731  1.210496
50.32981872	501	-0.062488 0.013647  1.203314
50.33497238	501	-0.065840 0.017477  1.208820
50.34010696	500	-0.069671 0.014844  1.205468
50.34526062	494	-0.067995 0.019632  1.214087
50.35041427	492	-0.067276 0.022026  1.216960
50.35556030	492	-0.068473 0.016041  1.220312
50.36071014	489	-0.066558 0.022745  1.217439
50.36586380	487	-0.057939 0.022026  1.221030
50.37101745	486	-0.065361 0.018675  1.224622
50.37616348	483	-0.056742 0.016041  1.210736
50.38132095	478	-0.062727 0.029209  1.212651
50.38646316	477	-0.063446 0.023224  1.226537
50.39160919	476	-0.062967 0.016999  1.223664
50.39674758	471	-0.054108 0.010534  1.226058
50.40189743	473	-0.055306 0.023224  1.223904
50.40706253	470	-0.053390 0.022984  1.223185
50.41222763	469	-0.055306 0.016280  1.226298
50.41738510	463	-0.045011 0.016759  1.214327
50.42254638	464	-0.045489 0.014365  1.221270
50.42769622	462	-0.038307 0.013647  1.221270
50.43286514	459	-0.039743 0.019393  1.220073
50.43801879	458	-0.037349 0.015083  1.215763
50.44318008	456	-0.032561 0.006464  1.212172
50.44834899	453	-0.039504 0.007422  1.215763
50.45350265	450	-0.027533 0.014126  1.215284
50.45866775	451	-0.025378 0.013407  1.219594
50.46381759	450	-0.031124 0.009577  1.207144
50.46897125	447	-0.027054 0.011731  1.205468
50.47412490	448	-0.030167 0.010774  1.205708
50.47927474	448	-0.028730 0.009816  1.194455
50.48443222	444	-0.032800 0.016520  1.197568
50.48957824	440	-0.026575 0.007901  1.202356
50.49473190	439	-0.030167 0.013407  1.199004
50.49989318	435	-0.034476 0.011013  1.184160
50.50503540	434	-0.027054 0.005746  1.187273
50.51018524	433	-0.029927 0.012450  1.191582
50.51531982	432	-0.025378 0.010774  1.184639
50.52047729	431	-0.038067 0.013168  1.169795
50.52563858	428	-0.041419 0.019393  1.170274
50.53078460	423	-0.037110 0.019872  1.162852
##inga 
#ido(sec)  szog(ADC)     ax(g)    ay(g)   az(g)
50.53645706	421	-0.043813 0.029688  1.166204
50.54174804	421	-0.047405 0.022266  1.158542
50.54701995	421	-0.051475 0.030885  1.163331
50.55228042	420	-0.052193 0.027294  1.149923
50.55742263	415	-0.051954 0.030167  1.151360
50.56256866	416	-0.054348 0.034716  1.142501
50.56771850	412	-0.063446 0.030645  1.135319
50.57286834	411	-0.060812 0.031843  1.137713
50.57801055	408	-0.059854 0.030167  1.125742
50.58315277	408	-0.059136 0.039983  1.121193
50.58831024	409	-0.053869 0.033518  1.112574
50.59346771	408	-0.056742 0.037589  1.118799
50.59862899	404	-0.055306 0.034237  1.106349
50.60380172	403	-0.059376 0.039743  1.105631
50.60895156	402	-0.059376 0.043095  1.090548
50.61411285	402	-0.055306 0.043335  1.096054
50.61927032	401	-0.055545 0.037828  1.097252
50.62443923	400	-0.055784 0.026336  1.078816
50.62960815	397	-0.053390 0.038786  1.074028
50.63475418	395	-0.051714 0.033040  1.063733
50.63990783	394	-0.043574 0.027294  1.067324
50.64506912	391	-0.038067 0.032800  1.055832
50.65021133	391	-0.033279 0.024660  1.055593
50.65535736	388	-0.036152 0.021308  1.053199
50.66051101	388	-0.027533 0.030167  1.045298
50.66565704	388	-0.026575 0.023942  1.037397
50.67080307	385	-0.024899 0.022984  1.037876
50.67594909	383	-0.020351 0.022505  1.031172
50.68110275	382	-0.022984 0.023224  1.026623
50.68625640	383	-0.019393 0.024660  1.030454
50.69140243	382	-0.014844 0.017956  1.016568
50.69655227	379	-0.014844 0.026336  1.008906
50.70168685	381	-0.012929 0.020111  1.005555
50.70684051	379	-0.011731 0.022745  1.000048
50.71198654	378	-0.015323 0.013407  0.993823
50.71712875	378	-0.009337 0.017477  0.999569
50.72227096	378	-0.011731 0.028491  0.991189
50.72742080	375	-0.021548 0.021787  0.983289
50.73255920	373	-0.013647 0.017477  0.992865
50.73770523	373	-0.018675 0.027533  0.975867
50.74284744	370	-0.024660 0.021069  0.980416
50.74800109	372	-0.027054 0.027294  0.979697
50.75315856	372	-0.026097 0.030167  0.972275
50.75832748	371	-0.032321 0.029448  0.969163
50.76348876	370	-0.030885 0.029688  0.958389
50.76865386	369	-0.032321 0.034476  0.959107
50.77379989	368	-0.034716 0.030885  0.966769
50.77896118	367	-0.035673 0.031843  0.948334
50.78411483	366	-0.039265 0.040222  0.957431
50.78927230	367	-0.042377 0.033040  0.956953
50.79442214	367	-0.048841 0.038307  0.945461
50.79957962	365	-0.047884 0.045729  0.947855
50.80473327	367	-0.045489 0.041180  0.940433
50.80989074	364	-0.051475 0.048841  0.949531
50.81503677	364	-0.057700 0.050757  0.939954
50.82018661	367	-0.055545 0.046686  0.941391
50.82534408	366	-0.050996 0.048362  0.941869
50.83048629	367	-0.056503 0.039743  0.942827
50.83563232	366	-0.054587 0.044771  0.935645
50.84077835	364	-0.054587 0.040940  0.927025
50.84590911	366	-0.050757 0.043335  0.939954
50.85105133	366	-0.052672 0.043335  0.939954
50.85620498	366	-0.050517 0.039983  0.936842
50.86133956	365	-0.038786 0.044532  0.933011
50.86648559	365	-0.049081 0.037349  0.939954
50.87162780	366	-0.037828 0.039743  0.938039
50.87678527	365	-0.035913 0.032321  0.942348
50.88193511	366	-0.031603 0.031124  0.938757
50.88708496	366	-0.033040 0.032321  0.946897
50.89222335	367	-0.030406 0.026575  0.946418
50.89736938	367	-0.021308 0.027294  0.945461
50.90251922	369	-0.024181 0.021548  0.935645
50.90767288	367	-0.027533 0.019632  0.945940
50.91281509	369	-0.018914 0.028491  0.955995
50.91796112	369	-0.019872 0.025378  0.951207
50.92310333	369	-0.016759 0.017717  0.952164
50.92824935	368	-0.018675 0.020351  0.958389
50.93340682	371	-0.020351 0.016041  0.955037
50.93856430	369	-0.019632 0.024660  0.970600
50.94370269	372	-0.016520 0.023702  0.968445
50.94886398	373	-0.017477 0.015083  0.966769
50.95403289	373	-0.019153 0.017477  0.976824
50.95919036	375	-0.019632 0.024421  0.983528
50.96435165	375	-0.024660 0.025618  0.972036
50.96950912	374	-0.023224 0.019872  0.978500
50.97465515	379	-0.027054 0.022505  0.979458
50.97981643	378	-0.028730 0.025857  0.985443
50.98496246	381	-0.030645 0.026336  1.004597
50.99012374	381	-0.036152 0.025618  0.999808
50.99526977	379	-0.037828 0.033040  1.000766
51.00041961	382	-0.036631 0.022266  1.004357
51.00557708	383	-0.044532 0.030885  1.009146
51.01073074	384	-0.043813 0.032321  1.016089
51.01588439	386	-0.043574 0.030167  1.021835
51.02104187	385	-0.050278 0.035913  1.030215
51.02619171	386	-0.046447 0.026575  1.022074
51.03133773	386	-0.050757 0.034716  1.027342
51.03648376	387	-0.052432 0.033279  1.030693
51.04164123	392	-0.052911 0.034476  1.033327
51.04679107	392	-0.049320 0.028970  1.045298
51.05192565	392	-0.051475 0.040222  1.052720
##inga 
#ido(sec)  szog(ADC)     ax(g)    ay(g)   az(g)
51.05760574	395	-0.057700 0.028012  1.059424
51.06286621	393	-0.057221 0.033040  1.056072
51.06813430	398	-0.056742 0.033997  1.068042
51.07338333	398	-0.052672 0.028012  1.075704
51.07854461	401	-0.051714 0.027054  1.078577
51.08369064	402	-0.056503 0.032561  1.084562
51.08884048	403	-0.054108 0.030167  1.087675
51.09398651	403	-0.048841 0.028491  1.093421
51.09913253	405	-0.050278 0.025618  1.092942
51.10428619	408	-0.045729 0.022745  1.106110
51.10943222	409	-0.051714 0.024421  1.110419
51.11457443	409	-0.040462 0.024660  1.113293
51.11972045	410	-0.042138 0.020111  1.115926
51.12488174	410	-0.033518 0.021548  1.125982
51.13003540	411	-0.034716 0.017717  1.130770
51.13519287	416	-0.030167 0.012689  1.132446
51.14036560	417	-0.028012 0.014126  1.129094
51.14553070	415	-0.027294 0.011731  1.146093
51.15069198	417	-0.021787 0.013647  1.146572
51.15586090	421	-0.031124 0.011492  1.143220
51.16101837	424	-0.022745 0.010056  1.161655
51.16617965	426	-0.027533 0.001197  1.159500
51.17133331	426	-0.029209 0.015323  1.164049
51.17649459	426	-0.030885 0.003831  1.163091
51.18164443	431	-0.025857 0.005507  1.174583
51.18680572	431	-0.030167 0.001676  1.169795
51.19195556	432	-0.033518 0.011971  1.177456
51.19710922	433	-0.037349 0.014126  1.176259
51.20225143	436	-0.042616 0.017477  1.177456
51.20739746	436	-0.038067 0.009577  1.182963
51.21253204	443	-0.036152 0.015083  1.187751
51.21767044	445	-0.042138 0.014365  1.196610
51.22281265	448	-0.046447 0.022984  1.193976
51.22796630	447	-0.052911 0.020829  1.188470
51.23311996	448	-0.057460 0.012210  1.200201
51.23826217	451	-0.061052 0.024660  1.200919
51.24341201	452	-0.051714 0.020590  1.216242
51.24855041	454	-0.068473 0.022266  1.201159
51.25370407	456	-0.068473 0.017477  1.203553
51.25884628	457	-0.065600 0.016759  1.216482
51.26399612	456	-0.070628 0.021069  1.214806
51.26915359	457	-0.063446 0.019393  1.209538
51.27429580	463	-0.069671 0.025618  1.216242
51.27944183	463	-0.072544 0.019872  1.214087
51.28458786	466	-0.067037 0.020351  1.219355
51.28974533	468	-0.067516 0.020111  1.214087
51.29489898	469	-0.070628 0.018914  1.215763
51.30006027	471	-0.065122 0.015802  1.216482
51.30522918	474	-0.064643 0.015323  1.217200
51.31038665	476	-0.059854 0.004070  1.214087
51.31554031	476	-0.054108 0.011731  1.215763
51.32070159	478	-0.052432 0.005746  1.217679
51.32585525	480	-0.056503 0.000000  1.215524
51.33097076	483	-0.043574 0.001915  1.216003
51.33613204	484	-0.041419 -0.000718  1.207144
51.34133529	490	-0.048841 0.005746  1.209538
51.34649276	489	-0.044532 -0.003831  1.205468
51.35168457	493	-0.039265 -0.006464  1.209060
51.35687637	496	-0.037828 -0.005267  1.198046
51.36207199	497	-0.038067 0.004788  1.213369
51.36722183	500	-0.040462 -0.007422  1.209538
51.37242126	502	-0.041180 -0.007901  1.208581
51.37761306	504	-0.034237 -0.001197  1.195413
51.38280868	505	-0.040222 -0.002873  1.195892
51.38800430	505	-0.040222 -0.010056  1.198046
51.39320373	507	-0.037110 -0.012450  1.191582
51.39840698	509	-0.043335 -0.005028  1.181287
51.40361022	509	-0.042138 -0.006704  1.186076
51.40881347	512	-0.040462 -0.001437  1.185357
51.41402053	516	-0.047884 -0.004070  1.183921
51.41922760	517	-0.045729 -0.011731  1.178175
51.42442321	518	-0.049799 -0.007422  1.173626
51.42961883	523	-0.054348 -0.002394  1.171710
51.43480682	525	-0.056263 -0.003112  1.166922
51.43999481	525	-0.058418 0.000000  1.160458
51.44509887	527	-0.061052 0.004310  1.159979
51.45024490	529	-0.059615 0.007901  1.161894
51.45539855	530	-0.066319 0.000718  1.150881
51.46054458	533	-0.061291 -0.000718  1.159261
51.46573257	534	-0.073741 0.005267  1.140586
51.47087478	534	-0.071825 0.004070  1.134361
51.47600555	537	-0.078529 0.007661  1.126461
51.48114776	536	-0.080684 0.003831  1.124785
51.48630142	539	-0.073501 0.002634  1.125503
51.49145126	540	-0.078290 0.003591  1.119757
51.49661254	542	-0.075417 0.008140  1.113771
51.50177383	540	-0.071825 0.005507  1.105392
51.50693893	545	-0.077811 0.002634  1.101082
51.51210784	546	-0.073022 0.002394  1.105871
51.51728057	549	-0.072544 0.000479  1.091745
51.52243423	550	-0.071107 0.002155  1.088632
51.52760696	551	-0.065122 -0.002873  1.090548
51.53280258	549	-0.066079 -0.002634  1.069479
51.53801345	550	-0.056024 -0.005746  1.073310
51.54320907	555	-0.060573 -0.011731  1.072592
51.54841232	555	-0.056024 -0.007661  1.069000
51.55359649	558	-0.056024 -0.011731  1.051044
51.55879211	560	-0.050757 -0.007183  1.053917
51.56398010	558	-0.045250 -0.013647  1.052959
51.56917572	562	-0.050996 -0.018675  1.042425
51.57436752	563	-0.048123 -0.014844  1.037397
##inga 
#ido(sec)  szog(ADC)     ax(g)    ay(g)   az(g)
51.58010482	564	-0.049320 -0.018675  1.027820
51.58537292	567	-0.048841 -0.017956  1.031890
51.59064865	566	-0.040222 -0.020111  1.024229
51.59592437	568	-0.046208 -0.021548  1.016568
51.60111618	569	-0.043574 -0.022505  1.015131
51.60631942	570	-0.047165 -0.017717  1.007470
51.61150741	569	-0.043813 -0.020351  1.013934
51.61670684	572	-0.050278 -0.019632  1.002921
51.62192153	573	-0.049320 -0.016999  0.995020
51.62712097	574	-0.050038 -0.015562  0.999090
51.63232040	574	-0.051954 -0.018435  0.990950
51.63751220	575	-0.053869 -0.013647  0.991189
51.64271163	573	-0.054587 -0.010056  0.994541
51.64789962	576	-0.054827 -0.017717  0.986162
51.65309143	576	-0.055306 -0.011971  0.983767
51.65829467	576	-0.060333 -0.015562  0.974670
51.66349029	574	-0.062488 -0.011731  0.979458
51.66870880	578	-0.063925 -0.013168  0.971797
51.67391204	577	-0.069192 -0.011971  0.971078
51.67911529	578	-0.062009 -0.010534  0.967966
51.68431854	580	-0.068234 -0.005985  0.969402
51.68952941	579	-0.073741 -0.006943  0.966529
51.69471740	580	-0.071346 -0.004788  0.964614
51.69991302	581	-0.069910 -0.009337  0.964614
51.70510864	578	-0.072544 -0.007901  0.957431
51.71030044	580	-0.072783 -0.003112  0.964854
51.71550369	580	-0.075895 -0.004549  0.951925
51.72069168	582	-0.072304 -0.005985  0.961741
51.72588729	582	-0.073980 -0.004549  0.955756
51.73108291	582	-0.066319 -0.003352  0.953840
51.73627853	583	-0.072065 -0.002873  0.951686
51.74148559	581	-0.069192 -0.005985  0.955756
51.74667739	582	-0.067755 -0.002155  0.960305
51.75189208	582	-0.071107 -0.008380  0.949770
51.75709152	581	-0.067037 -0.010295  0.956474
51.76228332	583	-0.063925 -0.008619  0.956474
51.76748657	583	-0.058657 -0.007661  0.954559
51.77267837	583	-0.066558 -0.007422  0.954319
51.77788162	582	-0.054108 -0.007901  0.957431
51.78307723	582	-0.053151 -0.013647  0.955756
51.78826904	582	-0.050038 -0.012210  0.966290
51.79346084	582	-0.046447 -0.014126  0.956234
51.79866409	581	-0.050996 -0.018675  0.969402
51.80386352	579	-0.049320 -0.015562  0.966769
51.80905914	580	-0.041180 -0.012689  0.973472
51.81426239	577	-0.044053 -0.013886  0.967726
51.81946563	579	-0.046447 -0.010774  0.972275
51.82466506	577	-0.045489 -0.011492  0.966769
51.82987213	575	-0.045250 -0.016759  0.971078
51.83506393	575	-0.049081 -0.014126  0.979458
51.84026336	575	-0.045250 -0.012689  0.987359
51.84546279	575	-0.043574 -0.015323  0.987119
51.85065078	575	-0.043813 -0.013647  0.982570
51.85583496	575	-0.046208 -0.014126  0.984246
51.86103057	573	-0.050757 -0.001197  0.995978
51.86622619	574	-0.050517 -0.008380  0.996935
51.87142181	570	-0.057700 -0.006943  0.991189
51.87662124	573	-0.056503 -0.007901  1.001963
51.88183593	571	-0.061052 -0.001437  1.006991
51.88703536	567	-0.060573 -0.003591  1.011779
51.89224243	569	-0.065361 -0.004549  1.012977
51.89745330	568	-0.059136 -0.005985  1.020877
51.90265274	565	-0.057700 0.001197  1.019920
51.90779495	566	-0.059615 0.000239  1.027820
51.91293334	565	-0.060812 0.004549  1.027820
51.91807556	564	-0.075177 0.002873  1.033327
51.92322921	562	-0.073501 0.004070  1.041228
51.92837142	561	-0.066798 -0.000239  1.042904
51.93357467	557	-0.067995 0.000479  1.055593
51.93872070	556	-0.068473 0.001676  1.048889
51.94386672	557	-0.065840 0.005985  1.053917
51.94901275	556	-0.065361 0.004549  1.054156
51.95415496	555	-0.064164 0.004070  1.052241
51.95930099	553	-0.068952 0.002155  1.068761
51.96445465	551	-0.066558 0.001676  1.076901
51.96961593	550	-0.059854 0.000958  1.085760
51.97474670	550	-0.061530 -0.003352  1.088154
51.97994613	549	-0.063206 0.000239  1.093421
51.98509979	546	-0.062009 0.001437  1.089590
51.99026107	544	-0.056503 0.004549  1.105152
51.99540328	540	-0.061770 0.006225  1.101082
52.00056457	540	-0.057460 -0.006943  1.108025
52.00575637	540	-0.054348 -0.007661  1.113053
52.01095962	538	-0.048362 0.001197  1.121912
52.01612472	537	-0.045968 0.001676  1.120236
52.02128219	534	-0.050757 -0.003591  1.126700
52.02648544	534	-0.045729 -0.004310  1.126939
52.03167724	534	-0.044532 -0.007901  1.131967
52.03687286	532	-0.044053 -0.001437  1.140825
52.04207229	529	-0.041180 -0.003831  1.143459
52.04726028	526	-0.043335 -0.004549  1.149684
52.05245590	524	-0.041180 -0.006943  1.151360
52.05764007	522	-0.035913 -0.008140  1.155191
52.06283569	522	-0.037589 0.003112  1.154951
52.06799316	523	-0.039504 -0.003352  1.160697
52.07318878	519	-0.041659 -0.003831  1.163331
52.07838821	517	-0.043095 -0.003112  1.160937
52.08359527	515	-0.041419 -0.004070  1.177456
52.08879852	513	-0.043574 0.005507  1.190146
52.09396743	509	-0.044532 0.003831  1.181287
52.09912490	509	-0.044771 0.006464  1.188470
##inga 
#ido(sec)  szog(ADC)     ax(g)    ay(g)   az(g)
52.10480880	507	-0.046447 0.003352  1.192540
52.11006546	505	-0.051235 0.009337  1.188470
52.11533737	504	-0.055545 0.004549  1.197328
52.12061691	502	-0.053390 0.017956  1.193019
52.12577056	502	-0.057460 0.016520  1.189667
52.13092041	499	-0.056024 0.016280  1.205229
52.13606643	497	-0.061291 0.016520  1.208581
52.14120864	495	-0.061291 0.010295  1.210736
52.14636611	492	-0.065600 0.015562  1.210736
52.15151977	491	-0.065600 0.018675  1.209060
52.15665817	486	-0.059136 0.012929  1.205468
52.16181182	486	-0.064643 0.019872  1.212651
52.16695785	483	-0.066558 0.018435  1.215284
52.17210006	479	-0.065361 0.020590  1.206187
52.17724227	479	-0.058897 0.021308  1.211693
52.18238830	475	-0.061052 0.018914  1.220073
52.18752670	473	-0.059136 0.025378  1.211933
52.19267272	473	-0.062009 0.018675  1.215524
52.19781494	471	-0.057460 0.020590  1.208341
52.20296096	470	-0.057221 0.020111  1.210257
52.20810699	466	-0.062009 0.020829  1.218876
52.21325683	465	-0.049081 0.014126  1.213369
52.21840667	464	-0.047165 0.015323  1.212411
52.22355651	463	-0.048602 0.017238  1.205947
52.22869873	458	-0.042138 0.020829  1.203074
52.23385620	458	-0.042616 0.015562  1.210257
52.23900985	454	-0.043095 0.013647  1.196849
52.24416351	451	-0.040222 0.009098  1.199244
52.24931716	452	-0.037349 0.014365  1.207623
52.25447463	451	-0.034955 0.009337  1.201877
52.25963592	450	-0.033518 0.012929  1.201638
52.26478958	449	-0.031364 0.012450  1.194934
52.26993942	447	-0.031124 0.013168  1.193976
52.27510070	447	-0.031364 0.015802  1.197328
52.28025817	445	-0.030885 0.011731  1.182245
52.28542327	441	-0.034476 0.014604  1.185118
52.29057693	439	-0.032561 0.013647  1.184400
52.29571914	436	-0.033279 0.009816  1.167880
52.30086517	435	-0.030406 0.008140  1.175302
52.30601119	433	-0.030406 0.011492  1.173865
52.31116485	431	-0.032082 0.016520  1.165007
52.31631088	431	-0.040222 0.016999  1.169795
52.32147216	428	-0.034476 0.016759  1.167401
52.32661819	425	-0.039983 0.024421  1.162613
52.33176422	422	-0.039504 0.027294  1.163091
52.33692169	420	-0.040940 0.030167  1.158542
52.34207153	419	-0.047165 0.018914  1.147769
52.34723281	421	-0.045489 0.024421  1.143699
52.35239028	417	-0.044053 0.027294  1.133643
52.35754394	417	-0.050757 0.030406  1.136516
52.36268615	414	-0.048362 0.028730  1.134840
52.36783599	410	-0.057460 0.038067  1.126221
52.37297821	411	-0.050278 0.035434  1.115208
52.37813568	410	-0.051954 0.034476  1.122151
52.38328552	409	-0.058179 0.033040  1.107786
52.38842773	409	-0.053869 0.037110  1.111377
52.39357757	406	-0.055306 0.039504  1.099167
52.39873504	403	-0.058418 0.039983  1.094618
52.40389633	402	-0.054587 0.034476  1.099167
52.40905380	402	-0.051475 0.041419  1.087435
52.41421508	400	-0.047405 0.034237  1.077140
52.41937637	401	-0.046447 0.039743  1.074746
52.42454147	400	-0.046926 0.027533  1.081210
52.42970275	398	-0.047644 0.032561  1.075225
52.43486785	396	-0.045968 0.031603  1.059902
52.44002914	394	-0.044771 0.032561  1.054156
52.44519042	393	-0.039983 0.027772  1.048171
52.45035552	390	-0.038546 0.028012  1.057987
52.45552062	390	-0.030406 0.027533  1.043143
52.46067047	390	-0.032082 0.031124  1.025666
52.46582412	386	-0.028970 0.019872  1.038355
52.47097778	388	-0.027054 0.026815  1.028060
52.47612380	385	-0.023942 0.021069  1.030454
52.48126983	384	-0.016280 0.019632  1.027342
52.48642349	385	-0.023702 0.025139  1.010343
52.49156570	382	-0.021548 0.023224  1.002442
52.49672317	382	-0.017717 0.024899  1.007709
52.50186920	380	-0.019153 0.024660  1.001245
52.50700759	379	-0.017717 0.015802  1.000766
52.51215362	381	-0.016041 0.020829  0.988077
52.51729965	377	-0.018196 0.027054  0.986641
52.52244567	378	-0.015562 0.024899  0.983049
52.52759552	378	-0.014844 0.020590  0.991189
52.53274154	375	-0.016280 0.027533  0.984725
52.53788757	375	-0.022026 0.025378  0.978979
52.54303359	375	-0.022984 0.027772  0.981852
52.54817581	375	-0.019153 0.028012  0.982331
52.55332946	373	-0.025139 0.032321  0.967248
52.55848693	373	-0.033279 0.029448  0.974191
52.56363677	371	-0.033040 0.030885  0.967487
52.56880569	369	-0.036631 0.033040  0.959826
52.57396697	371	-0.038546 0.031603  0.958150
52.57912826	371	-0.043095 0.036391  0.944982
52.58428955	371	-0.033518 0.031364  0.942827
52.58944320	370	-0.040462 0.039504  0.956953
52.59460449	369	-0.042138 0.039265  0.954798
52.59977340	369	-0.051475 0.040940  0.944264
52.60492706	369	-0.049081 0.042138  0.949052
52.61009216	368	-0.054587 0.042138  0.945221
52.61524581	368	-0.054827 0.045011  0.950249
52.62039184	367	-0.056503 0.047165  0.939236
##inga 
#ido(sec)  szog(ADC)     ax(g)    ay(g)   az(g)
52.62607192	368	-0.054348 0.042377  0.943785
52.63134384	366	-0.059376 0.044053  0.948813
52.63661956	367	-0.055784 0.043813  0.948813
52.64188385	365	-0.055066 0.042616  0.946897
52.64704132	368	-0.051714 0.043813  0.937560
52.65218353	367	-0.044292 0.043095  0.946179
52.65732955	366	-0.042616 0.035673  0.945461
52.66247940	368	-0.044771 0.037349  0.943545
52.66762542	367	-0.037828 0.029448  0.935405
52.67276763	366	-0.040222 0.030645  0.957431
52.67791748	367	-0.034955 0.027533  0.954080
52.68307113	368	-0.033040 0.027054  0.944024
52.68820953	369	-0.024899 0.028730  0.952164
52.69334411	369	-0.023942 0.022026  0.952404
52.69850540	371	-0.027294 0.016520  0.942827
52.70363616	370	-0.029448 0.020590  0.950010
52.70877838	369	-0.019632 0.025618  0.953361
52.71392822	372	-0.020351 0.020590  0.956713
52.71907043	373	-0.020351 0.019872  0.958868
52.72421646	372	-0.019393 0.017238  0.961502
52.72936248	373	-0.025378 0.023942  0.967248
52.73451995	374	-0.023463 0.016759  0.967487
52.73966217	376	-0.014365 0.020351  0.954319
52.74480819	377	-0.024421 0.024421  0.977782
52.74996948	379	-0.022505 0.016520  0.981134
52.75511932	379	-0.021787 0.025139  0.983767
52.76028442	381	-0.025857 0.020829  0.979937
52.76544570	379	-0.026575 0.021308  0.983289
52.77060699	379	-0.028970 0.019872  0.984007
52.77577590	382	-0.033758 0.025857  1.001724
52.78093338	382	-0.036631 0.016520  0.997893
52.78608703	381	-0.032561 0.027533  0.996217
52.79125213	384	-0.036152 0.028491  0.995020
52.79639434	384	-0.036870 0.021548  1.007949
52.80154037	386	-0.041180 0.029209  1.005315
52.80670166	388	-0.036152 0.031603  1.010582
52.81184768	388	-0.049320 0.033758  1.015849
52.81701278	389	-0.046686 0.032321  1.018723
52.82216644	390	-0.049799 0.031843  1.034285
52.82731628	392	-0.048841 0.034955  1.041707
52.83245849	393	-0.048841 0.028251  1.038355
52.83760452	393	-0.060094 0.038307  1.042185
52.84274673	393	-0.051235 0.036391  1.043622
52.84790420	396	-0.053390 0.037589  1.046495
52.85305786	395	-0.055784 0.038786  1.056072
52.85821533	399	-0.057460 0.034476  1.063494
52.86336898	401	-0.054108 0.026815  1.072592
52.86851119	399	-0.051475 0.029927  1.070676
52.87367248	403	-0.055066 0.027772  1.075225
52.87881469	405	-0.052193 0.023224  1.083605
52.88397598	406	-0.058657 0.026815  1.081210
52.88911819	405	-0.051235 0.026815  1.089111
52.89426422	408	-0.050278 0.025857  1.085041
52.89940643	408	-0.048123 0.025139  1.099167
52.90455245	408	-0.046926 0.021787  1.107068
52.90970230	411	-0.039743 0.024181  1.113293
52.91487121	413	-0.040940 0.016280  1.115447
52.92001724	412	-0.037589 0.015083  1.109941
52.92518615	416	-0.038307 0.024899  1.117841
52.93035125	414	-0.033758 0.018914  1.120954
52.93552780	418	-0.030406 0.012929  1.126939
52.94069290	416	-0.029927 0.016041  1.136755
52.94585418	423	-0.026097 0.005507  1.134840
52.95100784	425	-0.027533 0.004549  1.148008
52.95615768	425	-0.027054 0.005746  1.150163
52.96131515	427	-0.028730 0.010295  1.144896
52.96646499	429	-0.031364 0.006943  1.147290
52.97161483	428	-0.030885 0.012450  1.167640
52.97676086	433	-0.032082 0.006225  1.168359
52.98190307	434	-0.035194 0.004788  1.165725
52.98706054	435	-0.033279 0.012450  1.170992
52.99220275	437	-0.032561 0.011731  1.165725
52.99734878	439	-0.032082 0.011492  1.170992
53.00248718	441	-0.036152 0.011253  1.178654
53.00763702	442	-0.040222 0.013886  1.188230
53.01277923	448	-0.049799 0.007661  1.185597
53.01793289	448	-0.045968 0.012929  1.189188
53.02307891	449	-0.048602 0.014604  1.186315
53.02822875	450	-0.052672 0.019872  1.185118
53.03337478	452	-0.053390 0.015562  1.189188
53.03853607	450	-0.062488 0.014365  1.190624
53.04368209	453	-0.062009 0.017477  1.208102
53.04882812	455	-0.061530 0.019872  1.198525
53.05398559	456	-0.070389 0.022745  1.209538
53.05912780	455	-0.062488 0.023702  1.210017
53.06426620	462	-0.065600 0.014844  1.200201
53.06942367	462	-0.071586 0.017477  1.205229
53.07458496	464	-0.070149 0.024421  1.207144
53.07975387	465	-0.069192 0.018675  1.210017
53.08491897	467	-0.064164 0.021308  1.213608
53.09008407	470	-0.071107 0.011971  1.205947
53.09523773	471	-0.066558 0.012929  1.215045
53.10039901	475	-0.059136 0.026336  1.206665
53.10556793	476	-0.064643 0.017717  1.209538
53.11072921	477	-0.052672 0.011013  1.202835
53.11589050	480	-0.058418 0.008140  1.203792
53.12104797	480	-0.053869 0.006704  1.202116
53.12619018	484	-0.063925 0.012210  1.208581
53.13135147	485	-0.056742 0.002394  1.209778
53.13651275	489	-0.050757 0.001197  1.215284
53.14165496	491	-0.046686 0.004788  1.209538
##inga 
#ido(sec)  szog(ADC)     ax(g)    ay(g)   az(g)
53.14733505	492	-0.049559 -0.001676  1.206665
53.15261840	495	-0.039983 0.002155  1.204032
53.15788650	496	-0.045729 -0.002873  1.192779
53.16314697	499	-0.034237 -0.006704  1.198046
53.16834259	503	-0.038786 -0.005028  1.192300
53.17353057	501	-0.037828 -0.001437  1.187273
53.17872619	504	-0.036152 -0.004310  1.180329
53.18392562	505	-0.042856 -0.011013  1.186554
53.18912506	508	-0.038067 -0.011731  1.183442
53.19431304	509	-0.039265 -0.003112  1.179372
53.19950866	511	-0.042616 -0.006225  1.180090
53.20470809	514	-0.040701 -0.010534  1.173147
53.20990753	516	-0.038786 -0.005985  1.173626
53.21510696	517	-0.045489 0.002394  1.165007
53.22026824	518	-0.048123 -0.004549  1.160937
53.22546768	522	-0.050517 -0.003591  1.156388
53.23066711	523	-0.058179 -0.001437  1.154472
53.23585891	524	-0.054348 0.000479  1.146332
53.24101638	526	-0.058179 0.006225  1.147529
53.24615859	527	-0.060094 0.007661  1.143699
53.25131607	527	-0.057221 0.002394  1.136516
53.25645828	532	-0.064882 0.002394  1.137234
53.26160430	534	-0.067037 0.003352  1.131488
53.26673889	533	-0.070868 0.001915  1.129812
53.27187728	537	-0.063685 0.005507  1.119757
53.27701950	537	-0.067516 0.002634  1.117123
53.28216552	539	-0.074219 0.008858  1.123348
53.28730773	540	-0.071825 0.004070  1.120714
53.29245376	540	-0.074938 -0.003352  1.110898
53.29765319	543	-0.070389 0.005028  1.097491
53.30278778	542	-0.071586 0.000239  1.092942
53.30792236	545	-0.069671 0.002394  1.094378
53.31306838	547	-0.078529 0.003591  1.091027
53.31821060	548	-0.066558 -0.002634  1.094857
53.32339859	549	-0.069192 -0.001437  1.070676
53.32859420	551	-0.062727 -0.002394  1.070197
53.33379745	551	-0.060333 -0.004070  1.074028
53.33899307	552	-0.063925 -0.006943  1.075704
53.34418869	553	-0.059136 -0.007183  1.069958
53.34939956	555	-0.058179 -0.013168  1.055353
53.35459518	558	-0.050038 -0.009098  1.046734
53.35979080	558	-0.051475 -0.018435  1.047453
53.36497879	558	-0.053151 -0.014365  1.042904
53.37017059	560	-0.047644 -0.009816  1.040031
53.37536621	561	-0.050038 -0.012450  1.029496
53.38055419	562	-0.045011 -0.017956  1.026863
53.38575363	563	-0.052911 -0.012689  1.022793
53.39096069	566	-0.045729 -0.023463  1.017525
53.39616012	566	-0.044292 -0.018914  1.025905
53.40136718	567	-0.044532 -0.017956  1.016328
53.40656280	568	-0.039265 -0.022505  1.009625
53.41177368	568	-0.042377 -0.012210  0.996935
53.41698074	571	-0.046447 -0.016999  1.007949
53.42218399	569	-0.045968 -0.018196  1.002203
53.42737960	572	-0.047644 -0.022505  0.988795
53.43257522	573	-0.046926 -0.017477  0.988316
53.43777465	574	-0.051235 -0.018196  0.989035
53.44297790	574	-0.053869 -0.015562  0.983049
53.44817352	572	-0.052193 -0.011492  0.990471
53.45337295	575	-0.059136 -0.016759  0.989274
53.45857238	575	-0.062009 -0.012210  0.980416
53.46377563	575	-0.062727 -0.013168  0.980655
53.46898269	574	-0.066319 -0.014604  0.979937
53.47418975	575	-0.058179 -0.011253  0.973233
53.47938537	575	-0.065122 -0.005028  0.969881
53.48459625	574	-0.069431 -0.004070  0.965572
53.48978805	575	-0.066079 -0.006225  0.967008
53.49498367	576	-0.066558 -0.009098  0.967248
53.50017166	576	-0.063685 -0.011492  0.958389
53.50536727	579	-0.075895 -0.004070  0.967248
53.51056289	577	-0.078290 -0.003112  0.963178
53.51576232	578	-0.076853 -0.002155  0.966290
53.52095413	578	-0.074219 -0.006943  0.953601
53.52614974	579	-0.073262 -0.002873  0.963896
53.53134918	579	-0.073980 -0.007422  0.958389
53.53654861	579	-0.070868 -0.004549  0.955995
53.54174804	580	-0.074219 -0.011492  0.961262
53.54695129	579	-0.069910 -0.009816  0.954798
53.55215072	578	-0.067755 -0.004549  0.968684
53.55734252	577	-0.063206 -0.008140  0.954559
53.56255340	580	-0.060812 -0.010774  0.959826
53.56774139	577	-0.057939 -0.014126  0.958868
53.57294082	578	-0.055066 -0.019393  0.962938
53.57813644	579	-0.054348 -0.015802  0.965332
53.58333206	578	-0.054827 -0.014604  0.961981
53.58852386	576	-0.047884 -0.012450  0.967726
53.59371948	577	-0.042616 -0.013886  0.966290
53.59890747	576	-0.047405 -0.013168  0.972754
53.60410690	576	-0.046686 -0.004788  0.968445
53.60930633	573	-0.044771 -0.012450  0.956234
53.61449813	573	-0.044771 -0.009816  0.972994
53.61970138	575	-0.036391 -0.016999  0.968924
53.62491226	574	-0.045250 -0.016759  0.981613
53.63010406	573	-0.047405 -0.009337  0.974430
53.63528442	571	-0.037828 -0.010774  0.990232
53.64048385	573	-0.045011 -0.012450  0.977782
53.64567565	571	-0.045729 -0.013886  1.000766
53.65086746	570	-0.042856 -0.014365  0.987598
53.65605926	571	-0.047884 -0.009816  0.997654
53.66125106	569	-0.045968 -0.009337  1.005076
53.66643524	569	-0.048841 -0.006464  0.998372
##inga 
#ido(sec)  szog(ADC)     ax(g)    ay(g)   az(g)
53.67216873	565	-0.047405 -0.004310  1.011540
53.67743682	567	-0.047884 -0.004788  1.006273
53.68271636	565	-0.057939 -0.009816  1.015610
53.68797683	566	-0.058418 -0.007901  1.017286
53.69317626	565	-0.052432 -0.005267  1.026623
53.69836807	563	-0.056024 0.004549  1.019201
53.70352554	561	-0.057460 -0.000958  1.027581
53.70872497	561	-0.066319 -0.005028  1.033806
53.71392822	559	-0.065122 0.000239  1.030693
53.71909332	559	-0.065840 0.004070  1.044819
53.72424316	556	-0.062967 0.006943  1.050804
53.72939682	555	-0.062488 0.003352  1.040988
53.73454666	555	-0.069431 0.005028  1.052959
53.73968887	554	-0.066079 0.006943  1.069000
53.74482727	551	-0.063685 0.012450  1.063733
53.74996566	550	-0.071346 0.002394  1.065648
53.75510787	550	-0.066798 -0.000239  1.057508
53.76029968	548	-0.066798 0.009337  1.070197
53.76545333	548	-0.061291 0.005028  1.078577
53.77060317	547	-0.064882 0.000000  1.079774
53.77570724	541	-0.065361 0.006225  1.094139
53.78084564	542	-0.059136 0.000718  1.086957
53.78598403	541	-0.053151 0.009337  1.094618
53.79112625	539	-0.052432 0.006464  1.096294
53.79627990	538	-0.058179 -0.000958  1.106110
53.80146789	535	-0.050038 0.004549  1.115447
53.80660629	536	-0.051714 0.002634  1.114250
53.81174087	535	-0.052911 0.004310  1.117363
53.81687545	534	-0.042138 -0.005267  1.112095
53.82206726	533	-0.048602 -0.002873  1.133643
53.82726287	531	-0.044053 -0.001437  1.130770
53.83245849	527	-0.040701 0.000479  1.134601
53.83760833	526	-0.036870 -0.006464  1.138671
53.84280395	526	-0.035913 -0.004070  1.142741
53.84800338	524	-0.033279 -0.001676  1.155430
53.85320663	523	-0.038786 -0.001676  1.150163
53.85841369	519	-0.036631 -0.003831  1.161894
53.86361694	518	-0.037349 0.000958  1.155909
53.86875915	517	-0.036391 0.000479  1.167161
53.87390899	515	-0.044053 -0.002873  1.166204
53.87910079	510	-0.038546 0.003112  1.165725
53.88423538	511	-0.041659 -0.005267  1.169077
53.88942718	509	-0.045968 0.007661  1.175781
53.89458084	505	-0.039025 0.003112  1.170035
53.89971923	503	-0.046447 0.005028  1.176978
53.90486526	504	-0.047884 0.005028  1.186554
53.91000366	503	-0.051954 0.002155  1.186076
53.91515350	502	-0.048362 0.010295  1.176978
53.92030715	500	-0.052672 0.013647  1.187991
53.92545700	494	-0.056742 0.015323  1.185836
53.93060684	495	-0.066798 0.009098  1.190146
53.93575668	493	-0.063925 0.017238  1.203074
53.94092178	490	-0.064164 0.012929  1.198525
53.94608306	489	-0.062967 0.022745  1.203074
53.95124435	485	-0.064403 0.019153  1.207862
53.95640563	486	-0.059376 0.022745  1.202835
53.96157073	483	-0.068234 0.023942  1.207623
53.96673202	480	-0.066319 0.022984  1.199244
53.97189712	477	-0.063206 0.018675  1.199483
53.97705841	475	-0.062967 0.020111  1.204032
53.98223114	473	-0.056981 0.026575  1.206665
53.98738861	472	-0.063446 0.018196  1.202595
53.99255371	471	-0.057700 0.026575  1.202356
53.99769973	469	-0.056742 0.024181  1.201638
54.00285720	467	-0.056503 0.013647  1.193976
54.00801086	464	-0.050996 0.019872  1.202595
54.01315307	461	-0.052911 0.018914  1.199483
54.01830291	462	-0.052911 0.016759  1.198765
54.02346420	460	-0.048841 0.022505  1.202356
54.02861022	455	-0.045968 0.016041  1.194455
54.03375625	456	-0.042616 0.016520  1.194455
54.03889465	452	-0.041180 0.011731  1.191103
54.04405212	451	-0.040222 0.010774  1.197089
54.04919052	450	-0.037828 0.016041  1.192540
54.05434417	450	-0.035434 0.012450  1.188709
54.05947875	446	-0.030406 0.012929  1.182724
54.06462097	445	-0.030645 0.014365  1.185597
54.06977462	444	-0.034716 0.005746  1.179851
54.07491683	444	-0.027772 0.007661  1.171471
54.08006668	439	-0.037589 0.009098  1.181048
54.08520889	439	-0.026336 0.016759  1.175302
54.09036254	436	-0.025378 0.009337  1.173386
54.09552764	435	-0.028970 0.015562  1.161655
54.10068511	434	-0.031124 0.013886  1.160458
54.10584640	431	-0.030406 0.017717  1.159021
54.11100769	430	-0.037828 0.016041  1.159740
54.11615753	429	-0.035434 0.021308  1.158303
54.12131118	424	-0.037589 0.017238  1.157106
54.12646102	425	-0.049320 0.028970  1.153036
54.13161468	422	-0.037349 0.029209  1.141544
54.13678741	422	-0.039983 0.024899  1.139150
54.14194488	421	-0.056742 0.026097  1.127897
54.14710617	418	-0.050996 0.020829  1.122390
54.15225219	415	-0.052432 0.034237  1.120954
54.15740966	416	-0.053869 0.026575  1.118560
54.16255569	412	-0.050757 0.024660  1.114729
54.16769790	409	-0.051954 0.032321  1.113053
54.17284393	408	-0.056503 0.032082  1.101561
54.17800140	409	-0.052193 0.032321  1.102279
54.18314743	410	-0.056981 0.032321  1.101322
54.18829727	408	-0.048602 0.028730  1.088632
##inga 
#ido(sec)  szog(ADC)     ax(g)    ay(g)   az(g)
54.19396972	406	-0.052672 0.035434  1.095815
54.19925308	404	-0.050757 0.035673  1.080013
54.20451736	404	-0.055066 0.039743  1.074507
54.20977020	402	-0.054348 0.028491  1.082647
54.21492004	402	-0.046447 0.034237  1.080732
54.22007369	401	-0.042616 0.039983  1.061099
54.22522354	400	-0.039504 0.030406  1.063494
54.23037719	399	-0.045011 0.033997  1.046734
54.23551559	397	-0.039983 0.030406  1.060381
54.24066162	396	-0.040940 0.032082  1.052002
54.24581527	395	-0.038786 0.026575  1.042425
54.25096893	393	-0.039265 0.026575  1.036439
54.25611114	391	-0.027294 0.022745  1.035482
54.26126098	391	-0.032321 0.028491  1.029017
54.26640701	389	-0.024181 0.029209  1.024229
54.27155685	386	-0.023702 0.020111  1.024947
54.27669906	388	-0.023702 0.025139  1.016568
54.28184509	386	-0.026097 0.023942  1.009385
54.28699874	386	-0.024181 0.022745  1.012737
54.29215240	384	-0.023702 0.014844  1.005315
54.29732131	384	-0.018675 0.022266  1.014413
54.30247497	382	-0.021069 0.017477  1.005555
54.30764007	381	-0.019393 0.018196  1.001963
54.31280136	382	-0.021308 0.024660  0.985922
54.31795883	379	-0.023463 0.020829  0.986641
54.32312774	380	-0.023463 0.023224  0.988556
54.32829284	378	-0.019632 0.026575  0.977303
54.33343887	378	-0.025139 0.023942  0.983049
54.33858871	376	-0.023463 0.027294  0.979937
54.34374618	378	-0.025857 0.033518  0.972515
54.34889984	378	-0.022745 0.026575  0.975388
54.35404586	377	-0.030885 0.029209  0.969163
54.35918807	375	-0.028012 0.029448  0.970121
54.36433029	374	-0.032321 0.031364  0.966529
54.36947631	374	-0.035913 0.036391  0.962938
54.37461471	373	-0.039983 0.036152  0.951925
54.37976455	373	-0.035434 0.033040  0.955277
54.38490295	372	-0.043574 0.040940  0.943306
54.39004516	369	-0.041180 0.039983  0.952404
54.39518737	370	-0.048602 0.038786  0.946897
54.40033340	372	-0.054827 0.040701  0.954798
54.40547180	371	-0.050757 0.043335  0.949531
54.41061782	368	-0.051235 0.042138  0.945940
54.41576004	372	-0.051475 0.044532  0.954319
54.42090225	369	-0.056263 0.040940  0.953122
54.42605590	371	-0.046926 0.043095  0.946897
54.43119812	371	-0.055306 0.036391  0.942827
54.43634414	371	-0.052193 0.044292  0.950488
54.44149017	371	-0.046447 0.039504  0.952404
54.44663619	369	-0.053630 0.036152  0.957671
54.45177841	371	-0.046208 0.040701  0.949770
54.45692062	371	-0.043574 0.036631  0.952404
54.46206665	371	-0.038546 0.031603  0.947855
54.46722793	369	-0.042138 0.030885  0.946897
54.47239303	370	-0.036152 0.031603  0.950967
54.47755432	371	-0.037828 0.027772  0.948813
54.48271942	372	-0.033279 0.026575  0.950010
54.48786544	371	-0.035673 0.026575  0.957671
54.49302291	371	-0.024899 0.020829  0.949531
54.49818420	374	-0.023224 0.023942  0.950967
54.50333786	372	-0.028491 0.026097  0.963896
54.50851058	376	-0.025618 0.025139  0.960305
54.51366424	376	-0.020829 0.025857  0.964375
54.51882934	378	-0.026336 0.017477  0.969642
54.52397918	379	-0.025618 0.017238  0.963656
54.52913284	381	-0.021787 0.022505  0.973233
54.53428649	380	-0.025139 0.021069  0.974670
54.53943634	381	-0.020829 0.019393  0.982331
54.54458236	381	-0.027772 0.021069  0.979697
54.54972839	381	-0.019393 0.020829  0.978979
54.55487060	382	-0.021548 0.022984  0.987598
54.56001281	382	-0.025857 0.019632  0.996696
54.56514739	383	-0.030885 0.026097  0.994062
54.57029342	382	-0.028970 0.024660  1.005076
54.57543563	386	-0.032321 0.026336  0.996217
54.58058547	388	-0.036631 0.025857  1.003879
54.58573150	386	-0.037828 0.023702  1.007470
54.59088897	386	-0.039025 0.026336  1.011301
54.59603881	389	-0.042377 0.025857  1.012498
54.60118484	388	-0.037589 0.029209  1.012258
54.60633087	389	-0.048841 0.032800  1.019920
54.61147308	393	-0.050278 0.030167  1.027342
54.61663055	393	-0.048362 0.023224  1.024708
54.62179183	394	-0.050038 0.031843  1.041467
54.62696075	395	-0.053151 0.032321  1.033327
54.63211059	397	-0.050517 0.027533  1.043143
54.63727188	395	-0.046447 0.034237  1.046256
54.64244461	399	-0.060094 0.029688  1.061818
54.64760589	401	-0.054348 0.025857  1.046016
54.65275955	400	-0.056503 0.032561  1.057269
54.65792846	403	-0.052911 0.034716  1.058466
54.66308975	405	-0.049799 0.031124  1.068761
54.66825866	406	-0.056503 0.033997  1.077859
54.67342758	406	-0.053151 0.033518  1.072113
54.67858123	407	-0.050038 0.032321  1.090308
54.68374252	406	-0.054348 0.028970  1.084802
54.68889617	409	-0.049799 0.022505  1.098927
54.69404220	411	-0.044053 0.026575  1.099885
54.69918823	411	-0.041659 0.022984  1.093660
54.70433044	412	-0.041898 0.029209  1.097252
54.70948791	415	-0.043335 0.021069  1.108983
##inga 
#ido(sec)  szog(ADC)     ax(g)    ay(g)   az(g)
54.71516799	417	-0.035913 0.023702  1.117123
54.72045516	417	-0.033040 0.016759  1.117123
54.72575378	418	-0.038067 0.020590  1.115208
54.73100662	419	-0.029688 0.014844  1.125982
54.73615646	423	-0.031843 0.008858  1.135798
54.74131011	422	-0.034716 0.015323  1.138910
54.74645996	427	-0.029209 0.009816  1.143459
54.75161361	425	-0.024660 0.007901  1.145375
54.75676727	429	-0.030167 0.009816  1.151121
54.76191711	429	-0.030645 0.006943  1.156867
54.76705932	434	-0.034716 0.013407  1.161894
54.77220535	433	-0.030406 0.005746  1.158064
54.77735519	434	-0.028970 0.004549  1.166683
54.78250122	434	-0.031364 0.005985  1.155191
54.78765106	438	-0.030885 0.011253  1.166443
54.79278945	441	-0.033040 0.011731  1.170753
54.79793167	442	-0.034716 0.010056  1.174344
54.80308532	447	-0.044532 0.004788  1.179851
54.80824661	449	-0.042138 0.018435  1.170513
54.81339645	448	-0.048841 0.013647  1.173626
54.81855773	448	-0.054348 0.006943  1.183921
54.82371902	449	-0.048362 0.014365  1.187273
54.82888412	450	-0.056742 0.015562  1.180090
54.83404922	456	-0.062488 0.016280  1.187991
54.83920669	456	-0.059854 0.022026  1.190624
54.84437942	457	-0.061530 0.020351  1.188230
54.84953689	458	-0.061291 0.018435  1.196849
54.85468673	460	-0.070389 0.018435  1.197089
54.85984802	462	-0.065361 0.025857  1.204750
54.86500549	462	-0.068234 0.019153  1.196610
54.87014770	465	-0.071825 0.017238  1.197568
54.87529373	468	-0.068952 0.023942  1.199244
54.88044357	470	-0.067516 0.012929  1.195413
54.88559341	472	-0.069192 0.022026  1.193976
54.89074325	472	-0.066319 0.017956  1.200201
54.89589309	476	-0.064643 0.023702  1.199244
54.90104293	477	-0.064403 0.016520  1.198765
54.90618896	479	-0.062488 0.015083  1.202116
54.91133117	480	-0.058179 0.008619  1.192061
54.91648483	483	-0.056263 0.012689  1.200441
54.92163467	485	-0.053869 0.009098  1.198046
54.92678070	488	-0.048841 0.004310  1.190624
54.93192672	489	-0.055545 -0.000239  1.199962
54.93712615	490	-0.046447 0.001915  1.183921
54.94226837	491	-0.052432 0.008380  1.188709
54.94740295	496	-0.043095 -0.006943  1.191582
54.95259857	497	-0.039265 0.000239  1.187273
54.95774841	501	-0.039743 -0.004070  1.184160
54.96295547	503	-0.039743 -0.008140  1.188470
54.96815490	504	-0.037828 -0.002155  1.176499
54.97335815	505	-0.031843 -0.005507  1.178893
54.97855758	503	-0.037110 -0.009098  1.182005
54.98375701	507	-0.029209 -0.009577  1.175781
54.98895645	508	-0.038786 -0.009816  1.167640
54.99415206	509	-0.045489 -0.001197  1.170753
54.99934768	513	-0.042138 -0.009577  1.165007
55.00454330	516	-0.038546 -0.006225  1.165964
55.00973510	518	-0.040701 0.003112  1.153993
55.01486968	518	-0.050278 -0.007183  1.159740
55.02005386	521	-0.048123 -0.006225  1.151599
55.02525329	521	-0.044292 -0.007901  1.150163
55.03044509	525	-0.055066 -0.004549  1.143459
55.03565216	526	-0.053151 0.001437  1.141065
55.04081344	528	-0.057221 -0.008380  1.139389
55.04602432	529	-0.056981 -0.000718  1.134361
55.05122756	528	-0.063925 0.000718  1.120714
55.05636978	533	-0.066319 0.004070  1.124785
55.06151199	535	-0.066319 0.003352  1.119757
55.06667327	536	-0.068473 0.005985  1.121672
55.07182693	537	-0.074219 0.003112  1.108744
55.07698059	538	-0.071825 0.002873  1.104434
55.08213424	539	-0.079487 0.002634  1.112814
55.08728408	538	-0.073501 0.000479  1.108744
55.09242248	540	-0.071107 0.000479  1.097012
55.09756469	543	-0.072544 0.006225  1.087435
55.10270690	541	-0.071825 0.000958  1.090308
55.10784912	546	-0.072065 0.000479  1.082647
55.11299514	547	-0.067516 0.007422  1.082168
55.11814117	550	-0.071825 -0.002155  1.076662
55.12334060	550	-0.064882 -0.005267  1.065648
55.12853622	550	-0.064164 0.001676  1.073070
55.13367843	549	-0.069910 -0.006464  1.055353
55.13887786	551	-0.067516 -0.005507  1.056550
55.14405822	552	-0.054348 -0.000958  1.046734
55.14925765	555	-0.055784 -0.008619  1.044340
55.15445327	557	-0.056024 -0.009816  1.052002
55.15965270	559	-0.055306 -0.012210  1.049129
55.16485214	560	-0.051475 -0.013647  1.031890
55.17004394	560	-0.044532 -0.014126  1.033088
55.17525100	560	-0.043574 -0.009098  1.018962
55.18045425	562	-0.043574 -0.013407  1.020638
55.18564224	563	-0.045489 -0.014126  1.024469
55.19084930	563	-0.045729 -0.021548  1.013695
55.19604110	566	-0.045489 -0.020351  1.006991
55.20124053	566	-0.045489 -0.016280  1.008427
55.20643234	568	-0.047884 -0.017238  1.001006
55.21163177	565	-0.046447 -0.016999  1.004597
55.21681976	569	-0.048841 -0.019393  0.997175
55.22203063	567	-0.052672 -0.016999  0.997893
55.22722625	571	-0.047884 -0.016999  0.992626
55.23243331	571	-0.048362 -0.016520  0.987359
##inga 
#ido(sec)  szog(ADC)     ax(g)    ay(g)   az(g)
55.23817062	571	-0.051235 -0.010774  0.983289
55.24344253	573	-0.054827 -0.011492  0.990232
55.24871826	574	-0.055784 -0.016999  0.980894
55.25397872	574	-0.058657 -0.011492  0.989514
55.25918960	574	-0.060573 -0.011253  0.977543
55.26438140	573	-0.061052 -0.007422  0.971557
55.26958084	572	-0.067037 -0.011253  0.972754
55.27477264	573	-0.058179 -0.007422  0.965572
55.27997589	573	-0.068234 -0.005507  0.965572
55.28516387	573	-0.067755 -0.009816  0.965811
55.29035568	572	-0.068234 -0.014126  0.974670
55.29554748	573	-0.065840 -0.008619  0.964375
55.30073928	575	-0.069192 -0.006464  0.963896
55.30593872	574	-0.067755 -0.005267  0.964375
55.31113815	575	-0.069910 -0.002634  0.972515
55.31634902	576	-0.076374 -0.010774  0.966051
55.32155609	576	-0.071586 -0.007422  0.954798
55.32675552	576	-0.073980 -0.006943  0.958389
55.33195495	576	-0.074938 -0.010056  0.958868
55.33715438	576	-0.064882 -0.010774  0.966529
55.34234619	574	-0.070149 -0.010534  0.965093
55.34754180	575	-0.063446 -0.011731  0.959586
55.35273361	576	-0.061291 -0.010774  0.955277
55.35792541	574	-0.066558 -0.008380  0.966290
55.36312103	574	-0.064164 -0.002155  0.959826
55.36831665	575	-0.059854 -0.010534  0.967248
55.37352752	575	-0.050757 -0.011253  0.974430
55.37872314	572	-0.058897 -0.010774  0.968684
55.38392257	573	-0.049320 -0.007661  0.974909
55.38912963	574	-0.054108 -0.007422  0.968684
55.39434051	574	-0.049799 -0.014604  0.977303
55.39953231	573	-0.052432 -0.010774  0.979458
55.40473175	572	-0.051954 -0.011731  0.969642
55.40993118	573	-0.047644 -0.015802  0.980176
55.41512680	571	-0.049559 -0.019632  0.979937
55.42031478	570	-0.044532 -0.013168  0.985683
55.42550659	571	-0.041659 -0.013168  0.985443
55.43070983	571	-0.042616 -0.008140  0.981134
55.43590927	570	-0.043335 -0.009337  0.988795
55.44110488	570	-0.036870 -0.013168  0.992865
55.44630050	567	-0.050278 -0.012210  0.995978
55.45149993	567	-0.044292 -0.012210  1.001724
55.45671463	566	-0.048841 -0.015562  1.004836
55.46192550	566	-0.047405 -0.014365  1.000766
55.46712493	565	-0.048362 -0.009577  1.012977
55.47232818	565	-0.051235 -0.006704  1.014413
55.47752380	561	-0.055545 -0.004310  1.015849
55.48272705	559	-0.052432 -0.006704  1.025426
55.48791503	558	-0.064882 -0.007661  1.024708
55.49311065	560	-0.059615 0.003112  1.025426
55.49825668	560	-0.059376 -0.000718  1.028539
55.50345230	558	-0.064164 -0.000479  1.038834
55.50864410	555	-0.061770 -0.000718  1.044819
55.51383972	553	-0.062727 0.005028  1.045058
55.51899337	552	-0.061530 0.005746  1.041228
55.52415466	553	-0.066319 0.007183  1.031412
55.52930831	552	-0.067755 0.001915  1.048410
55.53446578	549	-0.062727 0.001437  1.059424
55.53963088	549	-0.069671 0.004070  1.061339
55.54479598	549	-0.067995 0.004788  1.076662
55.54994964	548	-0.067755 0.001676  1.062296
55.55511093	546	-0.058897 0.004310  1.078816
55.56027221	543	-0.061052 0.003352  1.081210
55.56542968	541	-0.065600 0.001915  1.078338
55.57057952	539	-0.059854 0.006464  1.088393
55.57572174	539	-0.064882 0.006943  1.102998
55.58086013	536	-0.069192 0.000958  1.101082
55.58599472	537	-0.063685 0.004788  1.092942
55.59114456	536	-0.055306 0.005985  1.105631
55.59629821	533	-0.058897 0.012929  1.106589
55.60144424	534	-0.058657 0.002394  1.122151
55.60658645	534	-0.046686 -0.001197  1.115208
55.61178970	531	-0.056503 0.001437  1.120236
55.61693954	528	-0.050038 -0.004549  1.132685
55.62213134	525	-0.048362 -0.004070  1.136755
55.62732315	527	-0.043574 -0.004070  1.130531
55.63252258	523	-0.039265 0.003112  1.138910
55.63767623	523	-0.042856 -0.003352  1.139389
55.64287948	522	-0.038307 0.001197  1.147050
55.64804840	519	-0.039025 -0.000239  1.150402
55.65323638	516	-0.037110 -0.001197  1.145614
55.65844345	516	-0.037110 -0.002873  1.157824
55.66364288	511	-0.043574 0.000958  1.153275
55.66879653	512	-0.041659 -0.005746  1.164528
55.67398834	511	-0.041659 -0.002155  1.155191
55.67918395	507	-0.039743 0.002873  1.167640
55.68433380	505	-0.036870 0.001437  1.163091
55.68947982	505	-0.043813 0.002634  1.169556
55.69463729	503	-0.042377 0.007901  1.176499
55.69978713	503	-0.047405 0.004788  1.172668
55.70492935	502	-0.046208 0.011013  1.178654
55.71008300	501	-0.047644 0.010534  1.191822
55.71522903	496	-0.051714 0.012210  1.180329
55.72037124	495	-0.051475 0.014365  1.184400
55.72551727	491	-0.050517 0.009577  1.187751
55.73067092	489	-0.055545 0.017956  1.183442
55.73582077	488	-0.064403 0.015083  1.188709
55.74096298	485	-0.055306 0.014844  1.197807
55.74611663	486	-0.064403 0.016999  1.186554
55.75126647	483	-0.063206 0.012210  1.189188
55.75641632	478	-0.054827 0.016041  1.184400
##inga 
#ido(sec)  szog(ADC)     ax(g)    ay(g)   az(g)
55.76210403	477	-0.061530 0.020829  1.191103
55.76736450	475	-0.060573 0.022745  1.185836
55.77265167	474	-0.066079 0.019393  1.185597
55.77791976	473	-0.056981 0.027772  1.192061
55.78308105	471	-0.063206 0.018675  1.188709
55.78824615	470	-0.061052 0.020829  1.185597
55.79341125	467	-0.060812 0.020111  1.193258
55.79857254	465	-0.054108 0.011492  1.197089
55.80374526	464	-0.052672 0.024181  1.199244
55.80890274	463	-0.051475 0.024899  1.192540
55.81406402	458	-0.048362 0.021787  1.188709
55.81922912	459	-0.047644 0.018914  1.189188
55.82437515	456	-0.047644 0.014126  1.186554
55.82954025	452	-0.042138 0.012689  1.180808
55.83469009	452	-0.037589 0.017956  1.176259
55.83984375	451	-0.037349 0.014365  1.182005
55.84500122	450	-0.040940 0.010774  1.181766
55.85015106	449	-0.033758 0.011971  1.183202
55.85529327	447	-0.034955 0.012929  1.173626
55.86043548	447	-0.032082 0.006464  1.180329
55.86558151	447	-0.035434 0.004070  1.176978
55.87073135	443	-0.033279 0.003831  1.170274
55.87588882	441	-0.027054 0.017717  1.162373
55.88103103	438	-0.031603 0.015083  1.165007
55.88616943	436	-0.028251 0.017477  1.161176
55.89131164	434	-0.029927 0.016041  1.143459
55.89645385	433	-0.034716 0.012210  1.159979
55.90160751	432	-0.032561 0.019632  1.151121
55.90676116	431	-0.039983 0.015323  1.145853
55.91191864	427	-0.039265 0.021787  1.142980
55.91706848	426	-0.041659 0.021069  1.149205
55.92222213	425	-0.042377 0.029927  1.132446
55.92736816	422	-0.044771 0.023942  1.135319
55.93252182	422	-0.040940 0.026575  1.134840
55.93767166	420	-0.042377 0.031603  1.127897
55.94284057	419	-0.050996 0.029209  1.128376
55.94800186	415	-0.053151 0.026336  1.114250
55.95316314	414	-0.045968 0.027054  1.114250
55.95831680	414	-0.050517 0.030406  1.107068
55.96347045	410	-0.047405 0.024660  1.109941
55.96863937	411	-0.053151 0.030645  1.103476
55.97380828	410	-0.049799 0.028012  1.098449
55.97897720	410	-0.047884 0.030406  1.087435
55.98413467	406	-0.055784 0.041659  1.090308
55.98929977	406	-0.045968 0.034237  1.090548
55.99445724	407	-0.050757 0.031603  1.088154
55.99961090	404	-0.045968 0.036631  1.075464
56.00475692	402	-0.050517 0.033040  1.065170
56.00989913	403	-0.045489 0.027533  1.065170
56.01504516	400	-0.044053 0.034237  1.068282
56.02018737	401	-0.039743 0.028730  1.064930
56.02532958	401	-0.048602 0.032561  1.063254
56.03047561	397	-0.041180 0.030645  1.052720
56.03562164	398	-0.038786 0.029927  1.043861
56.04076385	396	-0.038546 0.030406  1.032369
56.04590988	396	-0.033040 0.026336  1.037397
56.05105972	394	-0.028970 0.026336  1.031172
56.05621719	390	-0.038546 0.028012  1.028299
56.06135940	389	-0.034237 0.027533  1.015610
56.06650543	390	-0.028970 0.028012  1.021117
56.07165145	386	-0.034716 0.024181  1.013934
56.07680892	386	-0.028251 0.022505  1.010822
56.08195114	387	-0.018435 0.024421  1.011301
56.08711242	386	-0.028970 0.021069  1.011540
56.09225463	385	-0.027533 0.028251  1.012498
56.09741210	385	-0.025139 0.026815  0.996696
56.10257339	382	-0.029209 0.025857  0.993823
56.10773086	381	-0.024181 0.025139  0.993823
56.11289978	382	-0.022026 0.021787  0.997414
56.11806106	382	-0.029209 0.023702  0.988316
56.12322235	383	-0.021787 0.022984  0.977064
56.12838363	380	-0.027054 0.025618  0.986880
56.13353347	380	-0.033758 0.028012  0.980655
56.13868713	379	-0.033279 0.027772  0.971797
56.14384460	379	-0.030645 0.024899  0.971557
56.14899826	379	-0.028491 0.022745  0.973712
56.15415954	378	-0.035194 0.034955  0.964375
56.15931701	377	-0.027772 0.035194  0.960305
56.16447830	376	-0.029448 0.030406  0.974430
56.16962432	375	-0.038067 0.032082  0.965093
56.17477035	377	-0.039983 0.033040  0.962938
56.17991638	376	-0.040940 0.035194  0.960065
56.18505859	375	-0.048362 0.031364  0.963417
56.19020462	376	-0.045250 0.038546  0.954559
56.19534683	376	-0.050517 0.041180  0.952164
56.20048904	375	-0.048602 0.038786  0.954559
56.20563125	374	-0.050757 0.038067  0.958629
56.21077728	375	-0.052911 0.041898  0.948813
56.21591949	375	-0.051475 0.042138  0.951207
56.22106552	374	-0.054587 0.042138  0.955516
56.22620773	374	-0.051714 0.036391  0.953122
56.23135757	372	-0.048602 0.041419  0.952643
56.23649978	372	-0.053390 0.032800  0.946897
56.24163818	374	-0.043335 0.039743  0.947376
56.24678421	374	-0.042856 0.039025  0.945700
56.25191497	374	-0.042138 0.038307  0.951925
56.25706481	374	-0.038786 0.033758  0.955277
56.26221084	372	-0.038546 0.029688  0.960783
56.26735687	376	-0.038307 0.028491  0.950728
56.27251052	374	-0.039504 0.031603  0.951207
56.27767181	377	-0.029448 0.029209  0.956713
##inga 
#ido(sec)  szog(ADC)     ax(g)    ay(g)   az(g)
56.28336334	376	-0.031364 0.026336  0.964614
56.28864288	378	-0.029688 0.025857  0.956234
56.29391098	376	-0.034237 0.021308  0.965332
56.29917526	380	-0.030406 0.022745  0.967487
56.30433273	379	-0.028491 0.026815  0.965093
56.30949020	380	-0.029927 0.027772  0.961262
56.31464385	381	-0.026815 0.025378  0.975867
56.31980895	382	-0.021308 0.021548  0.979937
56.32497024	381	-0.028970 0.020351  0.978979
56.33013153	381	-0.028730 0.026336  0.986401
56.33528900	383	-0.029448 0.021548  0.980176
56.34044265	381	-0.032321 0.017956  0.986641
56.34560012	385	-0.028970 0.018914  0.985683
56.35076522	386	-0.033040 0.024899  0.995978
56.35591506	387	-0.029688 0.022745  0.997893
56.36106872	387	-0.034716 0.021787  0.996935
56.36621093	388	-0.034237 0.020111  1.002921
56.37137222	389	-0.039265 0.022266  1.005794
56.37652587	389	-0.032082 0.023702  1.002921
56.38166809	391	-0.034476 0.025857  1.015371
56.38681030	391	-0.038786 0.022026  1.005794
56.39196014	392	-0.036631 0.026815  1.014413
56.39712142	394	-0.042856 0.033279  1.021835
56.40226745	395	-0.040222 0.027772  1.026384
56.40742111	395	-0.042616 0.029209  1.028539
56.41256713	394	-0.045489 0.034716  1.029736
56.41772079	398	-0.047644 0.028251  1.042664
56.42286682	399	-0.046208 0.025618  1.043383
56.42802429	400	-0.048362 0.031124  1.040988
56.43317031	401	-0.045011 0.026097  1.056311
56.43831634	402	-0.053630 0.030645  1.054875
56.44345855	404	-0.049320 0.023463  1.061339
56.44860458	403	-0.052432 0.027533  1.069240
56.45374298	405	-0.047644 0.022984  1.064691
56.45890426	409	-0.048123 0.023942  1.070916
56.46406173	406	-0.047405 0.022266  1.063254
56.46922683	409	-0.049799 0.025139  1.084084
56.47438812	409	-0.047884 0.024181  1.075464
56.47955322	411	-0.041419 0.023942  1.097491
56.48471450	410	-0.045489 0.021548  1.091506
56.48987579	413	-0.040940 0.023702  1.099646
56.49504089	416	-0.045729 0.024899  1.100125
56.50020980	416	-0.046686 0.025139  1.105392
56.50536346	416	-0.043095 0.016280  1.107786
56.51052093	415	-0.034955 0.021548  1.114011
56.51567459	418	-0.041419 0.013886  1.109222
56.52082824	423	-0.040222 0.018196  1.120236
56.52598571	422	-0.033279 0.016520  1.131009
56.53112411	426	-0.036870 0.013168  1.137713
56.53626632	427	-0.032800 0.014604  1.131488
56.54142379	426	-0.033758 0.015562  1.137713
56.54657363	428	-0.040701 0.012210  1.141783
56.55171203	429	-0.032800 0.014844  1.144417
56.55685424	431	-0.037349 0.010295  1.143938
56.56200408	433	-0.034476 0.007183  1.142262
56.56714630	434	-0.037589 0.011971  1.158303
56.57229232	437	-0.033758 0.005746  1.156867
56.57744216	437	-0.039025 0.013886  1.150881
56.58258819	443	-0.039025 0.012210  1.165725
56.58772277	445	-0.045968 0.016999  1.163810
56.59286499	447	-0.043574 0.015562  1.165486
56.59801864	448	-0.045489 0.014844  1.162852
56.60316467	449	-0.050038 0.015562  1.180808
56.60831832	449	-0.050996 0.015802  1.171232
56.61346435	452	-0.046686 0.019632  1.179372
56.61860656	451	-0.046208 0.021069  1.174105
56.62375640	454	-0.057939 0.017238  1.171471
56.62892532	455	-0.054827 0.014604  1.175541
56.63407897	456	-0.056263 0.010295  1.186554
56.63924789	458	-0.062727 0.020590  1.179851
56.64440536	460	-0.057221 0.014844  1.192779
56.64956665	461	-0.062967 0.017477  1.189906
56.65472412	462	-0.062009 0.019872  1.191343
56.65988540	466	-0.060812 0.023224  1.184639
56.66505050	467	-0.064643 0.018196  1.187033
56.67020797	469	-0.064164 0.018196  1.190146
56.67538070	472	-0.062488 0.018914  1.194934
56.68053436	473	-0.065122 0.018435  1.192061
56.68568420	475	-0.066319 0.013168  1.193737
56.69082641	477	-0.058657 0.009816  1.191343
56.69597625	476	-0.053630 0.009816  1.195892
56.70113372	480	-0.056742 0.005028  1.185836
56.70627212	481	-0.059615 0.009098  1.181287
56.71141815	484	-0.054108 0.009098  1.184878
56.71657180	486	-0.053869 0.002394  1.177935
56.72171783	489	-0.054827 0.009337  1.187991
56.72687149	491	-0.046208 0.000958  1.182484
56.73202896	492	-0.044053 0.008619  1.178654
56.73718261	495	-0.042138 -0.000479  1.182245
56.74237823	494	-0.045729 0.004070  1.176499
56.74752807	499	-0.041659 -0.002873  1.180329
56.75273132	502	-0.049081 -0.005267  1.175062
56.75792312	502	-0.036870 -0.004310  1.173147
56.76313018	503	-0.045489 -0.005028  1.168598
56.76833343	505	-0.042377 -0.003112  1.169556
56.77353668	505	-0.039504 -0.008140  1.170753
56.77873992	507	-0.041659 -0.003831  1.161176
56.78394317	508	-0.041659 -0.011253  1.157824
56.78913497	510	-0.041898 -0.002634  1.153515
56.79432296	511	-0.044292 -0.003831  1.146572
56.79951477	513	-0.045729 0.000000  1.144656
##inga 
#ido(sec)  szog(ADC)     ax(g)    ay(g)   az(g)
56.80515289	518	-0.048841 -0.009337  1.154233
56.81043624	518	-0.045011 -0.002155  1.148487
56.81570816	521	-0.053869 0.000000  1.149205
56.82090377	523	-0.054348 -0.005985  1.144417
56.82609939	525	-0.053630 -0.000958  1.127418
56.83130264	526	-0.058179 0.000479  1.138910
56.83644485	528	-0.051475 -0.005028  1.130770
56.84163284	529	-0.067516 0.000718  1.129094
56.84677886	530	-0.061530 -0.000958  1.124066
56.85197067	532	-0.074219 0.007183  1.126461
56.85712814	535	-0.072304 0.005028  1.119517
56.86227035	533	-0.072544 0.007422  1.106828
56.86741638	537	-0.068234 0.004070  1.104195
56.87256240	536	-0.070868 0.004788  1.108025
56.87771987	536	-0.067755 -0.002155  1.099167
56.88293075	538	-0.071346 -0.000239  1.088154
56.88812637	541	-0.064403 0.003352  1.086957
56.89329528	541	-0.068473 -0.001437  1.088632
56.89849472	543	-0.067516 -0.000718  1.081450
56.90370178	543	-0.069671 -0.002634  1.088872
56.90890121	546	-0.065122 -0.005746  1.075225
56.91410064	547	-0.063925 0.004310  1.065409
56.91924285	550	-0.052432 -0.005028  1.067085
56.92443466	549	-0.069671 -0.009577  1.056550
56.92962646	550	-0.061530 -0.001676  1.055114
56.93481826	549	-0.059615 -0.011492  1.056311
56.94001770	551	-0.059615 -0.008140  1.053678
56.94520568	552	-0.057221 -0.011013  1.046016
56.95039749	551	-0.047165 -0.012689  1.042185
56.95560836	557	-0.053151 -0.017238  1.041946
56.96081161	555	-0.053390 -0.016999  1.027342
56.96601486	559	-0.046208 -0.017477  1.034524
56.97122955	558	-0.045489 -0.009816  1.025666
56.97644424	559	-0.046926 -0.015802  1.023271
56.98164749	560	-0.051475 -0.020351  1.014413
56.98684692	562	-0.053869 -0.015802  1.012258
56.99204254	562	-0.045011 -0.012210  1.013455
56.99723434	563	-0.046926 -0.011971  1.006273
57.00242614	564	-0.053390 -0.013886  0.998133
57.00762176	567	-0.048602 -0.015083  0.997175
57.01281356	567	-0.050278 -0.014365  0.998372
57.01800537	568	-0.051235 -0.009577  0.998851
57.02320480	567	-0.052911 -0.016999  0.988316
57.02840042	569	-0.056024 -0.013647  0.995020
57.03359603	569	-0.055306 -0.011731  0.990711
57.03880310	568	-0.056742 -0.003352  0.982331
57.04400634	570	-0.060573 -0.008380  0.977782
57.04920578	571	-0.061291 -0.010534  0.977064
57.05439758	571	-0.067037 -0.010774  0.977064
57.05959320	571	-0.062249 -0.011731  0.980655
57.06478881	570	-0.068713 -0.007901  0.973951
57.06998825	571	-0.069192 -0.004070  0.977064
57.07518386	573	-0.064882 -0.001197  0.969642
57.08037185	572	-0.065122 -0.005028  0.974909
57.08555603	572	-0.072544 -0.010295  0.968684
57.09074783	571	-0.071346 -0.007661  0.969163
57.09594726	574	-0.067755 -0.006943  0.963417
57.10114669	574	-0.067276 -0.007661  0.960783
57.10633850	572	-0.073262 -0.003352  0.969402
57.11154174	573	-0.063446 -0.006464  0.975867
57.11674499	574	-0.062488 -0.006704  0.968924
57.12194442	571	-0.071586 -0.005267  0.962699
57.12714004	571	-0.063925 -0.010774  0.968684
57.13233947	573	-0.063925 -0.004549  0.964854
57.13753890	574	-0.057700 -0.010295  0.961502
57.14273071	571	-0.063446 -0.008380  0.962699
57.14792633	574	-0.059376 -0.009577  0.975627
57.15311431	572	-0.060573 -0.007661  0.966290
57.15831375	574	-0.055306 -0.009098  0.962459
57.16351318	570	-0.053390 -0.013647  0.977064
57.16872024	573	-0.053869 -0.011013  0.977303
57.17391967	572	-0.051954 -0.016041  0.975148
57.17911529	570	-0.050996 -0.011731  0.963417
57.18431854	571	-0.051954 -0.012929  0.982810
57.18950653	572	-0.045968 -0.012450  0.981852
57.19470214	570	-0.044292 -0.006704  0.972994
57.19990539	569	-0.045489 -0.013407  0.978022
57.20510101	567	-0.042616 -0.012929  0.983528
57.21029281	569	-0.045250 -0.011971  0.982810
57.21548461	567	-0.042616 -0.014365  0.992147
57.22067642	565	-0.043813 -0.011731  0.985922
57.22587203	564	-0.048841 -0.010534  0.984007
57.23107528	566	-0.047884 -0.010056  0.991668
57.23626708	564	-0.048362 -0.005028  1.006512
57.24146652	563	-0.051714 -0.007901  0.997414
57.24666213	563	-0.048841 -0.007901  0.994541
57.25186920	562	-0.050757 -0.003591  1.013934
57.25706100	559	-0.054587 -0.001915  1.006752
57.26225280	561	-0.055306 -0.002634  1.013216
57.26744842	559	-0.057460 0.001197  1.018962
57.27258682	558	-0.053869 -0.001197  1.009625
57.27778625	559	-0.056024 0.000000  1.017047
57.28290176	557	-0.059136 0.001197  1.021595
57.28804779	554	-0.060573 0.002873  1.030933
57.29319763	554	-0.061291 -0.002634  1.035482
57.29838943	555	-0.069431 0.002634  1.040749
57.30354690	552	-0.064164 -0.001915  1.040270
57.30873107	550	-0.065840 0.008140  1.037876
57.31387710	548	-0.062488 0.003352  1.045777
57.31902694	549	-0.063925 0.001915  1.060621
57.32418823	549	-0.065840 0.011253  1.054635
##inga 
#ido(sec)  szog(ADC)     ax(g)    ay(g)   az(g)
57.32988739	548	-0.063925 0.006943  1.061578
57.33515548	547	-0.063206 0.006704  1.062536
57.34042739	545	-0.067037 0.004549  1.070916
57.34568023	543	-0.064403 0.006225  1.070916
57.35084533	541	-0.061052 0.003591  1.073549
57.35601425	538	-0.056981 0.005267  1.083605
57.36117172	537	-0.053151 0.000718  1.081689
57.36633682	538	-0.054827 0.002394  1.085760
57.37148284	537	-0.051714 -0.003591  1.094139
57.37668228	534	-0.052911 -0.002155  1.099646
57.38187789	534	-0.051714 0.002155  1.107786
57.38703536	535	-0.051235 0.000718  1.106110
57.39218139	534	-0.045968 0.004070  1.105631
57.39731979	532	-0.052193 0.001676  1.118799
57.40246963	527	-0.043574 0.002155  1.111856
57.40761566	525	-0.046447 -0.000239  1.117602
57.41280364	526	-0.049559 -0.003591  1.113053
57.41799545	525	-0.045968 -0.001676  1.136037
57.42318725	525	-0.039504 -0.007901  1.129094
57.42837905	523	-0.043095 0.003352  1.136516
57.43353652	520	-0.041419 -0.001676  1.130052
57.43873214	518	-0.040701 -0.006225  1.141304
57.44391632	517	-0.044292 0.002394  1.142023
57.44906616	515	-0.035434 -0.005746  1.132925
57.45426940	512	-0.037828 -0.000479  1.149205
57.45946884	510	-0.043095 0.000000  1.154951
57.46458816	507	-0.044532 0.002394  1.163810
57.46974182	508	-0.047884 0.004549  1.159500
57.47488403	505	-0.039983 0.009098  1.163091
57.48003387	503	-0.052193 0.006225  1.164049
57.48519515	503	-0.052911 -0.000958  1.167401
57.49039840	502	-0.051475 0.008140  1.169077
57.49555587	502	-0.050038 0.007661  1.172189
57.50071716	498	-0.050996 0.011492  1.177217
57.50586318	496	-0.050038 0.009816  1.168598
57.51101303	494	-0.060812 0.013647  1.177935
57.51616287	493	-0.058179 0.015802  1.181048
57.52132415	491	-0.058897 0.017477  1.172429
57.52645874	487	-0.057221 0.020111  1.176978
57.53162002	487	-0.060094 0.023702  1.181766
57.53675842	486	-0.062009 0.011731  1.184878
57.54190444	482	-0.064164 0.011013  1.186076
57.54705047	480	-0.058179 0.017238  1.185357
57.55220031	479	-0.059854 0.020351  1.179611
57.55735015	476	-0.057221 0.021548  1.183681
57.56250000	475	-0.055306 0.019153  1.181287
57.56761932	473	-0.059615 0.016041  1.189667
57.57277679	471	-0.051954 0.017956  1.192061
57.57792663	468	-0.058897 0.018196  1.182484
57.58307647	469	-0.052672 0.013168  1.195413
57.58821868	464	-0.049081 0.014126  1.182245
57.59335708	464	-0.050038 0.012689  1.182724
57.59850311	462	-0.045011 0.012450  1.182005
57.60364151	459	-0.045011 0.016999  1.176738
57.60879516	459	-0.041419 0.015083  1.181527
57.61395645	456	-0.047165 0.014365  1.184160
57.61911010	454	-0.031843 0.012929  1.177217
57.62427139	452	-0.039743 0.011971  1.178654
57.62943649	450	-0.043574 0.017956  1.174583
57.63458633	449	-0.033758 0.009816  1.172429
57.63974380	447	-0.036870 0.014126  1.167161
57.64490509	449	-0.041898 0.016520  1.168119
57.65005874	447	-0.026097 0.012450  1.175541
57.65521240	447	-0.031603 0.008858  1.165964
57.66037750	445	-0.034955 0.017238  1.162373
57.66552734	443	-0.030645 0.014604  1.150163
57.67068099	441	-0.036152 0.014844  1.160458
57.67583465	436	-0.034476 0.017477  1.160937
57.68099975	434	-0.039743 0.015802  1.152796
57.68615341	435	-0.038786 0.016280  1.147050
57.69128417	432	-0.034716 0.015562  1.150163
57.69643020	432	-0.040940 0.016999  1.144417
57.70157241	431	-0.039265 0.014365  1.145853
57.70671463	429	-0.042138 0.031843  1.137713
57.71187210	425	-0.041659 0.022026  1.127658
57.71703338	426	-0.049320 0.020111  1.134122
57.72217941	424	-0.044292 0.022745  1.132207
57.72732543	421	-0.047884 0.030167  1.129094
57.73247146	420	-0.049799 0.028251  1.122390
57.73761749	420	-0.048123 0.033758  1.119757
57.74276733	419	-0.051954 0.028730  1.105631
57.74792098	414	-0.050278 0.033040  1.102040
57.75306320	415	-0.051475 0.034237  1.110419
57.75821304	413	-0.055306 0.029927  1.094618
57.76335525	411	-0.052432 0.029688  1.094618
57.76851272	410	-0.051714 0.035673  1.092942
57.77366256	410	-0.052193 0.038786  1.077859
57.77882385	407	-0.045011 0.031124  1.090548
57.78397369	408	-0.051235 0.035194  1.080492
57.78913497	406	-0.050757 0.025857  1.075704
57.79430007	405	-0.049081 0.032321  1.063972
57.79945373	404	-0.044771 0.030645  1.058945
57.80461120	403	-0.045489 0.027294  1.055114
57.80977630	402	-0.039265 0.028730  1.060381
57.81492233	402	-0.040940 0.018914  1.052241
57.82007980	400	-0.038067 0.033758  1.049847
57.82523727	400	-0.038546 0.026815  1.050804
57.83039474	398	-0.034237 0.027294  1.034285
57.83556747	398	-0.032800 0.025857  1.033327
57.84072113	397	-0.032800 0.027054  1.025666
57.84587478	396	-0.023463 0.022745  1.026384
##inga 
#ido(sec)  szog(ADC)     ax(g)    ay(g)   az(g)
57.85156631	395	-0.033758 0.020351  1.026144
57.85684585	391	-0.022984 0.017717  1.021595
57.86212539	392	-0.029927 0.021548  1.025905
57.86740112	391	-0.022026 0.021308  1.021117
57.87255477	391	-0.019872 0.020829  1.002681
57.87771224	387	-0.024899 0.020111  1.006033
57.88285827	388	-0.022266 0.022745  1.006033
57.88801574	388	-0.022505 0.028251  0.991908
57.89316177	386	-0.022505 0.020111  0.992626
57.89830398	386	-0.018914 0.016999  0.993823
57.90345764	384	-0.026575 0.024181  0.989992
57.90859985	384	-0.019872 0.029209  0.987598
57.91374588	385	-0.021308 0.028491  0.979219
57.91889572	383	-0.029688 0.028251  0.973951
57.92404556	384	-0.034955 0.026575  0.985204
57.92919158	383	-0.028491 0.029927  0.976585
57.93434524	383	-0.027772 0.022505  0.973951
57.93949508	382	-0.029688 0.030645  0.978979
57.94464111	381	-0.033279 0.028970  0.967248
57.94978713	381	-0.043095 0.029688  0.965811
57.95493316	377	-0.036152 0.032561  0.965332
57.96007156	379	-0.042377 0.034955  0.970121
57.96524047	377	-0.044292 0.036391  0.955756
57.97040557	379	-0.042377 0.035434  0.969163
57.97556304	377	-0.046926 0.034237  0.967966
57.98072814	378	-0.046447 0.041659  0.967248
57.98588943	379	-0.041419 0.040701  0.958868
57.99104690	378	-0.037110 0.037828  0.958150
57.99620056	378	-0.049320 0.038307  0.953122
58.00134658	377	-0.046686 0.026815  0.964135
58.00649642	376	-0.047884 0.034476  0.954080
58.01163482	378	-0.046447 0.033518  0.959826
58.01679611	378	-0.051714 0.034237  0.958389
58.02195739	377	-0.043095 0.037828  0.961502
58.02711105	377	-0.048602 0.040462  0.949291
58.03225326	378	-0.045011 0.034237  0.955995
58.03739166	378	-0.049081 0.038067  0.954559
58.04254150	378	-0.048123 0.034955  0.958150
58.04767608	378	-0.037349 0.034955  0.956474
58.05281448	376	-0.038067 0.034476  0.961262
58.05796051	379	-0.041659 0.026575  0.961741
58.06310272	378	-0.039983 0.027294  0.966529
58.06825256	379	-0.041659 0.027772  0.968445
58.07339477	381	-0.035194 0.028012  0.961502
58.07854080	381	-0.032321 0.027772  0.960305
58.08368682	381	-0.032800 0.022984  0.961023
58.08882904	379	-0.028970 0.022505  0.967248
58.09398269	381	-0.031364 0.024181  0.965811
58.09912872	383	-0.033040 0.028251  0.978500
58.10427093	381	-0.029448 0.017238  0.977543
58.10941696	383	-0.027772 0.020351  0.974670
58.11455535	384	-0.022745 0.019632  0.988556
58.11970138	385	-0.027054 0.025857  0.982810
58.12483978	386	-0.023942 0.024181  0.982331
58.12998580	385	-0.031124 0.021069  0.987359
58.13512802	385	-0.032561 0.019393  0.983528
58.14027023	388	-0.025378 0.020111  0.990232
58.14542007	386	-0.033279 0.021069  0.985204
58.15058135	388	-0.034476 0.020829  1.006033
58.15573501	390	-0.030885 0.027294  1.009385
58.16089630	391	-0.034716 0.023224  1.006991
58.16605377	392	-0.031364 0.015562  1.006033
58.17121505	393	-0.035673 0.021548  1.009146
58.17637634	393	-0.034955 0.016041  1.013455
58.18153762	393	-0.037589 0.025857  1.013455
58.18670654	394	-0.036631 0.025618  1.024947
58.19187164	394	-0.040940 0.028012  1.030215
58.19703674	398	-0.045729 0.029209  1.033806
58.20220184	399	-0.042377 0.028012  1.033566
58.20735931	400	-0.040701 0.029688  1.030693
58.21251296	401	-0.039504 0.027533  1.037158
58.21765899	402	-0.047165 0.024660  1.047692
58.22280502	405	-0.043813 0.027772  1.052241
58.22795867	402	-0.048602 0.020351  1.053199
58.23310852	406	-0.039025 0.026575  1.057748
58.23825073	407	-0.055784 0.030645  1.058705
58.24340820	407	-0.048841 0.029209  1.066127
58.24856567	410	-0.052193 0.029688  1.073310
58.25370788	407	-0.052193 0.028730  1.071873
58.25884628	408	-0.051714 0.028970  1.075704
58.26399612	410	-0.051954 0.023942  1.076183
58.26915359	413	-0.046926 0.022505  1.090548
58.27430343	411	-0.046926 0.023224  1.088872
58.27945327	416	-0.048602 0.026575  1.091506
58.28460693	417	-0.052911 0.023942  1.091984
58.28975296	418	-0.050757 0.024899  1.105631
58.29489898	417	-0.047644 0.021069  1.105152
58.30005645	417	-0.047405 0.019872  1.108265
58.30521011	423	-0.050038 0.017717  1.109701
58.31037139	424	-0.047884 0.013407  1.120475
58.31553268	425	-0.041419 0.016041  1.119996
58.32068634	426	-0.041180 0.019872  1.120954
58.32585525	428	-0.039265 0.014604  1.125742
58.33101272	429	-0.034955 0.014126  1.132925
58.33617019	430	-0.030885 0.013647  1.131249
58.34133911	434	-0.037828 0.018435  1.144177
58.34648895	435	-0.032321 0.012929  1.139150
58.35164642	435	-0.040940 0.015083  1.148008
58.35679626	436	-0.032082 0.007901  1.157585
58.36193847	438	-0.042138 0.008140  1.150163
58.36708831	438	-0.040462 0.016759  1.139629
##inga 
#ido(sec)  szog(ADC)     ax(g)    ay(g)   az(g)
58.37277221	441	-0.036391 0.009577  1.149684
58.37804794	448	-0.041180 0.015323  1.163810
58.38332748	448	-0.044053 0.012450  1.164049
58.38859176	449	-0.042616 0.014365  1.165486
58.39374923	450	-0.042856 0.010534  1.166922
58.39889907	449	-0.043813 0.012929  1.165725
58.40404510	451	-0.042138 0.010295  1.165725
58.40917968	455	-0.047405 0.008380  1.172189
58.41433334	456	-0.052193 0.011253  1.167640
58.41947174	455	-0.051235 0.014604  1.173386
58.42462158	456	-0.049799 0.012450  1.184878
58.42975997	457	-0.055545 0.012929  1.179372
58.43490219	459	-0.054827 0.017956  1.163331
58.44004821	463	-0.056263 0.018435  1.178893
58.44520568	464	-0.060094 0.014604  1.185357
58.45034790	466	-0.056981 0.014604  1.179372
58.45549774	468	-0.057221 0.018435  1.178175
58.46064376	469	-0.056981 0.012210  1.178414
58.46578216	471	-0.057939 0.011492  1.178175
58.47093200	472	-0.053869 0.015562  1.179132
58.47607421	475	-0.051235 0.017238  1.184160
58.48122787	477	-0.050517 0.012929  1.179611
58.48637390	476	-0.055306 0.011731  1.181766
58.49152374	478	-0.058657 0.012450  1.179372
58.49668121	482	-0.061052 0.009337  1.188709
58.50183868	483	-0.065600 0.010774  1.179372
58.50699996	484	-0.056024 0.005028  1.179372
58.51214981	489	-0.062009 0.003831  1.181048
58.51731109	489	-0.048362 0.006943  1.178654
58.52246856	493	-0.052193 0.007422  1.176499
58.52762985	495	-0.054827 0.008380  1.170513
58.53277969	496	-0.050278 0.006704  1.170992
58.53794479	495	-0.047884 0.004070  1.171471
58.54309082	500	-0.049559 0.000000  1.164049
58.54821014	503	-0.049081 -0.005028  1.165486
58.55342483	503	-0.043574 -0.001437  1.155669
58.55862045	504	-0.042616 -0.004788  1.158303
58.56381607	504	-0.046686 -0.000718  1.157106
58.56901168	507	-0.045968 0.000000  1.159261
58.57412338	507	-0.037349 -0.000718  1.155669
58.57931518	509	-0.047405 -0.006464  1.152557
58.58451461	512	-0.045011 -0.012210  1.141544
58.58971786	514	-0.040222 -0.007422  1.150163
58.59490966	515	-0.050757 -0.005507  1.133643
58.60010147	519	-0.041659 -0.004310  1.141544
58.60530090	516	-0.050517 -0.002873  1.147290
58.61049270	521	-0.051475 -0.007901  1.141065
58.61569213	524	-0.054108 0.000239  1.126221
58.62085342	525	-0.050757 -0.005985  1.134122
58.62605667	525	-0.061052 -0.007661  1.119039
58.63125991	527	-0.057460 -0.001437  1.124306
58.63646316	528	-0.067516 -0.001676  1.112335
58.64165878	530	-0.063206 0.002155  1.116405
58.64681243	532	-0.061530 -0.001197  1.112335
58.65200805	534	-0.065361 -0.001197  1.102519
58.65719604	535	-0.061530 0.002873  1.106589
58.66234588	536	-0.068713 -0.004549  1.099167
58.66754150	537	-0.063446 0.002634  1.105631
58.67269134	537	-0.066079 -0.001437  1.094139
58.67788314	539	-0.067516 0.002873  1.090069
58.68304443	540	-0.067755 0.004310  1.079774
58.68820190	541	-0.061770 -0.000958  1.082168
58.69339752	543	-0.063685 -0.007183  1.079056
58.69859695	542	-0.065122 0.002155  1.074267
58.70375442	542	-0.065122 -0.002634  1.070676
58.70895767	545	-0.064403 -0.006943  1.061818
58.71416854	548	-0.062249 -0.004788  1.060860
58.71935653	547	-0.063206 -0.008380  1.055593
58.72454833	549	-0.063206 -0.006225  1.067803
58.72974014	549	-0.054348 -0.006225  1.055593
58.73493194	548	-0.060573 -0.003112  1.035003
58.74013137	551	-0.054827 -0.011731  1.042425
58.74532318	549	-0.059376 -0.004549  1.038115
58.75051498	552	-0.055306 -0.010774  1.030454
58.75570678	554	-0.058179 -0.011253  1.025666
58.76091766	557	-0.050038 -0.011253  1.031412
58.76612472	556	-0.052193 -0.007183  1.019680
58.77131652	556	-0.050278 -0.012689  1.020877
58.77652359	560	-0.049559 -0.017477  1.019920
58.78172302	560	-0.049559 -0.017477  1.016568
58.78692245	560	-0.045968 -0.015083  1.008906
58.79211425	562	-0.050996 -0.015083  1.001245
58.79732131	560	-0.052432 -0.014604  1.003879
58.80252075	562	-0.049559 -0.016520  0.995738
58.80771636	563	-0.055545 -0.013168  0.999808
58.81290435	565	-0.050278 -0.013407  0.985683
58.81810379	564	-0.047165 -0.016280  1.001484
58.82329559	567	-0.053630 -0.017717  0.993823
58.82849121	567	-0.060812 -0.012450  0.986880
58.83368682	567	-0.055545 -0.011492  0.984246
58.83889389	567	-0.060333 -0.009098  0.977303
58.84408950	566	-0.061530 -0.007183  0.986162
58.84930038	566	-0.059136 -0.009098  0.982331
58.85449600	569	-0.063446 -0.004070  0.983528
58.85969161	568	-0.063206 -0.013407  0.978022
58.86489105	568	-0.068713 -0.010056  0.979458
58.87008285	569	-0.070149 -0.012450  0.968205
58.87527847	571	-0.066558 -0.009337  0.970839
58.88047790	571	-0.067755 -0.007901  0.973472
58.88567352	569	-0.063685 -0.003352  0.974670
58.89086151	570	-0.065840 -0.005267  0.981852
##inga 
#ido(sec)  szog(ADC)     ax(g)    ay(g)   az(g)
58.89659118	571	-0.068713 -0.004070  0.973472
58.90186309	571	-0.066558 -0.015083  0.964854
58.90713119	568	-0.064643 -0.010295  0.974909
58.91239547	570	-0.058897 -0.005028  0.973712
58.91758728	569	-0.064164 -0.009816  0.971078
58.92278671	570	-0.062488 -0.010056  0.978740
58.92798614	569	-0.063685 -0.005985  0.970600
58.93318176	570	-0.065122 -0.011492  0.969163
58.93838500	571	-0.057700 -0.008380  0.964135
58.94357681	570	-0.057939 -0.008140  0.969642
58.94877624	570	-0.053869 -0.005267  0.973712
58.95396804	569	-0.052432 -0.005028  0.974430
58.95916366	567	-0.053630 -0.008140  0.969642
58.96436309	569	-0.052911 -0.012450  0.976346
58.96955490	569	-0.055306 -0.009337  0.976824
58.97475814	566	-0.046926 -0.004549  0.976346
58.97995758	567	-0.053390 -0.006943  0.972754
58.98515701	567	-0.052911 -0.011971  0.982810
58.99034881	567	-0.053151 -0.009577  0.970360
58.99554061	567	-0.046208 -0.007422  0.997654
59.00074386	566	-0.048841 -0.010295  0.984725
59.00593948	566	-0.045729 -0.008619  0.992387
59.01114273	565	-0.049320 -0.011253  0.995978
59.01633834	564	-0.044292 -0.011492  0.995260
59.02153015	562	-0.047405 -0.005985  1.007470
59.02671432	562	-0.050278 -0.002634  0.997654
59.03191375	561	-0.042856 -0.003831  1.003400
59.03710174	560	-0.046208 -0.007422  1.005076
59.04229354	560	-0.050278 -0.007901  1.006752
59.04749298	560	-0.052432 -0.005985  1.007230
59.05268859	557	-0.055545 -0.001197  1.007949
59.05789184	555	-0.052672 -0.006943  1.020877
59.06309509	557	-0.060573 0.003591  1.014892
59.06824493	556	-0.056503 -0.005028  1.026623
59.07344436	552	-0.061052 0.000958  1.029257
59.07861328	551	-0.061770 0.003112  1.031412
59.08376693	552	-0.054587 0.002155  1.027342
59.08893203	549	-0.063446 0.002155  1.040270
59.09407043	548	-0.060812 0.005746  1.030215
59.09922027	547	-0.060812 0.006225  1.049607
59.10437011	547	-0.068713 0.003112  1.060142
59.10951614	546	-0.060094 -0.002394  1.043383
59.11470794	545	-0.058418 0.007661  1.053678
59.11985778	545	-0.062727 0.004549  1.051523
59.12501144	543	-0.058179 0.003831  1.055353
59.13015747	541	-0.061052 0.000239  1.065648
59.13530731	539	-0.057939 0.004549  1.071394
59.14046096	540	-0.058897 0.000239  1.075943
59.14559555	539	-0.052911 0.000000  1.072592
59.15070724	538	-0.061770 0.000239  1.079056
59.15585327	536	-0.059136 0.007661  1.085760
59.16099548	535	-0.053869 0.000958  1.090787
59.16613769	536	-0.056742 0.003591  1.101800
59.17127990	535	-0.053151 0.000718  1.096773
59.17641830	533	-0.053151 0.003112  1.106589
59.18156814	532	-0.052193 -0.000239  1.100603
59.18676376	528	-0.053630 -0.002155  1.106110
59.19194793	527	-0.047884 -0.004549  1.112095
59.19715499	526	-0.052193 -0.001197  1.108744
59.20236587	523	-0.053869 0.004070  1.118081
59.20751571	522	-0.049799 0.000718  1.117841
59.21268081	522	-0.049320 -0.004070  1.114490
59.21788406	519	-0.045489 -0.000239  1.127418
59.22309112	517	-0.045489 -0.003352  1.122869
59.22828674	518	-0.045250 -0.003352  1.135319
59.23348236	515	-0.042138 0.002634  1.136516
59.23863983	512	-0.045968 0.003591  1.147290
59.24378967	511	-0.040940 0.005028  1.137234
59.24893188	508	-0.049320 0.002634  1.140347
59.25407409	507	-0.046686 0.003112  1.145375
59.25921249	506	-0.042616 0.004788  1.156148
59.26435852	505	-0.049559 0.011492  1.158782
59.26950836	504	-0.051235 0.002394  1.156867
59.27465820	500	-0.048602 0.010295  1.163810
59.27979660	502	-0.056742 0.009337  1.160697
59.28493881	501	-0.049081 0.014365  1.160937
59.29008483	497	-0.056024 0.008619  1.158542
59.29522705	494	-0.053151 0.017956  1.161415
59.30037307	494	-0.052911 0.005028  1.166683
59.30551528	492	-0.052193 0.011253  1.173865
59.31066131	489	-0.061770 0.015562  1.172668
59.31581115	488	-0.057221 0.014844  1.165725
59.32096481	486	-0.062488 0.012450  1.169556
59.32611846	485	-0.057700 0.012450  1.167401
59.33126449	482	-0.052432 0.014844  1.182245
59.33641815	480	-0.059136 0.018435  1.171232
59.34159088	476	-0.058897 0.018675  1.171232
59.34675598	474	-0.055306 0.011492  1.182724
59.35192108	474	-0.057939 0.019632  1.172189
59.35708618	473	-0.046208 0.022266  1.176259
59.36225128	470	-0.052432 0.019632  1.173865
59.36741638	471	-0.048123 0.022984  1.176499
59.37257766	469	-0.053390 0.010774  1.182245
59.37773513	464	-0.053390 0.017717  1.173147
59.38289260	462	-0.053151 0.017717  1.172189
59.38803482	461	-0.050517 0.020111  1.171710
59.39317703	462	-0.042377 0.013886  1.176978
59.39833450	460	-0.043813 0.015802  1.169556
59.40349197	455	-0.043574 0.018914  1.162852
59.40863418	456	-0.043574 0.011013  1.168837
59.41379165	454	-0.040462 0.018435  1.171950
##inga 
#ido(sec)  szog(ADC)     ax(g)    ay(g)   az(g)
59.41946029	452	-0.039504 0.013168  1.166683
59.42475128	451	-0.034476 0.018196  1.156388
59.43005752	450	-0.033758 0.016520  1.167640
59.43531036	447	-0.036631 0.018196  1.166683
59.44046020	447	-0.039265 0.014604  1.156148
59.44560623	448	-0.039743 0.017477  1.153515
59.45075988	447	-0.039025 0.016280  1.156388
59.45590209	443	-0.044532 0.015802  1.152796
59.46105194	442	-0.036152 0.010774  1.146093
59.46619415	439	-0.036391 0.014844  1.145375
59.47134780	436	-0.038307 0.012689  1.145853
59.47649383	434	-0.039743 0.020829  1.147290
59.48164749	434	-0.039265 0.021787  1.137474
59.48679351	432	-0.045250 0.019632  1.135079
59.49193572	432	-0.048362 0.020111  1.139868
59.49709701	429	-0.038067 0.024421  1.125982
59.50225067	429	-0.044532 0.022026  1.127897
59.50740814	426	-0.041180 0.020590  1.125263
59.51256179	425	-0.046686 0.022505  1.114250
59.51771926	421	-0.049559 0.025378  1.117841
59.52287673	421	-0.043095 0.022745  1.116644
59.52803421	420	-0.040940 0.027772  1.113293
59.53320312	419	-0.049799 0.028970  1.106349
59.53836441	417	-0.049320 0.026575  1.108025
59.54352569	416	-0.046926 0.026097  1.103716
59.54867553	416	-0.051954 0.028970  1.092703
59.55383682	411	-0.052672 0.031603  1.091266
59.55899810	412	-0.048123 0.034955  1.090787
59.56414794	411	-0.051714 0.031603  1.084323
59.56929016	408	-0.046926 0.033040  1.080013
59.57444000	410	-0.047884 0.028251  1.070676
59.57959365	409	-0.043335 0.034237  1.059663
59.58473968	406	-0.048602 0.025139  1.066127
59.58989715	405	-0.049081 0.030406  1.070197
59.59505462	406	-0.042377 0.029209  1.062057
59.60021591	402	-0.044532 0.029448  1.061339
59.60537719	403	-0.043574 0.031603  1.056790
59.61051940	401	-0.038307 0.029927  1.041946
59.61566162	401	-0.035194 0.029209  1.046256
59.62081527	401	-0.038067 0.025857  1.040749
59.62597656	401	-0.036870 0.026097  1.041467
59.63112640	400	-0.033518 0.030167  1.029736
59.63628005	399	-0.033518 0.022266  1.035242
59.64142227	397	-0.030885 0.019872  1.023032
59.64657592	396	-0.028970 0.025378  1.024708
59.65172576	396	-0.032800 0.025139  1.005794
59.65688705	394	-0.023224 0.022745  1.013934
59.66205215	393	-0.026575 0.026575  1.015610
59.66721343	392	-0.028970 0.021308  1.010103
59.67237091	391	-0.032082 0.016041  1.010582
59.67752838	389	-0.028251 0.017477  1.003160
59.68268585	386	-0.030885 0.025378  1.006033
59.68785476	387	-0.022505 0.016520  1.002921
59.69302368	386	-0.031603 0.019393  0.993823
59.69818496	386	-0.027772 0.025857  0.990711
59.70333862	387	-0.026336 0.024660  0.986880
59.70848846	385	-0.030406 0.021548  0.994062
59.71363830	383	-0.032800 0.019872  0.977543
59.71878433	385	-0.024181 0.024660  0.978979
59.72391510	384	-0.031364 0.032321  0.971557
59.72906875	384	-0.030885 0.019393  0.974909
59.73421859	384	-0.028970 0.022266  0.966769
59.73936462	384	-0.035434 0.033279  0.976106
59.74450683	383	-0.036631 0.028730  0.977303
59.74964904	383	-0.039504 0.030406  0.969402
59.75479507	382	-0.042138 0.030885  0.971318
59.75994873	381	-0.037828 0.033518  0.961502
59.76509475	380	-0.042138 0.033758  0.963896
59.77023696	381	-0.044053 0.039743  0.967248
59.77538299	379	-0.039504 0.033279  0.956953
59.78053665	379	-0.043813 0.033518  0.949291
59.78567886	379	-0.046447 0.042138  0.964854
59.79082489	378	-0.041659 0.037110  0.961262
59.79596328	381	-0.052672 0.029688  0.966769
59.80110931	381	-0.044771 0.043574  0.963896
59.80626296	381	-0.050278 0.039265  0.956474
59.81141281	380	-0.050996 0.039025  0.964614
59.81655502	381	-0.040701 0.040701  0.964135
59.82170486	380	-0.039983 0.034476  0.961262
59.82685470	378	-0.046208 0.038307  0.962220
59.83200073	380	-0.045968 0.041180  0.953601
59.83714675	380	-0.043813 0.036152  0.961502
59.84231185	381	-0.043574 0.035194  0.961502
59.84746551	379	-0.042856 0.033758  0.958868
59.85261917	381	-0.042377 0.029448  0.967248
59.85778427	382	-0.038067 0.022026  0.965572
59.86294555	382	-0.038067 0.029448  0.965811
59.86809158	383	-0.035913 0.030885  0.975867
59.87326049	384	-0.037828 0.028251  0.972275
59.87842559	382	-0.033997 0.028012  0.972994
59.88357925	383	-0.037110 0.020829  0.970360
59.88872909	385	-0.027054 0.028730  0.976824
59.89387512	385	-0.034237 0.018435  0.979937
59.89901733	387	-0.030885 0.018914  0.973233
59.90417098	385	-0.028970 0.032561  0.985922
59.90930938	386	-0.033040 0.016041  0.989035
59.91445159	388	-0.027772 0.021308  0.991189
59.91959762	388	-0.033997 0.021308  0.991908
59.92474746	389	-0.024660 0.027533  0.989753
59.92988586	391	-0.031364 0.024181  1.005076
59.93503952	391	-0.027533 0.022984  1.000287
##inga 
#ido(sec)  szog(ADC)     ax(g)    ay(g)   az(g)
59.94073104	392	-0.028730 0.022984  1.006752
59.94599151	393	-0.029688 0.028730  1.010343
59.95127105	394	-0.037110 0.028730  1.011061
59.95653152	393	-0.027294 0.018196  1.010103
59.96168136	393	-0.033997 0.024899  1.009625
59.96682739	396	-0.033758 0.022026  1.022793
59.97197341	397	-0.039504 0.022745  1.019680
59.97711181	396	-0.040462 0.029688  1.017286
59.98226165	400	-0.038307 0.023702  1.029496
59.98741531	401	-0.043574 0.025139  1.027342
59.99257278	400	-0.044292 0.024899  1.033327
59.99771499	402	-0.044292 0.024660  1.041467
60.00286102	402	-0.047884 0.025857  1.039552
60.00800323	405	-0.041659 0.022505  1.042904
60.01315689	406	-0.040701 0.023942  1.047213
60.01831054	405	-0.043335 0.026097  1.052002
60.02347564	408	-0.043335 0.027772  1.057029
60.02864456	409	-0.049320 0.023224  1.070916
60.03380584	408	-0.047405 0.019872  1.068521
60.03896331	409	-0.050038 0.017477  1.069718
60.04413223	409	-0.040701 0.025857  1.082168
60.04930496	409	-0.049320 0.019393  1.067324
60.05447769	413	-0.044053 0.023224  1.074986
60.05963897	414	-0.040462 0.022984  1.083126
60.06479644	416	-0.045489 0.022745  1.085281
60.06996154	417	-0.044532 0.025378  1.092224
60.07511520	418	-0.047884 0.017717  1.103237
60.08027267	417	-0.047884 0.024899  1.098449
60.08541870	416	-0.044771 0.024660  1.099167
60.09056472	420	-0.036152 0.012450  1.104195
60.09571075	424	-0.042138 0.020111  1.118081
60.10085678	426	-0.040222 0.015083  1.104913
60.10600662	425	-0.041180 0.016520  1.114729
60.11114120	429	-0.045011 0.017477  1.116884
60.11627578	426	-0.044292 0.017477  1.125024
60.12141418	430	-0.045968 0.013647  1.115208
60.12656784	432	-0.041898 0.016041  1.130770
60.13170242	434	-0.040222 0.013647  1.117123
60.13684844	435	-0.041659 0.012210  1.141304
60.14199066	434	-0.035913 0.013886  1.127179
60.14713287	436	-0.042377 0.012929  1.143938
60.15227508	440	-0.044532 0.011492  1.136516
60.15742492	443	-0.043813 0.016520  1.142023
60.16256713	444	-0.042138 0.016999  1.139868
60.16772079	448	-0.040222 0.016041  1.144417
60.17286300	448	-0.047165 0.015083  1.146332
60.17800521	448	-0.045729 0.014126  1.148726
60.18315124	450	-0.049799 0.014126  1.160937
60.18830871	451	-0.044771 0.013886  1.152796
60.19346618	453	-0.044532 0.019632  1.155669
60.19862747	454	-0.045250 0.012450  1.156148
60.20378875	456	-0.047405 0.011013  1.166922
60.20894622	454	-0.052193 0.011492  1.154712
60.21411132	457	-0.044771 0.017238  1.172668
60.21926879	457	-0.051714 0.011013  1.172908
60.22442626	462	-0.051235 0.017477  1.169795
60.22959136	460	-0.056742 0.008858  1.165246
60.23474502	464	-0.053390 0.012450  1.176978
60.23990631	467	-0.048841 0.011253  1.172668
60.24505996	468	-0.046208 0.012689  1.166683
60.25021362	470	-0.053151 0.009816  1.172429
60.25536346	471	-0.054827 0.007901  1.170035
60.26052093	473	-0.055306 0.009337  1.176738
60.26565933	474	-0.051954 0.010534  1.174583
60.27081298	477	-0.045729 0.006464  1.174344
60.27595520	478	-0.051714 0.010295  1.177456
60.28109741	480	-0.056024 0.010774  1.165725
60.28623199	482	-0.048362 0.001676  1.176978
60.29137420	483	-0.048362 0.009337  1.167401
60.29653167	486	-0.052911 0.008619  1.170035
60.30167770	489	-0.055545 0.005028  1.167880
60.30681991	489	-0.042138 0.006464  1.163570
60.31196212	492	-0.055784 0.003112  1.163810
60.31710815	493	-0.056742 0.007183  1.161894
60.32224655	495	-0.055306 0.003112  1.162134
60.32739639	494	-0.047405 -0.001437  1.156627
60.33258819	498	-0.049559 0.002394  1.157585
60.33774948	502	-0.052911 -0.003591  1.163091
60.34294128	501	-0.051475 0.004070  1.154951
60.34809112	504	-0.053630 -0.001437  1.148726
60.35329055	504	-0.053151 0.002394  1.153515
60.35845184	502	-0.053390 -0.002873  1.149205
60.36365509	506	-0.050517 0.000479  1.153754
60.36880493	507	-0.053390 -0.000479  1.145375
60.37400436	510	-0.046686 -0.000479  1.149923
60.37921142	510	-0.059136 0.003831  1.142980
60.38435363	513	-0.058179 0.003831  1.136277
60.38950729	517	-0.055545 -0.005028  1.131249
60.39470672	519	-0.053390 0.000000  1.131967
60.39981079	519	-0.054348 -0.005028  1.126461
60.40500640	520	-0.055545 0.001676  1.123348
60.41014099	525	-0.058657 -0.002634  1.125263
60.41533660	525	-0.057939 -0.001915  1.114490
60.42053222	524	-0.062249 -0.003112  1.119996
60.42572402	528	-0.060812 -0.000958  1.104673
60.43092346	529	-0.062009 -0.004070  1.110180
60.43611145	529	-0.052432 -0.003352  1.112814
60.44131469	531	-0.059615 -0.009098  1.097012
60.44652175	532	-0.055306 -0.000718  1.095815
60.45171737	533	-0.052432 -0.008619  1.091745
60.45692443	536	-0.053630 -0.002873  1.086717
##inga 
#ido(sec)  szog(ADC)     ax(g)    ay(g)   az(g)
60.46266555	536	-0.056024 -0.007422  1.084323
60.46793365	536	-0.055784 -0.005746  1.083844
60.47320938	536	-0.059854 -0.004310  1.078098
60.47846221	539	-0.052911 -0.003352  1.079295
60.48366928	540	-0.056981 -0.005746  1.066846
60.48886108	542	-0.062488 -0.005985  1.064691
60.49405288	541	-0.057460 -0.004070  1.066846
60.49925613	543	-0.059615 -0.001676  1.061578
60.50445175	545	-0.061052 0.000958  1.055353
60.50960540	544	-0.055545 -0.009577  1.049847
60.51479721	546	-0.061291 -0.009337  1.047692
60.51999282	547	-0.062249 -0.004788  1.040031
60.52518844	550	-0.054587 -0.003112  1.049607
60.53038787	551	-0.059136 -0.014844  1.036679
60.53558731	551	-0.061052 -0.010056  1.029975
60.54078674	550	-0.059854 -0.015802  1.034045
60.54599380	551	-0.062967 -0.008619  1.029496
60.55119323	550	-0.052911 -0.012450  1.026623
60.55638504	551	-0.054348 -0.009577  1.023990
60.56157684	554	-0.052432 -0.008619  1.016328
60.56676864	555	-0.058897 -0.013168  1.014413
60.57196426	556	-0.047644 -0.006704  1.012498
60.57716369	558	-0.053869 -0.011253  1.011779
60.58236694	560	-0.060094 -0.009098  1.011301
60.58756256	561	-0.055306 -0.009816  1.007709
60.59276580	561	-0.054348 -0.009337  1.013695
60.59796524	560	-0.057700 -0.007901  0.999330
60.60315704	562	-0.058179 -0.009337  1.000766
60.60835647	562	-0.059854 -0.006943  0.992865
60.61355590	562	-0.054348 -0.006704  0.989514
60.61875152	563	-0.059376 -0.007901  0.987119
60.62396240	562	-0.058418 -0.011253  0.993823
60.62916946	563	-0.062009 -0.005267  0.990711
60.63436508	566	-0.064403 -0.011492  0.982092
60.63956451	564	-0.063446 -0.009816  0.988556
60.64475631	568	-0.065361 -0.011492  0.977543
60.64995574	565	-0.061530 -0.008858  0.984486
60.65515518	564	-0.056742 -0.011253  0.978261
60.66035461	568	-0.055306 -0.012450  0.981613
60.66555023	567	-0.061052 -0.008140  0.976106
60.67074966	566	-0.062967 -0.011971  0.977303
60.67594909	568	-0.064882 -0.012210  0.979219
60.68115997	567	-0.063206 -0.013886  0.976585
60.68637466	566	-0.059136 -0.016520  0.983289
60.69158172	565	-0.060812 -0.011013  0.976106
60.69677352	568	-0.062727 -0.007661  0.972994
60.70196533	568	-0.062727 -0.003591  0.976106
60.70716857	568	-0.060333 -0.007661  0.975627
60.71235656	566	-0.056981 -0.008619  0.970121
60.71754837	566	-0.062009 -0.013647  0.977303
60.72274780	566	-0.057221 -0.009816  0.976346
60.72794723	568	-0.053869 -0.012929  0.973951
60.73315429	565	-0.053869 -0.008619  0.974430
60.73834609	565	-0.061052 -0.009816  0.975388
60.74354934	566	-0.056024 -0.006943  0.973951
60.74876022	566	-0.050038 -0.011492  0.975627
60.75397109	566	-0.058657 -0.003112  0.980416
60.75916290	564	-0.056503 -0.001676  0.980176
60.76436233	564	-0.058418 -0.004788  0.980176
60.76955413	566	-0.049559 -0.008858  0.992147
60.77474212	564	-0.056981 -0.003352  0.989753
60.77994155	564	-0.051954 -0.004070  0.989035
60.78513717	561	-0.061052 -0.001915  0.986162
60.79033279	561	-0.054108 -0.005507  0.993105
60.79552841	561	-0.051235 -0.004788  0.998851
60.80072402	558	-0.053390 -0.007183  0.993823
60.80592346	560	-0.054348 -0.008858  0.990950
60.81112289	557	-0.056742 -0.007183  1.010822
60.81633758	559	-0.058897 -0.001915  0.992147
60.82154846	559	-0.060094 -0.001437  1.008427
60.82675170	557	-0.055066 -0.004549  1.003879
60.83195114	557	-0.053390 0.000718  1.006512
60.83709716	554	-0.058897 -0.002155  1.020638
60.84228134	553	-0.055306 0.004310  1.015610
60.84741973	555	-0.060573 0.001437  1.012258
60.85257339	554	-0.055784 0.001197  1.028060
60.85770797	551	-0.061291 -0.003591  1.030933
60.86290740	551	-0.056503 0.003831  1.026384
60.86805343	550	-0.054827 0.002155  1.023271
60.87320327	547	-0.056742 0.002394  1.042904
60.87835693	549	-0.060094 0.000239  1.040988
60.88349914	549	-0.057221 -0.004070  1.037636
60.88869094	547	-0.058179 0.002394  1.046016
60.89384841	547	-0.057700 -0.002394  1.049129
60.89905548	543	-0.053630 -0.005746  1.040988
60.90425872	541	-0.055066 -0.006704  1.056550
60.90945434	542	-0.055306 0.001915  1.062057
60.91461181	541	-0.056503 -0.000718  1.063494
60.91981124	540	-0.052432 -0.000958  1.064212
60.92501449	539	-0.052193 0.001197  1.066846
60.93017578	536	-0.055066 0.000718  1.073310
60.93531417	537	-0.050757 0.005507  1.069240
60.94046401	535	-0.051235 -0.001437  1.078098
60.94565963	535	-0.047884 0.000958  1.081929
60.95081710	532	-0.044532 0.001197  1.085760
60.95595932	533	-0.053869 0.000718  1.096294
60.96110153	533	-0.056742 -0.001915  1.101561
60.96629333	528	-0.051714 0.003831  1.085760
60.97143554	528	-0.052432 -0.002634  1.098688
60.97662734	527	-0.058179 0.001437  1.108504
60.98178482	526	-0.052193 0.002394  1.103237
##inga 
#ido(sec)  szog(ADC)     ax(g)    ay(g)   az(g)
60.98746109	524	-0.052193 0.005267  1.120714
60.99273681	521	-0.053630 0.002873  1.121672
60.99800491	522	-0.051954 0.006464  1.119517
61.00326156	519	-0.056263 0.006943  1.127179
61.00840377	518	-0.054348 0.003112  1.126461
61.01354980	515	-0.052911 0.002394  1.124066
61.01869201	514	-0.049320 0.003112  1.129094
61.02382659	513	-0.051714 0.006943  1.127897
61.02898025	509	-0.058897 0.009577  1.129812
61.03413009	510	-0.054108 0.006943  1.139150
61.03927612	508	-0.050038 0.005028  1.143938
61.04442977	505	-0.045968 0.008380  1.144417
61.04958343	503	-0.049320 0.012210  1.148247
61.05473709	503	-0.055784 0.008619  1.149205
61.05989074	503	-0.053151 0.007422  1.147050
61.06505203	501	-0.053390 0.012210  1.156388
61.07020568	500	-0.051714 0.008858  1.140107
61.07535171	498	-0.050278 0.012450  1.149445
61.08050918	493	-0.049559 0.011492  1.160937
61.08566665	495	-0.051235 0.011731  1.149684
61.09082412	493	-0.057700 0.015562  1.167401
61.09597778	490	-0.055784 0.008380  1.168359
61.10111999	488	-0.056263 0.011971  1.166204
61.10626983	488	-0.059854 0.012929  1.165486
61.11142349	485	-0.052432 0.012929  1.163091
61.11656951	483	-0.047884 0.013168  1.171710
61.12170791	480	-0.045968 0.014844  1.173626
61.12685012	479	-0.055066 0.012450  1.170274
61.13198852	477	-0.051475 0.012450  1.166204
61.13711929	474	-0.044532 0.014844  1.167640
61.14227294	473	-0.042138 0.019153  1.165007
61.14741897	470	-0.046926 0.016520  1.157345
61.15256500	471	-0.046208 0.016520  1.167401
61.15770721	470	-0.046926 0.009337  1.156627
61.16285705	467	-0.044771 0.010295  1.166683
61.16800308	462	-0.042856 0.010774  1.161894
61.17314910	464	-0.044053 0.015083  1.162613
61.17829132	463	-0.047644 0.012450  1.175541
61.18342971	459	-0.041659 0.010056  1.165725
61.18857574	457	-0.038786 0.012450  1.168598
61.19372558	457	-0.040940 0.016759  1.167880
61.19887924	455	-0.053869 0.018675  1.151839
61.20402526	453	-0.040701 0.020351  1.159500
61.20917129	452	-0.039025 0.018196  1.161176
61.21432495	451	-0.040222 0.014844  1.159500
61.21947479	451	-0.045250 0.012450  1.143938
61.22463989	450	-0.045250 0.018914  1.164528
61.22979354	448	-0.045729 0.015083  1.147290
61.23495483	446	-0.043095 0.011253  1.158542
61.24011611	447	-0.042377 0.022026  1.150402
61.24528121	445	-0.042138 0.018435  1.142501
61.25043487	440	-0.045489 0.015083  1.144417
61.25559616	437	-0.040701 0.018675  1.132446
61.26076889	439	-0.047405 0.025139  1.137474
61.26592254	436	-0.041659 0.017717  1.137953
61.27109146	433	-0.044771 0.024899  1.136037
61.27624130	432	-0.038546 0.018196  1.132207
61.28139114	432	-0.045968 0.016999  1.131728
61.28654098	430	-0.048123 0.025378  1.119278
61.29167938	430	-0.046208 0.025139  1.129094
61.29682922	428	-0.042138 0.022026  1.110898
61.30197143	425	-0.046447 0.022984  1.116644
61.30711746	425	-0.044292 0.023224  1.106110
61.31227111	423	-0.046208 0.022266  1.099646
61.31741333	422	-0.045729 0.025378  1.111377
61.32256317	421	-0.041180 0.025618  1.102279
61.32772064	418	-0.046686 0.028491  1.097730
61.33285903	420	-0.044053 0.022266  1.089830
61.33800506	415	-0.042856 0.026815  1.086238
61.34314727	414	-0.040940 0.025618  1.088632
61.34830474	414	-0.046447 0.026336  1.078816
61.35344314	412	-0.038307 0.030406  1.069000
61.35858917	412	-0.037589 0.024181  1.078098
61.36373138	411	-0.042616 0.026097  1.077140
61.36887741	411	-0.039743 0.029927  1.069718
61.37401962	410	-0.047405 0.027772  1.066127
61.37917709	408	-0.036391 0.021069  1.053438
61.38433074	407	-0.040462 0.027054  1.060381
61.38949203	405	-0.034476 0.030885  1.054396
61.39466476	405	-0.038546 0.027772  1.054875
61.39983367	403	-0.038307 0.022266  1.034524
61.40499877	402	-0.041180 0.027772  1.044819
61.41016769	401	-0.040222 0.026097  1.044580
61.41533279	401	-0.035673 0.028730  1.034524
61.42050552	399	-0.038786 0.028012  1.028778
61.42565917	400	-0.035673 0.027533  1.032369
61.43082809	400	-0.033758 0.024660  1.025666
61.43598175	398	-0.037349 0.026336  1.023032
61.44113540	397	-0.033279 0.031364  1.022314
61.44628906	396	-0.036870 0.025378  1.023032
61.45143127	396	-0.034955 0.023224  1.003639
61.45658874	395	-0.031843 0.033997  1.011301
61.46173095	391	-0.035673 0.027772  1.001724
61.46688079	393	-0.033040 0.025139  1.001484
61.47202682	391	-0.033518 0.024660  1.006512
61.47716903	392	-0.033518 0.020111  0.997654
61.48231124	391	-0.032082 0.024421  0.995978
61.48746490	388	-0.031843 0.020351  0.989514
61.49262237	389	-0.035673 0.030167  0.993823
61.49776840	387	-0.030406 0.022505  0.982810
61.50291061	388	-0.033518 0.030406  0.976585
##inga 
#ido(sec)  szog(ADC)     ax(g)    ay(g)   az(g)
61.50859069	385	-0.032321 0.027054  0.982810
61.51386260	386	-0.032321 0.024181  0.989274
61.51913070	387	-0.033997 0.027533  0.980894
61.52438354	384	-0.033518 0.026097  0.980416
61.52953338	386	-0.030645 0.022745  0.978261
61.53467559	384	-0.033040 0.035913  0.975148
61.53982162	386	-0.035913 0.034476  0.971797
61.54497528	385	-0.036391 0.031843  0.967966
61.55012893	384	-0.037589 0.032800  0.961981
61.55527114	385	-0.040462 0.034716  0.970121
61.56041717	384	-0.036631 0.031603  0.968924
61.56555938	382	-0.041180 0.032321  0.964854
61.57072830	384	-0.039265 0.036152  0.969881
61.57588958	381	-0.032321 0.027533  0.966051
61.58105087	384	-0.036870 0.033279  0.962938
61.58620452	382	-0.047644 0.034237  0.967248
61.59136581	381	-0.042138 0.037589  0.962699
61.59652709	384	-0.039265 0.035434  0.968924
61.60168838	382	-0.044532 0.030885  0.961262
61.60683441	383	-0.041419 0.031364  0.960065
61.61199951	383	-0.046208 0.032800  0.961981
61.61714553	383	-0.042856 0.033758  0.968445
61.62230682	384	-0.039983 0.030167  0.969402
61.62746429	381	-0.046447 0.034476  0.953840
61.63261413	381	-0.048362 0.033518  0.965332
61.63776016	383	-0.042377 0.032321  0.969881
61.64290237	385	-0.043813 0.031124  0.968205
61.64805221	385	-0.045968 0.026575  0.971797
61.65319442	386	-0.036631 0.032800  0.967008
61.65833663	385	-0.039025 0.027054  0.977782
61.66348266	386	-0.037110 0.033997  0.979697
61.66862106	385	-0.035434 0.023942  0.983049
61.67376708	385	-0.038307 0.027054  0.978022
61.67890930	388	-0.042377 0.026575  0.972036
61.68405151	388	-0.035673 0.025139  0.985683
61.68920135	386	-0.035434 0.027294  0.977064
61.69434356	389	-0.037349 0.018435  0.987838
61.69948959	390	-0.039743 0.026575  0.992865
61.70463180	390	-0.033997 0.022984  0.991908
61.70978546	390	-0.038307 0.021548  0.994062
61.71492767	393	-0.036152 0.020351  0.995978
61.72007751	393	-0.033279 0.020590  0.992626
61.72521591	395	-0.037349 0.020829  1.000287
61.73035812	393	-0.030645 0.029927  1.000766
61.73550415	395	-0.034476 0.019153  1.011779
61.74065017	396	-0.034716 0.025857  1.006273
61.74580383	398	-0.033518 0.022984  1.017765
61.75097656	397	-0.034955 0.024421  1.018723
61.75613784	398	-0.036631 0.027533  1.016568
61.76130294	400	-0.039025 0.019632  1.013695
61.76647186	401	-0.041659 0.020590  1.024708
61.77162170	402	-0.036631 0.025857  1.035482
61.77678298	404	-0.034716 0.019872  1.029975
61.78194427	402	-0.034716 0.025618  1.033806
61.78710937	405	-0.034955 0.015802  1.040988
61.79227828	407	-0.035913 0.022266  1.035721
61.79743576	407	-0.039743 0.021069  1.042664
61.80258941	405	-0.036631 0.022026  1.043383
61.80774307	409	-0.035434 0.019632  1.056311
61.81289672	409	-0.039504 0.022505  1.054635
61.81804275	409	-0.037828 0.022026  1.060860
61.82318878	411	-0.044532 0.015562  1.064930
61.82833099	409	-0.043574 0.016999  1.066367
61.83348846	412	-0.040222 0.022266  1.068521
61.83863449	413	-0.045489 0.020111  1.082647
61.84378433	416	-0.044053 0.021308  1.074028
61.84894561	417	-0.042377 0.019872  1.078098
61.85409164	415	-0.046208 0.019393  1.091506
61.85925674	418	-0.044053 0.020590  1.087196
61.86439895	419	-0.045729 0.024181  1.096773
61.86954879	422	-0.046926 0.022266  1.097491
61.87469100	424	-0.042377 0.017477  1.103716
61.87984848	422	-0.049559 0.016759  1.097730
61.88499069	425	-0.055306 0.019872  1.103476
61.89014053	428	-0.050517 0.022026  1.118081
61.89529037	428	-0.049559 0.014126  1.102279
61.90046310	428	-0.050038 0.023942  1.111856
61.90561294	428	-0.050996 0.023463  1.119517
61.91078186	434	-0.050996 0.021548  1.114250
61.91593933	434	-0.047405 0.019153  1.131009
61.92109298	435	-0.048362 0.016759  1.124785
61.92625045	436	-0.049081 0.019393  1.125503
61.93140411	436	-0.052432 0.014126  1.133404
61.93655776	440	-0.049559 0.016759  1.129812
61.94172286	440	-0.049799 0.019153  1.127897
61.94688034	445	-0.050757 0.016759  1.147529
61.95204162	448	-0.049799 0.004070  1.142023
61.95719146	448	-0.047644 0.012450  1.141065
61.96234512	449	-0.053390 0.020351  1.148966
61.96748733	449	-0.046208 0.008619  1.142262
61.97263336	451	-0.048602 0.012929  1.150642
61.97777557	453	-0.045011 0.014365  1.154233
61.98292160	454	-0.042138 0.010534  1.154472
61.98805999	456	-0.042856 0.009577  1.146811
61.99321746	456	-0.050278 0.003591  1.161415
61.99835586	454	-0.045489 0.010295  1.158782
62.00350952	455	-0.047884 0.004070  1.170513
62.00864410	459	-0.045968 0.008858  1.161655
62.01377868	460	-0.046447 0.012929  1.164528
62.01892089	463	-0.044292 0.009337  1.159500
62.02405548	465	-0.047165 0.007661  1.165725
##inga 
#ido(sec)  szog(ADC)     ax(g)    ay(g)   az(g)
62.02972030	464	-0.046208 0.008858  1.164049
62.03497314	468	-0.045968 0.010295  1.172668
62.04024887	470	-0.042616 0.008380  1.162852
62.04549789	471	-0.048123 0.008140  1.161655
62.05063247	474	-0.041659 0.002394  1.162373
62.05577850	476	-0.043574 0.009577  1.165246
62.06093215	477	-0.049559 0.012450  1.163331
62.06607437	476	-0.051235 0.003831  1.165486
62.07122802	480	-0.050278 0.005267  1.163810
62.07637023	482	-0.053151 0.009098  1.166683
62.08152008	483	-0.050996 0.016520  1.151121
62.08666229	486	-0.058657 0.007661  1.161894
62.09180450	489	-0.056263 0.010295  1.158542
62.09694671	488	-0.053869 0.010295  1.153993
62.10209274	492	-0.056263 0.009577  1.152557
62.10723495	493	-0.058897 0.007422  1.159500
62.11238861	495	-0.056024 0.009337  1.154951
62.11754989	496	-0.058418 0.004070  1.154712
62.12269592	497	-0.059854 0.007901  1.146332
62.12785720	500	-0.058179 0.006464  1.146093
62.13301849	503	-0.064403 0.010056  1.147050
62.13817977	504	-0.056263 0.013407  1.149923
62.14334106	503	-0.059615 0.006704  1.144417
62.14849090	504	-0.064164 0.008380  1.140586
62.15364074	507	-0.058897 0.003831  1.148726
62.15881347	505	-0.059136 0.006225  1.129573
62.16396331	508	-0.057460 0.005028  1.133404
62.16912460	511	-0.055784 0.002394  1.129812
62.17427825	510	-0.051235 0.003831  1.134122
62.17943572	516	-0.058179 -0.001437  1.127658
62.18463897	516	-0.055784 -0.004070  1.128376
62.18983078	519	-0.053390 -0.001915  1.113293
62.19503021	521	-0.048123 -0.003112  1.111377
62.20021820	521	-0.054348 -0.002155  1.116644
62.20541381	525	-0.050996 0.005267  1.104434
62.21055603	525	-0.050996 -0.010295  1.109222
62.21574783	525	-0.049320 0.000958  1.101561
62.22089767	527	-0.054587 -0.006943  1.103476
62.22608566	528	-0.054108 -0.005985  1.098927
62.23128890	527	-0.051235 -0.004310  1.092703
62.23649215	529	-0.052911 -0.011253  1.093181
62.24169158	533	-0.051954 -0.004310  1.084323
62.24689483	535	-0.052911 -0.007661  1.087196
62.25210571	536	-0.050038 -0.009098  1.075704
62.25730133	537	-0.049081 -0.009337  1.064212
62.26249313	536	-0.049559 -0.004549  1.080253
62.26768875	539	-0.051954 -0.009816  1.067564
62.27288818	539	-0.053869 -0.002155  1.066127
62.27808761	540	-0.053869 -0.005267  1.075704
62.28328704	542	-0.060573 -0.001676  1.055832
62.28848266	543	-0.059136 -0.002394  1.053678
62.29367828	541	-0.053630 -0.006704  1.058466
62.29888534	543	-0.060094 -0.005028  1.055593
62.30408477	542	-0.056024 -0.005507  1.046734
62.30928802	545	-0.060573 -0.003112  1.044340
62.31448364	548	-0.059854 -0.002873  1.050565
62.31968688	548	-0.063446 -0.005507  1.038594
62.32487869	548	-0.059376 0.001437  1.029257
62.33003616	549	-0.064882 -0.006464  1.032609
62.33522796	551	-0.062488 -0.005507  1.029736
62.34042739	552	-0.067516 0.000958  1.029975
62.34558486	551	-0.062249 -0.003352  1.020638
62.35078048	552	-0.067755 -0.008380  1.014892
62.35597229	552	-0.062488 -0.007661  1.013695
62.36116409	553	-0.062249 -0.003591  1.013455
62.36635971	557	-0.065361 -0.003352  1.006033
62.37156677	555	-0.058657 -0.004549  1.001245
62.37676620	558	-0.055306 -0.007901  0.994302
62.38196945	557	-0.055784 -0.000958  0.996217
62.38716888	558	-0.056981 -0.002634  1.001006
62.39237594	560	-0.057460 -0.010295  1.000527
62.39756393	560	-0.061770 -0.008619  1.005076
62.40275573	560	-0.056742 -0.011731  0.998372
62.40794754	560	-0.058657 -0.010774  0.988556
62.41314697	559	-0.059136 -0.014365  0.995260
62.41833877	561	-0.051475 -0.010295  0.990711
62.42353057	561	-0.051954 -0.012210  0.994302
62.42872238	562	-0.053390 -0.009816  0.987119
62.43392562	560	-0.055784 -0.013647  0.989514
62.43912506	563	-0.051235 -0.011731  0.977303
62.44431686	563	-0.053151 -0.013407  0.980655
62.44950866	563	-0.057700 -0.015802  0.990232
62.45470809	563	-0.058897 -0.005985  0.979937
62.45990753	564	-0.050038 -0.012689  0.979219
62.46511459	564	-0.051954 -0.011253  0.980655
62.47031784	563	-0.051714 -0.013647  0.976346
62.47551727	565	-0.057221 -0.010295  0.977064
62.48071289	566	-0.057460 -0.011253  0.980176
62.48590087	564	-0.056503 -0.011492  0.971557
62.49109268	565	-0.055545 -0.011013  0.976346
62.49628448	566	-0.060573 -0.009816  0.973951
62.50147628	566	-0.059376 -0.010774  0.981613
62.50666809	566	-0.055306 -0.013407  0.977303
62.51187133	566	-0.061052 -0.006943  0.972994
62.51706695	565	-0.064403 -0.012450  0.977303
62.52227020	563	-0.061291 -0.012450  0.976585
62.52747344	564	-0.054587 -0.008380  0.980655
62.53267669	562	-0.057221 -0.006225  0.978261
62.53786849	561	-0.061530 -0.001437  0.982092
62.54306030	563	-0.059136 0.000239  0.982331
62.54819488	563	-0.057221 -0.004310  0.986641
##inga 
#ido(sec)  szog(ADC)     ax(g)    ay(g)   az(g)
62.55392074	559	-0.061530 -0.006943  0.989992
62.55918121	561	-0.056503 -0.003352  0.986162
62.56446075	558	-0.063446 -0.002394  0.990232
62.56972122	561	-0.059376 -0.004310  0.999569
62.57491302	559	-0.058418 0.000958  0.993823
62.58005523	559	-0.056742 -0.002394  0.992387
62.58525848	558	-0.053390 -0.004070  0.995978
62.59045028	558	-0.053390 0.001915  1.006273
62.59558868	558	-0.051235 -0.005267  1.002203
62.60078048	556	-0.055784 -0.003112  1.007470
62.60596466	556	-0.056981 0.001197  0.999808
62.61112976	556	-0.054587 -0.003352  1.012019
62.61633300	554	-0.057700 -0.006943  1.017286
62.62153244	553	-0.057939 -0.004070  1.016328
62.62673568	553	-0.057460 -0.003831  1.014174
62.63193130	553	-0.048602 -0.009098  1.018723
62.63714981	552	-0.054827 -0.000239  1.023750
62.64234542	550	-0.050278 -0.002634  1.032848
62.64753341	550	-0.054827 -0.005985  1.025187
62.65272903	549	-0.050996 -0.001197  1.029017
62.65792846	547	-0.035913 -0.001676  1.032609
62.66311645	548	-0.049320 -0.007661  1.030693
62.66830825	547	-0.049559 -0.005985  1.043861
62.67350769	544	-0.045011 0.001197  1.045777
62.67866516	544	-0.052193 -0.004788  1.050086
62.68386077	541	-0.050278 -0.000718  1.051283
62.68906021	541	-0.049559 -0.001676  1.050326
62.69425964	541	-0.048841 -0.003591  1.068042
62.69946289	539	-0.052193 -0.002873  1.056550
62.70466613	539	-0.055066 -0.002155  1.058226
62.70985412	535	-0.047644 0.000718  1.061818
62.71500015	537	-0.045968 -0.005746  1.068282
62.72019577	534	-0.049320 0.000479  1.077859
62.72534179	533	-0.052911 0.003112  1.078577
62.73049163	535	-0.054348 0.000479  1.074986
62.73563766	535	-0.056024 0.004070  1.090069
62.74077224	531	-0.054348 -0.001437  1.087196
62.74596786	530	-0.053390 0.000239  1.083605
62.75111389	526	-0.056024 0.003591  1.093421
62.75625991	527	-0.057221 0.000239  1.088632
62.76139831	523	-0.058179 0.008380  1.106589
62.76654052	524	-0.057939 0.008140  1.096294
62.77168273	523	-0.058657 0.006225  1.096294
62.77682876	521	-0.061291 0.002873  1.106589
62.78197860	521	-0.054587 0.004788  1.103955
62.78712463	519	-0.058657 0.006704  1.111617
62.79227447	515	-0.057221 0.013407  1.118081
62.79742050	516	-0.051954 0.008380  1.123109
62.80256271	513	-0.055545 0.004549  1.104913
62.80772018	510	-0.054108 0.010534  1.125024
62.81286621	510	-0.048841 0.010774  1.127179
62.81802749	508	-0.059136 0.005267  1.133643
62.82319259	507	-0.061530 0.011013  1.127658
62.82835388	506	-0.056263 0.011492  1.130531
62.83350753	504	-0.052672 0.006225  1.136755
62.83866882	501	-0.052432 0.007661  1.142501
62.84381866	501	-0.051235 0.003352  1.142023
62.84898376	502	-0.047884 0.008858  1.146811
62.85413742	501	-0.046686 0.015562  1.141783
62.85929870	496	-0.046926 0.004788  1.141065
62.86445236	496	-0.047884 0.005507  1.144417
62.86960220	493	-0.047165 0.009337  1.142501
62.87474822	492	-0.046208 0.004310  1.147769
62.87990188	488	-0.044053 0.003112  1.144896
62.88505172	489	-0.041659 0.005746  1.146093
62.89019775	487	-0.042616 0.007661  1.152318
62.89533996	484	-0.039265 0.000000  1.159500
62.90044403	484	-0.042856 0.011013  1.160937
62.90559768	482	-0.044532 0.014365  1.156148
62.91073989	479	-0.043095 0.011971  1.157585
62.91589355	477	-0.043574 0.010295  1.151599
62.92103576	475	-0.042856 0.006704  1.164767
62.92617034	473	-0.046926 0.007901  1.159021
62.93131637	474	-0.040701 0.006943  1.161415
62.93645858	472	-0.041180 0.010774  1.160458
62.94161224	471	-0.044771 0.017956  1.165007
62.94675827	467	-0.047644 0.010534  1.156148
62.95190429	467	-0.043574 0.011492  1.169077
62.95704650	462	-0.048841 0.016041  1.155191
62.96218872	464	-0.051475 0.011013  1.159021
62.96733856	463	-0.045968 0.018675  1.150402
62.97248458	461	-0.048362 0.009816  1.154712
62.97762680	458	-0.051235 0.014844  1.164049
62.98277282	455	-0.050517 0.016041  1.162134
62.98793029	456	-0.058179 0.019153  1.150881
62.99309921	452	-0.049559 0.017956  1.156867
62.99826812	450	-0.050517 0.022026  1.149923
63.00342559	451	-0.050278 0.018196  1.144417
63.00857925	451	-0.051954 0.023702  1.143459
63.01374053	450	-0.054587 0.021069  1.144417
63.01890182	447	-0.054108 0.019872  1.134601
63.02406311	447	-0.053151 0.023463  1.146093
63.02922821	446	-0.047165 0.021069  1.137713
63.03438949	445	-0.048123 0.023702  1.146811
63.03954696	444	-0.048602 0.020829  1.147769
63.04470443	439	-0.042138 0.024899  1.142501
63.04985046	437	-0.045968 0.019632  1.131728
63.05499649	437	-0.050757 0.022266  1.128855
63.06015777	435	-0.044532 0.019153  1.123109
63.06529998	435	-0.042138 0.022505  1.116884
63.07045745	433	-0.041419 0.018914  1.119278
##inga 
#ido(sec)  szog(ADC)     ax(g)    ay(g)   az(g)
63.07612609	431	-0.040940 0.016041  1.113053
63.08138275	431	-0.040222 0.020829  1.118560
63.08665847	429	-0.038307 0.016520  1.109701
63.09190368	428	-0.041898 0.018196  1.108504
63.09705734	424	-0.040701 0.025618  1.105152
63.10221481	425	-0.037110 0.021069  1.104913
63.10737609	422	-0.042377 0.025618  1.095576
63.11253738	422	-0.035194 0.017956  1.085520
63.11767196	421	-0.036631 0.021787  1.091506
63.12283325	420	-0.031843 0.026336  1.086717
63.12797927	419	-0.039025 0.018675  1.092942
63.13312911	416	-0.033040 0.024181  1.084084
63.13828659	414	-0.037110 0.026336  1.080732
63.14343261	411	-0.031843 0.021548  1.082168
63.14858245	412	-0.031603 0.020351  1.067324
63.15372848	411	-0.037828 0.025857  1.065170
63.15887451	410	-0.033758 0.020111  1.062296
63.16403961	410	-0.045489 0.028251  1.061578
63.16920471	410	-0.039265 0.031603  1.058705
63.17437362	409	-0.044771 0.028012  1.055832
63.17953491	408	-0.042856 0.019632  1.052720
63.18469619	406	-0.042616 0.020351  1.045298
63.18986892	405	-0.048602 0.028012  1.042185
63.19504165	405	-0.045250 0.028730  1.035961
63.20020294	403	-0.039743 0.030406  1.040749
63.20535278	404	-0.039983 0.029209  1.021356
63.21049880	402	-0.042138 0.033040  1.031412
63.21564865	402	-0.043335 0.032321  1.027342
63.22081375	398	-0.042138 0.023702  1.025187
63.22597122	401	-0.042138 0.031364  1.018723
63.23112869	400	-0.046447 0.035194  1.027342
63.23627471	398	-0.041180 0.033518  1.013695
63.24142456	399	-0.043095 0.028970  1.014892
63.24656677	395	-0.041659 0.024899  1.010343
63.25172042	394	-0.044532 0.031364  1.006033
63.25688171	395	-0.039265 0.029209  0.999569
63.26202774	394	-0.035434 0.028251  1.004597
63.26718521	394	-0.037589 0.027772  0.997414
63.27232742	393	-0.029927 0.027533  0.993344
63.27747344	393	-0.034955 0.025378  0.995978
63.28261566	392	-0.034955 0.026336  0.994781
63.28775787	391	-0.033758 0.025857  0.991908
63.29291152	391	-0.034955 0.025857  0.995738
63.29806137	391	-0.035673 0.029927  0.990950
63.30320739	388	-0.032800 0.032082  0.966290
63.30834579	389	-0.031124 0.020111  0.978740
63.31348419	386	-0.028970 0.022026  0.980894
63.31863021	385	-0.029927 0.027054  0.973951
63.32377624	388	-0.028012 0.022745  0.978740
63.32892990	386	-0.032321 0.020590  0.977543
63.33408737	386	-0.032321 0.022984  0.969163
63.33924865	387	-0.030406 0.028012  0.963656
63.34440231	386	-0.029927 0.026815  0.975867
63.34956741	387	-0.027294 0.024899  0.968684
63.35472869	385	-0.029448 0.021787  0.965572
63.35988235	384	-0.030167 0.023224  0.968205
63.36503982	386	-0.030885 0.027533  0.965093
63.37019729	385	-0.035673 0.029688  0.971557
63.37534332	386	-0.029209 0.026336  0.962699
63.38050079	384	-0.039504 0.032561  0.966290
63.38565063	386	-0.034955 0.032321  0.972036
63.39080047	386	-0.038786 0.030406  0.967726
63.39595031	386	-0.041180 0.028970  0.972994
63.40109634	384	-0.039265 0.029448  0.970600
63.40624618	386	-0.036870 0.031603  0.966290
63.41138839	386	-0.042616 0.032561  0.963896
63.41652679	385	-0.047405 0.029448  0.970121
63.42167282	386	-0.045968 0.034476  0.978022
63.42682266	387	-0.041419 0.028730  0.971078
63.43197250	387	-0.035194 0.028251  0.973951
63.43711471	386	-0.042377 0.029209  0.971078
63.44227218	388	-0.042377 0.032082  0.975867
63.44741439	388	-0.048362 0.023942  0.973951
63.45256423	389	-0.046447 0.030406  0.975388
63.45770645	389	-0.050038 0.026815  0.982810
63.46284866	387	-0.040701 0.027533  0.969642
63.46799468	390	-0.045011 0.023942  0.980416
63.47314071	391	-0.041659 0.027294  0.977782
63.47828292	393	-0.042377 0.029927  0.989514
63.48343276	394	-0.041659 0.031603  0.990471
63.48857498	394	-0.044053 0.024899  0.984965
63.49372100	393	-0.041659 0.022026  0.992626
63.49886322	395	-0.043335 0.024899  1.000287
63.50402069	395	-0.044532 0.026336  1.000527
63.50918579	396	-0.036391 0.022505  1.000527
63.51433944	397	-0.044292 0.026097  0.997414
63.51950836	396	-0.038307 0.026575  1.005555
63.52466964	399	-0.041180 0.028012  1.006273
63.52983474	400	-0.039504 0.024660  1.018723
63.53499603	400	-0.039265 0.023702  1.014174
63.54014968	401	-0.030645 0.018435  1.023750
63.54531478	402	-0.033518 0.018675  1.013695
63.55048370	403	-0.038546 0.019632  1.027342
63.55563735	404	-0.029448 0.016520  1.015131
63.56078720	405	-0.030885 0.014365  1.025666
63.56594848	406	-0.033279 0.017477  1.036918
63.57109069	408	-0.031364 0.022745  1.024947
63.57624816	405	-0.032800 0.018435  1.041467
63.58139419	408	-0.029209 0.016041  1.046016
63.58653259	406	-0.037349 0.014604  1.039552
63.59167861	408	-0.036152 0.019393  1.050086
##inga 
#ido(sec)  szog(ADC)     ax(g)    ay(g)   az(g)
63.59735488	410	-0.033518 0.018196  1.042185
63.60263061	409	-0.032082 0.014844  1.059184
63.60789108	411	-0.037110 0.014604  1.057269
63.61314010	412	-0.031843 0.017238  1.063254
63.61829376	414	-0.037110 0.013647  1.066846
63.62344360	415	-0.041180 0.018435  1.069718
63.62859344	417	-0.044292 0.017956  1.076901
63.63373184	417	-0.039025 0.021787  1.070676
63.63888931	418	-0.045489 0.016520  1.086478
63.64402770	418	-0.043095 0.024899  1.081689
63.64917373	419	-0.049559 0.020590  1.087196
63.65431594	423	-0.048602 0.023942  1.079056
63.65946578	424	-0.045968 0.020111  1.099646
63.66460800	423	-0.054108 0.022984  1.100125
63.66975784	426	-0.053869 0.018914  1.095336
63.67490005	427	-0.053630 0.024181  1.103476
63.68004226	428	-0.054348 0.028730  1.100603
63.68518829	429	-0.051475 0.028730  1.100125
63.69033050	429	-0.056742 0.027054  1.111617
63.69549179	434	-0.055066 0.023224  1.110898
63.70066452	432	-0.056263 0.022505  1.122390
63.70581054	432	-0.056263 0.021069  1.119039
63.71098709	435	-0.049799 0.023463  1.125503
63.71615219	438	-0.052432 0.020351  1.129333
63.72132492	440	-0.056742 0.020111  1.127897
63.72647857	443	-0.053390 0.018435  1.130770
63.73164367	445	-0.051475 0.013647  1.131967
63.73680877	448	-0.055784 0.018914  1.133164
63.74195861	448	-0.045729 0.011971  1.137234
63.74712753	449	-0.044053 0.017477  1.139150
63.75228881	447	-0.045729 0.017477  1.140107
63.75743103	451	-0.043574 0.015083  1.140347
63.76258087	452	-0.047884 0.012210  1.143938
63.76772308	454	-0.045968 0.009577  1.143220
63.77286148	455	-0.047644 0.008858  1.151839
63.77800369	455	-0.046447 0.003831  1.145375
63.78315734	454	-0.041180 0.006704  1.151121
63.78829956	455	-0.035194 0.004310  1.146572
63.79343414	458	-0.036631 0.004788  1.148726
63.79858398	461	-0.041898 0.013168  1.156148
63.80372238	460	-0.040462 0.006704  1.153993
63.80886840	463	-0.043574 0.007661  1.161894
63.81401443	467	-0.039983 0.004788  1.147050
63.81916046	467	-0.040462 0.002873  1.151360
63.82429885	469	-0.043095 -0.001915  1.153515
63.82949066	472	-0.042616 0.009098  1.152078
63.83462905	473	-0.047405 0.005028  1.145375
63.83977508	474	-0.044292 0.005028  1.152318
63.84492111	476	-0.048362 0.002873  1.156867
63.85006713	475	-0.046926 0.005507  1.159500
63.85521316	477	-0.048841 0.006225  1.157585
63.86036300	481	-0.049320 0.011731  1.153275
63.86552429	482	-0.052672 0.004549  1.153036
63.87068176	484	-0.051954 0.008619  1.149205
63.87585067	484	-0.059615 0.014126  1.153754
63.88101196	489	-0.061530 -0.000479  1.159021
63.88620376	491	-0.063206 0.006943  1.144656
63.89136123	490	-0.058179 0.009098  1.156388
63.89651870	491	-0.057700 0.010056  1.142741
63.90167236	494	-0.057221 0.009577  1.142501
63.90683746	495	-0.064882 0.007661  1.147529
63.91198348	498	-0.058179 0.011971  1.146332
63.91713333	502	-0.067037 0.007901  1.137234
63.92229080	503	-0.065600 0.000479  1.129812
63.92742156	501	-0.066079 0.004070  1.127897
63.93257141	504	-0.061530 0.004070  1.140586
63.93771743	505	-0.063446 0.010056  1.138192
63.94286727	505	-0.064164 0.002634  1.130291
63.94802093	506	-0.061291 0.008380  1.136995
63.95316314	506	-0.057700 0.004788  1.124545
63.95829772	509	-0.065600 0.003352  1.137234
63.96343994	511	-0.054827 -0.002634  1.115926
63.96862792	514	-0.052672 -0.000718  1.117602
63.97381973	517	-0.054827 -0.001915  1.117602
63.97901916	515	-0.050278 0.002394  1.111856
63.98416519	519	-0.051235 -0.001915  1.109222
63.98935699	519	-0.047165 -0.006464  1.109462
63.99455261	522	-0.048123 -0.009098  1.098927
63.99975585	524	-0.045968 -0.010056  1.104673
64.00495910	524	-0.043574 -0.002394  1.088393
64.01015472	525	-0.048123 -0.007901  1.096294
64.01535797	528	-0.044292 -0.006943  1.090787
64.02056121	529	-0.048362 -0.006943  1.088154
64.02575683	529	-0.039025 -0.006464  1.089351
64.03094482	531	-0.046926 -0.010534  1.084802
64.03614044	530	-0.045011 -0.007422  1.081210
64.04132843	535	-0.050757 -0.009816  1.083605
64.04652404	536	-0.045968 -0.005028  1.070676
64.05170440	535	-0.050757 -0.004070  1.074267
64.05690002	536	-0.046686 -0.010534  1.068761
64.06209564	538	-0.056742 -0.013407  1.070676
64.06729888	538	-0.056263 -0.000958  1.051762
64.07250213	539	-0.056742 -0.005267  1.054156
64.07769775	539	-0.055784 -0.006704  1.063015
64.08290100	541	-0.053869 -0.007901  1.047213
64.08810424	542	-0.066319 -0.005507  1.055114
64.09330749	543	-0.068234 -0.005985  1.038834
64.09850311	542	-0.063206 -0.004788  1.048171
64.10369110	544	-0.066558 0.002394  1.040749
64.10883331	544	-0.068713 0.000000  1.041946
64.11394500	547	-0.073022 -0.006464  1.038355
##inga 
#ido(sec)  szog(ADC)     ax(g)    ay(g)   az(g)
64.11967468	548	-0.064403 -0.003591  1.034524
64.12495422	549	-0.069671 -0.005267  1.023511
64.13024139	550	-0.072304 -0.001437  1.021595
64.13550567	550	-0.069192 0.000718  1.019680
64.14064788	548	-0.066319 -0.004549  1.019680
64.14582061	549	-0.069192 -0.007183  1.020159
64.15101623	549	-0.064403 -0.001197  1.020398
64.15620422	549	-0.070389 -0.003112  1.005794
64.16139221	552	-0.074698 -0.006464  1.007230
64.16658782	551	-0.067755 -0.004788  1.012737
64.17179107	555	-0.060094 -0.010534  1.000287
64.17697906	555	-0.060573 -0.005028  1.002681
64.18217468	556	-0.059136 -0.005267  1.009146
64.18737030	558	-0.055066 -0.008619  1.003879
64.19257354	559	-0.056263 -0.011971  0.996457
64.19776153	557	-0.054348 -0.010295  1.000766
64.20295715	559	-0.053151 -0.012450  0.995738
64.20814514	557	-0.050996 -0.010534  0.997893
64.21334075	560	-0.055066 -0.010774  0.985204
64.21852874	559	-0.049081 -0.010295  0.996935
64.22372436	559	-0.046926 -0.013886  0.979697
64.22890472	558	-0.047405 -0.011971  0.990232
64.23410797	561	-0.052193 -0.017477  0.986641
64.23931121	561	-0.050517 -0.020590  0.988316
64.24449920	559	-0.046926 -0.013168  0.977782
64.24970245	558	-0.046926 -0.012689  0.987598
64.25490570	562	-0.045011 -0.016999  0.988077
64.26010131	559	-0.054587 -0.015562  0.985683
64.26531219	560	-0.056742 -0.011971  0.976824
64.27050781	561	-0.052911 -0.013647  0.987359
64.27570343	559	-0.051235 -0.013647  0.988316
64.28088378	560	-0.050517 -0.013168  0.976824
64.28607940	561	-0.050517 -0.014844  0.980416
64.29127502	559	-0.055306 -0.011492  0.984725
64.29647064	561	-0.059615 -0.007183  0.981613
64.30166625	558	-0.058657 -0.002394  0.982331
64.30686187	559	-0.056024 -0.005746  0.989274
64.31206512	559	-0.062249 -0.002394  0.995738
64.31726074	560	-0.060094 -0.009816  0.989753
64.32244873	561	-0.059136 0.001197  0.981852
64.32761383	558	-0.059136 -0.003352  0.985443
64.33280944	559	-0.067037 0.003591  0.989514
64.33797454	559	-0.065600 -0.003591  0.989035
64.34316253	559	-0.063925 -0.001915  0.988077
64.34835815	558	-0.060573 0.006704  0.990950
64.35350036	558	-0.065361 -0.002155  0.997893
64.35868835	557	-0.064882 0.000479  0.996696
64.36383056	554	-0.061770 0.003352  0.996457
64.36897277	554	-0.066558 0.004549  0.988316
64.37412261	554	-0.065122 -0.000479  1.000048
64.37931060	556	-0.065361 -0.006704  1.002203
64.38450622	554	-0.061291 -0.000239  1.006033
64.38969421	551	-0.056742 -0.003352  1.006512
64.39488220	554	-0.054587 -0.007661  1.011540
64.40007781	550	-0.056742 -0.002394  1.007230
64.40526580	552	-0.053869 -0.002873  1.009625
64.41046142	550	-0.050278 -0.001437  1.016328
64.41565704	549	-0.051235 -0.001437  1.017525
64.42086029	550	-0.052193 -0.006225  1.018244
64.42605590	549	-0.049559 -0.008140  1.011779
64.43125152	549	-0.045968 -0.007901  1.023750
64.43643951	548	-0.048362 -0.005267  1.031890
64.44162750	548	-0.048602 -0.002394  1.029017
64.44682312	543	-0.047644 -0.007901  1.038115
64.45201873	543	-0.047405 -0.006943  1.042425
64.45722198	541	-0.036631 -0.004310  1.040031
64.46241760	542	-0.044532 -0.007183  1.039791
64.46761322	539	-0.044532 -0.002873  1.044340
64.47281646	538	-0.038067 -0.003352  1.050565
64.47801208	537	-0.045729 -0.008858  1.055832
64.48321533	538	-0.045489 -0.005746  1.055832
64.48841857	537	-0.038067 -0.003112  1.058226
64.49362182	536	-0.044292 -0.005267  1.065888
64.49881744	536	-0.048602 -0.002394  1.060142
64.50401306	536	-0.042616 0.000000  1.076422
64.50911712	535	-0.050757 -0.003352  1.064451
64.51431274	532	-0.040940 -0.003591  1.077140
64.51950836	531	-0.050278 0.000000  1.075943
64.52462005	531	-0.051714 0.000239  1.081210
64.52976226	529	-0.056742 0.003352  1.083365
64.53489685	528	-0.061291 0.004310  1.081450
64.54003906	524	-0.067276 0.004788  1.096773
64.54518127	525	-0.061770 0.011731  1.101561
64.55033111	524	-0.065361 0.007422  1.089590
64.55546569	522	-0.062967 0.009337  1.103476
64.56061553	521	-0.060094 0.012929  1.097730
64.56575012	519	-0.065361 0.012929  1.100843
64.57089233	516	-0.065122 0.007422  1.099646
64.57603454	517	-0.069431 0.009337  1.111138
64.58118438	515	-0.069192 0.015083  1.113293
64.58633422	514	-0.067037 0.011731  1.118560
64.59148406	510	-0.067755 0.015083  1.120954
64.59664154	509	-0.064403 0.011731  1.117602
64.60179901	509	-0.060333 0.013647  1.122390
64.60696411	507	-0.062249 0.017717  1.120714
64.61211395	506	-0.059136 0.005028  1.121433
64.61727905	505	-0.057221 0.005746  1.133882
64.62242889	503	-0.053151 0.012450  1.133643
64.62758636	500	-0.055066 0.007183  1.129812
64.63273620	501	-0.050517 0.005746  1.128615
64.63790130	501	-0.047165 0.012689  1.128376
##inga 
#ido(sec)  szog(ADC)     ax(g)    ay(g)   az(g)
64.64358520	498	-0.039743 0.010295  1.142741
64.64885711	496	-0.045968 0.004549  1.143699
64.65413665	493	-0.045729 0.008380  1.150402
64.65939331	493	-0.044532 0.003352  1.142262
64.66455078	489	-0.039983 0.009098  1.144417
64.66970062	486	-0.044532 0.010295  1.136995
64.67485809	487	-0.039265 0.001915  1.151599
64.68000793	486	-0.042377 0.010056  1.150642
64.68516540	483	-0.035434 0.006464  1.151839
64.69030761	483	-0.038307 0.000479  1.149205
64.69544219	480	-0.041419 0.006464  1.154712
64.70058441	477	-0.039025 0.007901  1.156627
64.70572662	474	-0.033040 0.003831  1.148487
64.71087646	474	-0.038786 -0.001676  1.150402
64.71607971	474	-0.035434 0.010295  1.156388
64.72122955	473	-0.034716 0.006943  1.149205
64.72637176	469	-0.041180 0.009337  1.147769
64.73152160	469	-0.040462 0.009337  1.145135
64.73667144	465	-0.042377 0.009816  1.146332
64.74181365	463	-0.044771 0.007661  1.153515
64.74695587	462	-0.041898 0.020829  1.151599
64.75211334	462	-0.053630 0.017956  1.153275
64.75725555	463	-0.050996 0.019632  1.149205
64.76239776	458	-0.054348 0.017477  1.152796
64.76753997	458	-0.059136 0.016041  1.138192
64.77268218	457	-0.059854 0.022026  1.147290
64.77782440	453	-0.057700 0.020590  1.140586
64.78298187	453	-0.058179 0.023224  1.141304
64.78814697	451	-0.062488 0.030885  1.136516
64.79329681	451	-0.060333 0.028730  1.141065
64.79846191	451	-0.051475 0.028491  1.135079
64.80361938	450	-0.059854 0.024660  1.131488
64.80876922	448	-0.050996 0.029209  1.131009
64.81393432	446	-0.060573 0.030645  1.128855
64.81909179	445	-0.053390 0.021548  1.123587
64.82424163	445	-0.058657 0.029209  1.132446
64.82941436	442	-0.052911 0.022505  1.127658
64.83456420	441	-0.053630 0.025139  1.118799
64.83972167	439	-0.050278 0.017238  1.123348
64.84487915	437	-0.043095 0.022505  1.115447
64.85002899	436	-0.049559 0.022745  1.121672
64.85517120	434	-0.045011 0.022984  1.118081
64.86031341	433	-0.037589 0.019632  1.120236
64.86547088	433	-0.046686 0.018196  1.112574
64.87061309	430	-0.040940 0.016280  1.103476
64.87575531	431	-0.035913 0.018196  1.104434
64.88090515	428	-0.024181 0.011731  1.100125
64.88605499	424	-0.030885 0.018196  1.096773
64.89119720	424	-0.024421 0.013647  1.099406
64.89634704	422	-0.026575 0.019632  1.096533
64.90148925	421	-0.031364 0.013886  1.093421
64.90663909	420	-0.031364 0.019632  1.089351
64.91177368	421	-0.021308 0.013407  1.086478
64.91692352	421	-0.026336 0.017956  1.083844
64.92206573	418	-0.028491 0.018435  1.072592
64.92722320	417	-0.038307 0.017956  1.073789
64.93237304	415	-0.034237 0.021787  1.076422
64.93752288	413	-0.035194 0.020829  1.064212
64.94268035	412	-0.038786 0.019393  1.065888
64.94782257	409	-0.032082 0.022745  1.062536
64.95298004	411	-0.037349 0.017717  1.064212
64.95813751	408	-0.037828 0.022266  1.057748
64.96329498	410	-0.035673 0.024421  1.058466
64.96845245	406	-0.044053 0.022745  1.050804
64.97361755	408	-0.045011 0.025378  1.052959
64.97878265	405	-0.042138 0.032561  1.043143
64.98393249	407	-0.043095 0.033040  1.039791
64.98908996	406	-0.045489 0.032082  1.034285
64.99426269	404	-0.047884 0.030167  1.029257
64.99942016	403	-0.054108 0.028251  1.027342
65.00457763	402	-0.045489 0.033040  1.035721
65.00972747	400	-0.047405 0.032561  1.022314
65.01486968	401	-0.050038 0.032321  1.017765
65.02001953	400	-0.050038 0.034476  1.021835
65.02516174	400	-0.050038 0.032800  1.006752
65.03031921	401	-0.045968 0.036152  1.015610
65.03546142	400	-0.049081 0.029209  1.011301
65.04061126	399	-0.042856 0.028970  1.007470
65.04575347	397	-0.047884 0.033997  1.005076
65.05090332	397	-0.042138 0.029209  1.000527
65.05604553	397	-0.043813 0.032561  0.998372
65.06119537	394	-0.042138 0.026815  1.001245
65.06633758	396	-0.040462 0.038067  0.993823
65.07147979	395	-0.036152 0.034476  0.991189
65.07662200	394	-0.038067 0.025857  0.984725
65.08177947	393	-0.029927 0.024660  0.995978
65.08691406	393	-0.030406 0.026336  0.984725
65.09205627	392	-0.031124 0.028251  0.986401
65.09719848	390	-0.023702 0.022266  0.983528
65.10234069	392	-0.028730 0.023224  0.988077
65.10750579	391	-0.026097 0.023463  0.981852
65.11265563	390	-0.022984 0.024660  0.981373
65.11779785	391	-0.020351 0.025618  0.990471
65.12294006	391	-0.028012 0.019632  0.980416
65.12809753	389	-0.025857 0.024899  0.978740
65.13325500	389	-0.020351 0.019393  0.971797
65.13842773	389	-0.024181 0.016520  0.976106
65.14357757	389	-0.023463 0.029688  0.984965
65.14875030	388	-0.028491 0.024660  0.965572
65.15390777	388	-0.022505 0.024181  0.970121
65.15907287	386	-0.031124 0.025378  0.970600
##inga 
#ido(sec)  szog(ADC)     ax(g)    ay(g)   az(g)
65.16475677	387	-0.029927 0.022026  0.972515
65.17003631	389	-0.031364 0.024660  0.975388
65.17530822	388	-0.036391 0.026575  0.963417
65.18057250	388	-0.035194 0.028730  0.965811
65.18572235	388	-0.033997 0.028251  0.978740
65.19088745	386	-0.045011 0.029448  0.973951
65.19602203	386	-0.038067 0.032800  0.967966
65.20118713	389	-0.042377 0.028970  0.968205
65.20632934	387	-0.045489 0.032561  0.980416
65.21147918	387	-0.045489 0.032800  0.974191
65.21661376	387	-0.045011 0.031124  0.972515
65.22175598	390	-0.050757 0.029448  0.990471
65.22689819	389	-0.056024 0.027294  0.983767
65.23204040	393	-0.051714 0.023224  0.986401
65.23719024	391	-0.045968 0.028491  0.971557
65.24233245	394	-0.049320 0.031124  0.977303
65.24747467	393	-0.048602 0.029688  0.987119
65.25261688	392	-0.048841 0.028491  0.984486
65.25776672	392	-0.051714 0.032800  0.989274
65.26290130	395	-0.044532 0.027772  0.993584
65.26805114	394	-0.055784 0.025378  0.986641
65.27319335	396	-0.048602 0.032321  0.996935
65.27833557	397	-0.050038 0.034237  1.002921
65.28347778	398	-0.042138 0.030885  1.005315
65.28862762	398	-0.042616 0.031124  0.999330
65.29375457	399	-0.039504 0.025857  1.002203
65.29889678	399	-0.045250 0.027294  1.001006
65.30404663	400	-0.044053 0.026575  1.009864
65.30919647	401	-0.042856 0.027772  1.008906
65.31434631	401	-0.038546 0.025618  1.014413
65.31948852	401	-0.034716 0.024181  1.016089
65.32463836	402	-0.036870 0.016759  1.024947
65.32978057	402	-0.032561 0.017238  1.017765
65.33494567	406	-0.032561 0.019393  1.023511
65.34010314	406	-0.026097 0.022026  1.012019
65.34527587	404	-0.034237 0.022984  1.035721
65.35043334	406	-0.026575 0.018435  1.036679
65.35559082	406	-0.027533 0.014126  1.032130
65.36074829	409	-0.028012 0.017956  1.037158
65.36591339	409	-0.027772 0.013168  1.041228
65.37108612	408	-0.024660 0.014365  1.043143
65.37624359	410	-0.031364 0.017717  1.053917
65.38140869	411	-0.029927 0.017956  1.046734
65.38656616	410	-0.026097 0.009577  1.057508
65.39170837	413	-0.032561 0.013407  1.052480
65.39685821	411	-0.037589 0.022984  1.054875
65.40200042	416	-0.032321 0.017956  1.064930
65.40714263	416	-0.042616 0.017717  1.066367
65.41229248	415	-0.045968 0.028251  1.072831
65.41744232	417	-0.037828 0.024660  1.071155
65.42259216	418	-0.044053 0.022266  1.075464
65.42774200	419	-0.044292 0.029448  1.076422
65.43288421	422	-0.050757 0.026575  1.079535
65.43802642	424	-0.046926 0.024660  1.080971
65.44316864	425	-0.052911 0.020590  1.091745
65.44831848	426	-0.052672 0.024899  1.090308
65.45346069	426	-0.056503 0.023224  1.091027
65.45861816	428	-0.050757 0.027294  1.091984
65.46376037	429	-0.057700 0.025857  1.095336
65.46891021	429	-0.056981 0.027533  1.094857
65.47404479	433	-0.057700 0.024660  1.099885
65.47918701	434	-0.056024 0.025378  1.109462
65.48434448	432	-0.059136 0.020829  1.112574
65.48949432	434	-0.054348 0.024660  1.113293
65.49463653	437	-0.056503 0.026815  1.109462
65.49979400	439	-0.052432 0.023463  1.121912
65.50496673	438	-0.052432 0.024421  1.118560
65.51012420	441	-0.052193 0.019393  1.121193
65.51528930	445	-0.047884 0.017956  1.123827
65.52045440	448	-0.054827 0.023224  1.134601
65.52561187	448	-0.053630 0.013407  1.132925
65.53076934	446	-0.056024 0.011492  1.127179
65.53593444	450	-0.044771 0.012450  1.131488
65.54108428	448	-0.042616 0.011253  1.137474
65.54624176	452	-0.044292 0.009816  1.141304
65.55139923	451	-0.041180 0.011013  1.139868
65.55654907	455	-0.042616 0.006464  1.140107
65.56169891	455	-0.042138 0.013886  1.145614
65.56684112	456	-0.040701 0.006464  1.138192
65.57199859	457	-0.044532 0.003831  1.142501
65.57714080	456	-0.038786 0.004310  1.146572
65.58229064	462	-0.035673 0.004070  1.149684
65.58743286	462	-0.043095 0.004788  1.141544
65.59257507	463	-0.037828 0.008140  1.155191
65.59771728	466	-0.038067 0.006704  1.148247
65.60286712	467	-0.037349 0.005985  1.144896
65.60801696	469	-0.039743 0.003352  1.149684
65.61316680	469	-0.042138 0.006225  1.140107
65.61830902	472	-0.040462 -0.000958  1.148247
65.62350463	471	-0.041419 0.005746  1.151839
65.62865447	473	-0.044053 0.008380  1.141065
65.63378906	474	-0.050996 0.003831  1.144656
65.63893127	477	-0.052193 0.006704  1.153754
65.64408111	478	-0.048123 0.006704  1.142980
65.64923095	481	-0.055306 0.001197  1.147769
65.65438079	482	-0.054108 -0.001197  1.143459
65.65957641	483	-0.056024 0.002634  1.144896
65.66474151	486	-0.060573 0.012450  1.141783
65.66989898	487	-0.061770 0.008140  1.147050
65.67504882	491	-0.052193 0.011492  1.147290
65.68019866	492	-0.063446 0.012210  1.134840
##inga 
#ido(sec)  szog(ADC)     ax(g)    ay(g)   az(g)
65.68589019	493	-0.059136 0.005746  1.137234
65.69116210	495	-0.068234 0.012450  1.135558
65.69643402	496	-0.066798 0.011013  1.131488
65.70169830	498	-0.071586 0.010534  1.138431
65.70685577	501	-0.067995 0.007661  1.135319
65.71201324	502	-0.067276 0.009337  1.132207
65.71717071	503	-0.069192 0.000718  1.131728
65.72232818	504	-0.065840 0.008140  1.131728
65.72748565	503	-0.065840 0.011013  1.132685
65.73265075	505	-0.059854 0.005746  1.133882
65.73780059	504	-0.063206 0.006943  1.132207
65.74295043	507	-0.049799 0.005746  1.119517
65.74809265	510	-0.055784 0.003112  1.119996
65.75324249	510	-0.054827 0.003112  1.116165
65.75838470	513	-0.052911 -0.001437  1.104434
65.76358032	516	-0.048123 -0.005746  1.110898
65.76877593	517	-0.055066 -0.001915  1.101561
65.77396392	517	-0.048602 -0.003352  1.097730
65.77914428	517	-0.045011 -0.005028  1.097252
65.78433990	521	-0.043574 -0.009098  1.093421
65.78953552	523	-0.041898 -0.007422  1.097252
65.79473876	525	-0.039265 -0.016280  1.097012
65.79993438	525	-0.039743 -0.009816  1.100125
65.80513763	527	-0.048841 -0.009816  1.084562
65.81034088	528	-0.040701 -0.014365  1.085520
65.81552886	527	-0.041419 -0.010056  1.080732
65.82073974	530	-0.040222 -0.008140  1.074267
65.82594299	531	-0.048841 -0.009337  1.072592
65.83113861	530	-0.046686 -0.011253  1.073310
65.83633422	535	-0.050517 -0.009337  1.066846
65.84152984	536	-0.051714 -0.006704  1.070676
65.84673309	536	-0.050757 -0.007422  1.063733
65.85192108	536	-0.047644 -0.007901  1.061099
65.85712432	536	-0.056503 -0.005985  1.055353
65.86231231	538	-0.056503 -0.004070  1.058705
65.86751556	539	-0.063206 -0.011492  1.046016
65.87271118	540	-0.059136 -0.000479  1.043383
65.87791442	541	-0.062727 -0.000958  1.053917
65.88312530	542	-0.067037 0.004788  1.042425
65.88828277	542	-0.063925 -0.004310  1.043622
65.89349365	543	-0.068952 -0.006704  1.039791
65.89868927	543	-0.070149 -0.000239  1.034763
65.90387725	545	-0.069431 0.005267  1.039312
65.90902709	545	-0.069910 0.001197  1.022074
65.91416931	547	-0.066798 0.005028  1.031412
65.91931915	549	-0.073262 -0.001676  1.021835
65.92451477	549	-0.067995 -0.000479  1.026144
65.92971038	548	-0.072783 0.003112  1.013455
65.93485260	549	-0.066319 -0.009098  1.006512
65.94004821	549	-0.067276 -0.003352  1.011061
65.94525146	550	-0.067995 0.000958  1.015131
65.95039367	552	-0.062488 -0.004549  1.013455
65.95558929	552	-0.061770 -0.003591  1.002921
65.96078491	552	-0.060573 -0.007183  1.004836
65.96598815	552	-0.062967 -0.005746  1.008906
65.97119140	551	-0.059615 -0.012450  1.001006
65.97639465	552	-0.050996 -0.007183  1.005076
65.98159790	554	-0.052432 -0.009337  0.996217
65.98678588	556	-0.050278 -0.012450  0.998851
65.99198150	554	-0.050278 -0.017717  0.993105
65.99717712	555	-0.045968 -0.014844  0.998133
66.00237274	557	-0.038546 -0.012689  0.993105
66.00757598	556	-0.047165 -0.017717  0.996935
66.01277160	556	-0.045011 -0.014365  0.999090
66.01795959	557	-0.043335 -0.016999  0.994062
66.02316284	559	-0.048123 -0.020351  0.989514
66.02835845	557	-0.047644 -0.019872  0.981373
66.03354644	559	-0.042377 -0.011731  0.979697
66.03874969	559	-0.045489 -0.020111  0.985204
66.04395294	559	-0.042856 -0.013407  0.976346
66.04914855	558	-0.042856 -0.019632  0.983289
66.05435180	559	-0.047884 -0.015802  0.984725
66.05954742	559	-0.050757 -0.016520  0.978261
66.06474304	559	-0.056263 -0.012929  0.988556
66.06993103	556	-0.050996 -0.009337  0.982331
66.07511901	559	-0.058418 -0.010534  0.987119
66.08030700	559	-0.057221 -0.013168  0.986641
66.08551025	558	-0.057221 -0.007422  0.993823
66.09070587	559	-0.061770 -0.011253  0.980416
66.09590911	558	-0.064403 0.002394  0.976824
66.10105895	559	-0.059854 0.000479  0.987838
66.10620117	558	-0.066319 0.005028  0.985922
66.11135101	557	-0.068473 0.003591  0.992387
66.11650848	558	-0.069192 -0.000958  0.993344
66.12170410	557	-0.072304 0.005507  0.993823
66.12686920	557	-0.066319 -0.003112  0.998851
66.13206481	554	-0.067276 0.003831  0.989753
66.13721466	556	-0.070149 0.000000  0.988316
66.14233398	552	-0.071586 0.003112  0.998611
66.14747619	554	-0.071346 0.010534  1.000048
66.15262603	554	-0.069910 0.006225  0.990711
66.15778350	554	-0.069431 0.000718  1.002203
66.16291809	553	-0.066319 0.003591  0.997654
66.16806030	551	-0.058179 0.001197  1.006033
66.17321014	551	-0.060812 -0.000479  1.013455
66.17840576	550	-0.063446 0.003112  1.001724
66.18354034	547	-0.055545 -0.004549  1.015849
66.18873596	549	-0.057460 0.003112  1.003639
66.19389343	547	-0.049799 0.000479  1.018244
66.19904327	549	-0.053151 -0.004070  1.022314
66.20422363	546	-0.047644 0.000000  1.009385
##inga 
#ido(sec)  szog(ADC)     ax(g)    ay(g)   az(g)
66.20986938	546	-0.051235 -0.006943  1.021835
66.21514129	544	-0.039983 -0.004549  1.020159
66.22041320	542	-0.045729 -0.007183  1.026863
66.22567749	544	-0.044532 -0.008858  1.020638
66.23086547	542	-0.043095 -0.012210  1.026863
66.23605346	542	-0.043574 -0.008858  1.036439
66.24124908	541	-0.041419 -0.007422  1.040988
66.24644470	540	-0.042616 -0.006704  1.037876
66.25164031	540	-0.036391 -0.009816  1.037876
66.25685119	538	-0.038786 -0.006704  1.047692
66.26206207	535	-0.038786 -0.004549  1.053678
66.26725769	535	-0.040222 -0.007901  1.054156
66.27245330	536	-0.047644 -0.006225  1.059424
66.27764129	536	-0.041659 -0.009816  1.063015
66.28283691	533	-0.045968 -0.000239  1.056550
66.28802490	535	-0.041659 -0.002155  1.059663
66.29322052	534	-0.042138 0.002634  1.069240
66.29836273	533	-0.048841 0.000239  1.066846
66.30350494	529	-0.055066 0.006704  1.076183
66.30865478	529	-0.055784 0.004310  1.075943
66.31378173	528	-0.058657 0.008619  1.072592
66.31893157	525	-0.062249 0.006225  1.073310
66.32407379	525	-0.063446 0.005746  1.088393
66.32923126	523	-0.063446 0.008619  1.093421
66.33438110	523	-0.067037 -0.000479  1.083126
66.33958435	522	-0.065361 0.003831  1.096533
66.34474945	520	-0.064403 0.011731  1.099646
66.34990692	519	-0.071107 0.010534  1.097970
66.35506439	518	-0.067516 0.013886  1.095336
66.36022186	513	-0.065840 0.011492  1.098927
66.36539459	514	-0.073980 0.012929  1.105152
66.37054443	511	-0.070149 0.009577  1.106828
66.37570190	509	-0.069910 0.012450  1.114250
66.38085174	507	-0.068952 0.013407  1.120714
66.38600158	508	-0.069431 0.013407  1.103476
66.39116668	504	-0.061770 0.011253  1.113771
66.39630889	505	-0.062488 0.012929  1.118799
66.40146636	504	-0.055545 0.010056  1.124306
66.40660858	502	-0.054827 0.006943  1.119996
66.41176605	502	-0.057700 0.009098  1.120475
66.41690826	502	-0.050757 0.011731  1.131009
66.42205047	498	-0.048362 0.010295  1.138431
66.42718505	498	-0.049559 0.005028  1.136277
66.43233489	496	-0.045250 0.005507  1.137234
66.43748474	494	-0.043574 0.004549  1.132446
66.44263458	493	-0.037589 0.006704  1.132685
66.44777679	491	-0.030406 0.001437  1.129333
66.45292663	487	-0.035913 0.003591  1.143459
66.45807647	488	-0.034237 0.009098  1.141304
66.46321868	486	-0.034476 0.003352  1.148008
66.46835327	483	-0.028491 0.000000  1.135079
66.47346496	483	-0.035673 0.001437  1.155669
66.47862243	480	-0.029927 0.003591  1.139150
66.48375701	480	-0.030167 0.002394  1.144177
66.48889923	477	-0.031843 0.006943  1.144417
66.49403381	474	-0.032321 0.006225  1.141065
66.49918365	474	-0.030406 0.007183  1.143938
66.50433349	472	-0.034237 0.005028  1.147769
66.50947570	470	-0.042377 0.008140  1.147769
66.51462554	468	-0.042377 0.011013  1.144896
66.51978302	469	-0.035913 0.009098  1.135319
66.52494049	468	-0.042138 0.018914  1.149923
66.53010559	466	-0.047405 0.016520  1.146332
66.53526306	463	-0.049320 0.017956  1.143938
66.54041290	463	-0.053869 0.018675  1.144896
66.54556274	462	-0.061052 0.025857  1.145135
66.55073547	460	-0.055784 0.022984  1.147769
66.55588531	458	-0.059136 0.023463  1.141065
66.56104278	456	-0.062249 0.022505  1.137474
66.56619262	454	-0.061530 0.024181  1.142023
66.57135009	453	-0.061770 0.024899  1.129573
66.57649993	450	-0.064643 0.028012  1.128855
66.58164978	451	-0.059854 0.028491  1.134122
66.58679962	449	-0.067755 0.030167  1.135798
66.59194946	451	-0.060333 0.032082  1.136755
66.59709930	446	-0.065600 0.029209  1.141304
66.60224151	448	-0.055784 0.023224  1.127179
66.60739135	444	-0.061052 0.027294  1.113532
66.61253356	445	-0.059376 0.023942  1.124785
66.61769104	442	-0.056263 0.023463  1.129573
66.62284088	441	-0.048123 0.019153  1.117602
66.62799072	438	-0.049799 0.020111  1.118320
66.63313293	439	-0.042138 0.023942  1.116165
66.63828277	436	-0.050517 0.015562  1.112095
66.64342498	435	-0.044053 0.018196  1.117363
66.64856719	432	-0.040222 0.015083  1.107786
66.65371704	432	-0.034955 0.010295  1.094618
66.65887451	432	-0.033279 0.017717  1.107068
66.66403198	431	-0.025618 0.021308  1.094378
66.66917419	431	-0.031843 0.016280  1.095336
66.67432403	426	-0.023942 0.009816  1.100125
66.67948150	426	-0.017717 0.006704  1.089111
66.68463134	424	-0.025857 0.011731  1.096773
66.68979644	424	-0.024181 0.018435  1.083365
66.69495391	420	-0.024660 0.012450  1.072352
66.70011901	420	-0.015562 0.010774  1.085041
66.70527648	421	-0.022266 0.018675  1.078816
66.71044158	420	-0.024181 0.015083  1.065648
66.71561431	418	-0.021787 0.018435  1.067085
66.72077178	417	-0.026815 0.016759  1.065170
66.72592163	414	-0.028730 0.014365  1.063494
##inga 
#ido(sec)  szog(ADC)     ax(g)    ay(g)   az(g)
66.73160552	414	-0.033758 0.020829  1.053678
66.73687744	410	-0.028491 0.018675  1.051523
66.74217987	410	-0.037828 0.019872  1.052480
66.74744415	410	-0.042616 0.027054  1.047692
66.75260162	410	-0.040940 0.025378  1.047931
66.75775909	410	-0.039025 0.029209  1.039552
66.76290130	410	-0.043813 0.028730  1.036200
66.76805114	408	-0.052193 0.036870  1.046974
66.77318572	409	-0.049081 0.034716  1.044340
66.77832794	407	-0.060094 0.038786  1.027581
66.78347778	406	-0.057700 0.036391  1.027820
66.78861999	407	-0.058657 0.038307  1.024469
66.79376220	403	-0.057700 0.033518  1.029736
66.79890441	404	-0.056024 0.036631  1.018962
66.80405426	403	-0.054108 0.037828  1.013934
66.80921173	402	-0.056503 0.039265  1.018962
66.81434631	402	-0.058179 0.035673  1.018483
66.81948852	399	-0.054108 0.030645  1.015371
66.82464599	400	-0.054108 0.034955  1.003160
66.82978820	401	-0.052193 0.034955  1.007230
66.83493804	401	-0.050757 0.037828  1.007949
66.84008026	397	-0.050996 0.038546  1.000287
66.84523010	399	-0.046926 0.025139  0.998133
66.85038757	397	-0.041898 0.028012  0.998851
66.85552978	396	-0.044532 0.028730  0.999569
66.86067962	398	-0.035913 0.020111  0.993344
66.86584472	394	-0.034237 0.024660  0.999330
66.87100219	395	-0.033040 0.028012  0.995260
66.87615966	396	-0.027054 0.020351  0.980416
66.88131713	395	-0.024899 0.021548  0.993584
66.88648223	395	-0.020351 0.022026  0.987838
66.89164733	394	-0.026575 0.028970  0.980894
66.89678955	392	-0.019872 0.022745  0.980655
66.90194702	393	-0.026097 0.023224  0.978979
66.90710449	391	-0.020829 0.015562  0.984246
66.91225433	391	-0.016280 0.019393  0.981852
66.91741943	393	-0.019872 0.015083  0.973233
66.92256164	393	-0.018435 0.013886  0.970839
66.92771148	392	-0.020111 0.013647  0.977064
66.93285369	392	-0.017956 0.013886  0.977782
66.93800354	392	-0.020111 0.018435  0.971318
66.94314575	390	-0.024421 0.025378  0.986401
66.94828796	392	-0.026815 0.024899  0.975148
66.95343017	392	-0.025857 0.020829  0.977782
66.95858764	391	-0.029927 0.018435  0.972994
66.96372985	389	-0.027054 0.025378  0.980894
66.96887969	392	-0.037349 0.027772  0.980894
66.97402191	391	-0.035673 0.028491  0.983528
66.97916412	392	-0.031603 0.027294  0.979937
66.98430633	392	-0.040701 0.032082  0.988556
66.98944854	390	-0.042138 0.032800  0.972275
66.99459838	390	-0.047884 0.028012  0.980894
66.99974822	393	-0.049799 0.028491  0.985204
67.00489807	394	-0.050996 0.031364  0.984246
67.01004028	394	-0.050517 0.032561  0.977303
67.01518249	394	-0.060333 0.031124  0.979219
67.02032470	393	-0.048841 0.038307  0.988795
67.02547454	395	-0.052672 0.032800  0.978500
67.03061676	394	-0.057700 0.036152  0.979937
67.03575897	394	-0.054827 0.032561  0.991908
67.04090118	396	-0.052432 0.028970  0.995260
67.04605102	396	-0.049320 0.031603  0.995978
67.05119323	399	-0.055784 0.034237  0.999569
67.05636596	399	-0.055784 0.031843  0.989274
67.06153106	400	-0.052432 0.028251  0.998851
67.06668853	400	-0.052193 0.033279  0.988795
67.07183837	398	-0.055784 0.028251  0.996217
67.07700347	401	-0.053869 0.031364  1.001484
67.08216094	402	-0.046686 0.029448  1.010103
67.08732604	401	-0.047884 0.025618  1.013934
67.09247589	403	-0.042377 0.028491  1.010822
67.09764862	402	-0.044053 0.027294  1.011540
67.10280609	405	-0.039265 0.020590  1.014174
67.10795593	406	-0.036152 0.018914  1.013934
67.11310577	407	-0.030406 0.019632  1.016089
67.11825561	407	-0.027533 0.017238  1.020159
67.12339782	408	-0.028730 0.017477  1.031890
67.12854766	408	-0.032321 0.014844  1.023511
67.13370513	409	-0.025139 0.013168  1.026144
67.13884735	410	-0.027772 0.006704  1.032369
67.14399719	409	-0.028491 0.015562  1.031172
67.14915466	410	-0.023224 0.008380  1.037876
67.15428924	409	-0.019153 0.011253  1.037636
67.15943908	411	-0.019153 0.010295  1.049607
67.16458892	411	-0.023463 0.009337  1.044101
67.16973114	413	-0.020590 0.015802  1.048650
67.17486572	414	-0.022505 0.010534  1.054396
67.18000030	416	-0.028970 0.008619  1.053917
67.18513488	417	-0.028491 0.014604  1.056072
67.19028472	416	-0.030645 0.015562  1.071394
67.19544219	417	-0.033758 0.010534  1.051762
67.20059204	418	-0.035913 0.011253  1.065170
67.20574188	419	-0.043095 0.017956  1.071634
67.21090698	423	-0.043335 0.016280  1.070437
67.21604919	424	-0.048602 0.021787  1.077859
67.22121429	422	-0.046686 0.018914  1.080971
67.22638702	424	-0.055306 0.022026  1.084084
67.23153686	426	-0.054108 0.025139  1.085999
67.23670196	428	-0.056742 0.023224  1.078816
67.24187469	427	-0.062249 0.027294  1.084802
67.24702453	430	-0.061052 0.024660  1.092942
##inga 
#ido(sec)  szog(ADC)     ax(g)    ay(g)   az(g)
67.25272369	430	-0.063925 0.025139  1.096773
67.25800323	432	-0.065361 0.024899  1.105392
67.26326751	433	-0.065122 0.036152  1.103476
67.26853179	434	-0.068952 0.023942  1.107546
67.27369689	436	-0.070628 0.023942  1.108265
67.27886199	438	-0.063446 0.022984  1.114490
67.28401947	440	-0.064164 0.024421  1.117841
67.28918457	441	-0.064164 0.022266  1.106589
67.29433441	443	-0.055545 0.024421  1.115687
67.29948425	446	-0.053869 0.019393  1.126461
67.30464172	448	-0.049559 0.013886  1.121672
67.30979156	446	-0.054587 0.022026  1.116884
67.31494903	449	-0.050996 0.015083  1.122869
67.32011413	450	-0.048602 0.014844  1.125503
67.32524871	451	-0.046926 0.015083  1.126939
67.33039855	450	-0.038067 0.012689  1.131488
67.33554077	453	-0.039983 0.011492  1.127418
67.34069061	455	-0.036391 0.004549  1.134601
67.34584045	456	-0.035194 0.004310  1.136037
67.35099029	456	-0.036870 0.001915  1.136037
67.35612487	457	-0.035434 0.001915  1.136516
67.36126708	458	-0.031124 0.001676  1.127418
67.36641693	462	-0.031364 0.003352  1.137953
67.37156677	463	-0.025618 -0.000479  1.139868
67.37677001	464	-0.032800 -0.006464  1.134601
67.38196563	464	-0.026575 0.006943  1.143459
67.38713836	467	-0.025139 0.000239  1.137234
67.39229583	469	-0.031364 -0.000239  1.143459
67.39749145	467	-0.037110 0.002873  1.133643
67.40264892	472	-0.036870 0.000239  1.135798
67.40779113	472	-0.037589 -0.001437  1.141065
67.41299438	475	-0.043574 0.001676  1.139389
67.41814422	477	-0.037349 -0.001676  1.139150
67.42334747	478	-0.042377 0.006225  1.147290
67.42849731	478	-0.046447 0.003352  1.139629
67.43364715	480	-0.052193 0.002634  1.134601
67.43879699	481	-0.055784 0.010056  1.143459
67.44394683	483	-0.058179 0.011013  1.137953
67.44909667	483	-0.063206 0.011971  1.136995
67.45423889	485	-0.069671 0.010534  1.140825
67.45938873	488	-0.067755 0.008380  1.132685
67.46453094	490	-0.069192 0.015562  1.127897
67.46968841	491	-0.068952 0.017238  1.132446
67.47483062	493	-0.074938 0.017717  1.132925
67.47997283	495	-0.073501 0.010295  1.139868
67.48513793	493	-0.074698 0.012450  1.132925
67.49027252	497	-0.074459 0.024421  1.132925
67.49542236	501	-0.076135 0.006704  1.129094
67.50057220	502	-0.073501 0.004070  1.126221
67.50571441	503	-0.073980 0.009098  1.127418
67.51083374	504	-0.066079 0.019632  1.123587
67.51598358	504	-0.068234 0.009577  1.116644
67.52111816	505	-0.070149 0.001915  1.115687
67.52625274	506	-0.056742 0.008858  1.110659
67.53141021	508	-0.058418 0.010774  1.122151
67.53657531	507	-0.057700 0.000718  1.103237
67.54172515	511	-0.053151 -0.002873  1.107546
67.54692840	510	-0.042138 -0.008380  1.109462
67.55213165	514	-0.049320 -0.003831  1.108025
67.55732727	517	-0.050517 -0.003831  1.095576
67.56253814	518	-0.040940 -0.008619  1.096773
67.56774139	516	-0.039504 -0.009337  1.104434
67.57292938	520	-0.036631 -0.004310  1.087914
67.57812500	521	-0.041180 -0.012210  1.092942
67.58331298	524	-0.034716 -0.012450  1.086957
67.58850860	525	-0.034716 -0.015083  1.073070
67.59369659	526	-0.032082 -0.009577  1.083844
67.59889221	524	-0.032800 -0.015562  1.078816
67.60408020	526	-0.039504 -0.010534  1.082647
67.60928344	528	-0.036870 -0.020111  1.074746
67.61447906	530	-0.034716 -0.005746  1.081929
67.61968231	529	-0.034237 -0.011731  1.062775
67.62487792	530	-0.039743 -0.011253  1.069479
67.63008117	534	-0.040701 -0.015083  1.063015
67.63529968	536	-0.045489 -0.003352  1.064212
67.64048767	534	-0.049799 -0.005028  1.059424
67.64568328	534	-0.055784 -0.003352  1.060142
67.65086364	537	-0.054108 -0.004310  1.049129
67.65606689	538	-0.056981 -0.008380  1.050326
67.66126251	538	-0.068952 -0.003352  1.045777
67.66645050	537	-0.064882 0.002394  1.048889
67.67160034	539	-0.068234 -0.000718  1.043861
67.67680358	538	-0.075895 0.003112  1.034763
67.68195343	539	-0.080205 0.001915  1.042664
67.68711853	542	-0.079966 0.005028  1.043861
67.69229125	541	-0.075656 0.001437  1.032130
67.69744110	541	-0.080684 0.010774  1.031172
67.70260620	541	-0.071586 0.005985  1.028778
67.70776367	545	-0.077571 0.001437  1.026384
67.71292877	546	-0.078290 0.007422  1.017286
67.71809387	546	-0.075417 0.003352  1.015371
67.72325134	548	-0.073741 -0.001437  1.019201
67.72846221	549	-0.077811 0.007901  1.009864
67.73359680	548	-0.072783 0.000958  1.014413
67.73875427	548	-0.063446 -0.004070  1.012258
67.74394989	550	-0.067516 -0.006225  1.011301
67.74915313	550	-0.064403 -0.004549  1.003400
67.75434875	550	-0.062249 0.000479  1.005315
67.75949096	549	-0.059854 -0.005985  1.007470
67.76467132	551	-0.051714 -0.009577  0.997175
67.76987457	551	-0.045729 -0.007901  0.995978
##inga 
#ido(sec)  szog(ADC)     ax(g)    ay(g)   az(g)
67.77559661	551	-0.047884 -0.007901  1.001963
67.78086853	551	-0.046686 -0.010774  0.998851
67.78614044	551	-0.045968 -0.010774  0.999090
67.79139709	551	-0.045011 -0.017238  0.993584
67.79660034	552	-0.039743 -0.015323  0.989035
67.80181121	550	-0.040701 -0.019632  0.992147
67.80701446	551	-0.036631 -0.019153  0.999330
67.81221771	552	-0.035194 -0.022266  0.989753
67.81742095	552	-0.039504 -0.022745  0.990471
67.82262420	554	-0.039743 -0.023463  0.984965
67.82784271	555	-0.033758 -0.018675  0.988316
67.83303070	556	-0.040222 -0.016041  0.991668
67.83823394	554	-0.046926 -0.021548  0.987838
67.84342193	554	-0.041659 -0.011971  0.992387
67.84862518	556	-0.041659 -0.008858  0.986880
67.85382080	555	-0.041180 -0.016520  0.987359
67.85900878	556	-0.047165 -0.012929  0.986641
67.86421966	553	-0.057700 -0.016280  0.989035
67.86940765	555	-0.056263 -0.004070  0.981134
67.87461853	556	-0.062009 -0.004788  0.984246
67.87980651	555	-0.060094 -0.004070  1.001724
67.88500976	554	-0.062727 -0.001197  0.996457
67.89022064	555	-0.067516 -0.001676  0.990232
67.89542388	554	-0.065600 -0.001915  0.986401
67.90061950	554	-0.066079 0.007422  0.998611
67.90576171	554	-0.075177 0.004788  0.994062
67.91090393	550	-0.071107 0.005267  0.993344
67.91604614	553	-0.076853 0.007422  0.992147
67.92120361	551	-0.072783 0.004549  0.992387
67.92635345	551	-0.081163 0.009098  1.004597
67.93150329	549	-0.079487 0.003591  1.002681
67.93664550	550	-0.073262 0.009098  1.006033
67.94179534	550	-0.074698 0.011492  1.001484
67.94694519	550	-0.071825 0.013407  1.006752
67.95207977	546	-0.072304 0.003112  1.008427
67.95722961	549	-0.066798 0.007183  1.008188
67.96238708	549	-0.063446 0.005267  1.012498
67.96752929	548	-0.062009 0.003831  1.006033
67.97268676	548	-0.066798 0.004549  1.018483
67.97783660	546	-0.054827 0.000718  1.019201
67.98299407	547	-0.056981 0.002873  1.018244
67.98814392	543	-0.050038 0.000479  1.022793
67.99329376	543	-0.046208 -0.008380  1.024229
67.99849700	543	-0.041659 0.003112  1.025426
68.00366210	542	-0.041180 -0.005507  1.040270
68.00885009	540	-0.039504 -0.010534  1.033088
68.01404571	539	-0.035673 -0.008380  1.036918
68.01924896	538	-0.038546 -0.013168  1.043861
68.02444458	540	-0.035913 -0.011492  1.034524
68.02963256	538	-0.031364 -0.010295  1.048171
68.03482818	538	-0.035434 -0.014365  1.043143
68.04003143	534	-0.034716 -0.006464  1.049607
68.04523468	536	-0.032321 -0.012689  1.046974
68.05041503	535	-0.034237 -0.012450  1.058945
68.05561828	533	-0.035913 -0.012929  1.056072
68.06081390	533	-0.034237 -0.012689  1.062775
68.06600952	531	-0.039504 -0.002873  1.060860
68.07118225	531	-0.040222 -0.010534  1.060142
68.07638549	530	-0.047165 -0.004310  1.059902
68.08158111	529	-0.044053 -0.006704  1.062775
68.08679199	526	-0.046926 0.000958  1.071155
68.09194946	527	-0.048362 -0.001437  1.083126
68.09715270	524	-0.056263 0.003112  1.079535
68.10228729	526	-0.051714 0.006225  1.073070
68.10743713	525	-0.056263 0.004070  1.070676
68.11257934	522	-0.063206 0.006464  1.081689
68.11772918	521	-0.063446 0.014126  1.078338
68.12287902	520	-0.073741 0.011013  1.085999
68.12802124	519	-0.067037 0.008140  1.090787
68.13317108	515	-0.067037 0.017238  1.085281
68.13832092	516	-0.070389 0.012450  1.098927
68.14346313	515	-0.074219 0.016999  1.099406
68.14860534	513	-0.065840 0.007661  1.103476
68.15376281	512	-0.073022 0.016041  1.107307
68.15890502	510	-0.071107 0.015562  1.096054
68.16404724	506	-0.074219 0.013886  1.113293
68.16919708	507	-0.064643 0.011253  1.119039
68.17435455	504	-0.065361 0.012689  1.112095
68.17949676	505	-0.066079 0.019393  1.116644
68.18463897	504	-0.064643 0.017477  1.118081
68.18978881	503	-0.056981 0.016520  1.125503
68.19493103	500	-0.057460 0.007183  1.115926
68.20009613	502	-0.055306 0.012689  1.128615
68.20526123	499	-0.052911 0.007661  1.121672
68.21043395	495	-0.043095 0.010056  1.131249
68.21558380	495	-0.043574 0.005028  1.120714
68.22073364	495	-0.041659 0.007661  1.128376
68.22590637	493	-0.041180 0.006704  1.126461
68.23105621	491	-0.035434 -0.001197  1.122630
68.23625946	489	-0.035194 -0.004310  1.127179
68.24147033	486	-0.033040 0.004549  1.135079
68.24663543	486	-0.032800 0.002155  1.135079
68.25177764	485	-0.026815 0.002634  1.130770
68.25691986	481	-0.029209 -0.000239  1.125742
68.26211547	481	-0.032321 -0.001915  1.139150
68.26731109	480	-0.028491 -0.003112  1.129094
68.27249908	477	-0.024421 0.004310  1.137953
68.27764129	475	-0.029688 -0.001915  1.135558
68.28282928	474	-0.028491 0.000718  1.132207
68.28798675	471	-0.033279 0.008140  1.129333
68.29312133	471	-0.032321 0.007422  1.131488
##inga 
#ido(sec)  szog(ADC)     ax(g)    ay(g)   az(g)
68.29879760	468	-0.032561 0.001197  1.140107
68.30406188	469	-0.038307 0.014126  1.129812
68.30933380	465	-0.035194 0.009098  1.133643
68.31459045	466	-0.040462 0.010295  1.144417
68.31972503	464	-0.051714 0.018675  1.138431
68.32488250	464	-0.052432 0.017956  1.128615
68.33002471	463	-0.052911 0.022984  1.135319
68.33516693	461	-0.057221 0.027054  1.140347
68.34032440	459	-0.062009 0.027054  1.135558
68.34547424	456	-0.066079 0.024660  1.120236
68.35063171	456	-0.059854 0.023942  1.132925
68.35578918	451	-0.062967 0.028251  1.128855
68.36096191	449	-0.072783 0.029688  1.117841
68.36611938	452	-0.066558 0.028730  1.136516
68.37127685	448	-0.070149 0.027772  1.124306
68.37643432	448	-0.069671 0.033040  1.131009
68.38159942	450	-0.067995 0.033279  1.124545
68.38676452	446	-0.073980 0.035673  1.125982
68.39193725	448	-0.067755 0.032321  1.111377
68.39709472	447	-0.059854 0.028730  1.119517
68.40225219	444	-0.058179 0.026336  1.116405
68.40740966	442	-0.056024 0.029927  1.114729
68.41255950	442	-0.058179 0.020829  1.113053
68.41770935	438	-0.053390 0.022745  1.115447
68.42285919	438	-0.050038 0.023224  1.106828
68.42800140	435	-0.044053 0.022026  1.107786
68.43315124	435	-0.042138 0.021787  1.096533
68.43830108	433	-0.034955 0.016999  1.098449
68.44344329	433	-0.035434 0.013647  1.097012
68.44859313	432	-0.031364 0.019153  1.089830
68.45373535	432	-0.027772 0.011013  1.092463
68.45886993	429	-0.025378 0.011013  1.094139
68.46401977	426	-0.024181 0.005985  1.087914
68.46916961	424	-0.020351 0.011492  1.078816
68.47431182	425	-0.018196 0.006943  1.076901
68.47945404	425	-0.023224 0.008140  1.074986
68.48458862	422	-0.018435 0.007183  1.069479
68.48973083	422	-0.014604 0.011492  1.079535
68.49488067	422	-0.022026 0.010774  1.072352
68.50001525	421	-0.015323 0.012689  1.063254
68.50516510	421	-0.020829 0.011971  1.060621
68.51031494	419	-0.025857 0.018435  1.064930
68.51545715	417	-0.030645 0.014365  1.054875
68.52062225	416	-0.028730 0.021548  1.060142
68.52579498	414	-0.031364 0.022745  1.052241
68.53096008	412	-0.029927 0.020590  1.047453
68.53610992	410	-0.040222 0.030645  1.044101
68.54126739	409	-0.037349 0.025618  1.041946
68.54643249	410	-0.047165 0.026575  1.040749
68.55158233	411	-0.047165 0.031124  1.035721
68.55673980	408	-0.050517 0.027294  1.043383
68.56192016	410	-0.053630 0.035673  1.034285
68.56709289	409	-0.062488 0.032800  1.031412
68.57224273	408	-0.058179 0.034716  1.031412
68.57738494	407	-0.054827 0.032082  1.029257
68.58252716	406	-0.062009 0.043335  1.028060
68.58767700	406	-0.060333 0.036870  1.027342
68.59283447	404	-0.059136 0.035194  1.013455
68.59797668	404	-0.054827 0.035434  1.021356
68.60311889	402	-0.053869 0.044532  1.015371
68.60826873	403	-0.060573 0.040462  1.000527
68.61341857	402	-0.063206 0.030406  1.007470
68.61856079	402	-0.055545 0.033279  1.013695
68.62371063	401	-0.053869 0.040940  0.998611
68.62884521	401	-0.049799 0.032561  1.009625
68.63401031	401	-0.050757 0.028970  0.997175
68.63915252	399	-0.051235 0.031124  0.994062
68.64428710	399	-0.044053 0.035434  1.006752
68.64943695	400	-0.044532 0.023702  1.001006
68.65458679	399	-0.042856 0.022745  0.996696
68.65972900	398	-0.039504 0.026575  0.998611
68.66487121	399	-0.029209 0.029209  0.991908
68.67001342	398	-0.035673 0.026336  0.991668
68.67516326	398	-0.027772 0.022026  0.991189
68.68030548	396	-0.028970 0.029209  0.978261
68.68546295	395	-0.027533 0.017477  0.989992
68.69062042	397	-0.022984 0.022984  0.976824
68.69579315	395	-0.028012 0.016999  0.982570
68.70095825	394	-0.013886 0.020590  0.982331
68.70609283	395	-0.014126 0.014844  0.990471
68.71125793	396	-0.019393 0.020111  0.975627
68.71641540	394	-0.015802 0.015323  0.980416
68.72158050	394	-0.019393 0.018675  0.976824
68.72675323	396	-0.013407 0.016999  0.993344
68.73190307	395	-0.015802 0.016041  0.974430
68.73705291	396	-0.014365 0.017477  0.975148
68.74221038	395	-0.024421 0.016280  0.981613
68.74736022	395	-0.025139 0.021787  0.981373
68.75251007	395	-0.028491 0.018914  0.987359
68.75765228	395	-0.029448 0.027533  0.972994
68.76280975	395	-0.030885 0.026815  0.985683
68.76795959	396	-0.033997 0.029927  0.981373
68.77310180	393	-0.041180 0.025378  0.985683
68.77825164	396	-0.040701 0.031603  0.994541
68.78339385	395	-0.044292 0.030406  0.987598
68.78852844	397	-0.048123 0.026097  0.986641
68.79367828	398	-0.050996 0.025618  0.980176
68.79883575	398	-0.049799 0.024181  0.989753
68.80397796	398	-0.052672 0.031124  0.985443
68.80912017	398	-0.056981 0.031364  0.989514
68.81427001	399	-0.055784 0.032082  0.984965
##inga 
#ido(sec)  szog(ADC)     ax(g)    ay(g)   az(g)
68.81993865	399	-0.053869 0.033997  0.990950
68.82521820	400	-0.058418 0.031603  0.985683
68.83048248	399	-0.056503 0.032800  0.995499
68.83571624	398	-0.056742 0.037589  0.997414
68.84086608	399	-0.057939 0.039265  0.996457
68.84600830	401	-0.054108 0.036152  1.007230
68.85115814	403	-0.054348 0.032082  0.991429
68.85630035	401	-0.053151 0.028012  1.006991
68.86146545	400	-0.056981 0.028491  0.995978
68.86660766	403	-0.051714 0.029448  1.005076
68.87174987	405	-0.049799 0.032321  1.005315
68.87689971	406	-0.048123 0.036870  1.014413
68.88204193	405	-0.052672 0.021548  1.016568
68.88721466	408	-0.045011 0.023224  1.009625
68.89236450	406	-0.043574 0.025378  1.016568
68.89753723	408	-0.043574 0.023224  1.032848
68.90270233	408	-0.037828 0.022505  1.025426
68.90787506	408	-0.044532 0.018675  1.021117
68.91303253	408	-0.035913 0.017956  1.026623
68.91819000	409	-0.033997 0.009577  1.028060
68.92334747	409	-0.029688 0.012929  1.036679
68.92851257	411	-0.028730 0.008380  1.030454
68.93366241	412	-0.028970 0.010295  1.033566
68.93881225	413	-0.032321 0.009816  1.040988
68.94396972	412	-0.026575 0.013886  1.045537
68.94911956	415	-0.027772 0.007661  1.044101
68.95426177	416	-0.023463 0.016759  1.054156
68.95941162	417	-0.030167 0.015562  1.051523
68.96454620	417	-0.024899 0.013886  1.064930
68.96969604	417	-0.027533 0.014844  1.055114
68.97484588	418	-0.029688 0.011971  1.053917
68.97998046	418	-0.026815 0.010774  1.061578
68.98513793	421	-0.034955 0.010056  1.062775
68.99027252	423	-0.036631 0.014604  1.077619
68.99542236	424	-0.033758 0.017956  1.071634
69.00057220	423	-0.039504 0.018196  1.077619
69.00572204	426	-0.044532 0.018914  1.066127
69.01087188	427	-0.043574 0.008619  1.066367
69.01601409	428	-0.041180 0.019153  1.079774
69.02115631	429	-0.049559 0.023463  1.079535
69.02630615	430	-0.049799 0.020829  1.091266
69.03145599	430	-0.052193 0.027054  1.091266
69.03660583	434	-0.058657 0.026815  1.088872
69.04176330	434	-0.055306 0.028251  1.091266
69.04692077	433	-0.060573 0.020111  1.094857
69.05207824	435	-0.064882 0.024181  1.096773
69.05724334	436	-0.063206 0.027533  1.098449
69.06240081	438	-0.060573 0.021787  1.105392
69.06756591	442	-0.066798 0.027054  1.106349
69.07272338	444	-0.062249 0.029448  1.110659
69.07789611	445	-0.063925 0.024181  1.101082
69.08305358	448	-0.071586 0.024421  1.104673
69.08822631	446	-0.057221 0.022026  1.112095
69.09336090	449	-0.063685 0.020590  1.118081
69.09851074	449	-0.056263 0.023224  1.115687
69.10368347	450	-0.052911 0.018675  1.121672
69.10883331	451	-0.058657 0.015323  1.122630
69.11398315	451	-0.051714 0.013886  1.125742
69.11913299	454	-0.049559 0.010534  1.118081
69.12429046	452	-0.042616 0.003591  1.127897
69.12944030	455	-0.043335 0.013647  1.125742
69.13457489	454	-0.044053 0.005985  1.117123
69.13972473	455	-0.039983 0.007422  1.130291
69.14486694	459	-0.031603 0.004310  1.124785
69.15001678	460	-0.037828 0.004549  1.130052
69.15516662	461	-0.038786 0.003831  1.132925
69.16030883	462	-0.036870 -0.000479  1.131488
69.16550445	466	-0.039504 0.005507  1.126221
69.17063903	467	-0.029927 -0.007183  1.128136
69.17584228	467	-0.032321 -0.002634  1.136037
69.18103027	469	-0.038067 0.001437  1.128615
69.18619537	470	-0.035673 0.003112  1.125024
69.19134521	472	-0.038546 -0.006464  1.141544
69.19654083	474	-0.038067 -0.000239  1.142980
69.20174407	475	-0.037589 0.000000  1.135798
69.20686340	477	-0.043095 0.001676  1.131967
69.21201324	478	-0.038786 0.003591  1.129812
69.21717071	477	-0.050517 -0.000479  1.139150
69.22236633	479	-0.052432 0.004549  1.130531
69.22752380	480	-0.048123 0.005507  1.124785
69.23268127	484	-0.055545 0.008140  1.123827
69.23782348	486	-0.054348 0.012689  1.131967
69.24297332	486	-0.050038 0.012929  1.135558
69.24814605	488	-0.061530 0.013407  1.138671
69.25329589	489	-0.062249 0.010295  1.124545
69.25844573	491	-0.068713 0.011971  1.131009
69.26358032	495	-0.068473 0.010295  1.125982
69.26874542	494	-0.066319 0.012210  1.130291
69.27388763	494	-0.067995 0.011731  1.116644
69.27902221	497	-0.071107 0.013886  1.118081
69.28415679	502	-0.073501 0.009337  1.119278
69.28931427	502	-0.064643 0.009577  1.125024
69.29446411	503	-0.070868 0.009098  1.108744
69.29959869	503	-0.070628 0.010774  1.112814
69.30474090	505	-0.072065 0.008140  1.109462
69.30989074	502	-0.068473 0.008380  1.109462
69.31502532	506	-0.061052 0.003591  1.107068
69.32019042	506	-0.062488 0.005746  1.103716
69.32532501	509	-0.055784 -0.000718  1.109222
69.33052825	509	-0.058657 0.008380  1.098927
69.33567047	512	-0.057460 0.000239  1.094139
##inga 
#ido(sec)  szog(ADC)     ax(g)    ay(g)   az(g)
69.34136199	513	-0.054348 -0.001676  1.096773
69.34663391	514	-0.049320 -0.002873  1.099167
69.35190582	519	-0.050996 -0.003112  1.093660
69.35717010	518	-0.050278 -0.002873  1.087196
69.36235046	520	-0.043095 -0.005985  1.090308
69.36756134	521	-0.039743 -0.001915  1.080732
69.37276458	524	-0.038546 -0.006704  1.079056
69.37796783	524	-0.036391 -0.011013  1.085999
69.38317108	525	-0.040940 -0.009577  1.070197
69.38838195	524	-0.040222 -0.005507  1.075464
69.39357757	527	-0.043574 -0.006704  1.069240
69.39876556	528	-0.038307 -0.018196  1.068761
69.40396881	529	-0.041419 -0.008619  1.064930
69.40916442	527	-0.041659 -0.008858  1.063972
69.41435241	530	-0.040462 -0.011492  1.068042
69.41953277	533	-0.042138 -0.014126  1.059663
69.42472076	533	-0.045729 -0.009337  1.054156
69.42991638	536	-0.053151 -0.002634  1.049368
69.43512725	536	-0.053630 -0.004070  1.049368
69.44033050	536	-0.054348 -0.007183  1.055832
69.44551849	537	-0.060573 -0.004549  1.041946
69.45072174	535	-0.056263 -0.010774  1.044819
69.45592498	536	-0.059615 -0.002873  1.040270
69.46112060	539	-0.062727 -0.005507  1.033088
69.46631622	536	-0.064882 -0.001197  1.036439
69.47151184	540	-0.072304 -0.000718  1.033088
69.47669219	541	-0.063925 -0.003352  1.031890
69.48188781	540	-0.068713 0.002394  1.025426
69.48703765	543	-0.067755 0.004310  1.023511
69.49219512	542	-0.071107 0.008380  1.020159
69.49732971	543	-0.071107 0.002155  1.019441
69.50246429	543	-0.070149 -0.000718  1.018723
69.50766754	544	-0.076853 -0.002873  1.017765
69.51286315	543	-0.077811 0.004310  1.020159
69.51801300	544	-0.072783 -0.003352  1.012737
69.52321624	547	-0.066558 0.002634  1.012737
69.52836608	548	-0.064403 -0.000958  1.004597
69.53356933	549	-0.062967 -0.002155  1.010103
69.53876495	548	-0.062727 -0.001915  1.001484
69.54396820	550	-0.061530 -0.000239  0.994302
69.54917144	548	-0.059854 -0.003831  0.998851
69.55436706	548	-0.055545 -0.005267  0.994302
69.55956268	548	-0.057939 -0.006704  1.000287
69.56475830	548	-0.061770 -0.005746  1.000048
69.56995391	548	-0.048841 -0.006225  0.993584
69.57513427	551	-0.046926 -0.011253  0.994781
69.58033752	551	-0.045968 -0.008380  0.996217
69.58553314	551	-0.044771 -0.010774  0.995499
69.59074401	551	-0.049320 -0.015802  1.006273
69.59593963	549	-0.047884 -0.014365  0.983767
69.60113525	551	-0.041180 -0.013647  0.993823
69.60633850	549	-0.040701 -0.014126  0.992387
69.61154174	550	-0.043574 -0.022745  0.996457
69.61675262	551	-0.045250 -0.015562  0.996696
69.62194061	548	-0.041180 -0.018914  0.991908
69.62714385	551	-0.044053 -0.012450  0.997175
69.63234710	550	-0.049799 -0.016520  0.987838
69.63753509	550	-0.039743 -0.014604  0.992865
69.64272308	551	-0.043335 -0.016999  0.995020
69.64790344	552	-0.042138 -0.013168  0.994302
69.65310668	550	-0.046926 -0.009098  1.000287
69.65828704	551	-0.049320 -0.011731  0.993105
69.66349029	551	-0.055784 -0.002394  0.995260
69.66868591	549	-0.052911 -0.006704  0.993105
69.67389678	549	-0.057939 -0.000958  0.994541
69.67909240	549	-0.058657 -0.001676  0.999808
69.68429565	549	-0.060812 0.001915  0.989992
69.68943786	549	-0.060812 0.001915  1.001245
69.69459533	548	-0.058418 0.004549  0.999090
69.69972991	547	-0.065840 0.005507  1.000287
69.70487976	548	-0.069910 0.009098  1.000766
69.71002960	550	-0.065600 0.003112  0.994062
69.71517181	547	-0.064643 0.007183  1.002681
69.72030639	547	-0.061291 0.005028  1.004118
69.72545623	548	-0.063446 0.012210  1.008427
69.73059082	548	-0.072544 0.007901  1.003639
69.73574066	548	-0.067755 0.003352  0.997414
69.74089813	546	-0.065840 0.004788  1.009146
69.74606323	547	-0.068473 0.005028  1.009625
69.75120544	545	-0.066079 0.002394  1.014652
69.75635528	542	-0.060094 0.003591  1.012019
69.76148986	543	-0.062967 -0.000239  1.017765
69.76668548	543	-0.059854 0.000479  1.020638
69.77182769	543	-0.055066 0.001915  1.031172
69.77697753	541	-0.059854 0.005507  1.026384
69.78212738	539	-0.048841 0.002394  1.037397
69.78727722	537	-0.048841 0.001437  1.022314
69.79243469	538	-0.047644 -0.002155  1.026623
69.79763793	539	-0.049320 -0.002873  1.037158
69.80284881	538	-0.044053 -0.002873  1.035721
69.80804443	537	-0.045011 -0.003831  1.030215
69.81324005	536	-0.045489 -0.005507  1.044340
69.81845092	536	-0.032321 -0.008619  1.047453
69.82364654	533	-0.041180 -0.007422  1.039791
69.82883453	535	-0.039983 -0.003591  1.050326
69.83403015	535	-0.038786 -0.004310  1.055114
69.83923339	533	-0.041659 -0.010056  1.054156
69.84442138	533	-0.045011 -0.006704  1.055114
69.84961700	532	-0.038786 -0.005267  1.063015
69.85481262	528	-0.038067 -0.005507  1.063254
69.86000061	528	-0.041898 0.001676  1.063733
##inga 
#ido(sec)  szog(ADC)     ax(g)    ay(g)   az(g)
69.86569976	527	-0.041180 -0.004310  1.070916
69.87095642	527	-0.043574 -0.002873  1.069958
69.87622833	525	-0.045250 -0.003352  1.073070
69.88148498	525	-0.047165 -0.006225  1.080013
69.88668823	524	-0.048602 -0.002394  1.071155
69.89189147	520	-0.061052 0.003591  1.081689
69.89705657	518	-0.058897 0.006225  1.077380
69.90220642	519	-0.059615 0.008380  1.083844
69.90735626	518	-0.060812 0.006943  1.086957
69.91252899	515	-0.059854 0.007901  1.085520
69.91768646	516	-0.062967 0.013168  1.095576
69.92283630	514	-0.065840 0.010295  1.091027
69.92800140	513	-0.064403 0.011492  1.094378
69.93313598	512	-0.064882 0.006704  1.096294
69.93828582	510	-0.062967 0.012929  1.096533
69.94344329	509	-0.063206 0.009098  1.099406
69.94859313	506	-0.062488 0.018914  1.101082
69.95372772	506	-0.064643 0.014126  1.105152
69.95887756	505	-0.064882 0.017717  1.105631
69.96402740	504	-0.055545 0.012689  1.113053
69.96916961	503	-0.068473 0.013168  1.114490
69.97431945	502	-0.061770 0.016280  1.114729
69.97945404	502	-0.062249 0.008380  1.112574
69.98458862	500	-0.053390 0.014365  1.121433
69.98974609	495	-0.057700 0.010534  1.118560
69.99487304	496	-0.058657 0.011253  1.119757
70.00001525	495	-0.055784 0.005746  1.119996
70.00514984	494	-0.050517 0.014365  1.122869
70.01030731	490	-0.048602 0.007183  1.120954
70.01545715	490	-0.045968 0.011013  1.112335
70.02059173	487	-0.044532 0.004549  1.130531
70.02574157	486	-0.042377 0.000958  1.120236
70.03088378	483	-0.034716 0.007183  1.127658
70.03603363	485	-0.029688 0.001676  1.129812
70.04116821	481	-0.038307 0.001197  1.131009
70.04631805	480	-0.031364 0.005267  1.132685
70.05147552	477	-0.032321 0.003591  1.127897
70.05663299	477	-0.033040 0.002873  1.131009
70.06177520	475	-0.037110 -0.002634  1.130291
70.06697845	474	-0.035913 0.003112  1.133643
70.07212829	473	-0.031843 0.008380  1.126700
70.07727813	472	-0.035913 0.004310  1.127658
70.08243560	470	-0.039265 0.006464  1.126939
70.08760070	469	-0.034237 0.007422  1.124545
70.09275054	468	-0.039265 0.009577  1.135319
70.09792327	465	-0.038786 0.013647  1.132207
70.10307312	465	-0.039025 0.008858  1.125263
70.10822296	464	-0.045250 0.011492  1.137953
70.11337280	463	-0.043095 0.011492  1.117841
70.11853027	459	-0.044292 0.016041  1.119517
70.12367248	457	-0.045729 0.020590  1.131249
70.12881469	456	-0.053869 0.024660  1.132207
70.13396453	455	-0.052432 0.023224  1.126461
70.13912200	455	-0.054827 0.021308  1.119757
70.14427185	453	-0.052432 0.021069  1.127897
70.14942169	452	-0.053630 0.020351  1.118081
70.15457916	449	-0.058897 0.025139  1.118799
70.15972900	449	-0.062249 0.020590  1.120954
70.16488647	447	-0.056024 0.031124  1.120714
70.17002868	447	-0.060094 0.027294  1.118799
70.17519378	447	-0.056742 0.024421  1.112574
70.18033599	448	-0.057460 0.034955  1.113053
70.18548583	447	-0.060812 0.035913  1.108265
70.19063568	446	-0.057460 0.032321  1.104913
70.19577789	444	-0.057460 0.027533  1.095336
70.20092010	441	-0.054348 0.023224  1.106828
70.20607757	440	-0.052432 0.026575  1.102279
70.21125030	439	-0.052432 0.025618  1.093900
70.21640014	437	-0.045489 0.020351  1.096773
70.22156524	433	-0.040462 0.019632  1.099167
70.22673797	434	-0.040222 0.021787  1.093421
70.23188781	433	-0.039025 0.014365  1.088393
70.23706054	430	-0.032800 0.018196  1.085760
70.24221038	432	-0.037828 0.018196  1.094139
70.24739074	430	-0.031364 0.018675  1.089590
70.25254058	429	-0.025618 0.010774  1.075943
70.25769805	426	-0.028970 0.014126  1.078816
70.26285552	425	-0.026815 0.011492  1.071873
70.26800537	425	-0.026336 0.006943  1.075704
70.27317047	422	-0.023702 0.010534  1.065648
70.27830505	422	-0.025618 0.013647  1.062296
70.28343963	419	-0.026336 0.013886  1.065648
70.28858947	421	-0.021548 0.012450  1.076422
70.29373168	420	-0.021787 0.013168  1.063254
70.29889678	420	-0.030167 0.019393  1.056550
70.30403137	418	-0.030885 0.017477  1.042904
70.30918884	415	-0.035434 0.022026  1.053199
70.31434631	416	-0.027533 0.017477  1.048889
70.31948852	415	-0.031124 0.020590  1.049368
70.32463836	414	-0.039265 0.023224  1.047453
70.32978820	412	-0.032082 0.022505  1.042425
70.33493804	411	-0.039743 0.024660  1.043622
70.34008026	410	-0.046208 0.030645  1.047213
70.34523010	410	-0.050278 0.032800  1.031172
70.35038757	410	-0.046208 0.026336  1.026623
70.35552215	410	-0.047644 0.030167  1.029736
70.36067962	409	-0.051475 0.037110  1.029257
70.36582946	409	-0.050278 0.030167  1.023750
70.37099456	406	-0.051235 0.038067  1.022553
70.37615966	407	-0.058897 0.029927  1.026384
70.38132476	405	-0.048841 0.034476  1.018244
##inga 
#ido(sec)  szog(ADC)     ax(g)    ay(g)   az(g)
70.38703155	404	-0.052193 0.034716  1.016568
70.39230346	404	-0.055306 0.035913  1.013934
70.39756774	404	-0.046926 0.033758  1.024229
70.40283203	404	-0.054108 0.034955  1.008667
70.40798950	404	-0.054348 0.033997  1.002921
70.41315460	403	-0.049559 0.034716  1.006991
70.41830444	400	-0.044532 0.022984  1.001484
70.42346954	402	-0.048123 0.028970  1.000766
70.42862701	400	-0.045489 0.025618  0.996217
70.43379211	400	-0.043335 0.030645  0.999569
70.43895721	401	-0.037589 0.029688  1.003400
70.44409942	401	-0.039983 0.025378  1.003400
70.44924926	401	-0.035434 0.025139  0.996457
70.45439910	400	-0.035434 0.021308  0.987119
70.45954895	399	-0.034237 0.023942  0.984486
70.46469116	400	-0.039025 0.027533  0.990950
70.46984100	398	-0.027054 0.019632  0.985922
70.47498321	399	-0.025378 0.024421  0.993823
70.48012542	400	-0.033279 0.019393  0.986401
70.48527526	400	-0.022266 0.027054  0.976824
70.49041748	398	-0.025378 0.023224  0.987359
70.49556732	399	-0.025618 0.021548  0.982331
70.50071716	399	-0.022984 0.022745  0.985204
70.50585937	399	-0.021308 0.015083  0.985204
70.51100921	399	-0.024899 0.024899  0.981134
70.51615905	399	-0.024899 0.018914  0.978500
70.52129364	398	-0.025857 0.019632  0.983289
70.52645111	399	-0.022984 0.016759  0.987359
70.53158569	399	-0.033758 0.021069  0.978500
70.53673553	398	-0.032082 0.025139  0.978740
70.54187774	397	-0.031603 0.022026  0.981373
70.54702758	399	-0.032321 0.022745  0.986401
70.55216979	397	-0.034237 0.023224  0.982092
70.55731964	398	-0.035194 0.023463  0.984965
70.56247711	398	-0.035673 0.026575  0.981373
70.56763458	399	-0.035194 0.022266  0.984246
70.57279968	400	-0.047644 0.023224  0.984246
70.57796478	400	-0.044532 0.035434  0.985204
70.58312225	401	-0.055784 0.031124  0.982810
70.58827972	401	-0.047884 0.031843  0.979937
70.59344482	402	-0.051714 0.022505  0.992626
70.59862518	401	-0.048602 0.028970  0.993105
70.60377502	400	-0.054827 0.031124  0.985443
70.60894775	402	-0.052672 0.029209  0.997654
70.61410522	401	-0.050757 0.030885  0.991668
70.61926269	403	-0.049081 0.026575  1.006512
70.62441253	404	-0.051235 0.032321  0.990950
70.62956237	403	-0.052432 0.023942  1.000766
70.63470458	406	-0.049799 0.027533  1.007470
70.63985443	406	-0.051475 0.027772  1.005076
70.64500427	403	-0.050757 0.027054  1.003160
70.65015411	407	-0.046926 0.023702  1.007470
70.65529632	408	-0.051235 0.030406  1.010822
70.66044616	408	-0.050996 0.027294  0.999330
70.66558837	408	-0.046686 0.022984  1.009864
70.67073822	408	-0.042616 0.033758  1.018244
70.67588806	409	-0.043095 0.025857  1.012737
70.68103027	409	-0.042138 0.022505  1.015610
70.68617248	407	-0.045968 0.022026  1.022074
70.69132995	409	-0.034237 0.015562  1.027342
70.69646453	411	-0.038307 0.014844  1.023511
70.70161437	412	-0.036631 0.017956  1.030693
70.70676422	412	-0.032561 0.015802  1.037158
70.71192169	413	-0.036391 0.016280  1.028060
70.71705627	411	-0.031843 0.016041  1.030454
70.72222137	416	-0.025618 0.014604  1.038594
70.72737884	415	-0.030885 0.015323  1.040031
70.73254394	417	-0.032321 0.012210  1.045537
70.73769378	417	-0.033518 0.019393  1.046495
70.74286651	418	-0.030885 0.010295  1.051283
70.74801635	418	-0.032561 0.013168  1.056550
70.75318145	418	-0.030406 0.011731  1.057029
70.75833892	420	-0.031364 0.016759  1.060621
70.76350402	422	-0.033040 0.014126  1.058466
70.76865386	424	-0.033518 0.012450  1.063972
70.77381134	423	-0.036391 0.015083  1.069240
70.77896881	426	-0.037110 0.018435  1.062775
70.78412628	427	-0.038067 0.016759  1.076901
70.78926086	428	-0.041180 0.019153  1.070197
70.79442596	426	-0.041419 0.021308  1.076422
70.79956817	427	-0.046208 0.021308  1.076422
70.80472564	431	-0.046686 0.019393  1.074746
70.80987548	431	-0.051954 0.020590  1.081929
70.81502532	432	-0.059136 0.019153  1.085760
70.82017517	432	-0.055066 0.023463  1.088872
70.82531738	434	-0.057460 0.019872  1.093181
70.83047485	434	-0.058657 0.021069  1.093900
70.83562469	438	-0.061770 0.024899  1.102519
70.84078216	438	-0.062727 0.028012  1.105631
70.84592437	441	-0.062488 0.021069  1.102040
70.85107421	441	-0.059376 0.023702  1.100125
70.85620880	446	-0.061052 0.026815  1.091745
70.86136627	446	-0.057939 0.023224  1.108265
70.86650848	449	-0.060094 0.026815  1.115208
70.87166595	448	-0.061291 0.020829  1.112095
70.87680816	449	-0.057460 0.023463  1.107546
70.88196563	450	-0.057460 0.017717  1.114250
70.88712310	451	-0.054827 0.009816  1.110898
70.89228820	450	-0.052432 0.011971  1.111138
70.89744567	453	-0.048841 0.013647  1.117123
70.90261077	455	-0.049320 0.014126  1.121433
##inga 
#ido(sec)  szog(ADC)     ax(g)    ay(g)   az(g)
70.90831756	454	-0.044532 0.019632  1.121433
70.91358947	456	-0.039265 0.011013  1.113293
70.91890716	456	-0.036631 0.002873  1.128376
70.92417907	457	-0.040462 0.004070  1.119039
70.92932891	458	-0.041659 0.008140  1.119757
70.93448638	462	-0.033997 0.004310  1.127418
70.93965148	462	-0.037589 0.001676  1.125024
70.94479370	463	-0.036152 0.001915  1.125982
70.94995117	464	-0.029927 -0.005028  1.121912
70.95515441	466	-0.035913 0.003352  1.128855
70.96030426	467	-0.032800 0.001915  1.127658
70.96545410	469	-0.034955 0.006225  1.120954
70.97061157	471	-0.032800 0.002873  1.120954
70.97576904	472	-0.041898 0.000479  1.130052
70.98091125	473	-0.044292 0.009098  1.130770
70.98605346	476	-0.043574 0.004549  1.130291
70.99121093	477	-0.044532 0.003352  1.124066
70.99634552	477	-0.042377 -0.002873  1.130291
71.00153350	477	-0.048602 0.006225  1.125263
71.00669097	481	-0.049081 0.002394  1.134601
71.01183319	482	-0.057221 0.004788  1.130291
71.01697540	484	-0.050038 0.007661  1.120714
71.02210998	486	-0.054587 0.004070  1.123348
71.02724456	488	-0.054587 0.003831  1.122151
71.03240203	488	-0.057221 0.011971  1.117123
71.03755187	491	-0.062249 0.007661  1.122630
71.04269409	490	-0.060573 0.009337  1.118320
71.04783630	494	-0.066558 0.012929  1.116405
71.05300903	495	-0.065122 0.012450  1.119039
71.05817413	493	-0.062488 0.013886  1.117841
71.06333923	497	-0.070389 0.004549  1.122151
71.06849670	498	-0.068473 0.011492  1.110659
71.07366180	501	-0.065361 0.011731  1.112814
71.07882690	502	-0.065122 0.009816  1.111856
71.08399963	504	-0.069910 0.019153  1.113293
71.08914947	504	-0.066079 0.008380  1.106828
71.09431457	504	-0.053630 0.011253  1.104434
71.09946441	503	-0.065600 0.006464  1.099646
71.10462188	504	-0.061291 0.002394  1.107786
71.10977935	506	-0.058418 0.005028  1.097012
71.11493682	509	-0.059136 -0.006225  1.096533
71.12013244	510	-0.055784 -0.001915  1.097012
71.12532806	512	-0.053151 0.001197  1.096054
71.13047027	511	-0.052432 0.004070  1.089111
71.13560485	514	-0.053151 -0.001676  1.095576
71.14080810	518	-0.048362 -0.002873  1.086717
71.14600372	518	-0.044053 -0.004070  1.084802
71.15118408	519	-0.047405 -0.007661  1.072831
71.15638732	519	-0.044532 -0.011253  1.080013
71.16158294	523	-0.045250 -0.010534  1.078098
71.16678619	525	-0.038546 -0.005746  1.073070
71.17196655	525	-0.044532 -0.015562  1.085041
71.17717742	525	-0.037589 -0.009816  1.071394
71.18238067	527	-0.045011 -0.010295  1.072592
71.18758392	527	-0.042616 -0.009577  1.056790
71.19278717	528	-0.043813 -0.006943  1.064451
71.19797515	528	-0.049320 -0.004788  1.061578
71.20317077	530	-0.043574 -0.008140  1.046734
71.20836639	529	-0.046208 -0.005028  1.052959
71.21356964	532	-0.048123 -0.007183  1.053678
71.21876525	534	-0.054587 -0.004788  1.052241
71.22396850	535	-0.052672 -0.006943  1.048650
71.22917175	536	-0.052911 -0.005985  1.049607
71.23436737	537	-0.053390 0.000479  1.048410
71.23951721	535	-0.060573 0.000239  1.041467
71.24467468	537	-0.061770 -0.002873  1.037636
71.24988555	536	-0.061530 -0.002634  1.035242
71.25508880	535	-0.059854 -0.000479  1.042185
71.26027679	538	-0.064882 0.005267  1.023990
71.26542663	536	-0.069431 0.004788  1.028299
71.27056884	540	-0.069192 0.000000  1.027820
71.27568054	540	-0.070868 0.002155  1.024229
71.28082275	542	-0.069192 0.000239  1.019920
71.28596496	539	-0.069431 0.001915  1.028060
71.29111480	542	-0.067276 0.000000  1.032130
71.29621887	542	-0.070389 0.001197  1.018244
71.30136108	540	-0.072065 -0.001676  1.011779
71.30655670	543	-0.066319 0.005746  1.017047
71.31169891	544	-0.067276 0.000239  1.022553
71.31684875	544	-0.069671 -0.002155  1.012258
71.32204437	545	-0.061530 0.002394  1.006752
71.32720184	543	-0.061052 -0.004310  1.012498
71.33239746	546	-0.062249 -0.005985  1.009146
71.33758544	547	-0.060812 -0.007183  1.004597
71.34278106	548	-0.061291 -0.010774  1.003879
71.34798431	549	-0.055306 -0.011971  1.008667
71.35318756	549	-0.056263 -0.004549  1.004836
71.35838317	549	-0.048362 -0.010774  0.993344
71.36360168	547	-0.046926 -0.011731  1.001006
71.36879730	547	-0.051954 -0.014604  1.006033
71.37400054	550	-0.050996 -0.012450  0.994781
71.37920379	550	-0.043813 -0.015802  0.991189
71.38439178	549	-0.047165 -0.020351  0.994541
71.38958740	547	-0.049320 -0.015562  0.991429
71.39478302	549	-0.047644 -0.016520  0.989274
71.39997100	548	-0.041419 -0.015083  0.992147
71.40517425	550	-0.046926 -0.016999  0.995738
71.41038513	550	-0.048123 -0.009337  0.992387
71.41558837	550	-0.043335 -0.009577  1.005315
71.42079925	550	-0.045968 -0.015802  1.004118
71.42601013	550	-0.050757 -0.019632  0.995020
##inga 
#ido(sec)  szog(ADC)     ax(g)    ay(g)   az(g)
71.43174743	549	-0.042377 -0.016280  0.993584
71.43701934	549	-0.051235 -0.011971  0.997414
71.44229125	550	-0.047644 -0.009098  0.997175
71.44755554	548	-0.058657 -0.006225  0.999808
71.45275115	550	-0.055784 -0.008380  0.996457
71.45796203	547	-0.055784 -0.004788  0.995499
71.46315002	549	-0.056024 -0.002394  1.004597
71.46833801	547	-0.063925 -0.002873  0.994781
71.47353363	547	-0.062488 0.003352  1.000048
71.47869110	546	-0.064882 -0.000479  1.009385
71.48388671	548	-0.067276 0.008140  0.999569
71.48902130	547	-0.067995 0.004310  1.005794
71.49416351	547	-0.067755 0.008380  0.996935
71.49929809	548	-0.061530 0.004788  1.007230
71.50444793	548	-0.064643 0.004310  1.014892
71.50959777	547	-0.070628 0.002394  1.007470
71.51473236	545	-0.066558 -0.001676  1.010582
71.51993560	544	-0.066798 0.008380  1.010343
71.52508544	544	-0.070628 0.005746  1.005315
71.53025054	541	-0.065361 0.003591  1.019680
71.53540802	543	-0.059615 0.005985  1.023750
71.54055786	542	-0.057939 0.000718  1.019680
71.54571533	538	-0.067037 0.004310  1.016328
71.55088043	541	-0.063925 0.002394  1.021835
71.55603027	540	-0.058657 -0.003591  1.027102
71.56123352	539	-0.061770 -0.003591  1.019920
71.56642150	536	-0.052672 0.000000  1.021595
71.57154083	537	-0.054348 -0.001437  1.028299
71.57673645	535	-0.051475 0.000239  1.033566
71.58187103	535	-0.042377 0.006704  1.037397
71.58702087	536	-0.045729 -0.000958  1.036918
71.59220886	536	-0.041419 0.001676  1.040270
71.59735870	536	-0.048841 -0.004070  1.032130
71.60254669	535	-0.041419 -0.005267  1.036918
71.60774230	535	-0.037349 0.004070  1.052480
71.61287689	534	-0.040701 -0.006225  1.046256
71.61806488	530	-0.039265 0.001676  1.045777
71.62321472	529	-0.038067 -0.004310  1.050326
71.62841796	529	-0.044771 -0.003591  1.057748
71.63361358	529	-0.039743 -0.003591  1.057987
71.63882446	527	-0.043095 0.000479  1.053678
71.64398193	525	-0.040462 -0.000239  1.057987
71.64918518	526	-0.042138 0.000958  1.064930
71.65433502	526	-0.047884 -0.004549  1.063972
71.65953826	524	-0.043574 -0.000958  1.061339
71.66474151	523	-0.050517 0.002394  1.070437
71.66990661	522	-0.052193 0.001915  1.078098
71.67504882	519	-0.055306 0.009098  1.075943
71.68019104	517	-0.058657 0.005267  1.075943
71.68533325	518	-0.054108 0.007661  1.083605
71.69049835	515	-0.054587 0.009816  1.081450
71.69563293	514	-0.059136 0.013886  1.086957
71.70078277	511	-0.058179 0.005267  1.086717
71.70591735	512	-0.058897 0.015323  1.090069
71.71107482	509	-0.061770 0.018675  1.092942
71.71622467	509	-0.063206 0.014126  1.081929
71.72135925	507	-0.060094 0.007661  1.085520
71.72649383	504	-0.060812 0.014126  1.095336
71.73165893	506	-0.062967 0.011971  1.097252
71.73680114	505	-0.063925 0.015083  1.106589
71.74195098	504	-0.056742 0.007183  1.114729
71.74708557	503	-0.059854 0.014604  1.104673
71.75224304	503	-0.061530 0.012689  1.110419
71.75737762	500	-0.062249 0.016280  1.103476
71.76252746	499	-0.057221 0.016520  1.107068
71.76766204	499	-0.058179 0.009337  1.114011
71.77281951	497	-0.056503 0.011013  1.107068
71.77797698	496	-0.055545 0.010774  1.120475
71.78313446	491	-0.053630 0.012929  1.114729
71.78830718	490	-0.046447 0.016280  1.116165
71.79345703	489	-0.048123 0.008619  1.120236
71.79862213	487	-0.046926 0.011731  1.108744
71.80379486	486	-0.045729 0.006225  1.116405
71.80894470	486	-0.045968 0.007661  1.122151
71.81410980	484	-0.037110 0.016999  1.116644
71.81926727	484	-0.043574 0.001197  1.119039
71.82443237	481	-0.034476 0.007661  1.118081
71.82958221	480	-0.035913 0.010295  1.125982
71.83473968	479	-0.036391 0.000479  1.125263
71.83988952	477	-0.035434 0.002155  1.126939
71.84503173	475	-0.032082 0.010534  1.126461
71.85018157	474	-0.031843 0.009098  1.116644
71.85533142	472	-0.027054 0.008140  1.130291
71.86046600	472	-0.039265 0.000958  1.124306
71.86561584	468	-0.035434 0.005028  1.121433
71.87075042	469	-0.044771 0.008140  1.114729
71.87588500	466	-0.038067 0.004788  1.120714
71.88104248	464	-0.037349 0.010774  1.127658
71.88619995	464	-0.041659 0.008380  1.123587
71.89132690	464	-0.044292 0.009577  1.118081
71.89648437	464	-0.047165 0.015802  1.120714
71.90164947	461	-0.053390 0.011492  1.124306
71.90679931	458	-0.049559 0.016280  1.118320
71.91191864	456	-0.052193 0.016280  1.109701
71.91706085	457	-0.045968 0.024660  1.112814
71.92221069	454	-0.052911 0.020111  1.121672
71.92736053	454	-0.052911 0.017477  1.115926
71.93249511	451	-0.050278 0.028970  1.117363
71.93764495	451	-0.060573 0.025857  1.112335
71.94280242	451	-0.056981 0.022984  1.118081
71.94795227	448	-0.054348 0.021069  1.113532
##inga 
#ido(sec)  szog(ADC)     ax(g)    ay(g)   az(g)
71.95365142	448	-0.060812 0.021787  1.108265
71.95893096	449	-0.059376 0.029448  1.116405
71.96419525	447	-0.060812 0.024660  1.104673
71.96945953	447	-0.057460 0.027294  1.111377
71.97462463	446	-0.060573 0.026097  1.112335
71.97978973	444	-0.055066 0.030406  1.092463
71.98495483	441	-0.051954 0.022505  1.101561
71.99011230	441	-0.050517 0.021787  1.097491
71.99527740	440	-0.046447 0.023942  1.093660
72.00043487	437	-0.040222 0.022505  1.092703
72.00559997	435	-0.045250 0.018196  1.095576
72.01075744	435	-0.037589 0.020111  1.086238
72.01592254	435	-0.044532 0.016759  1.085041
72.02107238	433	-0.037110 0.020111  1.089111
72.02622222	432	-0.035434 0.020829  1.081210
72.03137969	430	-0.039983 0.017956  1.074986
72.03652191	432	-0.035673 0.020111  1.080013
72.04166412	428	-0.027054 0.010295  1.072113
72.04682159	428	-0.028491 0.015802  1.082886
72.05197906	426	-0.034237 0.012929  1.068282
72.05712127	424	-0.030885 0.014126  1.072592
72.06227874	425	-0.028730 0.015802  1.061818
72.06742858	423	-0.023463 0.015802  1.063494
72.07258605	422	-0.027294 0.019393  1.057748
72.07772827	421	-0.029209 0.013886  1.052241
72.08287811	421	-0.03016