##inga 
#ido(sec)  szog(ADC)     ax(g)    ay(g)   az(g)
0.00171200	421	-0.085712 0.062727  1.007709
0.00691600	422	-0.090021 0.046686  1.023990
##inga 
#ido(sec)  szog(ADC)     ax(g)    ay(g)   az(g)
0.01332800	420	-0.119230 0.044532  0.978979
0.01853600	420	-0.132398 0.084993  1.000527
0.02374800	422	-0.143411 0.087627  1.034285
0.02896800	422	-0.145566 0.086430  1.014174
0.03400800	419	-0.161607 0.063685  0.982092
0.03905200	422	-0.160649 0.093612  1.002921
0.04410000	422	-0.173817 0.101992  1.019920
0.04916000	422	-0.165198 0.105104  1.031651
0.05420399	422	-0.167832 0.066079  1.004836
0.05926000	423	-0.156340 0.074459  0.998611
0.06430801	423	-0.152749 0.083078  1.021117
0.06937200	421	-0.139341 0.088585  1.029017
0.07442000	423	-0.135989 0.049799  1.009625
0.07946800	423	-0.104865 0.045729  1.016568
0.08450401	422	-0.100795 0.051475  1.027820
0.08953201	425	-0.083557 0.062488  1.031172
0.09458000	423	-0.068713 0.011492  0.990471
0.09961600	424	-0.059854 0.002873  0.989992
0.10464401	426	-0.037110 0.011492  1.035482
0.10970001	425	-0.031843 0.050757  1.051762
0.11474801	427	-0.012689 0.015323  1.020398
0.11979601	426	-0.000239 -0.040222  1.010822
0.12487601	428	0.020351 -0.039025  1.003879
0.12992399	427	0.026575 0.004549  1.040749
0.13497200	429	0.021308 0.005267  1.026144
0.14001200	429	0.028251 -0.053390  1.014413
0.14506000	430	0.045489 -0.059854  1.043622
0.15008400	428	0.039743 -0.023942  1.039312
0.15511600	428	0.035673 -0.009098  1.044101
0.16014399	431	0.054348 -0.040940  1.022553
0.16516799	431	0.056024 -0.062249  1.025187
0.17020800	432	0.053630 -0.040462  1.036679
0.17524399	433	0.055545 -0.007661  1.030215
0.18029600	434	0.038786 -0.034716  1.010582
0.18533200	433	0.053869 -0.058418  1.045777
0.19039600	434	0.045489 -0.046686  1.057508
0.19542799	434	0.031603 -0.007183  1.040270
0.20048398	434	0.020111 -0.011013  1.005315
0.20554399	435	0.017477 -0.027772  1.038594
0.21058399	436	0.011013 -0.039743  1.057987
0.21561198	437	0.009337 -0.003352  1.039073
0.22065598	436	-0.026097 0.020829  1.009385
0.22569999	438	-0.043095 0.019872  1.034285
0.23073198	440	-0.032800 -0.013168  1.074507
0.23581199	439	-0.060573 0.020590  1.066846
0.24085600	442	-0.092176 0.059136  1.010822
0.24590001	442	-0.091458 0.066319  1.057269
0.25094799	442	-0.097922 0.033758  1.067803
0.25600001	442	-0.098640 0.020111  1.048650
0.26103601	442	-0.121385 0.045968  1.027102
0.26608397	441	-0.138383 0.094809  1.033327
0.27114000	443	-0.133356 0.072783  1.086478
0.27620000	445	-0.141735 0.042138  1.061578
0.28124799	447	-0.162804 0.061770  1.039552
0.28628799	447	-0.160410 0.096964  1.043143
0.29132399	448	-0.154664 0.095767  1.072592
0.29637598	445	-0.153706 0.061052  1.070676
0.30141999	448	-0.150354 0.057221  1.052959
0.30645599	448	-0.154185 0.071825  1.037397
0.31150400	449	-0.130483 0.081881  1.085281
0.31656398	449	-0.122103 0.055784  1.082168
0.32161598	448	-0.113723 0.032561  1.042425
0.32668800	451	-0.103189 0.039504  1.045298
0.33174800	453	-0.082839 0.031124  1.039312
0.33679599	454	-0.088345 0.038307  1.067324
0.34185199	453	-0.080444 0.022026  1.072113
0.34691200	456	-0.057939 0.023702  1.082886
0.35197601	456	-0.048362 0.015802  1.066606
0.35702800	456	-0.023224 -0.002394  1.054156
0.36210398	457	-0.012929 -0.012689  1.071394
0.36718800	459	0.005507 -0.017477  1.073310
0.37220799	461	0.019393 -0.022505  1.069240
0.37723600	462	0.026575 -0.027294  1.063015
0.38227200	463	0.019632 -0.036391  1.061818
0.38729598	462	0.036870 -0.036631  1.102040
0.39233198	463	0.043813 -0.039265  1.101082
0.39737998	465	0.030645 -0.039504  1.063494
0.40243201	464	0.039743 -0.046926  1.055832
0.40748400	467	0.052432 -0.047405  1.075704
0.41254401	465	0.042138 -0.043813  1.102519
0.41761198	468	0.039983 -0.043813  1.088393
0.42265996	469	0.039265 -0.044532  1.060381
0.42770800	469	0.038786 -0.040222  1.065888
0.43273601	473	0.028730 -0.040222  1.088154
0.43776803	473	0.034237 -0.036391  1.107546
0.44279599	473	0.020590 -0.034237  1.066367
0.44783201	473	0.021069 -0.025857  1.051044
0.45287599	475	0.014126 -0.023942  1.073789
0.45793600	476	-0.011971 -0.016280  1.062536
0.46303997	478	-0.019872 -0.003831  1.074507
0.46812400	476	-0.035913 -0.004070  1.077380
0.47320399	479	-0.053869 0.009577  1.064212
0.47824802	478	-0.064882 0.017717  1.081450
0.48329200	480	-0.081402 0.014126  1.077619
0.48834800	482	-0.098880 0.019153  1.080492
0.49339199	483	-0.106780 0.039025  1.082408
0.49845199	482	-0.121385 0.061291  1.076662
0.50352401	482	-0.126891 0.050278  1.072113
0.50858802	484	-0.137665 0.039504  1.059663
0.51364398	485	-0.137186 0.042377  1.058466
0.51868000	485	-0.146524 0.067516  1.079774
##inga 
#ido(sec)  szog(ADC)     ax(g)    ay(g)   az(g)
0.52424001	485	-0.144848 0.075177  1.061339
0.52947998	486	-0.149397 0.053151  1.070676
0.53470401	487	-0.147721 0.048123  1.095576
0.53992404	491	-0.147481 0.063206  1.059424
0.54497199	492	-0.148439 0.074698  1.062057
0.55002803	492	-0.136708 0.052672  1.080253
0.55507602	494	-0.132398 0.029688  1.069958
0.56013603	494	-0.118033 0.037589  1.050565
0.56518001	492	-0.122821 0.053390  1.049847
0.57024002	493	-0.122342 0.045250  1.069240
0.57530803	497	-0.099358 0.031843  1.077859
0.58035602	496	-0.093134 0.011492  1.077380
0.58540797	499	-0.069910 0.020351  1.054875
0.59045600	500	-0.065122 0.016041  1.045777
0.59549198	501	-0.035913 0.006225  1.062775
0.60053200	502	-0.034716 -0.015083  1.077859
0.60560798	500	-0.016999 -0.021787  1.053678
0.61070003	503	-0.001197 -0.027054  1.050804
0.61577997	502	0.018914 -0.035673  1.068282
0.62081599	503	0.025618 -0.045489  1.066127
0.62585201	505	0.024660 -0.050757  1.052002
0.63088397	502	0.036152 -0.046447  1.025426
0.63591599	504	0.034955 -0.043574  1.052241
0.64095997	504	0.033279 -0.049559  1.069958
0.64600400	506	0.036870 -0.054827  1.062536
0.65104799	507	0.041419 -0.055545  1.040988
0.65609598	508	0.035913 -0.044292  1.035961
0.66113595	506	0.036870 -0.042616  1.045537
0.66616001	509	0.036152 -0.050757  1.046016
0.67118797	510	0.030645 -0.054827  1.053438
0.67623195	509	0.030406 -0.044053  1.041467
0.68126001	512	0.016999 -0.032561  1.035721
0.68629198	513	0.005985 -0.029927  1.028299
0.69134001	513	-0.005028 -0.027054  1.059184
0.69642801	515	-0.013886 -0.038307  1.035482
0.70151195	512	-0.031364 -0.005267  1.029017
0.70660400	514	-0.044292 0.006704  1.047692
0.71166400	515	-0.053390 -0.002394  1.043861
0.71675596	517	-0.079247 -0.008140  1.034045
0.72183599	517	-0.082599 0.013647  1.038115
0.72688398	518	-0.103907 0.033040  1.030454
0.73193998	517	-0.115878 0.049799  1.041228
0.73699998	515	-0.118272 0.022266  1.027581
0.74205203	518	-0.134313 0.030885  1.051044
0.74711198	518	-0.136708 0.051954  1.046734
0.75216398	517	-0.138383 0.063685  1.015371
0.75722403	519	-0.149636 0.042377  1.004357
0.76227598	520	-0.139581 0.041180  1.033327
0.76732802	520	-0.138862 0.037589  1.051044
0.77237997	521	-0.154664 0.066558  1.017047
0.77744002	522	-0.145327 0.055545  1.015131
0.78250403	522	-0.131201 0.038786  1.037158
0.78756399	521	-0.139820 0.028730  1.024469
0.79261999	523	-0.128567 0.049320  1.024229
0.79767603	524	-0.129525 0.051954  1.020159
0.80272397	524	-0.110611 0.032082  1.027581
0.80778007	524	-0.097922 0.014604  1.040749
0.81283597	524	-0.083557 0.013647  1.028060
0.81788806	522	-0.083557 0.019393  1.014892
0.82293996	522	-0.052193 0.011013  1.019441
0.82797603	523	-0.043095 -0.011731  1.028060
0.83306398	525	-0.035194 -0.027533  1.013934
0.83815202	524	-0.022266 -0.023942  1.010343
0.84323606	525	-0.008140 -0.015562  1.009625
0.84832000	525	0.002634 -0.035194  1.013455
0.85334796	525	0.010056 -0.053151  1.024947
0.85837192	525	0.022026 -0.051714  1.010822
0.86340799	525	0.028491 -0.049559  1.023271
0.86845998	523	0.037828 -0.044053  1.023271
0.87349996	525	0.038786 -0.048123  1.006273
0.87854394	525	0.035673 -0.062727  1.017286
0.88359603	525	0.039743 -0.049559  1.026384
0.88865203	526	0.040701 -0.054587  1.029257
0.89369602	525	0.031603 -0.053630  1.025187
0.89873600	524	0.032800 -0.053390  0.997893
0.90376005	523	0.028970 -0.039743  1.015849
0.90879201	525	0.021787 -0.043813  1.022074
0.91382007	525	0.013886 -0.034716  1.010343
0.91885604	523	0.002155 -0.029688  1.015849
0.92389602	525	-0.011492 -0.034955  1.016089
0.92898397	525	-0.019632 -0.015562  1.011301
0.93408794	524	-0.030885 -0.000479  1.030933
0.93915996	525	-0.042856 0.000479  1.007949
0.94419202	524	-0.064882 -0.000958  1.007470
0.94927196	524	-0.070389 0.003112  1.032130
0.95430393	523	-0.089303 0.029688  1.024947
0.95935602	521	-0.104865 0.041180  1.022553
0.96440801	522	-0.109653 0.028251  1.009385
0.96947202	521	-0.112766 0.030645  1.035242
0.97453603	519	-0.120667 0.045729  1.033806
0.97958393	517	-0.136708 0.064882  1.036200
0.98461999	518	-0.141735 0.054587  1.024708
0.98967199	518	-0.133835 0.047165  1.030933
0.99471197	519	-0.140778 0.041659  1.041467
0.99975996	518	-0.140299 0.061770  1.023271
1.00479602	518	-0.138383 0.066319  1.017286
1.00985205	516	-0.133595 0.055066  1.031890
1.01490402	517	-0.130004 0.032800  1.029017
1.01995599	517	-0.123779 0.041659  1.040510
1.02501201	516	-0.123300 0.058897  1.043383
1.03008794	515	-0.109414 0.036631  1.033806
##inga 
#ido(sec)  szog(ADC)     ax(g)    ay(g)   az(g)
1.03568398	515	-0.097922 0.026097  1.042904
1.04091203	515	-0.088345 0.015083  1.030693
1.04612004	514	-0.072783 0.025378  1.036679
1.05132794	514	-0.053630 0.020351  1.045537
1.05637598	510	-0.042616 0.001676  1.037636
1.06141996	513	-0.027054 -0.008619  1.041707
1.06649994	511	-0.024899 -0.014844  1.040270
1.07159197	511	-0.017238 -0.012929  1.042664
1.07669603	511	0.003591 -0.016520  1.046734
1.08174001	511	0.014604 -0.033279  1.029975
1.08676397	509	0.016041 -0.044771  1.040270
1.09179997	509	0.024181 -0.033518  1.054635
1.09684395	508	0.027772 -0.030645  1.045058
1.10188400	507	0.033040 -0.036391  1.032130
1.10692000	506	0.034476 -0.043574  1.039552
1.11196398	506	0.038546 -0.049320  1.060860
1.11699199	504	0.038786 -0.039025  1.048650
1.12204802	503	0.029209 -0.032561  1.047692
1.12709999	504	0.026336 -0.037110  1.040510
1.13214004	504	0.024421 -0.039983  1.052480
1.13718402	503	0.029209 -0.033997  1.056550
1.14222002	503	0.009816 -0.024899  1.046495
1.14725601	503	0.002634 -0.022745  1.061578
1.15230000	502	-0.004549 -0.021308  1.058466
1.15737998	502	-0.014365 -0.004310  1.061578
1.16246402	499	-0.037828 0.005507  1.066846
1.16752398	501	-0.041659 0.013407  1.047692
1.17258000	498	-0.055784 0.001197  1.067564
1.17764401	496	-0.053869 0.005507  1.061818
1.18270397	497	-0.076135 0.018196  1.062775
1.18777203	496	-0.083557 0.049081  1.062775
1.19283604	495	-0.102950 0.037110  1.055593
1.19790005	494	-0.105823 0.036870  1.061339
1.20296001	494	-0.124976 0.040940  1.081210
1.20801198	490	-0.123779 0.062488  1.077380
1.21305203	492	-0.127370 0.055306  1.066846
1.21809995	491	-0.129525 0.045011  1.057987
1.22314798	488	-0.123061 0.037110  1.068282
1.22818398	489	-0.132398 0.061770  1.071394
1.23324000	488	-0.129764 0.071107  1.074746
1.23828005	487	-0.120667 0.054587  1.065170
1.24333202	485	-0.118033 0.047644  1.070197
1.24838805	485	-0.122103 0.043335  1.067564
1.25344395	485	-0.114202 0.052911  1.070437
1.25850796	482	-0.109174 0.058657  1.076901
1.26356005	482	-0.103428 0.038786  1.067324
1.26861596	479	-0.087148 0.020590  1.080492
1.27367198	479	-0.080205 0.019393  1.083844
1.27872395	479	-0.064403 0.033758  1.064930
1.28376399	479	-0.050278 0.019872  1.081450
1.28880405	477	-0.036152 0.001197  1.067085
1.29385196	475	-0.027772 -0.003591  1.068521
1.29893994	474	-0.014126 -0.009337  1.078816
1.30402803	474	-0.004788 -0.005267  1.071394
1.30911195	471	0.006704 -0.016280  1.073070
1.31414794	472	0.012450 -0.028970  1.075464
1.31918001	471	0.024660 -0.023942  1.043383
1.32423603	470	0.020829 -0.015083  1.077619
1.32928395	471	0.022984 -0.021069  1.091506
1.33435201	469	0.033040 -0.039265  1.080253
1.33939599	470	0.032800 -0.033997  1.073310
1.34442794	467	0.022745 -0.020590  1.067324
1.34949195	467	0.030406 -0.021069  1.075225
1.35454797	466	0.031124 -0.030645  1.077859
1.35961198	463	0.027533 -0.028730  1.074028
1.36467194	462	0.020351 -0.021069  1.064691
1.36971604	464	0.014604 -0.014844  1.066127
1.37475597	461	0.008140 -0.018914  1.064691
1.37979602	463	0.003591 -0.021069  1.070676
1.38483201	462	-0.003831 -0.006225  1.066367
1.38991201	459	-0.015323 0.009098  1.074507
1.39496397	457	-0.030885 0.003831  1.069000
1.39999998	458	-0.043574 0.012210  1.065888
1.40504398	455	-0.054827 0.022745  1.073789
1.41009998	456	-0.065840 0.035434  1.070916
1.41514801	455	-0.071346 0.037589  1.054396
1.42021203	454	-0.087627 0.039025  1.066367
1.42527604	453	-0.098640 0.036152  1.060381
1.43032798	451	-0.103907 0.057221  1.074267
1.43539199	451	-0.110611 0.055545  1.075225
1.44044399	452	-0.111808 0.045729  1.051762
1.44549598	451	-0.114921 0.046686  1.054875
1.45054807	451	-0.107738 0.056263  1.068282
1.45558795	449	-0.119709 0.067755  1.051523
1.46063604	447	-0.120188 0.067037  1.052241
1.46567592	447	-0.116118 0.050996  1.065888
1.47072401	448	-0.116596 0.052193  1.050804
1.47577199	448	-0.109653 0.058897  1.058705
1.48082804	446	-0.101753 0.068952  1.052241
1.48587598	446	-0.107020 0.048123  1.051523
1.49091601	447	-0.086430 0.033997  1.052720
1.49595999	446	-0.087387 0.044771  1.056550
1.50101604	446	-0.091218 0.050757  1.054156
1.50608801	446	-0.077093 0.041659  1.044101
1.51115202	444	-0.063685 0.028251  1.054156
1.51620807	441	-0.051954 0.018196  1.055114
1.52125597	439	-0.041180 0.022266  1.041467
1.52629604	440	-0.030885 0.017238  1.041707
1.53133201	438	-0.020590 0.005746  1.045537
1.53636002	440	-0.009098 -0.005507  1.045777
1.54144392	439	0.004549 0.006225  1.047692
##inga 
#ido(sec)  szog(ADC)     ax(g)    ay(g)   az(g)
1.54698801	438	0.013407 -0.009577  1.039791
1.55221996	436	0.024421 -0.013886  1.016807
1.55745601	436	0.015323 -0.024181  1.038115
1.56269598	435	0.017238 -0.015562  1.055593
1.56774797	435	0.030885 -0.016999  1.050086
1.57279596	432	0.021787 -0.007901  1.033327
1.57784795	434	0.028251 -0.021069  1.025905
1.58291602	431	0.025857 -0.024181  1.036439
1.58797206	433	0.020111 -0.011731  1.035482
1.59302797	433	0.022505 -0.011253  1.034763
1.59807205	432	0.022266 -0.020590  1.026863
1.60311198	430	0.020829 -0.014844  1.029257
1.60815596	432	0.011971 -0.011013  1.037158
1.61320400	432	0.001676 -0.005746  1.026863
1.61824407	432	-0.000958 0.002155  1.012977
1.62327194	432	-0.012929 0.003112  1.028299
1.62832403	430	-0.023463 0.005746  1.030454
1.63336396	431	-0.034237 0.017238  1.030215
1.63842797	428	-0.044771 0.022026  1.014174
1.64348402	429	-0.053630 0.025139  1.021117
1.64854001	429	-0.065840 0.031124  1.024947
1.65359997	428	-0.079726 0.039265  1.022074
1.65865192	427	-0.085233 0.051475  1.018004
1.66371593	424	-0.084754 0.049559  1.014892
1.66875600	426	-0.091218 0.041419  1.022314
1.67378797	426	-0.094570 0.044053  1.001245
1.67882394	426	-0.106301 0.060573  1.024947
1.68385992	425	-0.108935 0.059136  1.014174
1.68892002	424	-0.110372 0.059854  1.012977
1.69397997	425	-0.112287 0.050757  1.012258
1.69902801	422	-0.111090 0.062727  1.012977
1.70408401	425	-0.111569 0.065600  1.011301
1.70913195	423	-0.105823 0.064882  1.015849
1.71419200	425	-0.101274 0.051954  1.008427
1.71923995	422	-0.099358 0.046926  1.018962
1.72428407	422	-0.092894 0.052911  1.008906
1.72935605	423	-0.083557 0.039025  1.002203
1.73441991	424	-0.074698 0.040462  1.005076
1.73948392	424	-0.074459 0.034716  1.013216
1.74454402	424	-0.060812 0.036870  1.016568
1.74958000	422	-0.061530 0.035913  1.008906
1.75461196	423	-0.042616 0.023463  1.012258
1.75964403	424	-0.031603 0.014126  1.007949
1.76468396	422	-0.026575 0.016759  1.001245
1.76973199	423	-0.019393 0.013647  1.024469
1.77479600	421	-0.002394 -0.000718  1.016568
1.77987194	422	0.003112 -0.009577  0.999569
1.78491601	424	0.010295 -0.012210  1.004836
1.78995599	424	0.020829 -0.010534  1.008427
1.79500794	423	0.020590 -0.006225  1.008427
1.80005207	424	0.017956 -0.017717  1.026384
1.80511999	424	0.024899 -0.022026  1.020638
1.81019201	424	0.021548 -0.021548  1.022553
1.81526002	424	0.014844 -0.010774  1.006752
1.82030792	423	0.018435 -0.013168  1.011540
1.82535600	425	0.019632 -0.021787  1.015849
1.83039999	425	0.022505 -0.017238  1.021595
1.83542804	425	0.018675 -0.006464  1.011061
1.84046802	423	0.008380 -0.006704  1.017047
1.84551200	424	0.009098 -0.012450  1.006512
1.85054006	424	-0.001676 -0.007422  1.010103
1.85562000	426	-0.012450 -0.000718  1.023271
1.86070804	427	-0.022984 0.002634  1.005076
1.86575994	427	-0.031843 0.014604  1.022553
1.87082805	428	-0.042616 0.009816  1.023511
1.87588405	428	-0.053630 0.019872  1.021356
1.88092403	428	-0.060333 0.032082  1.018244
1.88598394	427	-0.075895 0.037110  1.037158
1.89104795	429	-0.074938 0.038546  1.043143
1.89610004	427	-0.075177 0.033040  1.018244
1.90114793	428	-0.091697 0.036870  1.022074
1.90618801	429	-0.090500 0.046686  1.026863
1.91122798	429	-0.099119 0.053151  1.026623
1.91626405	430	-0.105823 0.050278  1.023271
1.92131195	430	-0.108935 0.051954  1.030693
1.92636394	431	-0.105344 0.053630  1.025187
1.93141603	432	-0.108456 0.056742  1.034763
1.93647203	431	-0.105823 0.056742  1.039791
1.94153995	431	-0.111329 0.052432  1.026863
1.94661607	433	-0.107499 0.041180  1.036439
1.95166797	433	-0.102710 0.045968  1.037636
1.95672407	433	-0.092655 0.046447  1.036439
1.96180000	434	-0.086190 0.042138  1.033088
1.96684398	434	-0.075895 0.024660  1.029257
1.97188396	436	-0.075417 0.025378  1.036679
1.97694396	436	-0.070868 0.035194  1.046974
1.98197994	437	-0.065840 0.040222  1.052241
1.98702001	437	-0.062727 0.026336  1.061339
1.99206809	435	-0.045250 0.010774  1.037636
1.99710798	438	-0.039983 0.005507  1.033566
2.00214791	441	-0.030167 0.013886  1.047453
2.00720405	443	-0.018196 0.001915  1.045298
2.01223993	442	-0.011731 -0.005985  1.059902
2.01733207	441	-0.004310 -0.012210  1.038594
2.02242398	445	0.001676 -0.012450  1.049847
2.02746796	446	0.012929 -0.015323  1.060381
2.03252410	447	0.016280 -0.012929  1.049368
2.03758001	446	0.015802 -0.026097  1.039073
2.04263591	448	0.014844 -0.019872  1.056311
2.04768395	447	0.014844 -0.024181  1.058705
2.05273604	448	0.017717 -0.023942  1.059184
##inga 
#ido(sec)  szog(ADC)     ax(g)    ay(g)   az(g)
2.05830788	448	0.012450 -0.024421  1.050326
2.06353998	448	0.013647 -0.022745  1.056790
2.06876397	448	0.014844 -0.017717  1.065170
2.07397603	450	0.005985 -0.010056  1.053917
2.07901597	449	0.002873 -0.016759  1.057029
2.08405208	449	-0.000958 -0.011013  1.063494
2.08913207	452	-0.004549 -0.000239  1.066367
2.09421610	453	-0.018914 -0.003831  1.062775
2.09930396	453	-0.033758 0.003112  1.053199
2.10435199	454	-0.040701 0.008858  1.064691
2.10940003	454	-0.055306 0.013407  1.067085
2.11445188	455	-0.054827 0.024181  1.073549
2.11951589	456	-0.071586 0.024421  1.063972
2.12457990	456	-0.073741 0.027533  1.059902
2.12964010	454	-0.086669 0.027533  1.074986
2.13467597	455	-0.097682 0.044053  1.080253
2.13971590	458	-0.096725 0.036870  1.051762
2.14475607	459	-0.096485 0.039504  1.067085
2.14979600	461	-0.107259 0.031124  1.074746
2.15482807	461	-0.108217 0.043335  1.067324
2.15986800	462	-0.113963 0.045489  1.078098
2.16491603	463	-0.108217 0.050278  1.071873
2.16997194	463	-0.100795 0.037110  1.070197
2.17501997	464	-0.101753 0.036391  1.076662
2.18008399	463	-0.112048 0.046447  1.070676
2.18513202	464	-0.101992 0.046208  1.075464
2.19019603	467	-0.099358 0.036391  1.076901
2.19525599	467	-0.092655 0.027772  1.073549
2.20032000	468	-0.094570 0.028730  1.069240
2.20534801	470	-0.089303 0.040462  1.076662
2.21039199	472	-0.077093 0.031843  1.073789
2.21543192	471	-0.072544 0.016041  1.071873
2.22047591	471	-0.065361 0.001915  1.062536
2.22551989	473	-0.046208 0.014844  1.071634
2.23057198	473	-0.039025 0.007422  1.079774
2.23560404	475	-0.029688 0.000479  1.065409
2.24064397	476	-0.026097 -0.013886  1.060621
2.24573588	477	-0.013407 -0.010774  1.080253
2.25082397	478	-0.003591 -0.011253  1.074267
2.25592398	479	-0.005028 -0.018914  1.073070
2.26101994	479	0.000239 -0.029448  1.064691
2.26606798	480	0.006943 -0.024181  1.067085
2.27111196	482	0.018196 -0.026097  1.070676
2.27618408	482	0.013647 -0.026815  1.068282
2.28125596	483	0.013886 -0.028491  1.070197
2.28631591	485	0.013168 -0.034716  1.065409
2.29137992	486	0.009337 -0.026097  1.075704
2.29643607	488	0.004070 -0.022266  1.066846
2.30146789	488	0.000000 -0.026815  1.069718
2.30648803	489	-0.002873 -0.023463  1.067803
2.31158399	490	-0.008140 -0.018675  1.065888
2.31665992	490	-0.016759 -0.009337  1.067803
2.32173991	491	-0.023224 -0.015802  1.058705
2.32683992	492	-0.024899 -0.009816  1.057748
2.33192801	493	-0.033518 -0.006704  1.058945
2.33701610	493	-0.045011 0.001915  1.056790
2.34206008	496	-0.052432 0.006704  1.062296
2.34711599	493	-0.058179 0.006464  1.058945
2.35217189	496	-0.075417 0.011731  1.067564
2.35722804	496	-0.080205 0.020111  1.061578
2.36227607	497	-0.089303 0.032321  1.054875
2.36733603	498	-0.096007 0.027772  1.063972
2.37238788	499	-0.096007 0.027533  1.059902
2.37743997	502	-0.107738 0.031124  1.058226
2.38249206	502	-0.111569 0.038307  1.051762
2.38755607	503	-0.113963 0.041898  1.040749
2.39261603	503	-0.110611 0.039265  1.060621
2.39766407	503	-0.111090 0.027533  1.053678
2.40270805	504	-0.105823 0.040222  1.050086
2.40775203	503	-0.113723 0.035673  1.044340
2.41279196	502	-0.105104 0.034237  1.046974
2.41782808	505	-0.107977 0.019632  1.052480
2.42288398	505	-0.100555 0.027294  1.039552
2.42793989	504	-0.088824 0.026815  1.040749
2.43300008	506	-0.083317 0.020111  1.052002
2.43804788	505	-0.073022 0.006464  1.053917
2.44309997	503	-0.069910 0.011013  1.039552
2.44815206	507	-0.061770 0.008380  1.037636
2.45321607	507	-0.049081 0.000718  1.045777
2.45825195	508	-0.040940 -0.006225  1.048410
2.46332788	509	-0.036631 -0.015802  1.040270
2.46841192	511	-0.029927 -0.018435  1.032130
2.47350406	512	-0.015562 -0.018675  1.040031
2.47860002	512	-0.015802 -0.018435  1.032369
2.48369193	511	-0.010056 -0.023942  1.032609
2.48878002	512	-0.005028 -0.030645  1.037636
2.49386000	512	0.002394 -0.035194  1.044340
2.49888396	515	0.005267 -0.030885  1.029975
2.50391602	515	0.005507 -0.033040  1.025905
2.50894808	515	0.006464 -0.038786  1.030693
2.51397991	512	0.003112 -0.034716  1.025426
2.51903200	516	-0.000718 -0.033279  1.027820
2.52412009	515	0.000718 -0.029688  1.028539
2.52916789	517	-0.004310 -0.029927  1.020159
2.53426003	515	-0.010774 -0.021308  1.035242
2.53936791	518	-0.015323 -0.025857  1.027342
2.54448795	518	-0.021787 -0.019872  1.025666
2.54959988	518	-0.030167 -0.008619  1.023271
2.55469608	518	-0.038067 -0.011253  1.032369
2.55981206	519	-0.049559 -0.003831  1.024469
2.56491589	518	-0.055306 0.003112  1.022793
##inga 
#ido(sec)  szog(ADC)     ax(g)    ay(g)   az(g)
2.57050395	519	-0.065122 0.000000  1.029257
2.57565999	518	-0.071346 0.010295  1.022074
2.58087611	520	-0.076853 0.012689  1.024229
2.58609604	521	-0.094809 0.021308  1.019201
2.59112811	521	-0.096485 0.018914  1.028299
2.59617590	521	-0.099837 0.020829  1.021117
2.60121989	519	-0.102231 0.026575  1.021117
2.60627603	522	-0.109893 0.030885  1.026384
2.61132407	523	-0.111090 0.026097  1.013934
2.61637210	523	-0.109893 0.026815  1.023511
2.62143206	523	-0.115399 0.025378  1.016568
2.62649989	522	-0.112766 0.032800  1.023990
2.63155603	523	-0.113723 0.031364  1.019920
2.63662791	522	-0.107020 0.033758  1.017047
2.64167594	523	-0.101513 0.014365  1.020159
2.64673590	524	-0.100555 0.026575  1.020159
2.65177607	521	-0.094331 0.021548  1.017765
2.65682411	523	-0.087866 0.014844  1.022553
2.66187191	523	-0.079966 0.008380  1.017525
2.66690802	520	-0.069671 0.010534  1.024708
2.67196393	523	-0.056263 0.000958  1.021595
2.67700409	521	-0.054827 0.001437  1.021356
2.68204402	522	-0.046686 -0.006704  1.016568
2.68713998	522	-0.036152 -0.011971  1.021117
2.69224405	523	-0.034237 -0.007183  1.021117
2.69734001	522	-0.020590 -0.018196  1.027342
2.70243597	521	-0.016759 -0.017717  1.028778
2.70754003	521	-0.006225 -0.020351  1.022074
2.71263599	520	0.002634 -0.025139  1.026384
2.71768403	521	-0.005028 -0.019872  1.016089
2.72277188	519	0.002394 -0.028012  1.020638
2.72781991	519	0.003591 -0.029448  1.013934
2.73287200	519	0.004788 -0.019872  1.018483
2.73792409	519	0.002394 -0.028970  1.031412
2.74297189	518	0.000239 -0.029927  1.029257
2.74800801	515	-0.002873 -0.025139  1.014652
2.75309205	517	-0.004070 -0.022745  1.018004
2.75816798	515	-0.010295 -0.018196  1.018962
2.76324796	516	-0.012929 -0.018914  1.016568
2.76834011	516	-0.020829 -0.011971  1.029017
2.77343988	517	-0.024421 -0.012450  1.028539
2.77854394	516	-0.037828 0.000000  1.036439
2.78354811	516	-0.038307 0.001676  1.029975
2.78857207	515	-0.050278 0.003112  1.027820
2.79361200	513	-0.054827 0.005267  1.031890
2.79865193	514	-0.065600 0.010534  1.028539
2.80370807	514	-0.073501 0.019632  1.031172
2.80875988	511	-0.084514 0.023702  1.033566
2.81381607	510	-0.085233 0.024660  1.035003
2.81886005	511	-0.088345 0.025378  1.039552
2.82392005	510	-0.093373 0.026097  1.028778
2.82898406	511	-0.109174 0.037110  1.037397
2.83401985	507	-0.102471 0.040462  1.038594
2.83906383	508	-0.101753 0.026097  1.036679
2.84410810	509	-0.105104 0.034237  1.040749
2.84913997	508	-0.100077 0.032082  1.042904
2.85418014	508	-0.103428 0.036391  1.042185
2.85922002	507	-0.107738 0.037828  1.040988
2.86427993	506	-0.100316 0.031843  1.040031
2.86934804	506	-0.093612 0.022984  1.042904
2.87439613	503	-0.083796 0.026815  1.049368
2.87944393	505	-0.083557 0.028012  1.048650
2.88450794	504	-0.076614 0.019153  1.040749
2.88956813	501	-0.072783 0.020111  1.051762
2.89462804	504	-0.055066 0.007901  1.042904
2.89968395	503	-0.048841 0.005985  1.035242
2.90473194	502	-0.040940 0.001676  1.049847
2.90976409	503	-0.038307 0.001676  1.061818
2.91480398	502	-0.026815 -0.006704  1.055114
2.91989212	501	-0.021787 -0.004310  1.055353
2.92497997	499	-0.014365 -0.008619  1.062296
2.93006801	498	-0.015083 -0.017956  1.048889
2.93516397	499	-0.005985 -0.016520  1.055114
2.94024801	498	-0.004310 -0.013647  1.058945
2.94532794	498	0.002873 -0.016041  1.051762
2.95036411	494	0.005985 -0.019872  1.062296
2.95541591	496	0.004310 -0.016999  1.060621
2.96045989	496	0.006943 -0.019393  1.050326
2.96550006	492	-0.001197 -0.020829  1.065648
2.97058792	494	0.000239 -0.014365  1.060142
2.97562789	493	0.000000 -0.020829  1.068761
2.98064403	491	-0.010295 -0.007901  1.062536
2.98573207	491	-0.010774 -0.015083  1.062536
2.99083995	489	-0.019872 -0.005985  1.060142
2.99593210	487	-0.022026 -0.001676  1.066127
3.00102400	486	-0.032082 0.000239  1.071394
3.00604796	488	-0.035434 0.003831  1.068282
3.01108407	487	-0.045250 0.011492  1.063972
3.01611590	485	-0.055066 0.013407  1.067803
3.02115607	484	-0.062727 0.014844  1.067803
3.02620792	482	-0.070628 0.015562  1.066606
3.03124809	483	-0.074698 0.026575  1.065648
3.03629994	481	-0.078768 0.028730  1.071873
3.04134798	480	-0.077571 0.034476  1.065648
3.04640388	478	-0.091697 0.033040  1.065648
3.05146408	480	-0.090739 0.036391  1.068761
3.05651211	479	-0.095767 0.038786  1.073310
3.06156802	475	-0.100077 0.042856  1.069718
3.06662392	475	-0.100316 0.038307  1.064930
3.07166790	475	-0.101034 0.036391  1.072113
3.07671189	474	-0.097443 0.040222  1.075464
##inga 
#ido(sec)  szog(ADC)     ax(g)    ay(g)   az(g)
3.08229207	473	-0.090500 0.038786  1.071155
3.08751606	472	-0.090021 0.039504  1.066606
3.09271597	470	-0.078290 0.029209  1.071873
3.09792399	471	-0.079487 0.034476  1.075464
3.10296797	470	-0.075895 0.034955  1.063254
3.10802388	470	-0.067995 0.027294  1.066127
3.11307191	469	-0.061770 0.015802  1.066846
3.11813211	467	-0.051235 0.019153  1.074028
3.12318801	466	-0.041898 0.020829  1.066606
3.12824392	466	-0.043574 0.017956  1.066846
3.13330006	465	-0.038067 0.008858  1.066127
3.13835191	465	-0.026097 0.000000  1.076662
3.14337992	463	-0.025857 -0.000958  1.059424
3.14845991	464	-0.016759 0.000479  1.068761
3.15350794	463	-0.010774 -0.003591  1.062057
3.15859603	460	-0.008619 -0.005985  1.068282
3.16367602	461	-0.000479 -0.013886  1.063972
3.16874790	461	-0.000958 -0.007661  1.067324
3.17382788	458	0.000239 -0.011253  1.064451
3.17884802	459	0.005028 -0.009337  1.059902
3.18387198	456	0.003831 -0.010774  1.066367
3.18891596	457	0.001197 -0.002155  1.068282
3.19395995	456	-0.001437 -0.008380  1.063972
3.19903993	455	-0.006704 -0.005746  1.060381
3.20413589	454	-0.006225 -0.005507  1.058226
3.20921993	450	-0.013647 -0.001915  1.063254
3.21431207	452	-0.011492 0.005507  1.065648
3.21937203	452	-0.020351 0.003831  1.063015
3.22443604	451	-0.028251 0.010534  1.051044
3.22950410	451	-0.031603 0.007901  1.058705
3.23455595	449	-0.047884 0.020111  1.058945
3.23960399	449	-0.048123 0.019393  1.056790
3.24464392	450	-0.061770 0.015323  1.064691
3.24968004	450	-0.062249 0.027533  1.054635
3.25472807	448	-0.059854 0.033997  1.057029
3.25977611	448	-0.071107 0.034716  1.051523
3.26481199	447	-0.073022 0.032321  1.049847
3.26984000	448	-0.078290 0.034955  1.052002
3.27489209	445	-0.086669 0.037828  1.054875
3.27993988	447	-0.088106 0.048841  1.050565
3.28499197	445	-0.081881 0.045250  1.060860
3.29002809	446	-0.087148 0.042377  1.056790
3.29507994	445	-0.087387 0.039743  1.031890
3.30013203	445	-0.084754 0.041419  1.043861
3.30519199	443	-0.084036 0.044053  1.051044
3.31025600	442	-0.085472 0.042377  1.046016
3.31528401	441	-0.081641 0.032321  1.041228
3.32032799	439	-0.077811 0.031124  1.045777
3.32537198	439	-0.073741 0.034476  1.049607
3.33042001	439	-0.062727 0.041898  1.037876
3.33546805	439	-0.056742 0.030885  1.037876
3.34050798	435	-0.056263 0.024899  1.039073
3.34556388	434	-0.044292 0.021069  1.039073
3.35060811	436	-0.041419 0.023702  1.045058
3.35565996	435	-0.033040 0.012689  1.045777
3.36070799	435	-0.027294 0.009098  1.034763
3.36578011	435	-0.026097 0.003112  1.034285
3.37084007	432	-0.021308 0.006464  1.033566
3.37590789	433	-0.012450 0.001915  1.029736
3.38096809	430	-0.011971 0.001915  1.024469
3.38602399	433	-0.006464 0.000239  1.033327
3.39106798	432	0.006464 -0.003112  1.028299
3.39609599	430	0.002873 0.002394  1.032369
3.40110802	429	-0.000239 -0.007422  1.013934
3.40618395	432	0.005028 -0.002873  1.029257
3.41122007	432	0.002634 -0.004070  1.028778
3.41626000	432	0.000239 -0.001915  1.016807
3.42129588	431	0.001915 -0.006464  1.021117
3.42633605	430	-0.003831 -0.002634  1.023271
3.43142390	429	-0.007901 0.001197  1.019441
3.43648409	432	-0.011492 0.003352  1.016328
3.44154810	431	-0.018435 0.009816  1.019920
3.44661998	428	-0.020111 0.006225  1.017765
3.45168399	428	-0.026336 0.011731  1.026144
3.45675992	429	-0.033040 0.024181  1.011061
3.46179604	429	-0.041180 0.016041  1.017286
3.46683597	429	-0.044532 0.025139  1.021117
3.47189593	426	-0.051235 0.029688  1.020877
3.47694802	428	-0.058179 0.034955  1.016568
3.48199605	427	-0.071586 0.036391  1.018962
3.48702788	425	-0.073980 0.039265  1.022793
3.49207210	427	-0.072304 0.038786  1.018723
3.49711203	427	-0.076614 0.044771  1.012737
3.50215601	425	-0.075177 0.042856  1.014652
3.50719594	424	-0.080444 0.038307  1.020877
3.51224398	426	-0.077571 0.044292  1.019441
3.51728391	424	-0.080205 0.051475  1.014174
3.52233195	424	-0.083317 0.043574  1.004597
3.52739191	425	-0.083796 0.036870  1.009385
3.53243207	426	-0.076374 0.042377  1.011779
3.53748393	426	-0.075895 0.038786  1.012498
3.54252409	426	-0.073741 0.038786  1.012498
3.54756402	425	-0.071346 0.038786  1.009146
3.55261993	425	-0.069910 0.031843  1.016089
3.55765604	426	-0.065361 0.030167  1.020398
3.56270408	425	-0.058897 0.030167  1.018244
3.56776404	426	-0.050038 0.025857  1.015610
3.57279610	425	-0.043095 0.018914  1.010822
3.57784390	423	-0.036152 0.016041  1.019441
3.58290004	425	-0.033997 0.020829  1.025426
3.58795595	423	-0.030167 0.008858  1.021117
##inga 
#ido(sec)  szog(ADC)     ax(g)    ay(g)   az(g)
3.59354400	424	-0.025139 0.009098  1.013695
3.59875202	426	-0.011492 -0.000958  1.026623
3.60397601	425	-0.009098 0.005746  1.017765
3.60917210	426	-0.010295 0.005267  1.014892
3.61420011	428	-0.002394 -0.004549  1.009864
3.61927604	429	0.002155 -0.008619  1.014413
3.62431192	429	0.001915 -0.004788  1.014413
3.62935209	429	-0.003352 -0.001915  1.022553
3.63443589	431	-0.002155 -0.007183  1.028060
3.63951992	430	-0.007422 -0.001915  1.021117
3.64460802	430	-0.008140 -0.006943  1.024469
3.64969611	430	-0.005028 -0.006225  1.017765
3.65477991	430	-0.009337 -0.003112  1.015131
3.65985202	431	-0.013168 0.001197  1.022074
3.66490006	430	-0.014604 0.000000  1.025905
3.66990804	432	-0.020111 0.008380  1.024947
3.67496800	433	-0.029927 0.010056  1.024469
3.68002796	434	-0.030406 0.014126  1.029975
3.68508791	433	-0.039504 0.013647  1.026863
3.69012808	433	-0.045968 0.021069  1.022074
3.69519209	433	-0.049559 0.022026  1.030933
3.70022797	434	-0.060573 0.029209  1.024469
3.70526409	434	-0.059615 0.025618  1.030693
3.71030402	435	-0.065122 0.029927  1.044101
3.71535611	433	-0.076135 0.030406  1.025905
3.72041606	433	-0.070868 0.036391  1.024229
3.72546005	434	-0.081163 0.029448  1.037158
3.73050808	437	-0.079726 0.039983  1.032369
3.73555588	435	-0.083557 0.039983  1.034763
3.74061608	437	-0.080444 0.039504  1.040510
3.74565196	437	-0.076853 0.035913  1.040031
3.75070810	437	-0.081163 0.033279  1.032609
3.75576806	438	-0.080444 0.035194  1.036200
3.76080393	440	-0.073262 0.038546  1.045298
3.76585602	441	-0.072304 0.029209  1.042904
3.77089190	441	-0.067755 0.036152  1.038355
3.77592802	440	-0.071825 0.021548  1.041707
3.78097200	444	-0.066798 0.032561  1.039552
3.78601193	443	-0.072065 0.026575  1.040988
3.79105997	445	-0.061052 0.020351  1.059424
3.79611611	447	-0.056503 0.016759  1.034045
3.80115604	445	-0.047405 0.021308  1.051283
3.80620784	448	-0.050517 0.010534  1.054156
3.81127185	448	-0.037828 0.015562  1.062057
3.81631584	448	-0.035673 0.008380  1.056550
3.82137603	448	-0.030167 -0.002873  1.043383
3.82647609	449	-0.026575 0.004070  1.057269
3.83154010	446	-0.022505 -0.005985  1.054156
3.83663606	450	-0.010295 -0.005267  1.048650
3.84170389	449	-0.010534 -0.013407  1.049129
3.84679203	449	-0.012450 -0.005267  1.057029
3.85188388	450	-0.003352 -0.006704  1.057269
3.85696411	451	-0.003352 0.000958  1.058466
3.86199588	453	-0.006704 -0.010774  1.048650
3.86706399	454	-0.013407 -0.011492  1.058226
3.87215213	454	-0.012929 -0.010056  1.051044
3.87723999	453	-0.014365 -0.003112  1.063254
3.88232803	456	-0.018435 -0.011731  1.061818
3.88742809	456	-0.018914 -0.003352  1.059184
3.89251213	456	-0.022266 -0.005028  1.070437
3.89759588	456	-0.024660 0.003591  1.057508
3.90264015	456	-0.030885 0.002634  1.061818
3.90768413	457	-0.036870 0.005985  1.066606
3.91272811	456	-0.045011 0.011492  1.058705
3.91777992	460	-0.050517 0.015323  1.071634
3.92282791	461	-0.058657 0.010534  1.059902
3.92789192	461	-0.065361 0.014126  1.067085
3.93295593	463	-0.064643 0.018196  1.068761
3.93801994	462	-0.069671 0.023224  1.057987
3.94306802	464	-0.073022 0.024899  1.061818
3.94812793	465	-0.076614 0.024181  1.069240
3.95315599	466	-0.081163 0.035194  1.068761
3.95821590	466	-0.088824 0.028491  1.067324
3.96325988	466	-0.085472 0.031603  1.060621
3.96830387	466	-0.085472 0.028970  1.072113
3.97334785	466	-0.085233 0.031364  1.077859
3.97840805	470	-0.086190 0.030406  1.068282
3.98345994	472	-0.088585 0.029688  1.063972
3.98852806	472	-0.083796 0.028491  1.065888
3.99358386	473	-0.081402 0.028251  1.075943
3.99863605	473	-0.079008 0.026575  1.070676
4.00367593	473	-0.079487 0.025618  1.072352
4.00873994	473	-0.072783 0.019153  1.067085
4.01380014	476	-0.065840 0.015802  1.060142
4.01884412	477	-0.065840 0.016280  1.070197
4.02388811	476	-0.058179 0.015802  1.067324
4.02893209	476	-0.051235 0.006943  1.062775
4.03395986	478	-0.041898 0.007661  1.068761
4.03900003	480	-0.040222 0.000718  1.056311
4.04404401	481	-0.034955 0.001915  1.064930
4.04907989	483	-0.028012 -0.005267  1.060381
4.05416822	483	-0.028251 -0.008619  1.067564
4.05926799	484	-0.022745 -0.003831  1.065409
4.06434392	484	-0.020111 -0.008140  1.061578
4.06943607	486	-0.017238 -0.011731  1.066846
4.07455205	487	-0.017956 -0.015562  1.065409
4.07965612	488	-0.015323 -0.015562  1.059424
4.08476781	491	-0.011731 -0.014844  1.066367
4.08987617	490	-0.013407 -0.018914  1.067564
4.09497213	491	-0.008619 -0.008619  1.058945
4.10006380	492	-0.020351 -0.014844  1.053199
##inga 
#ido(sec)  szog(ADC)     ax(g)    ay(g)   az(g)
4.10570001	493	-0.013647 -0.016999  1.056311
4.11092805	493	-0.020590 -0.011731  1.060142
4.11615610	493	-0.026336 -0.007422  1.056311
4.12139606	495	-0.024899 -0.009337  1.060860
4.12648010	496	-0.035434 -0.006943  1.056550
4.13157176	496	-0.038546 -0.000479  1.049607
4.13666391	495	-0.042856 0.001915  1.060381
4.14169979	497	-0.048602 0.004070  1.061099
4.14673614	499	-0.055784 0.006704  1.054875
4.15177202	500	-0.057221 0.006464  1.052241
4.15681219	502	-0.062727 0.011971  1.060381
4.16184806	500	-0.067755 0.004788  1.056550
4.16687202	500	-0.078050 0.009337  1.047453
4.17191600	503	-0.077571 0.017956  1.052241
4.17695617	503	-0.082120 0.012929  1.049129
4.18201208	504	-0.088824 0.021308  1.048650
4.18706798	504	-0.084275 0.019393  1.058226
4.19212818	504	-0.088585 0.023942  1.048171
4.19719982	504	-0.089303 0.023463  1.054875
4.20226001	505	-0.093612 0.023463  1.042904
4.20732402	503	-0.087627 0.023702  1.046256
4.21238422	502	-0.087387 0.023463  1.047931
4.21743202	505	-0.084514 0.022026  1.048171
4.22248792	503	-0.081402 0.018196  1.048650
4.22750806	506	-0.074219 0.010534  1.039552
4.23255205	507	-0.073262 0.018435  1.034045
4.23759603	507	-0.075656 0.008140  1.042664
4.24264001	507	-0.075656 0.008858  1.036439
4.24768400	505	-0.056263 0.007422  1.038115
4.25272417	509	-0.055545 0.000000  1.040988
4.25773620	507	-0.053151 0.005028  1.029736
4.26279592	510	-0.046686 -0.007901  1.044340
4.26788377	509	-0.042616 -0.009098  1.036679
4.27297592	510	-0.038546 -0.008858  1.032848
4.27807617	512	-0.039265 -0.014604  1.034524
4.28318023	512	-0.027533 -0.016041  1.028539
4.28828811	513	-0.029448 -0.017956  1.022314
4.29339218	512	-0.026815 -0.018914  1.030215
4.29851198	514	-0.021069 -0.020111  1.031412
4.30361604	514	-0.018914 -0.019153  1.023511
4.30872392	515	-0.016999 -0.021787  1.022553
4.31382799	516	-0.017238 -0.015083  1.030215
4.31890821	513	-0.023702 -0.018675  1.031172
4.32400417	514	-0.023224 -0.013886  1.027342
4.32910013	515	-0.021308 -0.027054  1.034763
4.33419179	514	-0.024660 -0.016999  1.032130
4.33926820	515	-0.029688 -0.019393  1.027342
4.34436416	516	-0.026097 -0.011013  1.027102
4.34944391	518	-0.034237 -0.012689  1.023271
4.35453176	518	-0.036870 -0.007422  1.032130
4.35960388	518	-0.045968 -0.004549  1.029975
4.36468410	518	-0.045968 0.000479  1.021595
4.36972379	518	-0.057221 -0.003112  1.024469
4.37481594	519	-0.061770 0.000000  1.026863
4.37982416	519	-0.065361 0.004788  1.022074
4.38487195	518	-0.066079 0.013647  1.029736
4.38993215	517	-0.068713 0.009577  1.023990
4.39497613	518	-0.076135 0.014365  1.033088
4.40002822	516	-0.075177 0.013168  1.026384
4.40508413	516	-0.083078 0.014844  1.023750
4.41014385	519	-0.082360 0.018914  1.018723
4.41520404	517	-0.083796 0.018196  1.023990
4.42024421	518	-0.086669 0.016041  1.029257
4.42528390	517	-0.090500 0.020829  1.013934
4.43031597	516	-0.089542 0.013886  1.023032
4.43535614	518	-0.079726 0.016280  1.019441
4.44040012	518	-0.083557 0.016759  1.014174
4.44545602	519	-0.086669 0.016280  1.021595
4.45050382	519	-0.078290 0.016520  1.027342
4.45554399	518	-0.073741 0.013647  1.021117
4.46059179	519	-0.070628 0.005507  1.023750
4.46563577	519	-0.071107 0.011492  1.015849
4.47068405	518	-0.058657 0.007183  1.026144
4.47574377	518	-0.052672 0.005267  1.017047
4.48080778	517	-0.051714 -0.004070  1.020638
4.48589611	515	-0.044532 -0.000479  1.018004
4.49098777	518	-0.039504 0.000718  1.019441
4.49602794	518	-0.034716 -0.000479  1.023990
4.50111198	515	-0.032321 -0.011013  1.036200
4.50619602	518	-0.027772 -0.010056  1.026863
4.51128005	517	-0.023224 -0.015083  1.018004
4.51636409	517	-0.024660 -0.015083  1.022553
4.52144384	517	-0.016999 -0.015083  1.023271
4.52653598	516	-0.022745 -0.012450  1.026384
4.53162002	515	-0.017956 -0.012210  1.031651
4.53670787	516	-0.020111 -0.014604  1.024947
4.54180002	515	-0.020829 -0.015323  1.023990
4.54688787	514	-0.023463 -0.012210  1.029496
4.55198383	512	-0.017956 -0.017238  1.018962
4.55706787	511	-0.020351 -0.006943  1.033327
4.56216001	510	-0.022745 -0.008619  1.030693
4.56725215	512	-0.031364 -0.004549  1.028299
4.57234382	511	-0.033518 -0.000239  1.028060
4.57742023	512	-0.036631 -0.003352  1.027581
4.58252382	509	-0.037828 0.001437  1.027102
4.58757209	511	-0.040940 0.001915  1.031412
4.59260797	508	-0.054348 0.002634  1.027102
4.59765577	509	-0.060094 0.010056  1.041946
4.60271215	509	-0.059615 0.011492  1.040270
4.60776805	508	-0.064403 0.018435  1.025426
4.61283206	508	-0.067276 0.019393  1.039073
##inga 
#ido(sec)  szog(ADC)     ax(g)    ay(g)   az(g)
4.61840391	505	-0.071825 0.014604  1.022553
4.62364387	504	-0.073980 0.015562  1.044819
4.62888002	506	-0.077332 0.023224  1.040031
4.63409614	503	-0.081402 0.016759  1.037397
4.63914394	502	-0.080923 0.027294  1.041467
4.64418411	505	-0.081881 0.024899  1.036439
4.64922809	504	-0.078529 0.015323  1.044101
4.65426778	501	-0.082839 0.028730  1.048171
4.65931606	501	-0.078768 0.024660  1.050804
4.66436386	500	-0.079487 0.021548  1.045537
4.66941976	501	-0.078529 0.024181  1.047692
4.67447614	502	-0.074938 0.018675  1.048650
4.67952823	503	-0.074219 0.020590  1.050086
4.68459606	502	-0.062967 0.016759  1.045777
4.68966007	501	-0.060333 0.015083  1.040270
4.69470787	499	-0.056742 0.016041  1.048410
4.69973993	500	-0.052911 0.009337  1.046256
4.70478820	499	-0.051475 0.011492  1.058945
4.70981979	498	-0.038546 0.005507  1.052480
4.71485614	495	-0.038067 -0.000479  1.055114
4.71993207	495	-0.035673 -0.000239  1.053917
4.72501182	496	-0.029209 0.004070  1.055593
4.73006010	494	-0.024421 -0.012450  1.051762
4.73515176	492	-0.031603 -0.007901  1.053199
4.74023580	494	-0.023942 -0.007661  1.062775
4.74532413	490	-0.017238 -0.006943  1.064451
4.75041198	490	-0.020351 -0.004549  1.063494
4.75550413	488	-0.019872 -0.009337  1.066846
4.76060390	490	-0.015083 -0.010534  1.062536
4.76569986	489	-0.022026 -0.009337  1.063015
4.77078819	487	-0.022745 -0.001437  1.058705
4.77587604	486	-0.018435 -0.007422  1.052720
4.78096389	487	-0.018914 -0.014604  1.059663
4.78606414	486	-0.028970 0.000479  1.057508
4.79112005	486	-0.022266 0.000958  1.062775
4.79619598	485	-0.031843 -0.001915  1.058466
4.80129194	484	-0.036870 0.001676  1.057269
4.80634403	482	-0.037349 0.002155  1.058705
4.81139612	480	-0.044771 0.008858  1.063494
4.81644392	477	-0.053151 0.012689  1.061818
4.82149219	477	-0.057939 0.013647  1.067803
4.82653999	479	-0.051714 0.016520  1.069000
4.83158397	478	-0.056981 0.015562  1.059424
4.83661985	474	-0.063446 0.018196  1.073310
4.84167194	476	-0.066558 0.016520  1.065170
4.84670782	475	-0.067995 0.023942  1.066127
4.85176420	472	-0.070628 0.022026  1.066606
4.85681200	473	-0.073501 0.027294  1.063015
4.86185979	473	-0.075656 0.030167  1.056790
4.86692380	472	-0.074219 0.024899  1.068042
4.87198781	471	-0.073501 0.026815  1.069000
4.87704801	469	-0.076374 0.025378  1.072592
4.88210010	470	-0.074698 0.026336  1.062296
4.88714790	470	-0.073741 0.022266  1.065170
4.89218807	466	-0.073741 0.026336  1.065409
4.89723587	468	-0.071825 0.026097  1.067564
4.90227603	465	-0.066798 0.023224  1.066367
4.90732383	464	-0.061530 0.019393  1.065648
4.91236400	465	-0.061530 0.021787  1.062296
4.91741609	464	-0.060094 0.017477  1.069000
4.92243623	464	-0.054587 0.022026  1.067324
4.92749595	463	-0.046208 0.016280  1.064930
4.93253993	463	-0.045968 0.011013  1.066127
4.93757200	462	-0.039265 0.011731  1.069479
4.94263982	460	-0.034716 0.009816  1.063494
4.94770812	460	-0.036631 0.003352  1.069000
4.95276403	458	-0.032800 0.010774  1.058226
4.95780420	458	-0.024181 0.001437  1.069240
4.96283578	457	-0.023702 0.008380  1.060621
4.96786785	457	-0.017717 -0.000718  1.071634
4.97295618	455	-0.018914 0.001676  1.063015
4.97799205	455	-0.015323 -0.001676  1.063972
4.98307609	453	-0.016520 0.002634  1.045298
4.98812007	453	-0.019153 -0.007901  1.062536
4.99321985	451	-0.019632 0.001197  1.057029
4.99826812	452	-0.018675 -0.000239  1.053199
5.00335216	452	-0.014844 0.007183  1.056790
5.00840806	450	-0.019872 0.006464  1.060381
5.01346778	449	-0.018914 0.012210  1.050326
5.01851987	452	-0.027294 0.008619  1.055114
5.02358007	451	-0.024660 0.009098  1.055114
5.02864408	448	-0.026575 0.010056  1.048650
5.03369617	449	-0.035913 0.013168  1.048650
5.03874015	449	-0.048123 0.012929  1.055114
5.04378795	448	-0.044053 0.022266  1.048171
5.04882001	447	-0.051714 0.015802  1.044580
5.05386018	448	-0.050517 0.020111  1.053199
5.05891180	445	-0.056024 0.022505  1.051283
5.06394386	445	-0.057700 0.029448  1.040749
5.06898403	447	-0.065361 0.025378  1.041228
5.07405185	447	-0.064403 0.027772  1.033088
5.07910013	446	-0.066319 0.035434  1.049847
5.08415985	445	-0.074459 0.034955  1.041946
5.08921194	445	-0.073980 0.035434  1.027342
5.09427213	440	-0.072304 0.033997  1.042425
5.09931612	442	-0.072783 0.036631  1.039073
5.10437583	439	-0.072304 0.034476  1.039073
5.10941219	441	-0.072304 0.030645  1.039552
5.11446380	439	-0.066798 0.034716  1.039552
5.11949205	439	-0.067276 0.030885  1.034045
5.12453985	437	-0.065122 0.034237  1.033566
##inga 
#ido(sec)  szog(ADC)     ax(g)    ay(g)   az(g)
5.13010787	436	-0.063446 0.031364  1.043383
5.13534784	435	-0.060333 0.028970  1.033566
5.14058017	437	-0.050996 0.031364  1.029017
5.14578390	435	-0.051954 0.023942  1.037158
5.15082788	435	-0.048123 0.027772  1.029257
5.15588808	435	-0.046208 0.016520  1.028539
5.16093587	432	-0.033279 0.017477  1.034763
5.16598415	435	-0.037828 0.010774  1.030454
5.17103576	433	-0.027054 0.008140  1.034045
5.17608404	434	-0.023224 0.009098  1.025426
5.18115186	432	-0.026575 0.009098  1.029975
5.18620395	430	-0.019393 0.009577  1.027820
5.19125223	432	-0.020829 0.010056  1.023032
5.19629192	432	-0.016999 0.005267  1.029496
5.20132398	432	-0.010534 0.002394  1.016328
5.20635604	432	-0.012450 0.007183  1.027342
5.21139621	431	-0.011731 0.005746  1.020398
5.21644020	432	-0.008140 0.010295  1.020877
5.22146797	431	-0.018435 0.008619  1.024469
5.22652816	432	-0.015562 0.009816  1.012977
5.23159217	432	-0.017956 0.011971  1.017047
5.23665189	430	-0.016759 0.009577  1.025426
5.24170780	429	-0.027294 0.011971  1.021356
5.24676799	431	-0.025139 0.006464  1.017765
5.25183582	430	-0.030885 0.016041  1.016807
5.25687980	432	-0.028730 0.020829  1.014652
5.26192378	431	-0.033518 0.021069  1.027820
5.26696014	430	-0.042138 0.021308  1.012019
5.27200794	429	-0.043095 0.020590  1.019680
5.27701997	431	-0.049799 0.022266  1.016568
5.28206014	431	-0.051954 0.024899  1.022074
5.28710412	431	-0.054587 0.031603  1.017047
5.29215192	428	-0.059615 0.028730  1.024469
5.29720020	430	-0.061770 0.031603  1.021356
5.30223989	430	-0.065600 0.039265  1.021356
5.30728006	430	-0.060333 0.039265  1.010822
5.31233596	429	-0.068713 0.037828  1.022314
5.31739616	427	-0.064643 0.034476  1.017286
5.32246017	429	-0.071107 0.038546  1.022793
5.32750797	429	-0.070389 0.033279  1.020398
5.33254384	428	-0.065122 0.036391  1.018244
5.33757209	428	-0.066798 0.027772  1.016328
5.34261989	429	-0.063206 0.033279  1.019680
5.34766006	429	-0.064403 0.033040  1.019920
5.35267591	429	-0.056503 0.033758  1.023032
5.35771989	430	-0.059615 0.031603  1.015849
5.36276388	427	-0.047405 0.023942  1.021835
5.36781597	430	-0.054348 0.025618  1.022793
5.37286806	430	-0.039025 0.022266  1.020159
5.37791585	431	-0.047165 0.016280  1.023032
5.38297986	430	-0.041898 0.016759  1.017047
5.38803577	432	-0.038067 0.009098  1.020638
5.39310789	431	-0.033758 0.011492  1.020877
5.39815616	430	-0.022745 0.002873  1.018483
5.40318393	432	-0.028730 0.009098  1.023750
5.40821981	431	-0.024421 0.000958  1.015849
5.41325998	432	-0.021308 0.007661  1.017047
5.41829204	433	-0.022505 0.002634  1.016328
5.42333221	430	-0.016280 0.000479  1.032609
5.42837619	434	-0.018435 0.004788  1.027581
5.43340778	434	-0.014844 -0.003591  1.025426
5.43849992	434	-0.014126 0.003352  1.024229
5.44357204	434	-0.016999 0.001676  1.025666
5.44863605	434	-0.015802 0.004070  1.031651
5.45367622	433	-0.025139 0.008858  1.018723
5.45874023	436	-0.022026 0.007901  1.026623
5.46380376	436	-0.024181 0.003352  1.022074
5.46887588	436	-0.027533 0.008380  1.036200
5.47391605	437	-0.036152 0.009816  1.030454
5.47896385	437	-0.031843 0.009577  1.029496
5.48400402	437	-0.036870 0.015802  1.033088
5.48905181	438	-0.044771 0.011731  1.042425
5.49409198	438	-0.044053 0.022984  1.044340
5.49912786	438	-0.053869 0.024181  1.030693
5.50418376	438	-0.054108 0.025618  1.032130
5.50922012	440	-0.057700 0.021787  1.040031
5.51425600	440	-0.059615 0.025857  1.042425
5.51930809	442	-0.065122 0.026097  1.042185
5.52437210	443	-0.072065 0.024181  1.039791
5.52943181	442	-0.069671 0.028730  1.037158
5.53449201	442	-0.065122 0.029209  1.041467
5.53956794	442	-0.073262 0.023942  1.033806
5.54461193	443	-0.068713 0.029209  1.045777
5.54966402	445	-0.071586 0.029209  1.040988
5.55471181	445	-0.071586 0.028730  1.036918
5.55975198	447	-0.059376 0.023463  1.036200
5.56479978	448	-0.067276 0.026336  1.043622
5.56984376	448	-0.066798 0.027294  1.045777
5.57489204	446	-0.058897 0.024899  1.039312
5.57993221	448	-0.062727 0.020590  1.046016
5.58496379	448	-0.052911 0.023702  1.042664
5.59002399	449	-0.052193 0.016041  1.053438
5.59508419	447	-0.049320 0.015083  1.046974
5.60014009	450	-0.047884 0.006464  1.057269
5.60521221	450	-0.046926 0.016041  1.051283
5.61025619	451	-0.037349 0.007901  1.048410
5.61530399	449	-0.029927 0.001197  1.051283
5.62035608	450	-0.034237 0.008140  1.048650
5.62538003	451	-0.029688 0.001437  1.052002
5.63042020	453	-0.028491 0.001915  1.054875
5.63546419	451	-0.028251 -0.002394  1.054396
##inga 
#ido(sec)  szog(ADC)     ax(g)    ay(g)   az(g)
5.64107608	456	-0.020351 -0.002634  1.054396
5.64629602	456	-0.025378 0.005507  1.057269
5.65153217	456	-0.022745 -0.003112  1.059663
5.65677595	456	-0.022745 -0.004070  1.064451
5.66185998	454	-0.013886 0.001915  1.054875
5.66690015	455	-0.023224 -0.008380  1.058466
5.67198801	457	-0.022745 -0.002155  1.068282
5.67709589	455	-0.025857 0.000479  1.060860
5.68214797	457	-0.026815 0.001676  1.063015
5.68721199	460	-0.029448 -0.000958  1.060621
5.69229602	462	-0.031364 0.005267  1.055832
5.69737195	462	-0.033758 0.008140  1.059424
5.70243978	463	-0.043813 -0.000718  1.053199
5.70753192	461	-0.037589 0.007422  1.057508
5.71258783	464	-0.049799 0.009577  1.059424
5.71763610	464	-0.048602 0.013886  1.060381
5.72266006	465	-0.056742 0.012450  1.065888
5.72769212	466	-0.058179 0.016520  1.052720
5.73271608	465	-0.060812 0.022745  1.059663
5.73776388	468	-0.069671 0.015323  1.058466
5.74280405	468	-0.066079 0.023702  1.066367
5.74784803	469	-0.069671 0.022505  1.061578
5.75291204	471	-0.073501 0.023224  1.067803
5.75796413	471	-0.077811 0.024421  1.057508
5.76302003	471	-0.073022 0.022745  1.052241
5.76806783	473	-0.074459 0.017477  1.059902
5.77313184	472	-0.074219 0.022745  1.063733
5.77819204	473	-0.077093 0.017477  1.057029
5.78324413	476	-0.070868 0.017238  1.064691
5.78828382	476	-0.074459 0.015802  1.062296
5.79333209	476	-0.071346 0.020351  1.069240
5.79837989	478	-0.070868 0.016759  1.060860
5.80342006	476	-0.066558 0.016041  1.060142
5.80846023	480	-0.063925 0.014844  1.062775
5.81351613	478	-0.057700 0.012689  1.066606
5.81855201	481	-0.057700 0.007661  1.056550
5.82357978	482	-0.057939 0.005746  1.068042
5.82863187	482	-0.044532 0.000239  1.059424
5.83370399	484	-0.045011 0.003112  1.060621
5.83874797	484	-0.040462 -0.000239  1.052241
5.84383201	484	-0.035194 -0.005507  1.067324
5.84891986	486	-0.037349 -0.001676  1.060142
5.85401582	487	-0.032800 -0.008858  1.068042
5.85909986	488	-0.030167 -0.003831  1.063494
5.86420392	489	-0.028012 -0.010774  1.052959
5.86930799	490	-0.025618 -0.010534  1.060621
5.87441205	490	-0.025618 -0.009577  1.064691
5.87951993	492	-0.032800 -0.012210  1.049847
5.88459587	492	-0.021069 -0.008380  1.048410
5.88966798	493	-0.024421 -0.009098  1.048889
5.89474821	490	-0.025139 -0.010295  1.063015
5.89982795	493	-0.034237 -0.008140  1.059424
5.90490388	493	-0.034716 -0.007901  1.050565
5.90999603	493	-0.027772 -0.011731  1.051762
5.91509199	494	-0.029448 -0.008140  1.049129
5.92017221	496	-0.034237 -0.010056  1.059902
5.92526006	496	-0.041898 -0.001437  1.058466
5.93033981	497	-0.043335 0.004070  1.040510
5.93538808	500	-0.052432 -0.002394  1.050565
5.94048023	499	-0.051235 -0.001915  1.053917
5.94555616	502	-0.054348 0.004310  1.048410
5.95059585	501	-0.060094 0.010295  1.046734
5.95563602	502	-0.060573 0.004549  1.059663
5.96068000	502	-0.071346 0.014126  1.056072
5.96574401	500	-0.069192 0.006464  1.050326
5.97080802	503	-0.077093 0.018196  1.053199
5.97588014	504	-0.069671 0.013168  1.039552
5.98094797	505	-0.080205 0.011731  1.053917
5.98600387	504	-0.080205 0.014604  1.052241
5.99105596	504	-0.079966 0.019632  1.042664
5.99610376	503	-0.081641 0.018196  1.046495
6.00115203	505	-0.083317 0.019632  1.047213
6.00619602	503	-0.078290 0.013407  1.045537
6.01124000	503	-0.079008 0.018196  1.034045
6.01627588	505	-0.073741 0.014604  1.030215
6.02132797	504	-0.074938 0.014365  1.034763
6.02638387	505	-0.071586 0.009577  1.037397
6.03143596	505	-0.072065 0.008380  1.031651
6.03648376	506	-0.065122 0.013886  1.037158
6.04154777	508	-0.067995 0.002634  1.030693
6.04660415	506	-0.057700 0.001915  1.031172
6.05166006	506	-0.056742 -0.000239  1.039073
6.05674791	509	-0.049081 0.002873  1.038834
6.06181192	510	-0.048362 -0.003352  1.036918
6.06690788	508	-0.042138 -0.005028  1.029975
6.07198810	510	-0.039983 -0.008140  1.036679
6.07706785	511	-0.040701 -0.011971  1.029736
6.08213996	511	-0.039265 -0.011971  1.029496
6.08723592	512	-0.029209 -0.007661  1.024947
6.09231996	510	-0.025618 -0.012689  1.035961
6.09741592	513	-0.026815 -0.025139  1.038834
6.10251998	514	-0.028491 -0.018435  1.027581
6.10761213	513	-0.021548 -0.017717  1.030454
6.11271190	514	-0.031364 -0.018196  1.023750
6.11779594	514	-0.024660 -0.015083  1.022074
6.12287998	515	-0.028491 -0.017238  1.024469
6.12797212	514	-0.025139 -0.016280  1.030933
6.13305997	513	-0.031364 -0.015323  1.031890
6.13815593	515	-0.039504 -0.014604  1.024947
6.14323616	515	-0.034716 -0.006225  1.025187
6.14833211	516	-0.044771 -0.003352  1.024947
##inga 
#ido(sec)  szog(ADC)     ax(g)    ay(g)   az(g)
6.15395593	517	-0.042616 -0.004549  1.015371
6.15920019	514	-0.052432 0.000239  1.030215
6.16441202	514	-0.057700 0.002873  1.021835
6.16961622	516	-0.054827 0.004788  1.021117
6.17466402	514	-0.062727 0.005746  1.023511
6.17972421	517	-0.061770 0.001437  1.029017
6.18479585	516	-0.063685 0.005746  1.019920
6.18985223	516	-0.071586 0.011492  1.020159
6.19490814	517	-0.081881 0.010295  1.015131
6.19996023	517	-0.071586 0.014844  1.029736
6.20500421	517	-0.082599 0.012689  1.022074
6.21005201	517	-0.077093 0.011731  1.030693
6.21509599	517	-0.080923 0.011492  1.021117
6.22013187	516	-0.076853 0.013647  1.021835
6.22518014	517	-0.080444 0.014126  1.023032
6.23021984	517	-0.079487 0.011492  1.025905
6.23527622	517	-0.073741 0.015562  1.031412
6.24032020	517	-0.071107 0.007422  1.025187
6.24537181	514	-0.069910 0.018675  1.025905
6.25042009	517	-0.063685 0.012210  1.019920
6.25546789	516	-0.067995 0.006464  1.025426
6.26053190	516	-0.062727 0.013886  1.024229
6.26558017	516	-0.054587 0.004070  1.024229
6.27062416	515	-0.057221 0.003112  1.024229
6.27567195	515	-0.051954 0.000000  1.019201
6.28066778	512	-0.050278 0.000718  1.029736
6.28570795	514	-0.045250 0.005507  1.021835
6.29074382	512	-0.039983 -0.003591  1.031412
6.29582786	513	-0.040222 -0.003831  1.026623
6.30090808	512	-0.034955 0.000239  1.028299
6.30595588	512	-0.030167 -0.003831  1.032609
6.31104421	513	-0.026815 -0.008619  1.031412
6.31613588	512	-0.024181 -0.013168  1.026144
6.32123184	511	-0.025618 -0.009337  1.031412
6.32632398	512	-0.021308 -0.005985  1.026623
6.33141613	511	-0.028012 -0.012689  1.028539
6.33652782	511	-0.019872 -0.015562  1.034045
6.34161996	510	-0.023942 -0.008619  1.029496
6.34670782	510	-0.027533 -0.011971  1.025666
6.35181617	510	-0.030885 -0.013168  1.029736
6.35691976	509	-0.031364 -0.010534  1.022553
6.36202383	508	-0.035673 0.000000  1.032130
6.36704015	508	-0.037589 -0.002394  1.037158
6.37213611	506	-0.039743 0.000000  1.033566
6.37714815	507	-0.046447 -0.000958  1.037636
6.38222789	506	-0.042856 0.005507  1.039552
6.38727617	506	-0.054827 0.003112  1.034045
6.39231204	506	-0.056263 0.008858  1.041467
6.39735221	505	-0.059615 0.006225  1.043383
6.40239620	503	-0.060333 0.011492  1.043383
6.40742397	501	-0.069431 0.010295  1.038594
6.41247606	504	-0.062009 0.017238  1.044340
6.41750812	500	-0.068473 0.018675  1.041228
6.42257213	502	-0.067995 0.021069  1.043861
6.42763614	501	-0.072304 0.014126  1.055114
6.43267583	502	-0.080684 0.020590  1.052241
6.43771600	500	-0.077093 0.026575  1.037397
6.44276380	502	-0.072783 0.015323  1.046016
6.44780397	502	-0.075895 0.022984  1.041946
6.45284795	502	-0.075177 0.021308  1.046974
6.45789623	501	-0.070868 0.015802  1.053438
6.46294021	499	-0.071586 0.019393  1.041707
6.46798801	499	-0.072304 0.016759  1.044819
6.47302818	495	-0.067037 0.021548  1.046495
6.47807216	495	-0.066798 0.023224  1.044819
6.48312807	495	-0.063446 0.012210  1.042425
6.48818397	496	-0.059854 0.012689  1.051044
6.49323177	495	-0.052193 0.009337  1.055593
6.49829196	492	-0.043095 0.006464  1.054156
6.50334405	494	-0.044053 0.008858  1.046495
6.50838804	493	-0.040462 0.007422  1.058705
6.51344394	493	-0.043574 -0.001676  1.047453
6.51854419	490	-0.036631 0.003112  1.045537
6.52360820	490	-0.034476 -0.004070  1.065409
6.52868413	489	-0.031603 -0.003352  1.057508
6.53376388	486	-0.032800 -0.003352  1.058705
6.53884410	488	-0.029209 -0.006704  1.051283
6.54391622	488	-0.025378 -0.000958  1.055832
6.54899215	487	-0.021069 0.000000  1.059663
6.55400419	484	-0.022266 -0.007422  1.065888
6.55908393	483	-0.022505 0.001676  1.057748
6.56411600	482	-0.019872 -0.003831  1.057987
6.56920814	482	-0.024181 -0.006704  1.062057
6.57429218	483	-0.023702 -0.000718  1.058466
6.57938003	481	-0.026336 0.000000  1.074267
6.58438777	481	-0.030167 0.000000  1.055593
6.58941221	480	-0.033758 -0.002873  1.067803
6.59449195	478	-0.039265 -0.001915  1.054875
6.59958410	479	-0.033758 -0.001437  1.059902
6.60467576	476	-0.043813 0.005028  1.065648
6.60974407	475	-0.051235 0.010774  1.065648
6.61480379	475	-0.050278 0.017238  1.057987
6.61984777	475	-0.047644 0.014365  1.062536
6.62489986	474	-0.053869 0.023463  1.053917
6.62996006	473	-0.054348 0.015802  1.069479
6.63500022	471	-0.058657 0.020829  1.060381
6.64003610	472	-0.066319 0.022745  1.063733
6.64508008	469	-0.067037 0.016520  1.068521
6.65011978	470	-0.066558 0.023224  1.064691
6.65517187	472	-0.066798 0.022505  1.067803
6.66022014	470	-0.073022 0.028251  1.056550
##inga 
#ido(sec)  szog(ADC)     ax(g)    ay(g)   az(g)
6.66579198	469	-0.070389 0.026575  1.067803
6.67100000	468	-0.070628 0.031364  1.063494
6.67621612	467	-0.069192 0.027772  1.059424
6.68143606	464	-0.069671 0.034955  1.061339
6.68650007	463	-0.062967 0.030167  1.053199
6.69156408	463	-0.067755 0.028012  1.056550
6.69662380	464	-0.068473 0.023463  1.067564
6.70166778	464	-0.063446 0.025618  1.060142
6.70671176	464	-0.053630 0.022266  1.058945
6.71175193	460	-0.059854 0.025139  1.063733
6.71678781	462	-0.049799 0.017956  1.052959
6.72182798	460	-0.048602 0.019153  1.064691
6.72686815	460	-0.044532 0.017477  1.069240
6.73191595	460	-0.042377 0.013407  1.052720
6.73695993	457	-0.041180 0.007661  1.046256
6.74202013	458	-0.034237 0.011253  1.059184
6.74708414	456	-0.030645 0.010774  1.058226
6.75215196	455	-0.027054 0.004788  1.050804
6.75719976	454	-0.027772 0.000718  1.058945
6.76225614	454	-0.030406 0.001437  1.051762
6.76732778	453	-0.022505 0.005267  1.046734
6.77237987	453	-0.021308 0.004310  1.055832
6.77742815	451	-0.022026 0.006464  1.047453
6.78245592	451	-0.022266 0.005267  1.049368
6.78749179	451	-0.021787 0.004788  1.047453
6.79253578	451	-0.020590 0.004310  1.045058
6.79756402	451	-0.022984 0.003112  1.049847
6.80261182	451	-0.023463 0.000479  1.054635
6.80766820	450	-0.029448 0.001915  1.052480
6.81271600	448	-0.027054 0.005507  1.042664
6.81776380	450	-0.037828 0.010056  1.047692
6.82281589	450	-0.037110 0.009577  1.041707
6.82787609	447	-0.035913 0.014844  1.043383
6.83294820	448	-0.034716 0.005746  1.047213
6.83799600	448	-0.041180 0.012450  1.042425
6.84303188	446	-0.041419 0.011971  1.043383
6.84808397	447	-0.047405 0.022984  1.037636
6.85311985	447	-0.054827 0.023463  1.039073
6.85816812	445	-0.061291 0.025857  1.042185
6.86321210	445	-0.064164 0.020351  1.039312
6.86825180	444	-0.061530 0.031364  1.039791
6.87329578	446	-0.061770 0.034237  1.040510
6.87833976	445	-0.061770 0.028012  1.043861
6.88339614	445	-0.060333 0.040940  1.040510
6.88844823	443	-0.067276 0.029688  1.036918
6.89351606	441	-0.071346 0.033040  1.032609
6.89857196	441	-0.068713 0.031843  1.037397
6.90363979	441	-0.065122 0.035673  1.039791
6.90871191	438	-0.064164 0.043095  1.036200
6.91376399	440	-0.069910 0.034237  1.034763
6.91880416	440	-0.062249 0.030406  1.028778
6.92385196	439	-0.063446 0.033040  1.033566
6.92889213	437	-0.052911 0.029688  1.038834
6.93395185	437	-0.058179 0.025857  1.029257
6.93900012	435	-0.050996 0.022745  1.022314
6.94404411	433	-0.049320 0.020590  1.027102
6.94906806	435	-0.041898 0.022745  1.023511
6.95411586	433	-0.045968 0.023702  1.025426
6.95915603	435	-0.033758 0.018675  1.029975
6.96421194	435	-0.034237 0.009098  1.023750
6.96926403	434	-0.032321 0.011971  1.027581
6.97432804	432	-0.027294 0.009337  1.018723
6.97939205	434	-0.026336 0.010056  1.022074
6.98445606	432	-0.029209 0.006225  1.023511
6.98951578	432	-0.017717 0.009098  1.026863
6.99457597	433	-0.012689 0.009098  1.025905
6.99963617	432	-0.018435 0.008380  1.026384
7.00467586	432	-0.005267 0.005028  1.036439
7.00971984	432	-0.016280 0.000479  1.027342
7.01476383	431	-0.016280 0.007183  1.021356
7.01980400	429	-0.020351 0.008619  1.012019
7.02485179	431	-0.025378 0.005746  1.019441
7.02988815	430	-0.020111 0.007901  1.019920
7.03493213	430	-0.023463 0.009816  1.018244
7.03999996	431	-0.033040 0.011253  1.021595
7.04504823	430	-0.034955 0.012210  1.023032
7.05008792	429	-0.029209 0.013168  1.023511
7.05514812	429	-0.033518 0.013647  1.016328
7.06020021	432	-0.039025 0.016759  1.011779
7.06525182	432	-0.042856 0.022505  1.010822
7.07030010	432	-0.046686 0.022266  1.024947
7.07533597	432	-0.047644 0.022266  1.011779
7.08037614	431	-0.051714 0.027772  1.014892
7.08542013	431	-0.059615 0.024181  1.015610
7.09045219	431	-0.059136 0.027772  1.017765
7.09550809	432	-0.063446 0.027294  1.018483
7.10056018	432	-0.069192 0.031603  1.018244
7.10561609	432	-0.061770 0.039025  1.024229
7.11066818	429	-0.064882 0.031603  1.017286
7.11572408	429	-0.064643 0.031843  1.025905
7.12077188	432	-0.069671 0.038786  1.022793
7.12584018	432	-0.064882 0.027533  1.024469
7.13089990	432	-0.064403 0.025618  1.020398
7.13594818	432	-0.061052 0.027533  1.017765
7.14098787	430	-0.060094 0.027772  1.019920
7.14601612	432	-0.054827 0.027294  1.023990
7.15105581	429	-0.054348 0.033040  1.013216
7.15609216	432	-0.057700 0.024421  1.029017
7.16112804	432	-0.047644 0.026097  1.022074
7.16618013	433	-0.042377 0.018435  1.021595
7.17124414	433	-0.044053 0.017717  1.025666
##inga 
#ido(sec)  szog(ADC)     ax(g)    ay(g)   az(g)
7.17681598	431	-0.045489 0.014604  1.022314
7.18205976	433	-0.035434 0.017956  1.029736
7.18728780	434	-0.038307 0.014844  1.013695
7.19250822	432	-0.030645 0.009098  1.025426
7.19757223	435	-0.029209 0.007901  1.019441
7.20264005	436	-0.025139 0.006464  1.026863
7.20770788	435	-0.017238 0.007422  1.024947
7.21277189	436	-0.019872 0.006225  1.019441
7.21782016	437	-0.027772 0.003352  1.026623
7.22287607	437	-0.020590 0.005746  1.033327
7.22790813	438	-0.025857 0.005985  1.030693
7.23295211	437	-0.020111 0.003352  1.032130
7.23798799	435	-0.020829 0.003831  1.025905
7.24302816	438	-0.017956 0.000479  1.028539
7.24808406	439	-0.025857 0.004310  1.027820
7.25313186	439	-0.029927 0.002155  1.033327
7.25818014	440	-0.031603 0.005507  1.026384
7.26322793	441	-0.030885 0.013647  1.037876
7.26828002	442	-0.038067 0.007183  1.033327
7.27332401	441	-0.039265 0.011253  1.030933
7.27839612	440	-0.040222 0.012929  1.030454
7.28345584	443	-0.042138 0.017238  1.034285
7.28850793	444	-0.045011 0.016759  1.043861
7.29356002	443	-0.049799 0.016759  1.035003
7.29859590	444	-0.054827 0.016759  1.036679
7.30363607	446	-0.057221 0.022026  1.039552
7.30867576	446	-0.062009 0.018914  1.038115
7.31372022	446	-0.064164 0.029688  1.044340
7.31876420	445	-0.064882 0.019393  1.033806
7.32382392	448	-0.068234 0.022984  1.042664
7.32887601	448	-0.071107 0.022745  1.039073
7.33392381	446	-0.068234 0.024660  1.039073
7.33896398	447	-0.068473 0.031843  1.052959
7.34402418	446	-0.065600 0.025857  1.041946
7.34907579	448	-0.056742 0.030167  1.050565
7.35413980	447	-0.068473 0.022984  1.047931
7.35920000	449	-0.072304 0.022505  1.045298
7.36422777	447	-0.061530 0.025618  1.046734
7.36927223	451	-0.063446 0.017238  1.048889
7.37431192	448	-0.062488 0.021548  1.043622
7.37936019	452	-0.058179 0.017477  1.052241
7.38441181	451	-0.053390 0.018675  1.058945
7.38945198	450	-0.055306 0.016759  1.052720
7.39449596	452	-0.047405 0.011492  1.040988
7.39955186	452	-0.040462 0.012210  1.056790
7.40459585	455	-0.041898 0.010056  1.053199
7.40964794	454	-0.046208 0.008380  1.046256
7.41470003	456	-0.034716 0.006704  1.049607
7.41976022	453	-0.029688 0.005028  1.053199
7.42481184	454	-0.033758 0.000000  1.050565
7.42982006	456	-0.030167 0.000000  1.055353
7.43482017	457	-0.027533 -0.004070  1.055832
7.43989992	457	-0.021787 -0.000718  1.051283
7.44498395	458	-0.025618 -0.005507  1.057508
7.45006799	459	-0.026097 0.000239  1.053678
7.45511198	458	-0.024421 -0.008858  1.060860
7.46019220	460	-0.019872 -0.006943  1.056311
7.46527576	460	-0.022505 -0.003831  1.062057
7.47035598	460	-0.026336 0.003831  1.058945
7.47540378	463	-0.026815 -0.001915  1.054396
7.48050022	464	-0.029688 0.002634  1.067564
7.48554420	464	-0.032561 -0.002394  1.055593
7.49063587	465	-0.031603 0.005746  1.055832
7.49568796	467	-0.036631 0.004070  1.051044
7.50074005	467	-0.043095 0.004549  1.058945
7.50578784	465	-0.048841 0.008380  1.059902
7.51084804	468	-0.050757 0.000718  1.052002
7.51590013	469	-0.050038 0.011971  1.059184
7.52093982	467	-0.057460 0.012929  1.060860
7.52597999	470	-0.057700 0.016759  1.059184
7.53101205	471	-0.060573 0.013407  1.072592
7.53605604	471	-0.066319 0.015802  1.060860
7.54109621	471	-0.071586 0.021308  1.057987
7.54614400	473	-0.067995 0.020111  1.059902
7.55118799	474	-0.070389 0.025139  1.057508
7.55622386	475	-0.076374 0.014604  1.062775
7.56127595	474	-0.075417 0.024181  1.057269
7.56633615	474	-0.071107 0.019393  1.054875
7.57138395	475	-0.077093 0.014844  1.054635
7.57643604	477	-0.072783 0.018914  1.061339
7.58151578	478	-0.067276 0.021787  1.061818
7.58657979	479	-0.073262 0.019153  1.062296
7.59164381	480	-0.069431 0.023463  1.059663
7.59668779	479	-0.068713 0.014844  1.067085
7.60173988	482	-0.064882 0.013407  1.056550
7.60677194	483	-0.059854 0.011492  1.066367
7.61180019	483	-0.056024 0.010056  1.053438
7.61684417	484	-0.053390 0.008380  1.056072
7.62188005	484	-0.049320 0.010534  1.059184
7.62691211	486	-0.046926 0.004070  1.062057
7.63194799	484	-0.041659 -0.000958  1.053199
7.63704013	487	-0.045250 -0.002155  1.049607
7.64212417	489	-0.036391 -0.007901  1.054156
7.64721584	487	-0.034476 -0.003831  1.046495
7.65229606	490	-0.027533 -0.004788  1.057269
7.65740394	491	-0.029448 -0.013886  1.054156
7.66249990	491	-0.026575 -0.012929  1.053917
7.66760396	490	-0.026815 -0.013407  1.048650
7.67269992	493	-0.027054 -0.007661  1.064451
7.67780017	491	-0.022266 -0.009577  1.051762
7.68289613	494	-0.021548 -0.013168  1.050086
##inga 
#ido(sec)  szog(ADC)     ax(g)    ay(g)   az(g)
7.68854808	494	-0.023702 -0.011731  1.051283
7.69377613	493	-0.023224 -0.012450  1.050565
7.69900798	496	-0.028012 -0.006943  1.046734
7.70421600	496	-0.033518 -0.005746  1.043861
7.70929193	497	-0.034237 -0.011253  1.046495
7.71438407	495	-0.039025 -0.002873  1.052002
7.71946811	496	-0.043574 -0.005028  1.050326
7.72454786	499	-0.046208 0.002873  1.049129
7.72959184	501	-0.044053 -0.002155  1.043861
7.73467206	500	-0.050278 0.006943  1.041707
7.73970794	501	-0.056024 0.001676  1.045298
7.74474000	502	-0.055066 0.012210  1.050804
7.74977588	503	-0.062009 0.013407  1.041228
7.75482797	503	-0.074219 0.010295  1.043861
7.75990009	503	-0.067276 0.015323  1.048889
7.76494407	504	-0.070628 0.009577  1.041946
7.76999187	504	-0.075895 0.011971  1.036439
7.77505588	504	-0.080444 0.010774  1.036439
7.78011989	503	-0.074698 0.022026  1.044101
7.78518390	502	-0.084993 0.013168  1.034045
7.79023599	505	-0.074698 0.017717  1.031890
7.79527616	504	-0.076614 0.015802  1.038355
7.80031585	505	-0.083078 0.014365  1.032369
7.80535602	503	-0.077093 0.014604  1.023032
7.81039190	503	-0.075656 0.013886  1.039312
7.81542778	506	-0.072783 0.013168  1.042185
7.82047605	505	-0.071346 0.018196  1.034763
7.82553577	506	-0.068473 0.010295  1.041707
7.83058023	505	-0.062967 0.011492  1.031890
7.83562803	507	-0.061530 0.005028  1.031412
7.84067201	507	-0.052911 0.004070  1.029975
7.84572410	507	-0.054827 0.000000  1.031412
7.85073184	508	-0.050757 -0.003831  1.037636
7.85583591	509	-0.038307 -0.004549  1.036439
7.86091613	508	-0.038546 -0.007661  1.034524
7.86599206	509	-0.034476 -0.008858  1.032848
7.87106800	510	-0.026097 -0.011253  1.029017
7.87614822	510	-0.034237 -0.012210  1.024469
7.88123989	508	-0.029448 -0.016280  1.027342
7.88633203	510	-0.028970 -0.014126  1.034763
7.89142417	511	-0.026336 -0.014365  1.032848
7.89651584	512	-0.028251 -0.015083  1.030933
7.90160417	509	-0.035434 -0.009098  1.031890
7.90668392	512	-0.028491 -0.013168  1.027581
7.91177988	512	-0.031364 -0.012450  1.031651
7.91686820	510	-0.031364 -0.008619  1.017047
7.92195177	512	-0.029448 -0.013168  1.027102
7.92704391	511	-0.028012 -0.013647  1.024947
7.93213176	514	-0.033997 -0.010056  1.018244
7.93722009	514	-0.038786 -0.013647  1.024708
7.94230794	513	-0.046208 -0.007183  1.019680
7.94739198	513	-0.045968 -0.009337  1.020159
7.95248413	513	-0.050757 -0.003352  1.029017
7.95756387	514	-0.050757 -0.004788  1.030215
7.96266412	514	-0.052432 0.004788  1.022793
7.96772384	514	-0.057939 0.008858  1.023511
7.97277212	513	-0.066079 0.002634  1.028539
7.97782421	513	-0.067755 0.007661  1.026623
7.98288822	513	-0.073262 0.011971  1.028060
7.98793601	513	-0.071107 0.012689  1.023511
7.99297618	513	-0.072544 0.011013  1.018962
7.99802780	514	-0.080684 0.018435  1.025666
8.00306034	514	-0.077093 0.007183  1.028060
8.00809955	514	-0.074698 0.020590  1.019201
8.01311969	511	-0.074938 0.013407  1.032609
8.01816844	514	-0.079008 0.020590  1.030693
8.02319622	511	-0.081163 0.014604  1.026144
8.02824783	513	-0.073501 0.016520  1.021356
8.03329563	513	-0.078050 0.018914  1.031412
8.03833961	511	-0.072783 0.017238  1.021835
8.04339981	512	-0.067276 0.011253  1.018723
8.04846382	509	-0.068952 0.014126  1.023990
8.05352401	510	-0.059376 0.012210  1.024469
8.05858802	511	-0.055545 0.007661  1.030215
8.06363582	511	-0.055545 0.004310  1.026863
8.06868839	508	-0.047884 0.003352  1.028778
8.07372379	511	-0.044053 0.003591  1.032369
8.07876396	510	-0.043574 0.000239  1.026863
8.08380413	510	-0.040701 -0.003352  1.023750
8.08886814	509	-0.037110 -0.005028  1.028778
8.09394359	506	-0.032082 -0.003352  1.029257
8.09901618	505	-0.027294 -0.004310  1.030693
8.10410022	506	-0.024899 -0.005985  1.028060
8.10918426	506	-0.024421 -0.009577  1.027820
8.11427974	507	-0.027772 -0.011731  1.024708
8.11937236	506	-0.018914 -0.011253  1.036679
8.12447643	506	-0.025139 -0.008858  1.030933
8.12957191	506	-0.020590 -0.010056  1.034763
8.13465595	505	-0.025857 -0.005985  1.038834
8.13973617	505	-0.023224 -0.004310  1.034763
8.14483642	504	-0.029927 -0.009816  1.035961
8.14993190	505	-0.033279 -0.006704  1.038594
8.15501976	505	-0.038307 -0.000958  1.040510
8.16009998	503	-0.039025 -0.007183  1.042904
8.16519165	503	-0.042616 0.003591  1.037397
8.17026042	504	-0.040940 0.005507  1.040749
8.17530822	503	-0.045729 0.005267  1.037158
8.18036365	503	-0.054348 0.004070  1.037636
8.18540000	503	-0.059136 0.010295  1.043383
8.19044780	503	-0.062488 0.016759  1.043861
8.19548416	502	-0.065840 0.008858  1.038355
##inga 
#ido(sec)  szog(ADC)     ax(g)    ay(g)   az(g)
8.20104026	502	-0.058657 0.009577  1.040270
8.20623970	502	-0.067037 0.018435  1.042664
8.21146774	499	-0.066558 0.025618  1.047692
8.21668815	500	-0.078529 0.019632  1.035242
8.22173213	497	-0.075177 0.022745  1.048889
8.22679233	496	-0.080444 0.020590  1.050086
8.23184013	497	-0.078050 0.025618  1.049368
8.23689556	496	-0.081163 0.021308  1.045058
8.24197196	495	-0.075656 0.022984  1.051523
8.24703216	495	-0.078050 0.022745  1.057269
8.25206756	496	-0.073741 0.025378  1.052002
8.25712394	495	-0.074938 0.022026  1.048171
8.26216793	493	-0.062488 0.022026  1.047692
8.26720809	491	-0.065840 0.021548  1.052720
8.27225589	492	-0.064882 0.018675  1.054156
8.27730846	491	-0.059376 0.014604  1.049368
8.28234386	491	-0.052672 0.011492  1.051523
8.28737640	489	-0.055306 0.014126  1.050326
8.29242801	489	-0.047884 0.009577  1.043143
8.29748439	489	-0.037589 0.006704  1.060621
8.30253982	487	-0.045968 0.005028  1.051283
8.30757999	488	-0.038786 0.005985  1.061818
8.31264781	488	-0.034237 0.005746  1.048650
8.31770801	487	-0.033518 0.000718  1.061099
8.32275962	483	-0.032561 -0.004070  1.053199
8.32784366	485	-0.028012 -0.006464  1.064212
8.33292388	482	-0.023463 -0.005985  1.062057
8.33800411	483	-0.019153 -0.008858  1.058945
8.34308433	482	-0.016520 -0.002155  1.054156
8.34817218	482	-0.026336 -0.005028  1.057508
8.35324764	481	-0.022266 -0.006464  1.047692
8.35833644	479	-0.018675 0.000239  1.067564
8.36337184	480	-0.021787 -0.001676  1.059184
8.36845207	478	-0.019872 -0.004310  1.057269
8.37353992	478	-0.026097 -0.002155  1.066606
8.37862014	476	-0.030645 -0.001197  1.058226
8.38369560	476	-0.027294 0.004310  1.049129
8.38875198	474	-0.032082 0.004070  1.055114
8.39379215	472	-0.035913 0.001437  1.061099
8.39884376	473	-0.047405 0.008380  1.061099
8.40389633	473	-0.044771 0.011253  1.065648
8.40896034	473	-0.049799 0.017956  1.051523
8.41401576	472	-0.049799 0.023942  1.051762
8.41906356	471	-0.059376 0.022984  1.052241
8.42411231	470	-0.061530 0.020590  1.055832
8.42915153	471	-0.063206 0.024660  1.070676
8.43418788	468	-0.068713 0.025857  1.063972
8.43924045	470	-0.072783 0.027533  1.065409
8.44427585	469	-0.068713 0.030885  1.061578
8.44932365	468	-0.070149 0.033758  1.053917
8.45436382	466	-0.074219 0.032561  1.063733
8.45940780	466	-0.073741 0.029927  1.056311
8.46444797	465	-0.071107 0.025618  1.051762
8.46951198	464	-0.067995 0.022745  1.058705
8.47456836	462	-0.073501 0.029209  1.055353
8.47963237	464	-0.068234 0.025857  1.058705
8.48469161	461	-0.071107 0.017717  1.062775
8.48976039	461	-0.061530 0.026815  1.053917
8.49481964	462	-0.063685 0.028012  1.054635
8.49987220	461	-0.059615 0.023702  1.056790
8.50492000	458	-0.058179 0.023224  1.056550
8.50994777	459	-0.050278 0.012929  1.057508
8.51499176	457	-0.050038 0.016759  1.059663
8.52002429	458	-0.045968 0.015083  1.048171
8.52506446	457	-0.035194 0.009816  1.057269
8.53010845	455	-0.032800 0.011971  1.043383
8.53515625	456	-0.034716 0.005507  1.052480
8.54020404	452	-0.029688 0.008380  1.042904
8.54525566	452	-0.023942 0.001915  1.058945
8.55030822	453	-0.021787 0.006943  1.054635
8.55536842	453	-0.021787 0.000958  1.044819
8.56043624	452	-0.018914 -0.000718  1.057748
8.56552410	452	-0.019393 0.001197  1.048650
8.57057952	452	-0.017477 -0.008619  1.054635
8.57567214	449	-0.015323 -0.003831  1.042425
8.58076000	451	-0.022026 -0.000718  1.041467
8.58583641	451	-0.018675 0.000000  1.053678
8.59085178	449	-0.015323 0.004788  1.044101
8.59588813	449	-0.018675 -0.000479  1.044819
8.60096359	449	-0.032561 0.010056  1.044101
8.60601615	450	-0.025618 0.001676  1.045537
8.61105155	447	-0.032800 0.011492  1.046256
8.61610031	449	-0.033997 0.014604  1.038834
8.62115573	448	-0.034955 0.012450  1.039073
8.62620353	448	-0.039983 0.015802  1.041707
8.63125991	447	-0.043574 0.013647  1.042904
8.63631153	447	-0.048123 0.021308  1.043622
8.64137554	448	-0.057221 0.023463  1.031651
8.64643955	446	-0.054348 0.024181  1.038115
8.65149211	447	-0.063685 0.026097  1.044819
8.65654373	447	-0.056024 0.030167  1.044340
8.66157627	443	-0.068234 0.037589  1.032369
8.66662025	446	-0.069192 0.030645  1.038115
8.67166423	445	-0.069671 0.037589  1.040988
8.67670822	443	-0.067755 0.030885  1.035482
8.68175220	441	-0.070149 0.034237  1.036200
8.68677997	442	-0.078050 0.035673  1.028299
8.69183158	440	-0.068473 0.032561  1.031172
8.69688034	441	-0.070149 0.032321  1.035721
8.70192813	441	-0.062249 0.033758  1.025426
8.70697975	440	-0.070628 0.032321  1.027342
##inga 
#ido(sec)  szog(ADC)     ax(g)    ay(g)   az(g)
8.71255970	440	-0.066319 0.034955  1.041707
8.71780014	439	-0.053151 0.024660  1.036439
8.72302436	439	-0.058418 0.022984  1.026863
8.72824382	437	-0.054348 0.022505  1.030215
8.73329639	438	-0.049559 0.025378  1.029496
8.73833179	436	-0.041898 0.022505  1.026863
8.74337196	437	-0.037110 0.015562  1.025905
8.74841594	436	-0.036631 0.012210  1.017525
8.75345993	436	-0.032321 0.017477  1.022553
8.75850772	433	-0.032561 0.016280  1.023511
8.76356029	435	-0.027054 0.016759  1.020877
8.76859569	435	-0.022505 0.009337  1.030933
8.77365589	432	-0.022266 0.005028  1.022793
8.77872371	434	-0.024660 0.009577  1.020877
8.78376770	435	-0.013168 0.002873  1.023032
8.78882789	434	-0.016520 0.008858  1.021356
8.79387569	434	-0.014126 0.000000  1.024947
8.79887962	435	-0.011492 0.008140  1.024708
8.80393218	434	-0.017956 0.008380  1.022553
8.80896759	434	-0.011492 0.006464  1.022793
8.81400775	434	-0.017717 0.007183  1.026863
8.81904411	434	-0.018435 0.008858  1.027820
8.82408428	434	-0.024660 0.005507  1.025426
8.82913970	432	-0.026575 0.005746  1.022793
8.83419227	432	-0.023942 0.013407  1.015610
8.83924770	434	-0.026097 0.010774  1.025426
8.84431552	433	-0.037349 0.016280  1.016807
8.84935569	434	-0.041659 0.014844  1.009625
8.85441207	434	-0.044532 0.017717  1.022074
8.85947990	433	-0.048362 0.022745  1.014413
8.86453628	433	-0.050278 0.021787  1.018004
8.86958026	433	-0.052911 0.027294  1.015131
8.87462806	433	-0.059615 0.027294  1.017525
8.87967967	431	-0.055784 0.035194  1.021835
8.88472843	431	-0.065600 0.031843  1.018962
8.88975620	432	-0.064882 0.036391  1.019680
8.89478015	433	-0.065600 0.028970  1.026623
8.89980411	433	-0.066558 0.030406  1.020398
8.90485191	434	-0.070389 0.034716  1.021356
8.90988445	431	-0.070628 0.036391  1.023750
8.91492366	433	-0.064164 0.029927  1.024708
8.91997241	433	-0.067276 0.031603  1.018244
8.92502021	434	-0.068713 0.031603  1.023990
8.93007564	434	-0.065600 0.025618  1.018004
8.93511581	436	-0.060812 0.023942  1.021595
8.94015979	435	-0.056503 0.022984  1.017047
8.94519996	435	-0.056503 0.016759  1.025426
8.95024776	435	-0.054108 0.017238  1.026863
8.95528411	435	-0.051714 0.015083  1.023032
8.96032428	436	-0.045011 0.011492  1.019201
8.96536827	435	-0.042616 0.013886  1.029496
8.97041988	435	-0.037828 0.011013  1.034285
8.97547245	438	-0.038546 0.010056  1.023750
8.98052406	437	-0.029209 0.006943  1.023271
8.98558044	438	-0.030885 0.002394  1.029017
8.99062824	438	-0.024181 0.006464  1.017047
8.99568843	437	-0.026815 0.006225  1.021835
9.00075626	439	-0.015562 0.008140  1.017525
9.00580406	440	-0.024181 0.001197  1.024947
9.01085567	439	-0.013647 0.006704  1.029975
9.01590442	441	-0.017717 0.001676  1.025187
9.02093982	442	-0.013647 -0.002155  1.018483
9.02603626	440	-0.016520 0.000479  1.028060
9.03107166	441	-0.017477 0.000718  1.027102
9.03610801	443	-0.019872 -0.003112  1.026623
9.04120445	443	-0.026097 0.004788  1.041946
9.04624843	443	-0.029209 -0.004310  1.036679
9.05133247	444	-0.027054 0.006225  1.032369
9.05638027	445	-0.031843 0.008858  1.020877
9.06142425	446	-0.038546 0.010295  1.039552
9.06648826	445	-0.041180 0.010056  1.034524
9.07153987	448	-0.047165 0.014604  1.034045
9.07659626	448	-0.051714 0.016041  1.036679
9.08165645	448	-0.047884 0.025618  1.035721
9.08672046	448	-0.060333 0.020351  1.032130
9.09176826	448	-0.052672 0.020829  1.035242
9.09682369	447	-0.065361 0.025139  1.038115
9.10188007	448	-0.063206 0.027294  1.040031
9.10692787	448	-0.074459 0.026815  1.041946
9.11198043	449	-0.066319 0.026097  1.037158
9.11703205	448	-0.075417 0.027772  1.043622
9.12208843	449	-0.069192 0.030406  1.041467
9.12714385	450	-0.072304 0.030645  1.046495
9.13218402	450	-0.071586 0.027054  1.048410
9.13722801	452	-0.072544 0.022984  1.046734
9.14229965	451	-0.075895 0.029209  1.041228
9.14735984	452	-0.070868 0.028491  1.045058
9.15240764	451	-0.062967 0.018196  1.047931
9.15747165	454	-0.066079 0.021308  1.046974
9.16253566	453	-0.065840 0.015562  1.043622
9.16758823	455	-0.059376 0.020590  1.048171
9.17263984	453	-0.050038 0.022266  1.046256
9.17767238	455	-0.051714 0.014844  1.052480
9.18270778	456	-0.052193 0.010774  1.048889
9.18776035	457	-0.039504 0.003112  1.048171
9.19279575	455	-0.036631 0.011492  1.053917
9.19783592	457	-0.038546 0.007422  1.046256
9.20288372	455	-0.037828 0.009577  1.047931
9.20794010	457	-0.032800 0.003112  1.056790
9.21298027	458	-0.026575 -0.000958  1.043861
9.21806812	459	-0.026815 -0.000479  1.059424
##inga 
#ido(sec)  szog(ADC)     ax(g)    ay(g)   az(g)
9.22369575	460	-0.018675 -0.002155  1.055353
9.22894763	460	-0.026336 -0.002155  1.057508
9.23419570	462	-0.017717 -0.008140  1.044101
9.23941230	464	-0.023942 -0.002394  1.058466
9.24450778	463	-0.017477 0.002634  1.056550
9.24957180	463	-0.025857 -0.005267  1.054396
9.25467205	464	-0.028730 -0.001676  1.058705
9.25975608	463	-0.022266 0.003352  1.049368
9.26482009	466	-0.032082 0.000479  1.059424
9.26986408	467	-0.033758 -0.001437  1.052480
9.27493953	465	-0.034476 0.002394  1.056550
9.27997970	468	-0.038307 0.008380  1.056790
9.28500366	468	-0.044292 0.003591  1.061099
9.29004383	468	-0.039743 0.006464  1.057748
9.29507637	471	-0.051235 0.005985  1.067803
9.30012035	471	-0.051954 0.012210  1.052480
9.30515193	472	-0.055545 0.010056  1.058705
9.31020355	472	-0.065361 0.011492  1.053199
9.31526374	473	-0.068952 0.014365  1.050804
9.32032012	473	-0.069671 0.017717  1.068521
9.32539558	473	-0.071825 0.023463  1.054156
9.33045959	475	-0.066319 0.025618  1.062536
9.33553600	476	-0.076135 0.023942  1.056550
9.34057235	476	-0.073741 0.023942  1.053199
9.34563159	475	-0.073741 0.022745  1.065888
9.35068035	478	-0.074698 0.024421  1.057029
9.35571956	476	-0.076374 0.018435  1.047931
9.36076831	479	-0.078529 0.018914  1.052480
9.36581230	480	-0.077811 0.019393  1.049607
9.37086009	478	-0.077332 0.022745  1.064691
9.37592029	481	-0.070868 0.015323  1.059184
9.38096809	482	-0.069910 0.017238  1.064451
9.38602447	481	-0.067037 0.009098  1.058466
9.39108753	484	-0.066319 0.015323  1.052480
9.39614009	482	-0.051475 0.015802  1.040510
9.40118789	483	-0.053869 0.007183  1.047692
9.40625953	483	-0.054587 0.003831  1.055114
9.41131591	486	-0.041898 0.000718  1.048889
9.41636371	487	-0.040462 0.004070  1.056550
9.42140007	488	-0.037828 0.000718  1.054875
9.42644405	489	-0.037349 -0.006225  1.060621
9.43152809	490	-0.036152 -0.008619  1.053199
9.43661212	488	-0.030645 -0.007901  1.044340
9.44167613	490	-0.034716 -0.008619  1.042664
9.44676017	491	-0.020590 -0.006464  1.048889
9.45184040	490	-0.028491 -0.013168  1.057987
9.45692825	492	-0.023224 -0.011492  1.040270
9.46202754	493	-0.023224 -0.015083  1.049368
9.46711635	492	-0.021069 -0.007422  1.040510
9.47220039	494	-0.026097 -0.014604  1.054635
9.47728443	495	-0.022745 -0.012210  1.038834
9.48237609	494	-0.028012 -0.008380  1.036200
9.48746013	494	-0.029448 -0.011253  1.054635
9.49256038	496	-0.033279 -0.011731  1.044819
9.49765968	496	-0.038546 -0.009577  1.048889
9.50275993	496	-0.041419 -0.004549  1.036679
9.50785160	497	-0.045250 -0.003352  1.047453
9.51293563	500	-0.050278 0.000000  1.041228
9.51794815	501	-0.049799 0.003112  1.046256
9.52300834	501	-0.060812 0.003591  1.042185
9.52806377	499	-0.059854 0.005985  1.042425
9.53310775	500	-0.067755 0.007901  1.041467
9.53815174	502	-0.064403 0.007901  1.042904
9.54319953	500	-0.073741 0.016041  1.042904
9.54824447	500	-0.071107 0.018435  1.046734
9.55328845	502	-0.075177 0.012929  1.046974
9.55834388	502	-0.079487 0.019153  1.040510
9.56339168	504	-0.074698 0.017956  1.035961
9.56844425	503	-0.087627 0.017477  1.041946
9.57349967	502	-0.088106 0.015802  1.046256
9.57855606	505	-0.080205 0.020111  1.035961
9.58360385	503	-0.083317 0.014604  1.036439
9.58866786	502	-0.078529 0.020111  1.035721
9.59372043	503	-0.073262 0.017956  1.035242
9.59877204	503	-0.073022 0.014604  1.033327
9.60382843	505	-0.075895 0.011492  1.031412
9.60888385	504	-0.070149 0.015083  1.027820
9.61391639	505	-0.064403 0.011013  1.033088
9.61895561	503	-0.063685 0.005746  1.032369
9.62399196	505	-0.060573 0.002873  1.033327
9.62901973	506	-0.050996 0.003112  1.027820
9.63405609	506	-0.050038 0.000479  1.035482
9.63909626	507	-0.049320 0.000718  1.041228
9.64414787	504	-0.037349 -0.004549  1.031890
9.64922046	507	-0.035434 -0.007901  1.039791
9.65431594	508	-0.028251 -0.011492  1.027820
9.65940380	507	-0.031124 -0.008619  1.023511
9.66449165	507	-0.027054 -0.015083  1.036200
9.66957187	508	-0.027533 -0.010774  1.026144
9.67467594	505	-0.031603 -0.009577  1.027820
9.67976379	508	-0.026815 -0.014604  1.021835
9.68487167	508	-0.023702 -0.017477  1.025905
9.68997192	509	-0.025139 -0.011492  1.022074
9.69507598	509	-0.024181 -0.012689  1.024229
9.70019245	506	-0.026097 -0.011971  1.025187
9.70530414	506	-0.030645 -0.013168  1.023750
9.71040821	509	-0.030406 -0.006464  1.028060
9.71549224	509	-0.037349 -0.009337  1.031890
9.72059154	510	-0.036631 -0.008619  1.021595
9.72569179	510	-0.039743 -0.005985  1.021595
9.73078823	508	-0.048841 -0.003352  1.022074
##inga 
#ido(sec)  szog(ADC)     ax(g)    ay(g)   az(g)
9.73641586	510	-0.049799 -0.004549  1.023511
9.74165630	510	-0.054587 -0.002873  1.031651
9.74688434	510	-0.052432 0.000000  1.027342
9.75204372	510	-0.054827 0.003352  1.028778
9.75708389	510	-0.067755 0.005028  1.024229
9.76212406	507	-0.066798 0.005267  1.023032
9.76716041	510	-0.073262 0.012689  1.025187
9.77221965	510	-0.075895 0.009337  1.029975
9.77726364	510	-0.077571 0.012929  1.029736
9.78231620	510	-0.072783 0.012210  1.023271
9.78736400	508	-0.078768 0.023463  1.028778
9.79242038	509	-0.079487 0.014365  1.034524
9.79747581	510	-0.078529 0.023463  1.030693
9.80253601	509	-0.077571 0.020590  1.023032
9.80759620	507	-0.086909 0.012689  1.029736
9.81264400	509	-0.077571 0.019393  1.027820
9.81768798	507	-0.081641 0.020590  1.031890
9.82271575	508	-0.074938 0.016280  1.026623
9.82775592	507	-0.072304 0.016759  1.026863
9.83279991	507	-0.067755 0.012929  1.020159
9.83783626	507	-0.058179 0.007901  1.025666
9.84288406	508	-0.060333 0.013407  1.030693
9.84792041	505	-0.053151 0.009816  1.023032
9.85297584	507	-0.052193 -0.001437  1.028539
9.85807991	504	-0.043574 0.004310  1.028539
9.86314010	503	-0.045250 -0.000718  1.035003
9.86822032	506	-0.039265 0.004549  1.029496
9.87327957	504	-0.035673 -0.004070  1.029496
9.87836360	506	-0.027533 -0.002873  1.030933
9.88345623	506	-0.035913 -0.008619  1.037397
9.88857173	505	-0.032800 -0.004788  1.032609
9.89364814	504	-0.026097 -0.008140  1.027820
9.89873218	502	-0.024899 -0.008619  1.043622
9.90381622	505	-0.020351 -0.009577  1.044340
9.90890026	504	-0.022984 -0.010295  1.022793
9.91399192	504	-0.022266 -0.008858  1.029975
9.91906833	503	-0.019632 -0.005985  1.035721
9.92415618	503	-0.021308 -0.011253  1.042425
9.92924785	504	-0.027533 -0.005507  1.038355
9.93433189	503	-0.032082 -0.004310  1.037636
9.93940353	503	-0.036631 -0.005507  1.045537
9.94448375	502	-0.033279 -0.003352  1.037158
9.94957160	501	-0.037349 0.000718  1.040510
9.95460414	502	-0.039983 0.002155  1.036679
9.95964431	500	-0.045968 0.007422  1.040510
9.96468830	501	-0.043095 0.003591  1.025905
9.96973228	500	-0.051714 0.006943  1.047453
9.97478389	500	-0.053390 0.011971  1.038355
9.97984409	499	-0.068234 0.017956  1.036439
9.98490047	497	-0.061530 0.017477  1.043861
9.98996353	497	-0.063446 0.021787  1.047213
9.99501228	497	-0.071107 0.023463  1.035721
10.00007152	495	-0.069910 0.020111  1.050326
10.00522804	496	-0.074459 0.018196  1.045058
10.01038837	493	-0.076374 0.020351  1.051762
10.01557159	495	-0.078768 0.020111  1.045777
10.02073955	494	-0.075656 0.022745  1.053438
10.02591609	494	-0.077093 0.028970  1.049129
10.03108406	492	-0.071107 0.020111  1.051283
10.03625965	492	-0.077811 0.024660  1.050086
10.04141235	492	-0.073262 0.023224  1.049129
10.04658794	489	-0.070149 0.024899  1.050086
10.05174827	489	-0.068952 0.023942  1.046734
10.05690765	488	-0.062009 0.018914  1.046495
10.06206417	486	-0.061291 0.018196  1.056072
10.06721973	488	-0.051235 0.011492  1.041228
10.07237243	486	-0.050757 0.007901  1.055353
10.07752799	488	-0.049081 0.008858  1.049847
10.08267593	486	-0.047165 0.005267  1.048650
10.08782005	483	-0.044053 0.001437  1.047692
10.09296417	484	-0.034955 0.010056  1.052720
10.09810829	485	-0.028970 0.003591  1.058226
10.10326004	484	-0.028012 -0.003591  1.057748
10.10846042	483	-0.020590 -0.005746  1.048650
10.11365985	482	-0.026575 0.002155  1.049368
10.11881160	481	-0.022266 -0.004310  1.055353
10.12402439	481	-0.021787 -0.002634  1.046495
10.12924003	480	-0.019872 -0.006943  1.052002
10.13444423	479	-0.021548 0.000718  1.057508
10.13960361	476	-0.018914 -0.008619  1.044340
10.14481639	478	-0.020111 -0.004070  1.044819
10.15002822	476	-0.019153 0.003831  1.050804
10.15519237	475	-0.020829 -0.000239  1.057029
10.16039562	475	-0.031124 -0.000718  1.059902
10.16559219	475	-0.028491 0.001915  1.057987
10.17074012	473	-0.033279 0.013647  1.051283
10.17589569	474	-0.035673 0.010774  1.055593
10.18104362	472	-0.042856 0.010295  1.058705
10.18620395	473	-0.044053 0.012929  1.057987
10.19135189	472	-0.048841 0.009337  1.058466
10.19650840	471	-0.057939 0.014126  1.056550
10.20166397	470	-0.053390 0.016999  1.060381
10.20681190	470	-0.068952 0.022505  1.054396
10.21196842	467	-0.068473 0.023702  1.055114
10.21712398	467	-0.067995 0.029448  1.058945
10.22228431	468	-0.066558 0.027772  1.044101
10.22744846	468	-0.069431 0.031124  1.061339
10.23262023	467	-0.074219 0.020829  1.057029
10.23778438	465	-0.077332 0.030406  1.056550
10.24294757	462	-0.076853 0.032321  1.056072
10.24810791	465	-0.078768 0.035434  1.055593
##inga 
#ido(sec)  szog(ADC)     ax(g)    ay(g)   az(g)
10.25381565	461	-0.074219 0.029209  1.042904
10.25908374	464	-0.072304 0.029209  1.048650
10.26435565	461	-0.072783 0.028491  1.050086
10.26961612	461	-0.067995 0.029448  1.058226
10.27478027	462	-0.056742 0.029209  1.043143
10.27993583	460	-0.061052 0.023942  1.055353
10.28510761	458	-0.068713 0.020590  1.049368
10.29027557	457	-0.051475 0.019393  1.045777
10.29544830	459	-0.048841 0.017956  1.046495
10.30061626	457	-0.050517 0.015323  1.042185
10.30577182	457	-0.036870 0.015083  1.050565
10.31092357	456	-0.040222 0.010774  1.046495
10.31607246	455	-0.030167 0.008140  1.040031
10.32122802	456	-0.022745 0.005746  1.046256
10.32638359	454	-0.020351 0.006943  1.043143
10.33153152	452	-0.022266 0.009577  1.058466
10.33668804	453	-0.016999 0.001437  1.044101
10.34183597	453	-0.020351 0.002634  1.044340
10.34698390	450	-0.017956 -0.000479  1.048650
10.35217952	452	-0.013886 -0.003112  1.041467
10.35738372	449	-0.021548 -0.000718  1.042904
10.36259174	450	-0.015562 -0.003831  1.047931
10.36780357	450	-0.027294 0.000239  1.046974
10.37297153	451	-0.017238 0.001437  1.036200
10.37813186	450	-0.022984 0.004070  1.043143
10.38329219	449	-0.022266 0.006704  1.051523
10.38845157	450	-0.028970 0.009577  1.035721
10.39360427	449	-0.025378 0.008140  1.041946
10.39877223	449	-0.036152 0.017238  1.032609
10.40394020	449	-0.038786 0.011492  1.039073
10.40909576	447	-0.037349 0.017477  1.041946
10.41425609	447	-0.048602 0.016520  1.040749
10.41941642	448	-0.046447 0.026575  1.031412
10.42457580	447	-0.050517 0.025378  1.029257
10.42972755	448	-0.061530 0.025139  1.041707
10.43488788	447	-0.062009 0.024181  1.033806
10.44004440	445	-0.065600 0.035913  1.029257
10.44519996	447	-0.063206 0.032082  1.038355
10.45036029	447	-0.066558 0.027054  1.022553
10.45551967	447	-0.072544 0.032800  1.026384
10.46066379	444	-0.065361 0.036152  1.030693
10.46582031	445	-0.067516 0.030645  1.036439
10.47097969	445	-0.071107 0.034476  1.036679
10.47613620	444	-0.068234 0.036870  1.038115
10.48128414	444	-0.074219 0.036870  1.036200
10.48642444	440	-0.065361 0.029688  1.029975
10.49157238	442	-0.069192 0.030885  1.031412
10.49673557	441	-0.063685 0.032082  1.032369
10.50189971	441	-0.062488 0.025618  1.030215
10.50707626	440	-0.052432 0.027294  1.026623
10.51224803	441	-0.052911 0.030885  1.024469
10.51741218	440	-0.042616 0.018196  1.034524
10.52258014	440	-0.045968 0.019153  1.022314
10.52775192	439	-0.039743 0.023702  1.029496
10.53291606	438	-0.039983 0.015083  1.031651
10.53808403	437	-0.034476 0.011013  1.027102
10.54323959	439	-0.030645 0.010295  1.033327
10.54839229	438	-0.023224 0.012210  1.024708
10.55353641	438	-0.022505 0.009337  1.029017
10.55869197	436	-0.015802 0.006225  1.025905
10.56384754	438	-0.013407 0.004549  1.030215
10.56900405	437	-0.016759 0.002155  1.023750
10.57415580	437	-0.004549 0.002873  1.012977
10.57931613	436	-0.010774 0.005746  1.022314
10.58446407	436	-0.007183 0.003591  1.020159
10.58961963	436	-0.008619 0.007422  1.023750
10.59477233	436	-0.012450 0.006943  1.012019
10.59992408	436	-0.015802 0.009816  1.017765
10.60507965	436	-0.021787 0.006464  1.013934
10.61022758	434	-0.017477 0.012689  1.018004
10.61538028	433	-0.033518 0.008140  1.020159
10.62053966	436	-0.031124 0.012929  1.026144
10.62569999	435	-0.034237 0.016520  1.017525
10.63085556	436	-0.039983 0.020351  1.024947
10.63602828	434	-0.043813 0.018675  1.021595
10.64121627	436	-0.049559 0.021548  1.028299
10.64638423	435	-0.051235 0.022505  1.019920
10.65155220	433	-0.057460 0.028012  1.012019
10.65672016	434	-0.057939 0.027533  1.024469
10.66189575	435	-0.059136 0.030885  1.020398
10.66705608	436	-0.069910 0.032082  1.020638
10.67221164	433	-0.067995 0.031843  1.027342
10.67738819	436	-0.065122 0.030167  1.021595
10.68255996	436	-0.066798 0.036870  1.025905
10.68770790	433	-0.074938 0.036631  1.015131
10.69287204	434	-0.072544 0.035913  1.023271
10.69801998	436	-0.078768 0.035434  1.021356
10.70317554	437	-0.066798 0.033279  1.032609
10.70833206	436	-0.071825 0.035673  1.014892
10.71349239	434	-0.060573 0.033279  1.026384
10.71864795	435	-0.060333 0.028012  1.019201
10.72380828	436	-0.062249 0.025857  1.020159
10.72895240	438	-0.057939 0.023942  1.023990
10.73410415	438	-0.052193 0.016999  1.024947
10.73925590	440	-0.049320 0.018196  1.027342
10.74441242	440	-0.044053 0.016759  1.025426
10.74956798	440	-0.042856 0.015562  1.020638
10.75472354	440	-0.039504 0.014844  1.026863
10.75986766	440	-0.035194 0.009337  1.022074
10.76502799	442	-0.026097 0.003831  1.022553
10.77019596	443	-0.028491 0.001197  1.028539
##inga 
#ido(sec)  szog(ADC)     ax(g)    ay(g)   az(g)
10.77590847	443	-0.022745 -0.000239  1.026384
10.78116798	443	-0.022505 0.000718  1.029017
10.78643226	443	-0.020590 0.000479  1.029257
10.79168796	444	-0.018196 0.000479  1.030933
10.79685211	445	-0.020351 0.005028  1.042185
10.80202007	445	-0.023224 -0.006225  1.025905
10.80722808	447	-0.020351 0.000000  1.023750
10.81234836	448	-0.023942 -0.002394  1.042185
10.81756019	446	-0.014604 -0.003112  1.024229
10.82277202	448	-0.023463 0.003591  1.038355
10.82792758	448	-0.031364 0.006225  1.028060
10.83308029	446	-0.026336 0.006225  1.037876
10.83822441	448	-0.036631 0.008858  1.029736
10.84337234	448	-0.035194 0.005267  1.039312
10.84852409	448	-0.042138 0.011492  1.034763
10.85367965	448	-0.041180 0.012210  1.038594
10.85882377	446	-0.048841 0.016520  1.033806
10.86398029	449	-0.048362 0.014844  1.041228
10.86914443	447	-0.053869 0.020590  1.043861
10.87429618	450	-0.060094 0.025857  1.033088
10.87945556	450	-0.059615 0.023942  1.039791
10.88460445	450	-0.070868 0.024899  1.038594
10.88975238	449	-0.069431 0.029209  1.041707
10.89491176	451	-0.073980 0.029927  1.040510
10.90005588	452	-0.064403 0.027772  1.046974
10.90520763	449	-0.071586 0.023942  1.041228
10.91036796	451	-0.076135 0.030406  1.042185
10.91551971	450	-0.074698 0.025618  1.046495
10.92068386	453	-0.075177 0.025618  1.045058
10.92585563	453	-0.072783 0.021548  1.039073
10.93102836	456	-0.069910 0.026097  1.044819
10.93619632	454	-0.063446 0.020111  1.042904
10.94136047	456	-0.067995 0.024660  1.042425
10.94652366	453	-0.062967 0.020111  1.046495
10.95169162	455	-0.053390 0.011492  1.037876
10.95685958	454	-0.048841 0.011971  1.042425
10.96202373	455	-0.051235 0.011253  1.044819
10.96719169	456	-0.043335 0.011013  1.049847
10.97235584	456	-0.041898 0.008380  1.057029
10.97751235	455	-0.030406 0.002394  1.048650
10.98265552	456	-0.032082 0.005028  1.054635
10.98781585	458	-0.030885 0.001197  1.046974
10.99296379	461	-0.029448 0.000958  1.056072
10.99812793	462	-0.028251 0.001197  1.062296
11.00327587	462	-0.024421 -0.003831  1.047692
11.00847244	462	-0.021069 -0.002155  1.046256
11.01366806	464	-0.020351 -0.006704  1.055114
11.01887226	464	-0.019393 -0.007901  1.047453
11.02406787	463	-0.024899 0.000000  1.046974
11.02918815	465	-0.020590 0.001197  1.051283
11.03435993	466	-0.025139 -0.004788  1.049847
11.03957176	465	-0.030167 -0.006704  1.051283
11.04477214	467	-0.022266 -0.003591  1.043861
11.04998016	468	-0.027772 -0.001676  1.055832
11.05518817	469	-0.038307 0.004788  1.045537
11.06036376	469	-0.036391 0.000239  1.050804
11.06551647	469	-0.039743 0.007661  1.050326
11.07067203	471	-0.043335 0.010534  1.053199
11.07581996	471	-0.047884 0.016280  1.054156
11.08097171	470	-0.052911 0.007422  1.049607
11.08612823	472	-0.060333 0.012450  1.051523
11.09127616	473	-0.063925 0.015323  1.056790
11.09643173	474	-0.067995 0.018196  1.048650
11.10157966	473	-0.065361 0.020351  1.054875
11.10673618	473	-0.070868 0.021548  1.054396
11.11189174	476	-0.073501 0.018914  1.054156
11.11705207	476	-0.077571 0.026097  1.050326
11.12221622	477	-0.081163 0.023702  1.046974
11.12736415	477	-0.085472 0.021308  1.056790
11.13251972	476	-0.074698 0.019872  1.049607
11.13766765	478	-0.079008 0.025618  1.057029
11.14283180	477	-0.070868 0.019153  1.056550
11.14797973	480	-0.073980 0.022745  1.054875
11.15315246	479	-0.069910 0.016041  1.051283
11.15833187	479	-0.074219 0.018196  1.052002
11.16349220	482	-0.066558 0.020590  1.050086
11.16866016	482	-0.065840 0.011013  1.051283
11.17381954	484	-0.060573 0.010774  1.050326
11.17897987	484	-0.056503 0.016041  1.046974
11.18414020	485	-0.050038 0.004788  1.045298
11.18929576	483	-0.048362 0.002634  1.048171
11.19445610	485	-0.040701 0.002634  1.045298
11.19962787	486	-0.040462 0.000718  1.049847
11.20478820	485	-0.040222 -0.002873  1.055593
11.20998764	490	-0.033758 -0.000479  1.054156
11.21519184	489	-0.031603 -0.006943  1.057508
11.22039604	491	-0.027054 -0.013168  1.052959
11.22559642	489	-0.026097 -0.011731  1.051762
11.23079967	489	-0.025618 -0.008619  1.044340
11.23598766	490	-0.021308 -0.008140  1.048650
11.24118804	493	-0.016280 -0.014126  1.050804
11.24639606	492	-0.022984 -0.007901  1.047213
11.25159645	493	-0.026815 -0.010774  1.049129
11.25680446	493	-0.022984 -0.014844  1.040749
11.26201152	494	-0.029448 -0.005746  1.033806
11.26722431	495	-0.025618 -0.005267  1.044101
11.27241992	494	-0.034237 -0.003591  1.042425
11.27762413	495	-0.032800 -0.001915  1.040988
11.28282356	495	-0.040940 -0.001437  1.043143
11.28802013	496	-0.039025 -0.001197  1.034524
11.29321956	495	-0.039983 -0.000958  1.029257
##inga 
#ido(sec)  szog(ADC)     ax(g)    ay(g)   az(g)
11.29894828	497	-0.049081 -0.000718  1.040031
11.30420017	498	-0.059136 0.002873  1.041467
11.30945968	500	-0.059854 0.007901  1.040749
11.31471157	502	-0.065840 0.011013  1.045777
11.31986427	500	-0.064403 0.016280  1.041228
11.32501602	500	-0.069671 0.017717  1.039073
11.33016777	502	-0.074698 0.016759  1.038355
11.33532810	503	-0.079247 0.020590  1.036439
11.34047603	502	-0.081881 0.019632  1.037397
11.34564018	502	-0.077571 0.021069  1.040510
11.35080814	502	-0.079966 0.015562  1.033327
11.35597229	502	-0.082839 0.019393  1.040988
11.36113643	504	-0.089063 0.016041  1.037876
11.36631202	504	-0.078529 0.020590  1.034524
11.37146759	503	-0.079008 0.015083  1.026863
11.37663555	503	-0.076135 0.013168  1.026623
11.38179969	502	-0.076374 0.011731  1.023750
11.38696384	502	-0.072304 0.011971  1.033566
11.39212799	504	-0.065840 0.009098  1.028539
11.39727973	502	-0.058897 0.005985  1.029017
11.40243625	505	-0.059376 0.009577  1.032609
11.40759563	504	-0.054108 0.000000  1.035242
11.41270828	503	-0.053151 -0.005985  1.035961
11.41790771	503	-0.048123 -0.002634  1.037876
11.42310810	502	-0.045968 -0.004549  1.030215
11.42831230	504	-0.031364 -0.005267  1.021356
11.43351173	503	-0.035913 -0.002873  1.032848
11.43871212	505	-0.033518 -0.009816  1.034285
11.44391632	505	-0.032082 -0.015802  1.030933
11.44912433	505	-0.031603 -0.013407  1.021117
11.45433235	503	-0.024181 -0.014365  1.028539
11.45954036	506	-0.025139 -0.014604  1.030454
11.46475601	505	-0.022026 -0.020111  1.028299
11.46996784	505	-0.025857 -0.015083  1.032848
11.47517204	503	-0.024899 -0.014365  1.027102
11.48037242	506	-0.027533 -0.012929  1.022314
11.48557186	506	-0.028970 -0.015323  1.031412
11.49077987	507	-0.029209 -0.014844  1.026384
11.49597167	507	-0.035913 -0.006704  1.028060
11.50117206	507	-0.033518 -0.011253  1.017047
11.50637245	507	-0.041180 -0.007661  1.021356
11.51157188	507	-0.047405 0.001197  1.022074
11.51673603	507	-0.047405 -0.000239  1.031651
11.52194023	504	-0.049081 0.000000  1.026623
11.52705955	507	-0.056742 0.007661  1.027581
11.53222846	504	-0.060333 0.011253  1.022793
11.53739643	507	-0.062727 0.007901  1.028060
11.54255962	505	-0.073022 0.008140  1.028060
11.54770755	507	-0.077571 0.012929  1.020638
11.55287170	506	-0.074698 0.011253  1.032609
11.55803203	507	-0.084514 0.014604  1.028299
11.56318759	507	-0.076135 0.020590  1.029257
11.56833553	507	-0.075656 0.021069  1.031412
11.57349967	506	-0.085712 0.018675  1.030215
11.57865238	507	-0.081163 0.018675  1.029017
11.58379554	504	-0.080205 0.025857  1.036439
11.58895206	506	-0.079247 0.015802  1.022553
11.59411239	506	-0.073741 0.015562  1.030693
11.59927177	505	-0.073501 0.017238  1.029736
11.60443210	503	-0.070628 0.016759  1.019680
11.60957241	506	-0.071107 0.012450  1.021595
11.61472034	506	-0.068473 0.015802  1.025905
11.61988353	503	-0.060094 0.010295  1.035242
11.62504386	503	-0.053390 0.013168  1.027102
11.63018798	503	-0.046926 0.006225  1.027581
11.63533973	505	-0.050517 0.005746  1.032848
11.64049243	503	-0.046686 0.000479  1.025426
11.64565181	505	-0.044292 -0.004070  1.024229
11.65086841	503	-0.033279 -0.002394  1.036439
11.65607643	502	-0.032800 -0.000479  1.027820
11.66127586	503	-0.032561 -0.006704  1.029736
11.66648387	504	-0.030167 -0.003112  1.022793
11.67169952	502	-0.028491 -0.012689  1.036679
11.67690372	503	-0.020829 -0.005507  1.035961
11.68210029	503	-0.019153 -0.011731  1.041467
11.68729972	502	-0.023942 -0.007183  1.028778
11.69250011	500	-0.025618 -0.007422  1.029736
11.69770431	501	-0.024181 -0.007901  1.046016
11.70290756	501	-0.020351 -0.009577  1.036918
11.70810031	502	-0.019872 -0.009337  1.030454
11.71329975	499	-0.023224 -0.005746  1.038594
11.71850776	499	-0.039265 -0.006225  1.043143
11.72371959	499	-0.033518 -0.001197  1.040749
11.72893238	500	-0.041180 -0.000239  1.045298
11.73413562	497	-0.041180 0.004070  1.034285
11.73929214	495	-0.038546 0.006225  1.039312
11.74444389	495	-0.047884 0.013168  1.038594
11.74960041	494	-0.049799 0.016999  1.042904
11.75475597	495	-0.059376 0.015083  1.039312
11.75990772	495	-0.063925 0.013407  1.042425
11.76506042	496	-0.065361 0.026097  1.042425
11.77021598	494	-0.067037 0.017477  1.045058
11.77537155	495	-0.071825 0.025378  1.045777
11.78052806	492	-0.077571 0.020829  1.048889
11.78567600	491	-0.076374 0.019872  1.049847
11.79083156	493	-0.076853 0.023463  1.040988
11.79598426	493	-0.077093 0.030645  1.042664
11.80114364	491	-0.078290 0.023942  1.052720
11.80629158	490	-0.074938 0.022266  1.040031
11.81144809	489	-0.082599 0.021787  1.040749
11.81659603	490	-0.071825 0.020351  1.047213
##inga 
#ido(sec)  szog(ADC)     ax(g)    ay(g)   az(g)
11.82229232	486	-0.070628 0.022026  1.040510
11.82756423	487	-0.071107 0.022266  1.042664
11.83284759	486	-0.070389 0.017956  1.043622
11.83811569	488	-0.062967 0.018675  1.044340
11.84328365	486	-0.056981 0.014365  1.046734
11.84845161	483	-0.052911 0.008380  1.048410
11.85361194	485	-0.047644 0.011253  1.046256
11.85877990	484	-0.048362 0.004310  1.053678
11.86395168	484	-0.039743 0.006464  1.042664
11.86911582	484	-0.032082 0.000239  1.045298
11.87427616	482	-0.027294 -0.000479  1.056311
11.87948036	482	-0.031603 -0.000239  1.048889
11.88468837	481	-0.029927 0.001676  1.051762
11.88984394	481	-0.025857 -0.010534  1.057987
11.89504432	479	-0.016041 0.001676  1.057508
11.90019989	478	-0.022745 -0.002394  1.049607
11.90540027	478	-0.014844 -0.005028  1.049368
11.91060829	478	-0.017956 -0.002873  1.053678
11.91580772	477	-0.012450 -0.002394  1.053199
11.92100429	476	-0.018435 -0.007901  1.054635
11.92620372	475	-0.018196 -0.001915  1.051283
11.93140411	474	-0.017956 -0.001197  1.047453
11.93661212	474	-0.024899 -0.000479  1.057029
11.94182014	473	-0.026815 0.003112  1.059663
11.94699192	474	-0.036631 0.005746  1.057029
11.95216369	473	-0.032800 0.008619  1.050565
11.95731639	472	-0.038786 0.008380  1.050565
11.96247196	472	-0.044532 0.011492  1.055353
11.96763992	471	-0.051475 0.013647  1.048171
11.97279644	470	-0.054108 0.014365  1.058945
11.97795200	470	-0.060573 0.017717  1.049607
11.98310756	470	-0.059376 0.020590  1.056550
11.98825168	469	-0.061770 0.022505  1.056311
11.99341201	469	-0.066079 0.028970  1.057029
11.99856758	469	-0.073501 0.021069  1.052720
12.00372028	467	-0.074938 0.029688  1.048410
12.00886440	465	-0.075656 0.026575  1.049847
12.01402378	463	-0.075417 0.030406  1.051523
12.01917552	463	-0.075417 0.030645  1.063254
12.02432441	462	-0.076614 0.030645  1.047692
12.02947998	464	-0.073501 0.038067  1.051283
12.03462791	464	-0.074219 0.024181  1.047931
12.03978443	462	-0.076614 0.029688  1.054156
12.04493618	463	-0.067516 0.024899  1.047213
12.05009555	463	-0.067276 0.021069  1.054396
12.05526447	459	-0.061052 0.025139  1.046974
12.06044006	458	-0.054827 0.023702  1.051523
12.06560039	460	-0.048841 0.021787  1.042904
12.07076835	460	-0.049559 0.018675  1.049368
12.07594013	456	-0.050517 0.015802  1.038594
12.08110809	458	-0.040462 0.014365  1.045058
12.08626842	458	-0.038307 0.017956  1.047453
12.09144020	454	-0.029927 0.006704  1.052241
12.09659194	455	-0.032321 0.008858  1.043861
12.10176372	454	-0.027294 -0.002155  1.043383
12.10697174	455	-0.018914 0.001676  1.042904
12.11212825	454	-0.020351 -0.000239  1.045777
12.11732387	451	-0.018435 -0.001915  1.041228
12.12252426	452	-0.015802 -0.001676  1.049847
12.12772369	452	-0.017238 -0.004549  1.038115
12.13292789	451	-0.017956 0.001915  1.048650
12.13807201	452	-0.018914 0.003591  1.052480
12.14322376	449	-0.015323 0.004310  1.045777
12.14838027	452	-0.012210 0.001915  1.040031
12.15353584	450	-0.016280 0.003591  1.030693
12.15868377	448	-0.024660 0.005267  1.050326
12.16384410	451	-0.022745 0.006704  1.043383
12.16901206	451	-0.028251 0.006464  1.035482
12.17419242	450	-0.032321 0.005985  1.032609
12.17935562	449	-0.035673 0.007661  1.038355
12.18452835	450	-0.039025 0.015802  1.037876
12.18969631	447	-0.038307 0.015802  1.036200
12.19486045	448	-0.048841 0.023463  1.038115
12.20002365	449	-0.052911 0.017717  1.035242
12.20518779	446	-0.055545 0.019393  1.040510
12.21033954	447	-0.057700 0.029927  1.035961
12.21550369	448	-0.068713 0.028491  1.041467
12.22066402	448	-0.070868 0.029688  1.042904
12.22582817	447	-0.067755 0.032321  1.033088
12.23098373	446	-0.070628 0.035913  1.021835
12.23614025	447	-0.074459 0.033758  1.032848
12.24129199	447	-0.074698 0.035913  1.018962
12.24644374	447	-0.066798 0.035194  1.033327
12.25160026	446	-0.075177 0.031124  1.035721
12.25674819	446	-0.072065 0.034955  1.044580
12.26189231	446	-0.071825 0.035913  1.034045
12.26704788	445	-0.068713 0.030406  1.036679
12.27219963	445	-0.062009 0.029688  1.026384
12.27735996	445	-0.060812 0.030406  1.026863
12.28250789	445	-0.061530 0.021548  1.022793
12.28767204	443	-0.053151 0.026336  1.022553
12.29283237	443	-0.049559 0.023463  1.027581
12.29800033	443	-0.050757 0.019632  1.023511
12.30316829	443	-0.039743 0.023942  1.029496
12.30834388	442	-0.036152 0.017238  1.030215
12.31351566	440	-0.030406 0.017956  1.026384
12.31868362	439	-0.029927 0.013886  1.029257
12.32385158	440	-0.031124 0.009577  1.033088
12.32901191	438	-0.021548 0.003831  1.019680
12.33416366	441	-0.024181 0.009816  1.029257
12.33933639	441	-0.011971 0.000239  1.031890
##inga 
#ido(sec)  szog(ADC)     ax(g)    ay(g)   az(g)
12.34502792	440	-0.007422 0.010774  1.023032
12.35030364	440	-0.013168 0.002394  1.029736
12.35556793	439	-0.013886 0.000000  1.023032
12.36076354	440	-0.017238 0.003112  1.028299
12.36592769	439	-0.010295 0.001197  1.034285
12.37109184	440	-0.018435 0.001197  1.022793
12.37625980	438	-0.016280 0.005746  1.023990
12.38140773	437	-0.022266 0.004549  1.026384
12.38656425	438	-0.024899 0.008619  1.021117
12.39171981	439	-0.030167 0.013168  1.010822
12.39686393	439	-0.026575 0.010534  1.033088
12.40202426	437	-0.037110 0.015323  1.018723
12.40718364	438	-0.033518 0.016520  1.021835
12.41233634	439	-0.038786 0.017238  1.016568
12.41748428	439	-0.043095 0.015802  1.019680
12.42262840	439	-0.051954 0.022266  1.017525
12.42778396	439	-0.056024 0.031124  1.028060
12.43293190	438	-0.060812 0.028012  1.024947
12.43807601	438	-0.065122 0.027772  1.029017
12.44322013	438	-0.067755 0.027533  1.021595
12.44837570	439	-0.070149 0.030167  1.019201
12.45352363	438	-0.070149 0.030885  1.031172
12.45868396	439	-0.067037 0.037110  1.026863
12.46383571	437	-0.072783 0.036152  1.023032
12.46900844	439	-0.073980 0.028970  1.030215
12.47416400	437	-0.070389 0.032561  1.018723
12.47933959	440	-0.072304 0.030167  1.027102
12.48450374	440	-0.076135 0.027054  1.027820
12.48966407	440	-0.062967 0.024660  1.031172
12.49482440	441	-0.063446 0.024181  1.035961
12.50000381	438	-0.057700 0.018435  1.022314
12.50516033	441	-0.057939 0.023463  1.030215
12.51033592	440	-0.049559 0.022984  1.020159
12.51549243	443	-0.050278 0.017477  1.024708
12.52065563	443	-0.043095 0.011731  1.035003
12.52580356	442	-0.043095 0.007901  1.032848
12.53095626	445	-0.036870 0.008140  1.026863
12.53610038	442	-0.034476 0.008619  1.037636
12.54125213	445	-0.034237 0.005267  1.029257
12.54640388	444	-0.027294 0.004070  1.034763
12.55154800	445	-0.024421 0.003831  1.035003
12.55670356	445	-0.020590 0.003112  1.024229
12.56185245	448	-0.020351 -0.008619  1.028778
12.56704807	445	-0.019153 0.000000  1.031172
12.57216358	447	-0.017717 -0.001915  1.035242
12.57736015	447	-0.013647 0.001437  1.035242
12.58251953	448	-0.012689 0.002155  1.036679
12.58767223	448	-0.022745 -0.003112  1.024229
12.59287166	446	-0.027054 -0.002394  1.030215
12.59807968	448	-0.021548 0.002873  1.033088
12.60324382	448	-0.024899 0.004070  1.038594
12.60840797	449	-0.028012 0.000958  1.028060
12.61355209	449	-0.031603 0.006943  1.031172
12.61871623	449	-0.034476 0.005267  1.028299
12.62388420	448	-0.042856 0.008140  1.033566
12.62904357	450	-0.045729 0.011971  1.036679
12.63421154	450	-0.050996 0.011971  1.032369
12.63938045	450	-0.056981 0.021308  1.034285
12.64453983	448	-0.059376 0.021069  1.037636
12.64969635	451	-0.060573 0.017477  1.042425
12.65485572	452	-0.062967 0.026815  1.040988
12.66001224	452	-0.065840 0.024899  1.040031
12.66516780	449	-0.075656 0.020590  1.034524
12.67031574	451	-0.066798 0.028012  1.040749
12.67547225	453	-0.070628 0.022505  1.041707
12.68062400	454	-0.079247 0.027054  1.039312
12.68577194	453	-0.075177 0.028970  1.043861
12.69092845	455	-0.071586 0.024421  1.044580
12.69607639	455	-0.073741 0.026336  1.042904
12.70123958	456	-0.078050 0.017477  1.046495
12.70638847	456	-0.069192 0.019632  1.039312
12.71154403	456	-0.068713 0.024421  1.058705
12.71670818	455	-0.063685 0.023224  1.048650
12.72185611	457	-0.061530 0.015802  1.046256
12.72702026	454	-0.064164 0.012689  1.043383
12.73218822	455	-0.057939 0.013168  1.047453
12.73736000	457	-0.051475 0.009577  1.045777
12.74253177	457	-0.052193 0.009337  1.041228
12.74770832	458	-0.045489 0.014126  1.049368
12.75288009	460	-0.043335 0.009816  1.040988
12.75805568	461	-0.036870 0.005028  1.036679
12.76321220	461	-0.035673 0.002873  1.042425
12.76838779	461	-0.024660 0.001197  1.052241
12.77353954	460	-0.027294 -0.004549  1.059902
12.77874374	461	-0.028970 -0.002394  1.046974
12.78394794	462	-0.026575 -0.006704  1.036918
12.78914356	461	-0.024899 -0.000239  1.051523
12.79435157	465	-0.017717 -0.004788  1.049129
12.79955577	466	-0.023463 -0.008140  1.049607
12.80475997	466	-0.023702 -0.002155  1.054635
12.80996417	467	-0.027054 -0.009816  1.050086
12.81517601	466	-0.021787 -0.004070  1.045777
12.82038402	468	-0.026575 -0.007183  1.048171
12.82558822	468	-0.024899 0.000000  1.048171
12.83070755	469	-0.031603 -0.002873  1.045537
12.83591556	470	-0.039743 0.004549  1.051762
12.84108352	470	-0.037349 0.006464  1.049847
12.84624385	469	-0.048841 0.006943  1.058705
12.85140419	472	-0.048362 0.003112  1.057987
12.85655593	470	-0.046208 0.009337  1.040749
12.86171627	470	-0.061530 0.013407  1.052480
##inga 
#ido(sec)  szog(ADC)     ax(g)    ay(g)   az(g)
12.86739158	473	-0.059376 0.012689  1.050804
12.87266445	474	-0.062249 0.011971  1.051283
12.87796401	475	-0.073741 0.020590  1.052959
12.88321208	475	-0.072544 0.020111  1.049847
12.88835620	476	-0.075656 0.024899  1.048889
12.89351177	474	-0.074938 0.020590  1.058466
12.89865589	477	-0.079966 0.018675  1.051044
12.90380764	478	-0.078768 0.021308  1.049607
12.90896797	478	-0.078529 0.018196  1.048171
12.91412830	477	-0.078290 0.023463  1.046256
12.91928005	479	-0.079726 0.014844  1.049847
12.92442798	478	-0.073501 0.019153  1.044580
12.92957210	480	-0.078768 0.015802  1.043383
12.93473243	480	-0.065840 0.019153  1.040510
12.93987178	482	-0.067516 0.010534  1.043383
12.94502830	483	-0.062967 0.011731  1.051762
12.95017242	482	-0.060094 0.012210  1.050086
12.95531558	483	-0.052911 0.014365  1.054635
12.96047592	481	-0.054348 0.003591  1.050804
12.96564388	484	-0.056742 0.002155  1.049847
12.97082042	486	-0.048123 0.005028  1.043143
12.97597217	484	-0.039983 0.005267  1.053917
12.98114013	485	-0.037349 -0.006464  1.046016
12.98635196	485	-0.032321 -0.003352  1.055593
12.99154758	489	-0.032561 -0.010534  1.041707
12.99676418	490	-0.028970 -0.006225  1.045777
13.00196838	490	-0.026336 -0.009577  1.053917
13.00716781	489	-0.020111 -0.009098  1.049607
13.01236438	491	-0.027054 -0.011731  1.041228
13.01756000	490	-0.025139 -0.007661  1.055832
13.02276039	492	-0.017238 -0.016520  1.050086
13.02795982	492	-0.026575 -0.011253  1.051283
13.03316020	493	-0.026097 -0.011013  1.042904
13.03836822	494	-0.026815 -0.009816  1.039791
13.04357624	494	-0.029209 -0.007901  1.049129
13.04878807	494	-0.036391 -0.006464  1.032369
13.05400371	493	-0.029448 -0.003352  1.042904
13.05922031	495	-0.037828 0.001197  1.047453
13.06437206	494	-0.045011 -0.000958  1.035482
13.06956386	495	-0.044292 0.008380  1.042425
13.07470798	496	-0.057221 -0.000718  1.037397
13.07990837	494	-0.051954 0.005028  1.048410
13.08505153	495	-0.057221 0.012689  1.028778
13.09020423	495	-0.064403 0.005746  1.043383
13.09535598	498	-0.065361 0.016759  1.036439
13.10049629	496	-0.068713 0.011492  1.035003
13.10564041	498	-0.070868 0.010534  1.040270
13.11079978	501	-0.077571 0.020351  1.041946
13.11595153	502	-0.077811 0.022505  1.039312
13.12111186	499	-0.077571 0.019153  1.038355
13.12627220	502	-0.082599 0.016520  1.039552
13.13142013	500	-0.076614 0.010534  1.043383
13.13658428	503	-0.078529 0.018675  1.038834
13.14175224	500	-0.079487 0.015802  1.035961
13.14693164	503	-0.083317 0.011013  1.028778
13.15210437	503	-0.070389 0.017238  1.036679
13.15727996	502	-0.069910 0.016520  1.026863
13.16244792	503	-0.074698 0.020590  1.033088
13.16760444	503	-0.065840 0.007661  1.041946
13.17277622	503	-0.062967 0.007661  1.035003
13.17794036	502	-0.063685 0.004549  1.034763
13.18310832	501	-0.053869 0.001437  1.022074
13.18826770	504	-0.060094 0.000000  1.030454
13.19340038	504	-0.048123 0.001197  1.027581
13.19854831	503	-0.046686 -0.004070  1.034045
13.20374011	502	-0.038307 -0.009098  1.025426
13.20893955	505	-0.035673 -0.007183  1.024708
13.21413993	504	-0.036631 -0.013886  1.034763
13.21934032	505	-0.027054 -0.006704  1.027102
13.22454357	504	-0.023463 -0.007183  1.028778
13.22974777	505	-0.025857 -0.013407  1.029736
13.23495197	505	-0.028730 -0.009098  1.031890
13.24015617	503	-0.024421 -0.010295  1.026863
13.24536418	503	-0.016999 -0.012210  1.023511
13.25057601	505	-0.024899 -0.009577  1.031412
13.25578784	504	-0.028012 -0.012210  1.024708
13.26099586	503	-0.028730 -0.012450  1.030933
13.26619625	504	-0.030645 -0.010295  1.024947
13.27139568	505	-0.035913 -0.007183  1.039073
13.27659988	504	-0.034476 -0.007901  1.030693
13.28180027	505	-0.033040 -0.003352  1.031651
13.28699970	505	-0.047165 -0.001676  1.029257
13.29220771	503	-0.048602 0.000479  1.026144
13.29736423	504	-0.054827 -0.003112  1.028299
13.30256366	503	-0.057939 0.003112  1.032848
13.30774021	504	-0.059854 0.004549  1.032130
13.31289196	502	-0.063685 0.007901  1.025905
13.31805229	505	-0.063206 0.008858  1.030693
13.32320785	505	-0.066798 0.011013  1.023990
13.32837200	505	-0.076614 0.008619  1.027342
13.33354759	505	-0.070389 0.011731  1.028299
13.33870792	504	-0.080205 0.018435  1.030454
13.34386825	505	-0.079247 0.018196  1.026623
13.34902000	505	-0.079008 0.019153  1.028060
13.35416412	504	-0.074698 0.015802  1.024947
13.35931968	505	-0.083317 0.020590  1.033327
13.36447238	503	-0.077811 0.017238  1.023032
13.36962413	504	-0.075177 0.017477  1.025426
13.37477207	504	-0.074219 0.023463  1.032130
13.37992763	504	-0.071107 0.018435  1.035003
13.38508796	503	-0.066079 0.013168  1.036200
##inga 
#ido(sec)  szog(ADC)     ax(g)    ay(g)   az(g)
13.39076042	504	-0.062727 0.012929  1.031412
13.39604759	501	-0.060573 0.011013  1.030215
13.40132045	504	-0.054348 0.009577  1.030933
13.40657997	503	-0.049559 0.011492  1.033566
13.41172409	503	-0.049799 0.004070  1.032609
13.41687965	503	-0.047884 -0.002634  1.031172
13.42208385	503	-0.039025 -0.005985  1.040031
13.42728805	503	-0.034237 -0.004310  1.031412
13.43248844	503	-0.033997 -0.000479  1.030215
13.43769645	502	-0.033040 -0.004788  1.032130
13.44290447	499	-0.023224 -0.001676  1.037636
13.44812393	501	-0.031843 -0.000958  1.031890
13.45333576	501	-0.024181 -0.010534  1.032848
13.45855236	499	-0.023702 -0.012929  1.043143
13.46375560	500	-0.018196 -0.006704  1.038594
13.46896362	500	-0.026575 -0.009816  1.039552
13.47416400	497	-0.027054 -0.006225  1.042664
13.47936439	499	-0.024181 -0.005746  1.047213
13.48457241	499	-0.028491 -0.000958  1.033566
13.48977184	497	-0.029448 -0.006225  1.036918
13.49497604	497	-0.029448 -0.005267  1.026384
13.50018024	496	-0.036152 -0.000958  1.038115
13.50538444	494	-0.039265 0.001437  1.044819
13.51055240	493	-0.037589 0.010774  1.041707
13.51571559	493	-0.046926 0.003831  1.028778
13.52088356	495	-0.050278 0.010056  1.045537
13.52605628	494	-0.059376 0.005267  1.037158
13.53122043	493	-0.061052 0.013168  1.036679
13.53639602	494	-0.061052 0.011253  1.042664
13.54155635	494	-0.059376 0.016041  1.030215
13.54671192	492	-0.069192 0.022266  1.037158
13.55186367	493	-0.066798 0.019872  1.040270
13.55701637	492	-0.077332 0.025857  1.042425
13.56217575	489	-0.074459 0.028012  1.037876
13.56733226	490	-0.072544 0.025139  1.050086
13.57248783	488	-0.076614 0.024660  1.038834
13.57763576	489	-0.077093 0.022266  1.044101
13.58279228	489	-0.078050 0.019632  1.042425
13.58794784	488	-0.077093 0.020829  1.051523
13.59310436	488	-0.075895 0.015562  1.043861
13.59825611	485	-0.070868 0.017477  1.044101
13.60340785	485	-0.069192 0.018675  1.051044
13.60857582	484	-0.064164 0.021308  1.047213
13.61372756	486	-0.060573 0.018435  1.052002
13.61888408	485	-0.054827 0.013647  1.050086
13.62405586	485	-0.048841 0.009816  1.043622
13.62922763	485	-0.046686 0.005746  1.055353
13.63439559	481	-0.040701 0.009337  1.045058
13.63955593	483	-0.043095 0.005746  1.049607
13.64473247	482	-0.031364 0.004549  1.044819
13.64990043	480	-0.031603 0.006464  1.045298
13.65505981	481	-0.035194 -0.001437  1.041707
13.66027641	479	-0.024899 0.001197  1.048171
13.66543197	479	-0.023224 -0.001437  1.046734
13.67063617	479	-0.028012 -0.007422  1.044819
13.67583560	478	-0.018914 -0.002394  1.052241
13.68103599	476	-0.016759 -0.003352  1.051283
13.68624019	476	-0.022026 -0.006225  1.052002
13.69143962	476	-0.022026 -0.002634  1.046256
13.69663619	476	-0.018196 -0.007661  1.051044
13.70183563	474	-0.025139 -0.002155  1.050804
13.70703601	473	-0.021787 -0.004070  1.049129
13.71224403	473	-0.027054 0.000958  1.052720
13.71740436	472	-0.027054 0.004310  1.044819
13.72256755	473	-0.028970 0.002634  1.048171
13.72772407	473	-0.033518 0.007422  1.046016
13.73288822	472	-0.037828 0.008140  1.049129
13.73805236	470	-0.046686 0.006943  1.044819
13.74322032	471	-0.047884 0.016999  1.047213
13.74837589	470	-0.050038 0.016999  1.050804
13.75353240	469	-0.055306 0.022505  1.048650
13.75868797	470	-0.056024 0.015323  1.046974
13.76383972	469	-0.062249 0.021787  1.047692
13.76900005	466	-0.067995 0.020590  1.057029
13.77414417	468	-0.070868 0.019393  1.050326
13.77929210	466	-0.068234 0.021069  1.057269
13.78444766	465	-0.077332 0.027294  1.046256
13.78960418	464	-0.070628 0.025857  1.048410
13.79474830	464	-0.070149 0.031843  1.051762
13.79990386	462	-0.075895 0.028970  1.042664
13.80505561	464	-0.078529 0.031364  1.051283
13.81021595	464	-0.069910 0.029688  1.047213
13.81536388	464	-0.073980 0.026815  1.056790
13.82050800	463	-0.069431 0.023702  1.052241
13.82566356	463	-0.063206 0.025139  1.051283
13.83081626	459	-0.069192 0.023702  1.041228
13.83596420	459	-0.060812 0.025139  1.038834
13.84113597	458	-0.055306 0.017238  1.039791
13.84630393	461	-0.045489 0.017477  1.052959
13.85147953	459	-0.043574 0.021308  1.047453
13.85665607	459	-0.041180 0.013647  1.053917
13.86182022	458	-0.035673 0.010774  1.043383
13.86698818	456	-0.035434 0.008858  1.052002
13.87214756	454	-0.035434 0.009337  1.045537
13.87731647	456	-0.028012 0.005746  1.042904
13.88247966	455	-0.027054 0.007661  1.045537
13.88763999	456	-0.028491 0.007183  1.045537
13.89281558	454	-0.019393 0.002873  1.046016
13.89797592	452	-0.016759 -0.001197  1.037636
13.90318012	454	-0.013647 0.001197  1.036200
13.90833568	453	-0.016759 -0.002155  1.043861
##inga 
#ido(sec)  szog(ADC)     ax(g)    ay(g)   az(g)
13.91406822	453	-0.017956 -0.000239  1.044101
13.91934394	452	-0.018435 -0.003352  1.033806
13.92462825	452	-0.023942 0.005507  1.041467
13.92989158	452	-0.021787 0.008380  1.037158
13.93503570	451	-0.019153 0.004549  1.035961
13.94018840	450	-0.025857 0.003591  1.037876
13.94532775	452	-0.027772 0.009577  1.038594
13.95047187	449	-0.037828 0.006464  1.039552
13.95561981	450	-0.036152 0.018675  1.042425
13.96078395	451	-0.038786 0.018675  1.044340
13.96594429	451	-0.046447 0.015323  1.029975
13.97110366	450	-0.045489 0.018196  1.034524
13.97625637	450	-0.046208 0.022984  1.034524
13.98143196	450	-0.056024 0.022745  1.041467
13.98660373	449	-0.066079 0.025618  1.035721
13.99177169	448	-0.067995 0.038307  1.036200
13.99693202	448	-0.068713 0.033279  1.040510
14.00209617	447	-0.063925 0.026815  1.027820
14.00726795	448	-0.073980 0.033279  1.039552
14.01244354	448	-0.072065 0.031364  1.034285
14.01761245	448	-0.070868 0.033997  1.027342
14.02278804	448	-0.062488 0.032321  1.034763
14.02794837	447	-0.073022 0.033040  1.026863
14.03310775	445	-0.072544 0.031364  1.037158
14.03826427	447	-0.069192 0.027294  1.031890
14.04341602	447	-0.063685 0.028251  1.028778
14.04856395	447	-0.071107 0.023702  1.032130
14.05371189	447	-0.059615 0.024660  1.033088
14.05886363	446	-0.060094 0.023463  1.023032
14.06400775	447	-0.050996 0.025139  1.035242
14.06916046	447	-0.052193 0.021548  1.027342
14.07431983	447	-0.046447 0.019153  1.037636
14.07947158	446	-0.037349 0.014844  1.021356
14.08463191	446	-0.043095 0.017717  1.030215
14.08978843	446	-0.035434 0.009337  1.029736
14.09494018	443	-0.035194 0.013168  1.030933
14.10009574	445	-0.024421 0.015323  1.029017
14.10524845	445	-0.022745 0.009577  1.028299
14.11039638	445	-0.021787 0.009577  1.033088
14.11554813	445	-0.024181 0.008619  1.022553
14.12071609	445	-0.013886 0.005746  1.026863
14.12588787	443	-0.015323 0.006464  1.023990
14.13105201	444	-0.019393 0.004788  1.029017
14.13621234	444	-0.018196 0.000718  1.019201
14.14137172	444	-0.015802 0.004788  1.022074
14.14653587	441	-0.022984 0.008380  1.023990
14.15169239	441	-0.022505 0.006704  1.024469
14.15686035	442	-0.023942 0.002155  1.023271
14.16201972	441	-0.021069 0.004549  1.026863
14.16718387	443	-0.028970 0.012450  1.027820
14.17234420	443	-0.027054 0.016520  1.024469
14.17749214	443	-0.035434 0.014604  1.023032
14.18264770	441	-0.040462 0.011731  1.032848
14.18780040	440	-0.044292 0.022026  1.027102
14.19294834	442	-0.047884 0.016041  1.020877
14.19810771	440	-0.055066 0.018196  1.031651
14.20326805	440	-0.053151 0.028012  1.028299
14.20842361	442	-0.051714 0.025378  1.022074
14.21358394	443	-0.065600 0.027772  1.033806
14.21873569	443	-0.061770 0.025139  1.036679
14.22389602	442	-0.068713 0.026575  1.027820
14.22904396	440	-0.069192 0.029927  1.022553
14.23419952	442	-0.061770 0.035673  1.018962
14.23935222	442	-0.068234 0.028251  1.028299
14.24450016	444	-0.072544 0.030885  1.019201
14.24965572	443	-0.072304 0.028251  1.024947
14.25481605	444	-0.075417 0.026575  1.031651
14.25998401	444	-0.070628 0.023702  1.028539
14.26515579	444	-0.071107 0.029688  1.026863
14.27033615	445	-0.060573 0.025378  1.025905
14.27550411	443	-0.053630 0.021308  1.028539
14.28067970	445	-0.052432 0.016520  1.027342
14.28585243	446	-0.054108 0.017717  1.016089
14.29101562	444	-0.045729 0.018675  1.022553
14.29617977	445	-0.042616 0.017717  1.024229
14.30133628	448	-0.038067 0.009577  1.023750
14.30648803	445	-0.040462 0.010295  1.026623
14.31164360	446	-0.032800 0.011731  1.020877
14.31680011	445	-0.031124 0.006464  1.034285
14.32195568	446	-0.031364 0.006943  1.029257
14.32710838	447	-0.029927 0.006704  1.022553
14.33226013	448	-0.025618 0.006225  1.035961
14.33742046	448	-0.022026 0.002155  1.035242
14.34257602	448	-0.025139 -0.003831  1.026623
14.34778404	449	-0.022266 0.003831  1.035721
14.35294437	446	-0.020590 0.001915  1.027102
14.35808372	449	-0.021787 0.008380  1.034045
14.36324405	449	-0.019393 0.003112  1.023990
14.36838817	449	-0.023224 -0.001676  1.026863
14.37358760	448	-0.026336 0.004549  1.032369
14.37876033	450	-0.022745 0.000239  1.032848
14.38393211	449	-0.026815 0.009337  1.027342
14.38908767	451	-0.038546 0.006464  1.034285
14.39426040	451	-0.035434 0.007661  1.031412
14.39941978	450	-0.037110 0.013647  1.030215
14.40458774	449	-0.043813 0.014844  1.041946
14.40976428	449	-0.049081 0.011492  1.032609
14.41491603	451	-0.048123 0.014126  1.039552
14.42009162	453	-0.052432 0.021308  1.039552
14.42525577	453	-0.060094 0.020111  1.039073
14.43041610	452	-0.061052 0.026097  1.040270
##inga 
#ido(sec)  szog(ADC)     ax(g)    ay(g)   az(g)
14.43610000	454	-0.058179 0.025139  1.045058
14.44136810	451	-0.063685 0.027054  1.038355
14.44665241	455	-0.066319 0.022026  1.043861
14.45194435	453	-0.064882 0.026575  1.042904
14.45711231	456	-0.067755 0.017717  1.045298
14.46226024	454	-0.067516 0.025857  1.041946
14.46741580	456	-0.072304 0.023702  1.044101
14.47256755	456	-0.066558 0.024421  1.041467
14.47772407	456	-0.066079 0.025378  1.040270
14.48287963	457	-0.066798 0.025618  1.042425
14.48803997	457	-0.062249 0.021308  1.049847
14.49319171	457	-0.061770 0.020829  1.043622
14.49835205	458	-0.060573 0.024181  1.042425
14.50349617	455	-0.052432 0.010774  1.043622
14.50865173	458	-0.048362 0.010295  1.047692
14.51380443	458	-0.050757 0.014604  1.038355
14.51895618	461	-0.052193 0.006464  1.040270
14.52410030	462	-0.047884 0.006464  1.047213
14.52925205	462	-0.034955 0.010056  1.050326
14.53442001	462	-0.036391 0.009098  1.041228
14.53959560	462	-0.037828 0.001915  1.051283
14.54475593	463	-0.026097 0.001676  1.049129
14.54992389	463	-0.029448 0.000718  1.051044
14.55508422	463	-0.021787 -0.001197  1.050804
14.56029605	465	-0.026097 -0.004070  1.054875
14.56550788	464	-0.025857 -0.007183  1.044819
14.57071208	466	-0.021308 -0.005746  1.044819
14.57590770	466	-0.024181 -0.005267  1.050565
14.58110809	467	-0.022266 -0.004788  1.055353
14.58630752	467	-0.030885 -0.007183  1.043622
14.59150028	468	-0.030406 -0.002155  1.048410
14.59669971	467	-0.023224 -0.000479  1.050086
14.60189247	469	-0.031843 0.002155  1.043861
14.60704040	470	-0.036870 0.004070  1.051044
14.61217975	471	-0.039743 0.005028  1.055832
14.61735153	472	-0.037349 -0.000479  1.041707
14.62255954	472	-0.045968 0.004310  1.048889
14.62771606	470	-0.049799 0.003352  1.046734
14.63289165	471	-0.055784 0.012929  1.044340
14.63804817	473	-0.052193 0.010534  1.044101
14.64321231	474	-0.056742 0.015083  1.056072
14.64837169	473	-0.057221 0.014604  1.052002
14.65354824	474	-0.061530 0.011731  1.052720
14.65870761	474	-0.070868 0.009577  1.056072
14.66386032	474	-0.068713 0.016520  1.044340
14.66900444	476	-0.077571 0.018675  1.046495
14.67416763	475	-0.070868 0.027054  1.052480
14.67932033	476	-0.071825 0.018914  1.053199
14.68447971	476	-0.074938 0.018675  1.048650
14.68963241	475	-0.072065 0.016041  1.043383
14.69479179	479	-0.072304 0.016759  1.047692
14.69994354	480	-0.071586 0.017238  1.051044
14.70510768	481	-0.067276 0.017956  1.053199
14.71026420	480	-0.068713 0.015562  1.044340
14.71540832	482	-0.066079 0.016041  1.048171
14.72056007	482	-0.062249 0.008380  1.049607
14.72570800	481	-0.057460 0.010056  1.050086
14.73085212	482	-0.056263 0.005746  1.048410
14.73600387	484	-0.052193 0.004788  1.046256
14.74116420	484	-0.050517 0.007183  1.047931
14.74633598	483	-0.045489 -0.002634  1.049368
14.75154781	484	-0.047165 0.000239  1.049129
14.75670814	485	-0.037828 -0.007183  1.039552
14.76191616	484	-0.037589 -0.002155  1.044819
14.76712799	487	-0.034237 -0.008140  1.041707
14.77233982	487	-0.028012 -0.005028  1.050326
14.77754783	488	-0.026575 -0.009816  1.045298
14.78274822	490	-0.031364 -0.007901  1.049847
14.78794002	491	-0.033279 -0.012210  1.049368
14.79314422	491	-0.026575 -0.012689  1.041467
14.79834842	491	-0.022026 -0.011971  1.040031
14.80354785	492	-0.028730 -0.015562  1.039552
14.80875205	492	-0.022745 -0.008858  1.042664
14.81394767	492	-0.033279 -0.014126  1.041228
14.81916427	493	-0.034716 -0.008619  1.035482
14.82436370	490	-0.032561 -0.002873  1.039073
14.82956790	494	-0.037110 -0.005985  1.035721
14.83477210	494	-0.038546 -0.000239  1.044101
14.83999156	494	-0.042616 -0.000718  1.040270
14.84517955	495	-0.043095 -0.000239  1.040749
14.85038375	495	-0.053869 0.008140  1.045537
14.85553169	496	-0.054827 0.005267  1.049368
14.86067581	493	-0.060094 0.006464  1.041467
14.86582756	494	-0.060573 0.009816  1.040749
14.87098789	493	-0.060812 0.010295  1.044580
14.87613964	496	-0.068234 0.013647  1.038115
14.88130378	496	-0.068713 0.015083  1.034524
14.88646030	496	-0.071586 0.011971  1.040270
14.89161968	498	-0.073741 0.015083  1.040988
14.89677619	497	-0.070149 0.012929  1.038834
14.90192413	499	-0.075895 0.019872  1.034524
14.90707588	498	-0.075417 0.014844  1.033806
14.91224765	500	-0.076135 0.017956  1.033806
14.91740798	500	-0.076135 0.014126  1.031890
14.92258358	499	-0.076135 0.015083  1.039312
14.92774009	502	-0.070868 0.016041  1.038355
14.93290805	502	-0.072544 0.009577  1.038115
14.93806362	502	-0.071346 0.009098  1.029975
14.94322013	502	-0.065840 0.006704  1.028299
14.94839191	500	-0.062009 0.008619  1.029736
14.95354843	503	-0.062488 0.010534  1.037397
##inga 
#ido(sec)  szog(ADC)     ax(g)    ay(g)   az(g)
14.95924377	502	-0.057460 -0.000239  1.037876
14.96451187	502	-0.046686 0.003831  1.033088
14.96978378	502	-0.047644 -0.002155  1.026384
14.97504806	500	-0.044532 -0.000239  1.027820
14.98025226	502	-0.042616 -0.002155  1.038834
14.98545169	502	-0.040462 -0.007901  1.026384
14.99065208	503	-0.033040 -0.003352  1.028060
14.99585247	504	-0.033518 -0.009816  1.035003
15.00105190	503	-0.033518 -0.011013  1.026623
15.00624370	501	-0.027533 -0.012929  1.035721
15.01144790	504	-0.025857 -0.009098  1.029496
15.01664352	503	-0.024660 -0.010774  1.030454
15.02184391	503	-0.028491 -0.009337  1.032848
15.02705192	504	-0.029688 -0.014365  1.029736
15.03226375	504	-0.028012 -0.002634  1.032609
15.03748035	503	-0.031603 -0.004549  1.025905
15.04269218	504	-0.031843 -0.014844  1.025426
15.04789161	503	-0.036631 -0.004070  1.029017
15.05310440	503	-0.038307 -0.006704  1.039073
15.05830383	504	-0.046447 -0.006464  1.032848
15.06351184	504	-0.045729 -0.004070  1.035721
15.06871223	504	-0.046208 -0.003112  1.023032
15.07391166	504	-0.057221 0.002394  1.035242
15.07906818	503	-0.054348 0.009098  1.025426
15.08421611	504	-0.056503 0.005028  1.027342
15.08936786	502	-0.059615 0.008858  1.028539
15.09453201	503	-0.060333 0.012929  1.029257
15.09971237	504	-0.062967 0.009337  1.023750
15.10488033	504	-0.071586 0.014604  1.032609
15.11004352	504	-0.077571 0.014126  1.030933
15.11521244	501	-0.068473 0.017238  1.033806
15.12037181	501	-0.076853 0.019632  1.026623
15.12553977	503	-0.076614 0.016759  1.025426
15.13069629	504	-0.073501 0.014844  1.024708
15.13586807	503	-0.069671 0.015323  1.031890
15.14102840	503	-0.069431 0.018435  1.029017
15.14618396	503	-0.072544 0.015323  1.023750
15.15132808	502	-0.067276 0.016041  1.032609
15.15648365	502	-0.065361 0.008858  1.021356
15.16163635	503	-0.064882 0.011971  1.022553
15.16678428	502	-0.066798 0.011253  1.021835
15.17193984	501	-0.059854 0.007901  1.022553
15.17709159	502	-0.060094 0.010295  1.033806
15.18225193	500	-0.051235 0.006225  1.030933
15.18740844	499	-0.042377 0.008140  1.029496
15.19255638	499	-0.042616 0.009816  1.023271
15.19770812	500	-0.037110 0.003112  1.032369
15.20286846	499	-0.035913 0.000718  1.029736
15.20802402	500	-0.033040 0.004549  1.029017
15.21315574	499	-0.031124 -0.005746  1.030454
15.21835231	499	-0.024660 -0.004310  1.028778
15.22355556	498	-0.026575 -0.005746  1.032130
15.22876358	496	-0.022266 -0.006225  1.037158
15.23398017	497	-0.025618 -0.002634  1.034763
15.23917961	495	-0.024899 -0.009577  1.036200
15.24438762	494	-0.025857 -0.009098  1.038594
15.24959564	496	-0.027054 -0.009816  1.032609
15.25479602	497	-0.022266 -0.001915  1.031412
15.26000404	495	-0.024421 -0.010534  1.031172
15.26520824	494	-0.030406 0.001197  1.024947
15.27036762	493	-0.032082 0.000239  1.036200
15.27550792	493	-0.032561 -0.003831  1.034524
15.28070831	494	-0.041659 0.00