##inga 
#ido(sec)  szog(ADC)     ax(g)    ay(g)   az(g)
0.00170400	406	-0.064403 0.043574  1.000766
0.00688000	406	-0.059136 0.025857  0.988316
##inga 
#ido(sec)  szog(ADC)     ax(g)    ay(g)   az(g)
0.01334000	408	-0.050757 0.028970  0.998851
0.01853600	408	-0.039265 0.035434  1.006512
0.02375600	408	-0.033997 0.022745  1.014652
0.02896800	409	-0.010295 0.006943  1.005076
0.03400400	407	-0.009098 -0.006943  0.996457
0.03908400	410	0.002155 -0.001437  0.996696
0.04412400	407	0.012929 -0.005028  1.021595
0.04916800	410	0.017238 -0.011731  0.987598
0.05422800	410	0.017717 -0.020351  0.996935
0.05927600	411	0.036631 -0.020590  1.040031
0.06434400	411	0.034955 -0.016999  1.035003
0.06938400	413	0.024421 -0.013168  1.007470
0.07444400	412	0.032082 -0.024181  1.012737
0.07947600	413	0.031843 -0.027054  1.021117
0.08451600	414	0.029448 -0.015562  1.024947
0.08955201	414	0.024899 -0.009816  1.031172
0.09459200	415	0.027294 -0.019872  1.021595
0.09963601	417	0.027772 -0.020351  1.031890
0.10468001	414	0.018435 -0.016280  1.036679
0.10972400	416	0.012689 -0.004070  1.036918
0.11476000	417	0.006464 -0.008619  1.013455
0.11978800	417	0.004070 -0.008380  1.031412
0.12482401	418	-0.012689 0.001197  1.041467
0.12989200	418	-0.020351 0.011492  1.040988
0.13494800	419	-0.038786 0.015083  1.041467
0.13999199	419	-0.039265 0.015562  1.038834
0.14504001	423	-0.056263 0.018196  1.051283
0.15008800	424	-0.065600 0.039983  1.054396
0.15512399	424	-0.082599 0.048362  1.045537
0.16016800	425	-0.082360 0.042856  1.051523
0.16519999	423	-0.081881 0.038786  1.060142
0.17025198	423	-0.098880 0.040940  1.045058
0.17528800	426	-0.102231 0.057939  1.052959
0.18034399	424	-0.107738 0.060333  1.058945
0.18537999	427	-0.108696 0.056263  1.063494
0.19043199	427	-0.110611 0.052193  1.064930
0.19548398	427	-0.120427 0.062967  1.055353
0.20055201	429	-0.123779 0.066798  1.074746
0.20561599	429	-0.118991 0.055545  1.080492
0.21067600	432	-0.115399 0.051954  1.066367
0.21572401	433	-0.113005 0.049081  1.065888
0.22076001	432	-0.109174 0.056742  1.073789
0.22579998	434	-0.104386 0.045250  1.081689
0.23083600	436	-0.091697 0.039504  1.081450
0.23586399	435	-0.096007 0.031364  1.074746
0.24088799	437	-0.086430 0.039265  1.086957
0.24593601	439	-0.076853 0.041898  1.104195
0.25097599	443	-0.065840 0.025857  1.096533
0.25602798	443	-0.056263 0.015323  1.078338
0.26107599	445	-0.047644 0.009098  1.086717
0.26612801	447	-0.032561 0.011013  1.079295
0.27119202	448	-0.021787 0.003591  1.115208
0.27626399	446	-0.013407 -0.008140  1.088872
0.28134398	448	-0.003831 -0.012929  1.087435
0.28641998	449	0.005507 -0.013647  1.094378
0.29144800	450	0.017238 -0.011731  1.088632
0.29647202	449	0.002873 -0.019872  1.098688
0.30149600	451	0.011492 -0.021308  1.111377
0.30653200	452	0.022984 -0.028012  1.102758
0.31156799	454	0.023702 -0.016041  1.107546
0.31661601	455	0.014604 -0.026575  1.102519
0.32166399	456	0.017238 -0.032082  1.111617
0.32672400	455	0.016999 -0.033040  1.118799
0.33177998	457	0.019632 -0.015802  1.108744
0.33684799	459	0.017477 -0.023942  1.105631
0.34189999	462	0.016999 -0.025378  1.106589
0.34696400	463	0.003831 -0.024181  1.105631
0.35200798	463	0.004070 -0.015083  1.120954
0.35704801	464	-0.005028 -0.012929  1.102758
0.36212799	467	-0.019153 -0.003831  1.099646
0.36721599	466	-0.027294 -0.008140  1.111138
0.37229599	469	-0.034716 -0.003591  1.111138
0.37738001	472	-0.054348 0.012210  1.104434
0.38241197	472	-0.060573 0.021308  1.112814
0.38745201	474	-0.072304 0.017477  1.114729
0.39249200	473	-0.076135 0.023942  1.113532
0.39753999	476	-0.084275 0.026575  1.106349
0.40259599	477	-0.103668 0.037589  1.115687
0.40764002	478	-0.104147 0.039983  1.116405
0.41268000	479	-0.114921 0.040701  1.116165
0.41774401	481	-0.123779 0.039743  1.111617
0.42280397	483	-0.118272 0.045489  1.109701
0.42787199	481	-0.126413 0.043335  1.118320
0.43293199	484	-0.126173 0.046926  1.110180
0.43800001	485	-0.127849 0.045729  1.111617
0.44304399	487	-0.125215 0.041659  1.100364
0.44808797	487	-0.125455 0.043335  1.103237
0.45314798	488	-0.122342 0.045011  1.109462
0.45820002	493	-0.113723 0.039265  1.097491
0.46324000	493	-0.102710 0.034237  1.111617
0.46827201	492	-0.096725 0.033997  1.107068
0.47331199	495	-0.091697 0.023942  1.114250
0.47835597	493	-0.085951 0.020111  1.096773
0.48339996	497	-0.074698 0.010295  1.105152
0.48844799	501	-0.055784 0.011013  1.108504
0.49348802	501	-0.048602 0.002394  1.099167
0.49854001	500	-0.039265 -0.005267  1.091266
0.50365600	504	-0.028491 -0.015562  1.092463
0.50875997	501	-0.021548 -0.021308  1.091745
0.51386399	504	-0.006943 -0.024181  1.095815
0.51896400	502	-0.001676 -0.028491  1.087435
##inga 
#ido(sec)  szog(ADC)     ax(g)    ay(g)   az(g)
0.52459197	503	0.012210 -0.033518  1.079056
0.52982401	507	0.014126 -0.035913  1.084562
0.53505201	508	0.020351 -0.039265  1.090787
0.54025197	508	0.015083 -0.036152  1.078098
0.54528398	511	0.016280 -0.030885  1.080013
0.55032401	510	0.019632 -0.041898  1.078816
0.55536003	512	0.011731 -0.038546  1.078816
0.56040802	514	0.013168 -0.031843  1.069718
0.56545596	514	0.010774 -0.033997  1.072592
0.57050399	516	0.008140 -0.038307  1.074986
0.57554001	518	0.005507 -0.038307  1.065648
0.58058795	517	-0.002155 -0.029688  1.064691
0.58568000	520	-0.019393 -0.025378  1.063972
0.59080400	523	-0.025857 -0.016041  1.066367
0.59590396	524	-0.031364 -0.012929  1.057987
0.60100798	524	-0.048362 -0.006943  1.049129
0.60609602	525	-0.056981 -0.000958  1.063494
0.61118798	524	-0.065840 -0.000718  1.061099
0.61628003	526	-0.076614 0.010295  1.053678
0.62133998	527	-0.083557 0.015083  1.051283
0.62639598	525	-0.094331 0.026815  1.047692
0.63144397	528	-0.103428 0.028251  1.050565
0.63649201	528	-0.113245 0.029209  1.042664
0.64154000	528	-0.119948 0.024899  1.036918
0.64657998	528	-0.123061 0.039743  1.037158
0.65162801	531	-0.124258 0.033040  1.040988
0.65667200	530	-0.125694 0.042616  1.036200
0.66171197	533	-0.131201 0.036391  1.032130
0.66676402	533	-0.126652 0.035673  1.042664
0.67181997	535	-0.131680 0.033997  1.035721
0.67686405	536	-0.118272 0.034716  1.037397
0.68192396	533	-0.124258 0.019153  1.024229
0.68698797	536	-0.111808 0.026575  1.026863
0.69205999	536	-0.105344 0.021787  1.023511
0.69711203	535	-0.094570 0.019632  1.014892
0.70215997	536	-0.090500 0.006225  1.013455
0.70718803	535	-0.074938 0.006464  1.018483
0.71222400	537	-0.069431 0.000718  1.016807
0.71726398	538	-0.059136 -0.001676  1.012019
0.72234396	539	-0.046926 -0.013168  1.012258
0.72743997	539	-0.035434 -0.014126  1.017047
0.73253202	540	-0.028491 -0.024181  1.013934
0.73762798	540	-0.021308 -0.020829  1.013216
0.74271202	541	-0.008858 -0.033997  1.007709
0.74779200	541	-0.005267 -0.037828  1.019441
0.75287199	541	0.007422 -0.038546  1.005794
0.75791196	541	0.012450 -0.041180  1.002681
0.76294798	541	0.011253 -0.046926  1.011779
0.76800398	541	0.016520 -0.048841  1.016807
0.77304000	542	0.012689 -0.043813  1.002921
0.77810001	542	0.021308 -0.041898  1.008667
0.78315596	543	0.012929 -0.037589  1.001724
0.78820800	543	0.009337 -0.040940  1.006033
0.79323201	542	0.006704 -0.041180  1.006752
0.79826803	543	-0.005746 -0.043095  1.008667
0.80334796	543	-0.008140 -0.027533  0.999569
0.80841197	541	-0.013886 -0.029209  1.007470
0.81349201	543	-0.018435 -0.020829  1.005076
0.81856803	541	-0.026097 -0.018914  1.001963
0.82363996	540	-0.039025 -0.011253  1.014413
0.82872800	541	-0.050996 -0.008140  0.996217
0.83380804	540	-0.054348 -0.008380  1.008906
0.83888397	542	-0.067995 -0.003831  1.008667
0.84396800	542	-0.077093 0.010295  0.985443
0.84900398	542	-0.092894 0.021548  1.003639
0.85405197	543	-0.095528 0.020829  1.000766
0.85910396	543	-0.109174 0.018914  1.003400
0.86414403	543	-0.110611 0.032082  1.002681
0.86921195	543	-0.116836 0.031603  1.001006
0.87426795	543	-0.119469 0.033758  1.001724
0.87933197	542	-0.125215 0.033997  0.998372
0.88438396	542	-0.122342 0.030167  1.014652
0.88943204	539	-0.124737 0.037349  1.014413
0.89448394	541	-0.117315 0.036391  1.016807
0.89953203	538	-0.119230 0.029927  1.013216
0.90457601	540	-0.110372 0.024660  1.012737
0.90962400	540	-0.109653 0.032082  1.018004
0.91465997	538	-0.103907 0.028491  1.010582
0.91970405	537	-0.100316 0.017477  1.019680
0.92474803	536	-0.083796 0.017477  1.022074
0.92979602	538	-0.075417 0.013886  1.019680
0.93484802	537	-0.069671 0.012929  1.015131
0.93989601	537	-0.061770 0.002634  1.020877
0.94495201	536	-0.050278 -0.002634  1.019441
0.95005207	536	-0.036391 -0.007183  1.027820
0.95515193	533	-0.034716 -0.010534  1.028060
0.96023998	533	-0.020829 -0.014365  1.028299
0.96532802	535	-0.013886 -0.022984  1.032369
0.97040805	534	0.002155 -0.030406  1.030693
0.97544002	534	0.005985 -0.026815  1.022553
0.98048000	532	0.002634 -0.031843  1.023750
0.98549594	533	0.007661 -0.034955  1.032369
0.99052801	531	0.014604 -0.032561  1.035721
0.99556398	528	0.015323 -0.033040  1.045777
1.00060403	528	0.014604 -0.031603  1.030215
1.00564801	529	0.012210 -0.036152  1.032130
1.01068794	528	0.011971 -0.031603  1.033327
1.01573598	527	0.003112 -0.032800  1.055353
1.02078402	526	0.004549 -0.029927  1.042425
1.02583599	527	-0.006225 -0.019632  1.051762
1.03093600	523	-0.005985 -0.017477  1.052241
##inga 
#ido(sec)  szog(ADC)     ax(g)    ay(g)   az(g)
1.03656804	524	-0.016999 -0.015802  1.057987
1.04180395	523	-0.031124 -0.008619  1.049847
1.04703199	520	-0.034237 -0.005267  1.055353
1.05224800	520	-0.043574 0.003831  1.060381
1.05727195	520	-0.052193 0.003112  1.059184
1.06231200	519	-0.057939 0.011731  1.063494
1.06733596	518	-0.070389 0.023224  1.065409
1.07237994	516	-0.083078 0.024421  1.064691
1.07743597	517	-0.088106 0.022745  1.059902
1.08247196	513	-0.099358 0.023463  1.070197
1.08753597	513	-0.102710 0.026097  1.068761
1.09259200	513	-0.104865 0.042138  1.077380
1.09764802	512	-0.109174 0.042616  1.067803
1.10270798	510	-0.106062 0.042377  1.075943
1.10775995	510	-0.115639 0.034955  1.085760
1.11282002	508	-0.111329 0.043095  1.083844
1.11787199	506	-0.119709 0.050517  1.081929
1.12292003	506	-0.110850 0.041898  1.075943
1.12795996	505	-0.105583 0.038067  1.091266
1.13301205	503	-0.105104 0.037349  1.086238
1.13804805	503	-0.101753 0.034476  1.090308
1.14309597	501	-0.090979 0.038786  1.084084
1.14813601	502	-0.096007 0.027054  1.088632
1.15318405	503	-0.080923 0.019153  1.094857
1.15823602	501	-0.063925 0.017717  1.098209
1.16328799	500	-0.059376 0.020829  1.091745
1.16834402	496	-0.047884 0.011971  1.092224
1.17341196	494	-0.040222 -0.000479  1.092463
1.17849600	496	-0.035913 0.000239  1.098209
1.18356000	493	-0.024899 0.001437  1.097252
1.18861997	493	-0.012689 -0.008619  1.106589
1.19371997	491	-0.005267 -0.013168  1.100603
1.19880795	489	0.001197 -0.019393  1.099885
1.20384001	487	0.000000 -0.017956  1.100843
1.20885598	486	0.002873 -0.027054  1.099646
1.21387600	486	0.009098 -0.022505  1.098927
1.21889996	485	0.009816 -0.021548  1.102758
1.22394800	484	0.013168 -0.023463  1.115208
1.22899603	480	0.019153 -0.026097  1.117602
1.23403596	480	0.012450 -0.020351  1.110419
1.23908805	479	0.015802 -0.020111  1.103476
1.24413597	476	0.004549 -0.019153  1.116405
1.24917995	473	0.006704 -0.019872  1.114250
1.25421595	475	-0.001915 -0.013647  1.102279
1.25932002	471	-0.005985 -0.009577  1.102758
1.26441204	472	-0.014604 -0.002634  1.112335
1.26950395	471	-0.020351 -0.001437  1.119996
1.27460801	471	-0.030167 0.006464  1.125742
1.27964794	468	-0.040940 0.009577  1.101082
1.28467202	468	-0.039743 0.016999  1.101322
1.28971600	466	-0.048602 0.015083  1.112814
1.29474401	464	-0.068952 0.027533  1.115926
1.29979598	463	-0.073501 0.025378  1.105152
1.30484402	462	-0.082120 0.035913  1.106349
1.30988800	460	-0.088106 0.039265  1.106589
1.31494402	460	-0.096007 0.037589  1.108025
1.31999194	458	-0.105583 0.045011  1.115208
1.32505202	458	-0.111808 0.051954  1.100364
1.33010399	456	-0.112526 0.049320  1.099406
1.33515202	453	-0.106301 0.047165  1.104434
1.34020805	453	-0.105104 0.055784  1.099406
1.34526801	452	-0.111569 0.049081  1.102519
1.35033202	449	-0.107020 0.051235  1.097730
1.35536003	451	-0.107738 0.050517  1.086238
1.36040401	450	-0.098880 0.046447  1.100125
1.36544394	450	-0.096007 0.041180  1.092942
1.37047600	447	-0.094331 0.046208  1.093900
1.37551999	447	-0.076614 0.039025  1.089111
1.38055599	448	-0.080923 0.039983  1.083844
1.38559997	447	-0.058897 0.033279  1.094857
1.39064800	446	-0.058897 0.025618  1.097730
1.39569604	446	-0.045489 0.024421  1.087914
1.40075597	442	-0.038307 0.017238  1.086717
1.40581998	442	-0.022505 0.013647  1.084323
1.41088795	439	-0.019153 0.008140  1.082647
1.41594800	439	-0.008140 0.004549  1.080732
1.42099199	438	-0.007901 -0.004788  1.081210
1.42607202	436	-0.000958 -0.004070  1.074746
1.43113994	434	0.006943 -0.003352  1.065409
1.43617591	435	0.009337 -0.006225  1.066846
1.44120397	433	0.008140 -0.002873  1.082647
1.44622802	433	0.012929 -0.005985  1.065888
1.45125999	432	0.010534 -0.009337  1.060142
1.45631194	431	0.009337 -0.004070  1.068042
1.46133193	431	0.012929 -0.010534  1.057029
1.46638798	430	0.011971 -0.013168  1.066606
1.47144794	430	0.010056 -0.005985  1.064451
1.47648801	428	0.006225 -0.008380  1.059663
1.48153996	427	0.005267 -0.004549  1.055593
1.48659205	425	-0.002873 0.000239  1.045298
1.49163999	425	-0.001915 0.001915  1.050565
1.49668798	422	-0.014604 0.006943  1.048889
1.50171995	423	-0.025857 0.018675  1.046256
1.50676798	421	-0.028012 0.019632  1.054635
1.51180400	421	-0.040222 0.017956  1.044819
1.51683197	421	-0.048123 0.024660  1.043861
1.52188005	420	-0.056024 0.032082  1.029736
1.52691993	420	-0.066558 0.037349  1.038834
1.53197202	420	-0.069671 0.048362  1.043622
1.53703203	418	-0.076135 0.048123  1.037636
1.54209604	417	-0.074698 0.045011  1.023511
##inga 
#ido(sec)  szog(ADC)     ax(g)    ay(g)   az(g)
1.54769191	416	-0.077571 0.039265  1.025426
1.55294799	416	-0.081402 0.045489  1.020398
1.55816402	414	-0.092176 0.056981  1.029017
1.56338405	412	-0.090979 0.056981  1.024469
1.56842398	412	-0.083317 0.048362  1.023032
1.57346796	412	-0.085472 0.047884  1.020638
1.57852005	410	-0.087627 0.048841  1.021117
1.58357596	409	-0.086669 0.057460  1.019680
1.58860802	410	-0.079726 0.051235  1.020398
1.59364795	410	-0.080684 0.049081  1.003400
1.59868001	410	-0.078050 0.043335  1.012977
1.60373601	409	-0.073980 0.050038  1.014892
1.60878000	408	-0.070628 0.046926  1.012258
1.61383199	410	-0.066798 0.039504  1.012258
1.61888799	410	-0.057460 0.033997  1.017047
1.62393608	410	-0.049081 0.030885  0.994062
1.62898802	406	-0.043335 0.023463  1.006033
1.63404798	407	-0.035434 0.027533  1.008427
1.63910398	408	-0.027054 0.020590  1.006512
1.64414405	407	-0.017717 0.014365  0.997893
1.64919195	408	-0.014604 0.013647  0.998851
1.65422000	408	-0.007183 0.009098  1.004836
1.65925598	407	-0.000958 0.009577  0.999330
1.66428003	407	0.002634 -0.005267  0.994781
1.66930794	408	0.005267 0.001197  0.999330
1.67432794	408	0.014365 0.000239  1.003160
1.67936801	407	0.009816 -0.009577  0.994541
1.68441605	407	0.010774 -0.006464  0.993823
1.68946399	407	0.014604 -0.008380  0.994781
1.69450798	407	0.011731 -0.005028  0.990232
1.69956803	405	0.014126 0.001197  0.996217
1.70459995	407	0.008380 -0.001915  0.997414
1.70963201	406	0.001197 0.001197  0.989514
1.71464004	407	0.002634 0.007183  0.991908
1.71965599	407	-0.010295 0.012689  0.992387
1.72469606	406	-0.011971 0.012929  0.993823
1.72974801	407	-0.012450 0.012210  0.987838
1.73479604	406	-0.028012 0.021069  0.992147
1.73985195	407	-0.031124 0.019393  0.996696
1.74492001	407	-0.040222 0.021787  0.991189
1.74997196	407	-0.044771 0.030167  0.993105
1.75502395	405	-0.058657 0.034476  0.992626
1.76008796	406	-0.065840 0.038786  1.003639
1.76513600	405	-0.069192 0.042856  1.008427
1.77018404	408	-0.067037 0.043813  0.991668
1.77522397	406	-0.074459 0.035194  1.006752
1.78026795	406	-0.076135 0.042377  0.987359
1.78531208	407	-0.087387 0.047165  1.004118
1.79035606	409	-0.091458 0.046208  0.989992
1.79538402	409	-0.088106 0.039504  0.995260
1.80041999	408	-0.081641 0.044292  1.003400
1.80546398	409	-0.087627 0.046926  1.002203
1.81050796	407	-0.088345 0.045968  1.009864
1.81555604	410	-0.084754 0.039504  1.008427
1.82060804	407	-0.078050 0.039504  1.006033
1.82564792	410	-0.078290 0.040940  1.015849
1.83070001	408	-0.078050 0.034237  1.001724
1.83574790	412	-0.071825 0.033040  1.013934
1.84079599	411	-0.065840 0.032800  1.017765
1.84582405	411	-0.071346 0.035673  1.012737
1.85086402	413	-0.065122 0.025618  1.013455
1.85592403	414	-0.048362 0.023702  1.014413
1.86097602	415	-0.052911 0.027533  1.033566
1.86601600	416	-0.043095 0.026575  1.013695
1.87105598	414	-0.036631 0.022745  1.016328
1.87611999	417	-0.029448 0.005507  1.022793
1.88117599	417	-0.029927 0.012450  1.020398
1.88623199	415	-0.017956 0.011013  1.028299
1.89128799	418	-0.011731 0.009337  1.039791
1.89635601	418	-0.010774 -0.005267  1.019201
1.90144395	417	0.000000 -0.004549  1.041467
1.90645599	419	-0.000958 -0.005985  1.040749
1.91154394	422	0.002155 0.001915  1.033806
1.91656799	424	0.007661 -0.006704  1.044580
1.92159605	422	0.006943 -0.014604  1.039552
1.92663202	424	0.000239 -0.011253  1.043143
1.93166809	423	-0.001437 -0.005267  1.056072
1.93674802	425	0.004549 -0.006704  1.045298
1.94177608	426	0.002155 -0.012450  1.049607
1.94681205	426	-0.006704 -0.005267  1.054635
1.95189590	428	-0.011731 0.000718  1.054875
1.95694007	428	-0.010774 0.001676  1.052480
1.96200389	428	-0.019153 -0.001676  1.055114
1.96709594	428	-0.025618 0.005028  1.059184
1.97214794	428	-0.033997 0.013886  1.064691
1.97720003	433	-0.041659 0.016520  1.055114
1.98224792	432	-0.046686 0.011492  1.065648
1.98730802	433	-0.051714 0.019872  1.071155
1.99236001	434	-0.060094 0.023702  1.074267
1.99738397	436	-0.063685 0.032321  1.065170
2.00242805	436	-0.072304 0.032321  1.078816
2.00745606	437	-0.079966 0.024421  1.074746
2.01249599	438	-0.083796 0.033997  1.087675
2.01753997	440	-0.088106 0.041180  1.078098
2.02257609	440	-0.088824 0.045011  1.085760
2.02760791	444	-0.089303 0.036391  1.087196
2.03265595	445	-0.089542 0.033758  1.079056
2.03770399	446	-0.086430 0.036391  1.076422
2.04275202	448	-0.094809 0.039743  1.091027
2.04780411	448	-0.097443 0.037349  1.093660
2.05285596	449	-0.083796 0.040701  1.091266
##inga 
#ido(sec)  szog(ADC)     ax(g)    ay(g)   az(g)
2.05845189	448	-0.090979 0.035673  1.096533
2.06368398	450	-0.086190 0.035194  1.088872
2.06889605	450	-0.080444 0.033758  1.101561
2.07410001	451	-0.073262 0.027294  1.096533
2.07914805	453	-0.068234 0.021548  1.093181
2.08419609	452	-0.065122 0.017956  1.094378
2.08925199	454	-0.055306 0.019153  1.107546
2.09430003	455	-0.039504 0.021548  1.095576
2.09935188	456	-0.043813 0.011013  1.098449
2.10439991	455	-0.040222 0.009337  1.099406
2.10945200	458	-0.032082 0.000239  1.103476
2.11450004	459	-0.023224 -0.001437  1.104913
2.11960411	461	-0.016999 -0.009098  1.097730
2.12468004	462	-0.013647 -0.013168  1.104434
2.12978792	463	-0.009098 -0.009577  1.105631
2.13488006	465	-0.007183 -0.021548  1.098927
2.13998794	465	0.000000 -0.017717  1.101800
2.14500403	467	-0.002155 -0.011731  1.106828
2.15009593	469	0.002634 -0.021548  1.104195
2.15513610	469	-0.006225 -0.019632  1.107068
2.16022396	472	-0.003112 -0.018196  1.098688
2.16531205	473	-0.006943 -0.026097  1.107068
2.17039990	474	-0.009577 -0.011971  1.096773
2.17547988	476	-0.016280 -0.012929  1.099167
2.18057608	477	-0.016759 -0.005028  1.101561
2.18565988	477	-0.018675 -0.005028  1.108744
2.19074392	476	-0.024660 -0.009098  1.105152
2.19582009	478	-0.037349 -0.000718  1.107307
2.20090007	479	-0.034716 0.002394  1.108744
2.20594000	483	-0.052432 0.006704  1.106589
2.21098804	484	-0.059615 0.010295  1.104434
2.21604394	485	-0.064164 0.015323  1.097491
2.22110795	485	-0.071586 0.014365  1.103237
2.22616410	488	-0.077571 0.019632  1.094857
2.23122811	487	-0.076374 0.022266  1.104434
2.23629188	490	-0.087148 0.023942  1.109941
2.24135589	492	-0.089782 0.021308  1.089590
2.24641990	490	-0.091458 0.023224  1.102758
2.25146794	494	-0.095528 0.026575  1.103237
2.25651597	493	-0.091458 0.027533  1.094139
2.26154804	494	-0.097443 0.033518  1.086957
2.26659202	495	-0.092415 0.024899  1.096294
2.27164006	497	-0.098161 0.033997  1.091984
2.27667999	499	-0.093373 0.022505  1.088872
2.28172397	502	-0.089542 0.027772  1.080253
2.28676795	501	-0.086909 0.022266  1.087196
2.29181599	503	-0.081402 0.017956  1.085999
2.29687595	504	-0.079008 0.014365  1.083605
2.30192399	504	-0.069192 0.016759  1.076662
2.30698394	503	-0.074219 0.011971  1.079295
2.31204390	505	-0.057939 0.007661  1.078577
2.31710410	503	-0.053630 -0.000958  1.078816
2.32218408	508	-0.047405 -0.004070  1.074746
2.32727193	506	-0.046686 0.002394  1.065170
2.33231210	507	-0.041180 -0.005985  1.066367
2.33739209	510	-0.033279 -0.012210  1.069718
2.34247994	511	-0.032321 -0.013168  1.077380
2.34757995	511	-0.025139 -0.016041  1.068282
2.35267591	513	-0.021787 -0.019632  1.072592
2.35776805	514	-0.014126 -0.022026  1.064691
2.36285591	517	-0.022026 -0.024181  1.059902
2.36794805	518	-0.016759 -0.027772  1.061578
2.37303996	519	-0.009577 -0.022984  1.061339
2.37813210	517	-0.015562 -0.024660  1.065888
2.38321208	521	-0.016759 -0.020351  1.055114
2.38831210	524	-0.022026 -0.024421  1.044340
2.39339590	525	-0.017477 -0.022026  1.058466
2.39849209	524	-0.020590 -0.019872  1.046495
2.40356802	524	-0.037828 -0.014365  1.047213
2.40866804	526	-0.030406 -0.012450  1.050086
2.41375994	527	-0.039743 -0.015323  1.044340
2.41886401	527	-0.041659 -0.011492  1.050804
2.42397189	525	-0.043813 -0.015323  1.042185
2.42907190	528	-0.057700 -0.005746  1.046256
2.43416810	526	-0.056024 0.001197  1.043143
2.43919992	527	-0.065361 0.002634  1.036679
2.44426393	530	-0.067276 -0.002634  1.031412
2.44934391	531	-0.076135 0.006943  1.036918
2.45440006	530	-0.077093 0.012929  1.034045
2.45945191	533	-0.089303 0.013407  1.025905
2.46451592	532	-0.087866 0.010774  1.025666
2.46956801	534	-0.089303 0.011971  1.035242
2.47460794	534	-0.092176 0.012210  1.028060
2.47964811	536	-0.096485 0.016759  1.022074
2.48468399	536	-0.095049 0.018435  1.028299
2.48972797	535	-0.103189 0.014126  1.018244
2.49478006	536	-0.088585 0.018196  1.019920
2.49982404	537	-0.091936 0.014844  1.010343
2.50487208	537	-0.087387 0.015802  1.022793
2.50992393	537	-0.084754 0.015083  1.009864
2.51497602	535	-0.085472 0.005985  1.018004
2.52002406	537	-0.078290 0.007661  1.013455
2.52507209	537	-0.069192 0.005028  1.013934
2.53011608	538	-0.064403 0.000000  1.025666
2.53514409	538	-0.058418 -0.005507  1.013695
2.54022407	537	-0.059136 -0.000718  1.006991
2.54529595	538	-0.059854 -0.005985  1.005076
2.55037593	538	-0.048123 -0.003352  1.015610
2.55546402	539	-0.045489 -0.013168  1.005555
2.56055998	539	-0.032561 -0.013886  1.002203
2.56565189	539	-0.030885 -0.017717  0.998133
##inga 
#ido(sec)  szog(ADC)     ax(g)    ay(g)   az(g)
2.57128405	540	-0.029688 -0.021069  1.005315
2.57651996	540	-0.023702 -0.020590  0.999808
2.58173990	540	-0.017956 -0.025378  1.005555
2.58696794	540	-0.023702 -0.027533  0.997414
2.59206008	540	-0.017956 -0.023942  1.003879
2.59716391	541	-0.022745 -0.031124  1.002681
2.60226798	540	-0.017717 -0.028730  1.011061
2.60736393	539	-0.022984 -0.020829  1.003160
2.61245203	539	-0.019632 -0.026815  1.013695
2.61755609	540	-0.025139 -0.029927  0.998611
2.62264800	538	-0.026575 -0.021548  1.004118
2.62774395	538	-0.028730 -0.015562  1.003639
2.63284397	540	-0.039743 -0.014365  1.008427
2.63793206	540	-0.040222 -0.015802  1.004597
2.64301609	541	-0.047884 -0.010534  1.012258
2.64811992	539	-0.045011 -0.010534  1.004597
2.65321207	540	-0.059376 -0.003352  1.005076
2.65830397	539	-0.058897 -0.000718  1.006512
2.66339206	538	-0.066079 0.008140  1.006273
2.66844010	539	-0.073262 0.003831  1.007470
2.67350006	538	-0.067755 0.007422  1.007709
2.67856001	538	-0.084036 0.015083  1.008667
2.68362402	537	-0.084036 0.016759  1.007709
2.68866395	536	-0.085233 0.014126  1.006512
2.69370388	534	-0.086669 0.017477  1.015371
2.69874811	535	-0.087866 0.018435  1.018244
2.70377588	535	-0.091218 0.025857  1.028299
2.70881605	535	-0.092415 0.022745  1.025905
2.71386790	533	-0.087866 0.019872  1.017765
2.71892809	534	-0.086909 0.021787  1.016568
2.72397208	534	-0.086190 0.020111  1.028539
2.72902798	535	-0.075656 0.021548  1.014174
2.73407196	534	-0.079247 0.011492  1.019920
2.73912811	531	-0.073741 0.014126  1.032609
2.74418807	531	-0.069192 0.012929  1.023511
2.74924397	530	-0.063925 0.015802  1.031412
2.75430393	529	-0.061291 0.005028  1.032609
2.75936007	530	-0.056024 0.003112  1.030693
2.76438403	527	-0.051714 -0.000958  1.031412
2.76946806	529	-0.046926 -0.001676  1.031412
2.77455210	527	-0.045968 -0.001676  1.027820
2.77962398	527	-0.031843 -0.004070  1.030933
2.78470396	527	-0.031843 -0.008380  1.037158
2.78978800	527	-0.027533 -0.008858  1.040031
2.79486393	526	-0.031124 -0.014844  1.038594
2.79995989	525	-0.019872 -0.008380  1.045058
2.80504398	524	-0.025139 -0.016280  1.051283
2.81013984	521	-0.018675 -0.015083  1.046016
2.81523609	522	-0.017477 -0.015802  1.049368
2.82033205	520	-0.013407 -0.017477  1.061339
2.82543611	520	-0.016041 -0.015083  1.059902
2.83051986	519	-0.018914 -0.013168  1.054875
2.83562803	518	-0.020590 -0.015083  1.059184
2.84070796	515	-0.020829 -0.008380  1.052720
2.84578800	517	-0.027294 -0.004788  1.057748
2.85087985	516	-0.027294 -0.010056  1.063015
2.85596799	515	-0.031124 -0.003352  1.062775
2.86107206	514	-0.035673 -0.006943  1.058945
2.86616401	512	-0.035913 0.001676  1.057748
2.87122392	511	-0.041659 0.000718  1.067803
2.87626791	510	-0.055784 0.003831  1.070437
2.88134002	509	-0.052432 0.005507  1.067803
2.88639211	509	-0.052911 0.012929  1.076662
2.89143991	507	-0.058657 0.015083  1.080732
2.89648008	506	-0.067755 0.014604  1.078098
2.90153198	505	-0.072783 0.018675  1.081450
2.90657997	504	-0.079008 0.024181  1.075943
2.91160392	504	-0.077093 0.023224  1.079774
2.91664409	503	-0.083078 0.018675  1.078816
2.92169589	500	-0.083317 0.024181  1.091506
2.92675991	501	-0.091458 0.025857  1.083605
2.93179988	500	-0.087148 0.030406  1.086238
2.93686008	498	-0.079487 0.026097  1.087196
2.94193191	496	-0.086190 0.026815  1.094139
2.94697589	496	-0.083796 0.025857  1.090787
2.95203990	494	-0.082839 0.027054  1.097012
2.95710391	492	-0.078529 0.026336  1.086238
2.96216392	493	-0.073741 0.022026  1.100125
2.96721191	491	-0.073501 0.024899  1.090069
2.97225589	490	-0.064164 0.020590  1.098688
2.97729206	489	-0.066319 0.020111  1.097970
2.98232793	488	-0.055066 0.011731  1.101322
2.98737192	487	-0.046447 0.016759  1.109941
2.99241590	486	-0.047405 0.011492  1.105152
2.99744796	482	-0.041898 0.008140  1.103237
3.00247597	482	-0.035434 0.005746  1.104195
3.00752806	480	-0.034237 0.006704  1.099406
3.01257610	477	-0.024181 0.000000  1.106110
3.01758408	479	-0.019632 0.000479  1.093660
3.02264809	477	-0.018675 -0.004070  1.101082
3.02774000	475	-0.017956 -0.004310  1.098927
3.03282809	473	-0.016280 -0.005746  1.103237
3.03791999	473	-0.008140 -0.005985  1.098209
3.04299592	474	-0.012929 -0.011253  1.102040
3.04808402	470	-0.009337 -0.006225  1.107068
3.05317592	471	-0.013407 -0.008380  1.105871
3.05825591	470	-0.014844 -0.002155  1.099406
3.06334400	468	-0.010056 -0.007901  1.096773
3.06842398	468	-0.016041 -0.002634  1.093181
3.07350397	465	-0.020590 -0.004549  1.089830
3.07857990	465	-0.019153 -0.000718  1.101322
##inga 
#ido(sec)  szog(ADC)     ax(g)    ay(g)   az(g)
3.08418798	462	-0.032321 0.012450  1.105871
3.08942794	463	-0.032561 0.008140  1.100125
3.09464788	462	-0.037349 0.013886  1.103476
3.09986400	461	-0.043574 0.013168  1.088393
3.10491991	458	-0.048602 0.017238  1.100603
3.10996794	458	-0.054827 0.022745  1.086717
3.11502790	456	-0.058179 0.022505  1.103237
3.12007999	456	-0.069192 0.027294  1.093660
3.12512803	454	-0.067995 0.031124  1.090548
3.13018393	452	-0.067516 0.033279  1.105392
3.13524794	452	-0.072783 0.028251  1.081929
3.14030790	451	-0.081402 0.042616  1.094139
3.14535593	451	-0.077093 0.039025  1.091506
3.15039992	450	-0.082360 0.036631  1.086478
3.15543198	450	-0.085472 0.037349  1.098209
3.16047191	448	-0.077093 0.043574  1.083365
3.16551995	448	-0.081881 0.036870  1.086957
3.17055606	445	-0.079726 0.035913  1.087435
3.17560791	447	-0.081641 0.035673  1.089830
3.18066406	444	-0.074219 0.038786  1.083844
3.18571209	443	-0.074219 0.037589  1.080013
3.19077205	440	-0.067755 0.027054  1.072831
3.19582009	440	-0.062488 0.032321  1.074986
3.20088410	438	-0.057221 0.030885  1.083605
3.20593595	436	-0.055784 0.019393  1.073789
3.21099996	437	-0.045011 0.020590  1.078577
3.21603989	436	-0.044053 0.019153  1.062536
3.22108006	435	-0.033279 0.015083  1.072113
3.22612404	434	-0.030406 0.012450  1.067085
3.23116803	432	-0.025378 0.014365  1.063494
3.23622393	431	-0.024181 0.010534  1.055593
3.24126410	431	-0.016759 0.004310  1.047931
3.24630403	430	-0.019153 0.000958  1.061818
3.25135588	430	-0.012929 0.003831  1.063254
3.25640797	428	-0.008380 -0.000718  1.053678
3.26150393	429	-0.016041 0.002634  1.055114
3.26656007	429	-0.010295 0.003591  1.052480
3.27160406	426	-0.009098 0.006464  1.044819
3.27665591	425	-0.005507 0.001437  1.055832
3.28171205	423	-0.009337 0.004070  1.051283
3.28675198	423	-0.013647 0.003831  1.041946
3.29180407	424	-0.011971 0.002155  1.039312
3.29686403	422	-0.012450 0.008858  1.040031
3.30190396	421	-0.018914 0.010534  1.038834
3.30694389	419	-0.028491 0.013168  1.037636
3.31198406	421	-0.022745 0.015083  1.047453
3.31703591	419	-0.033758 0.016041  1.034763
3.32208395	418	-0.033758 0.018435  1.030454
3.32714390	421	-0.037589 0.021787  1.028060
3.33218002	420	-0.048123 0.022984  1.019201
3.33723592	415	-0.043095 0.028012  1.026863
3.34228801	416	-0.052432 0.022745  1.022793
3.34735202	414	-0.054587 0.034476  1.022314
3.35240793	416	-0.058418 0.035913  1.029257
3.35746788	417	-0.060573 0.039983  1.027342
3.36251211	415	-0.066079 0.039025  1.018723
3.36756396	412	-0.068952 0.036631  1.018483
3.37259197	412	-0.069910 0.041419  1.011540
3.37761592	411	-0.070628 0.036152  1.017286
3.38265204	411	-0.064882 0.039983  1.017286
3.38770008	409	-0.072065 0.040701  1.013455
3.39272809	411	-0.073022 0.038307  1.005076
3.39777994	410	-0.067516 0.039504  1.013934
3.40283989	411	-0.065600 0.035913  1.003400
3.40788006	408	-0.064643 0.039743  1.007949
3.41292810	410	-0.066798 0.034237  1.008427
3.41798806	410	-0.064403 0.043095  1.010103
3.42303991	407	-0.062009 0.033518  1.005555
3.42808008	410	-0.053630 0.029688  1.013695
3.43314003	410	-0.048602 0.027772  0.999569
3.43816804	410	-0.043095 0.027294  1.003160
3.44320797	408	-0.042377 0.028730  1.007470
3.44825196	409	-0.037349 0.020829  0.989992
3.45329594	409	-0.034955 0.024899  1.000766
3.45833611	407	-0.025378 0.019153  1.005555
3.46338796	408	-0.020351 0.023224  1.000287
3.46845602	408	-0.018914 0.013647  1.000287
3.47350406	409	-0.018196 0.012450  1.002921
3.47855997	409	-0.012929 0.012929  1.004118
3.48361611	406	-0.016280 0.008380  0.993823
3.48866391	408	-0.004549 0.015083  0.987838
3.49372005	409	-0.003831 0.002873  0.998372
3.49877595	406	-0.005985 0.006464  0.999569
3.50380802	406	-0.007661 0.010295  1.002203
3.50885200	407	-0.001437 0.008380  0.997414
3.51387596	408	-0.005746 0.006225  0.999808
3.51889991	407	-0.009816 0.005746  1.000048
3.52393603	409	-0.015323 0.010056  0.998851
3.52898788	409	-0.020111 0.015323  1.008667
3.53403592	408	-0.021308 0.014604  1.001006
3.53908801	408	-0.024660 0.017477  1.001484
3.54413199	408	-0.028491 0.015562  1.000527
3.54918789	409	-0.034237 0.018914  1.008427
3.55424404	410	-0.034716 0.020111  0.998851
3.55929589	411	-0.046447 0.022026  0.998372
3.56435990	411	-0.049799 0.025857  1.002442
3.56940388	410	-0.052193 0.027772  1.008906
3.57446002	412	-0.054587 0.031843  1.004357
3.57950806	410	-0.062967 0.027533  1.005555
3.58455610	412	-0.059376 0.038067  1.006991
3.58960008	413	-0.066079 0.035194  0.999330
##inga 
#ido(sec)  szog(ADC)     ax(g)    ay(g)   az(g)
3.59515190	412	-0.071825 0.033040  1.009385
3.60037207	413	-0.068234 0.036631  1.007709
3.60558795	414	-0.068952 0.037349  1.006033
3.61079597	413	-0.071825 0.038546  1.012498
3.61585211	413	-0.064403 0.035673  1.007949
3.62089610	416	-0.071346 0.040701  1.011301
3.62595605	414	-0.067276 0.039983  1.013216
3.63100409	416	-0.066319 0.037110  1.016328
3.63607192	416	-0.063925 0.029448  1.012498
3.64113593	417	-0.063446 0.032321  1.025666
3.64619994	415	-0.057939 0.029927  1.023750
3.65125203	418	-0.055784 0.027772  1.023750
3.65630006	416	-0.052193 0.028251  1.027342
3.66134810	419	-0.053630 0.029927  1.029257
3.66638803	419	-0.046926 0.024899  1.025905
3.67143607	419	-0.045968 0.025139  1.028778
3.67647600	423	-0.044771 0.018914  1.032130
3.68151211	422	-0.035194 0.014604  1.032130
3.68655204	422	-0.030406 0.010295  1.030693
3.69159603	424	-0.029209 0.016041  1.033327
3.69664001	425	-0.023942 0.011013  1.032609
3.70168805	424	-0.017238 0.002634  1.050326
3.70674800	426	-0.018914 0.003831  1.047213
3.71180009	426	-0.013168 0.002634  1.042904
3.71685194	425	-0.013886 -0.005985  1.055593
3.72192406	426	-0.012689 0.000958  1.046495
3.72697591	428	-0.010774 -0.004310  1.053438
3.73205590	427	-0.013647 0.000239  1.048889
3.73709607	431	-0.011492 -0.000718  1.061339
3.74216794	432	-0.014604 0.000718  1.056311
3.74720811	433	-0.019393 0.001676  1.061818
3.75225996	433	-0.015323 0.000958  1.059424
3.75730800	434	-0.023224 0.003352  1.059424
3.76237201	434	-0.020829 0.003591  1.058945
3.76741600	435	-0.028012 0.003112  1.062296
3.77245998	437	-0.028730 0.007422  1.065888
3.77751994	436	-0.033279 0.010774  1.061339
3.78259611	438	-0.039265 0.012689  1.066606
3.78764796	440	-0.045729 0.011253  1.070676
3.79270005	442	-0.045729 0.014604  1.068282
3.79776406	441	-0.056263 0.022505  1.073310
3.80282802	442	-0.061530 0.028970  1.074267
3.80786800	443	-0.062488 0.019872  1.073549
3.81290798	447	-0.069910 0.026575  1.073310
3.81794815	448	-0.073262 0.030167  1.075704
3.82299594	448	-0.072783 0.034237  1.078577
3.82803611	449	-0.076374 0.025857  1.091266
3.83308792	449	-0.079247 0.022505  1.089590
3.83813591	449	-0.080684 0.032800  1.082408
3.84315986	451	-0.082599 0.037110  1.091745
3.84821605	451	-0.079008 0.033040  1.093181
3.85326404	452	-0.084275 0.024899  1.095097
3.85832405	454	-0.073980 0.026575  1.092942
3.86339206	454	-0.077811 0.025139  1.089351
3.86846809	456	-0.080444 0.030406  1.099167
3.87351989	456	-0.065361 0.023463  1.089111
3.87858009	454	-0.067276 0.022266  1.092463
3.88363189	456	-0.062488 0.018675  1.095815
3.88868408	456	-0.059136 0.020829  1.101082
3.89372396	461	-0.058897 0.018435  1.102758
3.89876003	460	-0.048362 0.013647  1.100603
3.90380811	463	-0.042616 0.009577  1.089351
3.90884799	463	-0.039983 0.006225  1.098927
3.91389198	466	-0.039025 0.002155  1.096773
3.91893596	466	-0.031843 0.003352  1.100125
3.92401199	467	-0.035913 0.003831  1.099885
3.92907190	467	-0.025139 0.000000  1.100603
3.93408393	468	-0.016280 -0.000479  1.107546
3.93917989	470	-0.019872 -0.010774  1.094378
3.94428396	473	-0.017477 -0.006225  1.100125
3.94938392	472	-0.019632 -0.008619  1.102279
3.95449209	475	-0.019632 -0.020351  1.098927
3.95960407	475	-0.019393 -0.011013  1.101082
3.96470403	477	-0.017477 -0.013886  1.092224
3.96982002	478	-0.025139 -0.006704  1.097730
3.97491188	479	-0.018914 -0.011731  1.097970
3.98002414	480	-0.026575 -0.002634  1.093421
3.98510408	483	-0.026097 -0.008380  1.107068
3.99019603	483	-0.032561 -0.006704  1.099885
3.99528007	484	-0.036152 -0.006704  1.103955
4.00036811	485	-0.041659 -0.000958  1.097012
4.00544786	486	-0.049320 0.000239  1.103716
4.01049184	489	-0.053151 0.003591  1.105871
4.01552820	491	-0.061770 0.008140  1.091266
4.02055597	491	-0.060094 0.010774  1.097970
4.02557992	493	-0.066558 0.009098  1.078338
4.03063201	491	-0.067995 0.006225  1.095097
4.03566789	492	-0.076374 0.011013  1.091266
4.04071998	495	-0.074219 0.020111  1.084084
4.04577207	493	-0.083317 0.017956  1.085041
4.05081987	497	-0.074219 0.016520  1.093181
4.05586814	498	-0.083078 0.021548  1.092224
4.06093597	499	-0.080923 0.024899  1.080971
4.06599617	502	-0.084275 0.022026  1.088872
4.07105207	503	-0.081881 0.016041  1.089590
4.07609176	503	-0.078529 0.017477  1.083365
4.08114004	503	-0.084036 0.020590  1.074267
4.08618021	504	-0.083796 0.020111  1.076662
4.09122419	504	-0.074698 0.011492  1.079295
4.09626817	504	-0.073262 0.013407  1.076901
4.10131597	505	-0.071586 0.014126  1.084802
##inga 
#ido(sec)  szog(ADC)     ax(g)    ay(g)   az(g)
4.10690402	504	-0.069192 0.013168  1.070676
4.11213207	508	-0.057939 0.005985  1.074028
4.11736392	508	-0.060573 0.006943  1.073070
4.12256813	510	-0.056503 0.001915  1.067803
4.12761592	512	-0.049799 0.001197  1.074028
4.13267993	512	-0.041419 -0.006225  1.067564
4.13778400	511	-0.045968 -0.006225  1.057029
4.14286422	515	-0.039504 -0.010056  1.058945
4.14795207	516	-0.036391 -0.007901  1.052002
4.15303993	516	-0.043574 -0.012450  1.070437
4.15814018	515	-0.025857 -0.016280  1.060142
4.16322422	519	-0.036870 -0.019632  1.046495
4.16831207	519	-0.032800 -0.013407  1.054396
4.17339611	521	-0.025139 -0.022266  1.050326
4.17849588	522	-0.028012 -0.017717  1.046256
4.18359994	524	-0.025139 -0.020351  1.052002
4.18870019	524	-0.026097 -0.015083  1.047931
4.19377994	522	-0.022745 -0.022505  1.052720
4.19887208	523	-0.031364 -0.024181  1.049607
4.20397186	525	-0.032800 -0.016041  1.040031
4.20905208	526	-0.032800 -0.016759  1.038115
4.21413993	526	-0.042856 -0.015323  1.033088
4.21923208	525	-0.041898 -0.011971  1.039312
4.22432422	528	-0.048123 -0.008140  1.034524
4.22940015	529	-0.048123 -0.005507  1.034285
4.23447179	529	-0.053151 0.000000  1.028778
4.23948812	529	-0.052672 -0.004070  1.027102
4.24456787	529	-0.059615 -0.001676  1.030454
4.24965620	530	-0.056024 0.003831  1.033327
4.25470399	530	-0.067755 0.001915  1.028060
4.25975179	532	-0.066079 0.009816  1.025426
4.26480817	534	-0.072783 0.005985  1.020877
4.26986789	534	-0.075177 0.004549  1.023511
4.27491998	534	-0.075656 0.010534  1.027342
4.27997589	534	-0.078529 0.008858  1.017286
4.28502416	535	-0.080684 0.009577  1.019680
4.29004812	533	-0.080444 0.007901  1.012019
4.29508018	536	-0.080444 0.010295  1.011540
4.30010414	533	-0.080684 0.009816  1.022553
4.30513191	535	-0.085233 0.009098  1.020159
4.31017589	536	-0.082360 0.006943  1.012019
4.31521987	535	-0.078529 0.010534  1.015371
4.32027196	537	-0.078290 0.011013  1.005315
4.32531976	537	-0.071346 0.006943  1.012737
4.33036804	534	-0.064403 -0.002155  1.002921
4.33546781	535	-0.060333 0.004549  1.013934
4.34052801	537	-0.063206 -0.004070  1.016807
4.34561204	536	-0.062727 -0.002155  1.003639
4.35070419	536	-0.053151 -0.002394  1.004597
4.35579204	537	-0.052911 -0.012929  1.008667
4.36089611	537	-0.042377 -0.008380  1.005555
4.36598777	536	-0.044532 -0.013647  1.009385
4.37109184	537	-0.042377 -0.015802  1.009146
4.37619209	536	-0.030885 -0.014604  1.007949
4.38127994	535	-0.037349 -0.017477  1.010822
4.38636016	537	-0.032321 -0.014365  1.005076
4.39145612	537	-0.036631 -0.015083  1.002442
4.39653587	536	-0.029688 -0.022745  1.015610
4.40162801	537	-0.029688 -0.021548  1.004118
4.40671205	536	-0.029927 -0.008140  1.008906
4.41178798	538	-0.034716 -0.016999  1.011301
4.41689205	536	-0.035194 -0.015802  1.007949
4.42198801	537	-0.029448 -0.019632  1.003879
4.42709207	536	-0.035194 -0.019153  1.009385
4.43217992	537	-0.033758 -0.010534  1.009385
4.43726778	536	-0.038307 -0.012450  1.005076
4.44234418	536	-0.038546 -0.008858  1.014413
4.44743585	537	-0.036391 -0.002873  1.014892
4.45252799	533	-0.046447 -0.001676  1.019201
4.45762395	536	-0.052193 -0.001437  1.010343
4.46271181	535	-0.059136 -0.003591  1.022074
4.46779584	535	-0.062009 0.000479  1.015371
4.47283983	533	-0.057939 0.005267  1.018483
4.47788381	534	-0.063685 0.003831  1.017286
4.48295211	531	-0.069192 0.011253  1.020398
4.48801994	534	-0.065361 0.011731  1.014892
4.49308776	534	-0.069192 0.008858  1.015131
4.49815177	533	-0.070628 0.010774  1.022553
4.50319194	533	-0.079008 0.014126  1.029017
4.50822401	533	-0.071586 0.013168  1.020877
4.51328420	529	-0.074938 0.017717  1.019680
4.51830387	531	-0.074459 0.018196  1.025426
4.52335214	528	-0.078529 0.014365  1.025187
4.52839994	529	-0.072783 0.008140  1.029975
4.53345203	527	-0.075656 0.012450  1.029496
4.53849983	525	-0.073980 0.009577  1.032369
4.54356002	527	-0.072544 0.008858  1.026623
4.54861593	527	-0.072304 0.008140  1.041467
4.55366802	525	-0.063925 0.009577  1.031651
4.55872011	526	-0.057221 0.003112  1.034524
4.56377601	523	-0.056263 0.002634  1.037636
4.56883621	521	-0.048841 0.005746  1.046256
4.57389593	523	-0.045968 0.005267  1.043143
4.57893610	522	-0.044771 0.001915  1.049607
4.58398008	520	-0.044053 -0.006943  1.042664
4.58905601	521	-0.040701 -0.004549  1.042185
4.59413623	519	-0.033758 -0.003591  1.049847
4.59921598	518	-0.030406 -0.001915  1.042425
4.60429620	518	-0.034476 -0.011013  1.047213
4.60937976	517	-0.029448 -0.005985  1.051283
4.61445999	517	-0.029209 -0.011492  1.059663
##inga 
#ido(sec)  szog(ADC)     ax(g)    ay(g)   az(g)
4.62007999	515	-0.029448 -0.006704  1.060860
4.62527608	514	-0.027294 -0.011013  1.058226
4.63052797	514	-0.028491 -0.008619  1.062057
4.63574790	513	-0.025618 -0.008380  1.066367
4.64084386	512	-0.028012 -0.003591  1.061339
4.64593982	511	-0.035913 -0.001676  1.068761
4.65104007	509	-0.034955 -0.008619  1.062296
4.65613985	508	-0.033279 -0.005507  1.066127
4.66122388	507	-0.034476 -0.000958  1.071394
4.66630792	506	-0.039743 -0.001197  1.074507
4.67139196	505	-0.039504 0.000718  1.074746
4.67644405	504	-0.047644 0.008380  1.068761
4.68151187	503	-0.053390 0.004549  1.079774
4.68656778	503	-0.054108 0.006464  1.074986
4.69161605	503	-0.061052 0.014844  1.075225
4.69666814	502	-0.057460 0.016759  1.083605
4.70172023	502	-0.067755 0.014365  1.088393
4.70676422	502	-0.071346 0.019393  1.083365
4.71180820	499	-0.074459 0.019393  1.085520
4.71684789	499	-0.074219 0.018435  1.085999
4.72189617	493	-0.074698 0.016280  1.083605
4.72693586	496	-0.075177 0.018196  1.078098
4.73198413	493	-0.076374 0.025139  1.087196
4.73704385	493	-0.078050 0.025139  1.095097
4.74208402	493	-0.072783 0.022745  1.097730
4.74713611	490	-0.074219 0.019872  1.082647
4.75220012	490	-0.073262 0.020829  1.093421
4.75726413	488	-0.068234 0.023942  1.092703
4.76232814	488	-0.062488 0.022984  1.092224
4.76737213	485	-0.065600 0.020111  1.086957
4.77239990	485	-0.057460 0.024660  1.091027
4.77743196	483	-0.063685 0.014844  1.099885
4.78247213	482	-0.052432 0.010295  1.094378
4.78750801	481	-0.049320 0.009098  1.098927
4.79254388	477	-0.051235 0.011731  1.096773
4.79760408	476	-0.042138 0.015802  1.099406
4.80264806	477	-0.041419 0.004549  1.094857
4.80770778	476	-0.035434 0.004310  1.095576
4.81277179	475	-0.034237 0.003591  1.098688
4.81782388	473	-0.027054 0.004549  1.088872
4.82288408	472	-0.018675 -0.002155  1.094139
4.82800006	472	-0.021308 -0.002634  1.097252
4.83309602	471	-0.016041 0.001197  1.093421
4.83815193	469	-0.015323 0.000479  1.089351
4.84321594	469	-0.019632 0.001676  1.093181
4.84826421	466	-0.021069 -0.003831  1.095336
4.85334396	466	-0.019153 -0.002155  1.092703
4.85843992	465	-0.022266 -0.005985  1.093900
4.86352396	463	-0.018914 -0.003112  1.090548
4.86861610	463	-0.020351 0.008380  1.097252
4.87365579	462	-0.024899 0.002873  1.105152
4.87869977	461	-0.031124 0.009816  1.098449
4.88373994	458	-0.033040 0.012450  1.089830
4.88878011	457	-0.035673 0.009337  1.102758
4.89383220	456	-0.040701 0.016759  1.096054
4.89887189	455	-0.042616 0.017956  1.096054
4.90392017	454	-0.044771 0.017956  1.096773
4.90897989	452	-0.047405 0.017956  1.102279
4.91402816	450	-0.054108 0.014365  1.085760
4.91907215	452	-0.054827 0.028491  1.082647
4.92411994	452	-0.059615 0.028012  1.089111
4.92916822	448	-0.070389 0.031124  1.083126
4.93420410	451	-0.064403 0.028730  1.083605
4.93923997	450	-0.070149 0.031603  1.086957
4.94428014	449	-0.071586 0.035194  1.085520
4.94931983	447	-0.070389 0.032561  1.081450
4.95434379	446	-0.072304 0.034716  1.079774
4.95938014	445	-0.076374 0.033758  1.076422
4.96443605	444	-0.072544 0.036631  1.070437
4.96948814	444	-0.067037 0.035913  1.074267
4.97454404	443	-0.067276 0.034476  1.085041
4.97959184	442	-0.072544 0.033518  1.076662
4.98464822	441	-0.065600 0.031843  1.069240
4.98969602	438	-0.061770 0.032561  1.067564
4.99474382	439	-0.054108 0.029209  1.066367
4.99980020	436	-0.051714 0.029688  1.066846
5.00484418	433	-0.047644 0.020829  1.064930
5.00988388	435	-0.055066 0.025139  1.055593
5.01492023	434	-0.039265 0.018675  1.060860
5.01996803	433	-0.039025 0.010774  1.062296
5.02499580	430	-0.032561 0.014844  1.056311
5.03003978	432	-0.029448 0.010774  1.057748
5.03508377	432	-0.022745 0.007422  1.049368
5.04014396	429	-0.024899 0.011013  1.064691
5.04519987	431	-0.021308 0.006225  1.049847
5.05025577	430	-0.015802 0.013886  1.046016
5.05531597	427	-0.019393 0.009337  1.054875
5.06038379	428	-0.016280 0.009098  1.046495
5.06544780	424	-0.021069 0.010534  1.039791
5.07048416	423	-0.013886 0.009098  1.043383
5.07552814	425	-0.018435 0.007901  1.036200
5.08056783	424	-0.019632 0.007183  1.040510
5.08561182	422	-0.019872 0.005267  1.047692
5.09065198	423	-0.022745 0.011253  1.035961
5.09570407	422	-0.028970 0.009337  1.029496
5.10074806	420	-0.023942 0.006943  1.035482
5.10579586	419	-0.023463 0.014126  1.023032
5.11085605	421	-0.026097 0.010295  1.022553
5.11591577	419	-0.023224 0.019153  1.033088
5.12097978	420	-0.033758 0.020590  1.031890
5.12602806	420	-0.029927 0.016999  1.022793
##inga 
#ido(sec)  szog(ADC)     ax(g)    ay(g)   az(g)
5.13163185	417	-0.035913 0.022984  1.022074
5.13687181	416	-0.040462 0.030167  1.026623
5.14209222	415	-0.047884 0.028251  1.014174
5.14732408	417	-0.053630 0.029688  1.031172
5.15237188	417	-0.056263 0.030645  1.014652
5.15741205	416	-0.058657 0.033279  1.010103
5.16245985	416	-0.062967 0.036152  1.013216
5.16750001	416	-0.065122 0.040940  1.017525
5.17254018	413	-0.060573 0.039504  1.010822
5.17758798	412	-0.062249 0.040940  1.010103
5.18262004	410	-0.066558 0.043095  1.006273
5.18766403	412	-0.059615 0.038786  1.012258
5.19272422	412	-0.067755 0.038307  1.014892
5.19777584	411	-0.062727 0.033518  1.006033
5.20283603	410	-0.059136 0.038786  1.009146
5.20789623	410	-0.057221 0.031603  1.008188
5.21295213	408	-0.060333 0.029688  1.005794
5.21801614	408	-0.058418 0.029448  1.011061
5.22307205	410	-0.053390 0.026097  1.006273
5.22810411	410	-0.048841 0.027772  1.004597
5.23314380	408	-0.047405 0.032561  1.005555
5.23818778	411	-0.039504 0.032082  1.001724
5.24322795	410	-0.039504 0.024421  0.995978
5.24825191	410	-0.033040 0.023942  1.001484
5.25328397	408	-0.031843 0.017238  1.006991
5.25832796	409	-0.030885 0.021069  1.003160
5.26336812	408	-0.029209 0.016759  0.996457
5.26841592	410	-0.023702 0.016520  0.998372
5.27345991	410	-0.019393 0.016759  0.993105
5.27852010	409	-0.023224 0.009098  0.994062
5.28358793	410	-0.026097 0.015083  0.996217
5.28862810	408	-0.013886 0.009337  1.009146
5.29368019	410	-0.018914 0.006225  0.997175
5.29871606	410	-0.014365 0.015083  0.995020
5.30375623	410	-0.024660 0.015802  1.001006
5.30879211	408	-0.018675 0.009098  1.003879
5.31384801	408	-0.021548 0.005985  0.997175
5.31888818	410	-0.018675 0.009098  0.991908
5.32393598	408	-0.027054 0.009577  0.998611
5.32899618	412	-0.017956 0.007422  1.000766
5.33404779	409	-0.023702 0.012450  1.003639
5.33909606	409	-0.036870 0.013407  1.005555
5.34415197	413	-0.033997 0.016759  1.004597
5.34921598	413	-0.043813 0.019153  1.002442
5.35427618	414	-0.037349 0.023702  1.003639
5.35934400	413	-0.045968 0.023224  1.007470
5.36438798	414	-0.052432 0.023224  1.004597
5.36944389	416	-0.050517 0.023942  1.012977
5.37447977	415	-0.053869 0.024421  1.010582
5.37951612	417	-0.056742 0.031364  1.009864
5.38456010	416	-0.055306 0.025378  1.018244
5.38959980	415	-0.059854 0.029209  1.020398
5.39463996	415	-0.054827 0.029688  1.010103
5.39968776	417	-0.062488 0.028251  1.022314
5.40474414	417	-0.063446 0.027054  1.016807
5.40980005	418	-0.068713 0.036391  1.011779
5.41486406	417	-0.068234 0.033040  1.018962
5.41992378	418	-0.063206 0.033040  1.025187
5.42499208	419	-0.061530 0.025857  1.018244
5.43005609	419	-0.063925 0.027772  1.026144
5.43513202	421	-0.062727 0.027772  1.024708
5.44018411	422	-0.056981 0.028970  1.029496
5.44522380	423	-0.058657 0.029927  1.025426
5.45026779	424	-0.053151 0.022266  1.032609
5.45531606	425	-0.045968 0.025139  1.028539
5.46035623	425	-0.047165 0.018914  1.035242
5.46540403	423	-0.044771 0.018435  1.033806
5.47044420	425	-0.040222 0.025378  1.036679
5.47548389	426	-0.039743 0.011492  1.043143
5.48053216	428	-0.035194 0.021787  1.039552
5.48558378	428	-0.033997 0.007661  1.043861
5.49064779	429	-0.026815 0.012210  1.045298
5.49570798	427	-0.025857 0.010056  1.049129
5.50078010	430	-0.028491 0.013407  1.044580
5.50584793	430	-0.024421 0.004070  1.052241
5.51090383	431	-0.024899 0.005267  1.056072
5.51594781	433	-0.023702 0.003831  1.057029
5.52099180	433	-0.019872 0.005985  1.048410
5.52601623	433	-0.016999 0.008140  1.054156
5.53106021	435	-0.022266 0.006704  1.057987
5.53610801	434	-0.020829 0.007661  1.060381
5.54114818	434	-0.025618 0.004549  1.058705
5.54618787	437	-0.024899 0.006704  1.063733
5.55123996	437	-0.031843 0.009577  1.067564
5.55629205	437	-0.025139 0.007901  1.061578
5.56135177	441	-0.030406 0.011013  1.070676
5.56639194	441	-0.036391 0.006943  1.067564
5.57144784	444	-0.039025 0.008380  1.067803
5.57649993	445	-0.044532 0.020111  1.073310
5.58154392	445	-0.050278 0.014844  1.070676
5.58658409	447	-0.046926 0.016759  1.083844
5.59162378	446	-0.053869 0.021787  1.084802
5.59667205	446	-0.062249 0.022026  1.087675
5.60171222	448	-0.067276 0.019393  1.084562
5.60675621	447	-0.058179 0.023942  1.068042
5.61180019	450	-0.060333 0.022266  1.078816
5.61684417	450	-0.068952 0.027294  1.085520
5.62188816	449	-0.064403 0.029209  1.085520
5.62693595	451	-0.065122 0.022984  1.085760
5.63197994	453	-0.074459 0.026575  1.087196
5.63703203	452	-0.072783 0.023224  1.090069
##inga 
#ido(sec)  szog(ADC)     ax(g)    ay(g)   az(g)
5.64263200	455	-0.063925 0.022984  1.083605
5.64786005	456	-0.076614 0.027054  1.091266
5.65308380	454	-0.072304 0.026097  1.090787
5.65827989	457	-0.072065 0.027533  1.084562
5.66333198	457	-0.069671 0.016520  1.091266
5.66836786	460	-0.065600 0.021787  1.089590
5.67340421	462	-0.061530 0.021308  1.088393
5.67844390	462	-0.062967 0.014365  1.089111
5.68348407	462	-0.061052 0.012450  1.091984
5.68853616	463	-0.051475 0.007901  1.087914
5.69358015	465	-0.052193 0.008140  1.099167
5.69863176	466	-0.040940 0.007422  1.091027
5.70367193	468	-0.039743 0.006704  1.096533
5.70872402	468	-0.032321 0.003831  1.092224
5.71378803	469	-0.031124 0.000239  1.093660
5.71885585	472	-0.036152 -0.002634  1.100843
5.72395181	473	-0.033997 -0.005985  1.101082
5.72904777	474	-0.033279 -0.008140  1.094139
5.73414802	473	-0.022745 -0.003112  1.093421
5.73924016	476	-0.024660 -0.005267  1.095576
5.74431991	475	-0.030885 -0.008619  1.086717
5.74939203	477	-0.023942 -0.003831  1.096054
5.75447988	478	-0.026336 -0.008140  1.095336
5.75957202	480	-0.030885 0.001915  1.088632
5.76459980	479	-0.031364 -0.005985  1.091027
5.76968002	482	-0.025378 -0.002873  1.089830
5.77475976	483	-0.035673 -0.002394  1.084084
5.77984380	483	-0.032321 -0.002634  1.100843
5.78492784	487	-0.035434 0.001197  1.096054
5.78997993	487	-0.043574 -0.000958  1.088872
5.79506397	488	-0.039025 0.000239  1.094618
5.80009984	489	-0.047405 0.000000  1.084084
5.80509614	492	-0.052672 -0.000958  1.080971
5.81017208	493	-0.058657 0.005507  1.095336
5.81521987	494	-0.059136 0.003831  1.087675
5.82027196	495	-0.063446 0.011492  1.084562
5.82534790	495	-0.061770 0.007901  1.086238
5.83039999	496	-0.066798 0.011013  1.089351
5.83545207	497	-0.065122 0.011731  1.080013
5.84049987	499	-0.066079 0.009816  1.078577
5.84552812	501	-0.074938 0.016999  1.087435
5.85057210	501	-0.069192 0.011971  1.076662
5.85560798	502	-0.071346 0.010774  1.083844
5.86064815	503	-0.076135 0.011731  1.072113
5.86569976	504	-0.076135 0.015802  1.076662
5.87075614	504	-0.069192 0.008619  1.090548
5.87579202	504	-0.078050 0.016280  1.076183
5.88083219	502	-0.072783 0.012929  1.075704
5.88588809	504	-0.074698 0.011492  1.077380
5.89094400	505	-0.075417 0.015562  1.060621
5.89600801	507	-0.068952 0.011013  1.065170
5.90105581	506	-0.062009 0.001197  1.069958
5.90609216	506	-0.064643 0.005746  1.062296
5.91113996	510	-0.056503 0.002634  1.064691
5.91616821	510	-0.049320 0.000718  1.063494
5.92119979	512	-0.054348 -0.004070  1.061339
5.92628002	513	-0.051714 -0.003831  1.060381
5.93135976	515	-0.045968 -0.000718  1.056790
5.93643188	515	-0.046686 -0.010295  1.060621
5.94152021	517	-0.039265 -0.008619  1.050804
5.94661188	517	-0.039743 -0.013886  1.055114
5.95169210	517	-0.039504 -0.008619  1.042185
5.95677185	517	-0.036631 -0.011492  1.046734
5.96186780	519	-0.036631 -0.007901  1.042185
5.96695184	519	-0.028012 -0.010056  1.044819
5.97204017	523	-0.035673 -0.009098  1.033566
5.97711992	524	-0.035194 -0.019153  1.044580
5.98220777	525	-0.033518 -0.009816  1.045777
5.98730802	525	-0.033758 -0.015562  1.041228
5.99241590	522	-0.040701 -0.015802  1.038355
5.99750423	524	-0.035913 -0.013886  1.036200
6.00259208	524	-0.042616 -0.012210  1.034045
6.00769615	525	-0.041659 -0.008380  1.023750
6.01278400	525	-0.039504 -0.007422  1.031651
6.01786422	526	-0.048123 -0.009577  1.028299
6.02296018	529	-0.050517 -0.008858  1.032130
6.02804422	526	-0.055545 -0.004070  1.030215
6.03312778	529	-0.054587 0.000000  1.029975
6.03811979	529	-0.056981 0.000718  1.024947
6.04315996	530	-0.064882 -0.005028  1.029975
6.04823589	528	-0.060094 -0.005985  1.028539
6.05331182	528	-0.068713 0.000000  1.026623
6.05832815	532	-0.068234 0.001915  1.025426
6.06337213	533	-0.070389 0.004310  1.014892
6.06841611	532	-0.070628 0.006225  1.018004
6.07345199	533	-0.070628 0.005746  1.024708
6.07849597	534	-0.075177 0.003352  1.012258
6.08356380	532	-0.067516 0.011253  1.024469
6.08862781	534	-0.073022 0.007183  1.015610
6.09367990	535	-0.075417 0.003591  1.017765
6.09874391	535	-0.075895 0.007661  1.011061
6.10380792	536	-0.075656 0.005267  1.014652
6.10886001	535	-0.075417 0.000000  1.019201
6.11385583	535	-0.066079 0.004549  1.015849
6.11887979	535	-0.067755 0.003831  1.004597
6.12392807	536	-0.067276 0.004549  1.009385
6.12896013	533	-0.058657 0.005746  1.012019
6.13399982	536	-0.055545 -0.001437  1.014413
6.13908004	535	-0.058179 0.000479  1.013455
6.14413213	536	-0.054827 0.000000  1.010103
6.14913606	536	-0.050278 -0.011492  1.006033
##inga 
#ido(sec)  szog(ADC)     ax(g)    ay(g)   az(g)
6.15477180	536	-0.047405 -0.009337  1.006273
6.15999984	533	-0.037349 -0.009816  1.010103
6.16521596	536	-0.046208 -0.008619  1.014652
6.17044782	536	-0.042377 -0.010534  1.009864
6.17555999	534	-0.040940 -0.015323  1.012258
6.18065977	534	-0.035673 -0.020351  1.018483
6.18576002	536	-0.040462 -0.014844  1.007470
6.19085597	536	-0.031364 -0.014365  1.012258
6.19596815	536	-0.037349 -0.012450  1.006991
6.20106410	536	-0.032561 -0.012450  1.011301
6.20614385	536	-0.035194 -0.011971  1.012498
6.21123218	535	-0.038307 -0.009577  1.020638
6.21632003	535	-0.040701 -0.007901  1.004357
6.22139215	535	-0.040701 -0.008858  1.004597
6.22646379	534	-0.043095 -0.006704  1.013695
6.23154401	535	-0.042138 -0.007183  1.006512
6.23663187	535	-0.043574 -0.002873  1.017047
6.24171209	531	-0.046208 -0.000239  1.010343
6.24679613	534	-0.051475 -0.001437  1.009625
6.25188779	533	-0.044771 0.001197  1.024708
6.25693607	532	-0.049799 0.007661  1.013695
6.26198387	533	-0.055306 0.008140  1.028060
6.26701593	529	-0.059854 0.006704  1.016089
6.27206420	529	-0.061530 0.001676  1.023032
6.27711200	531	-0.065840 0.009098  1.024947
6.28216791	530	-0.069192 0.012450  1.030933
6.28721618	527	-0.069671 0.009577  1.026144
6.29229211	528	-0.069192 0.011731  1.027342
6.29736804	527	-0.072544 0.007901  1.030215
6.30242013	526	-0.071586 0.009098  1.027342
6.30747985	525	-0.065840 0.010774  1.028778
6.31251192	526	-0.062009 0.010774  1.024947
6.31753587	526	-0.066798 0.013647  1.034285
6.32257604	526	-0.065122 0.011253  1.033088
6.32762002	523	-0.067037 0.014365  1.030693
6.33266782	521	-0.061530 0.014365  1.041467
6.33770799	523	-0.063925 0.008380  1.033806
6.34274387	522	-0.060573 0.008858  1.047931
6.34779214	521	-0.059615 0.005985  1.034045
6.35284423	518	-0.059615 0.005985  1.036918
6.35789585	520	-0.054587 0.005028  1.040510
6.36294794	519	-0.047884 0.002155  1.044101
6.36800813	516	-0.050278 0.002155  1.045058
6.37306404	517	-0.045489 0.006225  1.043143
6.37811183	515	-0.041659 -0.004070  1.048650
6.38318777	517	-0.044053 0.003352  1.047692
6.38821601	514	-0.039025 -0.002155  1.056550
6.39329195	512	-0.040940 -0.005507  1.065409
6.39836788	513	-0.034955 -0.006464  1.057987
6.40345191	513	-0.034716 -0.006225  1.051044
6.40855598	512	-0.029688 -0.008858  1.057987
6.41363620	511	-0.028970 -0.005507  1.060381
6.41871595	508	-0.033997 -0.004070  1.062775
6.42379188	509	-0.034237 -0.002394  1.062296
6.42888402	508	-0.034476 -0.007422  1.065170
6.43396377	505	-0.034716 -0.000239  1.068521
6.43904399	506	-0.037110 -0.001915  1.075943
6.44411993	505	-0.037828 0.000000  1.072113
6.44912815	502	-0.042377 -0.000479  1.068042
6.45421600	504	-0.041898 0.001197  1.065648
6.45926380	503	-0.042138 0.001197  1.067564
6.46432399	502	-0.044292 0.005985  1.070197
6.46938419	502	-0.045729 0.011492  1.074028
6.47444009	502	-0.047884 0.007422  1.080492
6.47949600	502	-0.057221 0.010534  1.069240
6.48452377	499	-0.057221 0.009816  1.077380
6.48954820	496	-0.060333 0.013168  1.070437
6.49459981	497	-0.060333 0.018675  1.082647
6.49965190	495	-0.059854 0.018914  1.077140
6.50468397	494	-0.063685 0.013168  1.089111
6.50973176	493	-0.062009 0.012689  1.085520
6.51476001	493	-0.068473 0.022266  1.087675
6.51981592	491	-0.070628 0.016999  1.084323
6.52485990	490	-0.067516 0.022984  1.081450
6.52991199	489	-0.067516 0.017717  1.092463
6.53497600	486	-0.067276 0.025378  1.086957
6.54003620	485	-0.070868 0.016520  1.090069
6.54507589	486	-0.065600 0.020590  1.095576
6.55010414	484	-0.065600 0.017956  1.086238
6.55513620	483	-0.062249 0.019872  1.087196
6.56017589	482	-0.062727 0.019393  1.088393
6.56522798	481	-0.052911 0.018435  1.109701
6.57026386	479	-0.049320 0.014365  1.089830
6.57530784	479	-0.052432 0.015083  1.092942
6.58035993	477	-0.045011 0.012689  1.083126
6.58540821	473	-0.046208 0.012450  1.092463
6.59045600	473	-0.043095 0.010056  1.091745
6.59550380	472	-0.033279 0.005028  1.095336
6.60056018	472	-0.029209 0.003112  1.099406
6.60559606	472	-0.028251 0.010534  1.097730
6.61065578	470	-0.028730 0.002394  1.087196
6.61570405	468	-0.031843 0.006943  1.093900
6.62073612	467	-0.027772 0.008858  1.086478
6.62578392	468	-0.029927 0.004549  1.093421
6.63082408	467	-0.021787 -0.004788  1.091506
6.63592386	464	-0.028491 -0.000239  1.089830
6.64100408	464	-0.029209 0.004788  1.084084
6.64604806	464	-0.023224 0.005028  1.090548
6.65110397	463	-0.019872 0.008380  1.086717
6.65615606	463	-0.032561 0.011253  1.093900
6.66120004	458	-0.022745 0.011492  1.092703
##inga 
#ido(sec)  szog(ADC)     ax(g)    ay(g)   az(g)
6.66680002	459	-0.034716 0.012210  1.092703
6.67202806	456	-0.034476 0.014365  1.086238
6.67725181	457	-0.035673 0.002155  1.087675
6.68247985	456	-0.038307 0.009098  1.088393
6.68753576	453	-0.045968 0.008140  1.082886
6.69259214	453	-0.046926 0.017717  1.092942
6.69763183	452	-0.049799 0.017956  1.079056
6.70267200	452	-0.056263 0.022745  1.084802
6.70771598	450	-0.049799 0.022984  1.082168
6.71275186	451	-0.059615 0.027054  1.084562
6.71779203	448	-0.062967 0.024660  1.080732
6.72283983	449	-0.072304 0.027533  1.076901
6.72787618	448	-0.067276 0.032082  1.083844
6.73292016	448	-0.064403 0.027772  1.080492
6.73796415	448	-0.069431 0.033758  1.079774
6.74301576	447	-0.062249 0.038786  1.073070
6.74806404	447	-0.065361 0.031843  1.079295
6.75313186	445	-0.062009 0.031603  1.066127
6.75818777	444	-0.069192 0.032321  1.070197
6.76325178	443	-0.064403 0.032321  1.062296
6.76829195	441	-0.061052 0.029688  1.073070
6.77333211	438	-0.059376 0.029688  1.067564
6.77837610	437	-0.052911 0.023942  1.068521
6.78342008	439	-0.057460 0.018675  1.062296
6.78846406	438	-0.045968 0.027054  1.057987
6.79349994	434	-0.049320 0.019632  1.055593
6.79854393	434	-0.038307 0.025618  1.060142
6.80359220	432	-0.042616 0.022026  1.065170
6.80864000	434	-0.036631 0.013886  1.060860
6.81368780	430	-0.030645 0.015802  1.046256
6.81875181	430	-0.031124 0.011971  1.044101
6.82380819	431	-0.026575 0.017477  1.047692
6.82888412	432	-0.028730 0.010774  1.051523
6.83393192	431	-0.033279 0.005746  1.042904
6.83899211	431	-0.022266 0.013168  1.041228
6.84404802	429	-0.021548 0.006464  1.046734
6.84909200	427	-0.025139 0.011492  1.039552
6.85413599	427	-0.019872 0.008380  1.046734
6.85916805	427	-0.023942 0.010056  1.038355
6.86421585	426	-0.023224 0.009098  1.038355
6.86926412	424	-0.021548 0.014604  1.041707
6.87431192	424	-0.022745 0.013647  1.032369
6.87936401	424	-0.017956 0.012210  1.029017
6.88441610	423	-0.027533 0.019632  1.032369
6.88948011	423	-0.029927 0.009816  1.033806
6.89453601	419	-0.030885 0.007661  1.025905
6.89958381	422	-0.030406 0.006464  1.018723
6.90464019	422	-0.039743 0.022984  1.036918
6.90969991	421	-0.040701 0.024181  1.020638
6.91474819	421	-0.041180 0.016759  1.019201
6.91978406	420	-0.039025 0.019393  1.018004
6.92482423	418	-0.048841 0.022026  1.023032
6.92986011	420	-0.046686 0.031603  1.020877
6.93490791	420	-0.051475 0.027054  1.022793
6.93995189	419	-0.049559 0.030645  1.021356
6.94499588	416	-0.059136 0.029927  1.016807
6.95004415	415	-0.051714 0.031364  1.012977
6.95510005	417	-0.060573 0.032800  1.009864
6.96014022	414	-0.055784 0.036870  1.008427
6.96517610	414	-0.052911 0.033279  1.011779
6.97022390	416	-0.053869 0.033518  1.009385
6.97527217	416	-0.048841 0.034955  1.008188
6.98032808	415	-0.053151 0.033040  1.007949
6.98538398	415	-0.053390 0.035673  1.010103
6.99041604	414	-0.055066 0.030167  1.012737
6.99546384	412	-0.051235 0.030645  1.007949
7.00051593	414	-0.054587 0.034237  1.003639
7.00555181	414	-0.051475 0.033518  1.002681
7.01059198	411	-0.050996 0.027533  1.004118
7.01563215	413	-0.041180 0.033040  1.000527
7.02067995	412	-0.047644 0.025139  1.003400
7.02572011	409	-0.041180 0.027294  0.998851
7.03076791	411	-0.039025 0.020829  0.993823
7.03581619	409	-0.036870 0.021787  1.011540
7.04087209	410	-0.037349 0.019632  1.004836
7.04592800	409	-0.032800 0.016520  0.997414
7.05096006	411	-0.029448 0.012689  0.995738
7.05601215	412	-0.026815 0.016280  0.998851
7.06105184	411	-0.032321 0.020351  1.010343
7.06608819	410	-0.023702 0.016999  1.006752
7.07114410	412	-0.030406 0.019872  0.999090
7.07617616	412	-0.022505 0.017956  0.999330
7.08121585	412	-0.020351 0.012450  1.008906
7.08626413	411	-0.017956 0.015083  1.001724
7.09130001	410	-0.028012 0.010534  1.001245
7.09636402	410	-0.026097 0.014126  1.004357
7.10141611	410	-0.027054 0.011731  1.010822
7.10646390	412	-0.030167 0.012210  1.008427
7.11151599	412	-0.030406 0.006225  1.006033
7.11657619	413	-0.024660 0.017717  1.007709
7.12164020	416	-0.030406 0.014126  1.006512
7.12667608	415	-0.036870 0.016280  1.002442
7.13170385	417	-0.030406 0.017477  1.011301
7.13674402	416	-0.033758 0.019393  1.001963
7.14178800	417	-0.037828 0.020111  1.012258
7.14682388	415	-0.046208 0.017238  1.019441
7.15186405	416	-0.047165 0.028970  1.010343
7.15691184	417	-0.047165 0.022505  1.019920
7.16195201	418	-0.051475 0.023702  1.027342
7.16703176	416	-0.047884 0.031843  1.011779
7.17209196	416	-0.058897 0.029688  1.023271
##inga 
#ido(sec)  szog(ADC)     ax(g)    ay(g)   az(g)
7.17768383	419	-0.056742 0.031124  1.017765
7.18293190	416	-0.053151 0.030406  1.011779
7.18815183	418	-0.060812 0.026575  1.016089
7.19336795	421	-0.061052 0.033997  1.017286
7.19841623	422	-0.058657 0.033518  1.024229
7.20346021	422	-0.062967 0.026575  1.026144
7.20850419	423	-0.061770 0.031124  1.028299
7.21352815	424	-0.055784 0.023942  1.021595
7.21857213	424	-0.057939 0.023224  1.027581
7.22360801	425	-0.056024 0.023702  1.036679
7.22864389	424	-0.052432 0.022505  1.031412
7.23369216	426	-0.057939 0.026336  1.029017
7.23873615	426	-0.055784 0.025139  1.039552
7.24379587	427	-0.044532 0.022266  1.034763
7.24886417	426	-0.045489 0.015562  1.046256
7.25391197	427	-0.038307 0.014844  1.038594
7.25897598	429	-0.041898 0.015323  1.035961
7.26403999	430	-0.038786 0.015562  1.041946
7.26910018	429	-0.039983 0.009337  1.047692
7.27414417	431	-0.034716 0.015562  1.043861
7.27919197	431	-0.033279 0.006704  1.046256
7.28423213	431	-0.034716 0.009577  1.043383
7.28927993	434	-0.028491 0.004310  1.044819
7.29432392	435	-0.028730 0.007183  1.047453
7.29935979	434	-0.026097 0.008380  1.057748
7.30440807	434	-0.029927 0.003112  1.060381
7.30946016	437	-0.028012 0.008619  1.057748
7.31451177	435	-0.023942 0.006464  1.048650
7.31956386	437	-0.023702 0.005028  1.058226
7.32461595	438	-0.027294 0.010056  1.062057
7.32966423	440	-0.030885 0.008858  1.060381
7.33472776	440	-0.031843 0.006225  1.066127
7.33979988	442	-0.031364 0.003831  1.061099
7.34486389	444	-0.037828 0.010295  1.059424
7.34991216	445	-0.040701 0.011731  1.073310
7.35493993	447	-0.044053 0.010534  1.073789
7.35998392	446	-0.044532 0.011253  1.069000
7.36502790	448	-0.043574 0.017717  1.066846
7.37006378	448	-0.048602 0.016759  1.064451
7.37510013	448	-0.049081 0.014604  1.075225
7.38013982	449	-0.058897 0.013647  1.074028
7.38518810	450	-0.054587 0.019393  1.080253
7.39024019	450	-0.058179 0.018196  1.077859
7.39529991	452	-0.063685 0.023224  1.084802
7.40034389	452	-0.068473 0.021787  1.071394
7.40541219	453	-0.071107 0.019153  1.077380
7.41046810	455	-0.063446 0.028491  1.085281
7.41554021	452	-0.068234 0.028251  1.087914
7.42059183	454	-0.063446 0.023942  1.081929
7.42564392	456	-0.066079 0.025378  1.081450
7.43067216	456	-0.068713 0.020829  1.085041
7.43572378	454	-0.064403 0.027294  1.086238
7.44076395	458	-0.069910 0.020590  1.087914
7.44579219	460	-0.057460 0.017238  1.095097
7.45083618	462	-0.061052 0.016759  1.082408
7.45588397	463	-0.061052 0.011492  1.080253
7.46093177	462	-0.058179 0.011492  1.084562
7.46598815	463	-0.048123 0.009577  1.084323
7.47105216	466	-0.050996 0.010295  1.098927
7.47610378	467	-0.051235 0.010534  1.091027
7.48117208	468	-0.046447 0.004070  1.084323
7.48622417	467	-0.047884 0.005985  1.090548
7.49128007	468	-0.040222 0.005028  1.079535
7.49631214	471	-0.043574 0.001915  1.097491
7.50135612	472	-0.033758 0.001197  1.088632
7.50640010	473	-0.040940 0.000479  1.089111
7.51143217	475	-0.030885 0.001676  1.084323
7.51647186	475	-0.032561 -0.002394  1.087435
7.52155208	477	-0.032800 -0.000239  1.079535
7.52663183	477	-0.030406 -0.006464  1.088393
7.53171205	475	-0.031124 -0.005507  1.082168
7.53680801	477	-0.035913 0.003352  1.086238
7.54184818	480	-0.028012 -0.002394  1.093900
7.54693222	479	-0.029688 0.001197  1.086957
7.55199193	483	-0.037589 -0.001915  1.098449
7.55707979	484	-0.039743 -0.004788  1.077859
7.56216812	485	-0.039265 0.003591  1.088632
7.56723594	487	-0.038307 0.001437  1.095815
7.57230377	485	-0.044292 -0.000239  1.081929
7.57738018	489	-0.049799 0.005267  1.084323
7.58243989	491	-0.048362 -0.000479  1.087914
7.58751201	491	-0.051714 0.005028  1.094378
7.59255599	491	-0.051235 0.001915  1.088632
7.59759998	492	-0.054108 0.002155  1.081450
7.60263204	493	-0.062488 0.004788  1.078098
7.60766410	495	-0.061770 0.011492  1.077619
7.61268806	494	-0.059136 0.007422  1.077140
7.61773586	493	-0.062249 0.014604  1.083605
7.62277984	495	-0.061530 0.010295  1.080253
7.62784004	501	-0.073022 0.011731  1.072592
7.63289594	500	-0.068473 0.012929  1.076183
7.63796377	502	-0.063206 0.008380  1.079535
7.64301586	502	-0.071586 0.006704  1.073789
7.64807987	503	-0.067755 0.009337  1.064451
7.65314388	503	-0.064643 0.004549  1.065888
7.65819215	504	-0.069910 0.013407  1.070197
7.66324377	503	-0.069192 0.016280  1.071634
7.66828393	504	-0.063206 0.011013  1.069479
7.67332792	505	-0.068713 0.011492  1.065888
7.67835617	505	-0.064164 0.003352  1.059663
7.68340015	507	-0.067276 0.011253  1.067085
##inga 
#ido(sec)  szog(ADC)     ax(g)    ay(g)   az(g)
7.68896818	506	-0.061291 0.002634  1.051044
7.69418811	507	-0.056503 0.009577  1.063254
7.69942378	510	-0.056024 0.000000  1.052959
7.70455980	512	-0.054348 0.003591  1.056790
7.70961999	513	-0.057221 -0.003112  1.059902
7.71470403	513	-0.052432 -0.004788  1.064930
7.71979188	515	-0.051235 -0.005028  1.055114
7.72487211	515	-0.048123 -0.009577  1.052720
7.72996807	516	-0.049320 -0.011971  1.046495
7.73507213	517	-0.035673 -0.010534  1.049607
7.74016809	515	-0.040940 -0.008619  1.052002
7.74524784	517	-0.039025 -0.007183  1.046256
7.75033187	519	-0.045489 -0.004549  1.042185
7.75540781	518	-0.043335 -0.014844  1.048650
7.76049613	522	-0.040462 -0.009098  1.045777
7.76556777	523	-0.037828 -0.006464  1.038834
7.77065610	523	-0.043095 -0.005746  1.034524
7.77573585	525	-0.039983 -0.006943  1.036439
7.78081607	525	-0.047405 -0.009337  1.030933
7.78589582	525	-0.047405 -0.004070  1.032848
7.79097604	523	-0.045011 -0.012450  1.034524
7.79606389	525	-0.046208 -0.002873  1.034045
7.80114412	525	-0.053630 -0.010534  1.036439
7.80623197	526	-0.052672 -0.001197  1.031412
7.81131982	525	-0.054348 -0.007901  1.029257
7.81640815	527	-0.053630 0.000958  1.028539
7.82145595	528	-0.056024 -0.003352  1.022074
7.82653617	528	-0.062009 0.001915  1.023511
7.83157587	528	-0.060333 0.000958  1.017765
7.83662796	529	-0.063925 0.002634  1.024947
7.84168815	529	-0.060573 -0.007183  1.022074
7.84677982	528	-0.061770 0.010056  1.013934
7.85184383	530	-0.065840 0.004549  1.020159
7.85689592	529	-0.069192 0.006464  1.018004
7.86194419	528	-0.073501 0.002394  1.021595
7.86699199	531	-0.066798 0.002873  1.019920
7.87203216	531	-0.068473 0.004549  1.016807
7.87707996	532	-0.072544 0.004310  1.020638
7.88212013	533	-0.066798 0.006943  1.016568
7.88715982	531	-0.072065 -0.002873  1.014892
7.89224386	531	-0.070149 -0.000958  1.014892
7.89732789	533	-0.066798 -0.000718  1.009864
7.90240812	531	-0.066319 0.002155  1.008667
7.90745592	532	-0.062727 0.004788  1.017286
7.91251993	534	-0.056503 -0.004549  1.015610
7.91760015	532	-0.056263 -0.002394  1.012019
7.92268419	532	-0.050038 -0.006464  1.007709
7.92776823	534	-0.051954 0.000000  1.008906
7.93278408	534	-0.049320 -0.006464  1.017047
7.93787622	533	-0.048602 -0.001437  1.011779
7.94297599	534	-0.047884 -0.011253  1.015849
7.94808006	531	-0.050517 -0.010056  1.012977
7.95317220	534	-0.042138 -0.007901  1.006991
7.95826387	534	-0.041419 -0.005746  1.011061
7.96335220	534	-0.044053 -0.010295  1.017525
7.96843194	534	-0.042138 -0.002873  1.012258
7.97351980	533	-0.048602 -0.008380  1.012019
7.97860002	533	-0.044532 -0.019153  1.006033
7.98369598	534	-0.041419 -0.004549  1.014174
7.98878383	532	-0.037828 -0.012689  1.006273
7.99387598	533	-0.040940 -0.005746  1.014413
7.99895191	531	-0.042616 -0.011253  1.012977
8.00405597	532	-0.042377 -0.007422  1.018004
8.00914764	533	-0.043335 -0.001676  1.022314
8.01423168	532	-0.039504 -0.001437  1.010343
8.01931190	530	-0.050517 0.000718  1.020159
8.02434444	532	-0.049320 0.004310  1.016807
8.02938842	531	-0.053630 -0.002634  1.018962
8.03447628	529	-0.055306 0.001915  1.018962
8.03952026	526	-0.048362 0.000958  1.022314
8.04456806	529	-0.058897 0.004549  1.012977
8.04961967	526	-0.061291 0.007901  1.023032
8.05467987	527	-0.056981 0.002873  1.022314
8.05974006	527	-0.066798 0.001915  1.026863
8.06480789	526	-0.064643 0.009098  1.017047
8.06987190	526	-0.060812 0.008380  1.026623
8.07489967	523	-0.061530 0.009098  1.028060
8.07993602	525	-0.060812 0.011253  1.020638
8.08496761	523	-0.063206 0.008140  1.031890
8.08999156	524	-0.062967 0.009098  1.036918
8.09503173	521	-0.060094 0.013407  1.030215
8.10006427	522	-0.062249 0.013168  1.036679
8.10512447	522	-0.063446 0.009098  1.038594
8.11017227	521	-0.064164 0.006943  1.034524
8.11522006	521	-0.061052 0.011731  1.034285
8.12028026	519	-0.056024 0.009577  1.035242
8.12532806	520	-0.050757 0.007183  1.039552
8.13039970	517	-0.056981 0.008858  1.038594
8.13545608	516	-0.057460 0.005985  1.038834
8.14050006	517	-0.051235 0.009577  1.043861
8.14555168	516	-0.050038 0.009337  1.037158
8.15057563	516	-0.044532 0.005746  1.044101
8.15561580	516	-0.040940 0.005985  1.051523
8.16064834	515	-0.040701 -0.000718  1.042664
8.16571998	514	-0.043574 0.001676  1.048889
8.17075157	510	-0.045489 -0.001676  1.044340
8.17584037	512	-0.034955 -0.000479  1.040270
8.18092441	511	-0.042377 -0.000958  1.053199
8.18600845	511	-0.039025 0.002155  1.057748
8.19105625	509	-0.036391 -0.005507  1.057748
8.19614791	509	-0.038307 -0.003352  1.057029
##inga 
#ido(sec)  szog(ADC)     ax(g)    ay(g)   az(g)
8.20176410	506	-0.040701 -0.003352  1.052480
8.20696353	506	-0.036152 -0.002873  1.065648
8.21220016	504	-0.034476 0.000479  1.070676
8.21739578	504	-0.045011 0.002155  1.066846
8.22246360	502	-0.042138 0.000479  1.064691
8.22752380	504	-0.043813 0.002155  1.065648
8.23256015	503	-0.042138 0.003112  1.064212
8.23760795	503	-0.047644 0.003831  1.071634
8.24264812	502	-0.045968 0.009337  1.069000
8.24767589	501	-0.047405 0.008380  1.074746
8.25271224	500	-0.052432 0.005028  1.067803
8.25776004	499	-0.056024 0.005746  1.066127
8.26278781	498	-0.056263 0.008619  1.081210
8.26784038	497	-0.058418 0.011492  1.088632
8.27289962	495	-0.053869 0.016280  1.077859
8.27794837	492	-0.060333 0.014604  1.069479
8.28301239	491	-0.062727 0.016520  1.075464
8.28807640	493	-0.061770 0.017717  1.076183
8.29314041	492	-0.055066 0.021069  1.083605
8.29819202	489	-0.058657 0.017956  1.083605
8.30324363	489	-0.055784 0.015323  1.086238
8.30827999	489	-0.059376 0.012210  1.076662
8.31330776	486	-0.062967 0.012929  1.081689
8.31836032	487	-0.062488 0.017477  1.081689
8.32340431	486	-0.060333 0.013168  1.080732
8.32844829	484	-0.059136 0.015562  1.090308
8.33350753	481	-0.058657 0.016041  1.088154
8.33856010	479	-0.055784 0.021308  1.082886
8.34361171	480	-0.049081 0.016041  1.080492
8.34865570	477	-0.051714 0.010534  1.090308
8.35371971	478	-0.046926 0.013647  1.087435
8.35877227	475	-0.042138 0.014844  1.083605
8.36383247	475	-0.040462 0.011492  1.081929
8.36889553	475	-0.042856 0.014126  1.086478
8.37395191	471	-0.037589 0.006943  1.085281
8.37899971	472	-0.036631 0.005267  1.086957
8.38403224	472	-0.038786 0.006464  1.092224
8.38907241	471	-0.031843 0.009337  1.085760
8.39410781	471	-0.031364 0.012689  1.082647
8.39916038	470	-0.032321 0.008858  1.078338
8.40419960	467	-0.029927 0.005028  1.083844
8.40924835	468	-0.037349 0.004310  1.081929
8.41429615	464	-0.033997 0.005746  1.086478
8.41934776	464	-0.036152 0.008140  1.088393
8.42440032	464	-0.028012 0.005028  1.088154
8.42944812	464	-0.030645 0.005267  1.091027
8.43450355	463	-0.035913 0.008380  1.091506
8.43955993	459	-0.033997 0.006943  1.084323
8.44460773	460	-0.035194 0.009816  1.082408
8.44966411	459	-0.034955 0.015802  1.086478
8.45470046	458	-0.036152 0.016280  1.080971
8.45973968	455	-0.046926 0.010534  1.078098
8.46478843	456	-0.044292 0.021548  1.082168
8.46983242	455	-0.043095 0.018435  1.086478
8.47486019	454	-0.050757 0.016041  1.083605
8.47990417	452	-0.049320 0.021548  1.066127
8.48494815	452	-0.050996 0.017238  1.070676
8.48999214	449	-0.060094 0.018435  1.072592
8.49503993	451	-0.059136 0.027294  1.078577
8.50010013	451	-0.053390 0.025857  1.078338
8.50516414	450	-0.055306 0.027772  1.084084
8.51021575	449	-0.059615 0.027294  1.082886
8.51526355	447	-0.058657 0.026815  1.069479
8.52030372	446	-0.061530 0.028491  1.070676
8.52534389	447	-0.057700 0.027294  1.069718
8.53038024	447	-0.056742 0.032561  1.069718
8.53540802	445	-0.054108 0.022745  1.057987
8.54044818	446	-0.062009 0.027054  1.069000
8.54547214	445	-0.054827 0.021787  1.067564
8.55052757	442	-0.049081 0.028251  1.059424
8.55558395	442	-0.052911 0.027533  1.058945
8.56064796	438	-0.050996 0.022026  1.058226
8.56571197	440	-0.051714 0.022266  1.060142
8.57077217	438	-0.047644 0.019153  1.056790
8.57582759	437	-0.043095 0.015562  1.060381
8.58088397	436	-0.040701 0.018914  1.051044
8.58592414	435	-0.037589 0.022505  1.045298
8.59096813	435	-0.038307 0.013407  1.046974
8.59601211	434	-0.034237 0.018196  1.053678
8.60106372	433	-0.033279 0.014844  1.052720
8.60610389	432	-0.030167 0.016520  1.043861
8.61114406	432	-0.029448 0.022266  1.048650
8.61617565	432	-0.031364 0.009098  1.044340
8.62121963	431	-0.028491 0.012929  1.043622
8.62626361	431	-0.027294 0.016280  1.049368
8.63131237	431	-0.025618 0.008858  1.046974
8.63637638	430	-0.030167 0.013168  1.037158
8.64142799	429	-0.029448 0.013647  1.042664
8.64649200	426	-0.033279 0.012450  1.038594
8.65154361	427	-0.029688 0.013886  1.035482
8.65659236	427	-0.032082 0.019153  1.037158
8.66163158	425	-0.029927 0.008858  1.035721
8.66667556	425	-0.035434 0.017717  1.032609
8.67171573	422	-0.027054 0.015323  1.028539
8.67675209	424	-0.042138 0.014126  1.022793
8.68179988	422	-0.037828 0.015083  1.025426
8.68684005	422	-0.033040 0.018675  1.022314
8.69188404	421	-0.040222 0.020829  1.026144
8.69692802	422	-0.041180 0.020111  1.012498
8.70197963	421	-0.041419 0.024660  1.026623
8.70701599	422	-0.045489 0.019872  1.015610
##inga 
#ido(sec)  szog(ADC)     ax(g)    ay(g)   az(g)
8.71260356	420	-0.043095 0.020829  1.010582
8.71782398	420	-0.049799 0.022266  1.019920
8.72305202	420	-0.047644 0.026815  1.011301
8.72827243	420	-0.045729 0.026815  1.008427
8.73332405	418	-0.050996 0.028012  1.017765
8.73836040	419	-0.055306 0.028970  1.009385
8.74339962	421	-0.054348 0.026336  1.008188
8.74843978	420	-0.059376 0.028251  1.012019
8.75347232	418	-0.051714 0.030406  1.010582
8.75852394	417	-0.056503 0.029927  1.006033
8.76357173	415	-0.051235 0.028970  1.015371
8.76860809	417	-0.051235 0.027772  1.016807
8.77366447	416	-0.049081 0.030406  1.010582
8.77870845	415	-0.053390 0.027772  1.018244
8.78376007	417	-0.046208 0.026336  1.005315
8.78882026	416	-0.047165 0.028491  1.011779
8.79388809	416	-0.043095 0.022745  1.009625
8.79895210	415	-0.042377 0.022266  1.005555
8.80400753	417	-0.039743 0.023942  1.008188
8.80905628	415	-0.038786 0.021069  1.011061
8.81409645	416	-0.040940 0.025857  1.004118
8.81912422	415	-0.038067 0.020111  1.005076
8.82415962	415	-0.036152 0.014604  1.003160
8.82919979	415	-0.029688 0.018914  0.997414
8.83425235	416	-0.031364 0.018196  1.012019
8.83930397	417	-0.028012 0.015802  0.999808
8.84436035	416	-0.028491 0.015562  1.010822
8.84941959	416	-0.026815 0.022266  0.996696
8.85447978	414	-0.028491 0.012210  1.001724
8.85952758	417	-0.028012 0.012929  1.002681
8.86458396	417	-0.024660 0.015802  1.002442
8.86964035	417	-0.029209 0.014126  1.015371
8.87470817	416	-0.028970 0.019872  1.007949
8.87975215	417	-0.032561 0.013647  1.012977
8.88481998	417	-0.025857 0.016280  1.007230
8.88986015	415	-0.032800 0.014126  1.000527
8.89488792	417	-0.034955 0.021069  1.010343
8.89993190	417	-0.035434 0.016280  1.008906
8.90497207	417	-0.034955 0.011492  1.013216
8.91001605	418	-0.036870 0.015562  1.007230
8.91505241	416	-0.038067 0.013168  1.020398
8.92011165	415	-0.043574 0.018196  1.013695
8.92516803	417	-0.045250 0.017956  1.013216
8.93021965	417	-0.048602 0.026336  1.013455
8.93528366	420	-0.042138 0.026097  1.014892
8.94035243	422	-0.045250 0.029209  1.020159
8.94540023	419	-0.048362 0.025857  1.017286
8.95044422	422	-0.048362 0.022026  1.017765
8.95549583	423	-0.052911 0.026815  1.018723
8.96054840	424	-0.053869 0.016999  1.014174
8.96558380	421	-0.054827 0.026815  1.017286
8.97063636	423	-0.054348 0.024181  1.022553
8.97567176	424	-0.056263 0.031124  1.021595
8.98070812	424	-0.059136 0.026336  1.021835
8.98577213	425	-0.062009 0.023702  1.023990
8.99080753	426	-0.056263 0.021548  1.028299
8.99586772	425	-0.058897 0.018914  1.024469
9.00092792	427	-0.050757 0.023224  1.027102
9.00598430	428	-0.046686 0.017717  1.027342
9.01104831	425	-0.049081 0.019393  1.031172
9.01610755	426	-0.050038 0.019153  1.035482
9.02116012	429	-0.047405 0.016999  1.036679
9.02620029	428	-0.045729 0.017477  1.041946
9.03124809	430	-0.041419 0.014604  1.029257
9.03628826	429	-0.042616 0.021787  1.042904
9.04134845	429	-0.037828 0.017238  1.038115
9.04638385	431	-0.037349 0.010774  1.038594
9.05142021	433	-0.037589 0.007901  1.047213
9.05646038	434	-0.038786 0.006943  1.041946
9.06149959	433	-0.041180 0.008858  1.053917
9.06654834	432	-0.038307 0.005746  1.043861
9.07159614	435	-0.032800 0.008619  1.052720
9.07664775	436	-0.025857 0.000479  1.040510
9.08171176	436	-0.026097 0.011971  1.062536
9.08677196	437	-0.022745 0.010056  1.064212
9.09183216	438	-0.028491 0.014126  1.057508
9.09688758	439	-0.032561 0.005746  1.055832
9.10193634	441	-0.033997 0.012450  1.054875
9.10696792	440	-0.030885 0.011971  1.050326
9.11200046	443	-0.030885 0.007183  1.068761
9.11703586	443	-0.033758 0.003831  1.052480
9.12207221	446	-0.033997 0.008858  1.055593
9.12712001	447	-0.037110 0.012210  1.065409
9.13216781	448	-0.042856 0.015323  1.063733
9.13721179	449	-0.039265 0.011253  1.058705
9.14226436	448	-0.043335 0.016999  1.062536
9.14731979	449	-0.039743 0.012929  1.069240
9.15237236	449	-0.050996 0.016759  1.063733
9.15740776	450	-0.052432 0.015802  1.062296
9.16247177	450	-0.056503 0.014604  1.067564
9.16752433	449	-0.054587 0.019393  1.065648
9.17255210	449	-0.053869 0.016999  1.070437
9.17758369	453	-0.058897 0.023942  1.068761
9.18262386	454	-0.059136 0.020351  1.071634
9.18766784	454	-0.062009 0.022745  1.074986
9.19270801	456	-0.064882 0.023463  1.072592
9.19775581	454	-0.061770 0.023463  1.078816
9.20279598	454	-0.060094 0.019872  1.063733
9.20783233	457	-0.069671 0.014126  1.072113
9.21288776	457	-0.059615 0.024660  1.078816
9.21793174	458	-0.061052 0.017717  1.081210
##inga 
#ido(sec)  szog(ADC)     ax(g)    ay(g)   az(g)
9.22351169	458	-0.059136 0.015562  1.082647
9.22876358	462	-0.058179 0.011971  1.087675
9.23399162	463	-0.052672 0.017238  1.088154
9.23923587	463	-0.057221 0.016759  1.084802
9.24427986	464	-0.055066 0.019393  1.090308
9.24930000	464	-0.053390 0.008380  1.091984
9.25432395	467	-0.052193 0.014365  1.081929
9.25937175	467	-0.050757 0.011013  1.075464
9.26439952	466	-0.051714 0.005028  1.087196
9.26944828	469	-0.045968 0.008619  1.095336
9.27449226	472	-0.045250 0.004788  1.089111
9.27952766	470	-0.038307 0.000958  1.088872
9.28457641	473	-0.040462 0.000958  1.084084
9.28962421	473	-0.038786 0.001915  1.080732
9.29469203	476	-0.037589 0.005746  1.089111
9.29975223	475	-0.035673 -0.000479  1.078816
9.30484008	477	-0.036870 0.004549  1.081929
9.30988788	475	-0.031124 -0.001676  1.083126
9.31497192	479	-0.037349 0.000479  1.087675
9.32000827	478	-0.040701 -0.002634  1.082886
9.32508754	482	-0.037589 0.004788  1.085520
9.33011245	482	-0.036870 0.000958  1.084802
9.33515644	483	-0.035673 -0.002873  1.078816
9.34023189	481	-0.045250 0.000718  1.081210
9.34525966	486	-0.046447 -0.004070  1.077380
9.35034370	486	-0.040462 0.008380  1.080732
9.35537624	488	-0.044532 0.003352  1.082647
9.36044025	490	-0.043813 -0.000239  1.085281
9.36551952	491	-0.047165 0.007901  1.080253
9.37056446	491	-0.051475 0.000958  1.069958
9.37562370	491	-0.055545 0.004310  1.082408
9.38068008	493	-0.056742 0.001915  1.070676
9.38573646	494	-0.056263 0.006704  1.080732
9.39078426	494	-0.058418 0.009577  1.072352
9.39582824	494	-0.055784 0.008140  1.072113
9.40087223	496	-0.062009 0.010534  1.072831
9.40590000	496	-0.063925 0.010534  1.080732
9.41094017	498	-0.068952 0.005507  1.072352
9.41598415	502	-0.063446 0.011492  1.075943
9.42102813	501	-0.064164 0.016280  1.071634
9.42608356	502	-0.063925 0.011971  1.067803
9.43113613	503	-0.058657 0.012210  1.072831
9.43618392	501	-0.060333 0.008619  1.058466
9.44124031	504	-0.056263 0.008140  1.058226
9.44628810	504	-0.061530 0.006225  1.065170
9.45133972	503	-0.063925 0.006704  1.064930
9.45639991	505	-0.059854 0.008380  1.059424
9.46144771	506	-0.056024 0.007183  1.067324
9.46649646	503	-0.059615 0.003352  1.058945
9.47153568	506	-0.062488 0.009816  1.056790
9.47656440	506	-0.054348 -0.000718  1.056550
9.48163986	506	-0.058179 0.001437  1.062296
9.48668003	507	-0.052432 0.002634  1.058705
9.49172401	511	-0.050278 0.001676  1.059663
9.49676799	511	-0.051475 -0.001197  1.055593
9.50186443	510	-0.048123 -0.002873  1.052720
9.50695228	514	-0.046926 0.000239  1.046256
9.51200771	514	-0.042138 -0.002155  1.048650
9.51710033	514	-0.050038 -0.007183  1.044580
9.52218818	514	-0.045968 -0.000239  1.048410
9.52726364	517	-0.047165 -0.005267  1.047692
9.53235244	517	-0.041180 -0.000718  1.043383
9.53743171	517	-0.043095 -0.008140  1.038594
9.54251956	519	-0.045968 -0.005028  1.032848
9.54761219	517	-0.044532 -0.007901  1.038834
9.55271244	520	-0.043335 -0.007661  1.044340
9.55781555	520	-0.043095 -0.006943  1.038594
9.56290435	522	-0.046208 -0.004788  1.040510
9.56799602	524	-0.043574 -0.006704  1.036439
9.57307243	524	-0.050517 -0.008380  1.032369
9.57815170	524	-0.048841 -0.004070  1.033327
9.58322811	523	-0.045250 -0.004070  1.033566
9.58830356	525	-0.054827 -0.006704  1.024229
9.59338760	525	-0.051235 -0.005746  1.026623
9.59847164	523	-0.056024 -0.005028  1.024947
9.60354423	523	-0.060333 0.000000  1.029017
9.60854434	525	-0.059376 -0.000718  1.031651
9.61361980	526	-0.060573 0.001197  1.024947
9.61865615	526	-0.062249 -0.003352  1.020638
9.62374401	527	-0.059136 -0.002873  1.029736
9.62884044	527	-0.064164 0.003112  1.020877
9.63387966	526	-0.065600 -0.002873  1.019201
9.63896369	526	-0.062488 0.000000  1.029017
9.64397621	527	-0.065840 0.003591  1.022314
9.64901161	528	-0.063206 0.000239  1.025187
9.65407180	529	-0.064164 0.000958  1.021835
9.65913581	527	-0.062488 0.000000  1.025187
9.66414356	527	-0.068234 -0.001437  1.020159
9.66922378	527	-0.059376 0.002873  1.019201
9.67426395	530	-0.065361 0.002155  1.012737
9.67930793	529	-0.060573 0.003591  1.007470
9.68434429	529	-0.064882 -0.007183  1.006991
9.68943977	528	-0.056263 -0.003591  1.009146
9.69454002	528	-0.058897 0.000718  1.015371
9.69957637	530	-0.058657 -0.007422  1.016328
9.70466423	531	-0.062009 0.003831  1.012019
9.70969963	529	-0.049081 -0.006225  1.005555
9.71477222	528	-0.051235 -0.004070  1.022074
9.71987247	528	-0.052911 -0.003352  1.010343
9.72496032	531	-0.053630 -0.007422  1.010343
9.73005580	529	-0.048841 -0.005028  1.009625
##inga 
#ido(sec)  szog(ADC)     ax(g)    ay(g)   az(g)
9.73567581	531	-0.045489 -0.008619  1.013455
9.74092006	529	-0.043095 -0.007183  1.002681
9.74613189	531	-0.039265 -0.004549  1.012737
9.75136756	531	-0.042616 -0.003352  1.013455
9.75646400	531	-0.038786 -0.011253  1.014174
9.76156806	529	-0.043335 -0.006464  1.018483
9.76666355	530	-0.042856 -0.008619  1.014174
9.77176761	527	-0.049559 -0.003112  1.018723
9.77685642	530	-0.047884 -0.006704  1.017765
9.78192806	527	-0.049799 0.000000  1.024708
9.78693199	529	-0.049320 -0.001437  1.023032
9.79201602	528	-0.046447 0.001676  1.017765
9.79704761	528	-0.052193 -0.002155  1.017525
9.80213642	527	-0.055066 -0.006464  1.024469
9.80721187	526	-0.050517 0.004310  1.013934
9.81224822	524	-0.050517 0.000479  1.023271
9.81727981	527	-0.047405 -0.003591  1.025905
9.82236766	523	-0.057221 0.001437  1.020159
9.82741165	525	-0.058897 0.005028  1.016807
9.83245563	525	-0.055306 0.009098  1.025187
9.83751201	522	-0.062727 0.003112  1.024229
9.84256362	524	-0.056263 0.005746  1.020159
9.84762382	524	-0.056742 0.000958  1.021595
9.85268783	523	-0.067276 0.004070  1.034285
9.85772800	522	-0.052672 0.004549  1.032848
9.86276817	522	-0.059615 0.005267  1.032130
9.86779975	522	-0.061530 0.005267  1.032369
9.87283229	520	-0.055066 0.005028  1.038594
9.87787246	521	-0.062249 0.011971  1.033327
9.88291168	520	-0.058418 0.011492  1.028060
9.88794422	519	-0.063925 0.009337  1.034285
9.89299964	519	-0.058657 0.008619  1.032609
9.89805221	518	-0.059376 0.010295  1.035482
9.90311241	518	-0.057460 0.007183  1.046256
9.90816402	515	-0.053630 0.005746  1.038594
9.91321182	516	-0.056742 0.006943  1.033088
9.91827964	514	-0.054587 0.000718  1.037397
9.92332839	513	-0.049559 0.007661  1.043383
9.92838764	514	-0.050278 0.000718  1.041467
9.93342399	510	-0.051475 0.008380  1.048410
9.93844795	512	-0.046686 0.000958  1.039073
9.94349575	511	-0.047405 0.007661  1.043861
9.94852828	510	-0.045011 0.000479  1.049129
9.95357608	507	-0.044771 0.001437  1.038594
9.95862388	509	-0.042856 0.002155  1.053917
9.96368026	509	-0.041419 0.009098  1.045537
9.96873569	504	-0.045489 0.004788  1.058466
9.97379207	506	-0.046208 -0.000479  1.067564
9.97887992	506	-0.038786 -0.000479  1.053199
9.98396778	506	-0.040462 0.006225  1.052959
9.98903179	505	-0.042138 0.000958  1.060621
9.99409580	504	-0.044292 0.005985  1.056550
9.99914360	503	-0.044053 0.000000  1.052720
10.00414371	501	-0.045729 0.003831  1.056550
10.00928783	503	-0.046447 0.008140  1.056550
10.01443958	503	-0.045968 0.005985  1.061099
10.01959991	499	-0.044292 0.004549  1.061578
10.02477169	500	-0.045968 0.009337  1.062775
10.02993202	500	-0.049320 0.007661  1.069240
10.03508758	497	-0.050996 0.005746  1.072831
10.04023170	496	-0.057460 0.012210  1.069000
10.04537582	494	-0.053390 0.008140  1.077140
10.05053615	495	-0.061770 0.011013  1.077619
10.05570411	494	-0.057221 0.009577  1.077380
10.06087589	491	-0.060094 0.016280  1.068761
10.06603622	492	-0.061770 0.012210  1.076422
10.07119560	490	-0.052911 0.014844  1.073070
10.07635211	489	-0.053869 0.016999  1.075464
10.08151245	488	-0.060573 0.012450  1.074986
10.08665561	487	-0.060333 0.011253  1.076662
10.09180831	484	-0.060333 0.018435  1.082408
10.09696006	486	-0.054348 0.013647  1.081450
10.10211563	483	-0.051954 0.017477  1.074986
10.10727596	481	-0.050517 0.017477  1.079774
10.11241626	481	-0.054348 0.013168  1.077380
10.11756038	481	-0.056742 0.008858  1.086238
10.12271595	480	-0.048362 0.017477  1.083605
10.12787628	479	-0.050996 0.016759  1.082647
10.13302040	478	-0.045250 0.011971  1.083365
10.13817596	476	-0.038307 0.008619  1.083126
10.14333629	475	-0.046447 0.018435  1.081210
10.14847564	474	-0.041419 0.010056  1.083844
10.15363216	474	-0.041898 0.005507  1.089111
10.15879154	473	-0.045011 0.010774  1.084323
10.16394805	470	-0.036870 0.012929  1.089111
10.16911220	471	-0.041659 0.006943  1.074746
10.17427635	468	-0.037589 0.014604  1.089111
10.17943572	468	-0.034955 0.005985  1.089111
10.18459224	468	-0.037828 0.009816  1.083844
10.18975162	467	-0.038307 0.006225  1.082408
10.19491195	466	-0.038546 0.007183  1.081450
10.20007610	463	-0.040701 0.001437  1.088393
10.20522022	464	-0.040222 0.011013  1.087435
10.21038818	464	-0.040701 0.009816  1.085041
10.21556377	461	-0.044053 0.016759  1.078577
10.22072029	459	-0.039743 0.016041  1.079774
10.22587966	460	-0.038307 0.009337  1.077380
10.23102760	460	-0.048123 0.009816  1.085281
10.23618412	458	-0.050996 0.014604  1.081689
10.24132823	457	-0.045729 0.016041  1.077140
10.24647998	455	-0.045489 0.014365  1.080971
##inga 
#ido(sec)  szog(ADC)     ax(g)    ay(g)   az(g)
10.25215244	452	-0.050517 0.017956  1.072113
10.25744438	452	-0.048841 0.016999  1.070197
10.26272010	450	-0.051235 0.023942  1.069479
10.26797580	452	-0.053869 0.021787  1.079535
10.27311992	449	-0.054108 0.025378  1.078816
10.27827644	451	-0.056263 0.024421  1.070676
10.28343582	450	-0.052911 0.020111  1.072592
10.28859233	450	-0.052432 0.018675  1.072352
10.29375171	449	-0.054827 0.019632  1.068521
10.29890441	448	-0.058179 0.020829  1.066846
10.30405998	448	-0.052911 0.021787  1.060381
10.30920791	448	-0.049799 0.027533  1.059902
10.31436824	447	-0.058418 0.022026  1.065888
10.31951236	447	-0.054827 0.019393  1.058705
10.32466411	447	-0.047405 0.017717  1.062296
10.32983207	446	-0.046447 0.023942  1.064451
10.33500385	444	-0.048602 0.015802  1.055593
10.34017562	440	-0.051475 0.020111  1.054156
10.34534358	441	-0.048362 0.016041  1.058466
10.35051631	439	-0.047405 0.022266  1.053917
10.35568809	438	-0.044532 0.017477  1.050326
10.36085605	438	-0.044532 0.016280  1.046734
10.36602020	438	-0.044771 0.025139  1.040749
10.37117958	433	-0.039504 0.017238  1.053438
10.37634754	433	-0.031603 0.016999  1.051523
10.38150787	435	-0.036391 0.017477  1.042904
10.38666439	434	-0.026575 0.014604  1.039791
10.39181995	433	-0.029209 0.014126  1.042664
10.39697170	430	-0.031603 0.008380  1.044580
10.40211200	432	-0.030406 0.014844  1.037876
10.40726375	432	-0.030885 0.014365  1.045058
10.41241645	432	-0.029209 0.016280  1.035242
10.41757202	432	-0.029688 0.016520  1.034763
10.42271614	432	-0.028970 0.014604  1.036200
10.42785644	428	-0.025857 0.019153  1.034045
10.43301582	429	-0.029209 0.017717  1.027820
10.43815994	429	-0.036391 0.017477  1.029496
10.44331645	428	-0.034237 0.016999  1.026863
10.44847202	425	-0.037589 0.018914  1.025905
10.45362758	426	-0.039743 0.022745  1.031172
10.45878791	423	-0.033518 0.019393  1.033088
10.46394443	423	-0.036152 0.016280  1.028778
10.46910381	424	-0.047405 0.019632  1.018723
10.47426795	424	-0.042138 0.025618  1.018962
10.47943210	424	-0.042377 0.024899  1.024947
10.48460006	422	-0.040222 0.025857  1.026384
10.48976039	422	-0.046447 0.026097  1.026384
10.49492835	422	-0.053869 0.023224  1.015849
10.50010776	421	-0.044532 0.029448  1.019680
10.50527954	419	-0.045729 0.030645  1.017765
10.51045608	421	-0.044532 0.025378  1.021117
10.51561641	419	-0.050278 0.025857  1.022074
10.52077579	421	-0.051714 0.021787  1.010822
10.52593612	421	-0.047644 0.028970  1.013695
10.53109169	421	-0.051475 0.025618  1.009146
10.53625965	420	-0.043095 0.028251  1.011779
10.54140758	420	-0.050517 0.027054  1.014174
10.54656028	421	-0.042616 0.022745  1.009625
10.55171966	419	-0.045968 0.028012  1.006512
10.55686378	418	-0.045729 0.024660  1.009385
10.56201553	418	-0.048841 0.026336  1.006033
10.56716823	421	-0.038307 0.021308  1.012019
10.57231616	418	-0.046447 0.025618  1.013216
10.57746410	419	-0.045011 0.024181  1.005555
10.58262443	420	-0.041419 0.027294  1.005794
10.58778762	420	-0.042856 0.022505  1.002442
10.59293174	418	-0.037828 0.023942  1.010822
10.59807968	417	-0.033279 0.016520  1.008906
10.60324382	420	-0.033518 0.020111  1.007709
10.60840797	419	-0.034476 0.018675  1.008427
10.61357212	417	-0.036631 0.012929  1.003639
10.61874389	420	-0.034955 0.019632  1.011779
10.62391185	419	-0.034476 0.015083  1.007470
10.62906837	417	-0.032321 0.014126  1.005794
10.63422775	419	-0.024899 0.020351  1.009385
10.63938426	420	-0.031843 0.017238  1.007709
10.64455604	420	-0.030406 0.018196  1.008427
10.64970779	417	-0.028012 0.017477  1.009864
10.65487194	417	-0.037828 0.018675  1.008427
10.66003227	419	-0.033279 0.013886  1.017765
10.66518402	419	-0.038546 0.017717  1.014652
10.67033576	420	-0.045729 0.018435  1.013216
10.67548847	421	-0.040222 0.014604  1.012258
10.68064022	419	-0.034955 0.015562  1.005794
10.68580436	419	-0.038546 0.017717  1.017525
10.69095230	419	-0.036391 0.023463  1.005315
10.69610786	421	-0.044771 0.020590  1.008667
10.70126819	422	-0.043574 0.021787  1.019680
10.70641231	423	-0.048841 0.022026  1.019441
10.71156787	423	-0.049799 0.018675  1.009864
10.71672821	424	-0.049320 0.021787  1.018483
10.72187995	422	-0.047165 0.023224  1.016089
10.72704029	425	-0.051954 0.027772  1.011301
10.73219966	422	-0.051475 0.025618  1.024947
10.73735237	424	-0.052911 0.022266  1.031651
10.74251174	422	-0.044771 0.021548  1.027342
10.74769210	426	-0.048362 0.022745  1.015849
10.75286769	426	-0.056263 0.019872  1.019201
10.75803184	427	-0.049081 0.024421  1.024708
10.76319217	428	-0.054827 0.021787  1.022553
10.76835632	426	-0.053151 0.021548  1.022314
##inga 
#ido(sec)  szog(ADC)     ax(g)    ay(g)   az(g)
10.77406787	428	-0.051235 0.024421  1.023511
10.77935218	428	-0.052672 0.028251  1.022314
10.78464794	428	-0.053869 0.017477  1.030215
10.78991603	429	-0.051475 0.016280  1.037397
10.79508018	431	-0.045968 0.022984  1.033806
10.80023193	431	-0.042138 0.013407  1.032848
10.80539989	430	-0.049320 0.016041  1.033566
10.81056404	432	-0.038307 0.012929  1.044819
10.81570816	431	-0.044053 0.014126  1.041946
10.82085227	432	-0.040222 0.014365  1.043622
10.82600784	432	-0.039743 0.013886  1.040749
10.83115959	435	-0.035434 0.009098  1.046974
10.83630752	435	-0.036391 0.006704  1.042664
10.84145164	436	-0.033758 0.010295  1.053199
10.84660816	436	-0.027294 0.006704  1.054396
10.85175991	438	-0.034237 0.012450  1.047931
10.85690402	438	-0.034955 0.011492  1.054156
10.86205577	438	-0.033758 0.009337  1.042904
10.86721611	440	-0.038307 0.016520  1.043383
10.87237644	442	-0.036631 0.014365  1.061099
10.87752437	441	-0.034955 0.009577  1.055114
10.88268375	442	-0.039025 0.009577  1.051283
10.88784027	445	-0.038786 0.011492  1.056072
10.89299201	446	-0.037828 0.014365  1.053438
10.89815235	447	-0.040222 0.011971  1.064930
10.90332031	448	-0.043574 0.008858  1.058466
10.90849208	447	-0.047405 0.011731  1.059902
10.91365242	447	-0.045968 0.013886  1.067324
10.91881561	449	-0.044532 0.010295  1.054635
10.92399215	450	-0.050757 0.017477  1.063733
10.92917156	450	-0.054348 0.017956  1.065888
10.93433952	450	-0.054827 0.020111  1.077140
10.93949604	449	-0.052432 0.014126  1.078816
10.94466400	452	-0.055066 0.016280  1.078816
10.94982814	453	-0.062009 0.021069  1.069718
10.95498371	454	-0.056024 0.013647  1.069240
10.96012783	453	-0.062009 0.018435  1.065409
10.96528816	455	-0.055784 0.020111  1.069240
10.97043228	455	-0.060573 0.015323  1.070197
10.97558784	456	-0.055066 0.017477  1.075704
10.98073577	454	-0.061052 0.020590  1.084802
10.98587608	457	-0.055306 0.010295  1.073789
10.99102401	458	-0.059376 0.019872  1.080971
10.99618434	459	-0.058418 0.013886  1.077140
11.00132846	460	-0.048362 0.013168  1.074986
11.00647163	460	-0.058897 0.007661  1.077859
11.01162433	463	-0.051475 0.011731  1.081210
11.01676845	462	-0.051954 0.009098  1.082408
11.02192020	465	-0.051235 0.015562  1.076183
11.02707195	465	-0.045250 0.010056  1.077859
11.03222370	464	-0.047644 0.003831  1.086957
11.03737640	467	-0.048123 0.009337  1.079056
11.04252815	470	-0.045011 0.010295  1.076662
11.04769992	470	-0.046686 0.002394  1.082408
11.05286026	472	-0.042856 -0.000239  1.081450
11.05806446	472	-0.045729 0.002155  1.074028
11.06322765	473	-0.043095 0.008140  1.080971
11.06838417	473	-0.041898 -0.001915  1.081210
11.07359218	476	-0.033279 -0.000958  1.077619
11.07880783	476	-0.035913 0.004788  1.080253
11.08397197	477	-0.038786 -0.000718  1.077859
11.08917617	478	-0.038786 0.000479  1.082168
11.09432792	476	-0.038546 0.002155  1.078577
11.09947967	479	-0.041898 0.000958  1.078338
11.10463237	481	-0.042377 -0.002873  1.080971
11.10983562	480	-0.043813 -0.001676  1.080253
11.11503219	483	-0.048841 0.000479  1.074986
11.12018394	481	-0.045011 -0.001676  1.076901
11.12538814	485	-0.044292 0.002155  1.074986
11.13053607	484	-0.044532 0.006704  1.083605
11.13568782	487	-0.051954 0.004310  1.076662
11.14084815	488	-0.049320 0.006464  1.079774
11.14600753	490	-0.049559 0.005985  1.083365
11.15117645	489	-0.051714 0.001197  1.071394
11.15635204	492	-0.053390 0.000718  1.078577
11.16151237	491	-0.052672 0.010056  1.074986
11.16668033	492	-0.053390 0.005507  1.077859
11.17184829	495	-0.053869 0.002155  1.067324
11.17702388	496	-0.057221 0.004549  1.072592
11.18219566	494	-0.061530 0.007183  1.068521
11.18736839	495	-0.057460 0.007183  1.072831
11.19252777	498	-0.057700 0.005985  1.068761
11.19767570	500	-0.066319 0.004788  1.069240
11.20282840	501	-0.056263 0.009577  1.063254
11.20797634	501	-0.058179 0.006704  1.061578
11.21312808	500	-0.059854 0.006225  1.059184
11.21828365	501	-0.055545 0.000958  1.061818
11.22343158	503	-0.055784 0.008140  1.056311
11.22857570	503	-0.056024 0.009098  1.062536
11.23372840	504	-0.054348 0.002394  1.059902
11.23888015	502	-0.053151 0.004070  1.056311
11.24402427	505	-0.055784 0.003112  1.047453
11.24917602	504	-0.056742 0.002634  1.053917
11.25432777	506	-0.051954 0.004070  1.055593
11.25948047	506	-0.055066 0.000958  1.046734
11.26462364	506	-0.054587 0.003591  1.057269
11.26977157	508	-0.050757 0.000239  1.054156
11.27491188	509	-0.047644 -0.003352  1.045777
11.28012371	510	-0.050038 -0.000239  1.048410
11.28532028	510	-0.052672 -0.005985  1.046734
11.29053211	511	-0.050517 -0.002155  1.052959
##inga 
#ido(sec)  szog(ADC)     ax(g)    ay(g)   az(g)
11.29626846	512	-0.047884 -0.000479  1.046734
11.30153560	511	-0.055066 0.000239  1.039552
11.30679607	515	-0.055306 -0.003112  1.038115
11.31206798	516	-0.047405 -0.005267  1.040988
11.31727600	517	-0.049559 -0.005267  1.042185
11.32248783	516	-0.048602 0.001676  1.037636
11.32765579	519	-0.050996 -0.003352  1.039073
11.33285236	518	-0.052193 -0.005267  1.027820
11.33804798	519	-0.051714 -0.000479  1.042904
11.34324836	517	-0.047644 -0.006464  1.036918
11.34844398	519	-0.050038 0.000479  1.034045
11.35358810	520	-0.045011 -0.007422  1.026863
11.35879230	521	-0.053630 0.000958  1.033327
11.36393642	522	-0.055306 0.003352  1.032848
11.36908817	523	-0.054827 0.001197  1.017047
11.37423229	524	-0.056503 -0.000718  1.020398
11.37943553	525	-0.049559 -0.000958  1.029257
11.38463211	524	-0.058897 0.004788  1.031651
11.38979625	524	-0.057939 -0.001197  1.028778
11.39501190	523	-0.058657 0.000239  1.034285
11.40016841	525	-0.057221 0.005507  1.021117
11.40532779	525	-0.056024 -0.001915  1.022553
11.41053581	525	-0.058179 0.001676  1.028060
11.41570377	526	-0.058897 -0.002155  1.022793
11.42090797	524	-0.056503 0.002155  1.020398
11.42606353	526	-0.059136 0.000479  1.019920
11.43121623	527	-0.062249 -0.003591  1.018723
11.43641567	526	-0.064882 0.000479  1.022553
11.44157218	527	-0.056503 -0.004070  1.018004
11.44676780	526	-0.056981 0.000479  1.016807
11.45191574	527	-0.059615 0.007183  1.022074
11.45706844	527	-0.055784 -0.001197  1.017525
11.46226406	527	-0.054827 -0.005746  1.016328
11.46745204	525	-0.051954 -0.008619  1.022314
11.47264766	526	-0.046447 0.000239  1.017525
11.47780799	526	-0.060094 -0.005267  1.009625
11.48301219	528	-0.055784 -0.001437  1.019201
11.48821163	528	-0.049320 -0.005985  1.029975
11.49341964	525	-0.051714 -0.007901  1.018004
11.49863243	528	-0.051475 -0.004310  1.018483
11.50384044	525	-0.048602 -0.001437  1.013934
11.50903606	526	-0.048841 -0.009098  1.023990
11.51423168	527	-0.049559 -0.003591  1.021356
11.51942443	526	-0.046208 -0.002634  1.019680
11.52461624	526	-0.046208 -0.007183  1.011061
11.52982044	527	-0.046208 -0.003352  1.003879
11.53501605	525	-0.043335 -0.004070  1.012498
11.54021644	527	-0.047884 -0.004310  1.029017
11.54542827	527	-0.050996 -0.004070  1.018723
11.55064010	527	-0.039265 -0.005028  1.017765
11.55584812	526	-0.048362 -0.003352  1.018723
11.56104373	526	-0.048362 -0.003352  1.018004
11.56625175	527	-0.055066 -0.002155  1.018723
11.57145595	526	-0.051954 0.001915  1.022074
11.57660770	525	-0.058657 0.000000  1.018962
11.58172035	525	-0.054348 -0.000718  1.020877
11.58692359	523	-0.052432 -0.002634  1.027820
11.59212398	525	-0.058179 0.002634  1.027820
11.59726428	524	-0.053869 0.004549  1.022793
11.60242366	522	-0.056263 0.000479  1.022074
11.60758399	523	-0.057460 0.005746  1.027102
11.61273574	523	-0.054827 0.002394  1.027581
11.61788845	521	-0.055306 0.004310  1.022553
11.62303161	521	-0.056742 0.005028  1.026623
11.62818431	520	-0.055545 0.002634  1.027342
11.63333988	519	-0.056263 0.000479  1.032369
11.63848781	517	-0.060812 0.001676  1.023750
11.64365577	516	-0.057700 0.002634  1.033327
11.64881610	518	-0.054587 0.002394  1.032130
11.65397167	518	-0.054348 0.005028  1.028299
11.65913581	517	-0.055545 0.005028  1.041467
11.66429615	517	-0.050757 0.003831  1.024947
11.66946411	515	-0.056503 0.006225  1.030693
11.67463588	516	-0.052911 -0.000239  1.037636
11.67984008	515	-0.052672 0.009816  1.035003
11.68501186	515	-0.053869 0.004070  1.046495
11.69017601	513	-0.048841 0.006464  1.035482
11.69533157	513	-0.055066 0.009337  1.046974
11.70049190	512	-0.051714 0.002394  1.038834
11.70563983	509	-0.049799 0.002634  1.037397
11.71079158	511	-0.048841 0.000000  1.034285
11.71591186	510	-0.045968 0.003112  1.040031
11.72106838	510	-0.039983 0.001197  1.041467
11.72621631	508	-0.046686 0.005028  1.049368
11.73136806	505	-0.043813 0.008858  1.047692
11.73651981	506	-0.040462 0.005028  1.051762
11.74167156	504	-0.048362 0.006704  1.054635
11.74682807	506	-0.042616 0.007901  1.053199
11.75197601	504	-0.044292 0.005267  1.052959
11.75712776	505	-0.043335 0.005028  1.057987
11.76228046	501	-0.050278 0.003112  1.054156
11.76743221	503	-0.048841 0.006464  1.062536
11.77258396	503	-0.048362 0.005985  1.067564
11.77773571	503	-0.044053 0.001197  1.061339
11.78289604	502	-0.047405 0.003352  1.058705
11.78805160	501	-0.049320 0.002873  1.068521
11.79320812	500	-0.045729 0.010295  1.060142
11.79837226	498	-0.052193 0.006704  1.065170
11.80352020	499	-0.054348 0.004310  1.064691
11.80867576	496	-0.053390 0.010534  1.061339
11.81383609	496	-0.052672 0.011971  1.061339
##inga 
#ido(sec)  szog(ADC)     ax(g)    ay(g)   az(g)
11.81954765	495	-0.052672 0.006225  1.073070
11.82481956	495	-0.054587 0.015323  1.063972
11.83010768	491	-0.055306 0.015562  1.063972
11.83535575	493	-0.058657 0.014604  1.066367
11.84052753	489	-0.056263 0.015802  1.076422
11.84570026	491	-0.054108 0.011013  1.069958
11.85087203	488	-0.057939 0.012929  1.067803
11.85602760	488	-0.056981 0.013647  1.062296
11.86119174	486	-0.052672 0.011492  1.073310
11.86633586	484	-0.052432 0.011492  1.066846
11.87148761	483	-0.045729 0.011013  1.068761
11.87664031	485	-0.050038 0.006943  1.077140
11.88177967	484	-0.052432 0.012929  1.071873
11.88694000	482	-0.047644 0.016280  1.082647
11.89208412	481	-0.050757 0.006704  1.069479
11.89723968	480	-0.044292 0.008858  1.069958
11.90238380	479	-0.047165 0.011492  1.075464
11.90753555	478	-0.042138 0.005507  1.079774
11.91268444	476	-0.035194 0.013168  1.080492
11.91784763	475	-0.047884 0.011013  1.074028
11.92300796	474	-0.040940 0.012929  1.075225
11.92815589	473	-0.039025 0.007661  1.082168
11.93330001	471	-0.039983 0.011013  1.083126
11.93844413	473	-0.037110 0.009577  1.077859
11.94359970	470	-0.036631 0.008140  1.081689
11.94874000	471	-0.042856 0.012210  1.068521
11.95390033	470	-0.040222 0.005267  1.085760
11.95905590	468	-0.039743 0.006225  1.074746
11.96422767	468	-0.043574 0.011492  1.074986
11.96938800	464	-0.041419 0.008619  1.074746
11.97454833	465	-0.039743 0.013647  1.083126
11.97970390	464	-0.042616 0.011492  1.078577
11.98486042	464	-0.045968 0.011492  1.077380
11.99001979	464	-0.042856 0.013407  1.080253
11.99518775	461	-0.043335 0.014365  1.074746
12.00035572	460	-0.048602 0.017238  1.085281
12.00551986	460	-0.041659 0.015802  1.078816
12.01068401	459	-0.048841 0.024421  1.076901
12.01583957	457	-0.052193 0.021308  1.065648
12.02099609	455	-0.050757 0.017717  1.059663
12.02615642	456	-0.053869 0.025139  1.076662
12.03130435	454	-0.049559 0.018435  1.081689
12.03645992	454	-0.056981 0.023942  1.070676
12.04162406	453	-0.053151 0.016041  1.077859
12.04677963	450	-0.058179 0.022745  1.069000
12.05192756	451	-0.046208 0.019393  1.071394
12.05707168	451	-0.049081 0.016999  1.068761
12.06222438	451	-0.046447 0.024660  1.062296
12.06737232	451	-0.054827 0.020829  1.070197
12.07253646	450	-0.054348 0.018196  1.065888
12.07767963	450	-0.049799 0.024421  1.064451
12.08283233	446	-0.051954 0.022026  1.064930
12.08798789	448	-0.046686 0.019632  1.063254
12.09314441	447	-0.047644 0.023224  1.062296
12.09832000	448	-0.049320 0.022505  1.057508
12.10346412	447	-0.039743 0.019632  1.061099
12.10861587	445	-0.042138 0.023224  1.049847
12.11378383	446	-0.046208 0.017956  1.064212
12.11895179	442	-0.045968 0.012210  1.051762
12.12410354	444	-0.041659 0.015562  1.061339
12.12927246	442	-0.041659 0.018675  1.050086
12.13444423	440	-0.035434 0.014844  1.052480
12.13961219	439	-0.041180 0.019393  1.050086
12.14478397	439	-0.041180 0.022026  1.048171
12.14994430	439	-0.036152 0.016280  1.046016
12.15509605	436	-0.034476 0.010534  1.038355
12.16024780	435	-0.037110 0.013647  1.044580
12.16539573	435	-0.032800 0.017477  1.040510
12.17054367	435	-0.033040 0.016280  1.041228
12.17569637	433	-0.031603 0.011013  1.054396
12.18085193	434	-0.035434 0.017238  1.044340
12.18599987	433	-0.033279 0.018196  1.036200
12.19114398	432	-0.036152 0.022026  1.034285
12.19629955	432	-0.039265 0.019393  1.037636
12.20144844	429	-0.032082 0.010295  1.036200
12.20658779	432	-0.036870 0.018435  1.030215
12.21174812	432	-0.043095 0.021069  1.029736
12.21689605	431	-0.040940 0.022745  1.029257
12.22206020	431	-0.036870 0.023942  1.035721
12.22721958	431	-0.044532 0.018196  1.029496
12.23236846	430	-0.045489 0.025139  1.023032
12.23752021	429	-0.045489 0.018914  1.038115
12.24267578	428	-0.042616 0.022505  1.035242
12.24784755	427	-0.041898 0.025857  1.027820
12.25302410	426	-0.041180 0.024181  1.023750
12.25818824	425	-0.045968 0.024181  1.021356
12.26335620	423	-0.043813 0.021069  1.021595
12.26852416	425	-0.042856 0.020829  1.021595
12.27369594	425	-0.045489 0.022984  1.021117
12.27886772	423	-0.051475 0.033758  1.023032
12.28403186	425	-0.044053 0.028970  1.017765
12.28919219	422	-0.047165 0.016759  1.013934
12.29434394	423	-0.047644 0.027772  1.019201
12.29948806	423	-0.044771 0.020590  1.015371
12.30463218	421	-0.050278 0.025378  1.013695
12.30979633	423	-0.048841 0.025139  1.017765
12.31494426	420	-0.043813 0.023702  1.006512
12.32008838	422	-0.041659 0.025378  1.010822
12.32524013	419	-0.045968 0.027054  1.014892
12.33040046	422	-0.038307 0.019393  1.021117
12.33556365	422	-0.041659 0.022026  1.017286
##inga 
#ido(sec)  szog(ADC)     ax(g)    ay(g)   az(g)
12.34124755	422	-0.040701 0.019632  1.019680
12.34653568	422	-0.037110 0.018196  1.001245
12.35179996	421	-0.040701 0.013407  1.008427
12.35705566	421	-0.035673 0.026336  1.007230
12.36221218	420	-0.039743 0.015562  1.007949
12.36736774	420	-0.035673 0.019393  1.009385
12.37252426	420	-0.033758 0.020111  1.015610
12.37768363	421	-0.033040 0.016280  1.008667
12.38284015	421	-0.038546 0.021787  1.003400
12.38798427	421	-0.035673 0.017956  1.005794
12.39314365	421	-0.035194 0.016280  1.015371
12.39829635	421	-0.032321 0.022505  1.013934
12.40347194	420	-0.033279 0.020590  1.013934
12.40863990	419	-0.033279 0.018196  1.016568
12.41382026	421	-0.038546 0.017717  1.016328
12.41899204	421	-0.032321 0.022505  1.008906
12.42416381	419	-0.039504 0.017956  1.006273
12.42933177	419	-0.042616 0.016759  1.010582
12.43449974	421	-0.037828 0.018196  1.017286
12.43966007	421	-0.041419 0.014126  1.014652
12.44482421	421	-0.039504 0.018914  1.007230
12.44997596	423	-0.041898 0.026575  1.016807
12.45512771	423	-0.045489 0.019393  1.013695
12.46028804	424	-0.050517 0.019632  1.013934
12.46544361	422	-0.043335 0.019153  1.007470
12.47059154	422	-0.049081 0.021548  1.018244
12.47574424	424	-0.046208 0.020590  1.008427
12.48089981	425	-0.045489 0.028012  1.017525
12.48604774	425	-0.045489 0.022266  1.020638
12.49121189	425	-0.042616 0.017477  1.020877
12.49637222	424	-0.051475 0.026815  1.020638
12.50152778	426	-0.048841 0.021548  1.023750
12.50667190	427	-0.046686 0.026575  1.018723
12.51183223	424	-0.052911 0.019872  1.023990
12.51697635	428	-0.056263 0.024421  1.021117
12.52213191	428	-0.042138 0.020351  1.021595
12.52727603	428	-0.045250 0.014844  1.027342
12.53243160	427	-0.053390 0.016520  1.023032
12.53758811	429	-0.045968 0.016999  1.020398
12.54275608	429	-0.043095 0.017238  1.035003
12.54792404	430	-0.050996 0.020829  1.025426
12.55308818	431	-0.042138 0.017477  1.022553
12.55825614	430	-0.045968 0.021548  1.028060
12.56342411	431	-0.043335 0.015802  1.032848
12.56859588	433	-0.042377 0.018914  1.024469
12.57376766	433	-0.041419 0.013886  1.035961
12.57894420	434	-0.036631 0.016041  1.026863
12.58410835	433	-0.039983 0.015802  1.040031
12.58926010	434	-0.032800 0.011013  1.033088
12.59441566	432	-0.038786 0.010295  1.035721
12.59956359	436	-0.041419 0.013647  1.039552
12.60471153	435	-0.039265 0.014844  1.044340
12.60986423	437	-0.036870 0.014126  1.045777
12.61502838	437	-0.036631 0.015562  1.045537
12.62018394	437	-0.036870 0.017956  1.034045
12.62534427	438	-0.037349 0.010295  1.044580
12.63048839	438	-0.036631 0.006225  1.048171
12.63564014	441	-0.040462 0.012929  1.044101
12.64078426	440	-0.037349 0.016759  1.042664
12.64593601	443	-0.044053 0.005267  1.049847
12.65108013	441	-0.043095 0.013168  1.045058
12.65624427	445	-0.043335 0.016759  1.055114
12.66139984	446	-0.041659 0.016520  1.054156
12.66655158	445	-0.044532 0.014604  1.059663
12.67170429	447	-0.049320 0.016759  1.050804
12.67686367	448	-0.048123 0.017717  1.059184
12.68202781	448	-0.051714 0.013886  1.054875
12.68720436	448	-0.047644 0.017477  1.064212
12.69237995	450	-0.049320 0.019153  1.052241
12.69754409	449	-0.048362 0.018914  1.057987
12.70270824	450	-0.047405 0.016999  1.064451
12.70787620	448	-0.052672 0.016280  1.060381
12.71303558	452	-0.058179 0.016520  1.062057
12.71819972	452	-0.054108 0.019153  1.059184
12.72336006	451	-0.052672 0.016999  1.054635
12.72853183	451	-0.056503 0.018914  1.067564
12.73367977	454	-0.054108 0.025378  1.065648
12.73883628	456	-0.059615 0.017717  1.072592
12.74399185	456	-0.058179 0.012210  1.065888
12.74913215	456	-0.050757 0.017717  1.066367
12.75428771	457	-0.053151 0.011013  1.069240
12.75943565	457	-0.057460 0.014365  1.066606
12.76459217	459	-0.052432 0.016520  1.070916
12.76974773	460	-0.055306 0.016520  1.073310
12.77489566	461	-0.054827 0.006943  1.085520
12.78003597	462	-0.050517 0.008858  1.075943
12.78518009	463	-0.048362 0.013647  1.064212
12.79033565	464	-0.051475 0.009577  1.073070
12.79548835	462	-0.047884 0.010295  1.072831
12.80064010	465	-0.050517 0.006943  1.069000
12.80577564	467	-0.046447 0.005267  1.072831
12.81092357	468	-0.042377 0.007661  1.069718
12.81608009	467	-0.044771 0.004070  1.077619
12.82123184	467	-0.046447 0.008140  1.075943
12.82639598	469	-0.046208 0.002634  1.077140
12.83157157	472	-0.045489 0.002634  1.073549
12.83673572	472	-0.043095 0.006464  1.073789
12.84190368	472	-0.048362 0.003352  1.086238
12.84707164	473	-0.040462 0.003831  1.073789
12.85223960	475	-0.045489 0.002394  1.075943
12.85741233	476	-0.044292 0.002873  1.073549
##inga 
#ido(sec)  szog(ADC)     ax(g)    ay(g)   az(g)
12.86310386	477	-0.047405 0.005028  1.066127
12.86837577	477	-0.041659 0.001915  1.072113
12.87364768	477	-0.046447 0.011731  1.077859
12.87891578	477	-0.051235 0.007661  1.078816
12.88409233	479	-0.051714 -0.000239  1.074507
12.88929557	483	-0.040222 0.004549  1.075704
12.89445590	483	-0.052672 -0.001197  1.072592
12.89965629	482	-0.051475 0.000239  1.070197
12.90481567	485	-0.051714 0.002634  1.068282
12.90996360	484	-0.049559 0.011492  1.088632
12.91511154	487	-0.051714 0.005267  1.071155
12.92026424	488	-0.052672 0.011013  1.063494
12.92541599	491	-0.052193 0.005267  1.070437
12.93056774	491	-0.055545 0.005985  1.073549
12.93571186	492	-0.057700 0.003831  1.064212
12.94086360	492	-0.049799 0.000479  1.073789
12.94600391	493	-0.050517 0.005507  1.069718
12.95114803	494	-0.053869 0.009098  1.068042
12.95629596	493	-0.058657 0.005746  1.060621
12.96144390	496	-0.049799 0.010774  1.065888
12.96658802	495	-0.058179 0.008380  1.060381
12.97174358	495	-0.057221 0.007661  1.067085
12.97690010	499	-0.052432 0.000000  1.061818
12.98202037	501	-0.048841 0.008858  1.063015
12.98718357	500	-0.054587 0.000000  1.059663
12.99230384	502	-0.053151 0.004070  1.064451
12.99747562	503	-0.047884 0.005985  1.059184
13.00264358	503	-0.053390 0.006704  1.059424
13.00780010	503	-0.054348 0.002873  1.063254
13.01294803	504	-0.054348 0.004070  1.054875
13.01810359	503	-0.047884 0.002394  1.046495
13.02326393	505	-0.049320 -0.006225  1.063733
13.02847194	503	-0.047884 -0.009816  1.063254
13.03366756	504	-0.052911 -0.004549  1.052241
13.03887557	504	-0.052193 0.000239  1.045537
13.04402446	504	-0.053630 -0.001676  1.043861
13.04921627	507	-0.051235 0.004310  1.048410
13.05435180	505	-0.049559 -0.002155  1.047692
13.05954360	508	-0.048123 -0.002155  1.053678
13.06474781	509	-0.055066 0.000479  1.046495
13.06989574	508	-0.051475 0.003112  1.046256
13.07504844	509	-0.048123 0.005028  1.047692
13.08020019	512	-0.060094 0.001915  1.038115
13.08533573	510	-0.053869 0.000718  1.044340
13.09047985	513	-0.054587 -0.004070  1.035242
13.09567642	514	-0.049799 0.000000  1.036439
13.10079193	515	-0.055066 -0.002634  1.042904
13.10600376	516	-0.051954 -0.004070  1.042904
13.11120033	516	-0.055545 0.006464  1.035721
13.11635971	517	-0.057221 -0.000479  1.033327
13.12156772	517	-0.058179 0.003112  1.032848
13.12673568	517	-0.058418 0.008140  1.038115
13.13187980	516	-0.058179 0.000479  1.033088
13.13704395	516	-0.056024 0.003112  1.036200
13.14219570	519	-0.065361 -0.002873  1.035721
13.14739227	517	-0.057939 -0.000958  1.031172
13.15259170	519	-0.052911 0.001676  1.026863
13.15774440	520	-0.056263 0.005267  1.025187
13.16289997	520	-0.057221 0.003112  1.024229
13.16804409	522	-0.057460 0.000000  1.020638
13.17315959	520	-0.064164 0.000718  1.026384
13.17831230	524	-0.051954 0.004310  1.012019
13.18345165	523	-0.049799 -0.008619  1.023032
13.18865585	525	-0.051954 -0.000479  1.019920
13.19385623	524	-0.055784 -0.000239  1.025426
13.19904804	524	-0.057460 0.000000  1.027342
13.20415973	523	-0.059136 -0.004788  1.017047
13.20935630	522	-0.052911 -0.003831  1.018244
13.21457195	523	-0.058418 -0.006464  1.018962
13.21977615	523	-0.048362 -0.005746  1.015131
13.22497558	525	-0.050517 -0.003591  1.016807
13.23018360	525	-0.051954 -0.002634  1.018723
13.23539161	525	-0.056742 -0.000958  1.024469
13.24058818	523	-0.046208 0.008619  1.020159
13.24574375	522	-0.051714 -0.002155  1.013455
13.25094032	526	-0.051235 -0.004549  1.015849
13.25613975	526	-0.052432 -0.008140  1.021835
13.26134014	526	-0.050278 -0.000718  1.021117
13.26653957	524	-0.049799 -0.009577  1.009625
13.27174377	524	-0.052432 -0.008140  1.009625
13.27694416	525	-0.049320 -0.002873  1.015610
13.28214836	525	-0.049320 -0.002873  1.017047
13.28735160	524	-0.049559 -0.004310  1.017286
13.29255962	525	-0.048602 -0.008619  1.022074
13.29776763	525	-0.046686 -0.008140  1.014413
13.30298423	524	-0.051235 0.001676  1.013455
13.30813598	525	-0.054587 -0.007183  1.025905
13.31333637	522	-0.056742 -0.001915  1.015371
13.31853580	525	-0.049320 0.000958  1.017765
13.32367992	522	-0.053390 0.000479  1.028299
13.32883167	522	-0.056981 0.003112  1.020398
13.33398818	523	-0.052911 -0.000958  1.014892
13.33918380	524	-0.056742 0.003112  1.023511
13.34434413	523	-0.056263 0.003591  1.030693
13.34950447	524	-0.054108 0.006943  1.033327
13.35466003	521	-0.053390 0.006225  1.026623
13.35981559	522	-0.048841 0.004310  1.028539
13.36496829	520	-0.064882 0.003352  1.026384
13.37013626	523	-0.054827 0.006464  1.015371
13.37530040	520	-0.054827 0.002634  1.017286
13.38046360	521	-0.057700 0.004549  1.025426
##inga 
#ido(sec)  szog(ADC)     ax(g)    ay(g)   az(g)
13.38615989	520	-0.053390 0.010295  1.031172
13.39142799	520	-0.061291 0.008858  1.027342
13.39669990	518	-0.052672 0.010056  1.025905
13.40195560	518	-0.055784 0.001915  1.025426
13.40711975	515	-0.054348 -0.002155  1.027820
13.41232013	518	-0.051714 0.010056  1.022074
13.41748428	515	-0.052672 -0.002634  1.033566
13.42268371	517	-0.051235 0.005028  1.038355
13.42785644	515	-0.050517 0.007183  1.031412
13.43301200	516	-0.051235 0.005985  1.029496
13.43817615	515	-0.049320 0.003112  1.029736
13.44332790	514	-0.045968 0.005267  1.030933
13.44848442	513	-0.043813 0.004310  1.037636
13.45363235	512	-0.050038 -0.002155  1.029257
13.45883178	512	-0.048123 0.003831  1.037158
13.46398353	512	-0.048123 0.000239  1.036439
13.46913242	509	-0.042856 0.005507  1.049368
13.47428035	509	-0.048123 0.001676  1.043622
13.47943973	510	-0.041659 0.006464  1.037397
13.48459243	510	-0.040462 -0.000479  1.048171
13.48979187	507	-0.043813 0.006464  1.049847
13.49493598	507	-0.042377 0.007422  1.042664
13.50008773	505	-0.045250 0.000000  1.048410
13.50519180	505	-0.043574 0.008140  1.046734
13.51033592	505	-0.049320 0.005507  1.053199
13.51548004	505	-0.056024 0.006464  1.044340
13.52064037	503	-0.049559 0.010056  1.054635
13.52579975	502	-0.042616 -0.000479  1.049368
13.53100776	502	-0.054587 0.005028  1.043622
13.53616046	503	-0.055066 0.013886  1.050804
13.54131984	501	-0.057700 0.003591  1.050804
13.54648780	503	-0.051235 0.005028  1.050326
13.55164813	503	-0.057700 0.007661  1.053678
13.55681991	500	-0.050038 0.013168  1.061099
13.56199645	501	-0.057221 0.015802  1.059424
13.56715965	500	-0.053869 0.015083  1.059424
13.57231616	497	-0.049559 0.013647  1.051283
13.57746028	496	-0.055784 0.007661  1.060621
13.58261585	495	-0.057700 0.005028  1.053917
13.58777236	493	-0.050278 0.007422  1.061818
13.59292793	495	-0.051954 0.008619  1.067803
13.59807968	495	-0.056742 0.005746  1.067085
13.60324382	493	-0.058897 0.011731  1.066606
13.60840415	492	-0.053151 0.016041  1.071155
13.61355972	490	-0.056263 0.009098  1.074028
13.61872005	490	-0.055306 0.007183  1.067803
13.62387180	489	-0.055545 0.011013  1.067324
13.62903213	488	-0.046686 0.013647  1.067324
13.63418388	485	-0.049320 0.010295  1.072831
13.63933181	485	-0.047644 0.011492  1.070437
13.64449977	483	-0.047884 0.011013  1.068761
13.64965629	482	-0.046447 0.007183  1.069479
13.65482807	484	-0.045011 0.008140  1.063254
13.65999603	481	-0.041180 0.007422  1.069240
13.66516017	481	-0.035194 0.006225  1.066606
13.67031574	480	-0.042616 0.004310  1.072592
13.67548847	479	-0.037589 0.003591  1.075225
13.68065643	478	-0.039265 0.001437  1.081210
13.68582820	476	-0.034955 0.010295  1.067324
13.69099998	473	-0.039983 0.002873  1.072113
13.69615554	474	-0.038786 0.010056  1.073070
13.70131206	474	-0.035673 0.008380  1.071394
13.70647239	472	-0.042856 0.003352  1.083844
13.71162796	473	-0.042377 0.007422  1.066846
13.71677970	471	-0.043335 0.007661  1.074507
13.72194385	471	-0.040462 0.011492  1.064691
13.72709560	471	-0.041180 0.004788  1.069240
13.73223590	471	-0.047405 0.010534  1.078338
13.73739242	469	-0.044771 0.020111  1.067324
13.74254798	465	-0.044532 0.012450  1.065170
13.74769592	467	-0.043095 0.016041  1.080732
13.75285243	466	-0.042138 0.016041  1.070197
13.75800037	464	-0.049559 0.016759  1.070676
13.76316356	462	-0.051475 0.022745  1.071394
13.76831245	463	-0.048841 0.021787  1.077619
13.77347183	463	-0.045968 0.011971  1.074267
13.77863597	460	-0.054108 0.024421  1.064930
13.78379154	459	-0.054587 0.011013  1.071155
13.78895187	458	-0.055306 0.014844  1.067085
13.79411983	460	-0.056024 0.017477  1.069479
13.79929161	458	-0.049799 0.016520  1.073310
13.80443954	455	-0.056742 0.018196  1.068282
13.80960845	453	-0.051714 0.019872  1.075943
13.81478786	455	-0.051235 0.023463  1.073549
13.81995964	452	-0.054348 0.022266  1.072831
13.82511997	452	-0.048602 0.018675  1.072592
13.83029174	450	-0.051954 0.016041  1.067324
13.83545589	452	-0.053390 0.025618  1.063733
13.84061241	452	-0.047644 0.018196  1.065170
13.84576034	451	-0.047884 0.019153  1.057029
13.85091209	451	-0.046926 0.020590  1.063254
13.85606765	450	-0.047644 0.012210  1.054396
13.86121559	447	-0.041659 0.022745  1.061339
13.86637210	449	-0.046686 0.019393  1.055353
13.87151622	447	-0.041180 0.015083  1.054875
13.87666416	448	-0.042856 0.015323  1.059184
13.88181591	445	-0.039983 0.017477  1.057269
13.88697624	447	-0.042138 0.015562  1.050565
13.89213562	447	-0.045011 0.008380  1.056311
13.89728355	447	-0.038307 0.012929  1.055832
13.90242767	446	-0.041180 0.012210  1.051523
##inga 
#ido(sec)  szog(ADC)     ax(g)    ay(g)   az(g)
13.90812015	443	-0.032800 0.019393  1.054875
13.91339206	443	-0.036391 0.012689  1.043383
13.91866779	439	-0.035913 0.013647  1.049368
13.92393589	441	-0.037828 0.010295  1.042425
13.92908000	440	-0.035434 0.012929  1.053199
13.93423175	439	-0.041659 0.013407  1.035003
13.93939590	437	-0.035673 0.016041  1.045058
13.94455623	437	-0.041180 0.020111  1.039312
13.94971179	436	-0.041180 0.015562  1.040749
13.95488357	436	-0.043335 0.019153  1.043861
13.96005153	434	-0.035434 0.021069  1.042904
13.96522045	435	-0.036391 0.020111  1.037158
13.97039222	432	-0.042138 0.023702  1.036679
13.97556018	434	-0.045968 0.021069  1.033327
13.98073577	433	-0.045968 0.025139  1.039073
13.98589992	432	-0.044292 0.024181  1.031172
13.99106788	432	-0.054348 0.022505  1.040510
13.99621963	432	-0.048602 0.018914  1.029257
14.00137615	431	-0.045011 0.016759  1.031172
14.00653171	432	-0.041898 0.023224  1.023511
14.01169967	429	-0.048362 0.020111  1.032369
14.01684761	430	-0.046686 0.023224  1.031412
14.02201175	430	-0.051235 0.022745  1.034524
14.02716445	431	-0.045968 0.028730  1.030693
14.03231620	427	-0.046926 0.023224  1.029736
14.03746414	430	-0.053630 0.024899  1.017286
14.04262828	428	-0.045489 0.021308  1.020877
14.04778766	428	-0.047165 0.022505  1.018962
14.05294799	425	-0.048602 0.021069  1.013216
14.05810832	427	-0.044053 0.022026  1.023511
14.06326389	425	-0.042377 0.027772  1.017525
14.06842041	423	-0.045011 0.021548  1.023990
14.07358837	425	-0.042377 0.022026  1.015131
14.07875156	425	-0.041419 0.018196  1.013695
14.08393573	426	-0.039504 0.025139  1.017047
14.08909988	425	-0.035194 0.018196  1.008906
14.09426403	424	-0.035434 0.023463  1.018244
14.09943199	423	-0.035434 0.019872  1.014892
14.10459995	425	-0.033040 0.018675  1.018244
14.10978031	423	-0.037349 0.016280  1.018962
14.11494827	425	-0.033518 0.018435  1.016807
14.12011241	424	-0.037589 0.017477  1.005794
14.12527179	424	-0.037828 0.015083  1.012737
14.13042831	423	-0.037110 0.018914  1.012019
14.13557624	423	-0.033758 0.016280  1.010103
14.14073181	421	-0.036391 0.018196  1.003639
14.14588832	424	-0.031603 0.019872  1.007470
14.15104389	424	-0.035913 0.020590  1.012258
14.15619182	424	-0.036152 0.015562  1.005555
14.16134357	423	-0.030645 0.020111  1.009385
14.16650772	421	-0.037110 0.017717  1.012498
14.17166042	424	-0.032561 0.019872  1.010582
14.17681217	421	-0.044532 0.017477  1.018723
14.18197154	423	-0.042138 0.022026  1.010343
14.18712806	423	-0.041659 0.020351  1.019201
14.19228363	421	-0.037349 0.023463  1.009625
14.19744396	424	-0.043574 0.022745  1.008906
14.20261192	424	-0.038786 0.027054  1.011061
14.20777606	423	-0.045489 0.015802  1.011301
14.21295166	424	-0.037589 0.019393  1.015849
14.21812438	424	-0.045968 0.022745  1.022553
14.22327995	423	-0.047405 0.023224  1.012258
14.22845554	422	-0.045250 0.021548  1.010343
14.23362445	426	-0.049320 0.027772  1.012258
14.23880386	425	-0.045250 0.018435  1.013695
14.24397182	426	-0.057939 0.019872  1.021835
14.24914836	425	-0.053151 0.016520  1.008906
14.25429153	426	-0.055306 0.014126  1.015371
14.25945186	427	-0.050517 0.023224  1.009385
14.26460838	428	-0.046686 0.016520  1.015849
14.26976394	428	-0.049081 0.022505  1.023511
14.27492809	428	-0.048841 0.024899  1.027102
14.28007602	428	-0.053869 0.022266  1.027342
14.28522777	429	-0.048123 0.016999  1.022074
14.29037952	429	-0.045489 0.017238  1.023990
14.29552364	429	-0.044053 0.021787  1.018723
14.30068397	430	-0.046447 0.018914  1.031412
14.30583953	430	-0.041180 0.013886  1.023032
14.31099605	428	-0.048362 0.014365  1.025426
14.31615638	430	-0.039983 0.017238  1.031890
14.32129573	429	-0.045489 0.014844  1.020877
14.32645606	433	-0.038786 0.012929  1.034045
14.33160781	433	-0.043335 0.009098  1.028778
14.33676815	434	-0.040222 0.013647  1.029257
14.34193992	434	-0.034237 0.014844  1.029017
14.34710025	432	-0.040940 0.013886  1.031651
14.35225582	434	-0.036152 0.011253  1.023511
14.35742378	436	-0.032800 0.014844  1.035482
14.36259174	435	-0.039743 0.013647  1.038594
14.36776447	436	-0.044292 0.010534  1.033566
14.37294006	437	-0.040940 0.019153  1.040749
14.37810039	436	-0.039983 0.014844  1.044819
14.38325977	437	-0.044532 0.009816  1.037636
14.38842010	438	-0.041419 0.013647  1.042664
14.39357566	437	-0.041180 0.009098  1.047453
14.39873981	438	-0.045968 0.016999  1.049368
14.40388774	442	-0.042616 0.012929  1.052480
14.40903568	442	-0.040940 0.016041  1.044580
14.41417598	444	-0.048602 0.011731  1.044101
14.41932392	445	-0.042138 0.011492  1.050326
14.42447185	445	-0.049799 0.016999  1.051283
##inga 
#ido(sec)  szog(ADC)     ax(g)    ay(g)   az(g)
14.43015575	447	-0.044532 0.017956  1.049368
14.43543624	447	-0.053630 0.017238  1.046016
14.44072437	448	-0.050517 0.017238  1.050086
14.44598007	447	-0.045011 0.016759  1.053917
14.45114040	448	-0.050517 0.020590  1.054156
14.45628833	449	-0.051714 0.016759  1.052002
14.46145153	449	-0.056263 0.019872  1.056311
14.46661186	450	-0.054348 0.019393  1.052720
14.47176837	450	-0.058897 0.016280  1.065648
14.47691154	451	-0.049081 0.011731  1.066846
14.48206424	449	-0.049320 0.011731  1.061818
14.48722362	452	-0.051954 0.014604  1.062536
14.49237632	453	-0.054827 0.013647  1.066367
14.49754047	451	-0.050757 0.014365  1.060860
14.50269603	455	-0.059376 0.017477  1.058466
14.50787162	456	-0.051475 0.008380  1.069240
14.51302433	454	-0.050278 0.018435  1.060860
14.51818370	456	-0.049559 0.014126  1.064691
14.52335166	456	-0.051475 0.013168  1.061339
14.52853202	457	-0.051954 0.010056  1.060381
14.53369998	458	-0.048362 0.010534  1.066367
14.53886795	458	-0.045011 0.005985  1.067803
14.54402828	461	-0.046208 0.005267  1.073070
14.54917621	461	-0.045250 0.013168  1.075225
14.55434417	460	-0.045729 0.007661  1.066367
14.55949974	462	-0.038067 0.004549  1.075704
14.56465244	463	-0.039265 0.006225  1.077859
14.56980800	462	-0.046686 0.008380  1.066846
14.57495594	466	-0.044053 0.015323  1.070437
14.58011245	465	-0.045011 0.010295  1.072113
14.58527183	466	-0.044532 0.008380  1.068282
14.59041595	469	-0.038786 0.006704  1.069240
14.59556388	466	-0.042138 0.007422  1.073310
14.60071182	467	-0.040462 -0.000479  1.069479
14.60591220	469	-0.039743 0.005985  1.068521
14.61106395	472	-0.039504 -0.002873  1.074746
14.61626434	474	-0.045011 0.008140  1.068282
14.62142372	473	-0.043813 0.010534  1.069479
14.62658405	475	-0.043095 0.003831  1.067803
14.63174438	475	-0.049320 0.003831  1.073789
14.63692378	477	-0.045489 0.008858  1.069958
14.64208793	477	-0.053390 0.002394  1.068042
14.64725208	475	-0.050038 0.002873  1.075704
14.65241241	479	-0.055066 0.002634  1.064691
14.65758037	480	-0.056024 0.008858  1.074028
14.66273593	480	-0.052193 0.007901  1.067803
14.66790008	482	-0.056503 0.007183  1.074507
14.67305564	484	-0.056503 0.006943  1.065170
14.67820835	484	-0.060094 0.008380  1.063015
14.68336009	484	-0.049081 0.008380  1.075704
14.68850803	484	-0.057700 0.007901  1.065648
14.69364833	484	-0.063685 0.013407  1.074028
14.69880771	488	-0.054108 0.014844  1.061578
14.70396041	490	-0.057221 0.011013  1.065648
14.70911216	491	-0.052193 0.011013  1.069718
14.71425628	491	-0.054348 0.005028  1.067324
14.71940803	492	-0.061530 0.009098  1.063733
14.72455596	493	-0.054108 0.006464  1.065888
14.72970390	492	-0.051235 0.004788  1.063254
14.73486423	492	-0.051235 0.005746  1.058705
14.74001598	495	-0.051954 0.005028  1.062536
14.74517154	495	-0.048841 0.001915  1.061578
14.75032043	496	-0.051714 0.003112  1.062296
14.75547599	496	-0.045729 0.002634  1.067564
14.76063156	497	-0.042616 -0.000958  1.058466
14.76582813	500	-0.047644 0.002155  1.062775
14.77099227	499	-0.052672 0.000239  1.050326
14.77616024	502	-0.045968 0.000479  1.057748
14.78132820	501	-0.046447 0.001197  1.055593
14.78649997	502	-0.045968 -0.004788  1.058466
14.79170799	502	-0.037828 -0.000239  1.056790
14.79691600	504	-0.049320 0.000958  1.060381
14.80206012	503	-0.043813 -0.003112  1.056072
14.80726432	505	-0.047644 -0.000958  1.045298
14.81246376	503	-0.046447 -0.000239  1.045058
14.81766796	505	-0.047405 -0.001915  1.049368
14.82287597	505	-0.050996 -0.004070  1.052720
14.82807636	504	-0.052911 0.000000  1.035721
14.83319568	503	-0.056503 -0.002394  1.042904
14.83839988	506	-0.052193 -0.003591  1.040270
14.84359169	507	-0.051954 0.004788  1.049368
14.84875202	507	-0.056024 0.007183  1.040988
14.85393238	507	-0.055784 -0.003352  1.034524
14.85914421	508	-0.056024 0.006464  1.037636
14.86431598	509	-0.060812 -0.000718  1.044819
14.86952400	510	-0.056024 0.003352  1.031172
14.87468814	512	-0.060573 -0.001676  1.044340
14.87989616	512	-0.061770 0.004310  1.030215
14.88505172	512	-0.062009 0.003352  1.039791
14.89020824	514	-0.062967 0.003831  1.032369
14.89537239	515	-0.062727 -0.001437  1.029496
14.90057563	514	-0.056263 -0.002155  1.039791
14.90577602	515	-0.061291 0.000479  1.031412
14.91092777	516	-0.064164 0.004070  1.031651
14.91607189	515	-0.057939 0.002155  1.022553
14.92122840	517	-0.058418 0.010056  1.036679
14.92638015	517	-0.060812 0.002634  1.028060
14.93152809	518	-0.063446 0.002394  1.025426
14.93668365	518	-0.053630 -0.001437  1.028539
14.94188022	518	-0.055066 -0.000718  1.017286
14.94707965	519	-0.052193 0.002873  1.034285
##inga 
#ido(sec)  szog(ADC)     ax(g)    ay(g)   az(g)
14.95278835	518	-0.058657 -0.003352  1.026144
14.95807170	519	-0.057221 -0.001197  1.022074
14.96333980	517	-0.048841 0.001197  1.023511
14.96861171	520	-0.051475 -0.003112  1.019680
14.97380828	519	-0.056263 -0.005746  1.019680
14.97902393	521	-0.050278 0.003112  1.030215
14.98419189	521	-0.049320 -0.009337  1.022074
14.98940372	522	-0.051714 -0.000718  1.018962
14.99461555	521	-0.047884 -0.009816  1.024469
14.99981975	523	-0.043813 -0.005507  1.026384
15.00502395	523	-0.045011 -0.008140  1.023750
15.01021575	521	-0.041659 -0.005267  1.021595
15.01542377	524	-0.045489 -0.001676  1.025187
15.02061557	522	-0.044532 -0.010774  1.015610
15.02580833	524	-0.046208 -0.007661  1.014174
15.03100776	524	-0.054348 -0.004310  1.022314
15.03621578	522	-0.047165 -0.004310  1.014174
15.04142761	522	-0.046208 -0.005028  1.015131
15.04663181	523	-0.049559 -0.002634  1.027820
15.05183982	522	-0.049320 -0.004070  1.015610
15.05704402	524	-0.050996 -0.005267  1.015371
15.06224822	523	-0.048362 -0.004070  1.020398
15.06744766	523	-0.054827 0.003591  1.024947
15.07260036	524	-0.057221 0.003831  1.024229
15.07775592	524	-0.059376 0.000239  1.022553
15.08291625	524	-0.049559 -0.002394  1.012737
15.08811187	523	-0.054827 0.006464  1.012258
15.09326362	523	-0.059136 0.007422  1.018723
15.09842777	523	-0.058897 0.001676  1.013695
15.10358047	521	-0.059615 0.004310  1.026144
15.10872840	522	-0.057700 0.012450  1.013934
15.11388015	521	-0.064882 0.009816  1.028299
15.11903190	520	-0.062488 0.006943  1.027581
15.12417602	522	-0.059854 0.007661  1.018723
15.12934398	521	-0.054348 0.003591  1.028060
15.13449573	521	-0.057700 0.008619  1.021835
15.13967609	519	-0.060094 -0.000239  1.019920
15.14486789	518	-0.061052 0.005746  1.026384
15.15003204	519	-0.063206 0.002394  1.028060
15.15518379	518	-0.054348 0.004070  1.017047
15.16034412	517	-0.055545 0.003591  1.023032
15.16550445	515	-0.057221 0.005267  1.030693
15.17066764	514	-0.049320 -0.003112  1.029017
15.17588043	515	-0.050996 0.000958  1.025905
15.18103218	514	-0.049320 0.000958  1.025666
15.18618774	515	-0.051235 0.000000  1.027102
15.19130802	513	-0.047884 0.003591  1.026623
15.19645977	514	-0.050038 0.001197  1.026623
15.20160770	511	-0.045729 -0.000479  1.032130
15.20681190	513	-0.044053 0.002394  1.031890
15.21195602	513	-0.043095 0.001197  1.028778
15.21710395	512	-0.045729 0.003591  1.042185
15.22226047	511	-0.047644 -0.002155  1.033088
15.22746753	510	-0.042856 0.000718  1.034524
15.23261642	511	-0.045968 0.006464  1.040031
15.23777198	508	-0.041180 -0.002634  1.038594
15.24297618	507	-0.040701 0.000479  1.040270
15.24812030	509	-0.044771 0.001437  1.042425
15.25329971	508	-0.044292 -0.003112  1.041467
15.25850391	507	-0.045011 0.003831  1.039073
15.26366424	506	-0.048123 -0.002634  1.043861
15.26886367	506	-0.042856 0.010295  1.037636
15.27403640	504	-0.042377 0.005028  1.046016
15.27919197	506	-0.047884 0.005746  1.048650
15.28435611	504	-0.051475 0.007901  1.045537
15.28951168	502	-0.043574 0.005985  1.046974
15.29466438	501	-0.053630 0.007661  1.048410
15.29981613	503	-0.057460 0.004549  1.051762
15.30497169	503	-0.059615 0.007661  1.045058
15.31012439	503	-0.058418 0.012210  1.054156
15.31527233	501	-0.058657 0.015802  1.055593
15.32043170	500	-0.057939 0.012450  1.047213
15.32558441	501	-0.059376 0.011731  1.056072
15.33074760	500	-0.058179 0.020111  1.051523
15.33590412	498	-0.053630 0.012450  1.066846
15.34105587	498	-0.055066 0.011731  1.060381
15.34619998	497	-0.061291 0.013168  1.052480
15.35135173	493	-0.061291 0.009098  1.056072
15.35651969	494	-0.061052 0.011971  1.052241
15.36168003	494	-0.058179 0.013886  1.055832
15.36682415	494	-0.053869 0.011971  1.066846
15.37197971	493	-0.052911 0.010774  1.058226
15.37714385	490	-0.054827 0.015323  1.062775
15.38230800	489	-0.052193 0.007661  1.057987
15.38747596	490	-0.052432 0.011492  1.064691
15.39264011	490	-0.051475 0.009577  1.069718
15.39780807	488	-0.045489 0.005746  1.064930
15.40295982	488	-0.050517 0.010774  1.057987
15.40813159	487	-0.042616 0.008380  1.059424
15.41330432	485	-0.039265 0.004549  1.063254
15.41847229	486	-0.041180 0.007183  1.060142
15.42364025	484	-0.040462 0.002873  1.067085
15.42879199	482	-0.039504 0.007422  1.062536
15.43394756	481	-0.035673 0.009816  1.069718
15.43909168	481	-0.037589 0.007422  1.066127
15.44424819	480	-0.037349 0.002155  1.069479
15.44939994	477	-0.036631 0.004070  1.058705
15.45455169	479	-0.040222 0.005985  1.069479
15.45969581	477	-0.037828 0.007183  1.075943
15.46484756	474	-0.036391 0.012210  1.067803
15.47000408	475	-0.038786 0.008380  1.075464
##inga 
#ido(sec)  szog(ADC)     ax(g)    ay(g)   az(g)
15.47567558	474	-0.044532 0.005746  1.075704
15.48094844	473	-0.037589 0.006943  1.079295
15.48622798	471	-0.039265 0.011971  1.069000
15.49148368	470	-0.037589 0.010056  1.065888
15.49663162	472	-0.042377 0.011013  1.069240
15.50178813	471	-0.042138 0.016280  1.061099
15.50694370	469	-0.051714 0.009577  1.068042
15.51209640	467	-0.047405 0.009098  1.078816
15.51723957	467	-0.043335 0.014604  1.071394
15.52239608	468	-0.050038 0.019393  1.067564
15.52754783	466	-0.050996 0.017956  1.070197
15.53271198	464	-0.048362 0.021787  1.067803
15.53786373	463	-0.055545 0.014126  1.078577
15.54302406	463	-0.053390 0.022505  1.070197
15.54818439	463	-0.057460 0.018196  1.066606
15.55335235	463	-0.063925 0.018196  1.061099
15.55852413	462	-0.054827 0.016999  1.073310
15.56369209	460	-0.056981 0.021069  1.063733
15.56886005	459	-0.057700 0.021308  1.066127
15.57400798	456	-0.055066 0.023942  1.060860
15.57916355	456	-0.058657 0.018675  1.066127
15.58432769	454	-0.056503 0.019153  1.057987
15.58949565	456	-0.052911 0.021308  1.067085
15.59465599	455	-0.047884 0.021548  1.059902
15.59980773	452	-0.052911 0.022026  1.068761
15.60496044	451	-0.047884 0.015083  1.055353
15.61012840	452	-0.044053 0.022026  1.067085
15.61529159	451	-0.043813 0.019393  1.051283
15.62044429	450	-0.046926 0.019632  1.056072
15.62559986	452	-0.043095 0.012450  1.056072
15.63075637	450	-0.037110 0.012929  1.057987
15.63590431	448	-0.043095 0.006704  1.048650
15.64105224	451	-0.036631 0.019393  1.058945
15.64620780	450	-0.037349 0.011013  1.048410
15.65135192	449	-0.031843 0.019393  1.052002
15.65651607	446	-0.029448 0.015083  1.060621
15.66166400	447	-0.030167 0.014126  1.063972
15.66682434	447	-0.037349 0.014604  1.044580
15.67196846	447	-0.031843 0.011492  1.047213
15.67712020	447	-0.034716 0.010295  1.055593
15.68228435	446	-0.031843 0.012689  1.053438
15.68744754	444	-0.028730 0.018196  1.047213
15.69261646	445	-0.027294 0.012689  1.048410
15.69777584	444	-0.038307 0.015083  1.051283
15.70292758	443	-0.033279 0.012929  1.052959
15.70810031	439	-0.034716 0.010295  1.030693
15.71326446	439	-0.037828 0.015562  1.035003
15.71843242	440	-0.036391 0.019393  1.038115
15.72359180	440	-0.038067 0.016999  1.042904
15.72876358	439	-0.040940 0.018914  1.042904
15.73392772	439	-0.051235 0.022745  1.043622
15.73908424	437	-0.039265 0.024181  1.040988
15.74424362	436	-0.045489 0.022745  1.042904
15.74940013	436	-0.044292 0.023463  1.039073
15.75455570	432	-0.047644 0.023702  1.038834
15.75971603	434	-0.049081 0.019153  1.034285
15.76486396	433	-0.049320 0.023224  1.026863
15.77001953	434	-0.053390 0.021069  1.040031
15.77517986	432	-0.055784 0.021069  1.033088
15.78034400	433	-0.054348 0.029927  1.026623
15.78550434	431	-0.050278 0.027533  1.029017
15.79065990	432	-0.050757 0.027294  1.024469
15.79581165	432	-0.055066 0.033040  1.034524
15.80095958	430	-0.050517 0.024181  1.030933
15.80610370	430	-0.051714 0.022745  1.033806
15.81126022	432	-0.050278 0.023942  1.025426
15.81641197	432	-0.047644 0.022026  1.028539
15.82158756	431	-0.051475 0.022266  1.018483
15.82676029	429	-0.046208 0.030645  1.026863
15.83193206	430	-0.046926 0.031603  1.022553
15.83708763	429	-0.034716 0.023702  1.025426
15.84226036	431	-0.040222 0.017956  1.015131
15.84742832	429	-0.040222 0.018675  1.025666
15.85260772	429	-0.037828 0.018914  1.021835
15.85776805	429	-0.039983 0.014126  1.019201
15.86294364	427	-0.033279 0.013647  1.015131
15.86810398	428	-0.033040 0.015083  1.028299
15.87325572	426	-0.033997 0.018435  1.013695
15.87841987	427	-0.034955 0.014365  1.011301
15.88356781	426	-0.034476 0.014126  1.012498
15.88871955	424	-0.033279 0.012210  1.018962
15.89387226	426	-0.027054 0.018435  1.012977
15.89903640	426	-0.034237 0.014604  1.018004
15.90418434	423	-0.029927 0.016520  1.019680
15.90932846	426	-0.028970 0.015802  1.019441
15.91448783	425	-0.027772 0.015802  1.019920
15.91964435	425	-0.032800 0.021548  1.015849
15.92479610	425	-0.036631 0.013647  1.009146
15.92995643	425	-0.037828 0.019393  1.005076
15.93511581	426	-0.031603 0.018196  1.010822
15.94027614	424	-0.039504 0.018196  1.018962
15.94543552	423	-0.041659 0.026575  1.011779
15.95059967	423	-0.036870 0.014365  1.019920
15.95576381	425	-0.042138 0.028730  1.015131
15.96092796	424	-0.046208 0.022745  1.006752
15.96609973	423	-0.052672 0.018435  1.016568
15.97127628	425	-0.048602 0.023942  1.015371
15.97644042	425	-0.047405 0.018196  1.012258
15.98162364	426	-0.047884 0.019632  1.017286
15.98679637	423	-0.048123 0.025139  1.004836
15.99195957	425	-0.046926 0.024181  1.017286
##inga 
#ido(sec)  szog(ADC)     ax(g)    ay(g)   az(g)
15.99765586	426	-0.048362 0.020111  1.019680
16.00293159	427	-0.052432 0.017956  1.007230
16.00819587	427	-0.049559 0.018196  1.020159
16.01345634	428	-0.051235 0.013886  1.018004
16.01861572	429	-0.048841 0.017956  1.012737
16.02375984	429	-0.051475 0.019872  1.018723
16.02891540	428	-0.053869 0.022026  1.012977
16.03406715	427	-0.046686 0.024899  1.018004
16.03921508	430	-0.047644 0.017956  1.022793
16.04437255	430	-0.050517 0.020829  1.009625
16.04952049	427	-0.047165 0.018196  1.027342
16.05467605	430	-0.046447 0.019393  1.024947
16.05982780	430	-0.042616 0.017477  1.017047
16.06497573	428	-0.042138 0.016999  1.022314
16.07013130	432	-0.041419 0.015323  1.025426
16.07527542	433	-0.039265 0.016999  1.018483
16.08042716	433	-0.042377 0.021787  1.033566
16.08558082	434	-0.040222 0.018196  1.028539
16.09073638	433	-0.038786 0.018196  1.032130
16.09588813	434	-0.036631 0.010774  1.025187
16.10103988	432	-0.039743 0.009816  1.029257
16.10618782	435	-0.035673 0.005028  1.030215
16.11134338	435	-0.039265 0.005028  1.025426
16.11651229	436	-0.035913 0.010056  1.030693
16.12167930	433	-0.033758 0.009098  1.033566
16.12684059	437	-0.033040 0.008858  1.037397
16.13199996	436	-0.034716 0.009337  1.029736
16.13716888	436	-0.040940 0.013168  1.036200
16.14231681	438	-0.033997 0.006943  1.027820
16.14748382	437	-0.033279 0.015802  1.039312
16.15264320	438	-0.037589 0.008380  1.046734
16.15781593	438	-0.038307 0.014126  1.036918
16.16297912	439	-0.045489 0.011013  1.042185
16.16814041	440	-0.042856 0.015323  1.049847
16.17328834	443	-0.045968 0.014126  1.047453
16.17844390	443	-0.047644 0.011013  1.045058
16.18359947	443	-0.049559 0.017956  1.052720
16.18874359	446	-0.048123 0.016041  1.044340
16.19389152	447	-0.047884 0.011971  1.044101
16.19904327	446	-0.047165 0.022984  1.044580
16.20418739	447	-0.050757 0.018435  1.042664
16.20932769	447	-0.046926 0.020590  1.051523
16.21447563	448	-0.053630 0.021787  1.041228
16.21963691	446	-0.057221 0.016041  1.054635
16.22478485	449	-0.061052 0.016759  1.054156
16.22994041	449	-0.058179 0.016759  1.048171
16.23509216	450	-0.048123 0.016999  1.049847
16.24024391	450	-0.060094 0.018914  1.053678
16.24539566	450	-0.056263 0.018675  1.046734
16.25054359	452	-0.048602 0.014365  1.055114
16.25569534	450	-0.060094 0.010295  1.053678
16.26085662	453	-0.044532 0.013647  1.055114
16.26601600	452	-0.053869 0.020351  1.063254
16.27118873	455	-0.060573 0.011013  1.064212
16.27634429	455	-0.047165 0.009337  1.059902
16.28150749	456	-0.048362 0.008619  1.058466
16.28667259	453	-0.050757 0.019393  1.068521
16.29185295	456	-0.046926 0.011731  1.068521
16.29702377	454	-0.042138 0.010056  1.064451
16.30218315	457	-0.043813 0.008619  1.059184
16.30734443	458	-0.045250 0.006943  1.057987
16.31249237	457	-0.042138 0.005507  1.060860
16.31764411	461	-0.040222 0.003591  1.066127
16.32278823	462	-0.034476 0.009577  1.064691
16.32793235	462	-0.033040 0.005028  1.068282
16.33308792	461	-0.039743 0.001437  1.061099
16.33824729	464	-0.042616 0.002873  1.067803
16.34339141	462	-0.041180 0.009098  1.070916
16.34854316	466	-0.037828 0.001915  1.071634
16.35370063	466	-0.041419 0.001915  1.066846
16.35884475	465	-0.040222 0.008380  1.060860
16.36398887	467	-0.039743 0.007901  1.069240
16.36913681	466	-0.042856 0.003352  1.070197
16.37429618	470	-0.040701 0.003352  1.072831
16.37943649	471	-0.037828 0.004549  1.069718
16.38458061	471	-0.047644 0.008140  1.067324
16.38972473	472	-0.048602 0.006704  1.065170
16.39487648	474	-0.054587 0.004788  1.069718
16.40002441	475	-0.048362 0.010295  1.070197
16.40518379	475	-0.051475 0.013407  1.070676
16.41033554	475	-0.053390 0.005746  1.066367
16.41550827	475	-0.054348 0.015562  1.064451
16.42067527	477	-0.058179 0.009816  1.069479
16.42584037	478	-0.056503 0.008619  1.066127
16.43099975	479	-0.054108 0.011013  1.065170
16.43615150	479	-0.059854 0.010534  1.061578
16.44131278	481	-0.057939 0.007661  1.070197
16.44646835	480	-0.060573 0.011013  1.067324
16.45163917	483	-0.057700 0.013647  1.056790
16.45679664	483	-0.057700 0.008619  1.069240
16.46194839	484	-0.055066 0.009816  1.061099
16.46710014	483	-0.062009 0.003591  1.066606
16.47224807	484	-0.056263 0.009816  1.059663
16.47740745	487	-0.057221 0.013886  1.061339
16.48255157	489	-0.052911 0.004070  1.066367
16.48769569	491	-0.056742 -0.001915  1.059902
16.49289131	491	-0.047165 0.011971  1.073070
16.49803924	491	-0.054108 -0.004788  1.058466
16.50324440	492	-0.052193 0.004070  1.062057
16.50838470	493	-0.050757 0.000958  1.059902
16.51352882	493	-0.054827 -0.000239  1.053199
##inga 
#ido(sec)  szog(ADC)     ax(g)    ay(g)   az(g)
16.51926422	495	-0.048602 0.002394  1.055353
16.52453231	495	-0.042856 0.007661  1.060860
16.52980422	494	-0.043574 -0.000479  1.055832
16.53505516	495	-0.048123 0.001197  1.055353
16.54020309	497	-0.042138 -0.002394  1.054396
16.54540824	497	-0.047405 -0.004070  1.057508
16.55061149	500	-0.037110 -0.007183  1.057269
16.55581283	499	-0.038546 -0.001437  1.055353
16.56101989	502	-0.041180 -0.003591  1.057029
16.56622314	502	-0.039504 -0.001197  1.057029
16.57142829	502	-0.041419 -0.003352  1.050804
16.57663154	504	-0.044532 -0.000958  1.041228
16.58183670	504	-0.047405 -0.003352  1.049847
16.58703613	504	-0.042138 -0.002155  1.045298
16.59223556	501	-0.047405 -0.006943  1.046734
16.59742355	504	-0.048841 -0.000718  1.056072
16.60262489	504	-0.049081 0.004549  1.053678
16.60778045	505	-0.048123 -0.002634  1.052002
16.61297607	504	-0.052672 -0.004788  1.046256
16.61817550	506	-0.050757 0.003591  1.052241
16.62333106	505	-0.063685 -0.000958  1.037876
16.62853622	506	-0.059615 0.005028  1.040749
16.63369178	507	-0.060094 0.001437  1.045777
16.63886451	507	-0.059376 0.002873  1.041228
16.64403152	508	-0.059376 0.001915  1.030215
16.64920043	508	-0.060094 0.004788  1.040988
16.65434455	508	-0.062009 0.003831  1.033806
16.65951156	509	-0.064164 0.010295  1.037636
16.66467285	511	-0.065600 0.011971  1.037158
16.66983985	511	-0.060573 0.009577  1.032848
16.67499542	511	-0.064643 0.005985  1.039073
16.68015289	510	-0.063446 0.002155  1.031890
16.68529510	512	-0.066079 0.007183  1.041228
16.69045257	514	-0.064403 0.005028  1.030454
16.69560813	514	-0.057700 0.006943  1.033327
16.70076370	512	-0.061770 0.004549  1.035482
16.70590782	514	-0.052193 -0.003112  1.035721
16.71110725	513	-0.057221 0.000239  1.032369
16.71625518	517	-0.058418 0.007661  1.022074
16.72140884	516	-0.058418 -0.003591  1.024708
16.72660827	517	-0.050996 0.001197  1.022314
16.73176002	516	-0.051714 0.000000  1.032848
16.73687171	516	-0.046686 0.001915  1.029736
16.74201583	518	-0.051954 -0.000239  1.026144
16.74721908	517	-0.049559 -0.005028  1.023032
16.75241661	516	-0.047405 -0.009816  1.012498
16.75762748	517	-0.048602 -0.005507  1.020638
16.76283264	519	-0.044053 -0.012450  1.030693
16.76803207	519	-0.044532 -0.004310  1.018723
16.77323913	518	-0.043335 -0.005985  1.028778
16.77844429	518	-0.045011 -0.001197  1.027342
16.78364372	516	-0.036870 -0.002155  1.019441
16.78884315	518	-0.048123 -0.005507  1.020638
16.79404449	519	-0.043095 -0.005985  1.009864
16.79924011	519	-0.045011 -0.004549  1.021356
16.80443954	520	-0.045011 -0.003112  1.017765
16.80963516	519	-0.047405 -0.003112  1.032369
16.81482315	517	-0.044053 -0.008140  1.022314
16.82003974	519	-0.050517 0.000479  1.023271
16.82518768	519	-0.048362 -0.003831  1.012258
16.83039283	520	-0.047884 -0.003352  1.024229
16.83559226	518	-0.052911 -0.004788  1.019680
16.84079551	519	-0.056742 -0.001437  1.017525
16.84600830	519	-0.057939 -0.003352  1.018962
16.85121154	517	-0.056503 0.002634  1.020638
16.85636329	520	-0.059376 0.007183  1.022793
16.86152076	519	-0.062009 0.003112  1.024947
16.86666870	519	-0.056742 -0.002634  1.015371
16.87186813	518	-0.063446 0.003112  1.018483
16.87701606	517	-0.058657 0.010534  1.027102
16.88215637	519	-0.068713 0.004070  1.019920
16.88729667	519	-0.061291 0.005985  1.017047
16.89244842	518	-0.059376 0.014365  1.015371
16.89760017	518	-0.057221 0.006943  1.022793
16.90274429	518	-0.062727 0.006943  1.028778
16.90789985	516	-0.061291 0.006464  1.017765
16.91304779	517	-0.056742 0.007422  1.017765
16.91819953	514	-0.063446 0.005746  1.025905
16.92335128	517	-0.059854 0.004549  1.021835
16.92851257	516	-0.059854 0.004070  1.032369
16.93366432	515	-0.056503 0.008619  1.023511
16.93882369	513	-0.053151 0.007661  1.033327
16.94398880	511	-0.046208 0.003112  1.032130
16.94914436	513	-0.051714 0.009098  1.037876
16.95430374	513	-0.048123 0.008858  1.023032
16.95947647	513	-0.048841 0.001437  1.025187
16.96464347	510	-0.048841 0.000958  1.029257
16.96980857	512	-0.044771 0.002155  1.033088
16.97496795	512	-0.043095 0.003112  1.032848
16.98012733	512	-0.037828 -0.002394  1.029736
16.98532867	511	-0.044532 -0.006464  1.038834
16.99052810	510	-0.038307 -0.000479  1.040988
16.99572372	509	-0.043335 -0.001676  1.034285
17.00091934	509	-0.038307 -0.001197  1.032848
17.00612449	509	-0.045729 -0.001437  1.036679
17.01132392	507	-0.036391 -0.000239  1.034524
17.01651191	507	-0.038067 -0.001197  1.045777
17.02171516	506	-0.039983 -0.000479  1.036200
17.02692031	506	-0.041419 0.000958  1.045058
17.03207206	506	-0.039504 -0.000958  1.044340
17.03726387	506	-0.043095 0.010056  1.037636
##inga 
#ido(sec)  szog(ADC)     ax(g)    ay(g)   az(g)
17.04296875	505	-0.043574 0.003591  1.038594
17.04823684	504	-0.043574 0.008619  1.046256
17.05350875	503	-0.048123 0.002394  1.037158
17.05876731	503	-0.052432 0.009577  1.042904
17.06392478	503	-0.051714 0.013886  1.045777
17.06908798	503	-0.051954 0.011971  1.046016
17.07426071	500	-0.061052 0.009816  1.049129
17.07942390	502	-0.057700 0.007422  1.045058
17.08457183	502	-0.057939 0.007183  1.036918
17.08973121	501	-0.061052 0.006943  1.050565
17.09487915	500	-0.058657 0.013168  1.048650
17.10001945	499	-0.058418 0.016041  1.045777
17.10517692	497	-0.062009 0.010295  1.053438
17.11032867	498	-0.063925 0.020829  1.055832
17.11547279	494	-0.058897 0.016520  1.048410
17.12062454	496	-0.060333 0.018435  1.053438
17.12576866	494	-0.060333 0.013168  1.049368
17.13092422	495	-0.060333 0.019393  1.061578
17.13607597	493	-0.054108 0.009816  1.059184
17.14121246	493	-0.058657 0.009098  1.057029
17.14636802	492	-0.051714 0.008380  1.063733
17.15151977	491	-0.058897 0.012929  1.060381
17.15667152	490	-0.045968 0.009337  1.062775
17.16181564	488	-0.048841 0.012210  1.066846
17.16695213	487	-0.045011 0.014604  1.059184
17.17210769	488	-0.045489 0.005507  1.073070
17.17724800	488	-0.042138 0.006225  1.063254
17.18239593	487	-0.041898 0.010056  1.063254
17.18756484	484	-0.040940 0.007183  1.061339
17.19272804	485	-0.040940 0.002394  1.056790
17.19787979	483	-0.037349 0.011013  1.057508
17.20304489	483	-0.040701 0.000958  1.055832
17.20818328	480	-0.032800 0.001915  1.058466
17.21334457	480	-0.036152 0.001915  1.065409
17.21851158	480	-0.034955 0.005507  1.060142
17.22366714	480	-0.037349 0.004310  1.066846
17.22882461	476	-0.032561 0.010295  1.069000
17.23399162	477	-0.037828 0.005985  1.062775
17.23916053	476	-0.041659 0.005746  1.066846
17.24431610	474	-0.037110 0.007183  1.071155
17.24947929	473	-0.042138 0.011013  1.067324
17.25463294	474	-0.040940 0.013886  1.061099
17.25978851	473	-0.036152 0.009577  1.066367
17.26493644	473	-0.046208 0.013407  1.059184
17.27008819	472	-0.041898 0.009577  1.065648
17.27524375	470	-0.045489 0.011971  1.071155
17.28040313	470	-0.047165 0.011013  1.058466
17.28555107	470	-0.048123 0.016280  1.060621
17.29070091	469	-0.053390 0.014365  1.064930
17.29585266	469	-0.053869 0.023942  1.058226
17.30100440	466	-0.051954 0.022745  1.071873
17.30615615	463	-0.060094 0.021308  1.060860
17.31130790	465	-0.059854 0.024181  1.068521
17.31644821	464	-0.054108 0.014604  1.057987
17.32159233	464	-0.056742 0.022026  1.059902
17.32675170	463	-0.056742 0.020111  1.062775
17.33189582	463	-0.062249 0.026336  1.063733
17.33703994	461	-0.059854 0.024421  1.062775
17.34219551	458	-0.059136 0.020111  1.066606
17.34735107	460	-0.058418 0.025857  1.063494
17.35252380	460	-0.056742 0.019153  1.066127
17.35768318	458	-0.054587 0.024181  1.061099
17.36284065	457	-0.057221 0.022505  1.061818
17.36800765	454	-0.058657 0.021069  1.062775
17.37316894	455	-0.052672 0.016280  1.062536
17.37833213	455	-0.051475 0.017956  1.052241
17.38349533	454	-0.047644 0.016999  1.052720
17.38866806	453	-0.046686 0.020590  1.058945
17.39382743	450	-0.047165 0.016041  1.054396
17.39898490	451	-0.038307 0.014126  1.059902
17.40413665	451	-0.042377 0.021308  1.056072
17.40929222	449	-0.040462 0.006943  1.051762
17.41444015	450	-0.034476 0.014126  1.056550
17.41958427	448	-0.031364 0.008619  1.052959
17.42473602	450	-0.030406 0.016041  1.052480
17.42988395	449	-0.035673 0.008380  1.053917
17.43503189	449	-0.029209 0.013647  1.048171
17.44018363	447	-0.034237 0.008858  1.052002
17.44533538	448	-0.029209 0.015562  1.045298
17.45048713	448	-0.028970 0.009337  1.050086
17.45563125	447	-0.029688 0.010295  1.040270
17.46077919	445	-0.028491 0.006464  1.049847
17.46592712	446	-0.038786 0.011731  1.044340
17.47106742	446	-0.035913 0.013886  1.041467
17.47621536	444	-0.034237 0.010774  1.042425
17.48137283	445	-0.037589 0.015802  1.032369
17.48651695	442	-0.032561 0.013168  1.043143
17.49166488	442	-0.038786 0.019632  1.045777
17.49682807	443	-0.040462 0.017717  1.040988
17.50199508	442	-0.042856 0.010774  1.045537
17.50716781	441	-0.041180 0.020111  1.041946
17.51233291	440	-0.043574 0.023463  1.028778
17.51749992	439	-0.047884 0.022745  1.029496
17.52266883	439	-0.052672 0.020351  1.032848
17.52783584	438	-0.053630 0.026575  1.042664
17.53301239	436	-0.054587 0.024421  1.033327
17.53817558	436	-0.046447 0.024660  1.039073
17.54332733	433	-0.053630 0.028491  1.030933
17.54848480	435	-0.057700 0.027533  1.037397
17.55364036	435	-0.049559 0.033997  1.025426
17.55879974	434	-0.052911 0.018435  1.025905
##inga 
#ido(sec)  szog(ADC)     ax(g)    ay(g)   az(g)
17.56449508	433	-0.054827 0.026336  1.023750
17.56976890	433	-0.056742 0.025139  1.023511
17.57504463	431	-0.051714 0.023224  1.026623
17.58032035	432	-0.053390 0.023942  1.031412
17.58547592	430	-0.048841 0.024660  1.022553
17.59062004	432	-0.052672 0.022026  1.028060
17.59576416	433	-0.056981 0.027533  1.025666
17.60091209	432	-0.047884 0.018914  1.021117
17.60606765	432	-0.041659 0.027294  1.033806
17.61122322	430	-0.038546 0.018675  1.020877
17.61638069	431	-0.041180 0.021308  1.022314
17.62153625	432	-0.033758 0.015802  1.022553
17.62669181	431	-0.038307 0.017238  1.030693
17.63183975	429	-0.031364 0.017717  1.021356
17.63699531	431	-0.027533 0.015562  1.015131
17.64214706	429	-0.037349 0.010056  1.012737
17.64729690	430	-0.027054 0.016999  1.026384
17.65245628	430	-0.028491 0.011731  1.023032
17.65762329	431	-0.030645 0.010534  1.017286
17.66279983	428	-0.024421 0.011253  1.025426
17.66796875	429	-0.030406 0.015083  1.015849
17.67312812	430	-0.027294 0.016041  1.030454
17.67828750	430	-0.033758 0.013407  1.018723
17.68343925	428	-0.034716 0.013168  1.019201
17.68860816	428	-0.030167 0.013647  1.020638
17.69377136	430	-0.033518 0.019153  1.013216
17.69891929	428	-0.035913 0.019153  1.020877
17.70408821	429	-0.037110 0.019632  1.011779
17.70925140	429	-0.037349 0.019153  1.020638
17.71439933	429	-0.038786 0.017717  1.017286
17.71955680	427	-0.037589 0.021548  1.017765
17.72470474	428	-0.043335 0.016759  1.013455
17.72986030	429	-0.045968 0.026336  1.020398
17.73502349	429	-0.048602 0.025378  1.014413
17.74017906	429	-0.047644 0.025857  1.021835
17.74532890	429	-0.048362 0.023942  1.016328
17.75047683	429	-0.052193 0.030406  1.010582
17.75561523	429	-0.053630 0.025857  1.021595
17.76077270	429	-0.050038 0.023942  1.020638
17.76593208	428	-0.050996 0.024660  1.012019
17.77107620	427	-0.055784 0.026336  1.004357
17.77622032	430	-0.050038 0.024899  1.013934
17.78136825	430	-0.057700 0.024899  1.020159
17.78651237	431	-0.052432 0.027054  1.011301
17.79166793	430	-0.058657 0.017956  1.016807
17.79682731	431	-0.052432 0.023463  1.019680
17.80198478	431	-0.053390 0.023224  1.015849
17.80716323	432	-0.052193 0.020829  1.012737
17.81232833	430	-0.045489 0.017956  1.020638
17.81749153	430	-0.045011 0.015562  1.020638
17.82264709	433	-0.046926 0.012929  1.026384
17.82781982	433	-0.043574 0.021308  1.017765
17.83299255	432	-0.044292 0.016520  1.018244
17.83815193	433	-0.042616 0.016520  1.030693
17.84329605	434	-0.037349 0.013168  1.027581
17.84846305	432	-0.037110 0.015083  1.020398
17.85361289	434	-0.040222 0.009816  1.029257
17.85877609	434	-0.033518 0.009577  1.023750
17.86392021	435	-0.034237 0.011971  1.027581
17.86907577	434	-0.034237 0.004070  1.038115
17.87421989	436	-0.034237 0.009816  1.030215
17.87936782	435	-0.030885 0.008858  1.022074
17.88450431	437	-0.033040 0.008380  1.026863
17.88965606	435	-0.028730 0.010774  1.037876
17.89480018	437	-0.029448 0.011492  1.031651
17.89995193	437	-0.033758 0.013168  1.036439
17.90509986	436	-0.035673 0.009577  1.036200
17.91024017	438	-0.034716 0.010295  1.033566
17.91538810	438	-0.035913 0.009577  1.029257
17.92054367	441	-0.036631 0.015323  1.035721
17.92569541	442	-0.035434 0.011492  1.039312
17.93084335	442	-0.039743 0.015083  1.039312
17.93600082	443	-0.045729 0.013886  1.038594
17.94115638	443	-0.050517 0.018675  1.044101
17.94630432	445	-0.043574 0.022026  1.032130
17.95145988	446	-0.057221 0.019153  1.042425
17.95662879	447	-0.050278 0.015562  1.040988
17.96178817	448	-0.052432 0.016280  1.038834
17.96694755	447	-0.054348 0.014844  1.048889
17.97211647	446	-0.053869 0.016759  1.051762
17.97727584	448	-0.054108 0.021787  1.042185
17.98244476	448	-0.059615 0.016999  1.052241
17.98760414	449	-0.057221 0.023224  1.040270
17.99277687	448	-0.054108 0.019153  1.046256
17.99794387	449	-0.055784 0.013886  1.046256
18.00311279	450	-0.050517 0.014365  1.050804
18.00827217	451	-0.061770 0.019632  1.051283
18.01342391	449	-0.062488 0.014604  1.040031
18.01857948	451	-0.052911 0.018435  1.058945
18.02372741	450	-0.057221 0.017717  1.057748
18.02887916	452	-0.056742 0.013407  1.043143
18.03403282	452	-0.053390 0.017477  1.054875
18.03918838	454	-0.051714 0.019632  1.053438
18.04434013	455	-0.052193 0.015323  1.062296
18.04948806	456	-0.047644 0.014844  1.056311
18.05463218	456	-0.042377 0.010295  1.050326
18.05978393	456	-0.042138 0.008858  1.057508
18.06493949	455	-0.046208 0.011013  1.060860
18.07008361	455	-0.046447 0.005507  1.058466
18.07522773	457	-0.039025 0.006225  1.068282
18.08037567	458	-0.041898 0.007422  1.055114
##inga 
#ido(sec)  szog(ADC)     ax(g)    ay(g)   az(g)
18.08606719	459	-0.036870 0.007661  1.065409
18.09132385	461	-0.030406 0.005028  1.064212
18.09658432	462	-0.036391 0.006464  1.059902
18.10183906	464	-0.039983 0.001915  1.068282
18.10699272	462	-0.037349 0.003591  1.057508
18.11214828	463	-0.035913 0.008380  1.061818
18.11730003	464	-0.035913 -0.000239  1.059424
18.12249565	466	-0.040701 0.012210  1.060860
18.12764739	465	-0.039025 0.002873  1.062775
18.13282394	467	-0.037110 0.007901  1.064451
18.13798713	468	-0.039504 0.006704  1.066846
18.14314460	469	-0.046686 0.005985  1.058705
18.14830398	470	-0.050757 0.006464  1.066846
18.15347671	471	-0.046208 0.002155  1.067564
18.15864753	472	-0.048602 0.005028  1.061339
18.16379928	472	-0.052432 0.012689  1.055593
18.16896820	473	-0.049799 0.011013  1.063015
18.17412376	473	-0.051954 0.011492  1.060860
18.17927169	475	-0.053869 0.011013  1.073070
18.18442344	475	-0.056981 0.005267  1.059663
18.18958091	474	-0.058418 0.009816  1.054635
18.19472885	477	-0.058418 0.012450  1.059663
18.19987678	476	-0.056742 0.011253  1.069240
18.20502471	478	-0.050517 0.016520  1.058945
18.21016311	476	-0.058657 0.011731  1.057987
18.21530342	478	-0.065122 0.008858  1.064212
18.22044754	480	-0.059136 0.009577  1.072113
18.22561264	482	-0.060094 0.012929  1.062296
18.23076057	483	-0.060094 0.009098  1.061339
18.23589134	482	-0.063925 0.010534  1.065648
18.24104309	481	-0.060573 0.008140  1.057748
18.24619293	485	-0.057221 0.006704  1.061339
18.25135231	486	-0.057221 0.002155  1.062775
18.25650405	487	-0.051235 0.010056  1.059424
18.26164817	488	-0.050038 0.010774  1.060142
18.26679229	489	-0.056981 0.010056  1.054635
18.27194786	490	-0.046208 0.006943  1.059424
18.27710723	491	-0.053390 0.000958  1.051044
18.28225517	491	-0.045968 0.001197  1.065409
18.28742027	492	-0.046926 0.003591  1.055353
18.29258346	490	-0.041659 0.005028  1.056072
18.29773521	491	-0.044292 -0.003112  1.057269
18.30293655	492	-0.040701 -0.000718  1.057269
18.30813598	495	-0.042616 -0.002634  1.048650
18.31333541	496	-0.040701 -0.002155  1.048650
18.31854057	495	-0.039743 -0.002155  1.052959
18.32373619	493	-0.038546 0.000718  1.056550
18.32888031	497	-0.038307 -0.004788  1.056550
18.33407211	497	-0.039265 -0.002873  1.046495
18.33927536	501	-0.039265 -0.004070  1.054156
18.34447669	502	-0.046208 -0.002634  1.051283
18.34967231	502	-0.040701 -0.001437  1.043143
18.35487174	501	-0.040222 -0.002394  1.041467
18.36007118	503	-0.047405 -0.002873  1.043861
18.36528015	503	-0.045729 -0.003831  1.040749
18.37047958	502	-0.050278 0.002634  1.038834
18.37564849	503	-0.052672 -0.001915  1.050565
18.38085556	503	-0.051714 0.000000  1.038115
18.38597679	504	-0.053869 0.005267  1.047213
18.39113235	503	-0.050517 0.001437  1.042904
18.39629554	505	-0.056024 0.003112  1.036679
18.40146064	504	-0.061291 0.000479  1.042904
18.40660476	503	-0.058657 0.005985  1.037397
18.41174888	505	-0.056981 0.004070  1.039073
18.41689682	505	-0.061530 0.011253  1.047213
18.42205619	506	-0.066798 0.008619  1.037397
18.42720794	507	-0.064643 0.007661  1.039073
18.43236351	507	-0.063925 0.009337  1.027342
18.43751144	506	-0.063925 0.011971  1.030215
18.44265556	508	-0.065361 0.003112  1.030693
18.44779968	508	-0.069671 0.004549  1.044819
18.45295524	506	-0.062727 0.012210  1.040988
18.45810317	507	-0.061770 0.002394  1.042904
18.46325683	508	-0.068234 0.001197  1.030215
18.46839904	509	-0.060573 0.004549  1.031412
18.47356033	511	-0.062249 0.005267  1.033566
18.47871208	511	-0.061291 0.006464  1.033327
18.48386383	511	-0.058179 0.000000  1.029736
18.48897552	512	-0.054827 -0.001915  1.039312
18.49417114	512	-0.047884 -0.001197  1.041946
18.49937629	513	-0.053390 -0.003352  1.025666
18.50457954	514	-0.047884 -0.006464  1.027820
18.50978088	512	-0.053869 -0.000718  1.023750
18.51497650	514	-0.046447 -0.003112  1.032130
18.52019119	514	-0.045729 -0.005746  1.026623
18.52540016	515	-0.044053 -0.010534  1.027342
18.53059959	515	-0.046686 -0.004070  1.021595
18.53579139	516	-0.045250 -0.001676  1.018723
18.54099273	516	-0.046447 -0.001915  1.016568
18.54619216	516	-0.038546 -0.003352  1.029257
18.55138397	514	-0.042377 -0.004310  1.024708
18.55657958	514	-0.039983 -0.005985  1.022314
18.56177520	514	-0.046926 -0.005985  1.018244
18.56697654	517	-0.040701 -0.005028  1.025666
18.57218742	515	-0.043813 -0.002873  1.023990
18.57738494	517	-0.043095 -0.001676  1.022553
18.58259201	517	-0.046926 -0.002155  1.023990
18.58779525	517	-0.047884 -0.010774  1.022553
18.59300041	517	-0.050996 -0.006943  1.027342
18.59819984	517	-0.052911 -0.005267  1.027102
18.60339164	515	-0.049081 -0.007183  1.025905
##inga 
#ido(sec)  szog(ADC)     ax(g)    ay(g)   az(g)
18.60911560	515	-0.054587 -0.000479  1.023271
18.61437225	518	-0.053390 0.004549  1.015610
18.61965179	517	-0.055066 0.002873  1.024469
18.62491226	518	-0.056263 -0.000479  1.028778
18.63011169	517	-0.061530 0.006225  1.025187
18.63526344	517	-0.065361 0.009577  1.035721
18.64041519	517	-0.060094 0.000479  1.028539
18.64555931	516	-0.062249 0.006464  1.029736
18.65070343	515	-0.064643 0.008858  1.030693
18.65585517	516	-0.070149 0.007661  1.023750
18.66099929	516	-0.068473 0.007661  1.027820
18.66614341	515	-0.067755 0.003831  1.031412
18.67129516	516	-0.062967 0.013407  1.018244
18.67646026	516	-0.064882 0.011492  1.029017
18.68162345	516	-0.059136 0.009098  1.024947
18.68679237	515	-0.065122 0.015323  1.025666
18.69195938	514	-0.055306 0.007901  1.025905
18.69711112	513	-0.060094 0.003352  1.025426
18.70228767	514	-0.060812 0.015083  1.030933
18.70745658	513	-0.054108 0.003352  1.029017
18.71261978	513	-0.055784 0.009816  1.025905
18.71778488	512	-0.051714 0.007901  1.033088
18.72295188	511	-0.052911 0.005507  1.029257
18.72811126	511	-0.050757 0.003112  1.026384
18.73327255	510	-0.046686 0.002394  1.032130
18.73841667	508	-0.043813 0.005267  1.035003
18.74357223	508	-0.043095 0.001915  1.038115
18.74872016	510	-0.039983 0.002873  1.039073
18.75386428	509	-0.042616 -0.003352  1.030454
18.75905990	509	-0.034237 0.001197  1.033088
18.76421546	507	-0.035434 -0.001915  1.035242
18.76941680	507	-0.035194 0.004549  1.036918
18.77456092	507	-0.029688 0.000239  1.030693
18.77970314	506	-0.038307 -0.000718  1.030693
18.78490829	506	-0.040222 0.006225  1.038834
18.79006767	506	-0.038786 -0.001437  1.031651
18.79526329	504	-0.043095 -0.001197  1.044340
18.80046844	503	-0.040222 0.005028  1.039312
18.80561256	504	-0.044292 0.004549  1.039552
18.81078338	503	-0.046926 0.009337  1.033088
18.81595611	502	-0.044532 0.001676  1.036679
18.82111930	501	-0.051235 0.003112  1.041946
18.82629203	502	-0.044053 0.001915  1.047213
18.83144760	503	-0.048841 0.005746  1.038594
18.83660888	502	-0.050757 0.009098  1.042664
18.84176063	501	-0.052432 0.011492  1.040749
18.84691238	501	-0.055306 0.014126  1.046256
18.85207176	502	-0.052672 0.012210  1.038594
18.85721588	501	-0.053390 0.009098  1.053678
18.86237144	500	-0.063925 0.008380  1.040031
18.86751937	498	-0.056263 0.006943  1.044101
18.87265968	498	-0.058179 0.018675  1.056550
18.87780761	497	-0.061770 0.010774  1.045777
18.88295173	496	-0.061052 0.015323  1.053199
18.88810348	496	-0.060573 0.011253  1.052480
18.89324760	495	-0.058657 0.011731  1.050565
18.89839553	494	-0.061770 0.011731  1.052480
18.90353965	494	-0.061770 0.017477  1.044101
18.90869140	491	-0.057700 0.013886  1.053917
18.91383934	490	-0.054348 0.011492  1.055593
18.91898345	489	-0.051714 0.016041  1.050326
18.92412757	490	-0.054348 0.015323  1.053678
18.92928886	488	-0.050757 0.009577  1.057029
18.93444061	488	-0.049559 0.011731  1.063972
18.93959236	488	-0.046926 0.009577  1.063733
18.94475173	488	-0.045968 0.010774  1.058945
18.94991111	487	-0.041180 0.008380  1.060142
18.95506477	487	-0.038786 0.005746  1.057987
18.96023941	485	-0.036152 0.005746  1.067803
18.96539115	484	-0.043335 0.007183  1.057029
18.97056388	484	-0.038307 0.003831  1.060381
18.97571945	482	-0.037589 0.003112  1.059424
18.98089218	481	-0.035194 0.003112  1.053438
18.98606491	479	-0.033518 0.005267  1.052959
18.99122810	477	-0.038786 0.003831  1.058945
18.99638748	480	-0.034237 0.003352  1.061578
19.00154876	477	-0.040462 0.001676  1.065170
19.00669670	476	-0.039025 0.003352  1.063494
19.01184082	476	-0.037589 0.008619  1.059663
19.01697921	475	-0.039025 0.006464  1.064212
19.02212715	472	-0.032321 0.005985  1.062057
19.02728080	473	-0.043335 0.008619  1.053678
19.03243637	473	-0.037828 0.011492  1.060142
19.03758430	473	-0.037110 0.012450  1.056072
19.04272842	469	-0.040940 0.012210  1.057269
19.04787254	472	-0.048362 0.012450  1.065170
19.05301284	468	-0.041419 0.017956  1.067085
19.05816841	470	-0.044292 0.014126  1.052241
19.06332015	470	-0.047405 0.016999  1.062296
19.06847572	469	-0.049799 0.019153  1.062057
19.07362747	468	-0.050996 0.020590  1.064212
19.07877540	467	-0.055784 0.017238  1.056311
19.08393287	465	-0.050038 0.021548  1.062296
19.08909225	463	-0.056981 0.023224  1.058705
19.09425163	463	-0.054587 0.024899  1.063254
19.09942054	464	-0.056981 0.022745  1.064691
19.10459518	461	-0.056263 0.021308  1.063733
19.10975265	460	-0.054108 0.021069  1.050326
19.11491966	462	-0.054827 0.024660  1.054635
19.12008094	461	-0.058657 0.018196  1.058705
19.12524032	460	-0.057221 0.021308  1.051283
##inga 
#ido(sec)  szog(ADC)     ax(g)    ay(g)   az(g)
19.13094711	459	-0.053390 0.019632  1.055114
19.13622093	458	-0.057460 0.021308  1.057029
19.14149665	457	-0.052672 0.019393  1.060621
19.14676856	456	-0.052432 0.019393  1.066367
19.15194320	453	-0.051475 0.023942  1.058466
19.15711212	455	-0.050278 0.024181  1.056790
19.16227149	455	-0.047165 0.023224  1.054875
19.16743659	454	-0.045011 0.018675  1.049368
19.17258834	453	-0.043574 0.013886  1.052002
19.17774009	449	-0.043813 0.009337  1.050804
19.18288040	452	-0.036870 0.014365  1.056550
19.18801689	452	-0.042856 0.012929  1.053678
19.19316864	451	-0.039265 0.014365  1.055832
19.19832038	451	-0.039265 0.009577  1.056550
19.20347595	448	-0.038546 0.014126  1.053917
19.20862388	451	-0.035673 0.005746  1.046734
19.21377182	449	-0.024181 0.013886  1.041467
19.21891975	448	-0.035434 0.005985  1.047213
19.22407150	449	-0.030167 0.007901  1.047692
19.22922706	448	-0.031124 0.007183  1.048171
19.23438072	448	-0.034955 0.015323  1.047692
19.23952865	447	-0.034955 0.009816  1.041467
19.24468803	446	-0.030406 0.010295  1.044340
19.24983215	447	-0.042138 0.016280  1.048171
19.25497627	447	-0.039983 0.013886  1.046974
19.26013946	447	-0.032800 0.017238  1.040031
19.26530838	443	-0.038067 0.019872  1.034285
19.27047920	445	-0.034476 0.013647  1.036439
19.27564048	445	-0.039743 0.019872  1.051283
19.28079605	443	-0.044771 0.015323  1.035721
19.28595161	442	-0.045968 0.021308  1.035721
19.29111289	441	-0.047884 0.022026  1.032609
19.29627609	441	-0.052432 0.024899  1.038115
19.30143928	440	-0.047644 0.027294  1.031172
19.30659294	439	-0.049799 0.027054  1.033088
19.31175994	439	-0.049559 0.023463  1.042904
19.31691932	439	-0.053869 0.024660  1.032848
19.32207679	438	-0.052672 0.028251  1.029736
19.32722473	438	-0.055306 0.032561  1.034524
19.33236885	437	-0.052911 0.025857  1.022553
19.33751106	435	-0.053630 0.025139  1.027342
19.34266853	435	-0.043813 0.023463  1.033566
19.34782409	435	-0.049081 0.017477  1.024469
19.35297966	435	-0.050038 0.021069  1.026623
19.35812759	434	-0.044053 0.025857  1.028299
19.36327552	432	-0.051235 0.019632  1.024469
19.36842727	433	-0.051235 0.018196  1.029496
19.37358093	434	-0.045729 0.024660  1.028060
19.37872314	434	-0.046447 0.018675  1.024947
19.38388442	432	-0.041180 0.021548  1.027102
19.38902473	433	-0.040462 0.017477  1.034763
19.39417266	430	-0.037349 0.016759  1.024708
19.39932823	430	-0.031843 0.015562  1.025426
19.40447235	430	-0.039504 0.020351  1.022553
19.40963935	430	-0.034237 0.011731  1.026384
19.41480445	432	-0.036870 0.022026  1.025905
19.41996002	432	-0.031124 0.016999  1.024947
19.42513275	432	-0.032082 0.015562  1.018004
19.43028831	431	-0.030885 0.017477  1.021835
19.43545532	432	-0.029448 0.018196  1.019441
19.44062423	432	-0.030406 0.008619  1.012977
19.44579505	430	-0.027533 0.017956  1.020638
19.45096015	432	-0.033279 0.011013  1.017047
19.45612716	431	-0.033758 0.009098  1.016328
19.46128845	432	-0.031843 0.014844  1.024229
19.46644020	432	-0.030406 0.017956  1.019680
19.47157669	431	-0.034716 0.012929  1.023032
19.47672080	432	-0.041659 0.011971  1.015371
19.48188018	431	-0.037110 0.014365  1.022074
19.48703575	432	-0.038307 0.020590  1.018962
19.49217987	430	-0.040462 0.018675  1.018723
19.49733924	430	-0.040222 0.022026  1.015131
19.50250053	431	-0.039743 0.017956  1.016089
19.50765228	431	-0.051954 0.032800  1.020159
19.51279640	432	-0.048362 0.023942  1.005315
19.51794433	430	-0.051714 0.022266  1.014892
19.52309989	432	-0.050038 0.016041  1.013934
19.52824783	432	-0.047165 0.028491  1.021595
19.53340339	431	-0.050517 0.026815  1.021835
19.53855514	432	-0.048362 0.024660  1.021595
19.54370307	432	-0.054827 0.022266  1.013934
19.54884719	431	-0.055545 0.026815  1.016328
19.55400466	432	-0.057700 0.018675  1.025187
19.55917167	430	-0.055784 0.026815  1.025905
19.56433105	433	-0.057460 0.026097  1.014174
19.56950378	433	-0.052911 0.016520  1.021356
19.57466888	431	-0.047884 0.023463  1.026623
19.57984352	433	-0.055306 0.018435  1.023990
19.58499908	434	-0.047165 0.026575  1.020877
19.59015655	432	-0.057221 0.018196  1.032369
19.59533691	433	-0.047884 0.017956  1.023032
19.60050392	434	-0.049081 0.021548  1.028299
19.60566329	435	-0.042377 0.016041  1.022553
19.61080741	436	-0.047165 0.012210  1.018244
19.61597251	434	-0.043574 0.021308  1.021835
19.62112426	436	-0.039025 0.016041  1.022314
19.62626838	434	-0.039504 0.010056  1.020159
19.63140869	437	-0.041898 0.013886  1.033088
19.63656806	438	-0.042377 0.009577  1.024947
19.64172363	438	-0.032800 0.007661  1.012258
19.64687156	437	-0.034955 0.010056  1.034524
##inga 
#ido(sec)  szog(ADC)     ax(g)    ay(g)   az(g)
19.65255546	436	-0.034955 0.007661  1.033088
19.65782356	437	-0.034955 0.014844  1.026863
19.66310310	439	-0.034237 0.010295  1.029736
19.66836357	441	-0.036391 0.013886  1.027581
19.67351913	442	-0.036152 0.008140  1.035961
19.67867279	442	-0.033279 0.007901  1.032369
19.68382835	442	-0.039025 0.010534  1.033327
19.68898391	441	-0.038067 0.014604  1.030215
19.69413566	443	-0.040701 0.011492  1.035721
19.69929122	444	-0.041898 0.017477  1.034524
19.70444488	444	-0.046926 0.012450  1.038834
19.70959281	447	-0.045250 0.009577  1.040031
19.71474838	447	-0.040701 0.010534  1.041946
19.71989631	448	-0.043813 0.018914  1.044819
19.72506332	448	-0.044292 0.020111  1.044340
19.73022079	448	-0.050278 0.010295  1.033327
19.73538398	448	-0.052432 0.016759  1.045058
19.74053573	447	-0.051235 0.017238  1.047692
19.74569511	448	-0.052672 0.021069  1.045058
19.75086402	449	-0.051235 0.017477  1.039312
19.75601959	449	-0.061052 0.023702  1.046734
19.76118850	450	-0.047884 0.022984  1.052959
19.76635169	448	-0.057221 0.018196  1.045777
19.77152824	448	-0.054827 0.018435  1.044819
19.77669143	449	-0.056503 0.019153  1.045777
19.78184890	452	-0.050517 0.018914  1.046016
19.78700828	452	-0.055784 0.018914  1.049368
19.79215240	452	-0.055066 0.016041  1.051762
19.79730415	451	-0.054587 0.015562  1.048410
19.80244827	452	-0.052672 0.020351  1.052480
19.80759620	452	-0.056263 0.015083  1.056072
19.81273651	456	-0.054827 0.014365  1.051762
19.81787681	456	-0.051235 0.009816  1.045537
19.82302474	456	-0.052193 0.015083  1.059424
19.82817649	455	-0.049320 0.010295  1.056311
19.83333206	454	-0.046447 0.011731  1.061099
19.83848762	456	-0.049799 0.008619  1.057508
19.84364891	458	-0.041659 0.007901  1.054156
19.84880447	458	-0.040701 0.009098  1.050804
19.85393524	460	-0.039743 0.008619  1.069958
19.85907936	461	-0.044771 0.008380  1.064451
19.86423110	462	-0.039743 0.009577  1.067803
19.86939620	463	-0.039265 0.002394  1.060860
19.87454414	461	-0.043335 0.006225  1.050565
19.87971115	462	-0.039743 0.002873  1.059424
19.88488769	464	-0.042616 0.006704  1.061818
19.89005279	465	-0.040701 0.007661  1.054156
19.89520835	465	-0.043335 0.005028  1.064930
19.90036773	466	-0.047405 0.002394  1.061818
19.90552711	467	-0.046926 0.002155  1.062536
19.91068458	467	-0.044053 0.009577  1.061818
19.91584777	469	-0.046926 0.006225  1.060621
19.92101669	467	-0.047405 0.009577  1.069000
19.92616462	471	-0.047405 0.010534  1.062296
19.93132781	472	-0.044532 0.006943  1.061578
19.93649291	472	-0.053151 0.008858  1.071155
19.94164466	470	-0.050517 0.010056  1.061099
19.94679260	471	-0.057460 0.010534  1.058466
19.95194053	475	-0.048362 0.016999  1.061818
19.95709991	475	-0.056981 0.011492  1.058466
19.96225166	473	-0.057700 0.018675  1.058945
19.96740722	475	-0.056503 0.012210  1.056790
19.97255516	476	-0.055545 0.009098  1.056790
19.97769165	475	-0.049559 0.010295  1.062057
19.98283576	476	-0.062009 0.014844  1.058945
19.98797988	477	-0.054827 0.005985  1.059184
19.99313163	480	-0.059615 0.013407  1.064451
19.99827957	481	-0.054587 0.005507  1.065170
20.00342369	482	-0.062488 0.009816  1.057748
20.00856781	480	-0.058418 0.012450  1.055114
20.01371192	484	-0.059854 0.011971  1.059424
20.01886367	481	-0.048362 0.004549  1.060381
20.02400779	483	-0.056742 0.012929  1.054875
20.02918052	486	-0.052432 0.011013  1.065648
20.03434371	484	-0.051954 0.002873  1.061099
20.03949546	484	-0.051235 0.002634  1.058226
20.04466438	489	-0.046686 0.005746  1.054875
20.04983139	489	-0.045968 0.005507  1.051523
20.05499649	491	-0.050996 0.003591  1.055593
20.06015586	491	-0.050757 -0.000239  1.057029
20.06534767	492	-0.045968 -0.001915  1.059902
20.07055282	492	-0.042616 -0.002155  1.052241
20.07575225	493	-0.041898 -0.000958  1.052959
20.08095169	494	-0.041898 0.000718  1.050804
20.08609580	494	-0.045250 0.001915  1.053438
20.09123229	495	-0.046926 0.001915  1.048889
20.09637641	495	-0.045729 -0.001915  1.060142
20.10157966	496	-0.042616 0.000000  1.052959
20.10668754	496	-0.039983 0.003831  1.043861
20.11184310	494	-0.046447 -0.001197  1.052480
20.11703681	498	-0.041419 -0.003591  1.050086
20.12223625	496	-0.048362 -0.001676  1.049368
20.12742424	501	-0.045489 -0.001915  1.042425
20.13261604	501	-0.045729 0.001915  1.043861
20.13778305	500	-0.047644 0.003112  1.049847
20.14294815	502	-0.041898 -0.006464  1.041467
20.14815521	503	-0.051475 -0.001197  1.042904
20.15336036	501	-0.052911 0.005267  1.046495
20.15853118	504	-0.050517 0.000718  1.043861
20.16368865	501	-0.052193 0.005028  1.046256
20.16885566	504	-0.052432 -0.001915  1.045777
##inga 
#ido(sec)  szog(ADC)     ax(g)    ay(g)   az(g)
20.17458343	504	-0.060094 0.005985  1.044101
20.17984390	504	-0.051714 0.003112  1.036918
20.18512344	505	-0.055784 0.005267  1.038355
20.19039154	505	-0.058657 0.009577  1.039073
20.19555282	505	-0.057460 0.007661  1.041946
20.20070838	505	-0.059615 0.003112  1.035482
20.20585632	504	-0.057939 0.000239  1.045777
20.21100807	505	-0.057700 0.001676  1.043383
20.21615600	506	-0.060094 0.005985  1.037876
20.22129631	504	-0.057221 0.006225  1.037158
20.22644042	504	-0.061530 0.007661  1.033806
20.23158836	506	-0.055545 0.007661  1.029496
20.23673248	507	-0.056981 0.001676  1.033566
20.24188804	508	-0.056742 0.001437  1.032848
20.24703979	508	-0.062249 0.004788  1.035242
20.25218772	508	-0.062488 0.000000  1.030693
20.25729560	506	-0.056263 -0.001676  1.026863
20.26250076	509	-0.053869 -0.006943  1.031651
20.26770019	507	-0.056981 -0.002394  1.028539
20.27289581	508	-0.051475 -0.002394  1.032609
20.27809906	510	-0.059136 -0.005028  1.026863
20.28329658	511	-0.048602 0.005507  1.029017
20.28846359	511	-0.046926 -0.004788  1.027820
20.29365921	511	-0.048841 -0.008380  1.019201
20.29887199	510	-0.053390 -0.000718  1.029017
20.30407905	512	-0.045250 -0.003831  1.029257
20.30928039	510	-0.053390 -0.005267  1.036439
20.31448364	510	-0.045729 0.001676  1.025426
20.31963157	513	-0.046447 -0.003831  1.020638
20.32482337	512	-0.048123 -0.010534  1.025905
20.33002853	511	-0.045489 -0.003831  1.023750
20.33521652	512	-0.043574 -0.008140  1.024708
20.34040832	513	-0.047644 -0.010295  1.029017
20.34559631	513	-0.050278 0.000000  1.024469
20.35072326	513	-0.043813 -0.002634  1.034045
20.35593223	513	-0.043095 -0.000479  1.022553
20.36113166	514	-0.047165 -0.002634  1.027820
20.36633110	514	-0.053390 0.003591  1.024708
20.37148857	514	-0.053630 0.002394  1.022314
20.37664794	514	-0.053390 -0.006943  1.027102
20.38186073	514	-0.054827 -0.000479  1.022553
20.38706398	514	-0.048362 -0.005267  1.025905
20.39226341	514	-0.053390 -0.001197  1.023032
20.39746093	515	-0.056263 -0.001676  1.018723
20.40265655	513	-0.058657 0.006704  1.022793
20.40781593	512	-0.055784 -0.005028  1.023511
20.41301536	514	-0.061770 0.005028  1.020398
20.41815948	513	-0.050757 0.010774  1.028060
20.42331123	513	-0.054348 0.002155  1.025666
20.42846488	513	-0.062727 0.001915  1.019920
20.43361663	511	-0.054827 0.011492  1.019201
20.43876838	514	-0.058657 0.007183  1.022553
20.44392013	513	-0.053630 0.002394  1.024947
20.44908332	510	-0.063685 0.010056  1.025426
20.45425605	511	-0.053390 0.006464  1.022553
20.45940780	511	-0.055306 0.005985  1.029496
20.46456718	511	-0.060812 0.012929  1.022074
20.46973609	509	-0.059854 0.005507  1.032369
20.47489547	512	-0.054827 0.008619  1.033806
20.48006057	510	-0.057939 0.002394  1.024947
20.48521614	510	-0.051235 0.002873  1.027342
20.49037551	510	-0.052432 0.003352  1.031172
20.49553108	509	-0.052193 0.003352  1.032848
20.50069618	508	-0.050038 0.000239  1.036200
20.50583267	506	-0.051235 0.001915  1.034524
20.51098823	505	-0.046926 0.005267  1.033566
20.51613616	506	-0.051714 0.004549  1.035961
20.52128791	505	-0.044532 0.000479  1.032130
20.52642822	507	-0.041898 0.004070  1.035003
20.53157997	506	-0.040701 0.001915  1.031890
20.53672409	506	-0.039265 -0.001197  1.036679
20.54192352	506	-0.040701 0.003352  1.030454
20.54707145	505	-0.043095 -0.000958  1.037158
20.55226707	505	-0.041419 -0.000239  1.029496
20.55746459	503	-0.045489 -0.001676  1.039791
20.56266403	502	-0.037828 0.003112  1.036918
20.56782341	502	-0.043574 -0.001915  1.036679
20.57302856	502	-0.049320 0.000479  1.035721
20.57817649	503	-0.045250 0.003352  1.035482
20.58333587	503	-0.049320 0.005028  1.047931
20.58849906	503	-0.045729 0.005028  1.043143
20.59364891	502	-0.051235 0.003591  1.048410
20.59880828	501	-0.052672 0.003352  1.036439
20.60397529	502	-0.045968 0.005746  1.036439
20.60912895	501	-0.051714 0.009577  1.040031
20.61429595	501	-0.050517 0.018196  1.039312
20.61944770	500	-0.052672 0.007901  1.038594
20.62459945	498	-0.050038 0.012689  1.050804
20.62974357	499	-0.052193 0.012210  1.055114
20.63489151	496	-0.055306 0.007661  1.057029
20.64004707	496	-0.056503 0.013407  1.046256
20.64520072	495	-0.058179 0.013647  1.041228
20.65034866	495	-0.058897 0.011013  1.050804
20.65549659	493	-0.064882 0.014365  1.052480
20.66064071	494	-0.060812 0.011492  1.048650
20.66578483	493	-0.054108 0.012689  1.054875
20.67094039	493	-0.052193 0.015562  1.056072
20.67609977	490	-0.061052 0.017238  1.043143
20.68124389	490	-0.059136 0.011013  1.055353
20.68638801	491	-0.056503 0.014604  1.055593
20.69153213	489	-0.048123 0.009098  1.052241
##inga 
#ido(sec)  szog(ADC)     ax(g)    ay(g)   az(g)
20.69722366	488	-0.051954 0.013407  1.045298
20.70249557	486	-0.046686 0.011971  1.045298
20.70776748	486	-0.049799 0.012210  1.051044
20.71302032	485	-0.042616 0.011731  1.048650
20.71816825	486	-0.045729 0.003112  1.058945
20.72330856	486	-0.048602 0.011013  1.058466
20.72845649	485	-0.045011 0.009337  1.048171
20.73360824	482	-0.039983 0.004549  1.051283
20.73875236	483	-0.038786 0.004549  1.047692
20.74391174	480	-0.042856 0.010774  1.058945
20.74908065	482	-0.036391 0.003352  1.056790
20.75424766	480	-0.042616 0.010774  1.055832
20.75941658	480	-0.039504 0.000239  1.051762
20.76457214	479	-0.042616 0.007661  1.065648
20.76974487	479	-0.043574 0.009816  1.057269
20.77490043	478	-0.035913 0.009098  1.057269
20.78006744	476	-0.032321 0.005028  1.069240
20.78522491	476	-0.038067 0.007661  1.053438
20.79039192	475	-0.040701 0.008858  1.057269
20.79554748	475	-0.042138 0.012929  1.053678
20.80071258	474	-0.039983 0.004788  1.050565
20.80586433	472	-0.042616 0.006704  1.061339
20.81101989	473	-0.045011 0.005746  1.058466
20.81616783	470	-0.045968 0.010056  1.059424
20.82131958	471	-0.048841 0.016041  1.059902
20.82648086	471	-0.045011 0.017477  1.056550
20.83161544	469	-0.045729 0.014365  1.058226
20.83675575	468	-0.044292 0.011971  1.061578
20.84191513	468	-0.051475 0.018196  1.061339
20.84706878	468	-0.053390 0.015083  1.055832
20.85221672	468	-0.051235 0.018196  1.054396
20.85737228	466	-0.053869 0.015323  1.064691
20.86253166	465	-0.052911 0.019393  1.050804
20.86768341	465	-0.059136 0.022026  1.057508
20.87283134	464	-0.047884 0.020351  1.060860
20.87798881	464	-0.057700 0.017238  1.059424
20.88314056	464	-0.058179 0.021308  1.058226
20.88829994	463	-0.059376 0.019393  1.063972
20.89347648	460	-0.056742 0.020111  1.064451
20.89864730	461	-0.054827 0.016280  1.057029
20.90379905	460	-0.050278 0.016520  1.051523
20.90895271	459	-0.053869 0.012929  1.049368
20.91412734	459	-0.049559 0.019872  1.054396
20.91928482	456	-0.049320 0.014126  1.055593
20.92445564	457	-0.051235 0.014844  1.056072
20.92962074	456	-0.050996 0.016280  1.056072
20.93477630	453	-0.047644 0.015323  1.060860
20.93992042	455	-0.043095 0.015802  1.047213
20.94507217	455	-0.047405 0.018435  1.053678
20.95023918	453	-0.036391 0.018914  1.045777
20.95539665	452	-0.041898 0.015323  1.052241
20.96055221	452	-0.036870 0.011731  1.043861
20.96569633	451	-0.038786 0.012929  1.041707
20.97084808	449	-0.042856 0.012450  1.055114
20.97599220	449	-0.034237 0.013168  1.044580
20.98113632	449	-0.036152 0.009337  1.046016
20.98628807	449	-0.041180 0.012689  1.035242
20.99143981	450	-0.035673 0.012929  1.044340
20.99659538	450	-0.037828 0.016280  1.049607
21.00174331	450	-0.040462 0.014844  1.045298
21.00689125	449	-0.038307 0.016999  1.040270
21.01203918	448	-0.038546 0.008619  1.046495
21.01718330	446	-0.036870 0.012929  1.041707
21.02232742	447	-0.038307 0.014604  1.039791
21.02747917	448	-0.041419 0.013886  1.043622
21.03263282	447	-0.043574 0.016759  1.041707
21.03777694	447	-0.045250 0.017238  1.038834
21.04293632	445	-0.043574 0.012210  1.034045
21.04809951	447	-0.043574 0.017477  1.047213
21.05326080	447	-0.037828 0.022984  1.039552
21.05842781	446	-0.045011 0.022026  1.040988
21.06358718	445	-0.043095 0.017956  1.034285
21.06875610	445	-0.046926 0.020111  1.030693
21.07392311	445	-0.052911 0.021787  1.033088
21.07908821	444	-0.052193 0.017477  1.042425
21.08425140	442	-0.044532 0.021308  1.042664
21.08941650	439	-0.051714 0.019872  1.031172
21.09457588	441	-0.052432 0.024660  1.030215
21.09972763	439	-0.047165 0.023224  1.027581
21.10488319	437	-0.049320 0.022026  1.030693
21.11003684	438	-0.045729 0.025618  1.031412
21.11519622	439	-0.046208 0.018435  1.028778
21.12035560	438	-0.050757 0.020590  1.030693
21.12550735	439	-0.048123 0.014365  1.024469
21.13065528	438	-0.043813 0.020351  1.023990
21.13579940	436	-0.045968 0.024660  1.029257
21.14095687	437	-0.044292 0.017238  1.022314
21.14609909	436	-0.041659 0.013886  1.028299
21.15124893	434	-0.047165 0.020590  1.024947
21.15639686	435	-0.040222 0.017238  1.020877
21.16155624	434	-0.043813 0.018435  1.022074
21.16670036	435	-0.037589 0.017238  1.028778
21.17184448	435	-0.033279 0.019153  1.024229
21.17699241	433	-0.035194 0.022984  1.019201
21.18213653	434	-0.035194 0.019632  1.021117
21.18728828	433	-0.045250 0.007901  1.024947
21.19244384	435	-0.031603 0.016520  1.015131
21.19759941	433	-0.034476 0.014365  1.021595
21.20277595	433	-0.036870 0.017477  1.020159
21.20793533	435	-0.031364 0.017956  1.024469
21.21309661	434	-0.038786 0.013647  1.008427
##inga 
#ido(sec)  szog(ADC)     ax(g)    ay(g)   az(g)
21.21880722	433	-0.032800 0.020590  1.022074
21.22405624	434	-0.034476 0.023702  1.016807
21.22933197	433	-0.034955 0.012689  1.020398
21.23460006	433	-0.040701 0.017238  1.028778
21.23975944	432	-0.033758 0.018914  1.025666
21.24492073	433	-0.041659 0.016759  1.013934
21.25008773	432	-0.037589 0.018435  1.018004
21.25524330	433	-0.043574 0.022026  1.023750
21.26039505	432	-0.039265 0.018914  1.016568
21.26556777	430	-0.042138 0.021308  1.015131
21.27072715	432	-0.047165 0.018435  1.025187
21.27588462	430	-0.043335 0.021069  1.013695
21.28104019	433	-0.043335 0.022984  1.019201
21.28619194	432	-0.046686 0.018675  1.024947
21.29134750	431	-0.047405 0.022026  1.017286
21.29649925	433	-0.046447 0.021787  1.022074
21.30166053	433	-0.049799 0.016999  1.017286
21.30681228	432	-0.045250 0.025857  1.026144
21.31197166	433	-0.043095 0.024421  1.014892
21.31713294	432	-0.053869 0.017717  1.022793
21.32228469	433	-0.046686 0.027294  1.031651
21.32744407	433	-0.055545 0.018675  1.026384
21.33259201	433	-0.047644 0.023942  1.018244
21.33774757	434	-0.048841 0.016041  1.022074
21.34289169	433	-0.049320 0.022266  1.026144
21.34804344	433	-0.053630 0.022984  1.017525
21.35320854	435	-0.047644 0.015323  1.021117
21.35837554	434	-0.042856 0.021308  1.021595
21.36355209	434	-0.046447 0.018435  1.024469
21.36871910	437	-0.047405 0.019393  1.022074
21.37388420	437	-0.039025 0.016759  1.028060
21.37904357	437	-0.038546 0.016759  1.020159
21.38419914	436	-0.045250 0.014365  1.019201
21.38937187	437	-0.038067 0.011492  1.027342
21.39453506	437	-0.043813 0.010774  1.029017
21.39970397	439	-0.040940 0.011731  1.030215
21.40485572	437	-0.043574 0.012929  1.030454
21.41001510	440	-0.039025 0.015083  1.031651
21.41516876	440	-0.037589 0.011253  1.027820
21.42031288	439	-0.041659 0.011013  1.033806
21.42546844	440	-0.035434 0.011731  1.029017
21.43061637	442	-0.046208 0.010056  1.029736
21.43576812	443	-0.042138 0.009816  1.028299
21.44091606	443	-0.036631 0.012210  1.029736
21.44606018	444	-0.038307 0.011253  1.026384
21.45121192	442	-0.039504 0.010295  1.037158
21.45635986	443	-0.037828 0.013886  1.047213
21.46150398	445	-0.041898 0.011971  1.034763
21.46664810	444	-0.041659 0.006704  1.033327
21.47180366	447	-0.041180 0.016520  1.033327
21.47695159	448	-0.044053 0.011971  1.044340
21.48208808	446	-0.045011 0.012689  1.041467
21.48723983	449	-0.044053 0.009816  1.039791
21.49239158	448	-0.046208 0.011253  1.040270
21.49754333	448	-0.056263 0.011253  1.047931
21.50270462	447	-0.044292 0.011492  1.038355
21.50787544	447	-0.046686 0.018675  1.038355
21.51304817	448	-0.048602 0.010295  1.041707
21.51821136	448	-0.048362 0.019153  1.046734
21.52338409	448	-0.051954 0.012210  1.043622
21.52854347	449	-0.050278 0.019393  1.041707
21.53371620	450	-0.054587 0.017238  1.037636
21.53887557	451	-0.053151 0.013168  1.043383
21.54404449	451	-0.048841 0.017477  1.046016
21.54920387	452	-0.051235 0.013407  1.054875
21.55436325	452	-0.056981 0.016280  1.044101
21.55952453	452	-0.046926 0.016041  1.048410
21.56466484	453	-0.056981 0.010774  1.037636
21.56982803	454	-0.052432 0.016280  1.051762
21.57497215	453	-0.049559 0.018914  1.044340
21.58012390	454	-0.052193 0.011253  1.050804
21.58526420	453	-0.046686 0.013886  1.051044
21.59041595	454	-0.055306 0.011253  1.051762
21.59556770	454	-0.049320 0.009816  1.060860
21.60071563	457	-0.045489 0.009337  1.058466
21.60587120	457	-0.045968 0.008380  1.051523
21.61101531	455	-0.045729 0.010056  1.055353
21.61617279	457	-0.038786 0.005746  1.057269
21.62132072	459	-0.048362 0.009098  1.049847
21.62646484	461	-0.043095 0.006464  1.056311
21.63161659	462	-0.048602 0.011013  1.060621
21.63676071	462	-0.050278 0.011731  1.056072
21.64190864	463	-0.048123 0.006464  1.053678
21.64705276	463	-0.040940 0.009816  1.055114
21.65220832	464	-0.041898 0.006704  1.058226
21.65737533	462	-0.043095 0.006225  1.053678
21.66255187	464	-0.045968 0.001915  1.054875
21.66770744	465	-0.043574 0.006704  1.056550
21.67287254	465	-0.039983 0.006225  1.057508
21.67803192	465	-0.046926 0.007901  1.060860
21.68317985	468	-0.038546 0.014126  1.056790
21.68833541	467	-0.045011 0.012929  1.050086
21.69350433	469	-0.043813 0.009577  1.057029
21.69866371	470	-0.054348 0.005507  1.058945
21.70382881	472	-0.046926 0.007422  1.058945
21.70899200	472	-0.050038 0.006943  1.051523
21.71413230	473	-0.052193 0.003352  1.069000
21.71927642	473	-0.055066 0.010534  1.059902
21.72443199	475	-0.053151 0.014126  1.053678
21.72958374	475	-0.052911 0.003352  1.059424
21.73473548	475	-0.049799 0.012450  1.056311
##inga 
#ido(sec)  szog(ADC)     ax(g)    ay(g)   az(g)
21.74041175	476	-0.055306 0.009337  1.054875
21.74569129	477	-0.055306 0.014365  1.061339
21.75098800	475	-0.049559 0.007661  1.052002
21.75622367	478	-0.052193 0.004788  1.047692
21.76136779	477	-0.054348 0.011013  1.058705
21.76651954	478	-0.056981 0.008140  1.053438
21.77165603	479	-0.054827 0.008858  1.058226
21.77680778	479	-0.050278 0.012450  1.061578
21.78195190	481	-0.051954 0.013407  1.051762
21.78709983	483	-0.055066 0.010774  1.060860
21.79224395	483	-0.048362 0.009098  1.061339
21.79738807	483	-0.051954 0.007901  1.050326
21.80253982	485	-0.055066 0.006704  1.054396
21.80768775	484	-0.052432 0.007901  1.055593
21.81283187	484	-0.059854 0.005985  1.051523
21.81798744	487	-0.045011 0.000718  1.058226
21.82313537	488	-0.055545 -0.000479  1.057029
21.82834053	490	-0.043574 0.006943  1.047931
21.83351135	490	-0.047165 -0.002155  1.046734
21.83871269	491	-0.047884 0.004310  1.049847
21.84387207	490	-0.044771 0.001676  1.061818
21.84903907	492	-0.044532 0.008858  1.057987
21.85419654	491	-0.043574 0.008380  1.046495
21.85935211	493	-0.042138 0.001437  1.049607
21.86451530	493	-0.048602 0.000958  1.046734
21.86967658	493	-0.051714 0.008380  1.054156
21.87483978	494	-0.045011 0.002394  1.041228
21.88000488	495	-0.046686 0.002873  1.048650
21.88515281	496	-0.046926 -0.005028  1.050326
21.89035224	496	-0.048123 0.005507  1.050086
21.89550399	496	-0.048362 -0.004788  1.052720
21.90069961	497	-0.047165 0.002873  1.049368
21.90584754	495	-0.045250 0.001197  1.047453
21.91099929	499	-0.048841 -0.004310  1.047692
21.91619110	500	-0.055545 0.001437  1.047213
21.92135620	501	-0.052432 -0.001437  1.042904
21.92655563	500	-0.049320 0.005267  1.039312
21.93170356	501	-0.048123 0.001676  1.051762
21.93685531	502	-0.054587 -0.000718  1.047453
21.94205665	503	-0.047884 0.003352  1.044580
21.94721984	503	-0.056263 0.003591  1.043861
21.95238494	503	-0.051235 0.003352  1.038834
21.95755195	504	-0.058179 0.001437  1.039552
21.96272087	504	-0.056503 0.010056  1.034285
21.96788787	504	-0.057700 0.008619  1.040510
21.97305107	503	-0.056742 0.003591  1.030454
21.97820854	504	-0.064882 0.001197  1.033088
21.98336791	503	-0.055784 0.001437  1.037636
21.98853683	504	-0.055306 0.002155  1.039552
21.99369621	505	-0.057939 0.002394  1.040031
21.99884796	505	-0.054827 0.000718  1.034524
22.00399971	505	-0.052911 0.005028  1.024469
22.00915145	505	-0.053869 0.002634  1.029496
22.01430320	505	-0.060333 0.005028  1.039073
22.01944732	505	-0.062249 0.001437  1.038115
22.02460861	506	-0.062249 0.000718  1.037876
22.02976036	506	-0.051235 0.003352  1.037876
22.03491210	506	-0.053390 0.006464  1.025187
22.04006385	506	-0.053151 -0.005267  1.039312
22.04525947	507	-0.054108 0.003112  1.025187
22.05040740	508	-0.054108 -0.000239  1.021117
22.05559921	507	-0.052672 0.002873  1.025187
22.06075286	507	-0.050996 0.002873  1.033806
22.06590461	508	-0.049799 -0.000718  1.024469
22.07111549	506	-0.055306 -0.002634  1.024947
22.07632446	508	-0.051954 0.001676  1.025905
22.08148765	507	-0.046447 0.002634  1.026863
22.08665657	507	-0.041419 -0.007183  1.024708
22.09185600	509	-0.052672 -0.000958  1.025905
22.09705543	507	-0.052193 -0.004549  1.026144
22.10224723	508	-0.044771 -0.002155  1.030454
22.10744094	509	-0.046447 0.002155  1.028060
22.11259269	509	-0.044532 -0.002634  1.021595
22.11779594	508	-0.052432 -0.005028  1.019441
22.12299537	510	-0.046926 -0.003831  1.009864
22.12820434	510	-0.051714 -0.003591  1.027102
22.13339233	509	-0.053390 -0.005507  1.028778
22.13858795	509	-0.051475 -0.002873  1.018483
22.14379692	510	-0.058179 -0.006704  1.032609
22.14900016	508	-0.054348 0.000239  1.026623
22.15415191	509	-0.051475 0.001197  1.025666
22.15932083	510	-0.046926 0.002394  1.022793
22.16449546	509	-0.054827 -0.000958  1.031890
22.16969680	510	-0.048602 -0.000958  1.022314
22.17490386	511	-0.051235 0.005028  1.031412
22.18004798	508	-0.056024 0.000000  1.020877
22.18516349	508	-0.055066 0.005985  1.021356
22.19030761	510	-0.052432 0.005985  1.028060
22.19546890	510	-0.058897 0.005267  1.023032
22.20060729	508	-0.058657 0.005028  1.020877
22.20575141	507	-0.053630 0.003352  1.031172
22.21090316	508	-0.053869 0.007901  1.034045
22.21606445	509	-0.056742 0.003831  1.030215
22.22121620	509	-0.061052 0.007661  1.020877
22.22637939	507	-0.052911 0.003352  1.029496
22.23152732	509	-0.060812 0.006943  1.028778
22.23667144	507	-0.052432 0.004549  1.021117
22.24182319	508	-0.050038 0.001676  1.029017
22.24697685	508	-0.057221 0.005746  1.025905
22.25212860	505	-0.052432 0.007422  1.026863
22.25727272	506	-0.046926 0.003352  1.029496
##inga 
#ido(sec)  szog(ADC)     ax(g)    ay(g)   az(g)
22.26295280	506	-0.051714 0.008619  1.029496
22.26821517	505	-0.051954 0.005746  1.026144
22.27349662	504	-0.054108 0.011013  1.031172
22.27876091	505	-0.048362 0.003112  1.033088
22.28391265	506	-0.055306 0.005507  1.033566
22.28906440	506	-0.043095 0.004788  1.023990
22.29420089	503	-0.047644 0.005267  1.036679
22.29935264	505	-0.042856 0.006943  1.027581
22.30451202	505	-0.045968 0.002634  1.035242
22.30968093	504	-0.049320 -0.000718  1.029017
22.31487274	504	-0.048602 0.004070  1.036439
22.32003211	502	-0.046926 0.005267  1.040031
22.32519149	503	-0.042138 0.008858  1.029017
22.33035659	500	-0.042377 0.002634  1.034285
22.33553123	501	-0.050038 0.004310  1.039552
22.34068870	502	-0.044292 0.005028  1.036200
22.34583282	502	-0.042856 0.003352  1.029975
22.35099220	502	-0.044292 0.003831  1.043622
22.35614395	501	-0.047165 0.013407  1.038355
22.36130332	501	-0.044292 0.000239  1.041707
22.36645507	500	-0.042138 0.012210  1.039791
22.37159919	500	-0.042616 0.011492  1.034285
22.37674713	500	-0.047884 0.005267  1.033806
22.38190460	499	-0.043335 0.008380  1.044101
22.38705253	497	-0.054108 0.001676  1.043383
22.39220046	497	-0.052432 0.003591  1.049847
22.39734458	494	-0.050278 -0.001437  1.045777
22.40254020	495	-0.052432 0.005985  1.046974
22.40768432	495	-0.047165 0.009577  1.040270
22.41283226	493	-0.048602 0.015083  1.050326
22.41797637	495	-0.052193 0.006225  1.048410
22.42312049	494	-0.049081 0.005985  1.050804
22.42826461	494	-0.053390 0.012929  1.046734
22.43341636	493	-0.052193 0.013647  1.048650
22.43856048	490	-0.055066 0.007661  1.040031
22.44371986	491	-0.050517 0.007183  1.046734
22.44888877	491	-0.052193 0.006943  1.040988
22.45405197	490	-0.054348 0.016759  1.055593
22.45922088	487	-0.047165 0.007661  1.050804
22.46438789	489	-0.048362 0.006225  1.051762
22.46954727	488	-0.047644 0.016280  1.046495
22.47471618	487	-0.049320 0.012689  1.057987
22.47987937	487	-0.048602 0.007901  1.051762
22.48503684	485	-0.054827 0.013407  1.051762
22.49019241	485	-0.044292 0.012929  1.056072
22.49535179	485	-0.043095 0.001915  1.055832
22.50051116	485	-0.043813 0.009337  1.052002
22.50566482	484	-0.046447 0.013647  1.052959
22.51081657	480	-0.047405 0.012450  1.052480
22.51596069	480	-0.045489 0.007901  1.053438
22.52110862	481	-0.045489 0.008380  1.059424
22.52625274	477	-0.044053 0.014365  1.048171
22.53140830	478	-0.044053 0.009337  1.060142
22.53655624	478	-0.043335 0.007901  1.050804
22.54169654	478	-0.039743 0.011253  1.052720
22.54684829	475	-0.043574 0.010295  1.048650
22.55199241	474	-0.041898 0.011013  1.056311
22.55714797	475	-0.043813 0.011013  1.046495
22.56229591	473	-0.042138 0.007901  1.061339
22.56744003	474	-0.044532 0.006225  1.057269
22.57258796	474	-0.044053 0.010295  1.058466
22.57773590	472	-0.040222 0.010056  1.055353
22.58288002	473	-0.039504 0.013647  1.053438
22.58802413	471	-0.046447 0.007901  1.050565
22.59317970	470	-0.038786 0.015802  1.054635
22.59833908	471	-0.047405 0.019393  1.052720
22.60349655	471	-0.047884 0.011971  1.052002
22.60865592	470	-0.050038 0.012929  1.056072
22.61381149	470	-0.050757 0.013168  1.060381
22.61898422	469	-0.050517 0.012450  1.063733
22.62413597	468	-0.043335 0.011013  1.049368
22.62930488	464	-0.048602 0.012929  1.055353
22.63446807	466	-0.049799 0.010774  1.060381
22.63963508	465	-0.045968 0.016520  1.054156
22.64479637	463	-0.048123 0.014126  1.058466
22.64996337	464	-0.048841 0.016520  1.047931
22.65512847	464	-0.056024 0.017238  1.050804
22.66029167	461	-0.049081 0.015323  1.052480
22.66543960	461	-0.045968 0.014604  1.059424
22.67057991	463	-0.047405 0.015083  1.048650
22.67572784	461	-0.049320 0.016520  1.053438
22.68086051	460	-0.048362 0.011731  1.053199
22.68601608	458	-0.045489 0.009577  1.048171
22.69117164	460	-0.048362 0.015562  1.047931
22.69631958	458	-0.046208 0.014844  1.049847
22.70146369	458	-0.041180 0.014126  1.053678
22.70661544	457	-0.048123 0.014844  1.053678
22.71176719	455	-0.047405 0.011013  1.046734
22.71691131	456	-0.042856 0.017477  1.042664
22.72206306	455	-0.046686 0.018196  1.049368
22.72722053	452	-0.043813 0.019393  1.047692
22.73236846	453	-0.043335 0.014844  1.055832
22.73752021	452	-0.047165 0.011492  1.049847
22.74267196	452	-0.043574 0.012689  1.038834
22.74782752	451	-0.043574 0.016280  1.041467
22.75297927	451	-0.039743 0.009337  1.049607
22.75812721	451	-0.038786 0.012210  1.044340
22.76328086	449	-0.038546 0.015083  1.038355
22.76845550	451	-0.042377 0.015083  1.037876
22.77361679	450	-0.035434 0.011492  1.040031
22.77877616	450	-0.035673 0.018675  1.046734
##inga 
#ido(sec)  szog(ADC)     ax(g)    ay(g)   az(g)
22.78447914	449	-0.039743 0.011253  1.044340
22.78975677	450	-0.048841 0.014604  1.046016
22.79501914	447	-0.036631 0.013886  1.042904
22.80028343	449	-0.041659 0.017238  1.039552
22.80545616	448	-0.040940 0.015323  1.047213
22.81061553	447	-0.038307 0.018435  1.044340
22.81577682	446	-0.043335 0.013886  1.047213
22.82093620	448	-0.039743 0.015562  1.031172
22.82608795	447	-0.045011 0.021308  1.037397
22.83126068	447	-0.041898 0.015323  1.034285
22.83642005	448	-0.046926 0.016520  1.036200
22.84156799	445	-0.046926 0.018435  1.032609
22.84673690	446	-0.045968 0.021308  1.035482
22.85188484	446	-0.043574 0.018675  1.034045
22.85704421	446	-0.043813 0.020829  1.025905
22.86219978	443	-0.040222 0.024181  1.026623
22.86735534	445	-0.041659 0.019632  1.031412
22.87251663	445	-0.044771 0.018196  1.027342
22.87766838	443	-0.048841 0.020590  1.025666
22.88281631	441	-0.044532 0.019153  1.029975
22.88796043	440	-0.044532 0.020590  1.020638
22.89311599	442	-0.046208 0.019393  1.029257
22.89826774	441	-0.042616 0.017717  1.036200
22.90341567	440	-0.051714 0.023463  1.036679
22.90857124	440	-0.046926 0.026097  1.025426
22.91371917	439	-0.048841 0.022745  1.027342
22.91889190	440	-0.038067 0.022026  1.034285
22.92406082	438	-0.042856 0.020111  1.024229
22.92923927	439	-0.039265 0.019872  1.022314
22.93440437	439	-0.046208 0.016280  1.022553
22.93955993	439	-0.042616 0.018675  1.018244
22.94474029	436	-0.039265 0.017238  1.033088
22.94990348	437	-0.041419 0.018435  1.019201
22.95507240	436	-0.037110 0.015323  1.025187
22.96023178	437	-0.039265 0.017956  1.022553
22.96538734	437	-0.043574 0.014844  1.024229
22.97055244	434	-0.038546 0.015562  1.011301
22.97571182	436	-0.042856 0.013168  1.021356
22.98085594	434	-0.039265 0.018675  1.021595
22.98601150	436	-0.032321 0.020111  1.017525
22.99117279	435	-0.038786 0.017238  1.019680
22.99631118	434	-0.034716 0.013886  1.023990
23.00145530	435	-0.037828 0.018914  1.019920
23.00659942	434	-0.037349 0.011731  1.018723
23.01176071	435	-0.038786 0.017956  1.020159
23.01690864	435	-0.033279 0.020111  1.023032
23.02206039	432	-0.038307 0.016041  1.015371
23.02721595	433	-0.041659 0.016520  1.029257
23.03236389	435	-0.045968 0.018675  1.015610
23.03751182	435	-0.045250 0.023224  1.024229
23.04266738	433	-0.044292 0.015802  1.028778
23.04781913	434	-0.033997 0.020590  1.020638
23.05296707	433	-0.042377 0.017717  1.031651
23.05812454	433	-0.050278 0.019393  1.019920
23.06329154	434	-0.048362 0.020111  1.025666
23.06846046	435	-0.048123 0.018435  1.019680
23.07362365	436	-0.045489 0.017956  1.019201
23.07878875	435	-0.046208 0.025139  1.015610
23.08395195	436	-0.050038 0.018435  1.021356
23.08911514	435	-0.044532 0.019872  1.021835
23.09428024	435	-0.051235 0.021308  1.023271
23.09944725	436	-0.050996 0.013647  1.026384
23.10460853	435	-0.048123 0.015323  1.019920
23.10977554	436	-0.050517 0.014604  1.021117
23.11492729	435	-0.041419 0.012210  1.024229
23.12007522	437	-0.049320 0.014126  1.032369
23.12523269	437	-0.047884 0.012689  1.028060
23.13038825	437	-0.045250 0.020351  1.024229
23.13554763	438	-0.050038 0.017477  1.020638
23.14069557	438	-0.046447 0.017477  1.023990
23.14584350	440	-0.046926 0.009098  1.024947
23.15099525	438	-0.046926 0.016999  1.026384
23.15615272	440	-0.044532 0.016520  1.025426
23.16129684	441	-0.048123 0.021787  1.036679
23.16643905	441	-0.040222 0.012210  1.028778
23.17158317	439	-0.040701 0.010534  1.026384
23.17673683	442	-0.043335 0.010534  1.025905
23.18189620	443	-0.040222 0.015562  1.035482
23.18704795	442	-0.045250 0.011253  1.027581
23.19220733	444	-0.043574 0.012450  1.036679
23.19735145	444	-0.041180 0.013168  1.034045
23.20251274	446	-0.041659 0.010774  1.026863
23.20766830	446	-0.048841 0.012689  1.027342
23.21283912	446	-0.039983 0.014126  1.027820
23.21800422	446	-0.042616 0.016041  1.036918
23.22316741	447	-0.041898 0.012210  1.036679
23.22832870	448	-0.045489 0.015323  1.034285
23.23349571	448	-0.039265 0.008380  1.040031
23.23865127	447	-0.037828 0.014844  1.039791
23.24382019	446	-0.044053 0.011731  1.046495
23.24899291	447	-0.048602 0.011013  1.032130
23.25415229	448	-0.047405 0.006704  1.037876
23.25930404	449	-0.043095 0.009577  1.028299
23.26445960	449	-0.042616 0.012929  1.038355
23.26960372	449	-0.046208 0.008619  1.037158
23.27475547	448	-0.048841 0.011971  1.036200
23.27990341	450	-0.050757 0.010534  1.028299
23.28506088	450	-0.047405 0.020111  1.047931
23.29020881	451	-0.051475 0.010295  1.039312
23.29535293	450	-0.049320 0.010774  1.039073
23.30050468	450	-0.053869 0.012929  1.041946
##inga 
#ido(sec)  szog(ADC)     ax(g)    ay(g)   az(g)
23.30618476	450	-0.045968 0.008858  1.051762
23.31145668	452	-0.051714 0.018675  1.052959
23.31674385	453	-0.046208 0.011971  1.041707
23.32200813	453	-0.054827 0.008619  1.050326
23.32715606	453	-0.049320 0.016999  1.038834
23.33231163	455	-0.044292 0.014126  1.039791
23.33746719	453	-0.054108 0.015323  1.043861
23.34262466	455	-0.052432 0.012450  1.044819
23.34776878	454	-0.053390 0.012450  1.048650
23.35290336	456	-0.050757 0.012210  1.048650
23.35803985	456	-0.052432 0.014126  1.044101
23.36318397	457	-0.052193 0.011971  1.044580
23.36833190	455	-0.050278 0.017717  1.046974
23.37347221	457	-0.059615 0.007901  1.045298
23.37861633	456	-0.049081 0.006704  1.049368
23.38376045	458	-0.046208 0.010534  1.063254
23.38891983	459	-0.048123 0.009337  1.047453
23.39408874	460	-0.046208 0.006943  1.045777
23.39925193	459	-0.046926 0.009337  1.067803
23.40441513	461	-0.042138 0.009577  1.049129
23.40959167	460	-0.040701 0.011253  1.053199
23.41476058	463	-0.045011 0.003112  1.056072
23.41991996	463	-0.045250 0.001676  1.047692
23.42509651	464	-0.044771 0.002394  1.054635
23.43026351	465	-0.042138 0.011013  1.050086
23.43542480	466	-0.045729 0.010295  1.061099
23.44057655	466	-0.047405 0.011971  1.052480
23.44571685	464	-0.045011 0.006943  1.064930
23.45085906	468	-0.039025 0.010774  1.049607
23.45601654	466	-0.041898 0.005507  1.046734
23.46116065	467	-0.046208 0.006943  1.051523
23.46630477	470	-0.047644 0.002634  1.063972
23.47146034	469	-0.043813 0.005507  1.059663
23.47660827	472	-0.047884 0.008140  1.050565
23.48175239	470	-0.048602 0.006943  1.059902
23.48690414	472	-0.053869 0.010056  1.049847
23.49204826	473	-0.051475 0.007901  1.056790
23.49719238	472	-0.050278 0.005028  1.051762
23.50235176	475	-0.046926 0.009337  1.058945
23.50749969	476	-0.048841 0.013647  1.054156
23.51265525	475	-0.050038 0.000479  1.060142
23.51779937	477	-0.057460 0.006943  1.061339
23.52295112	477	-0.053869 0.004070  1.060860
23.52809524	476	-0.054587 0.008380  1.059902
23.53323936	478	-0.053630 0.008380  1.051283
23.53838348	476	-0.050996 0.007661  1.048650
23.54353523	479	-0.057700 0.005507  1.057508
23.54870033	480	-0.056503 0.006464  1.053199
23.55386352	478	-0.056263 0.006464  1.045298
23.55902481	481	-0.052432 0.009098  1.047453
23.56419181	482	-0.050278 0.005746  1.056311
23.56934738	484	-0.051954 0.005507  1.052959
23.57450485	484	-0.049320 0.002394  1.044819
23.57966804	484	-0.050278 -0.000479  1.049129
23.58486366	485	-0.051235 0.005267  1.050326
23.59002494	486	-0.042377 0.003112  1.049129
23.59518051	486	-0.049320 0.001915  1.044819
23.60033607	487	-0.053151 0.006943  1.050086
23.60548782	488	-0.051714 0.003112  1.049607
23.61064338	490	-0.049320 0.005985  1.050326
23.61579132	490	-0.045968 0.001437  1.050565
23.62094306	489	-0.044532 0.004788  1.052720
23.62609291	491	-0.050996 0.008380  1.041946
23.63123512	491	-0.046686 -0.001915  1.048650
23.63643264	492	-0.055306 0.000479  1.041946
23.64157676	492	-0.049081 0.004549  1.054875
23.64672088	492	-0.044292 -0.000718  1.043383
23.65192031	493	-0.050757 -0.001676  1.047931
23.65711975	495	-0.052432 0.005028  1.044580
23.66227149	493	-0.042616 0.006225  1.042425
23.66743278	494	-0.047644 0.000958  1.049368
23.67259216	495	-0.046686 0.002634  1.043861
23.67775917	493	-0.052911 -0.005746  1.033566
23.68296051	496	-0.053390 -0.000479  1.042425
23.68816757	495	-0.054108 0.004549  1.040988
23.69332885	496	-0.051954 -0.001197  1.043143
23.69853210	498	-0.055306 0.002155  1.038355
23.70369911	500	-0.047884 0.006943  1.040749
23.70886039	501	-0.055545 0.001676  1.042904
23.71401596	502	-0.056981 0.005507  1.044580
23.71916007	502	-0.053869 0.003831  1.031651
23.72431182	502	-0.052193 -0.000718  1.038115
23.72950363	502	-0.054348 0.002634  1.036918
23.73465919	500	-0.054348 0.005746  1.042664
23.73980712	502	-0.050757 0.009337  1.047453
23.74495124	503	-0.051235 0.002155  1.038355
23.75010871	503	-0.053390 -0.000958  1.034524
23.75530815	501	-0.060094 0.002634  1.039073
23.76046371	503	-0.051714 0.006464  1.033088
23.76562309	504	-0.052432 0.002394  1.032369
23.77078056	504	-0.060094 0.002155  1.034285
23.77592849	505	-0.054348 0.002634  1.041946
23.78108024	502	-0.054348 0.007183  1.031412
23.78623962	503	-0.057221 0.000000  1.027581
23.79135131	502	-0.054108 0.004549  1.033806
23.79651641	504	-0.052432 0.000958  1.030933
23.80167198	505	-0.049081 0.007661  1.033088
23.80683135	505	-0.056503 -0.002394  1.028060
23.81202888	504	-0.059136 0.000239  1.029257
23.81718444	505	-0.049799 0.004788  1.028299
23.82234382	505	-0.052911 0.000239  1.026144
##inga 
#ido(sec)  szog(ADC)     ax(g)    ay(g)   az(g)
23.82803916	504	-0.054348 0.003112  1.034045
23.83330726	504	-0.051954 -0.003352  1.029257
23.83858489	505	-0.053390 -0.003591  1.025187
23.84383964	504	-0.050996 -0.000958  1.030215
23.84903907	505	-0.048841 -0.003352  1.027342
23.85425186	506	-0.050278 -0.000718  1.034524
23.85944366	504	-0.055066 -0.001437  1.031172
23.86463928	504	-0.056024 0.000239  1.028778
23.86979675	506	-0.057221 -0.002155  1.026144
23.87499618	507	-0.056024 -0.005746  1.026384
23.88020324	507	-0.047165 0.000479  1.020398
23.88535690	507	-0.052432 -0.004549  1.016568
23.89056015	505	-0.050757 -0.002634  1.025666
23.89575195	506	-0.048362 -0.001437  1.022074
23.90094757	507	-0.053151 0.000479  1.021835
23.90610885	508	-0.057460 -0.001437  1.035482
23.91131591	508	-0.055306 -0.003112  1.027820
23.91651153	507	-0.050517 0.002634  1.023511
23.92167282	508	-0.048602 -0.007183  1.029736
23.92687225	507	-0.050517 0.004310  1.024469
23.93203544	507	-0.056024 -0.003112  1.019680
23.93724060	506	-0.052193 0.003352  1.026384
23.94239234	508	-0.056981 0.004310  1.036200
23.94753646	508	-0.051954 0.003112  1.026863
23.95269203	505	-0.054587 0.001676  1.028778
23.95783996	508	-0.053869 0.002873  1.031651
23.96299171	508	-0.049559 0.005267  1.019201
23.96813583	508	-0.050278 0.004070  1.022074
23.97327995	506	-0.052432 0.001915  1.031172
23.97843170	505	-0.055306 0.002394  1.025905
23.98358345	506	-0.056503 0.006943  1.019920
23.98872756	507	-0.059615 0.004310  1.030454
23.99387168	504	-0.050757 0.004310  1.032130
23.99901962	506	-0.056742 0.005985  1.032130
24.00416374	506	-0.050278 0.005267  1.033806
24.00931930	506	-0.051235 0.012210  1.024708
24.01447105	506	-0.054587 0.005267  1.029736
24.01961517	506	-0.049559 0.011013  1.029736
24.02475929	503	-0.056024 0.006225  1.032369
24.02990341	505	-0.054587 0.008619  1.037158
24.03506469	505	-0.052193 0.004549  1.035003
24.04023170	504	-0.048841 0.006225  1.042185
24.04539680	503	-0.050278 0.006704  1.035242
24.05054473	505	-0.046686 0.005746  1.036200
24.05569648	503	-0.051235 0.005507  1.024947
24.06085586	503	-0.045729 0.002155  1.035721
24.06600761	503	-0.044292 -0.001676  1.030454
24.07122421	504	-0.050278 0.005746  1.037876
24.07638359	504	-0.052911 0.007183  1.025666
24.08155250	501	-0.046208 0.001437  1.042185
24.08671188	503	-0.048602 0.008380  1.036439
24.09187126	503	-0.042377 0.009816  1.038115
24.09702873	503	-0.046208 0.004549  1.034045
24.10217666	503	-0.040701 0.002634  1.033327
24.10732841	500	-0.046208 0.006943  1.031412
24.11248016	501	-0.044532 0.002873  1.039552
24.11763191	501	-0.045968 0.001197  1.035482
24.12278747	500	-0.052432 0.009098  1.044340
24.12793159	500	-0.047644 0.011013  1.032369
24.13307952	499	-0.045968 0.010056  1.043861
24.13821983	499	-0.049799 0.005985  1.035961
24.14337921	498	-0.046208 0.001197  1.029736
24.14852333	497	-0.050038 0.006943  1.040510
24.15366744	496	-0.052672 0.008140  1.030693
24.15881538	496	-0.046447 0.008858  1.043861
24.16396713	495	-0.047165 0.006225  1.043861
24.16911506	493	-0.054587 0.004549  1.040988
24.17425918	494	-0.050278 0.005507  1.037876
24.17940711	493	-0.046447 0.003591  1.033806
24.18456840	493	-0.046686 0.013168  1.047213
24.18972778	493	-0.053151 0.010295  1.037158
24.19490432	492	-0.049559 0.008619  1.037876
24.20007133	490	-0.045489 0.009577  1.056072
24.20523262	492	-0.047644 0.011731  1.053199
24.21039581	490	-0.049559 0.005746  1.042904
24.21556091	488	-0.056263 0.012450  1.037636
24.22072792	489	-0.047644 0.009337  1.048889
24.22588729	488	-0.049081 0.004549  1.039312
24.23103523	486	-0.053390 0.011731  1.048171
24.23619270	486	-0.047884 0.011971  1.044580
24.24134445	486	-0.049320 0.012929  1.046495
24.24650001	484	-0.047644 0.008858  1.050086
24.25164413	486	-0.053869 0.011253  1.054635
24.25678825	483	-0.045968 0.011971  1.050565
24.26194381	485	-0.048362 0.011731  1.050804
24.26708793	482	-0.050996 0.008140  1.040988
24.27223968	484	-0.048602 0.004549  1.050326
24.27738380	480	-0.048602 0.006943  1.054875
24.28253555	479	-0.054348 0.006464  1.051283
24.28769111	481	-0.046447 0.005507  1.043622
24.29284858	480	-0.045250 0.012450  1.046734
24.29800033	477	-0.046208 0.013407  1.044819
24.30314826	477	-0.039265 0.009337  1.051044
24.30829620	477	-0.044771 0.011971  1.050086
24.31344032	478	-0.047644 0.013168  1.057508
24.31859207	476	-0.040222 0.005507  1.068282
24.32373619	476	-0.041180 0.006464  1.048171
24.32888031	475	-0.043574 0.009098  1.063254
24.33402442	472	-0.044053 0.011013  1.052241
24.33917617	472	-0.046926 0.009816  1.050804
24.34434318	474	-0.045489 0.011971  1.055593
##inga 
#ido(sec)  szog(ADC)     ax(g)    ay(g)   az(g)
24.35004425	472	-0.042616 0.012929  1.061818
24.35531616	473	-0.050278 0.013168  1.052959
24.36059951	473	-0.043335 0.018675  1.059184
24.36587142	471	-0.047644 0.014844  1.052241
24.37102890	471	-0.045729 0.009816  1.054635
24.37619972	470	-0.044771 0.014365  1.046974
24.38137245	471	-0.050996 0.012450  1.051283
24.38653564	469	-0.048602 0.012929  1.060621
24.39170074	467	-0.042616 0.019153  1.048171
24.39686393	468	-0.041898 0.014844  1.048650
24.40201568	467	-0.043095 0.013886  1.050804
24.40718078	464	-0.044292 0.014365  1.061578
24.41234397	465	-0.050517 0.013647  1.057508
24.41749954	464	-0.043813 0.014126  1.053199
24.42264747	465	-0.044053 0.016280  1.047931
24.42779159	464	-0.052432 0.011013  1.055832
24.43293571	464	-0.049799 0.008619  1.048889
24.43808746	464	-0.053630 0.012929  1.053199
24.44324874	463	-0.050278 0.009337  1.052002
24.44840049	462	-0.046447 0.012450  1.060142
24.45354843	462	-0.046208 0.017238  1.053678
24.45870018	460	-0.045250 0.014126  1.044819
24.46385192	459	-0.046926 0.016759  1.052720
24.46900367	457	-0.041419 0.015562  1.049607
24.47415924	456	-0.046208 0.015083  1.049368
24.47930335	458	-0.045250 0.014844  1.052720
24.48445129	457	-0.044292 0.012210  1.050804
24.48960494	456	-0.039504 0.012929  1.041467
24.49475669	456	-0.046208 0.015323  1.045298
24.49989509	456	-0.042616 0.013407  1.047931
24.50505256	455	-0.049320 0.018914  1.045777
24.51021957	454	-0.044532 0.017477  1.042664
24.51538467	454	-0.043813 0.011971  1.043383
24.52055549	452	-0.046208 0.015083  1.047453
24.52572059	450	-0.046208 0.013886  1.046495
24.53089523	452	-0.047165 0.016999  1.046734
24.53606796	452	-0.044053 0.017477  1.046256
24.54124069	452	-0.046686 0.016280  1.038834
24.54639625	451	-0.043095 0.016280  1.043861
24.55155563	451	-0.044532 0.016280  1.047453
24.55669975	451	-0.041419 0.012689  1.045298
24.56185913	449	-0.046208 0.010774  1.024947
24.56702041	450	-0.044292 0.016280  1.037636
24.57217597	451	-0.040462 0.018675  1.052480
24.57732009	450	-0.042616 0.014844  1.037876
24.58246803	449	-0.038307 0.014365  1.047453
24.58763122	450	-0.039983 0.018196  1.042425
24.59278869	448	-0.045011 0.016759  1.040510
24.59793281	448	-0.045489 0.011492  1.040988
24.60308456	449	-0.043574 0.018435  1.045058
24.60824012	446	-0.039265 0.013407  1.037397
24.61339187	448	-0.038067 0.019393  1.040270
24.61854743	447	-0.040462 0.017238  1.040988
24.62369918	446	-0.040701 0.017238  1.029736
24.62886047	445	-0.045250 0.018435  1.033088
24.63401603	446	-0.040940 0.011492  1.034524
24.63917160	447	-0.044532 0.016759  1.029017
24.64432716	444	-0.046447 0.013407  1.025187
24.64949226	447	-0.042138 0.023463  1.022314
24.65464782	446	-0.039504 0.014604  1.029257
24.65981674	444	-0.043813 0.025139  1.029017
24.66497611	446	-0.043813 0.019872  1.032609
24.67013168	443	-0.043095 0.014604  1.029736
24.67530441	444	-0.044532 0.013886  1.023511
24.68046379	442	-0.045489 0.016280  1.023990
24.68562316	443	-0.044053 0.019153  1.031172
24.69077682	443	-0.044292 0.021069  1.020877
24.69593620	442	-0.042616 0.014604  1.025426
24.70109558	442	-0.045489 0.018675  1.032848
24.70626068	439	-0.048841 0.017238  1.026144
24.71141242	440	-0.039265 0.019632  1.030693
24.71657180	441	-0.046926 0.015323  1.024229
24.72171974	440	-0.045489 0.019393  1.022074
24.72688484	438	-0.042138 0.018914  1.034763
24.73203277	440	-0.035913 0.017717  1.023032
24.73718452	438	-0.040940 0.013886  1.025187
24.74233627	440	-0.046447 0.022745  1.028778
24.74748802	439	-0.043574 0.013647  1.029257
24.75263595	438	-0.038786 0.024421  1.021595
24.75778770	437	-0.041898 0.021308  1.016807
24.76294326	438	-0.041898 0.016520  1.020159
24.76809120	437	-0.044532 0.021548  1.026623
24.77324867	439	-0.040462 0.021308  1.025426
24.77840423	438	-0.038786 0.017238  1.026144
24.78355216	437	-0.037349 0.018435  1.027342
24.78871917	438	-0.040701 0.012689  1.028060
24.79387664	439	-0.042616 0.016041  1.023990
24.79904747	439	-0.039983 0.019872  1.014652
24.80422019	438	-0.040222 0.017477  1.025426
24.80938720	437	-0.044292 0.015802  1.018723
24.81455612	437	-0.037828 0.018435  1.018723
24.81972885	437	-0.038307 0.019153  1.028060
24.82489967	438	-0.046208 0.015802  1.027342
24.83007240	439	-0.042856 0.015562  1.022553
24.83522033	437	-0.040701 0.022026  1.016807
24.84037208	436	-0.038786 0.018914  1.022314
24.84552383	439	-0.048841 0.020111  1.018723
24.85068321	436	-0.039743 0.015323  1.014413
24.85583114	436	-0.041898 0.015323  1.024947
24.86098480	436	-0.041898 0.015562  1.020877
24.86614036	439	-0.038307 0.019153  1.018004
##inga 
#ido(sec)  szog(ADC)     ax(g)    ay(g)   az(g)
24.87182044	439	-0.044532 0.017717  1.025187
24.87709999	439	-0.043095 0.021069  1.027342
24.88236808	440	-0.045968 0.017717  1.025905
24.88762474	440	-0.048362 0.018914  1.023750
24.89278411	440	-0.049081 0.018914  1.026863
24.89793205	440	-0.047644 0.019632  1.028299
24.90307617	440	-0.045968 0.016041  1.020159
24.90822792	441	-0.042616 0.021308  1.022074
24.91337585	441	-0.051714 0.016041  1.028778
24.91852760	442	-0.043095 0.012929  1.026384
24.92367935	442	-0.043095 0.019872  1.032369
24.92882347	443	-0.047884 0.020351  1.022314
24.93397521	444	-0.049320 0.012450  1.032609
24.93913269	444	-0.043574 0.017477  1.028539
24.94428062	445	-0.044053 0.009098  1.025187
24.94942474	446	-0.046926 0.017477  1.036679
24.95457649	446	-0.049559 0.009816  1.035003
24.95972824	447	-0.042138 0.016041  1.031172
24.96487998	445	-0.044771 0.009577  1.023271
24.97003555	447	-0.042377 0.016759  1.029736
24.97520828	447	-0.043813 0.009577  1.033566
24.98036766	446	-0.043813 0.013168  1.024469
24.98553276	448	-0.045011 0.017238  1.037158
24.99069595	447	-0.041419 0.014844  1.032848
24.99585914	447	-0.044771 0.012689  1.020877
25.00102806	447	-0.038546 0.010056  1.038834
25.00617599	447	-0.048602 0.015083  1.043383
25.01133918	448	-0.041419 0.009577  1.040510
25.01648330	449	-0.043095 0.013647  1.032848
25.02164459	449	-0.043095 0.013647  1.030215
25.02679252	449	-0.037589 0.011971  1.033806
25.03194808	450	-0.048362 0.015802  1.040988
25.03709602	448	-0.048841 0.012689  1.035242
25.04225540	448	-0.046686 0.010774  1.032609
25.04740715	451	-0.051954 0.013647  1.035721
25.05255126	451	-0.047884 0.010295  1.038594
25.05770492	451	-0.046686 0.011971  1.032369
25.06286048	451	-0.052432 0.010534  1.035482
25.06799507	452	-0.051475 0.009337  1.036679
25.07314872	453	-0.049799 0.015562  1.041707
25.07830047	453	-0.047644 0.015323  1.035482
25.08344078	451	-0.050038 0.008380  1.036679
25.08857917	453	-0.048362 0.015562  1.038355
25.09372711	455	-0.044292 0.010295  1.050804
25.09888458	455	-0.042856 0.016999  1.038834
25.10403251	454	-0.052672 0.016041  1.039312
25.10919570	456	-0.048841 0.017477  1.048889
25.11435508	454	-0.051235 0.019872  1.041946
25.11952400	454	-0.048123 0.013168  1.041707
25.12469291	456	-0.048362 0.014126  1.042904
25.12985610	456	-0.052432 0.015562  1.044580
25.13502311	456	-0.042138 0.011492  1.042425
25.14019203	458	-0.046926 0.009337  1.039552
25.14536476	457	-0.050517 0.010295  1.042904
25.15052795	458	-0.049799 0.011971  1.048171
25.15568733	460	-0.050038 0.011971  1.047692
25.16086006	461	-0.053151 0.011492  1.041467
25.16602325	462	-0.049559 0.013168  1.053199
25.17117691	462	-0.046926 0.011731  1.046974
25.17633247	462	-0.045968 0.010774  1.052480
25.18147277	462	-0.051475 0.005746  1.045537
25.18661689	463	-0.050038 0.015562  1.052720
25.19176864	464	-0.041659 0.004549  1.051762
25.19692802	463	-0.046926 0.006225  1.055593
25.20207977	466	-0.049320 0.011492  1.050804
25.20722389	464	-0.049320 0.010534  1.052241
25.21237564	464	-0.048841 0.006225  1.054635
25.21752738	467	-0.046447 0.009337  1.046256
25.22268486	468	-0.055066 0.016280  1.055832
25.22782707	468	-0.043095 0.008380  1.048410
25.23295974	467	-0.043095 0.005028  1.060381
25.23809242	467	-0.048123 0.006943  1.051523
25.24324798	471	-0.054108 0.008619  1.051283
25.24839973	471	-0.046926 0.009098  1.047692
25.25354766	472	-0.049799 0.002394  1.055114
25.25869560	472	-0.045968 0.008858  1.056790
25.26383972	473	-0.053869 0.009816  1.052241
25.26900482	473	-0.047644 0.006943  1.055832
25.27416038	475	-0.046208 0.003591  1.051283
25.27933692	476	-0.047644 0.003591  1.051762
25.28450393	476	-0.053390 0.010295  1.053678
25.28968048	475	-0.042856 0.001437  1.041946
25.29484748	477	-0.050038 0.008140  1.047931
25.30000877	477	-0.049081 0.006943  1.053678
25.30515670	478	-0.050757 0.009098  1.051044
25.31030464	475	-0.047165 0.002873  1.053438
25.31546401	478	-0.052193 0.007901  1.058466
25.32061958	477	-0.047165 0.000239  1.056072
25.32577514	478	-0.053390 0.000958  1.049368
25.33092880	481	-0.051954 0.006464  1.050326
25.33608436	479	-0.048602 0.004310  1.048889
25.34123229	483	-0.053151 0.005028  1.053199
25.34637641	482	-0.050517 0.002873  1.051044
25.35153198	484	-0.047405 0.008619  1.059424
25.35668754	484	-0.046447 0.004788  1.042425
25.36183929	484	-0.055306 0.002394  1.056311
25.36699295	485	-0.046686 0.012210  1.042425
25.37214088	486	-0.048602 0.005028  1.046495
25.37728309	486	-0.052672 0.004788  1.044340
25.38243675	484	-0.049799 0.001915  1.051044
25.38758468	488	-0.051714 0.010056  1.044340
##inga 
#ido(sec)  szog(ADC)     ax(g)    ay(g)   az(g)
25.39325523	490	-0.050996 0.000000  1.042185
25.39846038	489	-0.050517 0.005507  1.049129
25.40372085	490	-0.045968 0.009098  1.046256
25.40897178	489	-0.052911 0.001676  1.046256
25.41411972	489	-0.051714 0.007422  1.046734
25.41927146	492	-0.050996 0.002634  1.043143
25.42442893	492	-0.056024 0.008380  1.047931
25.42957687	493	-0.050757 0.011731  1.051283
25.43472862	490	-0.050038 0.002873  1.048171
25.43988800	494	-0.059615 0.003831  1.039073
25.44504737	494	-0.048602 0.004549  1.043383
25.45020484	494	-0.056742 -0.000479  1.038115
25.45541191	496	-0.050038 -0.002394  1.037158
25.46062469	495	-0.054587 0.000718  1.036918
25.46578407	493	-0.053869 0.006225  1.050565
25.47095108	496	-0.045489 0.000479  1.051283
25.47609519	496	-0.049799 0.005028  1.045537
25.48125648	495	-0.051714 0.004788  1.041228
25.48642349	496	-0.052193 0.003352  1.041467
25.49158859	498	-0.046208 0.003112  1.031172
25.49674415	498	-0.052672 0.004070  1.038355
25.50190734	499	-0.052193 0.000479  1.042904
25.50705528	499	-0.057700 0.002873  1.045058
25.51220321	502	-0.053390 0.001915  1.040988
25.51735687	502	-0.048841 0.001676  1.027102
25.52249908	502	-0.055306 0.005028  1.042425
25.52766036	502	-0.053869 0.008858  1.028299
25.53280830	502	-0.057939 -0.003352  1.031172
25.53800773	500	-0.047405 0.003831  1.032609
25.54315948	503	-0.052432 0.002394  1.032369
25.54830360	502	-0.045250 0.005507  1.032848
25.55345153	503	-0.056742 0.004788  1.030933
25.55859184	501	-0.052193 -0.001915  1.036200
25.56378746	504	-0.045968 0.003831  1.037876
25.56893539	504	-0.048362 -0.000479  1.031172
25.57412719	501	-0.050996 0.005746  1.036679
25.57929611	503	-0.051954 0.009577  1.030454
25.58446884	503	-0.046447 -0.000479  1.031412
25.58967208	504	-0.051954 -0.001676  1.031890
25.59487533	503	-0.050757 -0.003352  1.026623
25.60008049	505	-0.056503 0.004070  1.026863
25.60522460	505	-0.050757 0.000479  1.028778
25.61038398	503	-0.053151 0.006704  1.036200
25.61553192	503	-0.049081 -0.003352  1.023750
25.62072753	505	-0.052672 -0.003352  1.029257
25.62593269	505	-0.050517 0.004549  1.023511
25.63108444	504	-0.052911 0.001915  1.032848
25.63623237	505	-0.051714 0.002634  1.021117
25.64139175	505	-0.050996 -0.000958  1.021595
25.64658737	504	-0.052672 0.001437  1.027820
25.65173149	504	-0.051954 0.000479  1.024708
25.65687942	503	-0.049799 -0.000718  1.025187
25.66208457	505	-0.053630 -0.003591  1.020877
25.66728019	505	-0.053630 0.004788  1.035721
25.67242813	505	-0.056981 0.000000  1.030933
25.67755508	504	-0.047884 -0.001197  1.022074
25.68276023	504	-0.056503 -0.002394  1.038115
25.68795585	505	-0.055545 0.006943  1.025187
25.69312858	503	-0.054827 0.000000  1.023511
25.69824409	505	-0.053390 0.000239  1.026623
25.70339202	505	-0.049320 0.002873  1.024947
25.70854377	504	-0.050038 0.003112  1.024708
25.71370315	505	-0.047644 -0.001676  1.021356
25.71891212	503	-0.058418 0.002394  1.031651
25.72406387	505	-0.052193 0.001915  1.026144
25.72922325	505	-0.047405 0.002155  1.024947
25.73438072	505	-0.048841 0.000239  1.024947
25.73953247	505	-0.053390 0.000000  1.028299
25.74464035	505	-0.053390 0.004549  1.031412
25.74979209	504	-0.055066 0.000239  1.036200
25.75493240	505	-0.052432 0.003831  1.026384
25.76007652	505	-0.051714 0.004070  1.025666
25.76522827	504	-0.053151 0.002394  1.025426
25.77037620	504	-0.051475 0.005985  1.022314
25.77553558	504	-0.052193 0.005267  1.025426
25.78068351	502	-0.051714 0.010534  1.039552
25.78582000	504	-0.050996 0.007901  1.028299
25.79095268	504	-0.046208 0.001437  1.039791
25.79610824	504	-0.050757 0.006464  1.030693
25.80126380	502	-0.055066 0.008858  1.026863
25.80640792	501	-0.049320 0.006704  1.033327
25.81155204	503	-0.048602 0.005028  1.035961
25.81670379	503	-0.046208 0.005267  1.033806
25.82185554	502	-0.050278 0.011013  1.031890
25.82699966	503	-0.051475 0.000479  1.037636
25.83214378	501	-0.048841 0.007901  1.028778
25.83730888	502	-0.046926 0.006943  1.025426
25.84247207	502	-0.048602 0.006225  1.035482
25.84764480	503	-0.050996 0.009816  1.031412
25.85279655	500	-0.050038 0.009816  1.028539
25.85796356	502	-0.045250 0.004310  1.033327
25.86311149	499	-0.046926 0.007422  1.033566
25.86828041	500	-0.049559 0.005507  1.027820
25.87343978	500	-0.049559 0.004549  1.042425
25.87860870	499	-0.045489 0.005028  1.037397
25.88376808	499	-0.050278 0.005267  1.042664
25.88892745	498	-0.050038 0.013647  1.034045
25.89407920	497	-0.046208 0.007901  1.036679
25.89923286	496	-0.052911 0.010774  1.040510
25.90437507	494	-0.046208 0.006464  1.045537
25.90952873	496	-0.048841 0.005028  1.041228
##inga 
#ido(sec)  szog(ADC)     ax(g)    ay(g)   az(g)
25.91520881	495	-0.046926 0.009098  1.038594
25.92047119	496	-0.044053 0.008858  1.047213
25.92573928	494	-0.053151 0.003831  1.036200
25.93101119	493	-0.048841 0.014126  1.044340
25.93615913	495	-0.049081 0.005985  1.040749
25.94131660	494	-0.049081 0.007901  1.046734
25.94646453	493	-0.047405 0.013647  1.033806
25.95161628	492	-0.041419 0.007661  1.042425
25.95676422	490	-0.044532 0.010774  1.046016
25.96190834	492	-0.049320 0.006464  1.043861
25.96706390	491	-0.048362 0.014126  1.042664
25.97221565	490	-0.039743 0.011731  1.044340
25.97735977	489	-0.048362 0.011013  1.043861
25.98251152	489	-0.047165 0.009816  1.044580
25.98765563	489	-0.040940 0.009337  1.040749
25.99280738	488	-0.048841 0.012689  1.044340
25.99795150	488	-0.051475 0.009098  1.045298
26.00309562	488	-0.049559 0.011731  1.041228
26.00825119	485	-0.049320 0.011492  1.047213
26.01340484	485	-0.048841 0.016520  1.051283
26.01856803	486	-0.053630 0.011013  1.047453
26.02373504	485	-0.051235 0.009577  1.046495
26.02891159	485	-0.046447 0.009816  1.043383
26.03408432	482	-0.049320 0.018196  1.034763
26.03925514	482	-0.050278 0.005267  1.053438
26.04442405	480	-0.044532 0.011971  1.052002
26.04957962	481	-0.050278 0.011971  1.050565
26.05473518	478	-0.047405 0.005028  1.048889
26.05989646	480	-0.049320 0.010534  1.053678
26.06506347	478	-0.048841 0.010774  1.051762
26.07023620	477	-0.046926 0.016759  1.046495
26.07537651	479	-0.047405 0.008140  1.053678
26.08052444	478	-0.051714 0.008619  1.040270
26.08567237	477	-0.045489 0.007661  1.048889
26.09082031	474	-0.046447 0.015083  1.054156
26.09597969	473	-0.045729 0.008619  1.048171
26.10112762	473	-0.051714 0.011013  1.050804
26.10628318	472	-0.043574 0.007422  1.053678
26.11144065	472	-0.048841 0.013886  1.047692
26.11658477	473	-0.046447 0.011253  1.052480
26.12172889	473	-0.043335 0.011731  1.048889
26.12687683	472	-0.044771 0.018675  1.054396
26.13202095	472	-0.044053 0.011013  1.053438
26.13716316	471	-0.039983 0.009577  1.052241
26.14232063	471	-0.040222 0.011492  1.043861
26.14746856	470	-0.043335 0.013168  1.047453
26.15261650	471	-0.048362 0.006464  1.046016
26.15776824	471	-0.043095 0.013168  1.048889
26.16291999	469	-0.046926 0.013647  1.054396
26.16807937	468	-0.043813 0.013407  1.047692
26.17323684	466	-0.048841 0.013168  1.050086
26.17840766	466	-0.042377 0.013886  1.054875
26.18357658	465	-0.047644 0.010774  1.048889
26.18873596	463	-0.050278 0.014604  1.045537
26.19389152	465	-0.039983 0.013886  1.046974
26.19906425	462	-0.045968 0.014844  1.045058
26.20422744	464	-0.044292 0.014844  1.059184
26.20938873	461	-0.043095 0.016759  1.052959
26.21455192	463	-0.045250 0.015802  1.054396
26.21971130	463	-0.047165 0.014844  1.045058
26.22486305	463	-0.047165 0.013407  1.047213
26.23002052	459	-0.049320 0.016520  1.055114
26.23517227	461	-0.044771 0.008619  1.050326
26.24032020	460	-0.042138 0.016999  1.039552
26.24547576	458	-0.046208 0.017477  1.048410
26.25061988	460	-0.045489 0.019153  1.035961
26.25576400	458	-0.042616 0.011731  1.046016
26.26090812	459	-0.046926 0.015562  1.039312
26.26605987	458	-0.045968 0.020351  1.056790
26.27120780	456	-0.047884 0.011731  1.044819
26.27635574	455	-0.046447 0.022745  1.041946
26.28150367	456	-0.044532 0.012210  1.047213
26.28665542	455	-0.045011 0.018675  1.047692
26.29181289	454	-0.046208 0.015802  1.042425
26.29697227	453	-0.046447 0.015562  1.043861
26.30212020	453	-0.048362 0.011492  1.044580
26.30726432	451	-0.047405 0.014365  1.033806
26.31241989	452	-0.042616 0.022745  1.040031
26.31757545	451	-0.041659 0.010056  1.042664
26.32274436	451	-0.044292 0.013407  1.049847
26.32792091	452	-0.049559 0.011253  1.031172
26.33307647	449	-0.042616 0.019632  1.036439
26.33823585	452	-0.042616 0.015562  1.035242
26.34340476	451	-0.041659 0.017956  1.031890
26.34857177	449	-0.044771 0.012689  1.028299
26.35373687	451	-0.042856 0.015323  1.034045
26.35890769	451	-0.037110 0.017238  1.036200
26.36406707	449	-0.045968 0.016759  1.036439
26.36922836	450	-0.039743 0.012929  1.043861
26.37438774	450	-0.037589 0.017956  1.029975
26.37953186	449	-0.041180 0.014365  1.030693
26.38469123	449	-0.040701 0.017717  1.032609
26.38984870	449	-0.042616 0.021787  1.034285
26.39499282	448	-0.043574 0.016280  1.026144
26.40013694	448	-0.041659 0.018914  1.035721
26.40528869	448	-0.037589 0.013407  1.034045
26.41044425	445	-0.035913 0.012210  1.035961
26.41559219	448	-0.044532 0.013647  1.027820
26.42072868	445	-0.042856 0.017956  1.046016
26.42587280	448	-0.049559 0.016041  1.027820
26.43102073	447	-0.045489 0.022505  1.031172
##inga 
#ido(sec)  szog(ADC)     ax(g)    ay(g)   az(g)
26.43670463	444	-0.037349 0.018435  1.031412
26.44198799	447	-0.040701 0.017956  1.032130
26.44725227	445	-0.042377 0.018196  1.027820
26.45252418	447	-0.038067 0.016280  1.035961
26.45767211	447	-0.044771 0.017477  1.032130
26.46281623	446	-0.045011 0.015562  1.030693
26.46797180	446	-0.043095 0.025139  1.027342
26.47313117	443	-0.043095 0.017477  1.024947
26.47828483	445	-0.047884 0.021069  1.036679
26.48344802	444	-0.040701 0.022266  1.025187
26.48861694	444	-0.045729 0.016999  1.031172
26.49379158	445	-0.050038 0.023942  1.033088
26.49895668	444	-0.044771 0.017477  1.024947
26.50412368	442	-0.045489 0.020111  1.029736
26.50929260	443	-0.042616 0.022026  1.019201
26.51445579	444	-0.046208 0.022266  1.019201
26.51962471	441	-0.043574 0.023224  1.026863
26.52479171	443	-0.047884 0.027294  1.025666
26.52996063	443	-0.041419 0.019872  1.022553
26.53511238	442	-0.046447 0.019632  1.018244
26.54026794	442	-0.044771 0.018435  1.024469
26.54541969	442	-0.040462 0.014844  1.023032
26.55055999	442	-0.045489 0.022266  1.024229
26.55571556	442	-0.045489 0.021308  1.028060
26.56085968	441	-0.039983 0.012689  1.016807
26.56601905	439	-0.043335 0.022505  1.024708
26.57116889	442	-0.040701 0.015083  1.025666
26.57631683	441	-0.042856 0.016041  1.035242
26.58146476	441	-0.045489 0.017477  1.020877
26.58662033	442	-0.039983 0.021548  1.033327
26.59177207	439	-0.044292 0.017238  1.025905
26.59692764	440	-0.040701 0.011492  1.020877
26.60207939	441	-0.036870 0.018435  1.026384
26.60722351	441	-0.045968 0.015323  1.029017
26.61236381	441	-0.039743 0.011492  1.017525
26.61751174	440	-0.037110 0.015802  1.024469
26.62266731	441	-0.037589 0.017238  1.016807
26.62781906	441	-0.041659 0.020111  1.027820
26.63298034	442	-0.038307 0.011013  1.020159
26.63813972	441	-0.042856 0.016999  1.021117
26.64331245	440	-0.043335 0.007422  1.035482
26.64847564	441	-0.039743 0.013168  1.031412
26.65363693	440	-0.046447 0.016041  1.029975
26.65880775	442	-0.039743 0.012689  1.023990
26.66396331	444	-0.041659 0.018196  1.032848
26.66912841	445	-0.041419 0.011971  1.032369
26.67430877	445	-0.047884 0.016759  1.030933
26.67946815	443	-0.042138 0.013647  1.035721
26.68461990	445	-0.047644 0.019393  1.029736
26.68976402	444	-0.043095 0.011731  1.020398
26.69492721	446	-0.043813 0.017477  1.026384
26.70007133	444	-0.047644 0.013407  1.025905
26.70523262	448	-0.047884 0.020351  1.029736
26.71038818	448	-0.048602 0.019632  1.029257
26.71554374	448	-0.050278 0.014604  1.032848
26.72069931	448	-0.046686 0.015323  1.032130
26.72585105	448	-0.054348 0.021308  1.035242
26.73100852	447	-0.049799 0.015323  1.030933
26.73616027	448	-0.043095 0.013886  1.042425
26.74131584	447	-0.047644 0.023463  1.038355
26.74647521	447	-0.049081 0.016041  1.034285
26.75163650	447	-0.046208 0.016520  1.026863
26.75678825	448	-0.051954 0.018914  1.037636
26.76194763	449	-0.045729 0.016041  1.032609
26.76711654	449	-0.046926 0.015083  1.026863
26.77227592	448	-0.044292 0.014604  1.032369
26.77745628	447	-0.043335 0.016999  1.035721
26.78260803	449	-0.046208 0.017477  1.031172
26.78776741	449	-0.046208 0.008140  1.041707
26.79293251	450	-0.048123 0.016520  1.035242
26.79809570	450	-0.044532 0.012210  1.037876
26.80326080	448	-0.044292 0.012929  1.038355
26.80842781	451	-0.045729 0.011253  1.040749
26.81359291	451	-0.050038 0.011492  1.038594
26.81874465	452	-0.041898 0.012929  1.038594
26.82390022	451	-0.045729 0.013886  1.040270
26.82904434	453	-0.049320 0.011013  1.042425
26.83418846	453	-0.041180 0.005746  1.033566
26.83934402	453	-0.048602 0.011971  1.042185
26.84449958	452	-0.045968 0.020111  1.039552
26.84964752	451	-0.047165 0.015562  1.043861
26.85479927	454	-0.045968 0.014844  1.034763
26.85994720	456	-0.043095 0.004549  1.039073
26.86510848	456	-0.044292 0.016041  1.042185
26.87025642	455	-0.044771 0.011731  1.038594
26.87540817	456	-0.047884 0.017238