##inga 
#ido(sec)  szog(ADC)     ax(g)    ay(g)   az(g)
0.00170400	305	-0.028730 0.042138  0.808753
0.00689200	308	-0.024181 0.043335  0.800613
##inga 
#ido(sec)  szog(ADC)     ax(g)    ay(g)   az(g)
0.01334000	308	-0.019393 0.038067  0.801571
0.01854800	310	-0.014365 0.035434  0.813541
0.02374800	308	-0.006225 0.029209  0.824555
0.02894000	311	-0.002634 0.024181  0.824555
0.03398000	310	-0.004549 0.025139  0.823597
0.03901200	311	0.001676 0.032321  0.821682
0.04403200	310	0.007901 0.021308  0.838441
0.04905600	312	0.003112 0.019632  0.833413
0.05408400	313	0.011492 0.018435  0.838920
0.05911200	314	0.011253 0.020829  0.845623
0.06414800	313	0.003591 0.026575  0.858791
0.06915200	314	0.005028 0.019872  0.850891
0.07417201	314	0.006704 0.017956  0.872678
0.07918400	314	0.001915 0.013647  0.871481
0.08420001	318	-0.004310 0.020829  0.880339
0.08924000	316	-0.003831 0.030167  0.892549
0.09427201	318	-0.004788 0.032800  0.892310
0.09931200	318	-0.008619 0.032561  0.903084
0.10435600	321	-0.016999 0.031124  0.912182
0.10940800	320	-0.020111 0.032321  0.918167
0.11444801	322	-0.024421 0.035673  0.925350
0.11950000	323	-0.028012 0.036631  0.943306
0.12453200	325	-0.033518 0.043813  0.951686
0.12956399	326	-0.039504 0.040222  0.965093
0.13460400	326	-0.050038 0.050278  0.960065
0.13962799	329	-0.048123 0.055545  0.979458
0.14466799	332	-0.053151 0.048362  0.988316
0.14971600	332	-0.060333 0.053151  0.994541
0.15474798	335	-0.062249 0.060094  0.999330
0.15979200	336	-0.068234 0.055306  1.020638
0.16485199	338	-0.065122 0.052193  1.039312
0.16989600	340	-0.077571 0.057700  1.040510
0.17494399	342	-0.075656 0.057939  1.054635
0.18000400	341	-0.072544 0.061291  1.062296
0.18505599	344	-0.070149 0.056024  1.073789
0.19010800	347	-0.070868 0.051714  1.091266
0.19513599	348	-0.068713 0.047405  1.092224
0.20018000	351	-0.065600 0.045729  1.111377
0.20520801	349	-0.059615 0.052432  1.127897
0.21024398	354	-0.064164 0.045968  1.136995
0.21528401	357	-0.050757 0.042377  1.152557
0.22033200	358	-0.045489 0.038067  1.168598
0.22536399	358	-0.044532 0.035434  1.160937
0.23041999	361	-0.039983 0.029927  1.179372
0.23546800	362	-0.038307 0.034476  1.194934
0.24051599	367	-0.029448 0.030406  1.198765
0.24557600	369	-0.026575 0.020829  1.214806
0.25064399	372	-0.028251 0.022026  1.235635
0.25571200	374	-0.024181 0.022026  1.245451
0.26075198	376	-0.018914 0.023224  1.245930
0.26578400	381	-0.013407 0.016759  1.266759
0.27081599	381	-0.012929 0.009098  1.276097
0.27585599	382	-0.009816 0.013407  1.281843
0.28088399	386	-0.008858 0.011971  1.302672
0.28592000	386	-0.002634 0.011013  1.313685
0.29096002	392	-0.011971 0.009816  1.329966
0.29599599	394	-0.011492 0.002873  1.335472
0.30104398	397	-0.007422 0.010774  1.339303
0.30611200	398	-0.011013 0.017477  1.337627
0.31115999	402	-0.019153 0.009577  1.364202
0.31622800	405	-0.018675 0.006704  1.366357
0.32128000	408	-0.023463 0.004549  1.380962
0.32632801	408	-0.038307 0.015083  1.391735
0.33136401	410	-0.033040 0.019393  1.400354
0.33641200	415	-0.040462 0.013647  1.399876
0.34145598	416	-0.040940 0.016759  1.412565
0.34649200	418	-0.048123 0.028970  1.432197
0.35152797	424	-0.049081 0.024660  1.426451
0.35656800	426	-0.057700 0.023942  1.428845
0.36160800	429	-0.061052 0.024899  1.432197
0.36665201	431	-0.065122 0.027294  1.453266
0.37170400	431	-0.078290 0.036870  1.450872
0.37674400	436	-0.077093 0.034716  1.459969
0.38179202	439	-0.084275 0.034476  1.468828
0.38685199	445	-0.080205 0.030167  1.476010
0.39189600	448	-0.096246 0.030645  1.475292
0.39695200	449	-0.091697 0.034237  1.479123
0.40198402	450	-0.093373 0.032321  1.480320
0.40701999	453	-0.091936 0.031843  1.487981
0.41205997	455	-0.090021 0.020351  1.482714
0.41709599	458	-0.093134 0.032321  1.481278
0.42214398	461	-0.089782 0.030167  1.488460
0.42719597	465	-0.081641 0.034955  1.495882
0.43224000	467	-0.079247 0.019153  1.504741
0.43729200	472	-0.071107 0.019153  1.501868
0.44235200	472	-0.075656 0.015802  1.495882
0.44740800	477	-0.068234 0.011971  1.494924
0.45246400	478	-0.060333 0.009816  1.495643
0.45751199	482	-0.054587 -0.005028  1.497319
0.46260399	486	-0.055306 -0.001676  1.481278
0.46769599	491	-0.040940 0.004549  1.484390
0.47273597	494	-0.042138 -0.000239  1.490136
0.47780799	496	-0.034476 -0.001915  1.483193
0.48288803	502	-0.032082 -0.017717  1.486545
0.48797602	503	-0.031364 -0.014844  1.494206
0.49307198	503	-0.025857 -0.017717  1.472180
0.49817199	508	-0.029209 -0.015083  1.464518
0.50326004	511	-0.023224 -0.016280  1.461645
0.50836400	514	-0.025857 -0.021069  1.457815
0.51344799	518	-0.029688 -0.017238  1.447999
0.51854400	523	-0.026815 -0.011731  1.454223
##inga 
#ido(sec)  szog(ADC)     ax(g)    ay(g)   az(g)
0.52415599	525	-0.028491 -0.021787  1.431239
0.52940397	528	-0.027533 -0.018435  1.435549
0.53463602	531	-0.034716 -0.016041  1.420944
0.53986401	535	-0.036631 -0.006464  1.417114
0.54495196	534	-0.039983 -0.013886  1.409692
0.55004401	539	-0.045011 -0.008619  1.394369
0.55512399	542	-0.048123 -0.014844  1.386947
0.56021599	543	-0.060812 -0.011253  1.384313
0.56530799	546	-0.061291 0.005746  1.370427
0.57035999	550	-0.061770 -0.006464  1.368033
0.57544798	551	-0.063446 -0.007901  1.357020
0.58054399	554	-0.068234 -0.011253  1.345288
0.58564000	559	-0.071107 0.002394  1.330444
0.59068799	560	-0.078768 0.003831  1.323262
0.59574403	564	-0.085712 0.000000  1.310094
0.60075197	568	-0.086669 -0.006225  1.304827
0.60583596	569	-0.090500 0.000479  1.294292
0.61086397	573	-0.093373 0.003112  1.277054
0.61589999	572	-0.097922 0.011013  1.275378
0.62094802	576	-0.095049 0.005507  1.269632
0.62597603	577	-0.096007 0.002634  1.243536
0.63099999	581	-0.091697 0.000239  1.244733
0.63604402	584	-0.095049 0.006704  1.236114
0.64108800	586	-0.092894 0.006943  1.214806
0.64613599	588	-0.093134 0.003352  1.195892
0.65120000	590	-0.089542 0.003112  1.191582
0.65623998	590	-0.090021 -0.003352  1.181766
0.66133203	591	-0.093852 0.000000  1.172908
0.66634798	593	-0.078768 -0.001437  1.154233
0.67143201	596	-0.079966 -0.008619  1.142023
0.67651996	598	-0.076374 -0.002873  1.128615
0.68159599	602	-0.073741 -0.010774  1.122151
0.68668403	603	-0.066798 -0.014844  1.108025
0.69176397	607	-0.063685 -0.018675  1.097252
0.69686002	608	-0.057221 -0.023702  1.081450
0.70194396	611	-0.052672 -0.026097  1.076901
0.70703201	612	-0.052432 -0.029448  1.069000
0.71211199	613	-0.044292 -0.029688  1.053678
0.71719598	616	-0.045489 -0.033518  1.043622
0.72228002	618	-0.040222 -0.034716  1.029736
0.72736797	618	-0.039743 -0.033758  1.017286
0.73246002	621	-0.037828 -0.042616  1.016089
0.73755197	623	-0.033279 -0.036631  0.998133
0.74264001	621	-0.027533 -0.045250  0.998851
0.74773998	625	-0.032082 -0.040701  0.979697
0.75282402	626	-0.034716 -0.038546  0.965332
0.75791597	628	-0.032321 -0.038546  0.962699
0.76300802	630	-0.035673 -0.034716  0.956474
0.76810798	630	-0.040701 -0.037110  0.943785
0.77318401	631	-0.047165 -0.039025  0.933011
0.77828001	634	-0.047165 -0.032082  0.928223
0.78336400	634	-0.046447 -0.031603  0.914576
0.78844399	636	-0.050996 -0.026097  0.905957
0.79353199	636	-0.056742 -0.021548  0.901408
0.79863600	637	-0.062967 -0.019153  0.889198
0.80374002	637	-0.065122 -0.024181  0.885606
0.80883197	637	-0.071586 -0.018675  0.884649
0.81393604	639	-0.072544 -0.020111  0.876269
0.81904401	641	-0.074219 -0.019393  0.869326
0.82414798	642	-0.074698 -0.013647  0.873875
0.82926397	643	-0.080684 -0.014844  0.862622
0.83435201	643	-0.085233 -0.003352  0.851609
0.83945198	642	-0.089542 -0.008380  0.844187
0.84453601	643	-0.090979 -0.006464  0.852088
0.84962396	646	-0.092176 -0.005507  0.840835
0.85470399	647	-0.099119 -0.007901  0.834850
0.85977602	644	-0.090979 -0.009098  0.827428
0.86484804	646	-0.096485 -0.005267  0.840835
0.86991996	647	-0.093373 -0.010534  0.824794
0.87500000	647	-0.098401 -0.010774  0.829582
0.88007602	646	-0.088345 -0.015323  0.826231
0.88516407	647	-0.089782 -0.010056  0.828625
0.89023199	646	-0.087866 -0.019393  0.827906
0.89532794	645	-0.082599 -0.018914  0.826709
0.90041999	647	-0.075656 -0.018675  0.829822
0.90550794	647	-0.071825 -0.016759  0.832216
0.91060400	645	-0.061770 -0.022745  0.825273
0.91568002	647	-0.061530 -0.018196  0.828385
0.92077999	647	-0.055306 -0.025378  0.843708
0.92588405	644	-0.051714 -0.031364  0.839638
0.93098802	645	-0.048602 -0.029688  0.825752
0.93607997	645	-0.046447 -0.031364  0.841553
0.94116802	645	-0.038786 -0.032321  0.843469
0.94625997	644	-0.040940 -0.039265  0.841314
0.95135202	643	-0.028970 -0.032800  0.848736
0.95642795	641	-0.028491 -0.036391  0.856637
0.96153202	643	-0.033758 -0.036152  0.857834
0.96662406	642	-0.037349 -0.035434  0.866453
0.97171602	640	-0.040222 -0.035673  0.865735
0.97680797	640	-0.033279 -0.039983  0.865495
0.98190803	638	-0.036152 -0.036631  0.882015
0.98699998	636	-0.040462 -0.032561  0.890395
0.99209995	635	-0.034476 -0.029688  0.895901
0.99720001	632	-0.043335 -0.026336  0.899971
1.00231599	633	-0.045250 -0.022505  0.917449
1.00741600	633	-0.050278 -0.025378  0.916012
1.01251602	631	-0.053390 -0.027054  0.924392
1.01761996	630	-0.055066 -0.021308  0.933011
1.02272403	627	-0.059136 -0.020111  0.946418
1.02783203	628	-0.067276 -0.016041  0.952404
1.03293597	629	-0.065600 -0.007183  0.957431
##inga 
#ido(sec)  szog(ADC)     ax(g)    ay(g)   az(g)
1.03855597	628	-0.060333 -0.009337  0.962938
1.04378402	623	-0.072544 -0.011013  0.986641
1.04900801	625	-0.074698 -0.005985  0.988795
1.05420005	622	-0.083557 -0.005985  0.996217
1.05927205	618	-0.076853 -0.003112  1.006991
1.06435596	619	-0.083796 0.004310  1.023032
1.06939196	616	-0.074459 -0.004310  1.026863
1.07447195	616	-0.081641 0.000718  1.042904
1.07951998	612	-0.081641 0.002634  1.045777
1.08456397	610	-0.084036 0.001197  1.057508
1.08960795	609	-0.080205 -0.001676  1.063494
1.09469997	608	-0.082120 -0.004549  1.085760
1.09978795	607	-0.080923 0.000958  1.095097
1.10483598	604	-0.081641 0.002634  1.110419
1.10988795	599	-0.071346 -0.004070  1.117841
1.11497604	595	-0.069431 -0.005507  1.133404
1.12007200	595	-0.072304 -0.002873  1.137953
1.12515199	594	-0.071346 -0.000239  1.151121
1.13024795	592	-0.072783 -0.004070  1.175062
1.13532805	591	-0.060333 -0.010774  1.173386
1.14040803	589	-0.058897 -0.008858  1.179372
1.14548397	586	-0.053151 -0.001915  1.195652
1.15056002	586	-0.055784 -0.008619  1.204750
1.15564000	583	-0.050757 -0.007422  1.216242
1.16072404	580	-0.046208 -0.020111  1.235396
1.16581594	579	-0.040462 -0.015083  1.248564
1.17090404	576	-0.042616 -0.011253  1.254070
1.17599999	575	-0.037349 -0.015562  1.270111
1.18110000	572	-0.049320 -0.012689  1.277294
1.18617593	567	-0.045968 -0.012689  1.283758
1.19126796	565	-0.039983 -0.011013  1.306263
1.19634795	563	-0.037589 -0.012689  1.313685
1.20143997	561	-0.043095 -0.018196  1.315122
1.20653200	556	-0.044053 -0.016280  1.323741
1.21160805	555	-0.034955 -0.008619  1.349119
1.21669602	550	-0.040701 -0.008140  1.356062
1.22177994	547	-0.050278 -0.005746  1.354865
1.22687196	547	-0.052911 -0.003352  1.372582
1.23195195	542	-0.052672 0.000479  1.374737
1.23700797	540	-0.060333 0.007422  1.389581
1.24205601	538	-0.060333 0.006943  1.390059
1.24710404	537	-0.067995 0.006464  1.405861
1.25217199	533	-0.062488 0.005746  1.410410
1.25723195	531	-0.069910 0.008858  1.410171
1.26228797	524	-0.069671 0.010295  1.425254
1.26734399	524	-0.068952 0.007183  1.438661
1.27240002	522	-0.070389 0.011492  1.431239
1.27743196	518	-0.074459 0.014126  1.441774
1.28247594	513	-0.073501 0.018435  1.435549
1.28752004	511	-0.069910 0.025139  1.453744
1.29255604	506	-0.070868 0.014604  1.463800
1.29759597	505	-0.072065 0.023702  1.466194
1.30263996	503	-0.066798 0.021069  1.463800
1.30770397	501	-0.070868 0.024899  1.469307
1.31276404	496	-0.066558 0.019632  1.475532
1.31781196	491	-0.068713 0.014365  1.472180
1.32286405	491	-0.062249 0.022745  1.481038
1.32794404	487	-0.064164 0.017477  1.463800
1.33300399	483	-0.060333 0.016759  1.484869
1.33804798	479	-0.054348 0.012450  1.489897
1.34309995	476	-0.056024 0.016280  1.486545
1.34814405	473	-0.050996 0.019872  1.483672
1.35319602	469	-0.049320 0.019153  1.484390
1.35822403	466	-0.051954 0.013886  1.482714
1.36328005	465	-0.048123 0.016999  1.487742
1.36832797	462	-0.046208 0.007422  1.480320
1.37337601	456	-0.045011 0.013647  1.480559
1.37843596	454	-0.038786 0.008858  1.478883
1.38348400	451	-0.033279 0.018196  1.475292
1.38852798	451	-0.030885 0.007901  1.462364
1.39358401	448	-0.032082 0.013647  1.471461
1.39863204	447	-0.029448 0.005985  1.470264
1.40369997	442	-0.036391 0.018196  1.465476
1.40875997	438	-0.025139 0.010056  1.452787
1.41382799	435	-0.032321 0.015562  1.453505
1.41887607	433	-0.029209 0.011253  1.450632
1.42391204	431	-0.030645 0.011731  1.440577
1.42895197	428	-0.033279 0.014126  1.434591
1.43399200	424	-0.034237 0.020829  1.422620
1.43903598	422	-0.035434 0.015802  1.429324
1.44407997	420	-0.033518 0.015562  1.417353
1.44913997	415	-0.033518 0.023463  1.407297
1.45420002	411	-0.038786 0.028491  1.402509
1.45925197	411	-0.046686 0.014604  1.393411
1.46430802	408	-0.043095 0.023224  1.372103
1.46934795	407	-0.045968 0.025857  1.374497
1.47440395	402	-0.049559 0.031124  1.369709
1.47947206	402	-0.046447 0.035673  1.366357
1.48453607	401	-0.048841 0.036391  1.351274
1.48958802	396	-0.051475 0.034955  1.336190
1.49463605	393	-0.054108 0.042616  1.321107
1.49968395	391	-0.056742 0.037349  1.324459
1.50473999	388	-0.054827 0.042138  1.312967
1.50977191	386	-0.061052 0.045729  1.288307
1.51481604	383	-0.053390 0.043095  1.283519
1.51986002	381	-0.056503 0.044771  1.273702
1.52490401	378	-0.062009 0.045489  1.262210
1.52992796	376	-0.052911 0.043095  1.244733
1.53498802	372	-0.060094 0.044292  1.242099
1.54003596	370	-0.054827 0.043813  1.236353
1.54507994	368	-0.051475 0.047644  1.222706
##inga 
#ido(sec)  szog(ADC)     ax(g)    ay(g)   az(g)
1.55068006	366	-0.049799 0.036152  1.198286
1.55591592	363	-0.048123 0.043095  1.184639
1.56114807	360	-0.045489 0.044532  1.180569
1.56637201	358	-0.043335 0.039504  1.171232
1.57142791	356	-0.038307 0.042616  1.164288
1.57645998	354	-0.041419 0.043574  1.142262
1.58150005	353	-0.032800 0.042616  1.136755
1.58652400	351	-0.033758 0.040940  1.118560
1.59155597	350	-0.030885 0.032800  1.107068
1.59659194	347	-0.023224 0.031124  1.099167
1.60164794	344	-0.025139 0.032321  1.082168
1.60671195	344	-0.022026 0.033758  1.083844
1.61176004	342	-0.021308 0.035913  1.064451
1.61681995	341	-0.016520 0.032082  1.048171
1.62187194	337	-0.017956 0.026575  1.044580
1.62693595	337	-0.011253 0.035434  1.036200
1.63199605	334	-0.018435 0.040940  1.020877
1.63705596	333	-0.014365 0.034237  1.007709
1.64210796	330	-0.013407 0.026575  1.006752
1.64716005	331	-0.013407 0.031124  0.989753
1.65219602	328	-0.017717 0.037349  0.978261
1.65725193	327	-0.017717 0.036631  0.962459
1.66228795	327	-0.021308 0.032321  0.963417
1.66732397	325	-0.015083 0.033758  0.955756
1.67237195	323	-0.020590 0.039983  0.947137
1.67739605	323	-0.019393 0.042138  0.932293
1.68244800	322	-0.020111 0.038067  0.920082
1.68750801	321	-0.025857 0.041659  0.919364
1.69255995	321	-0.027533 0.044053  0.910266
1.69762396	320	-0.029448 0.048362  0.896859
1.70267200	319	-0.028251 0.042377  0.899253
1.70772399	318	-0.031603 0.044292  0.888479
1.71275606	316	-0.035673 0.039983  0.880339
1.71781196	317	-0.031124 0.046686  0.871002
1.72285995	317	-0.045011 0.050038  0.864777
1.72790803	315	-0.036391 0.054108  0.855440
1.73293600	314	-0.034237 0.049081  0.863819
1.73797202	314	-0.045968 0.055784  0.848018
1.74302005	315	-0.042616 0.056981  0.842032
1.74807205	312	-0.047165 0.048841  0.850412
1.75310802	311	-0.038067 0.053151  0.831737
1.75814795	312	-0.043095 0.048123  0.829343
1.76320004	313	-0.040222 0.050038  0.835089
1.76824798	312	-0.039025 0.054587  0.824555
1.77330007	313	-0.035913 0.051235  0.823118
1.77834796	312	-0.038307 0.049559  0.813781
1.78338804	311	-0.032321 0.051954  0.817612
1.78843603	309	-0.034955 0.043335  0.821203
1.79346799	311	-0.024421 0.049320  0.805641
1.79850807	308	-0.020590 0.043095  0.816654
1.80353603	308	-0.027054 0.046926  0.810429
1.80858001	310	-0.017956 0.040462  0.816175
1.81362800	310	-0.026575 0.037589  0.805880
1.81866397	310	-0.023463 0.042138  0.813541
1.82372398	310	-0.022505 0.039025  0.818330
1.82876396	309	-0.026097 0.042377  0.819527
1.83382797	311	-0.019872 0.036631  0.819048
1.83888397	310	-0.021787 0.031364  0.819288
1.84394798	312	-0.018435 0.035913  0.821682
1.84900398	312	-0.019393 0.031124  0.825512
1.85405597	313	-0.015802 0.037828  0.825991
1.85909996	313	-0.018435 0.038786  0.834131
1.86414394	315	-0.010056 0.030167  0.824794
1.86916809	315	-0.017956 0.032800  0.840835
1.87421207	314	-0.013407 0.039265  0.843229
1.87925605	315	-0.014844 0.037349  0.843947
1.88430795	317	-0.020590 0.038307  0.858313
1.88934001	317	-0.015802 0.032082  0.854003
1.89439201	318	-0.021548 0.039025  0.864298
1.89945602	319	-0.022505 0.038786  0.873635
1.90449600	319	-0.030645 0.038786  0.875551
1.90953197	318	-0.028970 0.036391  0.889916
1.91459598	318	-0.024899 0.035434  0.889437
1.91964397	320	-0.032321 0.033040  0.903084
1.92469596	321	-0.029448 0.044771  0.915055
1.92973194	323	-0.035434 0.040222  0.916970
1.93475999	323	-0.036152 0.032800  0.932293
1.93979597	325	-0.038546 0.044292  0.932532
1.94484405	327	-0.033758 0.042856  0.934687
1.94989204	329	-0.041180 0.047405  0.948813
1.95493602	330	-0.042138 0.044532  0.964375
1.95998802	331	-0.047884 0.040462  0.972515
1.96503200	333	-0.044532 0.050278  0.978740
1.97009201	335	-0.047165 0.045250  0.988556
1.97513599	335	-0.044053 0.041419  0.991908
1.98018798	337	-0.047405 0.046686  1.013695
1.98524398	339	-0.048362 0.038307  1.031412
1.99029598	339	-0.052432 0.045729  1.021835
1.99533996	342	-0.049799 0.042856  1.038355
2.00038409	344	-0.050996 0.038067  1.047453
2.00541996	345	-0.052911 0.040701  1.061818
2.01046395	347	-0.047884 0.044292  1.073549
2.01550006	349	-0.043574 0.041659  1.084562
2.02055597	351	-0.044292 0.039983  1.097012
2.02560806	352	-0.046686 0.031124  1.110898
2.03066802	357	-0.039025 0.036870  1.122390
2.03570795	357	-0.035913 0.028730  1.139150
2.04075598	356	-0.037828 0.025857  1.147290
2.04580807	358	-0.031843 0.024421  1.161176
2.05088806	361	-0.029209 0.026575  1.162373
2.05595207	364	-0.026336 0.025139  1.182245
##inga 
#ido(sec)  szog(ADC)     ax(g)    ay(g)   az(g)
2.06155991	366	-0.026097 0.022745  1.194455
2.06680393	369	-0.023942 0.025618  1.200680
2.07201600	372	-0.027533 0.026097  1.214806
2.07722806	374	-0.028970 0.023224  1.224622
2.08225989	378	-0.025618 0.024421  1.229171
2.08730411	381	-0.026097 0.019632  1.245930
2.09233999	382	-0.030645 0.024899  1.256943
2.09738802	384	-0.030645 0.017238  1.276575
2.10243201	385	-0.026575 0.024181  1.285673
2.10748410	388	-0.035434 0.017477  1.290701
2.11254405	390	-0.033279 0.020829  1.307700
2.11760401	395	-0.037828 0.022505  1.316319
2.12266802	396	-0.032082 0.021308  1.326374
2.12772011	398	-0.034476 0.018196  1.318234
2.13278007	403	-0.039025 0.019393  1.336190
2.13783192	406	-0.039265 0.019872  1.338106
2.14288401	405	-0.041898 0.021308  1.367075
2.14793610	409	-0.040462 0.015323  1.370427
2.15298008	411	-0.039025 0.022984  1.369709
2.15802407	413	-0.052672 0.020829  1.382877
2.16306805	417	-0.054827 0.025618  1.397721
2.16810798	418	-0.059615 0.025618  1.407537
2.17315602	423	-0.058179 0.031124  1.410649
2.17820811	423	-0.058897 0.028491  1.415438
2.18325996	428	-0.061530 0.028730  1.421663
2.18829607	429	-0.059854 0.026336  1.428845
2.19334793	433	-0.076853 0.019872  1.441055
2.19840002	433	-0.067516 0.025378  1.447759
2.20344805	437	-0.055066 0.023942  1.444407
2.20850801	443	-0.064882 0.029688  1.444407
2.21356391	445	-0.067755 0.028012  1.450632
2.21862006	449	-0.062488 0.016280  1.455660
2.22365999	448	-0.070389 0.021787  1.471940
2.22870802	453	-0.066319 0.020590  1.466912
2.23374390	453	-0.061770 0.014604  1.460927
2.23878407	455	-0.057221 0.010056  1.470983
2.24383592	458	-0.057700 0.011971  1.482235
2.24886798	463	-0.061530 0.013647  1.478644
2.25391197	466	-0.059136 0.013886  1.470743
2.25895595	468	-0.054348 0.008858  1.464997
2.26400804	472	-0.053151 0.001197  1.476489
2.26906394	476	-0.049559 0.006943  1.478165
2.27413606	478	-0.050278 0.006704  1.474334
2.27918410	481	-0.053390 0.000479  1.478883
2.28423190	485	-0.050757 -0.000479  1.471940
2.28930807	490	-0.044532 0.000718  1.476250
2.29435992	493	-0.054108 -0.001437  1.468828
2.29945206	493	-0.041898 -0.001437  1.461406
2.30453991	499	-0.045250 -0.004310  1.465476
2.30962395	502	-0.045011 -0.006943  1.463800
2.31469607	504	-0.047644 0.003831  1.459491
2.31974792	505	-0.044771 -0.003352  1.452787
2.32483601	506	-0.046208 -0.005028  1.453744
2.32991194	511	-0.044292 -0.008380  1.457575
2.33499193	517	-0.047405 -0.012450  1.443689
2.34007191	518	-0.047405 -0.006225  1.436267
2.34515190	523	-0.048123 -0.016041  1.428845
2.35023593	526	-0.047405 -0.005028  1.413762
2.35531592	525	-0.054827 -0.007661  1.404185
2.36039996	530	-0.049081 -0.008380  1.413043
2.36548805	534	-0.057700 0.001915  1.407058
2.37052798	536	-0.056263 -0.006704  1.393411
2.37561607	539	-0.061530 0.001197  1.394848
2.38066411	541	-0.061291 -0.004310  1.371145
2.38576006	541	-0.061052 -0.004310  1.372103
2.39085602	545	-0.067755 0.000479  1.366357
2.39591193	548	-0.065600 0.003352  1.357020
2.40095210	551	-0.069431 0.001197  1.335472
2.40599203	552	-0.073980 -0.006704  1.339063
2.41107606	557	-0.069910 -0.000718  1.323741
2.41615605	558	-0.072065 -0.002634  1.314882
2.42123198	561	-0.078290 -0.003352  1.306024
2.42632007	564	-0.079247 -0.005507  1.299320
2.43139195	567	-0.077332 -0.003591  1.289265
2.43648004	571	-0.074938 0.000718  1.266759
2.44152808	574	-0.080444 -0.003831  1.263886
2.44660806	575	-0.074938 -0.008380  1.246648
2.45169591	577	-0.078529 -0.002634  1.241142
2.45678400	580	-0.089063 -0.007422  1.230128
2.46187210	580	-0.081402 -0.000718  1.217439
2.46695208	584	-0.075895 -0.008858  1.208341
2.47202396	586	-0.075656 -0.002394  1.189906
2.47711205	588	-0.078050 -0.007901  1.186315
2.48219203	587	-0.077811 -0.005746  1.164049
2.48728799	591	-0.067276 -0.008858  1.156388
2.49237990	590	-0.071825 -0.013647  1.149923
2.49747610	592	-0.066319 -0.015802  1.128376
2.50257611	595	-0.067755 -0.008140  1.120954
2.50767207	601	-0.062488 -0.015323  1.107068
2.51277208	600	-0.063685 -0.022026  1.096294
2.51787590	603	-0.056503 -0.026575  1.085520
2.52297592	604	-0.058179 -0.020111  1.073070
2.52807998	609	-0.054348 -0.022745  1.067564
2.53319191	611	-0.054587 -0.025857  1.059184
2.53829598	612	-0.050278 -0.033758  1.051523
2.54338788	613	-0.051954 -0.026097  1.036679
2.54849195	613	-0.053151 -0.030167  1.022793
2.55360388	617	-0.050757 -0.026575  1.020398
2.55870795	619	-0.045011 -0.032800  1.001006
2.56380391	619	-0.044771 -0.035434  0.994302
2.56889605	622	-0.039265 -0.028012  0.992387
##inga 
#ido(sec)  szog(ADC)     ax(g)    ay(g)   az(g)
2.57451605	621	-0.048123 -0.030406  0.985204
2.57974410	623	-0.050996 -0.031603  0.971078
2.58495998	626	-0.051954 -0.024899  0.959347
2.59019207	626	-0.053869 -0.018196  0.949291
2.59527611	629	-0.060094 -0.027294  0.941151
2.60035610	628	-0.057939 -0.026815  0.929180
2.60543203	630	-0.054827 -0.024660  0.932053
2.61050796	630	-0.064164 -0.019632  0.915773
2.61559200	633	-0.066079 -0.020590  0.914576
2.62067604	634	-0.069192 -0.024660  0.908351
2.62576389	632	-0.067995 -0.019872  0.887282
2.63085603	634	-0.068713 -0.013407  0.886803
2.63594007	636	-0.072304 -0.020829  0.883930
2.64101600	636	-0.072304 -0.016520  0.872678
2.64608788	637	-0.080205 -0.022505  0.871002
2.65117597	636	-0.083078 -0.016759  0.872917
2.65626001	639	-0.080444 -0.016759  0.853285
2.66135191	639	-0.080923 -0.015083  0.859989
2.66644001	638	-0.084754 -0.011013  0.856397
2.67153596	641	-0.078050 -0.015323  0.856397
2.67662405	640	-0.076853 -0.008858  0.844905
2.68171596	639	-0.075417 -0.016280  0.845623
2.68681597	640	-0.073262 -0.021308  0.843469
2.69191598	642	-0.073022 -0.011253  0.844187
2.69701600	641	-0.077093 -0.015083  0.840596
2.70210790	642	-0.073501 -0.019872  0.840596
2.70720005	642	-0.065840 -0.021787  0.839877
2.71230006	643	-0.070868 -0.023463  0.838201
2.71738004	641	-0.061530 -0.027294  0.838441
2.72245597	643	-0.062967 -0.026815  0.834610
2.72755599	642	-0.062009 -0.022266  0.831977
2.73263597	642	-0.052672 -0.027533  0.844905
2.73772811	641	-0.052432 -0.028970  0.837723
2.74282002	640	-0.050517 -0.028251  0.838441
2.74790000	640	-0.052193 -0.021787  0.838441
2.75298810	642	-0.052432 -0.024181  0.834131
2.75807595	642	-0.051235 -0.021548  0.835568
2.76317191	642	-0.050996 -0.023224  0.855440
2.76825189	640	-0.048362 -0.028730  0.858073
2.77334809	641	-0.051475 -0.027054  0.852567
2.77843189	640	-0.047644 -0.019632  0.869805
2.78353190	639	-0.047884 -0.027772  0.870044
2.78861999	638	-0.051954 -0.031124  0.874114
2.79372811	638	-0.051235 -0.019872  0.878184
2.79882001	636	-0.047884 -0.025139  0.883691
2.80392789	635	-0.053390 -0.021548  0.885606
2.80902004	634	-0.055545 -0.022745  0.890395
2.81411190	632	-0.058897 -0.022984  0.899253
2.81920003	633	-0.052432 -0.021308  0.904999
2.82428407	631	-0.060094 -0.015083  0.913858
2.82936811	631	-0.058657 -0.021548  0.920082
2.83446788	628	-0.063925 -0.012210  0.917209
2.83956794	628	-0.072304 -0.007422  0.940433
2.84465599	627	-0.064164 -0.012210  0.938039
2.84975194	626	-0.071107 -0.009816  0.945940
2.85484008	623	-0.064403 -0.009577  0.956234
2.85992794	625	-0.076374 -0.010295  0.967008
2.86501598	623	-0.072065 -0.009577  0.975627
2.87012004	620	-0.069910 -0.006225  0.983289
2.87523193	618	-0.073262 -0.007661  0.994781
2.88033599	616	-0.069192 -0.005267  0.993584
2.88544387	615	-0.074938 -0.005746  1.018004
2.89053993	616	-0.073022 -0.009337  1.024229
2.89564399	612	-0.064882 -0.006943  1.039073
2.90072803	610	-0.073262 -0.011013  1.055593
2.90582389	609	-0.064882 -0.011731  1.055832
2.91091613	608	-0.071825 -0.008380  1.069000
2.91599197	605	-0.068713 -0.012210  1.082168
2.92108802	604	-0.064643 -0.011013  1.080013
2.92616386	600	-0.065600 -0.007901  1.098688
2.93124790	597	-0.066558 -0.013168  1.108265
2.93634796	596	-0.061291 -0.011013  1.117602
2.94143199	593	-0.059854 -0.013647  1.137713
2.94651203	591	-0.056742 -0.009098  1.134122
2.95159196	591	-0.062249 -0.010295  1.152557
2.95667190	587	-0.055306 -0.008140  1.162852
2.96174793	588	-0.052911 -0.015083  1.183921
2.96682405	586	-0.052432 -0.013168  1.184639
2.97192001	583	-0.053390 -0.011253  1.197328
2.97699594	580	-0.051475 -0.011492  1.206665
2.98210411	577	-0.051714 -0.013168  1.216482
2.98721199	578	-0.044292 -0.008140  1.233480
2.99229192	575	-0.045011 -0.016520  1.237071
2.99738788	574	-0.044532 -0.009098  1.248324
3.00246405	572	-0.049799 -0.007901  1.266520
3.00753998	569	-0.045729 -0.014126  1.275139
3.01265597	566	-0.053630 -0.008140  1.281843
3.01774406	560	-0.051954 -0.003112  1.295968
3.02283191	557	-0.049320 -0.005028  1.313446
3.02792406	557	-0.052432 -0.006225  1.322544
3.03300809	552	-0.054108 -0.002873  1.312249
3.03809595	547	-0.057700 -0.000718  1.329966
3.04318404	549	-0.059854 0.005267  1.342176
3.04824805	546	-0.056503 0.007422  1.346007
3.05330801	542	-0.063685 -0.001676  1.352950
3.05839991	539	-0.065361 0.003591  1.368512
3.06344795	538	-0.064164 0.004549  1.375455
3.06850409	536	-0.067276 0.011731  1.390538
3.07353591	534	-0.068234 0.012929  1.395327
3.07858800	531	-0.064882 0.004549  1.399636
3.08362793	526	-0.065840 0.009577  1.401551
##inga 
#ido(sec)  szog(ADC)     ax(g)    ay(g)   az(g)
3.08920001	524	-0.069671 0.010056  1.415198
3.09441208	521	-0.075177 0.008619  1.414959
3.09964799	518	-0.073741 0.014844  1.417353
3.10488009	514	-0.072065 0.014844  1.428845
3.10992789	510	-0.072065 0.020111  1.428606
3.11497592	507	-0.070628 0.017477  1.437704
3.12002801	504	-0.073022 0.020829  1.450632
3.12509202	503	-0.063925 0.023463  1.457575
3.13015198	500	-0.071586 0.020111  1.447759
3.13520002	497	-0.061052 0.011492  1.443210
3.14025211	494	-0.054108 0.018675  1.459969
3.14530396	489	-0.059136 0.008140  1.458533
3.15033602	487	-0.054108 0.014604  1.467152
3.15536808	484	-0.053869 0.008858  1.459251
3.16039991	480	-0.046926 0.009098  1.465715
3.16544795	476	-0.046447 0.014365  1.470983
3.17050790	475	-0.039983 0.015323  1.461645
3.17555999	472	-0.039743 0.009816  1.461645
3.18060803	469	-0.043574 0.009337  1.472659
3.18566393	465	-0.032082 0.010295  1.463561
3.19072008	464	-0.036152 0.006464  1.465237
3.19578003	458	-0.032082 0.009098  1.464040
3.20084810	456	-0.029209 0.010774  1.460448
3.20590806	453	-0.028970 0.000479  1.455181
3.21095991	450	-0.033997 0.010774  1.459491
3.21602010	448	-0.034955 0.014365  1.446562
3.22106409	446	-0.024899 0.011013  1.450632
3.22610807	445	-0.038307 0.013407  1.445126
3.23113608	440	-0.041180 0.013886  1.438661
3.23617601	436	-0.041419 0.014365  1.446323
3.24124002	434	-0.038307 0.021069  1.419987
3.24628400	432	-0.046208 0.024660  1.429324
3.25131988	428	-0.038307 0.022505  1.406819
3.25637197	427	-0.047644 0.019393  1.406579
3.26142811	423	-0.049559 0.024421  1.400115
3.26647996	421	-0.052911 0.027772  1.398918
3.27153992	416	-0.049559 0.036391  1.391975
3.27659201	416	-0.053869 0.031124  1.384313
3.28165197	411	-0.056263 0.034716  1.386947
3.28671598	409	-0.051475 0.026097  1.377370
3.29177999	406	-0.060812 0.037110  1.363005
3.29680800	406	-0.057700 0.037110  1.356780
3.30184388	402	-0.057939 0.030406  1.335472
3.30687999	401	-0.059136 0.038546  1.333078
3.31191992	400	-0.056742 0.043574  1.327332
3.31696391	397	-0.055545 0.037110  1.308418
3.32200789	392	-0.053390 0.034237  1.307700
3.32704401	388	-0.055784 0.042856  1.293095
3.33209609	388	-0.054108 0.042138  1.289983
3.33714008	384	-0.055545 0.039265  1.274181
3.34219598	384	-0.054587 0.034955  1.268435
3.34724402	379	-0.045011 0.039983  1.258859
3.35229206	379	-0.048602 0.039265  1.250239
3.35733604	377	-0.042377 0.045729  1.235635
3.36238002	373	-0.040701 0.040940  1.226537
3.36740398	369	-0.039025 0.031843  1.207384
3.37243199	368	-0.034237 0.028970  1.199483
3.37748003	366	-0.036152 0.031843  1.188709
3.38251590	365	-0.028970 0.027772  1.185357
3.38756799	361	-0.026097 0.024660  1.169316
3.39261603	357	-0.022745 0.033279  1.161894
3.39767193	359	-0.024421 0.026575  1.137713
3.40273189	354	-0.018914 0.030167  1.136755
3.40779590	353	-0.024660 0.031124  1.120714
3.41284799	351	-0.018435 0.026815  1.104434
3.41791200	350	-0.015562 0.028730  1.097970
3.42296409	348	-0.016759 0.030645  1.092463
3.42802810	346	-0.018196 0.025857  1.084084
3.43307590	345	-0.021069 0.033758  1.065648
3.43810796	343	-0.022266 0.030645  1.059424
3.44315195	342	-0.019872 0.027772  1.053199
3.44819998	340	-0.015802 0.032800  1.036679
3.45323610	337	-0.024181 0.032561  1.029736
3.45827603	338	-0.017956 0.033758  1.023271
3.46332788	335	-0.022026 0.038786  1.009864
3.46835994	333	-0.028491 0.031843  0.994541
3.47341990	333	-0.025139 0.033997  0.979458
3.47847199	332	-0.023702 0.032082  0.978500
3.48352408	331	-0.028251 0.038786  0.956713
3.48857998	328	-0.027772 0.043335  0.950967
3.49364399	328	-0.029448 0.041659  0.946418
3.49868798	327	-0.040701 0.049081  0.938518
3.50373196	325	-0.034716 0.047644  0.933729
3.50877594	322	-0.039265 0.046208  0.914097
3.51381206	324	-0.039265 0.045968  0.908830
3.51886010	323	-0.041419 0.049081  0.910027
3.52390003	322	-0.042856 0.042856  0.905239
3.52895998	321	-0.045011 0.052193  0.893746
3.53400397	319	-0.047165 0.049320  0.885127
3.53904795	319	-0.042856 0.055066  0.875790
3.54409599	320	-0.038307 0.054827  0.880818
3.54912805	318	-0.043335 0.049559  0.868129
3.55418801	319	-0.042377 0.048362  0.858552
3.55924797	317	-0.038786 0.052911  0.868368
3.56430792	316	-0.040222 0.053151  0.850651
3.56936001	317	-0.038546 0.051235  0.840356
3.57439589	316	-0.039025 0.047644  0.843947
3.57943606	313	-0.040701 0.052911  0.840835
3.58446407	314	-0.033758 0.049320  0.829822
3.58949995	315	-0.027772 0.047884  0.835089
3.59454798	314	-0.035194 0.041419  0.828864
##inga 
#ido(sec)  szog(ADC)     ax(g)    ay(g)   az(g)
3.60011196	315	-0.026575 0.044771  0.836047
3.60535192	314	-0.021787 0.042377  0.820245
3.61057591	313	-0.025378 0.037110  0.820485
3.61579203	312	-0.022266 0.034955  0.828625
3.62085199	313	-0.018675 0.038067  0.818090
3.62590003	314	-0.025618 0.041659  0.813781
3.63095188	312	-0.013168 0.033518  0.822879
3.63601589	312	-0.016041 0.035434  0.818330
3.64105200	313	-0.014365 0.033518  0.822400
3.64608407	313	-0.012929 0.035913  0.820963
3.65111207	313	-0.013886 0.030645  0.818809
3.65616011	313	-0.011731 0.029927  0.829104
3.66121196	314	-0.017477 0.032800  0.826470
3.66623997	315	-0.011971 0.031124  0.825752
3.67128396	312	-0.016520 0.036391  0.831258
3.67631196	316	-0.010534 0.032321  0.844426
3.68135190	317	-0.019393 0.030406  0.841793
3.68639993	316	-0.020111 0.039504  0.846342
3.69146394	317	-0.017956 0.032800  0.847539
3.69652390	318	-0.022266 0.040940  0.846821
3.70157194	319	-0.016520 0.042138  0.850172
3.70662808	318	-0.032561 0.040462  0.859031
3.71167993	319	-0.033279 0.039504  0.861186
3.71673202	320	-0.027533 0.045968  0.862862
3.72178792	320	-0.036631 0.043335  0.882254
3.72684001	321	-0.036870 0.042856  0.881297
3.73187589	321	-0.038307 0.042856  0.887761
3.73691201	324	-0.037828 0.045489  0.892549
3.74195599	324	-0.045250 0.050038  0.901168
3.74699997	326	-0.040462 0.045250  0.913618
3.75203990	326	-0.047405 0.046686  0.914576
3.75707602	327	-0.038067 0.051954  0.930138
3.76211190	329	-0.038067 0.047644  0.932772
3.76715207	329	-0.047405 0.053151  0.947855
3.77220010	331	-0.045968 0.048123  0.950249
3.77725195	332	-0.048841 0.044532  0.952404
3.78229999	335	-0.043574 0.042138  0.971078
3.78733611	334	-0.044292 0.044292  0.976585
3.79237604	337	-0.045968 0.042138  0.992865
3.79741191	336	-0.041898 0.042377  0.995260
3.80244398	339	-0.040701 0.041180  1.000287
3.80747203	340	-0.038546 0.039265  1.018723
3.81252403	342	-0.035673 0.032561  1.028299
3.81758003	344	-0.034476 0.037828  1.037636
3.82262802	347	-0.034955 0.036631  1.056550
3.82768392	348	-0.030406 0.036391  1.058945
3.83274002	350	-0.033758 0.033040  1.069479
3.83779602	352	-0.029927 0.031603  1.086717
3.84285211	350	-0.028251 0.031603  1.088154
3.84791584	354	-0.034955 0.033040  1.103955
3.85295600	358	-0.026815 0.029688  1.115926
3.85800409	356	-0.030885 0.027294  1.123348
3.86304397	358	-0.029209 0.024421  1.130531
3.86807994	359	-0.020829 0.022745  1.150402
3.87312011	364	-0.026815 0.018196  1.163810
3.87815999	364	-0.030885 0.020351  1.162852
3.88321208	368	-0.023224 0.018196  1.180090
3.88826799	371	-0.023224 0.022505  1.194216
3.89332790	374	-0.028491 0.016999  1.199722
3.89837598	375	-0.028251 0.022026  1.214566
3.90343999	378	-0.025618 0.019872  1.227495
3.90849990	380	-0.041419 0.024421  1.235156
3.91357212	382	-0.035434 0.024660  1.250239
3.91863203	384	-0.040462 0.026575  1.256943
3.92369194	389	-0.035434 0.027294  1.254310
3.92874794	391	-0.040940 0.027533  1.278491
3.93378400	393	-0.043095 0.025857  1.289504
3.93881988	395	-0.042856 0.026097  1.293095
3.94386787	398	-0.046208 0.024660  1.310812
3.94891185	401	-0.043335 0.026575  1.315840
3.95397205	404	-0.053630 0.033758  1.311052
3.95901603	405	-0.054348 0.027772  1.335233
3.96406383	407	-0.049799 0.023224  1.345767
3.96911602	408	-0.060812 0.027294  1.347922
3.97417593	410	-0.057221 0.032321  1.351992
3.97923583	415	-0.059376 0.025139  1.370667
3.98429985	417	-0.059376 0.025378  1.383116
3.98936386	418	-0.062967 0.024421  1.384553
3.99442787	423	-0.064643 0.025618  1.384792
3.99948005	425	-0.066798 0.027294  1.399397
4.00453996	428	-0.058179 0.031843  1.410171
4.00960397	430	-0.059136 0.030885  1.399876
4.01465177	432	-0.060333 0.018435  1.413043
4.01969623	433	-0.058179 0.020590  1.425254
4.02473211	437	-0.053869 0.022266  1.425014
4.02976417	443	-0.059615 0.021069  1.431479
4.03481578	446	-0.051235 0.012929  1.429803
4.03987598	448	-0.048362 0.015562  1.438901
4.04493618	450	-0.047405 0.015323  1.447520
4.04998016	452	-0.051235 0.016041  1.453744
4.05503177	455	-0.046208 0.016041  1.455420
4.06006383	457	-0.057700 0.009577  1.460927
4.06512022	457	-0.046926 0.008140  1.459491
4.07018423	462	-0.048362 0.011731  1.456618
4.07524776	463	-0.052432 0.011253  1.451111
4.08031177	468	-0.050757 0.012689  1.454223
4.08534383	469	-0.048123 0.000000  1.463800
4.09035587	474	-0.047644 0.003831  1.460927
4.09539604	477	-0.050038 0.004310  1.455899
4.10043191	479	-0.048362 0.003352  1.454942
4.10548019	482	-0.050757 -0.002873  1.465955
##inga 
#ido(sec)  szog(ADC)     ax(g)    ay(g)   az(g)
4.11109209	487	-0.046447 0.002394  1.450153
4.11633205	491	-0.051475 -0.000958  1.456378
4.12155580	493	-0.049799 0.002873  1.448477
4.12677192	497	-0.044771 0.003591  1.449435
4.13182401	501	-0.052193 -0.005028  1.442971
4.13690376	503	-0.050278 0.000479  1.438661
4.14195203	502	-0.054827 -0.000718  1.448477
4.14703607	506	-0.046926 -0.001197  1.433873
4.15214014	508	-0.058897 0.000479  1.418071
4.15719223	515	-0.051714 -0.007901  1.412325
4.16228818	519	-0.055306 -0.002634  1.424536
4.16738796	519	-0.058179 -0.005507  1.416635
4.17246818	524	-0.055306 -0.002394  1.400354
4.17754411	527	-0.062488 -0.002155  1.398439
4.18263196	527	-0.057221 -0.008140  1.394848
4.18771219	533	-0.056742 -0.005267  1.381919
4.19279623	536	-0.067276 0.000239  1.375455
4.19784021	536	-0.062488 -0.000958  1.366836
4.20292377	540	-0.067755 -0.002873  1.358456
4.20800781	541	-0.069671 -0.008380  1.369230
4.21309185	542	-0.074698 0.002634  1.346246
4.21812820	548	-0.073741 0.001676  1.335472
4.22316789	550	-0.076853 0.001915  1.329726
4.22820806	549	-0.071825 -0.001437  1.318474
4.23329591	554	-0.077093 -0.005507  1.306981
4.23838806	558	-0.078768 0.005507  1.301954
4.24344778	561	-0.072304 0.001676  1.299081
4.24850416	563	-0.075177 -0.005028  1.278970
4.25358819	565	-0.080444 -0.009098  1.278970
4.25867223	569	-0.075177 -0.002634  1.264605
4.26377582	569	-0.076853 -0.009098  1.250239
4.26886796	572	-0.082360 0.000000  1.244493
4.27388000	573	-0.069910 -0.007901  1.230847
4.27895593	576	-0.069910 -0.004549  1.212890
4.28403615	579	-0.064643 -0.007422  1.205947
4.28912401	580	-0.064882 -0.004788  1.197807
4.29419994	584	-0.067516 -0.014365  1.192061
4.29930782	586	-0.063206 -0.016041  1.180090
4.30439186	588	-0.062009 -0.013886  1.175062
4.30947208	589	-0.058657 -0.008619  1.160218
4.31455612	588	-0.060094 -0.019872  1.152796
4.31963586	592	-0.058179 -0.016041  1.133882
4.32471179	591	-0.053151 -0.011492  1.120714
4.32980823	592	-0.052911 -0.011731  1.115687
4.33490800	599	-0.057460 -0.022505  1.103237
4.33999204	601	-0.053390 -0.020829  1.090787
4.34507608	602	-0.056981 -0.019632  1.085281
4.35016393	604	-0.054587 -0.021308  1.074028
4.35525989	607	-0.057221 -0.020829  1.055114
4.36036396	607	-0.051235 -0.023463  1.048889
4.36547183	609	-0.054108 -0.019153  1.041228
4.37057209	612	-0.057700 -0.023463  1.033327
4.37565612	613	-0.050757 -0.023942  1.006033
4.38073587	614	-0.054587 -0.030645  1.014892
4.38583993	617	-0.053630 -0.027772  1.006273
4.39094400	618	-0.052432 -0.026336  0.989753
4.39604377	618	-0.057700 -0.027294  0.979697
4.40113210	621	-0.061052 -0.021787  0.970360
4.40621995	622	-0.060573 -0.027294  0.972754
4.41131591	623	-0.065361 -0.026575  0.948334
4.41641998	622	-0.064643 -0.021308  0.937799
4.42150783	626	-0.066798 -0.025139  0.941151
4.42660379	626	-0.068952 -0.023463  0.937560
4.43170785	628	-0.071825 -0.018914  0.922237
4.43680810	628	-0.073501 -0.014604  0.913618
4.44189596	630	-0.072783 -0.014126  0.913858
4.44701194	631	-0.074698 -0.018435  0.906196
4.45210790	631	-0.073262 -0.022026  0.903802
4.45720005	633	-0.079008 -0.018914  0.883451
4.46228408	634	-0.073022 -0.014604  0.888000
4.46735191	633	-0.076135 -0.015083  0.888958
4.47243213	635	-0.077332 -0.021548  0.879142
4.47751998	632	-0.080205 -0.017238  0.868368
4.48260021	636	-0.077571 -0.012210  0.876269
4.48768377	634	-0.070389 -0.015323  0.864777
4.49276399	636	-0.073741 -0.018675  0.861664
4.49786806	637	-0.071346 -0.019872  0.857115
4.50296020	637	-0.072065 -0.019632  0.854482
4.50805187	635	-0.064164 -0.018675  0.845863
4.51314020	637	-0.068713 -0.022266  0.846342
4.51823997	638	-0.066558 -0.025378  0.838680
4.52331209	635	-0.065600 -0.024181  0.857355
4.52839994	636	-0.062967 -0.019632  0.849694
4.53350400	639	-0.054827 -0.030645  0.847060
4.53857612	637	-0.056742 -0.032082  0.839638
4.54366779	639	-0.060094 -0.025139  0.851130
4.54875183	639	-0.054108 -0.030645  0.853045
4.55384016	639	-0.056263 -0.029448  0.849454
4.55893993	639	-0.057939 -0.029448  0.835328
4.56404399	638	-0.048602 -0.028012  0.849933
4.56913614	638	-0.047884 -0.026575  0.848257
4.57424020	635	-0.046686 -0.021787  0.851848
4.57932806	638	-0.052911 -0.022026  0.853524
4.58442783	635	-0.047405 -0.017956  0.866213
4.58951616	636	-0.050038 -0.025857  0.854482
4.59460020	634	-0.058657 -0.016999  0.860467
4.59968805	635	-0.049081 -0.019632  0.865016
4.60478782	633	-0.053630 -0.020111  0.864298
4.60989189	634	-0.053390 -0.020829  0.863340
4.61499214	634	-0.058897 -0.019632  0.878903
4.62010812	633	-0.052911 -0.017956  0.897817
##inga 
#ido(sec)  szog(ADC)     ax(g)    ay(g)   az(g)
4.62575197	632	-0.063925 -0.011731  0.887043
4.63100814	631	-0.056024 -0.016041  0.892549
4.63622379	631	-0.062967 -0.011253  0.908590
4.64144802	626	-0.055784 -0.019632  0.917688
4.64654016	628	-0.062967 -0.013407  0.927504
4.65162420	627	-0.062967 -0.017477  0.923434
4.65670013	627	-0.066798 -0.008380  0.931096
4.66178798	624	-0.069671 -0.008858  0.933250
4.66686391	623	-0.073022 -0.013886  0.945700
4.67193222	621	-0.060573 -0.012450  0.948813
4.67701578	622	-0.072304 -0.013647  0.971797
4.68210411	617	-0.067516 -0.005985  0.973472
4.68717622	619	-0.066079 -0.009816  0.987838
4.69225597	617	-0.068473 -0.011253  0.991189
4.69735193	614	-0.069192 -0.008858  0.996696
4.70242404	616	-0.073262 -0.010534  1.009385
4.70751190	612	-0.067755 -0.005746  1.011779
4.71260404	610	-0.065122 -0.003831  1.027102
4.71769618	610	-0.066558 -0.017238  1.034763
4.72279977	609	-0.060094 -0.004788  1.045298
4.72787189	607	-0.066319 -0.010774  1.051523
4.73294782	603	-0.062967 -0.011971  1.063254
4.73805189	602	-0.059615 -0.008140  1.089111
4.74313592	600	-0.061052 -0.012689  1.085041
4.74822378	595	-0.059854 -0.011492  1.090069
4.75331211	594	-0.062488 -0.011731  1.108744
4.75841617	593	-0.049799 -0.011492  1.115687
4.76351976	591	-0.049320 -0.007183  1.129812
4.76861190	590	-0.055306 -0.014365  1.136755
4.77371597	589	-0.049081 -0.013886  1.144417
4.77880811	586	-0.047884 -0.018914  1.157824
4.78392791	584	-0.045729 -0.013168  1.172429
4.78903198	585	-0.051235 -0.013168  1.187991
4.79414415	579	-0.046686 -0.011013  1.193019
4.79925203	578	-0.055306 -0.016520  1.209778
4.80435609	576	-0.050278 -0.009098  1.221270
4.80943202	575	-0.052432 -0.010534  1.225340
4.81450796	572	-0.060573 -0.010534  1.235396
4.81958389	572	-0.051475 -0.005746  1.242817
4.82466411	569	-0.056981 -0.008140  1.249282
4.82974386	567	-0.051714 -0.002873  1.272505
4.83483219	564	-0.053390 -0.001197  1.273224
4.83992385	557	-0.055784 0.001437  1.293574
4.84497213	557	-0.058897 -0.002155  1.295250
4.85005187	555	-0.066558 0.000239  1.299559
4.85510015	550	-0.059854 0.000239  1.314164
4.86012792	550	-0.066319 0.004310  1.316798
4.86517190	546	-0.059136 0.005746  1.327571
4.87022781	543	-0.068234 -0.001915  1.331402
4.87531185	538	-0.069192 0.005746  1.344810
4.88036394	536	-0.069910 0.014844  1.352710
4.88540792	537	-0.071825 0.010295  1.357259
4.89046382	536	-0.070389 0.005028  1.367794
4.89552021	532	-0.065600 0.008380  1.377131
4.90056800	526	-0.070389 0.009098  1.385510
4.90560817	525	-0.067037 0.010774  1.398439
4.91064786	522	-0.067995 0.011731  1.395327
4.91567993	521	-0.069910 0.010056  1.386468
4.92072010	517	-0.069910 0.018435  1.411846
4.92575216	514	-0.066079 0.011253  1.406100
4.93078422	510	-0.063206 0.015323  1.420705
4.93583583	507	-0.065600 0.012929  1.422620
4.94087219	504	-0.056742 0.016280  1.423338
4.94591999	503	-0.061530 0.009337  1.422141
4.95098018	502	-0.058897 0.012929  1.423338
4.95603179	497	-0.055545 0.013407  1.446323
4.96111202	494	-0.055784 0.011731  1.440098
4.96616792	490	-0.052911 0.012210  1.441534
4.97122812	487	-0.054108 0.019393  1.451111
4.97626399	484	-0.050038 0.014844  1.448956
4.98130416	480	-0.041898 0.005507  1.446323
4.98634815	476	-0.050757 0.007183  1.452787
4.99138402	473	-0.039743 0.010534  1.443928
4.99643611	470	-0.043095 0.012689  1.460448
5.00146818	468	-0.031843 0.005985  1.447041
5.00651216	465	-0.039504 -0.000718  1.440337
5.01159191	464	-0.034237 0.013886  1.458054
5.01663208	460	-0.027054 0.009577  1.446323
5.02169179	457	-0.029688 -0.001197  1.444407
5.02678394	453	-0.034476 0.005267  1.437704
5.03183984	451	-0.034476 0.008619  1.444407
5.03689622	447	-0.030645 0.014126  1.445844
5.04195594	448	-0.033997 0.016759  1.431239
5.04701995	446	-0.038786 0.006943  1.424536
5.05206394	443	-0.031603 0.011971  1.424775
5.05710792	439	-0.033040 0.015562  1.431239
5.06213617	434	-0.043335 0.020590  1.410410
5.06717586	433	-0.045250 0.026097  1.414719
5.07221221	429	-0.045968 0.023702  1.405143
5.07724809	428	-0.048362 0.021548  1.409931
5.08231210	425	-0.061530 0.023463  1.400594
5.08735609	420	-0.051235 0.031843  1.394129
5.09240818	421	-0.055306 0.032800  1.366118
5.09745979	414	-0.059376 0.036152  1.384074
5.10251188	412	-0.062009 0.032561  1.365639
5.10756015	411	-0.062488 0.043095  1.353668
5.11262416	409	-0.065840 0.037110  1.341936
5.11768007	405	-0.056024 0.038307  1.349358
5.12273979	405	-0.066079 0.032561  1.331163
5.12777614	402	-0.062488 0.042138  1.323022
5.13281583	401	-0.059376 0.035194  1.310573
##inga 
#ido(sec)  szog(ADC)     ax(g)    ay(g)   az(g)
5.13839197	399	-0.049081 0.040701  1.304827
5.14362812	395	-0.059136 0.043095  1.299799
5.14885997	392	-0.056503 0.038786  1.282800
5.15407609	388	-0.053869 0.030406  1.270829
5.15912389	387	-0.048841 0.037349  1.264605
5.16417598	384	-0.042377 0.038067  1.264126
5.16922807	383	-0.046208 0.038307  1.250239
5.17428016	380	-0.042856 0.032082  1.233001
5.17933988	376	-0.039983 0.031124  1.222706
5.18440389	375	-0.038546 0.025139  1.213130
5.18945980	372	-0.041180 0.037349  1.201159
5.19450378	368	-0.023702 0.031364  1.198046
5.19956398	368	-0.028251 0.031364  1.183442
5.20460796	367	-0.031603 0.027054  1.168359
5.20966005	364	-0.025618 0.028730  1.154712
5.21470785	362	-0.019393 0.030167  1.145135
5.21975612	360	-0.017238 0.022984  1.134361
5.22480392	357	-0.017238 0.024181  1.134601
5.22984790	355	-0.016999 0.029209  1.116165
5.23489618	355	-0.016520 0.023463  1.107068
5.23996400	353	-0.018196 0.033518  1.102998
5.24500799	351	-0.014844 0.032321  1.085999
5.25006389	350	-0.016280 0.027294  1.076422
5.25512409	347	-0.015802 0.028491  1.058466
5.26017618	344	-0.023463 0.026815  1.055114
5.26524019	343	-0.022745 0.031124  1.044101
5.27030420	343	-0.018675 0.032800  1.031412
5.27536392	339	-0.028491 0.032561  1.014174
5.28041982	340	-0.021308 0.036391  1.008906
5.28545618	339	-0.021308 0.038307  1.013934
5.29050016	339	-0.024421 0.038786  0.994062
5.29555606	335	-0.028491 0.034716  0.983049
5.30059623	333	-0.029209 0.043095  0.978740
5.30561590	332	-0.030167 0.047644  0.966529
5.31066799	330	-0.033518 0.044532  0.950728
5.31572389	331	-0.038307 0.046926  0.948573
5.32075977	328	-0.033997 0.048602  0.947855
5.32580804	326	-0.045011 0.051714  0.944024
5.33085584	325	-0.043335 0.053151  0.920561
5.33591604	324	-0.045011 0.047165  0.928941
5.34097194	324	-0.041180 0.050038  0.909069
5.34602403	325	-0.045489 0.050757  0.910745
5.35105991	322	-0.049081 0.052911  0.899253
5.35609197	322	-0.044053 0.047644  0.888958
5.36112022	323	-0.050038 0.049081  0.885606
5.36615610	321	-0.048123 0.054108  0.888958
5.37118005	320	-0.043335 0.051954  0.871720
5.37621593	318	-0.044532 0.053630  0.872678
5.38127183	318	-0.041419 0.042138  0.869326
5.38632011	319	-0.045489 0.049081  0.860467
5.39136791	317	-0.033997 0.043335  0.846342
5.39642000	320	-0.032321 0.044532  0.858073
5.40147209	319	-0.024660 0.044053  0.851609
5.40653610	318	-0.027294 0.046447  0.840596
5.41159582	317	-0.025378 0.044053  0.845384
5.41664791	318	-0.026097 0.044771  0.834610
5.42168378	318	-0.021548 0.040701  0.838920
5.42671585	316	-0.017477 0.032321  0.834131
5.43175601	317	-0.017238 0.040462  0.831258
5.43680381	317	-0.014604 0.039265  0.820485
5.44184780	315	-0.016759 0.034955  0.830780
5.44689607	317	-0.012929 0.035434  0.832456
5.45193576	315	-0.019393 0.033997  0.825273
5.45696783	317	-0.010534 0.026815  0.834371
5.46201181	316	-0.007901 0.035673  0.827667
5.46705579	316	-0.009098 0.032800  0.831977
5.47209978	317	-0.013647 0.025139  0.840356
5.47716379	317	-0.015802 0.033040  0.834610
5.48221588	316	-0.009098 0.028730  0.842511
5.48724412	319	-0.018196 0.032082  0.836765
5.49228000	319	-0.013886 0.030885  0.841075
5.49730396	318	-0.012210 0.031124  0.840356
5.50233983	319	-0.023702 0.035194  0.850172
5.50738000	319	-0.020829 0.037110  0.848497
5.51241207	319	-0.024660 0.035913  0.850172
5.51745605	318	-0.028970 0.041898  0.858073
5.52250003	320	-0.028730 0.039265  0.855918
5.52755212	318	-0.033518 0.040222  0.869086
5.53260421	320	-0.041898 0.045729  0.873396
5.53765583	322	-0.040940 0.039983  0.878903
5.54269981	322	-0.039983 0.044532  0.879621
5.54774379	324	-0.043813 0.044771  0.896380
5.55278778	325	-0.044053 0.042856  0.885367
5.55781602	327	-0.045489 0.044532  0.903802
5.56285190	327	-0.046447 0.047884  0.908590
5.56789207	329	-0.042616 0.045489  0.916252
5.57292795	328	-0.043335 0.047405  0.929899
5.57796382	328	-0.042377 0.049320  0.935645
5.58301591	331	-0.048362 0.044771  0.938996
5.58805990	334	-0.044053 0.046686  0.944264
5.59312009	335	-0.043813 0.045250  0.955756
5.59816408	333	-0.039504 0.046208  0.969163
5.60321617	336	-0.047884 0.042856  0.967487
5.60828399	338	-0.049559 0.044053  0.979937
5.61334419	340	-0.040701 0.039265  0.998133
5.61839580	341	-0.034955 0.040462  0.997414
5.62344408	340	-0.033758 0.033997  1.009385
5.62849187	344	-0.032800 0.037110  1.025187
5.63351583	345	-0.030167 0.024421  1.025187
5.63855600	348	-0.035673 0.036870  1.043143
5.64359617	349	-0.032561 0.028251  1.050326
##inga 
#ido(sec)  szog(ADC)     ax(g)    ay(g)   az(g)
5.64915180	348	-0.031124 0.031124  1.058226
5.65439987	351	-0.026336 0.031124  1.063972
5.65964412	355	-0.030406 0.027772  1.086238
5.66487216	357	-0.027054 0.026336  1.092942
5.66991996	355	-0.029209 0.028730  1.097970
5.67496776	359	-0.026815 0.028012  1.120475
5.68004417	361	-0.024421 0.026575  1.124066
5.68510818	362	-0.022745 0.027772  1.125263
5.69018793	363	-0.025139 0.023702  1.144656
5.69524812	368	-0.023702 0.023463  1.158542
5.70031595	368	-0.030885 0.015802  1.167640
5.70536422	369	-0.023702 0.023224  1.180808
5.71041584	372	-0.026575 0.022026  1.192061
5.71547603	377	-0.032561 0.031364  1.197807
5.72052001	380	-0.033279 0.024660  1.207623
5.72556781	382	-0.033279 0.018196  1.223425
5.73061180	382	-0.033279 0.026097  1.231086
5.73565578	386	-0.037349 0.027772  1.243536
5.74071598	389	-0.036391 0.027772  1.258859
5.74577188	388	-0.037828 0.021308  1.261731
5.75084018	393	-0.047884 0.024181  1.264365
5.75589990	394	-0.042377 0.027054  1.282800
5.76096010	399	-0.044292 0.023463  1.291898
5.76601982	398	-0.055066 0.031603  1.297644
5.77106380	404	-0.052193 0.031603  1.306263
5.77611589	404	-0.051954 0.022266  1.318234
5.78117179	407	-0.051235 0.024181  1.320149
5.78621578	409	-0.055306 0.034955  1.328768
5.79125976	412	-0.059376 0.036152  1.340979
5.79629993	413	-0.058897 0.022745  1.350316
5.80135583	417	-0.058897 0.028012  1.350795
5.80639219	418	-0.052911 0.028730  1.362287
5.81145620	421	-0.056981 0.021308  1.364442
5.81650018	422	-0.057460 0.026575  1.374976
5.82154417	427	-0.056024 0.018914  1.385510
5.82657623	428	-0.058418 0.029448  1.390299
5.83163595	432	-0.054827 0.021069  1.402030
5.83668804	434	-0.062488 0.020829  1.397721
5.84175586	436	-0.053630 0.010774  1.399157
5.84681606	441	-0.053869 0.012210  1.419747
5.85187578	445	-0.053390 0.022505  1.403227
5.85692787	448	-0.046447 0.017956  1.420465
5.86197614	447	-0.048362 0.011492  1.422141
5.86701202	451	-0.052193 0.014604  1.435070
5.87204790	453	-0.052432 0.013647  1.431000
5.87708377	456	-0.052911 0.012929  1.433873
5.88213586	457	-0.042138 0.008380  1.436506
5.88718795	460	-0.051954 0.002873  1.435309
5.89224815	462	-0.046208 0.002394  1.432676
5.89728784	467	-0.050278 0.011253  1.435309
5.90234422	469	-0.052432 0.013886  1.438182
5.90739202	473	-0.051235 0.009098  1.447280
5.91244411	475	-0.050757 -0.000958  1.433873
5.91753578	477	-0.049799 0.001915  1.442253
5.92259979	481	-0.045250 0.002873  1.440098
5.92764806	484	-0.047644 0.008380  1.442492
5.93270015	487	-0.046686 -0.002394  1.432436
5.93776798	492	-0.048362 0.000000  1.442971
5.94277620	492	-0.048123 0.002394  1.431479
5.94782400	497	-0.049320 0.004549  1.429324
5.95286417	500	-0.046926 0.001676  1.428606
5.95790386	503	-0.050278 -0.006704  1.425493
5.96297597	504	-0.051475 -0.007661  1.415677
5.96806812	506	-0.046686 0.004788  1.425493
5.97312021	510	-0.047405 0.004070  1.414001
5.97816801	514	-0.050996 -0.002634  1.402749
5.98326015	518	-0.053869 -0.008380  1.396524
5.98834800	520	-0.053630 0.001676  1.398918
5.99340009	523	-0.063446 0.003831  1.387665
5.99845981	524	-0.066079 0.005746  1.380243
6.00351190	526	-0.061770 0.000479  1.381201
6.00856018	529	-0.066319 -0.004310  1.374976
6.01365613	535	-0.071346 0.010056  1.357499
6.01871204	537	-0.071107 0.008380  1.353907
6.02373600	536	-0.068473 0.002394  1.346246
6.02877998	541	-0.074219 -0.004549  1.348640
6.03385591	541	-0.074698 0.001676  1.335712
6.03889608	546	-0.081641 0.007661  1.319910
6.04394388	549	-0.084275 0.010774  1.318474
6.04899597	549	-0.079008 -0.002634  1.309136
6.05407190	549	-0.076135 -0.004310  1.297884
6.05916404	556	-0.076135 -0.000718  1.297884
6.06425619	557	-0.074459 0.004310  1.278251
6.06930398	559	-0.071825 -0.006943  1.272745
6.07440805	562	-0.069431 -0.008380  1.269153
6.07949590	568	-0.073022 -0.005028  1.250000
6.08456802	569	-0.073741 -0.003591  1.237071
6.08966398	571	-0.068713 -0.005985  1.231325
6.09475183	573	-0.061770 -0.009337  1.218158
6.09984397	573	-0.065840 -0.016280  1.220312
6.10493612	577	-0.065600 -0.010056  1.204511
6.11002779	580	-0.062967 -0.006943  1.188470
6.11511611	581	-0.060573 -0.018196  1.186076
6.12022018	584	-0.053630 -0.016041  1.177456
6.12532377	585	-0.052193 -0.017717  1.150163
6.13043594	585	-0.056503 -0.016520  1.141304
6.13551998	588	-0.056503 -0.022745  1.136277
6.14060401	590	-0.061291 -0.022266  1.131728
6.14570808	592	-0.059615 -0.026815  1.123109
6.15080404	593	-0.056263 -0.016280  1.104434
6.15590000	594	-0.061052 -0.020590  1.099406
##inga 
#ido(sec)  szog(ADC)     ax(g)    ay(g)   az(g)
6.16151618	597	-0.052432 -0.031124  1.086957
6.16677188	602	-0.052672 -0.022745  1.079056
6.17201995	601	-0.047884 -0.022026  1.071155
6.17723989	603	-0.061770 -0.021308  1.056790
6.18231201	607	-0.046208 -0.024421  1.049847
6.18739604	608	-0.049799 -0.029448  1.044101
6.19248008	609	-0.062967 -0.020351  1.029257
6.19757986	611	-0.057221 -0.015802  1.016328
6.20266819	612	-0.049799 -0.020590  1.008667
6.20774793	613	-0.056981 -0.029927  0.997414
6.21283578	616	-0.064403 -0.026575  1.000287
6.21792793	616	-0.060333 -0.017477  0.980894
6.22301197	617	-0.055784 -0.022745  0.964854
6.22810411	619	-0.060573 -0.016520  0.961502
6.23320388	621	-0.067995 -0.023224  0.958150
6.23829984	620	-0.067755 -0.020351  0.950010
6.24339199	622	-0.069431 -0.015083  0.942109
6.24848794	621	-0.070389 -0.017717  0.938757
6.25358819	625	-0.071346 -0.021308  0.930138
6.25867986	626	-0.073501 -0.013886  0.918885
6.26378011	627	-0.072304 -0.016041  0.910745
6.26887178	627	-0.077571 -0.016280  0.902844
6.27397203	628	-0.082839 -0.015323  0.897338
6.27907991	630	-0.075656 -0.012929  0.888000
6.28417205	628	-0.074459 -0.016041  0.887282
6.28926420	631	-0.076374 -0.012450  0.879860
6.29436016	630	-0.078050 -0.019393  0.891352
6.29944419	630	-0.074219 -0.017956  0.875790
6.30453586	631	-0.069671 -0.017477  0.871481
6.30963611	634	-0.074219 -0.011731  0.859510
6.31474018	632	-0.069910 -0.016520  0.858313
6.31982803	634	-0.075417 -0.020351  0.870523
6.32492399	634	-0.068473 -0.021548  0.863819
6.33001184	633	-0.063925 -0.018914  0.851369
6.33510780	633	-0.059615 -0.022026  0.856876
6.34018802	635	-0.059854 -0.024181  0.854242
6.34527206	635	-0.060094 -0.026815  0.853285
6.35035610	636	-0.060812 -0.022266  0.852567
6.35545206	635	-0.054827 -0.027772  0.847060
6.36054420	636	-0.056981 -0.030167  0.859510
6.36562013	635	-0.049799 -0.034716  0.852806
6.37071180	635	-0.049559 -0.035673  0.854242
6.37580394	636	-0.054108 -0.029448  0.855918
6.38087987	635	-0.044053 -0.024660  0.854003
6.38595581	634	-0.052911 -0.030885  0.846821
6.39104413	636	-0.045968 -0.024421  0.860228
6.39614009	634	-0.051475 -0.023942  0.854482
6.40123605	632	-0.048841 -0.024421  0.856637
6.40634012	633	-0.048362 -0.022266  0.865735
6.41144418	631	-0.047644 -0.024181  0.879621
6.41652822	631	-0.052432 -0.026336  0.868368
6.42163181	632	-0.050757 -0.022745  0.873396
6.42672777	632	-0.052432 -0.022266  0.879142
6.43182420	629	-0.056742 -0.016759  0.881776
6.43691587	629	-0.058418 -0.011013  0.887282
6.44201183	628	-0.058179 -0.010056  0.902126
6.44710397	628	-0.061291 -0.013886  0.890395
6.45219993	628	-0.066558 -0.012450  0.910266
6.45729589	628	-0.062249 -0.010295  0.908351
6.46238422	624	-0.068473 -0.011731  0.919125
6.46747207	625	-0.070389 -0.012689  0.922955
6.47256803	624	-0.066798 -0.012450  0.932053
6.47767210	622	-0.070628 -0.008140  0.940672
6.48275995	621	-0.067995 -0.005985  0.952404
6.48784780	620	-0.073980 -0.007183  0.947855
6.49294376	618	-0.072544 -0.003352  0.966051
6.49804019	617	-0.074219 -0.008380  0.972275
6.50313615	617	-0.071825 -0.002394  0.978979
6.50821590	615	-0.074459 -0.004310  0.984965
6.51329994	615	-0.074459 -0.004549  0.993823
6.51836776	611	-0.074938 -0.008858  0.994062
6.52343988	610	-0.069671 -0.007422  1.008906
6.52852010	610	-0.070868 -0.004070  1.020877
6.53359985	608	-0.070389 -0.005507  1.024947
6.53867197	605	-0.061770 -0.009816  1.038834
6.54375219	603	-0.067516 -0.012450  1.053199
6.54884386	601	-0.060812 -0.002873  1.054635
6.55391979	601	-0.060573 -0.008858  1.070437
6.55900001	598	-0.060812 -0.010056  1.068761
6.56407594	595	-0.054348 -0.011253  1.090548
6.56917619	593	-0.056503 -0.010774  1.103237
6.57425594	591	-0.054827 -0.010774  1.107546
6.57933998	589	-0.050038 -0.011731  1.119039
6.58444786	590	-0.053869 -0.016280  1.131728
6.58954811	588	-0.049320 -0.013647  1.131249
6.59463214	587	-0.053630 -0.016041  1.152318
6.59972810	586	-0.041898 -0.013168  1.159021
6.60482788	584	-0.042856 -0.011492  1.162613
6.60992813	577	-0.043335 -0.015083  1.170274
6.61501598	578	-0.044771 -0.015083  1.187512
6.62011194	576	-0.046447 -0.007901  1.203792
6.62521982	575	-0.049559 -0.021548  1.202356
6.63030385	573	-0.046208 -0.012929  1.231086
6.63539600	571	-0.050278 -0.012929  1.220073
6.64049577	569	-0.053869 -0.006704  1.238508
6.64559602	565	-0.047405 -0.010056  1.245451
6.65069580	564	-0.053869 -0.009337  1.266999
6.65578413	560	-0.063446 -0.004788  1.265802
6.66088819	558	-0.059376 -0.001676  1.274660
6.66598796	554	-0.062249 0.001676  1.291898
6.67104005	551	-0.061052 0.002394  1.289983
##inga 
#ido(sec)  szog(ADC)     ax(g)    ay(g)   az(g)
6.67662382	549	-0.070149 0.003352  1.304108
6.68184804	546	-0.063446 0.006225  1.307221
6.68707609	541	-0.063446 0.005507  1.320389
6.69227218	539	-0.068713 0.002873  1.324459
6.69731187	539	-0.068473 0.001437  1.343373
6.70235586	538	-0.067276 0.012210  1.342415
6.70739984	536	-0.073262 0.011013  1.353428
6.71245193	532	-0.077811 0.015802  1.362287
6.71750783	527	-0.071586 0.013407  1.378328
6.72257184	524	-0.072783 0.006943  1.367075
6.72762393	523	-0.069192 0.011013  1.386468
6.73266410	521	-0.072304 0.013407  1.383835
6.73772811	515	-0.071346 0.015323  1.373061
6.74279212	513	-0.060333 0.018435  1.393172
6.74784421	509	-0.066079 0.017477  1.403706
6.75287199	508	-0.061052 0.011731  1.388623
6.75791597	505	-0.057221 0.010774  1.402030
6.76295185	501	-0.062009 0.013647  1.412325
6.76798391	502	-0.062009 0.017477  1.415198
6.77303218	498	-0.062249 0.011013  1.428366
6.77808380	495	-0.062488 0.019872  1.420465
6.78312778	492	-0.064643 0.019393  1.421663
6.78817605	487	-0.051235 0.008619  1.430042
6.79323196	486	-0.049799 0.010774  1.423099
6.79828405	479	-0.051475 0.013407  1.424057
6.80334806	479	-0.043813 0.013647  1.428845
6.80841207	475	-0.045489 0.010295  1.437943
6.81347179	472	-0.043335 0.014126  1.437704
6.81854820	472	-0.042377 0.006943  1.436506
6.82359218	468	-0.042377 0.008140  1.434112
6.82863616	462	-0.038786 0.006225  1.435070
6.83366394	462	-0.032800 0.011492  1.437704
6.83869600	459	-0.034476 0.009337  1.422620
6.84372377	453	-0.033518 0.004070  1.429563
6.84877204	452	-0.030167 0.005985  1.425493
6.85380792	449	-0.029688 0.011971  1.419747
6.85886383	449	-0.033040 0.014604  1.407537
6.86392402	448	-0.028012 0.011253  1.414719
6.86897611	444	-0.035194 0.014844  1.405622
6.87404012	442	-0.033758 0.008380  1.411846
6.87908792	438	-0.035434 0.013886  1.403946
6.88415622	432	-0.038067 0.019393  1.400115
6.88920783	433	-0.042616 0.013168  1.392454
6.89427185	429	-0.041180 0.021787  1.386708
6.89931583	428	-0.049799 0.023224  1.380243
6.90437221	424	-0.053869 0.025378  1.370427
6.90942001	419	-0.050278 0.026097  1.373300
6.91446018	419	-0.056742 0.027294  1.361329
6.91950798	414	-0.053869 0.037110  1.346964
6.92454385	413	-0.055306 0.038786  1.348880
6.92958784	411	-0.065840 0.029688  1.343612
6.93463993	409	-0.057221 0.039743  1.337148
6.93968820	408	-0.059376 0.040462  1.322544
6.94474792	405	-0.062249 0.046686  1.315840
6.94979619	402	-0.068234 0.038546  1.318474
6.95484781	400	-0.061770 0.041898  1.298841
6.95989990	400	-0.065122 0.040222  1.289504
6.96496391	396	-0.065600 0.036870  1.276097
6.97000408	393	-0.051954 0.041659  1.273463
6.97505187	391	-0.060333 0.036631  1.259098
6.98008012	388	-0.051714 0.034716  1.257901
6.98512411	384	-0.047644 0.036870  1.243775
6.99017190	384	-0.051235 0.039743  1.238269
6.99522781	381	-0.048362 0.038307  1.227734
7.00026798	378	-0.041180 0.031843  1.209060
7.00531196	375	-0.038307 0.030645  1.211214
7.01035976	375	-0.040222 0.030406  1.193019
7.01540803	372	-0.034955 0.036391  1.193497
7.02045583	368	-0.035913 0.025857  1.170274
7.02550792	367	-0.028730 0.021787  1.170753
7.03056001	365	-0.023702 0.029927  1.158064
7.03562402	362	-0.017238 0.031124  1.140825
7.04067182	362	-0.020590 0.032800  1.141783
7.04569578	358	-0.011731 0.024181  1.124066
7.05073213	358	-0.014604 0.018435  1.108983
7.05576801	355	-0.011731 0.024181  1.102279
7.06080818	355	-0.015802 0.024421  1.090548
7.06585597	353	-0.020351 0.027533  1.079295
7.07089614	351	-0.013168 0.026815  1.078577
7.07596778	351	-0.016520 0.026815  1.065648
7.08101987	348	-0.018914 0.035913  1.057029
7.08607578	346	-0.017238 0.027533  1.043861
7.09114789	345	-0.022026 0.033279  1.031651
7.09619188	343	-0.020829 0.031124  1.019920
7.10126399	341	-0.024421 0.034955  1.023511
7.10631608	340	-0.027772 0.038307  1.000287
7.11138820	339	-0.029688 0.038067  0.994062
7.11643600	336	-0.031124 0.037589  0.988556
7.12148380	337	-0.033040 0.041898  0.973472
7.12651205	334	-0.039504 0.045489  0.969881
7.13153600	334	-0.039265 0.048362  0.966769
7.13657617	332	-0.043574 0.045250  0.954080
7.14161205	332	-0.051235 0.048362  0.939475
7.14666414	332	-0.045011 0.047644  0.938518
7.15170812	331	-0.045968 0.052193  0.932772
7.15675592	326	-0.043574 0.053151  0.922716
7.16179990	328	-0.048841 0.046926  0.909069
7.16684818	327	-0.047405 0.055784  0.905717
7.17189979	323	-0.049081 0.052193  0.905957
7.17694807	324	-0.048362 0.060573  0.894944
7.18200016	324	-0.046447 0.054108  0.880578
##inga 
#ido(sec)  szog(ADC)     ax(g)    ay(g)   az(g)
7.18760013	324	-0.050038 0.047405  0.880100
7.19278001	322	-0.047165 0.054108  0.875311
7.19800806	322	-0.043095 0.048362  0.876030
7.20319223	319	-0.041659 0.052432  0.871002
7.20822381	319	-0.039983 0.050038  0.865974
7.21326398	320	-0.032321 0.045968  0.862383
7.21831607	318	-0.033997 0.044771  0.854482
7.22336387	321	-0.024660 0.043095  0.852088
7.22840023	321	-0.031603 0.043574  0.851848
7.23345184	320	-0.021548 0.038067  0.858073
7.23850393	319	-0.021308 0.030645  0.841553
7.24355220	319	-0.021548 0.036152  0.836765
7.24861192	320	-0.015802 0.034716  0.843947
7.25365209	320	-0.016520 0.034955  0.838201
7.25868797	319	-0.012450 0.031364  0.840835
7.26372814	321	-0.011253 0.029209  0.837723
7.26877212	320	-0.006225 0.037349  0.829822
7.27380800	318	-0.012450 0.029209  0.833653
7.27884387	320	-0.000958 0.033997  0.835807
7.28388023	320	-0.007183 0.028970  0.835089
7.28891181	320	-0.008140 0.029209  0.835328
7.29396009	320	-0.014604 0.027772  0.840356
7.29900789	319	-0.013647 0.030885  0.845623
7.30406379	320	-0.011492 0.034237  0.841075
7.30913209	318	-0.018675 0.030167  0.846102
7.31420421	318	-0.019393 0.036391  0.850412
7.31926822	320	-0.020111 0.035194  0.840356
7.32429599	321	-0.017717 0.034237  0.854482
7.32933998	322	-0.026815 0.036391  0.864298
7.33436822	324	-0.027054 0.041419  0.858552
7.33939218	324	-0.032800 0.034476  0.865735
7.34442806	324	-0.040701 0.041419  0.872199
7.34945583	322	-0.039743 0.039743  0.882973
7.35451221	327	-0.041180 0.045729  0.875072
7.35954380	327	-0.035194 0.044532  0.893746
7.36459207	328	-0.047644 0.045489  0.898056
7.36963176	326	-0.048841 0.043095  0.896619
7.37468814	327	-0.047884 0.045250  0.908351
7.37973213	327	-0.055066 0.047884  0.906436
7.38476800	331	-0.052193 0.042138  0.923434
7.38980817	331	-0.051954 0.044771  0.919125
7.39484405	334	-0.052672 0.048602  0.932532
7.39988422	333	-0.050757 0.053390  0.927504
7.40493202	334	-0.053151 0.044771  0.955277
7.40997219	336	-0.047644 0.045489  0.963896
7.41501188	338	-0.051235 0.046208  0.968205
7.42005586	339	-0.044292 0.042856  0.969642
7.42510795	340	-0.045011 0.038786  0.983528
7.43016386	339	-0.041180 0.031364  0.987838
7.43521595	340	-0.033040 0.034955  0.995738
7.44025993	345	-0.033040 0.034237  1.007230
7.44531202	344	-0.030885 0.034476  1.013934
7.45036792	348	-0.031603 0.036152  1.017286
7.45541620	347	-0.027294 0.029688  1.032848
7.46045589	350	-0.028491 0.029448  1.042904
7.46550416	353	-0.027772 0.030885  1.061578
7.47054815	354	-0.022266 0.027533  1.061578
7.47559213	356	-0.023224 0.018914  1.068761
7.48063993	356	-0.028012 0.026097  1.077619
7.48568010	357	-0.017717 0.023224  1.093660
7.49073982	360	-0.022745 0.019393  1.114011
7.49580001	362	-0.021308 0.016041  1.125024
7.50084781	364	-0.023942 0.024421  1.112814
7.50591611	367	-0.020590 0.027772  1.143220
7.51096010	369	-0.020351 0.021069  1.153036
7.51601600	368	-0.022026 0.011492  1.158542
7.52107191	372	-0.023942 0.016999  1.160458
7.52613592	376	-0.025378 0.025139  1.181048
7.53119993	379	-0.025378 0.033758  1.196849
7.53625202	381	-0.028491 0.024421  1.193019
7.54130792	382	-0.033279 0.022266  1.210017
7.54634380	384	-0.030645 0.025139  1.225579
7.55138778	387	-0.040701 0.034237  1.222946
7.55642795	388	-0.039504 0.032082  1.236593
7.56147623	391	-0.039504 0.017717  1.243536
7.56652021	394	-0.047644 0.033758  1.265083
7.57157611	396	-0.051714 0.031364  1.259337
7.57662820	398	-0.055066 0.031364  1.274660
7.58167219	399	-0.064643 0.025618  1.276815
7.58673191	403	-0.055066 0.031364  1.287828
7.59178018	407	-0.062488 0.030167  1.306024
7.59684801	406	-0.059854 0.035673  1.313685
7.60190820	409	-0.064164 0.028251  1.315361
7.60695219	411	-0.067995 0.024660  1.322783
7.61199617	413	-0.064403 0.027772  1.333796
7.61703586	416	-0.066558 0.034237  1.342415
7.62206411	417	-0.063206 0.030406  1.345767
7.62711191	420	-0.059854 0.028012  1.356780
7.63215589	424	-0.059376 0.027294  1.367315
7.63719987	426	-0.054587 0.027533  1.365639
7.64225578	428	-0.056981 0.024899  1.366836
7.64730787	430	-0.056263 0.019632  1.374976
7.65236377	432	-0.052911 0.020829  1.396763
7.65741586	436	-0.049081 0.017956  1.390778
7.66245985	438	-0.050517 0.014126  1.386468
7.66751194	441	-0.044053 0.010774  1.399157
7.67256021	448	-0.037589 0.002873  1.403227
7.67761611	447	-0.043095 0.010534  1.407776
7.68265199	451	-0.049320 0.014604  1.408016
7.68769598	453	-0.042138 0.010774  1.414241
7.69273614	454	-0.038307 0.000958  1.415198
##inga 
#ido(sec)  szog(ADC)     ax(g)    ay(g)   az(g)
7.69829177	455	-0.048602 0.003352  1.416156
7.70352792	459	-0.040222 0.001915  1.419029
7.70874404	463	-0.038067 0.005028  1.425014
7.71394014	466	-0.049799 0.005507  1.416156
7.71898412	467	-0.046686 0.002394  1.427169
7.72403192	470	-0.042616 0.002394  1.421902
7.72908782	474	-0.041898 -0.002394  1.425972
7.73416423	475	-0.045011 0.003831  1.425254
7.73923206	480	-0.045489 -0.001197  1.416395
7.74432420	481	-0.044292 -0.002634  1.421423
7.74941587	486	-0.038786 -0.007901  1.426211
7.75451183	491	-0.048362 0.002394  1.433155
7.75957584	491	-0.049799 0.005028  1.424057
7.76462793	493	-0.052911 0.000479  1.416635
7.76965618	498	-0.055066 0.002394  1.417832
7.77468013	501	-0.052911 0.005267  1.421663
7.77972412	501	-0.059376 -0.000718  1.411846
7.78480386	504	-0.056742 0.005028  1.396763
7.78985214	507	-0.059615 -0.001915  1.398678
7.79492807	508	-0.065600 0.002873  1.394129
7.79996776	514	-0.068234 0.008858  1.388383
7.80500793	518	-0.067995 0.008380  1.383595
7.81005620	520	-0.073022 0.006464  1.378807
7.81511211	525	-0.069910 0.001437  1.372821
7.82016801	524	-0.074219 0.010056  1.367075
7.82523584	527	-0.070149 0.007183  1.351034
7.83029603	530	-0.068713 0.001915  1.361569
7.83536005	535	-0.084036 0.009337  1.350795
7.84040784	537	-0.079966 0.005267  1.335951
7.84545993	538	-0.077571 0.010534  1.320868
7.85050392	539	-0.077811 0.007183  1.330205
7.85553598	542	-0.081641 0.006464  1.322065
7.86058378	544	-0.074938 0.003352  1.313206
7.86563587	547	-0.073741 0.005028  1.295729
7.87068796	551	-0.076614 0.000718  1.296208
7.87574005	549	-0.076135 -0.005746  1.287589
7.88081979	556	-0.072783 -0.004310  1.270829
7.88590383	559	-0.064164 -0.004070  1.260295
7.89099216	561	-0.069431 -0.001915  1.257901
7.89608812	563	-0.072783 -0.015562  1.252155
7.90118408	567	-0.062967 -0.013647  1.235874
7.90628004	569	-0.062488 -0.011013  1.221988
7.91136789	571	-0.055545 -0.009098  1.212172
7.91644811	572	-0.050996 -0.014604  1.215524
7.92153215	572	-0.053869 -0.018196  1.200680
7.92663192	577	-0.063925 -0.020829  1.200201
7.93173599	577	-0.052911 -0.017477  1.186315
7.93685579	581	-0.048602 -0.019393  1.170992
7.94195985	583	-0.046686 -0.023463  1.149684
7.94706010	582	-0.048362 -0.019632  1.145614
7.95216417	586	-0.048362 -0.020351  1.130770
7.95726013	589	-0.047884 -0.026575  1.129333
7.96236419	589	-0.050517 -0.028251  1.125024
7.96746778	589	-0.049081 -0.027294  1.105871
7.97257184	592	-0.053151 -0.029209  1.105392
7.97766780	593	-0.048602 -0.018196  1.090069
7.98274421	593	-0.045011 -0.026097  1.083605
7.98783588	597	-0.053390 -0.030885  1.070676
7.99291992	599	-0.049081 -0.019872  1.055114
7.99800777	599	-0.059136 -0.021548  1.043143
8.00310802	601	-0.055306 -0.023942  1.036918
8.00819587	606	-0.056263 -0.019872  1.030215
8.01329994	605	-0.056503 -0.014365  1.024469
8.01839637	608	-0.058897 -0.020590  1.011061
8.02347183	611	-0.067276 -0.007422  0.996696
8.02854824	610	-0.070628 -0.013886  0.995260
8.03362846	612	-0.073980 -0.014844  0.985922
8.03871154	614	-0.074219 -0.012210  0.979937
8.04380035	615	-0.073022 -0.011013  0.970121
8.04887962	617	-0.072304 -0.018196  0.972275
8.05397987	618	-0.078768 -0.012929  0.961981
8.05907154	617	-0.079726 -0.012450  0.949291
8.06416034	620	-0.079247 -0.013407  0.949052
8.06924819	619	-0.080923 -0.008619  0.931814
8.07431983	622	-0.082120 -0.012450  0.930856
8.07941246	621	-0.078529 -0.010774  0.921280
8.08449554	622	-0.081163 -0.009337  0.916252
8.08958435	622	-0.077093 -0.009337  0.914815
8.09466838	625	-0.070628 -0.016280  0.902126
8.09975624	625	-0.070868 -0.018914  0.900689
8.10484790	627	-0.069431 -0.013647  0.893028
8.10995578	628	-0.069910 -0.022026  0.894944
8.11505985	629	-0.065122 -0.016280  0.886564
8.12016391	630	-0.073741 -0.022984  0.878903
8.12527179	630	-0.063446 -0.026336  0.882015
8.13039207	630	-0.062009 -0.026097  0.870762
8.13548374	630	-0.060094 -0.023463  0.875072
8.14057636	629	-0.054587 -0.019632  0.864059
8.14567565	630	-0.060812 -0.028491  0.863819
8.15077972	629	-0.060333 -0.025857  0.866453
8.15588378	632	-0.060812 -0.027533  0.858313
8.16098022	632	-0.054827 -0.033040  0.858313
8.16605567	630	-0.056263 -0.031364  0.859989
8.17114830	632	-0.047405 -0.026815  0.855440
8.17622375	632	-0.051235 -0.030885  0.853285
8.18130397	630	-0.053390 -0.033040  0.862862
8.18638801	632	-0.050038 -0.028970  0.850651
8.19147586	632	-0.047644 -0.027533  0.855440
8.19655609	629	-0.049559 -0.029927  0.869086
8.20165157	632	-0.052193 -0.026815  0.861186
8.20674037	632	-0.050757 -0.028251  0.868608
##inga 
#ido(sec)  szog(ADC)     ax(g)    ay(g)   az(g)
8.21236419	629	-0.056263 -0.025378  0.868129
8.21762371	631	-0.055066 -0.021308  0.868608
8.22287178	631	-0.055784 -0.018675  0.873875
8.22811222	630	-0.058179 -0.013886  0.878903
8.23321628	629	-0.062967 -0.019632  0.882015
8.23830795	629	-0.071346 -0.017238  0.875551
8.24341583	629	-0.062727 -0.020111  0.878663
8.24851226	626	-0.067037 -0.013647  0.888719
8.25361156	629	-0.062249 -0.015562  0.897817
8.25870800	627	-0.066558 -0.014126  0.902605
8.26379585	626	-0.077571 0.001915  0.899732
8.26884365	624	-0.072304 -0.008140  0.904999
8.27392768	623	-0.073262 -0.011731  0.911463
8.27902030	621	-0.070628 -0.003352  0.917928
8.28411197	620	-0.071825 -0.005746  0.924871
8.28919219	618	-0.070868 -0.007422  0.927025
8.29428005	619	-0.073980 -0.011731  0.941630
8.29936790	617	-0.072065 -0.012450  0.934687
8.30446434	617	-0.078290 -0.002155  0.952883
8.30955219	617	-0.077332 -0.003831  0.963896
8.31464767	615	-0.068713 -0.007901  0.963178
8.31975173	613	-0.069910 -0.006464  0.969402
8.32484436	612	-0.063925 -0.013168  0.983767
8.32995223	611	-0.066558 -0.010534  0.990950
8.33502388	609	-0.063925 -0.010056  1.010103
8.34010410	606	-0.065122 -0.008380  1.005555
8.34518432	604	-0.061530 -0.013886  1.021117
8.35027217	604	-0.058418 -0.010534  1.025187
8.35536384	603	-0.055306 -0.015802  1.039073
8.36045169	601	-0.050757 -0.006704  1.039791
8.36553192	598	-0.049559 -0.019872  1.059424
8.37062358	596	-0.048362 -0.019153  1.075225
8.37572383	593	-0.050996 -0.016759  1.068282
8.38080406	591	-0.048841 -0.017238  1.079774
8.38589572	591	-0.040222 -0.009098  1.089111
8.39096832	591	-0.042616 -0.014365  1.104195
8.39606380	590	-0.049799 -0.014604  1.112335
8.40113639	588	-0.048362 -0.010534  1.125024
8.40622806	587	-0.043813 -0.015802  1.132207
8.41131973	583	-0.049320 -0.013886  1.140347
8.41641616	582	-0.045968 -0.016520  1.153275
8.42150402	579	-0.049559 -0.016280  1.161415
8.42659187	579	-0.046208 -0.009098  1.164767
8.43167591	577	-0.047884 -0.013647  1.181527
8.43678760	575	-0.051235 -0.015323  1.190864
8.44189167	572	-0.050038 -0.008619  1.195413
8.44696807	572	-0.053151 -0.002873  1.210975
8.45205593	568	-0.062009 -0.003352  1.216482
8.45714378	565	-0.062967 -0.001197  1.221988
8.46223163	562	-0.058418 0.001197  1.238269
8.46729183	560	-0.064403 -0.000239  1.254070
8.47237586	556	-0.064882 0.003112  1.257901
8.47742843	555	-0.062488 0.004549  1.264605
8.48248004	553	-0.069431 0.004310  1.274181
8.48752784	548	-0.059615 0.006464  1.282800
8.49256038	549	-0.071107 0.008380  1.299799
8.49759578	547	-0.064643 0.006943  1.294053
8.50263214	541	-0.071346 0.011013  1.313685
8.50768375	540	-0.071346 0.005985  1.307221
8.51272773	539	-0.072065 0.009337  1.318952
8.51776790	537	-0.068713 0.008140  1.325417
8.52281570	535	-0.069192 0.013407  1.333796
8.52787971	532	-0.072304 0.009337  1.346964
8.53292846	526	-0.067516 0.012929  1.351274
8.53797626	526	-0.066319 0.014126  1.353189
8.54304409	524	-0.068234 0.012929  1.357977
8.54810428	519	-0.063206 0.007661  1.365160
8.55315208	518	-0.061052 0.012210  1.368991
8.55820369	513	-0.065840 0.006943  1.380004
8.56323242	511	-0.062967 0.016280  1.384553
8.56828403	508	-0.051235 0.016520  1.391257
8.57331180	505	-0.053630 0.011492  1.393172
8.57833957	503	-0.056742 0.016280  1.387186
8.58339214	501	-0.047405 0.009098  1.406100
8.58841991	500	-0.050996 0.014844  1.403946
8.59346389	493	-0.053151 0.006704  1.412565
8.59852790	492	-0.046926 0.006704  1.406340
8.60358428	490	-0.048602 0.003352  1.409931
8.60864353	487	-0.046208 0.008619  1.410171
8.61369991	483	-0.040940 0.008140  1.412325
8.61875152	480	-0.042377 0.003591  1.404425
8.62380790	476	-0.047884 0.007422  1.401551
8.62886047	475	-0.038786 0.011492  1.408016
8.63389587	470	-0.042616 0.006704  1.414001
8.63894844	470	-0.039743 0.013647  1.411846
8.64400005	465	-0.040940 0.011731  1.418790
8.64903640	462	-0.039025 0.011971  1.405382
8.65406036	458	-0.041898 0.014604  1.411846
8.65909957	457	-0.036631 0.014604  1.409452
8.66414356	454	-0.044292 0.005507  1.404185
8.66919231	451	-0.039743 0.014604  1.402270
8.67424774	448	-0.039025 0.020111  1.406340
8.67928791	448	-0.038067 0.023942  1.398200
8.68433570	447	-0.044053 0.017717  1.400833
8.68938446	445	-0.030885 0.015083  1.391496
8.69443607	440	-0.042856 0.010774  1.386947
8.69948768	435	-0.041180 0.025378  1.384792
8.70454025	435	-0.047165 0.022984  1.373300
8.70958042	432	-0.048841 0.027772  1.376891
8.71463203	431	-0.050757 0.027294  1.369709
8.71968364	426	-0.044532 0.029209  1.362048
##inga 
#ido(sec)  szog(ADC)     ax(g)    ay(g)   az(g)
8.72525215	424	-0.051235 0.029448  1.354147
8.73050403	421	-0.053390 0.034237  1.356541
8.73571968	420	-0.058179 0.030645  1.332599
8.74094390	414	-0.057700 0.030406  1.339063
8.74599170	410	-0.055306 0.033040  1.330205
8.75104427	410	-0.056024 0.041180  1.320389
8.75609207	408	-0.054587 0.030167  1.304348
8.76116752	407	-0.055784 0.033758  1.307221
8.76622772	404	-0.058179 0.034955  1.299799
8.77128410	402	-0.058179 0.041419  1.290222
8.77632045	400	-0.054348 0.040222  1.279209
8.78135967	398	-0.047884 0.030167  1.271308
8.78640365	396	-0.051235 0.034237  1.256704
8.79144382	393	-0.047405 0.027294  1.257901
8.79648399	390	-0.046208 0.033518  1.243775
8.80152034	388	-0.045968 0.033279  1.232044
8.80655956	385	-0.041180 0.029209  1.239944
8.81159210	383	-0.039025 0.031124  1.218636
8.81663608	382	-0.035913 0.032800  1.215284
8.82169246	380	-0.036391 0.030885  1.196370
8.82674026	378	-0.033040 0.028491  1.182724
8.83180427	376	-0.034476 0.026815  1.181048
8.83686828	372	-0.028012 0.026336  1.171950
8.84191608	370	-0.032800 0.032800  1.160697
8.84695625	367	-0.030167 0.026575  1.157585
8.85200786	367	-0.028491 0.023942  1.135319
8.85706043	364	-0.025139 0.023224  1.124545
8.86210823	360	-0.024899 0.025857  1.123109
8.86716842	360	-0.024899 0.032800  1.116165
8.87219619	357	-0.020829 0.024899  1.105631
8.87723159	359	-0.023224 0.027054  1.089590
8.88228034	354	-0.020829 0.031124  1.082168
8.88733577	354	-0.027533 0.029209  1.073549
8.89239597	353	-0.020351 0.031364  1.059902
8.89744758	352	-0.020590 0.026575  1.048171
8.90249156	347	-0.027772 0.031843  1.037158
8.90756416	347	-0.026336 0.038067  1.037397
8.91262817	346	-0.024181 0.032561  1.025666
8.91769218	345	-0.028491 0.029927  1.015610
8.92272758	342	-0.025618 0.030406  0.996217
8.92777156	340	-0.030885 0.043095  0.990711
8.93279552	340	-0.033997 0.037828  0.995020
8.93783569	338	-0.033279 0.042616  0.976824
8.94287586	339	-0.028012 0.041180  0.972994
8.94792366	337	-0.038067 0.048123  0.965332
8.95296001	334	-0.040222 0.038546  0.958868
8.95800018	334	-0.042616 0.045729  0.955516
8.96305179	331	-0.038786 0.047884  0.938996
8.96809959	332	-0.045968 0.044532  0.927025
8.97315216	332	-0.046926 0.043813  0.925350
8.97820377	331	-0.042138 0.046686  0.923434
8.98326015	330	-0.042377 0.047165  0.917688
8.98830795	329	-0.041419 0.045011  0.906675
8.99335575	326	-0.037110 0.047165  0.910984
8.99839591	328	-0.043813 0.051954  0.894465
9.00344371	326	-0.042377 0.049559  0.882015
9.00848388	323	-0.042377 0.042377  0.889437
9.01353168	325	-0.037828 0.050517  0.885606
9.01857566	325	-0.036152 0.042856  0.874354
9.02363204	324	-0.032082 0.046447  0.871959
9.02866363	324	-0.036391 0.042616  0.869086
9.03371238	323	-0.030167 0.040701  0.857594
9.03877162	323	-0.022745 0.039504  0.863340
9.04382801	321	-0.025378 0.038786  0.856637
9.04889202	324	-0.021308 0.041419  0.859510
9.05394840	320	-0.028730 0.040701  0.853285
9.05899238	323	-0.024899 0.032800  0.857834
9.06403636	322	-0.016280 0.035673  0.847778
9.06906032	320	-0.015323 0.037589  0.840117
9.07410812	321	-0.015323 0.035434  0.853045
9.07914352	319	-0.013407 0.036870  0.851130
9.08417606	321	-0.014365 0.030885  0.848018
9.08921623	320	-0.017956 0.039504  0.845145
9.09426784	322	-0.012689 0.024421  0.843229
9.09932422	319	-0.015083 0.028970  0.846821
9.10435962	321	-0.014604 0.032321  0.843947
9.10941219	321	-0.022026 0.036870  0.852806
9.11445236	322	-0.011013 0.034237  0.845384
9.11951637	323	-0.022026 0.033518  0.848257
9.12457180	323	-0.017956 0.039025  0.860946
9.12961959	322	-0.024181 0.036870  0.856397
9.13464832	324	-0.031124 0.038546  0.863340
9.13969230	325	-0.027294 0.036870  0.861425
9.14473628	325	-0.030406 0.036870  0.866692
9.14976024	326	-0.033758 0.038307  0.887761
9.15480422	328	-0.037110 0.042377  0.875790
9.15983963	328	-0.031843 0.040222  0.874114
9.16487216	328	-0.033997 0.047165  0.884649
9.16991615	329	-0.039743 0.037828  0.881536
9.17496013	328	-0.035194 0.047405  0.897577
9.18002033	331	-0.044771 0.043574  0.896859
9.18507194	330	-0.040462 0.049081  0.900929
9.19013595	332	-0.036152 0.044053  0.907154
9.19518756	334	-0.041898 0.042856  0.915533
9.20022392	333	-0.044292 0.039025  0.915533
9.20526027	332	-0.046926 0.048123  0.929659
9.21028423	335	-0.038546 0.045489  0.942348
9.21532821	336	-0.045729 0.040222  0.948334
9.22036361	339	-0.044532 0.039983  0.956234
9.22541999	339	-0.044053 0.035913  0.956474
9.23047161	338	-0.037349 0.039983  0.961502
##inga 
#ido(sec)  szog(ADC)     ax(g)    ay(g)   az(g)
9.23605155	340	-0.034476 0.035434  0.975627
9.24127960	343	-0.033279 0.036870  0.983289
9.24650382	343	-0.033997 0.034955  0.991189
9.25172042	345	-0.032800 0.036391  0.994781
9.25677204	347	-0.028730 0.031124  1.007709
9.26182842	349	-0.027294 0.031124  1.013695
9.26689243	350	-0.026575 0.025139  1.020638
9.27194786	351	-0.029209 0.028012  1.035721
9.27698421	353	-0.026336 0.025378  1.044340
9.28202438	355	-0.028730 0.023224  1.050086
9.28706836	357	-0.028491 0.023463  1.052720
9.29210758	356	-0.029209 0.028012  1.070676
9.29715633	359	-0.024660 0.024899  1.088154
9.30220413	360	-0.032561 0.032561  1.090548
9.30725574	361	-0.032082 0.023463  1.097012
9.31230354	365	-0.028251 0.032800  1.117602
9.31736373	366	-0.033997 0.026575  1.116165
9.32242012	368	-0.034476 0.026097  1.131249
9.32748413	371	-0.036631 0.032800  1.138910
9.33255195	372	-0.031364 0.027772  1.152557
9.33761596	374	-0.036631 0.028012  1.154712
9.34269237	379	-0.036870 0.026815  1.174823
9.34773159	381	-0.039265 0.025378  1.177935
9.35278034	383	-0.038307 0.029688  1.187033
9.35782814	382	-0.042616 0.023224  1.201398
9.36288356	385	-0.040462 0.029448  1.209060
9.36791992	389	-0.039983 0.023702  1.212411
9.37295627	390	-0.042138 0.026575  1.231804
9.37800407	393	-0.047884 0.026575  1.231325
9.38305568	394	-0.052911 0.033279  1.249042
9.38810825	396	-0.050278 0.026575  1.255985
9.39315605	401	-0.045011 0.029448  1.261013
9.39822006	402	-0.049320 0.023942  1.274660
9.40326023	405	-0.056024 0.023463  1.273463
9.40832805	408	-0.052672 0.030885  1.287349
9.41338825	408	-0.056263 0.022266  1.296687
9.41845226	408	-0.053869 0.024899  1.302911
9.42350387	412	-0.057221 0.025139  1.315600
9.42855167	414	-0.056503 0.028251  1.321346
9.43357563	415	-0.054348 0.026815  1.333317
9.43861198	418	-0.052193 0.025378  1.325177
9.44365215	421	-0.058179 0.024421  1.338345
9.44870376	424	-0.052911 0.022984  1.348880
9.45374774	428	-0.049559 0.019632  1.354386
9.45880031	430	-0.050278 0.012929  1.351992
9.46385955	433	-0.053869 0.016520  1.360850
9.46890354	434	-0.045011 0.014126  1.365399
9.47396373	437	-0.051954 0.017238  1.377610
9.47900772	440	-0.045968 0.014844  1.374497
9.48406410	444	-0.051235 0.011013  1.380004
9.48911190	448	-0.046447 0.006704  1.389581
9.49415206	447	-0.045489 0.008140  1.381919
9.49918842	451	-0.042138 0.010534  1.394129
9.50424003	452	-0.047644 0.006704  1.399397
9.50928783	456	-0.049081 0.011731  1.394848
9.51432037	457	-0.048362 0.009816  1.403706
9.51936435	459	-0.046447 0.007422  1.407058
9.52439975	461	-0.050038 0.009816  1.406819
9.52943229	464	-0.043095 0.008619  1.414241
9.53448390	468	-0.053630 0.004549  1.415677
9.53953647	469	-0.049799 0.003352  1.400354
9.54458808	473	-0.055784 -0.000718  1.408734
9.54967975	476	-0.046208 0.003591  1.409213
9.55474376	479	-0.048123 0.006225  1.405382
9.55980777	480	-0.045729 0.003352  1.407776
9.56486415	485	-0.051714 0.002634  1.390538
9.56991958	487	-0.049799 0.003831  1.398918
9.57495975	491	-0.055066 0.002394  1.416156
9.57999229	495	-0.059136 0.003112  1.401312
9.58504390	496	-0.058418 -0.001676  1.396284
9.59012413	501	-0.055066 -0.000239  1.392932
9.59519958	503	-0.058897 0.001676  1.392693
9.60023975	505	-0.056742 0.000479  1.388862
9.60527610	505	-0.059136 -0.000479  1.380004
9.61035633	507	-0.058418 0.000000  1.373779
9.61536026	510	-0.058657 0.002873  1.379764
9.62040805	517	-0.062727 0.010534  1.369948
9.62545967	518	-0.066319 0.006464  1.363005
9.63053226	523	-0.062009 0.002873  1.367315
9.63557624	525	-0.071107 0.010774  1.358456
9.64063167	525	-0.059136 0.005507  1.344810
9.64567184	528	-0.066558 0.006943  1.341936
9.65069580	531	-0.066798 -0.002634  1.326853
9.65576839	536	-0.067516 0.000958  1.329726
9.66081237	538	-0.070868 -0.000479  1.317037
9.66590023	539	-0.070868 0.003591  1.303630
9.67092800	542	-0.070149 0.000239  1.310573
9.67596817	541	-0.067276 -0.003112  1.296687
9.68105602	544	-0.065361 -0.002634  1.297405
9.68615245	547	-0.067276 -0.003112  1.281843
9.69124031	550	-0.067037 -0.002155  1.271069
9.69632816	551	-0.064882 -0.005746  1.276575
9.70141601	557	-0.062488 -0.004070  1.259577
9.70650386	557	-0.061530 -0.009337  1.239944
9.71158409	562	-0.060333 -0.002873  1.240184
9.71667194	562	-0.066558 -0.010056  1.236114
9.72175979	564	-0.065840 -0.005985  1.227734
9.72685241	568	-0.066798 -0.016520  1.210257
9.73195552	569	-0.067276 -0.008380  1.210017
9.73705196	574	-0.060812 -0.005507  1.195413
9.74214363	575	-0.054587 -0.017717  1.180808
##inga 
#ido(sec)  szog(ADC)     ax(g)    ay(g)   az(g)
9.74778366	575	-0.062009 -0.013886  1.176020
9.75303173	578	-0.060094 -0.010534  1.169556
9.75825595	581	-0.058897 -0.015083  1.151599
9.76348781	583	-0.056503 -0.021548  1.138192
9.76857185	582	-0.055306 -0.014844  1.133164
9.77365207	586	-0.055784 -0.024899  1.128376
9.77873992	588	-0.051954 -0.013168  1.119278
9.78384399	590	-0.051954 -0.017956  1.104195
9.78894805	591	-0.054108 -0.016520  1.091027
9.79403209	590	-0.056981 -0.014365  1.089830
9.79911613	590	-0.056742 -0.020829  1.076422
9.80420017	593	-0.056981 -0.016041  1.068282
9.80929183	595	-0.058657 -0.022505  1.064691
9.81437587	599	-0.063925 -0.013886  1.047213
9.81946754	601	-0.062967 -0.021548  1.040988
9.82457160	602	-0.059136 -0.015562  1.030454
9.82967567	603	-0.065361 -0.020351  1.018483
9.83475971	603	-0.066319 -0.014126  1.007949
9.83985614	605	-0.064882 -0.014604  1.014174
9.84494781	609	-0.067755 -0.018196  0.997893
9.85005187	610	-0.067037 -0.017956  0.986880
9.85513210	609	-0.063925 -0.022266  0.985443
9.86022377	611	-0.065361 -0.019632  0.975627
9.86534023	613	-0.067995 -0.020111  0.967726
9.87044429	614	-0.068473 -0.018435  0.971318
9.87552833	615	-0.070389 -0.016520  0.955995
9.88062000	617	-0.069671 -0.015802  0.949770
9.88571166	616	-0.070389 -0.018196  0.948573
9.89080047	618	-0.069671 -0.017238  0.946658
9.89589977	617	-0.067276 -0.016759  0.926307
9.90100383	619	-0.064882 -0.029927  0.917688
9.90611171	620	-0.063446 -0.023942  0.919364
9.91121578	622	-0.068234 -0.018675  0.915055
9.91631603	623	-0.066798 -0.012929  0.914097
9.92142009	623	-0.069431 -0.015323  0.902605
9.92652797	623	-0.070868 -0.016999  0.887522
9.93162822	624	-0.068234 -0.020829  0.893746
9.93673992	623	-0.059376 -0.018196  0.898056
9.94184780	624	-0.065122 -0.021548  0.883451
9.94694423	626	-0.068473 -0.013407  0.874832
9.95204353	625	-0.062727 -0.023942  0.884888
9.95714759	627	-0.066079 -0.025378  0.872678
9.96225166	628	-0.063446 -0.023702  0.877466
9.96735572	626	-0.064882 -0.020590  0.881776
9.97245216	629	-0.061530 -0.021069  0.869086
9.97752761	626	-0.062967 -0.021069  0.875790
9.98260402	628	-0.063446 -0.021548  0.865256
9.98769187	629	-0.059615 -0.029927  0.874832
9.99278831	629	-0.053390 -0.029448  0.863819
9.99786376	628	-0.065122 -0.027772  0.869326
10.00296401	628	-0.055545 -0.020590  0.859989
10.00817203	630	-0.058657 -0.018435  0.869086
10.01337623	630	-0.053390 -0.026097  0.872917
10.01858043	627	-0.059136 -0.023942  0.866692
10.02378845	627	-0.058418 -0.029209  0.874354
10.02899646	629	-0.056263 -0.016999  0.876748
10.03420352	628	-0.056981 -0.011253  0.872438
10.03942012	625	-0.057221 -0.018435  0.887282
10.04462432	625	-0.063925 -0.016520  0.883451
10.04982757	625	-0.052432 -0.016041  0.877945
10.05501556	626	-0.056503 -0.013886  0.878424
10.06021976	623	-0.057460 -0.017238  0.889198
10.06542778	625	-0.063925 -0.015562  0.904520
10.07062435	625	-0.062488 -0.015323  0.897577
10.07582378	624	-0.054827 -0.010534  0.904999
10.08103561	620	-0.062009 -0.013647  0.917449
10.08623981	621	-0.062249 -0.013407  0.909309
10.09144783	619	-0.062967 -0.014126  0.919364
10.09665584	617	-0.067755 -0.013647  0.933729
10.10187625	615	-0.065840 -0.016041  0.932053
10.10709190	617	-0.068234 -0.008140  0.939715
10.11228847	616	-0.069431 -0.012210  0.943785
10.11748790	613	-0.060812 -0.012689  0.953601
10.12268829	612	-0.065361 -0.012689  0.967248
10.12788391	609	-0.063206 -0.007901  0.969881
10.13309192	610	-0.064882 -0.009337  0.974191
10.13828754	609	-0.064643 -0.012450  0.984246
10.14349555	607	-0.063446 -0.007901  0.984246
10.14870357	606	-0.064882 -0.010534  0.995020
10.15390396	603	-0.064403 -0.007661  1.014174
10.15911579	604	-0.068952 -0.012450  1.011779
10.16433620	602	-0.066558 -0.011013  1.012258
10.16953563	599	-0.055784 -0.014365  1.034763
10.17473602	597	-0.055066 -0.011971  1.047692
10.17993640	593	-0.053390 -0.012929  1.053438
10.18513202	590	-0.050757 -0.011013  1.060381
10.19032764	592	-0.046686 -0.007661  1.065888
10.19554042	591	-0.061052 -0.015323  1.077859
10.20074844	590	-0.051954 -0.010534  1.087196
10.20594787	589	-0.057460 -0.008380  1.101561
10.21115970	588	-0.050757 -0.018675  1.104913
10.21636772	583	-0.045011 -0.008619  1.116405
10.22157573	586	-0.056503 -0.007661  1.132685
10.22679233	583	-0.051954 -0.007901  1.133164
10.23200035	579	-0.050278 -0.007901  1.146572
10.23720836	579	-0.050996 -0.009098  1.157585
10.24242019	577	-0.046447 -0.003831  1.173147
10.24762821	574	-0.049320 -0.005746  1.171710
10.25281620	572	-0.054348 -0.010295  1.190864
10.25801563	569	-0.048602 -0.012689  1.202595
10.26321983	567	-0.059615 -0.011731  1.204032
##inga 
#ido(sec)  szog(ADC)     ax(g)    ay(g)   az(g)
10.26895236	565	-0.058179 -0.004310  1.217200
10.27423191	564	-0.059376 -0.004788  1.223664
10.27953624	561	-0.056981 -0.000239  1.221988
10.28479957	558	-0.059376 -0.002394  1.238508
10.29001617	555	-0.057939 0.000000  1.246888
10.29513645	553	-0.061530 -0.002155  1.255746
10.30034446	547	-0.064164 -0.000958  1.257183
10.30555152	549	-0.067516 0.007183  1.282800
10.31072425	546	-0.066798 0.004070  1.281843
10.31587600	542	-0.064882 0.005985  1.289743
10.32103157	540	-0.069910 0.001197  1.299799
10.32619571	539	-0.069192 0.005985  1.306503
10.33135223	535	-0.067516 0.006225  1.323501
10.33650779	535	-0.067276 0.007422  1.318474
10.34167194	532	-0.067995 0.010295  1.332599
10.34682846	526	-0.070389 0.011253  1.337627
10.35197639	525	-0.066558 0.003831  1.343852
10.35713195	524	-0.066319 0.010295  1.349837
10.36229991	519	-0.057939 0.011492  1.351992
10.36745643	518	-0.061291 0.013886  1.361090
10.37260818	514	-0.061770 0.017238  1.373300
10.37775611	511	-0.062488 0.012929  1.371145
10.38291168	508	-0.060094 0.006943  1.369948
10.38807201	505	-0.057221 0.010534  1.376891
10.39323234	503	-0.059136 0.013407  1.377849
10.39838409	499	-0.052672 0.009816  1.384792
10.40354442	499	-0.060573 0.013168  1.383835
10.40871238	496	-0.056263 0.011253  1.393890
10.41386032	490	-0.048602 0.010774  1.389102
10.41903591	489	-0.045489 0.012929  1.400833
10.42420005	487	-0.048362 0.013647  1.394848
10.42936038	482	-0.051235 0.016280  1.393890
10.43451213	479	-0.041180 0.010534  1.387665
10.43968009	476	-0.043095 0.011492  1.401073
10.44485187	474	-0.046208 0.012689  1.403706
10.44999980	471	-0.040940 0.009816  1.396763
10.45516014	469	-0.040462 0.005746  1.401551
10.46030807	466	-0.045011 0.006943  1.400354
10.46546840	463	-0.037349 0.011731  1.400354
10.47062778	460	-0.041659 0.017717  1.405622
10.47578811	455	-0.042856 0.020111  1.393172
10.48093986	454	-0.038307 0.006943  1.397003
10.48608779	451	-0.041898 0.007422  1.383595
10.49124813	450	-0.038786 0.015083  1.392693
10.49639987	446	-0.037349 0.014604  1.384553
10.50156402	447	-0.046208 0.013168  1.382398
10.50672435	443	-0.042856 0.016041  1.371864
10.51189231	439	-0.040222 0.020829  1.374497
10.51705646	437	-0.046926 0.023702  1.374737
10.52221202	432	-0.049320 0.022266  1.363245
10.52736377	430	-0.047165 0.020351  1.350556
10.53252410	430	-0.046447 0.016520  1.350556
10.53767204	424	-0.045011 0.025378  1.350795
10.54284000	423	-0.051235 0.029927  1.330684
10.54801177	422	-0.053390 0.030645  1.326614
10.55318355	420	-0.051475 0.023942  1.330923
10.55835628	416	-0.055545 0.031364  1.329247
10.56352424	411	-0.056263 0.035673  1.315840
10.56868362	410	-0.055306 0.037589  1.303151
10.57385635	407	-0.051954 0.030167  1.302193
10.57901954	406	-0.052432 0.030645  1.295250
10.58417606	406	-0.052672 0.040222  1.287589
10.58934020	402	-0.051235 0.033518  1.275857
10.59449577	400	-0.050038 0.035194  1.270111
10.59965229	400	-0.048362 0.029448  1.255985
10.60480403	397	-0.052911 0.034237  1.252394
10.60996437	393	-0.044771 0.039504  1.239705
10.61512374	390	-0.043813 0.033279  1.232044
10.62027645	388	-0.044292 0.032800  1.225579
10.62543582	386	-0.041419 0.037828  1.207623
10.63058757	384	-0.043574 0.037110  1.201159
10.63574028	383	-0.047644 0.030645  1.193737
10.64089202	380	-0.039265 0.028970  1.191103
10.64605236	379	-0.031843 0.033040  1.170992
10.65119552	376	-0.042856 0.035673  1.165725
10.65634822	371	-0.027772 0.040940  1.153515
10.66149997	371	-0.032561 0.025618  1.149445
10.66666412	368	-0.034716 0.028251  1.135798
10.67181968	366	-0.026097 0.029688  1.135079
10.67699623	367	-0.028491 0.031843  1.118799
10.68216037	363	-0.030885 0.032082  1.102040
10.68733215	362	-0.021548 0.026336  1.091506
10.69250774	360	-0.023942 0.025618  1.077380
10.69767189	358	-0.017956 0.027054  1.080253
10.70283985	355	-0.023702 0.030167  1.070676
10.70801162	354	-0.027294 0.028251  1.061578
10.71316814	354	-0.021069 0.024660  1.046016
10.71833610	351	-0.022745 0.030885  1.038834
10.72349643	351	-0.024181 0.031603  1.025187
10.72866821	347	-0.018196 0.025857  1.022074
10.73383617	346	-0.019872 0.027772  1.016328
10.73898410	346	-0.022745 0.031124  1.008906
10.74413967	343	-0.023942 0.031364  0.995020
10.74929237	343	-0.027772 0.037349  0.980416
10.75444030	342	-0.024899 0.033518  0.981373
10.75959587	339	-0.020829 0.033040  0.970360
10.76473999	338	-0.033279 0.040462  0.965572
10.76989173	339	-0.029209 0.044771  0.952643
10.77503967	339	-0.037349 0.043335  0.943066
10.78018760	338	-0.040701 0.035673  0.942588
10.78533554	335	-0.040222 0.040701  0.927744
##inga 
#ido(sec)  szog(ADC)     ax(g)    ay(g)   az(g)
10.79102420	331	-0.042856 0.045968  0.930377
10.79628372	333	-0.039504 0.047405  0.918646
10.80155563	332	-0.050757 0.050757  0.920082
10.80679988	331	-0.049081 0.051235  0.904520
10.81194782	330	-0.047884 0.047644  0.897817
10.81709957	328	-0.051475 0.050278  0.893746
10.82224845	329	-0.042616 0.045968  0.901647
10.82739162	328	-0.049081 0.049799  0.891831
10.83254814	326	-0.049081 0.048841  0.887043
10.83769989	325	-0.047884 0.046686  0.886085
10.84286022	326	-0.045489 0.047644  0.873635
10.84800815	325	-0.042616 0.047884  0.863819
10.85317611	324	-0.037349 0.047165  0.865735
10.85834789	325	-0.036631 0.045489  0.871959
10.86351585	322	-0.029927 0.042856  0.856637
10.86868381	323	-0.035194 0.039265  0.857834
10.87386035	325	-0.028012 0.039025  0.859510
10.87903213	322	-0.021069 0.039265  0.865256
10.88420772	324	-0.025139 0.028730  0.854721
10.88935184	324	-0.017717 0.035434  0.849694
10.89451599	324	-0.015323 0.038546  0.852567
10.89966773	322	-0.018196 0.029927  0.849694
10.90481567	323	-0.014844 0.025618  0.851848
10.90995979	322	-0.010534 0.033279  0.850412
10.91510391	324	-0.009816 0.029688  0.854003
10.92025566	324	-0.009098 0.030167  0.859749
10.92541217	322	-0.007661 0.029688  0.849215
10.93056011	322	-0.007183 0.033758  0.851369
10.93571567	324	-0.005507 0.028491  0.851848
10.94086360	326	-0.016999 0.027533  0.868608
10.94602775	326	-0.016041 0.030645  0.861904
10.95118045	327	-0.015562 0.029448  0.865974
10.95631980	328	-0.018914 0.034716  0.862383
10.96147632	328	-0.022505 0.030406  0.877945
10.96662425	327	-0.024899 0.029448  0.873396
10.97177982	330	-0.025139 0.036870  0.881776
10.97693157	329	-0.031364 0.036870  0.890873
10.98208045	332	-0.032321 0.036631  0.889198
10.98724365	333	-0.028970 0.037589  0.887522
10.99242019	333	-0.038786 0.044292  0.899971
10.99758434	334	-0.040701 0.043574  0.908111
11.00275611	333	-0.042616 0.047405  0.909548
11.00792026	335	-0.043095 0.046208  0.925828
11.01307582	334	-0.047405 0.043095  0.918406
11.01822757	337	-0.043574 0.046686  0.930617
11.02340412	338	-0.047165 0.045011  0.929420
11.02855968	340	-0.048841 0.042856  0.938039
11.03372001	341	-0.050996 0.045729  0.948334
11.03888416	339	-0.045968 0.047405  0.956713
11.04404354	342	-0.047405 0.040701  0.958389
11.04918766	345	-0.045968 0.042138  0.973951
11.05434799	347	-0.045968 0.042616  0.976585
11.05949974	347	-0.045250 0.041419  0.987119
11.06464767	347	-0.043335 0.040701  1.001484
11.06980419	350	-0.045011 0.039504  1.010103
11.07496356	351	-0.039265 0.042377  1.016568
11.08011627	352	-0.039025 0.041180  1.028060
11.08526420	354	-0.044053 0.035434  1.031412
11.09042835	357	-0.039983 0.034716  1.034285
11.09558773	358	-0.031843 0.031124  1.055353
11.10074806	356	-0.036391 0.033040  1.065888
11.10589218	357	-0.037828 0.026336  1.068282
11.11104393	361	-0.033997 0.030167  1.075943
11.11619186	363	-0.033518 0.022984  1.089111
11.12135219	366	-0.033997 0.025618  1.099406
11.12651634	367	-0.027533 0.033279  1.101800
11.13167953	369	-0.032800 0.029927  1.119757
11.13684844	369	-0.022505 0.021308  1.127418
11.14202022	372	-0.030167 0.018196  1.128136
11.14718437	377	-0.022505 0.015083  1.154951
11.15235614	379	-0.025139 0.025378  1.159261
11.15753555	382	-0.021308 0.025618  1.167640
11.16269588	383	-0.022505 0.015083  1.178175
11.16787624	382	-0.021787 0.017717  1.183202
11.17303180	388	-0.027533 0.018196  1.191103
11.17819595	389	-0.019872 0.021787  1.199483
11.18336009	391	-0.030167 0.016041  1.214087
11.18851184	393	-0.026815 0.014844  1.226537
11.19365596	395	-0.027772 0.016759  1.236114
11.19881629	398	-0.036631 0.023463  1.243057
11.20397567	400	-0.033518 0.023702  1.242578
11.20913600	403	-0.039983 0.016280  1.253352
11.21428012	405	-0.037828 0.022505  1.270351
11.21944427	408	-0.045250 0.028730  1.269872
11.22459220	409	-0.042616 0.024899  1.284716
11.22975158	411	-0.048123 0.027772  1.289743
11.23491573	411	-0.053630 0.021308  1.291419
11.24006366	416	-0.057939 0.030645  1.293574
11.24522399	417	-0.057460 0.032561  1.317037
11.25037956	418	-0.062727 0.019393  1.323980
11.25553226	423	-0.058897 0.024421  1.318713
11.26070022	422	-0.060812 0.028970  1.318234
11.26586437	426	-0.059854 0.028730  1.336909
11.27103233	429	-0.068234 0.026097  1.333078
11.27621173	433	-0.062009 0.028491  1.346485
11.28137588	434	-0.068234 0.023702  1.363484
11.28654384	436	-0.072544 0.028251  1.360611
11.29170417	440	-0.066079 0.021787  1.367075
11.29687976	444	-0.064403 0.024181  1.369230
11.30204010	446	-0.062249 0.023942  1.365878
11.30719566	448	-0.064882 0.018435  1.373779
##inga 
#ido(sec)  szog(ADC)     ax(g)    ay(g)   az(g)
11.31289196	450	-0.056263 0.028491  1.383595
11.31820392	454	-0.051235 0.021787  1.386229
11.32350826	454	-0.056024 0.014844  1.384553
11.32878017	456	-0.057700 0.010534  1.385989
11.33393573	459	-0.055306 0.006464  1.388144
11.33908843	463	-0.057700 0.007422  1.392932
11.34423160	464	-0.048602 0.003352  1.395566
11.34938430	467	-0.049799 0.001915  1.391496
11.35453987	472	-0.046926 0.005746  1.390778
11.35970020	475	-0.044053 -0.003352  1.389820
11.36489582	474	-0.043095 0.001437  1.390299
11.37005233	477	-0.044053 0.004310  1.380962
11.37520027	482	-0.040940 0.007661  1.390059
11.38035202	486	-0.043095 0.004549  1.387905
11.38550376	490	-0.043335 0.001915  1.381919
11.39064407	493	-0.037110 -0.010774  1.387665
11.39585208	495	-0.037828 -0.002155  1.386708
11.40106391	496	-0.044292 0.000718  1.375216
11.40622425	501	-0.042856 0.000239  1.379286
11.41139221	504	-0.041659 -0.009337  1.376413
11.41660404	505	-0.040940 -0.007183  1.363723
11.42181587	507	-0.040222 0.001915  1.354147
11.42698001	509	-0.045250 -0.006943  1.358456
11.43218803	513	-0.047644 -0.006464  1.363723
11.43739223	516	-0.049799 0.001915  1.362048
11.44255161	519	-0.056742 -0.002155  1.349598
11.44775199	523	-0.064164 -0.002634  1.345288
11.45294380	525	-0.063446 -0.005746  1.343373
11.45814037	527	-0.062488 -0.000718  1.331402
11.46333980	528	-0.069671 0.000718  1.322065
11.46848773	532	-0.066798 0.000718  1.320389
11.47365188	536	-0.064164 -0.001197  1.311530
11.47886371	537	-0.068234 -0.001676  1.309854
11.48407173	540	-0.070389 0.002873  1.298362
11.48923206	539	-0.076374 0.002394  1.291659
11.49440002	543	-0.075417 0.000000  1.273463
11.49952030	547	-0.073741 0.008140  1.278970
11.50467967	550	-0.075656 0.005985  1.262450
11.50981998	550	-0.077332 0.007183  1.255267
11.51499176	552	-0.079726 0.004070  1.264365
11.52015209	557	-0.078529 0.004070  1.251915
11.52530384	559	-0.079247 -0.001437  1.228692
11.53051185	561	-0.077093 -0.002155  1.219355
11.53571224	563	-0.070389 -0.002873  1.215524
11.54091167	565	-0.080684 -0.000718  1.207144
11.54611587	568	-0.075177 -0.005267  1.200441
11.55132007	570	-0.073980 -0.012689  1.184639
11.55652427	574	-0.065840 -0.004310  1.179372
11.56171989	573	-0.069431 -0.003352  1.171232
11.56693553	576	-0.062967 -0.008858  1.163810
11.57213592	577	-0.062488 -0.018196  1.153036
11.57735633	580	-0.057700 -0.019393  1.137474
11.58257198	581	-0.058418 -0.014126  1.138431
11.58777999	584	-0.055784 -0.018675  1.116405
11.59297561	584	-0.047884 -0.023463  1.113293
11.59817600	585	-0.043574 -0.025139  1.101082
11.60338020	589	-0.052193 -0.025378  1.091984
11.60858440	588	-0.050278 -0.026097  1.085760
11.61378002	588	-0.044053 -0.025378  1.082886
11.61898803	592	-0.043095 -0.025618  1.064930
11.62418842	593	-0.045011 -0.028012  1.055593
11.62940025	593	-0.044053 -0.021787  1.038594
11.63460826	596	-0.038786 -0.026815  1.037876
11.63982009	599	-0.038307 -0.028970  1.030215
11.64504432	602	-0.049799 -0.026815  1.030933
11.65025997	602	-0.050996 -0.028251  1.010343
11.65546417	603	-0.049799 -0.019872  1.001963
11.66066837	604	-0.049559 -0.022266  1.008667
11.66586780	607	-0.057221 -0.022266  0.990232
11.67106819	608	-0.057460 -0.018435  0.986162
11.67627239	610	-0.055545 -0.018675  0.982092
11.68148422	611	-0.058657 -0.015323  0.959826
11.68668842	609	-0.064164 -0.015083  0.957671
11.69190406	612	-0.063925 -0.019153  0.956234
11.69711208	613	-0.065840 -0.013647  0.945461
11.70232391	614	-0.068234 -0.014844  0.947137
11.70753574	616	-0.072783 -0.015083  0.938757
11.71272754	617	-0.076853 -0.015083  0.930856
11.71792793	617	-0.073022 -0.016759  0.923434
11.72313594	617	-0.078529 -0.009816  0.913858
11.72833633	617	-0.082839 -0.009337  0.908830
11.73353195	620	-0.084514 -0.011971  0.911942
11.73873615	618	-0.086669 -0.011013  0.908351
11.74394035	622	-0.079487 -0.007661  0.904041
11.74914360	621	-0.080923 -0.008140  0.892549
11.75435161	622	-0.084036 -0.015802  0.891352
11.75955200	620	-0.079247 -0.010295  0.884649
11.76475238	623	-0.078050 -0.005985  0.882015
11.76996421	621	-0.076853 -0.011731  0.889916
11.77517223	622	-0.077332 -0.016759  0.878663
11.78036785	624	-0.073501 -0.018196  0.875790
11.78556442	625	-0.067995 -0.013168  0.877466
11.79076766	625	-0.072544 -0.020590  0.874114
11.79596805	624	-0.059615 -0.025378  0.865974
11.80117225	623	-0.057700 -0.019632  0.885846
11.80637645	625	-0.055784 -0.022266  0.874354
11.81157970	625	-0.049559 -0.023702  0.885606
11.81680011	625	-0.051714 -0.023702  0.878903
11.82201957	625	-0.050757 -0.030406  0.885367
11.82723236	624	-0.050517 -0.021548  0.876508
11.83244800	624	-0.048362 -0.032561  0.870762
##inga 
#ido(sec)  szog(ADC)     ax(g)    ay(g)   az(g)
11.83819198	625	-0.042616 -0.029927  0.880339
11.84347629	622	-0.042616 -0.030167  0.885367
11.84877586	624	-0.046208 -0.028491  0.886564
11.85404396	624	-0.047165 -0.020351  0.889916
11.85924434	623	-0.043574 -0.021787  0.885127
11.86443996	622	-0.046208 -0.029448  0.890395
11.86964416	622	-0.045489 -0.023224  0.893746
11.87484836	620	-0.047644 -0.022026  0.905239
11.88006019	621	-0.045489 -0.015083  0.897817
11.88526439	619	-0.051714 -0.022026  0.911463
11.89046764	619	-0.053869 -0.018914  0.908111
11.89567565	617	-0.061052 -0.018914  0.916970
11.90087604	618	-0.060812 -0.015562  0.917449
11.90609645	617	-0.061530 -0.018675  0.924871
11.91131591	616	-0.062249 -0.015323  0.931096
11.91651153	615	-0.067276 -0.012929  0.944503
11.92171573	613	-0.067995 -0.008140  0.959586
11.92691230	609	-0.075417 -0.012210  0.943306
11.93211174	610	-0.072304 -0.002155  0.953361
11.93731212	608	-0.067755 -0.009098  0.970360
11.94251155	607	-0.076853 -0.002873  0.979219
11.94771194	608	-0.075177 0.001915  0.974670
11.95286369	603	-0.089542 0.000718  0.981373
11.95800781	604	-0.081881 0.000958  0.994302
11.96315193	603	-0.081163 -0.001437  1.005315
11.96835994	600	-0.075177 0.005028  1.015849
11.97352027	599	-0.079487 -0.000718  1.012498
11.97872829	598	-0.074219 0.000958  1.026144
11.98388767	593	-0.072783 0.003591  1.038355
11.98905563	593	-0.072783 -0.000239  1.046495
11.99426841	592	-0.068234 -0.003112  1.045537
11.99947166	589	-0.071346 -0.004549  1.057748
12.00467205	590	-0.060094 -0.007661  1.075225
12.00986766	590	-0.064403 -0.010056  1.081929
12.01506423	588	-0.063446 -0.010774  1.088632
12.02026367	587	-0.055545 -0.012210  1.097012
12.02546405	585	-0.050278 -0.011253  1.108265
12.03066444	584	-0.052193 -0.007661  1.122390
12.03586769	581	-0.049799 -0.016759  1.123348
12.04107189	580	-0.044771 -0.005507  1.138910
12.04627609	578	-0.045011 -0.018914  1.138431
12.05148792	576	-0.043095 -0.015323  1.148726
12.05669593	575	-0.040222 -0.012929  1.166683
12.06190013	573	-0.033997 -0.011731  1.171232
12.06710433	572	-0.035434 -0.020590  1.176020
12.07229614	568	-0.036631 -0.013886  1.191582
12.07750034	567	-0.037828 -0.013647  1.193019
12.08270359	565	-0.038546 -0.014126  1.206187
12.08790016	561	-0.045968 -0.010774  1.208102
12.09309577	558	-0.046447 -0.008140  1.226058
12.09828758	555	-0.045011 -0.009098  1.233480
12.10349178	552	-0.045011 -0.014844  1.235635
12.10869979	548	-0.049799 -0.005985  1.240423
12.11390781	548	-0.049799 -0.002634  1.251437
12.11911201	546	-0.049799 -0.009816  1.262689
12.12432003	541	-0.059136 -0.000958  1.268675
12.12952041	541	-0.061291 0.005746  1.283519
12.13467597	539	-0.062488 0.004549  1.278491
12.13983154	537	-0.066079 0.007422  1.297884
12.14499187	537	-0.062727 0.012210  1.298362
12.15015220	534	-0.066319 0.013886  1.312249
12.15529632	529	-0.076614 0.010774  1.305066
12.16045570	526	-0.074459 0.022266  1.322783
12.16560840	525	-0.078290 0.011013  1.322783
12.17075634	522	-0.073980 0.017477  1.334514
12.17590808	520	-0.081881 0.020590  1.333557
12.18105602	517	-0.078529 0.026336  1.337388
12.18622016	513	-0.079487 0.023942  1.343852
12.19137954	510	-0.077571 0.016999  1.356541
12.19652843	506	-0.072544 0.012929  1.362048
12.20170021	503	-0.072783 0.018914  1.366836
12.20685577	504	-0.073741 0.020590  1.363484
12.21201229	501	-0.072304 0.025139  1.371145
12.21718406	497	-0.061530 0.018675  1.371385
12.22235584	493	-0.066319 0.016041  1.378089
12.22752380	492	-0.060812 0.016041  1.373061
12.23268413	489	-0.057939 0.016520  1.374497
12.23783969	486	-0.054348 0.014365  1.385271
12.24300765	481	-0.050517 0.011731  1.374258
12.24817562	479	-0.051714 0.015562  1.384553
12.25333595	477	-0.039025 0.018675  1.390778
12.25849628	474	-0.038786 0.001915  1.375455
12.26365566	472	-0.036870 0.001915  1.385750
12.26880836	469	-0.028970 0.008619  1.376173
12.27395153	465	-0.033279 0.008858  1.383835
12.27910804	462	-0.025618 0.003112  1.383116
12.28425598	460	-0.020590 0.002873  1.383835
12.28942012	458	-0.023702 -0.000239  1.369230
12.29461956	451	-0.017956 0.003591  1.375934
12.29977607	450	-0.022266 0.006464  1.376891
12.30493640	448	-0.026097 0.002634  1.375455
12.31009578	448	-0.023942 -0.000479  1.370906
12.31530380	448	-0.027054 0.008619  1.362766
12.32044792	443	-0.024660 0.009816  1.358935
12.32559967	438	-0.022266 0.005267  1.355104
12.33076763	436	-0.030645 0.009337  1.344331
12.33594417	432	-0.032800 0.011013  1.348640
12.34110355	433	-0.026336 0.016759  1.347443
12.34627246	431	-0.045489 0.022984  1.331402
12.35143184	426	-0.038786 0.020111  1.334036
12.35659599	424	-0.049799 0.021308  1.326853
##inga 
#ido(sec)  szog(ADC)     ax(g)    ay(g)   az(g)
12.36230373	420	-0.051235 0.028491  1.319431
12.36760807	420	-0.058179 0.028012  1.313925
12.37288761	417	-0.057221 0.031603  1.314164
12.37817192	415	-0.063446 0.033997  1.301714
12.38333988	409	-0.061052 0.034237  1.295011
12.38849639	408	-0.056503 0.037349  1.290701
12.39365959	408	-0.067276 0.045489  1.276336
12.39880752	407	-0.069192 0.042138  1.273224
12.40396785	404	-0.067755 0.041180  1.272984
12.40911960	402	-0.067995 0.037589  1.247366
12.41427993	399	-0.068234 0.045968  1.248324
12.41943645	396	-0.064643 0.047884  1.240663
12.42458438	396	-0.068713 0.042377  1.221030
12.42973613	393	-0.062249 0.034955  1.216003
12.43489170	391	-0.051714 0.042138  1.209538
12.44005203	388	-0.056742 0.044532  1.204511
12.44520378	386	-0.058179 0.046926  1.186794
12.45036411	384	-0.050517 0.039504  1.191103
12.45552444	382	-0.048362 0.036631  1.176259
12.46068000	380	-0.039743 0.036152  1.168119
12.46583557	378	-0.038067 0.032321  1.156148
12.47098445	377	-0.034476 0.033997  1.147769
12.47615242	373	-0.030885 0.028970  1.135319
12.48131179	369	-0.029927 0.029448  1.126461
12.48648834	366	-0.027772 0.034716  1.118799
12.49166011	367	-0.020590 0.028491  1.117602
12.49682426	366	-0.016520 0.023702  1.105631
12.50198841	362	-0.015802 0.025618  1.094378
12.50714778	362	-0.009098 0.029688  1.081450
12.51231575	360	-0.016999 0.018914  1.081689
12.51748371	359	-0.012929 0.028491  1.064212
12.52263641	356	-0.011013 0.021548  1.050565
12.52779960	356	-0.010056 0.024181  1.048650
12.53294372	354	-0.015083 0.023224  1.043383
12.53810787	353	-0.009337 0.024660  1.023032
12.54325580	350	-0.008140 0.021308  1.019920
12.54839992	351	-0.008140 0.022745  1.012019
12.55354785	348	-0.010534 0.024421  1.006512
12.55869197	346	-0.013168 0.028970  0.991908
12.56385231	346	-0.015802 0.027533  0.989992
12.56899642	345	-0.020829 0.030645  0.979458
12.57413959	343	-0.017477 0.025618  0.977064
12.57929992	341	-0.024421 0.030885  0.970121
12.58444786	341	-0.021787 0.035194  0.964854
12.58960437	340	-0.030406 0.033758  0.951207
12.59475612	340	-0.029209 0.042616  0.943306
12.59990787	338	-0.039983 0.046686  0.932772
12.60505962	337	-0.039265 0.042856  0.932532
12.61021995	336	-0.041898 0.040222  0.920561
12.61536407	335	-0.046447 0.055306  0.921040
12.62051963	334	-0.057221 0.053151  0.919125
12.62567615	333	-0.055545 0.054348  0.904520
12.63083553	332	-0.059376 0.045011  0.902844
12.63599967	332	-0.053390 0.056263  0.893268
12.64116382	332	-0.064164 0.052432  0.896141
12.64632034	332	-0.059615 0.056742  0.885606
12.65147972	330	-0.059615 0.050038  0.895901
12.65663623	329	-0.063206 0.050038  0.882015
12.66180801	330	-0.050038 0.053390  0.873875
12.66696357	328	-0.050757 0.054827  0.874354
12.67213630	329	-0.042138 0.050517  0.870044
12.67730045	328	-0.047405 0.049320  0.863580
12.68244361	327	-0.042138 0.043335  0.865256
12.68759155	326	-0.041180 0.048841  0.855440
12.69274806	328	-0.032800 0.046926  0.866692
12.69789981	327	-0.034716 0.038546  0.858313
12.70304775	329	-0.025618 0.042616  0.858552
12.70819187	326	-0.023224 0.031603  0.862862
12.71334838	326	-0.015802 0.027533  0.851609
12.71849632	327	-0.013647 0.034237  0.850651
12.72364807	327	-0.006704 0.028012  0.864298
12.72879219	326	-0.012689 0.033758  0.858552
12.73394775	327	-0.001437 0.025618  0.864059
12.73910808	326	-0.003352 0.021308  0.865735
12.74425983	328	-0.005028 0.027772  0.864059
12.74942016	328	-0.006225 0.024421  0.856876
12.75456809	329	0.002394 0.026336  0.868368
12.75967597	330	0.001197 0.026097  0.878903
12.76480007	331	-0.004310 0.017717  0.878903
12.76996421	331	-0.001915 0.026336  0.881776
12.77511215	331	-0.012450 0.019872  0.886564
12.78028011	330	-0.009577 0.027533  0.885606
12.78543567	333	-0.020590 0.026575  0.883451
12.79058361	333	-0.021787 0.027772  0.902605
12.79574775	335	-0.020111 0.031843  0.892070
12.80091190	335	-0.028970 0.033040  0.902126
12.80606842	335	-0.029688 0.032800  0.906675
12.81122779	336	-0.033758 0.037349  0.911463
12.81639575	337	-0.037589 0.039983  0.912421
12.82155990	339	-0.045968 0.045489  0.926547
12.82671165	339	-0.050517 0.043335  0.934208
12.83187198	340	-0.057460 0.039743  0.934926
12.83703613	340	-0.055066 0.047884  0.946658
12.84219646	341	-0.055066 0.049559  0.946179
12.84734821	342	-0.061052 0.051954  0.960544
12.85250759	344	-0.069431 0.051714  0.966769
12.85765552	345	-0.058418 0.050278  0.964614
12.86281585	347	-0.058418 0.051475  0.975867
12.86796379	347	-0.063446 0.045968  0.980416
12.87311553	350	-0.062727 0.043335  0.991429
12.87826824	350	-0.055306 0.041898  1.001245
##inga 
#ido(sec)  szog(ADC)     ax(g)    ay(g)   az(g)
12.88393974	351	-0.057939 0.046447  1.017286
12.88922786	354	-0.057700 0.041180  1.032609
12.89449214	357	-0.045968 0.035434  1.027820
12.89975643	356	-0.046686 0.031603  1.028060
12.90491580	356	-0.036870 0.034476  1.043143
12.91007614	359	-0.036391 0.033518  1.055593
12.91523170	361	-0.036870 0.034955  1.057748
12.92038822	363	-0.044532 0.033997  1.073070
12.92554378	365	-0.034955 0.027054  1.086238
12.93068790	365	-0.024181 0.028251  1.083126
12.93584442	368	-0.024181 0.031603  1.114729
12.94099235	370	-0.026097 0.024660  1.112574
12.94615554	372	-0.022266 0.019632  1.116644
12.95132827	375	-0.020351 0.014365  1.139150
12.95649242	377	-0.019632 0.010774  1.131728
12.96166419	381	-0.016999 0.010295  1.141304
12.96682357	379	-0.011492 0.011253  1.150642
12.97198390	380	-0.015802 0.012929  1.159021
12.97714424	385	-0.016999 0.009337  1.179372
12.98231601	388	-0.008140 0.018196  1.177456
12.98748016	390	-0.013407 0.012450  1.185357
12.99263954	391	-0.012689 0.012929  1.194455
12.99779987	393	-0.016759 0.011731  1.202356
13.00296783	396	-0.025378 0.007183  1.209538
13.00812435	398	-0.026097 0.012450  1.219594
13.01327610	398	-0.031364 0.013407  1.231565
13.01842403	404	-0.028012 0.018196  1.238029
13.02358818	406	-0.038786 0.025618  1.252394
13.02873611	408	-0.035434 0.020829  1.255746
13.03390026	409	-0.044532 0.028251  1.257661
13.03904819	410	-0.052193 0.017956  1.276097
13.04420375	410	-0.060094 0.030645  1.282561
13.04934787	414	-0.062488 0.028730  1.290222
13.05449581	417	-0.060094 0.025618  1.295489
13.05964756	416	-0.067755 0.032082  1.304587
13.06480407	421	-0.073980 0.030645  1.311530
13.06994819	423	-0.069910 0.033040  1.302433
13.07510757	426	-0.075417 0.034955  1.319671
13.08026790	429	-0.075177 0.029688  1.317755
13.08543586	429	-0.076614 0.028970  1.326853
13.09060382	433	-0.075656 0.034955  1.318713
13.09577178	435	-0.079008 0.035673  1.344570
13.10093212	438	-0.073501 0.026336  1.339063
13.10610771	442	-0.077332 0.021069  1.344810
13.11126422	447	-0.078050 0.026336  1.349358
13.11643600	448	-0.068952 0.025378  1.359175
13.12160396	449	-0.065361 0.021069  1.358696
13.12676811	452	-0.066079 0.018196  1.353189
13.13192367	453	-0.059136 0.013407  1.371864
13.13708782	455	-0.057460 0.014604  1.366357
13.14224433	458	-0.056742 0.019632  1.365878
13.14739227	461	-0.052193 0.008858  1.377370
13.15254402	463	-0.048841 0.009577  1.375216
13.15769958	464	-0.043574 0.000000  1.378089
13.16280841	469	-0.044053 0.006225  1.387186
13.16796398	470	-0.037828 -0.000479  1.375694
13.17316818	474	-0.035194 -0.003352  1.374976
13.17836380	477	-0.032561 0.004788  1.378807
13.18351554	477	-0.036870 -0.012450  1.372582
13.18871212	482	-0.034716 -0.007901  1.374976
13.19392395	485	-0.028251 -0.015323  1.368751
13.19912815	490	-0.029448 -0.009337  1.382637
13.20433616	492	-0.031364 -0.003352  1.363005
13.20954418	496	-0.028012 -0.004549  1.357020
13.21474361	497	-0.027772 -0.012210  1.370188
13.21994781	502	-0.031603 -0.008140  1.353668
13.22515201	504	-0.034716 -0.013647  1.349598
13.23035240	504	-0.038307 -0.005746  1.351753
13.23555564	504	-0.038546 -0.000958  1.344331
13.24075222	506	-0.041419 -0.009577  1.350077
13.24595165	513	-0.049559 -0.005746  1.338585
13.25115203	517	-0.052193 -0.004310  1.333796
13.25634384	518	-0.055066 0.000479  1.339542
13.26150035	523	-0.059854 0.003591  1.338824
13.26664829	525	-0.061052 0.003112  1.317755
13.27181625	527	-0.065122 0.002634  1.319431
13.27699184	528	-0.068713 0.013886  1.316319
13.28214836	532	-0.073741 0.003112  1.306981
13.28732013	535	-0.079726 0.002634  1.298602
13.29248046	537	-0.084275 0.014365  1.290222
13.29763603	538	-0.080923 0.006943  1.286631
13.30280017	541	-0.090021 0.004310  1.272984
13.30795574	541	-0.086669 0.011492  1.270590
13.31312847	544	-0.087148 0.002155  1.259098
13.31828403	549	-0.094809 0.010534  1.259098
13.32344436	549	-0.083078 0.011492  1.241142
13.32859230	549	-0.089542 0.004549  1.236832
13.33375644	552	-0.085472 0.001676  1.229889
13.33890438	556	-0.088345 0.002394  1.223425
13.34405231	560	-0.080923 0.003352  1.210496
13.34921169	562	-0.075417 0.004788  1.199004
13.35437202	563	-0.069192 -0.008140  1.193976
13.35956764	565	-0.077093 -0.007422  1.188470
13.36476421	567	-0.073022 -0.007422  1.180329
13.36996841	570	-0.063206 -0.006225  1.180329
13.37516021	573	-0.061770 -0.010295  1.162852
13.38035964	574	-0.061052 -0.017717  1.143938
13.38557243	573	-0.056263 -0.018914  1.145135
13.39078426	577	-0.045250 -0.022745  1.131249
13.39599990	578	-0.041659 -0.025378  1.129333
13.40121173	581	-0.040701 -0.021548  1.112335
##inga 
#ido(sec)  szog(ADC)     ax(g)    ay(g)   az(g)
13.40695190	581	-0.040222 -0.023463  1.103476
13.41222763	584	-0.038786 -0.028251  1.102998
13.41754817	586	-0.031843 -0.026336  1.085281
13.42285633	586	-0.036631 -0.030406  1.071873
13.42804813	589	-0.032561 -0.034716  1.063494
13.43325233	590	-0.042616 -0.026815  1.057269
13.43845176	591	-0.034716 -0.029209  1.051283
13.44365215	592	-0.041419 -0.031603  1.039312
13.44884777	591	-0.043095 -0.031603  1.028299
13.45405960	595	-0.043813 -0.028730  1.034763
13.45927238	594	-0.043095 -0.025618  1.019441
13.46448040	600	-0.053151 -0.025857  1.018483
13.46968841	601	-0.056503 -0.028251  0.995738
13.47490024	601	-0.055545 -0.023224  1.001724
13.48011207	603	-0.060812 -0.019632  0.985443
13.48531627	606	-0.066079 -0.015083  0.977543
13.49051570	605	-0.069192 -0.020829  0.973472
13.49571228	607	-0.070389 -0.013886  0.967966
13.50091171	608	-0.076135 -0.007661  0.965332
13.50610446	610	-0.084275 -0.010534  0.949052
13.51130390	611	-0.086669 -0.011731  0.939954
13.51650428	611	-0.085712 -0.011253  0.942827
13.52171993	611	-0.090260 -0.007661  0.933490
13.52692031	613	-0.091697 -0.002873  0.940433
13.53212833	615	-0.087866 -0.013407  0.925828
13.53733158	616	-0.088345 -0.010534  0.923434
13.54253959	617	-0.086190 -0.006943  0.916970
13.54773998	617	-0.089303 -0.008619  0.904041
13.55294418	617	-0.084275 -0.007422  0.909069
13.55814838	616	-0.084514 -0.015083  0.914815
13.56334400	618	-0.082360 -0.009098  0.908111
13.56853961	618	-0.075417 -0.006704  0.890634
13.57374382	617	-0.075177 -0.011253  0.899253
13.57894039	619	-0.068952 -0.019632  0.895901
13.58414840	621	-0.066558 -0.016041  0.893268
13.58935642	621	-0.063206 -0.014604  0.886803
13.59456443	619	-0.064643 -0.019393  0.886564
13.59977626	621	-0.057939 -0.021548  0.879621
13.60499191	622	-0.054827 -0.027294  0.877227
13.61020374	620	-0.049799 -0.024181  0.882494
13.61541175	622	-0.047644 -0.034237  0.882254
13.62061214	622	-0.042616 -0.033040  0.880339
13.62582015	620	-0.039025 -0.035673  0.880818
13.63102436	620	-0.042138 -0.031364  0.878663
13.63622760	620	-0.037349 -0.035913  0.880578
13.64143562	621	-0.039265 -0.035194  0.875551
13.64664840	622	-0.037110 -0.031603  0.888240
13.65184783	622	-0.038786 -0.027294  0.889676
13.65705585	619	-0.036391 -0.027054  0.897338
13.66226768	619	-0.036631 -0.023463  0.890873
13.66748809	620	-0.044532 -0.029688  0.898535
13.67269229	620	-0.039265 -0.026097  0.893986
13.67790031	619	-0.041659 -0.018196  0.906436
13.68310832	617	-0.041659 -0.017238  0.900450
13.68831157	618	-0.055306 -0.022266  0.909069
13.69351577	616	-0.051714 -0.015083  0.921998
13.69871616	617	-0.062249 -0.012689  0.916731
13.70392417	617	-0.065361 -0.012929  0.923434
13.70913219	615	-0.065600 -0.007422  0.922477
13.71433639	614	-0.073741 -0.011253  0.929420
13.71953582	610	-0.073741 -0.008619  0.927265
13.72474002	611	-0.077093 -0.002394  0.936123
13.72994804	611	-0.075417 0.000239  0.941869
13.73511219	607	-0.079966 -0.000479  0.951446
13.74031162	608	-0.080923 -0.000239  0.955995
13.74551200	606	-0.079247 0.002394  0.966769
13.75066375	607	-0.083796 -0.002873  0.972994
13.75586414	606	-0.079966 -0.003352  0.977543
13.76106357	604	-0.078290 -0.000718  0.989992
13.76625633	601	-0.079726 0.001676  0.985683
13.77140045	601	-0.081163 -0.001676  0.996457
13.77659988	598	-0.069910 0.003831  1.000287
13.78176784	596	-0.072783 -0.007183  1.000766
13.78697204	595	-0.071346 -0.002873  1.026384
13.79217624	593	-0.065361 -0.005028  1.036679
13.79738807	590	-0.067995 -0.009098  1.032369
13.80260753	590	-0.064164 -0.007183  1.048889
13.80781555	591	-0.056263 -0.004788  1.052959
13.81300830	590	-0.051475 -0.012450  1.055353
13.81820774	589	-0.054348 -0.014365  1.076183
13.82339954	586	-0.052911 -0.008858  1.078577
13.82860374	583	-0.050038 -0.020590  1.086717
13.83380031	585	-0.050038 -0.017717  1.101561
13.83900833	583	-0.047884 -0.014126  1.110419
13.84420776	580	-0.045011 -0.011253  1.111856
13.84941959	579	-0.044053 -0.016520  1.128855
13.85462760	578	-0.045011 -0.011971  1.124306
13.85984039	573	-0.043095 -0.015802  1.148726
13.86504364	575	-0.038067 -0.014126  1.149684
13.87026023	573	-0.043813 -0.016041  1.155430
13.87545585	570	-0.034476 -0.021548  1.160937
13.88065624	569	-0.041898 -0.012689  1.169556
13.88586044	566	-0.038067 -0.012450  1.170513
13.89105987	564	-0.039025 -0.013886  1.194694
13.89625644	558	-0.045489 -0.011971  1.204511
13.90145587	558	-0.048602 -0.003831  1.209060
13.90665245	556	-0.045729 -0.007901  1.210975
13.91186428	553	-0.056024 -0.007183  1.224622
13.91707229	550	-0.054108 -0.009816  1.236593
13.92228031	549	-0.060812 -0.003831  1.235874
13.92748832	547	-0.062727 0.002155  1.249282
##inga 
#ido(sec)  szog(ADC)     ax(g)    ay(g)   az(g)
13.93317985	543	-0.066079 0.007661  1.248324
13.93845558	541	-0.066079 0.010774  1.266280
13.94372844	539	-0.069671 0.008380  1.268435
13.94899559	538	-0.063925 0.004310  1.278970
13.95414352	536	-0.068952 0.011013  1.290940
13.95930385	533	-0.072304 0.014126  1.290701
13.96446418	531	-0.070389 0.008858  1.305545
13.96962356	525	-0.077332 0.010534  1.307939
13.97478008	525	-0.077811 0.021787  1.307700
13.97993564	523	-0.077571 0.017477  1.318952
13.98509216	518	-0.069910 0.021787  1.316079
13.99024772	515	-0.077811 0.018914  1.326135
13.99540424	513	-0.072065 0.018196  1.332839
14.00057220	511	-0.075895 0.017717  1.334036
14.00572776	508	-0.073741 0.014604  1.337388
14.01089191	505	-0.070868 0.018675  1.349837
14.01604843	503	-0.068473 0.015083  1.347204
14.02120018	502	-0.067037 0.013407  1.358696
14.02635192	498	-0.060812 0.008858  1.367315
14.03149604	496	-0.055066 0.019153  1.354865
14.03666019	493	-0.046686 0.007422  1.358456
14.04180812	490	-0.050757 0.011253  1.363963
14.04696846	485	-0.044053 0.011013  1.353668
14.05213642	484	-0.043813 0.009337  1.371624
14.05730819	481	-0.039025 0.006225  1.365878
14.06246376	477	-0.037589 0.007661  1.368272
14.06762409	473	-0.032800 0.002873  1.363963
14.07277584	473	-0.033518 0.008380  1.369470
14.07793235	471	-0.036391 0.002873  1.360132
14.08309555	468	-0.032082 0.006464  1.363484
14.08824825	465	-0.029209 0.005028  1.368512
14.09341239	463	-0.032321 0.008140  1.366118
14.09857177	458	-0.033279 0.006943  1.359893
14.10373210	456	-0.030885 0.005028  1.364442
14.10888767	454	-0.031843 0.011253  1.355104
14.11404800	450	-0.028012 0.014126  1.357499
14.11920833	451	-0.030167 0.009337  1.357259
14.12436389	446	-0.031364 0.009098  1.343852
14.12950801	447	-0.039504 0.012450  1.342894
14.13465976	445	-0.035434 0.012210  1.349119
14.13981246	439	-0.044532 0.020351  1.335472
14.14496803	437	-0.039265 0.020590  1.345288
14.15012359	435	-0.044532 0.023224  1.324220
14.15527629	430	-0.049081 0.024181  1.329966
14.16043567	431	-0.054348 0.029688  1.327571
14.16558361	426	-0.057700 0.026815  1.315600
14.17073631	424	-0.062967 0.033279  1.305545
14.17589187	422	-0.056503 0.035913  1.310333
14.18105220	421	-0.057939 0.034716  1.296687
14.18622016	417	-0.067516 0.035194  1.293095
14.19139194	416	-0.067037 0.044532  1.285673
14.19656753	410	-0.063685 0.039025  1.275857
14.20173168	410	-0.064403 0.033040  1.269153
14.20689582	409	-0.061770 0.037589  1.272745
14.21206378	408	-0.058897 0.042377  1.253831
14.21723175	406	-0.066558 0.041898  1.248564
14.22240352	402	-0.057700 0.030406  1.241620
14.22756767	401	-0.052193 0.033279  1.223904
14.23273563	401	-0.060812 0.043813  1.219833
14.23789978	398	-0.053869 0.039504  1.211214
14.24305629	394	-0.050278 0.029209  1.208341
14.24821186	390	-0.047644 0.026336  1.198765
14.25337219	389	-0.042138 0.041898  1.184400
14.25851631	385	-0.045011 0.035673  1.182484
14.26366806	386	-0.042138 0.029927  1.180569
14.26882839	384	-0.036152 0.024181  1.167401
14.27398777	379	-0.036870 0.026815  1.159500
14.27914047	380	-0.033997 0.033279  1.153515
14.28429985	376	-0.029209 0.028730  1.143220
14.28944396	376	-0.022266 0.025618  1.127658
14.29460430	373	-0.025139 0.022505  1.117602
14.29975986	370	-0.023942 0.025857  1.115926
14.30491161	368	-0.011492 0.028491  1.107068
14.31007194	367	-0.015083 0.021308  1.101322
14.31522369	367	-0.014126 0.028012  1.091506
14.32039642	365	-0.015562 0.027054  1.079295
14.32555961	360	-0.014604 0.024899  1.072113
14.33073234	360	-0.016999 0.021069  1.058945
14.33590030	360	-0.015802 0.018196  1.055353
14.34107208	359	-0.013168 0.026336  1.041946
14.34623622	357	-0.015323 0.024660  1.037876
14.35141181	355	-0.021787 0.026815  1.025426
14.35658836	354	-0.020351 0.026097  1.012258
14.36175632	350	-0.022266 0.025857  1.010822
14.36691188	352	-0.022745 0.031124  1.001484
14.37206840	348	-0.029209 0.028970  0.987119
14.37721633	346	-0.025139 0.030406  0.987359
14.38236427	346	-0.038307 0.031124  0.978740
14.38751220	345	-0.036391 0.039265  0.983289
14.39267158	342	-0.033518 0.042377  0.971557
14.39782810	343	-0.038786 0.046208  0.960305
14.40298843	342	-0.046686 0.040940  0.952643
14.40813636	339	-0.047644 0.038546  0.951686
14.41329956	340	-0.051714 0.050996  0.945221
14.41844844	339	-0.051475 0.052672  0.938757
14.42360401	338	-0.056024 0.048602  0.920561
14.42875194	336	-0.051235 0.049559  0.918885
14.43389606	338	-0.047405 0.050278  0.916252
14.43906021	337	-0.055545 0.049559  0.910027
14.44420814	337	-0.057460 0.045968  0.906675
14.44936370	334	-0.053630 0.050278  0.908111
##inga 
#ido(sec)  szog(ADC)     ax(g)    ay(g)   az(g)
14.45507240	333	-0.058179 0.049799  0.901647
14.46033954	334	-0.051954 0.052911  0.899493
14.46561241	332	-0.044532 0.048123  0.895662
14.47087955	332	-0.045968 0.052432  0.880100
14.47602367	332	-0.034955 0.045968  0.877466
14.48118782	330	-0.033518 0.040940  0.888240
14.48635196	330	-0.039504 0.045968  0.876987
14.49151611	331	-0.028491 0.043095  0.874114
14.49668025	330	-0.028491 0.040222  0.871241
14.50184822	332	-0.026575 0.032321  0.875072
14.50700759	330	-0.020351 0.033040  0.862383
14.51217555	332	-0.018435 0.030406  0.870044
14.51733970	328	-0.013647 0.032800  0.867650
14.52249240	328	-0.012450 0.027294  0.858791
14.52764797	331	-0.009577 0.022984  0.868608
14.53279972	331	-0.011013 0.031124  0.872917
14.53794384	331	-0.007183 0.022026  0.866692
14.54310035	331	-0.006464 0.028970  0.871002
14.54825210	330	-0.011492 0.026336  0.874832
14.55340003	329	-0.004070 0.027294  0.871002
14.55854415	332	-0.006704 0.020351  0.876269
14.56369590	332	-0.009577 0.027054  0.877227
14.56884002	332	-0.011971 0.026815  0.880339
14.57399559	333	-0.020351 0.031124  0.870762
14.57913970	333	-0.026097 0.030406  0.881536
14.58428382	334	-0.023224 0.028491  0.880818
14.58943176	333	-0.026097 0.032082  0.890873
14.59458827	333	-0.026575 0.034237  0.893268
14.59974765	335	-0.033758 0.033040  0.892789
14.60489559	335	-0.036631 0.033997  0.893986
14.61005210	337	-0.040940 0.036870  0.895422
14.61518383	339	-0.037828 0.043095  0.910506
14.62034034	337	-0.042138 0.047884  0.910506
14.62550830	340	-0.041659 0.047884  0.913618
14.63066768	340	-0.045729 0.040701  0.927983
14.63584041	341	-0.054108 0.044771  0.930856
14.64099597	342	-0.059615 0.046208  0.940433
14.64615154	343	-0.048123 0.045968  0.938996
14.65132427	345	-0.050757 0.044292  0.956953
14.65649604	344	-0.051475 0.041180  0.949052
14.66165161	348	-0.052911 0.046926  0.964614
14.66680812	346	-0.049799 0.039743  0.962699
14.67197608	348	-0.046926 0.034955  0.977064
14.67713642	351	-0.046926 0.037110  0.983528
14.68229961	350	-0.044292 0.044292  0.991429
14.68745231	353	-0.041180 0.039265  1.001963
14.69260787	355	-0.040462 0.040701  1.004597
14.69777202	356	-0.039743 0.033997  1.023990
14.70291996	355	-0.037589 0.035673  1.023032
14.70807552	357	-0.038546 0.034237  1.028778
14.71322441	359	-0.029927 0.037349  1.037636
14.71837997	361	-0.032082 0.032321  1.046256
14.72353172	361	-0.033518 0.024660  1.052720
14.72867584	364	-0.029688 0.020829  1.061818
14.73383617	364	-0.030406 0.023463  1.081210
14.73898410	368	-0.026815 0.021787  1.083844
14.74413967	368	-0.023702 0.017717  1.089830
14.74929237	371	-0.028012 0.019872  1.102519
14.75445175	372	-0.018435 0.020351  1.106110
14.75961208	376	-0.023702 0.021787  1.119757
14.76476764	379	-0.020590 0.018196  1.123348
14.76993560	381	-0.025618 0.012210  1.134840
14.77509593	382	-0.030167 0.018435  1.147290
14.78025627	383	-0.022745 0.012210  1.152318
14.78541564	386	-0.028012 0.022026  1.149684
14.79057979	388	-0.028012 0.022984  1.167401
14.79574394	390	-0.027533 0.018196  1.184160
14.80090808	391	-0.025857 0.018435  1.182005
14.80607223	392	-0.032800 0.020111  1.192061
14.81122779	396	-0.031843 0.026097  1.203314
14.81639194	398	-0.034955 0.023702  1.207384
14.82155609	399	-0.034237 0.020111  1.219355
14.82671165	405	-0.037828 0.025618  1.224622
14.83188438	406	-0.041180 0.031124  1.232523
14.83703613	405	-0.041419 0.022026  1.244733
14.84218406	407	-0.047884 0.018675  1.256704
14.84734439	410	-0.055784 0.023702  1.258380
14.85248756	413	-0.056503 0.030885  1.267477
14.85765171	415	-0.060812 0.024660  1.267717
14.86279964	417	-0.055784 0.022505  1.279209
14.86796379	416	-0.059376 0.028970  1.290701
14.87311553	419	-0.066319 0.031603  1.286152
14.87826442	425	-0.068473 0.031364  1.292138
14.88341999	427	-0.064403 0.025139  1.311052
14.88858032	428	-0.066798 0.019872  1.304587
14.89373207	431	-0.062967 0.025857  1.303630
14.89888000	434	-0.059376 0.027533  1.319192
14.90405178	436	-0.063925 0.025139  1.326853
14.90921974	435	-0.061770 0.016999  1.325895
14.91439247	442	-0.064403 0.021308  1.328050
14.91956043	445	-0.058418 0.013647  1.334275
14.92473602	448	-0.065361 0.024660  1.346485
14.92989635	449	-0.059854 0.024181  1.342415
14.93506431	449	-0.056503 0.014126  1.344331
14.94023227	452	-0.057700 0.012929  1.348401
14.94539642	456	-0.054348 0.010534  1.355583
14.95055198	456	-0.056024 0.015802  1.359414
14.95571994	459	-0.052193 0.006225  1.356062
14.96087169	463	-0.048123 0.005985  1.362766
14.96602821	464	-0.049320 0.010774  1.352471
14.97117614	468	-0.047405 0.004310  1.364921
##inga 
#ido(sec)  szog(ADC)     ax(g)    ay(g)   az(g)
14.97685623	471	-0.040222 -0.001437  1.358456
14.98213958	473	-0.039025 -0.000718  1.358935
14.98741626	476	-0.043574 -0.001676  1.363245
14.99270439	476	-0.044292 0.005507  1.356302
14.99786376	482	-0.037110 0.000239  1.358935
15.00302410	484	-0.038307 -0.005985  1.352231
15.00822353	487	-0.036870 -0.005746  1.351034
15.01341629	491	-0.039983 -0.002634  1.346964
15.01861953	493	-0.038307 -0.005746  1.346485
15.02381610	495	-0.034716 -0.005985  1.345288
15.02902412	501	-0.040462 -0.004549  1.338824
15.03423595	502	-0.044771 -0.003112  1.345528
15.03944015	503	-0.050517 0.001915  1.344810
15.04459190	505	-0.056024 0.005267  1.332360
15.04974842	507	-0.052911 0.001197  1.336909
15.05491161	510	-0.058179 -0.002155  1.331163
15.06013202	514	-0.055306 -0.003591  1.332599
15.06532764	515	-0.056024 0.002634  1.323980
15.07048416	519	-0.061291 -0.000718  1.316319
15.07568836	521	-0.067995 -0.003112  1.300757
15.08089160	525	-0.074698 0.004549  1.306024
15.08602809	527	-0.067276 0.011731  1.297644
15.09118366	529	-0.070868 0.008858  1.292616
15.09633636	533	-0.070868 0.002155  1.289025
15.10148811	535	-0.070149 -0.001437  1.283279
15.10669612	537	-0.073022 0.005746  1.272027
15.11184787	538	-0.075417 0.012450  1.272745
15.11699199	541	-0.075656 0.009337  1.267238
15.12214374	540	-0.080923 0.003112  1.248803
15.12731170	544	-0.078529 0.005267  1.248324
15.13247203	549	-0.081402 0.012929  1.236832
15.13763999	550	-0.078529 0.006464  1.224622
15.14280033	551	-0.081402 -0.003591  1.222706
15.14800834	550	-0.070868 -0.006225  1.214327
15.15321636	556	-0.070628 -0.000958  1.215524
15.15842819	559	-0.071107 -0.007661  1.192540
15.16361618	561	-0.066798 -0.003831  1.193497
15.16882801	563	-0.068234 -0.004549  1.183442
15.17403221	564	-0.064643 -0.009098  1.180808
15.17922401	567	-0.060094 -0.005267  1.167880
15.18441963	570	-0.054827 -0.012450  1.159740
15.18962001	572	-0.056742 -0.019632  1.150642
15.19482803	574	-0.056742 -0.016999  1.146332
15.20004367	575	-0.043574 -0.019153  1.139629
15.20525646	576	-0.045250 -0.017956  1.118320
15.21045970	577	-0.045489 -0.022505  1.120475
15.21567630	578	-0.040940 -0.029927  1.106349
15.22089576	580	-0.035434 -0.024660  1.104673
15.22609233	581	-0.041180 -0.026575  1.087196
15.23130035	585	-0.038307 -0.031364  1.086717
15.23649978	587	-0.042138 -0.027533  1.071873
15.24170780	588	-0.044053 -0.026097  1.063733
15.24691200	589	-0.043335 -0.019632  1.055353
15.25212001	590	-0.045489 -0.022745  1.055832
15.25732040	592	-0.044771 -0.025857  1.047213
15.26253223	590	-0.053869 -0.021787  1.027581
15.26774024	593	-0.055784 -0.017477  1.030454
15.27295207	593	-0.061530 -0.020590  1.018962
15.27816009	595	-0.058179 -0.013407  1.007470
15.28337192	598	-0.068234 -0.018914  1.002203
15.28857612	600	-0.063925 -0.011731  0.995978
15.29377555	601	-0.068713 -0.012689  0.994062
15.29897594	602	-0.073980 -0.010534  0.992147
15.30417633	603	-0.079247 -0.012450  0.972754
15.30937576	604	-0.082360 -0.012929  0.964135
15.31457614	607	-0.080205 -0.005267  0.960544
15.31978416	606	-0.076374 -0.006704  0.955516
15.32499980	606	-0.084514 -0.009337  0.953122
15.33020019	609	-0.089542 -0.003112  0.942348
15.33540821	611	-0.083078 0.000239  0.938278
15.34056758	611	-0.078529 -0.005985  0.933490
15.34577560	611	-0.083078 -0.010774  0.918406
15.35098361	611	-0.077811 -0.010774  0.927265
15.35618400	612	-0.082599 -0.014365  0.916731
15.36138439	613	-0.074938 -0.005746  0.914336
15.36658763	613	-0.071346 -0.019393  0.909069
15.37178802	616	-0.073980 -0.017238  0.905478
15.37699222	616	-0.070149 -0.015802  0.905239
15.38220024	616	-0.066079 -0.020351  0.908351
15.38740444	616	-0.061530 -0.016999  0.894704
15.39262008	614	-0.058657 -0.023702  0.896380
15.39782047	617	-0.058179 -0.024181  0.897338
15.40302753	618	-0.049081 -0.018675  0.891592
15.40824794	618	-0.047884 -0.028970  0.887761
15.41345977	618	-0.046447 -0.027054  0.884170
15.41866016	616	-0.049320 -0.031124  0.885127
15.42385959	618	-0.047405 -0.028251  0.891352
15.42905616	617	-0.045250 -0.031603  0.897338
15.43426036	617	-0.050038 -0.032561  0.890155
15.43945980	616	-0.045968 -0.029688  0.891113
15.44466018	618	-0.049081 -0.024181  0.882494
15.44986820	618	-0.042377 -0.032561  0.892549
15.45507621	615	-0.045968 -0.023463  0.886085
15.46028041	616	-0.049799 -0.027054  0.884170
15.46548366	617	-0.045968 -0.026575  0.895662
15.47068786	615	-0.052432 -0.013168  0.899493
15.47590827	617	-0.049799 -0.021069  0.900689
15.48110771	617	-0.054348 -0.018435  0.896859
15.48630428	616	-0.047405 -0.012929  0.902365
15.49150753	615	-0.061052 -0.013647  0.911942
15.49670791	615	-0.055066 -0.016041  0.916731
##inga 
#ido(sec)  szog(ADC)     ax(g)    ay(g)   az(g)
15.50244808	613	-0.063925 -0.016999  0.914097
15.50771999	613	-0.066798 -0.011492  0.918167
15.51299571	610	-0.073741 -0.005267  0.927025
15.51826763	610	-0.074698 -0.013647  0.921998
15.52346420	610	-0.073741 -0.002394  0.923674
15.52866840	607	-0.072783 -0.001437  0.943306
15.53388023	607	-0.069910 -0.006464  0.944024
15.53909206	607	-0.076135 -0.001197  0.941151
15.54428768	607	-0.073980 0.000479  0.958150
15.54944419	606	-0.076374 -0.004070  0.966290
15.55463981	604	-0.084036 -0.004788  0.960065
15.55984783	603	-0.077332 0.000000  0.977303
15.56496810	602	-0.078050 -0.004310  0.983049
15.57017230	601	-0.067995 -0.003831  0.989753
15.57537555	599	-0.066798 -0.004070  0.993344
15.58057594	596	-0.071825 -0.001915  0.992387
15.58577632	596	-0.066558 -0.003591  1.007949
15.59097576	594	-0.064403 0.004788  1.011061
15.59612846	591	-0.067276 -0.007183  1.021117
15.60133171	589	-0.055784 -0.006704  1.033566
15.60652828	590	-0.057460 -0.008380  1.039073
15.61174392	588	-0.056263 -0.013647  1.038594
15.61694431	588	-0.046208 -0.012210  1.045298
15.62214756	586	-0.050038 -0.013647  1.062296
15.62735176	587	-0.045729 -0.017238  1.068042
15.63255977	583	-0.043095 -0.015802  1.080253
15.63776779	585	-0.044532 -0.015083  1.089590
15.64296436	581	-0.039504 -0.026097  1.088632
15.64815998	580	-0.042616 -0.014126  1.101322
15.65336418	579	-0.044053 -0.021548  1.110419
15.65855979	577	-0.037589 -0.011253  1.119757
15.66375160	574	-0.044771 -0.009337  1.125503
15.66896438	572	-0.037349 -0.016759  1.132925
15.67417621	573	-0.042616 -0.013647  1.144417
15.67938423	570	-0.049799 -0.009816  1.157585
15.68459606	569	-0.053390 -0.006464  1.156627
15.68980789	566	-0.058418 -0.003112  1.168359
15.69502830	564	-0.056024 -0.003831  1.171950
15.70022010	561	-0.060812 -0.001437  1.181287
15.70542430	556	-0.056742 -0.003591  1.185597
15.71063232	556	-0.067516 0.002394  1.200919
15.71578407	555	-0.064403 0.001437  1.205468
15.72093582	551	-0.070868 -0.004549  1.218636
15.72613620	549	-0.064403 0.012929  1.233241
15.73128795	548	-0.065361 0.009098  1.232762
15.73644447	545	-0.070868 0.003591  1.238029
15.74159240	541	-0.068234 0.009337  1.237311
15.74674415	538	-0.072783 0.005028  1.254310
15.75190353	538	-0.071346 0.010774  1.260534
15.75707244	538	-0.067755 0.010534  1.266759
15.76223182	536	-0.065840 0.007183  1.275857
15.76739215	533	-0.067755 0.010056  1.277294
15.77255153	530	-0.067995 0.007661  1.290940
15.77771568	527	-0.058657 0.009337  1.295968
15.78287220	525	-0.061770 0.005746  1.290222
15.78803157	521	-0.069910 0.014126  1.305066
15.79319572	521	-0.065600 0.011253  1.309854
15.79835987	518	-0.057939 0.010534  1.299559
15.80352401	512	-0.059136 0.007183  1.310333
15.80867576	511	-0.058418 0.006464  1.321107
15.81383228	507	-0.058897 0.012210  1.324698
15.81898403	505	-0.051235 0.008380  1.339542
15.82414436	504	-0.052193 0.001915  1.331402
15.82929992	502	-0.046447 0.002155  1.341458
15.83446407	501	-0.046208 0.010056  1.346007
15.83962821	495	-0.042616 0.009577  1.340021
15.84477615	494	-0.046208 0.001676  1.349837
15.84993553	489	-0.044292 0.004310  1.343612
15.85507965	487	-0.037828 0.005028  1.348880
15.86023616	485	-0.041419 0.017956  1.347922
15.86539173	481	-0.038307 0.008140  1.353907
15.87054443	479	-0.039504 0.006943  1.357738
15.87571620	474	-0.041419 0.008619  1.361808
15.88087177	474	-0.045011 0.012689  1.348401
15.88602447	472	-0.041419 0.016759  1.351274
15.89119243	467	-0.044771 0.018435  1.361808
15.89636039	464	-0.044532 0.011253  1.342655
15.90153217	463	-0.043095 0.010295  1.348880
15.90670013	461	-0.040222 0.015562  1.347682
15.91187191	456	-0.045250 0.018914  1.351513
15.91703987	455	-0.044532 0.011253  1.346964
15.92220020	452	-0.042856 0.017956  1.346964
15.92735958	451	-0.045011 0.017717  1.342894
15.93252754	447	-0.036631 0.013886  1.340739
15.93769645	448	-0.046208 0.019872  1.331402
15.94284820	446	-0.047405 0.020111  1.317037
15.94800376	443	-0.044532 0.023942  1.334275
15.95315647	440	-0.050038 0.021308  1.322783
15.95830440	436	-0.049799 0.024181  1.313446
15.96345996	434	-0.052432 0.018914  1.311052
15.96862030	432	-0.052911 0.028491  1.313206
15.97377586	428	-0.054587 0.024660  1.308897
15.97891998	428	-0.055306 0.031843  1.305545
15.98407554	425	-0.056742 0.028730  1.299559
15.98923587	422	-0.057221 0.034476  1.293335
15.99438762	418	-0.057700 0.033518  1.284716
15.99954795	417	-0.057700 0.035673  1.274421
16.00469970	415	-0.056503 0.030885  1.271308
16.00984382	412	-0.055545 0.033997  1.267238
16.01500320	410	-0.055545 0.032082  1.265323
16.02014732	409	-0.059615 0.036391  1.238269
##inga 
#ido(sec)  szog(ADC)     ax(g)    ay(g)   az(g)
16.02584838	408	-0.050757 0.031843  1.241620
16.03112030	404	-0.049320 0.023702  1.228931
16.03638839	403	-0.038786 0.028491  1.228692
16.04164886	402	-0.049081 0.034237  1.221509
16.04681205	400	-0.041180 0.042138  1.205468
16.05197906	397	-0.044771 0.026336  1.201877
16.05715179	393	-0.040701 0.025857  1.184639
16.06231117	393	-0.036391 0.032082  1.176738
16.06747627	390	-0.035673 0.037110  1.180808
16.07263946	387	-0.035194 0.026815  1.172908
16.07781219	386	-0.027533 0.029927  1.166922
16.08296775	383	-0.030406 0.031843  1.153275
16.08814048	383	-0.029688 0.031124  1.147050
16.09330368	379	-0.033279 0.031603  1.138431
16.09845542	379	-0.027054 0.024181  1.133643
16.10360717	375	-0.027294 0.022026  1.116644
16.10876464	375	-0.027533 0.025139  1.121672
16.11392021	371	-0.026575 0.025618  1.108265
16.11906814	369	-0.022266 0.027054  1.097012
16.12421226	366	-0.023942 0.025378  1.085760
16.12936019	366	-0.021308 0.029209  1.078338
16.13451576	366	-0.021787 0.030645  1.071634
16.13967132	361	-0.022026 0.032800  1.067564
16.14481544	361	-0.022026 0.028491  1.042185
16.14997291	360	-0.029209 0.030406  1.039552
16.15512466	359	-0.026097 0.030645  1.043383
16.16028404	359	-0.030406 0.025857  1.026384
16.16544342	355	-0.030645 0.033279  1.018244
16.17059135	355	-0.030406 0.028491  1.015610
16.17574882	354	-0.033040 0.033040  1.010343
16.18089294	353	-0.034716 0.033758  0.989035
16.18604469	351	-0.028251 0.034955  0.984246
16.19120407	351	-0.038786 0.039743  0.982092
16.19636344	349	-0.031843 0.044771  0.973712
16.20151519	347	-0.034955 0.034955  0.970600
16.20667266	346	-0.037349 0.039983  0.958150
16.21182441	345	-0.041419 0.041898  0.961741
16.21697998	345	-0.039504 0.040462  0.951446
16.22214889	343	-0.050278 0.044532  0.936602
16.22730827	342	-0.045968 0.047644  0.942827
16.23246383	342	-0.045489 0.047644  0.939236
16.23763656	342	-0.040940 0.041180  0.930617
16.24279212	341	-0.040222 0.042138  0.918885
16.24795150	338	-0.037110 0.041898  0.913858
16.25311660	336	-0.042377 0.041419  0.910266
16.25826072	339	-0.037110 0.040940  0.907872
16.26340484	338	-0.043574 0.042856  0.900689
16.26855278	337	-0.039743 0.046208  0.907154
16.27369689	338	-0.033997 0.043813  0.897817
16.27883911	336	-0.036870 0.044532  0.897338
16.28398323	336	-0.035913 0.043335  0.885606
16.28912734	333	-0.031124 0.043095  0.893507
16.29428482	333	-0.031843 0.040462  0.874354
16.29943656	332	-0.023463 0.043335  0.892070
16.30459594	332	-0.028251 0.031124  0.877705
16.30974006	333	-0.028251 0.034237  0.881297
16.31488800	334	-0.022505 0.033279  0.872438
16.32003211	333	-0.020351 0.040940  0.874832
16.32518005	333	-0.016759 0.034476  0.883691
16.33033180	333	-0.017477 0.027533  0.877466
16.33548355	333	-0.021787 0.039743  0.870283
16.34061622	333	-0.014844 0.031843  0.876987
16.34576416	333	-0.019632 0.032082  0.875072
16.35090827	333	-0.017238 0.035194  0.865735
16.35606765	333	-0.023463 0.026097  0.882973
16.36123275	334	-0.023463 0.033518  0.878184
16.36640739	335	-0.022266 0.031603  0.882254
16.37157249	334	-0.019632 0.028730  0.882494
16.37673187	335	-0.023224 0.029688  0.883691
16.38190078	336	-0.025618 0.031603  0.883451
16.38706016	335	-0.023702 0.039265  0.889437
16.39223289	336	-0.027294 0.029209  0.889198
16.39739608	336	-0.028012 0.032800  0.898056
16.40254783	336	-0.029688 0.035913  0.907872
16.40769577	338	-0.030406 0.030167  0.892310
16.41284370	339	-0.034955 0.034955  0.902126
16.41799545	339	-0.041180 0.040701  0.904041
16.42313957	341	-0.035194 0.043095  0.915294
16.42828750	339	-0.040701 0.043574  0.921280
16.43343925	342	-0.046686 0.040701  0.923674
16.43859672	344	-0.044292 0.042377  0.925350
16.44374465	344	-0.043574 0.041180  0.931335
16.44889259	344	-0.043335 0.039504  0.940672
16.45404434	344	-0.051235 0.039743  0.954080
16.45918846	346	-0.046926 0.036870  0.942348
16.46433258	348	-0.045489 0.047884  0.959107
16.46948051	349	-0.047884 0.044532  0.966529
16.47463607	348	-0.044771 0.039983  0.980176
16.47977256	352	-0.043813 0.039265  0.983049
16.48493194	352	-0.045011 0.037110  0.988556
16.49007606	354	-0.044292 0.038307  0.997414
16.49522018	354	-0.037589 0.029688  0.989514
16.50036430	356	-0.033518 0.038307  1.008427
16.50552368	357	-0.038786 0.037110  1.019201
16.51065635	359	-0.035194 0.038067  1.025426
16.51581954	359	-0.037589 0.030406  1.036200
16.52096748	361	-0.033758 0.031364  1.038355
16.52614021	360	-0.039743 0.032321  1.047931
16.53129577	363	-0.036391 0.036870  1.051523
16.53645515	367	-0.031603 0.027054  1.073310
16.54162025	369	-0.032800 0.025139  1.063494
##inga 
#ido(sec)  szog(ADC)     ax(g)    ay(g)   az(g)
16.54733276	371	-0.035194 0.021548  1.078338
16.55261611	372	-0.028730 0.025857  1.092703
16.55791664	374	-0.031843 0.020590  1.093900
16.56315994	377	-0.029448 0.021308  1.096294
16.56832885	380	-0.031364 0.018914  1.104434
16.57349967	381	-0.034237 0.028491  1.123587
16.57866477	380	-0.035194 0.022266  1.122869
16.58382415	382	-0.029209 0.017717  1.143699
16.58898353	386	-0.032082 0.021548  1.138910
16.59414482	386	-0.033279 0.022745  1.149205
16.59930038	389	-0.033279 0.024421  1.169556
16.60445594	393	-0.036631 0.021548  1.167880
16.60960006	394	-0.031603 0.021069  1.175062
16.61475181	396	-0.032082 0.019393  1.188470
16.61990737	398	-0.031124 0.028251  1.193976
16.62505531	400	-0.038307 0.019872  1.200680
16.63020324	403	-0.036870 0.020111  1.207384
16.63535690	406	-0.043813 0.028730  1.212890
16.64049911	408	-0.050517 0.024181  1.226537
16.64564323	408	-0.042856 0.020351  1.235874
16.65080070	408	-0.048841 0.020590  1.232044
16.65593910	410	-0.051954 0.022745  1.243775
16.66110038	413	-0.048602 0.019153  1.258619
16.66625976	416	-0.056503 0.023702  1.255985
16.67141532	418	-0.052432 0.026815  1.274181
16.67658042	417	-0.053630 0.028730  1.271069
16.68174362	422	-0.056503 0.027294  1.283997
16.68692016	426	-0.056981 0.025378  1.281364
16.69208335	427	-0.055306 0.027533  1.289743
16.69724082	426	-0.056981 0.022266  1.291419
16.70240020	432	-0.054587 0.022026  1.305066
16.70755577	434	-0.057700 0.024181  1.306981
16.71271514	436	-0.052193 0.019393  1.312009
16.71788406	438	-0.059854 0.023224  1.306263
16.72303581	442	-0.056263 0.014604  1.311530
16.72819137	445	-0.052672 0.011731  1.320868
16.73335647	449	-0.056503 0.019632  1.323501
16.73851585	449	-0.059376 0.018435  1.329008
16.74367904	451	-0.056263 0.021308  1.331642
16.74882888	454	-0.052672 0.013168  1.337388
16.75399208	454	-0.061530 0.014126  1.327332
16.75914001	456	-0.055306 0.017238  1.331402
16.76429557	459	-0.050517 0.011492  1.337388
16.76945114	462	-0.058897 0.016759  1.340260
16.77459907	463	-0.050038 0.011492  1.349119
16.77973937	468	-0.056024 0.012210  1.342655
16.78488731	468	-0.055306 0.006464  1.347204
16.79004478	472	-0.052432 0.008140  1.346007
16.79517555	473	-0.050757 0.011971  1.339542
16.80031967	477	-0.039504 -0.002155  1.347922
16.80551910	480	-0.048362 0.005746  1.352471
16.81066322	481	-0.046926 0.000479  1.338585
16.81580734	484	-0.042616 0.001197  1.347922
16.82096481	491	-0.043095 -0.000479  1.336190
16.82616043	492	-0.045250 0.001197  1.337148
16.83133125	494	-0.044292 -0.005267  1.332839
16.83654403	497	-0.044053 -0.003831  1.326853
16.84174346	499	-0.042616 -0.003112  1.329247
16.84695625	502	-0.049081 -0.004310  1.327811
16.85215950	504	-0.048123 -0.007422  1.322065
16.85736083	506	-0.052911 -0.004310  1.329726
16.86256408	508	-0.052432 -0.005267  1.322065
16.86775970	512	-0.058657 -0.006225  1.312009
16.87295913	515	-0.055545 0.001197  1.306981
16.87811660	518	-0.056024 0.000479  1.311530
16.88326072	521	-0.063685 -0.001676  1.306503
16.88845634	524	-0.060573 -0.004070  1.293335
16.89365577	526	-0.059854 0.001915  1.287349
16.89882469	525	-0.067276 0.003352  1.287828
16.90398406	530	-0.060573 -0.001676  1.273224
16.90919113	530	-0.070389 0.005507  1.272505
16.91435241	533	-0.071586 -0.003591  1.267477
16.91955947	537	-0.068713 0.004070  1.261013
16.92472076	536	-0.067516 0.000479  1.258140
16.92987251	541	-0.078529 0.004549  1.239226
16.93503952	543	-0.075417 0.004788  1.248324
16.94020080	544	-0.078050 0.006225  1.240663
16.94534492	548	-0.070628 0.004788  1.227974
16.95049667	550	-0.075177 -0.002634  1.221270
16.95568847	551	-0.072783 -0.004070  1.206905
16.96087646	552	-0.072304 -0.006704  1.201877
16.96607589	554	-0.067516 -0.002634  1.191343
16.97127151	559	-0.063925 -0.009816  1.196131
16.97647285	560	-0.064882 -0.005746  1.173147
16.98167991	563	-0.063446 -0.003831  1.179851
16.98687171	565	-0.057939 -0.009337  1.169316
16.99208450	568	-0.060573 -0.013407  1.157106
16.99728775	569	-0.057939 -0.012689  1.145135
17.00249290	571	-0.065361 -0.016041  1.140107
17.00768852	572	-0.053630 -0.010295  1.130770
17.01289176	573	-0.058657 -0.011253  1.121672
17.01808738	574	-0.052911 -0.013886  1.108265
17.02328491	577	-0.055306 -0.016041  1.106110
17.02848052	577	-0.049559 -0.018435  1.089351
17.03367614	578	-0.054827 -0.020351  1.089351
17.03887557	582	-0.046926 -0.026336  1.082168
17.04407691	584	-0.050757 -0.019632  1.072113
17.04927635	586	-0.055306 -0.018196  1.066846
17.05447959	586	-0.051714 -0.014604  1.053199
17.05969238	588	-0.051235 -0.022984  1.053917
17.06489562	588	-0.053151 -0.020829  1.039791
##inga 
#ido(sec)  szog(ADC)     ax(g)    ay(g)   az(g)
17.07064437	589	-0.061052 -0.020829  1.023271
17.07591247	591	-0.053151 -0.020829  1.025905
17.08118820	592	-0.056024 -0.016041  1.018962
17.08644485	593	-0.062488 -0.022026  1.013934
17.09164810	594	-0.057221 -0.018196  1.001484
17.09685516	592	-0.062488 -0.014604  1.010103
17.10205268	597	-0.059854 -0.021548  0.991189
17.10724830	599	-0.061052 -0.016280  0.996696
17.11244392	601	-0.065840 -0.016759  0.982092
17.11763954	601	-0.066079 -0.011013  0.972994
17.12284469	602	-0.069431 -0.017956  0.962938
17.12804412	601	-0.072783 -0.015802  0.970121
17.13324356	605	-0.076135 -0.016999  0.961741
17.13843536	603	-0.074219 -0.015802  0.948813
17.14364433	605	-0.071825 -0.012929  0.950967
17.14884757	605	-0.078529 -0.014365  0.938518
17.15404319	608	-0.072783 -0.013168  0.932293
17.15924835	608	-0.069671 -0.008380  0.937560
17.16445159	610	-0.075177 -0.010056  0.931335
17.16966056	611	-0.072065 -0.011492  0.923434
17.17485618	609	-0.068234 -0.016759  0.921998
17.18005561	611	-0.075177 -0.011013  0.921280
17.18524742	611	-0.069431 -0.017717  0.912660
17.19045257	611	-0.069192 -0.014365  0.911463
17.19565200	612	-0.066798 -0.016280  0.904041
17.20083999	613	-0.066319 -0.020111  0.904041
17.20604324	612	-0.068234 -0.012689  0.909309
17.21124839	612	-0.063446 -0.018675  0.909309
17.21645927	615	-0.061052 -0.017717  0.898056
17.22167205	615	-0.056981 -0.020829  0.897817
17.22688865	614	-0.056742 -0.020351  0.893746
17.23209190	615	-0.056503 -0.026815  0.897098
17.23728752	615	-0.056503 -0.023702  0.906914
17.24249267	616	-0.052672 -0.023942  0.896141
17.24769210	615	-0.059136 -0.022266  0.899732
17.25289916	613	-0.052193 -0.029688  0.898295
17.25810050	613	-0.056742 -0.025857  0.882973
17.26329994	614	-0.054348 -0.020829  0.900211
17.26849937	615	-0.056503 -0.021787  0.899014
17.27370834	615	-0.055066 -0.028012  0.898774
17.27891540	615	-0.047884 -0.016520  0.905478
17.28412818	615	-0.051954 -0.022505  0.904520
17.28933906	613	-0.052432 -0.015562  0.901647
17.29454421	609	-0.046208 -0.013886  0.911224
17.29974365	611	-0.051235 -0.020590  0.921040
17.30493927	611	-0.050757 -0.022266  0.916491
17.31013107	609	-0.055784 -0.015802  0.918406
17.31533241	610	-0.057460 -0.015083  0.912421
17.32052040	607	-0.058179 -0.011971  0.921998
17.32571220	607	-0.057939 -0.013168  0.931814
17.33091163	606	-0.062009 -0.016280  0.937560
17.33610725	606	-0.063925 -0.008380  0.949291
17.34131240	606	-0.066798 -0.012929  0.951686
17.34652328	604	-0.065122 -0.011253  0.959826
17.35173225	604	-0.073980 -0.012210  0.959586
17.35693931	603	-0.064643 -0.004070  0.959107
17.36213684	599	-0.062727 -0.006225  0.973712
17.36734008	597	-0.068234 -0.005267  0.973712
17.37253952	596	-0.064643 0.000479  0.987119
17.37768745	596	-0.070389 0.001676  0.993105
17.38282394	595	-0.068952 -0.006464  0.987838
17.38802337	593	-0.073262 -0.008380  0.998851
17.39322471	591	-0.069192 -0.005028  1.007949
17.39842414	589	-0.070628 -0.000718  1.011779
17.40362739	590	-0.068473 0.001197  1.025905
17.40878486	590	-0.068713 -0.011253  1.031890
17.41398429	587	-0.063206 -0.011971  1.033566
17.41920089	589	-0.067037 -0.006225  1.037876
17.42439651	587	-0.062249 -0.006704  1.043861
17.42960739	586	-0.058179 -0.011013  1.055832
17.43481254	586	-0.059136 -0.005028  1.061339
17.44001197	582	-0.055066 -0.004788  1.067803
17.44521141	582	-0.058897 -0.013886  1.080253
17.45041275	580	-0.053869 -0.008858  1.095815
17.45560836	578	-0.047884 -0.007661  1.089830
17.46080780	574	-0.049799 -0.006464  1.107786
17.46600723	574	-0.051954 -0.011731  1.115208
17.47120857	575	-0.053390 -0.008380  1.128376
17.47641563	572	-0.047405 -0.012689  1.131009
17.48162078	570	-0.050038 -0.009816  1.127658
17.48682403	567	-0.041419 -0.005507  1.148726
17.49202728	564	-0.042377 -0.015323  1.151121
17.49724388	565	-0.043335 -0.011971  1.163331
17.50243949	559	-0.046447 -0.012450  1.165964
17.50764465	559	-0.050278 -0.008380  1.171710
17.51284027	557	-0.052672 -0.009098  1.176259
17.51803970	552	-0.050757 -0.004788  1.196370
17.52323532	551	-0.056503 -0.000479  1.192540
17.52843284	549	-0.054827 -0.010534  1.204271
17.53362464	548	-0.057700 0.002873  1.205468
17.53877639	547	-0.058179 0.000479  1.223904
17.54393577	543	-0.062967 0.003352  1.227016
17.54909515	541	-0.057221 0.001437  1.240423
17.55426788	539	-0.057939 0.004549  1.248803
17.55944442	538	-0.065840 0.010295  1.248803
17.56461524	537	-0.069910 0.005507  1.247606
17.56977653	534	-0.064643 0.008140  1.259577
17.57492828	531	-0.069671 0.013407  1.271787
17.58009529	528	-0.065361 0.011971  1.283519
17.58526420	525	-0.067516 0.006464  1.272505
17.59042358	524	-0.061291 0.007422  1.281843
##inga 
#ido(sec)  szog(ADC)     ax(g)    ay(g)   az(g)
17.59610366	519	-0.063446 0.012210  1.291898
17.60138320	520	-0.066079 0.013647  1.290222
17.60665512	516	-0.063925 0.002394  1.298841
17.61192321	511	-0.062249 0.015562  1.304108
17.61708068	507	-0.067755 0.006943  1.314403
17.62223243	506	-0.061291 0.014365  1.317995
17.62738800	503	-0.058897 0.011731  1.314643
17.63253593	503	-0.058418 0.010295  1.319910
17.63768386	501	-0.052432 0.008858  1.320628
17.64284324	500	-0.056503 0.008858  1.323980
17.64799118	496	-0.055545 0.005985  1.317276
17.65314865	494	-0.047405 0.012450  1.327571
17.65829277	491	-0.050278 0.008619  1.332360
17.66343688	488	-0.050278 0.013647  1.340500
17.66856765	486	-0.040701 0.007661  1.333078
17.67372322	481	-0.045729 0.016041  1.349119
17.67888450	478	-0.042616 0.010534  1.336669
17.68404006	476	-0.046926 0.006464  1.334993
17.68919181	473	-0.047884 0.009337  1.336190
17.69435119	472	-0.042856 0.009337  1.335712
17.69949913	468	-0.038307 0.016999  1.338585
17.70464324	466	-0.045250 0.010295  1.336909
17.70980453	463	-0.044053 0.016520  1.339782
17.71496009	461	-0.044532 0.011013  1.340739
17.72013282	458	-0.041659 0.005746  1.335712
17.72529602	455	-0.039743 0.012689  1.329726
17.73046493	451	-0.031124 0.009098  1.331163
17.73562812	450	-0.039743 0.016999  1.327811
17.74079513	449	-0.040701 0.017477  1.318952
17.74597167	448	-0.033758 0.019393  1.328768
17.75112724	445	-0.039504 0.018196  1.322304
17.75628852	442	-0.038067 0.021787  1.314403
17.76144027	438	-0.046686 0.021548  1.303630
17.76658439	437	-0.045489 0.014126  1.303390
17.77173233	435	-0.043095 0.022026  1.304827
17.77688026	433	-0.041419 0.026575  1.298362
17.78203582	431	-0.045011 0.022745  1.288067
17.78717994	426	-0.043095 0.021787  1.291898
17.79233551	426	-0.049081 0.027054  1.289504
17.79747962	422	-0.048362 0.030406  1.278012
17.80263519	420	-0.057221 0.028730  1.277054
17.80778312	418	-0.055066 0.030645  1.254310
17.81292343	417	-0.056263 0.037589  1.261492
17.81807518	413	-0.054587 0.035434  1.247606
17.82322883	411	-0.054827 0.036391  1.246169
17.82838821	410	-0.046447 0.028251  1.235156
17.83353996	407	-0.050757 0.034237  1.237071
17.83868789	407	-0.051714 0.030645  1.228931
17.84384346	404	-0.057700 0.032800  1.218636
17.84897613	401	-0.054348 0.031364  1.208581
17.85413169	401	-0.054108 0.033279  1.202356
17.85929107	401	-0.053869 0.034955  1.204032
17.86444854	398	-0.049559 0.031124  1.181287
17.86960792	394	-0.051235 0.024660  1.169795
17.87476730	393	-0.038546 0.035913  1.177935
17.87993240	391	-0.045250 0.033758  1.170274
17.88510322	388	-0.038786 0.033518  1.155430
17.89026451	386	-0.038786 0.030645  1.153754
17.89542770	383	-0.035673 0.029927  1.146093
17.90059661	381	-0.040462 0.033758  1.132207
17.90576744	381	-0.038786 0.033997  1.127897
17.91093254	380	-0.028491 0.027772  1.116405
17.91608810	378	-0.030645 0.027054  1.100603
17.92124366	375	-0.028491 0.027533  1.103716
17.92639923	373	-0.029209 0.028012  1.095815
17.93154716	371	-0.031603 0.023463  1.085041
17.93669509	369	-0.025618 0.025857  1.080971
17.94185638	368	-0.025378 0.027054  1.073070
17.94700431	367	-0.021308 0.028251  1.054396
17.95215606	363	-0.022745 0.027772  1.055353
17.95730781	364	-0.015323 0.033040  1.043143
17.96245193	362	-0.022984 0.026815  1.033088
17.96761512	360	-0.028730 0.026575  1.030454
17.97277641	357	-0.019632 0.025378  1.027581
17.97793197	358	-0.022026 0.030406  1.009146
17.98307609	357	-0.031843 0.032321  1.007949
17.98823165	355	-0.024660 0.023224  1.003639
17.99339675	352	-0.022745 0.034955  0.991189
17.99855613	351	-0.027054 0.033040  0.983289
18.00371551	353	-0.029688 0.033518  0.989035
18.00887107	352	-0.033518 0.034476  0.972994
18.01403999	350	-0.031364 0.039743  0.960305
18.01919937	348	-0.036631 0.038307  0.956713
18.02435684	348	-0.032800 0.039504  0.963178
18.02951622	347	-0.041898 0.039743  0.943545
18.03468322	346	-0.038307 0.042377  0.940193
18.03984832	345	-0.045489 0.041659  0.937081
18.04500007	344	-0.036631 0.044292  0.944264
18.05015945	343	-0.049559 0.037110  0.931335
18.05530357	340	-0.049081 0.045729  0.919604
18.06046867	342	-0.050038 0.046208  0.917688
18.06561660	342	-0.043095 0.050757  0.913139
18.07077217	341	-0.041659 0.043813  0.908590
18.07592391	338	-0.053151 0.046686  0.904520
18.08107185	340	-0.046686 0.041180  0.900689
18.08621215	338	-0.040701 0.046447  0.900929
18.09136009	340	-0.045250 0.041898  0.894944
18.09650802	338	-0.037828 0.036152  0.896859
18.10165214	338	-0.040222 0.046208  0.892070
18.10680389	338	-0.038307 0.047405  0.886803
18.11195182	338	-0.035673 0.042856  0.881776
##inga 
#ido(sec)  szog(ADC)     ax(g)    ay(g)   az(g)
18.11763572	338	-0.033997 0.044053  0.880100
18.12290382	338	-0.030885 0.033518  0.882494
18.12817573	337	-0.031603 0.044053  0.884409
18.13343620	338	-0.024421 0.036631  0.883451
18.13857650	336	-0.020829 0.031603  0.892070
18.14372062	338	-0.022745 0.028730  0.885127
18.14886856	338	-0.014844 0.033758  0.890155
18.15401268	337	-0.021787 0.031124  0.881057
18.15916442	335	-0.023224 0.035434  0.883212
18.16431236	338	-0.014844 0.027772  0.890634
18.16946792	338	-0.013168 0.026575  0.890155
18.17461204	337	-0.019872 0.026575  0.885367
18.17976379	340	-0.017238 0.029448  0.885127
18.18491935	339	-0.012929 0.025618  0.888000
18.19008445	340	-0.018914 0.028491  0.889437
18.19524002	340	-0.017238 0.029448  0.897817
18.20041656	338	-0.018675 0.026815  0.905239
18.20558738	338	-0.022505 0.018914  0.900450
18.21075248	339	-0.022026 0.029688  0.890873
18.21590805	342	-0.026336 0.031124  0.902605
18.22106742	343	-0.023224 0.030406  0.906436
18.22623252	344	-0.040940 0.038307  0.911463
18.23138046	345	-0.034476 0.033997  0.928701
18.23654365	346	-0.034955 0.037589  0.919604
18.24169540	347	-0.033279 0.038067  0.934447
18.24686050	347	-0.038546 0.033040  0.939954
18.25200462	347	-0.041898 0.035913  0.934926
18.25715255	349	-0.044053 0.039743  0.948334
18.26229667	349	-0.042377 0.044771  0.950010
18.26745223	348	-0.045489 0.040222  0.953122
18.27260780	351	-0.048841 0.040462  0.953840
18.27775573	353	-0.047884 0.042856  0.968924
18.28289985	353	-0.046447 0.042856  0.971557
18.28804397	355	-0.049559 0.034237  0.984725
18.29319572	357	-0.049799 0.042377  0.995260
18.29834365	358	-0.047405 0.039265  0.996935
18.30349922	358	-0.049559 0.040462  1.003160
18.30864334	359	-0.048602 0.034237  1.010343
18.31379127	360	-0.043574 0.028251  1.012498
18.31893539	361	-0.045250 0.030885  1.016807
18.32409286	362	-0.042616 0.037828  1.027102
18.32923507	364	-0.042377 0.035194  1.038594
18.33437919	367	-0.039504 0.033997  1.045777
18.33954811	368	-0.038546 0.030645  1.053678
18.34472084	369	-0.039504 0.026336  1.050326
18.34989547	371	-0.033997 0.026815  1.063733
18.35506057	372	-0.036631 0.033758  1.073310
18.36022758	375	-0.034237 0.028730  1.086717
18.36539649	375	-0.027533 0.023224  1.088872
18.37055969	378	-0.029927 0.029209  1.095097
18.37571907	380	-0.029927 0.027294  1.111138
18.38088417	382	-0.029209 0.021548  1.128855
18.38606071	382	-0.035673 0.015802  1.125263
18.39122009	387	-0.025378 0.019632  1.130770
18.39637184	387	-0.030406 0.020351  1.131967
18.40152359	388	-0.032321 0.021787  1.149205
18.40666770	393	-0.026575 0.018435  1.154712
18.41181564	393	-0.023942 0.015562  1.161894
18.41696739	393	-0.022266 0.010774  1.170513
18.42212486	398	-0.027294 0.021069  1.181287
18.42727279	398	-0.030645 0.016759  1.186554
18.43242835	401	-0.025139 0.017956  1.190146
18.43757629	405	-0.028251 0.009577  1.198286
18.44273185	407	-0.032082 0.018196  1.209060
18.44788360	408	-0.038786 0.023463  1.220073
18.45302391	407	-0.040940 0.014844  1.223904
18.45817565	411	-0.042138 0.015802  1.228213
18.46333122	413	-0.050278 0.020111  1.236832
18.46848487	415	-0.044532 0.023942  1.241142
18.47363662	417	-0.053151 0.023463  1.246888
18.47878837	418	-0.047884 0.017956  1.253112
18.48394775	421	-0.059136 0.024899  1.261253
18.48911666	422	-0.055784 0.028730  1.266999
18.49427986	426	-0.059615 0.028970  1.277773
18.49944305	426	-0.061530 0.022505  1.279688
18.50460433	429	-0.059136 0.020351  1.284716
18.50977134	432	-0.062009 0.021548  1.284955
18.51493263	433	-0.059854 0.028970  1.296208
18.52008819	436	-0.062727 0.021548  1.289743
18.52524757	439	-0.068473 0.025139  1.292138
18.53041648	443	-0.062967 0.020590  1.306742
18.53557586	447	-0.065840 0.028251  1.306981
18.54073905	446	-0.061530 0.022026  1.314882
18.54590034	450	-0.064403 0.015562  1.321107
18.55105209	451	-0.062727 0.022745  1.326374
18.55620002	452	-0.070389 0.023702  1.320868
18.56134414	454	-0.056024 0.022745  1.325656
18.56649589	456	-0.060812 0.015562  1.322544
18.57163238	458	-0.057939 0.011492  1.322783
18.57677268	462	-0.057221 0.014844  1.330444
18.58193206	464	-0.051235 0.015562  1.333078
18.58708381	467	-0.051235 0.005985  1.328290
18.59222030	470	-0.052911 -0.000239  1.335472
18.59741592	470	-0.046926 0.001437  1.331402
18.60257148	475	-0.043335 0.004788  1.333078
18.60772705	475	-0.043335 0.005746  1.328768
18.61288452	480	-0.034955 -0.000718  1.343373
18.61808013	483	-0.040462 0.000239  1.338106
18.62322425	486	-0.037828 -0.007422  1.316558
18.62844085	490	-0.034716 -0.005507  1.323980
18.63363265	492	-0.043095 -0.005028  1.328050
##inga 
#ido(sec)  szog(ADC)     ax(g)    ay(g)   az(g)
18.63937950	493	-0.044053 -0.005985  1.328529
18.64464759	497	-0.033040 -0.005267  1.315840
18.64992332	501	-0.043813 -0.006225  1.318474
18.65521621	502	-0.044771 -0.004788  1.320628
18.66041564	504	-0.041419 -0.001915  1.313446
18.66562080	505	-0.050757 -0.006704  1.314164
18.67082023	505	-0.045968 -0.005985  1.307939
18.67601966	510	-0.056742 -0.000479  1.303390
18.68121528	514	-0.055784 -0.003112  1.296926
18.68641281	518	-0.059615 -0.003591  1.288067
18.69161224	517	-0.060812 -0.002155  1.295011
18.69681549	524	-0.067755 0.001915  1.281364
18.70196723	525	-0.060573 0.004549  1.281364
18.70712471	527	-0.063206 0.005028  1.271787
18.71227264	527	-0.069671 0.006704  1.262210
18.71743202	529	-0.068713 0.006225  1.263647
18.72259521	534	-0.073741 0.001676  1.251197
18.72776412	537	-0.071825 0.002634  1.244972
18.73292732	535	-0.067995 -0.001437  1.238747
18.73813629	539	-0.072065 0.000958  1.233959
18.74328804	542	-0.070868 0.003352  1.230847
18.74846458	542	-0.073262 0.007422  1.217918
18.75361633	546	-0.069671 -0.001915  1.211693
18.75882339	549	-0.075895 -0.002155  1.208102
18.76401519	549	-0.075895 0.001437  1.198046
18.76917266	549	-0.078290 -0.002873  1.182724
18.77436828	552	-0.075177 0.003112  1.192779
18.77952384	554	-0.072544 -0.009577  1.177935
18.78471946	557	-0.073262 -0.002634  1.173386
18.78991508	559	-0.068713 -0.006464  1.164049
18.79511260	561	-0.066319 -0.005985  1.151360
18.80031204	565	-0.064882 -0.011013  1.153993
18.80550765	565	-0.063925 -0.005028  1.140825
18.81071281	569	-0.067037 -0.013168  1.128136
18.81591606	570	-0.054348 -0.013168  1.129094
18.82111930	573	-0.059615 -0.007901  1.124785
18.82632446	574	-0.057700 -0.020111  1.094857
18.83153915	575	-0.051714 -0.016520  1.099406
18.83673667	577	-0.051475 -0.021787  1.094378
18.84193229	578	-0.053390 -0.022505  1.086717
18.84713172	579	-0.051714 -0.020111  1.082886
18.85232734	582	-0.050996 -0.022026  1.069240
18.85752487	584	-0.034237 -0.024899  1.069718
18.86272430	584	-0.045250 -0.027294  1.053438
18.86791992	584	-0.040940 -0.025378  1.042425
18.87311935	587	-0.042616 -0.022026  1.040031
18.87832832	586	-0.045011 -0.025378  1.035242
18.88353919	589	-0.050278 -0.025378  1.025187
18.88874816	590	-0.050517 -0.022505  1.018723
18.89396858	590	-0.052911 -0.024899  1.016568
18.89917182	592	-0.050278 -0.022505  1.004118
18.90436363	591	-0.054108 -0.023702  0.996696
18.90956306	593	-0.054348 -0.022266  0.995738
18.91476058	594	-0.057221 -0.014365  0.989514
18.91996383	595	-0.058657 -0.018675  0.982570
18.92516326	595	-0.059854 -0.014604  0.978022
18.93036079	597	-0.067755 -0.013407  0.956474
18.93556022	601	-0.076135 -0.016041  0.965572
18.94076347	602	-0.069671 -0.012929  0.949531
18.94596862	602	-0.074459 -0.014126  0.954080
18.95116806	601	-0.072065 -0.009098  0.943785
18.95637130	602	-0.077093 -0.004310  0.940433
18.96158409	603	-0.074938 -0.010295  0.937081
18.96678352	606	-0.077093 -0.004788  0.940193
18.97198486	607	-0.080205 -0.007183  0.931096
18.97718429	606	-0.080923 -0.010295  0.922955
18.98238372	606	-0.084514 -0.009816  0.926547
18.98758316	608	-0.079726 -0.011253  0.916252
18.99278450	609	-0.079726 -0.007901  0.914336
18.99797630	609	-0.075177 -0.009577  0.911942
19.00319290	609	-0.080444 -0.010774  0.910745
19.00838470	610	-0.075895 -0.009098  0.911463
19.01358413	610	-0.069192 -0.014126  0.907633
19.01879119	611	-0.064403 -0.017477  0.912660
19.02400016	610	-0.065600 -0.016520  0.898295
19.02919197	610	-0.067516 -0.017717  0.917928
19.03438758	611	-0.063446 -0.023463  0.903084
19.03959655	611	-0.065122 -0.021069  0.909548
19.04479598	611	-0.051954 -0.034716  0.904041
19.04999542	609	-0.059136 -0.026815  0.898295
19.05519676	611	-0.055545 -0.021069  0.897577
19.06039619	611	-0.050996 -0.026815  0.899253
19.06559562	609	-0.052432 -0.028012  0.898535
19.07080841	609	-0.051235 -0.026097  0.902126
19.07601165	609	-0.043335 -0.026815  0.904281
19.08122062	611	-0.044532 -0.025139  0.908351
19.08642768	611	-0.044053 -0.025857  0.909069
19.09164428	610	-0.045011 -0.024899  0.913379
19.09684371	609	-0.046686 -0.023463  0.910266
19.10203552	609	-0.045011 -0.025618  0.914576
19.10723686	609	-0.046926 -0.020111  0.914815
19.11243629	605	-0.048602 -0.015802  0.923913
19.11763191	607	-0.047165 -0.021787  0.929899
19.12283515	604	-0.052193 -0.018196  0.923195
19.12804031	605	-0.052432 -0.015083  0.933729
19.13324737	604	-0.055306 -0.010534  0.932772
19.13844871	604	-0.058179 -0.018675  0.944503
19.14365196	601	-0.061052 -0.011731  0.948334
19.14885520	601	-0.058657 -0.009816  0.957431
19.15406417	601	-0.061530 -0.005746  0.948334
19.15926742	597	-0.062009 -0.008380  0.967487
##inga 
#ido(sec)  szog(ADC)     ax(g)    ay(g)   az(g)
19.16500473	598	-0.064403 -0.003352  0.965811
19.17027664	594	-0.063925 -0.007183  0.967966
19.17555236	595	-0.072304 -0.005985  0.976346
19.18082046	592	-0.069431 -0.002155  0.986401
19.18602371	591	-0.073022 -0.003112  0.996457
19.19122886	590	-0.076374 -0.003591  1.001245
19.19642448	591	-0.075656 -0.007661  0.993584
19.20161628	589	-0.073501 -0.001437  1.007949
19.20681953	590	-0.073022 -0.000479  1.011779
19.21201515	589	-0.072783 0.004070  1.027820
19.21716880	588	-0.067516 -0.005267  1.028060
19.22237205	585	-0.068234 -0.003591  1.035003
19.22756767	586	-0.070868 -0.004070  1.044340
19.23276710	586	-0.065122 0.000239  1.050565
19.23792839	584	-0.063685 -0.002394  1.060860
19.24314308	582	-0.063925 -0.010295  1.062775
19.24833679	577	-0.065840 -0.003591  1.067085
19.25353622	579	-0.057460 -0.004070  1.084323
19.25873947	577	-0.057221 -0.004070  1.089111
19.26393508	576	-0.056742 0.000000  1.090787
19.26905250	574	-0.055784 -0.006704  1.107068
19.27424812	571	-0.052911 -0.007901  1.106349
19.27944755	571	-0.046686 -0.014604  1.118560
19.28464317	569	-0.041180 -0.005985  1.126461
19.28984069	568	-0.041180 -0.009816  1.129333
19.29504394	566	-0.045250 -0.012929  1.144656
19.30023956	561	-0.045968 -0.013168  1.145853
19.30544090	561	-0.040701 -0.011971  1.153275
19.31064414	557	-0.043095 -0.009098  1.162852
19.31585121	556	-0.039025 -0.014365  1.165486
19.32105636	552	-0.038546 -0.009337  1.182724
19.32624816	551	-0.043095 -0.010774  1.183442
19.33144760	549	-0.043813 -0.008858  1.195173
19.33664894	549	-0.041659 -0.003112  1.196849
19.34184074	547	-0.044292 -0.008619  1.202835
19.34704017	541	-0.049799 -0.004788  1.212172
19.35223579	541	-0.050517 -0.006704  1.226058
19.35743141	539	-0.049081 -0.004070  1.224143
19.36264801	535	-0.049559 -0.004310  1.241620
19.36784744	536	-0.055545 -0.004310  1.234917
19.37305259	534	-0.056742 0.001437  1.258380
19.37822341	531	-0.053869 0.005507  1.252394
19.38338470	527	-0.064164 0.009098  1.259098
19.38855171	525	-0.067755 0.005985  1.256704
19.39370346	525	-0.065361 0.009577  1.270351
19.39885139	522	-0.065361 0.012689  1.284237
19.40400886	519	-0.069431 0.014844  1.284237
19.40916824	518	-0.073741 0.018435  1.280167
19.41432380	514	-0.074698 0.021308  1.290701
19.41947174	511	-0.078529 0.018435  1.296208
19.42461204	508	-0.073262 0.015083  1.292377
19.42977142	504	-0.069671 0.020111  1.291898
19.43492889	503	-0.068713 0.015323  1.301714
19.44008827	502	-0.071346 0.018675  1.309376
19.44525146	500	-0.071107 0.016759  1.307700
19.45039558	496	-0.066798 0.015802  1.317276
19.45554351	494	-0.061530 0.019393  1.319671
19.46069908	493	-0.060573 0.017477  1.312488
19.46584892	489	-0.059854 0.014844  1.310573
19.47100067	486	-0.057221 0.010295  1.322783
19.47615242	482	-0.050278 0.010534  1.310333
19.48130798	481	-0.049320 0.018435  1.315840
19.48645973	475	-0.046686 0.005267  1.325417
19.49161529	473	-0.043095 0.010295  1.315600
19.49678421	473	-0.040462 0.016041  1.326374
19.50194358	470	-0.042377 0.006464  1.334275
19.50710487	469	-0.037349 0.009337  1.313446
19.51226425	464	-0.038067 0.010295  1.317516
19.51741981	463	-0.038067 0.005746  1.318713
19.52258872	461	-0.033997 0.005028  1.331642
19.52774429	456	-0.034237 0.015323  1.314882
19.53290748	455	-0.033040 0.009098  1.317516
19.53805160	453	-0.032800 0.005985  1.312488
19.54319572	450	-0.026336 0.013886  1.313446
19.54835128	449	-0.036152 0.004070  1.317755
19.55349540	446	-0.033279 0.008858  1.307939
19.55863952	448	-0.034476 0.011971  1.298362
19.56380081	445	-0.035194 0.011013  1.299320
19.56895637	441	-0.030885 0.014365  1.284476
19.57411193	438	-0.033279 0.019393  1.294532
19.57925987	434	-0.042377 0.024660  1.281843
19.58440399	431	-0.039025 0.018675  1.284716
19.58955574	431	-0.044053 0.015802  1.278012
19.59471130	427	-0.044053 0.014604  1.275139
19.59985923	427	-0.058657 0.027054  1.274421
19.60500717	424	-0.051475 0.033758  1.264365
19.61015129	423	-0.048362 0.031124  1.257901
19.61529541	421	-0.053151 0.026097  1.260056
19.62046051	417	-0.053630 0.032321  1.250000
19.62560462	416	-0.057221 0.031124  1.247845
19.63076400	411	-0.057939 0.034476  1.233720
19.63591957	410	-0.058179 0.034955  1.233241
19.64108085	407	-0.064882 0.032082  1.229171
19.64624404	407	-0.056503 0.040940  1.213369
19.65140724	407	-0.055066 0.039025  1.202835
19.65657615	404	-0.060812 0.033279  1.202835
19.66174888	402	-0.052193 0.028491  1.199722
19.66691589	401	-0.063206 0.041180  1.181766
19.67207527	400	-0.060094 0.042377  1.178654
19.67724418	396	-0.053390 0.033279  1.175541
19.68240737	394	-0.059376 0.034955  1.162613
##inga 
#ido(sec)  szog(ADC)     ax(g)    ay(g)   az(g)
19.68810844	391	-0.048123 0.033997  1.156867
19.69339179	387	-0.042377 0.036391  1.150163
19.69869232	387	-0.047405 0.030885  1.142501
19.70395278	386	-0.040940 0.029448  1.142262
19.70911598	382	-0.038786 0.029927  1.131009
19.71426010	383	-0.038307 0.033040  1.117602
19.71941947	381	-0.033279 0.030885  1.116644
19.72455978	380	-0.028970 0.029209  1.104673
19.72971534	377	-0.028012 0.023224  1.090308
19.73488044	375	-0.026336 0.020590  1.091266
19.74003601	373	-0.028012 0.020829  1.085281
19.74519538	370	-0.019872 0.018675  1.078816
19.75034332	368	-0.014365 0.022266  1.069479
19.75549507	366	-0.014844 0.022026  1.058945
19.76065254	364	-0.015802 0.022505  1.053438
19.76581192	366	-0.017238 0.023702  1.044819
19.77096748	365	-0.010774 0.023942  1.039073
19.77612876	363	-0.013647 0.018675  1.021595
19.78127288	360	-0.016759 0.027294  1.029017
19.78642845	358	-0.016280 0.026097  1.011779
19.79159545	360	-0.017238 0.019153  1.011540
19.79675674	357	-0.017238 0.023942  1.000287
19.80192756	355	-0.016759 0.028251  0.995020
19.80709266	356	-0.026336 0.030885  0.989992
19.81225585	354	-0.025618 0.032082  0.973951
19.81741905	354	-0.028491 0.031603  0.979937
19.82258415	353	-0.024421 0.034237  0.967008
19.82775115	351	-0.032800 0.033279  0.966529
19.83291244	349	-0.034716 0.034476  0.951207
19.83808326	350	-0.040462 0.040222  0.941151
19.84323120	348	-0.047644 0.039743  0.949770
19.84837913	347	-0.045968 0.048602  0.944742
19.85352706	346	-0.050517 0.049559  0.942109
19.85867118	346	-0.046447 0.052672  0.929899
19.86381530	345	-0.049559 0.048123  0.933011
19.86895942	345	-0.057460 0.050517  0.921998
19.87410354	342	-0.052432 0.050996  0.910266
19.87924766	341	-0.053151 0.051235  0.907393
19.88439178	343	-0.056742 0.050517  0.915055
19.88953590	342	-0.051235 0.054348  0.913379
19.89469146	341	-0.056981 0.047884  0.906196
19.89984321	343	-0.049559 0.047884  0.897577
19.90499114	342	-0.048123 0.050996  0.898056
19.91014862	341	-0.044532 0.046686  0.899253
19.91529273	339	-0.049320 0.053869  0.898774
19.92044067	341	-0.047405 0.041659  0.891113
19.92560005	340	-0.044053 0.040940  0.888240
19.93073272	339	-0.038546 0.040940  0.893028
19.93587684	339	-0.032800 0.039504  0.895901
19.94101524	338	-0.025378 0.032321  0.885367
19.94617271	337	-0.025857 0.037349  0.891352
19.95132446	340	-0.023942 0.027294  0.884649
19.95649147	339	-0.018196 0.033758  0.887282
19.96164894	339	-0.012689 0.030645  0.894704
19.96681213	340	-0.013647 0.024421  0.879381
19.97197532	340	-0.013168 0.022266  0.887043
19.97713661	339	-0.007661 0.019153  0.895422
19.98229598	338	-0.011013 0.024660  0.892070
19.98744392	342	-0.008619 0.021548  0.891831
19.99260330	342	-0.007661 0.022505  0.902605
19.99777221	344	-0.010056 0.019153  0.892310
20.00292396	342	-0.007661 0.015323  0.898295
20.00807952	343	-0.010534 0.027772  0.899014
20.01323127	345	-0.009816 0.023942  0.904281
20.01838874	344	-0.015562 0.026336  0.903084
20.02353668	346	-0.020590 0.021308  0.910745
20.02869224	345	-0.018914 0.026575  0.918406
20.03384399	348	-0.025378 0.023224  0.918167
20.03899192	348	-0.034955 0.028730  0.926547
20.04413223	347	-0.033040 0.030406  0.938757
20.04928016	349	-0.036631 0.033040  0.943066
20.05442047	349	-0.044053 0.035673  0.939236
20.05956459	350	-0.046926 0.032800  0.939715
20.06470870	350	-0.042616 0.036631  0.947376
20.06985282	352	-0.047165 0.044292  0.948573
20.07500076	354	-0.049320 0.045489  0.955277
20.08013916	356	-0.058897 0.042138  0.967966
20.08528709	355	-0.054827 0.042377  0.975388
20.09043121	357	-0.051235 0.040701  0.971078
20.09557533	356	-0.059854 0.040462  0.985922
20.10071945	358	-0.060812 0.045729  0.993105
20.10585975	359	-0.060812 0.040222  1.003160
20.11100387	359	-0.060094 0.047644  1.008188
20.11615180	361	-0.056263 0.043574  1.010822
20.12130737	362	-0.057221 0.040940  1.021835
20.12646484	363	-0.055306 0.038546  1.020877
20.13162422	365	-0.054348 0.033758  1.035242
20.13678359	368	-0.054348 0.036391  1.038115
20.14194869	370	-0.045968 0.040222  1.053199
20.14711570	370	-0.045729 0.033040  1.049368
20.15227508	371	-0.046926 0.026097  1.055832
20.15744400	374	-0.045250 0.031843  1.067803
20.16261291	377	-0.043095 0.032321  1.077380
20.16777229	378	-0.035434 0.033758  1.091745
20.17294311	380	-0.035673 0.025857  1.086238
20.17810058	382	-0.033758 0.026575  1.107307
20.18324851	383	-0.034237 0.026575  1.107068
20.18840408	384	-0.028251 0.022745  1.114968
20.19355964	388	-0.031364 0.016999  1.114250
20.19870758	389	-0.024421 0.019153  1.135558
20.20385551	391	-0.023942 0.008140  1.125024
##inga 
#ido(sec)  szog(ADC)     ax(g)    ay(g)   az(g)
20.20953941	393	-0.018435 0.013647  1.148487
20.21482086	394	-0.010774 0.012929  1.148726
20.22011947	397	-0.012689 0.008380  1.162373
20.22538757	399	-0.004310 0.007183  1.168837
20.23054885	401	-0.014365 0.011013  1.180808
20.23569679	403	-0.017477 0.000239  1.179372
20.24083518	406	-0.014365 0.010534  1.183202
20.24598312	407	-0.022984 0.005746  1.200201
20.25112342	408	-0.024660 0.013886  1.203314
20.25628471	409	-0.019393 0.013407  1.210496
20.26144409	410	-0.035194 0.016041  1.217439
20.26659202	412	-0.031603 0.016759  1.225340
20.27173995	416	-0.039743 0.022745  1.228213
20.27688789	416	-0.041898 0.022745  1.236114
20.28203201	418	-0.050757 0.018914  1.235156
20.28719520	421	-0.050996 0.022266  1.251676
20.29235267	425	-0.061291 0.023942  1.253352
20.29752349	426	-0.069671 0.029209  1.247606
20.30269241	425	-0.060333 0.024899  1.263407
20.30785942	429	-0.061530 0.031364  1.266520
20.31302452	431	-0.070389 0.031843  1.279209
20.31819534	433	-0.068713 0.029448  1.275139
20.32335281	436	-0.077811 0.035913  1.280167
20.32853126	436	-0.075177 0.030645  1.281843
20.33369636	443	-0.078290 0.028970  1.285434
20.33884429	446	-0.073262 0.029448  1.285913
20.34399986	448	-0.076614 0.034237  1.293335
20.34916305	449	-0.074219 0.022745  1.304827
20.35431289	451	-0.074459 0.020111  1.298362
20.35947227	454	-0.072544 0.023702  1.302672
20.36462783	454	-0.071107 0.024421  1.306503
20.36977958	454	-0.063925 0.021308  1.308418
20.37492752	458	-0.058897 0.015562  1.307700
20.38007164	461	-0.056503 0.010295  1.309854
20.38521575	463	-0.054827 0.008619  1.318713
20.39035987	466	-0.055784 0.009816  1.320149
20.39550399	466	-0.052672 0.007183  1.317995
20.40066719	472	-0.048602 -0.001197  1.309136
20.40586471	474	-0.048602 0.002394  1.314882
20.41101646	476	-0.033758 -0.001437  1.316798
20.41620826	478	-0.041659 -0.003352  1.313446
20.42141532	481	-0.031603 -0.011731  1.311530
20.42661666	484	-0.029688 -0.006225  1.318474
20.43182373	487	-0.031843 -0.007901  1.317755
20.43702888	490	-0.032800 -0.004549  1.319671
20.44223976	490	-0.035434 -0.005985  1.310573
20.44744873	495	-0.028970 -0.011013  1.309376
20.45264434	497	-0.030406 -0.016520  1.310094
20.45783996	500	-0.033758 -0.010295  1.295968
20.46303939	503	-0.029209 -0.009337  1.304827
20.46824073	505	-0.032561 -0.016520  1.301714
20.47343254	503	-0.037349 -0.011013  1.294771
20.47862434	507	-0.042138 -0.004788  1.282082
20.48382377	509	-0.047405 -0.008858  1.287110
20.48902893	515	-0.049320 -0.012689  1.290940
20.49423217	517	-0.049081 -0.012210  1.281843
20.49944305	519	-0.053869 0.001676  1.266280
20.50460815	522	-0.060573 0.000718  1.261731
20.50975990	525	-0.061530 0.002634  1.265323
20.51491928	526	-0.066079 -0.000718  1.255267
20.52012443	529	-0.070628 0.000479  1.249282
20.52527236	531	-0.066798 0.013168  1.249521
20.53042793	532	-0.067755 0.005267  1.249521
20.53557968	533	-0.070149 0.011013  1.230368
20.54072380	535	-0.083078 0.011013  1.233001
20.54586410	539	-0.083317 0.005028  1.223425
20.55100822	541	-0.086430 0.012450  1.221509
20.55615234	542	-0.089063 0.011971  1.220791
20.56130790	543	-0.090260 0.013647  1.199722
20.56645965	546	-0.089303 0.006464  1.197568
20.57160758	549	-0.089782 0.011971  1.198525
20.57675933	549	-0.086669 0.012450  1.187512
20.58190345	552	-0.091458 0.001676  1.173626
20.58705520	553	-0.084275 0.003591  1.165246
20.59219169	558	-0.084514 0.002394  1.165725
20.59733581	560	-0.075417 0.006225  1.150163
20.60249137	561	-0.078050 -0.004549  1.138192
20.60768890	563	-0.073501 -0.002634  1.137474
20.61289596	565	-0.067276 -0.009577  1.133164
20.61809921	568	-0.066319 -0.009577  1.125982
20.62330818	568	-0.061770 -0.017956  1.117841
20.62852478	568	-0.052432 -0.018675  1.114968
20.63373565	573	-0.047884 -0.022505  1.112095
20.63894081	573	-0.044771 -0.024421  1.096054
20.64414024	575	-0.041180 -0.024421  1.091506
20.64933586	575	-0.035673 -0.026575  1.087435
20.65453529	578	-0.025618 -0.032082  1.073549
20.65974044	580	-0.029927 -0.031843  1.067324
20.66494369	580	-0.029448 -0.035194  1.054156
20.67014884	583	-0.027054 -0.033997  1.055114
20.67534828	584	-0.033040 -0.038307  1.044580
20.68055534	584	-0.030885 -0.036631  1.038594
20.68576049	587	-0.035673 -0.028970  1.034763
20.69097518	585	-0.034237 -0.038307  1.031172
20.69619178	587	-0.034955 -0.034237  1.011061
20.70139122	590	-0.038546 -0.031364  1.009625
20.70660400	590	-0.047884 -0.023463  1.003879
20.71179962	589	-0.047884 -0.021069  0.994781
20.71699905	589	-0.048123 -0.017477  0.998851
20.72220420	590	-0.055306 -0.021308  0.988077
20.72740364	592	-0.059615 -0.017477  0.972994
##inga 
#ido(sec)  szog(ADC)     ax(g)    ay(g)   az(g)
20.73314094	594	-0.066319 -0.014126  0.974670
20.73841667	593	-0.074219 -0.014365  0.961981
20.74372863	594	-0.072783 -0.013407  0.958868
20.74899291	596	-0.076135 -0.009816  0.963417
20.75419616	599	-0.079247 -0.003352  0.959347
20.75940322	599	-0.089303 0.000718  0.947137
20.76455116	601	-0.089542 -0.000479  0.948573
20.76975631	600	-0.092894 -0.001197  0.941151
20.77495956	602	-0.099598 0.003112  0.938518
20.78012466	603	-0.098401 0.000718  0.935405
20.78528022	602	-0.095288 -0.000958  0.937560
20.79047966	604	-0.094331 0.002873  0.931335
20.79563522	605	-0.098401 -0.002394  0.935645
20.80084037	603	-0.095049 0.001197  0.918885
20.80598068	606	-0.094091 0.000479  0.916252
20.81111907	607	-0.084036 -0.007183  0.919604
20.81632423	606	-0.087627 -0.007901  0.919604
20.82152366	606	-0.077811 -0.006943  0.902126
20.82671928	605	-0.077811 -0.005267  0.906675
20.83191680	608	-0.068952 -0.008140  0.907633
20.83710479	608	-0.065122 -0.016280  0.916970
20.84231948	607	-0.061530 -0.016520  0.910027
20.84752845	608	-0.059136 -0.018675  0.913858
20.85273551	606	-0.053151 -0.027054  0.913379
20.85794830	608	-0.049320 -0.022984  0.909787
20.86315536	606	-0.037828 -0.026815  0.907393
20.86835670	608	-0.037110 -0.027772  0.911942
20.87355232	605	-0.034237 -0.033518  0.907393
20.87875175	607	-0.032800 -0.035913  0.904281
20.88395690	607	-0.028970 -0.028012  0.911463
20.88915634	607	-0.029927 -0.032321  0.917209
20.89436340	605	-0.028251 -0.033279  0.914336
20.89956474	607	-0.039265 -0.028012  0.919125
20.90477561	606	-0.025139 -0.031124  0.925828
20.90998458	606	-0.025139 -0.028491  0.923434
20.91519546	605	-0.033758 -0.024181  0.923674
20.92040443	603	-0.034955 -0.027533  0.929899
20.92562866	603	-0.034716 -0.028491  0.932293
20.93082809	603	-0.040701 -0.023463  0.933969
20.93603134	601	-0.046208 -0.020111  0.936363
20.94123268	599	-0.045968 -0.014365  0.942109
20.94643211	599	-0.049799 -0.019872  0.944742
20.95163536	600	-0.053390 -0.013168  0.943785
20.95683670	598	-0.062727 -0.004070  0.954319
20.96203231	596	-0.068713 -0.007661  0.962220
20.96723556	593	-0.069671 -0.008380  0.967487
20.97244071	594	-0.071346 -0.001437  0.974909
20.97764015	592	-0.076853 0.001676  0.971557
20.98279190	591	-0.081881 0.001676  0.996217
20.98795509	591	-0.088345 0.001915  0.984965
20.99310493	590	-0.087387 0.003112  0.995260
20.99827194	588	-0.087387 -0.000479  1.001245
21.00347137	587	-0.088345 0.006943  1.009146
21.00862312	589	-0.084036 0.005985  1.008906
21.01376724	588	-0.087387 0.012450  1.030933
21.01892089	587	-0.089303 0.005746  1.029017
21.02406311	586	-0.087387 0.006225  1.040510
21.02921295	585	-0.086909 0.005985  1.041707
21.03436088	584	-0.076853 0.005746  1.048171
21.03951644	582	-0.076135 0.003352  1.048171
21.04466819	580	-0.073262 0.004549  1.065170
21.04981613	579	-0.073741 -0.000479  1.062296
21.05501556	578	-0.067276 -0.002155  1.069240
21.06019973	575	-0.060812 -0.003831  1.085999
21.06539916	575	-0.061530 -0.002634  1.089351
21.07060050	574	-0.057460 -0.004788  1.098209
21.07579231	572	-0.056024 -0.005985  1.095097
21.08099937	570	-0.045489 -0.001197  1.113293
21.08620834	569	-0.043095 -0.007661  1.111617
21.09141921	565	-0.049320 -0.002634  1.128376
21.09663200	565	-0.042138 -0.015802  1.126461
21.10183143	562	-0.033997 -0.011731  1.135319
21.10702705	560	-0.034237 -0.021308  1.146332
21.11222457	556	-0.028491 -0.014844  1.152078
21.11742019	556	-0.024421 -0.014604  1.164767
21.12261962	555	-0.024899 -0.023463  1.163810
21.12781524	551	-0.021308 -0.021787  1.184639
21.13300704	549	-0.026336 -0.014365  1.191103
21.13820838	546	-0.029688 -0.010295  1.186554
21.14341163	544	-0.024181 -0.018914  1.193258
21.14860725	542	-0.028730 -0.012450  1.193258
21.15380859	540	-0.030645 -0.021069  1.214087
21.15901565	537	-0.035673 -0.010774  1.218158
21.16422462	538	-0.032321 -0.005985  1.221030
21.16941642	537	-0.042377 -0.010774  1.226058
21.17461967	535	-0.044771 -0.006704  1.240423
21.17981910	533	-0.055066 0.003591  1.234198
21.18496894	528	-0.063685 0.003831  1.247366
21.19012451	527	-0.059376 0.005985  1.244015
21.19528007	525	-0.062967 0.010534  1.257183
21.20042800	523	-0.076614 0.015562  1.255507
21.20557975	521	-0.073501 0.016999  1.265802
21.21072769	518	-0.080923 0.016999  1.260534
21.21588325	516	-0.076853 0.018914  1.270590
21.22103118	512	-0.081163 0.022026  1.283519
21.22619628	509	-0.088345 0.025378  1.290462
21.23135948	507	-0.088585 0.029927  1.274899
21.23651695	503	-0.087148 0.030167  1.292377
21.24167633	502	-0.090021 0.028970  1.289504
21.24683952	501	-0.087627 0.035434  1.301235
21.25199508	498	-0.089782 0.031603  1.307939
##inga 
#ido(sec)  szog(ADC)     ax(g)    ay(g)   az(g)
21.25770378	494	-0.088345 0.030406  1.294771
21.26297187	491	-0.079726 0.028012  1.298602
21.26824378	489	-0.081163 0.025139  1.304587
21.27351570	488	-0.075417 0.023942  1.308179
21.27868461	486	-0.066319 0.022026  1.313446
21.28385162	482	-0.061530 0.012929  1.313685
21.28901672	477	-0.056742 0.019872  1.313685
21.29417228	476	-0.052911 0.022505  1.312488
21.29933166	474	-0.049799 0.007183  1.315840
21.30447959	473	-0.040462 0.003591  1.308897
21.30963134	471	-0.033279 0.006704  1.304108
21.31477546	466	-0.029209 0.003352  1.307939
21.31991958	464	-0.025139 0.006225  1.302193
21.32507133	463	-0.025857 0.004310  1.306263
21.33021545	458	-0.019632 -0.004549  1.305545
21.33541107	456	-0.011731 0.000000  1.299799
21.34052085	454	-0.012929 -0.000958  1.309615
21.34572410	451	-0.015802 -0.004549  1.297644
21.35091972	451	-0.014365 -0.004788  1.295968
21.35611915	447	-0.012450 -0.001437  1.288307
21.36132049	447	-0.009816 0.005267  1.285434
21.36647605	447	-0.019153 0.002873  1.286870
21.37162399	444	-0.019632 0.002155  1.281843
21.37678718	439	-0.017956 0.002394  1.278251
21.38195610	439	-0.022026 0.005267  1.283758
21.38711547	434	-0.028012 0.015323  1.271787
21.39228057	432	-0.032561 0.013647  1.266759
21.39744377	432	-0.038786 0.015562  1.267956
21.40260314	430	-0.037110 0.017956  1.259577
21.40777587	425	-0.040462 0.020829  1.256464
21.41293907	425	-0.049320 0.020829  1.251437
21.41810417	423	-0.050278 0.026336  1.245451
21.42326354	420	-0.059376 0.032321  1.242578
21.42841529	416	-0.062009 0.033279  1.235874
21.43356704	416	-0.075177 0.038546  1.227734
21.43872451	412	-0.070868 0.041419  1.220073
21.44388389	410	-0.070628 0.044532  1.215284
21.44903182	410	-0.081163 0.044053  1.205947
21.45418357	409	-0.075895 0.045489  1.201398
21.45932769	404	-0.076135 0.048362  1.189427
21.46448707	404	-0.076614 0.047165  1.190864
21.46963119	400	-0.078050 0.051954  1.185357
21.47477531	400	-0.066319 0.045729  1.182245
21.47993278	400	-0.069671 0.044053  1.175302
21.48508834	398	-0.067276 0.051235  1.154712
21.49024391	396	-0.065600 0.042138  1.161894
21.49540328	392	-0.057460 0.040940  1.148966
21.50055122	389	-0.051475 0.036152  1.151121
21.50570869	389	-0.056742 0.032321  1.130291
21.51086044	388	-0.044771 0.033279  1.126939
21.51602363	384	-0.043095 0.036631  1.122151
21.52118873	385	-0.041898 0.026575  1.109462
21.52635574	383	-0.028730 0.035194  1.108025
21.53152084	381	-0.031364 0.023224  1.104195
21.53669166	377	-0.028730 0.027772  1.086478
21.54184722	377	-0.013886 0.024660  1.081929
21.54700088	376	-0.012929 0.020829  1.074267
21.55216407	374	-0.014844 0.022505  1.064212
21.55731201	371	-0.007661 0.015802  1.061818
21.56249237	371	-0.001197 0.017717  1.053678
21.56765556	369	-0.000718 0.023463  1.047213
21.57281112	367	-0.001197 0.016280  1.038594
21.57795524	367	0.000479 0.014844  1.030933
21.58307647	366	-0.001676 0.012929  1.010582
21.58823204	362	-0.000479 0.012210  1.019441
21.59338378	362	-0.006225 0.015083  1.012498
21.59853172	359	-0.006704 0.014844  1.005076
21.60368728	360	-0.008140 0.019153  1.005555
21.60884857	359	-0.010774 0.028012  0.991429
21.61399650	356	-0.019632 0.024181  0.986880
21.61914062	357	-0.020351 0.022026  0.978979
21.62428474	356	-0.019872 0.025618  0.962938
21.62942886	356	-0.023702 0.032561  0.971797
21.63458061	352	-0.032082 0.030406  0.957910
21.63972854	352	-0.036391 0.031124  0.964135
21.64487266	353	-0.033997 0.041180  0.950967
21.65001678	352	-0.042616 0.045968  0.958868
21.65516471	351	-0.052672 0.042377  0.938518
21.66031265	350	-0.060094 0.050038  0.937560
21.66545104	349	-0.058179 0.045729  0.943306
21.67059516	347	-0.062727 0.053151  0.930377
21.67575645	348	-0.067037 0.051954  0.932053
21.68091583	347	-0.068473 0.055066  0.913139
21.68607139	346	-0.071346 0.060812  0.918167
21.69123268	343	-0.067037 0.056503  0.909548
21.69638824	345	-0.072304 0.054348  0.903563
21.70154380	342	-0.061770 0.051954  0.904041
21.70669937	345	-0.068713 0.054587  0.898774
21.71185684	345	-0.061530 0.053630  0.900929
21.71701622	342	-0.057221 0.056503  0.902365
21.72218322	343	-0.062009 0.050996  0.898295
21.72734832	342	-0.041180 0.047644  0.905478
21.73249626	343	-0.042138 0.043095  0.903563
21.73765182	342	-0.044053 0.042616  0.895422
21.74281120	340	-0.039743 0.044053  0.894704
21.74796867	342	-0.034716 0.032082  0.896619
21.75310707	343	-0.024660 0.025618  0.889916
21.75826072	343	-0.019153 0.024899  0.896141
21.76340866	340	-0.010295 0.028970  0.887043
21.76854324	342	-0.008619 0.019393  0.890634
21.77369689	340	-0.008140 0.022745  0.893507
##inga 
#ido(sec)  szog(ADC)     ax(g)    ay(g)   az(g)
21.77938079	343	-0.004788 0.012929  0.901647
21.78465652	343	0.000239 0.016759  0.891592
21.78992462	345	0.002394 0.017956  0.900450
21.79516410	345	0.006464 0.016999  0.906196
21.80028343	345	-0.000958 0.012450  0.899971
21.80542373	346	0.000239 0.013886  0.910745
21.81052780	348	0.001197 0.021787  0.908351
21.81564331	348	-0.001676 0.025618  0.909548
21.82080459	349	-0.004788 0.016759  0.914336
21.82595252	349	0.002634 0.015802  0.917449
21.83106422	350	-0.012210 0.019632  0.925589
21.83620834	347	-0.015083 0.020590  0.927025
21.84134864	351	-0.018196 0.023463  0.932532
21.84649276	350	-0.022745 0.026815  0.942348
21.85163116	350	-0.030167 0.032561  0.938518
21.85677528	353	-0.034716 0.029448  0.937081
21.86191940	354	-0.038067 0.033997  0.934447
21.86706352	353	-0.043574 0.035913  0.945700
21.87220382	354	-0.046926 0.038307  0.952643
21.87735176	355	-0.049320 0.039743  0.956713
21.88249588	357	-0.052911 0.039265  0.966769
21.88765144	358	-0.064164 0.052911  0.968924
21.89280319	359	-0.066319 0.047165  0.974909
21.89795112	357	-0.063685 0.043335  0.982810
21.90310859	360	-0.067755 0.052193  0.993823
21.90827941	360	-0.074459 0.050996  0.988795
21.91344070	362	-0.073741 0.047405  1.008427
21.91860008	364	-0.074698 0.044532  1.009146
21.92376327	366	-0.072544 0.048602  1.024708
21.92892837	367	-0.073022 0.049320  1.022793
21.93409156	368	-0.067276 0.043335  1.032848
21.93925666	369	-0.061530 0.044292  1.035721
21.94441223	371	-0.059615 0.042377  1.042904
21.94957542	371	-0.062967 0.042856  1.038594
21.95472717	374	-0.055066 0.031843  1.057029
21.95988464	377	-0.056263 0.034955  1.067085
21.96503639	379	-0.053869 0.026336  1.068761
21.97018432	381	-0.048602 0.028970  1.077619
21.97533988	382	-0.039265 0.023224  1.090787
21.98049545	382	-0.034955 0.024660  1.099167
21.98563957	385	-0.028730 0.023224  1.105152
21.99080085	387	-0.017477 0.014126  1.116644
21.99593925	389	-0.016759 0.009816  1.121193
22.00108337	389	-0.013647 0.006943  1.125503
22.00624084	393	-0.004788 0.008619  1.131967
22.01137161	394	-0.007661 0.009816  1.137953
22.01651573	395	-0.008380 -0.003352  1.145375
22.02172088	395	0.004070 -0.008140  1.148726
22.02685546	400	-0.003352 -0.002155  1.159021
22.03204727	401	-0.006943 -0.000239  1.169077
22.03724861	403	-0.005746 -0.002155  1.184160
22.04245185	403	-0.001915 0.004549  1.170513
22.04760360	405	-0.011492 0.006225  1.191103
22.05275917	408	-0.012689 0.004310  1.183442
22.05792045	410	-0.022984 0.010534  1.193976
22.06307983	412	-0.022745 0.005028  1.207862
22.06823921	411	-0.028491 0.012929  1.214327
22.07341575	416	-0.031843 0.015083  1.225101
22.07857513	417	-0.043574 0.019872  1.221749
22.08373641	417	-0.044292 0.022026  1.224622
22.08889961	422	-0.052193 0.022745  1.242099
22.09406089	422	-0.058179 0.028251  1.237311
22.09920310	427	-0.064403 0.029209  1.236832
22.10435676	427	-0.067276 0.025139  1.253112
22.10950469	427	-0.070868 0.031124  1.245930
22.11465263	433	-0.076135 0.038786  1.254549
22.11981201	434	-0.076135 0.030885  1.263407
22.12495994	437	-0.077093 0.030406  1.267238
22.13011550	437	-0.080923 0.034237  1.275378
22.13527107	441	-0.081163 0.034237  1.282082
22.14042091	443	-0.082599 0.033279  1.274660
22.14557266	446	-0.090979 0.028251  1.283279
22.15073204	448	-0.087627 0.029209  1.291898
22.15589141	450	-0.085951 0.024660  1.301235
22.16104316	450	-0.080444 0.033518  1.288067
22.16619110	454	-0.072065 0.023463  1.293095
22.17135620	456	-0.073262 0.022745  1.299320
22.17651176	457	-0.071586 0.021787  1.297644
22.18167114	460	-0.071586 0.019393  1.302193
22.18684005	462	-0.063925 0.022026  1.306503
22.19200706	465	-0.063206 0.014365  1.298841
22.19716835	468	-0.054827 0.015083  1.301954
22.20232772	470	-0.049799 0.001437  1.301235
22.20749664	473	-0.049559 0.007183  1.308657
22.21266365	473	-0.043574 0.004788  1.302193
22.21781921	475	-0.036631 -0.003112  1.298362
22.22303199	479	-0.034476 -0.002634  1.311291
22.22823905	483	-0.032800 -0.003352  1.306503
22.23344039	483	-0.028970 -0.007422  1.307700
22.23863220	486	-0.027054 -0.010056  1.308179
22.24384307	490	-0.019393 -0.016999  1.301235
22.24904441	493	-0.018675 -0.016280  1.295011
22.25425148	495	-0.017956 -0.022984  1.297644
22.25945281	497	-0.017956 -0.015562  1.286631
22.26466751	500	-0.018675 -0.017477  1.297644
22.26987648	504	-0.017717 -0.016999  1.293813
22.27507972	502	-0.030885 -0.011731  1.281124
22.28030014	505	-0.028970 -0.018914  1.290462
22.28549575	507	-0.028730 -0.016999  1.274660
22.29068756	511	-0.029927 -0.012689  1.279448
22.29587936	515	-0.035434 -0.013886  1.275378
##inga 
#ido(sec)  szog(ADC)     ax(g)    ay(g)   az(g)
22.30161285	517	-0.049559 -0.002634  1.263407
22.30688858	519	-0.053390 -0.008619  1.253112
22.31217575	523	-0.056503 -0.006704  1.257901
22.31745910	524	-0.063206 0.000958  1.247845
22.32260894	526	-0.073980 0.003112  1.241381
22.32775115	528	-0.076135 0.012450  1.238508
22.33289527	530	-0.078529 0.006464  1.243057
22.33805274	531	-0.090979 0.013407  1.233480
22.34320068	536	-0.086430 0.016280  1.221270
22.34833908	535	-0.099358 0.018196  1.225579
22.35349655	539	-0.090739 0.013647  1.209299
22.35864067	540	-0.099837 0.014126  1.203314
22.36379241	541	-0.098161 0.018435  1.202116
22.36894798	544	-0.102950 0.019632  1.189188
22.37409973	545	-0.103428 0.018675  1.191822
22.37927627	549	-0.105104 0.015562  1.183921
22.38443183	551	-0.100555 0.013886  1.173147
22.38960075	549	-0.100795 0.018196  1.171710
22.39476776	551	-0.089782 0.007422  1.162373
22.39993667	557	-0.088106 0.006704  1.149684
22.40509605	558	-0.084036 -0.001676  1.146572
22.41029548	559	-0.080444 0.001915  1.141783
22.41545677	561	-0.075417 -0.003352  1.141544
22.42066383	563	-0.067995 -0.005028  1.133164
22.42585563	567	-0.058179 -0.012450  1.120236
22.43106079	566	-0.053390 -0.015323  1.108025
22.43625640	567	-0.044532 -0.020829  1.098688
22.44145202	569	-0.042616 -0.025618  1.099167
22.44665145	571	-0.032800 -0.023702  1.080253
22.45184707	574	-0.033279 -0.028730  1.083844
22.45704460	575	-0.022266 -0.032321  1.069479
22.46225166	577	-0.020351 -0.028251  1.063254
22.46746063	575	-0.020590 -0.037589  1.063254
22.47267532	577	-0.021308 -0.037349  1.060142
22.47788047	581	-0.025378 -0.031843  1.040988
22.48308753	581	-0.018914 -0.033997  1.044101
22.48829269	583	-0.016041 -0.035194  1.028299
22.49349212	585	-0.015802 -0.039025  1.026863
22.49868774	584	-0.020111 -0.031843  1.026384
22.50388336	585	-0.023224 -0.033279  1.013695
22.50908470	588	-0.033758 -0.034237  1.010822
22.51428794	588	-0.038546 -0.030167  0.999330
22.51948356	589	-0.042616 -0.025378  0.999808
22.52468490	590	-0.051954 -0.020829  0.994781
22.52989196	591	-0.056742 -0.018435  0.988316
22.53508758	589	-0.053630 -0.017956  0.977064
22.54028892	591	-0.067995 -0.019632  0.981134
22.54549598	591	-0.073741 -0.007422  0.970600
22.55070304	593	-0.076374 -0.011731  0.969642
22.55590438	593	-0.084036 -0.003591  0.964375
22.56109619	595	-0.095288 0.003831  0.966529
22.56624794	595	-0.093134 0.000479  0.955756
22.57139587	596	-0.097204 0.001676  0.946897
22.57654380	598	-0.100316 -0.000718  0.933490
22.58174324	600	-0.102231 0.002394  0.946418
22.58688354	601	-0.100795 0.005028  0.951925
22.59203910	599	-0.100795 0.007183  0.930617
22.59718322	599	-0.101753 0.000718  0.930856
22.60234451	599	-0.105823 0.005028  0.930377
22.60748863	601	-0.099598 0.005985  0.930617
22.61262893	602	-0.098401 0.005746  0.931335
22.61777687	602	-0.092176 -0.002634  0.921519
22.62296867	602	-0.084993 -0.004070  0.922716
22.62818336	602	-0.079487 -0.008619  0.914336
22.63339233	602	-0.074938 -0.004549  0.919604
22.63859176	603	-0.069671 -0.011253  0.922477
22.64379119	602	-0.061530 -0.024899  0.921519
22.64900016	603	-0.063925 -0.019153  0.911942
22.65420722	600	-0.055545 -0.021308  0.910266
22.65940093	601	-0.050996 -0.019632  0.919604
22.66460418	603	-0.044053 -0.028251  0.909069
22.66981124	603	-0.039983 -0.033040  0.915294
22.67501258	603	-0.037828 -0.033997  0.916252
22.68021202	603	-0.033040 -0.028012  0.917928
22.68541145	603	-0.028012 -0.040222  0.917688
22.69062042	603	-0.022505 -0.036631  0.918406
22.69582748	602	-0.025139 -0.033997  0.920801
22.70103645	600	-0.016759 -0.032800  0.919364
22.70623970	603	-0.022745 -0.031364  0.932532
22.71145248	600	-0.025618 -0.033997  0.930138
22.71665954	599	-0.027294 -0.036870  0.928462
22.72185516	601	-0.033040 -0.027294  0.938039
22.72705268	599	-0.031603 -0.027054  0.928701
22.73225212	600	-0.034955 -0.026815  0.938518
22.73745918	596	-0.039743 -0.024421  0.933490
22.74265289	595	-0.038546 -0.021069  0.950010
22.74785232	594	-0.052432 -0.010534  0.947137
22.75304794	593	-0.054348 -0.014844  0.954559
22.75825691	594	-0.059615 -0.014365  0.950728
22.76346778	593	-0.063446 -0.004788  0.964375
22.76868057	590	-0.068713 -0.002155  0.971797
22.77389526	592	-0.070149 -0.005267  0.978740
22.77908706	591	-0.081402 0.002155  0.971318
22.78424453	591	-0.080444 0.001197  0.977543
22.78939247	591	-0.085712 0.009337  0.988077
22.79453659	590	-0.087627 0.008380  0.990950
22.79967689	589	-0.087148 0.009816  0.996457
22.80482864	587	-0.089782 0.007183  1.001724
22.80997657	587	-0.089303 0.010534  1.010822
22.81512451	586	-0.086669 0.015802  1.019201
22.82027626	584	-0.090260 0.007901  1.025666
##inga 
#ido(sec)  szog(ADC)     ax(g)    ay(g)   az(g)
22.82596015	585	-0.087627 0.015562  1.025905
22.83124351	581	-0.089782 0.004310  1.031412
22.83651161	580	-0.084993 0.007901  1.044101
22.84176445	580	-0.088824 0.005746  1.052959
22.84690856	576	-0.073741 0.007901  1.061099
22.85205268	577	-0.073980 0.005507  1.057508
22.85720825	575	-0.067037 0.000479  1.077380
22.86235237	574	-0.070868 0.002873  1.087196
22.86750411	574	-0.065361 -0.006225  1.086957
22.87270355	570	-0.058418 -0.007422  1.090069
22.87790489	568	-0.052193 -0.007901  1.090069
22.88310432	569	-0.051235 -0.003352  1.098449
22.88831138	567	-0.045011 -0.008619  1.116405
22.89351272	565	-0.042616 -0.009098  1.118560
22.89871978	562	-0.036870 -0.016999  1.126461
22.90392875	559	-0.035194 -0.013886  1.129333
22.90913200	558	-0.032082 -0.018196  1.147769
22.91433143	555	-0.032800 -0.017956  1.146093
22.91954040	555	-0.028012 -0.019393  1.159979
22.92473983	549	-0.025857 -0.018675  1.164288
22.92994880	549	-0.022505 -0.017238  1.172189
22.93514823	549	-0.027772 -0.018435  1.173147
22.94034767	547	-0.028970 -0.016759  1.172189
22.94555282	544	-0.029688 -0.013168  1.193976
22.95075225	541	-0.028730 -0.010534  1.187751
22.95595550	541	-0.027772 -0.015802  1.199244
22.96116065	537	-0.026815 -0.007661  1.202595
22.96637535	538	-0.042616 -0.009098  1.215524
22.97158432	536	-0.037110 -0.004788  1.214087
22.97678375	532	-0.040701 -0.002155  1.218636
22.98197937	529	-0.047644 -0.004549  1.231086
22.98718070	526	-0.054108 -0.005028  1.230847
22.99238395	525	-0.055784 0.003112  1.233959
22.99753570	524	-0.057700 0.006704  1.242578
23.00269126	521	-0.065840 0.009816  1.252634
23.00783920	520	-0.069192 0.016041  1.253352
23.01299667	517	-0.073262 0.018675  1.262210
23.01813507	513	-0.077811 0.009337  1.257183
23.02328872	509	-0.081402 0.020590  1.261253
23.02844429	509	-0.082839 0.021069  1.260056
23.03359985	507	-0.087148 0.023463  1.275378
23.03875923	504	-0.079247 0.030885  1.275139
23.04393196	503	-0.088824 0.030645  1.276336
23.04910087	502	-0.086430 0.028491  1.286391
23.05425643	500	-0.086430 0.029209  1.288307
23.05942726	495	-0.089542 0.025857  1.291180
23.06458473	491	-0.086669 0.032082  1.290940
23.06974792	491	-0.085472 0.025139  1.297405
23.07490730	489	-0.079966 0.025618  1.290462
23.08007240	485	-0.074698 0.027294  1.290222
23.08523559	482	-0.066319 0.028491  1.294053
23.09038352	480	-0.065600 0.028730  1.295250
23.09552764	477	-0.066798 0.026097  1.296447
23.10069274	474	-0.052672 0.020111  1.302433
23.10584831	474	-0.050278 0.012210  1.298362
23.11099243	472	-0.049081 0.007183  1.300996
23.11614418	469	-0.037589 0.009816  1.295489
23.12129592	465	-0.032082 0.012450  1.289504
23.12644004	464	-0.027294 0.002873  1.283279
23.13159561	462	-0.026575 0.000958  1.292138
23.13674354	459	-0.018196 -0.002873  1.293574
23.14194488	456	-0.016999 -0.001437  1.284716
23.14713668	452	-0.010534 -0.003352  1.294053
23.15233230	451	-0.012689 -0.006225  1.286391
23.15753173	450	-0.012929 0.004310  1.278970
23.16267585	448	-0.007183 -0.009098  1.292138
23.16788864	446	-0.004310 -0.009098  1.283040
23.17308425	445	-0.010534 0.008380  1.271308
23.17824745	444	-0.005267 0.002634  1.260534
23.18342399	439	-0.011971 0.004549  1.268675
23.18858337	435	-0.015802 0.010774  1.265323
23.19373130	434	-0.025618 0.003831  1.262210
23.19887924	432	-0.026575 0.009816  1.246169
23.20402717	432	-0.030885 0.015083  1.250239
23.20918846	429	-0.031843 0.017238  1.261013
23.21434402	427	-0.043095 0.024181  1.233001
23.21948814	423	-0.047405 0.027054  1.241860
23.22464370	422	-0.056981 0.032082  1.234917
23.22978782	418	-0.065840 0.035673  1.233959
23.23495292	417	-0.065600 0.031603  1.219355
23.24009513	414	-0.072783 0.040222  1.218876
23.24525260	412	-0.077332 0.044053  1.205229
23.25040817	410	-0.079966 0.042616  1.202835
23.25556755	411	-0.083078 0.047884  1.185836
23.26072883	409	-0.078529 0.051475  1.193497
23.26589202	408	-0.078050 0.050038  1.194216
23.27103614	406	-0.079008 0.042138  1.175062
23.27619552	403	-0.073741 0.043813  1.177456
23.28133964	401	-0.076135 0.050517  1.171471
23.28649520	400	-0.072304 0.050517  1.163570
23.29165649	399	-0.067755 0.044053  1.156627
23.29681587	397	-0.062009 0.044053  1.148487
23.30198478	393	-0.060573 0.043335  1.145135
23.30715560	390	-0.055784 0.044532  1.137234
23.31232452	388	-0.056024 0.036870  1.127179
23.31749153	388	-0.045011 0.034237  1.114729
23.32266807	387	-0.043813 0.029209  1.105392
23.32783508	385	-0.039743 0.033279  1.096054
23.33300018	384	-0.036391 0.028970  1.108504
23.33815193	383	-0.023463 0.025139  1.085760
23.34330749	379	-0.018675 0.022984  1.084562
##inga 
#ido(sec)  szog(ADC)     ax(g)    ay(g)   az(g)
23.34899139	380	-0.018435 0.019153  1.075464
23.35426712	375	-0.012929 0.015802  1.074267
23.35955238	374	-0.013407 0.015083  1.057269
23.36482810	372	-0.009816 0.016520  1.047213
23.36997985	371	-0.006943 0.014604  1.047931
23.37512779	369	-0.002394 0.014365  1.040988
23.38027572	368	0.000239 0.011013  1.031412
23.38539123	368	-0.005267 0.013886  1.025187
23.39053535	367	-0.007661 0.017477  1.024469
23.39567947	366	-0.003831 0.016280  1.014892
23.40082359	363	0.002155 0.011492  1.016568
23.40594482	363	-0.007901 0.015562  1.005794
23.41109657	362	-0.008140 0.018675  0.998611
23.41625213	358	-0.011492 0.024181  0.991668
23.42140388	359	-0.018675 0.029688  0.976824
23.42654800	358	-0.019872 0.024421  0.975867
23.43169212	358	-0.019872 0.028251  0.976346
23.43684387	355	-0.035194 0.030167  0.972994
23.44199180	356	-0.032321 0.037828  0.954319
23.44713592	356	-0.034716 0.040940  0.954798
23.45227622	354	-0.041898 0.037110  0.951925
23.45742416	352	-0.042138 0.040462  0.943066
23.46256828	351	-0.046686 0.046447  0.947855
23.46771240	352	-0.061052 0.050038  0.938996
23.47286796	352	-0.057460 0.052193  0.936842
23.47803688	351	-0.058897 0.049799  0.931335
23.48319625	349	-0.066319 0.051954  0.921998
23.48835182	351	-0.064882 0.056503  0.924871
23.49350738	350	-0.066798 0.060573  0.919604
23.49867630	347	-0.071586 0.056503  0.915533
23.50383567	346	-0.065600 0.049559  0.916731
23.50899505	348	-0.070868 0.054348  0.907872
23.51415252	347	-0.068952 0.064403  0.911463
23.51930809	346	-0.062967 0.053869  0.906675
23.52445983	347	-0.061530 0.044771  0.902605
23.52962493	346	-0.055784 0.046926  0.909309
23.53478050	346	-0.053869 0.046686  0.906914
23.53992843	346	-0.048362 0.040462  0.900689
23.54508781	346	-0.040222 0.037349  0.903802
23.55023574	344	-0.037110 0.041419  0.897098
23.55539512	346	-0.029927 0.038307  0.899253
23.56054306	345	-0.023942 0.036631  0.895183
23.56569290	346	-0.021069 0.031603  0.904041
23.57084465	346	-0.020111 0.028012  0.902605
23.57600402	345	-0.018675 0.027533  0.903084
23.58115196	346	-0.009577 0.022505  0.905957
23.58630371	345	-0.009337 0.021548  0.908590
23.59145164	346	-0.008140 0.016759  0.904760
23.59659576	346	-0.005028 0.015562  0.896859
23.60173988	349	-0.008140 0.016280  0.917688
23.60688400	349	-0.003591 0.023942  0.906914
23.61202812	348	-0.002873 0.016999  0.918167
23.61717605	351	0.000479 0.007183  0.918646
23.62227630	351	0.001676 0.012450  0.915773
23.62738800	352	-0.007901 0.018675  0.921280
23.63253211	352	-0.010056 0.023702  0.924152
23.63767623	353	-0.012689 0.018435  0.927744
23.64281654	353	-0.015083 0.013168  0.936123
23.64796829	353	-0.015083 0.019153  0.938278
23.65313911	356	-0.024181 0.027772  0.946418
23.65829658	354	-0.028970 0.034237  0.943785
23.66346740	354	-0.031843 0.028970  0.945700
23.66861915	355	-0.034716 0.033758  0.955516
23.67376708	355	-0.038786 0.039743  0.957910
23.67893218	359	-0.048602 0.041659  0.966529
23.68409538	359	-0.047165 0.037589  0.968684
23.68927192	360	-0.050996 0.035913  0.974909
23.69442367	361	-0.058179 0.041898  0.978261
23.69958305	361	-0.059854 0.041180  0.986880
23.70472717	361	-0.060094 0.050517  0.996935
23.70989227	364	-0.069910 0.045968  1.000048
23.71504020	363	-0.065840 0.043335  1.003639
23.72020339	364	-0.073501 0.050996  1.012977
23.72536468	368	-0.067995 0.043335  1.023271
23.73052406	369	-0.068952 0.046686  1.017286
23.73567199	370	-0.066798 0.048123  1.030933
23.74082756	372	-0.068234 0.038786  1.029496
23.74597930	373	-0.066798 0.040701  1.049607
23.75112724	376	-0.063685 0.044532  1.043143
23.75628471	377	-0.057700 0.036391  1.050326
23.76143646	377	-0.059615 0.037589  1.062775
23.76659584	382	-0.054587 0.031603  1.064691
23.77175521	381	-0.044292 0.033518  1.075943
23.77690887	383	-0.049320 0.032321  1.085760
23.78206062	384	-0.038786 0.030167  1.084562
23.78721237	386	-0.039743 0.027294  1.093900
23.79237174	389	-0.026575 0.024899  1.096533
23.79754066	387	-0.030645 0.018675  1.109462
23.80271148	391	-0.021069 0.014365  1.112095
23.80787277	392	-0.016759 0.009098  1.116644
23.81303215	396	-0.012929 0.009577  1.132925
23.81819152	396	-0.009816 0.006704  1.146811
23.82333946	400	-0.006943 -0.002155  1.137953
23.82854461	400	-0.005746 0.003352  1.149445
23.83371162	403	-0.002155 0.000479  1.155669
23.83885574	406	-0.014604 0.006225  1.161894
23.84401512	407	-0.013407 0.003352  1.166443
23.84917640	408	-0.005985 0.006943  1.182724
23.85432052	409	-0.013647 0.010774  1.188470
23.85947608	411	-0.020111 0.003112  1.193497
23.86463165	410	-0.028970 0.011492  1.200441
##inga 
#ido(sec)  szog(ADC)     ax(g)    ay(g)   az(g)
23.87031555	415	-0.029448 0.005507  1.203553
23.87558364	417	-0.030167 0.012450  1.218876
23.88087272	418	-0.036391 0.018435  1.217200
23.88613128	417	-0.038307 0.017238  1.214327
23.89127922	424	-0.044532 0.013647  1.220552
23.89642333	425	-0.054108 0.019393  1.223664
23.90156745	427	-0.049559 0.021787  1.236832
23.90671157	429	-0.053151 0.023942  1.237790
23.91186714	430	-0.061291 0.025857  1.232044
23.91702079	434	-0.060094 0.025378  1.257422
23.92217254	435	-0.063446 0.030167  1.255267
23.92732429	437	-0.067516 0.029209  1.248324
23.93248367	435	-0.073262 0.030885  1.270351
23.93763160	441	-0.076135 0.028491  1.261253
23.94278335	446	-0.078768 0.032082  1.265323
23.94794082	447	-0.081881 0.030885  1.272505
23.95308876	449	-0.079487 0.030645  1.275857
23.95824432	449	-0.081402 0.031843  1.283040
23.96341133	450	-0.079247 0.026336  1.279209
23.96859169	454	-0.080444 0.028491  1.277773
23.97376060	456	-0.083317 0.024181  1.291898
23.97892379	457	-0.068713 0.021548  1.282800
23.98408889	461	-0.075417 0.021069  1.287828
23.98925209	462	-0.069192 0.027054  1.282800
23.99441528	465	-0.068234 0.017956  1.288067
23.99957656	468	-0.067995 0.012689  1.289983
24.00473594	469	-0.059136 0.016520  1.280645
24.00989151	473	-0.053390 0.011013  1.286631
24.01504707	473	-0.058179 0.007183  1.288786
24.02020072	477	-0.045011 -0.003352  1.296687
24.02540397	478	-0.034237 -0.001676  1.297644
24.03060340	482	-0.029448 -0.003591  1.280645
24.03580093	484	-0.027772 -0.011492  1.291898
24.04099655	485	-0.026097 -0.014126  1.281603
24.04619598	490	-0.023224 -0.015323  1.284955
24.05139160	493	-0.020111 -0.010295  1.275857
24.05659675	495	-0.022026 -0.016520  1.281364
24.06179618	496	-0.014844 -0.019632  1.279209
24.06699943	501	-0.018675 -0.016999  1.276097
24.07220458	502	-0.017238 -0.016520  1.274660
24.07740402	504	-0.030885 -0.017956  1.271069
24.08261108	502	-0.023463 -0.023942  1.277773
24.08781242	507	-0.029927 -0.012210  1.260056
24.09301185	508	-0.028012 -0.016759  1.253591
24.09820747	512	-0.039265 -0.006943  1.263407
24.10340309	516	-0.043574 -0.011492  1.257422
24.10861206	518	-0.050517 -0.000718  1.256704
24.11380767	519	-0.050757 -0.007901  1.244972
24.11900711	524	-0.061291 -0.004070  1.238269
24.12421607	525	-0.062249 0.005746  1.236593
24.12937545	526	-0.068234 0.007901  1.210736
24.13453674	528	-0.074938 0.007422  1.224143
24.13970375	531	-0.081402 0.006225  1.226058
24.14486312	533	-0.084036 0.012210  1.208341
24.15000724	537	-0.084514 0.009577  1.210736
24.15516471	535	-0.093134 0.011731  1.200919
24.16033172	538	-0.097922 0.016520  1.196131
24.16549682	540	-0.097682 0.016999  1.186554
24.17065238	540	-0.096007 0.015083  1.183442
24.17580032	544	-0.094091 0.014844  1.184639
24.18095207	545	-0.095528 0.015083  1.182484
24.18610763	549	-0.089782 0.010774  1.165486
24.19125938	551	-0.093852 0.011253  1.170753
24.19640350	552	-0.087866 0.008140  1.154712
24.20154762	549	-0.083078 -0.001676  1.150881
24.20674324	556	-0.085951 -0.000479  1.143938
24.21194458	556	-0.079008 0.001915  1.135798
24.21709632	559	-0.079247 -0.007901  1.140586
24.22229194	562	-0.070389 0.002634  1.123587
24.22743988	563	-0.061530 -0.006704  1.116644
24.23263168	563	-0.055784 -0.009577  1.110898
24.23782348	567	-0.056024 -0.017717  1.106828
24.24304008	568	-0.044532 -0.018675  1.091506
24.24825668	570	-0.042377 -0.021069  1.082408
24.25347137	571	-0.039743 -0.025139  1.080013
24.25868415	573	-0.036870 -0.029209  1.073310
24.26389122	572	-0.028970 -0.029688  1.061578
24.26908874	574	-0.028251 -0.031843  1.062296
24.27428436	574	-0.028251 -0.028491  1.066367
24.27947616	578	-0.021548 -0.035913  1.047931
24.28467941	579	-0.021548 -0.035434  1.042664
24.28988456	580	-0.025857 -0.033279  1.041707
24.29508399	580	-0.027054 -0.028730  1.035003
24.30028343	583	-0.032561 -0.034716  1.031651
24.30549621	584	-0.030406 -0.032800  1.010343
24.31070327	585	-0.030885 -0.028970  1.015610
24.31591606	587	-0.033040 -0.024660  1.006991
24.32111167	587	-0.041659 -0.026336  1.003879
24.32632064	588	-0.050038 -0.025378  0.988077
24.33152008	588	-0.050038 -0.021069  0.990232
24.33672332	590	-0.056024 -0.017717  0.990950
24.34192466	588	-0.063446 -0.018914  0.981613
24.34712028	590	-0.062249 -0.014365  0.970600
24.35231590	590	-0.072304 -0.005746  0.961741
24.35751533	590	-0.083557 -0.003112  0.963896
24.36271286	592	-0.086190 -0.002634  0.961262
24.36792755	590	-0.089782 -0.001915  0.956713
24.37313652	593	-0.095049 -0.003591  0.950249
24.37834358	594	-0.092894 0.004070  0.946418
24.38349533	594	-0.091458 -0.001437  0.946897
24.38869667	595	-0.100077 0.003831  0.940672
##inga 
#ido(sec)  szog(ADC)     ax(g)    ay(g)   az(g)
24.39439201	595	-0.093134 -0.000718  0.938996
24.39966011	596	-0.092176 0.001676  0.935645
24.40493202	595	-0.096007 0.001197  0.932772
24.41019248	598	-0.096007 0.005507  0.935645
24.41535568	598	-0.090021 -0.007901  0.935884
24.42056083	600	-0.092655 -0.002634  0.920561
24.42576026	601	-0.082120 -0.003112  0.931096
24.43095207	601	-0.081641 -0.009098  0.922955
24.43615531	600	-0.075656 -0.009577  0.925828
24.44135284	601	-0.075656 -0.010534  0.926307
24.44655227	601	-0.067037 -0.014126  0.923674
24.45174789	601	-0.061291 -0.017238  0.923195
24.45695686	601	-0.059136 -0.018435  0.924871
24.46216773	601	-0.044771 -0.025857  0.918885
24.46737289	601	-0.050996 -0.017238  0.922955
24.47257995	601	-0.047644 -0.028730  0.915533
24.47780036	601	-0.036391 -0.028491  0.929420
24.48299217	600	-0.033758 -0.033518  0.918885
24.48819541	601	-0.028970 -0.032800  0.919364
24.49340820	601	-0.026815 -0.032321  0.922237
24.49861145	601	-0.027533 -0.029927  0.919364
24.50380706	601	-0.027054 -0.031843  0.935405
24.50901603	601	-0.028251 -0.030167  0.933490
24.51421165	596	-0.023463 -0.030885  0.936363
24.51941108	595	-0.028251 -0.027294  0.938278
24.52462768	596	-0.028491 -0.021069  0.940672
24.52983665	593	-0.032800 -0.021787  0.941630
24.53503227	594	-0.040462 -0.027054  0.939954
24.54023551	594	-0.038067 -0.018196  0.938518
24.54545211	593	-0.042616 -0.021308  0.943785
24.55065536	593	-0.042856 -0.017477  0.953840
24.55584716	590	-0.051954 -0.014844  0.957192
24.56104087	592	-0.050517 -0.012689  0.958150
24.56623649	591	-0.058418 -0.009337  0.968684
24.57143211	591	-0.064882 -0.013168  0.973472
24.57662773	590	-0.064403 -0.007901  0.979458
24.58182716	588	-0.070868 0.001676  0.978022
24.58698463	589	-0.079966 -0.001915  0.994062
24.59218406	589	-0.077571 0.003591  0.991189
24.59734344	587	-0.084036 0.003831  0.998851
24.60250473	585	-0.087627 0.004788  1.000287
24.60767173	585	-0.093373 0.003591  0.999330
24.61282348	583	-0.089303 0.011731  1.013934
24.61798477	584	-0.093373 0.007901  1.024469
24.62315940	582	-0.091218 0.010295  1.024469
24.62832832	578	-0.087387 0.011731  1.025905
24.63348770	579	-0.089063 0.011013  1.034045
24.63863945	579	-0.079247 0.005507  1.042425
24.64379119	578	-0.083557 0.002155  1.046974
24.64894485	574	-0.079487 0.001197  1.052480
24.65408706	574	-0.077332 0.006943  1.057987
24.65922355	574	-0.078290 0.003591  1.077859
24.66437530	573	-0.068713 0.001915  1.075464
24.66953277	571	-0.064403 -0.002634  1.079535
24.67473220	568	-0.056024 -0.000239  1.085281
24.67992782	565	-0.055545 -0.007422  1.091266
24.68512725	566	-0.054587 -0.009577  1.106589
24.69032859	563	-0.053151 -0.009577  1.107546
24.69552421	560	-0.041659 -0.006225  1.123827
24.70073509	558	-0.040701 -0.010056  1.120714
24.70593643	558	-0.035913 -0.022266  1.121433
24.71114730	556	-0.029927 -0.019632  1.137953
24.71635627	555	-0.029927 -0.016280  1.142741
24.72156715	549	-0.029927 -0.016280  1.141065
24.72676849	550	-0.022266 -0.010534  1.152796
24.73196792	548	-0.028491 -0.016999  1.163091
24.73716735	547	-0.022266 -0.020351  1.174105
24.74237251	544	-0.028012 -0.014365  1.175062
24.74756813	542	-0.031603 -0.014844  1.178654
24.75278091	540	-0.028251 -0.009816  1.188709
24.75797653	539	-0.033279 -0.010534  1.188948
24.76317596	536	-0.039025 -0.011253  1.191103
24.76837539	536	-0.037828 -0.006225  1.206665
24.77358055	535	-0.036152 -0.005507  1.216242
24.77877998	533	-0.041898 -0.003831  1.216242
24.78397941	528	-0.054108 -0.003831  1.219833
24.78918457	526	-0.053151 0.001915  1.218397
24.79434013	524	-0.048841 0.001197  1.223904
24.79949569	523	-0.062249 0.008619  1.230607
24.80464744	522	-0.062967 0.007183  1.237790
24.80979919	517	-0.067037 0.013647  1.239705
24.81495666	516	-0.073022 0.014365  1.249042
24.82010459	513	-0.073980 0.016280  1.247845
24.82524871	511	-0.079008 0.023224  1.252155
24.83040428	508	-0.075895 0.017717  1.255028
24.83555221	505	-0.081881 0.016759  1.259577
24.84070777	504	-0.086909 0.028012  1.263407
24.84585952	502	-0.080444 0.024660  1.267717
24.85099983	501	-0.078529 0.014126  1.266999
24.85615158	498	-0.078529 0.019153  1.272984
24.86130714	496	-0.081402 0.022745  1.280167
24.86645507	491	-0.074698 0.022745  1.264844
24.87162017	492	-0.077093 0.016759  1.272984
24.87677192	489	-0.073980 0.028491  1.278491
24.88192749	484	-0.075895 0.021787  1.271308
24.88708305	483	-0.065840 0.022984  1.286391
24.89224815	481	-0.061770 0.020590  1.273702
24.89739990	476	-0.062009 0.014365  1.284237
24.90256309	475	-0.060333 0.016520  1.272745
24.90772438	471	-0.056742 0.017238  1.279688
24.91289138	470	-0.049320 0.015083  1.300996
##inga 
#ido(sec)  szog(ADC)     ax(g)    ay(g)   az(g)
24.91857910	468	-0.047165 0.014844  1.293813
24.92386054	465	-0.043335 0.007422  1.284955
24.92913627	465	-0.033279 0.005267  1.281364
24.93439674	462	-0.030885 0.011253  1.277054
24.93957138	457	-0.025857 -0.001915  1.293095
24.94478416	454	-0.022984 0.003591  1.269153
24.94993209	451	-0.013168 0.008619  1.269872
24.95509147	451	-0.017717 -0.000718  1.274660
24.96027946	451	-0.011013 -0.002394  1.280885
24.96548080	447	-0.011013 -0.002634  1.274899
24.97066879	448	-0.011253 -0.002155  1.272984
24.97586441	448	-0.016999 0.009577  1.265323
24.98100852	445	-0.016999 0.001915  1.251915
24.98616027	440	-0.013886 0.004549  1.249282
24.99131202	438	-0.017477 0.008619  1.242578
24.99646377	435	-0.027294 0.007661  1.243536
25.00160789	433	-0.021069 0.006943  1.247606
25.00675582	430	-0.032561 0.016759  1.233959
25.01191139	430	-0.038546 0.015083  1.234677
25.01706886	428	-0.046208 0.020590  1.228452
25.02221679	424	-0.051475 0.025378  1.220073
25.02738761	423	-0.055545 0.030885  1.220552
25.03256034	421	-0.059136 0.034716  1.208820
25.03772354	421	-0.061530 0.033040  1.216482
25.04288864	417	-0.070868 0.038786  1.203074
25.04805183	413	-0.064403 0.037589  1.205947
25.05322456	411	-0.075656 0.044053  1.199244
25.05838394	409	-0.074219 0.045011  1.191582
25.06355667	409	-0.071586 0.050996  1.184400
25.06871223	409	-0.075895 0.044053  1.178893
25.07386398	405	-0.071825 0.040940  1.166683
25.07901954	404	-0.071107 0.033518  1.168837
25.08416748	402	-0.068473 0.044771  1.159740
25.08931159	399	-0.069192 0.049799  1.151839
25.09446716	401	-0.061052 0.039504  1.145853
25.09961509	400	-0.061052 0.040701  1.148247
25.10477256	397	-0.058418 0.035194  1.142741
25.10991668	394	-0.052672 0.042138  1.131249
25.11506843	390	-0.051714 0.040462  1.122630
25.12021255	390	-0.045968 0.027772  1.107786
25.12536430	389	-0.036631 0.037828  1.099885
25.13050842	388	-0.041180 0.027772  1.103955
25.13566017	383	-0.033040 0.029448  1.090548
25.14081954	385	-0.026575 0.027294  1.080971
25.14598083	381	-0.023942 0.022026  1.087914
25.15114021	381	-0.023942 0.018675  1.074746
25.15628814	378	-0.010056 0.017956  1.068042
25.16143226	379	-0.013647 0.026575  1.061818
25.16659927	377	-0.009098 0.015562  1.054156
25.17176055	375	-0.011013 0.007422  1.044101
25.17692375	374	-0.004310 0.014126  1.044101
25.18207931	371	-0.005746 0.015562  1.032369
25.18724060	368	-0.006225 0.013407  1.033088
25.19240379	368	-0.007422 0.012929  1.027342
25.19755935	368	-0.006943 0.014126  1.009385
25.20272827	367	-0.002873 0.018675  1.011779
25.20789527	364	-0.011971 0.018675  0.995260
25.21305274	365	-0.012450 0.020829  0.986401
25.21820449	362	-0.010774 0.016759  0.997893
25.22336006	363	-0.014126 0.024899  0.984486
25.22850799	361	-0.017477 0.022505  0.977543
25.23366355	359	-0.021069 0.025139  0.970839
25.23881530	359	-0.021069 0.027533  0.973712
25.24395942	357	-0.025378 0.028970  0.967966
25.24910354	359	-0.033758 0.037110  0.958868
25.25424385	356	-0.032321 0.031603  0.945700
25.25937652	355	-0.043574 0.032082  0.955756
25.26452064	355	-0.046447 0.038786  0.953601
25.26967620	355	-0.042616 0.046926  0.942348
25.27482032	354	-0.052911 0.050278  0.942348
25.27997207	354	-0.054108 0.047644  0.944024
25.28512382	353	-0.066319 0.049799  0.931814
25.29027557	351	-0.067276 0.052193  0.926307
25.29541969	351	-0.063206 0.047405  0.928701
25.30056381	353	-0.063685 0.058418  0.923913
25.30571174	351	-0.062967 0.054348  0.920561
25.31085586	349	-0.062967 0.054827  0.923674
25.31601142	351	-0.062967 0.056503  0.913858
25.32115554	349	-0.062727 0.057221  0.914336
25.32630729	350	-0.062009 0.051475  0.909787
25.33146858	350	-0.062967 0.049799  0.914815
25.33662796	348	-0.051954 0.047405  0.910745
25.34179115	350	-0.053390 0.042856  0.907872
25.34695625	347	-0.043335 0.042377  0.910984
25.35210800	349	-0.041659 0.037349  0.902605
25.35727119	349	-0.035194 0.037349  0.907154
25.36242866	349	-0.030645 0.036391  0.901887
25.36759567	349	-0.028012 0.031124  0.916252
25.37275505	347	-0.023702 0.028970  0.918167
25.37791633	349	-0.018914 0.026097  0.908590
25.38306045	349	-0.014126 0.021069  0.912660
25.38821983	349	-0.011971 0.026575  0.906196
25.39336776	350	-0.012450 0.020590  0.915773
25.39851188	350	-0.012210 0.017238  0.916252
25.40366363	353	-0.008140 0.012929  0.911463
25.40881156	353	-0.001197 0.014604  0.927025
25.41395568	354	-0.005985 0.020829  0.910984
25.41909980	353	-0.006464 0.014604  0.921519
25.42424774	354	-0.006225 0.011731  0.912900
25.42938804	356	0.000000 0.015083  0.921519
25.43445968	356	-0.013407 0.023463  0.926547
##inga 
#ido(sec)  szog(ADC)     ax(g)    ay(g)   az(g)
25.44013977	357	-0.011253 0.017717  0.939715
25.44542312	355	-0.008858 0.023942  0.930377
25.45068740	357	-0.014365 0.015083  0.941869
25.45594787	356	-0.018196 0.024660  0.942109
25.46109199	358	-0.029927 0.026575  0.954080
25.46623611	358	-0.025618 0.028730  0.957431
25.47137641	359	-0.031843 0.023463  0.960065
25.47652053	360	-0.042856 0.031124  0.959826
25.48166465	358	-0.044053 0.032561  0.968684
25.48680877	359	-0.045968 0.036870  0.972036
25.49194717	362	-0.050757 0.039983  0.981613
25.49709510	364	-0.051714 0.041659  0.978261
25.50225257	365	-0.058179 0.035673  0.994062
25.50740432	364	-0.065122 0.050038  0.992865
25.51254463	365	-0.060573 0.045729  0.998133
25.51769256	367	-0.059615 0.044771  1.005076
25.52284431	369	-0.059376 0.038546  1.014413
25.52799987	370	-0.066798 0.039743  1.011301
25.53316307	372	-0.068952 0.039743  1.026384
25.53833580	373	-0.063925 0.044771  1.028539
25.54350090	375	-0.064164 0.044771  1.026863
25.54867553	375	-0.061770 0.042377  1.037158
25.55384063	380	-0.059854 0.045489  1.047453
25.55900764	380	-0.059615 0.033758  1.055353
25.56418037	381	-0.058657 0.032321  1.060860
25.56933593	382	-0.043574 0.035673  1.068282
25.57450485	384	-0.052432 0.026575  1.071873
25.57966804	386	-0.045489 0.027294  1.083365
25.58483505	388	-0.041180 0.028970  1.090308
25.58997917	389	-0.034955 0.021787  1.094618
25.59513664	391	-0.033997 0.028012  1.098449
25.60028457	393	-0.033040 0.025857  1.111617
25.60543632	392	-0.033040 0.010295  1.108744
25.61059188	395	-0.022266 0.013168  1.118799
25.61575126	397	-0.016520 0.008380  1.116165
25.62089538	400	-0.017956 0.013647  1.133164
25.62604331	403	-0.018196 0.010295  1.125982
25.63118362	404	-0.017477 0.005028  1.149205
25.63633155	404	-0.019872 0.008140  1.140825
25.64147949	405	-0.020829 0.007901  1.158542
25.64663124	406	-0.016280 0.012210  1.170035
25.65177536	409	-0.014365 0.001915  1.174583
25.65693664	411	-0.016041 0.008140  1.182245
25.66208457	411	-0.018914 0.020829  1.186315
25.66723632	415	-0.021548 0.004070  1.180808
25.67239189	417	-0.023942 0.011013  1.187033
25.67756462	417	-0.034476 0.011731  1.192540
25.68272018	419	-0.032800 0.011731  1.205947
25.68788337	420	-0.040222 0.013886  1.207862
25.69304847	422	-0.036631 0.012929  1.222706
25.69821929	426	-0.044053 0.013168  1.214566
25.70338439	427	-0.039743 0.019872  1.230847
25.70855140	427	-0.045250 0.019872  1.227495
25.71371650	430	-0.056981 0.022505  1.229650
25.71887588	433	-0.062727 0.022745  1.226537
25.72403907	436	-0.064164 0.027533  1.246888
25.72920417	439	-0.068713 0.028012  1.242339
25.73436355	440	-0.071107 0.027533  1.248564
25.73951911	445	-0.070868 0.026815  1.244493
25.74468040	447	-0.067516 0.030167  1.244015
25.74983215	448	-0.079247 0.033040  1.259098
25.75497627	449	-0.078768 0.031124  1.261253
25.76013183	449	-0.081881 0.026097  1.259098
25.76527595	452	-0.083557 0.028970  1.263168
25.77042770	455	-0.080684 0.028730  1.274899
25.77556800	456	-0.081881 0.033518  1.274421
25.78071594	457	-0.079726 0.031124  1.279927
25.78587532	461	-0.077332 0.016041  1.272266
25.79102325	464	-0.066558 0.025378  1.276815
25.79618072	466	-0.070868 0.025378  1.277533
25.80133247	468	-0.064643 0.021308  1.265802
25.80648040	470	-0.061052 0.006943  1.275857
25.81163215	473	-0.051954 0.009098  1.285673
25.81679153	474	-0.051954 0.004310  1.290462
25.82196044	477	-0.049081 0.006943  1.284476
25.82711982	477	-0.037349 -0.003112  1.266999
25.83233261	480	-0.031124 -0.003352  1.279448
25.83753967	482	-0.032082 -0.006943  1.272505
25.84274482	487	-0.030645 -0.007661  1.274181
25.84795951	489	-0.028012 -0.007183  1.264605
25.85316467	492	-0.022984 -0.015802  1.269632
25.85836029	495	-0.027772 -0.015802  1.264365
25.86355972	496	-0.025378 -0.010056  1.264605
25.86876487	501	-0.025618 -0.004070  1.261731
25.87396430	503	-0.033758 -0.018196  1.255028
25.87915992	502	-0.034476 -0.010295  1.260056
25.88438034	504	-0.032082 -0.016280  1.255507
25.88959121	504	-0.028730 -0.012210  1.241142
25.89479637	506	-0.041180 -0.009816  1.244972
25.89999961	509	-0.035194 -0.002394  1.244733
25.90520858	513	-0.042856 -0.006464  1.237071
25.91041183	516	-0.051714 -0.004788  1.234438
25.91561126	517	-0.053151 0.000958  1.234677
25.92077255	521	-0.053151 -0.000958  1.227974
25.92596817	523	-0.061530 -0.008380  1.223185
25.93116760	526	-0.056503 -0.000958  1.213369
25.93636322	526	-0.067995 0.001915  1.213608
25.94152069	530	-0.075895 0.007422  1.216960
25.94667243	532	-0.074459 0.007901  1.206187
25.95182418	535	-0.080205 0.001915  1.202116
25.95697593	536	-0.082360 0.009098  1.199004
##inga 
#ido(sec)  szog(ADC)     ax(g)    ay(g)   az(g)
25.96265602	537	-0.082120 0.012210  1.183202
25.96793174	539	-0.086190 0.007901  1.186554
25.97319984	542	-0.085472 0.009337  1.185597
25.97846794	543	-0.080444 0.014126  1.173626
25.98361206	544	-0.086669 0.012210  1.171710
25.98875617	547	-0.087387 0.011492  1.167401
25.99390411	549	-0.085472 0.002634  1.155191
25.99906349	549	-0.081881 0.009816  1.150163
26.00422477	550	-0.079487 0.008140  1.148966
26.00937652	551	-0.082839 0.007183  1.136755
26.01455116	556	-0.079487 -0.003831  1.129573
26.01976013	558	-0.072783 -0.000479  1.119757
26.02496719	559	-0.073501 -0.001197  1.109462
26.03016853	560	-0.060333 -0.004310  1.099646
26.03537559	563	-0.057460 -0.007661  1.105871
26.04057693	563	-0.050278 -0.014844  1.098209
26.04577636	565	-0.054348 -0.012929  1.091745
26.05097579	567	-0.052432 -0.008619  1.089111
26.05617904	567	-0.044532 -0.024181  1.073789
26.06138038	569	-0.049320 -0.024181  1.081210
26.06657600	573	-0.036391 -0.023702  1.066846
26.07177543	571	-0.037349 -0.024181  1.062296
26.07698440	574	-0.034955 -0.030167  1.054396
26.08219528	575	-0.031843 -0.029688  1.043861
26.08739280	577	-0.023224 -0.030167  1.035721
26.09260368	577	-0.027772 -0.028012  1.026384
26.09782028	579	-0.034955 -0.026336  1.032369
26.10301971	580	-0.028491 -0.035673  1.022553
26.10822486	581	-0.037589 -0.029448  1.012019
26.11342811	583	-0.030167 -0.029927  1.014892
26.11863136	584	-0.037589 -0.026097  1.008427
26.12382888	585	-0.039504 -0.020829  0.998851
26.12902450	585	-0.042138 -0.023702  0.987359
26.13422393	586	-0.055784 -0.019872  0.991189
26.13942718	587	-0.061291 -0.021069  0.997654
26.14463615	588	-0.063925 -0.016280  0.974430
26.14983940	590	-0.060573 -0.013647  0.974670
26.15504837	590	-0.067995 -0.007422  0.967248
26.16026306	589	-0.072783 -0.000479  0.969642
26.16545677	591	-0.080923 -0.005985  0.965332
26.17065620	591	-0.080684 -0.005985  0.967008
26.17584800	589	-0.084514 -0.004310  0.961262
26.18104362	592	-0.085951 -0.000479  0.953601
26.18624305	590	-0.087387 -0.002394  0.950249
26.19144058	592	-0.088345 -0.001915  0.958868
26.19663619	591	-0.099837 -0.005267  0.942348
26.20183181	592	-0.092415 -0.005985  0.942348
26.20703125	592	-0.092415 0.000479  0.948094
26.21217918	593	-0.082839 0.006225  0.935645
26.21734428	594	-0.086430 -0.003591  0.934447
26.22255516	592	-0.084993 -0.002634  0.929899
26.22776412	592	-0.081641 -0.009098  0.933969
26.23297119	595	-0.080684 -0.009816  0.935645
26.23817253	593	-0.072783 -0.009098  0.922237
26.24336814	593	-0.069431 -0.013886  0.922237
26.24856758	595	-0.071586 -0.010056  0.920801
26.25376892	594	-0.062009 -0.016041  0.921758
26.25897216	596	-0.056263 -0.013407  0.929899
26.26417541	594	-0.051235 -0.025618  0.920082
26.26938056	593	-0.048602 -0.019393  0.925110
26.27457237	593	-0.055306 -0.020829  0.920801
26.27977943	593	-0.035673 -0.026336  0.928941
26.28499221	593	-0.043813 -0.030406  0.933250
26.29019165	595	-0.040222 -0.025857  0.927983
26.29540824	595	-0.039265 -0.023224  0.927025
26.30061149	594	-0.034955 -0.030406  0.927025
26.30580711	592	-0.033758 -0.028970  0.929899
26.31100845	590	-0.035434 -0.029448  0.938518
26.31621170	593	-0.029448 -0.025618  0.934447
26.32141113	593	-0.035913 -0.027533  0.941391
26.32661247	592	-0.036870 -0.024181  0.938518
26.33180809	593	-0.036391 -0.028012  0.940193
26.33701133	591	-0.042138 -0.024660  0.956474
26.34222030	592	-0.038786 -0.014365  0.944503
26.34741973	589	-0.044053 -0.019153  0.957910
26.35261917	591	-0.044771 -0.014126  0.955516
26.35782814	591	-0.053151 -0.011971  0.957671
26.36303520	588	-0.057221 -0.013168  0.969402
26.36823654	588	-0.056024 -0.006464  0.973712
26.37343597	589	-0.058897 -0.011492  0.979937
26.37863159	589	-0.067995 -0.008380  0.981613
26.38382339	585	-0.068713 -0.005746  0.979937
26.38902473	585	-0.071825 -0.002155  0.985683
26.39421653	583	-0.080444 0.000479  1.003639
26.39935684	586	-0.074698 0.006225  1.000287
26.40451240	582	-0.081402 0.008619  0.995978
26.40965652	581	-0.082599 0.005746  1.018244
26.41481590	579	-0.080444 -0.004070  1.012258
26.42001914	578	-0.074219 0.002394  1.023511
26.42518043	579	-0.082120 0.001915  1.021117
26.43034362	578	-0.084275 0.007661  1.035721
26.43549537	577	-0.079247 0.008380  1.031890
26.44064712	573	-0.086190 0.008140  1.052480
26.44580459	575	-0.081402 0.008380  1.038594
26.45096015	573	-0.078290 0.010774  1.065170
26.45611572	572	-0.073741 0.005507  1.059902
26.46126365	570	-0.074698 0.000479  1.070437
26.46642494	570	-0.067516 -0.001197  1.073549
26.47163200	569	-0.062009 -0.000479  1.085281
26.47683143	564	-0.063446 -0.000479  1.086238
26.48203659	563	-0.060094 -0.005028  1.096054
##inga 
#ido(sec)  szog(ADC)     ax(g)    ay(g)   az(g)
26.48776435	563	-0.050517 -0.001437  1.101322
26.49304771	561	-0.045968 -0.008619  1.098688
26.49831199	558	-0.046447 -0.012210  1.111377
26.50361251	557	-0.042138 -0.013886  1.117363
26.50880813	553	-0.036391 -0.009577  1.113293
26.51400756	551	-0.037110 -0.011731  1.127418
26.51920318	550	-0.036391 -0.014844  1.137234
26.52440452	550	-0.033279 -0.018675  1.146093
26.52961540	546	-0.030167 -0.013647  1.151121
26.53482818	547	-0.030167 -0.015802  1.159740
26.54003524	543	-0.030167 -0.016520  1.169077
26.54524421	541	-0.029688 -0.019153  1.169316
26.55045509	538	-0.030645 -0.015083  1.159740
26.55565261	538	-0.031124 -0.012450  1.175781
26.56084823	537	-0.033997 -0.013886  1.193258
26.56604766	535	-0.031603 -0.009816  1.187273
26.57124710	535	-0.039025 -0.004549  1.189667
26.57644462	530	-0.044292 -0.001197  1.194455
26.58164024	529	-0.048362 -0.005028  1.206426
26.58683586	527	-0.051235 -0.005507  1.212172
26.59203147	525	-0.052432 0.000000  1.214806
26.59715270	521	-0.056263 0.009098  1.216003
26.60231208	522	-0.060094 0.010056  1.220552
26.60746383	518	-0.064403 0.006464  1.234198
26.61262321	516	-0.067037 0.014126  1.233720
26.61778450	514	-0.067276 0.015562  1.240423
26.62294769	510	-0.067276 0.013647  1.240423
26.62811279	508	-0.076135 0.015802  1.252634
26.63327598	506	-0.076853 0.016041  1.247845
26.63843917	503	-0.077093 0.022266  1.252873
26.64360046	503	-0.079966 0.023942  1.251437
26.64876365	502	-0.083557 0.024421  1.255507
26.65392494	499	-0.075177 0.024660  1.258619
26.65907669	497	-0.074698 0.025857  1.255267
26.66422462	494	-0.082120 0.023224  1.269393
26.66938781	489	-0.072304 0.022505  1.262210
26.67453956	488	-0.074219 0.016520  1.267717
26.67968368	487	-0.068234 0.019872  1.278491
26.68483924	482	-0.066558 0.023702  1.258619
26.69000434	479	-0.061770 0.016999  1.266280
26.69515228	478	-0.061052 0.017477  1.269632
26.70031547	475	-0.051235 0.008858  1.272505
26.70546340	475	-0.050038 0.012929  1.275857
26.71061515	473	-0.053630 0.011971  1.270829
26.71577262	471	-0.049799 0.013168  1.267477
26.72092056	468	-0.039743 0.011253  1.269872
26.72606468	464	-0.040462 0.010534  1.269153
26.73121643	463	-0.031124 0.012929  1.263647
26.73637580	461	-0.032321 0.005985  1.269632
26.74152755	459	-0.029688 0.005985  1.275618
26.74669265	454	-0.032321 0.004549  1.272266
26.75185585	454	-0.021308 0.008619  1.270829
26.75702857	452	-0.019632 0.002155  1.265802
26.76219177	451	-0.017477 -0.004549  1.256464
26.76740074	449	-0.017477 -0.000239  1.260056
26.77260398	447	-0.018914 0.009577  1.257183
26.77776718	447	-0.020590 0.006943  1.238987
26.78292465	443	-0.019872 0.001915  1.248324
26.78807258	440	-0.023463 0.010295  1.249521
26.79323196	439	-0.021787 0.007661  1.238987
26.79838371	432	-0.026097 0.012929  1.230847
26.80353546	434	-0.029209 0.012450  1.227016
26.80867958	432	-0.034237 0.012689  1.236832
26.81382369	429	-0.031603 0.011492  1.227495
26.81897926	429	-0.040462 0.023702  1.219833
26.82412719	426	-0.050757 0.023702  1.220791
26.82928466	423	-0.045489 0.021548  1.215524
26.83443260	421	-0.057460 0.025378  1.210975
26.83958816	420	-0.058657 0.030885  1.206905
26.84474372	418	-0.055784 0.035673  1.192061
26.84989929	417	-0.060094 0.039504  1.199004
26.85504341	412	-0.068952 0.039265  1.191343
26.86019134	410	-0.073022 0.039025  1.181766
26.86533546	408	-0.062967 0.043574  1.170274
26.87050056	409	-0.068234 0.041659  1.170513
26.87565994	408	-0.070389 0.045011  1.167401
26.88083267	405	-0.071346 0.038067  1.154712
26.88599205	404	-0.068473 0.041180  1.150642
26.89114379	401	-0.063446 0.045250  1.145853
26.89630317	401	-0.064164 0.044053  1.143699
26.90147590	399	-0.058657 0.036631  1.129333
26.90664482	397	-0.056742 0.038067  1.120954
26.91181564	397	-0.047884 0.039983  1.117123
26.91698837	394	-0.045729 0.036631  1.102519
26.92214012	392	-0.044292 0.039743  1.110180
26.92729568	390	-0.039504 0.029688  1.099646
26.93245124	386	-0.037349 0.033758  1.091266
26.93760490	386	-0.028012 0.029209  1.078577
26.94276428	384	-0.031843 0.028251  1.089590
26.94790840	385	-0.024660 0.025378  1.067803
26.95305633	383	-0.023224 0.022984  1.074746
26.95820808	381	-0.021069 0.023224  1.060621
26.96335220	380	-0.014844 0.020351  1.057987
26.96850776	380	-0.017477 0.024899  1.050565
26.97365951	377	-0.018196 0.017238  1.052002
26.97880744	377	-0.011253 0.013886  1.033327
26.98395919	376	-0.004788 0.011013  1.028060
26.98911285	373	-0.013407 0.015323  1.033327
26.99426460	372	-0.009337 0.017956  1.022074
26.99940872	371	-0.009577 0.021069  1.019201
27.00455284	369	-0.011971 0.018914  1.010103
##inga 
#ido(sec)  szog(ADC)     ax(g)    ay(g)   az(g)
27.01024055	369	-0.014365 0.025857  1.008667
27.01551246	367	-0.015802 0.023942  0.993105
27.02078437	367	-0.016041 0.028251  0.990471
27.02603530	366	-0.015802 0.028970  0.980894
27.03117561	365	-0.021787 0.028730  0.981613
27.03631591	364	-0.022505 0.028491  0.982570
27.04146003	363	-0.029688 0.031124  0.976585
27.04661941	359	-0.028970 0.033040  0.966769
27.05178833	358	-0.034237 0.038786  0.960783
27.05695915	358	-0.042856 0.037828  0.950010
27.06211662	360	-0.038546 0.039983  0.948334
27.06728363	359	-0.046447 0.033997  0.949770
27.07244873	355	-0.041898 0.037828  0.960783
27.07760810	356	-0.047405 0.044053  0.944982
27.08276367	357	-0.049081 0.045011  0.937320
27.08793258	355	-0.052911 0.039504  0.947376
27.09309577	355	-0.057700 0.039025  0.934447
27.09824752	356	-0.057700 0.052193  0.933729
27.10340309	352	-0.059136 0.051714  0.932772
27.10855674	352	-0.057460 0.050517  0.928223
27.11370468	354	-0.058179 0.050517  0.925828
27.11884880	354	-0.061530 0.054587  0.927983
27.12399291	352	-0.057221 0.046447  0.921519
27.12914848	353	-0.057221 0.045968  0.921519
27.13430404	351	-0.051475 0.045250  0.919125
27.13945198	352	-0.046447 0.051714  0.910506
27.14460372	351	-0.045489 0.045011  0.913858
27.14976310	351	-0.039265 0.033040  0.913139
27.15490722	353	-0.041180 0.041180  0.917449
27.16005516	353	-0.036631 0.038307  0.923674
27.16521263	350	-0.033040 0.031603  0.907154
27.17035675	353	-0.029209 0.029688  0.909069
27.17550086	353	-0.023463 0.030645  0.917209
27.18064308	351	-0.021787 0.028251  0.910745
27.18578720	352	-0.015802 0.027533  0.921040
27.19094085	351	-0.018435 0.021787  0.920082
27.19609260	354	-0.017477 0.016999  0.919843
27.20125961	354	-0.015323 0.016759  0.912900
27.20641517	356	-0.011971 0.018435  0.920082
27.21157646	354	-0.010534 0.015802  0.927504
27.21673583	354	-0.010774 0.026336  0.929899
27.22189521	355	-0.012689 0.016999  0.933729
27.22706031	357	-0.019632 0.012929  0.937081
27.23222351	357	-0.008140 0.016280  0.933490
27.23737907	355	-0.015802 0.017956  0.934208
27.24254035	358	-0.017717 0.028251  0.939954
27.24770736	358	-0.021069 0.019393  0.945461
27.25286865	358	-0.016280 0.018196  0.958150
27.25802803	358	-0.024181 0.026575  0.947137
27.26317977	358	-0.026815 0.023942  0.951686
27.26833152	361	-0.031124 0.031603  0.961262
27.27347564	362	-0.025378 0.028251  0.955995
27.27861976	362	-0.037349 0.027294  0.981852
27.28376770	363	-0.047405 0.031843  0.961023
27.28892326	366	-0.039504 0.038307  0.989035
27.29408454	366	-0.047165 0.038546  0.981852
27.29923248	366	-0.045968 0.041419  0.988556
27.30438041	369	-0.047165 0.032561  0.997414
27.30953216	369	-0.056263 0.043574  0.997654
27.31467628	370	-0.054348 0.040462  1.002203
27.31982803	370	-0.056742 0.040701  1.005076
27.32497215	372	-0.059615 0.038307  1.009146
27.33012008	374	-0.053630 0.039743  1.012977
27.33528327	377	-0.053390 0.036870  1.029975
27.34042739	378	-0.064164 0.035434  1.025426
27.34557533	380	-0.057221 0.040222  1.035482
27.35073280	381	-0.056263 0.033997  1.042904
27.35589981	381	-0.054827 0.033997  1.047692
27.36106491	379	-0.052672 0.036631  1.054635
27.36623191	382	-0.051235 0.034716  1.058705
27.37139129	386	-0.045250 0.034476  1.066127
27.37656021	389	-0.047884 0.029209  1.068521
27.38173294	388	-0.041419 0.028730  1.082168
27.38689994	391	-0.042377 0.025378  1.090069
27.39206886	393	-0.043335 0.025139  1.088632
27.39723205	395	-0.032082 0.023224  1.096054
27.40239143	394	-0.031843 0.022505  1.102279
27.40755653	397	-0.041419 0.022026  1.110659
27.41271591	399	-0.032321 0.016999  1.116884
27.41787147	399	-0.026336 0.017956  1.120714
27.42302322	402	-0.023942 0.015083  1.139629
27.42818832	404	-0.020111 0.008858  1.138192
27.43333625	406	-0.027054 0.016041  1.137953
27.43849182	406	-0.023942 0.005507  1.155191
27.44364356	406	-0.022505 0.008619  1.153993
27.44879150	409	-0.029688 0.011253  1.159021
27.45394325	411	-0.025139 0.012689  1.171471
27.45908737	411	-0.028012 0.009816  1.165486
27.46424865	415	-0.019153 0.009337  1.173386
27.46939277	417	-0.031603 0.010774  1.188470
27.47454833	417	-0.033518 0.006464  1.182963
27.47969245	419	-0.038307 0.005267  1.193258
27.48484802	423	-0.028012 0.007661  1.194455
27.48999977	424	-0.038067 0.012450  1.202116
27.49515533	424	-0.035434 0.015323  1.213608
27.50032424	427	-0.044053 0.024181  1.219355
27.50550079	430	-0.044053 0.017717  1.213848
27.51065635	432	-0.052193 0.017717  1.224861
27.51581954	434	-0.051235 0.020111  1.230847
27.52098464	436	-0.055066 0.020111  1.230847
27.52615165	437	-0.057700 0.018675  1.237311
##inga 
#ido(sec)  szog(ADC)     ax(g)    ay(g)   az(g)
27.53186416	440	-0.058418 0.025378  1.241142
27.53717613	444	-0.059376 0.024899  1.230368
27.54245567	448	-0.064403 0.023702  1.247366
27.54773139	448	-0.069671 0.027294  1.246648
27.55289649	449	-0.078050 0.027533  1.250479
27.55805969	449	-0.073501 0.024660  1.253831
27.56321144	451	-0.075656 0.025139  1.255985
27.56835937	454	-0.071586 0.027054  1.263407
27.57350349	456	-0.070149 0.026815  1.258859
27.57865905	457	-0.069192 0.019393  1.261971
27.58380317	461	-0.069192 0.017477  1.270829
27.58896064	462	-0.065361 0.022505  1.269153
27.59410858	465	-0.063685 0.018675  1.273463
27.59924888	467	-0.062009 0.013647  1.252873
27.60439109	468	-0.058657 0.011971  1.263647
27.60953521	472	-0.063446 0.011013  1.274181
27.61467933	473	-0.057939 0.006943  1.264126
27.61983680	474	-0.052432 0.002155  1.277294
27.62499237	475	-0.046926 0.000000  1.269632
27.63010787	479	-0.045729 0.004788  1.270829
27.63525581	482	-0.041659 0.004788  1.262929
27.64041137	485	-0.041659 0.000479  1.263168
27.64555549	485	-0.038307 -0.000479  1.254070
27.65075111	491	-0.038786 -0.010774  1.261253
27.65595245	493	-0.043095 -0.009337  1.255985
27.66115188	495	-0.035194 -0.007661  1.256704
27.66636085	496	-0.034476 -0.007901  1.256464
27.67156028	501	-0.038067 -0.008858  1.255507
27.67675971	503	-0.045968 -0.012689  1.258380
27.68196868	503	-0.041180 -0.005507  1.239226
27.68716812	503	-0.040940 -0.007183  1.237550
27.69235992	506	-0.044532 -0.011253  1.238508
27.69755935	509	-0.051235 -0.005746  1.248085
27.70275115	509	-0.047644 -0.009816  1.236593
27.70796394	515	-0.050038 0.001915  1.238029
27.71311187	517	-0.048123 -0.004788  1.225819
27.71831512	518	-0.050278 -0.000239  1.223425
27.72351646	522	-0.057939 0.001197  1.213608
27.72868347	524	-0.049320 0.000239  1.223425
27.73384857	525	-0.064882 -0.003591  1.201159
27.73904800	527	-0.065122 0.000000  1.203074
27.74417114	529	-0.065840 -0.001197  1.204990
27.74938011	531	-0.066798 0.001915  1.194216
27.75454330	534	-0.062727 0.004788  1.186315
27.75970840	534	-0.071586 0.005746  1.178414
27.76487159	536	-0.069671 0.003591  1.179372
27.77002334	538	-0.075177 0.004549  1.178175
27.77517509	541	-0.077811 -0.002634  1.161176
27.78037643	542	-0.084275 0.001676  1.158303
27.78553199	543	-0.079487 -0.001676  1.159979
27.79073524	542	-0.076614 0.006943  1.164528
27.79590034	548	-0.076853 0.006464  1.145135
27.80104827	548	-0.074698 -0.006943  1.139389
27.80624771	551	-0.072783 -0.002155  1.137713
27.81143951	551	-0.076135 -0.001197  1.126939
27.81664085	552	-0.074219 -0.003591  1.133882
27.82183647	557	-0.071586 -0.000718  1.104673
27.82703590	558	-0.062967 -0.005267  1.101561
27.83222770	560	-0.063925 -0.010056  1.114490
27.83743286	562	-0.063925 -0.002394  1.091506
27.84263610	563	-0.064882 -0.008619  1.095336
27.84784889	565	-0.063685 -0.011013  1.093181
27.85305595	565	-0.049320 -0.017238  1.088632
27.85824775	565	-0.054108 -0.015562  1.078816
27.86345291	567	-0.047884 -0.018196  1.067324
27.86865234	570	-0.045968 -0.017717  1.062775
27.87385177	572	-0.043335 -0.017956  1.051044
27.87904739	572	-0.043813 -0.022984  1.046974
27.88423919	574	-0.045011 -0.026815  1.041946
27.88945198	572	-0.036152 -0.021548  1.035003
27.89466094	574	-0.038546 -0.017717  1.028060
27.89986038	574	-0.041180 -0.020829  1.018244
27.90507507	577	-0.043335 -0.025857  1.019441
27.91028785	580	-0.047405 -0.023942  1.014892
27.91549110	580	-0.039983 -0.022745  1.012019
27.92069244	581	-0.051954 -0.022745  1.006752
27.92588806	583	-0.048602 -0.021308  0.999330
27.93108367	581	-0.051954 -0.023224  0.995260
27.93627548	584	-0.048123 -0.017717  0.995020
27.94147682	584	-0.055784 -0.016759  0.976585
27.94668388	585	-0.056742 -0.012450  0.987838
27.95188331	587	-0.059854 -0.020829  0.984007
27.95709228	586	-0.066319 -0.011971  0.968445
27.96229553	588	-0.072783 -0.013647  0.970360
27.96750068	589	-0.070149 -0.006704  0.965332
27.97270011	590	-0.076374 -0.005985  0.961023
27.97790718	587	-0.072065 -0.009337  0.955037
27.98311233	590	-0.075656 -0.007183  0.952643
27.98830413	589	-0.078768 -0.005985  0.952643
27.99349975	591	-0.074219 -0.003591  0.947376
27.99869537	591	-0.075895 -0.011013  0.944982
28.00389671	589	-0.074698 -0.012450  0.948334
28.00909614	592	-0.079487 -0.004070  0.939954
28.01429176	591	-0.082120 -0.007183  0.944024
28.01949691	592	-0.074698 -0.004310  0.937560
28.02469635	591	-0.070389 -0.006704  0.932772
28.02990722	592	-0.077811 -0.007422  0.941869
28.03512001	592	-0.077332 -0.008858  0.940433
28.04032325	593	-0.071586 -0.010534  0.940433
28.04552078	591	-0.069431 -0.011971  0.931814
28.05072402	592	-0.068952 -0.016999  0.933490
##inga 
#ido(sec)  szog(ADC)     ax(g)    ay(g)   az(g)
28.05644416	591	-0.059376 -0.010534  0.931814
28.06172370	593	-0.064164 -0.020829  0.931814
28.06700325	591	-0.050996 -0.017477  0.930617
28.07226753	592	-0.055784 -0.016280  0.936123
28.07746315	593	-0.052672 -0.021308  0.922955
28.08266067	592	-0.044053 -0.024660  0.943785
28.08785629	591	-0.048123 -0.021069  0.942109
28.09305572	592	-0.045489 -0.016759  0.931574
28.09826850	590	-0.044053 -0.024899  0.932772
28.10346794	592	-0.047405 -0.018196  0.932772
28.10867691	592	-0.040462 -0.021069  0.928701
28.11387634	591	-0.038067 -0.016759  0.951446
28.11908340	592	-0.037110 -0.018914  0.952404
28.12429618	592	-0.033758 -0.018435  0.946418
28.12949180	591	-0.040940 -0.018435  0.948573
28.13470077	589	-0.041898 -0.018914  0.948573
28.13990020	590	-0.045968 -0.022505  0.946897
28.14509582	588	-0.041180 -0.009577  0.955277
28.15029144	587	-0.046447 -0.016520  0.964135
28.15548706	587	-0.051714 -0.013168  0.965332
28.16068458	586	-0.047884 -0.018435  0.967487
28.16588020	587	-0.054108 -0.012450  0.970121
28.17108345	585	-0.054587 -0.010774  0.980894
28.17628860	585	-0.061291 -0.007422  0.978500
28.18148422	584	-0.068713 -0.000958  0.987119
28.18668746	584	-0.069671 -0.000239  0.990232
28.19189643	582	-0.072065 0.002155  0.995020
28.19704818	580	-0.066798 0.002394  1.001245
28.20219230	579	-0.070868 0.001437  1.006512
28.20734786	579	-0.067755 0.000958  1.006273
28.21250343	579	-0.070149 0.001915  1.015849
28.21765518	578	-0.073741 0.001676  1.016328
28.22281265	575	-0.071586 0.004788  1.018723
28.22797203	575	-0.074219 0.007422  1.033088
28.23312759	575	-0.071825 0.002873  1.032848
28.23827934	572	-0.074459 0.001915  1.041467
28.24341964	571	-0.072783 -0.002634  1.045777
28.24862861	572	-0.067276 0.005028  1.060860
28.25377655	569	-0.067995 0.001915  1.055832
28.25892066	569	-0.070389 0.002155  1.054875
28.26407241	565	-0.068952 -0.004070  1.069718
28.26927185	566	-0.063685 -0.006704  1.078816
28.27447128	562	-0.060573 0.001915  1.076662
28.27963638	561	-0.059615 -0.008380  1.089590
28.28483963	559	-0.055545 -0.011492  1.096773
28.29003906	558	-0.055784 -0.002155  1.094618
28.29524803	554	-0.052672 -0.004070  1.104434
28.30045509	553	-0.049081 -0.004549  1.110898
28.30566024	553	-0.045489 -0.009337  1.121433
28.31085586	551	-0.046447 -0.009337  1.128136
28.31605911	550	-0.043095 -0.004070  1.135079
28.32125663	546	-0.039025 -0.009098  1.136755
28.32645606	545	-0.038067 -0.008858  1.143459
28.33165550	542	-0.041419 -0.009577  1.148726
28.33684730	540	-0.038546 -0.010295  1.157345
28.34204864	540	-0.032321 -0.003112  1.161894
28.34725570	539	-0.036870 -0.006225  1.161894
28.35245513	538	-0.032561 -0.007901  1.176738
28.35766792	537	-0.038786 -0.006464  1.170035
28.36288070	535	-0.040222 -0.011731  1.188470
28.36808013	534	-0.045729 -0.007183  1.177456
28.37328338	530	-0.036870 -0.000239  1.184160
28.37848091	528	-0.048123 0.002634  1.199722
28.38363647	527	-0.046447 -0.003352  1.197328
28.38883209	524	-0.048602 0.000718  1.200441
28.39397621	523	-0.053869 0.007183  1.213130
28.39912033	521	-0.059136 0.001915  1.211214
28.40427589	516	-0.062009 0.005028  1.222706
28.40941619	516	-0.060573 0.005267  1.224143
28.41456413	513	-0.067995 0.013168  1.224382
28.41970825	508	-0.067276 0.011731  1.229889
28.42486763	508	-0.066798 0.015562  1.229889
28.43001556	506	-0.072304 0.015562  1.228931
28.43518066	504	-0.068473 0.017956  1.238747
28.44034004	503	-0.068234 0.013886  1.227016
28.44549942	502	-0.068952 0.022266  1.236114
28.45066833	501	-0.071346 0.018675  1.244015
28.45585250	497	-0.073022 0.018675  1.250718
28.46101951	493	-0.068713 0.025139  1.254310
28.46618080	490	-0.073262 0.019393  1.252155
28.47135162	491	-0.068713 0.019632  1.250958
28.47652435	488	-0.063206 0.024421  1.246409
28.48168754	485	-0.061052 0.015802  1.259577
28.48684883	480	-0.065840 0.016999  1.266041
28.49200057	478	-0.060094 0.011253  1.260534
28.49714851	476	-0.058657 0.013886  1.257422
28.50230407	475	-0.060094 0.013647  1.258859
28.50745964	471	-0.050278 0.012450  1.265802
28.51260757	472	-0.050038 0.008858  1.248085
28.51775169	468	-0.047884 0.012210  1.262689
28.52290344	466	-0.047884 0.009098  1.258619
28.52806472	463	-0.043095 0.013647  1.248803
28.53321647	461	-0.035673 0.011971  1.257901
28.53836441	459	-0.040222 0.012210  1.255507
28.54351615	457	-0.032082 0.008858  1.253831
28.54866409	455	-0.030885 0.008380  1.242339
28.55381584	452	-0.030167 0.009337  1.243536
28.55895996	450	-0.033040 0.007901  1.258619
28.56411170	448	-0.027772 0.006943  1.243296
28.56925582	447	-0.027054 0.006225  1.240902
28.57442474	448	-0.029209 0.011013  1.238987
##inga 
#ido(sec)  szog(ADC)     ax(g)    ay(g)   az(g)
28.58012771	445	-0.034716 0.007661  1.243296
28.58540344	445	-0.030885 0.010774  1.238269
28.59067535	440	-0.026815 0.008380  1.224382
28.59593582	438	-0.034237 0.012210  1.231086
28.60109519	435	-0.033997 0.012210  1.224143
28.60625267	431	-0.039025 0.022505  1.224622
28.61141586	432	-0.037589 0.017477  1.222706
28.61657905	431	-0.041659 0.017956  1.214327
28.62174415	426	-0.044053 0.023702  1.200680
28.62690734	423	-0.046926 0.026097  1.205468
28.63208389	421	-0.047405 0.024421  1.201638
28.63725280	422	-0.048841 0.028491  1.201877
28.64242362	418	-0.052672 0.032321  1.193737
28.64758491	418	-0.058897 0.027054  1.182005
28.65273666	416	-0.054827 0.036870  1.187512
28.65788078	413	-0.059136 0.038786  1.179372
28.66304397	411	-0.055784 0.039265  1.163810
28.66819190	410	-0.058657 0.033518  1.172189
28.67334747	408	-0.062249 0.038067  1.155669
28.67849540	407	-0.060333 0.042377  1.149445
28.68365287	407	-0.060094 0.035673  1.151599
28.68880844	405	-0.064882 0.033997  1.139150
28.69395256	403	-0.060573 0.034716  1.136755
28.69909667	401	-0.055784 0.035913  1.133643
28.70425224	400	-0.058179 0.040462  1.124545
28.70940399	399	-0.045968 0.035673  1.123587
28.71454811	397	-0.050757 0.034237  1.107546
28.71970748	396	-0.045489 0.032800  1.101082
28.72484016	393	-0.043335 0.032800  1.102279
28.72999572	391	-0.040940 0.032082  1.092942
28.73514366	388	-0.040940 0.028970  1.086238
28.74028778	386	-0.035913 0.031843  1.078577
28.74545288	386	-0.036870 0.027294  1.079295
28.75061607	383	-0.033040 0.029209  1.071873
28.75578308	382	-0.031364 0.027054  1.071155
28.76094436	381	-0.025618 0.023702  1.057269
28.76611137	382	-0.027533 0.023702  1.047931
28.77128410	381	-0.024181 0.024421  1.044340
28.77645111	379	-0.017238 0.022984  1.044580
28.78162002	378	-0.021548 0.017956  1.032609
28.78676795	377	-0.015083 0.018914  1.023990
28.79192733	375	-0.017956 0.020111  1.027820
28.79708862	371	-0.018435 0.021787  1.020159
28.80224037	371	-0.021787 0.021069  1.016328
28.80739212	371	-0.013168 0.018196  1.014413
28.81255149	370	-0.017956 0.020590  1.007949
28.81769561	369	-0.021548 0.025618  1.002203
28.82285118	369	-0.018196 0.021308  0.992865
28.82799911	365	-0.020351 0.021787  0.988316
28.83315658	366	-0.022505 0.024899  0.984246
28.83830451	367	-0.025618 0.031364  0.979697
28.84346008	363	-0.030167 0.027294  0.978979
28.84860801	362	-0.027772 0.032800  0.974909
28.85375213	363	-0.030885 0.035194  0.967726
28.85889625	360	-0.037828 0.034716  0.964135
28.86404037	360	-0.030406 0.033040  0.956713
28.86918449	360	-0.035673 0.037349  0.956234
28.87432861	358	-0.037349 0.038546  0.951686
28.87948417	359	-0.043095 0.042616  0.939715
28.88463211	358	-0.046926 0.039743  0.945700
28.88977241	359	-0.047644 0.042138  0.943066
28.89491653	359	-0.041898 0.046447  0.943785
28.90007591	357	-0.052672 0.043813  0.935884
28.90524482	357	-0.050517 0.045250  0.929899
28.91041946	355	-0.052432 0.043574  0.940433
28.91557693	357	-0.052432 0.051954  0.930138
28.92074394	354	-0.052672 0.044771  0.924392
28.92590332	356	-0.053869 0.045968  0.917928
28.93106842	354	-0.055784 0.043335  0.919604
28.93624305	356	-0.051235 0.046208  0.920322
28.94140052	355	-0.052911 0.039983  0.922237
28.94655990	355	-0.047165 0.038307  0.921040
28.95170402	354	-0.049081 0.043335  0.924871
28.95687294	354	-0.042138 0.040222  0.916012
28.96201515	354	-0.048602 0.038546  0.912182
28.96717262	355	-0.037349 0.038786  0.923674
28.97232055	355	-0.035913 0.038067  0.920561
28.97746467	355	-0.032321 0.025857  0.925350
28.98261260	353	-0.024899 0.027294  0.915773
28.98776435	357	-0.025618 0.035673  0.909548
28.99291610	354	-0.026575 0.031124  0.921040
28.99806022	357	-0.025857 0.026336  0.922955
29.00320816	358	-0.019872 0.021548  0.924871
29.00836372	358	-0.020590 0.026575  0.925350
29.01350784	355	-0.018435 0.027533  0.929420
29.01865196	359	-0.018435 0.017477  0.923674
29.02381134	357	-0.015323 0.018914  0.930856
29.02895927	357	-0.010774 0.026336  0.939715
29.03410720	360	-0.010056 0.018435  0.931574
29.03926086	359	-0.016759 0.023463  0.941391
29.04439926	359	-0.025378 0.029209  0.955756
29.04957199	361	-0.019153 0.016041  0.947137
29.05472755	363	-0.020829 0.026336  0.948334
29.05990028	363	-0.025139 0.028491  0.958868
29.06506729	364	-0.020590 0.028730  0.957910
29.07022094	366	-0.032082 0.023463  0.964854
29.07538414	363	-0.033040 0.026575  0.966769
29.08054733	365	-0.032800 0.029688  0.969163
29.08569526	367	-0.033279 0.027054  0.971557
29.09087181	369	-0.040462 0.028491  0.975388
29.09602355	370	-0.037349 0.027772  0.984965
##inga 
#ido(sec)  szog(ADC)     ax(g)    ay(g)   az(g)
29.10172080	371	-0.041898 0.028970  0.990471
29.10697174	371	-0.047644 0.034716  0.994302
29.11225128	373	-0.050517 0.028251  1.004836
29.11751937	374	-0.055784 0.034955  1.003639
29.12269210	374	-0.053869 0.033997  1.017765
29.12784767	378	-0.053869 0.034237  1.014413
29.13300323	380	-0.056503 0.036152  1.028539
29.13815689	381	-0.049320 0.033997  1.028778
29.14331626	379	-0.049799 0.033758  1.034045
29.14847564	382	-0.055545 0.035194  1.032369
29.15363121	383	-0.047165 0.037589  1.039312
29.15877914	382	-0.053390 0.031843  1.052002
29.16393280	385	-0.053151 0.031124  1.063015
29.16908454	387	-0.054348 0.034237  1.053678
29.17424392	389	-0.051954 0.031843  1.071873
29.17940330	389	-0.050996 0.025857  1.074267
29.18456459	393	-0.052911 0.028012  1.082886
29.18971633	395	-0.049799 0.031364  1.092463
29.19487571	396	-0.048123 0.026575  1.086957
29.20003509	397	-0.047165 0.025857  1.105631
29.20518493	400	-0.041180 0.025618  1.111617
29.21035194	401	-0.039743 0.024899  1.116644
29.21552467	402	-0.039743 0.024660  1.114490
29.22068023	405	-0.034955 0.017717  1.126939
29.22584342	406	-0.031364 0.019393  1.128615
29.23100852	408	-0.031124 0.016759  1.137474
29.23617553	407	-0.027054 0.014844  1.136755
29.24133682	408	-0.028491 0.010534  1.149684
29.24649238	411	-0.026575 0.010774  1.157345
29.25165557	410	-0.024660 0.013886  1.157345
29.25681114	414	-0.019153 0.011013  1.163810
29.26196861	417	-0.026097 0.010056  1.167640
29.26712036	417	-0.036631 0.007901  1.176978
29.27227973	418	-0.030406 0.005985  1.185118
29.27742385	419	-0.030406 0.015562  1.178175
29.28257942	421	-0.028730 0.015802  1.185597
29.28772735	424	-0.035673 0.011013  1.183442
29.29287147	427	-0.038307 0.010056  1.193737
29.29801559	429	-0.039743 0.009577  1.204271
29.30316734	431	-0.032321 0.012689  1.209778
29.30831909	433	-0.044292 0.011731  1.214327
29.31346893	434	-0.048362 0.009577  1.212651
29.31862068	436	-0.045011 0.016999  1.224143
29.32376480	437	-0.055784 0.015802  1.225579
29.32892417	441	-0.052672 0.022745  1.229410
29.33407211	445	-0.056981 0.017956  1.229889
29.33922767	448	-0.062249 0.021787  1.233959
29.34438705	449	-0.060094 0.016999  1.239226
29.34954071	447	-0.069192 0.018675  1.238029
29.35470008	451	-0.065840 0.019153  1.246409
29.35986709	453	-0.063685 0.025378  1.240423
29.36502838	455	-0.068473 0.022984  1.244972
29.37019157	455	-0.068473 0.020351  1.251676
29.37536048	455	-0.069910 0.017477  1.245691
29.38052368	458	-0.063206 0.013647  1.248564
29.38568878	462	-0.065361 0.015802  1.246888
29.39085197	463	-0.070389 0.021548  1.244972
29.39602088	464	-0.065840 0.019153  1.259577
29.40117645	469	-0.060573 0.012210  1.249042
29.40633201	470	-0.065840 0.014365  1.252873
29.41148376	472	-0.061530 0.016280  1.255985
29.41663169	473	-0.063685 0.008380  1.248324
29.42178344	477	-0.058179 0.003831  1.257901
29.42692756	478	-0.051954 0.001915  1.254310
29.43207931	482	-0.050996 0.013407  1.251915
29.43722343	483	-0.044771 0.006464  1.254549
29.44238090	483	-0.049559 -0.000718  1.249761
29.44757652	489	-0.045489 0.005267  1.249042
29.45273208	492	-0.043813 0.002155  1.251915
29.45788002	494	-0.042856 -0.004788  1.250718
29.46307945	494	-0.042377 -0.001437  1.245691
29.46827125	498	-0.045011 -0.006225  1.241860
29.47346305	502	-0.042377 -0.003352  1.235635
29.47866439	501	-0.035434 -0.010295  1.230368
29.48386764	504	-0.044771 -0.005028  1.235396
29.48907661	502	-0.035434 -0.005028  1.228931
29.49427223	507	-0.043335 -0.005985  1.236114
29.49947929	508	-0.046926 -0.005028  1.226058
29.50469207	511	-0.043335 -0.002634  1.222706
29.50988769	515	-0.046447 -0.011013  1.216482
29.51508712	516	-0.046926 -0.007901  1.221270
29.52028465	518	-0.042138 -0.006704  1.216721
29.52548408	519	-0.054587 -0.000239  1.201638
29.53067970	524	-0.055306 -0.000958  1.204750
29.53587913	526	-0.051954 -0.009337  1.194455
29.54107666	527	-0.055784 -0.002873  1.201159
29.54628372	528	-0.059615 0.001437  1.182484
29.55145263	531	-0.064164 -0.001197  1.184400
29.55664825	534	-0.065122 0.001915  1.180808
29.56180763	535	-0.066798 -0.002394  1.174105
29.56701278	535	-0.070149 0.003591  1.170992
29.57216835	535	-0.069910 0.000479  1.164528
29.57732772	539	-0.071346 -0.000239  1.152796
29.58253669	539	-0.069192 0.005985  1.154472
29.58769989	543	-0.074219 0.002634  1.147050
29.59284782	542	-0.074938 0.008140  1.146093
29.59799194	544	-0.074698 0.003591  1.146572
29.60313606	548	-0.078529 0.008858  1.128136
29.60828399	549	-0.078050 0.002394  1.118081
29.61343193	551	-0.074219 -0.005267  1.123348
29.61862754	552	-0.077332 -0.000239  1.118560
##inga 
#ido(sec)  szog(ADC)     ax(g)    ay(g)   az(g)
29.62434768	552	-0.070149 -0.004070  1.105152
29.62962722	554	-0.073022 -0.007661  1.102519
29.63490867	559	-0.065840 -0.001915  1.097491
29.64016723	559	-0.067276 -0.011731  1.085281
29.64536857	559	-0.063925 -0.010056  1.082168
29.65056419	560	-0.058657 -0.013886  1.077859
29.65575981	562	-0.058179 -0.005746  1.071155
29.66095924	567	-0.056263 -0.012210  1.068042
29.66616439	567	-0.061052 -0.014365  1.053678
29.67136764	569	-0.049559 -0.018675  1.060860
29.67657661	570	-0.049320 -0.017238  1.049847
29.68178749	571	-0.051714 -0.024181  1.034285
29.68699264	573	-0.045489 -0.018675  1.030693
29.69219207	574	-0.047644 -0.020590  1.036439
29.69739532	573	-0.041419 -0.022505  1.025666
29.70260047	575	-0.041659 -0.020111  1.016328
29.70780372	576	-0.047884 -0.023702  1.022074
29.71300315	577	-0.047884 -0.019393  1.025426
29.71821212	577	-0.045011 -0.024421  1.004597
29.72341537	580	-0.046926 -0.020351  0.993823
29.72862434	579	-0.046447 -0.016999  0.990711
29.73383522	582	-0.046926 -0.025378  0.996457
29.73904800	581	-0.042138 -0.022745  0.991429
29.74426460	584	-0.053630 -0.020111  0.983289
29.74946784	584	-0.050757 -0.022266  0.983767
29.75466728	584	-0.053869 -0.018675  0.969163
29.75985908	585	-0.062488 -0.017238  0.969402
29.76505661	586	-0.063206 -0.013407  0.968924
29.77025222	585	-0.062967 -0.008858  0.967248
29.77545547	587	-0.064882 -0.005985  0.962938
29.78065681	587	-0.067995 -0.010295  0.970360
29.78585624	586	-0.073262 -0.012450  0.964614
29.79105949	586	-0.075417 -0.004549  0.955037
29.79626464	588	-0.076135 -0.011013  0.956713
29.80147171	588	-0.076853 -0.011731  0.944982
29.80668449	587	-0.075656 -0.010534  0.942827
29.81188774	590	-0.076374 -0.005028  0.944742
29.81709289	590	-0.078768 -0.006704  0.954798
29.82228851	589	-0.081402 -0.008140  0.939954
29.82749176	591	-0.083796 -0.015802  0.944503
29.83268737	590	-0.074459 -0.005746  0.943545
29.83787918	591	-0.081881 -0.007661  0.937799
29.84308052	591	-0.074698 -0.006943  0.941630
29.84828376	589	-0.065361 -0.015802  0.936842
29.85347938	589	-0.063206 -0.010056  0.934208
29.85868072	589	-0.068234 -0.013407  0.933490
29.86388397	591	-0.066558 -0.015802  0.933729
29.86910438	590	-0.057700 -0.017717  0.941151
29.87431144	591	-0.059615 -0.011971  0.939236
29.87950325	591	-0.059615 -0.014844  0.932293
29.88470458	591	-0.055784 -0.018196  0.928223
29.88990402	590	-0.048841 -0.020111  0.947376
29.89509963	590	-0.052193 -0.023942  0.939475
29.90029907	590	-0.046686 -0.018435  0.949052
29.90550041	589	-0.047884 -0.024181  0.944982
29.91069984	587	-0.044053 -0.016520  0.955995
29.91589927	588	-0.042138 -0.019632  0.948334
29.92111206	588	-0.041180 -0.020351  0.956474
29.92631530	587	-0.045250 -0.016999  0.951446
29.93152427	585	-0.041180 -0.017477  0.961023
29.93674468	587	-0.041180 -0.019153  0.954798
29.94195556	584	-0.042138 -0.015083  0.960065
29.94715690	587	-0.051235 -0.014604  0.952643
29.95235633	586	-0.049799 -0.015802  0.970600
29.95755195	585	-0.044053 -0.008380  0.963417
29.96275138	585	-0.046208 -0.013407  0.980416
29.96795654	585	-0.053869 -0.015323  0.971078
29.97315216	584	-0.050038 -0.005985  0.991908
29.97835159	583	-0.056981 -0.006704  0.986162
29.98355674	581	-0.059615 -0.011253  0.996217
29.98875999	577	-0.060812 -0.009098  0.991189
29.99396705	578	-0.062727 -0.011731  0.997175
29.99916839	578	-0.058418 0.000000  1.000766
30.00428771	577	-0.065840 -0.005267  1.011540
30.00948715	575	-0.063685 -0.006943  1.013934
30.01468086	574	-0.068234 -0.005267  1.029257
30.01988029	574	-0.065600 -0.001437  1.022314
30.02507209	574	-0.068952 0.002873  1.022074
30.03022766	572	-0.068713 0.000718  1.036679
30.03537559	569	-0.070389 0.002155  1.046256
30.04051971	567	-0.072544 0.010295  1.049368
30.04566383	569	-0.068234 0.001676  1.056550
30.05080795	565	-0.064643 0.000239  1.058466
30.05594825	564	-0.075417 0.006464  1.062057
30.06110382	562	-0.068473 0.004310  1.061339
30.06625556	563	-0.064164 0.003352  1.083844
30.07140731	560	-0.069431 0.004070  1.081210
30.07654380	560	-0.066079 0.000718  1.083365
30.08168411	558	-0.067755 0.006704  1.092703
30.08683967	555	-0.062967 -0.004070  1.096773
30.09203910	554	-0.058897 0.001676  1.096533
30.09720039	553	-0.060812 -0.000239  1.105392
30.10239219	550	-0.050517 -0.003352  1.106828
30.10759162	549	-0.057939 -0.007901  1.117123
30.11280059	548	-0.047884 -0.003352  1.119278
30.11800765	548	-0.050278 -0.003352  1.125263
30.12321281	544	-0.043335 -0.007183  1.130052
30.12840843	542	-0.042138 -0.007183  1.145135
30.13360786	540	-0.041419 -0.010056  1.148008
30.13881111	538	-0.047165 -0.009098  1.149923
30.14400863	536	-0.037110 -0.014604  1.160937
##inga 
#ido(sec)  szog(ADC)     ax(g)    ay(g)   az(g)
30.14974403	536	-0.034476 -0.008619  1.156388
30.15501594	536	-0.032561 -0.014365  1.169795
30.16032409	532	-0.039025 -0.009098  1.176259
30.16558456	531	-0.038307 -0.001437  1.168837
30.17078399	528	-0.033997 -0.008619  1.181766
30.17598342	527	-0.037110 -0.003591  1.180808
30.18119239	523	-0.042616 -0.000718  1.184160
30.18639564	523	-0.041659 -0.005985  1.187033
30.19160079	522	-0.040222 0.001676  1.203553
30.19676399	519	-0.048123 0.003112  1.206665
30.20193672	517	-0.056742 0.011492  1.199004
30.20709609	514	-0.055545 0.007183  1.203792
30.21225166	511	-0.061052 0.000958  1.217200
30.21739959	507	-0.058897 0.008858  1.223425
30.22254371	505	-0.066319 0.011013  1.229650
30.22769546	505	-0.066319 0.015323  1.221988
30.23285293	503	-0.070628 0.016041  1.223425
30.23800086	503	-0.071107 0.012929  1.235635
30.24315261	502	-0.066558 0.016999  1.230607
30.24830818	499	-0.067995 0.015323  1.237790
30.25345611	495	-0.066798 0.021548  1.237550
30.25860023	493	-0.070389 0.018675  1.243775
30.26375579	492	-0.072544 0.017238  1.238987
30.26890754	490	-0.068473 0.022266  1.238987
30.27405548	485	-0.069192 0.014844  1.240663
30.27919960	483	-0.071825 0.016759  1.238987
30.28435516	482	-0.061530 0.022745  1.244493
30.28951263	480	-0.058418 0.015802  1.250239
30.29466819	476	-0.054827 0.021548  1.247127
30.29981613	476	-0.059376 0.021069  1.243775
30.30496025	471	-0.054827 0.018675  1.256225
30.31012344	472	-0.054108 0.011971  1.244972
30.31528854	470	-0.053390 0.009577  1.244733
30.32045936	464	-0.046686 0.017477  1.251197
30.32562446	465	-0.040462 0.012929  1.241142
30.33079528	462	-0.041180 0.006225  1.243296
30.33596420	461	-0.033040 0.003831  1.250239
30.34112358	457	-0.034237 0.008858  1.252155
30.34629631	453	-0.035434 0.006943  1.241142
30.35145187	454	-0.033518 0.012210  1.227974
30.35660362	451	-0.030645 0.000000  1.240663
30.36171913	449	-0.024421 0.010774  1.242099
30.36687660	449	-0.030885 0.004549  1.230847
30.37203979	447	-0.028970 0.010774  1.227255
30.37719917	447	-0.034716 0.004788  1.237550
30.38234329	444	-0.031603 0.011731  1.224622
30.38749694	442	-0.036631 0.011013  1.222467
30.39266014	437	-0.032561 0.016280  1.206426
30.39781188	435	-0.029448 0.016280  1.205229
30.40295982	435	-0.034237 0.014365  1.213130
30.40810394	430	-0.039025 0.015562  1.203074
30.41325569	431	-0.037589 0.014844  1.210017
30.41840744	428	-0.040222 0.018435  1.203074
30.42355155	427	-0.046208 0.020351  1.200441
30.42870712	422	-0.041898 0.024181  1.184400
30.43385124	423	-0.045250 0.027054  1.186554
30.43900871	421	-0.051714 0.025378  1.183202
30.44417190	419	-0.054587 0.025857  1.167640
30.44933128	419	-0.049081 0.036870  1.175062
30.45447921	417	-0.050278 0.032082  1.176020
30.45964813	413	-0.055545 0.030645  1.160937
30.46482086	411	-0.054108 0.035673  1.159500
30.46998786	411	-0.058657 0.035673  1.164288
30.47514343	410	-0.061530 0.034237  1.152078
30.48031997	408	-0.053390 0.032800  1.139868
30.48547554	408	-0.054827 0.031124  1.141304
30.49063682	406	-0.057460 0.040940  1.137234
30.49579238	402	-0.057939 0.034237  1.121193
30.50095558	401	-0.056742 0.038307  1.126939
30.50612449	401	-0.049559 0.028730  1.111377
30.51127624	400	-0.050278 0.033758  1.102279
30.51643180	397	-0.049799 0.030645  1.111377
30.52158737	396	-0.040701 0.036391  1.091745
30.52674865	394	-0.038546 0.031124  1.089351
30.53190422	393	-0.033758 0.033040  1.088632
30.53705978	391	-0.041659 0.030406  1.074986
30.54220390	390	-0.027533 0.025618  1.070197
30.54736328	388	-0.033997 0.026336  1.066606
30.55251693	385	-0.029927 0.029927  1.067324
30.55767631	385	-0.027054 0.027772  1.060621
30.56282424	385	-0.027054 0.020590  1.048171
30.56797981	383	-0.030406 0.022266  1.044101
30.57312393	382	-0.017477 0.022505  1.049607
30.57827949	381	-0.026575 0.022266  1.032848
30.58343505	379	-0.021308 0.027772  1.035721
30.58858871	376	-0.018914 0.023702  1.028060
30.59373664	378	-0.025378 0.020590  1.017286
30.59890747	376	-0.021787 0.019393  1.008427
30.60407638	375	-0.023702 0.022505  1.016568
30.60925292	371	-0.020590 0.018196  1.000766
30.61441993	369	-0.019872 0.019153  1.003400
30.61958885	370	-0.018914 0.027294  0.991429
30.62475585	369	-0.019872 0.027294  0.992147
30.62993240	369	-0.020351 0.021308  0.980655
30.63508415	367	-0.024899 0.023224  0.974909
30.64024734	366	-0.027533 0.027772  0.984246
30.64540863	365	-0.028970 0.028012  0.969402
30.65056037	367	-0.030406 0.028251  0.965332
30.65570449	364	-0.034476 0.033279  0.974191
30.66086387	364	-0.035913 0.036631  0.972036
30.66600036	364	-0.036631 0.035913  0.952643
##inga 
#ido(sec)  szog(ADC)     ax(g)    ay(g)   az(g)
30.67168426	362	-0.036391 0.035434  0.945940
30.67695999	362	-0.046447 0.035913  0.957910
30.68223571	363	-0.043335 0.039025  0.942588
30.68749618	361	-0.043095 0.045729  0.941869
30.69265174	358	-0.044771 0.035913  0.940193
30.69780349	359	-0.053630 0.036391  0.941630
30.70295143	360	-0.048362 0.045968  0.937560
30.70809555	358	-0.045250 0.037349  0.940672
30.71323966	360	-0.044532 0.041419  0.933729
30.71839523	359	-0.049799 0.038546  0.927983
30.72354888	359	-0.053151 0.040701  0.929899
30.72870063	358	-0.046926 0.047405  0.938518
30.73385238	359	-0.051714 0.044771  0.927744
30.73901176	359	-0.042377 0.041180  0.922237
30.74415588	356	-0.044292 0.036391  0.918646
30.74930763	359	-0.042616 0.038307  0.916012
30.75445556	358	-0.043574 0.038307  0.929420
30.75961112	359	-0.039743 0.037589  0.925350
30.76476478	359	-0.041659 0.033279  0.927025
30.76993179	359	-0.033040 0.033279  0.923434
30.77509117	358	-0.034237 0.033518  0.929899
30.78026008	358	-0.034237 0.028970  0.934208
30.78541946	358	-0.032800 0.028730  0.930856
30.79057693	359	-0.030167 0.030167  0.932772
30.79573249	360	-0.027772 0.027533  0.936842
30.80089950	360	-0.023702 0.022745  0.933250
30.80606460	359	-0.028730 0.025139  0.932772
30.81122779	359	-0.025857 0.022745  0.939475
30.81640052	361	-0.018675 0.018435  0.939954
30.82155609	361	-0.028970 0.023463  0.936842
30.82671546	362	-0.017477 0.023463  0.948573
30.83185958	362	-0.028970 0.021308  0.938996
30.83701133	361	-0.027533 0.034237  0.951446
30.84217262	363	-0.023224 0.022745  0.954798
30.84732818	365	-0.025618 0.025618  0.960783
30.85247611	366	-0.029688 0.018914  0.955516
30.85763549	367	-0.024899 0.020590  0.964135
30.86278724	367	-0.030167 0.027772  0.969163
30.86793518	368	-0.026336 0.027054  0.967008
30.87309265	369	-0.029927 0.025857  0.972994
30.87823677	369	-0.031364 0.028012  0.974430
30.88338470	370	-0.037110 0.031124  0.983767
30.88852882	370	-0.032321 0.031124  0.982092
30.89369201	372	-0.044053 0.035194  0.984007
30.89883995	371	-0.040462 0.028730  0.991908
30.90398406	376	-0.048362 0.032800  1.000766
30.90914726	377	-0.045489 0.030885  0.997175
30.91431617	379	-0.046686 0.029209  1.008188
30.91948890	380	-0.044771 0.032561  1.015131
30.92464828	381	-0.053869 0.030645  1.015371
30.92981147	381	-0.052672 0.028491  1.025426
30.93497657	381	-0.048602 0.035194  1.027581
30.94014739	381	-0.053151 0.036152  1.029017
30.94532012	384	-0.050038 0.035673  1.033566
30.95048332	385	-0.051475 0.033518  1.047931
30.95564842	387	-0.051954 0.034716  1.052241
30.96080398	386	-0.052672 0.030406  1.054396
30.96595954	387	-0.051235 0.028970  1.052720
30.97110366	390	-0.054108 0.031603  1.062057
30.97625923	392	-0.046447 0.031124  1.068282
30.98140335	395	-0.046686 0.031124  1.081929
30.98655509	394	-0.048841 0.029688  1.085041
30.99171638	397	-0.050278 0.019393  1.092942
30.99686431	397	-0.041659 0.023224  1.097012
31.00201988	401	-0.044532 0.031124  1.095336
31.00717163	403	-0.041419 0.024660  1.108025
31.01231575	405	-0.039265 0.019393  1.107068
31.01747131	404	-0.034237 0.014126  1.116884
31.02262306	405	-0.034716 0.024181  1.130052
31.02777290	407	-0.034955 0.016999  1.125503
31.03293228	409	-0.027772 0.019393  1.138910
31.03808784	410	-0.029448 0.013168  1.138910
31.04324340	410	-0.033040 0.019872  1.147050
31.04838752	413	-0.031364 0.019632  1.143938
31.05354881	417	-0.028730 0.017956  1.167640
31.05870437	416	-0.027533 0.013168  1.158064
31.06388092	418	-0.028730 0.011253  1.164288
31.06904411	419	-0.029448 0.007183  1.174105
31.07420349	423	-0.031603 0.013647  1.175541
31.07937622	424	-0.035434 0.012450  1.174105
31.08453178	427	-0.036631 0.007422  1.179851
31.08970451	427	-0.038067 0.017477  1.190624
31.09486389	430	-0.039265 0.018675  1.188470
31.10001182	432	-0.042138 0.014126  1.199483
31.10516738	434	-0.048841 0.015802  1.208102
31.11033248	434	-0.042856 0.025378  1.217439
31.11548423	435	-0.050757 0.014604  1.197328
31.12062835	439	-0.054827 0.015802  1.218158
31.12578773	442	-0.052911 0.015562  1.224622
31.13093185	443	-0.053390 0.016280  1.224382
31.13606452	447	-0.053630 0.020111  1.226298
31.14122009	448	-0.055306 0.017956  1.223664
31.14636421	449	-0.062967 0.011731  1.229171
31.15151214	452	-0.058418 0.019153  1.227255
31.15665626	453	-0.060333 0.016520  1.230128
31.16180419	454	-0.063925 0.016520  1.232044
31.16696357	456	-0.067276 0.020351  1.228452
31.17211151	456	-0.060573 0.016759  1.238269
31.17726707	456	-0.064882 0.020351  1.243057
31.18242073	462	-0.063925 0.023702  1.238987
31.18758010	463	-0.069910 0.015802  1.245691
##inga 
#ido(sec)  szog(ADC)     ax(g)    ay(g)   az(g)
31.19326782	465	-0.066798 0.018435  1.239226
31.19856071	468	-0.064403 0.014844  1.240663
31.20383262	472	-0.061052 0.015083  1.245930
31.20908737	472	-0.058897 0.010534  1.245451
31.21423149	475	-0.060573 0.009098  1.234438
31.21939277	476	-0.058418 0.012450  1.232523
31.22455215	479	-0.056981 0.005028  1.234198
31.22971153	481	-0.057221 0.010056  1.246888
31.23488044	482	-0.055306 0.006464  1.245212
31.24003982	485	-0.053869 0.006943  1.239466
31.24520492	489	-0.055066 0.006943  1.236114
31.25036811	491	-0.045250 0.004310  1.245930
31.25551223	492	-0.045489 -0.002394  1.228213
31.26071929	496	-0.044053 -0.004549  1.232762
31.26592445	496	-0.046686 -0.007183  1.236114
31.27112770	501	-0.045250 0.000000  1.230128
31.27624320	503	-0.041898 -0.003112  1.220312
31.28144073	502	-0.042138 -0.005985  1.224861
31.28664016	505	-0.050038 -0.004788  1.220073
31.29183578	507	-0.044292 0.002394  1.222228
31.29698371	508	-0.044292 -0.003591  1.212411
31.30218315	511	-0.047644 -0.005746  1.213369
31.30738830	513	-0.046686 -0.002394  1.223664
31.31258392	516	-0.050757 -0.006464  1.207862
31.31779670	519	-0.044532 -0.006225  1.198286
31.32299613	517	-0.046447 -0.010295  1.205229
31.32820892	521	-0.055306 -0.004070  1.192540
31.33341598	526	-0.055306 -0.007901  1.194934
31.33863258	526	-0.053630 -0.005507  1.184160
31.34382438	525	-0.056263 -0.005028  1.179611
31.34902381	530	-0.057700 -0.003112  1.174105
31.35422706	529	-0.065122 -0.004070  1.167640
31.35942077	535	-0.061530 -0.005028  1.170274
31.36462020	536	-0.058657 0.000479  1.158542
31.36976814	534	-0.065361 -0.003831  1.159021
31.37495994	536	-0.069910 0.001437  1.152796
31.38011550	540	-0.069671 -0.001197  1.153754
31.38531684	542	-0.069192 -0.003352  1.144417
31.39052772	543	-0.066798 0.002394  1.139389
31.39568328	542	-0.073741 -0.001437  1.126700
31.40088081	547	-0.074219 0.000000  1.126221
31.40599632	549	-0.074698 0.000718  1.117123
31.41115570	550	-0.073980 0.000000  1.115447
31.41627120	551	-0.071107 0.000000  1.106349
31.42139244	550	-0.066798 0.001676  1.100125
31.42655944	551	-0.074459 -0.009577  1.107068
31.43176078	556	-0.066079 -0.008619  1.103237
31.43696784	558	-0.068473 -0.005985  1.090548
31.44217109	559	-0.066798 -0.013886  1.078338
31.44737625	558	-0.062727 -0.006464  1.076422
31.45257568	562	-0.057939 -0.010774  1.062775
31.45777130	563	-0.058418 -0.011731  1.063254
31.46296882	563	-0.061530 -0.011253  1.057987
31.46816825	565	-0.056981 -0.013168  1.052480
31.47336006	568	-0.057460 -0.006225  1.049368
31.47855949	566	-0.046926 -0.012450  1.045777
31.48377227	569	-0.059615 -0.018914  1.037876
31.48897933	570	-0.053630 -0.017238  1.023511
31.49419212	572	-0.054348 -0.013407  1.032369
31.49939918	571	-0.046926 -0.015802  1.021595
31.50460052	574	-0.052911 -0.022984  1.023990
31.50979232	574	-0.051714 -0.012450  1.009625
31.51499557	576	-0.053151 -0.021069  1.012258
31.52019119	577	-0.050996 -0.020111  1.001245
31.52539253	577	-0.055066 -0.020590  1.003400
31.53058433	579	-0.055545 -0.012689  0.994302
31.53578376	580	-0.048123 -0.020111  0.995260
31.54097938	579	-0.058897 -0.016280  0.987838
31.54619216	581	-0.057221 -0.018914  0.991908
31.55138778	582	-0.057221 -0.011253  0.985443
31.55659675	581	-0.060333 -0.016041  0.975627
31.56180381	583	-0.059136 -0.018196  0.974909
31.56702041	584	-0.060812 -0.015323  0.967966
31.57221984	582	-0.062488 -0.014844  0.967966
31.57741546	585	-0.064403 -0.008619  0.960783
31.58262062	586	-0.068234 -0.009577  0.965332
31.58781623	585	-0.068952 -0.013407  0.960783
31.59301567	584	-0.076374 -0.012929  0.948813
31.59821510	586	-0.067755 -0.013168  0.951686
31.60342407	585	-0.073741 -0.010295  0.953601
31.60863113	585	-0.068234 -0.011013  0.955516
31.61383247	585	-0.072544 -0.012450  0.952404
31.61903190	588	-0.069671 -0.009098  0.957192
31.62424850	586	-0.065361 -0.016999  0.953361
31.62945556	588	-0.068713 -0.013407  0.953122
31.63464736	589	-0.069192 -0.012450  0.948094
31.63983917	589	-0.069431 -0.014604  0.943306
31.64504051	589	-0.066798 -0.010295  0.945940
31.65023612	589	-0.065840 -0.016520  0.946418
31.65543174	586	-0.066079 -0.007183  0.943545
31.66063690	588	-0.057939 -0.017238  0.944503
31.66584014	589	-0.063446 -0.010774  0.946418
31.67105293	587	-0.059854 -0.018196  0.946897
31.67626380	589	-0.058897 -0.012689  0.936842
31.68147659	587	-0.056742 -0.016041  0.938278
31.68667602	589	-0.057939 -0.018196  0.944503
31.69189262	589	-0.058657 -0.016999  0.950488
31.69709587	588	-0.046686 -0.014844  0.949770
31.70229911	587	-0.048841 -0.016999  0.952164
31.70750045	585	-0.054587 -0.012450  0.950967
31.71269989	584	-0.059376 -0.018435  0.957192
##inga 
#ido(sec)  szog(ADC)     ax(g)    ay(g)   az(g)
31.71842765	584	-0.049320 -0.013886  0.953122
31.72371673	586	-0.042138 -0.009816  0.946658
31.72901535	584	-0.049081 -0.017717  0.958629
31.73428344	583	-0.045968 -0.013168  0.960783
31.73947906	585	-0.051714 -0.011253  0.970360
31.74467658	584	-0.043335 -0.012450  0.971318
31.74987602	583	-0.048602 -0.015083  0.973233
31.75509262	583	-0.053869 -0.019872  0.972036
31.76029968	582	-0.053390 -0.015802  0.981613
31.76550865	580	-0.050996 -0.019393  0.978740
31.77071571	579	-0.051714 -0.016999  0.986880
31.77592849	577	-0.058418 -0.009337  0.989992
31.78112792	578	-0.060094 -0.008858  1.002203
31.78633117	576	-0.054348 -0.012689  0.990950
31.79153251	576	-0.053390 -0.007661  1.003879
31.79673576	575	-0.060333 -0.003831  1.002921
31.80192756	575	-0.062967 -0.005267  1.011061
31.80712890	572	-0.069910 -0.000239  1.006752
31.81232070	572	-0.064882 0.005028  1.013934
31.81748008	570	-0.063206 -0.007661  1.023990
31.82268333	567	-0.069431 -0.000479  1.033088
31.82788848	568	-0.059136 -0.005267  1.033327
31.83309555	569	-0.068952 0.002873  1.048889
31.83826446	566	-0.067516 0.002394  1.042904
31.84341621	566	-0.061770 -0.002155  1.054396
31.84862327	562	-0.061052 0.002394  1.053917
31.85377693	562	-0.063925 0.002394  1.069240
31.85891914	559	-0.066558 0.000958  1.057987
31.86406707	560	-0.066079 0.000000  1.076662
31.86918449	558	-0.064643 0.002155  1.077859
31.87432861	557	-0.063685 -0.004310  1.077619
31.87952804	554	-0.071825 0.003352  1.095097
31.88468360	554	-0.058657 -0.003112  1.091506
31.88989257	551	-0.059136 -0.001197  1.097970
31.89509201	549	-0.064643 0.000479  1.102040
31.90023231	550	-0.061291 0.004788  1.108744
31.90538406	548	-0.063446 -0.001197  1.106589
31.91058731	546	-0.057221 -0.000958  1.122151
31.91578483	541	-0.058657 0.004310  1.113771
31.92094802	541	-0.054348 -0.000239  1.129094
31.92614364	540	-0.050996 -0.001437  1.129812
31.93134307	537	-0.044053 -0.003352  1.144417
31.93655967	535	-0.040701 -0.010534  1.149445
31.94176483	537	-0.044292 -0.004788  1.147769
31.94696807	534	-0.042377 -0.002634  1.158542
31.95216369	533	-0.036870 -0.004549  1.160218
31.95736885	532	-0.039983 -0.000718  1.172429
31.96257209	529	-0.037589 -0.006704  1.163331
31.96777153	526	-0.039983 -0.007183  1.176499
31.97297668	526	-0.042138 -0.004070  1.170753
31.97816848	524	-0.040462 -0.000479  1.182005
31.98336791	523	-0.042138 -0.004070  1.185118
31.98857688	520	-0.044771 0.004070  1.192300
31.99373245	518	-0.045011 -0.001437  1.190864
31.99892807	516	-0.049081 0.004788  1.192540
32.00408172	512	-0.053869 -0.001197  1.202595
32.00928115	511	-0.047165 0.002873  1.209060
32.01443481	509	-0.056263 0.002394  1.206665
32.01959991	506	-0.055066 0.000000  1.223185
32.02471160	503	-0.059615 0.009816  1.212651
32.02986526	501	-0.060573 0.009098  1.212890
32.03500747	503	-0.056503 0.010056  1.214327
32.04014587	501	-0.054108 0.014126  1.225819
32.04529571	496	-0.059136 0.018435  1.215763
32.05045318	495	-0.062009 0.018914  1.215763
32.05559158	494	-0.062009 0.014126  1.229889
32.06074142	492	-0.067516 0.015323  1.222946
32.06589126	489	-0.071107 0.013407  1.229889
32.07104110	484	-0.062249 0.021308  1.238987
32.07618331	482	-0.060573 0.022505  1.230847
32.08134078	481	-0.061052 0.018435  1.231565
32.08647918	479	-0.062967 0.017477  1.235874
32.09162521	476	-0.061052 0.020111  1.243536
32.09676742	475	-0.058897 0.018675  1.230128
32.10192108	473	-0.055545 0.011731  1.249282
32.10707473	471	-0.057700 0.019153  1.235874
32.11222457	467	-0.053869 0.016041  1.234438
32.11737823	465	-0.052432 0.018435  1.236832
32.12252426	465	-0.047644 0.018914  1.234677
32.12766647	461	-0.047644 0.014126  1.232523
32.13283538	461	-0.043335 0.016759  1.230607
32.13799285	458	-0.038786 0.012689  1.235396
32.14314651	456	-0.042138 0.002873  1.231325
32.14831161	454	-0.039743 0.004549  1.230847
32.15348052	449	-0.039265 0.009337  1.225819
32.15864181	449	-0.030167 0.006464  1.234198
32.16379165	450	-0.034716 0.006464  1.222467
32.16895294	448	-0.038546 0.013407  1.217679
32.17412185	448	-0.040222 0.011492  1.224622
32.17927169	446	-0.032800 0.013168  1.223904
32.18444061	442	-0.039025 0.010774  1.206426
32.18959045	441	-0.041898 0.014126  1.212890
32.19474029	439	-0.040701 0.015562  1.204990
32.19989013	435	-0.038067 0.017238  1.205708
32.20505523	431	-0.045011 0.018675  1.202835
32.21020507	432	-0.038067 0.013168  1.200919
32.21535110	431	-0.036870 0.015323  1.187751
32.22049331	428	-0.045729 0.020829  1.191343
32.22563934	426	-0.043095 0.019153  1.175781
32.23078536	423	-0.044053 0.020351  1.186794
32.23593902	420	-0.044292 0.022984  1.173626
##inga 
#ido(sec)  szog(ADC)     ax(g)    ay(g)   az(g)
32.24162292	421	-0.044771 0.024181  1.165007
32.24690628	420	-0.048841 0.027772  1.152796
32.25217819	416	-0.052193 0.029448  1.159740
32.25744247	415	-0.050517 0.022745  1.160458
32.26258850	412	-0.048362 0.024660  1.152796
32.26772308	411	-0.048841 0.027772  1.146093
32.27286911	411	-0.044053 0.020351  1.140347
32.27801895	409	-0.051714 0.030645  1.132446
32.28317260	409	-0.044532 0.034955  1.130052
32.28831481	407	-0.041419 0.031124  1.113293
32.29345703	404	-0.042138 0.033040  1.114011
32.29859924	402	-0.044292 0.032561  1.114490
32.30374145	400	-0.044771 0.032321  1.107307
32.30888366	400	-0.049559 0.029209  1.099646
32.31402969	399	-0.050038 0.032561  1.101561
32.31917572	399	-0.040462 0.033997  1.092224
32.32433700	396	-0.050278 0.027772  1.087914
32.32949829	395	-0.041419 0.028251  1.077380
32.33466339	393	-0.042616 0.026815  1.073789
32.33983230	390	-0.045729 0.033279  1.065170
32.34498977	388	-0.043095 0.029688  1.069479
32.35015487	387	-0.044053 0.027533  1.057508
32.35531616	388	-0.038307 0.025857  1.062296
32.36048126	385	-0.038546 0.029209  1.039312
32.36563110	385	-0.032800 0.023463  1.054156
32.37080001	384	-0.037589 0.027294  1.030933
32.37596511	382	-0.033758 0.026815  1.025905
32.38111495	382	-0.024660 0.025618  1.025187
32.38626480	381	-0.030167 0.028251  1.025905
32.39142227	376	-0.030406 0.033518  1.008427
32.39657211	377	-0.031364 0.027533  1.010582
32.40171813	377	-0.030645 0.026575  1.004836
32.40686416	376	-0.025857 0.025139  1.001245
32.41200637	376	-0.021548 0.025378  0.998611
32.41715240	374	-0.026575 0.024660  0.998133
32.42229843	372	-0.024421 0.027533  0.989514
32.42744445	371	-0.023224 0.028970  0.989753
32.43257904	368	-0.025618 0.029209  0.977303
32.43771362	370	-0.020351 0.026097  0.970839
32.44286727	369	-0.024899 0.028012  0.961981
32.44801330	367	-0.028012 0.027054  0.961741
32.45315551	366	-0.028012 0.023702  0.961262
32.45830154	365	-0.027294 0.028970  0.966290
32.46343231	364	-0.030885 0.031124  0.963896
32.46857070	367	-0.030885 0.031843  0.963417
32.47371673	364	-0.035673 0.037349  0.954319
32.47886276	365	-0.031843 0.031843  0.951925
32.48402023	365	-0.038307 0.032561  0.947376
32.48916244	364	-0.034476 0.038786  0.945461
32.49430847	364	-0.040940 0.038786  0.941151
32.49945831	362	-0.039743 0.036152  0.946418
32.50462341	363	-0.038307 0.030406  0.946179
32.50979614	360	-0.037349 0.039983  0.941869
32.51495361	362	-0.045968 0.038067  0.934926
32.52011489	359	-0.045489 0.039265  0.927025
32.52527618	362	-0.045011 0.040222  0.937081
32.53043746	359	-0.046447 0.036631  0.944264
32.53560638	361	-0.041898 0.037589  0.940193
32.54076385	361	-0.041898 0.041419  0.941151
32.54592514	360	-0.045011 0.032561  0.928941
32.55107116	360	-0.042616 0.034476  0.928701
32.55622100	361	-0.050278 0.031843  0.928941
32.56136322	358	-0.043335 0.036631  0.932053
32.56650924	361	-0.040462 0.040940  0.931335
32.57165527	358	-0.039504 0.037589  0.927025
32.57679748	361	-0.033518 0.030406  0.928462
32.58193969	359	-0.044771 0.038546  0.939236
32.58708572	361	-0.037589 0.028012  0.932293
32.59223175	362	-0.036391 0.034716  0.935166
32.59738159	363	-0.036870 0.030645  0.934926
32.60253143	362	-0.031843 0.031843  0.940433
32.60767745	364	-0.033279 0.023702  0.940912
32.61281585	362	-0.036870 0.027294  0.944982
32.61795425	363	-0.029209 0.032321  0.939236
32.62310028	364	-0.029927 0.023463  0.955756
32.62824249	367	-0.026815 0.030406  0.952643
32.63338851	367	-0.033040 0.019393  0.955277
32.63853073	369	-0.025618 0.027294  0.955277
32.64368438	367	-0.025857 0.027054  0.966769
32.64882659	369	-0.029688 0.020111  0.971557
32.65397262	369	-0.023463 0.021308  0.964854
32.65912246	370	-0.027772 0.021548  0.966290
32.66428375	371	-0.026815 0.018196  0.972275
32.66945266	372	-0.031124 0.024421  0.983528
32.67462921	373	-0.029688 0.024181  0.980416
32.67978286	374	-0.027533 0.026575  0.973472
32.68494796	375	-0.031603 0.029209  0.983528
32.69011306	377	-0.030885 0.024181  0.996457
32.69526672	376	-0.042616 0.024421  1.004357
32.70042800	378	-0.036870 0.024181  0.989035
32.70557785	378	-0.041898 0.033279  1.003160
32.71072769	381	-0.039504 0.021069  1.011540
32.71588897	382	-0.040701 0.028970  1.012258
32.72104263	382	-0.042138 0.028970  1.011779
32.72620010	383	-0.046447 0.031364  1.020159
32.73135757	385	-0.045729 0.024181  1.028060
32.73649978	386	-0.045011 0.030167  1.044819
32.74164581	388	-0.045968 0.029927  1.036200
32.74679565	388	-0.051714 0.034476  1.045537
32.75194549	389	-0.048362 0.034716  1.052241
32.75709915	391	-0.049081 0.029209  1.056072
##inga 
#ido(sec)  szog(ADC)     ax(g)    ay(g)   az(g)
32.76278305	392	-0.048123 0.035673  1.060381
32.76805877	392	-0.048362 0.027772  1.067085
32.77332305	394	-0.047884 0.026097  1.069718
32.77859115	398	-0.043813 0.026815  1.075943
32.78372955	399	-0.054108 0.027294  1.080971
32.78886795	400	-0.050278 0.022026  1.093900
32.79401779	402	-0.038067 0.024660  1.098688
32.79915618	403	-0.048841 0.025378  1.102998
32.80430221	403	-0.047884 0.023702  1.106110
32.80944824	407	-0.036870 0.028251  1.112814
32.81459045	408	-0.036870 0.016759  1.114490
32.81973266	408	-0.037349 0.016280  1.128376
32.82487487	406	-0.038546 0.022026  1.124545
32.83002471	409	-0.035673 0.018675  1.123827
32.83517837	411	-0.035434 0.020111  1.138431
32.84032440	411	-0.037349 0.018675  1.139150
32.84546279	416	-0.042377 0.012450  1.139629
32.85062026	417	-0.038307 0.016280  1.152078
32.85576629	416	-0.034476 0.013647  1.162134
32.86092376	419	-0.041180 0.013647  1.160697
32.86608123	422	-0.039743 0.009577  1.170035
32.87126159	422	-0.039504 0.017238  1.168119
32.87642669	427	-0.041419 0.020111  1.171710
32.88158416	428	-0.041659 0.019632  1.168837
32.88674163	429	-0.049559 0.018435  1.179372
32.89190673	431	-0.054108 0.016759  1.182245
32.89707565	433	-0.048123 0.013407  1.190624
32.90223312	435	-0.052193 0.013886  1.197089
32.90739822	436	-0.044771 0.015802  1.193019
32.91255950	438	-0.050517 0.006704  1.199004
32.91771316	439	-0.042616 0.012450  1.206426
32.92285537	445	-0.049559 0.018196  1.203792
32.92800903	448	-0.044532 0.014844  1.216003
32.93315124	448	-0.051714 0.012689  1.206187
32.93830108	447	-0.052911 0.016280  1.222706
32.94343948	449	-0.052911 0.014365  1.224622
32.94858551	452	-0.054827 0.013886  1.215524
32.95373153	455	-0.051235 0.015562  1.222706
32.95887374	456	-0.056742 0.012450  1.219115
32.96400451	456	-0.047405 0.009577  1.219115
32.96915435	455	-0.049081 0.012929  1.229889
32.97430038	461	-0.056263 0.011253  1.233001
32.97943496	460	-0.056981 0.014604  1.235874
32.98459243	464	-0.059136 0.008858  1.228692
32.98974609	467	-0.061291 0.020590  1.225819
32.99489593	468	-0.059376 0.013407  1.226776
33.00003051	471	-0.055784 0.011971  1.233480
33.00518035	472	-0.055306 0.010295  1.233720
33.01032257	475	-0.058179 0.011731  1.227016
33.01547241	477	-0.057460 0.012689  1.230128
33.02061462	476	-0.057700 0.006464  1.234438
33.02576065	481	-0.057700 0.007183  1.234438
33.03091049	483	-0.056981 0.011253  1.225579
33.03607177	485	-0.057700 0.004788  1.232762
33.04122161	488	-0.057939 0.010534  1.218636
33.04637527	491	-0.047405 0.001197  1.223904
33.05154418	491	-0.059376 0.007183  1.227734
33.05670547	494	-0.054108 0.002155  1.217679
33.06185913	495	-0.056263 0.002394  1.217200
33.06700515	501	-0.050278 0.007183  1.210017
33.07216644	502	-0.053390 -0.002155  1.210257
33.07737731	502	-0.055066 0.001676  1.215524
33.08252334	504	-0.052672 0.005028  1.210975
33.08768081	502	-0.050517 -0.001676  1.215763
33.09287261	506	-0.050757 -0.004549  1.204271
33.09807586	509	-0.054108 0.000000  1.205708
33.10317611	512	-0.052911 0.002873  1.201638
33.10831832	515	-0.051954 0.000958  1.201159
33.11347198	514	-0.049320 0.003112  1.190146
33.11861419	519	-0.047405 -0.002634  1.200201
33.12381744	521	-0.046926 -0.004788  1.189667
33.12901687	523	-0.053390 -0.003112  1.185836
33.13420867	525	-0.055784 -0.007422  1.172908
33.13940811	526	-0.053869 -0.009098  1.169077
33.14459991	528	-0.052911 -0.008619  1.171950
33.14979934	529	-0.056263 -0.000958  1.168837
33.15499877	532	-0.057700 -0.004070  1.161894
33.16019821	533	-0.055545 -0.006464  1.153515
33.16540145	536	-0.056503 -0.007183  1.157345
33.17061233	536	-0.056024 -0.005746  1.140825
33.17580795	538	-0.060094 -0.007901  1.143459
33.18100738	538	-0.064403 -0.000479  1.135558
33.18619537	541	-0.063925 -0.006225  1.133882
33.19137954	541	-0.062967 -0.005507  1.130291
33.19657516	542	-0.064164 -0.002394  1.114729
33.20177078	545	-0.067516 -0.000958  1.124066
33.20695877	548	-0.067755 -0.004070  1.110180
33.21215057	547	-0.063925 -0.003352  1.106110
33.21735382	548	-0.066319 -0.002155  1.095815
33.22256088	551	-0.064882 -0.001437  1.089830
33.22776031	551	-0.069910 0.000239  1.093181
33.23291015	552	-0.061770 -0.007183  1.081689
33.23812103	554	-0.065361 -0.005985  1.078577
33.24332046	558	-0.069431 -0.009098  1.083126
33.24851989	558	-0.062488 -0.006464  1.066846
33.25372314	560	-0.064882 -0.009098  1.053917
33.25891113	562	-0.067755 -0.011013  1.049607
33.26410675	563	-0.062488 -0.012929  1.048889
33.26930618	565	-0.056263 -0.000718  1.049368
33.27449417	567	-0.062249 -0.018675  1.044101
33.27968978	568	-0.062727 -0.006464  1.031412
##inga 
#ido(sec)  szog(ADC)     ax(g)    ay(g)   az(g)
33.28542327	568	-0.056981 -0.016759  1.034763
33.29069900	567	-0.055545 -0.017238  1.024708
33.29595947	569	-0.056024 -0.014844  1.021835
33.30122375	572	-0.053390 -0.015083  1.014413
33.30642318	572	-0.052193 -0.017238  1.019920
33.31162643	574	-0.054108 -0.014126  1.009146
33.31682586	572	-0.054108 -0.010056  0.995738
33.32202911	575	-0.050996 -0.015083  0.998372
33.32724380	574	-0.055545 -0.017956  0.998372
33.33244323	576	-0.057460 -0.014126  0.995978
33.33764266	576	-0.055306 -0.016041  0.990471
33.34283065	580	-0.056024 -0.015802  0.984965
33.34802627	577	-0.049559 -0.018435  0.991429
33.35322952	579	-0.058657 -0.012929  0.971318
33.35842514	580	-0.062009 -0.013886  0.981613
33.36362075	581	-0.056263 -0.015802  0.981373
33.36882019	579	-0.059615 -0.013407  0.976346
33.37403106	580	-0.057221 -0.014604  0.951446
33.37923431	583	-0.055306 -0.016041  0.966529
33.38443756	584	-0.060812 -0.010056  0.964854
33.38963699	582	-0.056981 -0.017477  0.958868
33.39484786	584	-0.063206 -0.016999  0.961981
33.40003967	585	-0.067516 -0.011492  0.959826
33.40523147	583	-0.063446 -0.009098  0.947855
33.41042709	582	-0.066319 -0.010534  0.953122
33.41561508	585	-0.065840 -0.013647  0.947855
33.42081069	586	-0.068234 -0.006704  0.950010
33.42599868	585	-0.068473 -0.012210  0.947855
33.43118286	586	-0.068234 -0.014126  0.944982
33.43637466	584	-0.064403 -0.010056  0.947376
33.44157409	584	-0.066319 -0.012689  0.953601
33.44677734	587	-0.070628 -0.010534  0.940672
33.45196914	585	-0.070868 -0.014844  0.946179
33.45716857	585	-0.066319 -0.006464  0.941869
33.46237564	585	-0.062009 -0.015323  0.948334
33.46757507	585	-0.063685 -0.016999  0.953361
33.47277069	586	-0.067516 -0.011731  0.949052
33.47797012	586	-0.060333 -0.016280  0.944982
33.48317337	585	-0.057939 -0.016759  0.949770
33.48835372	586	-0.058897 -0.011971  0.950488
33.49354553	585	-0.057460 -0.013647  0.945700
33.49872970	584	-0.053869 -0.007661  0.965811
33.50392913	585	-0.054108 -0.009577  0.951686
33.50912857	584	-0.055784 -0.011971  0.958389
33.51432418	584	-0.055306 -0.009577  0.951207
33.51953125	583	-0.051235 -0.014126  0.962220
33.52472305	580	-0.050996 -0.020111  0.972275
33.52991104	582	-0.053151 -0.012210  0.975388
33.53511047	581	-0.049799 -0.008858  0.968445
33.54031372	578	-0.046926 -0.016280  0.976824
33.54550552	580	-0.048841 -0.011731  0.975388
33.55069732	579	-0.049799 -0.010295  0.986641
33.55590057	579	-0.057700 -0.011731  0.995499
33.56109619	577	-0.051475 -0.006704  0.990711
33.56629562	576	-0.052193 -0.012450  0.990471
33.57149124	574	-0.052672 -0.009816  0.992626
33.57667922	575	-0.056024 -0.009816  0.991908
33.58187866	573	-0.052911 -0.009337  1.004597
33.58707809	574	-0.060094 -0.002634  1.014652
33.59227371	573	-0.055066 0.000718  1.003639
33.59743118	572	-0.060812 -0.005507  1.013934
33.60263442	571	-0.059376 -0.005507  1.020398
33.60784149	567	-0.057939 -0.007183  1.026863
33.61304473	566	-0.067037 -0.007901  1.035003
33.61824417	569	-0.060812 -0.002394  1.030454
33.62343978	567	-0.059136 -0.005507  1.032130
33.62862396	564	-0.062249 -0.000239  1.035242
33.63382339	564	-0.063685 0.001197  1.046256
33.63896942	563	-0.059615 0.004788  1.048171
33.64411926	561	-0.061530 0.002634  1.058466
33.64927291	560	-0.066798 0.001915  1.065170
33.65441894	559	-0.062488 0.000718  1.064691
33.65956115	558	-0.064403 0.003591  1.072592
33.66470336	556	-0.066798 -0.003591  1.073789
33.66989517	555	-0.064882 0.003112  1.077859
33.67506408	552	-0.062727 0.002394  1.084802
33.68022537	550	-0.061770 -0.000718  1.092942
33.68541717	549	-0.064403 0.000239  1.105631
33.69056701	549	-0.061291 -0.002873  1.106349
33.69577026	548	-0.065840 -0.002155  1.106110
33.70097351	545	-0.051714 -0.004070  1.111856
33.70616912	543	-0.053869 -0.004788  1.112095
33.71136093	541	-0.057460 -0.000718  1.119039
33.71655654	537	-0.053869 -0.003831  1.126461
33.72175598	539	-0.050517 -0.002634  1.131967
33.72694396	535	-0.047884 0.003352  1.133643
33.73208618	537	-0.047644 -0.001676  1.139389
33.73728179	535	-0.045729 0.000239  1.142262
33.74242401	535	-0.051235 -0.003352  1.144417
33.74761962	530	-0.043813 -0.005746  1.150642
33.75280761	528	-0.042856 0.000000  1.165246
33.75791931	527	-0.045489 -0.001676  1.160937
33.76311874	526	-0.045489 -0.005985  1.176738
33.76831817	523	-0.038786 -0.004549  1.171710
33.77351379	523	-0.045968 0.003591  1.172668
33.77867126	522	-0.048362 -0.001197  1.173386
33.78387069	518	-0.047644 0.002634  1.177935
33.78901672	517	-0.048841 0.001437  1.190624
33.79418563	514	-0.050278 0.002873  1.184639
33.79933547	510	-0.049320 0.006464  1.196131
33.80448913	509	-0.055066 0.002873  1.190624
##inga 
#ido(sec)  szog(ADC)     ax(g)    ay(g)   az(g)
33.81016540	505	-0.056024 0.010295  1.200680
33.81541442	505	-0.056263 0.008140  1.204271
33.82068252	504	-0.062488 0.008380  1.212651
33.82594680	503	-0.059854 0.011492  1.199722
33.83110427	500	-0.058418 0.008858  1.209060
33.83624649	501	-0.058657 0.011253  1.212890
33.84139633	497	-0.062249 0.017956  1.210736
33.84654235	493	-0.065600 0.014844  1.214327
33.85168838	492	-0.058179 0.012210  1.214566
33.85682678	488	-0.064643 0.017238  1.218876
33.86198806	488	-0.058179 0.016999  1.218876
33.86714553	485	-0.063685 0.014844  1.221030
33.87228775	481	-0.062967 0.022026  1.227974
33.87744140	480	-0.059615 0.012929  1.237550
33.88258743	476	-0.057700 0.018675  1.224622
33.88773345	475	-0.057460 0.014844  1.216242
33.89287567	473	-0.055784 0.019632  1.216960
33.89802551	472	-0.055306 0.022505  1.228692
33.90317916	471	-0.052672 0.015323  1.233480
33.90832901	469	-0.048362 0.012450  1.226537
33.91346359	466	-0.047165 0.011253  1.227016
33.91860961	465	-0.051235 0.008619  1.221988
33.92375946	464	-0.042856 0.016041  1.233720
33.92891311	458	-0.046447 0.013407  1.224143
33.93407821	458	-0.044053 0.014844  1.225101
33.93923187	456	-0.040701 0.010534  1.220312
33.94440078	451	-0.036870 0.010295  1.214566
33.94955062	451	-0.034955 0.007183  1.219594
33.95471572	451	-0.045729 0.015802  1.215763
33.95988464	449	-0.036870 0.016280  1.210017
33.96503829	449	-0.036870 0.007183  1.211933
33.97020339	448	-0.039265 0.008858  1.198046
33.97537231	447	-0.038067 0.015323  1.212411
33.98053741	445	-0.035673 0.017717  1.196370
33.98569107	441	-0.037828 0.015323  1.193258
33.99084472	440	-0.037349 0.019872  1.197807
33.99599075	435	-0.035194 0.022505  1.190146
34.00113677	434	-0.036391 0.019393  1.190624
34.00627899	432	-0.040940 0.020590  1.191343
34.01140975	432	-0.040222 0.023463  1.187991
34.01656341	429	-0.043574 0.016280  1.182963
34.02170944	425	-0.045011 0.027294  1.165725
34.02685546	422	-0.042856 0.019632  1.179132
34.03199386	421	-0.042377 0.015083  1.156148
34.03713989	421	-0.045011 0.022984  1.159740
34.04228210	421	-0.049799 0.024181  1.153515
34.04743194	420	-0.047884 0.027533  1.146332
34.05257034	416	-0.049081 0.021548  1.151839
34.05771636	416	-0.048123 0.029688  1.144656
34.06285858	410	-0.053630 0.022026  1.137713
34.06800460	411	-0.048362 0.034955  1.135558
34.07313537	411	-0.051475 0.025378  1.132685
34.07828140	409	-0.046208 0.030167  1.119278
34.08342361	408	-0.052911 0.028730  1.120954
34.08857345	406	-0.050278 0.028730  1.107546
34.09371566	405	-0.044053 0.027294  1.116884
34.09887695	403	-0.044771 0.027294  1.100843
34.10403442	400	-0.039504 0.030645  1.105152
34.10918807	399	-0.040222 0.028012  1.098209
34.11434936	400	-0.036391 0.024899  1.087675
34.11951065	399	-0.039025 0.022266  1.085041
34.12467575	398	-0.041419 0.029927  1.068521
34.12984466	395	-0.037110 0.033040  1.063733
34.13499069	395	-0.037589 0.027054  1.081689
34.14015579	393	-0.035913 0.033279  1.067564
34.14533233	389	-0.037349 0.027294  1.050565
34.15048217	389	-0.033997 0.027772  1.051044
34.15563964	388	-0.035434 0.033279  1.050804
34.16079711	387	-0.035434 0.028012  1.042904
34.16594696	386	-0.038786 0.031843  1.051523
34.17110061	385	-0.037828 0.033040  1.035961
34.17625427	384	-0.035194 0.029209  1.038355
34.18140411	383	-0.031364 0.032321  1.030693
34.18655014	381	-0.031843 0.028491  1.019201
34.19169616	380	-0.035194 0.029448  1.015371
34.19685363	379	-0.035913 0.028491  1.010103
34.20199584	379	-0.038307 0.034476  1.009146
34.20714950	379	-0.031843 0.029209  0.999808
34.21229171	378	-0.036870 0.030406  0.994541
34.21744155	377	-0.033518 0.026336  0.988556
34.22258377	375	-0.027294 0.034237  0.981852
34.22772979	373	-0.028012 0.029688  0.988316
34.23287200	372	-0.028730 0.027294  0.978740
34.23801422	370	-0.027294 0.031843  0.976346
34.24317169	371	-0.028491 0.026575  0.972754
34.24831771	369	-0.032800 0.024660  0.969163
34.25345993	368	-0.033279 0.031364  0.969642
34.25860214	369	-0.037349 0.030885  0.962220
34.26374816	369	-0.029688 0.027054  0.967487
34.26890182	368	-0.027054 0.029448  0.965811
34.27405166	368	-0.028491 0.028970  0.953840
34.27920532	367	-0.038546 0.037349  0.949770
34.28436660	367	-0.042377 0.033040  0.940433
34.28951263	367	-0.040222 0.031603  0.946418
34.29467773	365	-0.037349 0.033997  0.944982
34.29983901	364	-0.042138 0.033997  0.938757
34.30500030	366	-0.035913 0.029448  0.946897
34.31015777	366	-0.044292 0.036152  0.942348
34.31532287	366	-0.041180 0.032321  0.930377
34.32047271	366	-0.042616 0.032561  0.932772
34.32563018	365	-0.043335 0.032321  0.939236
##inga 
#ido(sec)  szog(ADC)     ax(g)    ay(g)   az(g)
34.33132171	365	-0.041898 0.034476  0.933490
34.33659744	365	-0.043574 0.037589  0.950010
34.34186172	367	-0.039265 0.034237  0.923434
34.34713745	365	-0.044532 0.037828  0.942588
34.35228729	363	-0.042138 0.036391  0.931574
34.35742568	363	-0.037110 0.037589  0.937560
34.36256790	365	-0.037589 0.032800  0.935645
34.36771011	365	-0.034955 0.034716  0.940193
34.37286758	365	-0.040701 0.033279  0.940433
34.37801742	365	-0.038307 0.032082  0.938278
34.38315582	365	-0.037828 0.022745  0.945461
34.38830566	366	-0.035913 0.029209  0.937799
34.39344787	366	-0.029688 0.027772  0.944503
34.39858627	365	-0.035673 0.027533  0.949052
34.40373611	368	-0.032800 0.031364  0.946658
34.40888214	368	-0.030406 0.030645  0.945461
34.41403579	368	-0.032082 0.023224  0.948334
34.41918945	368	-0.031843 0.022984  0.961023
34.42433547	369	-0.035194 0.028970  0.952164
34.42948150	370	-0.031364 0.025618  0.956953
34.43462371	370	-0.032561 0.024181  0.961502
34.43976974	370	-0.033997 0.028491  0.958629
34.44491195	372	-0.033279 0.022266  0.970121
34.45005416	373	-0.033758 0.028251  0.972754
34.45519638	374	-0.039025 0.022266  0.974191
34.46034240	375	-0.034716 0.022745  0.978261
34.46548843	376	-0.032321 0.025857  0.977064
34.47064590	376	-0.039743 0.025857  0.979219
34.47581100	379	-0.033758 0.025139  0.976585
34.48097610	378	-0.034716 0.026097  0.990711
34.48614120	381	-0.039743 0.029927  0.991668
34.49130630	381	-0.041419 0.025378  1.000766
34.49646759	381	-0.032082 0.028730  1.001006
34.50162887	379	-0.038786 0.022505  1.003879
34.50678253	383	-0.045011 0.030167  1.017047
34.51194763	381	-0.038307 0.030406  1.014174
34.51710510	385	-0.044292 0.025618  1.022553
34.52224731	386	-0.042616 0.027533  1.026623
34.52739715	388	-0.040701 0.031364  1.021835
34.53254699	388	-0.041180 0.030406  1.027342
34.53769683	390	-0.039983 0.027294  1.041228
34.54285049	392	-0.041898 0.024181  1.048889
34.54800033	393	-0.039265 0.024660  1.053199
34.55314254	395	-0.034955 0.020829  1.054396
34.55828857	395	-0.037589 0.026336  1.059902
34.56344223	397	-0.050278 0.028251  1.070437
34.56858825	398	-0.046208 0.022745  1.068282
34.57373046	400	-0.034716 0.023702  1.067564
34.57887649	399	-0.043574 0.023942  1.076901
34.58402633	401	-0.043574 0.023463  1.077619
34.58917236	404	-0.039025 0.026097  1.089351
34.59432220	405	-0.041898 0.022026  1.097012
34.59946441	407	-0.039743 0.014844  1.098688
34.60461044	408	-0.040222 0.019153  1.110659
34.60976028	409	-0.045968 0.022026  1.103955
34.61491775	409	-0.046208 0.024181  1.125982
34.62006759	410	-0.041898 0.022266  1.115687
34.62521743	410	-0.044532 0.017477  1.125024
34.63036346	410	-0.042377 0.017956  1.123587
34.63553237	416	-0.044532 0.020351  1.135079
34.64070892	416	-0.043335 0.018196  1.142023
34.64585494	417	-0.044053 0.010534  1.153036
34.65102005	418	-0.049559 0.021308  1.148247
34.65617752	422	-0.044532 0.022026  1.158782
34.66133117	423	-0.046926 0.015323  1.158542
34.66650009	426	-0.042616 0.018435  1.165007
34.67166900	427	-0.045250 0.015083  1.162852
34.67682266	429	-0.043335 0.011492  1.179851
34.68198013	428	-0.043574 0.015083  1.167640
34.68713760	434	-0.044771 0.018196  1.174823
34.69228363	435	-0.042377 0.014604  1.187751
34.69744491	435	-0.047884 0.016041  1.187033
34.70258712	437	-0.045250 0.014126  1.196131
34.70772933	439	-0.044771 0.012929  1.189188
34.71287918	444	-0.050038 0.007183  1.195652
34.71802520	444	-0.042856 0.015083  1.202595
34.72316741	449	-0.042138 0.013886  1.200201
34.72831344	449	-0.046447 0.012450  1.204032
34.73344802	449	-0.048123 0.004310  1.205229
34.73858642	451	-0.041659 0.016280  1.210257
34.74374008	453	-0.055306 0.015083  1.208820
34.74887084	454	-0.044053 0.009577  1.210975
34.75402069	454	-0.052193 0.005746  1.218158
34.75915908	457	-0.050038 0.006943  1.222467
34.76429748	458	-0.054348 0.013647  1.220073
34.76943969	461	-0.051954 0.005028  1.207384
34.77458572	463	-0.050517 0.007422  1.217200
34.77972793	463	-0.048602 0.008619  1.226058
34.78487014	465	-0.051235 0.012929  1.221030
34.79001617	469	-0.056024 0.011971  1.212890
34.79516983	471	-0.056981 0.007901  1.227495
34.80032348	473	-0.061770 0.008380  1.219594
34.80547332	475	-0.055066 0.007183  1.221270
34.81062698	476	-0.058657 0.005746  1.215763
34.81579971	475	-0.054108 0.010774  1.225340
34.82096099	480	-0.055306 0.003591  1.223185
34.82611083	482	-0.054827 0.004310  1.218158
34.83127212	485	-0.061052 0.008858  1.216482
34.83643722	487	-0.063925 0.007901  1.223185
34.84159088	491	-0.062009 0.007422  1.213369
34.84674453	491	-0.061530 0.009337  1.216242
##inga 
#ido(sec)  szog(ADC)     ax(g)    ay(g)   az(g)
34.85243606	495	-0.059376 0.006225  1.214327
34.85770797	496	-0.056742 0.006225  1.211693
34.86297607	499	-0.062249 0.008380  1.207384
34.86823654	500	-0.055066 0.000239  1.211933
34.87340164	501	-0.058657 0.002873  1.204511
34.87854766	504	-0.056742 0.000958  1.199004
34.88371276	502	-0.058418 0.006943  1.201638
34.88887786	507	-0.062727 -0.003352  1.191822
34.89407730	506	-0.060333 -0.000958  1.199244
34.89927291	511	-0.050757 0.002155  1.193497
34.90442276	512	-0.055066 -0.000479  1.182963
34.90961456	516	-0.053151 -0.007661  1.191343
34.91480636	518	-0.055784 -0.002634  1.178414
34.91999816	519	-0.050757 -0.011492  1.180329
34.92520141	523	-0.049799 -0.004549  1.165964
34.93039703	522	-0.052432 -0.003591  1.169556
34.93559265	523	-0.049559 -0.004788  1.163091
34.94078826	527	-0.051235 -0.013168  1.160937
34.94598770	529	-0.049081 -0.005267  1.162373
34.95119476	530	-0.052911 -0.007183  1.157345
34.95639419	533	-0.048362 -0.007183  1.144417
34.96160125	534	-0.047405 -0.010534  1.139150
34.96679687	535	-0.052911 -0.005267  1.135558
34.97198486	536	-0.057939 -0.004070  1.131967
34.97718048	536	-0.052432 -0.004070  1.133882
34.98237609	540	-0.055545 -0.014365  1.133882
34.98756790	541	-0.062967 -0.006943  1.127897
34.99276351	542	-0.057221 -0.005985  1.118799
34.99795150	543	-0.063685 -0.009098  1.104195
35.00315093	544	-0.061052 -0.002155  1.111856
35.00835037	547	-0.061530 -0.013647  1.095097
35.01354217	547	-0.062727 -0.007901  1.095336
35.01874923	549	-0.063206 -0.008380  1.086478
35.02394866	551	-0.060333 -0.005267  1.098688
35.02914810	551	-0.066798 -0.004549  1.088872
35.03433609	550	-0.067516 0.002634  1.072592
35.03948974	556	-0.058897 -0.006225  1.069718
35.04468154	557	-0.064164 -0.011971  1.072831
35.04987716	559	-0.056742 -0.011013  1.056790
35.05506515	557	-0.062488 -0.004070  1.059184
35.06025695	562	-0.061770 -0.011253  1.047213
35.06544494	561	-0.062249 -0.009816  1.049847
35.07064056	561	-0.061052 -0.009337  1.040270
35.07582473	564	-0.058657 -0.014604  1.034763
35.08102798	566	-0.060094 -0.002873  1.038115
35.08622741	565	-0.061291 -0.009577  1.017765
35.09143066	567	-0.058418 -0.011971  1.025426
35.09663772	570	-0.059136 -0.006464  1.009385
35.10184097	569	-0.059615 -0.011971  1.016328
35.10703277	571	-0.063206 -0.007901  1.007470
35.11221694	573	-0.059615 -0.011971  1.005315
35.11741256	572	-0.052432 -0.012450  1.002442
35.12260055	574	-0.058897 -0.013886  0.996696
35.12779235	574	-0.057939 -0.011253  0.998851
35.13298416	574	-0.055784 -0.013168  0.989514
35.13817977	575	-0.059615 -0.016520  0.985922
35.14337539	573	-0.062967 -0.012210  0.985922
35.14857101	576	-0.058897 -0.015083  0.977303
35.15376663	576	-0.061052 -0.014844  0.979458
35.15896987	578	-0.064403 -0.018196  0.974191
35.16416931	578	-0.059376 -0.014604  0.973472
35.16936874	579	-0.063446 -0.008858  0.969163
35.17457199	578	-0.065122 -0.014126  0.965811
35.17977142	580	-0.072304 -0.010534  0.964614
35.18496704	578	-0.059376 -0.015802  0.968684
35.19015884	580	-0.061530 -0.012450  0.964135
35.19535446	581	-0.060812 -0.011253  0.959107
35.20055389	581	-0.062249 -0.012450  0.962938
35.20575714	582	-0.057939 -0.011013  0.954559
35.21094894	583	-0.060333 -0.017956  0.950728
35.21614456	583	-0.061052 -0.010056  0.963896
35.22134399	583	-0.065361 -0.014365  0.955516
35.22654342	583	-0.065840 -0.010534  0.953122
35.23174285	581	-0.066558 -0.011492  0.950967
35.23694229	583	-0.069910 -0.021069  0.955756
35.24215316	583	-0.055784 -0.011971  0.952164
35.24734497	583	-0.067995 -0.011731  0.948573
35.25253677	583	-0.064164 -0.017956  0.945700
35.25772094	583	-0.059136 -0.012929  0.952164
35.26292419	583	-0.062009 -0.007901  0.949531
35.26811218	584	-0.061530 -0.013407  0.958868
35.27330398	583	-0.061291 -0.011731  0.946897
35.27849578	581	-0.062249 -0.020829  0.944982
35.28368759	582	-0.056503 -0.009816  0.948094
35.28888702	583	-0.063925 -0.015562  0.953122
35.29408645	581	-0.059615 -0.009577  0.968445
35.29929351	581	-0.059136 -0.016520  0.965811
35.30449676	582	-0.055306 -0.005985  0.963417
35.30970382	578	-0.051235 -0.008858  0.967008
35.31490707	580	-0.056742 -0.012689  0.957192
35.32010650	579	-0.059615 -0.007901  0.966051
35.32529449	578	-0.054108 -0.011731  0.969642
35.33050155	577	-0.046926 -0.008619  0.964854
35.33568954	575	-0.058179 -0.011971  0.974191
35.34088516	576	-0.053151 -0.007422  0.986641
35.34608078	573	-0.055784 -0.010774  0.984725
35.35127639	574	-0.053869 -0.011492  0.983528
35.35647201	574	-0.051235 -0.006225  0.987359
35.36167144	574	-0.053390 -0.008380  0.988077
35.36687088	572	-0.051475 -0.008619  0.998372
35.37208175	571	-0.053630 -0.008858  0.990471
##inga 
#ido(sec)  szog(ADC)     ax(g)    ay(g)   az(g)
35.37781143	570	-0.056263 -0.002394  0.998851
35.38309097	570	-0.063206 -0.008858  1.007949
35.38835144	567	-0.053630 -0.014365  1.008906
35.39362335	567	-0.057700 -0.009098  1.016807
35.39882659	566	-0.064643 -0.001437  1.023032
35.40401458	565	-0.058179 -0.003352  1.029257
35.40920639	563	-0.060812 -0.005028  1.023750
35.41439056	565	-0.054108 -0.001437  1.029736
35.41959381	563	-0.058418 0.000958  1.035721
35.42473602	561	-0.063446 0.001915  1.055832
35.42988967	561	-0.061530 -0.001915  1.046974
35.43508911	559	-0.067276 -0.001437  1.053199
35.44028854	557	-0.064882 0.001197  1.052241
35.44543075	557	-0.059136 0.000718  1.059424
35.45058441	556	-0.065361 -0.002394  1.064212
35.45579910	554	-0.059136 -0.004549  1.076422
35.46099090	553	-0.061770 0.005267  1.074986
35.46613693	550	-0.061291 -0.000958  1.073789
35.47134399	547	-0.060333 0.003352  1.078577
35.47651290	547	-0.062249 -0.000958  1.087914
35.48171234	548	-0.062249 -0.000718  1.089590
35.48690414	545	-0.055066 -0.004549  1.101800
35.49209594	541	-0.054348 0.000479  1.103955
35.49723815	542	-0.049320 -0.000718  1.108983
35.50243759	541	-0.050038 0.003112  1.101561
35.50757598	539	-0.050038 -0.009098  1.117602
35.51277923	538	-0.042377 -0.002634  1.122390
35.51796722	536	-0.050996 -0.005746  1.127897
35.52315902	534	-0.052432 0.002155  1.135558
35.52830123	533	-0.049799 -0.002634  1.132925
35.53349685	532	-0.044532 -0.005507  1.136516
35.53868865	532	-0.042856 -0.010056  1.144177
35.54389190	528	-0.046686 -0.004070  1.149923
35.54909133	524	-0.040701 -0.006225  1.157585
35.55427932	523	-0.051235 0.000718  1.159740
35.55942535	525	-0.048602 -0.001915  1.156867
35.56462860	522	-0.045729 -0.001676  1.168598
35.56983947	520	-0.047644 0.000958  1.164528
35.57499694	518	-0.044053 0.000239  1.176020
35.58013916	516	-0.054827 -0.000718  1.172668
35.58532714	513	-0.056024 -0.000718  1.167401
35.59051132	509	-0.060812 0.003591  1.183921
35.59565734	510	-0.059136 0.010295  1.187033
35.60079956	507	-0.057939 0.003591  1.187751
35.60594940	505	-0.062727 0.013647  1.196131
35.61109542	502	-0.057700 0.009816  1.202116
35.61624908	501	-0.061530 0.008380  1.187273
35.62138748	500	-0.060812 0.016999  1.197328
35.62653732	501	-0.062009 0.010056  1.206187
35.63168716	496	-0.055784 0.008140  1.198286
35.63683319	496	-0.061530 0.014604  1.209538
35.64197921	494	-0.059615 0.018435  1.197807
35.64712905	489	-0.067995 0.014126  1.207623
35.65227127	490	-0.058179 0.013647  1.225101
35.65742874	485	-0.062967 0.017717  1.208820
35.66258621	484	-0.053390 0.016520  1.217200
35.66773605	482	-0.062488 0.011492  1.224861
35.67290115	480	-0.065840 0.013886  1.213369
35.67805480	477	-0.053390 0.015562  1.213848
35.68321609	476	-0.052432 0.019872  1.222946
35.68838500	471	-0.060812 0.010534  1.220791
35.69352722	472	-0.048123 0.010295  1.214566
35.69869232	471	-0.049799 0.015562  1.212890
35.70385742	468	-0.052193 0.017956  1.214327
35.70901107	465	-0.050038 0.019872  1.205229
35.71417236	464	-0.048602 0.013647  1.211933
35.71932983	462	-0.045489 0.015323  1.205468
35.72449111	460	-0.039743 0.017956  1.211933
35.72964096	458	-0.046447 0.008380  1.206426
35.73478317	456	-0.044292 0.018435  1.201638
35.73993682	453	-0.034716 0.007661  1.209060
35.74507904	450	-0.040701 0.012929  1.206905
35.75024032	451	-0.038307 0.011253  1.210496
35.75539779	450	-0.039025 0.012689  1.204511
35.76054000	447	-0.039743 0.011731  1.203314
35.76569366	448	-0.045489 0.012450  1.199244
35.77084350	447	-0.040701 0.016041  1.192540
35.77598953	445	-0.045250 0.018435  1.188709
35.78113174	442	-0.047165 0.017238  1.180329
35.78627777	439	-0.041180 0.021308  1.181048
35.79141616	437	-0.043095 0.012689  1.180329
35.79656219	435	-0.044053 0.025139  1.179851
35.80170822	431	-0.042138 0.020351  1.176978
35.80686569	432	-0.039025 0.024181  1.171950
35.81200790	432	-0.047165 0.014604  1.179132
35.81715011	428	-0.042616 0.024421  1.166443
35.82230758	425	-0.042138 0.020111  1.161415
35.82747650	425	-0.046686 0.025857  1.151599
35.83263778	422	-0.045968 0.023702  1.158064
35.83780288	422	-0.041898 0.017956  1.147529
35.84297180	421	-0.049081 0.031843  1.147769
35.84813690	419	-0.047405 0.018675  1.138910
35.85329055	417	-0.041419 0.027294  1.136995
35.85844802	414	-0.043095 0.021548  1.126700
35.86360931	411	-0.050517 0.033997  1.127418
35.86876296	410	-0.047165 0.028251  1.119039
35.87392807	410	-0.043335 0.031843  1.116165
35.87909317	409	-0.038786 0.027772  1.124306
35.88424682	409	-0.053869 0.024181  1.108983
35.88939285	407	-0.044771 0.032321  1.104195
35.89454650	405	-0.040940 0.028491  1.102040
##inga 
#ido(sec)  szog(ADC)     ax(g)    ay(g)   az(g)
35.90021896	403	-0.049081 0.026336  1.099167
35.90548706	402	-0.039983 0.027772  1.092224
35.91076278	401	-0.042138 0.032561  1.092224
35.91603088	401	-0.040462 0.031843  1.078338
35.92117691	399	-0.044532 0.025618  1.065409
35.92633056	396	-0.042856 0.027294  1.059902
35.93148803	394	-0.044292 0.026575  1.074028
35.93663787	395	-0.040940 0.027772  1.059184
35.94178009	393	-0.036631 0.030167  1.049607
35.94693374	391	-0.034716 0.028491  1.054635
35.95207977	388	-0.039504 0.023702  1.046016
35.95722579	388	-0.036870 0.029927  1.032369
35.96236801	388	-0.040462 0.029927  1.029017
35.96750640	384	-0.031364 0.034237  1.042425
35.97265625	383	-0.035194 0.028251  1.028299
35.97779846	385	-0.030167 0.029209  1.022074
35.98295974	384	-0.027772 0.026815  1.025905
35.98811721	383	-0.026575 0.023942  1.021117
35.99326705	383	-0.030167 0.026097  1.007470
35.99841690	379	-0.031364 0.028730  0.994302
36.00357055	379	-0.032321 0.027294  1.005555
36.00873947	379	-0.032800 0.025139  0.995738
36.01390457	378	-0.025618 0.025618  0.992387
36.01906967	378	-0.031364 0.028491  0.989992
36.02422714	377	-0.036631 0.026815  0.991429
36.02938461	377	-0.026815 0.028012  0.979937
36.03454589	373	-0.036870 0.025857  0.986162
36.03971862	374	-0.025618 0.031843  0.982331
36.04486846	373	-0.033279 0.031364  0.975867
36.05003356	372	-0.034237 0.027772  0.963896
36.05518722	371	-0.030406 0.031364  0.962938
36.06034088	371	-0.033997 0.027772  0.965811
36.06549072	368	-0.036870 0.037589  0.951686
36.07064437	368	-0.036391 0.033040  0.952404
36.07577514	369	-0.036152 0.027772  0.951207
36.08091354	369	-0.038067 0.034237  0.952643
36.08605575	370	-0.036391 0.034237  0.950249
36.09120178	368	-0.033758 0.033997  0.944982
36.09635162	368	-0.032800 0.037110  0.946418
36.10148620	367	-0.039025 0.023463  0.948573
36.10663223	367	-0.039265 0.039025  0.948094
36.11177444	365	-0.032321 0.035434  0.949291
36.11691665	366	-0.045250 0.039743  0.944503
36.12204742	367	-0.039025 0.036391  0.938518
36.12720489	365	-0.034476 0.038307  0.940912
36.13234710	366	-0.035194 0.034476  0.944024
36.13750076	367	-0.039743 0.026097  0.934926
36.14264297	366	-0.032321 0.036391  0.939475
36.14778900	366	-0.040940 0.033518  0.943306
36.15293121	366	-0.043335 0.033997  0.944742
36.15807723	367	-0.034476 0.029688  0.935645
36.16322326	367	-0.035673 0.034716  0.946658
36.16836929	365	-0.046208 0.039265  0.941151
36.17351150	368	-0.034716 0.031364  0.947376
36.17867279	366	-0.037110 0.035913  0.948094
36.18381500	368	-0.038786 0.026815  0.944742
36.18898391	366	-0.040701 0.029448  0.944503
36.19414520	369	-0.035194 0.028970  0.953601
36.19929885	370	-0.032082 0.024660  0.942588
36.20444869	370	-0.034237 0.023702  0.946897
36.20960235	371	-0.029688 0.025139  0.957910
36.21475601	372	-0.033040 0.025139  0.965811
36.21990585	373	-0.030885 0.018914  0.954798
36.22506332	370	-0.031603 0.025378  0.966769
36.23022079	374	-0.034237 0.024421  0.957431
36.23537826	375	-0.034476 0.024660  0.969163
36.24052429	373	-0.032800 0.024421  0.978740
36.24567413	377	-0.037349 0.027772  0.978979
36.25082397	378	-0.036391 0.032321  0.978022
36.25598144	378	-0.030406 0.026097  0.975388
36.26112365	380	-0.033040 0.026097  0.979219
36.26627731	381	-0.035434 0.020590  0.981852
36.27141952	381	-0.034237 0.025857  0.989514
36.27656555	381	-0.035673 0.030406  0.998133
36.28171157	382	-0.038307 0.030406  0.997893
36.28685760	381	-0.034476 0.029209  0.998133
36.29199981	384	-0.031603 0.027772  1.001245
36.29713821	384	-0.034955 0.023463  1.003160
36.30227279	387	-0.045250 0.025618  1.008427
36.30743026	388	-0.040940 0.031603  1.012977
36.31257629	389	-0.041898 0.032561  1.019920
36.31772232	389	-0.040701 0.028730  1.025666
36.32286834	389	-0.049081 0.028012  1.028299
36.32801437	390	-0.044771 0.027533  1.039073
36.33316040	392	-0.046686 0.030406  1.041228
36.33830261	395	-0.047405 0.028251  1.042904
36.34346008	394	-0.047165 0.024181  1.050326
36.34860610	394	-0.044771 0.024421  1.056072
36.35376358	397	-0.040701 0.026336  1.056790
36.35892105	399	-0.041180 0.027054  1.069718
36.36409378	401	-0.046686 0.027054  1.066606
36.36925125	402	-0.041659 0.026575  1.080732
36.37440872	404	-0.046686 0.028730  1.081450
36.37956237	405	-0.044292 0.025378  1.093660
36.38471603	405	-0.043335 0.025378  1.085520
36.38987731	408	-0.044053 0.021308  1.091506
36.39503860	408	-0.043335 0.028251  1.091984
36.40020370	408	-0.043335 0.023224  1.107307
36.40536117	409	-0.045250 0.019393  1.101322
36.41052246	409	-0.041180 0.017238  1.111856
36.41567611	412	-0.039983 0.019153  1.112814
##inga 
#ido(sec)  szog(ADC)     ax(g)    ay(g)   az(g)
36.42135620	415	-0.038546 0.022984  1.119757
36.42663192	417	-0.039743 0.019153  1.125503
36.43191909	417	-0.044292 0.020829  1.136755
36.43719100	416	-0.040701 0.017956  1.140107
36.44233703	419	-0.040940 0.020111  1.129812
36.44747543	423	-0.042377 0.017717  1.143459
36.45262145	425	-0.042616 0.021069  1.146093
36.45776748	426	-0.045250 0.016041  1.162852
36.46291351	428	-0.044532 0.016280  1.151599
36.46805191	429	-0.047884 0.018675  1.164288
36.47320556	430	-0.042138 0.013407  1.170753
36.47835159	433	-0.041180 0.011492  1.179851
36.48349761	434	-0.046926 0.013168  1.170513
36.48865127	435	-0.043574 0.016759  1.168837
36.49380111	437	-0.043813 0.018435  1.173865
36.49895095	439	-0.050996 0.013647  1.186554
36.50409698	444	-0.045489 0.012929  1.176978
36.50925445	447	-0.047644 0.005746  1.186076
36.51440048	447	-0.052193 0.018435  1.187751
36.51953887	449	-0.052193 0.008380  1.199004
36.52467727	449	-0.052193 0.015562  1.190624
36.52982711	451	-0.042856 0.014604  1.197568
36.53497695	452	-0.048123 0.015323  1.196610
36.54012680	454	-0.050757 0.010534  1.203553
36.54527664	455	-0.050278 0.008380  1.195892
36.55042648	455	-0.052432 0.015323  1.201159
36.55560302	458	-0.053630 0.003352  1.205947
36.56076812	460	-0.046686 0.010534  1.207862
36.56592941	463	-0.050278 0.008140  1.202595
36.57107543	463	-0.054348 0.009098  1.212411
36.57623291	466	-0.053630 0.013886  1.213848
36.58139038	467	-0.056263 0.009577  1.222946
36.58654785	468	-0.055545 0.010774  1.206905
36.59170532	471	-0.046686 0.003591  1.214566
36.59686279	473	-0.058179 0.002634  1.211454
36.60202789	476	-0.054587 0.008619  1.211933
36.60718536	478	-0.056263 0.008380  1.200441
36.61234664	480	-0.046926 0.006704  1.212411
36.61749649	480	-0.054827 0.011253  1.208102
36.62263107	481	-0.052911 0.004070  1.213130
36.62776947	486	-0.057939 0.007183  1.206426
36.63291549	490	-0.057700 0.001676  1.209060
36.63805770	491	-0.053390 0.006943  1.204032
36.64319992	493	-0.056263 0.006225  1.207623
36.64835357	496	-0.054108 0.010534  1.199244
36.65350341	495	-0.057939 0.004549  1.189427
36.65866088	498	-0.058657 -0.000239  1.206665
36.66384887	501	-0.058179 0.005267  1.200680
36.66899108	503	-0.056981 0.001437  1.188948
36.67413711	501	-0.056024 0.004549  1.191822
36.67927932	503	-0.057939 0.004788  1.196610
36.68442153	505	-0.057221 -0.001437  1.181527
36.68960952	508	-0.056263 -0.003352  1.188230
36.69479370	510	-0.053151 0.002634  1.188470
36.69994735	511	-0.056503 0.000239  1.178414
36.70510101	515	-0.057221 -0.001676  1.172908
36.71030426	518	-0.055306 -0.008380  1.169316
36.71550369	518	-0.056024 -0.002634  1.166683
36.72070693	519	-0.053390 0.001915  1.158542
36.72586441	523	-0.053869 -0.001437  1.160458
36.73106002	525	-0.054587 -0.007661  1.166683
36.73625564	526	-0.057460 0.000000  1.160218
36.74136352	527	-0.051235 -0.000479  1.153515
36.74655914	529	-0.062488 -0.006464  1.141544
36.75175476	529	-0.051714 -0.005267  1.137713
36.75694274	533	-0.059376 -0.003831  1.134361
36.76213836	536	-0.051235 -0.007422  1.131967
36.76734161	534	-0.058897 -0.003591  1.120954
36.77252960	537	-0.056742 -0.004788  1.116165
36.77772140	537	-0.050757 -0.005507  1.129812
36.78292465	540	-0.058657 -0.004070  1.108025
36.78812789	541	-0.058657 -0.005746  1.107546
36.79332733	542	-0.062967 -0.004070  1.099646
36.79852294	542	-0.063446 -0.011013  1.099885
36.80373764	545	-0.057460 -0.009816  1.100603
36.80892944	548	-0.057939 -0.004788  1.089590
36.81412124	550	-0.059376 -0.003831  1.084562
36.81930923	550	-0.062727 -0.008140  1.082408
36.82449722	551	-0.062009 -0.003591  1.084084
36.82969665	551	-0.063925 -0.013886  1.068761
36.83488845	550	-0.063446 -0.010295  1.065170
36.84008407	553	-0.066798 -0.005985  1.064691
36.84527206	554	-0.060094 -0.005985  1.064691
36.85047149	558	-0.062249 -0.007183  1.050565
36.85566711	558	-0.057460 -0.007183  1.043383
36.86086273	560	-0.062249 -0.007661  1.044101
36.86606216	561	-0.062249 -0.008380  1.040510
36.87125778	562	-0.064403 -0.012210  1.029496
36.87645721	564	-0.062009 -0.011971  1.028539
36.88164901	566	-0.057460 -0.013647  1.027342
36.88684844	566	-0.061770 -0.007422  1.020877
36.89204406	567	-0.054348 -0.003591  1.020877
36.89723968	569	-0.059376 -0.013647  1.016089
36.90243911	567	-0.057700 -0.009098  1.006273
36.90763473	570	-0.057700 -0.010774  1.006991
36.91283035	570	-0.059136 -0.009816  1.000766
36.91802215	571	-0.053390 -0.014365  0.995499
36.92323303	573	-0.063446 -0.012450  0.991668
36.92842483	573	-0.056024 -0.011971  0.991189
36.93362808	574	-0.054108 -0.016041  0.992626
36.93883132	573	-0.060094 -0.013407  0.985443
##inga 
#ido(sec)  szog(ADC)     ax(g)    ay(g)   az(g)
36.94457626	574	-0.052193 -0.010295  0.982810
36.94985198	575	-0.054348 -0.014604  0.976585
36.95511627	574	-0.058418 -0.021308  0.969402
36.96038436	573	-0.066798 -0.016041  0.987598
36.96558380	575	-0.052193 -0.012450  0.978022
36.97078323	577	-0.055784 -0.013647  0.975388
36.97597885	577	-0.060573 -0.018914  0.966769
36.98117828	578	-0.060333 -0.017956  0.970839
36.98636627	578	-0.058179 -0.012450  0.964135
36.99156570	579	-0.058418 -0.011492  0.955995
36.99675750	579	-0.055545 -0.020351  0.957192
37.00194549	579	-0.067755 -0.013886  0.961262
37.00714492	579	-0.065122 -0.016280  0.957192
37.01234436	580	-0.062249 -0.013168  0.959586
37.01754760	579	-0.061770 -0.013886  0.953601
37.02274703	579	-0.066079 -0.013407  0.958868
37.02794647	580	-0.062967 -0.014604  0.963896
37.03315353	578	-0.067037 -0.012689  0.957431
37.03835296	578	-0.062967 -0.012450  0.960065
37.04354858	580	-0.065361 -0.012450  0.960783
37.04874801	581	-0.067037 -0.008619  0.958389
37.05393600	580	-0.065361 -0.011492  0.959586
37.05913162	580	-0.058657 -0.011492  0.955037
37.06431961	580	-0.060094 -0.012210  0.965093
37.06951141	580	-0.063925 -0.011253  0.954080
37.07469558	580	-0.064882 -0.014365  0.967487
37.07989883	580	-0.062488 -0.006704  0.959826
37.08510971	579	-0.059136 -0.017956  0.969402
37.09031295	579	-0.065122 -0.006943  0.957431
37.09553146	576	-0.058418 -0.003112  0.975867
37.10072708	577	-0.062009 -0.004070  0.970121
37.10590744	576	-0.057460 -0.005028  0.965332
37.11109542	575	-0.057939 -0.005985  0.974670
37.11628723	573	-0.062967 -0.012689  0.974909
37.12147140	575	-0.052911 -0.011731  0.976106
37.12666320	575	-0.055306 -0.006943  0.982810
37.13184738	575	-0.049799 -0.010056  0.983289
37.13703918	574	-0.056024 -0.006704  0.975388
37.14223098	573	-0.061052 -0.011731  0.988316
37.14743041	573	-0.055306 -0.006464  0.992387
37.15263366	572	-0.057460 -0.005267  0.998133
37.15783691	572	-0.053390 -0.003112  0.990471
37.16303634	570	-0.056503 -0.009577  0.997893
37.16823577	570	-0.054827 -0.005028  1.004357
37.17343902	569	-0.049799 -0.007183  1.006752
37.17863845	568	-0.052432 -0.003352  1.021595
37.18383789	565	-0.051475 -0.008619  1.012977
37.18904113	566	-0.060094 -0.002394  1.007949
37.19423294	562	-0.058179 -0.006225  1.017765
37.19942474	563	-0.056742 -0.000479  1.019201
37.20462799	561	-0.062727 -0.002873  1.029736
37.20982742	561	-0.059854 -0.004310  1.031172
37.21502304	559	-0.058179 -0.001197  1.039312
37.22023773	559	-0.059376 -0.005028  1.047453
37.22543334	557	-0.060094 -0.003831  1.042664
37.23064804	556	-0.059376 0.001676  1.055832
37.23580169	553	-0.058418 -0.005028  1.065409
37.24100875	554	-0.056263 0.004549  1.056550
37.24615097	552	-0.060094 0.000718  1.066606
37.25130081	548	-0.055066 -0.000958  1.067803
37.25649261	547	-0.058179 -0.000718  1.077140
37.26168060	549	-0.059615 -0.002155  1.080971
37.26687622	546	-0.060333 -0.000479  1.073070
37.27206420	543	-0.058179 0.000000  1.089590
37.27716827	542	-0.058657 0.001915  1.087435
37.28231048	542	-0.055306 0.004070  1.093181
37.28745269	541	-0.054348 0.001676  1.106110
37.29259872	537	-0.056263 -0.001915  1.108983
37.29779052	537	-0.062009 0.002394  1.114250
37.30292892	538	-0.053151 -0.004070  1.111138
37.30812454	535	-0.050278 -0.001437  1.112574
37.31332397	536	-0.050038 -0.000239  1.127179
37.31851959	531	-0.047884 -0.005507  1.136037
37.32371902	534	-0.056024 -0.001437  1.132446
37.32892990	529	-0.052432 0.000718  1.133882
37.33407974	527	-0.052911 -0.000958  1.143699
37.33928298	525	-0.045011 0.002155  1.147050
37.34443283	526	-0.056024 0.001915  1.137474
37.34959030	523	-0.050757 0.009337  1.153515
37.35473632	522	-0.050757 0.009816  1.158782
37.35987854	517	-0.052911 0.003831  1.158064
37.36502456	516	-0.056503 0.002634  1.158064
37.37016677	515	-0.050278 0.007661  1.166683
37.37530517	511	-0.051475 0.004310  1.170035
37.38044738	509	-0.056263 0.011492  1.182005
37.38560104	510	-0.058657 0.004310  1.171950
37.39072799	506	-0.050996 0.003591  1.185357
37.39587020	505	-0.061770 0.007901  1.185357
37.40101242	502	-0.054108 0.007183  1.181527
37.40615463	501	-0.051475 0.003112  1.188948
37.41130447	503	-0.058657 0.004310  1.195652
37.41644668	501	-0.054108 0.010774  1.199722
37.42159652	498	-0.055306 0.006464  1.194934
37.42674255	493	-0.053630 0.009577  1.199244
37.43188858	494	-0.048602 0.013168  1.193976
37.43703842	491	-0.052193 0.011013  1.193737
37.44218444	488	-0.056742 0.009577  1.198525
37.44734954	488	-0.049081 0.016041  1.208102
37.45250320	487	-0.053869 0.010774  1.199483
37.45766448	484	-0.048602 0.010295  1.210257
37.46282577	478	-0.053869 0.018435  1.208102
##inga 
#ido(sec)  szog(ADC)     ax(g)    ay(g)   az(g)
37.46852493	477	-0.046208 0.018675  1.210736
37.47379684	474	-0.052193 0.012689  1.204990
37.47906494	474	-0.050278 0.016280  1.208820
37.48431015	472	-0.050996 0.016041  1.195652
37.48948287	469	-0.045250 0.012689  1.198286
37.49464035	470	-0.046447 0.015562  1.206665
37.49980926	467	-0.047165 0.013407  1.206426
37.50497436	464	-0.046686 0.013886  1.193019
37.51013946	462	-0.053869 0.016041  1.206665
37.51530456	460	-0.047165 0.008858  1.198765
37.52045822	458	-0.051235 0.014126  1.198046
37.52562332	457	-0.048841 0.012689  1.204511
37.53078460	455	-0.051235 0.015562  1.198765
37.53593444	453	-0.044292 0.016759  1.193737
37.54108047	451	-0.047405 0.018196  1.200441
37.54624176	451	-0.047884 0.015802  1.197089
37.55138778	449	-0.048841 0.018435  1.193976
37.55653762	448	-0.047884 0.023224  1.187512
37.56167984	448	-0.046208 0.020590  1.188709
37.56682586	447	-0.051475 0.024181  1.177935
37.57197952	445	-0.056981 0.018675  1.172429
37.57712554	441	-0.039983 0.023224  1.189188
37.58227920	439	-0.047165 0.021308  1.187033
37.58743667	437	-0.041180 0.027294  1.167161
37.59257888	433	-0.040462 0.021308  1.170274
37.59773254	431	-0.046926 0.021787  1.172189
37.60287857	430	-0.039025 0.015802  1.165725
37.60802459	432	-0.039025 0.020590  1.155430
37.61316680	429	-0.047644 0.020590  1.161176
37.61831283	426	-0.045489 0.018675  1.153036
37.62346649	422	-0.042616 0.020111  1.153754
37.62861633	423	-0.040940 0.020351  1.149923
37.63377380	422	-0.041180 0.021069  1.138431
37.63893890	421	-0.041180 0.016759  1.137713
37.64411163	418	-0.036152 0.023942  1.130291
37.64927673	416	-0.039743 0.028012  1.127418
37.65444183	416	-0.045011 0.020590  1.121433
37.65960311	411	-0.038307 0.023463  1.121433
37.66476821	412	-0.036870 0.025378  1.114250
37.66994094	410	-0.039743 0.023224  1.113293
37.67511367	411	-0.042856 0.027294  1.101322
37.68027114	407	-0.038307 0.028012  1.103476
37.68542480	408	-0.040462 0.021308  1.100603
37.69056701	406	-0.043335 0.025857  1.086717
37.69571304	405	-0.043335 0.025618  1.091266
37.70086669	401	-0.042616 0.029209  1.090308
37.70601272	401	-0.041659 0.026815  1.077619
37.71115493	401	-0.044053 0.025857  1.078338
37.71630859	399	-0.042856 0.029209  1.072352
37.72145462	400	-0.044292 0.029209  1.059902
37.72661209	398	-0.045729 0.032082  1.058466
37.73176574	397	-0.039983 0.028251  1.045777
37.73691177	396	-0.047644 0.029209  1.053199
37.74205780	392	-0.042377 0.026575  1.046734
37.74720001	392	-0.045968 0.027772  1.036439
37.75234985	390	-0.038546 0.035434  1.037158
37.75749969	390	-0.037110 0.029927  1.046974
37.76264190	388	-0.034716 0.025378  1.031412
37.76779556	388	-0.039743 0.033040  1.016328
37.77294540	387	-0.034955 0.024660  1.015371
37.77809906	386	-0.040940 0.031603  1.018244
37.78324508	386	-0.040701 0.027054  1.022553
37.78839492	385	-0.034716 0.027054  1.007230
37.79355621	384	-0.035913 0.027054  1.001484
37.79870223	382	-0.036391 0.029448  1.005555
37.80387496	381	-0.031364 0.020590  0.992865
37.80903244	379	-0.036391 0.027294  0.996217
37.81419754	378	-0.037828 0.024899  0.996217
37.81935501	378	-0.036391 0.026097  0.984246
37.82451629	378	-0.038546 0.033040  0.979937
37.82967758	378	-0.030406 0.026097  0.983049
37.83481597	376	-0.032082 0.033279  0.977064
37.83998107	378	-0.027533 0.029927  0.979219
37.84513473	377	-0.031843 0.032082  0.974909
37.85028457	375	-0.031843 0.024660  0.965572
37.85543060	375	-0.032800 0.030885  0.964854
37.86057281	372	-0.039743 0.025139  0.968205
37.86572647	373	-0.035434 0.026575  0.953840
37.87086486	371	-0.031124 0.029688  0.958868
37.87600326	372	-0.030406 0.031124  0.963178
37.88114929	372	-0.032321 0.033279  0.957671
37.88630294	371	-0.035194 0.032082  0.958629
37.89144134	369	-0.036631 0.028970  0.951446
37.89658355	370	-0.032321 0.032082  0.956953
37.90172958	370	-0.035913 0.031364  0.950728
37.90688323	370	-0.036870 0.029209  0.949531
37.91203689	371	-0.038067 0.031603  0.951207
37.91717910	369	-0.037828 0.035194  0.944264
37.92232513	371	-0.039743 0.026815  0.946418
37.92746734	370	-0.033758 0.033758  0.950249
37.93261718	370	-0.041180 0.033758  0.942109
37.93775558	370	-0.034476 0.030885  0.942588
37.94290924	370	-0.035913 0.033997  0.941391
37.94805145	368	-0.034476 0.035913  0.950728
37.95320129	370	-0.035673 0.035434  0.948334
37.95834350	368	-0.042138 0.035913  0.947376
37.96350097	369	-0.043095 0.032321  0.944024
37.96865081	370	-0.036391 0.038067  0.942348
37.97381591	371	-0.043095 0.032321  0.948573
37.97898101	370	-0.043574 0.028251  0.944503
37.98413467	372	-0.039265 0.031364  0.955277
##inga 
#ido(sec)  szog(ADC)     ax(g)    ay(g)   az(g)
37.98983764	372	-0.041659 0.031843  0.951925
37.99510955	373	-0.038067 0.031843  0.962938
38.00037765	372	-0.038546 0.034237  0.959347
38.00562667	375	-0.033518 0.030167  0.957431
38.01078414	373	-0.038786 0.027533  0.959586
38.01594161	375	-0.033040 0.029688  0.966769
38.02110671	378	-0.039504 0.020111  0.972036
38.02627182	379	-0.034955 0.027294  0.969881
38.03142547	379	-0.039025 0.025618  0.976824
38.03659057	381	-0.036870 0.030406  0.982092
38.04173660	379	-0.037349 0.026575  0.981373
38.04688262	381	-0.035673 0.026097  0.976106
38.05203628	381	-0.038067 0.029688  0.985922
38.05717849	382	-0.027533 0.026097  0.992865
38.06233596	383	-0.033997 0.027294  0.992147
38.06747055	382	-0.040462 0.026336  0.980176
38.07261657	382	-0.034716 0.026575  1.001724
38.07775878	386	-0.038546 0.022505  0.995260
38.08290100	384	-0.036391 0.022266  1.012258
38.08804321	385	-0.034955 0.027533  1.006512
38.09318923	388	-0.035194 0.024181  1.013934
38.09833526	387	-0.041180 0.022984  1.007949
38.10349273	388	-0.038067 0.026097  1.022074
38.10863494	392	-0.050038 0.026097  1.028299
38.11378860	393	-0.038307 0.020829  1.033088
38.11893844	393	-0.044532 0.022745  1.032130
38.12408828	395	-0.039025 0.032561  1.044819
38.12924575	394	-0.039265 0.023942  1.031890
38.13438796	397	-0.045250 0.025378  1.048889
38.13953018	398	-0.042377 0.019872  1.053917
38.14468002	400	-0.041419 0.028970  1.061339
38.14982223	401	-0.044771 0.020829  1.064691
38.15497970	403	-0.040940 0.020590  1.074028
38.16012573	405	-0.044053 0.021548  1.075225
38.16529083	405	-0.045489 0.025139  1.074507
38.17045593	407	-0.042856 0.021548  1.081210
38.17562103	407	-0.043574 0.025139  1.086717
38.18077468	408	-0.037589 0.021308  1.089590
38.18593215	408	-0.037349 0.022505  1.088154
38.19110107	409	-0.038786 0.015323  1.092942
38.19627761	412	-0.043095 0.021308  1.107068
38.20142745	411	-0.046686 0.018435  1.106589
38.20659255	414	-0.042616 0.015323  1.105392
38.21175765	416	-0.041180 0.015562  1.100125
38.21691513	417	-0.046926 0.019632  1.111377
38.22206115	415	-0.043095 0.018675  1.134601
38.22721099	418	-0.044053 0.020111  1.132685
38.23235321	423	-0.039025 0.016999  1.128615
38.23749923	423	-0.044053 0.019872  1.136037
38.24265289	425	-0.051235 0.013647  1.143459
38.24781036	427	-0.055784 0.016041  1.147769
38.25296783	428	-0.049320 0.012689  1.150642
38.25811767	430	-0.042138 0.016280  1.146572
38.26325988	431	-0.045489 0.016999  1.159021
38.26840209	432	-0.046447 0.015323  1.165486
38.27356338	432	-0.045729 0.007901  1.163331
38.27871322	434	-0.049081 0.014365  1.163570
38.28385162	437	-0.050757 0.015083  1.169077
38.28899765	439	-0.052911 0.017477  1.169077
38.29413604	444	-0.050278 0.012929  1.180090
38.29928970	447	-0.051235 0.012689  1.170992
38.30443191	449	-0.054108 0.010534  1.178654
38.30958557	448	-0.054587 0.013407  1.184160
38.31473541	449	-0.047884 0.015562  1.187512
38.31990051	451	-0.048362 0.015562  1.181048
38.32507705	453	-0.045968 0.015323  1.189667
38.33022308	453	-0.047405 0.006464  1.188470
38.33536911	454	-0.042856 0.012689  1.189188
38.34052658	457	-0.052672 0.010534  1.186076
38.34569549	456	-0.047405 0.011731  1.200680
38.35084915	459	-0.052432 0.008380  1.198525
38.35599136	460	-0.048123 0.003831  1.199962
38.36115646	463	-0.046208 0.009337  1.201398
38.36630630	466	-0.052911 0.012210  1.208102
38.37145233	467	-0.051475 0.005028  1.196131
38.37660217	469	-0.044053 0.006464  1.205947
38.38175201	471	-0.054108 0.006464  1.194934
38.38690185	474	-0.048362 0.004070  1.202595
38.39204788	475	-0.049081 0.004310  1.205468
38.39718246	476	-0.055306 0.005507  1.200680
38.40233612	478	-0.052672 0.006464  1.209538
38.40747833	480	-0.055306 0.004070  1.202356
38.41262054	482	-0.061770 0.008140  1.201877
38.41775894	484	-0.055545 0.008140  1.198525
38.42291259	486	-0.056263 0.006225  1.200441
38.42805099	489	-0.052672 0.006464  1.203314
38.43321228	491	-0.055784 0.007901  1.185118
38.43835067	491	-0.056742 0.006464  1.193258
38.44349288	494	-0.065361 0.003831  1.188948
38.44864273	496	-0.057221 0.007901  1.183442
38.45379257	501	-0.062009 0.011492  1.182005
38.45893478	502	-0.060094 0.012450  1.182724
38.46408081	503	-0.062967 0.007183  1.184878
38.46923065	504	-0.062009 0.006225  1.183442
38.47437667	502	-0.064403 0.006464  1.189188
38.47952651	507	-0.061052 0.002155  1.181527
38.48467254	506	-0.060094 0.003831  1.170992
38.48983764	509	-0.056503 0.001676  1.179851
38.49499511	509	-0.064164 0.001915  1.166922
38.50015258	514	-0.057939 -0.000718  1.166683
38.50535202	516	-0.060812 0.000000  1.168598
##inga 
#ido(sec)  szog(ADC)     ax(g)    ay(g)   az(g)
38.51100540	519	-0.058418 -0.006464  1.155191
38.51627731	519	-0.052193 -0.001197  1.159021
38.52156066	521	-0.053151 -0.005507  1.157824
38.52684402	524	-0.050278 -0.003591  1.148966
38.53203964	526	-0.055306 -0.007901  1.144896
38.53724288	526	-0.045250 -0.009098  1.138192
38.54244613	529	-0.053869 0.001197  1.133643
38.54759979	530	-0.050757 -0.005507  1.131967
38.55279159	531	-0.049559 -0.008140  1.130770
38.55797576	534	-0.055066 -0.011253  1.123348
38.56317520	535	-0.057460 -0.005267  1.123587
38.56836700	535	-0.054348 -0.006704  1.118799
38.57355499	535	-0.055066 -0.010295  1.110898
38.57873916	536	-0.061052 -0.010534  1.112574
38.58393478	539	-0.052672 -0.004549  1.110180
38.58912658	542	-0.050757 -0.008380  1.097730
38.59431838	541	-0.053390 -0.006464  1.100125
38.59952163	543	-0.053869 -0.010774  1.095576
38.60472106	543	-0.055306 -0.006225  1.081450
38.60992050	547	-0.053869 -0.005267  1.077619
38.61511993	548	-0.061530 -0.012450  1.069240
38.62031555	549	-0.060333 -0.004788  1.067803
38.62550735	550	-0.060333 -0.003591  1.063972
38.63070297	551	-0.057939 -0.005267  1.060621
38.63590240	552	-0.057700 -0.009098  1.062057
38.64108657	552	-0.065122 -0.004310  1.054875
38.64627838	556	-0.069910 -0.007183  1.062296
38.65148162	557	-0.058897 -0.005028  1.039073
38.65667724	559	-0.062249 -0.006464  1.047931
38.66187286	560	-0.067516 -0.007901  1.040510
38.66706466	560	-0.066558 -0.008140  1.031412
38.67225646	561	-0.064882 -0.005985  1.030454
38.67745590	561	-0.067755 -0.004788  1.021356
38.68266296	564	-0.063925 -0.009098  1.020877
38.68786621	564	-0.067276 -0.006943  1.012737
38.69306564	564	-0.062488 -0.008619  1.020877
38.69825744	567	-0.065361 -0.007422  1.011301
38.70345306	568	-0.060812 -0.011971  1.009385
38.70865249	566	-0.062009 -0.007422  1.000048
38.71384048	567	-0.057700 -0.006943  1.000527
38.71903991	568	-0.062009 -0.017956  0.994541
38.72423171	570	-0.060573 -0.012450  0.998133
38.72943115	570	-0.063925 -0.012689  0.989035
38.73463058	572	-0.061052 -0.012210  0.987838
38.73983383	571	-0.059136 -0.013168  0.975867
38.74503707	574	-0.056024 -0.011253  0.980894
38.75023651	573	-0.057700 -0.007661  0.981613
38.75544738	574	-0.050757 -0.010534  0.975388
38.76065063	574	-0.053869 -0.012929  0.974909
38.76583862	574	-0.059615 -0.019393  0.967248
38.77104187	574	-0.052911 -0.012210  0.971078
38.77623367	575	-0.052432 -0.009098  0.960065
38.78142929	575	-0.052672 -0.011971  0.977303
38.78662109	576	-0.056981 -0.024660  0.973951
38.79181671	576	-0.058418 -0.015083  0.963896
38.79701232	576	-0.056742 -0.017956  0.964854
38.80221939	576	-0.055306 -0.016759  0.968445
38.80741882	576	-0.056503 -0.017717  0.969881
38.81261444	576	-0.057700 -0.013647  0.960544
38.81781387	576	-0.062249 -0.015083  0.960065
38.82302474	577	-0.059136 -0.011971  0.966290
38.82821655	576	-0.060812 -0.011492  0.951686
38.83342742	577	-0.057221 -0.017956  0.954080
38.83862304	574	-0.065361 -0.010534  0.955277
38.84381866	577	-0.056742 -0.012210  0.958389
38.84900665	577	-0.064882 -0.011253  0.962699
38.85419845	574	-0.062967 -0.009577  0.962220
38.85939025	576	-0.066319 -0.003352  0.961023
38.86458587	575	-0.060812 -0.010056  0.966769
38.86978149	573	-0.062009 -0.011971  0.964614
38.87498092	575	-0.058179 -0.005507  0.968445
38.88017654	574	-0.056742 -0.009337  0.970360
38.88537597	575	-0.061770 -0.003831  0.980655
38.89057159	573	-0.063685 -0.004788  0.968684
38.89577102	574	-0.058657 -0.006704  0.963656
38.90095901	574	-0.060573 -0.005267  0.984246
38.90615844	571	-0.059615 0.000718  0.974191
38.91131591	571	-0.070628 -0.007901  0.984246
38.91651153	573	-0.061770 -0.006704  0.984725
38.92171096	573	-0.052193 -0.006943  0.985922
38.92691040	573	-0.058179 -0.003831  0.984725
38.93210983	572	-0.060812 0.000000  0.986162
38.93722534	570	-0.059376 -0.005985  0.995499
38.94242477	569	-0.056981 -0.005507  0.992387
38.94762420	568	-0.058179 -0.007183  0.997414
38.95282363	568	-0.056981 -0.008619  0.999330
38.95801544	564	-0.056742 -0.006225  1.006273
38.96321487	566	-0.056981 -0.009577  1.005076
38.96840667	566	-0.060573 -0.009337  1.004836
38.97362518	565	-0.050757 -0.000958  1.020159
38.97882461	561	-0.056263 -0.003591  1.015610
38.98401641	561	-0.055784 -0.002873  1.020877
38.98921203	561	-0.055545 -0.002873  1.021595
38.99440765	560	-0.049799 -0.003591  1.028299
38.99960708	558	-0.046447 -0.003112  1.031890
39.00479507	556	-0.051475 -0.002873  1.032369
39.00998306	555	-0.054108 -0.009577  1.037876
39.01518249	555	-0.053630 -0.003352  1.049847
39.02037811	554	-0.050996 -0.009098  1.051762
39.02558517	553	-0.050517 -0.003831  1.044819
39.03079605	551	-0.050757 -0.005746  1.057269
##inga 
#ido(sec)  szog(ADC)     ax(g)    ay(g)   az(g)
39.03653717	550	-0.053630 -0.002873  1.072113
39.04181289	548	-0.053630 -0.002155  1.053917
39.04709243	548	-0.052193 -0.001915  1.068282
39.05235671	547	-0.052193 -0.004070  1.081210
39.05754852	543	-0.052672 0.003112  1.082168
39.06270217	542	-0.052193 0.000958  1.090787
39.06784820	542	-0.056742 -0.002155  1.092224
39.07304000	541	-0.059376 -0.004070  1.097012
39.07822418	539	-0.055545 0.000000  1.090308
39.08332824	538	-0.058179 0.005028  1.091027
39.08847427	535	-0.053151 -0.004310  1.103716
39.09367752	537	-0.060333 -0.001915  1.106110
39.09886550	533	-0.054348 0.005746  1.122151
39.10400772	532	-0.056981 -0.001676  1.122390
39.10920333	532	-0.053390 0.000239  1.125982
39.11435317	531	-0.055784 0.001197  1.121912
39.11950302	528	-0.056263 0.004310  1.133882
39.12464141	526	-0.054827 0.003112  1.124066
39.12979125	526	-0.057221 0.002873  1.132207
39.13493728	525	-0.057939 0.005985  1.138192
39.14009094	522	-0.054827 0.010295  1.140107
39.14524841	519	-0.055066 0.009816  1.143220
39.15040588	515	-0.055306 0.007661  1.147290
39.15555191	516	-0.056742 0.004788  1.150642
39.16070556	512	-0.063685 0.007422  1.160218
39.16585540	511	-0.053390 0.007422  1.154951
39.17101287	511	-0.055545 0.005746  1.160458
39.17617416	509	-0.051954 0.007901  1.165964
39.18133926	507	-0.056742 0.003352  1.172908
39.18651199	504	-0.051475 0.009098  1.177456
39.19167327	504	-0.053151 0.002394  1.169077
39.19682693	503	-0.058179 0.005985  1.179372
39.20197677	500	-0.055306 0.006943  1.180808
39.20712280	499	-0.042856 0.005985  1.180090
39.21227264	497	-0.054108 -0.001197  1.176020
39.21746444	495	-0.045729 0.001676  1.182724
39.22260665	493	-0.049559 0.007422  1.189188
39.22776031	491	-0.046926 0.005267  1.186076
39.23291015	488	-0.042377 0.005267  1.195413
39.23805236	488	-0.038786 0.001437  1.188709
39.24319839	486	-0.040940 0.003831  1.191822
39.24834442	482	-0.045011 0.010774  1.194934
39.25349426	479	-0.038786 0.011253  1.199722
39.25863265	479	-0.044532 0.010295  1.197568
39.26378250	476	-0.048841 0.009816  1.193976
39.26893234	474	-0.045011 0.007422  1.201638
39.27408218	473	-0.047644 0.004310  1.198525
39.27923202	472	-0.050038 0.012210  1.190385
39.28437423	471	-0.042138 0.012929  1.191103
39.28952407	466	-0.048841 0.015562  1.197328
39.29467773	464	-0.053630 0.024421  1.191103
39.29983520	463	-0.048602 0.016041  1.192540
39.30498886	463	-0.048362 0.019632  1.195413
39.31016159	459	-0.054587 0.016520  1.200441
39.31531524	457	-0.055066 0.020590  1.192300
39.32046127	456	-0.046208 0.018675  1.187751
39.32562255	454	-0.049559 0.022984  1.187991
39.33078765	450	-0.056742 0.024899  1.186076
39.33595275	449	-0.056263 0.026336  1.176499
39.34111785	451	-0.053869 0.024421  1.180569
39.34628677	450	-0.059615 0.022745  1.187273
39.35145187	447	-0.053869 0.019872  1.176738
39.35661315	447	-0.050996 0.022745  1.177935
39.36177062	447	-0.054108 0.024660  1.176978
39.36692047	445	-0.053151 0.029448  1.165486
39.37207412	440	-0.049799 0.018196  1.169556
39.37722778	439	-0.049559 0.022745  1.162852
39.38237762	436	-0.045729 0.022026  1.170035
39.38753128	435	-0.045250 0.022745  1.156627
39.39267349	433	-0.037110 0.014844  1.158542
39.39782333	432	-0.034476 0.016999  1.150163
39.40298080	430	-0.039025 0.020351  1.151599
39.40812301	430	-0.036870 0.016520  1.153515
39.41326522	425	-0.034476 0.014604  1.137713
39.41840744	422	-0.032321 0.014844  1.127418
39.42355728	423	-0.038067 0.019393  1.135079
39.42870712	421	-0.032561 0.023224  1.135558
39.43385696	420	-0.030645 0.022984  1.124066
39.43899917	421	-0.033279 0.022026  1.126461
39.44414520	417	-0.038786 0.013168  1.116644
39.44928741	414	-0.033279 0.020590  1.116644
39.45443344	415	-0.035913 0.019153  1.113771
39.45960235	411	-0.044771 0.023224  1.108265
39.46477890	411	-0.036391 0.016280  1.104913
39.46994018	410	-0.040462 0.024660  1.099167
39.47510910	410	-0.036631 0.023942  1.091984
39.48027038	408	-0.041659 0.020590  1.091506
39.48542785	408	-0.031603 0.025857  1.077859
39.49059295	405	-0.042616 0.029209  1.078816
39.49576187	405	-0.034955 0.027054  1.083126
39.50093078	404	-0.043095 0.021308  1.081210
39.50607681	402	-0.040462 0.032082  1.070676
39.51123046	400	-0.044053 0.022984  1.069718
39.51637649	401	-0.043813 0.032321  1.065170
39.52151489	399	-0.041180 0.033279  1.059184
39.52666091	399	-0.043813 0.033279  1.052959
39.53180313	395	-0.045011 0.031124  1.050804
39.53694915	396	-0.042138 0.032321  1.034285
39.54209136	394	-0.037110 0.025618  1.033806
39.54724121	391	-0.043813 0.033040  1.033566
39.55238342	392	-0.042377 0.022026  1.027342
##inga 
#ido(sec)  szog(ADC)     ax(g)    ay(g)   az(g)
39.55806732	391	-0.049320 0.034237  1.026623
39.56334304	389	-0.037349 0.038307  1.022553
39.56861495	388	-0.040222 0.027772  1.011540
39.57387542	387	-0.047405 0.033040  1.011540
39.57902145	387	-0.039743 0.029448  1.014174
39.58416366	385	-0.036631 0.034237  1.010103
39.58932495	384	-0.040222 0.027772  0.994302
39.59445571	383	-0.033758 0.032321  0.994541
39.59960174	383	-0.033040 0.026575  0.995020
39.60474395	382	-0.034716 0.030885  0.995499
39.60988616	380	-0.036391 0.028251  0.985443
39.61502838	381	-0.038307 0.025857  0.986641
39.62017440	380	-0.036391 0.025139  0.982331
39.62532043	380	-0.035673 0.030885  0.978261
39.63047790	379	-0.031603 0.024899  0.974670
39.63560867	379	-0.030885 0.024660  0.980655
39.64075088	376	-0.032561 0.031843  0.978261
39.64590835	377	-0.029209 0.027772  0.973233
39.65105819	375	-0.026097 0.024181  0.965811
39.65621948	377	-0.032800 0.023942  0.970839
39.66136932	378	-0.030885 0.024899  0.961741
39.66652679	374	-0.027533 0.027054  0.961741
39.67169189	377	-0.029209 0.023224  0.955516
39.67685317	373	-0.029927 0.026575  0.968445
39.68201065	373	-0.025139 0.028012  0.947376
39.68716812	374	-0.033040 0.029688  0.951925
39.69232940	372	-0.040222 0.028730  0.953601
39.69747543	374	-0.032800 0.029688  0.952404
39.70263290	374	-0.028491 0.029688  0.954080
39.70778656	373	-0.024181 0.022505  0.955756
39.71294784	374	-0.035434 0.029209  0.948573
39.71809768	372	-0.041659 0.038067  0.958868
39.72323989	372	-0.027533 0.034955  0.947855
39.72838211	373	-0.034716 0.029448  0.946418
39.73352813	373	-0.037110 0.028730  0.945940
39.73866653	373	-0.038786 0.036631  0.952643
39.74381637	370	-0.036870 0.028491  0.946418
39.74895858	373	-0.039265 0.034237  0.956474
39.75410461	372	-0.042138 0.032082  0.951925
39.75924682	371	-0.038067 0.036870  0.948813
39.76439285	374	-0.042377 0.034237  0.953122
39.76954650	376	-0.049559 0.034716  0.950488
39.77470016	377	-0.043574 0.030645  0.958389
39.77984237	377	-0.040701 0.027294  0.945221
39.78499221	377	-0.042138 0.031843  0.955516
39.79014968	379	-0.041180 0.032800  0.958868
39.79529190	378	-0.045250 0.029927  0.965811
39.80044555	378	-0.039504 0.028970  0.961502
39.80558013	378	-0.048841 0.032800  0.964375
39.81072235	381	-0.044532 0.030167  0.968205
39.81587600	379	-0.041898 0.027772  0.968684
39.82102584	381	-0.040462 0.022745  0.977303
39.82618331	382	-0.036870 0.028491  0.977543
39.83135223	381	-0.038786 0.028491  0.980894
39.83651351	383	-0.044292 0.034716  0.981852
39.84167480	382	-0.035434 0.030167  0.989035
39.84682464	384	-0.040222 0.025378  0.989992
39.85197830	384	-0.037110 0.025139  0.989992
39.85713577	385	-0.035434 0.018196  1.003400
39.86229324	385	-0.032800 0.024660  1.000766
39.86745834	388	-0.034476 0.025857  0.995978
39.87261581	389	-0.035673 0.021308  1.001245
39.87777709	389	-0.041659 0.026575  1.008667
39.88292312	390	-0.036870 0.024181  1.013695
39.88808059	391	-0.037828 0.024181  1.021356
39.89322280	393	-0.036631 0.017477  1.019680
39.89836883	394	-0.039265 0.022984  1.029975
39.90351486	395	-0.036870 0.021548  1.028778
39.90866470	393	-0.038067 0.024660  1.032369
39.91380691	394	-0.037349 0.026097  1.036439
39.91896438	398	-0.043335 0.025378  1.040510
39.92410659	398	-0.042616 0.021787  1.043383
39.92926025	398	-0.034237 0.019632  1.044340
39.93440246	402	-0.037828 0.018914  1.057029
39.93955230	405	-0.042616 0.028251  1.054635
39.94469451	403	-0.038307 0.019632  1.071634
39.94984054	405	-0.038786 0.016280  1.070676
39.95499420	407	-0.041180 0.021069  1.074267
39.96014022	407	-0.039025 0.020590  1.079774
39.96528244	409	-0.039504 0.021548  1.076901
39.97042846	408	-0.044292 0.020590  1.085520
39.97556304	409	-0.040462 0.020590  1.098449
39.98069763	410	-0.039743 0.021787  1.086957
39.98583984	411	-0.046447 0.023224  1.104195
39.99099731	411	-0.043813 0.015802  1.102998
39.99616241	416	-0.051714 0.018435  1.117123
40.00133514	417	-0.048123 0.024421  1.105392
40.00650787	416	-0.042856 0.016041  1.107307
40.01166534	417	-0.050517 0.016280  1.104673
40.01681900	419	-0.053390 0.017238  1.126939
40.02198028	423	-0.045011 0.026575  1.128855
40.02713012	423	-0.050757 0.017717  1.125742
40.03229522	426	-0.047644 0.018196  1.130770
40.03744888	425	-0.053630 0.010056  1.132925
40.04261016	427	-0.043574 0.018196  1.130531
40.04776763	430	-0.055306 0.016280  1.138192
40.05291748	433	-0.052432 0.015083  1.146811
40.05806350	434	-0.050517 0.019393  1.150163
40.06322097	433	-0.050278 0.020829  1.155669
40.06836700	434	-0.053151 0.017477  1.152318
40.07350921	437	-0.055784 0.011253  1.166204
##inga 
#ido(sec)  szog(ADC)     ax(g)    ay(g)   az(g)
40.07920455	442	-0.049320 0.011492  1.158542
40.08447647	442	-0.043574 0.020111  1.174344
40.08975219	447	-0.053390 0.009577  1.167161
40.09500885	449	-0.053390 0.014844  1.172189
40.10015869	449	-0.048362 0.010295  1.170274
40.10530853	447	-0.054108 0.012689  1.172668
40.11044692	451	-0.036391 0.007901  1.179372
40.11558532	451	-0.045011 0.014365  1.177696
40.12073516	454	-0.047884 0.007183  1.180569
40.12588882	455	-0.039983 0.011013  1.180329
40.13103103	456	-0.044053 0.003831  1.194216
40.13616561	455	-0.046686 0.004310  1.192061
40.14130783	457	-0.044292 0.003831  1.186076
40.14646530	461	-0.039983 0.007661  1.192540
40.15161895	462	-0.046686 0.000958  1.193258
40.15675354	465	-0.042138 -0.002873  1.183921
40.16194534	467	-0.041419 0.003112  1.189427
40.16709518	469	-0.046208 0.006943  1.196610
40.17224121	471	-0.049799 0.007422  1.196131
40.17740631	474	-0.054827 0.006704  1.194934
40.18255996	473	-0.054108 0.003352  1.193019
40.18772506	477	-0.049799 0.003591  1.187512
40.19288635	475	-0.050757 0.004549  1.188470
40.19804763	477	-0.054108 0.010295  1.196849
40.20320510	481	-0.056024 0.006943  1.188709
40.20835113	484	-0.058418 0.010295  1.190146
40.21350479	483	-0.061530 0.004549  1.189427
40.21866989	489	-0.054827 0.010056  1.194455
40.22382354	491	-0.060812 0.010056  1.186315
40.22898483	493	-0.059615 0.012689  1.194216
40.23413085	494	-0.058179 0.009098  1.190146
40.23928833	495	-0.060812 0.006464  1.179851
40.24443817	498	-0.060573 0.002155  1.178893
40.24959564	502	-0.066798 0.009816  1.181048
40.25473785	500	-0.063925 0.004788  1.174344
40.25987243	503	-0.068234 0.005507  1.171232
40.26502227	504	-0.060812 0.000239  1.177696
40.27017593	504	-0.064643 0.007422  1.166204
40.27533340	506	-0.064164 0.010295  1.160458
40.28046798	508	-0.065361 0.004549  1.159500
40.28560638	509	-0.061052 0.011971  1.157585
40.29075241	511	-0.061530 0.000718  1.157585
40.29590988	514	-0.062009 -0.000958  1.155909
40.30109786	517	-0.054827 -0.001915  1.153515
40.30628967	519	-0.058418 0.005267  1.154712
40.31143188	521	-0.059854 -0.005267  1.149205
40.31663131	524	-0.055784 -0.010295  1.148966
40.32182693	525	-0.054827 -0.004788  1.130052
40.32702255	523	-0.054348 -0.007661  1.135319
40.33222579	526	-0.045489 -0.010056  1.131009
40.33742523	528	-0.048602 -0.008380  1.129094
40.34261703	529	-0.043813 -0.013647  1.114968
40.34782791	530	-0.042856 -0.009098  1.123109
40.35302352	533	-0.040222 -0.007901  1.117123
40.35821533	535	-0.045729 -0.011253  1.113532
40.36340713	536	-0.043095 -0.011492  1.110419
40.36860275	536	-0.047884 -0.012450  1.100125
40.37379074	536	-0.050038 -0.009816  1.102998
40.37899017	540	-0.054348 -0.013168  1.101082
40.38418579	541	-0.049559 -0.011253  1.086717
40.38937759	542	-0.050517 -0.008619  1.084323
40.39458084	540	-0.053390 -0.008619  1.084802
40.39977645	543	-0.053630 -0.009577  1.077140
40.40496826	545	-0.055784 -0.012450  1.068761
40.41017913	548	-0.061530 -0.010774  1.069479
40.41538238	548	-0.057460 -0.008619  1.064451
40.42057418	550	-0.058657 -0.009098  1.055114
40.42577362	548	-0.063206 -0.005267  1.059424
40.43097305	551	-0.062488 -0.003591  1.051762
40.43616104	551	-0.060094 -0.001915  1.043383
40.44135284	551	-0.065122 -0.006225  1.050326
40.44654846	554	-0.061530 -0.005746  1.046974
40.45174407	555	-0.068952 -0.002155  1.035242
40.45693206	557	-0.069910 -0.005267  1.023750
40.46214294	559	-0.069431 -0.009816  1.033088
40.46733856	560	-0.069431 -0.011492  1.031890
40.47254562	561	-0.068713 -0.011013  1.024708
40.47774887	561	-0.066558 -0.001915  1.019201
40.48295211	560	-0.071107 -0.013886  1.019201
40.48814392	563	-0.067516 -0.008380  1.013455
40.49333572	564	-0.067755 -0.006225  1.003160
40.49852371	563	-0.065122 -0.007422  1.009385
40.50372314	565	-0.065122 -0.008619  0.995738
40.50891113	567	-0.067995 -0.009577  1.006033
40.51410293	567	-0.064403 -0.008380  0.995738
40.51930618	568	-0.062009 -0.019153  0.994781
40.52450942	566	-0.057700 -0.015802  0.989274
40.52970504	569	-0.058179 -0.013886  0.994302
40.53490447	570	-0.063925 -0.014126  0.991668
40.54010772	571	-0.055306 -0.014844  0.979937
40.54530715	570	-0.057460 -0.011971  0.980416
40.55051040	571	-0.049320 -0.018196  0.984246
40.55571746	573	-0.058657 -0.016999  0.978022
40.56091308	572	-0.051954 -0.016280  0.963656
40.56610870	572	-0.052432 -0.014126  0.975867
40.57130050	572	-0.052672 -0.023702  0.975867
40.57649230	570	-0.052911 -0.018675  0.971318
40.58168792	572	-0.051954 -0.013407  0.973951
40.58689117	574	-0.055066 -0.019393  0.963178
40.59209060	572	-0.050996 -0.017956  0.964135
40.59728622	574	-0.053390 -0.012929  0.964614
##inga 
#ido(sec)  szog(ADC)     ax(g)    ay(g)   az(g)
40.60303115	574	-0.054348 -0.016280  0.966051
40.60829925	574	-0.050278 -0.016759  0.959347
40.61357116	574	-0.049799 -0.020351  0.968684
40.61885070	574	-0.058897 -0.018435  0.972754
40.62405014	572	-0.051475 -0.015323  0.967487
40.62925720	574	-0.059615 -0.011013  0.962938
40.63445663	574	-0.055066 -0.015562  0.958150
40.63965988	574	-0.054348 -0.011971  0.961023
40.64485931	574	-0.058897 -0.009098  0.964375
40.65005493	574	-0.059136 -0.008380  0.968445
40.65524673	574	-0.064403 -0.010295  0.964854
40.66043853	572	-0.066798 -0.004070  0.973233
40.66563034	574	-0.064643 -0.008380  0.972036
40.67082214	573	-0.063446 0.005507  0.967966
40.67596817	572	-0.067037 -0.004549  0.968924
40.68116760	572	-0.069910 0.002873  0.974909
40.68632125	570	-0.067755 -0.004788  0.983289
40.69152832	572	-0.059136 -0.001915  0.979458
40.69673156	570	-0.063925 -0.000479  0.971797
40.70193862	570	-0.068234 0.003112  0.978740
40.70708847	568	-0.067276 -0.003831  0.978261
40.71228408	569	-0.064643 -0.005507  0.987119
40.71749496	568	-0.061530 -0.003591  0.984007
40.72269058	566	-0.062967 0.002394  0.986880
40.72782516	567	-0.061770 0.000000  0.994781
40.73293685	564	-0.058657 -0.004549  0.998851
40.73814010	566	-0.064403 -0.002873  1.016328
40.74332809	564	-0.056742 -0.007901  1.001484
40.74852371	562	-0.062009 -0.002634  0.997893
40.75372314	563	-0.050517 -0.005985  0.995738
40.75891876	561	-0.051954 -0.008858  1.005076
40.76411819	560	-0.049320 -0.010774  1.018483
40.76933670	561	-0.055545 -0.010774  1.017047
40.77453613	559	-0.047165 -0.008140  1.030215
40.77973937	558	-0.046447 -0.001915  1.027102
40.78494262	557	-0.047644 -0.002873  1.027102
40.79014587	554	-0.045011 -0.010295  1.024947
40.79534530	554	-0.046926 -0.005746  1.037158
40.80054473	554	-0.049559 -0.012450  1.039073
40.80574417	551	-0.054108 -0.009337  1.049847
40.81093978	549	-0.047405 -0.002634  1.042904
40.81613922	548	-0.047884 -0.002155  1.052959
40.82132720	548	-0.047884 0.002634  1.064930
40.82646560	548	-0.041898 -0.005985  1.064451
40.83166503	548	-0.046447 -0.010295  1.066846
40.83686065	547	-0.052193 -0.002155  1.064691
40.84206390	544	-0.046447 -0.002155  1.080492
40.84726715	542	-0.051714 -0.004070  1.072113
40.85247039	541	-0.048602 -0.002155  1.080492
40.85767745	539	-0.053390 -0.007183  1.078816
40.86288070	536	-0.048841 0.002873  1.087675
40.86803054	537	-0.060333 -0.002394  1.090069
40.87322616	537	-0.056263 -0.004070  1.098927
40.87842941	537	-0.053630 0.001915  1.106589
40.88357543	533	-0.060573 0.001915  1.103237
40.88873291	534	-0.059615 0.000000  1.104195
40.89384078	534	-0.058657 0.002155  1.106828
40.89898300	530	-0.057939 0.000000  1.115926
40.90409469	528	-0.052672 0.004549  1.123109
40.90924835	525	-0.058418 0.004549  1.120714
40.91438674	523	-0.063685 0.007183  1.128855
40.91953659	524	-0.061530 0.003831  1.127658
40.92470169	521	-0.058179 0.006943  1.129333
40.92984390	522	-0.058179 0.009098  1.138431
40.93497467	516	-0.062249 0.005746  1.140107
40.94011306	516	-0.054587 0.010534  1.150402
40.94524765	516	-0.063685 0.010295  1.144656
40.95039749	513	-0.064403 0.006704  1.145853
40.95553970	511	-0.062249 0.007183  1.152078
40.96068954	508	-0.057221 0.010534  1.148487
40.96583938	507	-0.055545 0.009098  1.164049
40.97100067	506	-0.057221 0.002873  1.158064
40.97615814	505	-0.057700 0.011253  1.168359
40.98132324	501	-0.055545 0.011492  1.163810
40.98648071	502	-0.055066 0.009577  1.165246
40.99163818	500	-0.052193 0.011253  1.173626
40.99679946	501	-0.048602 0.004788  1.176020
41.00196075	495	-0.042377 0.006225  1.174344
41.00711059	493	-0.045968 0.004549  1.182963
41.01226043	494	-0.045250 0.009577  1.178414
41.01741409	490	-0.049559 0.002155  1.167880
41.02256393	487	-0.042377 0.004549  1.187033
41.02770614	488	-0.038307 0.004549  1.188470
41.03285217	485	-0.045729 0.011971  1.181287
41.03800582	482	-0.044532 0.009816  1.185118
41.04315948	481	-0.041659 0.002634  1.183681
41.04831695	480	-0.046686 0.006464  1.188709
41.05345535	477	-0.046447 0.012210  1.187033
41.05860137	476	-0.046926 0.005985  1.184400
41.06374359	471	-0.038786 0.014365  1.180090
41.06889343	473	-0.039265 0.010295  1.177217
41.07403945	471	-0.043813 0.012929  1.181527
41.07919692	467	-0.042616 0.013647  1.191103
41.08434677	465	-0.051714 0.009816  1.197089
41.08949661	462	-0.045489 0.014365  1.184160
41.09465026	464	-0.050038 0.014604  1.190146
41.09979629	461	-0.048602 0.019872  1.175302
41.10494232	460	-0.048123 0.017717  1.180329
41.11009597	458	-0.054827 0.014844  1.185597
41.11524581	454	-0.049320 0.013407  1.181766
41.12038803	451	-0.055784 0.020590  1.177935
##inga 
#ido(sec)  szog(ADC)     ax(g)    ay(g)   az(g)
41.12607574	449	-0.053151 0.024181  1.176259
41.13137435	449	-0.056263 0.025139  1.178893
41.13666534	451	-0.055306 0.025618  1.174583
41.14194488	448	-0.058418 0.022505  1.169077
41.14709854	448	-0.063446 0.022984  1.168598
41.15225982	447	-0.058897 0.021548  1.170513
41.15741729	444	-0.056503 0.024660  1.161894
41.16257858	442	-0.053869 0.022505  1.162134
41.16774368	440	-0.052911 0.029209  1.158542
41.17290496	439	-0.048841 0.029688  1.156627
41.17805862	435	-0.047644 0.022745  1.155909
41.18322753	434	-0.051475 0.023224  1.145135
41.18840026	432	-0.047165 0.013886  1.153275
41.19355773	432	-0.045968 0.017238  1.148008
41.19871902	431	-0.039265 0.017477  1.142023
41.20387268	427	-0.041180 0.019153  1.140586
41.20902633	427	-0.041898 0.022984  1.137953
41.21417999	425	-0.038546 0.020111  1.117123
41.21932983	424	-0.035434 0.020111  1.125263
41.22447204	421	-0.035434 0.016520  1.122869
41.22961425	421	-0.038786 0.021548  1.122151
41.23477172	421	-0.037110 0.018435  1.112335
41.23992156	417	-0.032561 0.016041  1.110180
41.24506378	414	-0.033758 0.023224  1.107546
41.25021362	415	-0.034955 0.022026  1.105152
41.25536346	411	-0.038307 0.020111  1.099646
41.26050567	411	-0.030885 0.014604  1.100843
41.26565170	411	-0.033279 0.018196  1.097252
41.27080535	410	-0.032321 0.022984  1.093181
41.27595138	409	-0.036391 0.022745  1.088632
41.28110885	406	-0.035434 0.022266  1.083844
41.28625106	409	-0.037349 0.026097  1.069240
41.29139709	404	-0.038067 0.023463  1.066846
41.29654693	404	-0.034476 0.025618  1.061339
41.30170822	403	-0.044053 0.028491  1.061099
41.30686950	402	-0.040462 0.024899  1.048889
41.31202316	401	-0.042138 0.032561  1.059424
41.31719970	399	-0.046686 0.028251  1.046734
41.32236480	399	-0.044532 0.028491  1.050086
41.32753372	399	-0.049559 0.028491  1.048410
41.33269119	398	-0.044771 0.029927  1.037636
41.33786010	396	-0.045968 0.034476  1.033566
41.34302902	395	-0.042377 0.028012  1.032609
41.34818649	394	-0.041898 0.035913  1.026384
41.35335159	392	-0.044292 0.036152  1.020877
41.35850524	390	-0.048362 0.034237  1.017047
41.36365890	389	-0.039265 0.030167  1.019680
41.36879348	388	-0.044053 0.036631  1.010343
41.37394714	389	-0.038067 0.031603  1.009146
41.37910461	386	-0.043335 0.032321  1.001724
41.38424682	388	-0.033997 0.031843  1.002203
41.38939285	386	-0.033518 0.032321  0.999330
41.39453125	386	-0.042138 0.029209  0.993344
41.39967727	385	-0.037828 0.032321  0.989035
41.40482711	384	-0.035673 0.027054  0.990711
41.40997314	384	-0.040940 0.031124  0.983767
41.41511535	383	-0.038307 0.026815  0.977782
41.42026138	382	-0.041180 0.030167  0.985683
41.42540740	381	-0.036631 0.025139  0.975148
41.43055725	382	-0.030167 0.030885  0.975627
41.43570327	381	-0.030885 0.027772  0.978740
41.44084930	381	-0.034237 0.027294  0.972515
41.44600296	380	-0.030885 0.025618  0.975867
41.45114898	377	-0.037828 0.028491  0.970839
41.45629501	378	-0.028491 0.027533  0.962938
41.46144104	378	-0.029448 0.031603  0.966290
41.46658706	376	-0.029448 0.032082  0.961262
41.47174835	376	-0.024660 0.029448  0.960305
41.47691726	379	-0.031603 0.035673  0.960783
41.48207855	378	-0.032561 0.032561  0.955516
41.48724365	378	-0.031364 0.032321  0.947137
41.49239730	378	-0.025618 0.029688  0.959347
41.49755859	378	-0.034476 0.032082  0.951686
41.50272369	378	-0.031124 0.030406  0.959107
41.50788497	378	-0.037589 0.030645  0.950488
41.51302719	378	-0.033758 0.029927  0.960305
41.51819229	376	-0.031603 0.027054  0.945461
41.52334976	376	-0.029927 0.022505  0.944742
41.52850723	377	-0.036870 0.028730  0.957192
41.53365325	377	-0.032800 0.031364  0.966769
41.53879547	378	-0.039265 0.031124  0.957431
41.54394149	376	-0.039983 0.029688  0.969881
41.54908370	379	-0.040701 0.027533  0.945461
41.55423355	379	-0.038786 0.029448  0.959347
41.55937576	379	-0.036391 0.026575  0.957671
41.56453323	381	-0.040940 0.027533  0.957910
41.56966400	381	-0.042138 0.030406  0.959107
41.57480621	378	-0.043813 0.030406  0.967248
41.57995223	381	-0.042856 0.029688  0.972515
41.58509445	379	-0.039504 0.030406  0.957910
41.59023666	380	-0.044771 0.030406  0.965332
41.59537887	381	-0.045250 0.025378  0.962938
41.60052490	383	-0.043574 0.028251  0.971078
41.60567092	381	-0.040462 0.022266  0.973951
41.61081695	383	-0.041419 0.028491  0.978261
41.61595916	385	-0.042616 0.031603  0.979937
41.62110519	385	-0.042138 0.024660  0.983049
41.62624740	385	-0.039504 0.022026  0.981852
41.63139343	387	-0.037110 0.026097  0.985922
41.63653564	384	-0.040940 0.023942  0.991908
41.64169311	386	-0.041180 0.025378  0.998372
##inga 
#ido(sec)  szog(ADC)     ax(g)    ay(g)   az(g)
41.64738464	388	-0.043335 0.027772  0.999808
41.65265655	388	-0.035194 0.027772  0.996457
41.65792465	390	-0.044532 0.023942  0.997654
41.66318511	391	-0.036631 0.028730  0.998372
41.66834259	393	-0.040940 0.020351  1.004118
41.67350769	393	-0.038307 0.022266  1.008427
41.67867279	393	-0.037349 0.019153  1.012977
41.68384170	395	-0.034237 0.020351  1.021117
41.68900299	396	-0.037828 0.026097  1.028060
41.69415283	397	-0.034476 0.025857  1.029736
41.69931030	397	-0.042377 0.021069  1.031412
41.70447921	400	-0.035434 0.016759  1.036679
41.70964431	400	-0.039265 0.019872  1.043861
41.71480941	401	-0.034476 0.016999  1.046974
41.71996307	403	-0.041180 0.015562  1.046016
41.72512054	405	-0.037349 0.020111  1.053199
41.73025894	405	-0.037349 0.014365  1.044340
41.73540496	406	-0.036152 0.021548  1.068282
41.74054718	407	-0.037349 0.019632  1.056790
41.74568939	408	-0.034237 0.014365  1.068521
41.75083923	408	-0.037589 0.023224  1.076901
41.75598526	406	-0.039743 0.023463  1.076662
41.76112747	411	-0.040940 0.017717  1.078098
41.76627349	412	-0.038786 0.021308  1.086957
41.77141952	413	-0.036870 0.012210  1.092703
41.77656555	415	-0.036631 0.010774  1.089351
41.78171539	416	-0.039983 0.016759  1.090548
41.78686523	415	-0.038546 0.013886  1.107068
41.79201507	417	-0.043574 0.019393  1.110898
41.79717254	416	-0.044771 0.023224  1.108504
41.80232238	420	-0.046926 0.021787  1.111856
41.80746841	424	-0.047644 0.020351  1.110180
41.81261444	425	-0.046686 0.019872  1.111377
41.81777191	425	-0.044053 0.017477  1.130291
41.82292175	428	-0.053390 0.020590  1.127658
41.82807540	428	-0.048602 0.018675  1.131488
41.83323287	430	-0.050278 0.022026  1.131249
41.83839035	431	-0.052911 0.011492  1.142980
41.84354019	434	-0.054827 0.014844  1.146093
41.84870910	435	-0.054348 0.024181  1.145375
41.85387420	436	-0.051714 0.020351  1.149205
41.85904312	438	-0.054348 0.017956  1.144177
41.86420822	439	-0.051475 0.021787  1.150642
41.86937713	443	-0.052911 0.020111  1.160218
41.87453460	445	-0.052193 0.025378  1.159979
41.87969207	448	-0.053869 0.018196  1.162613
41.88486099	448	-0.055784 0.016280  1.153754
41.89001083	448	-0.057221 0.016041  1.173147
41.89516830	449	-0.048123 0.016041  1.170274
41.90031433	450	-0.054348 0.014844  1.169077
41.90546798	453	-0.048362 0.013647  1.170513
41.91062164	455	-0.046447 0.010774  1.166922
41.91576766	455	-0.043574 0.004310  1.181527
41.92091369	457	-0.040462 0.005746  1.174583
41.92604446	457	-0.041659 0.005985  1.170992
41.93119430	459	-0.045011 0.005985  1.178654
41.93634414	461	-0.043095 0.008858  1.186076
41.94148635	461	-0.039504 0.006225  1.179611
41.94663238	464	-0.042616 0.002634  1.174105
41.95179367	467	-0.043813 0.001676  1.190624
41.95693588	467	-0.050517 0.004549  1.185836
41.96207809	472	-0.046926 0.004788  1.182245
41.96722793	472	-0.048602 0.002394  1.180329
41.97236633	473	-0.051954 0.004549  1.194216
41.97751617	475	-0.052672 0.001676  1.188948
41.98266220	475	-0.050517 0.007661  1.189667
41.98780822	479	-0.049559 0.005746  1.180808
41.99296188	481	-0.051954 0.000000  1.183681
41.99807739	483	-0.050757 0.005507  1.184878
42.00322341	484	-0.054587 0.006225  1.184400
42.00838851	485	-0.054108 0.002155  1.176978
42.01353454	490	-0.059376 0.011492  1.176978
42.01869201	491	-0.061052 0.000718  1.171232
42.02384948	493	-0.058897 0.010295  1.175781
42.02900695	496	-0.062967 0.002155  1.173626
42.03416442	494	-0.060812 0.008619  1.180569
42.03933715	500	-0.059376 0.002634  1.171710
42.04448699	502	-0.059854 0.002873  1.165007
42.04964447	501	-0.066319 0.002873  1.160218
42.05478668	504	-0.059376 0.005507  1.170513
42.05994033	502	-0.063925 0.005746  1.160458
42.06509780	503	-0.062009 -0.000239  1.156627
42.07027816	507	-0.064882 0.000958  1.153754
42.07542037	509	-0.059615 0.005985  1.151121
42.08056640	511	-0.057221 0.005746  1.161415
42.08571243	513	-0.060573 0.001915  1.147290
42.09085464	516	-0.057700 -0.001437  1.143459
42.09604644	518	-0.055306 -0.004788  1.144896
42.10123825	518	-0.061052 0.002634  1.149923
42.10639572	520	-0.057700 0.002155  1.132685
42.11154174	521	-0.063206 -0.006704  1.129573
42.11673355	525	-0.056263 -0.009098  1.131488
42.12192153	523	-0.050996 0.000000  1.131488
42.12702560	526	-0.056263 -0.006943  1.113532
42.13221740	527	-0.056981 -0.005028  1.116165
42.13742065	527	-0.055306 -0.006704  1.119757
42.14261627	530	-0.056742 -0.008858  1.113771
42.14781951	534	-0.050038 -0.012450  1.109462
42.15301513	535	-0.052193 -0.009098  1.102758
42.15822219	536	-0.052672 -0.008140  1.099885
42.16341781	537	-0.053869 -0.013168  1.086957
##inga 
#ido(sec)  szog(ADC)     ax(g)    ay(g)   az(g)
42.16913986	537	-0.051714 -0.007422  1.083126
42.17441940	538	-0.051954 -0.009098  1.087675
42.17969512	540	-0.057700 -0.008858  1.087196
42.18495559	541	-0.056503 -0.011492  1.083605
42.19015121	540	-0.054108 -0.007422  1.076901
42.19534301	543	-0.050757 -0.008619  1.073549
42.20053482	542	-0.056981 -0.009816  1.071394
42.20573425	546	-0.058657 -0.012210  1.065888
42.21093368	548	-0.055545 -0.012450  1.059184
42.21612167	549	-0.059136 -0.006704  1.058705
42.22131729	550	-0.056981 -0.002634  1.049847
42.22652816	550	-0.057460 -0.007661  1.055353
42.23172760	551	-0.055784 -0.005985  1.052480
42.23693084	549	-0.060094 -0.010056  1.045537
42.24213027	551	-0.062249 -0.011253  1.028778
42.24734497	552	-0.059854 -0.000239  1.028539
42.25254058	556	-0.064164 -0.002634  1.032848
42.25772857	555	-0.067037 -0.007661  1.022793
42.26292800	557	-0.062009 -0.004310  1.012258
42.26812362	559	-0.066558 -0.005267  1.020877
42.27331161	560	-0.066079 -0.008380  1.014413
42.27850341	560	-0.067995 -0.008140  1.014892
42.28369140	559	-0.059376 -0.008858  1.015610
42.28888702	562	-0.068713 -0.001676  1.007470
42.29409027	563	-0.062009 -0.005267  1.004118
42.29929351	563	-0.065840 -0.007422  1.003639
42.30448913	565	-0.070868 -0.006225  1.000527
42.30968475	566	-0.059854 -0.005746  0.993584
42.31488800	566	-0.064403 -0.007422  0.995499
42.32007980	566	-0.065361 -0.010774  0.981852
42.32527923	567	-0.056263 -0.007901  0.992387
42.33047485	565	-0.057700 -0.014844  0.985922
42.33566284	568	-0.059615 -0.012689  0.984486
42.34085845	568	-0.056024 -0.003831  0.984725
42.34606170	566	-0.050038 -0.016520  0.985683
42.35125732	567	-0.059615 -0.012450  0.981373
42.35644912	570	-0.058657 -0.013647  0.983049
42.36165237	569	-0.055784 -0.021548  0.977303
42.36684799	570	-0.055545 -0.014604  0.969642
42.37204742	571	-0.054348 -0.015323  0.968684
42.37725448	568	-0.051714 -0.014844  0.966769
42.38246536	568	-0.054587 -0.018196  0.973951
42.38766479	571	-0.050757 -0.019153  0.966051
42.39286804	568	-0.055784 -0.011971  0.971557
42.39806747	572	-0.048123 -0.016759  0.970121
42.40326309	570	-0.048841 -0.013407  0.968205
42.40845870	571	-0.054348 -0.014126  0.966769
42.41365432	572	-0.062727 -0.013647  0.976106
42.41884613	570	-0.053869 -0.014365  0.970839
42.42405319	571	-0.054108 -0.013886  0.960305
42.42925643	571	-0.059615 -0.017477  0.966769
42.43445968	572	-0.059854 -0.011253  0.968924
42.43965530	572	-0.060573 -0.009098  0.974430
42.44485855	570	-0.052432 -0.015323  0.973712
42.45007324	569	-0.059136 -0.010534  0.981134
42.45526504	571	-0.058657 -0.009577  0.975148
42.46046066	571	-0.064164 -0.000958  0.973712
42.46564865	570	-0.059854 -0.009098  0.984007
42.47084426	569	-0.060812 -0.000718  0.988795
42.47603988	568	-0.063446 -0.006943  0.980894
42.48123931	568	-0.063206 -0.000718  0.973233
42.48643112	567	-0.059615 -0.001197  0.983289
42.49162292	567	-0.062488 0.002155  0.982092
42.49678421	566	-0.063206 -0.005746  0.990471
42.50198364	563	-0.063685 0.000239  0.980894
42.50713348	565	-0.062967 -0.003831  0.999569
42.51233291	565	-0.063206 0.000239  0.990711
42.51747894	565	-0.065361 -0.002634  0.995260
42.52267456	561	-0.065122 -0.002155  1.001724
42.52788925	560	-0.062009 -0.005985  1.002203
42.53308105	561	-0.059136 -0.005507  1.011061
42.53828048	560	-0.064403 -0.002155  1.008667
42.54346466	560	-0.057700 -0.010295  1.017765
42.54866790	560	-0.048362 -0.003591  1.012258
42.55386734	558	-0.049559 -0.004549  1.019201
42.55905532	557	-0.054827 -0.006464  1.015610
42.56424713	554	-0.058179 -0.004549  1.026863
42.56944274	556	-0.055306 -0.002634  1.022793
42.57464981	555	-0.058418 -0.001676  1.030933
42.57985305	551	-0.053630 -0.003831  1.024947
42.58505630	552	-0.049559 -0.009577  1.032369
42.59025955	551	-0.057460 -0.005985  1.042664
42.59546279	550	-0.052911 -0.000718  1.053438
42.60066986	549	-0.046208 -0.005267  1.052002
42.60586929	547	-0.054587 -0.006943  1.048650
42.61105346	548	-0.050757 -0.002155  1.059424
42.61624145	546	-0.049799 -0.004070  1.062536
42.62143325	544	-0.045968 -0.009337  1.057987
42.62663269	543	-0.052193 -0.010534  1.064451
42.63182830	542	-0.049081 -0.005267  1.073070
42.63701248	541	-0.052911 -0.001437  1.076422
42.64220809	540	-0.051954 0.001676  1.081929
42.64737319	538	-0.050517 0.000479  1.095576
42.65253448	537	-0.053630 0.002394  1.086478
42.65769577	537	-0.050517 0.001437  1.091506
42.66285705	535	-0.055784 0.003591  1.093900
42.66800689	534	-0.056742 0.001197  1.098449
42.67316055	532	-0.058897 0.007422  1.090069
42.67833328	533	-0.052911 0.004070  1.099646
42.68349456	531	-0.056742 -0.001437  1.104195
42.68870162	528	-0.060333 0.004788  1.111377
##inga 
#ido(sec)  szog(ADC)     ax(g)    ay(g)   az(g)
42.69438171	527	-0.056503 0.007901  1.112335
42.69966125	526	-0.061291 0.009098  1.118799
42.70493698	525	-0.060812 0.005507  1.116884
42.71019744	521	-0.063446 0.004310  1.141065
42.71533584	521	-0.058418 0.002634  1.133404
42.72048950	517	-0.059854 0.008858  1.131249
42.72563171	516	-0.057939 0.007661  1.138192
42.73078536	513	-0.065361 0.007901  1.142023
42.73593521	514	-0.055066 0.007661  1.140586
42.74107360	512	-0.056742 0.008619  1.149445
42.74622344	510	-0.061052 0.002873  1.142262
42.75136947	506	-0.057939 0.012929  1.139868
42.75651931	506	-0.052432 0.003591  1.151839
42.76166915	502	-0.050517 0.016280  1.153754
42.76680755	504	-0.051714 0.010295  1.162134
42.77195358	503	-0.046926 0.005985  1.157824
42.77710723	503	-0.054587 0.008140  1.159740
42.78225326	500	-0.048123 0.003112  1.166443
42.78739547	498	-0.046208 0.013407  1.170035
42.79254531	494	-0.044532 0.005985  1.165246
42.79768371	495	-0.052672 0.013647  1.165486
42.80283355	492	-0.047165 0.006943  1.170513
42.80797576	489	-0.046447 0.003831  1.166683
42.81311035	487	-0.041898 0.008858  1.166204
42.81827163	487	-0.051475 0.008619  1.180329
42.82344055	485	-0.044532 0.006464  1.173626
42.82860183	480	-0.046926 0.012450  1.174105
42.83375930	480	-0.040701 0.011253  1.177696
42.83892059	479	-0.041898 0.012929  1.176738
42.84407043	475	-0.040701 0.011971  1.174583
42.84922790	475	-0.040701 0.005985  1.179611
42.85437774	473	-0.043095 0.010295  1.179851
42.85953521	470	-0.043813 0.006464  1.176499
42.86469268	471	-0.046208 0.010295  1.177456
42.86984634	466	-0.046686 0.009577  1.179372
42.87501144	466	-0.041180 0.017477  1.171950
42.88015365	465	-0.050757 0.008619  1.173386
42.88530731	464	-0.049081 0.015562  1.179132
42.89045715	460	-0.046447 0.013168  1.175062
42.89561080	459	-0.051475 0.012929  1.170513
42.90076446	458	-0.047884 0.017238  1.170513
42.90591049	456	-0.047405 0.018675  1.178893
42.91105651	454	-0.050757 0.021308  1.173147
42.91621017	452	-0.049081 0.015323  1.163810
42.92134857	449	-0.048123 0.016041  1.167401
42.92650985	451	-0.051714 0.023224  1.161655
42.93165588	450	-0.047884 0.018435  1.152078
42.93679809	449	-0.057460 0.017238  1.170035
42.94194412	448	-0.058897 0.021548  1.152557
42.94708633	447	-0.056024 0.021308  1.155430
42.95223236	442	-0.052911 0.027772  1.156148
42.95737457	442	-0.052672 0.027294  1.150402
42.96253204	437	-0.048362 0.024899  1.148487
42.96767425	439	-0.055306 0.019393  1.149445
42.97283554	434	-0.054827 0.026336  1.143220
42.97796630	432	-0.043095 0.025139  1.137953
42.98313140	430	-0.046686 0.016041  1.145135
42.98828887	431	-0.046926 0.020829  1.132207
42.99344635	431	-0.046686 0.020829  1.129333
42.99861526	428	-0.041180 0.029448  1.126700
43.00377273	426	-0.040701 0.016999  1.122869
43.00893020	425	-0.037110 0.023702  1.125263
43.01408386	424	-0.040222 0.016520  1.118799
43.01924514	422	-0.040222 0.021308  1.115926
43.02440261	421	-0.035434 0.019393  1.116165
43.02956008	420	-0.033040 0.019632  1.110419
43.03470230	419	-0.032561 0.023702  1.090069
43.03986358	415	-0.033758 0.017717  1.102998
43.04501724	417	-0.033997 0.012210  1.098209
43.05017089	411	-0.032321 0.017717  1.089830
43.05531692	411	-0.037828 0.029448  1.086478
43.06046295	410	-0.031364 0.023224  1.087435
43.06560897	408	-0.033758 0.020590  1.081689
43.07075119	410	-0.029209 0.021308  1.071634
43.07589721	408	-0.032561 0.019872  1.060860
43.08103942	408	-0.035673 0.024181  1.073549
43.08619689	406	-0.040701 0.023224  1.061339
43.09134674	405	-0.039504 0.027294  1.066127
43.09650802	401	-0.040222 0.020590  1.049847
43.10164260	402	-0.034955 0.023224  1.051762
43.10678863	400	-0.039743 0.026336  1.055114
43.11193847	401	-0.038546 0.027772  1.041707
43.11709213	401	-0.038307 0.026097  1.042664
43.12224578	399	-0.042377 0.031124  1.040031
43.12739181	399	-0.036631 0.022745  1.037158
43.13254165	396	-0.037349 0.030167  1.026384
43.13768768	395	-0.040462 0.028491  1.031890
43.14283370	394	-0.040222 0.031843  1.021356
43.14798736	395	-0.041898 0.030645  1.024708
43.15314865	391	-0.044532 0.035434  1.019920
43.15830230	390	-0.041659 0.037110  1.006033
43.16344833	392	-0.041180 0.034955  1.017286
43.16862106	390	-0.041180 0.027294  1.011061
43.17378616	390	-0.043095 0.027533  1.000527
43.17895507	387	-0.043095 0.031603  1.006273
43.18411636	388	-0.036870 0.028251  0.997893
43.18928146	385	-0.041659 0.029448  0.989274
43.19443130	386	-0.042138 0.027294  0.996696
43.19960021	384	-0.045489 0.031124  0.984246
43.20475387	386	-0.038786 0.029688  0.980176
43.20990371	386	-0.039983 0.027533  0.981613
##inga 
#ido(sec)  szog(ADC)     ax(g)    ay(g)   az(g)
43.21558761	385	-0.037589 0.030645  0.980176
43.22086334	383	-0.035913 0.027533  0.983289
43.22613143	382	-0.039265 0.032321  0.978261
43.23141860	384	-0.032800 0.032082  0.960783
43.23657226	383	-0.029209 0.035434  0.972036
43.24171447	383	-0.029688 0.026575  0.979937
43.24686050	381	-0.035434 0.027054  0.967726
43.25200271	382	-0.034476 0.029448  0.974670
43.25714874	382	-0.029688 0.028970  0.963178
43.26230239	379	-0.037828 0.025857  0.962459
43.26744079	379	-0.036631 0.027772  0.966769
43.27258682	381	-0.028970 0.027294  0.962699
43.27772903	381	-0.029448 0.021787  0.965811
43.28287506	380	-0.030406 0.029448  0.967248
43.28801727	380	-0.025139 0.026575  0.956474
43.29315948	380	-0.036391 0.026575  0.956953
43.29830932	379	-0.030167 0.028251  0.960544
43.30345916	379	-0.037828 0.027294  0.956953
43.30860519	380	-0.034955 0.030406  0.959826
43.31374740	378	-0.035194 0.026097  0.955995
43.31889343	380	-0.033279 0.031843  0.950728
43.32404327	378	-0.039983 0.030645  0.966769
43.32919311	379	-0.040701 0.024899  0.952643
43.33433151	379	-0.036152 0.025857  0.965572
43.33947753	380	-0.043095 0.030167  0.959107
43.34462356	380	-0.037828 0.026575  0.959586
43.34978103	379	-0.035673 0.032082  0.967487
43.35493469	382	-0.043095 0.033040  0.963178
43.36009979	380	-0.041659 0.028491  0.968205
43.36526107	383	-0.041898 0.022745  0.972515
43.37041854	382	-0.040222 0.024660  0.966769
43.37557220	384	-0.045968 0.027772  0.968924
43.38073348	384	-0.046208 0.029688  0.972754
43.38590621	385	-0.036391 0.025857  0.975627
43.39104843	385	-0.039504 0.032800  0.971797
43.39619827	386	-0.042138 0.021308  0.979937
43.40135574	387	-0.043574 0.031124  0.986880
43.40650939	386	-0.043095 0.028970  0.983289
43.41165924	388	-0.042138 0.024421  0.988077
43.41680908	386	-0.050278 0.028730  0.979219
43.42195129	389	-0.046926 0.025618  0.991908
43.42710494	389	-0.040940 0.027772  0.990232
43.43224334	390	-0.040701 0.028970  0.994302
43.43739318	392	-0.043095 0.032082  0.990711
43.44253921	392	-0.053151 0.028970  0.998133
43.44768524	394	-0.043335 0.028251  1.004118
43.45282745	394	-0.040940 0.030645  1.006033
43.45798873	395	-0.048123 0.029688  1.015610
43.46313095	394	-0.038067 0.025139  1.015131
43.46828079	396	-0.038786 0.022266  1.012977
43.47343444	398	-0.038067 0.025618  1.028778
43.47858810	399	-0.042856 0.022984  1.025187
43.48374176	399	-0.038307 0.021787  1.035003
43.48888778	400	-0.047405 0.015083  1.033327
43.49403762	402	-0.034476 0.026336  1.037636
43.49918365	402	-0.040701 0.026815  1.032609
43.50434875	403	-0.039504 0.018196  1.045058
43.50949859	405	-0.038546 0.019632  1.042185
43.51465988	407	-0.036391 0.018435  1.052720
43.51982498	406	-0.035434 0.018675  1.065648
43.52497482	407	-0.033040 0.018675  1.057029
43.53013229	406	-0.033518 0.021069  1.067324
43.53530120	409	-0.036631 0.016280  1.066127
43.54044723	410	-0.039025 0.020351  1.072352
43.54560852	412	-0.039025 0.016041  1.084562
43.55077743	413	-0.031843 0.017717  1.074986
43.55593109	413	-0.036391 0.009816  1.085041
43.56109619	416	-0.037589 0.017956  1.080492
43.56624984	416	-0.036152 0.019393  1.090548
43.57139968	416	-0.038546 0.014844  1.092942
43.57654571	418	-0.042616 0.012929  1.096533
43.58169555	418	-0.038786 0.015802  1.099885
43.58684158	422	-0.044292 0.017717  1.106589
43.59198760	424	-0.044292 0.015562  1.106110
43.59712982	425	-0.045968 0.016999  1.116644
43.60227203	426	-0.045729 0.021308  1.118081
43.60742950	426	-0.046926 0.017477  1.123348
43.61257171	429	-0.050038 0.021787  1.123348
43.61771774	430	-0.049320 0.016999  1.137713
43.62285995	430	-0.052432 0.021308  1.132925
43.62800216	433	-0.049799 0.018675  1.136755
43.63314819	433	-0.052911 0.021787  1.133643
43.63828659	433	-0.056503 0.015323  1.136755
43.64343261	437	-0.057221 0.015083  1.135079
43.64857482	436	-0.058179 0.022505  1.142741
43.65372085	440	-0.057939 0.019872  1.147769
43.65887451	446	-0.058418 0.016520  1.155430
43.66402435	445	-0.056503 0.018914  1.150163
43.66916656	448	-0.055306 0.019393  1.150402
43.67432785	449	-0.055306 0.014844  1.150642
43.67948913	449	-0.047165 0.015083  1.148008
43.68463897	451	-0.049320 0.011013  1.154472
43.68979644	451	-0.049320 0.011013  1.159021
43.69494247	451	-0.052911 0.012689  1.161415
43.70010375	455	-0.048362 0.009337  1.167161
43.70525741	456	-0.046926 0.010295  1.165964
43.71040344	454	-0.049559 0.006943  1.171710
43.71556091	458	-0.044532 0.007422  1.165964
43.72071838	461	-0.046208 0.002873  1.164049
43.72588348	462	-0.048602 0.007183  1.170992
43.73104858	462	-0.040701 0.008380  1.163810
##inga 
#ido(sec)  szog(ADC)     ax(g)    ay(g)   az(g)
43.73672485	465	-0.050038 0.007183  1.174344
43.74199295	468	-0.046926 0.007661  1.173147
43.74727249	467	-0.042377 0.002634  1.174583
43.75254058	469	-0.040462 0.002634  1.163091
43.75768661	474	-0.044292 0.005746  1.170513
43.76284408	475	-0.045968 0.001197  1.171950
43.76799011	475	-0.043095 0.008380  1.169795
43.77313613	477	-0.046686 0.005267  1.170035
43.77827835	480	-0.050038 0.002155  1.173386
43.78342437	481	-0.051714 0.005746  1.170513
43.78856658	481	-0.050757 0.005507  1.168837
43.79372787	483	-0.045968 0.004549  1.168837
43.79888534	487	-0.057221 0.005985  1.169077
43.80403137	491	-0.055306 0.007901  1.162134
43.80917739	492	-0.059376 0.004549  1.172429
43.81431198	493	-0.050038 0.005028  1.166204
43.81946563	495	-0.053390 0.013168  1.162613
43.82460784	495	-0.057700 0.005985  1.161894
43.82975387	498	-0.050517 0.005985  1.154951
43.83488845	499	-0.056503 0.003831  1.153754
43.84003067	500	-0.051235 0.003352  1.164528
43.84518432	502	-0.057939 0.003591  1.147290
43.85032653	502	-0.056981 0.002873  1.153036
43.85547256	504	-0.064882 0.004070  1.154951
43.86060714	504	-0.056503 0.009577  1.144417
43.86575317	508	-0.060812 0.007661  1.136277
43.87090301	510	-0.058897 0.003352  1.142741
43.87605667	511	-0.060573 0.003112  1.143220
43.88121032	512	-0.057460 0.000479  1.142741
43.88636016	516	-0.061291 -0.001676  1.134601
43.89155960	517	-0.057700 -0.000239  1.121433
43.89675140	519	-0.062488 0.004070  1.130291
43.90189743	521	-0.056503 0.003831  1.124545
43.90705490	524	-0.063206 -0.000239  1.120714
43.91225051	525	-0.057700 -0.001915  1.120954
43.91745376	526	-0.062967 0.000000  1.115208
43.92256927	527	-0.064164 0.003112  1.112814
43.92771911	528	-0.054827 -0.003591  1.105871
43.93292617	527	-0.054827 -0.015323  1.113771
43.93812179	531	-0.048841 -0.000239  1.098449
43.94331359	533	-0.060333 -0.001437  1.090548
43.94850540	534	-0.052911 -0.006225  1.089590
43.95369720	536	-0.053630 -0.009816  1.087196
43.95888900	537	-0.056024 -0.009337  1.094139
43.96407699	535	-0.058897 -0.011971  1.084084
43.96927261	538	-0.054348 -0.005267  1.087914
43.97447586	539	-0.054108 -0.006704  1.072592
43.97967910	540	-0.055545 -0.012689  1.078098
43.98487091	541	-0.054348 -0.006225  1.064451
43.99007034	542	-0.056981 -0.006943  1.065170
43.99527740	541	-0.058418 -0.009816  1.065888
44.00047302	543	-0.055545 -0.006464  1.063972
44.00567626	544	-0.053869 -0.007901  1.054156
44.01086425	548	-0.057460 -0.008140  1.047931
44.01605987	550	-0.053630 -0.009337  1.050326
44.02125549	548	-0.053869 -0.010774  1.035242
44.02644729	550	-0.059376 -0.011253  1.041467
44.03163909	550	-0.057221 -0.010056  1.044819
44.03683853	551	-0.055784 -0.014126  1.040270
44.04204177	552	-0.055066 -0.013886  1.025905
44.04723358	552	-0.056024 -0.009098  1.025666
44.05243682	554	-0.061052 -0.016520  1.023032
44.05764007	556	-0.061530 -0.008619  1.026863
44.06284713	557	-0.065361 -0.005028  1.010822
44.06803894	558	-0.062009 -0.006464  1.018723
44.07323074	559	-0.059854 -0.008140  1.013216
44.07842636	558	-0.061530 -0.001437  1.012258
44.08361434	560	-0.063446 -0.002873  0.998851
44.08881759	558	-0.066798 -0.009816  1.001484
44.09400939	560	-0.063446 -0.004788  0.999090
44.09919357	562	-0.064403 -0.005746  1.001724
44.10438537	562	-0.061052 -0.008140  0.996217
44.10957717	563	-0.061530 -0.013168  0.993105
44.11478042	563	-0.065840 -0.013168  0.991908
44.11997604	564	-0.063446 -0.007422  0.992147
44.12517929	566	-0.069192 -0.008140  0.992387
44.13038253	565	-0.063685 -0.007901  0.984246
44.13558959	567	-0.058418 -0.005028  0.976346
44.14078521	567	-0.067276 -0.011971  0.975148
44.14597702	567	-0.056981 -0.007422  0.982570
44.15116882	567	-0.056263 -0.013168  0.980655
44.15636444	566	-0.056263 -0.012689  0.977064
44.16156387	568	-0.057460 -0.009098  0.980176
44.16675186	568	-0.058657 -0.009816  0.979458
44.17194747	568	-0.057221 -0.011731  0.970600
44.17712783	567	-0.054827 -0.014365  0.969642
44.18234252	568	-0.054827 -0.013886  0.976346
44.18754577	566	-0.059376 -0.012210  0.974430
44.19274902	569	-0.054348 -0.016041  0.978500
44.19794845	568	-0.053390 -0.015323  0.971557
44.20315170	566	-0.054587 -0.015562  0.976346
44.20834350	568	-0.055784 -0.005507  0.972515
44.21353912	567	-0.055784 -0.011013  0.966290
44.21872329	568	-0.053630 -0.014604  0.973712
44.22391891	568	-0.054587 -0.007901  0.973233
44.22911453	567	-0.053869 -0.009337  0.966290
44.23430252	568	-0.058657 -0.010534  0.972754
44.23949432	567	-0.059854 -0.010295  0.978022
44.24469757	566	-0.055545 -0.007422  0.977303
44.24989318	566	-0.052672 -0.009816  0.976824
44.25509262	567	-0.059615 -0.006464  0.973472
##inga 
#ido(sec)  szog(ADC)     ax(g)    ay(g)   az(g)
44.26083374	566	-0.053630 0.001915  0.978500
44.26607894	566	-0.059136 -0.007422  0.986162
44.27135086	566	-0.062009 -0.004310  0.989514
44.27659606	565	-0.060573 -0.003831  0.984007
44.28179931	564	-0.054827 -0.007183  0.982570
44.28700256	562	-0.059615 -0.004788  0.992147
44.29220581	563	-0.058657 -0.001915  0.990232
44.29740905	561	-0.060812 -0.005985  0.994302
44.30260467	560	-0.058657 0.000479  0.995020
44.30773544	558	-0.067995 -0.001437  1.002203
44.31293106	559	-0.060812 -0.001197  0.998851
44.31812667	560	-0.066319 -0.001915  0.999330
44.32331848	559	-0.056263 0.000479  1.001484
44.32846832	555	-0.062488 0.001676  1.014174
44.33362960	556	-0.062727 -0.000479  1.014652
44.33881759	556	-0.058897 0.000000  1.014652
44.34392166	555	-0.057700 -0.003352  1.025187
44.34911346	554	-0.057460 -0.002394  1.026384
44.35430908	553	-0.052911 0.002155  1.034763
44.35947036	551	-0.052672 -0.006943  1.019920
44.36467742	551	-0.060094 0.000479  1.033327
44.36981964	550	-0.060812 -0.005507  1.035242
44.37501907	550	-0.052432 -0.002873  1.037636
44.38021469	549	-0.060094 -0.005267  1.041946
44.38542175	547	-0.050038 -0.007183  1.045777
44.39061737	546	-0.054587 -0.005028  1.044340
44.39580917	545	-0.052193 -0.003352  1.050565
44.40100860	545	-0.048841 -0.000718  1.058466
44.40620422	542	-0.052193 0.000479  1.056550
44.41134262	541	-0.050757 -0.005746  1.059663
44.41653823	540	-0.051714 -0.005746  1.062536
44.42172622	538	-0.052193 -0.002155  1.073549
44.42692565	538	-0.050517 -0.002155  1.063733
44.43211364	537	-0.052432 -0.000958  1.080013
44.43732070	537	-0.050757 -0.007183  1.083844
44.44252014	536	-0.052911 -0.006464  1.092224
44.44772338	535	-0.050038 0.000718  1.085281
44.45288085	533	-0.044532 0.002394  1.087914
44.45804977	532	-0.044532 -0.008858  1.094139
44.46326065	531	-0.049320 -0.001437  1.094618
44.46846008	528	-0.051235 0.001197  1.105392
44.47362136	526	-0.052432 -0.001676  1.095576
44.47881698	526	-0.054348 0.000718  1.106828
44.48397064	524	-0.058657 0.001197  1.108983
44.48911666	524	-0.054827 0.000479  1.114490
44.49424743	524	-0.050278 0.002873  1.121912
44.49939346	520	-0.052193 0.006225  1.119996
44.50453567	516	-0.057221 0.006704  1.117123
44.50968170	518	-0.054827 0.007901  1.129812
44.51482391	515	-0.052193 0.012450  1.126461
44.51996231	512	-0.054587 0.012210  1.134601
44.52510833	510	-0.052193 0.006704  1.125742
44.53025054	510	-0.061052 0.004070  1.145614
44.53539657	509	-0.057700 0.003352  1.142741
44.54053497	507	-0.059376 0.010295  1.141304
44.54568862	505	-0.056263 0.012929  1.148247
44.55083847	504	-0.053869 0.010534  1.150402
44.55599212	503	-0.055784 0.010534  1.149684
44.56115341	503	-0.051714 0.001197  1.147050
44.56630325	500	-0.052432 0.005507  1.151599
44.57146072	498	-0.054348 0.012210  1.150642
44.57662582	496	-0.049799 0.006464  1.148966
44.58177566	494	-0.058418 0.012689  1.164049
44.58693695	492	-0.055784 0.014844  1.162852
44.59209442	492	-0.050038 0.010056  1.159021
44.59724044	489	-0.053151 0.013168  1.162852
44.60240173	487	-0.048362 0.017717  1.157824
44.60755920	484	-0.056024 0.010056  1.162852
44.61272048	482	-0.050038 0.015802  1.174105
44.61787033	482	-0.053390 0.009816  1.166683
44.62302398	480	-0.050996 0.010295  1.165486
44.62817764	478	-0.048602 0.011253  1.162373
44.63332366	476	-0.047405 0.016041  1.172189
44.63846588	474	-0.042856 0.005746  1.159021
44.64361190	472	-0.038067 0.006943  1.170035
44.64875030	472	-0.043813 0.009337  1.166683
44.65388870	468	-0.042138 0.012689  1.163810
44.65902328	466	-0.040222 0.007901  1.169316
44.66417312	466	-0.042616 0.015802  1.169316
44.66931915	464	-0.044292 0.009577  1.162373
44.67446517	464	-0.037589 0.009337  1.155430
44.67961120	461	-0.037828 0.006464  1.165007
44.68474960	457	-0.038546 0.010774  1.156627
44.68988800	458	-0.045729 0.012929  1.164049
44.69503784	455	-0.046447 0.010534  1.165964
44.70019149	452	-0.042856 0.014365  1.166204
44.70534515	452	-0.046447 0.011492  1.159979
44.71049499	451	-0.045011 0.016759  1.164288
44.71564865	450	-0.048841 0.014604  1.159021
44.72079086	447	-0.041659 0.013647  1.159740
44.72594833	448	-0.045489 0.026097  1.159979
44.73110961	448	-0.046447 0.017238  1.144177
44.73626708	446	-0.049320 0.021548  1.141065
44.74142456	445	-0.044771 0.018435  1.147769
44.74658966	442	-0.053151 0.020351  1.148726
44.75174713	438	-0.051475 0.022266  1.144417
44.75691223	439	-0.056263 0.024660  1.134601
44.76206970	437	-0.049320 0.022984  1.133643
44.76722335	434	-0.050517 0.024899  1.127179
44.77239227	432	-0.053151 0.021069  1.129094
44.77755355	430	-0.049799 0.025378  1.128136
##inga 
#ido(sec)  szog(ADC)     ax(g)    ay(g)   az(g)
44.78324890	432	-0.049559 0.015562  1.117602
44.78852081	430	-0.053390 0.022984  1.123348
44.79378890	428	-0.052432 0.022266  1.123109
44.79904937	426	-0.046926 0.029688  1.120236
44.80421066	425	-0.045489 0.021069  1.119278
44.80936813	422	-0.047165 0.023942  1.115687
44.81452178	419	-0.040222 0.022984  1.110898
44.81966400	420	-0.044053 0.015562  1.109941
44.82480621	421	-0.047644 0.023702  1.094139
44.82995223	419	-0.042138 0.021308  1.090787
44.83510971	415	-0.034476 0.022026  1.094139
44.84025192	414	-0.042377 0.020829  1.088872
44.84540939	414	-0.039265 0.023224  1.078816
44.85055541	410	-0.036152 0.026815  1.077859
44.85570144	411	-0.037589 0.022984  1.072352
44.86084365	410	-0.033758 0.027294  1.068761
44.86599731	410	-0.039743 0.019153  1.071873
44.87114334	407	-0.033758 0.023224  1.062775
44.87628936	406	-0.030885 0.016999  1.056311
44.88144302	408	-0.033279 0.021308  1.061578
44.88659286	404	-0.034476 0.022026  1.056790
44.89173126	405	-0.038546 0.022266  1.050804
44.89687728	403	-0.029448 0.022505  1.051044
44.90203475	400	-0.035913 0.024660  1.054875
44.90718078	402	-0.039265 0.018196  1.043861
44.91233062	401	-0.040462 0.029927  1.043383
44.91749572	401	-0.033758 0.023224  1.036679
44.92266082	400	-0.037349 0.022266  1.021117
44.92783737	398	-0.033518 0.024421  1.027342
44.93300247	398	-0.036870 0.026336  1.021356
44.93816375	397	-0.037589 0.026336  1.029257
44.94333267	394	-0.036391 0.025857  1.022553
44.94848251	394	-0.042856 0.033758  1.021835
44.95365905	394	-0.047165 0.025378  1.006991
44.95880508	393	-0.041659 0.029927  1.007230
44.96395111	393	-0.045489 0.033040  1.003639
44.96909713	392	-0.043335 0.030406  1.003160
44.97424316	389	-0.048602 0.030645  0.996457
44.97940444	391	-0.046926 0.027772  1.002681
44.98456573	390	-0.044771 0.027533  0.994541
44.98971557	388	-0.039265 0.033279  0.996696
44.99486160	387	-0.045489 0.028012  0.988795
45.00000381	388	-0.042616 0.032561  0.983289
45.00514984	385	-0.038067 0.031124  0.990471
45.01028823	386	-0.034955 0.033518  0.976824
45.01543045	386	-0.042616 0.033518  0.981613
45.02057647	384	-0.043095 0.028251  0.980655
45.02572250	385	-0.043574 0.031603  0.971318
45.03086471	385	-0.035673 0.033040  0.971557
45.03600311	385	-0.037349 0.034237  0.976346
45.04115676	383	-0.032561 0.032082  0.967248
45.04630661	384	-0.030645 0.038067  0.967248
45.05145263	385	-0.034237 0.036152  0.962459
45.05659484	383	-0.038546 0.033758  0.962699
45.06174087	381	-0.034237 0.027772  0.974670
45.06688308	384	-0.036870 0.023224  0.962699
45.07202529	382	-0.031364 0.022745  0.971318
45.07716751	383	-0.034237 0.028491  0.966290
45.08232498	383	-0.033518 0.022745  0.960065
45.08749389	382	-0.035194 0.026575  0.964614
45.09265136	381	-0.038067 0.021069  0.969163
45.09781646	383	-0.040462 0.027533  0.974430
45.10296630	383	-0.033518 0.026815  0.965332
45.10812377	380	-0.028491 0.027533  0.964854
45.11328506	383	-0.031843 0.029209  0.964375
45.11845016	381	-0.032321 0.025618  0.959347
45.12361526	383	-0.034237 0.026815  0.967248
45.12877273	382	-0.029448 0.027294  0.965332
45.13393020	383	-0.033040 0.029209  0.976346
45.13908767	385	-0.036152 0.020111  0.969163
45.14423751	386	-0.034716 0.024660  0.965811
45.14937973	384	-0.033758 0.028012  0.971078
45.15454101	385	-0.028730 0.026575  0.975148
45.15968322	385	-0.036152 0.030885  0.973951
45.16482925	387	-0.036391 0.025618  0.977782
45.16997528	387	-0.042138 0.023224  0.981134
45.17512512	388	-0.037349 0.023463  0.978740
45.18026733	388	-0.039025 0.022026  0.975627
45.18542098	389	-0.039265 0.027294  0.984007
45.19055938	389	-0.038786 0.029209  0.976585
45.19570922	389	-0.039025 0.027054  0.988077
45.20085906	390	-0.043335 0.023224  0.988556
45.20600509	390	-0.046686 0.029688  0.993105
45.21113586	393	-0.044532 0.020829  0.990232
45.21628570	393	-0.045489 0.024899  0.995978
45.22143173	391	-0.041659 0.036391  1.001484
45.22658920	395	-0.044053 0.026815  1.001245
45.23173904	394	-0.045011 0.025139  1.002203
45.23688888	394	-0.044053 0.026575  1.006033
45.24204254	396	-0.045968 0.024421  1.010103
45.24719619	398	-0.044771 0.026815  1.007949
45.25235366	399	-0.047405 0.026336  1.011779
45.25751113	399	-0.045011 0.025857  1.014174
45.26267242	401	-0.041419 0.021069  1.029736
45.26784133	401	-0.037110 0.024181  1.019201
45.27299499	400	-0.047644 0.019872  1.033088
45.27815246	402	-0.041898 0.022745  1.031172
45.28330612	405	-0.040940 0.023463  1.037876
45.28847885	405	-0.048841 0.025139  1.044819
45.29364776	406	-0.053630 0.017717  1.054396
45.29882049	407	-0.038307 0.022984  1.054875
##inga 
#ido(sec)  szog(ADC)     ax(g)    ay(g)   az(g)
45.30450439	406	-0.041419 0.020111  1.054156
45.30978012	406	-0.041898 0.024181  1.053438
45.31504440	406	-0.044532 0.020111  1.061818
45.32031250	410	-0.042138 0.018196  1.069479
45.32547378	408	-0.034476 0.015802  1.065170
45.33061981	412	-0.038546 0.020829  1.063733
45.33576965	413	-0.034237 0.013647  1.072113
45.34092712	414	-0.034237 0.015562  1.080013
45.34607315	414	-0.039743 0.011731  1.080971
45.35121917	417	-0.032321 0.013647  1.082647
45.35637283	417	-0.033518 0.015083  1.088872
45.36150741	418	-0.037110 0.012689  1.086957
45.36665344	418	-0.039265 0.016759  1.095576
45.37179565	423	-0.043095 0.022026  1.098927
45.37694931	424	-0.036870 0.013647  1.099885
45.38209152	423	-0.036870 0.007901  1.102998
45.38724136	427	-0.040940 0.011013  1.108504
45.39239501	427	-0.043574 0.017717  1.108983
45.39754486	428	-0.041180 0.015802  1.118560
45.40268707	430	-0.047405 0.019393  1.116884
45.40784072	433	-0.047644 0.011492  1.119996
45.41299438	432	-0.049799 0.019872  1.124785
45.41815185	433	-0.049799 0.011013  1.123109
45.42330551	434	-0.049320 0.018435  1.124306
45.42844772	437	-0.055784 0.018196  1.131009
45.43361663	439	-0.051235 0.008619  1.140586
45.43878936	442	-0.048362 0.016999  1.140107
45.44394302	445	-0.054108 0.018196  1.135079
45.44910812	447	-0.059376 0.018196  1.138910
45.45427322	448	-0.053869 0.018675  1.139629
45.45943069	447	-0.047405 0.018435  1.139629
45.46459960	449	-0.055306 0.019153  1.144417
45.46975708	449	-0.050996 0.011013  1.156627
45.47490692	452	-0.054348 0.017477  1.155909
45.48007202	451	-0.057700 0.019393  1.153275
45.48522949	455	-0.045489 0.017717  1.155191
45.49038314	455	-0.053151 0.009098  1.154233
45.49552917	454	-0.053630 0.010295  1.157345
45.50068664	457	-0.054108 0.010774  1.161894
45.50584030	459	-0.054587 0.011731  1.156627
45.51097488	461	-0.043813 0.003831  1.154712
45.51612472	461	-0.050517 0.012689  1.169556
45.52127075	464	-0.049320 0.003831  1.169316
45.52641677	466	-0.045489 0.003112  1.165486
45.53157043	468	-0.049081 0.004788  1.163570
45.53671646	469	-0.044771 0.007901  1.160458
45.54185867	470	-0.045011 0.009577  1.159021
45.54700088	472	-0.051235 0.013168  1.170274
45.55214309	475	-0.048362 0.004549  1.155191
45.55728912	477	-0.039025 0.002873  1.159979
45.56243896	477	-0.045968 0.008380  1.161894
45.56759643	480	-0.051954 0.001197  1.166922
45.57274627	481	-0.046447 0.008140  1.164767
45.57789230	481	-0.049559 0.004310  1.164528
45.58303833	485	-0.047405 -0.003112  1.162613
45.58823013	486	-0.049559 0.003112  1.161655
45.59339141	490	-0.053151 0.005507  1.165964
45.59855651	492	-0.053151 0.002873  1.156148
45.60371017	490	-0.057460 0.003831  1.157106
45.60886383	492	-0.059615 0.000000  1.154712
45.61397933	493	-0.053869 0.000718  1.158064
45.61913681	495	-0.051954 0.006225  1.147529
45.62429428	500	-0.054108 0.002394  1.154233
45.62946701	500	-0.061052 0.008619  1.149923
45.63462448	504	-0.049799 0.009577  1.152796
45.63978958	502	-0.055784 0.001197  1.144417
45.64494323	505	-0.055545 0.004788  1.142023
45.65009689	505	-0.060573 0.002873  1.140107
45.65524673	507	-0.056024 0.002634  1.139868
45.66040039	506	-0.056263 -0.000958  1.141304
45.66558074	510	-0.061291 0.006225  1.142741
45.67072677	512	-0.062249 0.001676  1.129573
45.67586898	514	-0.062009 0.000000  1.127658
45.68098831	515	-0.057460 0.000958  1.118320
45.68612289	518	-0.058418 -0.003112  1.121672
45.69132232	520	-0.055784 0.000958  1.121193
45.69646835	522	-0.058657 -0.002634  1.114968
45.70166015	524	-0.058657 -0.003112  1.112095
45.70685577	525	-0.057939 0.003831  1.102279
45.71200561	525	-0.059615 -0.002394  1.111138
45.71720123	525	-0.062967 -0.002394  1.098449
45.72240066	527	-0.057221 -0.009098  1.101800
45.72759246	529	-0.048841 -0.006225  1.099406
45.73279190	528	-0.057460 -0.002155  1.082408
45.73799133	532	-0.057460 -0.006464  1.094618
45.74318695	533	-0.057460 -0.009337  1.093900
45.74839782	536	-0.056503 -0.006464  1.083126
45.75359725	537	-0.052672 -0.004788  1.075943
45.75878524	536	-0.055306 -0.008140  1.073789
45.76397323	537	-0.062488 -0.009816  1.064691
45.76916885	538	-0.055545 -0.007422  1.077140
45.77436447	540	-0.058657 -0.006704  1.070197
45.77956008	541	-0.050996 -0.008140  1.062775
45.78475952	542	-0.054348 -0.006464  1.059184
45.78995513	540	-0.061770 -0.009816  1.053678
45.79516220	543	-0.057221 -0.007901  1.064691
45.80036544	544	-0.054348 -0.007901  1.056550
45.80556488	545	-0.054348 -0.002873  1.040031
45.81076049	547	-0.053869 -0.005985  1.042904
45.81596374	549	-0.056503 -0.009098  1.046256
45.82115936	550	-0.056503 -0.012450  1.028299
##inga 
#ido(sec)  szog(ADC)     ax(g)    ay(g)   az(g)
45.82688522	550	-0.052432 -0.011253  1.026384
45.83216476	548	-0.057460 -0.008619  1.034045
45.83744049	552	-0.059854 -0.009098  1.024229
45.84269714	551	-0.056263 -0.004070  1.020398
45.84790039	549	-0.060094 -0.013407  1.011540
45.85308837	552	-0.058657 -0.005985  1.013455
45.85828399	553	-0.061052 -0.008619  1.021356
45.86347961	556	-0.060812 -0.011253  1.008427
45.86867904	556	-0.060573 -0.012450  1.015371
45.87387847	558	-0.055784 -0.007183  1.005315
45.87908172	559	-0.059136 -0.009816  0.999330
45.88427352	557	-0.063925 -0.009577  1.003879
45.88948440	557	-0.058657 -0.013886  0.998133
45.89469528	560	-0.060812 -0.005507  0.997175
45.89989852	558	-0.072544 -0.008858  0.989753
45.90509033	559	-0.061291 -0.008140  0.989035
45.91028976	561	-0.064403 -0.005985  1.001724
45.91548919	560	-0.059854 -0.008619  0.991908
45.92068099	559	-0.061052 -0.010774  0.988316
45.92588043	563	-0.060094 -0.006464  0.981373
45.93107223	563	-0.064164 -0.011492  0.982092
45.93627166	563	-0.059615 -0.011492  0.983767
45.94146728	561	-0.055784 -0.011013  0.978740
45.94666290	564	-0.056503 -0.013647  0.984486
45.95186233	562	-0.056024 -0.010056  0.974430
45.95706176	565	-0.060333 -0.017956  0.977782
45.96226501	565	-0.061770 -0.002634  0.984246
45.96747207	564	-0.057221 -0.009337  0.982570
45.97266387	565	-0.057939 -0.012929  0.971797
45.97786331	566	-0.060573 -0.012450  0.973233
45.98306655	566	-0.059854 -0.009816  0.980655
45.98826980	566	-0.053869 -0.009816  0.981852
45.99346542	566	-0.055066 -0.014604  0.984486
45.99866867	563	-0.062967 -0.016280  0.977303
46.00386047	566	-0.060573 -0.011731  0.980655
46.00904846	564	-0.055545 -0.008619  0.975148
46.01424789	566	-0.056503 -0.011731  0.975627
46.01944732	565	-0.053630 -0.010056  0.973472
46.02463912	565	-0.057939 -0.014126  0.980176
46.02983474	564	-0.058179 -0.009816  0.973233
46.03504180	563	-0.056981 -0.005746  0.986401
46.04024505	563	-0.057939 -0.011013  0.986401
46.04543685	563	-0.053390 -0.002873  0.981852
46.05062866	560	-0.063446 -0.005028  0.981852
46.05582427	562	-0.052672 -0.007901  0.991429
46.06102371	562	-0.059376 -0.007901  0.988077
46.06620788	561	-0.053390 -0.005028  0.988077
46.07139205	558	-0.056742 -0.003591  0.986880
46.07657623	560	-0.058179 -0.006943  1.000527
46.08176803	559	-0.061530 -0.002634  0.994302
46.08696746	559	-0.054827 -0.005507  0.998133
46.09216690	557	-0.058418 -0.009337  1.000527
46.09735870	558	-0.055784 -0.007183  0.999569
46.10256576	556	-0.059136 -0.003112  0.999808
46.10776519	555	-0.058418 -0.001915  1.007709
46.11296463	555	-0.058418 -0.004070  1.014413
46.11816024	553	-0.058657 -0.001437  1.009146
46.12335586	554	-0.053390 0.000958  1.020159
46.12851715	553	-0.058657 -0.006464  1.011301
46.13370513	553	-0.056742 -0.000479  1.028539
46.13890838	550	-0.056263 -0.004310  1.029496
46.14410781	549	-0.053869 -0.003352  1.034045
46.14930343	547	-0.055306 -0.006464  1.034524
46.15450286	549	-0.057460 -0.007183  1.028539
46.15970611	548	-0.056503 -0.005028  1.043383
46.16491317	547	-0.049081 -0.005028  1.037397
46.17011260	546	-0.053869 -0.004549  1.045777
46.17531585	544	-0.056503 -0.000718  1.048171
46.18051910	543	-0.047165 -0.002873  1.058466
46.18571472	540	-0.054827 -0.000239  1.045298
46.19090652	541	-0.061052 -0.001915  1.057508
46.19609451	539	-0.053630 0.001915  1.053438
46.20124053	537	-0.050996 -0.000479  1.063015
46.20643234	536	-0.054348 -0.005507  1.061818
46.21162796	535	-0.048841 -0.003112  1.066367
46.21682739	536	-0.045489 -0.002394  1.068042
46.22202682	534	-0.050517 0.000479  1.074507
46.22718048	535	-0.047884 -0.001676  1.078816
46.23238372	534	-0.048362 0.001437  1.080971
46.23754882	534	-0.050038 0.005985  1.084562
46.24270248	532	-0.051475 0.002394  1.097730
46.24785614	530	-0.052193 -0.003352  1.098449
46.25305938	527	-0.047644 0.001915  1.090308
46.25822830	525	-0.053390 -0.002873  1.097252
46.26343536	526	-0.054827 0.008380  1.096773
46.26858901	523	-0.049799 -0.000718  1.099646
46.27378845	520	-0.055784 0.002155  1.108025
46.27893447	521	-0.058179 0.004070  1.105392
46.28408050	519	-0.048602 0.005507  1.116644
46.28920745	517	-0.057221 0.005746  1.116644
46.29435348	516	-0.054348 0.005028  1.107307
46.29949569	514	-0.056981 0.004549  1.125982
46.30464172	512	-0.054827 0.007661  1.120475
46.30979156	511	-0.052672 0.010774  1.138431
46.31492614	510	-0.051714 0.005267  1.122630
46.32007217	507	-0.056742 0.009098  1.133882
46.32521438	507	-0.053630 0.005985  1.127897
46.33036804	503	-0.050038 0.009816  1.135319
46.33550262	504	-0.061770 0.004070  1.139150
46.34064102	502	-0.054587 0.003831  1.147050
46.34577941	503	-0.053630 0.005267  1.141065
##inga 
#ido(sec)  szog(ADC)     ax(g)    ay(g)   az(g)
46.35146713	501	-0.054827 0.011731  1.143459
46.35675430	499	-0.060333 0.011492  1.145614
46.36204528	496	-0.054587 0.002394  1.149445
46.36729431	496	-0.050278 0.007901  1.149205
46.37244033	494	-0.050038 0.012929  1.155191
46.37758255	489	-0.054587 0.008619  1.162613
46.38272857	488	-0.056503 0.012450  1.153993
46.38786315	487	-0.049799 0.013168  1.158782
46.39301681	487	-0.049320 0.011971  1.161176
46.39816665	482	-0.049320 0.008858  1.157585
46.40332794	482	-0.045489 0.006225  1.156627
46.40848922	478	-0.042377 0.005267  1.155191
46.41365432	479	-0.047165 0.011492  1.159021
46.41880798	474	-0.046447 0.010295  1.158303
46.42396926	475	-0.045968 0.011253  1.166683
46.42912673	471	-0.041659 0.008619  1.166683
46.43428421	472	-0.044532 0.008619  1.159021
46.43944168	469	-0.040940 0.007183  1.165725
46.44459915	469	-0.049559 0.011013  1.161655
46.44975280	468	-0.042138 0.008380  1.156148
46.45491027	464	-0.046447 0.012210  1.153754
46.46006393	462	-0.041419 0.018196  1.154712
46.46522521	462	-0.041898 0.012450  1.159261
46.47037887	460	-0.049320 0.012210  1.160697
46.47552490	459	-0.037828 0.013168  1.165486
46.48067092	455	-0.048362 0.012689  1.142023
46.48581695	453	-0.040462 0.014365  1.154233
46.49095916	453	-0.052193 0.012689  1.147290
46.49610519	451	-0.046208 0.016999  1.155191
46.50125885	451	-0.046447 0.018196  1.150881
46.50640869	450	-0.049799 0.019153  1.143459
46.51156234	449	-0.048841 0.015802  1.145614
46.51670837	449	-0.049320 0.016520  1.137953
46.52185058	447	-0.048123 0.017238  1.145375
46.52699661	446	-0.049320 0.016759  1.145375
46.53213882	446	-0.049559 0.020829  1.136277
46.53728485	441	-0.053630 0.020829  1.131967
46.54243469	441	-0.042616 0.018675  1.138431
46.54758453	440	-0.049320 0.024899  1.124785
46.55272674	436	-0.051235 0.022984  1.128136
46.55787277	433	-0.048841 0.024421  1.132685
46.56303787	434	-0.047165 0.020829  1.123109
46.56818389	432	-0.045968 0.020111  1.114490
46.57334136	432	-0.048841 0.026815  1.125024
46.57850265	431	-0.051235 0.018675  1.112095
46.58365631	430	-0.044292 0.028970  1.110180
46.58881378	426	-0.052672 0.022505  1.114490
46.59397125	425	-0.041419 0.026336  1.107786
46.59914016	422	-0.038546 0.023942  1.098449
46.60430908	423	-0.042856 0.021069  1.094378
46.60946655	419	-0.039265 0.019393  1.097491
46.61463165	418	-0.044771 0.018196  1.091984
46.61978912	420	-0.037828 0.016759  1.093660
46.62493896	420	-0.032082 0.017477  1.092703
46.63008880	415	-0.034237 0.021787  1.087196
46.63523101	416	-0.035673 0.020111  1.083844
46.64038467	411	-0.032082 0.017956  1.069240
46.64551925	411	-0.038307 0.022984  1.076901
46.65066146	411	-0.032561 0.022026  1.069479
46.65580368	410	-0.033997 0.017956  1.061818
46.66094970	411	-0.031364 0.019393  1.068042
46.66610717	407	-0.037349 0.024181  1.060142
46.67125320	409	-0.033758 0.027054  1.059663
46.67639541	407	-0.037110 0.021308  1.052720
46.68154144	407	-0.039504 0.026815  1.032848
46.68668365	405	-0.042138 0.026575  1.046256
46.69182968	404	-0.039983 0.025139  1.047453
46.69697952	404	-0.037828 0.025378  1.025905
46.70212936	402	-0.037589 0.028012  1.038834
46.70727157	401	-0.043335 0.025857  1.023990
46.71241760	401	-0.045968 0.024660  1.028299
46.71755599	398	-0.039983 0.030167  1.026863
46.72270584	400	-0.040222 0.020829  1.018004
46.72784805	400	-0.038307 0.023224  1.018244
46.73300552	400	-0.040701 0.030167  1.017765
46.73816299	399	-0.039743 0.030645  1.017047
46.74332046	397	-0.047165 0.028970  1.013455
46.74847412	396	-0.042138 0.033997  1.010103
46.75363540	395	-0.044053 0.026575  1.006273
46.75879287	393	-0.046926 0.029927  0.996935
46.76395416	393	-0.043574 0.026336  0.998851
46.76911544	393	-0.038546 0.035673  0.993584
46.77427673	392	-0.041180 0.029209  0.995978
46.77943420	392	-0.041659 0.031124  0.982331
46.78458786	389	-0.039265 0.029209  0.992865
46.78974533	388	-0.037110 0.028012  0.990711
46.79489517	390	-0.040222 0.030885  0.985204
46.80004501	388	-0.035434 0.033758  0.978979
46.80519104	387	-0.037110 0.030406  0.983289
46.81033706	388	-0.034237 0.027772  0.975627
46.81547546	386	-0.039265 0.031603  0.973951
46.82062149	388	-0.032321 0.028491  0.976346
46.82576751	385	-0.033279 0.024660  0.974430
46.83090972	388	-0.037110 0.024660  0.968205
46.83605194	387	-0.033758 0.024660  0.970839
46.84119415	386	-0.030406 0.032321  0.974430
46.84632873	386	-0.034716 0.029688  0.974430
46.85147094	386	-0.032561 0.024421  0.979937
46.85661697	383	-0.038307 0.030167  0.969402
46.86177062	386	-0.030406 0.024660  0.969642
46.86691665	386	-0.032800 0.029688  0.967726
##inga 
#ido(sec)  szog(ADC)     ax(g)    ay(g)   az(g)
46.87259292	384	-0.034237 0.028491  0.976106
46.87787246	385	-0.035673 0.021069  0.968684
46.88314437	385	-0.030406 0.022984  0.968205
46.88839721	385	-0.036870 0.021548  0.965572
46.89354705	385	-0.033040 0.021308  0.967008
46.89869689	386	-0.038546 0.023942  0.965332
46.90385055	384	-0.030885 0.025857  0.967008
46.90899658	386	-0.035194 0.024660  0.971797
46.91413879	386	-0.035434 0.030645  0.974191
46.91928482	386	-0.033758 0.028730  0.972036
46.92442703	386	-0.039504 0.026575  0.972994
46.92958068	386	-0.034955 0.029448  0.974430
46.93472290	388	-0.038067 0.026815  0.975867
46.93987274	386	-0.044532 0.029448  0.974430
46.94503021	388	-0.041659 0.024181  0.971078
46.95018768	388	-0.039983 0.026336  0.970600
46.95534896	386	-0.042377 0.022266  0.972754
46.96050262	388	-0.038786 0.024660  0.976824
46.96566772	390	-0.044532 0.025139  0.978979
46.97082901	392	-0.044532 0.030167  0.987838
46.97598648	391	-0.042138 0.025378  0.992387
46.98114395	391	-0.042616 0.028730  0.989514
46.98630142	394	-0.040940 0.028970  0.993584
46.99145126	393	-0.042138 0.020590  0.984246
46.99660873	393	-0.048362 0.021787  0.995738
47.00175857	394	-0.050996 0.025857  0.996935
47.00691223	393	-0.047884 0.021787  1.002921
47.01207733	394	-0.042138 0.022266  1.003639
47.01723480	398	-0.043574 0.028491  1.008188
47.02239608	398	-0.044532 0.023224  1.004357
47.02755355	397	-0.046208 0.029688  1.006512
47.03269958	399	-0.041180 0.024660  1.016089
47.03785324	400	-0.045968 0.022026  1.014413
47.04300308	401	-0.039743 0.025378  1.018244
47.04815673	402	-0.046926 0.023942  1.019920
47.05329895	404	-0.042616 0.024421  1.027581
47.05845260	404	-0.045489 0.023942  1.034524
47.06359481	404	-0.042138 0.022026  1.036200
47.06872940	407	-0.044532 0.027533  1.032848
47.07386779	405	-0.039743 0.022745  1.041707
47.07901382	408	-0.035673 0.023463  1.035242
47.08415603	406	-0.041419 0.019632  1.044340
47.08929824	407	-0.036391 0.020590  1.043622
47.09444427	409	-0.033758 0.022266  1.047692
47.09958648	409	-0.038307 0.012450  1.050086
47.10473632	410	-0.036631 0.017238  1.067564
47.10989761	412	-0.037589 0.022984  1.061099
47.11506271	412	-0.033040 0.015323  1.062536
47.12023544	416	-0.035194 0.018914  1.066127
47.12539291	417	-0.036631 0.013407  1.075464
47.13056182	415	-0.029209 0.015083  1.080732
47.13571548	417	-0.035673 0.019872  1.077140
47.14087295	416	-0.030406 0.012450  1.079535
47.14603424	418	-0.038067 0.011971  1.083605
47.15119171	420	-0.043095 0.018914  1.074028
47.15635299	424	-0.045011 0.020590  1.098449
47.16150283	425	-0.043813 0.015562  1.087914
47.16665649	426	-0.045250 0.015802  1.103476
47.17180633	427	-0.044292 0.010534  1.094378
47.17694473	426	-0.046686 0.022266  1.104913
47.18209457	427	-0.047165 0.012929  1.108504
47.18725204	428	-0.045011 0.016759  1.108744
47.19240188	433	-0.045011 0.024181  1.115208
47.19755554	434	-0.045011 0.017477  1.114729
47.20270538	433	-0.044532 0.016041  1.118081
47.20785903	437	-0.050996 0.020590  1.131488
47.21299362	438	-0.049320 0.020590  1.131009
47.21813201	439	-0.051714 0.014126  1.125024
47.22328567	442	-0.051714 0.015562  1.125742
47.22842788	445	-0.051714 0.014604  1.137474
47.23357009	447	-0.049799 0.018196  1.136277
47.23872375	447	-0.051235 0.021548  1.134361
47.24387741	448	-0.052193 0.017238  1.132685
47.24901580	449	-0.053630 0.013886  1.129094
47.25416564	450	-0.052432 0.016759  1.147529
47.25931167	449	-0.052672 0.014604  1.141544
47.26446533	452	-0.049081 0.014365  1.139150
47.26962280	455	-0.049320 0.013647  1.147769
47.27477645	453	-0.051475 0.011253  1.143938
47.27994155	456	-0.049799 0.010295  1.148008
47.28509521	454	-0.051475 0.002394  1.153036
47.29024887	457	-0.047644 0.004549  1.152557
47.29540634	459	-0.046447 0.000958  1.158542
47.30056381	463	-0.045968 0.008140  1.149445
47.30571365	463	-0.047644 0.003831  1.159979
47.31086349	465	-0.039265 0.004549  1.155191
47.31602478	465	-0.049559 0.001197  1.155909
47.32118988	469	-0.049559 0.007422  1.158064
47.32634353	470	-0.046208 0.006464  1.149684
47.33149719	472	-0.040940 0.001915  1.156148
47.33664703	473	-0.047884 0.010295  1.165246
47.34180068	473	-0.047405 0.004788  1.150642
47.34694290	476	-0.050038 0.007661  1.161655
47.35208892	478	-0.046208 0.005746  1.157824
47.35723876	478	-0.047405 0.010534  1.152796
47.36238479	480	-0.046208 0.005746  1.157106
47.36752700	481	-0.049799 0.008140  1.156627
47.37267303	484	-0.050996 0.000239  1.149923
47.37780380	488	-0.056263 0.004070  1.155669
47.38294982	491	-0.052672 0.009577  1.146811
47.38809204	491	-0.060094 0.004310  1.146332
##inga 
#ido(sec)  szog(ADC)     ax(g)    ay(g)   az(g)
47.39375305	491	-0.053151 0.008140  1.142262
47.39903640	492	-0.052672 0.005507  1.152078
47.40430068	496	-0.055306 0.009098  1.147529
47.40953445	497	-0.056503 0.004549  1.150881
47.41468429	500	-0.050757 0.009577  1.140347
47.41984176	502	-0.059615 0.003112  1.146093
47.42498397	501	-0.056024 0.007183  1.141544
47.43012619	501	-0.051235 0.002634  1.134122
47.43527221	504	-0.057460 0.003591  1.135798
47.44041442	505	-0.059615 0.001676  1.133643
47.44556045	507	-0.054827 0.003112  1.119517
47.45070266	505	-0.058657 0.009577  1.130770
47.45586013	510	-0.055545 0.001197  1.131249
47.46100234	512	-0.061052 0.002394  1.124785
47.46615982	514	-0.056263 -0.001676  1.117363
47.47135925	515	-0.052911 0.003591  1.117123
47.47652816	518	-0.062727 0.000958  1.130052
47.48168945	519	-0.059136 0.001915  1.110898
47.48684692	520	-0.054827 -0.001437  1.114250
47.49205017	522	-0.057939 -0.000958  1.109701
47.49725723	523	-0.050996 -0.000718  1.106349
47.50246429	525	-0.061770 0.000000  1.097730
47.50757217	526	-0.052672 0.000000  1.094618
47.51269912	527	-0.053390 -0.000718  1.093421
47.51789474	528	-0.057939 0.004788  1.101322
47.52304840	529	-0.058179 -0.011971  1.085520
47.52824401	531	-0.056503 -0.007661  1.086238
47.53343963	533	-0.058179 -0.010774  1.078577
47.53863143	534	-0.052432 -0.009098  1.078816
47.54382324	536	-0.056263 -0.009098  1.080013
47.54901885	536	-0.055066 -0.007183  1.066127
47.55421829	535	-0.059615 -0.007183  1.068042
47.55941772	538	-0.053390 -0.004549  1.067324
47.56462097	538	-0.056742 -0.006943  1.063733
47.56981658	539	-0.058897 -0.000479  1.056550
47.57501983	540	-0.057700 -0.007422  1.049847
47.58021545	541	-0.056263 -0.006704  1.049847
47.58542251	541	-0.056024 -0.003352  1.049368
47.59061431	540	-0.061530 -0.004070  1.047213
47.59581375	542	-0.056024 -0.011013  1.048650
47.60100936	545	-0.061770 -0.006464  1.040031
47.60620498	545	-0.061530 -0.011253  1.046734
47.61140060	548	-0.052193 -0.005746  1.028539
47.61659240	547	-0.058897 -0.009098  1.026863
47.62178421	550	-0.062009 -0.011492  1.027342
47.62697601	550	-0.057460 -0.011013  1.014174
47.63218307	549	-0.061052 -0.016041  1.025426
47.63738632	551	-0.058418 -0.008380  1.026144
47.64259338	551	-0.056024 -0.006464  1.023271
47.64779663	551	-0.057221 -0.010056  1.019441
47.65300369	551	-0.058179 -0.016759  1.016089
47.65820312	551	-0.057221 -0.007422  1.013934
47.66339111	553	-0.060333 -0.008619  1.007470
47.66857528	556	-0.061530 -0.011492  0.999090
47.67376708	556	-0.054348 -0.009816  0.995260
47.67895507	556	-0.061291 -0.010534  1.000766
47.68415069	557	-0.054827 -0.004310  0.999330
47.68933868	556	-0.065122 -0.015802  0.995738
47.69453430	558	-0.059136 -0.012450  0.994302
47.69973754	558	-0.053869 -0.013886  0.993584
47.70494461	559	-0.063446 -0.007183  0.987598
47.71014404	560	-0.062967 -0.007661  0.989514
47.71534347	560	-0.056263 -0.006943  0.986641
47.72055053	560	-0.065122 -0.014365  0.987119
47.72574234	561	-0.060333 -0.009337  0.981134
47.73094940	558	-0.059376 -0.018196  0.986880
47.73614120	562	-0.061052 -0.010774  0.993105
47.74134063	562	-0.057939 -0.006464  0.976346
47.74653625	561	-0.060573 -0.011492  0.982092
47.75173187	560	-0.056024 -0.009816  0.981852
47.75691986	561	-0.057221 -0.011731  0.981613
47.76211929	560	-0.061770 -0.014126  0.981373
47.76730728	560	-0.062967 -0.010056  0.974909
47.77251052	559	-0.058179 -0.004788  0.983528
47.77771377	559	-0.059136 -0.009337  0.978022
47.78291320	560	-0.064403 -0.011253  0.981852
47.78810501	559	-0.061530 -0.014365  0.977782
47.79330825	562	-0.056981 -0.008858  0.984965
47.79850387	561	-0.058897 -0.011253  0.983289
47.80369567	561	-0.060333 -0.012450  0.991189
47.80889129	560	-0.050757 -0.010295  0.982810
47.81407546	558	-0.060573 -0.016041  0.986641
47.81927871	560	-0.050757 -0.011731  0.980894
47.82447052	559	-0.052911 -0.007661  0.988795
47.82965850	558	-0.056503 -0.011971  0.990471
47.83485412	558	-0.059376 -0.002155  0.987838
47.84005737	557	-0.057460 -0.007661  0.977303
47.84525299	559	-0.058657 -0.007661  0.990711
47.85045623	557	-0.061291 0.004788  0.999808
47.85561752	555	-0.054587 -0.007422  0.996457
47.86081695	557	-0.054348 -0.001437  0.995978
47.86602401	557	-0.056503 -0.011971  0.998133
47.87122726	556	-0.053151 -0.006225  0.993344
47.87641906	556	-0.058179 -0.001197  1.000766
47.88160705	556	-0.056742 -0.003352  1.012019
47.88679122	554	-0.055784 -0.007422  1.002681
47.89198303	554	-0.056503 -0.003112  1.013695
47.89717864	553	-0.054108 -0.001676  1.007230
47.90236663	553	-0.052432 -0.002394  1.011061
47.90755844	549	-0.054827 -0.008619  1.009385
47.91276168	550	-0.051235 -0.005267  1.017525
##inga 
#ido(sec)  szog(ADC)     ax(g)    ay(g)   az(g)
47.91849136	549	-0.059615 -0.002394  1.011301
47.92377090	549	-0.053151 -0.002634  1.025187
47.92903900	550	-0.054348 -0.011492  1.015610
47.93431091	549	-0.063206 -0.002873  1.031172
47.93951034	548	-0.051475 -0.005507  1.027102
47.94471740	546	-0.054348 -0.002155  1.038594
47.94991302	544	-0.054587 -0.002155  1.029017
47.95512390	541	-0.058897 -0.004549  1.039312
47.96031951	542	-0.052672 0.001437  1.044819
47.96547698	542	-0.055784 -0.001437  1.040031
47.97067642	540	-0.055784 0.002155  1.053678
47.97582244	539	-0.056503 -0.003831  1.049129
47.98101425	537	-0.054827 0.002873  1.058945
47.98616027	537	-0.046447 0.000239  1.065170
47.99130249	536	-0.053390 -0.009098  1.062296
47.99649810	536	-0.054348 0.001676  1.061099
48.00164794	534	-0.051714 -0.001915  1.067324
48.00684356	534	-0.050038 -0.001915  1.080971
48.01203155	533	-0.057221 -0.000239  1.080253
48.01723861	533	-0.049081 -0.003831  1.078577
48.02243423	531	-0.053869 0.004310  1.080732
48.02759170	530	-0.055306 -0.004549  1.084562
48.03279113	527	-0.052193 0.004070  1.081210
48.03794097	526	-0.054587 0.006225  1.084323
48.04309844	526	-0.056263 0.001676  1.094139
48.04826354	525	-0.048362 0.003831  1.098927
48.05341720	523	-0.054587 -0.007422  1.105392
48.05861282	521	-0.053151 0.000718  1.100603
48.06375122	519	-0.046686 0.000000  1.108983
48.06885910	518	-0.046447 0.000479  1.100364
48.07400131	516	-0.051714 0.005028  1.118081
48.07914352	513	-0.051235 0.011253  1.117841
48.08428955	513	-0.053869 0.004549  1.116644
48.08942413	511	-0.054827 0.004549  1.116165
48.09456634	509	-0.048362 0.003352  1.122630
48.09971618	509	-0.060333 0.000479  1.118799
48.10486221	506	-0.056263 0.009337  1.132207
48.11001205	505	-0.050996 0.005267  1.123827
48.11515045	504	-0.058179 0.003591  1.131009
48.12028884	504	-0.050996 0.006704  1.127179
48.12543106	503	-0.053151 0.004070  1.132207
48.13058853	501	-0.057460 0.012689  1.133164
48.13573455	500	-0.060333 0.004788  1.139389
48.14088821	499	-0.051714 0.011013  1.140107
48.14603042	495	-0.055545 0.008858  1.144896
48.15118408	496	-0.051475 0.009577  1.153036
48.15633773	493	-0.059615 0.005985  1.140347
48.16147994	489	-0.057700 0.008380  1.142980
48.16661453	487	-0.058179 0.011971  1.152557
48.17177963	488	-0.052911 0.016041  1.147769
48.17693710	487	-0.053390 0.011731  1.141783
48.18210220	484	-0.045011 0.010774  1.149445
48.18726348	482	-0.045729 0.009337  1.153036
48.19241714	479	-0.048362 0.007901  1.159979
48.19757080	479	-0.053630 0.009337  1.143459
48.20272827	476	-0.047165 0.008380  1.154951
48.20787429	476	-0.047884 0.007422  1.145614
48.21303939	472	-0.044771 0.011971  1.157106
48.21819305	473	-0.049320 0.012210  1.151121
48.22335433	470	-0.047165 0.007901  1.143938
48.22850036	469	-0.044771 0.013168  1.150642
48.23364257	468	-0.044053 0.019153  1.156148
48.23880386	464	-0.046447 0.016280  1.144417
48.24393463	465	-0.040701 0.009577  1.152557
48.24908828	462	-0.044532 0.016280  1.155669
48.25423049	463	-0.039983 0.010056  1.146093
48.25937652	460	-0.038546 0.014126  1.144656
48.26451873	459	-0.044292 0.005028  1.142262
48.26966476	455	-0.046208 0.012210  1.150881
48.27481079	456	-0.043574 0.015562  1.135798
48.27995681	450	-0.048841 0.011971  1.137474
48.28510665	452	-0.045250 0.015323  1.148247
48.29026794	450	-0.043813 0.016280  1.137713
48.29541015	450	-0.045968 0.015562  1.142741
48.30055618	449	-0.050757 0.022026  1.131488
48.30569839	448	-0.049559 0.017477  1.139389
48.31084823	446	-0.049559 0.015083  1.141065
48.31600570	448	-0.045489 0.019872  1.135558
48.32115554	445	-0.047405 0.021548  1.132207
48.32631301	443	-0.054827 0.015083  1.134122
48.33145904	441	-0.044292 0.022026  1.134122
48.33661651	440	-0.054587 0.014365  1.124545
48.34177780	439	-0.049799 0.024181  1.115208
48.34693527	435	-0.050757 0.021308  1.116644
48.35210037	434	-0.048362 0.022745  1.118560
48.35726165	433	-0.046926 0.022745  1.109941
48.36243057	432	-0.045250 0.020111  1.113293
48.36759185	429	-0.050996 0.019632  1.103716
48.37274932	431	-0.051235 0.022505  1.107307
48.37791442	427	-0.044771 0.024421  1.104434
48.38308715	427	-0.039504 0.026815  1.098688
48.38824844	425	-0.038067 0.019632  1.097730
48.39339447	424	-0.042138 0.021308  1.096294
48.39854431	422	-0.040222 0.016999  1.085281
48.40368652	421	-0.038786 0.021548  1.085041
48.40884399	420	-0.036391 0.021308  1.090787
48.41399383	421	-0.036152 0.019153  1.083605
48.41913986	420	-0.038307 0.021787  1.080732
48.42428970	417	-0.037349 0.017717  1.071155
48.42943572	414	-0.038786 0.020111  1.070916
48.43458938	414	-0.032800 0.024660  1.075464
##inga 
#ido(sec)  szog(ADC)     ax(g)    ay(g)   az(g)
48.44027328	411	-0.035673 0.018196  1.062536
48.44554901	411	-0.036631 0.019393  1.063015
48.45082473	410	-0.032321 0.016999  1.059424
48.45609283	409	-0.037110 0.023463  1.050565
48.46124649	410	-0.039983 0.026575  1.054156
48.46640396	409	-0.031124 0.020590  1.043383
48.47154617	409	-0.031124 0.018675  1.031412
48.47669982	407	-0.036152 0.026097  1.043383
48.48186111	404	-0.038786 0.025139  1.032369
48.48700332	404	-0.043335 0.018914  1.029257
48.49214935	404	-0.040462 0.019632  1.032130
48.49729537	403	-0.043095 0.020351  1.031890
48.50244140	403	-0.041659 0.027772  1.022074
48.50758361	401	-0.041419 0.023942  1.023990
48.51274108	401	-0.042138 0.023942  1.024469
48.51789474	399	-0.042616 0.031843  1.007470
48.52305221	398	-0.042616 0.029209  1.017286
48.52822494	400	-0.047405 0.029209  1.014413
48.53338241	400	-0.047644 0.028730  1.014892
48.53853988	399	-0.045250 0.029209  1.005315
48.54370880	399	-0.046926 0.027772  1.005076
48.54887771	395	-0.036870 0.028012  1.003639
48.55403900	397	-0.039983 0.028491  0.993105
48.55918502	396	-0.047884 0.032321  0.998372
48.56435012	396	-0.039265 0.035913  1.001006
48.56951141	395	-0.040940 0.035913  1.001245
48.57466888	393	-0.042138 0.028251  0.987598
48.57980346	392	-0.039743 0.027294  0.989992
48.58496475	392	-0.038307 0.030167  0.981134
48.59011077	392	-0.034955 0.028970  0.990232
48.59525299	392	-0.041659 0.030406  0.983528
48.60039520	391	-0.036391 0.031124  0.982570
48.60554122	391	-0.035913 0.024421  0.984725
48.61068725	391	-0.033997 0.026815  0.978979
48.61582946	391	-0.028251 0.015083  0.976585
48.62097167	389	-0.034955 0.027772  0.977543
48.62611770	389	-0.034237 0.023942  0.973951
48.63126373	389	-0.036870 0.027054  0.975867
48.63640213	389	-0.028251 0.029209  0.972515
48.64155197	386	-0.040222 0.027294  0.975867
48.64670181	386	-0.035913 0.023224  0.973233
48.65185928	389	-0.032082 0.030645  0.979697
48.65700531	389	-0.039983 0.025139  0.968924
48.66214752	388	-0.037349 0.026815  0.971318
48.66729354	387	-0.031364 0.030167  0.974430
48.67243576	387	-0.031603 0.027772  0.969163
48.67758560	386	-0.032561 0.020590  0.967966
48.68273925	388	-0.029927 0.025618  0.970360
48.68789291	388	-0.032321 0.025139  0.975627
48.69303894	387	-0.038307 0.025618  0.978500
48.69820022	388	-0.034476 0.022266  0.976346
48.70336532	388	-0.031364 0.027772  0.974430
48.70851135	387	-0.032800 0.027294  0.975388
48.71368408	390	-0.036870 0.024181  0.973472
48.71884155	390	-0.031364 0.025378  0.975627
48.72401046	389	-0.034237 0.020829  0.980176
48.72916412	392	-0.036152 0.025139  0.976346
48.73433303	393	-0.040462 0.024899  0.976346
48.73947906	393	-0.047405 0.020590  0.978979
48.74462890	392	-0.042856 0.026097  0.988556
48.74977874	394	-0.043095 0.026336  0.976824
48.75492477	394	-0.038786 0.026575  0.984725
48.76006698	394	-0.038786 0.025139  0.986162
48.76521682	395	-0.045729 0.025378  0.992387
48.77037048	395	-0.043095 0.024899  0.990471
48.77552032	396	-0.043095 0.022505  0.991908
48.78066635	395	-0.042616 0.028012  0.993344
48.78581237	399	-0.045250 0.030167  1.001724
48.79096221	399	-0.049320 0.029927  0.990950
48.79610824	397	-0.050757 0.028012  1.002203
48.80125427	400	-0.049559 0.022984  1.001245
48.80639648	399	-0.052911 0.028730  1.005555
48.81154632	400	-0.046208 0.023463  1.007470
48.81669998	402	-0.040940 0.028491  1.011779
48.82183837	403	-0.048602 0.031843  1.011061
48.82698440	403	-0.047405 0.029448  1.027581
48.83212661	405	-0.043813 0.024421  1.018483
48.83727264	406	-0.045968 0.023463  1.023032
48.84241485	405	-0.045011 0.026815  1.026384
48.84757995	407	-0.041898 0.023702  1.035721
48.85273361	408	-0.042616 0.015562  1.035721
48.85789108	408	-0.040222 0.022984  1.035721
48.86305236	408	-0.039504 0.014365  1.044819
48.86820983	408	-0.036870 0.021308  1.044819
48.87336730	409	-0.035913 0.020351  1.056790
48.87853240	411	-0.037828 0.013407  1.044340
48.88367843	410	-0.037110 0.017477  1.060142
48.88884353	413	-0.039025 0.013168  1.053678
48.89400863	411	-0.038546 0.012929  1.062536
48.89916229	414	-0.035913 0.021308  1.057508
48.90432357	416	-0.037589 0.018435  1.068042
48.90946960	415	-0.035913 0.014365  1.071873
48.91462326	418	-0.038307 0.015562  1.076183
48.91978073	418	-0.040940 0.021548  1.072113
48.92493438	419	-0.037110 0.016999  1.073070
48.93008041	421	-0.035673 0.015083  1.077380
48.93522262	424	-0.039743 0.019632  1.085281
48.94038009	424	-0.040701 0.013407  1.090787
48.94551849	426	-0.046686 0.013407  1.092703
48.95065689	427	-0.041659 0.013168  1.092463
48.95580291	428	-0.047165 0.016759  1.093660
##inga 
#ido(sec)  szog(ADC)     ax(g)    ay(g)   az(g)
48.96148681	426	-0.044292 0.017956  1.100603
48.96676254	431	-0.044771 0.015562  1.113053
48.97204971	432	-0.049799 0.015323  1.114729
48.97731018	434	-0.055306 0.014365  1.119278
48.98246002	434	-0.054108 0.019393  1.104195
48.98760986	436	-0.049320 0.013647  1.105152
48.99276351	437	-0.052672 0.018435  1.124066
48.99790954	438	-0.052193 0.020829  1.118799
49.00305557	441	-0.049799 0.022984  1.115687
49.00820159	443	-0.050038 0.021308  1.121672
49.01333999	447	-0.048841 0.017956  1.120475
49.01848220	446	-0.055306 0.019872  1.120954
49.02363204	448	-0.057221 0.020590  1.125503
49.02877426	448	-0.046926 0.013168  1.135558
49.03392791	447	-0.052911 0.014126  1.129094
49.03908920	449	-0.052193 0.016041  1.144177
49.04424285	450	-0.045011 0.007183  1.132207
49.04940032	454	-0.048841 0.012689  1.131488
49.05456161	453	-0.051714 0.010295  1.146332
49.05971908	456	-0.044292 0.004788  1.139150
49.06487274	455	-0.047405 0.005746  1.135079
49.07003021	457	-0.041419 0.005746  1.140347
49.07517623	458	-0.036631 0.004070  1.137234
49.08031845	460	-0.049320 0.008380  1.156867
49.08546447	461	-0.044532 0.002873  1.137713
49.09061813	463	-0.044532 0.007661  1.149205
49.09578323	464	-0.046447 0.002155  1.151121
49.10094070	467	-0.038786 0.009577  1.144417
49.10608673	469	-0.046686 0.002155  1.146093
49.11124420	468	-0.046447 0.002155  1.149923
49.11639022	470	-0.049081 0.002394  1.148726
49.12153625	474	-0.049799 0.003352  1.146332
49.12667846	475	-0.051714 0.008140  1.146093
49.13182449	476	-0.043095 0.008380  1.147290
49.13696670	475	-0.048841 0.005985  1.152557
49.14210891	479	-0.057700 0.004788  1.148966
49.14725494	479	-0.048841 0.004788  1.145853
49.15240097	483	-0.055784 0.006943  1.144177
49.15753173	485	-0.054108 0.007661  1.141544
49.16267776	485	-0.050278 0.000239  1.152078
49.16781997	489	-0.056024 0.006704  1.150881
49.17295837	488	-0.052672 0.006464  1.146093
49.17810440	492	-0.054587 0.003112  1.146332
49.18324661	491	-0.060094 0.007422  1.142980
49.18839263	493	-0.063206 0.008140  1.143938
49.19353485	494	-0.059854 0.004070  1.131249
49.19867324	497	-0.048841 0.012689  1.132685
49.20381546	501	-0.056263 0.003112  1.130052
49.20896148	503	-0.055306 -0.001437  1.131967
49.21415328	503	-0.058418 0.005028  1.128615
49.21931076	504	-0.060573 0.000479  1.128376
49.22446441	503	-0.063446 0.003352  1.130291
49.22962570	505	-0.061291 0.001676  1.126461
49.23478317	505	-0.055545 -0.004070  1.128376
49.23998260	507	-0.057939 -0.000958  1.123587
49.24518966	509	-0.056503 -0.001915  1.119278
49.25039291	509	-0.052432 -0.001197  1.122630
49.25559616	512	-0.055784 -0.002394  1.118799
49.26079559	514	-0.065122 0.004549  1.106349
49.26594924	517	-0.059136 -0.000718  1.112814
49.27114486	518	-0.053151 0.005985  1.114968
49.27629470	519	-0.056742 0.004310  1.103476
49.28144836	521	-0.055066 -0.004310  1.105152
49.28664016	522	-0.062009 -0.001676  1.099406
49.29183197	525	-0.052193 -0.001915  1.096533
49.29702377	526	-0.062488 -0.007901  1.080492
49.30221939	527	-0.057939 -0.004070  1.088154
49.30740737	528	-0.060333 -0.003831  1.087435
49.31260299	526	-0.052672 -0.004788  1.079774
49.31780624	529	-0.055066 -0.007661  1.077859
49.32300949	531	-0.055306 -0.007661  1.083126
49.32820892	531	-0.054348 -0.003352  1.081929
49.33341598	533	-0.053390 -0.001437  1.070916
49.33861923	536	-0.055545 -0.011253  1.072113
49.34381103	534	-0.057221 -0.011731  1.065409
49.34900665	537	-0.053390 -0.011971  1.061099
49.35419845	537	-0.054587 -0.005985  1.058226
49.35939025	538	-0.051714 -0.009337  1.060860
49.36458587	539	-0.053630 -0.005985  1.055832
49.36977386	540	-0.062249 -0.005507  1.048650
49.37496185	539	-0.054827 -0.005267  1.037876
49.38016891	542	-0.057221 -0.005028  1.044340
49.38536071	542	-0.056503 -0.006704  1.037397
49.39056777	543	-0.058179 -0.008619  1.039791
49.39577865	544	-0.059136 -0.012929  1.034045
49.40098571	545	-0.059136 -0.010295  1.032369
49.40617752	546	-0.060573 -0.012210  1.030215
49.41137313	546	-0.061291 -0.004549  1.027581
49.41656875	549	-0.059376 -0.007901  1.028778
49.42176055	549	-0.062488 -0.004549  1.014892
49.42694473	547	-0.060812 -0.000718  1.020877
49.43214797	550	-0.062488 -0.002155  1.024947
49.43734359	549	-0.050517 -0.011492  1.010343
49.44254302	551	-0.063925 -0.006704  1.003879
49.44774627	550	-0.058179 -0.001197  1.005315
49.45295333	548	-0.061770 -0.004549  1.006991
49.45814514	551	-0.057460 -0.004070  1.008188
49.46334838	550	-0.062009 -0.007422  1.010343
49.46855926	551	-0.061291 -0.011013  1.009146
49.47375106	551	-0.060094 -0.012210  1.000766
49.47894668	554	-0.057939 -0.009337  1.005076
##inga 
#ido(sec)  szog(ADC)     ax(g)    ay(g)   az(g)
49.48467254	556	-0.054587 -0.013168  0.997893
49.48995208	556	-0.057700 -0.013407  0.988077
49.49520492	556	-0.056981 -0.006464  0.992626
49.50046539	554	-0.061530 -0.010774  0.994541
49.50566482	556	-0.061530 -0.009098  0.979937
49.51085662	556	-0.054348 -0.009337  0.988316
49.51605987	558	-0.051954 -0.005507  0.984246
49.52124786	558	-0.055784 -0.007661  0.996457
49.52644348	559	-0.055306 -0.007422  0.987838
49.53163146	557	-0.063206 -0.008858  0.990950
49.53682327	559	-0.060573 -0.011492  0.980416
49.54201889	559	-0.055066 -0.019632  0.989992
49.54721450	559	-0.057460 -0.006943  0.986401
49.55243301	559	-0.058657 -0.005507  0.984246
49.55763626	557	-0.055306 -0.008619  0.976824
49.56283950	558	-0.057700 -0.017477  0.984486
49.56803131	559	-0.056742 -0.008858  0.983528
49.57321929	557	-0.059376 -0.009577  0.984965
49.57841491	559	-0.053869 -0.002873  0.985683
49.58360671	558	-0.059854 -0.009816  0.987359
49.58880615	557	-0.056503 -0.006225  0.982331
49.59400939	559	-0.056503 -0.006943  0.982092
49.59920120	559	-0.057939 -0.010534  0.981373
49.60440063	558	-0.060094 -0.007901  0.985204
49.60957717	557	-0.060573 -0.006225  0.994302
49.61477279	556	-0.059854 -0.000239  0.995020
49.61996841	556	-0.064164 -0.006464  0.987359
49.62516784	554	-0.058897 -0.005985  0.986641
49.63037109	557	-0.060094 -0.007183  0.998851
49.63555908	556	-0.053630 -0.000479  1.001245
49.64075469	554	-0.053630 -0.003831  0.994781
49.64593887	555	-0.062009 -0.005267  1.002442
49.65113449	554	-0.057460 -0.004310  0.998851
49.65633773	552	-0.054827 -0.006704  1.001724
49.66152954	552	-0.055545 -0.002634  1.000766
49.66672897	550	-0.056263 -0.005746  0.999808
49.67192077	549	-0.057221 -0.005746  1.011779
49.67713546	550	-0.053390 -0.002394  1.008906
49.68233489	550	-0.056742 0.003112  1.010103
49.68748855	549	-0.051714 0.000718  1.018244
49.69264984	548	-0.058897 -0.001915  1.016807
49.69784927	549	-0.055784 0.000479  1.019201
49.70299911	548	-0.054348 -0.000479  1.021595
49.70819854	546	-0.056024 -0.003831  1.026863
49.71339035	546	-0.053869 -0.007422  1.027102
49.71858215	545	-0.051954 -0.002634  1.030693
49.72377777	544	-0.060812 -0.003352  1.025905
49.72897338	541	-0.055306 0.000958  1.038834
49.73411178	543	-0.055784 -0.006704  1.032130
49.73930358	541	-0.050757 -0.002155  1.040031
49.74449539	540	-0.063446 -0.003112  1.051044
49.74969100	537	-0.054348 -0.002634  1.036200
49.75487899	537	-0.055545 -0.002394  1.044819
49.76007843	536	-0.054348 -0.004549  1.045777
49.76528549	537	-0.056981 -0.003831  1.051762
49.77048873	534	-0.056024 0.003352  1.059424
49.77565765	536	-0.053869 -0.003591  1.054635
49.78085708	536	-0.054587 -0.003352  1.057748
49.78606414	535	-0.050996 -0.008140  1.064930
49.79125595	534	-0.050517 0.003831  1.070197
49.79641342	530	-0.053390 -0.003352  1.067324
49.80161285	531	-0.054348 -0.001197  1.072592
49.80680847	529	-0.056024 0.003591  1.071634
49.81195068	525	-0.049559 0.004549  1.073549
49.81709671	527	-0.051475 0.000958  1.081450
49.82223510	526	-0.054587 0.005985  1.083605
49.82738494	524	-0.055306 0.003112  1.088393
49.83252716	523	-0.056981 0.006225  1.087675
49.83767318	522	-0.049799 0.005985  1.106110
49.84281539	518	-0.054827 0.005746  1.102040
49.84796905	519	-0.052672 0.004549  1.099167
49.85311126	518	-0.052193 0.009577  1.103716
49.85826492	516	-0.050757 0.002155  1.101800
49.86341857	513	-0.057221 0.000479  1.108744
49.86857604	510	-0.052911 0.007422  1.101082
49.87375259	509	-0.060333 0.005746  1.107546
49.87891387	508	-0.060333 0.004070  1.113053
49.88405227	506	-0.055545 0.005507  1.123348
49.88920974	506	-0.056981 0.002634  1.117123
49.89436721	506	-0.056024 0.008140  1.116165
49.89952087	504	-0.054348 0.010056  1.121193
49.90468215	503	-0.056742 0.009577  1.129333
49.90983963	500	-0.049799 0.008380  1.130770
49.91498565	501	-0.054587 0.009337  1.128855
49.92014312	499	-0.051954 0.009098  1.122390
49.92529296	497	-0.049320 0.016280  1.130052
49.93043899	496	-0.055306 0.007183  1.128136
49.93558502	496	-0.056263 0.008140  1.130531
49.94073486	493	-0.047644 0.007901  1.139150
49.94588088	490	-0.052911 0.005985  1.138671
49.95103073	489	-0.054827 0.008140  1.137234
49.95616912	486	-0.048362 0.005746  1.141783
49.96131134	487	-0.053390 0.011492  1.142262
49.96644973	483	-0.054587 0.014365  1.142023
49.97159957	481	-0.052432 0.009337  1.139868
49.97674560	480	-0.048841 0.012929  1.136277
49.98189926	479	-0.049799 0.007901  1.146572
49.98703765	476	-0.048841 0.014126  1.138671
49.99217605	475	-0.046208 0.008140  1.140347
49.99731826	474	-0.048362 0.011492  1.150881
50.00247573	474	-0.046447 0.012929  1.152318
##inga 
#ido(sec)  szog(ADC)     ax(g)    ay(g)   az(g)
50.00815582	471	-0.047405 0.011492  1.142023
50.01342391	471	-0.046926 0.008380  1.145135
50.01869583	469	-0.048841 0.014126  1.143220
50.02396774	467	-0.039025 0.007661  1.143938
50.02911376	465	-0.049799 0.011013  1.142501
50.03425216	463	-0.043095 0.014844  1.140825
50.03939437	462	-0.034476 0.013168  1.143699
50.04455566	459	-0.043813 0.017238  1.139868
50.04970550	459	-0.040940 0.006704  1.139150
50.05482482	458	-0.040222 0.007661  1.136277
50.05995941	456	-0.038307 0.012689  1.134601
50.06511306	454	-0.042377 0.009816  1.132925
50.07028579	452	-0.047165 0.020111  1.148247
50.07544708	452	-0.050757 0.011492  1.132685
50.08060836	450	-0.047165 0.014604  1.133643
50.08576583	451	-0.044532 0.029927  1.126461
50.09093093	448	-0.051235 0.024421  1.121193
50.09609603	449	-0.042377 0.019872  1.129094
50.10126113	448	-0.049320 0.016759  1.130052
50.10642242	447	-0.047405 0.022266  1.122630
50.11156845	447	-0.048362 0.018675  1.114250
50.11671829	444	-0.051235 0.024421  1.115447
50.12187194	441	-0.050517 0.019872  1.114250
50.12702560	439	-0.051235 0.024899  1.121193
50.13218307	438	-0.047165 0.020111  1.107068
50.13734436	433	-0.051714 0.027054  1.111856
50.14249038	434	-0.049320 0.020351  1.109701
50.14763641	433	-0.047644 0.024660  1.109462
50.15278244	431	-0.048602 0.021787  1.102040
50.15793991	431	-0.050757 0.017238  1.111617
50.16309356	430	-0.045250 0.022745  1.098688
50.16823959	429	-0.044292 0.020111  1.104673
50.17339706	428	-0.041419 0.022745  1.091506
50.17855072	426	-0.039265 0.019872  1.085760
50.18370819	423	-0.037828 0.019632  1.085281
50.18885421	422	-0.040701 0.023463  1.087914
50.19401168	422	-0.034237 0.015323  1.072113
50.19917297	421	-0.038546 0.020351  1.079056
50.20432281	421	-0.033518 0.019632  1.078816
50.20947265	419	-0.037349 0.017717  1.077140
50.21462631	419	-0.038067 0.024899  1.076901
50.21979522	417	-0.041419 0.021069  1.067564
50.22496414	416	-0.032321 0.016520  1.065170
50.23011779	413	-0.029927 0.018435  1.059424
50.23527145	410	-0.035913 0.023702  1.054156
50.24043273	411	-0.032561 0.021308  1.057029
50.24559783	411	-0.034476 0.023224  1.055353
50.25076293	411	-0.035434 0.014126  1.053199
50.25592803	410	-0.041180 0.026815  1.045777
50.26110076	410	-0.036870 0.028491  1.039552
50.26625442	406	-0.038786 0.026097  1.036439
50.27141189	409	-0.039983 0.029448  1.036918
50.27656555	408	-0.042377 0.025618  1.033088
50.28172302	405	-0.047644 0.031124  1.029736
50.28687667	404	-0.050278 0.025618  1.028539
50.29201889	404	-0.042377 0.030406  1.023990
50.29716491	403	-0.043095 0.030406  1.025426
50.30230712	402	-0.047644 0.028491  1.014413
50.30746078	402	-0.045011 0.026575  1.017047
50.31261825	399	-0.044771 0.029927  1.009625
50.31776809	401	-0.046447 0.027294  1.016089
50.32292556	401	-0.044771 0.026575  1.013455
50.32806777	400	-0.049320 0.028251  1.000287
50.33322143	400	-0.048362 0.025139  1.005555
50.33837890	400	-0.043574 0.030645  0.998372
50.34352493	397	-0.043574 0.032561  0.995738
50.34867095	398	-0.047165 0.027054  1.005076
50.35381698	396	-0.040462 0.030406  1.000287
50.35895919	397	-0.045489 0.029688  0.992387
50.36410522	397	-0.037110 0.027294  0.994781
50.36925888	396	-0.038786 0.028970  0.984965
50.37441635	394	-0.043095 0.032321  0.994781
50.37959289	395	-0.043335 0.031364  0.983049
50.38474273	394	-0.042138 0.025378  0.984246
50.38990402	392	-0.038786 0.028012  0.985922
50.39507293	393	-0.035913 0.024181  0.981852
50.40022659	393	-0.037828 0.020829  0.981373
50.40537643	393	-0.035673 0.026097  0.974909
50.41053771	390	-0.030167 0.024181  0.974909
50.41568374	392	-0.033997 0.022266  0.972994
50.42084884	392	-0.035673 0.028012  0.979697
50.42600250	392	-0.031843 0.022984  0.978022
50.43115997	392	-0.033279 0.016041  0.985204
50.43631744	391	-0.037349 0.022505  0.978261
50.44146728	390	-0.030167 0.014365  0.975867
50.44662094	390	-0.033758 0.028491  0.976346
50.45176315	392	-0.030885 0.025139  0.982092
50.45692825	392	-0.032321 0.022505  0.974670
50.46206283	390	-0.036391 0.023224  0.979458
50.46720886	392	-0.036870 0.026575  0.975388
50.47235107	391	-0.037349 0.021069  0.971078
50.47750854	389	-0.035194 0.029688  0.981852
50.48265838	392	-0.036152 0.025378  0.984007
50.48780822	392	-0.036152 0.025139  0.985683
50.49295425	392	-0.039983 0.028251  0.975867
50.49810791	393	-0.038546 0.029688  0.981613
50.50324630	391	-0.033279 0.025857  0.979697
50.50839233	392	-0.040940 0.023702  0.982331
50.51354980	394	-0.040462 0.022026  0.978740
50.51869201	394	-0.039265 0.025139  0.984007
50.52384185	393	-0.037589 0.030406  0.985683
##inga 
#ido(sec)  szog(ADC)     ax(g)    ay(g)   az(g)
50.52953720	396	-0.046447 0.027533  0.988556
50.53480529	394	-0.044532 0.025139  0.987838
50.54007720	397	-0.046926 0.030406  0.993823
50.54531097	398	-0.053390 0.027054  0.998133
50.55046081	399	-0.045011 0.018675  0.999569
50.55561828	399	-0.048841 0.024181  0.991908
50.56076812	398	-0.042616 0.026336  0.988077
50.56592559	399	-0.041180 0.020829  0.990471
50.57108688	399	-0.044053 0.029448  1.006273
50.57625198	400	-0.050038 0.022745  1.001963
50.58140563	401	-0.046686 0.027054  1.006273
50.58656311	402	-0.042138 0.022505  1.002681
50.59172439	403	-0.040222 0.026575  1.013216
50.59688186	404	-0.043813 0.028730  1.017047
50.60204315	405	-0.049799 0.026336  1.009385
50.60721206	405	-0.039265 0.024660  1.012977
50.61235809	404	-0.045250 0.021308  1.018483
50.61751556	404	-0.043574 0.023942  1.028778
50.62268066	406	-0.043095 0.015562  1.025905
50.62783813	408	-0.033040 0.015562  1.035242
50.63298797	408	-0.038307 0.016280  1.029496
50.63811874	408	-0.040462 0.018914  1.035482
50.64327621	409	-0.039983 0.018196  1.037397
50.64842224	409	-0.039504 0.018196  1.036439
50.65357208	410	-0.042138 0.017956  1.046974
50.65872573	411	-0.036870 0.015562  1.045298
50.66386795	411	-0.035194 0.020829  1.049129
50.66901779	413	-0.037589 0.012689  1.057748
50.67416381	415	-0.027054 0.015562  1.059184
50.67931365	416	-0.036631 0.011731  1.046495
50.68445968	417	-0.031843 0.015323  1.062775
50.68960952	417	-0.036631 0.014365  1.054156
50.69475173	418	-0.036870 0.014844  1.071155
50.69990158	416	-0.038307 0.014126  1.071394
50.70504760	418	-0.036391 0.010534  1.066127
50.71019363	422	-0.031364 0.014604  1.072831
50.71533584	422	-0.034716 0.016999  1.078338
50.72049331	425	-0.047165 0.014365  1.075464
50.72565841	424	-0.042377 0.020351  1.079056
50.73082351	427	-0.044771 0.021548  1.089830
50.73598861	428	-0.044532 0.015802  1.087914
50.74115753	429	-0.048841 0.016759  1.093421
50.74631500	431	-0.052432 0.018196  1.093181
50.75147628	432	-0.048362 0.024181  1.104673
50.75662612	432	-0.049320 0.020829  1.107786
50.76179122	432	-0.047884 0.018675  1.104195
50.76696395	434	-0.052911 0.024181  1.099406
50.77212524	437	-0.048841 0.020111  1.102758
50.77728271	436	-0.050757 0.023463  1.106589
50.78243255	440	-0.051714 0.020590  1.104673
50.78758239	441	-0.056742 0.019393  1.109462
50.79273223	443	-0.054827 0.019632  1.117363
50.79787063	448	-0.053390 0.014604  1.121193
50.80302047	447	-0.058418 0.020590  1.123587
50.80815887	448	-0.048841 0.014126  1.120954
50.81331634	449	-0.048123 0.020590  1.123827
50.81845855	447	-0.052432 0.013407  1.126221
50.82360458	451	-0.050278 0.016999  1.129812
50.82874679	452	-0.048841 0.004788  1.131728
50.83389282	451	-0.049320 0.012929  1.126461
50.83903503	455	-0.045968 0.012689  1.132207
50.84418869	456	-0.040701 0.004549  1.136755
50.84933471	456	-0.047644 0.007901  1.135558
50.85448837	456	-0.039743 0.005267  1.133882
50.85963058	458	-0.036391 0.007183  1.134601
50.86478042	459	-0.043335 0.004549  1.136995
50.86992263	462	-0.049559 0.005985  1.134122
50.87507247	463	-0.042377 0.000479  1.140586
50.88021469	463	-0.044292 0.006943  1.141065
50.88537597	467	-0.050757 0.004788  1.139868
50.89053344	466	-0.051714 0.007183  1.145375
50.89570236	469	-0.047405 0.003591  1.135319
50.90085983	471	-0.048362 0.006225  1.144177
50.90601730	471	-0.041898 0.000479  1.133164
50.91115951	475	-0.045011 0.001437  1.141065
50.91632080	476	-0.050517 0.004310  1.140107
50.92147064	477	-0.052432 0.000718  1.140347
50.92663574	476	-0.048602 0.004788  1.148247
50.93178558	478	-0.059136 0.005267  1.144177
50.93693923	481	-0.056742 0.002634  1.143699
50.94210433	483	-0.050996 -0.005267  1.128376
50.94730377	485	-0.056742 0.006464  1.148966
50.95245742	487	-0.058418 0.002634  1.135558
50.95761489	490	-0.062488 0.007422  1.136755
50.96276092	491	-0.058179 0.003831  1.132925
50.96790313	490	-0.060094 0.008140  1.131967
50.97304534	494	-0.062249 0.005028  1.136995
50.97819137	494	-0.054587 0.007422  1.140825
50.98334503	496	-0.060094 0.007183  1.138192
50.98849105	498	-0.061052 0.000000  1.126221
50.99359512	501	-0.062009 0.004788  1.124306
50.99875259	501	-0.056024 -0.000718  1.132685
51.00395202	503	-0.064164 0.001915  1.124066
51.00909423	503	-0.058179 -0.001437  1.117841
51.01427841	504	-0.056981 0.007661  1.116884
51.01943206	502	-0.059376 0.004549  1.116165
51.02457427	507	-0.052672 -0.002873  1.117123
51.02977752	505	-0.056024 0.000239  1.112574
51.03493499	509	-0.054348 0.000479  1.106110
51.04007720	508	-0.053869 0.000000  1.110898
51.04519653	512	-0.063685 0.002634  1.101800
##inga 
#ido(sec)  szog(ADC)     ax(g)    ay(g)   az(g)
51.05089569	515	-0.055784 0.001197  1.099885
51.05614471	516	-0.047884 -0.006225  1.096533
51.06141662	518	-0.052193 0.000958  1.102758
51.06666183	519	-0.053390 -0.007901  1.098449
51.07185745	519	-0.051954 -0.003831  1.092942
51.07706069	523	-0.054587 -0.002634  1.098209
51.08224868	524	-0.052911 -0.007183  1.083126
51.08745193	525	-0.051714 -0.006225  1.082408
51.09265518	526	-0.056263 -0.006225  1.085520
51.09785079	527	-0.052911 -0.004310  1.076422
51.10304260	528	-0.052911 -0.002155  1.080732
51.10823059	529	-0.054348 -0.003352  1.074746
51.11342239	529	-0.054587 -0.004549  1.071634
51.11862564	529	-0.056742 -0.001676  1.070197
51.12381744	531	-0.051475 -0.004070  1.066846
51.12901687	533	-0.061530 -0.005267  1.062057
51.13420867	536	-0.051235 -0.010295  1.065648
51.13942337	534	-0.059615 -0.004788  1.060381
51.14462280	536	-0.054827 -0.009098  1.064930
51.14982986	537	-0.057939 -0.006943  1.044819
51.15502929	538	-0.056263 -0.002873  1.050804
51.16023635	539	-0.056981 -0.007183  1.049607
51.16542434	539	-0.062488 -0.008619  1.039791
51.17061614	540	-0.063925 -0.010056  1.041228
51.17581558	541	-0.064643 -0.005746  1.041707
51.18100738	542	-0.064164 -0.006704  1.038834
51.18620300	542	-0.059854 -0.004549  1.040031
51.19139862	540	-0.062727 -0.004549  1.034285
51.19659042	543	-0.063446 -0.004549  1.021356
51.20177459	542	-0.061052 -0.006464  1.024947
51.20696640	546	-0.064403 -0.010534  1.019201
51.21216964	544	-0.055784 -0.003352  1.018962
51.21736526	546	-0.060812 -0.004549  1.016568
51.22256469	549	-0.063925 -0.007901  1.019201
51.22777557	549	-0.053869 -0.008380  1.022074
51.23296737	549	-0.057700 -0.007901  1.009864
51.23815917	550	-0.062009 -0.010534  1.006991
51.24335479	550	-0.058179 -0.005985  1.009385
51.24855422	549	-0.055066 -0.010056  1.008667
51.25374221	551	-0.066798 -0.006943  1.008427
51.25894165	550	-0.054348 -0.016041  0.996217
51.26412963	551	-0.053390 -0.013647  1.001963
51.26932144	551	-0.058179 -0.008858  0.999330
51.27451705	551	-0.059376 -0.011492  0.989753
51.27971649	551	-0.054348 -0.015802  0.989514
51.28492736	552	-0.057939 -0.005746  0.985683
51.29012680	552	-0.055784 -0.016280  0.990950
51.29531860	551	-0.052911 -0.010056  0.997414
51.30053329	551	-0.062967 -0.017956  0.990711
51.30572891	553	-0.057700 -0.013168  0.997414
51.31092834	555	-0.055784 -0.011013  0.992147
51.31612396	553	-0.055306 -0.016520  0.989992
51.32131958	556	-0.057700 -0.011731  0.991429
51.32651138	556	-0.058418 -0.011731  0.985683
51.33171081	555	-0.054827 -0.010295  0.985922
51.33690643	555	-0.055784 -0.008380  0.983767
51.34211349	554	-0.056503 -0.009098  0.988795
51.34730529	556	-0.062967 -0.009577  0.980176
51.35250473	556	-0.058657 -0.005985  0.986880
51.35770034	554	-0.062249 -0.006943  0.991429
51.36290359	556	-0.055545 -0.009816  0.983767
51.36810684	556	-0.055784 -0.012689  0.996457
51.37330627	554	-0.057700 -0.012689  0.989992
51.37850570	556	-0.060094 -0.004310  0.984246
51.38369750	555	-0.065840 -0.013886  0.988795
51.38889312	554	-0.060094 -0.006943  0.994062
51.39408111	554	-0.054348 0.000958  0.989753
51.39922332	554	-0.059376 -0.005985  0.995978
51.40441513	554	-0.060333 -0.003352  0.993584
51.40961456	553	-0.059615 -0.003352  0.990711
51.41482543	550	-0.061052 0.001197  0.998851
51.41998672	552	-0.058418 -0.006704  0.990950
51.42517471	550	-0.062967 0.003112  0.995260
51.43032836	548	-0.055545 0.002873  1.000287
51.43549346	551	-0.059136 0.000239  0.999090
51.44063949	550	-0.062488 -0.002155  1.007949
51.44583892	547	-0.057221 -0.002155  1.001724
51.45104980	549	-0.061291 -0.002873  1.007470
51.45624542	546	-0.055306 0.000958  1.009625
51.46139144	548	-0.053869 -0.005267  1.006273
51.46658706	548	-0.056742 -0.001437  1.016568
51.47177505	548	-0.050278 0.003591  1.016807
51.47693252	547	-0.052432 -0.000239  1.016807
51.48212814	545	-0.058418 -0.007422  1.013455
51.48731994	544	-0.050038 -0.004788  1.025426
51.49251174	543	-0.053390 -0.004070  1.024469
51.49770736	542	-0.052193 -0.005985  1.020638
51.50291061	542	-0.050757 -0.005507  1.027820
51.50811767	540	-0.058179 -0.003831  1.028778
51.51332092	541	-0.048362 -0.001437  1.035242
51.51852416	538	-0.050517 -0.003352  1.035003
51.52372741	536	-0.049081 -0.004788  1.029257
51.52891921	536	-0.046686 0.000000  1.040749
51.53403472	538	-0.047165 -0.000718  1.045298
51.53922271	536	-0.049081 -0.000958  1.049847
51.54442214	534	-0.048602 -0.001676  1.037158
51.54961776	535	-0.047405 0.000479  1.049368
51.55475997	536	-0.056024 -0.005507  1.046734
51.55995559	533	-0.055306 0.001915  1.054396
51.56510543	532	-0.054827 0.001197  1.052959
51.57024765	530	-0.057700 0.000000  1.059424
##inga 
#ido(sec)  szog(ADC)     ax(g)    ay(g)   az(g)
51.57588958	530	-0.049081 0.002634  1.059902
51.58114624	530	-0.049081 0.003831  1.066367
51.58641815	528	-0.053390 0.002634  1.066367
51.59167098	527	-0.060333 0.007183  1.086957
51.59681701	527	-0.061530 -0.002155  1.072831
51.60201263	525	-0.059136 0.000239  1.081689
51.60715484	523	-0.056503 0.005985  1.080013
51.61230468	521	-0.059615 0.004070  1.085760
51.61744308	520	-0.056263 0.002394  1.090308
51.62259292	520	-0.059615 0.004070  1.081929
51.62774658	516	-0.056263 0.000718  1.091266
51.63290405	517	-0.054108 0.011971  1.092463
51.63807296	517	-0.054587 0.009816  1.104195
51.64324569	515	-0.059376 0.009098  1.103237
51.64839172	512	-0.052911 0.001437  1.099646
51.65356063	511	-0.049081 0.006225  1.105152
51.65871810	508	-0.056024 0.001915  1.105631
51.66387176	507	-0.052193 0.004549  1.098449
51.66903686	507	-0.057939 0.007661  1.106589
51.67419052	504	-0.055066 0.004788  1.111617
51.67935943	503	-0.053869 0.005507  1.108025
51.68450927	503	-0.050278 0.007661  1.124066
51.68966293	503	-0.049320 0.001676  1.120236
51.69480514	503	-0.052911 0.005028  1.118081
51.69994735	501	-0.050996 0.006225  1.112814
51.70509338	498	-0.052432 0.006704  1.125982
51.71024703	497	-0.053630 0.010295  1.125503
51.71539306	496	-0.050278 0.006225  1.131249
51.72053909	493	-0.050038 0.007661  1.126939
51.72568893	493	-0.052432 0.008619  1.128615
51.73082351	490	-0.047405 0.012929  1.130770
51.73596954	489	-0.048841 0.016041  1.126461
51.74111557	488	-0.043095 0.007901  1.132446
51.74626541	486	-0.048123 0.007901  1.135558
51.75142288	483	-0.050278 0.005028  1.129094
51.75657272	483	-0.047405 0.004549  1.141783
51.76171493	480	-0.045250 0.007422  1.146811
51.76686477	476	-0.047405 0.013647  1.125024
51.77200698	476	-0.043574 0.009577  1.133164
51.77715301	476	-0.047884 0.013647  1.141065
51.78229522	474	-0.048841 0.009816  1.129333
51.78744125	473	-0.046686 0.011971  1.140107
51.79259109	469	-0.053630 0.007901  1.133643
51.79775619	470	-0.051235 0.016999  1.137713
51.80292129	467	-0.050757 0.007661  1.141544
51.80808258	466	-0.045968 0.007901  1.139150
51.81323623	465	-0.051235 0.015562  1.128855
51.81839752	464	-0.041180 0.008858  1.137474
51.82355880	463	-0.046208 0.013168  1.131728
51.82872009	463	-0.045968 0.011013  1.141065
51.83386611	459	-0.045489 0.014365  1.134840
51.83902359	459	-0.042377 0.015083  1.130770
51.84416961	456	-0.048841 0.016280  1.131249
51.84932708	455	-0.041898 0.013886  1.127658
51.85448837	453	-0.046686 0.015562  1.131728
51.85963821	453	-0.044532 0.014126  1.126700
51.86478042	449	-0.049559 0.016280  1.124785
51.86994171	451	-0.051714 0.021069  1.129573
51.87509918	448	-0.053151 0.022026  1.120236
51.88025665	448	-0.050996 0.018435  1.125263
51.88540649	447	-0.048841 0.019632  1.113293
51.89055633	447	-0.053390 0.021787  1.111138
51.89570617	446	-0.051714 0.023942  1.124066
51.90085983	447	-0.051475 0.020111  1.112335
51.90599822	444	-0.059136 0.017717  1.113053
51.91114425	440	-0.052432 0.020351  1.116165
51.91630172	440	-0.054587 0.022026  1.106349
51.92145156	438	-0.046926 0.024660  1.112574
51.92659759	436	-0.052672 0.022984  1.109222
51.93174362	433	-0.052911 0.024181  1.091027
51.93689346	434	-0.046686 0.024181  1.104673
51.94203948	431	-0.047405 0.016999  1.091027
51.94718551	431	-0.048841 0.013647  1.097491
51.95234680	432	-0.042616 0.018435  1.091984
51.95751571	431	-0.038546 0.019632  1.093181
51.96267700	428	-0.048123 0.016520  1.082886
51.96783447	424	-0.038546 0.017956  1.085760
51.97298812	425	-0.040940 0.013886  1.079295
51.97815704	423	-0.036631 0.016520  1.077619
51.98331832	423	-0.033758 0.014844  1.080253
51.98847579	422	-0.034716 0.018196  1.068761
51.99364852	421	-0.028251 0.014844  1.066367
51.99881362	420	-0.034476 0.016759  1.073789
52.00397491	421	-0.039743 0.018914  1.072113
52.00913238	417	-0.033040 0.016999  1.066127
52.01428222	416	-0.031603 0.018675  1.053678
52.01943206	416	-0.031364 0.015083  1.054875
52.02457427	414	-0.032561 0.017717  1.053678
52.02973175	411	-0.032800 0.021548  1.051523
52.03488540	412	-0.037110 0.020111  1.053678
52.04003143	409	-0.037110 0.022026  1.038355
52.04518127	410	-0.037589 0.017477  1.049129
52.05033111	408	-0.039504 0.021787  1.034524
52.05548477	407	-0.036870 0.025378  1.037158
52.06063461	408	-0.045968 0.025378  1.029257
52.06578826	409	-0.044053 0.020111  1.028778
52.07093048	408	-0.044532 0.028970  1.030693
52.07606887	407	-0.040701 0.031843  1.028778
52.08121109	407	-0.044532 0.032082  1.021595
52.08636474	405	-0.052193 0.027772  1.018723
52.09151458	405	-0.047405 0.032800  1.022793
##inga 
#ido(sec)  szog(ADC)     ax(g)    ay(g)   az(g)
52.09719467	404	-0.048841 0.025857  1.019920
52.10246276	402	-0.049081 0.028970  1.012258
52.10773468	403	-0.044292 0.030167  1.008427
52.11299514	402	-0.043335 0.031124  1.004836
52.11814498	402	-0.045968 0.030406  1.005076
52.12328720	401	-0.037349 0.032082  1.008906
52.12843322	400	-0.047405 0.030167  1.006512
52.13357543	398	-0.047884 0.032082  0.998851
52.13873291	398	-0.044292 0.025378  1.000766
52.14390182	398	-0.041659 0.034237  0.989514
52.14907455	400	-0.039743 0.024181  1.001963
52.15423202	399	-0.037589 0.031603  0.990711
52.15939712	399	-0.035434 0.022505  0.990711
52.16455841	399	-0.039983 0.027054  0.994541
52.16972351	395	-0.038307 0.026336  0.980655
52.17488861	395	-0.038786 0.024421  0.980655
52.18004226	397	-0.033040 0.022745  0.976824
52.18520736	396	-0.037589 0.027054  0.980894
52.19036483	395	-0.036870 0.022745  0.980894
52.19551467	396	-0.027772 0.025139  0.981373
52.20066070	395	-0.035913 0.021308  0.986880
52.20579147	396	-0.035434 0.035673  0.987359
52.21093368	394	-0.026575 0.024181  0.977303
52.21607589	394	-0.027054 0.022026  0.984965
52.22121810	394	-0.031124 0.017956  0.978500
52.22636413	394	-0.032321 0.022505  0.977782
52.23150634	394	-0.031124 0.024421  0.983767
52.23665237	393	-0.033040 0.021548  0.974430
52.24178314	394	-0.032321 0.022266  0.976346
52.24694061	394	-0.033758 0.021787  0.977303
52.25208282	395	-0.036391 0.023463  0.977782
52.25722885	396	-0.038786 0.019153  0.980655
52.26237106	394	-0.041419 0.022984  0.969163
52.26751708	396	-0.033758 0.022505  0.983049
52.27266693	396	-0.039504 0.022266  0.982810
52.27781295	395	-0.039265 0.028251  0.976585
52.28295516	396	-0.039743 0.023224  0.978261
52.28811645	397	-0.042616 0.026815  0.983049
52.29325866	398	-0.040940 0.021308  0.986401
52.29839324	397	-0.048841 0.029209  0.990471
52.30353546	398	-0.046926 0.029688  0.984246
52.30868148	398	-0.046926 0.025139  0.989514
52.31383514	399	-0.044771 0.022745  0.985683
52.31900405	399	-0.044292 0.023224  0.990950
52.32416915	400	-0.053630 0.028491  0.988795
52.32932281	400	-0.047644 0.022745  0.990711
52.33448028	400	-0.048841 0.023224  0.993584
52.33964920	402	-0.043335 0.026336  0.994062
52.34480285	402	-0.053390 0.025618  0.995499
52.34997177	403	-0.051714 0.023702  0.998851
52.35513305	403	-0.045250 0.024660  1.000527
52.36029434	403	-0.045729 0.026575  1.010822
52.36544799	404	-0.050278 0.021787  1.013695
52.37060546	403	-0.042138 0.025378  1.006991
52.37576293	403	-0.041898 0.019393  1.010103
52.38091659	404	-0.034716 0.022505  1.007949
52.38607788	406	-0.038307 0.023463  1.025905
52.39123535	405	-0.041898 0.024660  1.000766
52.39638519	407	-0.040940 0.020829  1.023511
52.40153884	408	-0.036631 0.017477  1.014174
52.40668869	409	-0.039265 0.020590  1.018723
52.41184234	408	-0.037349 0.020111  1.012977
52.41700363	408	-0.046926 0.016520  1.034045
52.42215728	409	-0.040222 0.022505  1.034763
52.42729949	410	-0.034716 0.016759  1.039552
52.43244934	410	-0.037349 0.013647  1.039791
52.43760299	412	-0.042377 0.016280  1.041707
52.44273757	412	-0.034716 0.012210  1.041467
52.44787597	414	-0.037349 0.016759  1.054635
52.45302581	415	-0.028491 0.020111  1.052720
52.45816802	415	-0.036391 0.016041  1.048889
52.46332931	416	-0.037349 0.018196  1.052241
52.46847915	417	-0.034237 0.012689  1.058466
52.47364044	417	-0.041659 0.020111  1.065888
52.47881317	419	-0.042856 0.020111  1.057508
52.48396301	422	-0.038546 0.017717  1.063733
52.48912429	423	-0.041659 0.015323  1.062296
52.49428558	425	-0.044532 0.020111  1.073789
52.49945068	425	-0.041659 0.016280  1.076901
52.50460815	426	-0.046447 0.019393  1.082168
52.50976943	427	-0.046208 0.013886  1.081929
52.51492691	428	-0.047405 0.023224  1.080732
52.52009201	429	-0.050038 0.018914  1.086238
52.52524948	430	-0.046926 0.020111  1.095097
52.53040313	432	-0.053390 0.019632  1.081689
52.53555297	432	-0.056263 0.021787  1.100125
52.54069900	433	-0.059615 0.020111  1.087914
52.54584884	434	-0.055306 0.016280  1.100843
52.55098724	436	-0.050517 0.019393  1.095815
52.55613708	438	-0.053869 0.018675  1.106828
52.56127929	438	-0.057460 0.021308  1.102998
52.56643676	440	-0.052193 0.018196  1.105631
52.57158660	443	-0.053390 0.023942  1.102758
52.57673645	447	-0.055066 0.016520  1.104913
52.58187866	448	-0.052911 0.014126  1.114968
52.58702468	448	-0.049320 0.017956  1.114250
52.59215927	449	-0.050517 0.012450  1.115447
52.59730529	447	-0.045489 0.013647  1.120236
52.60245513	450	-0.042377 0.010774  1.123109
52.60760116	452	-0.043813 0.012210  1.115208
52.61274337	453	-0.040701 0.008380  1.120714
##inga 
#ido(sec)  szog(ADC)     ax(g)    ay(g)   az(g)
52.61841583	454	-0.044532 0.005507  1.127418
52.62369537	455	-0.044771 0.004549  1.123587
52.62897109	456	-0.039743 0.003352  1.127179
52.63422393	456	-0.042138 0.011013  1.131009
52.63935852	455	-0.034237 0.003352  1.133404
52.64451217	458	-0.035194 0.008380  1.122630
52.64964675	462	-0.041659 0.003352  1.124785
52.65480422	462	-0.037828 0.000239  1.136277
52.65994644	461	-0.042377 0.004549  1.125982
52.66510391	466	-0.045011 0.000479  1.126461
52.67026519	467	-0.042138 0.009098  1.136037
52.67541122	468	-0.049559 0.001437  1.133882
52.68057632	469	-0.047644 0.005507  1.132685
52.68573760	472	-0.047884 0.013168  1.136037
52.69088745	471	-0.050038 0.003112  1.133643
52.69604492	472	-0.048602 0.013407  1.129333
52.70119857	474	-0.058418 0.011492  1.126461
52.70637130	477	-0.059136 0.009577  1.133643
52.71152496	478	-0.051954 0.009337  1.132925
52.71667861	479	-0.054587 0.005985  1.136037
52.72183227	482	-0.052672 0.005267  1.130770
52.72698974	483	-0.056503 0.014126  1.128615
52.73212814	485	-0.062967 0.008858  1.135798
52.73728179	486	-0.060573 0.004788  1.135558
52.74243164	490	-0.061770 0.006464  1.126939
52.74757766	491	-0.058179 0.009816  1.126461
52.75271987	492	-0.070628 0.009577  1.121433
52.75786590	493	-0.058179 0.006704  1.125263
52.76301956	495	-0.058179 0.010056  1.132685
52.76815414	496	-0.061052 0.005028  1.116165
52.77330780	497	-0.059376 0.004070  1.118799
52.77845764	501	-0.055545 0.006225  1.117841
52.78359222	502	-0.059854 0.003352  1.112574
52.78872680	502	-0.055066 0.000239  1.118320
52.79386138	502	-0.055784 -0.003352  1.117363
52.79905700	504	-0.063925 0.009816  1.114011
52.80421066	504	-0.056742 -0.000718  1.113293
52.80940628	504	-0.058897 0.004070  1.103476
52.81455993	506	-0.053869 0.004070  1.101082
52.81969833	508	-0.050996 0.000000  1.109941
52.82481765	509	-0.053390 -0.003591  1.101561
52.83003234	511	-0.055784 -0.003591  1.113053
52.83523559	511	-0.051714 -0.003352  1.104434
52.84043502	514	-0.050996 -0.005746  1.100125
52.84563064	516	-0.049559 -0.002155  1.091266
52.85083770	518	-0.043813 -0.005985  1.097491
52.85603332	518	-0.045968 -0.003352  1.082168
52.86122512	520	-0.046208 -0.006464  1.088393
52.86642074	520	-0.050038 -0.009337  1.086717
52.87162017	525	-0.054348 -0.002155  1.087196
52.87681579	525	-0.039983 -0.013647  1.087435
52.88201141	526	-0.040462 -0.000718  1.070437
52.88720703	526	-0.056981 -0.005028  1.073070
52.89239501	527	-0.050996 -0.000718  1.074267
52.89759063	527	-0.057700 -0.005267  1.076901
52.90279388	527	-0.059136 0.000000  1.063254
52.90790557	529	-0.054348 -0.007901  1.071155
52.91311645	531	-0.056742 -0.005746  1.058226
52.91831588	531	-0.052432 -0.002873  1.062296
52.92352676	534	-0.059136 -0.007183  1.051762
52.92873382	535	-0.056742 -0.001915  1.053917
52.93392944	534	-0.059136 -0.005028  1.058705
52.93912124	536	-0.059854 -0.007183  1.048889
52.94431686	536	-0.067276 -0.005507  1.043861
52.94950485	537	-0.062727 -0.001676  1.047692
52.95469665	536	-0.067755 -0.005028  1.032369
52.95988845	538	-0.062488 0.003591  1.039552
52.96503067	537	-0.065840 0.001197  1.033566
52.97018432	538	-0.069910 0.000000  1.031890
52.97528839	540	-0.065600 0.003112  1.035721
52.98043060	541	-0.061770 -0.008380  1.029017
52.98562622	542	-0.064882 0.000239  1.022074
52.99077606	540	-0.064164 -0.004070  1.032130
52.99597549	543	-0.064403 -0.003591  1.025426
53.00116729	541	-0.070389 -0.005028  1.016807
53.00636291	543	-0.060573 -0.007422  1.021835
53.01157760	545	-0.059376 -0.005985  1.010343
53.01678085	547	-0.055784 -0.013647  1.014413
53.02196884	547	-0.055545 -0.002634  1.005555
53.02716445	548	-0.053869 -0.006943  1.007949
53.03236389	548	-0.058418 -0.007661  1.006273
53.03755187	549	-0.056263 -0.007901  1.005315
53.04274368	550	-0.054108 -0.011731  1.003160
53.04793548	548	-0.049081 -0.010534  1.002442
53.05311965	549	-0.056263 -0.007422  1.002203
53.05831146	550	-0.053390 -0.006943  0.983049
53.06351089	550	-0.052911 -0.011013  1.002442
53.06870269	551	-0.049559 -0.013647  0.997893
53.07390213	550	-0.048841 -0.013886  0.997175
53.07910537	550	-0.055784 -0.011971  1.007230
53.08430480	550	-0.047165 -0.012689  1.003879
53.08949661	550	-0.050996 -0.009577  0.993105
53.09469223	551	-0.048602 -0.015802  0.989992
53.09988021	551	-0.051954 -0.009337  1.001724
53.10508346	549	-0.051954 -0.010056  0.990471
53.11028289	551	-0.053630 -0.008858  0.994062
53.11547088	551	-0.049320 -0.014844  0.980655
53.12066268	551	-0.056742 -0.013168  0.999090
53.12585830	549	-0.054827 -0.009816  0.982810
53.13104629	550	-0.061291 -0.008380  0.994062
53.13624954	552	-0.061770 -0.010056  0.990950
##inga 
#ido(sec)  szog(ADC)     ax(g)    ay(g)   az(g)
53.14198684	550	-0.059615 -0.004788  0.992865
53.14725494	549	-0.058897 -0.010534  0.992147
53.15252685	549	-0.061052 -0.009337  0.993105
53.15778732	552	-0.057700 -0.005746  0.992626
53.16299057	549	-0.063925 0.002155  0.988077
53.16815567	552	-0.059615 -0.005267  0.989753
53.17335510	551	-0.064882 -0.001437  0.995499
53.17855834	549	-0.061530 -0.001437  0.990950
53.18375778	549	-0.059376 0.001915  0.989274
53.18889999	551	-0.062009 0.000239  0.990950
53.19403076	550	-0.058179 -0.000479  0.994302
53.19923019	549	-0.067276 -0.000718  0.998133
53.20442962	548	-0.057221 -0.000239  0.997654
53.20962905	550	-0.061291 -0.001676  0.995738
53.21482467	547	-0.061530 -0.003591  0.999569
53.22002410	549	-0.065361 0.000000  1.009864
53.22513961	549	-0.062009 -0.003112  1.002921
53.23033905	549	-0.058179 -0.001437  1.004118
53.23553848	546	-0.054587 -0.003831  0.997414
53.24074935	548	-0.053630 0.001437  1.019201
53.24591445	547	-0.056742 -0.002155  1.013934
53.25112152	545	-0.050517 -0.002873  1.008427
53.25632095	544	-0.052193 -0.003591  1.010582
53.26152038	543	-0.047644 -0.007901  1.022793
53.26671981	543	-0.047884 -0.008858  1.017525
53.27191543	543	-0.048362 -0.003352  1.013695
53.27710342	539	-0.052672 -0.004549  1.018483
53.28229522	540	-0.046926 -0.003831  1.023990
53.28749084	539	-0.046926 -0.004310  1.030693
53.29267883	536	-0.046686 -0.006225  1.041467
53.29787063	536	-0.047405 -0.006704  1.031651
53.30307388	538	-0.041898 -0.001197  1.041467
53.30827331	537	-0.045729 -0.001437  1.037636
53.31347274	536	-0.045011 -0.005746  1.037397
53.31866836	535	-0.047884 -0.002394  1.055353
53.32387924	535	-0.043574 -0.004070  1.046016
53.32907867	535	-0.046926 -0.006704  1.044580
53.33426666	535	-0.046686 -0.005028  1.054396
53.33946228	534	-0.047644 -0.003591  1.048410
53.34465789	531	-0.047165 0.000239  1.051283
53.34981155	531	-0.047405 0.003831  1.058705
53.35496139	530	-0.053390 -0.002873  1.068282
53.36015701	526	-0.054108 0.000000  1.061578
53.36526489	527	-0.056024 0.005267  1.069240
53.37040710	524	-0.060333 0.002394  1.072592
53.37555313	525	-0.061770 -0.000958  1.061578
53.38074493	523	-0.055784 0.010295  1.070437
53.38589477	523	-0.059376 0.005507  1.072352
53.39104080	521	-0.060333 0.010295  1.085041
53.39618301	520	-0.063446 0.007422  1.082647
53.40134429	519	-0.058657 0.008619  1.085520
53.40649414	517	-0.061052 0.013647  1.090787
53.41165924	517	-0.061291 0.007901  1.086957
53.41682434	516	-0.060333 0.008858  1.088872
53.42198562	515	-0.061770 0.009577  1.096054
53.42713546	513	-0.064164 0.005028  1.088393
53.43229675	509	-0.055784 0.004310  1.104673
53.43746948	509	-0.057700 0.006225  1.099167
53.44263076	509	-0.058418 0.010774  1.105392
53.44779968	505	-0.051714 0.012210  1.107546
53.45295333	504	-0.054587 0.005267  1.110659
53.45810317	504	-0.056024 0.005507  1.107307
53.46325302	503	-0.056263 0.002155  1.109462
53.46839141	503	-0.052193 0.004549  1.110898
53.47353744	501	-0.053390 0.000000  1.103716
53.47865295	501	-0.053390 0.006464  1.117123
53.48379898	500	-0.054587 0.011253  1.118081
53.48894882	497	-0.045729 0.007901  1.117123
53.49409484	496	-0.043813 0.002873  1.118799
53.49923706	496	-0.045968 0.009577  1.114490
53.50437545	492	-0.047405 0.007183  1.120475
53.50952148	492	-0.049559 0.005267  1.114011
53.51467514	490	-0.038307 0.007183  1.122151
53.51982498	486	-0.041180 0.007901  1.119757
53.52496337	488	-0.046208 0.000479  1.125263
53.53010940	483	-0.045011 0.007901  1.125024
53.53525161	485	-0.046208 0.010056  1.128855
53.54040908	482	-0.039983 0.004788  1.120954
53.54555130	479	-0.037828 0.007422  1.132685
53.55068969	479	-0.047884 0.011013  1.124306
53.55583953	477	-0.046447 0.007422  1.130770
53.56098937	473	-0.041180 0.006943  1.128615
53.56613159	474	-0.045729 0.010295  1.122151
53.57128906	471	-0.046447 0.014604  1.129573
53.57644653	472	-0.045968 0.012689  1.126461
53.58161544	471	-0.050278 0.011013  1.126221
53.58678054	469	-0.049799 0.009816  1.134122
53.59194946	468	-0.045250 0.016520  1.136755
53.59710311	465	-0.045968 0.011253  1.129812
53.60226058	465	-0.045968 0.016759  1.133164
53.60742950	463	-0.053390 0.020829  1.136037
53.61258316	463	-0.045968 0.011013  1.117123
53.61774444	460	-0.047884 0.016999  1.130531
53.62290954	460	-0.051714 0.019153  1.131728
53.62806320	458	-0.059136 0.019872  1.126221
53.63322830	455	-0.050278 0.016041  1.120954
53.63837814	454	-0.050038 0.014844  1.123109
53.64352798	453	-0.053151 0.017717  1.121912
53.64867019	451	-0.049799 0.022984  1.122151
53.65382766	450	-0.046208 0.025378  1.111856
53.65897750	451	-0.056742 0.018675  1.118081
##inga 
#ido(sec)  szog(ADC)     ax(g)    ay(g)   az(g)
53.66466903	450	-0.055545 0.022984  1.119039
53.66994476	447	-0.052911 0.022505  1.111377
53.67525482	446	-0.057221 0.021548  1.122630
53.68053054	445	-0.054587 0.019872  1.098688
53.68567657	448	-0.053869 0.017956  1.104673
53.69082260	445	-0.052672 0.019153  1.105392
53.69596862	442	-0.045489 0.018435  1.096054
53.70111465	441	-0.049320 0.022505  1.105871
53.70626831	440	-0.042138 0.016520  1.094857
53.71140289	438	-0.048362 0.015802  1.096294
53.71655654	433	-0.047405 0.021787  1.095815
53.72170639	435	-0.048362 0.017956  1.098449
53.72684860	431	-0.044053 0.012450  1.090548
53.73199081	432	-0.042616 0.018196  1.088632
53.73714447	430	-0.040701 0.011492  1.083605
53.74229812	429	-0.032321 0.024899  1.086478
53.74745559	431	-0.039504 0.023463  1.080732
53.75261688	430	-0.032082 0.015562  1.080492
53.75778579	425	-0.035673 0.017238  1.070437
53.76293945	425	-0.036631 0.011492  1.072592
53.76810836	425	-0.038067 0.020590  1.069958
53.77326583	424	-0.028970 0.010056  1.074507
53.77841567	423	-0.028730 0.015562  1.070676
53.78358078	421	-0.032561 0.014844  1.070916
53.78873443	418	-0.034476 0.016999  1.057987
53.79389953	419	-0.033279 0.019153  1.060621
53.79905700	419	-0.034237 0.019393  1.060381
53.80420684	417	-0.036391 0.015083  1.063972
53.80936431	414	-0.038067 0.019393  1.051762
53.81451034	415	-0.033997 0.022505  1.051044
53.81966781	414	-0.037110 0.021069  1.042904
53.82482528	412	-0.042856 0.016759  1.034045
53.82998275	409	-0.038546 0.026815  1.041707
53.83513259	411	-0.045489 0.022745  1.037158
53.84028244	410	-0.046926 0.026575  1.036918
53.84543609	408	-0.046208 0.020829  1.035003
53.85059738	411	-0.043574 0.027294  1.036439
53.85573959	410	-0.046926 0.028730  1.032848
53.86088562	407	-0.047165 0.028012  1.025187
53.86604309	409	-0.054587 0.026336  1.031890
53.87119674	408	-0.052432 0.032561  1.014652
53.87634658	407	-0.052672 0.034237  1.019201
53.88149261	405	-0.045968 0.032321  1.020638
53.88663864	404	-0.047405 0.031124  1.017525
53.89178466	405	-0.046686 0.032321  1.010822
53.89693832	404	-0.056503 0.031364  1.007949
53.90209960	402	-0.048123 0.034476  1.011301
53.90725708	401	-0.047405 0.024899  1.001963
53.91241836	400	-0.050038 0.029688  1.003400
53.91756057	402	-0.047644 0.026815  0.999090
53.92271423	402	-0.046208 0.027772  1.002442
53.92788314	400	-0.041419 0.027772  0.999330
53.93303298	401	-0.037589 0.027294  0.999808
53.93818664	401	-0.039025 0.028970  0.987119
53.94335174	400	-0.039983 0.027533  0.999090
53.94850158	398	-0.037349 0.022984  0.986880
53.95365524	400	-0.038786 0.027294  0.997893
53.95880889	401	-0.034237 0.019872  0.989514
53.96397018	400	-0.032800 0.023463  0.990950
53.96911621	398	-0.027054 0.022745  0.991908
53.97427749	400	-0.032800 0.017717  0.986401
53.97941970	398	-0.030406 0.022745  0.983289
53.98456573	399	-0.025857 0.019393  0.982331
53.98971557	397	-0.029448 0.017477  0.987359
53.99486541	399	-0.028012 0.016999  0.983528
54.00000762	398	-0.035194 0.018196  0.983767
54.00514984	396	-0.031124 0.019393  0.983767
54.01029205	399	-0.028251 0.022984  0.981373
54.01544570	398	-0.029448 0.026815  0.977782
54.02059555	397	-0.030885 0.023463  0.986641
54.02574539	397	-0.028251 0.018675  0.983528
54.03088760	398	-0.028251 0.020111  0.979458
54.03602981	397	-0.033758 0.024421  0.986641
54.04117584	398	-0.039265 0.024660  0.982810
54.04631423	398	-0.035434 0.024660  0.981134
54.05146026	398	-0.033040 0.025378  0.985683
54.05660247	396	-0.037828 0.024660  0.986162
54.06174850	398	-0.044532 0.024421  0.981852
54.06689071	398	-0.047644 0.022745  0.979697
54.07204437	399	-0.045968 0.028012  0.981852
54.07720947	400	-0.047165 0.029448  0.993105
54.08237838	401	-0.047884 0.023942  0.996457
54.08753585	401	-0.052672 0.030406  0.988556
54.09270095	399	-0.049081 0.029209  0.997414
54.09784698	401	-0.056024 0.025139  0.991429
54.10301971	401	-0.048841 0.027294  0.995020
54.10817337	400	-0.056263 0.029688  0.991189
54.11333465	403	-0.053869 0.022266  0.997414
54.11848831	403	-0.049081 0.028012  1.006512
54.12365722	402	-0.050278 0.022745  0.997414
54.12881088	404	-0.045489 0.024899  1.001724
54.13397216	405	-0.047884 0.026575  0.998372
54.13911819	406	-0.045968 0.028012  1.009146
54.14427566	407	-0.044053 0.026336  1.006033
54.14942932	405	-0.043335 0.030645  1.009146
54.15457534	407	-0.046447 0.019153  1.004836
54.15972137	407	-0.040701 0.019153  1.009146
54.16487503	407	-0.039743 0.019393  1.016568
54.17002487	408	-0.038786 0.018196  1.017525
54.17517852	408	-0.041419 0.016999  1.022074
54.18033599	409	-0.041898 0.018435  1.010582
##inga 
#ido(sec)  szog(ADC)     ax(g)    ay(g)   az(g)
54.18600845	410	-0.038786 0.012929  1.020638
54.19127273	410	-0.036631 0.018435  1.025426
54.19656372	411	-0.031364 0.018196  1.019920
54.20182800	409	-0.034476 0.009098  1.039312
54.20697021	410	-0.030885 0.021308  1.037636
54.21212387	413	-0.032082 0.016759  1.033327
54.21728515	412	-0.034955 0.018914  1.032369
54.22242736	416	-0.033758 0.015323  1.046495
54.22757339	416	-0.031124 0.015802  1.041467
54.23271942	417	-0.034237 0.013647  1.044819
54.23786544	417	-0.033279 0.016280  1.048889
54.24301528	416	-0.033279 0.009098  1.051523
54.24816131	417	-0.039265 0.014126  1.055114
54.25331878	416	-0.038307 0.013168  1.052720
54.25847244	421	-0.038546 0.013407  1.052720
54.26364135	423	-0.046686 0.017477  1.054875
54.26879882	422	-0.044053 0.013407  1.067564
54.27396011	423	-0.047884 0.014844  1.069240
54.27912139	425	-0.043813 0.018675  1.075704
54.28428268	426	-0.045968 0.017477  1.074507
54.28945922	428	-0.052672 0.022505  1.070437
54.29461288	429	-0.055306 0.019632  1.072113
54.29978179	430	-0.049320 0.024421  1.080732
54.30493164	431	-0.050517 0.019393  1.090548
54.31007766	433	-0.051235 0.021548  1.089830
54.31522750	434	-0.058179 0.017238  1.084323
54.32038497	434	-0.059615 0.021069  1.086717
54.32553100	433	-0.052672 0.017956  1.083844
54.33067703	434	-0.048841 0.020590  1.092224
54.33582305	437	-0.052193 0.020829  1.099167
54.34097290	440	-0.057221 0.016280  1.107068
54.34612655	442	-0.053869 0.013886  1.107786
54.35128021	441	-0.050757 0.011731  1.104673
54.35643386	447	-0.056981 0.010056  1.094618
54.36158752	447	-0.048123 0.010295  1.097491
54.36673355	447	-0.050517 0.012929  1.107307
54.37187957	448	-0.045729 0.007661  1.118320
54.37702178	449	-0.045489 0.011013  1.113293
54.38216781	450	-0.045489 0.012210  1.114968
54.38732528	451	-0.044771 0.017238  1.111138
54.39246368	453	-0.041180 0.008380  1.111138
54.39760971	454	-0.040462 0.010774  1.120714
54.40275955	452	-0.039504 0.009098  1.115447
54.40791320	455	-0.042138 0.006704  1.118799
54.41307067	456	-0.036391 0.006943  1.112814
54.41823196	456	-0.035434 0.002394  1.120475
54.42339706	455	-0.042138 0.005267  1.123827
54.42855072	461	-0.041180 0.002873  1.124306
54.43371200	461	-0.041898 0.007183  1.130291
54.43887329	461	-0.039265 0.008858  1.116644
54.44403076	464	-0.041180 0.000479  1.122869
54.44917678	466	-0.040940 0.009098  1.128376
54.45432281	467	-0.042138 0.004070  1.132207
54.45946502	469	-0.045968 0.007901  1.132207
54.46462249	470	-0.050278 0.002394  1.128136
54.46977615	472	-0.049559 0.004070  1.133643
54.47492980	473	-0.056981 0.002394  1.127658
54.48008728	474	-0.045011 0.008619  1.121193
54.48523330	476	-0.054348 0.008140  1.128136
54.49037551	477	-0.049799 0.009337  1.127658
54.49552154	478	-0.056742 0.005267  1.130531
54.50066375	478	-0.055306 0.012450  1.130770
54.50580978	480	-0.062009 0.008380  1.126461
54.51094055	483	-0.061530 0.011253  1.121193
54.51608276	484	-0.059615 0.008858  1.128615
54.52122497	486	-0.066319 0.011253  1.131967
54.52636718	486	-0.056263 0.004549  1.114729
54.53151702	490	-0.061530 0.008140  1.126939
54.53664779	489	-0.053869 0.008858  1.124306
54.54179763	490	-0.063685 0.011253  1.123348
54.54693603	492	-0.060812 0.014844  1.121672
54.55209350	493	-0.064643 0.006704  1.122151
54.55723953	496	-0.064403 0.008380  1.109941
54.56238555	498	-0.059376 0.011492  1.108504
54.56752777	501	-0.056742 -0.006464  1.113532
54.57272338	501	-0.058179 -0.000718  1.108744
54.57791900	503	-0.057700 0.002394  1.110898
54.58307266	504	-0.051714 0.005028  1.111138
54.58824157	504	-0.052672 -0.000239  1.105631
54.59344100	502	-0.056981 -0.004070  1.111856
54.59864807	505	-0.050996 -0.001197  1.099885
54.60385131	507	-0.051235 -0.003831  1.104913
54.60905456	507	-0.047644 -0.000239  1.101082
54.61424636	510	-0.051235 -0.002394  1.105631
54.61945343	511	-0.047644 -0.005267  1.087914
54.62465286	513	-0.053869 -0.003591  1.092463
54.62984848	515	-0.048362 -0.001197  1.096054
54.63504791	515	-0.047405 -0.008619  1.085760
54.64023208	518	-0.045011 0.000000  1.083365
54.64534378	516	-0.047884 -0.005985  1.084802
54.65053558	520	-0.047644 -0.003591  1.080253
54.65572738	520	-0.049799 -0.005507  1.082886
54.66093063	524	-0.045489 -0.007901  1.070676
54.66612625	525	-0.054348 -0.006225  1.071634
54.67133331	525	-0.053630 -0.005746  1.070676
54.67654037	526	-0.053869 -0.000718  1.069718
54.68174362	526	-0.055306 -0.008619  1.069240
54.68693542	528	-0.061530 0.000000  1.065888
54.69205093	527	-0.058897 -0.006225  1.062536
54.69723892	526	-0.059854 -0.002873  1.063254
54.70243072	530	-0.058657 0.003591  1.057748
##inga 
#ido(sec)  szog(ADC)     ax(g)    ay(g)   az(g)
54.70810699	531	-0.060333 -0.003112  1.055832
54.71337509	533	-0.061770 -0.004310  1.058226
54.71865463	534	-0.062488 0.003591  1.046734
54.72391510	534	-0.063206 0.000718  1.045777
54.72905731	536	-0.061770 0.003352  1.041467
54.73419952	534	-0.063925 0.000239  1.034524
54.73934555	536	-0.067516 0.002634  1.034524
54.74448776	536	-0.062727 0.000958  1.035003
54.74963378	538	-0.067755 -0.003112  1.033806
54.75482940	539	-0.060812 -0.005985  1.031651
54.76001739	538	-0.060333 -0.000239  1.027342
54.76520919	540	-0.060333 -0.000958  1.034045
54.77040863	540	-0.063446 -0.007661  1.030215
54.77561950	539	-0.060573 -0.007901  1.018723
54.78082275	540	-0.059376 -0.001437  1.013934
54.78603363	541	-0.060812 -0.010774  1.020398
54.79123306	542	-0.054587 -0.007661  1.018244
54.79643630	543	-0.055545 -0.014365  1.018723
54.80163955	543	-0.055784 -0.009098  1.015371
54.80683517	542	-0.055066 -0.009098  1.015371
54.81202316	541	-0.057939 -0.011492  1.011779
54.81721878	545	-0.054108 -0.015323  1.013934
54.82241439	544	-0.054348 -0.009337  1.009385
54.82761383	546	-0.056742 -0.008858  0.999330
54.83280181	548	-0.050278 -0.010056  1.019680
54.83798217	548	-0.051235 -0.013168  1.004118
54.84318542	549	-0.050517 -0.011492  0.999090
54.84837722	549	-0.045489 -0.009577  1.000766
54.85357666	547	-0.046926 -0.012689  1.006512
54.85877227	549	-0.052672 -0.011492  1.001484
54.86397552	548	-0.041898 -0.013886  0.998611
54.86916732	548	-0.057221 -0.008380  0.995020
54.87435150	548	-0.052911 -0.015083  0.996935
54.87954330	547	-0.052672 -0.011971  0.996217
54.88473892	550	-0.051954 -0.013647  0.991668
54.88993453	549	-0.046686 -0.011253  0.992387
54.89513015	550	-0.051235 -0.010295  0.990232
54.90032958	550	-0.055306 -0.011253  0.987598
54.90552139	550	-0.054827 -0.012929  0.991189
54.91071319	547	-0.058897 -0.007183  0.989992
54.91591262	548	-0.058657 -0.004549  0.989274
54.92110824	550	-0.055784 -0.006943  0.994302
54.92630386	550	-0.058897 -0.009337  1.000766
54.93150711	550	-0.064164 -0.002155  0.991189
54.93672180	549	-0.065600 -0.006704  0.993584
54.94191360	550	-0.062009 -0.001676  0.985204
54.94710540	549	-0.061530 -0.003112  1.000048
54.95228958	547	-0.058657 0.000718  0.997175
54.95743179	549	-0.063925 -0.005985  0.994781
54.96262741	549	-0.062009 0.006464  0.997654
54.96777343	549	-0.068952 0.000479  0.997175
54.97291564	550	-0.063446 -0.001676  1.003400
54.97809982	549	-0.062009 0.004549  1.004357
54.98323059	549	-0.062967 0.000479  1.005555
54.98837661	549	-0.062488 0.002155  1.007470
54.99353027	549	-0.065600 -0.001915  1.001245
54.99872970	548	-0.057939 0.006464  1.011540
55.00388717	547	-0.064164 -0.000239  1.004118
55.00909042	546	-0.056263 0.003352  1.018962
55.01424789	546	-0.053390 -0.001197  1.009146
55.01945495	543	-0.056263 0.000000  1.018004
55.02457427	542	-0.052432 0.001915  1.013934
55.02973556	540	-0.050278 -0.003352  1.011779
55.03493118	542	-0.048602 -0.003591  1.014413
55.04013061	542	-0.052432 -0.004788  1.018483
55.04533386	541	-0.048602 -0.008619  1.018004
55.05053329	538	-0.052432 -0.000239  1.018483
55.05572128	540	-0.048602 -0.007183  1.018004
55.06090545	537	-0.046208 -0.005746  1.029496
55.06609725	538	-0.050996 -0.001915  1.026144
55.07129287	538	-0.043335 -0.004070  1.035721
55.07648086	535	-0.049799 -0.004070  1.028778
55.08167266	536	-0.049559 -0.007183  1.033088
55.08687210	535	-0.047405 -0.003831  1.037158
55.09207153	536	-0.050278 -0.009816  1.038594
55.09726715	535	-0.050996 -0.005985  1.039791
55.10246276	535	-0.049799 0.001197  1.043143
55.10763168	532	-0.046926 -0.006464  1.046495
55.11283874	533	-0.049081 -0.004310  1.052002
55.11803054	532	-0.049320 -0.000718  1.052720
55.12322616	530	-0.053151 -0.001676  1.054875
55.12842559	528	-0.053869 -0.005507  1.062775
55.13362121	528	-0.048602 -0.003112  1.054396
55.13880920	527	-0.057700 0.004310  1.059424
55.14395141	527	-0.053390 0.000239  1.075704
55.14909744	526	-0.057221 0.004310  1.065170
55.15423965	524	-0.054827 0.007422  1.061339
55.15938568	523	-0.059615 0.005507  1.069240
55.16452407	521	-0.059376 0.010774  1.065409
55.16968154	521	-0.062009 0.003831  1.066367
55.17482376	520	-0.061530 0.011253  1.071394
55.17996978	518	-0.065122 0.005746  1.074507
55.18511199	517	-0.059615 0.009577  1.078816
55.19028091	516	-0.057221 0.010295  1.079056
55.19543838	513	-0.059615 0.011253  1.081450
55.20060348	513	-0.060094 0.007901  1.094378
55.20574569	510	-0.062249 0.008380  1.093900
55.21088790	511	-0.059615 0.006943  1.091027
55.21604156	510	-0.055784 0.006943  1.094378
55.22119903	507	-0.057460 0.009098  1.094618
55.22635650	507	-0.056742 0.009816  1.098927
##inga 
#ido(sec)  szog(ADC)     ax(g)    ay(g)   az(g)
55.23204040	505	-0.053630 0.006943  1.107786
55.23730087	503	-0.053390 0.008380  1.101800
55.24255371	504	-0.050757 0.007901  1.106349
55.24780654	502	-0.058657 0.001437  1.105152
55.25296783	501	-0.053390 0.004549  1.108025
55.25812911	501	-0.045011 0.009098  1.106110
55.26327896	500	-0.053869 0.005746  1.109701
55.26842498	498	-0.046926 0.007422  1.107307
55.27359390	497	-0.051235 0.001437  1.108265
55.27875137	495	-0.045250 0.005746  1.123348
55.28390502	494	-0.044771 0.004549  1.115447
55.28905487	492	-0.045489 0.009577  1.111377
55.29420471	489	-0.046926 0.008619  1.117602
55.29935073	488	-0.046686 0.009337  1.123587
55.30449676	488	-0.044532 0.009816  1.126221
55.30963897	486	-0.044053 0.009098  1.112335
55.31478500	485	-0.045729 0.013647  1.113053
55.31993865	482	-0.046208 0.003591  1.128376
55.32508468	480	-0.040940 0.002394  1.119757
55.33022689	480	-0.045011 0.007901  1.119996
55.33537673	478	-0.042377 0.004549  1.117841
55.34051895	474	-0.040701 0.002634  1.123827
55.34566497	474	-0.046447 0.005985  1.128376
55.35081100	473	-0.047165 0.012210  1.118799
55.35596084	473	-0.049559 0.012929  1.124066
55.36111068	471	-0.038307 0.009577  1.117363
55.36626815	470	-0.048602 0.010534  1.125263
55.37141418	469	-0.043095 0.004070  1.119757
55.37655258	467	-0.049559 0.011013  1.120954
55.38170242	463	-0.043095 0.017238  1.124545
55.38685607	462	-0.050278 0.014604  1.128136
55.39202117	464	-0.045968 0.016041  1.126700
55.39717483	462	-0.048602 0.017956  1.111617
55.40234756	461	-0.050278 0.015562  1.119278
55.40750503	460	-0.052193 0.015323  1.119039
55.41267776	458	-0.052432 0.020829  1.122630
55.41783142	455	-0.050996 0.020590  1.106589
55.42298889	455	-0.048841 0.018914  1.114729
55.42815780	453	-0.054348 0.024660  1.114729
55.43331909	451	-0.050757 0.019632  1.110180
55.43846511	451	-0.056263 0.017956  1.115208
55.44360733	449	-0.056263 0.016280  1.109462
55.44876098	448	-0.056263 0.024660  1.107307
55.45390319	447	-0.053390 0.017956  1.110659
55.45906066	448	-0.052193 0.018914  1.105631
55.46420669	448	-0.052672 0.019872  1.106349
55.46935272	448	-0.049799 0.023463  1.107546
55.47450637	445	-0.053869 0.017956  1.100364
55.47965240	444	-0.047165 0.022266  1.104673
55.48480224	440	-0.046447 0.018914  1.096533
55.48995208	441	-0.049799 0.025378  1.102040
55.49510955	439	-0.044532 0.018196  1.092703
55.50025939	439	-0.047405 0.023702  1.102279
55.50540924	432	-0.042856 0.018675  1.088632
55.51056289	435	-0.042377 0.016759  1.086478
55.51570892	432	-0.044053 0.019872  1.077619
55.52085494	430	-0.039025 0.014844  1.087675
55.52600097	432	-0.034476 0.013886  1.077859
55.53115463	432	-0.034476 0.016759  1.080253
55.53630828	431	-0.032561 0.016280  1.074507
55.54145431	430	-0.039504 0.008380  1.076901
55.54661178	428	-0.038786 0.021787  1.076422
55.55178070	425	-0.031603 0.018675  1.072352
55.55694580	424	-0.033040 0.015562  1.063733
55.56210327	424	-0.037349 0.013647  1.056072
55.56726837	421	-0.037110 0.019632  1.060142
55.57242584	419	-0.033758 0.015083  1.057269
55.57758331	420	-0.039025 0.018435  1.055114
55.58274459	420	-0.034716 0.020111  1.057508
55.58789825	418	-0.033997 0.017717  1.061578
55.59306335	418	-0.038786 0.020829  1.058226
55.59822845	418	-0.038786 0.018914  1.040988
55.60337829	415	-0.038786 0.022745  1.050326
55.60852813	414	-0.042616 0.023224  1.045777
55.61368560	412	-0.037349 0.023942  1.033806
55.61883544	413	-0.046208 0.022026  1.040031
55.62399673	410	-0.043574 0.027054  1.035003
55.62915039	411	-0.047644 0.025139  1.036200
55.63428878	411	-0.046447 0.032082  1.034285
55.63944244	411	-0.056981 0.031843  1.023511
55.64459609	408	-0.049559 0.018914  1.019920
55.64974212	409	-0.049320 0.027772  1.025905
55.65489959	409	-0.047884 0.031124  1.020398
55.66004943	407	-0.043335 0.031364  1.018483
55.66520309	409	-0.047405 0.030406  1.029736
55.67034912	407	-0.045250 0.029209  1.006991
55.67549896	408	-0.052432 0.031603  1.006033
55.68064498	405	-0.045489 0.029688  1.012498
55.68579101	407	-0.044292 0.031364  1.007470
55.69093704	404	-0.042377 0.025857  1.007230
55.69609069	404	-0.046447 0.033518  1.007949
55.70125198	404	-0.049559 0.030406  1.004118
55.70640945	403	-0.047884 0.028970  1.012258
55.71157073	401	-0.042616 0.026575  1.000527
55.71673202	403	-0.041898 0.023224  1.008188
55.72189712	402	-0.043095 0.027294  0.999090
55.72705841	400	-0.040222 0.026575  0.998372
55.73221969	402	-0.032800 0.026575  0.995738
55.73738479	402	-0.035194 0.020590  0.995738
55.74253463	402	-0.039743 0.021548  0.995738
55.74770736	400	-0.034716 0.017238  0.993823
##inga 
#ido(sec)  szog(ADC)     ax(g)    ay(g)   az(g)
55.75339508	402	-0.033758 0.025857  0.983767
55.75867080	401	-0.030406 0.023224  0.999808
55.76392745	401	-0.033279 0.020829  0.995738
55.76919174	401	-0.018914 0.018435  0.983767
55.77434921	400	-0.029927 0.021308  0.996457
55.77950286	399	-0.029927 0.023463  0.994781
55.78466033	399	-0.034955 0.025139  0.986401
55.78979110	401	-0.032800 0.020111  0.967726
55.79494476	400	-0.028730 0.022505  0.982092
55.80009460	401	-0.029927 0.022984  0.979697
55.80524063	400	-0.029688 0.024421  0.986880
55.81036758	401	-0.029209 0.023702  0.987119
55.81552124	400	-0.035434 0.022266  0.983289
55.82066726	401	-0.033758 0.025139  0.987359
55.82581329	401	-0.033758 0.022984  0.981373
55.83096313	400	-0.039265 0.021308  0.986401
55.83610916	400	-0.031364 0.025139  0.988795
55.84125518	400	-0.042138 0.023702  0.983289
55.84640121	400	-0.039983 0.027772  0.988077
55.85154724	401	-0.041898 0.025378  0.987119
55.85669708	399	-0.044053 0.025857  0.991429
55.86183929	402	-0.042616 0.017477  0.997893
55.86698532	402	-0.045489 0.024181  0.993584
55.87212753	403	-0.048362 0.024899  0.994781
55.87727355	402	-0.046447 0.025857  0.996457
55.88241577	403	-0.046447 0.026575  0.987119
55.88756179	402	-0.043813 0.024660  0.998851
55.89271545	405	-0.048841 0.031364  0.999330
55.89786529	405	-0.045011 0.023942  1.002442
55.90303039	406	-0.048602 0.033758  1.001245
55.90819168	405	-0.051235 0.026815  1.010582
55.91336059	407	-0.048123 0.025378  1.000527
55.91853332	407	-0.047165 0.023224  1.016568
55.92369842	407	-0.049559 0.018196  1.010822
55.92887115	406	-0.045968 0.019393  1.011779
55.93403625	408	-0.050038 0.018196  1.002203
55.93919372	408	-0.043813 0.025857  1.010582
55.94435119	407	-0.041419 0.029688  1.015610
55.94950485	409	-0.042138 0.020111  1.010343
55.95465850	407	-0.041419 0.016520  1.020877
55.95980453	410	-0.034955 0.015083  1.025666
55.96495437	409	-0.034237 0.016759  1.008667
55.97011566	412	-0.040222 0.016041  1.027581
55.97526931	412	-0.040940 0.016041  1.031412
55.98041534	413	-0.036391 0.014844  1.035721
55.98556137	414	-0.032561 0.018675  1.029257
55.99070358	414	-0.033040 0.019632  1.034763
55.99586105	414	-0.036870 0.024181  1.031172
56.00101089	417	-0.033279 0.016520  1.035242
56.00616073	417	-0.038546 0.010295  1.040510
56.01129913	415	-0.040462 0.015562  1.040510
56.01644515	417	-0.038067 0.016041  1.039791
56.02159118	418	-0.035673 0.017717  1.047213
56.02674865	418	-0.034716 0.015562  1.048171
56.03189468	420	-0.042138 0.014126  1.056072
56.03704071	424	-0.036870 0.016999  1.052720
56.04220581	424	-0.042138 0.016041  1.055353
56.04736709	424	-0.045968 0.011492  1.066127
56.05253982	425	-0.041180 0.016520  1.069000
56.05768966	426	-0.052193 0.018675  1.067564
56.06285095	428	-0.043574 0.018435  1.074507
56.06800460	428	-0.044292 0.016999  1.055593
56.07316589	429	-0.053390 0.016759  1.062536
56.07832336	430	-0.053630 0.017956  1.080732
56.08348464	431	-0.048362 0.013407  1.080253
56.08863830	433	-0.051954 0.014365  1.082886
56.09380340	434	-0.048602 0.019393  1.082168
56.09896087	435	-0.053390 0.018675  1.087196
56.10412216	436	-0.047884 0.021548  1.085281
56.10927200	435	-0.056263 0.018196  1.084802
56.11443328	435	-0.049559 0.018196  1.086717
56.11958312	440	-0.049799 0.017238  1.075704
56.12472915	443	-0.051714 0.019872  1.101082
56.12987136	444	-0.051954 0.018675  1.095097
56.13501358	446	-0.049320 0.015083  1.099885
56.14015197	447	-0.045729 0.013407  1.094618
56.14530181	449	-0.047644 0.015323  1.101322
56.15045166	448	-0.043335 0.012929  1.097730
56.15560150	448	-0.047405 0.015323  1.095336
56.16075134	449	-0.048362 0.014126  1.109462
56.16590499	450	-0.048602 0.017717  1.107546
56.17105484	450	-0.052432 0.011013  1.108025
56.17620086	451	-0.046208 0.006464  1.104434
56.18135452	454	-0.042616 0.011492  1.104913
56.18650436	456	-0.042856 0.009337  1.114250
56.19164657	456	-0.042377 0.008858  1.113293
56.19679260	456	-0.041898 0.007661  1.119996
56.20193481	457	-0.036870 0.005507  1.117123
56.20709228	457	-0.045011 0.011013  1.112574
56.21226119	459	-0.048123 0.007422  1.106589
56.21742248	463	-0.046926 0.006704  1.116405
56.22257614	463	-0.042616 0.002634  1.124545
56.22774505	463	-0.047405 0.005267  1.117602
56.23290252	466	-0.045968 0.007661  1.114011
56.23806381	465	-0.045489 0.010774  1.113293
56.24322891	469	-0.055784 0.012929  1.121193
56.24839019	471	-0.051714 0.008858  1.116405
56.25354766	470	-0.046447 0.012210  1.117841
56.25870513	474	-0.047644 0.008858  1.117841
56.26385498	474	-0.046686 0.010295  1.124545
56.26900100	475	-0.048602 0.005267  1.122390
##inga 
#ido(sec)  szog(ADC)     ax(g)    ay(g)   az(g)
56.27465438	474	-0.048602 0.011971  1.118320
56.27992630	475	-0.056263 0.007183  1.118320
56.28520965	480	-0.051714 0.013407  1.123827
56.29047775	482	-0.057221 0.010534  1.115208
56.29563140	482	-0.056981 0.013407  1.117602
56.30078506	484	-0.055545 0.005507  1.122390
56.30591583	483	-0.057221 0.003831  1.114011
56.31106948	487	-0.052672 0.007422  1.118081
56.31622314	490	-0.058179 0.007901  1.112574
56.32137298	489	-0.061530 0.009577  1.121433
56.32651138	492	-0.051714 0.006704  1.115208
56.33165740	494	-0.055306 0.006464  1.125982
56.33680725	494	-0.052193 0.013168  1.109941
56.34196472	496	-0.056024 0.006464  1.114968
56.34711837	497	-0.055066 0.004070  1.101800
56.35225296	500	-0.048841 0.001197  1.117363
56.35739517	502	-0.056742 0.007422  1.105152
56.36254501	502	-0.052672 -0.000718  1.106110
56.36774063	502	-0.051235 0.000958  1.104195
56.37287902	503	-0.060094 0.002155  1.105152
56.37803268	503	-0.053630 -0.002155  1.099167
56.38322448	505	-0.053390 0.004549  1.093181
56.38838577	506	-0.046208 0.002634  1.101322
56.39354705	507	-0.054348 -0.003831  1.095815
56.39874649	508	-0.052432 -0.001915  1.093900
56.40393447	508	-0.050757 0.001437  1.090308
56.40910339	509	-0.050278 -0.002634  1.084802
56.41431045	513	-0.048123 -0.003352  1.094378
56.41951370	512	-0.050517 -0.000479  1.086238
56.42471313	516	-0.055306 0.003831  1.076662
56.42985534	515	-0.056263 -0.002394  1.077859
56.43505096	516	-0.054348 -0.005028  1.078098
56.44025039	519	-0.053630 -0.001676  1.074267
56.44543838	521	-0.055066 -0.005746  1.068042
56.45063018	521	-0.056503 -0.004070  1.070916
56.45583343	525	-0.046926 -0.004549  1.075225
56.46102523	525	-0.057700 -0.006704  1.063494
56.46623229	524	-0.057700 -0.002394  1.060381
56.47143173	526	-0.059615 -0.005267  1.063733
56.47663116	527	-0.051714 -0.005985  1.065888
56.48184585	527	-0.058657 -0.009816  1.061818
56.48705291	528	-0.060812 -0.004549  1.059663
56.49225616	529	-0.064403 -0.007422  1.051523
56.49745178	530	-0.056742 0.001437  1.047692
56.50260162	531	-0.058418 -0.006464  1.057029
56.50780487	531	-0.059854 -0.001915  1.048889
56.51300430	531	-0.060573 -0.004549  1.045298
56.51819229	534	-0.058179 0.000958  1.041228
56.52333068	535	-0.062009 -0.003831  1.040270
56.52851867	535	-0.056263 -0.003591  1.040270
56.53370285	537	-0.058179 -0.002394  1.045058
56.53890609	536	-0.063446 -0.001676  1.026863
56.54410934	537	-0.067516 -0.005507  1.031651
56.54931640	535	-0.056024 -0.005985  1.027342
56.55451965	538	-0.054108 -0.003352  1.030693
56.55971908	537	-0.059136 -0.008380  1.030454
56.56491851	540	-0.062488 -0.008619  1.029257
56.57011032	540	-0.061052 -0.005267  1.016328
56.57531738	541	-0.060573 -0.005028  1.032130
56.58050537	542	-0.062488 -0.014126  1.017525
56.58569717	542	-0.053869 -0.004070  1.011301
56.59089660	542	-0.055066 -0.011731  1.011779
56.59609603	540	-0.053630 -0.009816  1.013695
56.60128784	542	-0.055545 -0.012210  0.996696
56.60648727	542	-0.058179 -0.013407  1.008188
56.61168670	543	-0.058418 -0.014604  1.012498
56.61689758	543	-0.052911 -0.012929  0.999090
56.62209701	544	-0.051235 -0.008619  1.006752
56.62730407	544	-0.053390 -0.011013  1.016328
56.63251113	545	-0.050757 -0.013168  1.000527
56.63771057	544	-0.050038 -0.008140  0.996696
56.64290618	545	-0.054587 -0.006225  1.003879
56.64810943	546	-0.055545 -0.009098  0.992626
56.65330505	546	-0.054348 -0.010295  0.997175
56.65850448	545	-0.052193 -0.011731  0.990711
56.66370010	546	-0.052911 -0.011253  1.003160
56.66888809	545	-0.053869 -0.009816  0.994781
56.67408752	547	-0.057939 -0.009098  0.993823
56.67928314	548	-0.054587 -0.004549  0.994781
56.68447875	548	-0.057939 -0.004788  0.995499
56.68967819	548	-0.058179 -0.008140  0.995738
56.69487380	546	-0.053151 -0.008858  0.986641
56.70008087	548	-0.063446 -0.013886  0.995738
56.70527648	548	-0.062249 -0.001437  0.996457
56.71047210	548	-0.056263 -0.003352  0.993344
56.71566390	549	-0.062488 -0.004310  1.006033
56.72085571	546	-0.062488 -0.005507  0.999569
56.72604751	548	-0.059136 -0.004788  0.995978
56.73123931	546	-0.064164 -0.000239  1.003400
56.73643493	545	-0.061530 0.000718  0.995499
56.74156951	547	-0.062967 -0.006225  0.999090
56.74676513	548	-0.064403 -0.000718  0.995260
56.75196838	545	-0.056981 0.002873  0.999090
56.75711059	547	-0.057460 0.002155  1.007470
56.76226806	546	-0.054827 -0.003112  1.012498
56.76747512	546	-0.060812 0.000000  1.006512
56.77259063	545	-0.057939 0.003112  1.001724
56.77775955	544	-0.054108 -0.000718  1.010822
56.78295898	544	-0.056742 -0.003352  1.008906
56.78815841	543	-0.058897 0.000958  1.009385
56.79331588	543	-0.057939 -0.002155  1.012737
##inga 
#ido(sec)  szog(ADC)     ax(g)    ay(g)   az(g)
56.79904937	542	-0.053390 0.001915  1.012498
56.80431365	540	-0.054827 0.000718  1.008427
56.80955886	541	-0.053630 -0.003831  1.014892
56.81481552	540	-0.052911 -0.003112  1.022793
56.82001495	540	-0.049081 0.002634  1.019441
56.82516098	537	-0.049559 -0.002394  1.022553
56.83035659	536	-0.053630 -0.006225  1.018483
56.83554458	535	-0.046686 -0.004549  1.024229
56.84073638	537	-0.048841 -0.004310  1.029736
56.84593582	536	-0.047165 -0.001676  1.022553
56.85113143	536	-0.050996 -0.003352  1.022074
56.85632705	536	-0.049320 -0.001437  1.030454
56.86153030	536	-0.052432 -0.004549  1.031651
56.86672973	535	-0.053630 0.001197  1.035482
56.87189102	534	-0.046447 -0.002634  1.031412
56.87710571	534	-0.053869 -0.004070  1.044580
56.88230895	533	-0.049081 -0.004549  1.039073
56.88751220	530	-0.050278 0.002394  1.046256
56.89266967	531	-0.050517 -0.000718  1.049847
56.89786529	528	-0.047405 -0.001437  1.045298
56.90305709	528	-0.056503 0.004549  1.060621
56.90819168	528	-0.053630 0.000958  1.055593
56.91334152	525	-0.050757 -0.000958  1.051523
56.91854095	527	-0.057700 -0.001915  1.050804
56.92373657	526	-0.052672 0.005746  1.053678
56.92889022	524	-0.057700 0.000718  1.053678
56.93403244	521	-0.057221 0.002155  1.062057
56.93918228	520	-0.055066 0.003591  1.060142
56.94432830	521	-0.055306 0.002155  1.062296
56.94948577	517	-0.060094 0.005267  1.072352
56.95463562	518	-0.049559 0.011731  1.068042
56.95980072	515	-0.060094 0.003112  1.065888
56.96495819	516	-0.050278 0.007183  1.078338
56.97011947	515	-0.058657 0.006704  1.071634
56.97527313	514	-0.059854 0.012929  1.074986
56.98043441	513	-0.056024 0.004310  1.079295
56.98559188	511	-0.053390 0.007901  1.079774
56.99075698	507	-0.054348 0.007901  1.083126
56.99590301	506	-0.050278 0.005267  1.090308
57.00107192	507	-0.048841 -0.001197  1.084802
57.00627517	504	-0.053151 0.003112  1.088393
57.01142501	505	-0.050517 0.003112  1.093421
57.01657104	505	-0.050996 0.010056  1.097012
57.02172470	503	-0.051235 0.003112  1.087914
57.02686691	503	-0.052911 0.008858  1.105631
57.03201293	503	-0.050278 0.005507  1.104195
57.03716278	500	-0.049320 0.006225  1.107307
57.04230117	500	-0.052193 0.011492  1.096533
57.04743957	498	-0.046926 0.008619  1.103716
57.05258560	494	-0.053869 0.003112  1.112574
57.05772781	493	-0.054827 0.003831  1.108025
57.06288528	493	-0.039983 0.006464  1.106349
57.06802749	492	-0.047884 0.009577  1.111138
57.07318115	490	-0.051235 0.009577  1.111856
57.07832336	489	-0.049320 0.009577  1.113771
57.08346939	486	-0.048362 0.003352  1.109941
57.08861541	485	-0.042616 0.010295  1.113532
57.09376144	483	-0.045011 0.005267  1.108504
57.09891128	484	-0.048841 0.008858  1.113293
57.10405731	481	-0.045250 0.009577  1.114250
57.10920715	479	-0.048123 0.013168  1.118320
57.11436843	479	-0.051714 0.003352  1.111617
57.11952972	477	-0.050038 0.008619  1.107546
57.12469482	474	-0.043095 0.011013  1.127418
57.12985229	475	-0.043095 0.011492  1.115926
57.13502120	473	-0.046686 0.007422  1.123109
57.14017486	472	-0.052432 0.009816  1.111617
57.14533615	471	-0.043095 0.005267  1.118799
57.15050125	468	-0.037349 0.005267  1.112335
57.15566253	466	-0.043813 0.009337  1.120475
57.16082763	467	-0.048602 0.011971  1.110419
57.16598510	464	-0.045011 0.016759  1.118799
57.17112731	465	-0.050038 0.014126  1.108744
57.17628097	462	-0.049320 0.012689  1.118081
57.18141937	463	-0.050996 0.011731  1.124785
57.18658065	459	-0.051714 0.018196  1.120714
57.19173049	460	-0.051235 0.014126  1.115208
57.19688034	458	-0.045729 0.014365  1.105392
57.20202255	457	-0.049320 0.012450  1.114250
57.20716476	455	-0.049320 0.018914  1.113053
57.21231842	453	-0.044053 0.011971  1.111617
57.21746826	451	-0.046926 0.018675  1.104913
57.22262573	452	-0.051714 0.014604  1.107068
57.22777557	450	-0.049559 0.016280  1.096294
57.23292541	450	-0.057700 0.013886  1.108025
57.23807144	450	-0.058179 0.017477  1.107786
57.24322891	449	-0.049799 0.020829  1.097730
57.24835968	449	-0.051954 0.017477  1.101800
57.25350570	445	-0.050996 0.017717  1.100125
57.25864791	445	-0.050278 0.020590  1.091506
57.26380538	444	-0.044771 0.023942  1.106828
57.26896286	444	-0.053869 0.020351  1.097970
57.27413177	443	-0.050517 0.023702  1.086238
57.27930450	441	-0.046686 0.018196  1.092942
57.28447723	439	-0.039983 0.018675  1.085041
57.28963088	435	-0.044532 0.016759  1.085041
57.29479598	436	-0.047405 0.016999  1.081689
57.29995727	432	-0.044053 0.021548  1.078816
57.30512619	431	-0.045489 0.016280  1.081210
57.31028366	432	-0.040462 0.019393  1.075464
57.31544876	432	-0.040701 0.018675  1.083844
##inga 
#ido(sec)  szog(ADC)     ax(g)    ay(g)   az(g)
57.32114410	432	-0.043574 0.009337  1.073070
57.32640457	431	-0.044771 0.017956  1.069240
57.33167648	429	-0.036631 0.019393  1.068761
57.33695220	428	-0.039743 0.017717  1.073070
57.34210586	425	-0.038067 0.014844  1.063733
57.34725952	423	-0.041180 0.019632  1.062775
57.35241317	425	-0.042138 0.021548  1.060860
57.35756683	421	-0.042377 0.016520  1.052002
57.36271667	420	-0.037349 0.016520  1.055832
57.36785888	421	-0.035194 0.020590  1.050804
57.37300491	419	-0.034237 0.019632  1.048889
57.37814712	421	-0.034955 0.017477  1.046256
57.38329315	418	-0.038307 0.016280  1.039073
57.38843536	420	-0.038546 0.017717  1.041707
57.39358901	417	-0.044771 0.020829  1.041467
57.39873886	416	-0.039743 0.017477  1.046734
57.40389251	416	-0.044053 0.022745  1.033088
57.40905380	415	-0.042616 0.028012  1.038594
57.41419982	414	-0.042616 0.022984  1.026144
57.41935729	413	-0.043813 0.018675  1.029017
57.42451477	411	-0.040462 0.024421  1.024947
57.42966079	410	-0.044771 0.023942  1.029496
57.43480300	411	-0.045489 0.024899  1.019441
57.43996429	411	-0.041898 0.027294  1.014892
57.44513320	410	-0.045729 0.023942  1.026863
57.45030975	407	-0.044292 0.026097  1.020877
57.45546340	408	-0.045011 0.024421  1.017286
57.46063232	409	-0.043574 0.025857  1.009625
57.46579360	407	-0.044292 0.030645  1.015849
57.47096252	408	-0.045489 0.029927  1.017525
57.47611618	408	-0.046926 0.029448  1.006512
57.48127746	406	-0.043095 0.026336  1.002681
57.48642730	406	-0.048602 0.028491  1.002681
57.49159622	407	-0.041180 0.021787  1.000766
57.49675750	407	-0.041180 0.025378  1.004836
57.50191497	404	-0.045729 0.025857  0.999569
57.50704956	405	-0.044292 0.026575  1.000287
57.51219177	403	-0.039265 0.023224  1.004357
57.51735305	405	-0.036152 0.025618  1.007949
57.52250671	404	-0.042138 0.028491  0.997654
57.52766036	403	-0.036631 0.021308  0.999569
57.53280258	403	-0.035673 0.022984  0.991189
57.53794860	402	-0.036391 0.027533  0.993584
57.54309082	402	-0.033997 0.019393  0.989514
57.54824066	403	-0.031364 0.023942  0.987359
57.55338287	402	-0.031843 0.022026  0.983767
57.55852890	403	-0.034955 0.019153  0.988556
57.56367492	401	-0.032561 0.016280  0.981852
57.56882095	401	-0.034955 0.021308  0.989274
57.57396316	401	-0.026097 0.024660  0.991908
57.57911300	400	-0.035673 0.019393  0.989514
57.58425903	402	-0.036870 0.016280  0.987359
57.58940124	403	-0.032561 0.023942  0.989992
57.59453964	401	-0.030645 0.025139  0.990471
57.59968566	402	-0.033997 0.022026  0.982570
57.60483169	402	-0.035434 0.021787  0.992865
57.60999298	402	-0.035673 0.021548  0.985204
57.61514663	402	-0.038546 0.024181  0.984725
57.62031173	402	-0.033518 0.021308  0.986401
57.62546539	400	-0.045729 0.028491  0.994062
57.63061904	400	-0.038786 0.022745  0.994781
57.63578796	402	-0.041898 0.026575  0.991189
57.64095687	404	-0.039743 0.024181  0.992626
57.64611816	403	-0.039983 0.021548  0.993584
57.65128326	404	-0.037589 0.027294  0.990950
57.65644073	406	-0.045968 0.022505  0.989514
57.66159057	408	-0.041659 0.021308  0.992865
57.66674041	407	-0.043813 0.022984  0.999090
57.67189025	407	-0.041419 0.021069  0.992387
57.67704391	408	-0.046447 0.024421  0.999330
57.68218612	406	-0.043335 0.020590  1.000287
57.68733215	406	-0.045489 0.022745  1.007949
57.69249343	409	-0.045011 0.027054  1.003639
57.69764328	407	-0.043574 0.026097  1.001963
57.70278930	408	-0.052193 0.025139  1.014413
57.70794677	409	-0.045489 0.020590  1.014413
57.71309280	407	-0.046208 0.026097  1.015371
57.71825027	410	-0.047405 0.027772  1.001963
57.72339630	411	-0.046208 0.023702  1.020398
57.72854614	412	-0.041898 0.016999  1.017286
57.73369598	410	-0.046208 0.021308  1.026144
57.73885345	412	-0.050278 0.023942  1.013216
57.74399948	413	-0.047644 0.021069  1.012498
57.74915695	414	-0.047165 0.023942  1.025666
57.75430679	414	-0.045011 0.021308  1.028778
57.75946807	414	-0.044292 0.015802  1.028539
57.76463699	416	-0.041180 0.020829  1.035003
57.76981735	416	-0.041180 0.016280  1.032130
57.77496719	416	-0.043335 0.020351  1.033566
57.78013229	417	-0.038546 0.020829  1.038355
57.78530883	417	-0.042856 0.022026  1.025905
57.79046249	418	-0.039983 0.022266  1.045777
57.79563522	416	-0.045968 0.014844  1.043143
57.80078506	418	-0.040701 0.014126  1.046974
57.80594253	421	-0.039983 0.016999  1.047692
57.81110382	421	-0.045250 0.019632  1.049129
57.81625747	424	-0.043813 0.013886  1.055832
57.82140731	425	-0.040701 0.013407  1.066367
57.82656097	424	-0.037828 0.017238  1.063972
57.83170318	427	-0.038546 0.013168  1.050804
57.83684921	428	-0.041898 0.011971  1.066127
##inga 
#ido(sec)  szog(ADC)     ax(g)    ay(g)   az(g)
57.84254455	429	-0.042616 0.016041  1.058466
57.84780883	429	-0.041180 0.009337  1.068042
57.85307693	428	-0.043574 0.016520  1.069000
57.85831451	431	-0.045250 0.012210  1.070437
57.86346435	433	-0.041180 0.010056  1.076422
57.86860656	432	-0.046686 0.012689  1.070197
57.87375640	435	-0.044771 0.011971  1.071394
57.87890625	434	-0.041419 0.015323  1.081450
57.88405990	434	-0.041180 0.015562  1.080253
57.88921737	437	-0.047644 0.013168  1.084562
57.89436721	436	-0.049081 0.021787  1.084323
57.89950942	442	-0.051714 0.012689  1.088154
57.90465164	443	-0.047644 0.015323  1.097252
57.90979766	446	-0.046686 0.012929  1.093421
57.91495132	448	-0.053630 0.011013  1.089590
57.92009353	447	-0.049081 0.011971  1.087435
57.92523574	448	-0.050757 0.016280  1.102040
57.93036651	449	-0.044532 0.011971  1.091506
57.93552780	448	-0.052432 0.012210  1.092463
57.94067382	447	-0.043095 0.005746  1.097252
57.94583129	451	-0.055306 0.021308  1.094618
57.95100402	451	-0.043574 0.016041  1.102279
57.95617675	453	-0.048362 0.013647  1.104434
57.96133422	455	-0.048602 0.011492  1.097012
57.96649551	455	-0.055066 0.010534  1.109222
57.97165298	455	-0.050996 0.011731  1.106828
57.97681427	457	-0.050996 0.011492  1.103955
57.98198699	456	-0.047405 0.007661  1.106589
57.98715209	458	-0.056981 0.011971  1.110659
57.99232864	462	-0.049799 0.014844  1.103237
57.99746704	462	-0.048123 0.010534  1.108025
58.00262451	463	-0.048602 0.007422  1.115926
58.00776672	464	-0.051714 0.011013  1.111856
58.01291275	465	-0.050996 0.003831  1.108983
58.01805496	466	-0.048123 0.004310  1.115208
58.02320098	469	-0.049320 0.008140  1.116165
58.02833557	470	-0.048123 0.000718  1.112335
58.03347015	472	-0.044532 0.006704  1.112335
58.03862762	474	-0.051954 0.005746  1.118081
58.04377746	474	-0.052911 0.004549  1.115208
58.04892730	474	-0.043335 0.003112  1.109462
58.05407714	476	-0.047405 0.001915  1.119039
58.05922317	476	-0.051235 -0.001197  1.116165
58.06441497	479	-0.043335 0.007422  1.116165
58.06956863	479	-0.042856 0.001197  1.115687
58.07471084	480	-0.057939 0.003112  1.118560
58.07984924	481	-0.051235 0.002873  1.111138
58.08499145	484	-0.052193 0.002155  1.113532
58.09013748	486	-0.051714 0.010056  1.114250
58.09527206	488	-0.051954 0.000000  1.108983
58.10038375	491	-0.050278 0.005507  1.113053
58.10553741	490	-0.046926 0.007183  1.116165
58.11069869	493	-0.052193 0.002634  1.104673
58.11585617	492	-0.059136 0.004549  1.115447
58.12101745	495	-0.056503 0.005985  1.104195
58.12618255	496	-0.048362 0.005507  1.105152
58.13133621	495	-0.057700 0.001676  1.109462
58.13650131	498	-0.052911 0.006943  1.102758
58.14166259	499	-0.053630 0.003591  1.100603
58.14682769	502	-0.055306 -0.001197  1.100843
58.15202331	503	-0.060094 -0.003831  1.097012
58.15722274	504	-0.052432 0.003591  1.096294
58.16237640	504	-0.054348 0.004788  1.081689
58.16751861	504	-0.059854 0.000000  1.088632
58.17263031	505	-0.056742 0.005746  1.093181
58.17777633	506	-0.056503 0.004788  1.086238
58.18291854	505	-0.058179 0.000000  1.087196
58.18803024	508	-0.060094 -0.004788  1.080971
58.19322967	509	-0.055066 0.003112  1.089111
58.19837570	509	-0.053390 0.000000  1.088872
58.20348358	513	-0.061052 -0.000718  1.078816
58.20868301	514	-0.053151 -0.001197  1.070676
58.21388244	516	-0.058418 0.001197  1.076901
58.21903610	517	-0.058657 -0.003352  1.064691
58.22422409	516	-0.059376 -0.003591  1.078577
58.22941970	518	-0.056024 -0.000958  1.064212
58.23461532	521	-0.063206 0.000000  1.074746
58.23973464	520	-0.055545 0.002394  1.068282
58.24489593	524	-0.059854 -0.007901  1.068282
58.25009918	524	-0.063206 0.002394  1.052720
58.25524902	525	-0.056024 0.003831  1.063733
58.26040267	525	-0.057221 -0.001915  1.058226
58.26561355	527	-0.064643 0.001437  1.053438
58.27077484	525	-0.052432 -0.005985  1.052002
58.27598571	528	-0.061052 -0.003591  1.044819
58.28117752	529	-0.061530 -0.001915  1.048889
58.28637313	529	-0.057700 -0.004549  1.047931
58.29156875	530	-0.058418 -0.003831  1.042425
58.29676818	531	-0.057460 -0.006704  1.045777
58.30196762	531	-0.051235 0.002394  1.047453
58.30712509	531	-0.056742 -0.001915  1.035003
58.31231689	534	-0.056024 -0.010534  1.027102
58.31751251	535	-0.051954 -0.007183  1.037636
58.32271194	534	-0.055784 -0.006464  1.027820
58.32791137	536	-0.056263 -0.010534  1.024947
58.33311080	535	-0.052432 -0.003112  1.034045
58.33830261	537	-0.052432 -0.009098  1.024947
58.34350585	536	-0.057700 -0.003112  1.023032
58.34871292	538	-0.054348 -0.009577  1.022074
58.35390472	538	-0.049559 -0.005028  1.019201
58.35909652	536	-0.054827 -0.007183  1.021595
##inga 
#ido(sec)  szog(ADC)     ax(g)    ay(g)   az(g)
58.36481857	537	-0.049320 -0.012210  1.014652
58.37010955	537	-0.051475 -0.004310  1.011061
58.37537384	539	-0.053869 -0.008619  1.018962
58.38063430	540	-0.056024 -0.010534  1.015610
58.38582229	540	-0.052432 -0.007901  1.012737
58.39102172	540	-0.056503 -0.009816  1.009385
58.39622116	539	-0.053869 -0.004070  1.016089
58.40141677	542	-0.057700 -0.005985  1.004597
58.40661621	540	-0.055545 -0.012450  1.008667
58.41181564	542	-0.056981 -0.005028  1.001006
58.41701126	543	-0.056742 -0.005985  1.004597
58.42220687	543	-0.056742 -0.005746  1.006512
58.42740631	542	-0.053151 -0.007422  1.005555
58.43261337	542	-0.060333 -0.005028  0.998611
58.43781280	543	-0.061770 -0.004310  0.998133
58.44300460	543	-0.059615 -0.008140  1.003879
58.44819641	543	-0.062009 -0.004310  1.001963
58.45339202	541	-0.058179 -0.004070  0.995260
58.45858383	543	-0.062009 -0.006704  0.998133
58.46377563	543	-0.059136 -0.008140  1.002681
58.46896743	543	-0.062967 -0.004070  1.003160
58.47415161	544	-0.059854 -0.009098  1.003160
58.47934722	543	-0.059615 -0.004788  1.001724
58.48455047	542	-0.059615 -0.008858  1.003160
58.48974227	543	-0.057939 -0.001676  0.996696
58.49494552	543	-0.059615 -0.008140  1.005076
58.50014877	542	-0.061770 0.000239  1.004118
58.50528717	541	-0.057221 -0.000479  1.006512
58.51049041	543	-0.061530 -0.008858  0.998611
58.51568984	544	-0.063685 -0.003591  0.999569
58.52087020	543	-0.060333 -0.007901  1.006991
58.52605438	543	-0.053869 -0.006225  0.996217
58.53124618	543	-0.052193 -0.004070  1.004597
58.53644561	542	-0.055784 -0.002873  0.998611
58.54163360	541	-0.053630 -0.005507  1.006991
58.54682922	543	-0.053151 -0.005267  1.011779
58.55201721	542	-0.051235 -0.004549  1.005076
58.55720901	542	-0.054348 -0.007422  1.003400
58.56240463	541	-0.053151 -0.003591  1.004118
58.56760025	541	-0.052432 0.000000  1.008906
58.57271575	540	-0.048602 -0.000239  1.009385
58.57791519	539	-0.053869 -0.003112  1.010822
58.58312225	539	-0.049320 -0.002634  1.005555
58.58832931	536	-0.053630 0.000958  1.020159
58.59347152	538	-0.053630 -0.004070  1.017286
58.59866333	538	-0.053151 0.001437  1.018483
58.60382080	537	-0.056742 -0.001437  1.022553
58.60900878	535	-0.051954 -0.004788  1.019920
58.61419296	536	-0.048123 -0.002394  1.024947
58.61938858	535	-0.054348 0.000239  1.026863
58.62453842	535	-0.061291 0.003352  1.024229
58.62968826	535	-0.054108 -0.004549  1.030215
58.63488388	535	-0.049320 -0.001197  1.023511
58.64007186	535	-0.057939 0.002873  1.031651
58.64522552	534	-0.056981 0.006943  1.033806
58.65038299	533	-0.051954 0.002634  1.034763
58.65555572	531	-0.053630 0.005267  1.036918
58.66072082	528	-0.051714 0.004788  1.034763
58.66587829	528	-0.057700 0.003591  1.041467
58.67103958	529	-0.050278 -0.003352  1.047692
58.67623901	527	-0.058418 0.001915  1.044340
58.68140029	527	-0.056981 -0.003352  1.045298
58.68660736	525	-0.053869 -0.000479  1.040749
58.69179916	526	-0.060333 0.004310  1.052959
58.69694137	525	-0.053151 0.000479  1.045058
58.70208740	523	-0.058179 0.004549  1.053917
58.70723342	522	-0.059136 0.007183  1.052959
58.71238708	521	-0.047884 -0.000239  1.058466
58.71758270	519	-0.049559 0.004549  1.057508
58.72274017	519	-0.055784 0.004549  1.065648
58.72788238	518	-0.056024 0.001676  1.063494
58.73303222	518	-0.048841 -0.000718  1.062057
58.73822402	517	-0.045968 0.004549  1.068761
58.74336624	516	-0.052672 0.004549  1.067803
58.74851989	514	-0.052672 0.003112  1.077619
58.75365829	510	-0.051954 0.005985  1.080013
58.75880813	509	-0.048841 0.000958  1.071634
58.76394653	510	-0.053869 0.006464  1.080971
58.76910400	509	-0.051714 0.003112  1.091984
58.77426528	507	-0.052672 0.004549  1.081210
58.77940750	506	-0.055066 0.005985  1.080971
58.78455352	505	-0.052193 0.006464  1.092463
58.78971862	503	-0.054108 0.009577  1.089830
58.79487991	504	-0.048841 0.009098  1.088872
58.80004501	501	-0.050996 0.007901  1.094618
58.80518722	501	-0.050757 0.005267  1.095815
58.81035232	502	-0.050996 0.009816  1.090548
58.81550216	501	-0.048362 0.008140  1.092224
58.82066345	500	-0.050517 0.007183  1.101561
58.82581710	496	-0.050996 0.011013  1.096773
58.83097076	496	-0.047884 0.008619  1.103476
58.83613586	495	-0.052911 0.004549  1.091027
58.84128952	492	-0.050278 0.009098  1.106110
58.84643173	492	-0.049081 0.009098  1.108265
58.85158920	490	-0.053151 0.012929  1.107786
58.85673522	488	-0.048362 0.010774  1.102519
58.86188125	488	-0.054108 0.009577  1.101561
58.86703491	486	-0.054827 0.009816  1.106110
58.87218475	484	-0.048602 0.010056  1.105392
58.87732696	485	-0.050996 0.012450  1.109941
58.88247299	483	-0.051475 0.010295  1.102040
##inga 
#ido(sec)  szog(ADC)     ax(g)    ay(g)   az(g)
58.88814544	479	-0.045729 0.011492  1.111856
58.89344024	479	-0.049320 0.013886  1.108504
58.89870834	478	-0.046447 0.012929  1.115687
58.90396881	475	-0.046447 0.005028  1.108025
58.90911483	474	-0.044053 0.010774  1.110659
58.91425323	472	-0.044771 0.014126  1.113532
58.91939544	473	-0.048841 0.011013  1.117123
58.92454147	472	-0.047884 0.010774  1.118560
58.92967987	471	-0.048123 0.011253  1.111377
58.93482589	470	-0.043813 0.011492  1.108504
58.93997955	468	-0.048602 0.012210  1.110419
58.94512939	465	-0.043574 0.008380  1.114968
58.95027542	465	-0.048123 0.016041  1.114490
58.95541381	464	-0.049081 0.014604  1.110659
58.96055984	462	-0.046926 0.012689  1.117841
58.96572494	460	-0.045011 0.018196  1.109701
58.97088623	460	-0.048602 0.013886  1.102279
58.97606277	459	-0.045250 0.010295  1.098449
58.98122406	459	-0.041659 0.019153  1.107068
58.98638916	455	-0.047644 0.018435  1.107068
58.99155044	455	-0.047405 0.012210  1.105392
58.99670791	451	-0.041898 0.012929  1.097252
59.00187301	452	-0.050996 0.013647  1.098927
59.00703048	449	-0.042856 0.011492  1.094378
59.01218795	450	-0.050996 0.018196  1.104913
59.01734542	450	-0.050517 0.018914  1.102279
59.02249526	450	-0.050278 0.016999  1.103237
59.02765274	448	-0.051235 0.019153  1.095815
59.03279495	448	-0.046926 0.016280  1.097012
59.03794097	448	-0.053390 0.019393  1.094139
59.04308319	448	-0.048602 0.017477  1.091027
59.04822921	447	-0.044532 0.016280  1.088632
59.05336761	443	-0.045011 0.015083  1.088632
59.05852890	441	-0.044771 0.023942  1.090069
59.06367492	440	-0.042138 0.021548  1.081689
59.06882095	438	-0.047405 0.017477  1.074507
59.07397079	438	-0.037828 0.019393  1.084084
59.07913208	437	-0.048602 0.021308  1.074507
59.08427810	435	-0.046447 0.020829  1.070437
59.08943557	434	-0.043335 0.017477  1.070437
59.09458923	431	-0.040701 0.026097  1.070437
59.09973144	432	-0.046447 0.022505  1.062296
59.10488510	432	-0.042616 0.023702  1.064451
59.11003112	431	-0.042377 0.019393  1.065648
59.11517715	432	-0.040462 0.020829  1.065648
59.12031936	430	-0.043095 0.018196  1.062057
59.12548446	427	-0.040940 0.021787  1.058226
59.13064575	427	-0.047405 0.018914  1.050804
59.13580322	425	-0.042377 0.017717  1.047931
59.14096069	424	-0.042616 0.020590  1.059424
59.14611816	423	-0.041659 0.018675  1.048889
59.15128326	421	-0.036152 0.019872  1.047453
59.15644836	422	-0.042377 0.017717  1.043861
59.16161727	421	-0.038307 0.020351  1.046495
59.16678619	419	-0.041180 0.018196  1.046495
59.17195129	421	-0.037110 0.016280  1.040270
59.17709732	418	-0.036631 0.022266  1.040270
59.18223953	419	-0.036631 0.022745  1.039552
59.18739318	417	-0.041659 0.015802  1.043383
59.19254684	416	-0.037828 0.021308  1.034285
59.19769668	416	-0.039265 0.020111  1.033327
59.20284652	415	-0.036152 0.026097  1.035482
59.20800399	415	-0.044053 0.021787  1.032609
59.21315765	414	-0.040701 0.028012  1.020638
59.21831512	413	-0.044532 0.024181  1.028299
59.22346496	412	-0.039504 0.027772  1.025187
59.22860717	410	-0.045729 0.025618  1.012258
59.23375701	410	-0.045489 0.025857  1.033327
59.23890686	410	-0.045489 0.025857  1.022074
59.24406433	410	-0.043335 0.023224  1.020159
59.24922180	410	-0.042616 0.028251  1.016807
59.25437545	408	-0.041180 0.029927  1.016568
59.25952148	408	-0.042856 0.029209  1.017765
59.26466369	410	-0.034237 0.027054  1.003879
59.26982116	409	-0.040462 0.022984  1.011540
59.27497100	406	-0.041180 0.023463  1.006991
59.28012847	406	-0.047165 0.028730  1.008427
59.28528213	408	-0.046447 0.025618  0.997414
59.29044723	407	-0.044771 0.032800  1.001963
59.29559707	408	-0.045250 0.025139  1.001484
59.30075836	408	-0.040222 0.022984  1.002442
59.30592346	407	-0.036870 0.025139  0.990950
59.31107330	408	-0.039265 0.029209  0.990232
59.31623458	407	-0.040462 0.025618  0.997414
59.32139968	406	-0.040701 0.031603  0.990950
59.32654190	407	-0.042616 0.026097  1.000766
59.33169555	405	-0.041898 0.024421  0.990471
59.33684921	407	-0.035913 0.028491  0.997175
59.34199905	404	-0.038307 0.027772  0.994541
59.34716033	407	-0.039743 0.029448  0.984725
59.35229873	403	-0.042138 0.021787  0.982092
59.35744857	405	-0.036870 0.024660  0.984725
59.36259078	405	-0.037589 0.025618  0.989514
59.36773681	405	-0.041659 0.027533  0.986401
59.37287521	403	-0.038546 0.024421  0.993105
59.37802124	405	-0.031843 0.022745  0.996696
59.38316726	404	-0.036870 0.023702  0.993823
59.38830947	405	-0.036391 0.026815  0.994302
59.39344024	404	-0.036631 0.021069  0.992865
59.39858627	403	-0.033997 0.022984  0.995020
59.40372848	406	-0.040462 0.023942  0.993344
##inga 
#ido(sec)  szog(ADC)     ax(g)    ay(g)   az(g)
59.40940856	405	-0.040701 0.022505  0.997893
59.41466522	406	-0.038546 0.019872  0.990711
59.41994094	405	-0.041659 0.023463  0.996935
59.42520523	406	-0.037828 0.018435  0.992626
59.43034744	407	-0.040701 0.022745  0.983049
59.43549728	406	-0.045489 0.024899  1.000766
59.44063949	408	-0.038546 0.017956  0.993823
59.44578933	409	-0.042377 0.014844  0.996935
59.45093154	406	-0.044053 0.020590  1.007709
59.45606613	409	-0.040222 0.022266  1.001006
59.46121215	408	-0.039265 0.019393  1.003639
59.46636962	410	-0.039983 0.018435  1.009625
59.47152328	410	-0.043574 0.022026  0.999569
59.47666931	411	-0.039504 0.024660  1.009385
59.48181152	411	-0.043574 0.024421  0.998133
59.48697280	411	-0.042856 0.023463  1.016089
59.49212646	410	-0.047644 0.020590  1.003160
59.49728775	412	-0.039025 0.025618  1.015849
59.50245666	413	-0.045489 0.017956  1.024708
59.50761032	413	-0.048602 0.026336  1.011540
59.51277160	412	-0.042616 0.023224  1.023032
59.51792907	415	-0.043574 0.020590  1.015610
59.52309036	416	-0.043574 0.017956  1.026863
59.52825546	414	-0.039743 0.018435  1.013934
59.53342819	417	-0.047884 0.025857  1.026863
59.53859329	416	-0.041659 0.025139  1.026863
59.54375457	415	-0.046686 0.015323  1.028778
59.54890823	416	-0.047405 0.022745  1.038834
59.55405426	416	-0.050278 0.020111  1.030454
59.55921173	418	-0.042138 0.026336  1.032369
59.56436157	417	-0.045489 0.012450  1.037397
59.56950378	420	-0.042377 0.021069  1.040031
59.57465744	423	-0.039983 0.013886  1.039073
59.57981109	424	-0.032321 0.020351  1.036200
59.58494949	423	-0.045250 0.019872  1.039073
59.59010314	425	-0.039025 0.018914  1.045537
59.59524917	423	-0.045968 0.018675  1.048410
59.60039138	426	-0.042616 0.013647  1.057269
59.60553741	425	-0.038067 0.015562  1.048889
59.61067199	428	-0.039504 0.012689  1.055593
59.61582565	428	-0.038546 0.013886  1.051762
59.62096786	428	-0.037589 0.017477  1.056790
59.62610244	428	-0.043095 0.012210  1.068282
59.63124847	430	-0.035913 0.014126  1.072592
59.63639831	433	-0.037349 0.015562  1.063254
59.64156341	434	-0.039743 0.016999  1.063015
59.64672088	435	-0.043095 0.019632  1.059902
59.65187835	433	-0.037828 0.016759  1.079774
59.65705108	436	-0.048123 0.008140  1.076183
59.66220474	437	-0.045011 0.010295  1.076662
59.66736984	438	-0.046926 0.011013  1.075464
59.67253875	440	-0.046686 0.014126  1.080971
59.67769622	443	-0.052193 0.013647  1.087914
59.68286132	443	-0.041898 0.005746  1.084323
59.68802642	443	-0.042856 0.015802  1.084323
59.69319152	448	-0.046926 0.018675  1.085520
59.69834518	447	-0.051475 0.018914  1.081929
59.70350265	447	-0.051954 0.013647  1.092463
59.70864486	448	-0.052911 0.012929  1.084084
59.71378707	449	-0.054348 0.012929  1.097970
59.71892929	449	-0.054348 0.013168  1.093660
59.72407531	451	-0.057460 0.020351  1.098449
59.72922897	452	-0.058179 0.020351  1.099885
59.73437881	451	-0.051714 0.015323  1.097252
59.73952865	455	-0.056024 0.010295  1.100603
59.74467849	454	-0.056263 0.011013  1.096533
59.74982452	456	-0.057700 0.019393  1.102279
59.75497436	457	-0.054827 0.010056  1.106110
59.76012039	457	-0.054348 0.011971  1.096294
59.76526260	458	-0.050278 0.011253  1.101561
59.77042007	459	-0.050996 0.007661  1.103955
59.77556228	461	-0.052911 0.013647  1.099646
59.78070831	463	-0.056024 0.006464  1.108504
59.78585433	463	-0.051235 0.009577  1.110419
59.79100036	465	-0.053390 0.003591  1.105871
59.79614257	466	-0.052911 0.009337  1.104434
59.80128860	468	-0.049799 0.003112  1.106110
59.80642700	469	-0.048123 0.003352  1.101082
59.81158447	471	-0.047884 0.010295  1.108504
59.81674575	471	-0.050278 0.003831  1.100603
59.82190704	471	-0.045011 0.003352  1.112574
59.82707214	474	-0.043813 0.006943  1.103476
59.83223342	473	-0.055306 0.009816  1.110659
59.83739852	474	-0.047405 0.004549  1.108744
59.84256744	477	-0.049559 0.005507  1.100603
59.84771728	478	-0.049320 0.004070  1.111377
59.85287094	480	-0.048123 0.001676  1.102040
59.85803222	480	-0.050996 0.001676  1.107068
59.86319351	483	-0.050757 0.003831  1.106349
59.86834335	484	-0.050038 0.004549  1.099167
59.87348937	485	-0.047405 0.003112  1.100125
59.87863159	487	-0.052193 0.001915  1.112335
59.88377380	490	-0.047405 -0.000958  1.103237
59.88896942	491	-0.053390 0.002634  1.108025
59.89410781	492	-0.049081 -0.001915  1.100843
59.89930725	493	-0.054587 0.001197  1.112814
59.90445327	495	-0.053630 0.003352  1.100364
59.90959548	495	-0.051954 0.001676  1.107068
59.91474533	493	-0.052432 0.004549  1.094857
59.91988372	496	-0.058418 -0.003112  1.092463
59.92508316	500	-0.054827 0.000479  1.091984
##inga 
#ido(sec)  szog(ADC)     ax(g)    ay(g)   az(g)
59.93075180	500	-0.053390 0.004310  1.096773
59.93601226	501	-0.055545 0.002634  1.100603
59.94127273	501	-0.061291 0.001915  1.091266
59.94654083	502	-0.057460 0.001915  1.091027
59.95168685	504	-0.048841 0.004549  1.085760
59.95683288	505	-0.060812 -0.003112  1.080971
59.96203231	505	-0.062249 -0.000718  1.079295
59.96722412	505	-0.055306 0.005985  1.083126
59.97237777	507	-0.057221 0.000000  1.083365
59.97748947	508	-0.056024 -0.000718  1.081929
59.98268890	508	-0.055545 0.003831  1.076901
59.98784637	510	-0.058179 -0.000239  1.073549
59.99305725	512	-0.058179 0.003112  1.071873
59.99822235	514	-0.057939 0.006464  1.078577
60.00337982	514	-0.062488 0.000000  1.070676
60.00849914	517	-0.057460 0.000000  1.071634
60.01362228	518	-0.060333 -0.006704  1.070437
60.01883316	518	-0.063446 -0.003831  1.058945
60.02402496	519	-0.057700 0.001676  1.070437
60.02916717	519	-0.060812 -0.005746  1.057508
60.03435897	523	-0.053869 -0.005267  1.051283
60.03955841	523	-0.059136 0.001437  1.062775
60.04471206	525	-0.058897 0.000479  1.054396
60.04985046	525	-0.052911 0.000239  1.054396
60.05499267	526	-0.058179 -0.002155  1.047692
60.06018829	524	-0.049559 -0.000958  1.046734
60.06538772	527	-0.056263 0.000958  1.049847
60.07052230	528	-0.059615 0.000718  1.045058
60.07566833	528	-0.058418 -0.005507  1.039312
60.08086776	529	-0.056981 -0.005028  1.036200
60.08605575	529	-0.055066 -0.001197  1.035721
60.09125900	531	-0.055306 -0.005267  1.031172
60.09645462	532	-0.050038 -0.006704  1.033327
60.10167312	532	-0.052432 -0.008380  1.027102
60.10687255	533	-0.054827 -0.004310  1.023750
60.11206436	531	-0.052432 -0.005985  1.027820
60.11725616	534	-0.054587 -0.014126  1.024229
60.12244796	536	-0.055545 -0.004070  1.029975
60.12763977	536	-0.051954 -0.006464  1.027820
60.13283538	534	-0.053390 -0.004549  1.027342
60.13803100	537	-0.052911 -0.005028  1.013695
60.14322662	537	-0.054108 -0.008619  1.023750
60.14841461	536	-0.053390 -0.006464  1.017525
60.15360641	536	-0.058179 -0.008140  1.021117
60.15881347	535	-0.057700 -0.004310  1.020877
60.16400909	538	-0.054587 -0.005507  1.019201
60.16920089	539	-0.054348 -0.007183  1.013934
60.17440032	537	-0.053869 -0.002394  1.010822
60.17960739	539	-0.060333 -0.002634  1.014892
60.18480300	539	-0.062009 -0.010774  1.014174
60.18999862	539	-0.060094 -0.003831  1.008906
60.19520187	538	-0.057939 -0.007422  1.004836
60.20040130	540	-0.059136 -0.007183  1.013934
60.20559692	540	-0.056024 -0.007183  1.001245
60.21079254	539	-0.057939 -0.008140  1.005315
60.21598434	541	-0.064403 -0.004788  1.001006
60.22116851	541	-0.056742 -0.006225  0.998851
60.22637557	542	-0.065122 -0.001197  1.002681
60.23156738	542	-0.058897 -0.007422  1.003639
60.23676681	539	-0.059376 -0.005267  1.000766
60.24196624	541	-0.061770 -0.002634  1.011301
60.24717330	542	-0.058657 -0.002634  1.008667
60.25237274	542	-0.056742 -0.001437  1.012737
60.25756072	542	-0.056503 -0.007901  1.000766
60.26275253	542	-0.058179 -0.008858  1.007949
60.26794815	541	-0.054108 -0.008380  1.006512
60.27314758	542	-0.057700 -0.005267  1.005076
60.27834320	542	-0.060094 -0.007661  1.004836
60.28353881	542	-0.057221 -0.005267  0.998851
60.28873825	542	-0.053390 -0.000479  1.000048
60.29392623	543	-0.055784 -0.003352  0.994541
60.29913330	541	-0.055784 -0.005985  1.002203
60.30433654	541	-0.048841 -0.004310  1.011540
60.30953216	541	-0.056263 -0.009098  1.001006
60.31473541	541	-0.052432 -0.001676  1.006512
60.31992721	541	-0.052432 -0.002634  1.006752
60.32511901	540	-0.052193 0.002394  1.005794
60.33026504	540	-0.050517 -0.005985  1.012737
60.33546447	537	-0.053390 -0.004070  1.007470
60.34066009	538	-0.053869 -0.003112  1.000287
60.34585571	538	-0.054348 -0.001915  1.012737
60.35105514	537	-0.056742 -0.002155  1.013455
60.35625076	535	-0.053390 -0.002394  1.016568
60.36144638	536	-0.048362 -0.001437  1.014413
60.36664962	537	-0.053151 -0.006704  1.014174
60.37185668	535	-0.056263 -0.000958  1.012019
60.37705612	536	-0.053151 -0.003352  1.021595
60.38225555	534	-0.058418 -0.004549  1.014892
60.38746261	534	-0.053630 0.001676  1.014174
60.39261627	535	-0.058897 0.002155  1.024469
60.39777755	535	-0.053869 0.001437  1.020877
60.40293884	534	-0.052672 -0.001676  1.025187
60.40812683	533	-0.053390 0.004310  1.028299
60.41327667	531	-0.056263 -0.000718  1.034524
60.41847610	532	-0.054587 0.001197  1.035242
60.42362213	530	-0.053630 0.006943  1.032130
60.42876815	530	-0.054108 0.000958  1.028539
60.43391036	529	-0.052193 0.003831  1.034524
60.43906784	527	-0.052193 0.005507  1.037397
60.44421386	525	-0.054348 0.004788  1.042904
60.44936752	526	-0.057460 0.006464  1.037636
##inga 
#ido(sec)  szog(ADC)     ax(g)    ay(g)   az(g)
60.45505142	527	-0.057221 -0.002634  1.045058
60.46032333	525	-0.050278 0.007183  1.046734
60.46559524	524	-0.054108 0.000479  1.040270
60.47083282	523	-0.052432 0.005267  1.045777
60.47597503	523	-0.053869 0.000479  1.052959
60.48110961	521	-0.055545 0.005267  1.043383
60.48626708	520	-0.051714 0.001197  1.046495
60.49141693	518	-0.055066 -0.000958  1.054156
60.49661254	516	-0.054827 0.000479  1.064451
60.50176239	518	-0.056024 0.008380  1.055593
60.50692749	515	-0.057460 0.004549  1.064691
60.51209640	513	-0.052911 0.003112  1.058705
60.51725769	514	-0.054348 -0.000479  1.068282
60.52246093	513	-0.055306 -0.000718  1.075464
60.52766418	513	-0.049799 0.003591  1.061339
60.53281784	512	-0.052432 -0.001676  1.072592
60.53802490	510	-0.054108 0.007422  1.074028
60.54317092	509	-0.051475 0.005746  1.075943
60.54831695	508	-0.054348 0.009337  1.074028
60.55346679	505	-0.051235 0.007901  1.075943
60.55862045	506	-0.054108 0.002394  1.080732
60.56377410	505	-0.050517 0.003112  1.081450
60.56892395	504	-0.055545 0.007183  1.086957
60.57406234	501	-0.059615 0.011253  1.089351
60.57920837	503	-0.048602 0.012210  1.080971
60.58435058	502	-0.053390 0.004310  1.092224
60.58948898	501	-0.047884 0.010295  1.089111
60.59463119	500	-0.054108 0.004788  1.081450
60.59977722	498	-0.052672 0.009577  1.086238
60.60491943	494	-0.052672 0.006943  1.086957
60.61006546	496	-0.049559 0.008858  1.086717
60.61520767	495	-0.061770 0.012929  1.087914
60.62035751	491	-0.052911 0.007183  1.097730
60.62549591	491	-0.058657 0.005746  1.093421
60.63065338	490	-0.048602 0.014604  1.097730
60.63579177	489	-0.048362 0.014365  1.102040
60.64094161	487	-0.054348 0.011971  1.101800
60.64607238	487	-0.050278 0.012689  1.099167
60.65123367	484	-0.045729 0.011253  1.097252
60.65639877	482	-0.048841 0.014126  1.099406
60.66156005	482	-0.050278 0.008380  1.107786
60.66672134	479	-0.054108 0.016041  1.108265
60.67188644	479	-0.049320 0.012450  1.102758
60.67705535	479	-0.044771 0.013407  1.100843
60.68221282	476	-0.048841 0.009577  1.106349
60.68737411	474	-0.055784 0.005028  1.100603
60.69253158	474	-0.051954 0.011492  1.100364
60.69769287	472	-0.045011 0.009577  1.108265
60.70285415	473	-0.046447 0.005028  1.098927
60.70801925	471	-0.041419 0.010295  1.098209
60.71316528	468	-0.044053 0.009098  1.096533
60.71830749	469	-0.047884 0.011253  1.102040
60.72345733	466	-0.043095 0.013168  1.102758
60.72859954	466	-0.042138 0.010295  1.101082
60.73374176	464	-0.045729 0.007422  1.109941
60.73888778	462	-0.045968 0.010534  1.100843
60.74403381	463	-0.041659 0.016041  1.105631
60.74917602	462	-0.047884 0.009816  1.103237
60.75432968	461	-0.044292 0.010295  1.100125
60.75947189	458	-0.049799 0.010774  1.094857
60.76461410	458	-0.048123 0.011971  1.098688
60.76976394	457	-0.044532 0.018196  1.097491
60.77491760	456	-0.046926 0.011492  1.099646
60.78005981	452	-0.046686 0.018196  1.098449
60.78520965	452	-0.043095 0.014126  1.091984
60.79035186	451	-0.050757 0.011971  1.091984
60.79549026	449	-0.044292 0.018675  1.087196
60.80063629	448	-0.047405 0.020111  1.094139
60.80577850	449	-0.049081 0.016520  1.098688
60.81092453	450	-0.043574 0.018675  1.094139
60.81607055	447	-0.047165 0.014126  1.086717
60.82123184	446	-0.050278 0.020111  1.084084
60.82639694	448	-0.047644 0.023224  1.084562
60.83157730	446	-0.050038 0.017956  1.090069
60.83673858	447	-0.048123 0.016759  1.075943
60.84189987	445	-0.050757 0.022266  1.077859
60.84706878	443	-0.050757 0.020351  1.082647
60.85223770	441	-0.047165 0.023702  1.079295
60.85739898	439	-0.045011 0.016041  1.081689
60.86257171	438	-0.051954 0.022505  1.077380
60.86772155	437	-0.041180 0.015802  1.072592
60.87289047	433	-0.048602 0.015323  1.069240
60.87803649	434	-0.043574 0.018914  1.060381
60.88318252	433	-0.038546 0.018435  1.073789
60.88833999	431	-0.036631 0.024421  1.058705
60.89350128	432	-0.044532 0.015562  1.063015
60.89864349	432	-0.033040 0.019153  1.063494
60.90379714	431	-0.039504 0.016999  1.056790
60.90893936	431	-0.039025 0.020351  1.060142
60.91408538	429	-0.037110 0.017717  1.051523
60.91922760	428	-0.041419 0.016041  1.055353
60.92437744	425	-0.035194 0.024421  1.042904
60.92953491	426	-0.043813 0.020351  1.047931
60.93469238	425	-0.036152 0.019632  1.050086
60.93984222	424	-0.034716 0.019153  1.045537
60.94498825	423	-0.040222 0.020590  1.045537
60.95013046	423	-0.036870 0.019632  1.041946
60.95528411	422	-0.040701 0.021787  1.036439
60.96043777	420	-0.039983 0.024899  1.034763
60.96559524	419	-0.045250 0.022026  1.031890
60.97076416	419	-0.038546 0.021548  1.035721
##inga 
#ido(sec)  szog(ADC)     ax(g)    ay(g)   az(g)
60.97646713	420	-0.044053 0.018675  1.029736
60.98173904	420	-0.037349 0.026097  1.028778
60.98701095	417	-0.039265 0.020111  1.023511
60.99226760	417	-0.039265 0.023942  1.023032
60.99743270	414	-0.041419 0.021308  1.029975
61.00259780	413	-0.043335 0.021548  1.022553
61.00775146	414	-0.040940 0.020590  1.021835
61.01290893	414	-0.048123 0.022505  1.018723
61.01808166	414	-0.039743 0.029927  1.017525
61.02324295	410	-0.043095 0.030406  1.010343
61.02840805	410	-0.047405 0.028012  1.014413
61.03355026	411	-0.041659 0.029209  1.013455
61.03872299	411	-0.042616 0.027533  1.021117
61.04387664	411	-0.045729 0.025857  1.003400
61.04902267	410	-0.043813 0.018914  1.002681
61.05418014	408	-0.044292 0.026575  1.010103
61.05933380	410	-0.041180 0.024421  1.004118
61.06447601	408	-0.041659 0.029688  0.995260
61.06961822	410	-0.044771 0.024899  1.008906
61.07476425	409	-0.039983 0.025857  1.003879
61.07991027	407	-0.039983 0.027772  1.002203
61.08506774	408	-0.039504 0.016759  0.996457
61.09022140	408	-0.040222 0.027054  0.998611
61.09536361	409	-0.044532 0.023702  0.996457
61.10050964	408	-0.041659 0.026575  1.002203
61.10565567	407	-0.034476 0.025857  0.996696
61.11080169	408	-0.038067 0.030885  1.000766
61.11595535	408	-0.042616 0.024660  0.999330
61.12110137	407	-0.041180 0.025139  0.996935
61.12624359	407	-0.034955 0.027294  0.996696
61.13139343	407	-0.036631 0.028970  0.993584
61.13653182	407	-0.034716 0.024421  0.995020
61.14168548	407	-0.034716 0.019153  0.999330
61.14682006	405	-0.036152 0.021548  0.993344
61.15197753	408	-0.036870 0.025618  0.999330
61.15713500	408	-0.040462 0.021308  0.995260
61.16230773	405	-0.035434 0.021308  0.992865
61.16746520	407	-0.031843 0.028012  1.000287
61.17263031	408	-0.043813 0.020590  0.997175
61.17779159	407	-0.035194 0.022266  0.998133
61.18294906	408	-0.034716 0.020351  0.986401
61.18810653	408	-0.035434 0.024181  0.992147
61.19327545	406	-0.041419 0.019632  0.994781
61.19842529	408	-0.042616 0.021787  1.004597
61.20358276	407	-0.043574 0.020590  0.994062
61.20872879	409	-0.039504 0.023702  0.999090
61.21387863	409	-0.038546 0.022266  0.996457
61.21903610	409	-0.044771 0.017956  1.000527
61.22417831	409	-0.036870 0.017956  1.006273
61.22933197	411	-0.040940 0.021548  1.006512
61.23448181	411	-0.045729 0.016759  1.004836
61.23962402	410	-0.045011 0.022745  1.005076
61.24476623	411	-0.045968 0.022745  1.010343
61.24991226	412	-0.044053 0.025378  1.013216
61.25506973	413	-0.050757 0.020111  1.005794
61.26022720	411	-0.043813 0.020590  1.005076
61.26536941	413	-0.050038 0.024899  1.003879
61.27052307	412	-0.048123 0.022505  1.006512
61.27566909	413	-0.047165 0.018675  1.014413
61.28081512	415	-0.048123 0.023942  1.020877
61.28597259	413	-0.041898 0.019153  1.017765
61.29112243	414	-0.044771 0.018675  1.008427
61.29627227	417	-0.047405 0.022984  1.015131
61.30141448	417	-0.046686 0.019393  1.028778
61.30656051	416	-0.045968 0.015802  1.021595
61.31171417	417	-0.045729 0.023224  1.023511
61.31688308	418	-0.045729 0.022505  1.022553
61.32205200	418	-0.043574 0.018914  1.024947
61.32721710	417	-0.045968 0.012929  1.026144
61.33238983	416	-0.044771 0.016999  1.033806
61.33754348	421	-0.039504 0.016520  1.035961
61.34271240	422	-0.045489 0.012689  1.034524
61.34788894	423	-0.044053 0.012929  1.044819
61.35304641	425	-0.035194 0.011971  1.036679
61.35821533	424	-0.039983 0.015323  1.039073
61.36336898	426	-0.042856 0.008619  1.036200
61.36851119	425	-0.041419 0.013647  1.037636
61.37366104	427	-0.044292 0.016041  1.044580
61.37879562	427	-0.046447 0.014365  1.051523
61.38394927	428	-0.038786 0.016520  1.048889
61.38908767	426	-0.045011 0.018675  1.054156
61.39424133	429	-0.040940 0.011253  1.053199
61.39938735	430	-0.041898 0.012210  1.056550
61.40452575	432	-0.039743 0.016041  1.051762
61.40967178	433	-0.046208 0.015562  1.058705
61.41482925	434	-0.042377 0.021548  1.068521
61.41997909	433	-0.039504 0.013407  1.061818
61.42512512	435	-0.046208 0.012450  1.066127
61.43027114	435	-0.045250 0.016280  1.061578
61.43541336	437	-0.050757 0.015562  1.064930
61.44055557	436	-0.050757 0.011971  1.066127
61.44570159	440	-0.048841 0.013407  1.068042
61.45084762	442	-0.046926 0.019153  1.074507
61.45600509	444	-0.044771 0.015802  1.075943
61.46115112	445	-0.050278 0.016999  1.069000
61.46629333	447	-0.049081 0.012210  1.079774
61.47145080	449	-0.055545 0.018675  1.079295
61.47661590	448	-0.050038 0.014844  1.080732
61.48178100	449	-0.053630 0.016520  1.091984
61.48694610	449	-0.052672 0.016759  1.076901
61.49210739	448	-0.049320 0.018196  1.083365
##inga 
#ido(sec)  szog(ADC)     ax(g)    ay(g)   az(g)
61.49780654	451	-0.054587 0.015562  1.099406
61.50306320	451	-0.054348 0.009816  1.085760
61.50832366	453	-0.053390 0.014365  1.103237
61.51359176	452	-0.056742 0.014365  1.083605
61.51875305	455	-0.057221 0.009816  1.094139
61.52391433	456	-0.055545 0.012929  1.085520
61.52907180	455	-0.050517 0.014126  1.088632
61.53424835	456	-0.056981 0.006943  1.095336
61.53940582	457	-0.050278 0.007183  1.096773
61.54456710	457	-0.048123 0.007901  1.103476
61.54972457	459	-0.050996 0.014126  1.094139
61.55487823	461	-0.049081 0.011731  1.098209
61.56002426	460	-0.047165 0.009098  1.095815
61.56516647	463	-0.048362 0.007183  1.097730
61.57030487	465	-0.044532 0.006225  1.108265
61.57545089	464	-0.046447 0.009098  1.098688
61.58059310	467	-0.040940 0.007422  1.103716
61.58573913	466	-0.047884 0.002155  1.098449
61.59088516	469	-0.053390 0.002873  1.104434
61.59602737	472	-0.053390 0.006464  1.107068
61.60117340	473	-0.043335 0.007661  1.097730
61.60631942	473	-0.047405 0.010295  1.096533
61.61146545	475	-0.044053 -0.000958  1.106589
61.61665725	474	-0.042856 0.003831  1.102758
61.62179946	477	-0.043095 0.004310  1.103955
61.62694549	478	-0.046447 0.003352  1.101322
61.63210296	478	-0.048841 0.006464  1.103716
61.63724899	478	-0.045968 0.005028  1.100603
61.64239120	481	-0.048362 0.001197  1.102519
61.64754486	483	-0.052193 -0.002634  1.095097
61.65274429	482	-0.054587 0.010056  1.100125
61.65790557	486	-0.056742 0.004788  1.092942
61.66307067	488	-0.054587 -0.002155  1.095815
61.66827011	491	-0.058897 0.006943  1.088632
61.67343902	491	-0.048362 0.004310  1.091984
61.67859268	492	-0.055784 0.004788  1.098209
61.68375015	492	-0.053390 0.003112  1.103716
61.68890762	492	-0.049559 0.002873  1.097012
61.69407272	495	-0.054348 0.000479  1.098209
61.69921875	496	-0.057700 0.000000  1.090069
61.70433425	494	-0.058897 0.007901  1.099167
61.70949935	497	-0.058897 0.001676  1.084802
61.71466064	500	-0.058179 -0.000239  1.082647
61.71984863	503	-0.051235 -0.005028  1.086478
61.72504806	502	-0.058418 0.004070  1.087675
61.73017883	502	-0.062249 0.000000  1.088872
61.73528671	503	-0.058179 0.001437  1.077859
61.74043273	502	-0.053151 -0.000958  1.084084
61.74563598	502	-0.048602 0.004788  1.092463
61.75077819	504	-0.058418 0.000958  1.073789
61.75593185	506	-0.051954 0.001197  1.083605
61.76108169	505	-0.057221 0.002394  1.076901
61.76623535	508	-0.051475 0.002634  1.068761
61.77138137	511	-0.052911 -0.001437  1.062296
61.77657699	509	-0.054587 -0.000718  1.074507
61.78177261	512	-0.058897 0.005985  1.065648
61.78693771	513	-0.056263 0.003591  1.069240
61.79209518	515	-0.059615 -0.005267  1.061099
61.79729461	516	-0.052193 -0.007661  1.066127
61.80250167	518	-0.051475 -0.002873  1.054156
61.80770111	519	-0.053151 -0.001437  1.062296
61.81290817	518	-0.054348 0.001676  1.051762
61.81805419	521	-0.056503 -0.001197  1.059184
61.82325363	520	-0.051714 -0.001676  1.046734
61.82844543	523	-0.054827 -0.000239  1.053678
61.83364486	524	-0.056981 -0.006225  1.056072
61.83883285	525	-0.055306 -0.001915  1.054396
61.84402847	523	-0.052672 0.000239  1.050804
61.84915924	526	-0.053390 -0.003591  1.049368
61.85435485	526	-0.055306 -0.003352  1.044819
61.85954284	527	-0.052193 -0.004310  1.039312
61.86473846	527	-0.058657 -0.003831  1.036918
61.86994552	528	-0.056742 -0.005267  1.040988
61.87514877	528	-0.058418 -0.000958  1.033806
61.88035964	529	-0.054827 -0.001676  1.033566
61.88557434	529	-0.051954 -0.000718  1.042904
61.89076614	530	-0.056263 0.000718  1.038834
61.89592361	530	-0.057221 -0.008619  1.031651
61.90112304	531	-0.056742 -0.003112  1.026144
61.90631103	534	-0.060094 -0.000958  1.032848
61.91149902	531	-0.057939 -0.003352  1.023511
61.91669845	533	-0.058179 -0.004788  1.031412
61.92189788	533	-0.056263 -0.003831  1.020638
61.92709732	536	-0.057221 -0.010056  1.023990
61.93228149	536	-0.061291 -0.005507  1.013216
61.93749618	537	-0.058657 -0.002634  1.019201
61.94269943	534	-0.058897 -0.001437  1.028539
61.94790267	537	-0.055066 -0.004070  1.006512
61.95309448	536	-0.055784 -0.007901  1.009146
61.95830154	536	-0.061291 -0.007901  1.015371
61.96349716	537	-0.057221 -0.007183  1.006273
61.96868896	537	-0.063206 -0.003112  1.015849
61.97388839	538	-0.061291 -0.004549  1.011540
61.97908020	536	-0.055784 -0.006464  1.012737
61.98428344	538	-0.061291 -0.013886  1.006512
61.98947906	537	-0.060812 -0.009337  1.004118
61.99467086	538	-0.055306 -0.005267  1.006033
61.99987411	538	-0.054348 -0.005267  1.008427
62.00508117	538	-0.058897 -0.007183  1.002442
62.01028442	538	-0.063206 -0.010056  1.012498
62.01548767	539	-0.052193 -0.002873  1.004597
##inga 
#ido(sec)  szog(ADC)     ax(g)    ay(g)   az(g)
62.02122879	539	-0.058179 -0.009816  1.010343
62.02649688	539	-0.055784 -0.007183  1.009864
62.03176879	539	-0.050517 -0.010774  1.009385
62.03704452	539	-0.053869 -0.004549  1.001724
62.04224777	538	-0.054827 -0.004310  1.002681
62.04745101	538	-0.060333 -0.006943  1.006033
62.05263900	537	-0.057221 0.000479  1.007470
62.05778121	539	-0.054348 -0.006704  1.009625
62.06298065	538	-0.060812 -0.005985  1.001963
62.06817626	539	-0.056503 -0.010774  1.005794
62.07337188	536	-0.054108 -0.007183  1.002921
62.07856750	539	-0.059615 -0.007183  1.003879
62.08376693	539	-0.056263 -0.002634  1.001963
62.08896255	538	-0.048362 -0.006225  1.006991
62.09417343	537	-0.057700 -0.003352  1.009385
62.09937286	536	-0.059376 -0.004549  1.006991
62.10457229	538	-0.058179 -0.000718  1.018962
62.10977935	537	-0.057700 -0.001197  1.003160
62.11498260	534	-0.057460 -0.003591  1.013455
62.12017440	537	-0.056981 -0.005028  1.005315
62.12537384	536	-0.056024 -0.000479  1.010343
62.13056945	534	-0.051714 0.002873  1.014652
62.13571929	536	-0.059376 0.002873  1.012498
62.14086532	533	-0.056263 0.002155  1.018244
62.14600753	534	-0.052193 0.000239  1.023990
62.15114974	534	-0.050757 -0.000958  1.010343
62.15634536	531	-0.062488 -0.000718  1.023032
62.16154098	532	-0.054348 0.004070  1.013216
62.16668319	533	-0.053151 -0.000239  1.024229
62.17187118	534	-0.056024 0.000718  1.027342
62.17703628	533	-0.055066 -0.002394  1.024229
62.18223953	530	-0.057700 0.002394  1.025905
62.18740081	531	-0.049799 -0.000479  1.021117
62.19260787	529	-0.048841 0.006943  1.019680
62.19776535	527	-0.055545 -0.001197  1.027581
62.20296096	525	-0.056024 0.001197  1.036918
62.20812225	527	-0.054348 0.005746  1.035003
62.21328735	525	-0.053390 -0.001676  1.036679
62.21848297	526	-0.052193 -0.003352  1.033566
62.22368240	526	-0.044532 -0.000958  1.035003
62.22888183	526	-0.056024 0.001676  1.050565
62.23403167	524	-0.061052 0.002155  1.039791
62.23918533	522	-0.049799 0.002634  1.040031
62.24433517	521	-0.055066 0.005028  1.046495
62.24948120	521	-0.052193 0.003591  1.052480
62.25462341	521	-0.047165 0.003352  1.045298
62.25976943	520	-0.050038 0.003831  1.053678
62.26491928	517	-0.050757 0.001197  1.042904
62.27007675	516	-0.050757 -0.001915  1.052720
62.27526473	517	-0.054348 -0.000718  1.050804
62.28044891	516	-0.051235 0.004070  1.054875
62.28560638	513	-0.050996 0.003591  1.069240
62.29076766	514	-0.052672 -0.000958  1.061099
62.29596710	511	-0.053869 0.002634  1.064691
62.30113983	510	-0.052672 -0.000958  1.057508
62.30635070	510	-0.051235 0.013168  1.064212
62.31150436	507	-0.045250 0.002873  1.061339
62.31667327	507	-0.050278 0.001676  1.071394
62.32183074	507	-0.053869 0.006464  1.072592
62.32699203	507	-0.057221 0.005028  1.069718
62.33213424	504	-0.057939 0.005028  1.082168
62.33729171	505	-0.054108 0.002634  1.080492
62.34244918	503	-0.055306 0.006464  1.071155
62.34759521	503	-0.056503 0.006943  1.083844
62.35274505	503	-0.054348 0.003352  1.066846
62.35789489	500	-0.060573 0.006464  1.078577
62.36304092	501	-0.052911 0.009577  1.083844
62.36818695	501	-0.059136 0.008140  1.078816
62.37332534	499	-0.051475 0.008140  1.072352
62.37846755	496	-0.050038 0.012210  1.080492
62.38361358	493	-0.050278 0.012450  1.090548
62.38876342	495	-0.056981 0.014126  1.093421
62.39391326	495	-0.058179 0.005507  1.081929
62.39906311	491	-0.052672 0.006704  1.086238
62.40421676	489	-0.051475 0.004549  1.090069
62.40935897	489	-0.049081 0.011492  1.100603
62.41450500	489	-0.052432 0.009816  1.095815
62.41965484	486	-0.045729 0.006704  1.094378
62.42480850	485	-0.048602 0.013407  1.093421
62.42996215	486	-0.044771 0.008140  1.090069
62.43512725	484	-0.051714 0.015083  1.097252
62.44029235	483	-0.046447 0.009577  1.093900
62.44544982	480	-0.048362 0.006943  1.097491
62.45060729	480	-0.049081 0.005267  1.096054
62.45576477	479	-0.049559 0.008858  1.095097
62.46091079	476	-0.051475 0.011253  1.103237
62.46606826	474	-0.043095 -0.001437  1.098688
62.47127151	472	-0.047884 0.005267  1.098209
62.47642517	474	-0.044053 0.009098  1.104434
62.48157501	471	-0.043813 0.008380  1.102758
62.48673629	472	-0.042856 0.012210  1.098927
62.49187850	471	-0.045011 0.009098  1.098449
62.49702453	469	-0.045250 0.010295  1.097012
62.50217437	468	-0.043813 0.005507  1.093181
62.50732803	465	-0.045011 0.011013  1.104913
62.51247787	464	-0.041659 0.010295  1.101561
62.51762390	462	-0.045011 0.010056  1.095336
62.52276611	464	-0.047644 0.012929  1.096533
62.52791595	460	-0.048841 0.016520  1.091984
62.53305816	461	-0.048841 0.015562  1.099646
62.53820037	458	-0.051235 0.014365  1.095815
##inga 
#ido(sec)  szog(ADC)     ax(g)    ay(g)   az(g)
62.54386520	457	-0.048841 0.014844  1.088154
62.54915237	458	-0.050517 0.017956  1.093181
62.55442428	454	-0.052911 0.021548  1.092942
62.55969238	452	-0.043095 0.018675  1.095815
62.56484222	453	-0.053630 0.017477  1.089830
62.56998825	450	-0.050278 0.019872  1.093181
62.57513427	452	-0.052911 0.012210  1.090787
62.58028030	452	-0.052911 0.018196  1.084802
62.58543777	450	-0.047405 0.018435  1.087196
62.59057998	448	-0.050278 0.020590  1.081450
62.59572219	448	-0.052432 0.020590  1.085760
62.60085678	446	-0.049559 0.018675  1.088632
62.60601043	446	-0.053151 0.026575  1.087435
62.61117172	448	-0.051475 0.024660  1.080492
62.61632537	447	-0.052193 0.025139  1.084084
62.62148284	446	-0.047884 0.015562  1.079774
62.62664794	445	-0.053390 0.018675  1.069000
62.63181304	441	-0.049320 0.017956  1.076183
62.63697814	442	-0.052432 0.019393  1.076422
62.64214706	441	-0.047644 0.020590  1.076901
62.64730834	439	-0.046686 0.020829  1.071394
62.65247726	437	-0.049081 0.024421  1.069718
62.65764236	436	-0.045729 0.017717  1.070197
62.66279983	434	-0.045968 0.014604  1.071634
62.66795349	434	-0.036870 0.017238  1.064691
62.67311096	432	-0.042138 0.017956  1.052241
62.67827224	432	-0.040701 0.018196  1.057508
62.68341827	432	-0.040222 0.014604  1.056790
62.68856811	430	-0.034716 0.021308  1.054156
62.69372558	431	-0.038067 0.013647  1.046256
62.69887161	429	-0.043335 0.014604  1.050565
62.70402908	430	-0.038307 0.019393  1.059184
62.70917892	427	-0.033518 0.014126  1.044340
62.71432113	427	-0.034716 0.022745  1.046495
62.71946716	423	-0.036152 0.016041  1.044819
62.72462081	423	-0.041180 0.018914  1.040031
62.72976303	424	-0.036631 0.015562  1.045537
62.73491668	424	-0.035673 0.025139  1.040270
62.74006271	423	-0.040701 0.017956  1.028060
62.74522018	420	-0.039743 0.019393  1.031172
62.75037384	420	-0.039743 0.021548  1.032848
62.75551986	421	-0.041659 0.025139  1.029736
62.76068115	420	-0.041180 0.022266  1.033566
62.76584625	418	-0.041419 0.020351  1.030454
62.77102279	420	-0.044771 0.021308  1.027820
62.77618789	420	-0.042856 0.020111  1.028060
62.78134918	419	-0.041180 0.021548  1.023750
62.78651428	418	-0.044771 0.030645  1.032848
62.79168319	417	-0.043095 0.021308  1.027581
62.79685211	417	-0.050757 0.033279  1.011061
62.80201339	416	-0.044053 0.026097  1.014652
62.80716705	416	-0.048362 0.023702  1.016089
62.81232070	412	-0.051954 0.019153  1.021595
62.81747055	413	-0.045489 0.022505  1.010822
62.82263565	413	-0.043335 0.025857  1.014892
62.82778167	413	-0.044053 0.027054  1.008667
62.83293914	411	-0.049559 0.033518  1.009385
62.83808898	412	-0.045968 0.031124  1.012977
62.84324264	408	-0.044771 0.024181  1.018244
62.84838867	411	-0.048841 0.026575  1.004597
62.85353851	411	-0.042138 0.030406  1.012498
62.85868453	410	-0.049320 0.025378  1.001724
62.86383438	410	-0.043574 0.026575  1.005315
62.86898040	410	-0.042856 0.024899  1.012737
62.87413024	410	-0.034716 0.021548  1.006752
62.87929153	408	-0.038067 0.022984  0.999330
62.88443756	411	-0.039983 0.025378  1.005555
62.88959503	410	-0.036391 0.022984  0.996935
62.89474487	410	-0.031843 0.019393  0.993344
62.89989852	411	-0.034716 0.020351  0.993584
62.90505981	407	-0.033997 0.022505  1.002681
62.91021728	408	-0.035434 0.018914  0.997654
62.91538619	408	-0.039743 0.018914  0.997414
62.92054367	409	-0.034476 0.028730  1.002203
62.92570114	409	-0.039265 0.021069  0.994302
62.93085861	409	-0.039265 0.025139  1.003639
62.93601608	410	-0.032321 0.021548  0.998611
62.94117736	407	-0.031843 0.018196  1.006273
62.94634246	409	-0.037589 0.022984  0.999569
62.95149993	408	-0.037828 0.020111  1.006273
62.95666503	409	-0.037110 0.016999  1.002681
62.96182250	410	-0.038307 0.022266  1.001484
62.96697235	410	-0.045489 0.022266  0.997175
62.97211837	409	-0.046926 0.018435  1.000287
62.97727966	410	-0.038307 0.019632  1.003639
62.98243331	409	-0.040222 0.024181  1.002203
62.98758697	412	-0.039983 0.022026  0.998851
62.99273681	411	-0.043574 0.021548  1.003639
62.99789047	411	-0.044532 0.022266  0.998851
63.00303649	411	-0.043095 0.019393  1.004118
63.00817871	412	-0.049559 0.027294  1.002681
63.01332855	413	-0.045729 0.022266  1.014652
63.01848220	414	-0.050517 0.018675  1.001724
63.02362823	414	-0.044292 0.020351  1.012258
63.02877426	413	-0.049320 0.019393  1.013216
63.03393173	414	-0.052911 0.023702  1.011061
63.03907775	413	-0.048841 0.027294  1.012258
63.04422760	416	-0.047884 0.019153  1.017525
63.04937362	415	-0.042616 0.024421  1.006512
63.05451965	417	-0.045011 0.020829  1.009625
63.05967712	416	-0.041898 0.025139  1.018244
##inga 
#ido(sec)  szog(ADC)     ax(g)    ay(g)   az(g)
63.06538009	417	-0.045729 0.018675  1.027102
63.07065200	417	-0.045968 0.019632  1.016807
63.07591247	418	-0.046447 0.021787  1.010582
63.08117294	417	-0.047644 0.019632  1.025905
63.08633041	417	-0.046686 0.018675  1.031172
63.09148788	416	-0.045011 0.018914  1.023750
63.09665679	419	-0.045729 0.020829  1.021835
63.10181427	422	-0.035673 0.017717  1.025426
63.10698318	424	-0.036631 0.015562  1.037158
63.11214447	424	-0.043574 0.014604  1.029496
63.11730957	423	-0.038307 0.012929  1.036679
63.12248229	425	-0.041419 0.015562  1.036679
63.12765502	425	-0.042138 0.012689  1.040270
63.13280868	427	-0.039983 0.015802  1.037158
63.13796615	424	-0.036152 0.012450  1.038355
63.14312362	427	-0.036152 0.015802  1.045777
63.14826965	426	-0.038786 0.012929  1.045537
63.15341186	426	-0.038786 0.013647  1.049129
63.15856170	428	-0.040701 0.016041  1.044101
63.16369628	429	-0.040462 0.013168  1.046974
63.16884231	429	-0.038307 0.014365  1.043622
63.17399215	431	-0.045489 0.016999  1.057269
63.17913818	432	-0.036152 0.011013  1.058945
63.18428802	434	-0.041419 0.011013  1.056550
63.18942642	432	-0.039265 0.008140  1.061099
63.19457626	435	-0.045250 0.016041  1.053678
63.19971847	435	-0.049320 0.015083  1.070676
63.20487594	435	-0.041898 0.017717  1.055832
63.21001434	438	-0.048362 0.014126  1.066367
63.21516418	438	-0.046208 0.011253  1.072592
63.22031021	438	-0.048123 0.020590  1.078338
63.22545623	440	-0.051714 0.018675  1.073070
63.23059463	442	-0.052911 0.013886  1.071634
63.23574066	445	-0.053869 0.013407  1.075704
63.24089431	446	-0.052672 0.012210  1.066367
63.24604797	446	-0.059615 0.014844  1.070676
63.25120925	447	-0.056024 0.009098  1.071634
63.25636672	446	-0.051235 0.013407  1.078577
63.26152801	449	-0.050757 0.015802  1.073789
63.26669311	448	-0.054348 0.010534  1.082647
63.27185440	450	-0.054587 0.016520  1.074267
63.27701950	450	-0.056742 0.022026  1.081929
63.28218460	451	-0.055306 0.012450  1.089590
63.28733825	453	-0.052432 0.013886  1.092463
63.29249572	454	-0.047405 0.011253  1.088393
63.29765701	455	-0.048602 0.008619  1.084562
63.30280303	456	-0.056024 0.009577  1.087675
63.30796432	457	-0.049081 0.015562  1.089111
63.31311035	457	-0.045968 0.009577  1.082408
63.31825637	456	-0.049799 0.010295  1.093900
63.32339859	456	-0.045489 0.005028  1.091027
63.32854461	461	-0.045729 0.012450  1.098209
63.33369445	462	-0.041180 0.002155  1.095815
63.33885192	462	-0.045250 0.012689  1.098927
63.34399414	464	-0.042856 0.004310  1.101800
63.34912872	464	-0.047884 0.006943  1.093660
63.35426330	465	-0.041419 0.006225  1.083844
63.35940170	467	-0.047405 0.003831  1.095815
63.36454391	469	-0.046926 0.001915  1.094378
63.36968612	470	-0.043574 0.002394  1.098209
63.37483596	470	-0.042138 0.005985  1.096054
63.37998580	472	-0.047884 0.000718  1.099406
63.38512802	473	-0.045968 0.005746  1.088154
63.39027023	474	-0.046447 0.003831  1.100125
63.39541625	474	-0.055066 0.009098  1.097012
63.40055084	477	-0.050278 0.002394  1.090308
63.40569305	478	-0.050996 0.004788  1.084562
63.41083145	478	-0.053869 0.003831  1.099406
63.41598510	479	-0.046926 0.010056  1.098688
63.42112731	480	-0.049320 0.004070  1.098449
63.42628097	482	-0.053630 0.003112  1.101800
63.43142700	482	-0.053151 0.009577  1.096294
63.43659973	483	-0.058179 0.002634  1.101800
63.44175720	484	-0.055306 0.003352  1.106589
63.44691848	487	-0.054348 0.007661  1.096773
63.45207977	490	-0.050517 0.006464  1.092463
63.45724105	491	-0.057700 0.006225  1.093181
63.46239089	492	-0.054827 0.004070  1.086478
63.46754455	492	-0.058657 0.004310  1.076662
63.47270965	492	-0.062488 0.005985  1.098688
63.47785949	495	-0.055066 0.011492  1.079535
63.48302078	493	-0.057460 0.006225  1.086717
63.48817825	496	-0.060094 0.002394  1.085760
63.49332809	498	-0.058179 0.003112  1.087435
63.49847030	501	-0.049320 0.002634  1.084802
63.50361633	501	-0.058657 0.004788  1.079774
63.50875854	500	-0.059376 0.003112  1.080013
63.51391220	503	-0.056981 0.006225  1.079295
63.51905822	504	-0.053390 0.001197  1.080253
63.52420806	505	-0.062727 0.000479  1.069718
63.52934265	503	-0.053869 0.004549  1.071873
63.53449630	505	-0.054348 -0.006704  1.072831
63.53968811	504	-0.052672 -0.003831  1.075225
63.54488372	507	-0.048841 -0.003352  1.077619
63.55007553	505	-0.050757 -0.003591  1.065648
63.55526351	508	-0.050757 -0.001915  1.066846
63.56045913	510	-0.049081 -0.002394  1.059424
63.56565856	511	-0.050038 0.004310  1.063733
63.57081222	511	-0.052911 -0.006464  1.058705
63.57601928	513	-0.051714 -0.001437  1.063254
63.58122253	516	-0.052193 0.001915  1.058466
##inga 
#ido(sec)  szog(ADC)     ax(g)    ay(g)   az(g)
63.58691787	516	-0.051954 -0.003831  1.051523
63.59218978	516	-0.053630 -0.003352  1.057029
63.59745788	517	-0.059136 -0.006464  1.056790
63.60271453	519	-0.052432 -0.001197  1.043143
63.60792160	519	-0.053869 -0.001197  1.046734
63.61312103	519	-0.056503 -0.004549  1.046256
63.61831665	522	-0.056503 -0.001915  1.052241
63.62351608	524	-0.047884 -0.005985  1.046734
63.62871551	524	-0.053869 0.000000  1.049607
63.63381958	525	-0.052911 -0.004310  1.036679
63.63900756	524	-0.056024 0.002634  1.031412
63.64416503	523	-0.056024 -0.004549  1.035242
63.64936065	526	-0.061052 -0.003352  1.038594
63.65455627	526	-0.056263 -0.000718  1.049368
63.65975189	528	-0.064882 0.002155  1.037876
63.66491317	528	-0.056503 -0.000718  1.027102
63.67011260	528	-0.056742 0.000000  1.034285
63.67523193	528	-0.059615 0.000958  1.032609
63.68038940	528	-0.059136 -0.002873  1.031651
63.68558502	527	-0.056981 -0.002873  1.026863
63.69079971	529	-0.062249 -0.003112  1.023032
63.69600677	531	-0.062967 0.005267  1.030454
63.70116806	531	-0.057460 -0.004549  1.024708
63.70636367	533	-0.060333 0.004310  1.033327
63.71151351	533	-0.061530 -0.002873  1.020877
63.71671295	533	-0.058179 -0.006704  1.014413
63.72190856	533	-0.062009 -0.003591  1.008427
63.72709655	534	-0.060094 -0.002634  1.006512
63.73229217	535	-0.056024 -0.003352  1.018004
63.73748779	535	-0.062009 -0.001915  1.011301
63.74268341	536	-0.058418 -0.007183  1.013934
63.74788284	536	-0.055066 -0.000239  1.012737
63.75308990	533	-0.056742 -0.005028  1.013455
63.75830078	535	-0.055306 -0.010056  1.015849
63.76350402	534	-0.056981 -0.007422  1.013934
63.76871109	537	-0.050278 -0.005985  1.008427
63.77391052	536	-0.061052 -0.006943  1.014892
63.77911758	535	-0.054827 -0.012929  1.006991
63.78431320	536	-0.053869 -0.008619  1.006033
63.78951263	537	-0.055066 -0.014604  1.010822
63.79470825	537	-0.051714 -0.004310  1.017765
63.79990386	536	-0.053390 -0.007661  1.009385
63.80509185	534	-0.055784 -0.010056  1.007470
63.81027984	536	-0.051954 -0.005267  1.007709
63.81547164	536	-0.051714 -0.007661  1.012019
63.82067108	537	-0.055784 -0.013647  1.009385
63.82587432	534	-0.054348 -0.007183  1.016089
63.83108139	536	-0.052672 -0.006704  1.010343
63.83628082	536	-0.054108 -0.005267  1.018483
63.84148406	537	-0.051475 -0.001197  1.003639
63.84667968	537	-0.048123 -0.010056  1.008427
63.85187530	537	-0.060812 -0.002394  1.006512
63.85706329	537	-0.059136 -0.005507  1.008188
63.86225891	534	-0.052432 -0.002155  1.008427
63.86744308	536	-0.056263 0.004310  1.013216
63.87259292	533	-0.054348 -0.002634  1.006512
63.87778472	536	-0.056024 -0.001437  1.001245
63.88297653	535	-0.061291 0.004549  1.005076
63.88814163	533	-0.059854 -0.002394  1.014892
63.89334487	536	-0.058179 0.002634  1.013934
63.89851760	535	-0.062249 0.000239  1.015849
63.90367889	535	-0.056981 0.002873  1.029257
63.90883636	535	-0.062009 0.000000  1.018962
63.91395187	534	-0.060094 0.005267  1.019680
63.91911315	533	-0.058179 0.007183  1.023750
63.92427444	532	-0.056981 0.000000  1.019920
63.92939376	534	-0.057221 0.006464  1.021835
63.93455123	532	-0.058897 0.005028  1.021117
63.93971633	531	-0.058657 0.000239  1.023511
63.94485855	530	-0.055066 0.001915  1.024947
63.95001602	530	-0.054108 0.005746  1.017286
63.95515823	528	-0.060094 0.002634  1.021117
63.96031570	526	-0.045968 0.000000  1.026863
63.96542739	527	-0.051235 -0.002394  1.030215
63.97061538	527	-0.050517 0.001915  1.027342
63.97576141	525	-0.046926 -0.001915  1.027820
63.98095321	523	-0.056024 -0.007661  1.027102
63.98614883	524	-0.047644 -0.000479  1.029496
63.99133682	525	-0.052432 -0.003352  1.039073
63.99652862	522	-0.047405 0.001915  1.029017
64.00167083	523	-0.047405 -0.003352  1.037636
64.00687408	523	-0.047405 -0.003352  1.045058
64.01206970	522	-0.050278 -0.002634  1.051523
64.01727294	518	-0.043813 -0.001437  1.049847
64.02246093	521	-0.041898 0.000718  1.040270
64.02761077	518	-0.047405 0.007183  1.052002
64.03276062	519	-0.048841 -0.000958  1.053678
64.03797149	517	-0.052193 -0.002155  1.056550
64.04317474	517	-0.049559 0.000479  1.045537
64.04832458	517	-0.047884 0.002873  1.047692
64.05346679	514	-0.053869 0.002394  1.061578
64.05860900	515	-0.050517 -0.003591  1.054156
64.06379699	513	-0.049799 0.008380  1.059424
64.06893920	510	-0.053630 0.004310  1.054635
64.07407379	509	-0.052911 0.004070  1.055832
64.07921600	509	-0.059136 0.000479  1.057987
64.08435821	509	-0.057700 -0.002394  1.063972
64.08955383	507	-0.051235 0.000958  1.063254
64.09471130	507	-0.054587 0.013647  1.058945
64.09985351	504	-0.054348 0.009577  1.063972
64.10500335	505	-0.054827 0.004549  1.063254
##inga 
#ido(sec)  szog(ADC)     ax(g)    ay(g)   az(g)
64.11067962	505	-0.056024 0.011013  1.057029
64.11594390	504	-0.054827 0.009098  1.071394
64.12120819	503	-0.051954 0.007901  1.072352
64.12645721	502	-0.056263 0.015083  1.071634
64.13161468	501	-0.065122 0.011971  1.070197
64.13677215	502	-0.056742 0.007661  1.072592
64.14192199	501	-0.058897 0.012689  1.073310
64.14706420	499	-0.049320 0.015802  1.081450
64.15221405	496	-0.059615 0.013168  1.074986
64.15734863	496	-0.054348 0.006704  1.085760
64.16249847	495	-0.052911 0.008380  1.085999
64.16764068	495	-0.046208 0.009098  1.077859
64.17279052	494	-0.058418 0.014604  1.082886
64.17794036	492	-0.051235 0.009337  1.086717
64.18310546	490	-0.055306 0.002873  1.080971
64.18826293	489	-0.051235 0.006464  1.091984
64.19342803	489	-0.048841 0.007661  1.089351
64.19859313	487	-0.040462 0.006464  1.087196
64.20375061	486	-0.049081 0.008380  1.086717
64.20890045	482	-0.045968 0.012450  1.081210
64.21406555	484	-0.048841 0.005985  1.100125
64.21921539	482	-0.045011 0.003112  1.090308
64.22438049	480	-0.048602 0.009337  1.095815
64.22953033	479	-0.049320 0.001676  1.094139
64.23468780	477	-0.041419 0.011971  1.100843
64.23983764	476	-0.045489 0.008380  1.090548
64.24498748	475	-0.045489 0.007422  1.093900
64.25013732	473	-0.039025 0.003112  1.088393
64.25528717	472	-0.049320 0.003352  1.090069
64.26042175	470	-0.044292 0.008619  1.096773
64.26557922	472	-0.044532 0.012450  1.092463
64.27072143	472	-0.046208 0.009098  1.088632
64.27587127	470	-0.044532 0.007422  1.092942
64.28102111	469	-0.045489 0.008619  1.099885
64.28615570	465	-0.042856 0.014844  1.092703
64.29131317	464	-0.049320 0.011253  1.096533
64.29645538	465	-0.043574 0.013886  1.093421
64.30159759	462	-0.048602 0.014365  1.097730
64.30674743	463	-0.045968 0.013886  1.091506
64.31190490	463	-0.046447 0.011731  1.088632
64.31703948	461	-0.048362 0.013407  1.085760
64.32218933	460	-0.054348 0.016280  1.092463
64.32733154	457	-0.054348 0.018196  1.084562
64.33247375	458	-0.049559 0.019872  1.088154
64.33764648	454	-0.049799 0.019393  1.091506
64.34280395	455	-0.052432 0.018914  1.090787
64.34796142	453	-0.050996 0.012929  1.085041
64.35311889	451	-0.057700 0.018196  1.083126
64.35829162	452	-0.053630 0.020590  1.081450
64.36344146	449	-0.048123 0.014126  1.092942
64.36860656	451	-0.050038 0.018675  1.076183
64.37377929	449	-0.052432 0.024660  1.078338
64.37894439	448	-0.051954 0.016759  1.081929
64.38410949	448	-0.049081 0.011253  1.091027
64.38926696	446	-0.048602 0.018435  1.079295
64.39442443	448	-0.047884 0.017956  1.081450
64.39957427	448	-0.049081 0.020111  1.074028
64.40473175	447	-0.046686 0.014844  1.067803
64.40988159	445	-0.050996 0.015323  1.072831
64.41503143	442	-0.046926 0.016759  1.081210
64.42017364	443	-0.044532 0.014365  1.068521
64.42532348	439	-0.041180 0.015323  1.071394
64.43047332	439	-0.047884 0.014604  1.067085
64.43563079	437	-0.040701 0.019153  1.058705
64.44077301	438	-0.037110 0.020351  1.060621
64.44592285	434	-0.035434 0.012929  1.057987
64.45106506	434	-0.031124 0.016520  1.062775
64.45620727	434	-0.039504 0.016999  1.051762
64.46135711	434	-0.033518 0.011013  1.058466
64.46650695	430	-0.034716 0.017477  1.053917
64.47165679	432	-0.033040 0.015802  1.055832
64.47680664	430	-0.035434 0.018435  1.061339
64.48194885	431	-0.039983 0.011971  1.045777
64.48709869	429	-0.040940 0.021548  1.039791
64.49225616	428	-0.037349 0.021069  1.053199
64.49742126	429	-0.034476 0.019393  1.047213
64.50258636	428	-0.039265 0.017238  1.034285
64.50775146	427	-0.038546 0.019153  1.044819
64.51291656	425	-0.042856 0.026815  1.040031
64.51807403	425	-0.041898 0.023942  1.035242
64.52323150	422	-0.046926 0.020111  1.040988
64.52839660	424	-0.046686 0.019393  1.039073
64.53356170	422	-0.043574 0.021548  1.036200
64.53870391	423	-0.044053 0.022266  1.033806
64.54387664	422	-0.048602 0.025378  1.038834
64.54902648	420	-0.043574 0.022745  1.021117
64.55417633	420	-0.043335 0.027054  1.014892
64.55932617	420	-0.042616 0.022745  1.020159
64.56448364	421	-0.049559 0.020111  1.017286
64.56962585	420	-0.046926 0.017717  1.024229
64.57477569	420	-0.056981 0.037110  1.011301
64.57991790	419	-0.050757 0.020351  1.017047
64.58506774	419	-0.049320 0.025857  1.017765
64.59021759	417	-0.046926 0.025139  1.010582
64.59536743	415	-0.043813 0.020829  1.006991
64.60051727	415	-0.044292 0.022026  1.019201
64.60565948	417	-0.048123 0.022026  1.012737
64.61080932	414	-0.041659 0.021787  1.009385
64.61595153	415	-0.044532 0.026815  1.018723
64.62110900	415	-0.043813 0.024660  1.009146
64.62625122	414	-0.041180 0.020590  1.010822
##inga 
#ido(sec)  szog(ADC)     ax(g)    ay(g)   az(g)
64.63192749	414	-0.040701 0.022745  1.012737
64.63719940	412	-0.038786 0.023463  1.000287
64.64247131	411	-0.034955 0.020111  1.010582
64.64773559	412	-0.041659 0.019872  1.008667
64.65289306	412	-0.039743 0.022266  1.008906
64.65803527	409	-0.038786 0.019153  1.004118
64.66317749	410	-0.029927 0.027772  1.002921
64.66832733	411	-0.036152 0.018914  1.001006
64.67346954	410	-0.033758 0.022266  0.997175
64.67862701	411	-0.030406 0.019153  1.007470
64.68377685	410	-0.043095 0.023224  1.004357
64.68893432	411	-0.036631 0.014365  1.001724
64.69409942	409	-0.033040 0.021308  0.997893
64.69924926	411	-0.039265 0.025618  1.010343
64.70440673	409	-0.038067 0.017238  0.997654
64.70956420	411	-0.039983 0.024421  0.994541
64.71472167	410	-0.038307 0.017477  1.007470
64.71987152	411	-0.032082 0.019872  1.002681
64.72503662	410	-0.040940 0.022026  0.999330
64.73019409	410	-0.040701 0.026575  0.999808
64.73535919	411	-0.037589 0.022266  1.001724
64.74050140	411	-0.043574 0.020590  0.998372
64.74565124	410	-0.046686 0.022745  0.997175
64.75080108	410	-0.047165 0.025139  1.005315
64.75594329	411	-0.043095 0.024181  1.003879
64.76108551	410	-0.042377 0.021548  1.002442
64.76624298	413	-0.044053 0.019393  1.008427
64.77139282	413	-0.045250 0.022745  1.005555
64.77655792	411	-0.051954 0.024181  1.004836
64.78171539	415	-0.052193 0.016041  1.003879
64.78686523	414	-0.046447 0.024181  1.017525
64.79201507	416	-0.050517 0.019632  1.007709
64.79715728	416	-0.051714 0.024660  1.010822
64.80230712	416	-0.048123 0.022505  1.007709
64.80744934	416	-0.048602 0.029209  1.019201
64.81259918	417	-0.050757 0.022026  1.009864
64.81774139	417	-0.049799 0.023463  1.021356
64.82289886	417	-0.053151 0.019393  1.012498
64.82804870	416	-0.043574 0.026336  1.015849
64.83320617	416	-0.048362 0.022745  1.011779
64.83836364	418	-0.045011 0.025618  1.009864
64.84351348	418	-0.046447 0.022026  1.019680
64.84867858	419	-0.045729 0.018675  1.021117
64.85385131	419	-0.041180 0.016041  1.020398
64.85900878	421	-0.044053 0.019632  1.026384
64.86417388	421	-0.045489 0.015802  1.022793
64.86933135	424	-0.048362 0.014126  1.023990
64.87448883	423	-0.045968 0.017238  1.019920
64.87966156	424	-0.037589 0.012929  1.030933
64.88480377	425	-0.042138 0.014126  1.025426
64.88996887	425	-0.040222 0.020590  1.033088
64.89511108	426	-0.041659 0.018914  1.027342
64.90026855	424	-0.034955 0.012689  1.030693
64.90542602	425	-0.028012 0.015562  1.029736
64.91057586	427	-0.037349 0.014126  1.036200
64.91571807	428	-0.037349 0.012450  1.034763
64.92086029	427	-0.041180 0.013886  1.035242
64.92600250	429	-0.036870 0.012929  1.042904
64.93116760	431	-0.047165 0.011492  1.045298
64.93631744	428	-0.047405 0.017717  1.038355
64.94146728	431	-0.042377 0.011971  1.042185
64.94660949	431	-0.039983 0.015562  1.040988
64.95175933	434	-0.035913 0.008858  1.047692
64.95690155	434	-0.043813 0.012450  1.057508
64.96205139	434	-0.045968 0.015562  1.053678
64.96719360	433	-0.046208 0.014365  1.065409
64.97234344	437	-0.051714 0.010534  1.061818
64.97748565	434	-0.048602 0.018196  1.056072
64.98265075	438	-0.050038 0.014844  1.057029
64.98780822	439	-0.050517 0.020590  1.056311
64.99295806	438	-0.049559 0.015323  1.063254
64.99811553	442	-0.054587 0.011731  1.063972
65.00327301	442	-0.057460 0.012929  1.067324
65.00843811	444	-0.056503 0.014604  1.066606
65.01360321	446	-0.051954 0.017477  1.068042
65.01876068	448	-0.053630 0.019393  1.063733
65.02391052	449	-0.055306 0.014126  1.075464
65.02907562	446	-0.058657 0.021548  1.072352
65.03424835	449	-0.049559 0.018435  1.068521
65.03941345	447	-0.057700 0.009816  1.071634
65.04457092	449	-0.054587 0.017717  1.079056
65.04972839	450	-0.055784 0.018435  1.077380
65.05489349	450	-0.051235 0.016041  1.075704
65.06005096	450	-0.047405 0.010534  1.079774
65.06518554	454	-0.054108 0.015323  1.083844
65.07033538	452	-0.051475 0.009098  1.087196
65.07547760	455	-0.046447 0.014844  1.084562
65.08063507	456	-0.050757 0.005985  1.083844
65.08576965	454	-0.054348 0.008140  1.087914
65.09090423	455	-0.042616 0.011253  1.084562
65.09605407	456	-0.048841 0.010056  1.074986
65.10118865	459	-0.044771 0.004070  1.091266
65.10633087	459	-0.039504 0.002155  1.093900
65.11147308	462	-0.046447 0.009577  1.087196
65.11662292	463	-0.043813 0.006704  1.081929
65.12176513	462	-0.046447 0.008380  1.089590
65.12690734	465	-0.041898 0.007183  1.092463
65.13205718	467	-0.035913 -0.002155  1.091745
65.13725280	467	-0.041898 0.004310  1.089111
65.14240264	469	-0.037828 0.001197  1.091745
65.14755249	470	-0.041659 0.002155  1.083844
##inga 
#ido(sec)  szog(ADC)     ax(g)    ay(g)   az(g)
65.15323638	471	-0.054108 0.003831  1.081929
65.15850830	472	-0.048362 0.008380  1.085520
65.16375732	474	-0.050517 0.006943  1.087435
65.16902160	472	-0.046926 0.006704  1.096054
65.17415618	473	-0.048362 0.005028  1.087914
65.17931365	476	-0.051714 -0.001915  1.090548
65.18450164	478	-0.050996 0.004549  1.092703
65.18966674	478	-0.047165 0.009337  1.091506
65.19482421	478	-0.042856 0.009816  1.093181
65.19998931	478	-0.053151 0.006704  1.081450
65.20514678	479	-0.053151 0.004070  1.093181
65.21028900	483	-0.057939 0.007661  1.097970
65.21543884	483	-0.053151 0.010774  1.082886
65.22060394	486	-0.047644 0.003831  1.084802
65.22576904	485	-0.056742 0.006225  1.090069
65.23091888	489	-0.056981 0.010774  1.091984
65.23607635	491	-0.062967 0.004070  1.086717
65.24122619	491	-0.059376 0.008140  1.077619
65.24638366	492	-0.059136 0.009816  1.080492
65.25152587	493	-0.062727 0.007661  1.078816
65.25666809	494	-0.053390 0.007901  1.081450
65.26181793	492	-0.055306 0.005028  1.079774
65.26696777	496	-0.058657 0.002394  1.077140
65.27210998	496	-0.059376 0.004788  1.085520
65.27724456	498	-0.057939 0.006225  1.083844
65.28238677	501	-0.058179 0.005267  1.082168
65.28752899	501	-0.052193 0.005985  1.078098
65.29267883	500	-0.056503 0.001915  1.083844
65.29782104	503	-0.058418 0.000239  1.077619
65.30297088	504	-0.053869 0.001915  1.077140
65.30811309	504	-0.051714 -0.000718  1.066367
65.31330871	503	-0.061052 0.004310  1.074986
65.31844329	505	-0.047165 0.000718  1.060381
65.32358551	503	-0.052193 -0.000718  1.061339
65.32878112	504	-0.049320 -0.005028  1.061818
65.33397674	507	-0.048602 -0.001437  1.068282
65.33919525	508	-0.048362 -0.001197  1.051762
65.34438323	508	-0.051475 -0.001915  1.071155
65.34958648	508	-0.051235 -0.007183  1.056311
65.35478973	509	-0.046447 -0.010534  1.054875
65.35999298	512	-0.056503 0.002155  1.051283
65.36515808	515	-0.042856 0.002155  1.059184
65.37032318	515	-0.050757 -0.004310  1.053199
65.37551879	516	-0.049320 -0.002394  1.054156
65.38071441	517	-0.052193 -0.008380  1.052959
65.38591766	517	-0.051714 -0.003831  1.044580
65.39110565	517	-0.051714 -0.003352  1.044340
65.39630126	517	-0.055306 -0.004310  1.053678
65.40148925	519	-0.058657 -0.003112  1.044340
65.40666961	520	-0.056742 0.001676  1.040749
65.41183471	522	-0.056742 0.004549  1.037397
65.41699981	523	-0.057700 -0.003112  1.047213
65.42219543	523	-0.054348 0.002873  1.034045
65.42734527	523	-0.055545 -0.005267  1.036439
65.43254852	523	-0.050996 -0.002634  1.036918
65.43775177	524	-0.061530 -0.001437  1.035003
65.44296264	526	-0.057939 0.003831  1.037397
65.44812774	525	-0.056981 0.000000  1.031412
65.45323181	526	-0.059136 -0.004549  1.036679
65.45842742	526	-0.058897 0.002394  1.033806
65.46356964	527	-0.059854 0.003112  1.038115
65.46871185	525	-0.059376 0.000239  1.032369
65.47385406	528	-0.061770 0.004310  1.023271
65.47900390	529	-0.062488 0.000479  1.032369
65.48413848	529	-0.059854 0.001197  1.028778
65.48928833	529	-0.058179 -0.003112  1.020638
65.49447631	529	-0.056981 -0.003112  1.016807
65.49967956	530	-0.054348 -0.001197  1.019441
65.50487518	529	-0.055306 -0.000479  1.014413
65.51006317	532	-0.053630 -0.004788  1.022074
65.51525878	532	-0.060094 -0.002155  1.013695
65.52046966	532	-0.063446 -0.001437  1.017765
65.52567291	532	-0.059136 -0.011253  1.008906
65.53088378	533	-0.055306 -0.002873  1.017525
65.53607177	531	-0.054827 -0.008619  1.019920
65.54127502	534	-0.052193 -0.006225  1.016568
65.54647064	532	-0.048602 -0.008858  1.011540
65.55165100	534	-0.052432 -0.008380  1.025426
65.55684661	535	-0.048841 -0.013407  1.012258
65.56204986	534	-0.052193 -0.013886  1.015610
65.56723785	534	-0.054348 -0.008619  1.008427
65.57243347	534	-0.050038 -0.006943  1.012258
65.57762145	536	-0.047884 -0.012689  1.003879
65.58282470	535	-0.049559 -0.004310  1.008188
65.58803558	536	-0.045011 -0.011971  1.010582
65.59323120	534	-0.056263 -0.010056  1.003639
65.59843444	534	-0.053869 -0.006943  1.003400
65.60363769	534	-0.054587 -0.005507  1.009864
65.60884094	536	-0.054827 -0.006704  1.010822
65.61402893	535	-0.049320 -0.004549  1.016807
65.61922454	533	-0.054108 -0.005028  1.007230
65.62441253	536	-0.057221 -0.010056  1.014652
65.62960052	536	-0.055784 -0.000718  1.013455
65.63479614	535	-0.054827 -0.007183  1.011779
65.63998413	536	-0.056263 -0.002873  1.004597
65.64517974	535	-0.062727 0.004310  1.013455
65.65032196	535	-0.048362 0.002873  1.011779
65.65547180	535	-0.061052 -0.004788  1.014892
65.66066741	534	-0.060812 0.003352  1.015849
65.66583251	533	-0.064164 0.005746  1.006991
65.67099761	534	-0.059854 0.000000  1.010822
##inga 
#ido(sec)  szog(ADC)     ax(g)    ay(g)   az(g)
65.67665100	534	-0.057939 0.009098  1.016089
65.68191528	533	-0.055066 0.004070  1.016089
65.68716430	530	-0.056981 0.002873  1.018244
65.69240570	532	-0.057460 0.004788  1.016807
65.69756317	531	-0.059854 0.005746  1.014652
65.70272827	529	-0.054827 0.004310  1.024947
65.70787811	527	-0.056503 0.001437  1.017286
65.71305084	528	-0.056742 0.002873  1.020877
65.71819305	527	-0.058179 0.004549  1.024229
65.72336578	524	-0.055545 0.005267  1.024947
65.72852325	527	-0.054348 0.002155  1.024708
65.73368835	527	-0.056742 -0.001676  1.022074
65.73889923	526	-0.055784 0.001197  1.025666
65.74405670	524	-0.050278 0.001915  1.026384
65.74920654	525	-0.045489 0.001676  1.024469
65.75434112	524	-0.050996 -0.007183  1.027581
65.75954437	523	-0.046447 -0.002634  1.024469
65.76474761	524	-0.050038 0.002634  1.037636
65.76989746	520	-0.047644 0.002155  1.029975
65.77504730	521	-0.045011 -0.001915  1.033806
65.78024291	521	-0.046926 -0.001197  1.031172
65.78543853	520	-0.044292 -0.002155  1.039312
65.79063415	517	-0.042616 -0.001676  1.039552
65.79582214	516	-0.045489 0.005028  1.044340
65.80096435	518	-0.047644 0.000958  1.047453
65.80611419	518	-0.044053 -0.001197  1.047453
65.81131744	515	-0.051235 -0.002155  1.053917
65.81651306	517	-0.054827 -0.001915  1.050326
65.82170867	515	-0.050757 -0.001197  1.053917
65.82691955	514	-0.044771 -0.001676  1.054156
65.83212280	512	-0.049799 0.002155  1.051523
65.83727264	512	-0.055545 0.005507  1.053438
65.84243011	511	-0.052193 0.005028  1.060860
65.84756469	512	-0.047884 0.004070  1.064451
65.85270690	510	-0.052672 0.004549  1.057987
65.85785675	509	-0.046447 0.006704  1.056311
65.86300659	506	-0.053151 0.002394  1.058226
65.86814880	507	-0.052911 0.003591  1.059902
65.87330627	506	-0.056263 0.003831  1.063494
65.87846374	504	-0.056503 0.003831  1.063733
65.88360595	504	-0.057939 0.007661  1.064451
65.88875579	504	-0.056503 0.009577  1.067324
65.89389801	503	-0.053151 0.004310  1.065888
65.89903259	503	-0.054108 0.007422  1.062057
65.90419006	503	-0.062488 0.008619  1.073789
65.90933227	499	-0.051475 0.009816  1.071873
65.91448974	500	-0.060573 0.007661  1.073070
65.91963195	497	-0.048362 0.011013  1.078098
65.92478179	498	-0.056263 0.006704  1.073549
65.92993164	495	-0.053151 0.011013  1.073070
65.93506622	496	-0.054348 0.012689  1.075225
65.94023895	494	-0.050757 0.015562  1.084802
65.94539642	494	-0.052911 0.012689  1.077380
65.95056152	490	-0.053630 0.007901  1.082886
65.95571899	489	-0.050517 0.005985  1.079056
65.96087646	487	-0.049799 0.006943  1.086478
65.96604156	489	-0.051235 0.005985  1.079295
65.97119903	487	-0.047165 0.011492  1.080492
65.97635650	484	-0.046447 0.007661  1.080732
65.98152160	486	-0.045011 0.006704  1.086478
65.98667907	485	-0.048602 0.006704  1.090308
65.99182891	484	-0.049799 0.009337  1.085760
65.99697875	481	-0.045489 0.005746  1.085999
66.00212860	480	-0.043574 0.010295  1.089111
66.00727081	479	-0.042138 0.002394  1.082647
66.01241302	478	-0.041180 0.008380  1.084562
66.01755523	475	-0.051235 0.007183  1.091506
66.02270507	475	-0.046208 0.005746  1.086478
66.02784729	474	-0.048841 0.016280  1.094618
66.03298950	474	-0.045011 0.014604  1.090308
66.03813171	472	-0.052193 0.005746  1.083844
66.04326629	472	-0.043574 0.011971  1.079774
66.04840850	470	-0.042616 0.007901  1.090308
66.05355072	471	-0.046447 0.008140  1.095576
66.05869293	470	-0.050757 0.012210  1.085999
66.06384277	468	-0.047165 0.011971  1.092942
66.06898498	466	-0.045729 0.012929  1.081929
66.07414245	466	-0.050278 0.018675  1.088154
66.07929992	466	-0.053869 0.016999  1.083365
66.08444213	464	-0.050038 0.011492  1.083126
66.08959960	463	-0.050278 0.014844  1.090548
66.09474182	463	-0.049081 0.011492  1.080492
66.09989929	461	-0.050278 0.015562  1.085041
66.10504913	460	-0.047884 0.017956  1.080013
66.11020660	458	-0.052193 0.015802  1.078577
66.11537170	455	-0.050757 0.015802  1.075464
66.12053680	456	-0.052432 0.019393  1.089111
66.12569427	453	-0.052432 0.018914  1.086238
66.13085937	453	-0.055784 0.016520  1.080971
66.13601684	449	-0.053869 0.019393  1.072592
66.14118957	452	-0.052193 0.011492  1.081689
66.14635467	449	-0.051954 0.018675  1.077619
66.15152740	450	-0.051714 0.016759  1.075943
66.15669250	451	-0.047884 0.022266  1.075943
66.16184997	449	-0.050278 0.016759  1.074507
66.16700744	448	-0.049081 0.017956  1.065888
66.17213439	446	-0.047644 0.020351  1.074746
66.17729187	446	-0.053869 0.018675  1.080971
66.18244171	448	-0.049559 0.023942  1.066127
66.18759155	447	-0.050517 0.020111  1.068282
66.19273376	445	-0.046926 0.023224  1.066367
##inga 
#ido(sec)  szog(ADC)     ax(g)    ay(g)   az(g)
66.19841003	446	-0.047884 0.018675  1.069718
66.20368194	444	-0.042856 0.018914  1.071394
66.20896148	443	-0.046686 0.018914  1.064930
66.21421813	440	-0.045968 0.017956  1.068521
66.21936035	439	-0.039983 0.019872  1.064451
66.22450256	438	-0.039025 0.010534  1.066127
66.22964477	436	-0.036631 0.019872  1.058226
66.23480224	436	-0.040462 0.022984  1.059184
66.23995208	435	-0.032561 0.015562  1.059184
66.24510192	434	-0.042138 0.015323  1.056790
66.25024414	434	-0.038546 0.008380  1.055832
66.25538635	432	-0.035434 0.014604  1.053678
66.26053619	432	-0.035673 0.017477  1.055353
66.26568603	432	-0.039743 0.012210  1.047453
66.27083587	432	-0.035913 0.018914  1.043861
66.27598571	432	-0.042856 0.015323  1.045298
66.28114318	431	-0.039504 0.020111  1.046495
66.28630065	428	-0.041419 0.021069  1.039791
66.29146575	427	-0.037110 0.021308  1.040031
66.29663085	427	-0.044292 0.019872  1.039791
66.30179595	425	-0.046208 0.017956  1.033806
66.30695343	425	-0.038307 0.024660  1.028778
66.31211090	422	-0.037589 0.023702  1.028060
66.31726837	425	-0.044771 0.019153  1.027102
66.32242584	424	-0.044292 0.027533  1.037876
66.32759857	424	-0.050038 0.018435  1.029975
66.33275604	424	-0.048602 0.022505  1.027102
66.33791351	423	-0.050038 0.020590  1.027820
66.34306335	421	-0.044532 0.018675  1.024469
66.34822082	420	-0.045489 0.028970  1.024708
66.35337829	420	-0.046686 0.022266  1.016328
66.35852813	421	-0.045011 0.023463  1.024947
66.36367034	419	-0.048362 0.024660  1.028539
66.36881256	420	-0.045729 0.025378  1.019201
66.37395477	421	-0.055306 0.028012  1.017047
66.37910461	420	-0.043574 0.028491  1.012977
66.38425445	421	-0.045489 0.022026  1.001724
66.38938140	418	-0.050038 0.022026  1.010343
66.39453125	419	-0.045729 0.018196  1.010822
66.39967346	415	-0.044771 0.022266  1.013934
66.40481567	415	-0.044053 0.020829  1.011779
66.40995788	414	-0.047884 0.023702  1.008427
66.41510772	417	-0.041419 0.018914  1.009385
66.42025756	417	-0.038307 0.016999  1.008667
66.42541503	417	-0.037110 0.020351  1.010582
66.43057250	416	-0.040701 0.016520  1.011540
66.43571472	417	-0.038546 0.024421  1.013934
66.44085693	414	-0.035673 0.023702  1.001484
66.44601440	416	-0.039504 0.020829  1.009864
66.45116424	414	-0.032800 0.024660  1.002203
66.45631408	413	-0.036870 0.018196  1.003160
66.46146392	415	-0.040701 0.018196  1.000287
66.46662902	414	-0.037349 0.020351  1.008427
66.47178649	412	-0.032800 0.023463  1.003879
66.47695159	412	-0.034716 0.019153  1.003400
66.48210906	414	-0.027054 0.021069  0.996935
66.48726654	414	-0.040462 0.020351  1.004597
66.49242401	415	-0.034716 0.016041  1.007230
66.49758911	413	-0.040462 0.022745  1.008188
66.50274658	414	-0.031603 0.016280  1.005076
66.50791168	413	-0.041180 0.021548  1.002442
66.51306152	413	-0.044053 0.017956  1.003160
66.51821136	415	-0.035434 0.024181  1.003400
66.52335357	413	-0.038307 0.015562  1.009625
66.52851104	413	-0.038067 0.016280  1.001724
66.53364562	412	-0.045489 0.018675  1.001245
66.53879547	415	-0.042616 0.013168  1.003160
66.54393005	416	-0.047884 0.019872  0.992626
66.54907226	417	-0.048602 0.021308  1.006752
66.55422210	416	-0.044292 0.016041  1.016328
66.55936431	417	-0.051235 0.021069  1.009385
66.56452178	414	-0.047405 0.022745  1.004118
66.56967163	415	-0.048362 0.026815  1.012498
66.57481384	417	-0.046447 0.021069  1.011779
66.57995605	415	-0.050278 0.023942  1.013455
66.58510589	416	-0.052193 0.018914  1.015371
66.59025573	418	-0.048362 0.022266  1.012019
66.59539794	416	-0.042616 0.024899  1.011779
66.60054779	417	-0.051714 0.018196  1.023990
66.60568237	418	-0.043335 0.022505  1.016568
66.61082458	422	-0.046926 0.024181  1.028778
66.61597442	422	-0.046926 0.022266  1.010582
66.62111663	423	-0.051235 0.015083  1.024708
66.62627410	423	-0.042856 0.016041  1.021117
66.63143920	422	-0.042616 0.026097  1.015131
66.63658905	424	-0.044053 0.014126  1.018962
66.64175415	424	-0.043813 0.019393  1.021595
66.64691925	425	-0.042377 0.019393  1.023271
66.65207672	425	-0.046447 0.013647  1.022553
66.65723419	426	-0.036631 0.021308  1.035242
66.66239166	424	-0.044532 0.014844  1.029496
66.66756439	426	-0.039025 0.017956  1.036200
66.67270660	428	-0.041898 0.016520  1.037158
66.67786407	425	-0.034716 0.021787  1.036918
66.68302154	429	-0.036870 0.013647  1.041707
66.68818664	427	-0.041180 0.007901  1.032369
66.69332885	429	-0.040940 0.013168  1.040510
66.69847869	428	-0.043574 0.017956  1.036918
66.70362091	431	-0.036391 0.012929  1.038115
66.70877075	431	-0.037828 0.013407  1.040749
66.71390533	433	-0.039025 0.014126  1.047213
##inga 
#ido(sec)  szog(ADC)     ax(g)    ay(g)   az(g)
66.71959686	434	-0.044532 0.013647  1.045537
66.72486114	435	-0.041180 0.014126  1.053678
66.73014068	434	-0.042377 0.013647  1.038115
66.73539733	436	-0.047644 0.018675  1.048410
66.74054718	434	-0.040701 0.015802  1.051523
66.74568939	436	-0.046447 0.010774  1.054396
66.75084686	438	-0.047884 0.017477  1.055114
66.75599670	438	-0.053151 0.012450  1.055114
66.76113891	441	-0.051475 0.015802  1.058705
66.76629638	442	-0.050278 0.021308  1.053678
66.77144622	443	-0.053869 0.014604  1.063254
66.77658843	443	-0.052911 0.016759  1.054875
66.78174591	447	-0.054587 0.017717  1.071634
66.78689575	447	-0.054348 0.019393  1.069718
66.79203796	449	-0.053869 0.018435  1.066127
66.79718017	447	-0.054587 0.017238  1.066606
66.80233001	448	-0.057939 0.017477  1.065648
66.80747222	447	-0.050278 0.021548  1.062775
66.81262969	448	-0.056024 0.011971  1.076901
66.81779479	449	-0.052193 0.019153  1.068761
66.82295227	449	-0.055784 0.016041  1.062536
66.82812500	452	-0.050996 0.017238  1.078098
66.83326721	451	-0.050038 0.010774  1.073070
66.83841705	451	-0.050517 0.014365  1.068282
66.84357452	453	-0.051714 0.011731  1.075704
66.84873962	454	-0.046447 0.016520  1.073310
66.85388946	455	-0.049081 0.013647  1.076901
66.85905456	455	-0.049081 0.009337  1.069958
66.86420440	457	-0.043813 0.007901  1.079295
66.86936950	457	-0.050517 0.011253  1.087914
66.87452697	455	-0.048123 0.009577  1.086478
66.87966918	460	-0.044053 0.006943  1.082647
66.88481903	460	-0.043813 0.009577  1.087675
66.88996124	461	-0.043095 0.012450  1.078098
66.89510345	463	-0.042138 0.009577  1.075704
66.90024566	462	-0.047405 0.007661  1.090069
66.90539550	465	-0.046926 0.007661  1.087196
66.91053771	466	-0.045250 0.005028  1.086717
66.91568756	467	-0.046208 0.001676  1.072592
66.92083740	469	-0.046926 0.005267  1.092942
66.92599487	469	-0.043574 0.003112  1.083126
66.93113708	472	-0.049559 0.010774  1.085281
66.93628692	472	-0.048123 0.000479  1.089351
66.94142913	473	-0.045011 0.005028  1.086957
66.94657897	473	-0.049799 -0.001197  1.088154
66.95176696	475	-0.049320 0.005985  1.088632
66.95690917	476	-0.045489 0.009337  1.080253
66.96206665	476	-0.048841 0.005028  1.088154
66.96720886	477	-0.043574 0.000000  1.089590
66.97232055	478	-0.053869 0.005028  1.087196
66.97746276	480	-0.051475 0.005267  1.083126
66.98259735	481	-0.056981 0.007661  1.081450
66.98776245	483	-0.054587 0.002155  1.083126
66.99291229	482	-0.049320 0.003591  1.090787
66.99807739	482	-0.056503 0.004549  1.083844
67.00323486	486	-0.059376 0.008380  1.084084
67.00837707	487	-0.053869 0.004070  1.077619
67.01353454	490	-0.053869 0.007661  1.085520
67.01867675	491	-0.058179 0.002873  1.083365
67.02384185	491	-0.056024 0.004070  1.076422
67.02899169	493	-0.057700 0.009098  1.088154
67.03414154	492	-0.056503 0.002634  1.068042
67.03930664	493	-0.060094 0.002634  1.074507
67.04445648	495	-0.059136 0.005028  1.080971
67.04960632	494	-0.053151 0.005985  1.076662
67.05476379	496	-0.053630 0.006225  1.082886
67.05991363	497	-0.054827 0.003831  1.074028
67.06507110	498	-0.058179 -0.000958  1.068761
67.07025146	501	-0.058657 0.005028  1.075704
67.07540893	499	-0.063685 0.009816  1.068521
67.08055877	503	-0.057939 0.004788  1.067085
67.08570861	503	-0.050517 0.002155  1.063254
67.09085845	504	-0.056263 0.001915  1.066846
67.09600830	504	-0.050996 0.000479  1.061578
67.10112762	505	-0.049081 0.006464  1.057508
67.10626983	504	-0.051235 -0.005267  1.060381
67.11145782	504	-0.052672 0.001676  1.051283
67.11660766	507	-0.049799 -0.003352  1.056550
67.12179565	506	-0.050757 -0.009816  1.058466
67.12699127	508	-0.049320 -0.004310  1.057987
67.13219451	508	-0.047644 -0.008619  1.059663
67.13739776	508	-0.046208 -0.007901  1.066127
67.14260101	511	-0.051235 -0.004070  1.058226
67.14778900	512	-0.049799 0.004070  1.050326
67.15294647	511	-0.053869 -0.000479  1.061818
67.15814971	514	-0.050996 -0.000718  1.040749
67.16334533	516	-0.055545 -0.001915  1.053438
67.16854095	516	-0.058657 -0.008140  1.044580
67.17374420	517	-0.052672 -0.001676  1.046016
67.17892456	518	-0.054348 -0.004310  1.049607
67.18412780	517	-0.050757 -0.003591  1.041228
67.18932342	517	-0.056503 -0.004070  1.043143
67.19451141	518	-0.052432 -0.001197  1.037636
67.19971466	520	-0.053390 -0.003112  1.037636
67.20491027	521	-0.055784 -0.009816  1.034045
67.21011352	521	-0.061052 0.000239  1.044819
67.21526336	524	-0.053390 -0.006464  1.031172
67.22046661	524	-0.059136 -0.005028  1.028539
67.22566223	524	-0.062967 0.000718  1.030454
67.23082733	523	-0.054348 0.000479  1.026623
67.23597717	523	-0.056263 0.000479  1.027102
##inga 
#ido(sec)  szog(ADC)     ax(g)    ay(g)   az(g)
67.24166107	525	-0.055784 -0.002634  1.026863
67.24694061	526	-0.064643 -0.005028  1.033566
67.25220489	526	-0.055545 -0.005746  1.026863
67.25746917	525	-0.061291 -0.007661  1.025426
67.26266479	527	-0.064403 -0.003591  1.021595
67.26785278	528	-0.057460 -0.000479  1.021835
67.27305603	525	-0.061770 -0.002155  1.023511
67.27825927	525	-0.059854 -0.000479  1.023511
67.28344726	528	-0.060094 -0.005028  1.023511
67.28864288	527	-0.057939 0.000479  1.012737
67.29377746	528	-0.061770 -0.002155  1.017765
67.29896545	528	-0.056024 -0.001437  1.020159
67.30417633	527	-0.058418 -0.003831  1.021595
67.30937957	529	-0.061052 0.001197  1.022074
67.31454467	529	-0.052193 -0.000958  1.016568
67.31974029	530	-0.055545 0.000479  1.027342
67.32489776	530	-0.053630 -0.003112  1.014413
67.33009338	528	-0.058418 -0.004310  1.007709
67.33529663	531	-0.058179 -0.006943  1.013455
67.34049224	531	-0.053151 -0.012210  1.014652
67.34569549	531	-0.052432 -0.001197  1.011540
67.35089874	532	-0.054827 -0.005746  1.006512
67.35607910	530	-0.053151 -0.005746  1.014413
67.36128234	532	-0.055784 -0.000718  1.007949
67.36646270	533	-0.053390 -0.005267  0.998851
67.37165832	533	-0.049799 -0.008380  1.009864
67.37685394	530	-0.051235 -0.006704  1.006752
67.38205718	533	-0.052193 -0.013407  1.013455
67.38725280	532	-0.056024 -0.005028  1.001484
67.39246368	531	-0.047405 -0.005267  1.013455
67.39766693	532	-0.054348 -0.008619  1.008188
67.40286254	532	-0.050757 -0.014365  1.008906
67.40806579	531	-0.052911 -0.004310  1.018962
67.41326141	533	-0.054827 -0.006943  1.006033
67.41846466	532	-0.051714 -0.004549  1.010582
67.42364501	530	-0.051714 -0.005267  1.007230
67.42884826	532	-0.049799 -0.002394  1.017765
67.43402862	531	-0.062249 -0.004070  1.023750
67.43921661	530	-0.052672 0.000239  1.022314
67.44436645	531	-0.058418 -0.003352  1.017765
67.44956970	531	-0.059376 0.000479  1.018962
67.45472717	529	-0.054587 0.007422  1.012258
67.45988464	529	-0.059376 -0.000718  1.026623
67.46509552	528	-0.060573 0.005028  1.010343
67.47025299	528	-0.056742 0.003591  1.015610
67.47541046	525	-0.053869 0.005507  1.018483
67.48056793	527	-0.053630 0.005985  1.021595
67.48573303	526	-0.062009 0.007901  1.020398
67.49088287	526	-0.061530 -0.003831  1.029496
67.49608612	525	-0.054348 0.000958  1.025187
67.50125122	525	-0.052672 0.005985  1.019441
67.50639343	525	-0.055066 0.002394  1.023750
67.51153564	522	-0.050517 0.001437  1.025187
67.51667785	524	-0.055066 0.005028  1.029257
67.52184295	524	-0.057460 0.000718  1.025187
67.52698516	521	-0.055545 0.000718  1.027342
67.53212738	520	-0.052193 0.003591  1.032848
67.53726959	521	-0.055784 0.002155  1.029496
67.54241943	521	-0.048362 0.002873  1.026144
67.54755401	518	-0.054348 0.000000  1.034285
67.55265808	519	-0.050996 0.004788  1.037158
67.55780792	518	-0.047405 0.006464  1.031172
67.56295776	518	-0.054827 0.001676  1.029736
67.56810760	516	-0.050996 0.008858  1.044819
67.57324981	518	-0.050038 0.001676  1.040270
67.57839965	516	-0.049081 -0.000479  1.051523
67.58359527	514	-0.049799 -0.004070  1.035242
67.58878326	515	-0.045011 0.000239  1.051283
67.59392547	511	-0.051714 -0.001676  1.046495
67.59912109	512	-0.048602 -0.000718  1.045777
67.60433959	512	-0.039504 -0.000479  1.046974
67.60952758	511	-0.050517 0.002873  1.053917
67.61468505	511	-0.049559 0.001197  1.052480
67.61985015	509	-0.050278 0.002155  1.052480
67.62500762	509	-0.044532 0.001676  1.050565
67.63015747	508	-0.050278 0.003112  1.055593
67.63533020	505	-0.045011 0.005028  1.057987
67.64048004	505	-0.045489 0.000718  1.063972
67.64562225	506	-0.050038 0.007661  1.054635
67.65076446	505	-0.048602 0.008140  1.066127
67.65592193	503	-0.051954 0.010056  1.067324
67.66107177	504	-0.054827 0.006464  1.055832
67.66621398	500	-0.054348 0.010534  1.058705
67.67135620	503	-0.056742 0.009098  1.061339
67.67651367	502	-0.054108 0.002873  1.064691
67.68165588	502	-0.052911 0.008140  1.061578
67.68679046	498	-0.048602 0.006704  1.065648
67.69193267	500	-0.053390 0.013168  1.072113
67.69709014	497	-0.054348 0.004549  1.066846
67.70223999	496	-0.055066 0.005507  1.074028
67.70739746	493	-0.055066 0.006464  1.069958
67.71254730	494	-0.055306 0.008140  1.079535
67.71768951	495	-0.046447 0.009577  1.082408
67.72283172	491	-0.051475 0.005028  1.070437
67.72797393	492	-0.060812 0.010295  1.079295
67.73312377	487	-0.055784 0.006704  1.075704
67.73827362	488	-0.048602 0.013647  1.072113
67.74342346	488	-0.048602 0.009577  1.089111
67.74857330	488	-0.047405 0.012210  1.075943
67.75373077	487	-0.047405 0.012929  1.073070
67.75888061	483	-0.052432 0.009577  1.077619
##inga 
#ido(sec)  szog(ADC)     ax(g)    ay(g)   az(g)
67.76458740	484	-0.048602 0.008380  1.084802
67.76983642	483	-0.050757 0.012929  1.083605
67.77510833	480	-0.046208 0.006464  1.074986
67.78034973	480	-0.051714 0.014844  1.077859
67.78551483	478	-0.049799 0.005267  1.086717
67.79067993	477	-0.053390 0.008140  1.089111
67.79582214	476	-0.044292 0.013647  1.081450
67.80097961	474	-0.038307 0.001197  1.082168
67.80613708	472	-0.045011 0.011731  1.077140
67.81129455	474	-0.047405 0.002394  1.083605
67.81644439	473	-0.046926 0.009577  1.089830
67.82161712	470	-0.047405 0.011013  1.087435
67.82676696	471	-0.040701 0.013407  1.089351
67.83192443	469	-0.049320 0.012929  1.081689
67.83707427	469	-0.041659 0.005028  1.076183
67.84223175	469	-0.043574 0.008619  1.082408
67.84738159	465	-0.046926 0.011971  1.087675
67.85253143	466	-0.041898 0.014844  1.084323
67.85768127	463	-0.045968 0.014126  1.086478
67.86283111	463	-0.050996 0.013647  1.085760
67.86798095	464	-0.051475 0.016999  1.079535
67.87313079	461	-0.049320 0.014365  1.080732
67.87828063	461	-0.046447 0.008380  1.076183
67.88342285	460	-0.044532 0.014604  1.085281
67.88857269	458	-0.056024 0.011013  1.082168
67.89372253	456	-0.045729 0.011492  1.083844
67.89888000	457	-0.050278 0.015562  1.089590
67.90401458	456	-0.050996 0.016041  1.078338
67.90916442	454	-0.049320 0.016041  1.068042
67.91432189	452	-0.047884 0.014604  1.073549
67.91946411	451	-0.049799 0.014844  1.075704
67.92462158	450	-0.056263 0.021548  1.084802
67.92977905	451	-0.046686 0.022505  1.071155
67.93492889	450	-0.051714 0.020590  1.066846
67.94009399	451	-0.050757 0.022745  1.069958
67.94525909	451	-0.047884 0.016520  1.069479
67.95041656	450	-0.055306 0.019153  1.077380
67.95556640	448	-0.045489 0.022505  1.070916
67.96073150	447	-0.049081 0.018435  1.059902
67.96588897	445	-0.044771 0.018675  1.072113
67.97105407	447	-0.050038 0.016041  1.066606
67.97619628	447	-0.045011 0.023942  1.057029
67.98136138	447	-0.050996 0.015323  1.066606
67.98651123	445	-0.040222 0.019393  1.063494
67.99167633	443	-0.045489 0.022505  1.059663
67.99684143	442	-0.043335 0.019393  1.057508
68.00199127	440	-0.048362 0.013168  1.063733
68.00713348	437	-0.043574 0.016280  1.051762
68.01229095	439	-0.042616 0.019153  1.050804
68.01744079	437	-0.038307 0.017238  1.048650
68.02257537	435	-0.042377 0.019153  1.053199
68.02772521	435	-0.035913 0.018675  1.043861
68.03288269	435	-0.040701 0.022266  1.056311
68.03803253	434	-0.036870 0.010056  1.041946
68.04317474	434	-0.039504 0.017238  1.040270
68.04831695	430	-0.041659 0.022984  1.042664
68.05346679	432	-0.036391 0.017477  1.043383
68.05862426	432	-0.034476 0.022745  1.037636
68.06375885	431	-0.035434 0.021069  1.035721
68.06890869	432	-0.038067 0.021069  1.042185
68.07405853	432	-0.043095 0.012210  1.038115
68.07920074	431	-0.036152 0.016041  1.035242
68.08435058	430	-0.034476 0.017477  1.031651
68.08950042	427	-0.042616 0.019153  1.035242
68.09465789	426	-0.038786 0.022266  1.030693
68.09980773	426	-0.040940 0.018196  1.021117
68.10495758	423	-0.043095 0.022984  1.029975
68.11013793	425	-0.041180 0.021308  1.024708
68.11529541	423	-0.041180 0.019632  1.022793
68.12046051	424	-0.045729 0.021308  1.031172
68.12562561	424	-0.050278 0.025139  1.021835
68.13078308	424	-0.045489 0.018435  1.023511
68.13593292	422	-0.040222 0.020829  1.019920
68.14110565	422	-0.047405 0.025857  1.022314
68.14626312	422	-0.044532 0.026815  1.016328
68.15144348	422	-0.045729 0.025139  1.024708
68.15659332	421	-0.045968 0.021069  1.019680
68.16173553	421	-0.048123 0.024181  1.013934
68.16687774	420	-0.052672 0.026575  1.022314
68.17203521	420	-0.045729 0.026815  1.021356
68.17718505	421	-0.042856 0.022745  1.014413
68.18233489	418	-0.048123 0.017956  1.006273
68.18748474	420	-0.044053 0.023702  1.014413
68.19264221	418	-0.041180 0.022026  0.998851
68.19779205	420	-0.042856 0.018196  1.006512
68.20292663	421	-0.041419 0.021548  1.005315
68.20807647	418	-0.040940 0.019872  1.005555
68.21323394	419	-0.041180 0.018435  1.010822
68.21838378	420	-0.037589 0.023463  1.011540
68.22352600	419	-0.046447 0.018675  1.004597
68.22866821	416	-0.038546 0.021308  1.007709
68.23381805	418	-0.041180 0.016520  0.999808
68.23896026	417	-0.033518 0.022984  1.003639
68.24410247	417	-0.041180 0.017477  1.005076
68.24924468	417	-0.033997 0.022026  1.007230
68.25441741	417	-0.036870 0.019393  1.010582
68.25955963	416	-0.035194 0.020111  0.999569
68.26471710	416	-0.038546 0.015323  1.005076
68.26988983	415	-0.037110 0.017238  1.010103
68.27503967	417	-0.040462 0.015323  0.999330
68.28019714	415	-0.038307 0.023702  1.012258
##inga 
#ido(sec)  szog(ADC)     ax(g)    ay(g)   az(g)
68.28589630	416	-0.030885 0.018435  1.004118
68.29116821	415	-0.037110 0.021069  1.009146
68.29643249	416	-0.039983 0.023942  1.013216
68.30171203	415	-0.044292 0.013168  1.005794
68.30686187	417	-0.036631 0.020829  1.010343
68.31203460	417	-0.043335 0.017238  1.004597
68.31718444	417	-0.044771 0.018435  1.005076
68.32234954	417	-0.040940 0.018196  1.010822
68.32751464	418	-0.040940 0.022026  1.013695
68.33268737	418	-0.045489 0.019153  1.005555
68.33783721	417	-0.044532 0.016999  1.011779
68.34299468	418	-0.043095 0.017717  1.004118
68.34814453	420	-0.041659 0.016759  1.003160
68.35327911	419	-0.045250 0.020111  1.014652
68.35842895	421	-0.054587 0.022026  1.011301
68.36358642	421	-0.048841 0.022505  1.009864
68.36873626	422	-0.047405 0.020829  1.018004
68.37388610	422	-0.044053 0.022505  1.011061
68.37902069	424	-0.046447 0.022026  1.024229
68.38417816	423	-0.044532 0.021548  1.020877
68.38932800	424	-0.048841 0.021308  1.021595
68.39446258	423	-0.055545 0.017477  1.013455
68.39961242	424	-0.047405 0.021787  1.019920
68.40476989	423	-0.051714 0.018196  1.018483
68.40991210	425	-0.048841 0.023942  1.018962
68.41506958	425	-0.049081 0.017477  1.024708
68.42022705	426	-0.045729 0.014126  1.019201
68.42537689	425	-0.044532 0.021308  1.026384
68.43052673	427	-0.044771 0.017477  1.026863
68.43568420	425	-0.046686 0.016999  1.031890
68.44084167	428	-0.047405 0.015083  1.023271
68.44599914	427	-0.040940 0.017717  1.027102
68.45116424	429	-0.037589 0.015562  1.032369
68.45632934	430	-0.048362 0.015562  1.034524
68.46148681	429	-0.041419 0.011731  1.038594
68.46664428	431	-0.036391 0.009577  1.031890
68.47180938	431	-0.048602 0.006943  1.035482
68.47697448	433	-0.042138 0.011013  1.045537
68.48212432	432	-0.039265 0.011013  1.038834
68.48728942	432	-0.041659 0.006464  1.039312
68.49243927	435	-0.036391 0.008858  1.036439
68.49758911	435	-0.044292 0.011731  1.046495
68.50273895	436	-0.044532 0.009337  1.046974
68.50788879	435	-0.042616 0.008380  1.051523
68.51302337	437	-0.037589 0.009337  1.042904
68.51817321	438	-0.048841 0.009577  1.047213
68.52332305	438	-0.042377 0.017477  1.046256
68.52848052	437	-0.043574 0.015323  1.058466
68.53363037	442	-0.049320 0.017717  1.045298
68.53876495	441	-0.044771 0.011013  1.049129
68.54392242	442	-0.053869 0.015802  1.056311
68.54907226	445	-0.045250 0.011253  1.062536
68.55422210	445	-0.045968 0.020111  1.065170
68.55937957	448	-0.044771 0.016280  1.064691
68.56451416	448	-0.048362 0.011492  1.064691
68.56966400	447	-0.047884 0.017477  1.060860
68.57480621	449	-0.052432 0.023702  1.063254
68.57994842	447	-0.052672 0.015323  1.061339
68.58510589	447	-0.057460 0.010295  1.064451
68.59025573	449	-0.055306 0.022984  1.062296
68.59542083	448	-0.051235 0.019632  1.073070
68.60057830	451	-0.054827 0.014604  1.058945
68.60573577	452	-0.057700 0.018196  1.074267
68.61090850	452	-0.053151 0.015562  1.070916
68.61607360	451	-0.045968 0.009337  1.075704
68.62123107	455	-0.047405 0.013647  1.076901
68.62638854	456	-0.047884 0.014365  1.072113
68.63154602	455	-0.052911 0.009816  1.076183
68.63671875	456	-0.050278 0.011253  1.075225
68.64186859	456	-0.055784 0.011253  1.075704
68.64703369	456	-0.047165 0.012689  1.074507
68.65217590	458	-0.047644 0.012210  1.082168
68.65732574	460	-0.048841 0.007661  1.077619
68.66248321	461	-0.052911 0.010534  1.075464
68.66761779	463	-0.048123 0.009577  1.078338
68.67276763	462	-0.049559 0.010056  1.077859
68.67791748	464	-0.052911 0.009337  1.080971
68.68307495	465	-0.046447 0.005028  1.074028
68.68823242	467	-0.047644 0.006225  1.079056
68.69337463	467	-0.047405 0.003591  1.079535
68.69851684	468	-0.044532 0.009577  1.075464
68.70366668	468	-0.046447 0.006464  1.078338
68.70880889	469	-0.049799 0.010295  1.078338
68.71395111	471	-0.050757 0.007422  1.079056
68.71910095	471	-0.053630 0.000958  1.083605
68.72425842	472	-0.041180 0.004070  1.079774
68.72939300	473	-0.046208 0.002394  1.075943
68.73454284	475	-0.044532 0.008140  1.085041
68.73968505	477	-0.045729 0.003352  1.084562
68.74483489	476	-0.045968 0.007661  1.075704
68.74998474	477	-0.050278 0.003112  1.076422
68.75513458	479	-0.053869 0.000000  1.083365
68.76023864	480	-0.050517 0.009577  1.081450
68.76538848	482	-0.048841 0.007901  1.070676
68.77053833	480	-0.049799 0.001676  1.079056
68.77569580	481	-0.050996 0.001676  1.079774
68.78084564	485	-0.053390 0.003112  1.078338
68.78601837	484	-0.050278 0.006225  1.074267
68.79118347	487	-0.050996 0.007422  1.076901
68.79634857	489	-0.056503 0.004070  1.075464
68.80150604	488	-0.063925 0.003591  1.081450
##inga 
#ido(sec)  szog(ADC)     ax(g)    ay(g)   az(g)
68.80719757	491	-0.055784 0.002873  1.069718
68.81246185	493	-0.057700 0.003352  1.073789
68.81772613	493	-0.055784 0.004788  1.067324
68.82299041	494	-0.054827 0.004788  1.070197
68.82815551	492	-0.055784 0.003831  1.074267
68.83331298	496	-0.063925 0.006225  1.079535
68.83847045	495	-0.058179 0.003831  1.073549
68.84363555	497	-0.056742 0.002873  1.069718
68.84879302	499	-0.055784 -0.000239  1.065409
68.85398101	500	-0.060094 0.007183  1.065170
68.85913848	502	-0.054827 -0.000239  1.067803
68.86431884	502	-0.053390 0.004310  1.067324
68.86946868	500	-0.057939 -0.004070  1.061818
68.87466430	503	-0.060812 -0.003352  1.062057
68.87985229	503	-0.057221 0.005267  1.057508
68.88500976	504	-0.057221 -0.001197  1.055593
68.89019012	504	-0.058179 0.001437  1.059663
68.89533233	505	-0.056742 0.000958  1.060621
68.90047454	504	-0.054348 0.004549  1.068042
68.90562438	507	-0.061291 -0.000718  1.057987
68.91082763	506	-0.051235 0.000479  1.057508
68.91597747	508	-0.048841 -0.001915  1.054156
68.92118072	509	-0.052911 -0.001437  1.056550
68.92637634	510	-0.053390 0.001437  1.054635
68.93153381	511	-0.050757 -0.008858  1.045777
68.93674468	509	-0.053390 0.001197  1.048889
68.94189453	512	-0.049081 0.004070  1.046495
68.94705963	513	-0.046926 -0.002634  1.049607
68.95225524	514	-0.055545 -0.004070  1.043861
68.95745086	512	-0.044053 -0.001915  1.037636
68.96265411	515	-0.054348 -0.003352  1.040270
68.96784210	517	-0.048123 -0.005028  1.037636
68.97303771	516	-0.050757 -0.003352  1.031890
68.97822570	516	-0.050278 -0.008380  1.046256
68.98342132	516	-0.049559 -0.002394  1.040031
68.98861694	517	-0.054108 -0.007422  1.033088
68.99381256	519	-0.053390 -0.005028  1.040988
68.99901580	520	-0.056981 -0.006943  1.039552
69.00422668	519	-0.052672 -0.002394  1.031172
69.00942230	522	-0.053869 -0.002873  1.029975
69.01463317	524	-0.056981 -0.001915  1.027581
69.01982879	524	-0.059136 -0.002873  1.028299
69.02502441	522	-0.054827 -0.002634  1.030215
69.03022766	525	-0.056024 -0.005985  1.023750
69.03541564	524	-0.057700 0.001437  1.025905
69.04057312	525	-0.056503 -0.000479  1.023511
69.04577636	525	-0.057460 0.002394  1.024947
69.05091857	523	-0.060094 0.000000  1.029736
69.05603027	525	-0.057460 -0.003831  1.016089
69.06123352	524	-0.054348 0.003112  1.017047
69.06636810	526	-0.056981 0.006464  1.018244
69.07151794	526	-0.061770 0.002155  1.014174
69.07666778	527	-0.066319 -0.000958  1.023032
69.08185577	525	-0.066319 -0.005028  1.013695
69.08705902	525	-0.059136 -0.008858  1.015610
69.09225463	527	-0.057939 -0.004070  1.011540
69.09745025	528	-0.057221 -0.004310  1.018004
69.10264587	526	-0.058657 -0.005985  1.013695
69.10784912	528	-0.056024 -0.007183  1.012977
69.11303710	529	-0.059615 0.000000  1.015849
69.11814880	528	-0.051475 -0.005985  1.008667
69.12335205	529	-0.056742 -0.001437  1.010582
69.12854766	528	-0.058179 -0.008858  1.013934
69.13374328	527	-0.052432 -0.003591  1.013216
69.13893890	529	-0.050996 -0.002155  1.008667
69.14412689	529	-0.056263 -0.007901  1.018483
69.14933013	529	-0.050996 -0.009098  1.008427
69.15451812	528	-0.050278 -0.005267  1.009385
69.15972137	529	-0.049320 -0.004070  1.018723
69.16491699	527	-0.056024 -0.000718  1.013455
69.17011260	528	-0.053630 -0.007661  1.007949
69.17533111	528	-0.050278 -0.005985  1.022314
69.18053436	528	-0.056263 -0.004788  1.022314
69.18572998	529	-0.047405 -0.002873  1.020638
69.19092559	529	-0.052193 -0.013647  1.013695
69.19611358	528	-0.053869 -0.000718  1.020159
69.20130157	529	-0.052193 -0.005985  1.013216
69.20649719	526	-0.048841 -0.002155  1.011061
69.21168518	528	-0.050038 -0.005746  1.013455
69.21688079	527	-0.055066 -0.005267  1.024708
69.22207641	528	-0.050278 -0.000718  1.012977
69.22727966	524	-0.052432 -0.005507  1.011779
69.23248291	526	-0.050996 -0.003352  1.019201
69.23767852	525	-0.057221 -0.001197  1.023271
69.24288177	526	-0.055066 0.003831  1.017765
69.24804687	523	-0.053869 0.002873  1.020159
69.25318145	525	-0.056263 0.004549  1.024469
69.25835418	523	-0.054827 0.001915  1.025187
69.26350402	524	-0.050278 0.004549  1.020877
69.26865386	522	-0.050278 0.001197  1.031172
69.27381134	523	-0.058657 0.003831  1.018004
69.27895355	522	-0.054108 0.002394  1.023750
69.28409576	522	-0.060333 0.004070  1.023511
69.28923797	521	-0.057221 0.004549  1.027581
69.29438018	521	-0.060333 0.004070  1.031412
69.29953765	519	-0.061530 0.002634  1.036918
69.30468750	520	-0.056742 0.006225  1.029975
69.30982971	520	-0.054827 -0.002873  1.040031
69.31502532	516	-0.055545 0.012450  1.037876
69.32017517	517	-0.058179 0.000958  1.035003
69.32531738	518	-0.050757 0.006704  1.032369
##inga 
#ido(sec)  szog(ADC)     ax(g)    ay(g)   az(g)
69.33100891	518	-0.056263 0.004788  1.044819
69.33628082	517	-0.054108 0.002155  1.040270
69.34153747	516	-0.051714 0.001197  1.034763
69.34680175	516	-0.051954 -0.000958  1.050565
69.35199737	515	-0.052193 -0.003352  1.041228
69.35719299	511	-0.049320 0.000000  1.037636
69.36229705	513	-0.056024 0.000000  1.042185
69.36740875	512	-0.052911 0.000000  1.051523
69.37252044	509	-0.049559 0.002873  1.047931
69.37766265	510	-0.048602 0.001915  1.048650
69.38280487	507	-0.053390 0.003352  1.043861
69.38795471	507	-0.050038 0.010056  1.048889
69.39311218	506	-0.049320 0.000000  1.045058
69.39823913	508	-0.053151 0.000479  1.055593
69.40338897	506	-0.048362 0.007422  1.052002
69.40855407	504	-0.052432 0.002634  1.051283
69.41371917	505	-0.046686 0.006464  1.058466
69.41887664	505	-0.048841 0.003831  1.058945
69.42404174	505	-0.048362 0.009098  1.061339
69.42920684	504	-0.051714 0.000239  1.047692
69.43435668	502	-0.047165 0.003591  1.063972
69.43952941	503	-0.049081 0.010774  1.064212
69.44468688	503	-0.051235 0.002873  1.057029
69.44983673	502	-0.052193 0.006704  1.066367
69.45499420	501	-0.047884 0.009098  1.061099
69.46014404	499	-0.054108 0.008140  1.063972
69.46529388	497	-0.049320 0.011013  1.063494
69.47045135	497	-0.051235 0.009098  1.068042
69.47559356	495	-0.053390 0.005028  1.066606
69.48074340	496	-0.057221 0.007661  1.067803
69.48588562	495	-0.050038 0.009098  1.069958
69.49104309	492	-0.056742 0.007183  1.073070
69.49618530	492	-0.054108 0.013407  1.080013
69.50132751	491	-0.054348 0.007422  1.071873
69.50646972	490	-0.058897 0.005028  1.064930
69.51161956	487	-0.052193 0.012929  1.071634
69.51676177	489	-0.048841 0.007661  1.070676
69.52190399	486	-0.053390 0.005028  1.075225
69.52704620	486	-0.052911 0.009816  1.075943
69.53218841	484	-0.054108 0.016041  1.074507
69.53734588	485	-0.057221 0.013407  1.076422
69.54248809	484	-0.052432 0.012929  1.072352
69.54763793	480	-0.057700 0.006943  1.071394
69.55278778	480	-0.048123 0.009816  1.073310
69.55792999	479	-0.052911 0.009098  1.072831
69.56307220	478	-0.048362 0.014604  1.080732
69.56822204	477	-0.047165 0.013647  1.079295
69.57339477	475	-0.046926 0.015562  1.084084
69.57855224	474	-0.042616 0.014844  1.076422
69.58370971	474	-0.044053 0.012689  1.074507
69.58886718	473	-0.045489 0.006225  1.075704
69.59401702	471	-0.047405 0.019632  1.073549
69.59918212	472	-0.045011 0.011253  1.083126
69.60433959	470	-0.043095 0.007183  1.080492
69.60950469	470	-0.043095 0.012210  1.092942
69.61465454	470	-0.045729 0.008380  1.089351
69.61981964	469	-0.038786 0.008380  1.077140
69.62496185	466	-0.040462 0.014126  1.068042
69.63011169	466	-0.049081 0.015323  1.078098
69.63526153	464	-0.041898 0.013647  1.079774
69.64041900	463	-0.039265 0.004788  1.070197
69.64556884	463	-0.045968 0.009577  1.076901
69.65071105	462	-0.039504 0.011492  1.078816
69.65585327	462	-0.042616 0.012210  1.077140
69.66099548	461	-0.041419 0.012929  1.071155
69.66614532	460	-0.042138 0.012210  1.075943
69.67128753	459	-0.045968 0.014126  1.076183
69.67644500	457	-0.040701 0.010295  1.069718
69.68158721	455	-0.043574 0.018914  1.080732
69.68674468	453	-0.044532 0.010295  1.078338
69.69188690	455	-0.045968 0.013886  1.071155
69.69703674	451	-0.047884 0.015083  1.073310
69.70218658	451	-0.042377 0.018675  1.067803
69.70733642	452	-0.045011 0.014844  1.067564
69.71247863	451	-0.043095 0.015323  1.074746
69.71762847	450	-0.040701 0.016999  1.067324
69.72277832	451	-0.048841 0.011971  1.065170
69.72792053	450	-0.053630 0.017477  1.067085
69.73307037	449	-0.052672 0.017717  1.060860
69.73824310	449	-0.054348 0.018435  1.060381
69.74340820	448	-0.048841 0.023702  1.066606
69.74856567	448	-0.044532 0.018196  1.057748
69.75373077	448	-0.046926 0.022026  1.060381
69.75889587	445	-0.056024 0.022026  1.054156
69.76406097	444	-0.058657 0.017477  1.059902
69.76921844	445	-0.050038 0.017717  1.053678
69.77438354	445	-0.047884 0.018914  1.048171
69.77954101	443	-0.047405 0.017717  1.056790
69.78471374	442	-0.045489 0.021069  1.052241
69.78987121	440	-0.056742 0.019153  1.049847
69.79502105	438	-0.046447 0.021069  1.047213
69.80017852	439	-0.045250 0.018196  1.049368
69.80531311	439	-0.046926 0.020590  1.050326
69.81047058	437	-0.042856 0.016999  1.047453
69.81563568	434	-0.038067 0.019393  1.040749
69.82077789	435	-0.042377 0.022266  1.037636
69.82592010	433	-0.038786 0.013886  1.046016
69.83106231	432	-0.034955 0.018914  1.043383
69.83622741	433	-0.032561 0.013647  1.046016
69.84136199	432	-0.040701 0.017238  1.048171
69.84651184	432	-0.034716 0.014844  1.035003
##inga 
#ido(sec)  szog(ADC)     ax(g)    ay(g)   az(g)
69.85218048	432	-0.035913 0.018675  1.041707
69.85746765	430	-0.036391 0.016041  1.036918
69.86273956	431	-0.037589 0.015562  1.039073
69.86799621	430	-0.038786 0.015562  1.027342
69.87315368	431	-0.034955 0.019153  1.038355
69.87828826	428	-0.043813 0.017238  1.028060
69.88343811	429	-0.035673 0.017238  1.042664
69.88858032	429	-0.035434 0.015323  1.031412
69.89374542	428	-0.036631 0.022984  1.035003
69.89889526	427	-0.036391 0.018196  1.023511
69.90403747	426	-0.037349 0.020829  1.014892
69.90920257	424	-0.044771 0.024660  1.030933
69.91435241	423	-0.041180 0.020111  1.011540
69.91950225	424	-0.039743 0.021787  1.017525
69.92467498	425	-0.050038 0.022266  1.025187
69.92982482	422	-0.045250 0.020590  1.018483
69.93498229	424	-0.043095 0.019632  1.015371
69.94014739	424	-0.041180 0.027294  1.020159
69.94529724	422	-0.043335 0.022984  1.012258
69.95046234	423	-0.047405 0.020590  1.014413
69.95563507	422	-0.043095 0.028012  1.023271
69.96078491	423	-0.044292 0.022505  1.010343
69.96594238	421	-0.049081 0.032082  1.008188
69.97110748	422	-0.047644 0.023942  1.016568
69.97625732	419	-0.050038 0.025139  1.011061
69.98140716	421	-0.043813 0.025618  1.011301
69.98655700	420	-0.049320 0.023702  1.010103
69.99171447	421	-0.051714 0.026097  1.004597
69.99686431	420	-0.044053 0.020590  1.020877
70.00201416	421	-0.049081 0.021069  1.013216
70.00717163	421	-0.041659 0.016280  1.006991
70.01231384	420	-0.044292 0.019153  1.005315
70.01745605	418	-0.042138 0.016280  1.010582
70.02259063	421	-0.039983 0.023702  1.006033
70.02774047	420	-0.039743 0.020590  1.017047
70.03289794	421	-0.035673 0.022266  1.012977
70.03804779	419	-0.039025 0.023463  1.016089
70.04319763	421	-0.038546 0.022505  1.012498
70.04835510	418	-0.039025 0.019632  1.017286
70.05350494	419	-0.038786 0.020829  1.001484
70.05864715	421	-0.039265 0.020829  1.002921
70.06378936	420	-0.039504 0.020829  1.004118
70.06896209	421	-0.035913 0.015562  1.002681
70.07411193	421	-0.034716 0.014365  1.013216
70.07926177	419	-0.036391 0.013168  1.010103
70.08441925	418	-0.038307 0.016520  1.007949
70.08958435	420	-0.033518 0.017477  1.016568
70.09474945	419	-0.039025 0.013886  1.016568
70.09992218	420	-0.036391 0.014126  1.016328
70.10507965	420	-0.040462 0.010534  1.013695
70.11025238	420	-0.039265 0.015323  1.006512
70.11539459	422	-0.041180 0.012450  1.017765
70.12055969	422	-0.047405 0.008380  1.011061
70.12570190	423	-0.033997 0.016999  1.018723
70.13086700	421	-0.049081 0.016759  1.008906
70.13603210	425	-0.040462 0.023463  1.011061
70.14116668	422	-0.047165 0.017956  1.005076
70.14631652	424	-0.035913 0.018675  1.018004
70.15147399	424	-0.046926 0.019632  1.011540
70.15662384	425	-0.043813 0.016759  1.012737
70.16177368	425	-0.050757 0.021548  1.016328
70.16693115	426	-0.055066 0.022745  1.016807
70.17208099	425	-0.053869 0.021548  1.018004
70.17723083	425	-0.046686 0.019153  1.015371
70.18238067	427	-0.053390 0.020590  1.017286
70.18753814	425	-0.050038 0.026815  1.024229
70.19268798	427	-0.054587 0.020590  1.020877
70.19783020	428	-0.049799 0.018435  1.026384
70.20298767	428	-0.053630 0.014365  1.027102
70.20812988	429	-0.048362 0.017717  1.029736
70.21327972	429	-0.048841 0.016999  1.033806
70.21842956	430	-0.049799 0.014126  1.024229
70.22359466	431	-0.046447 0.021308  1.031412
70.22875213	430	-0.049559 0.014604  1.035242
70.23391723	431	-0.046926 0.014126  1.043383
70.23910522	433	-0.045968 0.017238  1.035961
70.24427032	434	-0.045011 0.014126  1.036918
70.24943542	433	-0.046447 0.003831  1.045058
70.25459289	432	-0.046208 0.015323  1.042904
70.25974273	434	-0.040462 0.012689  1.033327
70.26489257	435	-0.039025 0.009337  1.048650
70.27006530	436	-0.043095 0.010056  1.045537
70.27521514	437	-0.039265 0.014126  1.046495
70.28036499	437	-0.039025 0.008619  1.036200
70.28552246	437	-0.042138 0.011971  1.039791
70.29067230	438	-0.041419 0.011971  1.046016
70.29582214	440	-0.042377 0.019153  1.051523
70.30096435	441	-0.042138 0.014365  1.044580
70.30610656	442	-0.038786 0.011253  1.048171
70.31124877	444	-0.038067 0.009577  1.060142
70.31639862	443	-0.041419 0.010295  1.057269
70.32154846	444	-0.042138 0.012210  1.054875
70.32669067	446	-0.044532 0.016041  1.048171
70.33184051	448	-0.041898 0.014126  1.054396
70.33698272	448	-0.045250 0.014844  1.058945
70.34212493	448	-0.041180 0.013407  1.051762
70.34727478	449	-0.046926 0.015802  1.061099
70.35242462	449	-0.046208 0.013886  1.063733
70.35756683	447	-0.050278 0.008380  1.058226
70.36270904	449	-0.050996 0.015083  1.061578
70.36785888	448	-0.046447 0.014126  1.072831
##inga 
#ido(sec)  szog(ADC)     ax(g)    ay(g)   az(g)
70.37354278	451	-0.048602 0.013407  1.059663
70.37881469	452	-0.055306 0.013886  1.064691
70.38407897	453	-0.056503 0.013647  1.070437
70.38933563	454	-0.051714 0.010295  1.069718
70.39447784	454	-0.060573 0.014126  1.073310
70.39962768	455	-0.051714 0.009577  1.063254
70.40476989	454	-0.057939 0.015562  1.068042
70.40991973	454	-0.052193 0.014844  1.065648
70.41506958	458	-0.059854 0.010774  1.074986
70.42022705	457	-0.059136 0.012929  1.069240
70.42538452	457	-0.053390 0.009337  1.073310
70.43054199	460	-0.056742 0.017238  1.076183
70.43572235	460	-0.058657 0.010534  1.079056
70.44087982	463	-0.055306 0.018196  1.080732
70.44603729	463	-0.053390 0.008140  1.072831
70.45119476	464	-0.055784 0.007183  1.078338
70.45636749	465	-0.051714 0.010295  1.073789
70.46151733	464	-0.046926 0.008380  1.073549
70.46668243	467	-0.055066 0.007183  1.078338
70.47183990	468	-0.047644 0.006464  1.084562
70.47698974	469	-0.045489 0.000239  1.072592
70.48214721	470	-0.044532 0.009098  1.072592
70.48730468	472	-0.047884 0.003831  1.074507
70.49244689	472	-0.045011 0.009098  1.073070
70.49758911	472	-0.047165 0.003831  1.076422
70.50273895	474	-0.045968 0.006464  1.074267
70.50788879	475	-0.053390 -0.001915  1.072592
70.51308441	476	-0.045011 -0.000479  1.074028
70.51827239	477	-0.049559 0.006225  1.078098
70.52342224	477	-0.042856 0.009098  1.081689
70.52856445	478	-0.049799 0.001915  1.081450
70.53371429	479	-0.043574 -0.003591  1.074267
70.53890991	480	-0.047884 0.005985  1.074746
70.54404449	481	-0.051235 0.001676  1.070676
70.54920196	480	-0.046208 -0.000718  1.077859
70.55439758	483	-0.045968 0.001915  1.070437
70.55955505	484	-0.045489 0.005028  1.073789
70.56470489	485	-0.049559 0.005507  1.081450
70.56986236	487	-0.048602 0.004310  1.068282
70.57502746	489	-0.048841 0.002394  1.071634
70.58017730	490	-0.045968 0.003112  1.072113
70.58533477	491	-0.050278 0.003112  1.070676
70.59049224	489	-0.050278 0.005746  1.068761
70.59566497	492	-0.050996 -0.000479  1.076422
70.60086059	492	-0.052911 0.004549  1.074507
70.60601806	494	-0.052432 0.002634  1.063972
70.61116027	492	-0.052672 0.005507  1.066367
70.61631774	494	-0.060333 0.004310  1.060621
70.62146759	495	-0.056503 0.005746  1.072831
70.62660980	496	-0.064882 0.007183  1.067803
70.63177490	498	-0.057700 0.005507  1.070197
70.63690948	499	-0.060094 0.002394  1.063254
70.64205932	502	-0.057700 0.005985  1.067085
70.64720916	500	-0.061052 0.010534  1.066367
70.65235900	503	-0.057221 0.009098  1.055114
70.65750885	503	-0.060573 0.000239  1.064691
70.66265869	503	-0.054108 0.002155  1.060381
70.66780853	504	-0.059136 0.004549  1.062296
70.67294311	504	-0.062727 0.001676  1.056072
70.67810058	503	-0.058179 0.002155  1.054875
70.68325042	503	-0.056742 0.005267  1.055353
70.68840026	504	-0.054348 0.005028  1.048650
70.69353485	506	-0.058897 0.000479  1.061578
70.69867706	507	-0.054587 0.004070  1.053438
70.70381927	506	-0.057700 0.000239  1.046974
70.70896148	508	-0.051475 -0.000958  1.041707
70.71415710	508	-0.052672 -0.001197  1.051762
70.71936035	508	-0.053151 -0.002155  1.042904
70.72456359	510	-0.051714 -0.009816  1.047931
70.72976684	511	-0.051954 -0.002394  1.050086
70.73497772	512	-0.045729 -0.004788  1.030933
70.74017333	513	-0.040701 -0.005746  1.033566
70.74536895	515	-0.051475 -0.007422  1.035482
70.75055694	515	-0.052911 0.001437  1.042904
70.75572204	516	-0.050038 0.000000  1.038834
70.76082611	514	-0.052911 -0.009816  1.029496
70.76601409	517	-0.048362 -0.007901  1.032848
70.77121734	516	-0.046686 -0.009337  1.037158
70.77641296	519	-0.050038 0.000239  1.033088
70.78157043	519	-0.051714 -0.001915  1.026863
70.78675079	519	-0.044532 -0.004549  1.033806
70.79195404	518	-0.053390 -0.002155  1.032609
70.79714965	517	-0.055784 -0.002873  1.030933
70.80235290	521	-0.049320 -0.007422  1.037397
70.80756378	521	-0.057460 -0.006704  1.030933
70.81278228	523	-0.058418 -0.001676  1.027820
70.81797790	522	-0.056263 -0.008619  1.020398
70.82316589	521	-0.062727 -0.002873  1.027820
70.82836914	524	-0.057221 0.003831  1.032609
70.83351135	525	-0.053630 -0.004070  1.033088
70.83870697	524	-0.053869 0.004788  1.019201
70.84384918	524	-0.062727 -0.002394  1.027102
70.84903717	524	-0.057700 -0.003831  1.020159
70.85423278	524	-0.065840 0.003591  1.016568
70.85939025	524	-0.056981 0.003591  1.023032
70.86452484	523	-0.057700 -0.002155  1.022553
70.86972045	526	-0.062727 0.000239  1.023511
70.87487792	524	-0.061530 0.003112  1.023990
70.88003540	523	-0.064403 0.006943  1.021835
70.88518524	526	-0.056503 -0.000479  1.020638
70.89038085	526	-0.062727 -0.000239  1.025905
##inga 
#ido(sec)  szog(ADC)     ax(g)    ay(g)   az(g)
70.89611816	524	-0.060333 -0.002155  1.017286
70.90139770	527	-0.061530 -0.005267  1.022553
70.90666961	526	-0.056503 -0.005028  1.024229
70.91191864	526	-0.058179 -0.007661  1.019920
70.91712188	525	-0.058897 -0.004549  1.007709
70.92231750	526	-0.054108 -0.006704  1.015849
70.92752838	524	-0.055545 -0.010534  1.005555
70.93273925	526	-0.049799 0.000239  1.011779
70.93788909	524	-0.049799 -0.008619  1.010343
70.94306945	525	-0.053390 -0.002634  1.015610
70.94825744	526	-0.052911 -0.002634  1.014652
70.95344543	524	-0.054827 0.000958  1.020159
70.95861053	524	-0.046926 -0.006943  1.009385
70.96379089	525	-0.046686 -0.005267  1.017765
70.96899414	526	-0.052911 -0.002394  1.020398
70.97418975	526	-0.047405 -0.007901  1.028060
70.97938537	525	-0.051475 -0.007422  1.015849
70.98457336	525	-0.047644 -0.009816  1.022793
70.98977661	525	-0.048362 -0.008619  1.021835
70.99499511	525	-0.049320 -0.002634  1.027102
71.00019836	523	-0.056263 -0.001197  1.015131
71.00539398	526	-0.048841 -0.002155  1.025187
71.01058959	525	-0.043335 -0.002634  1.017047
71.01577758	524	-0.051475 -0.001437  1.024469
71.02096557	523	-0.050278 0.005028  1.019201
71.02611541	524	-0.052432 -0.000479  1.022793
71.03131103	523	-0.054827 0.003352  1.017047
71.03645324	523	-0.056742 0.002634  1.022553
71.04160308	521	-0.054587 0.002394  1.030693
71.04673767	522	-0.056981 -0.001676  1.021356
71.05192565	522	-0.057939 0.008619  1.020877
71.05708312	519	-0.062967 0.002873  1.026144
71.06224060	519	-0.058418 -0.000479  1.029257
71.06742858	519	-0.056263 0.008619  1.026863
71.07259368	519	-0.056742 0.007183  1.040270
71.07774353	519	-0.052672 0.009816  1.032609
71.08290100	517	-0.062009 0.006225  1.026144
71.08805084	517	-0.056503 0.001437  1.034045
71.09320068	517	-0.056981 0.008380  1.027102
71.09833526	517	-0.059615 0.004070  1.023271
71.10348510	514	-0.059376 0.010056  1.038355
71.10865783	513	-0.052911 0.009337  1.029257
71.11380767	514	-0.055306 0.006464  1.033806
71.11897277	513	-0.054827 0.003112  1.037876
71.12413024	512	-0.054108 0.005028  1.037636
71.12929534	512	-0.051714 0.005267  1.041707
71.13442993	512	-0.047884 0.000479  1.045058
71.13958740	510	-0.051235 0.001676  1.039791
71.14473724	508	-0.052672 0.002394  1.037397
71.14987945	507	-0.055784 0.005985  1.040749
71.15503692	506	-0.046926 0.007183  1.039073
71.16019439	508	-0.041898 0.001437  1.043143
71.16534423	506	-0.047165 0.005746  1.046974
71.17049407	507	-0.043574 -0.002155  1.046974
71.17569732	504	-0.048602 0.002873  1.047213
71.18083953	505	-0.046686 -0.001915  1.063972
71.18603515	505	-0.044532 -0.000239  1.054396
71.19123077	501	-0.046208 -0.001197  1.050326
71.19643402	504	-0.047405 0.005746  1.053199
71.20159912	503	-0.045489 0.003831  1.055353
71.20675659	503	-0.044292 0.003352  1.058466
71.21192169	501	-0.044771 0.009577  1.057029
71.21707153	502	-0.050517 0.004310  1.058945
71.22222137	498	-0.043574 0.001676  1.058226
71.22738647	499	-0.050038 0.000479  1.060381
71.23254394	499	-0.049081 0.002155  1.067324
71.23770904	498	-0.048362 0.002873  1.054396
71.24287414	496	-0.048123 0.006704  1.064930
71.24802398	495	-0.045968 0.001437  1.057748
71.25318145	494	-0.052432 0.010295  1.062057
71.25833892	494	-0.051475 0.007183  1.064930
71.26347351	493	-0.052672 0.012929  1.064451
71.26860809	491	-0.050757 0.009337  1.068282
71.27375793	489	-0.052432 0.012929  1.070437
71.27891540	489	-0.046926 0.011731  1.061578
71.28406524	489	-0.051235 0.010774  1.071873
71.28920745	489	-0.045968 0.007422  1.072352
71.29434967	488	-0.057700 0.016759  1.076183
71.29950714	486	-0.048362 0.012450  1.070437
71.30464172	485	-0.052911 0.016520  1.069718
71.30978393	484	-0.052911 0.013168  1.066846
71.31494140	483	-0.054587 0.016041  1.072831
71.32009887	480	-0.059136 0.014365  1.074986
71.32524108	480	-0.053630 0.011013  1.076422
71.33038330	480	-0.056981 0.012689  1.063972
71.33553314	478	-0.052911 0.008619  1.073310
71.34068298	478	-0.056981 0.015562  1.077619
71.34582519	476	-0.054348 0.010534  1.069479
71.35095977	475	-0.045968 0.011013  1.083605
71.35611724	474	-0.053390 0.008619  1.076901
71.36128234	474	-0.052911 0.009098  1.069240
71.36643218	473	-0.059615 0.011013  1.074267
71.37159729	472	-0.046208 0.008140  1.077140
71.37675476	472	-0.042138 0.009337  1.077380
71.38190460	470	-0.046447 0.008140  1.079295
71.38706207	471	-0.044053 0.011971  1.076422
71.39223480	470	-0.046926 0.014604  1.077140
71.39739227	469	-0.043095 0.009577  1.072113
71.40254974	466	-0.046926 0.011253  1.068282
71.40770721	464	-0.044053 0.013647  1.076422
71.41286468	465	-0.037349 0.012210  1.072352
##inga 
#ido(sec)  szog(ADC)     ax(g)    ay(g)   az(g)
71.41854095	463	-0.040940 0.005985  1.071155
71.42380523	462	-0.043574 0.006943  1.067085
71.42906951	463	-0.039504 0.008858  1.074507
71.43431091	462	-0.034716 0.011013  1.074507
71.43946838	461	-0.037349 0.007661  1.065170
71.44461822	458	-0.044532 0.013407  1.065888
71.44977569	458	-0.036391 0.011013  1.067803
71.45491790	456	-0.045968 0.012689  1.065409
71.46007537	458	-0.040940 0.010534  1.073310
71.46521759	456	-0.040940 0.013647  1.070437
71.47036743	455	-0.044053 0.013647  1.065409
71.47551727	454	-0.041898 0.008858  1.065409
71.48067474	453	-0.047165 0.011013  1.071394
71.48582458	451	-0.045729 0.011492  1.063733
71.49096679	450	-0.041898 0.019872  1.052480
71.49610900	451	-0.044532 0.016280  1.065648
71.50125122	450	-0.044771 0.014365  1.058226
71.50640106	450	-0.044053 0.015802  1.067803
71.51154327	448	-0.051714 0.020111  1.055593
71.51668548	450	-0.049559 0.021548  1.054875
71.52183532	450	-0.052672 0.022984  1.052002
71.52697753	446	-0.057700 0.023942  1.053917
71.53212738	447	-0.055066 0.023942  1.053438
71.53727722	447	-0.053869 0.015323  1.053438
71.54243469	447	-0.049799 0.023463  1.055832
71.54757690	448	-0.048602 0.017956  1.059184
71.55273437	447	-0.052193 0.022505  1.053199
71.55790710	445	-0.051235 0.020111  1.054635
71.56306457	442	-0.045968 0.020829  1.048410
71.56822204	441	-0.050757 0.022984  1.052480
71.57337951	442	-0.045968 0.023224  1.053438
71.57854461	439	-0.045489 0.019632  1.055832
71.58372497	441	-0.044053 0.019632  1.052002
71.58888244	440	-0.044532 0.020111  1.028539
71.59404754	439	-0.046926 0.019632  1.047692
71.59921264	437	-0.037828 0.014365  1.040270
71.60436248	436	-0.041180 0.023224  1.044819
71.60951995	434	-0.034955 0.016041  1.042904
71.61467742	435	-0.039743 0.014604  1.045777
71.61982727	434	-0.038067 0.014844  1.043622
71.62496948	433	-0.039983 0.015562  1.028539
71.63012695	433	-0.033758 0.018914  1.029257
71.63526153	432	-0.033758 0.014365  1.035961
71.64041900	432	-0.037349 0.006943  1.034285
71.64556884	432	-0.034716 0.010774  1.031172
71.65071868	431	-0.033758 0.011013  1.041707
71.65585327	432	-0.037589 0.015562  1.021356
71.66101074	430	-0.035194 0.019872  1.029496
71.66616058	431	-0.034237 0.022745  1.025187
71.67130279	431	-0.032561 0.018675  1.040749
71.67646026	429	-0.036631 0.016041  1.026144
71.68160247	427	-0.037110 0.016759  1.018004
71.68675231	428	-0.036391 0.017238  1.032609
71.69190216	427	-0.036870 0.020351  1.021117
71.69706726	428	-0.040462 0.021308  1.025187
71.70222473	427	-0.044292 0.021308  1.021835
71.70737457	425	-0.036631 0.016759  1.029257
71.71254730	423	-0.045968 0.025139  1.023032
71.71772003	423	-0.042856 0.016280  1.016089
71.72287750	423	-0.041659 0.022984  1.015610
71.72803497	425	-0.047884 0.021787  1.018244
71.73320007	425	-0.047405 0.031603  1.016807
71.73834991	423	-0.046926 0.021787  1.020159
71.74352264	424	-0.055784 0.023463  1.015610
71.74868774	425	-0.047644 0.030167  1.000527
71.75385284	423	-0.046686 0.029209  1.019680
71.75901031	424	-0.050757 0.027772  0.999330
71.76416015	424	-0.048362 0.028012  1.018483
71.76930236	423	-0.052432 0.025857  1.013695
71.77444458	423	-0.056503 0.026815  1.005076
71.77960205	422	-0.047644 0.026097  1.013934
71.78475952	423	-0.047644 0.024660  1.018723
71.78990173	422	-0.043335 0.021308  1.009146
71.79505920	423	-0.043095 0.020351  1.009385
71.80022430	420	-0.038307 0.018675  0.995738
71.80537414	422	-0.047644 0.020829  1.011540
71.81050872	422	-0.043574 0.020351  1.012258
71.81566619	421	-0.036391 0.014365  1.008906
71.82081604	420	-0.041659 0.027054  1.015371
71.82596588	422	-0.030645 0.018914  1.005315
71.83110046	422	-0.033040 0.017956  1.017047
71.83625793	422	-0.030167 0.018196  1.009864
71.84140777	423	-0.028970 0.012929  1.006033
71.84655761	422	-0.040940 0.018914  1.014892
71.85171508	420	-0.033997 0.019872  1.011540
71.85686492	420	-0.036391 0.020111  1.014892
71.86202239	421	-0.034237 0.010295  1.012737
71.86717224	423	-0.039983 0.017238  1.013455
71.87233734	420	-0.031124 0.020351  1.018483
71.87750244	422	-0.034716 0.012929  1.015849
71.88267517	421	-0.032800 0.016041  1.022553
71.88782501	423	-0.037589 0.013886  1.013934
71.89299011	425	-0.035673 0.010056  1.017047
71.89816284	424	-0.044532 0.012689  1.018723
71.90332794	423	-0.040940 0.015802  1.012258
71.90849304	426	-0.040940 0.017477  1.017286
71.91365814	424	-0.040222 0.017956  1.020159
71.91880035	425	-0.047165 0.016041  1.017286
71.92394256	427	-0.045729 0.024181  1.013216
71.92910766	428	-0.050278 0.019872  1.017765
71.93425750	427	-0.043813 0.017717  1.021117
##inga 
#ido(sec)  szog(ADC)     ax(g)    ay(g)   az(g)
71.93994903	428	-0.048841 0.018435  1.021117
71.94521331	426	-0.053390 0.016999  1.016089
71.95049285	429	-0.055066 0.023224  1.021595
71.95574188	429	-0.056503 0.020590  1.023032
71.96089935	427	-0.049559 0.019632  1.017765
71.96604919	429	-0.051235 0.016999  1.029736
71.97119903	430	-0.050996 0.020351  1.022074
71.97637176	430	-0.051475 0.018675  1.018483
71.98152160	430	-0.060573 0.021548  1.029017
71.98667144	431	-0.055545 0.019153  1.033327
71.99183654	433	-0.060573 0.018435  1.028299
71.99697875	431	-0.053869 0.020829  1.030693
72.00213623	434	-0.053390 0.014844  1.032130
72.00727844	434	-0.044053 0.017238  1.027820
72.01242828	434	-0.052432 0.025139  1.039073
72.01757049	433	-0.052432 0.013168  1.036439
72.02272033	435	-0.045729 0.016280  1.035242
72.02785491	435	-0.044053 0.016520  1.037636
72.03301239	436	-0.045729 0.013168  1.045058
72.03817749	437	-0.042856 0.013407  1.038115
72.04333496	436	-0.038786 0.010534  1.044101
72.04848480	436	-0.047405 0.013647  1.044101
72.05364990	437	-0.038307 0.008380  1.040988
72.05879211	439	-0.043574 0.011731  1.046495
72.06394195	439	-0.037589 0.006943  1.049847
72.06911468	443	-0.037349 0.010774  1.050086
72.07427978	442	-0.041180 0.007661  1.046974
72.07943725	444	-0.039983 0.014844  1.048650
72.08460998	445	-0.040222 0.010056  1.054635
72.08975982	447	-0.039743 0.003831  1.039552
72.09490203	446	-0.042616 0.008858  1.053917
72.10004425	448	-0.034237 0.010774  1.053438
72.10519409	446	-0.039504 0.015323  1.043861
72.11034393	448	-0.043574 0.008619  1.048410
72.11547851	446	-0.041180 0.003591  1.052720
72.12062072	447	-0.043335 0.008858  1.055114
72.12577056	449	-0.041419 0.010056  1.048410
72.13091278	450	-0.042138 0.009577  1.055832
72.13605499	451	-0.045011 0.010534  1.060142
72.14119720	450	-0.047644 0.011971  1.052959
72.14634704	451	-0.050278 0.007422  1.065409
72.15150451	454	-0.044053 0.013886  1.064930
72.15663909	454	-0.044053 0.017238  1.059184
72.16178894	453	-0.051714 0.011731  1.063494
72.16694641	454	-0.057221 0.016280  1.056790
72.17207336	456	-0.054587 0.013647  1.054635
72.17721557	454	-0.056742 0.015323  1.061578
72.18235778	455	-0.056742 0.011971  1.071155
72.18752288	456	-0.056263 0.012450  1.070916
72.19266510	457	-0.056981 0.021787  1.068761
72.19782257	457	-0.064882 0.018914  1.075704
72.20297241	460	-0.061530 0.016041  1.064212
72.20812988	459	-0.057700 0.014365  1.074028
72.21329498	460	-0.062249 0.015562  1.078098
72.21844482	463	-0.055784 0.010774  1.063733
72.22360992	463	-0.054827 0.019153  1.065170
72.22876739	464	-0.052193 0.011253  1.073310
72.23391723	465	-0.057460 0.016041  1.070437
72.23908233	464	-0.053390 0.007183  1.074507
72.24423980	467	-0.055306 0.009577  1.065170
72.24940490	467	-0.047405 0.000479  1.069718
72.25454711	468	-0.048602 0.008858  1.070197
72.25969696	469	-0.051954 0.002394  1.070437
72.26485443	472	-0.049081 0.011492  1.076901
72.27000427	472	-0.045489 0.004310  1.070676
72.27515411	471	-0.050038 0.010534  1.070197
72.28030395	474	-0.045250 0.001676  1.081929
72.28545379	474	-0.043335 0.000479  1.069000
72.29058074	476	-0.039025 0.004549  1.065170
72.29572296	477	-0.044053 0.008140  1.074507
72.30087280	476	-0.044292 -0.002394  1.067085
72.30608367	479	-0.036631 0.001915  1.076662
72.31121826	478	-0.045968 0.005746  1.075464
72.31636810	479	-0.046926 0.005507  1.058226
72.32151031	481	-0.043335 0.001437  1.072831
72.32667541	480	-0.046208 -0.001437  1.074028
72.33185577	482	-0.043095 0.000000  1.068761
72.33695983	483	-0.047165 0.005028  1.064930
72.34209442	484	-0.048362 0.003112  1.068282
72.34723663	484	-0.049799 -0.004070  1.068042
72.35243225	484	-0.047405 0.000958  1.071155
72.35756683	489	-0.050757 0.004070  1.070916
72.36271667	489	-0.051475 0.002634  1.070437
72.36788940	490	-0.051714 0.000718  1.058945
72.37304687	491	-0.059136 0.004310  1.067324
72.37820434	492	-0.058657 -0.003352  1.077380
72.38339996	491	-0.052672 0.004070  1.068042
72.38854217	494	-0.056981 0.008380  1.066127
72.39370727	494	-0.054827 0.011492  1.066846
72.39888000	493	-0.057700 0.009577  1.070437
72.40401458	495	-0.060333 0.002873  1.065648
72.40917968	496	-0.059615 0.005028  1.059424
72.41433715	495	-0.059376 0.000718  1.061099
72.41950225	500	-0.059376 0.008619  1.063254
72.42465972	498	-0.066558 0.006943  1.060621
72.42982482	500	-0.057939 0.004549  1.056790
72.43495941	502	-0.062727 0.007422  1.056550
72.44009399	500	-0.060333 0.006225  1.056550
72.44523620	503	-0.064643 -0.004310  1.053438
72.45043182	504	-0.059615 0.006225  1.048410
72.45557403	504	-0.064882 0.004070  1.054396
##inga 
#ido(sec)  szog(ADC)     ax(g)    ay(g)   az(g)
72.46125030	503	-0.063446 0.001197  1.058226
72.46651458	504	-0.055545 0.007183  1.057029
72.47179412	503	-0.053869 0.002873  1.052241
72.47705841	505	-0.054108 0.000479  1.050804
72.48220825	505	-0.053151 -0.000958  1.044819
72.48739624	507	-0.054348 -0.000958  1.043383
72.49259948	507	-0.054587 0.002634  1.048889
72.49774169	508	-0.050517 -0.002634  1.037158
72.50294494	508	-0.047884 -0.004549  1.042904
72.50813293	509	-0.052193 -0.005985  1.042425
72.51333618	510	-0.047644 -0.009098  1.043143
72.51853942	509	-0.045011 -0.004549  1.041228
72.52374267	510	-0.050038 -0.005507  1.040988
72.52894592	509	-0.041659 -0.006943  1.036200
72.53414154	512	-0.042616 -0.010295  1.034763
72.53933715	514	-0.043813 -0.005746  1.034045
72.54452514	513	-0.039265 -0.006464  1.040988
72.54972839	515	-0.041659 -0.004310  1.039791
72.55490875	516	-0.048841 -0.006943  1.033806
72.56011199	516	-0.049081 -0.010774  1.039312
72.56529235	517	-0.048841 -0.008380  1.034524
72.57049560	518	-0.048602 -0.001915  1.027581
72.57569885	517	-0.045968 -0.003352  1.033566
72.58089447	518	-0.056503 -0.002873  1.029257
72.58609771	518	-0.052432 -0.006704  1.031412
72.59129333	518	-0.053390 -0.000479  1.030454
72.59649658	516	-0.056742 -0.003831  1.034285
72.60170745	519	-0.056503 0.001197  1.023032
72.60686492	520	-0.057700 -0.004310  1.034524
72.61205291	521	-0.056024 -0.005028  1.029017
72.61725616	521	-0.059615 0.004070  1.027581
72.62239837	522	-0.060333 0.001437  1.024947
72.62754821	521	-0.064882 0.007183  1.018483
72.63269805	523	-0.066558 0.002155  1.025666
72.63784027	521	-0.057700 0.006943  1.025187
72.64299011	521	-0.065840 0.006225  1.025426
72.64813232	523	-0.065122 -0.001676  1.016807
72.65334320	522	-0.065840 -0.002634  1.022074
72.65853881	524	-0.064882 0.008140  1.022793
72.66368865	524	-0.067995 -0.000239  1.025905
72.66887664	524	-0.065361 0.009098  1.020159
72.67403411	525	-0.056742 0.005028  1.021835
72.67919921	524	-0.064643 0.000000  1.012019
72.68431091	524	-0.065361 -0.000239  1.014174
72.68952178	523	-0.059854 0.000718  1.017525
72.69468688	525	-0.061052 0.002634  1.017765
72.69985961	525	-0.058657 -0.003831  1.019201
72.70505523	522	-0.061770 -0.003591  1.017765
72.71025848	525	-0.052193 -0.002155  1.019920
72.71545410	524	-0.053869 -0.004070  1.008188
72.72065734	524	-0.056503 -0.009098  1.015610
72.72583770	524	-0.060573 -0.012210  1.012498
72.73104095	522	-0.046926 -0.002634  1.017286
72.73622894	523	-0.049799 -0.007661  1.016568
72.74142456	522	-0.039743 -0.010774  1.019441
72.74662780	524	-0.045011 -0.004549  1.012977
72.75182342	523	-0.048123 -0.009816  1.018962
72.75702667	524	-0.049799 0.001676  1.006512
72.76219177	522	-0.046926 -0.003591  1.021835
72.76739501	523	-0.049081 -0.003112  1.013934
72.77258300	522	-0.045489 -0.004310  1.013934
72.77778625	523	-0.046686 -0.003352  1.029017
72.78298950	522	-0.045489 0.002155  1.014413
72.78813934	523	-0.041419 -0.002873  1.021356
72.79332733	523	-0.048362 -0.004310  1.018483
72.79853057	521	-0.049081 0.000000  1.022793
72.80364227	522	-0.050278 0.000479  1.022314
72.80878448	520	-0.053869 -0.003591  1.019920
72.81397247	518	-0.051475 -0.001437  1.023271
72.81916809	519	-0.052432 0.007661  1.023032
72.82431793	518	-0.052193 0.000479  1.014174
72.82947540	516	-0.054108 -0.002155  1.015849
72.83467102	518	-0.056503 0.000479  1.033566
72.83980560	517	-0.056742 0.008380  1.019920
72.84494018	517	-0.059376 0.000239  1.035961
72.85009765	514	-0.057460 0.003591  1.031412
72.85523986	514	-0.067276 0.010295  1.033566
72.86038970	515	-0.059854 0.005985  1.028778
72.86553955	512	-0.061052 0.007901  1.033327
72.87068939	512	-0.054827 0.007901  1.036200
72.87583923	514	-0.059136 0.007661  1.030454
72.88099670	510	-0.061291 0.005028  1.035961
72.88615417	512	-0.059376 0.005746  1.043383
72.89132690	512	-0.061052 0.006943  1.036200
72.89647674	510	-0.056024 0.003352  1.039791
72.90164947	510	-0.054587 0.010056  1.033806
72.90680694	510	-0.050996 0.012689  1.033566
72.91197967	507	-0.058179 0.001915  1.036679
72.91712951	507	-0.052432 0.006464  1.044340
72.92227935	508	-0.056503 0.004070  1.046256
72.92743682	507	-0.057700 0.002155  1.040510
72.93258666	507	-0.053869 0.004788  1.035242
72.93772888	505	-0.050757 0.001197  1.053438
72.94287109	504	-0.047405 0.001437  1.043383
72.94802856	505	-0.049799 -0.002155  1.048889
72.95322418	505	-0.049320 0.006704  1.047692
72.95836639	503	-0.047405 0.002873  1.049368
72.96351623	502	-0.045011 -0.001437  1.048410
72.96870422	501	-0.046447 0.001197  1.056311
72.97385406	503	-0.043335 0.000718  1.053678
72.97899627	502	-0.043813 0.000000  1.054875
##inga 
#ido(sec)  szog(ADC)     ax(g)    ay(g)   az(g)
72.98465728	502	-0.043095 0.000718  1.052959
72.98992156	498	-0.039504 0.001676  1.051523
72.99519348	500	-0.047884 -0.004070  1.055353
73.00045013	500	-0.037110 0.007661  1.052480
73.00558471	497	-0.045729 0.004070  1.048650
73.01071929	497	-0.043095 0.000718  1.047931
73.01585388	494	-0.045729 0.005267  1.048889
73.02101135	495	-0.048362 0.005267  1.061818
73.02616119	495	-0.044532 0.005267  1.066127
73.03131103	494	-0.050517 0.006704  1.055832
73.03644561	493	-0.049559 0.003112  1.057269
73.04160308	490	-0.047884 0.005267  1.053678
73.04675292	489	-0.051954 0.011731  1.062296
73.05191040	487	-0.050038 0.003591  1.073549
73.05705261	489	-0.051235 0.008858  1.062775
73.06222534	487	-0.051235 0.005028  1.061578
73.06737518	488	-0.056742 0.010295  1.066127
73.07250976	484	-0.053869 0.008380  1.062057
73.07766723	484	-0.062967 0.014126  1.069240
73.08281707	484	-0.051235 0.016999  1.064212
73.08796691	484	-0.058418 0.017238  1.070916
73.09312438	483	-0.059136 0.011013  1.073070
73.09828948	481	-0.060812 0.014604  1.069000
73.10343933	480	-0.059376 0.017717  1.074986
73.10860443	477	-0.055784 0.014365  1.067564
73.11376953	478	-0.052672 0.014844  1.063733
73.11891937	477	-0.058179 0.014126  1.069240
73.12406158	475	-0.058418 0.013886  1.070916
73.12921905	472	-0.058657 0.014844  1.068761
73.13436126	474	-0.054108 0.012689  1.071873
73.13951873	474	-0.050996 0.015083  1.072113
73.14466857	471	-0.049799 0.016520  1.062296
73.14981842	470	-0.047165 0.011013  1.066606
73.15496826	471	-0.053630 0.016041  1.073070
73.16011047	470	-0.046926 0.015802  1.068521
73.16526031	471	-0.045489 0.010295  1.069000
73.17041015	470	-0.046208 0.007422  1.069718
73.17555236	469	-0.044292 0.011253  1.072831
73.18070220	465	-0.040701 0.006225  1.072352
73.18583679	467	-0.035194 0.011253  1.066846
73.19099426	464	-0.035194 0.010534  1.071155
73.19613647	465	-0.037349 0.014365  1.070916
73.20128631	464	-0.039025 0.008380  1.069958
73.20642089	462	-0.034237 0.010056  1.058945
73.21157073	463	-0.036391 0.011731  1.079295
73.21670532	461	-0.035913 0.006464  1.070197
73.22185516	459	-0.034476 0.005746  1.070437
73.22701263	460	-0.039025 0.005507  1.072352
73.23217010	459	-0.035673 0.009577  1.068282
73.23732757	458	-0.036631 0.013647  1.066846
73.24249267	457	-0.035434 0.010774  1.065170
73.24765014	456	-0.039504 0.009337  1.072831
73.25280761	455	-0.043574 0.014844  1.064212
73.25796508	454	-0.044053 0.012689  1.056550
73.26313018	453	-0.042856 0.009577  1.069000
73.26828765	452	-0.045489 0.018675  1.056550
73.27343750	449	-0.047165 0.013407  1.050086
73.27859497	449	-0.049320 0.019632  1.056072
73.28374481	451	-0.049081 0.015083  1.062296
73.28889465	450	-0.053869 0.021069  1.056072
73.29406738	451	-0.055784 0.011971  1.057508
73.29920959	448	-0.051714 0.021548  1.058466
73.30435180	450	-0.057221 0.017717  1.058705
73.30949401	448	-0.054587 0.022026  1.064691
73.31463623	447	-0.058418 0.023942  1.046495
73.31978607	448	-0.052672 0.025139  1.051523
73.32494354	448	-0.055545 0.022505  1.048889
73.33007812	447	-0.056263 0.023463  1.050326
73.33523559	446	-0.051714 0.027772  1.041467
73.34037017	444	-0.054587 0.020829  1.050804
73.34550476	447	-0.048123 0.023463  1.050326
73.35065460	444	-0.057939 0.021308  1.039552
73.35580444	443	-0.054348 0.018675  1.045058
73.36095428	442	-0.049081 0.018914  1.047692
73.36609649	439	-0.046926 0.016759  1.035003
73.37124633	439	-0.048362 0.017477  1.042185
73.37640380	440	-0.048123 0.019632  1.048171
73.38153839	439	-0.047165 0.013407  1.044340
73.38668823	438	-0.045250 0.017956  1.042425
73.39183807	436	-0.035434 0.018196  1.037158
73.39701080	436	-0.041898 0.017717  1.036439
73.40219116	436	-0.040222 0.018196  1.041228
73.40734863	435	-0.038067 0.010534  1.039073
73.41251373	435	-0.038307 0.014365  1.031890
73.41766357	434	-0.033758 0.013407  1.035003
73.42281341	434	-0.032321 0.011253  1.032130
73.42797088	430	-0.028491 0.011492  1.036200
73.43312835	432	-0.034476 0.013886  1.039073
73.43827819	432	-0.028491 0.010295  1.030215
73.44344329	432	-0.032561 0.012929  1.021117
73.44859313	432	-0.039983 0.017238  1.027581
73.45375061	432	-0.034716 0.010774  1.028299
73.45889282	429	-0.033758 0.015323  1.025905
73.46405029	431	-0.039265 0.022745  1.031890
73.46920013	432	-0.037349 0.019872  1.017525
73.47434997	431	-0.037828 0.018675  1.018483
73.47950744	431	-0.046926 0.017238  1.026384
73.48464965	430	-0.039743 0.020111  1.015849
73.48979187	427	-0.042138 0.018914  1.022793
73.49493408	428	-0.042138 0.022026  1.023032
73.50007629	427	-0.039265 0.022745  1.022074
##inga 
#ido(sec)  szog(ADC)     ax(g)    ay(g)   az(g)
73.50575256	428	-0.055545 0.023224  1.018004
73.51102447	426	-0.046447 0.023463  1.018962
73.51630401	427	-0.050996 0.027533  1.021835
73.52156829	427	-0.052672 0.023942  1.018004
73.52671813	423	-0.060573 0.036391  1.015131
73.53187561	426	-0.047884 0.031124  1.021117
73.53702545	426	-0.055545 0.023942  1.015371
73.54217529	425	-0.049320 0.029448  1.012977
73.54732513	425	-0.054348 0.026575  1.014892
73.55248260	425	-0.048362 0.023702  1.012737
73.55763244	424	-0.056981 0.028730  1.014413
73.56277465	425	-0.051235 0.023702  1.017765
73.56791687	423	-0.053630 0.023942  1.016328
73.57308959	425	-0.051954 0.023942  1.012977
73.57824707	425	-0.053390 0.022505  1.009864
73.58340454	425	-0.052911 0.023224  1.013695
73.58857727	425	-0.048602 0.023702  1.010343
73.59373474	424	-0.043095 0.020590  1.008906
73.59889221	425	-0.043095 0.021308  1.006033
73.60404968	424	-0.036631 0.013647  1.018244
73.60920715	425	-0.045729 0.019632  1.014413
73.61436462	425	-0.038786 0.017238  1.014652
73.61953735	424	-0.035434 0.018196  1.014892
73.62470245	425	-0.035434 0.015083  1.012019
73.62986755	423	-0.036631 0.018196  1.010822
73.63502502	422	-0.036870 0.015083  1.013934
73.64017486	425	-0.034476 0.016041  1.010582
73.64533233	425	-0.035194 0.015323  1.016089
73.65048980	426	-0.030885 0.012689  1.014652
73.65564727	425	-0.034237 0.009816  1.018483
73.66078948	425	-0.033040 0.013647  1.001484
73.66593933	426	-0.039265 0.006704  1.009146
73.67108917	426	-0.030167 0.012450  1.022793
73.67623901	428	-0.037349 0.014126  1.016568
73.68138122	427	-0.038546 0.012210  1.018723
73.68653106	426	-0.035673 0.012210  1.025187
73.69168090	429	-0.040701 0.013647  1.020877
73.69682312	429	-0.038067 0.018196  1.026384
73.70197296	429	-0.044053 0.014604  1.024469
73.70712280	427	-0.043335 0.016280  1.023032
73.71226501	429	-0.051475 0.011013  1.021595
73.71740722	427	-0.042377 0.016041  1.016568
73.72255706	429	-0.051954 0.022745  1.014892
73.72772979	428	-0.049320 0.018196  1.017286
73.73287963	430	-0.055306 0.014126  1.025426
73.73805236	430	-0.050996 0.026815  1.024708
73.74321746	430	-0.057221 0.020590  1.031412
73.74836730	433	-0.054348 0.022505  1.026384
73.75352478	431	-0.055066 0.020590  1.028060
73.75867462	433	-0.056263 0.017956  1.031412
73.76382446	434	-0.061291 0.015562  1.035242
73.76897430	433	-0.057700 0.028730  1.030215
73.77413940	435	-0.053390 0.014126  1.028539
73.77930450	435	-0.057221 0.018196  1.032609
73.78446197	435	-0.052911 0.022745  1.038834
73.78963470	436	-0.054348 0.015323  1.029496
73.79476928	435	-0.058179 0.014844  1.033327
73.79991912	435	-0.054827 0.016041  1.034763
73.80506896	436	-0.048362 0.013407  1.033566
73.81021881	438	-0.049799 0.018196  1.029257
73.81536102	439	-0.045250 0.012689  1.037636
73.82051086	440	-0.045250 0.016520  1.041467
73.82564544	440	-0.049799 0.010534  1.037397
73.83080291	443	-0.043335 0.004549  1.034285
73.83595275	442	-0.036631 0.012689  1.039552
73.84110260	444	-0.042377 0.011013  1.043383
73.84624481	445	-0.035673 0.010534  1.044340
73.85139465	446	-0.040701 0.011492  1.031651
73.85654449	448	-0.043813 0.008858  1.041946
73.86169433	448	-0.037828 0.007661  1.048889
73.86682891	448	-0.031364 0.010774  1.055593
73.87198638	447	-0.039504 0.005507  1.042425
73.87712097	449	-0.034955 0.008858  1.048171
73.88227081	449	-0.032321 0.005028  1.054156
73.88742065	449	-0.032082 0.005746  1.050565
73.89257812	449	-0.034955 0.008380  1.051283
73.89773559	450	-0.040222 0.004310  1.055353
73.90289306	449	-0.033997 0.004788  1.049368
73.90805053	451	-0.039983 0.012689  1.045777
73.91320800	452	-0.038786 0.009816  1.057269
73.91836547	452	-0.042856 0.010056  1.060621
73.92352294	452	-0.040222 0.003112  1.054635
73.92868041	454	-0.049559 0.009337  1.061578
73.93385314	452	-0.045968 0.009098  1.062536
73.93901062	455	-0.046686 0.013168  1.055114
73.94415283	456	-0.052193 0.005746  1.062296
73.94931030	456	-0.055306 0.017956  1.057508
73.95446777	454	-0.052911 0.013407  1.057508
73.95961761	457	-0.058418 0.012689  1.059184
73.96476745	457	-0.058418 0.011971  1.063494
73.96991729	458	-0.061770 0.019153  1.067564
73.97506713	460	-0.060094 0.010295  1.064930
73.98020935	461	-0.058418 0.011492  1.054396
73.98535919	462	-0.068473 0.011731  1.065170
73.99050140	461	-0.059136 0.018435  1.066606
73.99565124	463	-0.063206 0.013647  1.060860
74.00078582	464	-0.062488 0.010056  1.064451
74.00592803	465	-0.058418 0.011013  1.062775
74.01107025	465	-0.056503 0.010534  1.061339
74.01622772	467	-0.061291 0.009577  1.065409
74.02137756	466	-0.057939 0.007183  1.069718
##inga 
#ido(sec)  szog(ADC)     ax(g)    ay(g)   az(g)
74.02706909	469	-0.059136 0.015802  1.066127
74.03233337	470	-0.060094 0.010534  1.069000
74.03758239	471	-0.059615 0.011492  1.059663
74.04283142	472	-0.054827 0.008380  1.069000
74.04797363	472	-0.043574 0.007661  1.069240
74.05312347	474	-0.057221 0.005746  1.069718
74.05825805	474	-0.044053 0.004788  1.072592
74.06340789	474	-0.044771 -0.001915  1.072592
74.06860351	476	-0.043335 0.011492  1.070197
74.07375335	476	-0.040701 0.003591  1.067324
74.07891082	477	-0.038786 -0.002155  1.071394
74.08410644	478	-0.041419 0.003112  1.066846
74.08927154	476	-0.039504 -0.001437  1.067564
74.09448242	478	-0.042138 -0.008380  1.066367
74.09969329	481	-0.039743 0.000000  1.057987
74.10481262	480	-0.040462 0.002873  1.070676
74.10997009	481	-0.037349 -0.003591  1.061818
74.11518096	483	-0.041180 -0.003831  1.063494
74.12039184	484	-0.043335 0.000000  1.074267
74.12551116	485	-0.046447 0.003591  1.064451
74.13065338	485	-0.046686 0.001676  1.069000
74.13581085	488	-0.049320 0.001437  1.064691
74.14096069	490	-0.046208 -0.003352  1.061818
74.14614868	491	-0.045489 0.001676  1.060621
74.15130615	488	-0.044532 0.000000  1.058945
74.15641784	491	-0.048123 0.000000  1.060381
74.16152191	491	-0.057460 -0.002155  1.064930
74.16671752	491	-0.057460 0.005507  1.061578
74.17186737	493	-0.054348 0.000000  1.063254
74.17697143	495	-0.054827 0.009337  1.060621
74.18211364	494	-0.062249 0.010056  1.060621
74.18725585	496	-0.061052 0.003831  1.065648
74.19241333	495	-0.062967 0.008380  1.055353
74.19756317	494	-0.064403 0.014126  1.055353
74.20270538	498	-0.067755 0.006464  1.060142
74.20783996	501	-0.064403 0.013407  1.056790
74.21298980	499	-0.067276 0.003352  1.059184
74.21813964	499	-0.060573 0.011731  1.050804
74.22328186	503	-0.064164 0.006225  1.049847
74.22843933	501	-0.063685 0.005985  1.047213
74.23359680	502	-0.065600 0.006943  1.049129
74.23875427	504	-0.061052 0.007422  1.054156
74.24392700	502	-0.060812 0.009577  1.051283
74.24908447	504	-0.065840 -0.002394  1.051523
74.25428009	505	-0.058418 0.006464  1.045537
74.25943756	505	-0.059376 0.000479  1.044101
74.26459503	504	-0.056503 0.003352  1.046495
74.26976013	505	-0.053151 0.004070  1.047213
74.27490997	505	-0.053869 0.000479  1.036679
74.28006744	507	-0.049559 -0.004070  1.040988
74.28525543	507	-0.047405 -0.001437  1.043383
74.29046630	506	-0.048602 -0.002873  1.037876
74.29564666	505	-0.047405 -0.005028  1.035003
74.30084228	509	-0.045968 -0.005746  1.036439
74.30603790	509	-0.046208 -0.010534  1.040988
74.31123352	510	-0.041659 -0.006943  1.032848
74.31642150	510	-0.042138 -0.004310  1.044580
74.32161712	511	-0.042616 -0.005985  1.040270
74.32681274	512	-0.043574 -0.011253  1.032609
74.33201599	512	-0.039983 -0.005267  1.035961
74.33721923	511	-0.043813 -0.002394  1.034285
74.34241485	513	-0.043095 -0.007183  1.038115
74.34763336	515	-0.045729 -0.006943  1.037158
74.35282897	514	-0.049081 -0.004549  1.032609
74.35803222	515	-0.042377 -0.004549  1.029017
74.36323547	516	-0.053151 -0.007183  1.024947
74.36843109	517	-0.055545 -0.004788  1.025426
74.37362670	518	-0.058897 -0.008858  1.027820
74.37881469	517	-0.057221 0.001197  1.036918
74.38395690	518	-0.052911 -0.003352  1.022074
74.38915252	516	-0.057460 -0.004549  1.027342
74.39435577	516	-0.057460 -0.001197  1.023990
74.39955139	519	-0.062967 -0.000239  1.026623
74.40475463	518	-0.058179 0.007901  1.031651
74.40990447	517	-0.066798 -0.000479  1.025666
74.41510772	518	-0.062488 0.003831  1.019920
74.42025756	517	-0.069671 0.001197  1.022553
74.42541503	517	-0.069910 0.000239  1.018723
74.43057250	519	-0.068952 0.004549  1.014652
74.43573760	519	-0.073022 0.004549  1.023032
74.44088745	520	-0.067276 0.010774  1.016807
74.44603729	520	-0.064882 0.009337  1.018244
74.45120239	521	-0.061770 0.005267  1.020159
74.45634460	521	-0.062009 0.002394  1.018483
74.46148681	521	-0.065361 -0.000958  1.018004
74.46669006	521	-0.064164 0.000718  1.014892
74.47183227	520	-0.069910 -0.001915  1.012977
74.47703552	521	-0.060333 0.000718  1.010822
74.48217773	521	-0.063925 -0.005746  1.022074
74.48736572	519	-0.056742 0.005985  1.017286
74.49253082	521	-0.057460 -0.005985  1.016328
74.49772644	520	-0.056742 -0.002634  1.019441
74.50292205	520	-0.050757 -0.006704  1.023032
74.50812530	522	-0.046208 -0.006704  1.019680
74.51332092	520	-0.052911 -0.002634  1.013216
74.51850891	519	-0.048362 -0.006943  1.013695
74.52371215	519	-0.051954 -0.009577  1.017047
74.52891540	519	-0.044053 -0.004070  1.017525
74.53411102	520	-0.039743 -0.006704  1.023990
74.53930664	519	-0.044053 -0.006464  1.021117
74.54450225	518	-0.043095 -0.005267  1.021595
##inga 
#ido(sec)  szog(ADC)     ax(g)    ay(g)   az(g)
74.55022430	519	-0.041659 -0.005267  1.023990
74.55549621	518	-0.039265 -0.002634  1.025426
74.56077575	520	-0.040940 -0.006225  1.020398
74.56603240	517	-0.039983 -0.005267  1.015849
74.57121276	519	-0.044053 -0.003112  1.019920
74.57640075	515	-0.044532 0.001915  1.026384
74.58154296	516	-0.048362 -0.003831  1.030693
74.58673858	518	-0.044532 -0.008619  1.022074
74.59192657	517	-0.046447 -0.001197  1.019680
74.59712219	514	-0.049559 0.005985  1.022553
74.60227203	517	-0.056981 0.008858  1.027820
74.60742187	514	-0.056981 0.001915  1.027581
74.61259460	516	-0.061530 0.005746  1.031172
74.61775970	515	-0.057460 0.000958  1.037397
74.62291717	512	-0.053869 0.006225  1.029257
74.62808990	513	-0.059136 0.007901  1.029017
74.63323974	511	-0.054108 0.005746  1.038594
74.63838958	512	-0.061291 0.011971  1.033566
74.64355468	510	-0.067995 0.005028  1.031172
74.64871215	511	-0.058657 0.011492  1.029257
74.65386962	511	-0.062967 0.015083  1.038594
74.65902709	508	-0.063206 0.009098  1.035242
74.66416168	509	-0.049081 0.009577  1.038115
74.66931152	509	-0.060333 0.012210  1.032848
74.67445373	509	-0.055545 0.010534  1.033566
74.67960357	507	-0.058657 0.008619  1.042425
74.68474578	507	-0.057221 0.006943  1.037397
74.68989562	507	-0.056263 0.008619  1.038594
74.69503784	507	-0.057700 0.009577  1.040749
74.70020294	505	-0.053869 0.005746  1.036918
74.70534515	504	-0.056263 0.007183  1.035721
74.71048736	503	-0.050517 0.003591  1.047213
74.71562957	502	-0.050517 0.010534  1.046016
74.72077941	503	-0.050757 0.007901  1.048410
74.72592163	504	-0.051235 -0.002873  1.046256
74.73111724	503	-0.050517 -0.003112  1.043861
74.73630523	501	-0.046208 0.002634  1.052480
74.74143981	503	-0.046447 0.004788  1.042425
74.74659729	503	-0.042856 0.005507  1.052480
74.75176239	502	-0.045489 -0.000239  1.058466
74.75695800	501	-0.034716 0.004549  1.045298
74.76212310	500	-0.043574 -0.002873  1.052241
74.76731109	499	-0.041659 -0.001915  1.056550
74.77251434	498	-0.039504 0.004549  1.053199
74.77767181	494	-0.042138 0.000239  1.047213
74.78281402	496	-0.038786 -0.005267  1.048171
74.78802490	495	-0.039265 0.001676  1.051523
74.79316711	495	-0.043574 0.005746  1.055353
74.79830932	495	-0.043813 -0.000958  1.059663
74.80350494	492	-0.045011 0.008380  1.057269
74.80865478	492	-0.041180 0.006704  1.063494
74.81380462	490	-0.046447 0.006464  1.057269
74.81895446	488	-0.052432 0.009337  1.057029
74.82409667	489	-0.050278 0.008619  1.055832
74.82924652	489	-0.050757 0.009098  1.057987
74.83438873	488	-0.057221 0.006464  1.062296
74.83953857	487	-0.047644 0.009816  1.060621
74.84468841	487	-0.051475 0.018675  1.066367
74.84983825	486	-0.055784 0.013647  1.055593
74.85498046	485	-0.060333 0.005507  1.070437
74.86012268	484	-0.055306 0.014844  1.060142
74.86525726	483	-0.054108 0.014365  1.066846
74.87039947	481	-0.061052 0.014844  1.073310
74.87554931	479	-0.053151 0.019872  1.067085
74.88069915	479	-0.062009 0.016520  1