##inga 
#ido(sec)  szog(ADC)     ax(g)    ay(g)   az(g)
0.00171200	273	0.063685 0.011013  0.728788
0.00690800	273	0.060812 -0.004070  0.732858
##inga 
#ido(sec)  szog(ADC)     ax(g)    ay(g)   az(g)
0.01325200	273	0.041898 0.004788  0.712268
0.01844800	275	0.062967 0.006225  0.721844
0.02364000	276	0.056024 0.004549  0.732618
0.02881200	275	0.039025 0.011731  0.718014
0.03382800	275	0.048362 0.011253  0.745307
0.03886800	276	0.036152 0.009337  0.731900
0.04390400	277	0.036152 0.016759  0.736449
0.04894400	280	0.034955 0.025139  0.747462
0.05397600	278	0.018435 0.015802  0.781699
0.05899600	282	0.010774 0.034716  0.740998
0.06399600	282	-0.005507 0.021069  0.792473
0.06903200	281	0.000718 0.048123  0.809232
0.07402000	284	-0.029927 0.047165  0.768052
0.07906001	286	-0.045729 0.059615  0.784811
0.08410000	287	-0.039504 0.046208  0.817851
0.08912800	286	-0.055784 0.075895  0.823118
0.09417201	287	-0.079008 0.073741  0.808753
0.09921199	289	-0.080444 0.075417  0.813541
0.10425200	291	-0.092176 0.078529  0.855679
0.10930401	291	-0.099358 0.089542  0.847539
0.11434000	294	-0.111329 0.097682  0.859031
0.11938000	295	-0.115878 0.093134  0.865495
0.12441201	296	-0.111569 0.085472  0.906436
0.12946798	298	-0.119709 0.097443  0.905478
0.13451200	299	-0.128567 0.101992  0.911703
0.13954000	300	-0.113963 0.096007  0.929659
0.14459599	304	-0.107259 0.078529  0.953122
0.14963600	304	-0.101753 0.078768  0.970360
0.15466799	306	-0.098880 0.087866  0.955756
0.15970399	307	-0.083078 0.081641  0.981852
0.16473999	310	-0.070628 0.056981  0.999569
0.16978000	314	-0.057221 0.049559  1.029496
0.17482799	316	-0.053630 0.054108  1.015849
0.17986799	316	-0.040940 0.053390  1.040988
0.18489199	319	-0.019153 0.035673  1.068282
0.18992400	319	-0.009577 0.025857  1.090308
0.19496400	319	-0.005267 0.026815  1.085520
0.20000000	322	0.002155 0.026336  1.110180
0.20497999	323	0.015083 0.004788  1.109462
0.21000399	328	0.015562 0.007422  1.137234
0.21503601	329	0.023463 -0.000718  1.167880
0.22006800	333	0.027772 0.013168  1.163810
0.22510399	335	0.028012 0.003591  1.179611
0.23013999	338	0.029209 0.003831  1.205947
0.23516399	340	0.033040 -0.011253  1.229889
0.24019198	341	0.028970 0.002155  1.227495
0.24521200	344	0.030406 0.007422  1.257422
0.25021200	348	0.031603 0.003352  1.274421
0.25523600	352	0.015323 -0.002155  1.286391
0.26027200	355	0.026336 0.000479  1.295729
0.26530399	355	0.014604 0.002634  1.321586
0.27032799	358	0.008619 0.010774  1.330923
0.27535600	358	0.006225 0.004788  1.344331
0.28038401	363	0.005267 0.005267  1.370906
0.28540800	365	-0.005746 0.013647  1.376413
0.29043600	369	-0.007422 0.029448  1.394848
0.29547200	372	-0.027533 0.022505  1.407297
0.30050001	376	-0.036391 0.027294  1.418311
0.30553998	379	-0.044053 0.035194  1.444886
0.31058402	382	-0.062249 0.040701  1.476489
0.31561198	385	-0.065122 0.046926  1.467631
0.32066397	388	-0.071586 0.050038  1.481996
0.32570400	391	-0.078050 0.040940  1.491333
0.33073198	395	-0.087866 0.060333  1.502825
0.33577201	395	-0.093852 0.060812  1.521739
0.34084000	398	-0.099358 0.061291  1.538977
0.34588398	404	-0.099119 0.049559  1.538020
0.35093200	407	-0.110611 0.055306  1.554061
0.35598399	409	-0.110611 0.064164  1.561722
0.36102797	411	-0.113005 0.062727  1.576087
0.36605200	414	-0.113723 0.056024  1.604099
0.37110400	417	-0.116836 0.053151  1.593804
0.37613201	422	-0.116836 0.055306  1.597874
0.38119199	424	-0.116118 0.062249  1.617267
0.38625600	428	-0.113005 0.058418  1.622774
0.39130802	432	-0.108217 0.047165  1.628520
0.39636001	433	-0.109653 0.049320  1.638096
0.40141201	438	-0.097922 0.051954  1.652701
0.40645999	445	-0.086190 0.041659  1.657728
0.41150398	446	-0.077571 0.029448  1.650307
0.41657199	450	-0.072304 0.017477  1.656771
0.42162399	452	-0.064164 0.024899  1.654377
0.42668399	455	-0.051475 0.017238  1.678558
0.43173198	458	-0.041180 0.010774  1.663475
0.43678398	463	-0.030885 -0.012450  1.662038
0.44186000	466	-0.014844 0.001915  1.664432
0.44688401	468	-0.008380 -0.007661  1.666587
0.45195598	474	-0.001197 -0.020829  1.671854
0.45703597	478	0.002155 -0.028251  1.664432
0.46206798	481	0.002634 -0.020590  1.657968
0.46709599	485	0.007901 -0.024181  1.674488
0.47213201	489	0.003831 -0.032082  1.678318
0.47717199	491	0.003112 -0.021548  1.661559
0.48221998	497	0.008858 -0.028730  1.660601
0.48725600	503	0.011731 -0.029688  1.660601
0.49230799	504	0.009098 -0.019632  1.653419
0.49734802	507	0.001676 -0.031603  1.642885
0.50238399	509	-0.006225 -0.030167  1.639533
0.50746002	516	-0.011971 -0.011492  1.636181
0.51254801	517	-0.011731 -0.019632  1.637378
0.51765604	522	-0.023942 -0.018435  1.627562
##inga 
#ido(sec)  szog(ADC)     ax(g)    ay(g)   az(g)
0.52328004	527	-0.021308 -0.016759  1.608887
0.52850003	528	-0.031843 -0.011013  1.610563
0.53373198	534	-0.046926 -0.006464  1.599310
0.53895998	536	-0.063446 -0.001676  1.585664
0.54404001	537	-0.064403 0.005746  1.587100
0.54907603	540	-0.078050 0.007661  1.562680
0.55410804	545	-0.081402 0.015323  1.561483
0.55916399	548	-0.096725 0.016999  1.550948
0.56421604	552	-0.107020 0.020351  1.541850
0.56925201	554	-0.114442 0.019393  1.531077
0.57432799	559	-0.123540 0.028491  1.514317
0.57937998	560	-0.130004 0.030406  1.497319
0.58442802	568	-0.137186 0.035913  1.489178
0.58947997	569	-0.139102 0.025857  1.474095
0.59452800	573	-0.133835 0.029448  1.463800
0.59957199	573	-0.144608 0.040701  1.456857
0.60460400	578	-0.142693 0.033040  1.431000
0.60962800	581	-0.133835 0.023942  1.420465
0.61467599	584	-0.128567 0.029209  1.399397
0.61972398	587	-0.137186 0.030645  1.380243
0.62478799	587	-0.121624 0.016041  1.364202
0.62983202	592	-0.102950 0.009337  1.369470
0.63487601	592	-0.110132 0.005507  1.344570
0.63992400	596	-0.089303 0.010774  1.317276
0.64498000	600	-0.087148 -0.001437  1.303151
0.65005598	603	-0.064882 -0.012450  1.302193
0.65514397	607	-0.054827 -0.020351  1.282561
0.66023597	607	-0.056263 -0.019872  1.262210
0.66534399	612	-0.048841 -0.015802  1.236114
0.67041997	615	-0.032800 -0.036391  1.236114
0.67549996	616	-0.022026 -0.044532  1.216960
0.68058400	617	-0.019393 -0.044292  1.200441
0.68567199	622	-0.011971 -0.049799  1.178893
0.69076399	622	-0.010534 -0.049559  1.172668
0.69585599	627	-0.001437 -0.055306  1.153993
0.70093202	628	-0.003591 -0.063685  1.137474
0.70599994	631	-0.009098 -0.053390  1.116884
0.71107602	634	-0.003831 -0.046926  1.103716
0.71615600	637	0.000718 -0.049320  1.079295
0.72117605	638	-0.006225 -0.061291  1.065648
0.72626399	640	-0.009098 -0.059376  1.056072
0.73133997	644	-0.010295 -0.048602  1.042185
0.73642802	647	-0.016280 -0.045011  1.027342
0.74152798	645	-0.025857 -0.045011  1.001006
0.74661998	650	-0.025618 -0.052911  1.012977
0.75171999	651	-0.027054 -0.048123  0.989514
0.75681200	652	-0.039743 -0.032800  0.968684
0.76189603	655	-0.046447 -0.027294  0.963178
0.76699199	658	-0.060094 -0.027772  0.934447
0.77206802	657	-0.063685 -0.038307  0.942348
0.77715997	659	-0.064403 -0.032082  0.928462
0.78224401	659	-0.075417 -0.011253  0.914336
0.78734798	663	-0.091458 -0.008140  0.886564
0.79244399	665	-0.095049 -0.016280  0.885606
0.79753599	666	-0.104626 -0.009816  0.888958
0.80263605	667	-0.110132 0.005746  0.862383
0.80769596	665	-0.116357 0.006464  0.843469
0.81274805	669	-0.120906 0.009577  0.839399
0.81778802	668	-0.125934 0.001915  0.847539
0.82281999	671	-0.129046 0.003352  0.834131
0.82786397	670	-0.135750 0.016999  0.797979
0.83289995	673	-0.135271 0.015802  0.798698
0.83794803	675	-0.125934 0.001197  0.805641
0.84298801	675	-0.123540 0.002394  0.796543
0.84802799	674	-0.121385 0.007422  0.791994
0.85308399	677	-0.118751 0.005746  0.776192
0.85813598	675	-0.111569 -0.000239  0.783135
0.86321601	677	-0.106062 -0.015802  0.777629
0.86830797	676	-0.097922 -0.006225  0.763743
0.87339601	676	-0.086430 -0.006704  0.762306
0.87847604	678	-0.074219 -0.019153  0.757518
0.88357601	676	-0.074219 -0.029688  0.753926
0.88868398	680	-0.062009 -0.037110  0.747223
0.89377202	679	-0.057700 -0.023702  0.748899
0.89886398	677	-0.045011 -0.028730  0.745547
0.90396394	680	-0.039983 -0.046926  0.746744
0.90906400	679	-0.028730 -0.050757  0.749378
0.91415996	680	-0.025618 -0.051235  0.740280
0.91923999	678	-0.020111 -0.044771  0.747223
0.92432804	680	-0.020829 -0.053151  0.755363
0.92940406	680	-0.014844 -0.062727  0.740040
0.93448400	680	-0.011731 -0.061291  0.745307
0.93955602	680	-0.010056 -0.057221  0.758715
0.94463195	680	-0.000479 -0.051475  0.753926
0.94971199	679	-0.002873 -0.060573  0.758236
0.95478000	676	-0.007661 -0.063206  0.754166
0.95986003	676	-0.002155 -0.054348  0.769010
0.96493606	678	-0.005985 -0.050278  0.761348
0.97001199	676	-0.009098 -0.049081  0.768770
0.97508802	674	-0.015323 -0.052672  0.777150
0.98018398	672	-0.024899 -0.047644  0.787445
0.98527994	674	-0.026575 -0.038546  0.784332
0.99036798	670	-0.036391 -0.035913  0.793191
0.99545993	671	-0.033997 -0.037110  0.849694
1.00054395	669	-0.045011 -0.055545  0.823836
1.00563597	667	-0.049320 -0.022984  0.819048
1.01072800	666	-0.049081 -0.022266  0.833413
1.01581597	667	-0.052672 -0.018196  0.865735
1.02092003	666	-0.081881 -0.023463  0.834610
1.02601599	665	-0.072304 -0.017956  0.881776
1.03112399	663	-0.090979 -0.006464  0.881057
##inga 
#ido(sec)  szog(ADC)     ax(g)    ay(g)   az(g)
1.03674399	663	-0.095767 0.020111  0.877945
1.04196798	660	-0.099358 -0.005985  0.895183
1.04719603	659	-0.110611 0.006464  0.933729
1.05240797	658	-0.119469 0.008140  0.935884
1.05746400	656	-0.120427 0.021308  0.934208
1.06251204	653	-0.129046 0.017238  0.932772
1.06755995	653	-0.114202 0.021069  0.977782
1.07259595	648	-0.120906 0.011492  0.988556
1.07762396	647	-0.129286 0.025139  0.986641
1.08266794	643	-0.118512 0.031124  1.004118
1.08772003	642	-0.120667 0.011971  1.025187
1.09277593	640	-0.110372 0.008380  1.037158
1.09782004	641	-0.105823 0.008380  1.049368
1.10287594	639	-0.108696 0.018196  1.055114
1.10792398	637	-0.096964 0.008619  1.082647
1.11297595	632	-0.080444 -0.006225  1.103476
1.11807596	630	-0.074219 -0.013647  1.105152
1.12317597	629	-0.070628 -0.008380  1.125503
1.12826001	628	-0.061291 -0.008140  1.140347
1.13336801	625	-0.054108 -0.019632  1.149445
1.13846397	623	-0.046926 -0.032082  1.169556
1.14356005	620	-0.035913 -0.026336  1.194694
1.14867198	618	-0.031364 -0.027533  1.196131
1.15379202	615	-0.020351 -0.029688  1.219355
1.15889596	609	-0.021548 -0.034237  1.228213
1.16398799	607	-0.020351 -0.041659  1.250718
1.16908395	606	-0.011013 -0.040701  1.281364
1.17416000	604	-0.004310 -0.031843  1.280885
1.17923998	599	-0.005028 -0.037828  1.284955
1.18432796	595	0.002873 -0.040940  1.311291
1.18935596	594	-0.007661 -0.037828  1.340739
1.19443202	591	-0.000239 -0.033997  1.349598
1.19950795	590	-0.006704 -0.039025  1.351274
1.20459198	586	-0.014365 -0.035913  1.369230
1.20968794	586	-0.019632 -0.030645  1.393890
1.21477603	582	-0.028491 -0.024421  1.402749
1.21987998	578	-0.030885 -0.019872  1.415677
1.22497594	575	-0.035673 -0.016999  1.427169
1.23006796	571	-0.045250 -0.009577  1.455660
1.23515999	570	-0.051235 -0.004070  1.458772
1.24023997	564	-0.058657 -0.004070  1.481038
1.24531996	560	-0.065840 0.002394  1.483672
1.25036394	559	-0.071825 0.009577  1.505698
1.25541996	555	-0.082839 0.010295  1.515036
1.26046800	548	-0.093134 0.017956  1.515275
1.26552796	548	-0.089782 0.021069  1.533231
1.27059602	544	-0.098161 0.028012  1.532992
1.27566397	540	-0.111808 0.034955  1.558131
1.28071594	538	-0.114681 0.032800  1.577045
1.28577602	535	-0.119709 0.037110  1.565313
1.29080402	533	-0.124737 0.048362  1.589016
1.29586399	527	-0.115399 0.051235  1.600029
1.30091202	524	-0.124976 0.040462  1.610803
1.30595600	522	-0.118751 0.042616  1.609845
1.31099200	517	-0.116118 0.045729  1.620140
1.31604802	514	-0.108217 0.042616  1.635463
1.32109594	510	-0.106780 0.042616  1.628998
1.32614004	505	-0.101753 0.038067  1.631153
1.33120405	502	-0.090979 0.028491  1.641448
1.33624804	500	-0.082120 0.030406  1.649828
1.34130001	496	-0.073741 0.031603  1.660841
1.34636402	493	-0.063446 0.023224  1.656771
1.35142803	488	-0.061770 0.017238  1.649588
1.35647594	486	-0.049559 0.011731  1.655813
1.36152398	480	-0.038546 0.007661  1.660362
1.36655604	476	-0.028730 0.008140  1.657728
1.37160003	473	-0.020590 0.005028  1.657968
1.37663996	471	-0.013407 -0.002394  1.646955
1.38172399	466	-0.009577 -0.002155  1.652701
1.38680803	461	-0.005746 -0.006225  1.658686
1.39189994	458	-0.002634 -0.003591  1.670418
1.39698004	455	-0.004070 -0.002394  1.668742
1.40206003	452	-0.001915 0.005746  1.658926
1.40709199	447	-0.003831 0.001437  1.640012
1.41215205	448	0.000000 -0.005985  1.639533
1.41716394	442	-0.002634 -0.009337  1.648870
1.42223596	440	-0.003831 0.004549  1.646236
1.42729606	435	-0.003352 0.009098  1.616070
1.43236398	432	-0.004788 0.008140  1.629956
1.43740797	430	-0.010056 0.004549  1.621337
1.44244394	426	-0.012929 0.006464  1.608408
1.44748792	422	-0.013407 0.013886  1.604099
1.45254001	421	-0.018675 0.012210  1.589255
1.45757198	414	-0.019393 0.014126  1.592128
1.46262798	411	-0.027054 0.016759  1.573693
1.46768798	410	-0.027054 0.024899  1.556694
1.47273597	405	-0.039983 0.025857  1.549272
1.47778406	401	-0.036870 0.027294  1.533471
1.48282804	401	-0.051714 0.038307  1.530598
1.48789205	396	-0.050038 0.047644  1.532513
1.49293994	392	-0.064643 0.049559  1.515754
1.49799203	391	-0.070868 0.053151  1.498755
1.50304403	387	-0.066558 0.047165  1.485826
1.50809202	384	-0.070628 0.051954  1.450872
1.51313199	382	-0.076853 0.048602  1.448238
1.51817998	377	-0.078529 0.059376  1.440337
1.52322807	375	-0.084514 0.066079  1.434112
1.52827205	371	-0.089542 0.070628  1.412325
1.53330802	368	-0.082360 0.057700  1.388144
1.53833999	367	-0.083317 0.063685  1.384313
1.54339599	363	-0.088824 0.070149  1.372821
##inga 
#ido(sec)  szog(ADC)     ax(g)    ay(g)   az(g)
1.54897999	359	-0.082599 0.064403  1.351753
1.55420804	358	-0.086909 0.063685  1.331642
1.55943593	352	-0.075656 0.058657  1.316319
1.56465997	349	-0.077332 0.067037  1.312967
1.56972398	349	-0.066558 0.063206  1.288546
1.57478404	345	-0.060094 0.048841  1.266280
1.57982397	343	-0.056263 0.046926  1.257422
1.58487596	342	-0.049799 0.055545  1.248803
1.58991599	340	-0.040940 0.059615  1.219115
1.59495201	337	-0.033040 0.041659  1.207144
1.59998798	332	-0.022026 0.033518  1.196849
1.60502395	332	-0.015802 0.039025  1.178654
1.61005997	329	-0.019872 0.044053  1.153754
1.61512002	327	-0.010295 0.032321  1.135079
1.62015199	325	-0.003831 0.024421  1.125742
1.62519598	324	0.002155 0.026336  1.119757
1.63022398	322	0.012689 0.025378  1.089111
1.63526000	320	0.013886 0.026575  1.079774
1.64030399	318	0.017238 0.026097  1.063494
1.64535999	316	0.012210 0.022026  1.055114
1.65040397	314	0.015323 0.022505  1.031651
1.65544795	312	0.014365 0.023942  1.022553
1.66048393	309	0.014126 0.027772  1.011301
1.66551599	308	0.015083 0.024899  1.000048
1.67054405	308	0.008619 0.023224  0.981134
1.67555594	305	0.004310 0.020590  0.964375
1.68058004	304	0.002873 0.028491  0.949291
1.68560400	301	-0.003352 0.032800  0.935166
1.69063606	298	0.000479 0.039025  0.918646
1.69566001	298	-0.011253 0.035194  0.909787
1.70071196	296	-0.011013 0.037828  0.906914
1.70576405	295	-0.018914 0.047884  0.901647
1.71080398	294	-0.019393 0.050757  0.870044
1.71586394	293	-0.025378 0.053390  0.861664
1.72090005	292	-0.031364 0.052672  0.851609
1.72592401	290	-0.037828 0.058657  0.847299
1.73096394	290	-0.043095 0.066798  0.837723
1.73600397	289	-0.044771 0.062009  0.824555
1.74104795	286	-0.052432 0.066079  0.825034
1.74609193	288	-0.057700 0.063685  0.815936
1.75113592	285	-0.057939 0.063925  0.798219
1.75618400	285	-0.063685 0.070389  0.795106
1.76122798	283	-0.061291 0.067995  0.784572
1.76627597	284	-0.062488 0.065600  0.782178
1.77133998	283	-0.062727 0.070628  0.761109
1.77639603	283	-0.061770 0.079487  0.768052
1.78143596	281	-0.059615 0.072783  0.750335
1.78647603	280	-0.052672 0.062727  0.747223
1.79151592	279	-0.050278 0.066319  0.751772
1.79654002	279	-0.042138 0.068234  0.746265
1.80157194	279	-0.048123 0.060812  0.743392
1.80661201	277	-0.036870 0.054587  0.741477
1.81164398	279	-0.033040 0.055784  0.738125
1.81667194	276	-0.027294 0.052911  0.721126
1.82172002	278	-0.022745 0.060094  0.724717
1.82676801	278	-0.014844 0.045968  0.735252
1.83180799	277	-0.008619 0.039025  0.722563
1.83687200	278	-0.005507 0.034237  0.725915
1.84191999	276	-0.000479 0.041898  0.733576
1.84695606	278	-0.002873 0.035434  0.728548
1.85198001	277	0.008380 0.038307  0.728069
1.85699605	277	-0.000239 0.027294  0.734534
1.86202001	279	0.007422 0.028970  0.728548
1.86703596	279	0.012210 0.027533  0.734773
1.87205200	279	0.016041 0.030885  0.737407
1.87708396	280	0.010534 0.019393  0.747702
1.88211202	281	0.014604 0.028012  0.747462
1.88714799	279	0.011971 0.028251  0.756560
1.89219198	282	0.006464 0.034237  0.755602
1.89722003	281	0.006464 0.029448  0.760870
1.90223598	285	0.005507 0.028491  0.771883
1.90725193	286	0.005746 0.027533  0.773559
1.91226806	287	0.003831 0.037349  0.772601
1.91728401	285	-0.005507 0.035673  0.795585
1.92230796	286	-0.013647 0.037828  0.793909
1.92736005	287	-0.015323 0.040222  0.809232
1.93239994	289	-0.022745 0.042138  0.814499
1.93746395	291	-0.013168 0.049559  0.820245
1.94251203	291	-0.031843 0.053151  0.826949
1.94757604	293	-0.031843 0.053630  0.842750
1.95262804	294	-0.037828 0.047884  0.857594
1.95767602	295	-0.044292 0.055066  0.859031
1.96273994	297	-0.048362 0.061291  0.874114
1.96779203	297	-0.051954 0.066319  0.894704
1.97283992	300	-0.057700 0.059376  0.900450
1.97786798	303	-0.058657 0.058418  0.922477
1.98291196	302	-0.063206 0.066558  0.921280
1.98795604	306	-0.070389 0.064643  0.940912
1.99300003	306	-0.062009 0.064403  0.949531
1.99802799	307	-0.067516 0.058418  0.969881
2.00307202	311	-0.072304 0.056742  0.976824
2.00811195	313	-0.059854 0.067276  0.995738
2.01315999	314	-0.058418 0.061052  1.012977
2.01822805	317	-0.049799 0.057221  1.021117
2.02327609	318	-0.055306 0.051954  1.035003
2.02834010	320	-0.052193 0.064882  1.044819
2.03340005	320	-0.039265 0.044771  1.069479
2.03843593	321	-0.040222 0.045489  1.075464
2.04347205	325	-0.031364 0.037589  1.095336
2.04851603	328	-0.028491 0.040701  1.112574
2.05353999	329	-0.021308 0.037589  1.130052
##inga 
#ido(sec)  szog(ADC)     ax(g)    ay(g)   az(g)
2.05912399	332	-0.017238 0.034955  1.145375
2.06437611	335	-0.015802 0.024899  1.161655
2.06962800	336	-0.015802 0.028012  1.182963
2.07483601	340	-0.011971 0.025139  1.182724
2.07988810	341	-0.005985 0.024660  1.199483
2.08491992	343	-0.013168 0.017956  1.213848
2.08997201	346	-0.013886 0.025857  1.247606
2.09503602	350	-0.011013 0.025378  1.264126
2.10009193	352	-0.004070 0.017477  1.265083
2.10513210	356	-0.009577 0.021308  1.300996
2.11017990	358	-0.020351 0.023702  1.301954
2.11524009	359	-0.016041 0.020590  1.326853
2.12026810	361	-0.011492 0.025618  1.334754
2.12531590	365	-0.016280 0.017238  1.340500
2.13035202	367	-0.025618 0.021787  1.362526
2.13540792	369	-0.021787 0.027772  1.380962
2.14046406	374	-0.029209 0.027054  1.390299
2.14551210	379	-0.033518 0.021308  1.397960
2.15054798	381	-0.028970 0.024421  1.420465
2.15560007	380	-0.037589 0.033997  1.434831
2.16065192	386	-0.045489 0.031124  1.452547
2.16571593	387	-0.043574 0.035913  1.459969
2.17077589	391	-0.052911 0.035673  1.477926
2.17583203	394	-0.054108 0.037349  1.486305
2.18088793	399	-0.053151 0.035673  1.502107
2.18594002	402	-0.062249 0.036870  1.509768
2.19097590	406	-0.060333 0.031603  1.527964
2.19600391	408	-0.063925 0.034716  1.535625
2.20104002	408	-0.068234 0.038307  1.540174
2.20607590	413	-0.069671 0.038067  1.542090
2.21110796	415	-0.080205 0.033279  1.571777
2.21614003	419	-0.070868 0.034237  1.581833
2.22117996	423	-0.070149 0.032561  1.583270
2.22621607	426	-0.078290 0.035194  1.592128
2.23126411	429	-0.072544 0.034476  1.600747
2.23631596	431	-0.071346 0.028251  1.614633
2.24138402	436	-0.067755 0.033997  1.619182
2.24643993	438	-0.071346 0.028730  1.597874
2.25149202	444	-0.059136 0.023942  1.619661
2.25654411	448	-0.056024 0.022984  1.630435
2.26157999	450	-0.061052 0.024899  1.643124
2.26661610	451	-0.061052 0.028491  1.632350
2.27164411	454	-0.055784 0.017477  1.636660
2.27667593	457	-0.051475 0.019393  1.653419
2.28172397	461	-0.047165 0.005267  1.660362
2.28676009	463	-0.052911 0.008380  1.651025
2.29180002	467	-0.041180 0.012210  1.652222
2.29685211	473	-0.035194 0.002155  1.660123
2.30191206	476	-0.043095 -0.001915  1.656292
2.30699610	479	-0.044053 -0.002155  1.655095
2.31207990	483	-0.039025 0.003352  1.649349
2.31713199	488	-0.030167 -0.002155  1.644082
2.32223606	491	-0.036631 -0.004070  1.659883
2.32731604	496	-0.034237 -0.005267  1.639293
2.33240389	500	-0.038307 -0.002873  1.630195
2.33748388	503	-0.035434 -0.004549  1.647673
2.34257197	505	-0.040940 -0.000239  1.633068
2.34764790	506	-0.039025 -0.003352  1.620858
2.35272407	512	-0.039265 -0.002394  1.611760
2.35780811	518	-0.040222 -0.004549  1.610563
2.36288404	520	-0.035913 -0.003352  1.615112
2.36797189	525	-0.043095 -0.005267  1.600508
2.37305188	527	-0.052911 -0.007901  1.587340
2.37813997	530	-0.044532 -0.003352  1.586861
2.38323211	534	-0.052672 -0.001437  1.584945
2.38832402	535	-0.062009 -0.002634  1.557891
2.39339995	540	-0.065122 0.000000  1.549512
2.39842009	542	-0.066319 0.000958  1.544245
2.40347194	547	-0.073741 0.007422  1.528682
2.40852403	550	-0.070628 0.007901  1.521260
2.41355609	551	-0.084275 0.003831  1.499713
2.41861200	554	-0.084993 0.006464  1.510247
2.42366409	560	-0.086669 0.008858  1.502107
2.42872405	563	-0.090500 0.010295  1.472180
2.43376398	568	-0.102710 0.011253  1.466912
2.43880009	570	-0.093134 0.010534  1.461885
2.44384789	574	-0.098161 0.009337  1.443689
2.44889211	574	-0.100316 0.016041  1.419268
2.45393610	578	-0.096964 0.007661  1.409452
2.45897197	581	-0.099598 0.011013  1.388144
2.46402001	585	-0.085951 -0.002155  1.391017
2.46911191	585	-0.090500 0.000718  1.368033
2.47415590	589	-0.098880 0.006943  1.350556
2.47919988	591	-0.077571 -0.009816  1.344331
2.48429989	593	-0.082360 -0.011253  1.325177
2.48939990	593	-0.081163 -0.001197  1.296208
2.49449205	600	-0.076135 -0.008380  1.295968
2.49957609	600	-0.070628 -0.007901  1.279927
2.50466394	604	-0.062009 -0.021548  1.271308
2.50975608	606	-0.059136 -0.020829  1.248803
2.51485204	609	-0.058179 -0.022984  1.219355
2.51996397	612	-0.050038 -0.020829  1.227255
2.52504396	614	-0.043813 -0.025139  1.200441
2.53016400	619	-0.043335 -0.035913  1.184639
2.53527188	620	-0.038307 -0.040462  1.165725
2.54037189	623	-0.029209 -0.038546  1.156627
2.54547595	623	-0.032082 -0.027054  1.133164
2.55056405	628	-0.031603 -0.036870  1.112814
2.55566406	631	-0.033997 -0.042138  1.109462
2.56078410	632	-0.028012 -0.037828  1.088632
2.56588792	634	-0.034476 -0.032561  1.076183
##inga 
#ido(sec)  szog(ADC)     ax(g)    ay(g)   az(g)
2.57152795	637	-0.036391 -0.033758  1.059902
2.57676792	640	-0.035673 -0.043095  1.046734
2.58198809	641	-0.040940 -0.038067  1.034763
2.58719992	643	-0.042616 -0.031603  1.008427
2.59229588	647	-0.050757 -0.032321  0.996696
2.59738397	645	-0.053630 -0.029927  0.985922
2.60247206	648	-0.053869 -0.028970  0.971797
2.60755205	648	-0.064643 -0.024899  0.958389
2.61263203	652	-0.066798 -0.019153  0.950728
2.61773610	655	-0.070389 -0.018675  0.941630
2.62280797	656	-0.082599 -0.015083  0.921280
2.62788391	659	-0.081163 -0.014365  0.915533
2.63297605	659	-0.084754 -0.015802  0.897577
2.63806009	660	-0.087387 -0.008619  0.893268
2.64315199	661	-0.091697 -0.016999  0.890873
2.64823198	664	-0.094809 -0.012689  0.869326
2.65333199	665	-0.097204 -0.004070  0.863580
2.65840411	666	-0.094809 -0.009816  0.847299
2.66348791	666	-0.088345 -0.009816  0.845623
2.66857194	665	-0.096485 -0.015083  0.830780
2.67366003	666	-0.096725 -0.007183  0.825991
2.67875194	669	-0.094570 -0.000718  0.822639
2.68383598	668	-0.093612 -0.009098  0.814020
2.68892002	671	-0.092415 -0.018196  0.797500
2.69401192	671	-0.081881 -0.013407  0.787206
2.69912409	672	-0.078050 -0.017717  0.790318
2.70422792	671	-0.077332 -0.017956  0.784811
2.70934009	675	-0.068952 -0.020590  0.781938
2.71444392	672	-0.066319 -0.021548  0.774995
2.71956396	675	-0.065840 -0.032082  0.773798
2.72465205	674	-0.065122 -0.027294  0.766616
2.72975206	674	-0.054587 -0.028970  0.757757
2.73485589	675	-0.052193 -0.034955  0.753208
2.73994803	676	-0.050757 -0.034476  0.761348
2.74503993	677	-0.045729 -0.033279  0.757039
2.75011610	677	-0.040701 -0.044292  0.747941
2.75519204	674	-0.039025 -0.045729  0.757518
2.76027607	677	-0.042138 -0.040462  0.758475
2.76536011	675	-0.041659 -0.042616  0.750814
2.77044391	677	-0.036391 -0.040940  0.755124
2.77552795	677	-0.036870 -0.044771  0.763503
2.78061199	677	-0.037828 -0.041898  0.751772
2.78570008	676	-0.031603 -0.039025  0.756081
2.79078388	674	-0.034955 -0.038307  0.765179
2.79586410	675	-0.034237 -0.039983  0.771164
2.80095195	673	-0.033040 -0.042138  0.772122
2.80603599	673	-0.038786 -0.033997  0.776671
2.81112403	673	-0.044053 -0.033040  0.769967
2.81621189	670	-0.044771 -0.032082  0.788163
2.82130413	668	-0.050038 -0.030167  0.791994
2.82639598	669	-0.055545 -0.021548  0.783614
2.83149194	668	-0.059136 -0.024421  0.796303
2.83658790	666	-0.058657 -0.023463  0.809711
2.84168004	666	-0.069671 -0.019632  0.824315
2.84678792	666	-0.065600 -0.016999  0.825273
2.85186786	666	-0.071586 -0.018196  0.835089
2.85696010	664	-0.071346 -0.011253  0.847299
2.86206388	664	-0.076614 -0.012450  0.856158
2.86716384	663	-0.079966 -0.011971  0.863340
2.87225198	660	-0.082120 -0.006704  0.878903
2.87734394	660	-0.084275 -0.001437  0.890634
2.88243598	659	-0.085951 -0.000958  0.891831
2.88752002	657	-0.091697 -0.001915  0.910506
2.89262008	655	-0.088824 -0.005985  0.925350
2.89769191	653	-0.088824 -0.003591  0.932532
2.90278005	653	-0.089303 -0.006225  0.928223
2.90785999	648	-0.088824 -0.003112  0.947615
2.91294002	645	-0.083317 -0.009816  0.969163
2.91801185	646	-0.089542 -0.007901  0.976585
2.92309188	644	-0.082120 -0.003591  0.989514
2.92816400	644	-0.078290 -0.004549  1.003879
2.93323211	642	-0.071825 -0.008619  1.021356
2.93831996	640	-0.070868 -0.009816  1.031172
2.94341201	638	-0.063685 -0.015083  1.046016
2.94848804	634	-0.059615 -0.011492  1.062536
2.95358390	632	-0.050996 -0.016041  1.083365
2.95866394	631	-0.055306 -0.028491  1.086957
2.96374797	628	-0.048123 -0.020111  1.107068
2.96884803	628	-0.049799 -0.016280  1.117602
2.97393608	625	-0.047884 -0.022745  1.136516
2.97903614	622	-0.040940 -0.025618  1.154712
2.98413610	619	-0.045489 -0.017717  1.160218
2.98923606	618	-0.042377 -0.021548  1.177217
2.99433994	616	-0.038786 -0.016280  1.198046
2.99943590	612	-0.033279 -0.025378  1.212172
3.00453996	607	-0.040222 -0.016520  1.230368
3.00962805	605	-0.039504 -0.018675  1.247366
3.01472806	605	-0.044053 -0.011013  1.271787
3.01981210	601	-0.047405 -0.016520  1.274421
3.02489995	597	-0.052193 -0.017477  1.287349
3.02999997	593	-0.042856 -0.017717  1.300996
3.03509211	591	-0.051235 -0.005267  1.325895
3.04017996	589	-0.053151 -0.011492  1.328529
3.04528403	586	-0.056503 -0.011253  1.355104
3.05037999	586	-0.058418 -0.006704  1.348401
3.05547189	581	-0.059376 0.000239  1.369230
3.06052803	579	-0.060812 0.000000  1.394608
3.06554007	575	-0.065122 0.001676  1.404903
3.07059192	574	-0.067755 0.003591  1.425733
3.07561993	572	-0.062009 0.002394  1.432676
3.08064389	569	-0.068473 0.013647  1.446562
##inga 
#ido(sec)  szog(ADC)     ax(g)    ay(g)   az(g)
3.08623600	563	-0.067516 0.009577  1.465237
3.09146404	558	-0.073741 0.009816  1.483193
3.09668803	554	-0.069910 0.010774  1.486784
3.10190010	552	-0.074698 0.008619  1.504980
3.10692811	549	-0.072304 0.004549  1.514317
3.11197209	547	-0.077571 0.012929  1.519106
3.11702799	542	-0.075177 0.013407  1.528922
3.12209200	538	-0.076614 0.015562  1.543287
3.12715601	537	-0.070868 0.017238  1.542808
3.13221597	535	-0.069671 0.018675  1.556455
3.13727998	529	-0.074219 0.015562  1.569144
3.14233207	525	-0.072544 0.016999  1.573693
3.14738392	523	-0.068234 0.015083  1.580397
3.15242004	520	-0.073022 0.014126  1.591888
3.15745592	515	-0.079726 0.022505  1.595001
3.16249990	509	-0.067516 0.022984  1.606972
3.16754794	507	-0.074938 0.020829  1.613197
3.17258405	503	-0.066798 0.019632  1.612478
3.17763590	500	-0.067276 0.018435  1.618943
3.18268394	500	-0.062727 0.020111  1.629238
3.18773198	494	-0.056742 0.014126  1.625886
3.19278788	490	-0.057700 0.019153  1.625886
3.19783592	486	-0.054827 0.010774  1.619661
3.20290398	483	-0.051714 0.012689  1.634984
3.20795989	479	-0.047165 0.019153  1.648870
3.21301198	474	-0.049320 0.015802  1.641927
3.21804809	472	-0.046208 0.012210  1.632829
3.22308397	468	-0.038786 0.014126  1.634744
3.22813200	465	-0.038307 0.015323  1.640969
3.23315191	461	-0.039983 0.010295  1.632111
3.23818802	458	-0.037828 0.012210  1.632111
3.24322390	452	-0.031124 0.009098  1.630435
3.24829196	452	-0.026575 0.008619  1.637857
3.25334000	450	-0.028491 0.013647  1.633068
3.25838804	445	-0.025857 0.018196  1.620858
3.26343989	442	-0.033518 0.013168  1.614394
3.26850390	439	-0.031364 0.022745  1.612718
3.27357196	435	-0.034476 0.020351  1.611281
3.27863597	432	-0.030885 0.016041  1.599310
3.28367996	430	-0.033758 0.022745  1.585903
3.28873205	424	-0.031364 0.020351  1.581833
3.29378008	421	-0.034716 0.023942  1.585185
3.29883599	420	-0.032082 0.022026  1.580397
3.30387997	416	-0.038546 0.021787  1.560764
3.30892395	412	-0.041180 0.031364  1.556215
3.31394791	410	-0.042856 0.027294  1.537301
3.31899189	407	-0.046926 0.030406  1.536104
3.32405209	404	-0.050517 0.034955  1.523655
3.32909202	402	-0.050038 0.042138  1.515754
3.33414411	399	-0.051235 0.036870  1.502825
3.33919191	395	-0.053630 0.043813  1.470504
3.34423995	392	-0.057939 0.037589  1.474334
3.34929203	387	-0.053151 0.041180  1.464279
3.35435605	386	-0.058657 0.051475  1.450872
3.35940790	380	-0.051954 0.052193  1.437464
3.36443591	378	-0.054827 0.038067  1.423817
3.36946797	376	-0.055784 0.039025  1.407776
3.37450790	372	-0.051714 0.042616  1.391975
3.37955188	369	-0.054587 0.047405  1.391975
3.38459610	365	-0.053630 0.049799  1.365639
3.38964390	363	-0.051475 0.034237  1.351753
3.39468789	359	-0.041898 0.035673  1.340021
3.39973998	360	-0.041898 0.048123  1.322304
3.40479207	354	-0.038307 0.044053  1.306263
3.40984010	352	-0.038307 0.042616  1.293813
3.41488790	350	-0.036870 0.042616  1.288067
3.41993188	348	-0.029688 0.033997  1.260534
3.42497992	346	-0.032561 0.048123  1.245930
3.43003606	343	-0.031124 0.045250  1.236114
3.43508005	341	-0.024899 0.028730  1.226058
3.44012808	339	-0.028012 0.037589  1.194694
3.44517993	336	-0.023702 0.046926  1.186076
3.45023202	333	-0.024181 0.042856  1.165486
3.45528411	331	-0.023224 0.039983  1.149205
3.46033191	330	-0.018675 0.033518  1.131249
3.46537995	327	-0.018196 0.035673  1.128136
3.47043204	325	-0.022505 0.044292  1.110419
3.47546792	322	-0.017956 0.041659  1.095097
3.48052000	320	-0.015562 0.032561  1.085760
3.48557209	319	-0.019872 0.041898  1.071155
3.49063611	319	-0.026336 0.043095  1.052959
3.49569988	315	-0.021787 0.046926  1.041707
3.50076389	313	-0.021308 0.039504  1.019441
3.50582408	314	-0.020111 0.042377  1.001006
3.51085996	312	-0.026575 0.041419  0.988316
3.51589608	311	-0.022984 0.050517  0.987598
3.52092409	307	-0.022266 0.049320  0.964614
3.52595996	307	-0.024181 0.049320  0.950728
3.53100800	303	-0.025139 0.048362  0.940672
3.53604793	303	-0.016041 0.047644  0.928462
3.54109191	299	-0.029688 0.047644  0.923434
3.54613208	300	-0.026097 0.049320  0.904999
3.55117201	299	-0.027533 0.050038  0.895422
3.55623197	297	-0.027054 0.049320  0.876030
3.56127190	296	-0.031364 0.054587  0.871959
3.56632804	294	-0.028970 0.047884  0.864777
3.57136797	293	-0.028012 0.054348  0.842990
3.57639598	293	-0.037110 0.052193  0.836526
3.58142805	292	-0.028251 0.050757  0.832456
3.58647990	289	-0.033758 0.044771  0.816654
3.59150791	290	-0.035194 0.054348  0.811147
##inga 
#ido(sec)  szog(ADC)     ax(g)    ay(g)   az(g)
3.59707999	289	-0.032082 0.048602  0.804683
3.60229206	287	-0.032561 0.051954  0.799655
3.60752010	286	-0.024181 0.051235  0.785290
3.61272406	287	-0.029209 0.050517  0.781938
3.61777997	283	-0.028012 0.053390  0.769489
3.62281990	283	-0.029688 0.048602  0.770925
3.62788391	284	-0.025378 0.056024  0.763503
3.63294792	283	-0.025857 0.050996  0.758954
3.63800811	284	-0.021548 0.049799  0.759194
3.64304399	284	-0.017717 0.053869  0.759433
3.64809608	284	-0.028730 0.048602  0.748659
3.65313196	283	-0.015802 0.051714  0.730464
3.65816402	283	-0.013168 0.049081  0.742434
3.66320395	283	-0.012450 0.048123  0.745547
3.66824388	283	-0.019632 0.050038  0.743632
3.67330408	282	-0.018435 0.050278  0.738604
3.67834806	281	-0.012929 0.045729  0.733815
3.68339610	282	-0.017956 0.044292  0.736210
3.68844795	281	-0.016999 0.045968  0.746265
3.69348406	282	-0.007661 0.050517  0.738604
3.69852399	282	-0.010774 0.042856  0.736449
3.70357203	282	-0.013407 0.042856  0.748899
3.70861601	282	-0.021308 0.043095  0.742434
3.71365594	283	-0.009337 0.038307  0.750575
3.71868395	285	-0.021308 0.040222  0.756081
3.72371602	284	-0.012210 0.041180  0.758954
3.72875595	283	-0.015083 0.039504  0.759912
3.73379993	287	-0.016999 0.040701  0.770686
3.73884391	285	-0.017956 0.044053  0.776192
3.74389600	288	-0.023224 0.046686  0.774995
3.74893593	289	-0.022505 0.041898  0.785530
3.75397992	289	-0.024660 0.045250  0.791994
3.75902795	290	-0.026097 0.045011  0.791036
3.76408410	292	-0.021787 0.047405  0.796064
3.76914811	289	-0.025857 0.050757  0.811147
3.77421188	291	-0.034237 0.050996  0.815936
3.77925992	294	-0.034237 0.048362  0.823118
3.78430008	293	-0.036152 0.040462  0.832695
3.78934407	296	-0.034716 0.052432  0.842032
3.79437208	297	-0.033758 0.050517  0.857594
3.79941201	300	-0.034237 0.045011  0.859031
3.80446004	301	-0.035194 0.051475  0.876987
3.80951194	301	-0.035434 0.050038  0.883691
3.81455593	302	-0.036870 0.046926  0.900450
3.81959199	305	-0.033997 0.049799  0.909069
3.82463598	307	-0.033758 0.053390  0.911942
3.82967996	309	-0.036391 0.046208  0.944503
3.83473987	310	-0.037349 0.043335  0.945700
3.83978796	313	-0.037828 0.047405  0.952643
3.84483604	314	-0.029927 0.042377  0.963417
3.84988803	316	-0.028491 0.042377  0.984965
3.85491991	315	-0.028730 0.042856  1.000527
3.85996007	318	-0.030885 0.042377  1.017765
3.86498813	318	-0.036152 0.039743  1.029496
3.87003593	320	-0.032561 0.045729  1.040031
3.87508792	320	-0.028251 0.038546  1.048889
3.88014392	324	-0.029448 0.039025  1.071155
3.88518810	327	-0.032321 0.037589  1.087675
3.89024810	329	-0.028970 0.037349  1.094378
3.89529991	331	-0.023942 0.027054  1.113771
3.90036392	331	-0.024181 0.038067  1.132207
3.90542411	333	-0.029688 0.037589  1.146093
3.91049194	337	-0.028012 0.036870  1.164767
3.91555194	340	-0.028251 0.029927  1.180090
3.92060394	342	-0.029448 0.033518  1.195173
3.92565612	342	-0.023702 0.036391  1.204990
3.93068008	348	-0.024181 0.038307  1.217439
3.93572807	350	-0.028012 0.034237  1.237071
3.94076805	353	-0.027533 0.030406  1.248324
3.94582004	356	-0.029927 0.036631  1.270351
3.95086784	358	-0.035673 0.028970  1.284237
3.95592002	358	-0.040701 0.038067  1.288546
3.96095609	360	-0.036391 0.039025  1.314164
3.96602010	363	-0.039265 0.034237  1.329487
3.97108001	367	-0.042377 0.038307  1.340260
3.97614784	371	-0.045489 0.041419  1.357020
3.98120803	373	-0.050278 0.027533  1.369470
3.98626804	379	-0.046208 0.039504  1.385032
3.99133605	380	-0.052672 0.039504  1.409692
3.99640007	382	-0.047884 0.033518  1.398439
4.00144815	386	-0.047884 0.037828  1.424775
4.00649213	387	-0.048602 0.033758  1.439858
4.01152801	390	-0.049320 0.033040  1.451111
4.01656007	396	-0.046208 0.028012  1.472419
4.02160406	398	-0.048841 0.028491  1.469067
4.02665185	402	-0.055784 0.023224  1.494206
4.03171205	403	-0.047884 0.026097  1.492770
4.03675603	406	-0.053390 0.023224  1.507853
4.04180002	407	-0.049799 0.027294  1.522218
4.04685592	412	-0.044292 0.028251  1.540893
4.05190801	414	-0.048123 0.025857  1.539217
4.05696821	418	-0.039743 0.018196  1.544005
4.06203222	421	-0.046686 0.016280  1.550469
4.06709623	425	-0.041898 0.017717  1.565553
4.07214403	427	-0.041419 0.016520  1.568665
4.07719182	431	-0.038546 0.013407  1.576087
4.08223199	433	-0.041419 0.010774  1.587819
4.08728408	435	-0.041180 0.008619  1.594762
4.09232378	441	-0.046208 0.015562  1.595480
4.09736776	448	-0.038786 0.015802  1.607690
4.10240411	447	-0.039504 0.011013  1.606493
##inga 
#ido(sec)  szog(ADC)     ax(g)    ay(g)   az(g)
4.10798406	452	-0.039983 0.014844  1.614154
4.11322402	455	-0.047405 0.007183  1.625646
4.11845207	456	-0.045011 0.012210  1.617746
4.12368822	462	-0.048602 0.010056  1.621816
4.12873220	464	-0.042138 0.011013  1.631392
4.13378810	464	-0.052193 0.013168  1.629477
4.13884782	470	-0.049799 0.011253  1.622055
4.14391613	475	-0.047644 0.012929  1.628998
4.14897584	476	-0.056981 0.018196  1.622295
4.15402793	482	-0.059376 0.013168  1.623731
4.15907621	485	-0.065122 0.013647  1.623731
4.16412782	490	-0.066798 0.016041  1.623252
4.16916799	493	-0.074698 0.011492  1.615112
4.17419576	494	-0.072065 0.011253  1.625646
4.17923593	499	-0.075177 0.010295  1.619182
4.18427181	504	-0.075895 0.010056  1.608408
4.18932390	505	-0.073501 0.012929  1.601465
4.19437980	506	-0.078050 0.018435  1.592367
4.19941997	513	-0.078768 0.006943  1.589973
4.20446777	518	-0.084275 0.008619  1.593086
4.20953178	521	-0.079247 0.011971  1.596198
4.21458387	525	-0.084275 0.020829  1.564356
4.21964406	527	-0.079487 0.011013  1.576805
4.22468376	528	-0.079966 0.009577  1.565074
4.22973585	533	-0.074698 0.005028  1.548315
4.23477220	536	-0.083796 0.012450  1.536344
4.23981189	540	-0.073741 0.008619  1.522936
4.24484777	542	-0.073501 0.001437  1.516472
4.24989986	547	-0.072544 -0.004549  1.512641
4.25499200	549	-0.063925 -0.002873  1.493727
4.26007604	551	-0.064403 -0.004310  1.488221
4.26516389	556	-0.067995 -0.003352  1.472419
4.27024793	561	-0.065361 -0.009577  1.473377
4.27534818	559	-0.062967 -0.007901  1.462124
4.28042793	565	-0.061052 -0.006943  1.435070
4.28551578	570	-0.050278 -0.013647  1.429803
4.29060792	573	-0.053151 -0.013407  1.412325
4.29572010	575	-0.056024 -0.018675  1.404185
4.30082416	575	-0.050278 -0.015083  1.392214
4.30590820	581	-0.045250 -0.015802  1.367315
4.31099605	585	-0.040701 -0.021548  1.367315
4.31609582	584	-0.041898 -0.023463  1.351753
4.32119989	590	-0.048123 -0.022745  1.334275
4.32629585	589	-0.043813 -0.020111  1.323501
4.33139991	593	-0.037110 -0.025857  1.292856
4.33650398	594	-0.040462 -0.022026  1.293574
4.34159612	599	-0.047884 -0.030167  1.270829
4.34670019	601	-0.050278 -0.026815  1.248803
4.35180377	605	-0.050517 -0.026815  1.243296
4.35690402	608	-0.051954 -0.028251  1.232523
4.36201190	612	-0.057460 -0.021548  1.212890
4.36710405	613	-0.054348 -0.021548  1.195413
4.37221193	617	-0.057460 -0.014126  1.180329
4.37730407	618	-0.066079 -0.020829  1.173386
4.38238382	619	-0.066558 -0.020351  1.153275
4.38747215	623	-0.072304 -0.019393  1.136995
4.39256381	623	-0.075656 -0.012450  1.132925
4.39764022	627	-0.076374 -0.011013  1.106110
4.40273618	627	-0.079726 -0.009577  1.099646
4.40782022	629	-0.081641 -0.006464  1.077380
4.41289186	631	-0.082360 -0.010774  1.076901
4.41797208	635	-0.085233 -0.005985  1.055353
4.42305183	636	-0.086190 -0.006704  1.039552
4.42812395	638	-0.092655 -0.007422  1.036918
4.43320417	638	-0.086190 -0.006704  1.009625
4.43828821	643	-0.087387 -0.008619  0.993823
4.44335985	645	-0.087387 -0.011492  0.975867
4.44845199	645	-0.086669 -0.014844  0.976585
4.45354795	649	-0.087387 -0.015083  0.955756
4.45864391	650	-0.080444 -0.009098  0.943545
4.46371603	652	-0.080444 -0.013886  0.934926
4.46880817	653	-0.078768 -0.015802  0.928941
4.47390794	655	-0.078529 -0.023942  0.902365
4.47899580	654	-0.073262 -0.022026  0.905957
4.48409605	658	-0.064882 -0.018196  0.898774
4.48918819	658	-0.067276 -0.025857  0.885127
4.49429178	659	-0.057700 -0.022266  0.874114
4.49938392	661	-0.056024 -0.029209  0.853524
4.50445985	662	-0.054108 -0.030406  0.853524
4.50955581	662	-0.055066 -0.030645  0.845623
4.51465988	664	-0.049081 -0.036152  0.839638
4.51974821	665	-0.046686 -0.034716  0.826709
4.52484798	666	-0.048841 -0.033279  0.823358
4.52994012	667	-0.045489 -0.033758  0.813541
4.53503990	667	-0.042138 -0.038307  0.807077
4.54014396	666	-0.042856 -0.038786  0.801571
4.54522800	668	-0.039743 -0.039743  0.791276
4.55031204	667	-0.046447 -0.042616  0.785530
4.55539178	667	-0.049320 -0.037589  0.786487
4.56046390	668	-0.044771 -0.040940  0.775474
4.56554412	671	-0.050757 -0.035194  0.772601
4.57062387	670	-0.047884 -0.033758  0.782417
4.57571220	671	-0.049081 -0.037589  0.774038
4.58079195	671	-0.054827 -0.026097  0.770446
4.58587980	670	-0.056981 -0.041180  0.766137
4.59096384	670	-0.062009 -0.032082  0.762306
4.59603977	671	-0.057221 -0.029448  0.767334
4.60113620	672	-0.065600 -0.030406  0.756081
4.60622787	672	-0.063446 -0.026815  0.766855
4.61132001	672	-0.074938 -0.019393  0.768052
4.61641597	672	-0.071825 -0.017717  0.764700
##inga 
#ido(sec)  szog(ADC)     ax(g)    ay(g)   az(g)
4.62203598	672	-0.071825 -0.026575  0.766616
4.62728404	672	-0.077093 -0.018435  0.758954
4.63250398	670	-0.077811 -0.011731  0.779784
4.63773584	668	-0.078050 -0.012450  0.777389
4.64281177	669	-0.081402 -0.014844  0.775235
4.64789199	668	-0.076374 -0.014126  0.791276
4.65298795	666	-0.076374 -0.007183  0.785051
4.65808391	666	-0.079487 -0.012450  0.805162
4.66318798	667	-0.080923 -0.009816  0.800134
4.66828012	667	-0.074459 -0.008619  0.802768
4.67338800	664	-0.081881 -0.011013  0.811147
4.67849206	666	-0.080205 -0.011971  0.821682
4.68358421	665	-0.075417 -0.017717  0.827667
4.68869209	664	-0.079247 -0.009577  0.841075
4.69379186	663	-0.071107 -0.015323  0.840835
4.69888782	661	-0.066798 -0.015083  0.844905
4.70397186	659	-0.066798 -0.021548  0.860707
4.70906782	658	-0.068473 -0.014844  0.860467
4.71415996	657	-0.063685 -0.019393  0.881536
4.71924781	657	-0.062009 -0.017238  0.888958
4.72432422	652	-0.056024 -0.009098  0.899014
4.72940778	651	-0.049799 -0.028970  0.908351
4.73448801	652	-0.044053 -0.021069  0.917928
4.73956394	647	-0.045489 -0.024421  0.926068
4.74465608	648	-0.045729 -0.029448  0.937320
4.74974012	647	-0.053630 -0.023224  0.955516
4.75483989	646	-0.040940 -0.028970  0.962699
4.75992822	644	-0.042377 -0.023942  0.982570
4.76501178	640	-0.044532 -0.024660  0.997175
4.77010393	641	-0.047165 -0.020111  1.002681
4.77519989	639	-0.042616 -0.028730  1.019680
4.78028011	635	-0.048841 -0.021069  1.040749
4.78536796	634	-0.048123 -0.026815  1.037876
4.79047584	633	-0.044771 -0.025857  1.057508
4.79557180	629	-0.044292 -0.020590  1.079295
4.80066013	628	-0.046686 -0.020351  1.091266
4.80575609	624	-0.054108 -0.020829  1.085999
4.81083583	622	-0.051954 -0.017956  1.119278
4.81593990	620	-0.053151 -0.016759  1.135319
4.82104778	616	-0.061052 -0.018435  1.155669
4.82613992	616	-0.060812 -0.011731  1.165725
4.83123588	615	-0.063446 -0.009816  1.181287
4.83632421	611	-0.064403 -0.000718  1.186794
4.84141206	608	-0.066319 -0.003112  1.204511
4.84650802	608	-0.072544 -0.005028  1.219594
4.85159587	605	-0.073262 -0.006464  1.233241
4.85669183	601	-0.073980 -0.001915  1.253112
4.86178398	596	-0.076374 0.000958  1.267956
4.86684417	595	-0.086190 0.009577  1.277054
4.87189197	591	-0.082839 0.006704  1.284237
4.87694787	590	-0.074459 0.002634  1.310094
4.88197994	588	-0.071825 0.010774  1.321586
4.88702011	586	-0.082360 0.009816  1.336669
4.89205598	584	-0.076614 0.002873  1.345767
4.89709615	579	-0.079247 0.004070  1.366836
4.90214014	575	-0.078529 0.008619  1.376173
4.90718412	575	-0.074938 0.006943  1.385271
4.91221618	571	-0.073022 0.006704  1.404425
4.91726779	568	-0.072544 0.004310  1.418311
4.92233180	565	-0.075417 0.002634  1.428127
4.92739582	561	-0.069910 0.008140  1.445604
4.93245983	559	-0.064164 0.001676  1.454223
4.93752384	553	-0.054348 0.002634  1.476968
4.94258022	549	-0.054587 0.000000  1.488221
4.94757986	548	-0.049799 -0.003591  1.481756
4.95266819	544	-0.048841 0.003112  1.497319
4.95771980	542	-0.042377 0.002873  1.501868
4.96275997	539	-0.047165 -0.006704  1.510008
4.96784782	538	-0.039504 -0.002155  1.530119
4.97293186	535	-0.033518 -0.003831  1.530837
4.97801589	530	-0.035913 -0.005507  1.546878
4.98309183	524	-0.043335 -0.008140  1.549272
4.98818016	521	-0.036870 -0.004788  1.564595
4.99326419	520	-0.028970 0.001676  1.576087
4.99830389	515	-0.044053 0.002394  1.572496
5.00335216	509	-0.044532 0.003352  1.582791
5.00840377	508	-0.041419 -0.003352  1.587340
5.01349210	505	-0.038067 0.002873  1.590213
5.01853179	503	-0.041180 0.003112  1.591888
5.02358007	500	-0.049320 0.007422  1.602902
5.02862787	496	-0.045250 0.007901  1.606732
5.03367614	490	-0.046447 0.007183  1.602662
5.03873205	487	-0.053390 0.006225  1.613436
5.04376411	485	-0.052672 0.021069  1.613197
5.04881620	478	-0.054587 0.020829  1.612957
5.05384778	474	-0.053151 0.015802  1.621098
5.05889177	473	-0.054587 0.027294  1.616309
5.06393623	470	-0.065361 0.029209  1.617267
5.06899213	466	-0.066558 0.026815  1.622534
5.07404422	464	-0.065361 0.025857  1.607930
5.07909202	459	-0.069671 0.035913  1.602184
5.08414793	455	-0.068234 0.035194  1.618464
5.08920383	452	-0.079726 0.035913  1.604099
5.09426403	450	-0.070389 0.038307  1.600508
5.09932804	448	-0.074219 0.036391  1.607930
5.10438013	446	-0.083317 0.044771  1.602423
5.10942792	440	-0.079008 0.042138  1.590931
5.11446809	437	-0.074938 0.040940  1.592846
5.11950778	433	-0.077093 0.042616  1.578002
5.12454795	431	-0.076135 0.046447  1.574172
5.12960004	428	-0.071346 0.046686  1.555018
##inga 
#ido(sec)  szog(ADC)     ax(g)    ay(g)   az(g)
5.13517999	422	-0.065840 0.031124  1.553582
5.14041996	421	-0.063446 0.033997  1.558131
5.14564800	416	-0.066798 0.036391  1.539695
5.15087604	412	-0.057939 0.037589  1.536823
5.15592002	411	-0.060333 0.034476  1.522457
5.16096782	409	-0.050038 0.029688  1.508811
5.16601991	406	-0.046926 0.034716  1.499952
5.17106819	401	-0.041419 0.036870  1.503783
5.17612791	401	-0.032082 0.027294  1.476250
5.18117189	397	-0.033518 0.024660  1.470264
5.18621587	393	-0.025139 0.025618  1.459012
5.19126796	389	-0.015323 0.025857  1.437704
5.19631576	387	-0.014844 0.018675  1.424536
5.20136022	385	-0.014604 0.019393  1.426690
5.20638799	382	-0.006943 0.017477  1.416874
5.21142387	379	-0.007661 0.014604  1.397481
5.21646022	374	-0.007661 0.014126  1.388144
5.22148799	372	-0.010295 0.023702  1.371864
5.22654008	369	-0.006464 0.024899  1.359175
5.23158788	366	-0.002873 0.024660  1.348880
5.23661994	364	-0.011253 0.016041  1.333796
5.24169206	360	-0.013647 0.026575  1.306263
5.24675607	359	-0.012450 0.024181  1.297165
5.25182008	357	-0.010534 0.025618  1.288067
5.25685977	354	-0.015083 0.029688  1.270111
5.26191186	352	-0.020111 0.029927  1.260295
5.26694393	347	-0.011013 0.030645  1.235874
5.27198791	346	-0.016759 0.039983  1.228692
5.27703189	343	-0.017717 0.033518  1.215524
5.28207206	342	-0.026575 0.039983  1.196131
5.28712415	339	-0.031364 0.041180  1.171471
5.29217195	337	-0.034716 0.042377  1.170753
5.29722023	334	-0.037349 0.046926  1.158782
5.30225992	332	-0.045968 0.047644  1.135079
5.30731201	329	-0.045968 0.056263  1.114490
5.31236410	326	-0.053869 0.058179  1.101561
5.31742382	322	-0.056503 0.055784  1.086238
5.32247591	323	-0.060812 0.060573  1.078577
5.32752799	323	-0.055306 0.061770  1.066127
5.33257579	321	-0.060333 0.068234  1.048889
5.33761978	320	-0.062249 0.063446  1.038355
5.34265184	319	-0.067037 0.068952  1.015610
5.34768390	317	-0.063206 0.067516  1.008667
5.35273599	314	-0.063685 0.061530  1.004357
5.35777616	312	-0.061052 0.066558  0.980894
5.36281204	312	-0.055784 0.058418  0.967008
5.36786794	311	-0.052432 0.060573  0.962699
5.37293195	307	-0.052193 0.059136  0.946897
5.37798023	307	-0.049320 0.050038  0.936363
5.38302421	304	-0.034237 0.051714  0.918885
5.38808822	301	-0.040701 0.048123  0.910266
5.39313983	302	-0.029927 0.051954  0.906436
5.39817619	299	-0.024181 0.044053  0.875551
5.40321588	298	-0.015323 0.044053  0.879860
5.40825605	299	-0.017238 0.039504  0.862383
5.41329193	297	-0.003831 0.040462  0.852327
5.41832399	294	-0.005267 0.036631  0.847060
5.42335176	295	-0.001197 0.037349  0.840117
5.42839622	291	-0.004549 0.036391  0.842272
5.43342399	291	0.004788 0.027772  0.821921
5.43843603	292	0.001197 0.030167  0.818569
5.44347190	291	0.008140 0.034237  0.800852
5.44849205	288	0.008140 0.031364  0.792712
5.45351600	289	0.007901 0.028730  0.793909
5.45853185	287	0.013407 0.032321  0.791276
5.46355581	288	0.005267 0.030406  0.787206
5.46857976	288	0.006943 0.037349  0.779544
5.47359991	288	0.003831 0.029448  0.772362
5.47862386	285	0.001437 0.030645  0.765179
5.48364400	286	-0.001676 0.033040  0.756560
5.48867607	287	-0.007661 0.041659  0.759433
5.49372386	287	-0.005746 0.045250  0.761348
5.49876403	285	-0.008619 0.043574  0.745786
5.50382804	285	-0.016041 0.047405  0.756560
5.50888395	284	-0.014365 0.046926  0.745307
5.51393604	285	-0.024421 0.056503  0.746744
5.51899194	286	-0.031364 0.051475  0.745786
5.52403593	284	-0.032800 0.053151  0.749138
5.52906417	284	-0.037349 0.053151  0.755602
5.53409576	285	-0.041898 0.060812  0.748180
5.53912782	284	-0.046447 0.056503  0.757757
5.54417610	286	-0.045489 0.062249  0.754884
5.54921197	287	-0.049799 0.062009  0.761109
5.55424785	287	-0.052193 0.064882  0.761588
5.55930423	286	-0.058179 0.062727  0.762067
5.56435585	288	-0.058179 0.058657  0.767813
5.56939601	288	-0.056263 0.060812  0.761588
5.57447576	289	-0.045729 0.056503  0.773559
5.57953977	289	-0.052193 0.058418  0.779065
5.58459186	289	-0.045729 0.054108  0.784332
5.58964014	291	-0.040701 0.062009  0.786487
5.59465980	292	-0.044292 0.058418  0.793430
5.59969615	293	-0.040462 0.057460  0.804204
5.60473585	294	-0.037828 0.051954  0.813063
5.60977602	295	-0.032561 0.043813  0.820963
5.61481618	296	-0.026336 0.053869  0.822161
5.61986780	296	-0.024899 0.042377  0.824076
5.62491178	298	-0.021787 0.037828  0.838680
5.62996006	297	-0.014365 0.032800  0.857115
5.63500404	300	-0.009816 0.033997  0.852806
5.64005184	303	-0.010534 0.030645  0.878903
##inga 
#ido(sec)  szog(ADC)     ax(g)    ay(g)   az(g)
5.64565181	302	-0.006225 0.030645  0.878663
5.65087985	304	-0.007661 0.026575  0.895662
5.65609598	304	0.002155 0.031843  0.906436
5.66131210	306	0.004549 0.024421  0.918406
5.66631603	310	0.004549 0.028251  0.924631
5.67133617	312	0.000718 0.029209  0.945461
5.67634820	314	-0.003352 0.022026  0.958150
5.68138408	316	-0.003591 0.025857  0.957671
5.68641614	317	-0.006464 0.028251  0.981613
5.69144821	316	-0.007901 0.028012  0.983049
5.69649219	320	-0.007901 0.031364  1.003400
5.70153617	320	-0.015562 0.024660  1.026623
5.70658779	321	-0.016999 0.023463  1.022793
5.71165990	320	-0.021069 0.036152  1.043622
5.71672010	325	-0.027054 0.041180  1.057748
5.72175979	328	-0.028012 0.037349  1.069958
5.72680807	328	-0.030645 0.035434  1.079295
5.73183584	331	-0.035194 0.041898  1.103716
5.73687601	334	-0.039743 0.044292  1.115447
5.74191999	335	-0.045250 0.046926  1.123348
5.74696016	337	-0.049320 0.042377  1.144177
5.75199604	340	-0.050517 0.050038  1.158782
5.75704002	341	-0.054348 0.052193  1.180329
5.76209592	345	-0.059376 0.054587  1.185597
5.76714801	348	-0.057460 0.050517  1.215045
5.77219581	350	-0.061770 0.047405  1.221030
5.77725982	351	-0.057700 0.050996  1.230847
5.78232002	354	-0.062488 0.055066  1.253831
5.78738403	356	-0.060333 0.050996  1.264365
5.79243993	359	-0.059136 0.045011  1.270829
5.79748821	361	-0.056263 0.044053  1.290940
5.80252408	364	-0.056263 0.045729  1.306981
5.80757617	366	-0.055784 0.042377  1.317755
5.81261587	370	-0.054827 0.042377  1.331642
5.81765222	372	-0.057221 0.036152  1.345767
5.82269620	378	-0.056981 0.043095  1.356541
5.82774019	381	-0.044053 0.043095  1.370427
5.83278799	382	-0.046926 0.037828  1.391975
5.83782815	384	-0.039983 0.024660  1.402270
5.84287595	388	-0.044771 0.023224  1.412565
5.84793996	391	-0.029688 0.031843  1.429085
5.85300397	395	-0.035434 0.026815  1.438661
5.85806417	397	-0.036152 0.025139  1.455420
5.86312818	400	-0.032800 0.022505  1.464279
5.86817598	405	-0.025618 0.023224  1.471222
5.87321996	407	-0.025378 0.016041  1.488939
5.87828016	409	-0.020829 0.018675  1.489657
5.88332796	409	-0.019872 0.007422  1.505698
5.88836812	414	-0.020111 0.001915  1.500192
5.89342021	416	-0.015083 0.003591  1.523894
5.89845991	420	-0.017956 0.009098  1.529879
5.90350389	424	-0.018196 0.010295  1.547117
5.90856409	426	-0.026097 0.004549  1.544484
5.91361999	430	-0.019632 0.012689  1.555497
5.91867589	433	-0.025618 0.009577  1.563877
5.92373991	435	-0.025857 0.004070  1.569623
5.92880392	438	-0.027054 0.003591  1.582791
5.93386793	443	-0.032321 0.008380  1.583748
5.93892812	448	-0.036391 0.001915  1.583030
5.94397211	450	-0.040462 0.014126  1.583748
5.94900417	452	-0.033758 0.011971  1.587819
5.95404386	456	-0.045011 0.018675  1.598353
5.95909214	456	-0.043335 0.010295  1.600508
5.96413993	460	-0.052911 0.010295  1.597635
5.96919584	464	-0.061291 0.011731  1.597395
5.97424793	464	-0.067516 0.014844  1.610803
5.97930812	469	-0.074219 0.019153  1.602902
5.98435592	474	-0.073262 0.023463  1.607690
5.98941612	475	-0.080444 0.027054  1.613676
5.99446821	480	-0.089542 0.024899  1.604338
5.99952793	481	-0.095528 0.030167  1.600747
6.00459623	489	-0.100555 0.032321  1.603141
6.00964403	490	-0.101753 0.028491  1.600268
6.01470422	495	-0.099837 0.028491  1.591170
6.01974010	501	-0.102950 0.037589  1.594283
6.02477979	503	-0.100795 0.027054  1.584706
6.02981185	503	-0.094331 0.023463  1.580636
6.03485202	507	-0.098880 0.029448  1.577524
6.03989219	509	-0.096246 0.028251  1.588537
6.04493618	516	-0.096964 0.020111  1.573932
6.04998779	517	-0.088585 0.013886  1.566271
6.05502414	522	-0.075656 0.010295  1.555258
6.06007194	527	-0.073741 0.006225  1.554779
6.06513595	529	-0.065122 0.002155  1.539695
6.07019615	534	-0.064643 0.007661  1.523176
6.07525205	536	-0.055784 -0.001915  1.528443
6.08034420	537	-0.050757 -0.005507  1.528682
6.08542823	541	-0.056742 -0.005746  1.499952
6.09052419	544	-0.040701 -0.018196  1.499952
6.09561586	549	-0.039743 -0.020829  1.493009
6.10070800	549	-0.031124 -0.023463  1.468828
6.10579586	550	-0.027533 -0.022505  1.459969
6.11089611	559	-0.026815 -0.024899  1.444886
6.11599206	562	-0.023224 -0.034716  1.444886
6.12109184	564	-0.026815 -0.035673  1.431718
6.12618780	568	-0.023463 -0.032082  1.417832
6.13126420	568	-0.024181 -0.030406  1.409213
6.13634014	574	-0.021548 -0.028970  1.388623
6.14144420	575	-0.024181 -0.034716  1.372821
6.14652776	576	-0.031364 -0.033040  1.350316
6.15160799	581	-0.032561 -0.020829  1.345767
##inga 
#ido(sec)  szog(ADC)     ax(g)    ay(g)   az(g)
6.15723180	584	-0.037589 -0.025618  1.340021
6.16247177	587	-0.039504 -0.024899  1.319431
6.16770792	589	-0.041419 -0.023702  1.304587
6.17294406	589	-0.049320 -0.019153  1.291180
6.17803621	593	-0.057460 -0.014844  1.277054
6.18313217	596	-0.063925 -0.020590  1.253591
6.18822002	601	-0.066079 -0.020829  1.254070
6.19329977	602	-0.073501 -0.008858  1.230128
6.19837617	606	-0.079966 -0.005267  1.218158
6.20346784	608	-0.086430 -0.006704  1.210736
6.20855998	609	-0.088824 -0.009337  1.193019
6.21364784	611	-0.095528 -0.006943  1.174823
6.21873617	616	-0.099598 -0.002155  1.161415
6.22382783	618	-0.096725 0.009816  1.155191
6.22888422	619	-0.102950 -0.000718  1.133404
6.23397207	622	-0.104626 0.000239  1.131249
6.23903179	624	-0.109653 0.005267  1.099885
6.24409198	626	-0.100795 0.006943  1.085999
6.24913215	627	-0.105583 0.002634  1.072113
6.25418376	629	-0.101274 0.006704  1.067085
6.25923585	630	-0.096964 -0.005746  1.042185
6.26430797	634	-0.092655 -0.000958  1.036679
6.26939201	634	-0.096007 0.001197  1.028299
6.27441978	637	-0.088585 -0.011492  1.003160
6.27949190	638	-0.087387 -0.012929  1.006273
6.28458786	641	-0.077571 -0.012450  0.983528
6.28966808	642	-0.076614 -0.013168  0.974909
6.29475593	646	-0.065600 -0.020111  0.959347
6.29984378	647	-0.062488 -0.026097  0.950967
6.30493211	647	-0.054587 -0.030167  0.930377
6.31002807	649	-0.054108 -0.031603  0.926786
6.31511211	650	-0.045968 -0.031603  0.919843
6.32020378	652	-0.040222 -0.030645  0.908830
6.32530021	654	-0.044292 -0.035194  0.897338
6.33039617	655	-0.031603 -0.044532  0.883451
6.33548784	657	-0.035194 -0.036631  0.876987
6.34059190	656	-0.029448 -0.044532  0.874114
6.34568405	659	-0.031843 -0.047884  0.856158
6.35078382	657	-0.028012 -0.043335  0.848975
6.35587596	660	-0.025857 -0.040462  0.842750
6.36097621	660	-0.026336 -0.042856  0.836526
6.36606788	663	-0.034955 -0.047165  0.820963
6.37118005	664	-0.031843 -0.047644  0.810668
6.37627983	665	-0.036631 -0.049799  0.804683
6.38138008	665	-0.035434 -0.042377  0.808993
6.38647985	666	-0.039265 -0.034237  0.808514
6.39158391	664	-0.045489 -0.038546  0.793191
6.39667606	665	-0.049320 -0.034237  0.778347
6.40178012	664	-0.054108 -0.031364  0.794388
6.40685987	667	-0.053630 -0.028970  0.791754
6.41194391	666	-0.058657 -0.028251  0.782657
6.41702795	666	-0.066079 -0.028730  0.781938
6.42211198	668	-0.068234 -0.018914  0.783614
6.42719984	666	-0.071825 -0.018196  0.778108
6.43229198	667	-0.080923 -0.020111  0.779784
6.43737220	668	-0.086909 -0.019153  0.776671
6.44244813	665	-0.085472 -0.007901  0.782178
6.44753217	668	-0.080684 -0.015083  0.775953
6.45261192	668	-0.090260 -0.010774  0.780741
6.45768404	668	-0.092655 -0.012929  0.780741
6.46276807	665	-0.090500 -0.009816  0.784332
6.46784400	667	-0.091697 -0.005985  0.789600
6.47292423	666	-0.095767 -0.000479  0.777629
6.47801208	665	-0.091936 -0.003591  0.788881
6.48309612	664	-0.094091 -0.006225  0.793909
6.48817586	664	-0.092655 -0.006464  0.798698
6.49326801	664	-0.093852 -0.005746  0.796782
6.49836397	665	-0.081641 -0.007422  0.805880
6.50344800	664	-0.081402 -0.015802  0.815936
6.50854015	663	-0.072544 -0.010534  0.816654
6.51362800	662	-0.075417 -0.012210  0.826709
6.51871585	662	-0.071346 -0.015083  0.828625
6.52380800	660	-0.066319 -0.025139  0.837244
6.52891206	659	-0.058179 -0.020590  0.842750
6.53400802	658	-0.055306 -0.027294  0.848736
6.53912401	658	-0.046208 -0.023702  0.854482
6.54421997	655	-0.047405 -0.024899  0.865495
6.54930782	654	-0.041180 -0.026336  0.876987
6.55441188	653	-0.037828 -0.026336  0.882254
6.55951976	652	-0.044053 -0.030406  0.892070
6.56459999	651	-0.036631 -0.040701  0.904281
6.56967592	647	-0.039504 -0.032561  0.919364
6.57476806	647	-0.030406 -0.036152  0.925828
6.57984399	645	-0.031843 -0.032082  0.934447
6.58493614	645	-0.030167 -0.030645  0.949291
6.59001207	644	-0.036152 -0.038546  0.959107
6.59510803	641	-0.028012 -0.041659  0.976346
6.60019207	638	-0.031603 -0.029688  0.990471
6.60527181	638	-0.030406 -0.024899  0.990232
6.61034822	635	-0.039504 -0.028730  0.999330
6.61542797	633	-0.041898 -0.025139  1.028778
6.62051582	633	-0.052672 -0.021308  1.040270
6.62561607	628	-0.046926 -0.021069  1.046734
6.63070392	629	-0.058179 -0.011253  1.064451
6.63579607	628	-0.068234 -0.011731  1.071634
6.64088821	625	-0.064403 -0.006704  1.095336
6.64597177	623	-0.068234 -0.005985  1.106589
6.65105581	621	-0.075417 -0.004788  1.106349
6.65615606	618	-0.077332 0.000239  1.133643
6.66121196	616	-0.084275 0.002394  1.143699
6.66626787	615	-0.082120 0.003831  1.155909
##inga 
#ido(sec)  szog(ADC)     ax(g)    ay(g)   az(g)
6.67185211	611	-0.090021 0.011971  1.165246
6.67710399	608	-0.092894 0.009577  1.186315
6.68232393	607	-0.088585 0.009098  1.202356
6.68754816	603	-0.092894 0.011013  1.221749
6.69259977	600	-0.092415 0.010534  1.229889
6.69765996	597	-0.087148 0.013886  1.248564
6.70271205	593	-0.084754 0.010056  1.258859
6.70776414	592	-0.090979 0.004788  1.275378
6.71281194	590	-0.092176 0.008380  1.284237
6.71784782	587	-0.088824 0.011731  1.305306
6.72287178	586	-0.075417 0.007901  1.314164
6.72791194	584	-0.073980 0.000000  1.338345
6.73290777	578	-0.069431 0.004310  1.352231
6.73797607	577	-0.062249 0.003352  1.356541
6.74303579	575	-0.062249 -0.003112  1.361808
6.74813985	573	-0.060094 -0.009098  1.380722
6.75322008	570	-0.051235 -0.005028  1.402030
6.75829219	568	-0.046926 -0.006464  1.410889
6.76338815	561	-0.043813 -0.007183  1.422860
6.76849222	559	-0.046208 -0.015802  1.438661
6.77359580	555	-0.035913 -0.016280  1.449435
6.77868413	553	-0.034955 -0.014126  1.457575
6.78378820	549	-0.033040 -0.009577  1.465476
6.78887176	548	-0.035194 -0.009337  1.470983
6.79396390	542	-0.032082 -0.013168  1.488700
6.79904413	540	-0.025378 -0.011971  1.490136
6.80414390	537	-0.028970 -0.004549  1.504980
6.80921983	536	-0.034955 -0.007901  1.515514
6.81428813	531	-0.032082 -0.008619  1.521739
6.81937599	526	-0.035434 -0.012689  1.522457
6.82446813	525	-0.037589 -0.001676  1.533949
6.82954406	522	-0.046208 0.000000  1.544963
6.83454418	518	-0.032800 -0.002634  1.555018
6.83962821	514	-0.049559 -0.001915  1.557173
6.84471178	508	-0.055784 0.011731  1.564595
6.84974813	506	-0.055066 0.005746  1.571059
6.85479593	502	-0.058897 0.020590  1.581594
6.85983991	503	-0.060094 0.020590  1.581354
6.86488389	497	-0.056503 0.018914  1.583030
6.86993598	493	-0.065361 0.020829  1.583030
6.87499189	490	-0.060812 0.017956  1.587100
6.88004779	484	-0.067037 0.026575  1.587340
6.88509988	481	-0.071825 0.030167  1.587819
6.89017581	479	-0.071825 0.029209  1.599789
6.89522790	473	-0.070389 0.026097  1.601944
6.90026378	471	-0.067037 0.026815  1.592128
6.90531587	470	-0.077332 0.030885  1.596916
6.91036415	465	-0.073501 0.034476  1.592128
6.91542005	462	-0.065600 0.026815  1.596677
6.92046403	458	-0.071586 0.029688  1.593086
6.92551612	451	-0.076374 0.037828  1.577524
6.93057203	449	-0.071586 0.034237  1.581833
6.93562412	449	-0.069671 0.032082  1.586382
6.94067621	448	-0.070389 0.029688  1.581354
6.94573593	442	-0.073022 0.030167  1.577763
6.95077180	441	-0.070628 0.041898  1.560285
6.95582008	435	-0.066079 0.034955  1.571299
6.96087217	431	-0.056024 0.025618  1.560285
6.96591997	430	-0.064403 0.033758  1.537301
6.97096395	427	-0.059136 0.029688  1.542808
6.97600793	423	-0.054827 0.032561  1.543287
6.98105192	421	-0.050278 0.037589  1.541371
6.98609590	417	-0.045489 0.027772  1.519345
6.99115180	414	-0.042138 0.026097  1.499713
6.99620389	409	-0.038786 0.025618  1.502825
7.00125980	408	-0.034476 0.033997  1.493727
7.00629997	405	-0.033758 0.027294  1.475532
7.01135587	403	-0.036870 0.023702  1.469067
7.01641607	402	-0.026575 0.018196  1.472180
7.02146387	398	-0.022745 0.035673  1.458054
7.02653217	396	-0.026815 0.023224  1.440816
7.03160810	391	-0.024899 0.030406  1.432197
7.03666019	387	-0.021069 0.016280  1.418550
7.04169178	386	-0.020111 0.030406  1.413043
7.04674816	383	-0.019393 0.027772  1.396045
7.05179595	380	-0.024421 0.024181  1.374497
7.05684804	376	-0.019632 0.023224  1.382159
7.06189203	373	-0.017956 0.028012  1.364202
7.06693601	370	-0.021308 0.031124  1.332120
7.07197618	368	-0.021308 0.035913  1.324220
7.07703208	365	-0.020111 0.029448  1.316319
7.08207607	363	-0.018914 0.029448  1.305545
7.08713197	358	-0.027294 0.035673  1.288546
7.09217977	358	-0.025139 0.040222  1.269872
7.09722805	355	-0.027533 0.044053  1.251915
7.10229587	353	-0.027772 0.027294  1.249521
7.10735607	351	-0.032561 0.039504  1.231325
7.11243200	345	-0.034955 0.042616  1.209060
7.11747980	345	-0.033518 0.039983  1.201638
7.12251615	343	-0.028491 0.038546  1.194455
7.12756776	341	-0.039743 0.039265  1.174344
7.13260412	338	-0.035194 0.040940  1.155191
7.13762807	337	-0.045489 0.044771  1.143220
7.14265203	333	-0.044532 0.047884  1.128136
7.14770793	332	-0.041419 0.045729  1.125503
7.15275192	330	-0.044292 0.060094  1.100125
7.15780019	326	-0.050757 0.050757  1.084802
7.16284418	324	-0.046208 0.050757  1.079056
7.16789197	323	-0.049799 0.058657  1.059902
7.17293977	324	-0.046926 0.059854  1.050326
7.17799615	320	-0.046208 0.050517  1.031412
##inga 
#ido(sec)  szog(ADC)     ax(g)    ay(g)   az(g)
7.18358421	320	-0.043335 0.053630  1.025905
7.18882417	318	-0.043095 0.053869  1.002203
7.19403982	318	-0.043574 0.057700  0.991189
7.19924402	315	-0.039983 0.052193  0.974430
7.20426797	313	-0.033279 0.051714  0.971797
7.20930385	312	-0.039743 0.051235  0.949770
7.21432781	309	-0.031364 0.044292  0.940433
7.21937608	310	-0.030885 0.050038  0.933729
7.22442007	306	-0.022745 0.045250  0.922716
7.22946405	306	-0.025139 0.045489  0.910506
7.23451614	305	-0.027054 0.042856  0.896141
7.23955583	303	-0.026097 0.043813  0.882733
7.24460411	302	-0.013886 0.039743  0.875072
7.24965190	301	-0.012929 0.040222  0.873635
7.25469207	301	-0.012689 0.042138  0.851609
7.25972414	297	-0.009337 0.043095  0.843469
7.26475620	298	-0.015083 0.037589  0.834371
7.26980018	297	-0.004788 0.035194  0.836765
7.27483606	294	-0.011253 0.039504  0.823358
7.27988815	293	-0.012210 0.036631  0.816175
7.28492021	293	-0.005985 0.038067  0.815217
7.28995180	294	-0.011253 0.040462  0.811147
7.29500389	293	-0.008619 0.040222  0.799895
7.30005598	294	-0.015802 0.037589  0.795346
7.30510807	291	-0.007661 0.038067  0.792473
7.31016778	291	-0.014365 0.037110  0.782896
7.31521987	289	-0.020829 0.043095  0.781220
7.32026815	291	-0.019393 0.041898  0.771404
7.32531976	288	-0.016280 0.046208  0.773319
7.33035182	287	-0.016759 0.044771  0.771643
7.33539199	287	-0.018435 0.041659  0.760151
7.34042787	290	-0.022026 0.051235  0.765658
7.34546422	289	-0.023702 0.048123  0.759194
7.35050392	289	-0.026336 0.056981  0.758954
7.35555601	289	-0.028491 0.054827  0.764221
7.36059999	289	-0.027054 0.052911  0.762785
7.36564397	289	-0.027054 0.048602  0.769728
7.37070798	290	-0.029448 0.050517  0.761348
7.37576818	289	-0.037828 0.050038  0.760391
7.38082790	289	-0.031124 0.052193  0.756799
7.38588380	289	-0.034955 0.051235  0.763743
7.39094400	290	-0.037589 0.054827  0.764940
7.39598417	291	-0.039743 0.047165  0.768291
7.40102005	291	-0.035673 0.052911  0.764461
7.40606021	289	-0.033997 0.051714  0.782896
7.41109609	291	-0.035913 0.053151  0.773080
7.41612386	294	-0.035434 0.052193  0.793670
7.42115592	295	-0.031843 0.055066  0.784093
7.42619609	296	-0.027294 0.050517  0.796303
7.43124389	295	-0.035673 0.041659  0.801571
7.43629217	297	-0.029927 0.048123  0.806598
7.44134378	299	-0.028730 0.045250  0.818330
7.44637584	298	-0.028012 0.041180  0.813781
7.45141983	301	-0.026575 0.044771  0.833174
7.45648002	300	-0.027533 0.041419  0.831977
7.46152782	302	-0.024421 0.043095  0.846342
7.46656799	304	-0.023463 0.039265  0.861186
7.47161579	304	-0.018914 0.038786  0.855440
7.47665596	306	-0.016520 0.039265  0.877227
7.48169612	306	-0.019632 0.033279  0.882254
7.48673582	307	-0.016759 0.042377  0.887043
7.49177980	307	-0.015083 0.039504  0.900929
7.49681186	312	-0.010534 0.038307  0.913618
7.50187587	311	-0.017717 0.039025  0.924871
7.50692415	313	-0.012929 0.033758  0.926786
7.51198387	315	-0.019872 0.035194  0.944024
7.51703596	317	-0.021308 0.038067  0.955995
7.52209615	318	-0.022984 0.036631  0.971797
7.52714776	320	-0.018435 0.035673  0.991429
7.53218793	320	-0.018675 0.036152  1.003639
7.53722810	321	-0.028012 0.028730  1.008906
7.54225206	321	-0.028491 0.041419  1.014892
7.54729604	324	-0.029209 0.038307  1.028060
7.55233192	328	-0.032082 0.038067  1.044101
7.55736780	328	-0.036152 0.043574  1.065888
7.56241607	331	-0.033279 0.047884  1.082647
7.56747198	333	-0.039504 0.045968  1.086957
7.57253217	333	-0.042377 0.043574  1.106349
7.57757997	336	-0.039743 0.044532  1.119757
7.58264017	340	-0.045489 0.039504  1.125503
7.58769607	341	-0.039025 0.041659  1.144417
7.59275197	344	-0.042856 0.042138  1.152318
7.59781599	346	-0.045968 0.042616  1.172189
7.60286378	350	-0.046447 0.042377  1.192540
7.60790777	350	-0.047405 0.048841  1.198525
7.61293983	353	-0.045250 0.036391  1.207862
7.61797618	357	-0.044053 0.033279  1.226058
7.62301206	358	-0.044532 0.037589  1.254788
7.62806415	359	-0.050517 0.036870  1.252634
7.63310003	361	-0.047405 0.035194  1.266759
7.63814783	365	-0.042616 0.042138  1.286631
7.64320421	368	-0.048841 0.036631  1.303151
7.64825201	369	-0.046208 0.034476  1.319910
7.65329980	371	-0.044292 0.040701  1.329966
7.65835618	378	-0.042856 0.034237  1.343852
7.66341590	380	-0.041898 0.029209  1.356780
7.66846799	382	-0.041898 0.025378  1.361329
7.67350816	384	-0.040940 0.028012  1.382398
7.67854404	388	-0.036391 0.026336  1.393651
7.68357992	389	-0.038307 0.023702  1.404425
7.68862819	395	-0.037828 0.026815  1.414480
##inga 
#ido(sec)  szog(ADC)     ax(g)    ay(g)   az(g)
7.69420003	397	-0.033518 0.014604  1.431718
7.69943189	400	-0.030885 0.020590  1.442013
7.70465993	403	-0.032561 0.022026  1.457575
7.70988416	408	-0.039265 0.016520  1.458533
7.71492385	409	-0.030167 0.013886  1.485108
7.71997213	409	-0.030406 0.017477  1.480320
7.72501611	411	-0.032800 0.020111  1.488939
7.73006820	418	-0.037828 0.015323  1.495403
7.73513221	420	-0.032800 0.013886  1.498994
7.74019193	421	-0.036391 0.017238  1.529161
7.74523591	426	-0.042377 0.018196  1.527964
7.75028419	427	-0.045250 0.014365  1.541850
7.75532388	433	-0.042856 0.011253  1.541371
7.76035594	432	-0.039983 0.012689  1.546639
7.76540422	436	-0.046686 0.020590  1.551666
7.77042818	442	-0.048123 0.019632  1.553582
7.77547597	446	-0.053630 0.016041  1.562680
7.78052806	450	-0.058179 0.020111  1.577524
7.78558397	451	-0.063446 0.022745  1.572496
7.79064416	456	-0.067755 0.021069  1.578002
7.79570007	455	-0.074219 0.021787  1.563158
7.80075597	459	-0.065600 0.022026  1.583270
7.80580806	463	-0.072544 0.018675  1.586143
7.81088018	465	-0.074219 0.029688  1.592128
7.81593990	468	-0.081641 0.027772  1.599550
7.82099199	473	-0.071825 0.024899  1.586861
7.82604408	476	-0.084275 0.018435  1.596677
7.83110380	480	-0.080205 0.020590  1.584467
7.83613204	482	-0.081881 0.027772  1.575848
7.84119176	486	-0.074698 0.027772  1.570580
7.84622001	491	-0.071107 0.022984  1.581354
7.85126018	492	-0.073022 0.012689  1.566510
7.85630416	497	-0.070868 0.013647  1.579918
7.86134004	501	-0.062967 0.020111  1.583030
7.86638021	503	-0.068234 0.011971  1.563398
7.87143611	505	-0.070868 0.010056  1.562680
7.87647581	509	-0.065361 -0.000239  1.548075
7.88156795	514	-0.060094 0.001197  1.557891
7.88661193	518	-0.056263 0.001437  1.556694
7.89167594	520	-0.064403 0.004788  1.537062
7.89672422	524	-0.054587 -0.002155  1.534428
7.90182018	525	-0.046926 -0.004549  1.539695
7.90690422	530	-0.044532 -0.005985  1.514317
7.91198396	535	-0.043574 -0.006225  1.510008
7.91707611	536	-0.046208 -0.016280  1.490375
7.92216777	539	-0.040462 -0.018675  1.492530
7.92725610	542	-0.039025 -0.021069  1.481278
7.93233585	542	-0.034955 -0.017477  1.462364
7.93742418	548	-0.042856 -0.020351  1.454702
7.94251203	550	-0.039265 -0.023463  1.445126
7.94761180	554	-0.035434 -0.016520  1.442253
7.95270013	560	-0.039025 -0.011253  1.426930
7.95778799	559	-0.042616 -0.017477  1.410649
7.96288013	563	-0.037110 -0.015083  1.412086
7.96797990	569	-0.052911 -0.010056  1.388862
7.97306013	570	-0.049559 -0.018435  1.383356
7.97815179	574	-0.057939 -0.013886  1.373779
7.98324823	575	-0.062009 -0.004310  1.352471
7.98832416	579	-0.066319 -0.012450  1.355583
7.99342823	580	-0.064882 -0.011731  1.331881
7.99852800	583	-0.073262 -0.004070  1.313206
8.00361156	587	-0.072783 -0.001676  1.300757
8.00870037	586	-0.077811 -0.000958  1.279688
8.01378822	589	-0.075895 -0.004070  1.269632
8.01886844	592	-0.081402 -0.004070  1.261731
8.02395629	592	-0.082599 0.004070  1.245212
8.02900409	597	-0.085712 -0.003831  1.230128
8.03409194	600	-0.085472 -0.007661  1.210496
8.03918838	601	-0.085233 -0.007422  1.203314
8.04429626	604	-0.087148 -0.001437  1.200919
8.04938793	607	-0.090500 -0.008858  1.178414
8.05446815	611	-0.087387 -0.007183  1.169077
8.05955600	613	-0.084275 -0.010534  1.143220
8.06463241	617	-0.084275 -0.008858  1.136037
8.06971168	617	-0.079487 -0.002394  1.115926
8.07479953	619	-0.084275 -0.020111  1.107786
8.07987976	622	-0.080444 -0.011492  1.096054
8.08496761	624	-0.079008 -0.017956  1.082408
8.09005165	625	-0.067755 -0.015323  1.067803
8.09514808	628	-0.067995 -0.022505  1.042904
8.10024356	631	-0.061291 -0.021548  1.046974
8.10533237	631	-0.062967 -0.020351  1.030933
8.11043167	633	-0.061291 -0.031843  1.020638
8.11552429	635	-0.062488 -0.022984  1.001724
8.12060356	634	-0.047644 -0.022026  0.995738
8.12568378	639	-0.053390 -0.026575  0.983767
8.13077163	640	-0.050757 -0.031364  0.966529
8.13587570	642	-0.053151 -0.034955  0.959826
8.14096832	643	-0.046926 -0.034955  0.943545
8.14605998	646	-0.044532 -0.032800  0.936123
8.15114402	647	-0.038307 -0.034716  0.924152
8.15623188	647	-0.044292 -0.030406  0.907633
8.16131973	647	-0.042616 -0.033040  0.906436
8.16640377	648	-0.045250 -0.035673  0.890395
8.17149162	653	-0.046926 -0.039025  0.886324
8.17658042	653	-0.045968 -0.032082  0.876748
8.18167209	655	-0.053869 -0.033279  0.865735
8.18676376	653	-0.047644 -0.033279  0.861664
8.19185638	655	-0.052432 -0.034476  0.850651
8.19696044	658	-0.054108 -0.030167  0.846342
8.20205974	658	-0.055306 -0.025378  0.831258
##inga 
#ido(sec)  szog(ADC)     ax(g)    ay(g)   az(g)
8.20770359	659	-0.065840 -0.025378  0.830301
8.21292018	657	-0.064403 -0.031124  0.828625
8.21815586	658	-0.065840 -0.027054  0.809471
8.22337627	658	-0.073741 -0.022745  0.817133
8.22847175	660	-0.076853 -0.023463  0.819527
8.23355579	663	-0.073741 -0.022745  0.806120
8.23863983	661	-0.084036 -0.022266  0.798219
8.24372386	664	-0.079726 -0.011971  0.799176
8.24880790	664	-0.082599 -0.016041  0.789600
8.25388431	664	-0.078050 -0.014604  0.791994
8.25896358	662	-0.082120 -0.016280  0.790318
8.26404762	664	-0.084754 -0.011492  0.784572
8.26914024	662	-0.079487 -0.011492  0.785290
8.27423191	665	-0.081881 -0.021308  0.788642
8.27931594	665	-0.082839 -0.018196  0.787206
8.28439998	665	-0.076853 -0.017717  0.791754
8.28950405	666	-0.079247 -0.015562  0.792952
8.29459571	664	-0.076135 -0.017717  0.777868
8.29969215	665	-0.076135 -0.020111  0.796782
8.30478382	663	-0.079008 -0.023942  0.789121
8.30986404	663	-0.067755 -0.017238  0.789600
8.31495952	662	-0.062249 -0.016520  0.804444
8.32005214	662	-0.067276 -0.023702  0.809471
8.32513999	662	-0.056263 -0.024181  0.807317
8.33024024	663	-0.051475 -0.023702  0.805880
8.33532047	662	-0.052193 -0.018914  0.818090
8.34041213	659	-0.050038 -0.034237  0.825991
8.34549999	659	-0.052432 -0.030885  0.825752
8.35058784	658	-0.047405 -0.024899  0.832695
8.35569190	658	-0.037110 -0.023224  0.828864
8.36079597	657	-0.042138 -0.026097  0.837962
8.36590003	655	-0.036152 -0.028491  0.854003
8.37100410	654	-0.035913 -0.029927  0.852567
8.37610816	651	-0.048123 -0.034716  0.863580
8.38120841	650	-0.045250 -0.032082  0.877705
8.38628768	651	-0.040940 -0.026815  0.885127
8.39136409	650	-0.051714 -0.026575  0.893986
8.39645576	647	-0.046926 -0.026575  0.902844
8.40155220	647	-0.045489 -0.019632  0.917688
8.40663623	644	-0.051954 -0.020351  0.924152
8.41172409	644	-0.051954 -0.022266  0.927744
8.41682434	644	-0.055306 -0.018675  0.939715
8.42190361	640	-0.058897 -0.011492  0.953840
8.42698001	640	-0.060812 -0.013647  0.961023
8.43206787	639	-0.067276 -0.017956  0.966529
8.43715572	637	-0.064643 -0.014126  0.991429
8.44224357	634	-0.064882 -0.010534  0.989992
8.44731235	634	-0.070389 -0.005507  1.008667
8.45238780	631	-0.071586 -0.009337  1.030693
8.45747566	629	-0.071346 -0.008140  1.028539
8.46256446	628	-0.079487 -0.007422  1.044340
8.46765232	625	-0.075656 0.002394  1.068282
8.47270011	625	-0.076374 -0.001437  1.070676
8.47778797	622	-0.082120 -0.001197  1.087675
8.48288440	617	-0.077332 -0.010295  1.102758
8.48798370	617	-0.076853 -0.000718  1.103716
8.49307155	617	-0.075895 0.000479  1.120714
8.49812412	614	-0.077332 -0.005028  1.147290
8.50319576	610	-0.073980 -0.005267  1.150402
8.50828361	608	-0.076135 -0.002394  1.169316
8.51338386	605	-0.069431 -0.007661  1.183681
8.51848793	603	-0.061052 -0.003591  1.200201
8.52358436	602	-0.062727 -0.002394  1.208341
8.52867603	597	-0.070868 -0.005507  1.219355
8.53375625	592	-0.060094 -0.003352  1.235635
8.53882789	592	-0.059376 -0.008380  1.254310
8.54390811	591	-0.057221 -0.007183  1.260056
8.54899597	589	-0.051954 -0.006704  1.287110
8.55407238	586	-0.057221 -0.010295  1.291180
8.55915164	586	-0.051235 -0.006704  1.300757
8.56423568	581	-0.051475 -0.012929  1.319910
8.56931972	578	-0.051475 -0.010295  1.326374
8.57439613	573	-0.045729 -0.009098  1.347922
8.57947635	572	-0.043574 -0.010534  1.350795
8.58456420	570	-0.042616 -0.005985  1.368272
8.58963584	567	-0.036631 -0.013407  1.379764
8.59473228	566	-0.038067 -0.012450  1.392932
8.59980773	561	-0.045968 -0.009098  1.399397
8.60489177	555	-0.039743 -0.006943  1.410889
8.60998439	553	-0.041659 -0.003831  1.432915
8.61506843	551	-0.041659 -0.003831  1.434591
8.62016010	549	-0.042138 -0.010534  1.441055
8.62524414	544	-0.047884 0.001676  1.456378
8.63029193	542	-0.052911 -0.000718  1.472659
8.63537979	540	-0.057939 0.002873  1.479602
8.64042758	536	-0.057700 0.007661  1.492051
8.64548015	535	-0.057221 0.002873  1.490615
8.65054798	530	-0.055784 0.013886  1.497558
8.65559959	526	-0.066319 0.009098  1.504262
8.66065979	524	-0.062967 0.009816  1.532274
8.66571235	520	-0.068234 0.017477  1.522457
8.67074775	517	-0.074459 0.020351  1.527006
8.67580032	512	-0.068952 0.015323  1.536344
8.68082427	510	-0.076135 0.014126  1.548793
8.68587207	506	-0.072783 0.024421  1.549272
8.69091987	503	-0.070868 0.028730  1.561004
8.69596385	499	-0.069671 0.024421  1.557652
8.70102405	499	-0.070868 0.018675  1.563398
8.70606803	494	-0.065600 0.014365  1.558131
8.71111583	490	-0.069192 0.023702  1.570102
8.71616363	486	-0.065361 0.027533  1.560525
##inga 
#ido(sec)  szog(ADC)     ax(g)    ay(g)   az(g)
8.72177219	480	-0.059615 0.023463  1.561243
8.72702026	478	-0.060094 0.023224  1.564116
8.73223972	475	-0.064164 0.023942  1.575848
8.73748397	472	-0.059615 0.024421  1.585664
8.74254417	470	-0.051235 0.021069  1.582312
8.74758434	464	-0.052432 0.022745  1.561483
8.75263595	461	-0.048123 0.021787  1.567947
8.75768375	457	-0.044771 0.026336  1.577045
8.76272392	451	-0.036631 0.018675  1.556934
8.76776790	452	-0.041659 0.014365  1.555497
8.77282047	450	-0.037349 0.013168  1.560764
8.77786827	447	-0.035673 0.018196  1.559088
8.78291988	444	-0.040701 0.022026  1.558609
8.78797245	439	-0.033279 0.022026  1.542569
8.79302787	437	-0.042377 0.014844  1.534668
8.79808425	434	-0.034237 0.021069  1.534189
8.80314826	430	-0.036391 0.017477  1.544005
8.80821228	426	-0.033997 0.021308  1.535386
8.81327629	422	-0.039265 0.024899  1.517430
8.81832027	419	-0.041180 0.025378  1.499952
8.82336425	419	-0.034955 0.022026  1.507853
8.82839584	415	-0.036631 0.024899  1.497797
8.83344364	411	-0.036391 0.026097  1.475053
8.83848381	410	-0.040701 0.026575  1.474095
8.84352016	408	-0.036391 0.022026  1.463561
8.84857177	402	-0.040462 0.026815  1.456139
8.85362815	402	-0.040701 0.029688  1.443928
8.85865974	401	-0.041659 0.037589  1.433873
8.86370754	394	-0.036391 0.035673  1.415917
8.86876773	393	-0.044771 0.031124  1.419987
8.87383556	390	-0.048362 0.034716  1.416874
8.87889575	387	-0.048123 0.037828  1.386229
8.88394832	385	-0.052432 0.045489  1.375694
8.88899993	382	-0.047644 0.034476  1.371145
8.89403629	379	-0.057221 0.040462  1.362766
8.89907646	376	-0.050996 0.044771  1.339542
8.90410804	372	-0.052432 0.048602  1.332360
8.90914440	367	-0.048123 0.043813  1.315840
8.91417217	367	-0.046447 0.037828  1.306024
8.91921615	362	-0.051954 0.041659  1.284237
8.92426013	361	-0.055784 0.047405  1.279448
8.92930793	360	-0.048841 0.043335  1.261013
8.93435573	357	-0.043813 0.043095  1.258619
8.93940830	353	-0.039504 0.052432  1.228692
8.94445991	352	-0.040462 0.045489  1.230607
8.94950771	351	-0.034716 0.043574  1.217439
8.95456790	348	-0.038307 0.041659  1.185118
8.95960807	344	-0.034476 0.038786  1.175302
8.96465587	343	-0.033279 0.042138  1.168359
8.96969985	339	-0.026336 0.044053  1.153993
8.97474384	340	-0.025618 0.034716  1.144656
8.97978782	336	-0.030406 0.038307  1.125024
8.98482036	334	-0.027294 0.039025  1.101800
8.98986816	333	-0.020351 0.044292  1.097730
8.99491977	331	-0.026097 0.040701  1.085999
8.99997234	329	-0.020351 0.035673  1.069479
9.00502777	325	-0.015083 0.033518  1.063733
9.01006793	321	-0.017717 0.044053  1.045777
9.01513957	324	-0.022745 0.040222  1.030693
9.02019596	322	-0.010534 0.037828  1.021595
9.02524757	321	-0.017238 0.026097  1.006991
9.03031158	318	-0.021069 0.033040  1.001245
9.03533554	317	-0.011013 0.041180  0.981852
9.04037189	316	-0.011013 0.036870  0.968205
9.04540443	315	-0.014604 0.037589  0.959107
9.05044364	314	-0.014126 0.041898  0.944503
9.05548000	313	-0.023224 0.043095  0.927983
9.06052398	312	-0.022745 0.039743  0.926547
9.06558418	310	-0.019632 0.042138  0.918646
9.07065200	307	-0.018914 0.047884  0.904520
9.07569599	307	-0.026097 0.050038  0.897817
9.08074378	308	-0.027054 0.046208  0.889198
9.08581161	305	-0.022266 0.050757  0.882733
9.09087181	302	-0.028012 0.043335  0.871002
9.09592437	302	-0.030645 0.051235  0.865735
9.10096359	302	-0.032321 0.057221  0.846821
9.10599994	301	-0.030885 0.049320  0.833653
9.11102771	300	-0.031124 0.054587  0.836047
9.11606025	299	-0.030645 0.046447  0.833174
9.12110042	298	-0.038786 0.054108  0.819527
9.12613201	297	-0.035434 0.057939  0.814978
9.13117980	296	-0.035673 0.057700  0.813063
9.13621234	296	-0.033040 0.053630  0.803247
9.14124393	295	-0.034716 0.058418  0.791515
9.14629173	294	-0.034476 0.061770  0.787924
9.15134811	295	-0.033040 0.055784  0.791754
9.15638828	294	-0.025139 0.050517  0.792233
9.16144752	294	-0.034476 0.055306  0.775713
9.16649627	294	-0.034476 0.056263  0.786008
9.17152404	294	-0.023702 0.052193  0.783375
9.17655563	292	-0.027294 0.046447  0.767094
9.18160820	293	-0.028970 0.038546  0.769010
9.18663597	293	-0.027054 0.052432  0.771883
9.19165992	291	-0.022505 0.046686  0.774038
9.19670009	294	-0.019872 0.048602  0.776192
9.20174407	294	-0.017238 0.045011  0.775713
9.20678806	293	-0.014126 0.045011  0.773559
9.21185588	292	-0.009816 0.043574  0.764461
9.21689224	293	-0.018914 0.037828  0.769967
9.22194766	294	-0.010774 0.036870  0.780981
9.22698783	294	-0.009577 0.040462  0.776432
##inga 
#ido(sec)  szog(ADC)     ax(g)    ay(g)   az(g)
9.23256778	294	-0.018435 0.038067  0.780981
9.23778820	296	-0.013886 0.032321  0.788163
9.24302387	296	-0.011492 0.033997  0.781938
9.24823188	294	-0.014844 0.035673  0.797022
9.25325584	298	-0.012450 0.039983  0.793430
9.25828361	298	-0.017717 0.039504  0.796064
9.26332759	297	-0.017477 0.040222  0.803965
9.26836776	300	-0.008619 0.038307  0.813541
9.27340793	299	-0.021308 0.043335  0.812584
9.27846431	299	-0.024899 0.041898  0.823358
9.28350830	303	-0.019632 0.043335  0.836286
9.28856754	301	-0.026336 0.040222  0.837962
9.29363632	305	-0.032561 0.037589  0.842511
9.29869556	306	-0.028012 0.043335  0.861186
9.30374431	307	-0.029209 0.040222  0.860467
9.30879592	308	-0.029927 0.039265  0.865256
9.31384372	310	-0.028970 0.042616  0.879381
9.31886768	312	-0.033758 0.048362  0.894465
9.32390403	311	-0.036391 0.047165  0.889916
9.32893180	314	-0.040940 0.050757  0.906914
9.33396434	313	-0.041180 0.047405  0.914336
9.33898830	316	-0.045489 0.047165  0.927983
9.34403991	317	-0.042377 0.050038  0.937560
9.34908771	318	-0.040222 0.049799  0.950488
9.35413169	319	-0.039265 0.049559  0.964854
9.35919570	318	-0.039743 0.047405  0.972754
9.36425209	321	-0.036391 0.046447  0.984965
9.36929225	320	-0.042377 0.040940  1.002442
9.37432765	322	-0.036152 0.039265  1.008906
9.37936401	327	-0.034955 0.041180  1.020159
9.38440418	329	-0.032082 0.044053  1.031890
9.38942813	327	-0.035913 0.045489  1.054635
9.39447212	332	-0.028970 0.036870  1.061339
9.39951610	335	-0.027294 0.037589  1.067803
9.40457153	337	-0.039743 0.033997  1.087435
9.40961170	339	-0.032321 0.032561  1.097491
9.41466808	341	-0.029927 0.037828  1.121672
9.41971588	343	-0.030645 0.034716  1.142023
9.42475986	345	-0.028012 0.031124  1.146332
9.42982387	345	-0.025857 0.037589  1.162852
9.43487644	350	-0.032082 0.029688  1.182005
9.43991565	349	-0.030406 0.021548  1.179372
9.44495582	352	-0.022505 0.026575  1.207384
9.45000362	357	-0.024181 0.034716  1.212651
9.45504760	357	-0.025378 0.030885  1.222706
9.46008777	359	-0.026575 0.028012  1.236832
9.46514034	362	-0.028491 0.026575  1.258140
9.47018814	365	-0.035434 0.032082  1.274660
9.47522830	367	-0.025618 0.023942  1.278491
9.48027610	368	-0.027772 0.029688  1.289504
9.48534011	373	-0.031124 0.031843  1.307939
9.49040412	375	-0.024660 0.023224  1.332839
9.49545192	380	-0.035434 0.028491  1.330684
9.50051975	379	-0.038786 0.029448  1.341458
9.50557613	384	-0.031843 0.028251  1.357738
9.51064014	388	-0.045489 0.026336  1.376413
9.51568412	389	-0.035673 0.028730  1.382877
9.52072811	392	-0.039983 0.023463  1.399636
9.52577209	397	-0.042856 0.034476  1.405861
9.53081607	400	-0.042138 0.022745  1.414959
9.53586769	404	-0.047884 0.025378  1.422141
9.54090785	406	-0.046208 0.017477  1.428845
9.54595565	408	-0.045489 0.026815  1.454223
9.55101203	409	-0.053869 0.032082  1.453026
9.55605983	412	-0.049799 0.033758  1.463561
9.56110763	416	-0.050517 0.027533  1.481038
9.56616783	416	-0.057460 0.031603  1.480080
9.57119560	420	-0.055066 0.022266  1.483672
9.57624435	423	-0.054587 0.028491  1.503304
9.58130359	425	-0.062727 0.030167  1.504741
9.58636760	430	-0.060094 0.028491  1.516233
9.59139633	432	-0.056742 0.028491  1.524612
9.59644031	435	-0.063685 0.029688  1.535625
9.60147953	436	-0.065122 0.021308  1.534668
9.60653209	442	-0.064882 0.025139  1.533949
9.61156845	447	-0.063685 0.023463  1.542090
9.61660385	447	-0.067276 0.034955  1.546399
9.62165164	453	-0.068713 0.023942  1.551906
9.62670421	455	-0.066798 0.022266  1.557891
9.63175582	455	-0.063446 0.019632  1.545681
9.63680362	460	-0.054827 0.020351  1.560046
9.64186763	462	-0.061530 0.021069  1.559807
9.64694023	467	-0.062967 0.019153  1.571777
9.65199565	470	-0.060573 0.016280  1.569383
9.65704441	471	-0.056981 0.012450  1.572975
9.66209220	477	-0.052911 0.006464  1.557173
9.66711997	479	-0.053630 0.011253  1.565074
9.67215633	483	-0.052432 0.003831  1.567229
9.67720794	487	-0.047644 0.000239  1.559807
9.68224430	491	-0.050996 0.005746  1.550948
9.68726825	494	-0.050757 0.001676  1.552624
9.69231224	495	-0.049081 -0.000479  1.553582
9.69738388	500	-0.053630 0.003112  1.558131
9.70243644	504	-0.054348 0.001437  1.546878
9.70749187	504	-0.040940 -0.005985  1.549991
9.71257209	509	-0.047884 0.002155  1.534189
9.71762371	510	-0.051714 0.000000  1.533471
9.72264385	515	-0.045489 -0.004549  1.527964
9.72773170	521	-0.042138 -0.004310  1.531555
9.73280429	526	-0.045011 -0.002155  1.510008
9.73789215	525	-0.045011 -0.002155  1.501149
##inga 
#ido(sec)  szog(ADC)     ax(g)    ay(g)   az(g)
9.74351215	530	-0.047644 -0.006464  1.494924
9.74875164	533	-0.053869 -0.008380  1.486545
9.75397205	537	-0.054348 -0.002155  1.474813
9.75920391	537	-0.057700 -0.006943  1.469546
9.76428413	541	-0.055545 -0.004549  1.471222
9.76935577	545	-0.055306 -0.012210  1.450393
9.77444839	548	-0.058179 -0.003352  1.439379
9.77954006	548	-0.066079 -0.004549  1.428127
9.78462791	549	-0.067276 -0.000718  1.423099
9.78971195	557	-0.067516 -0.003591  1.413762
9.79478359	559	-0.070149 -0.005746  1.395805
9.79987621	563	-0.077093 0.000239  1.377370
9.80489635	568	-0.076135 -0.000958  1.385750
9.80998420	568	-0.075417 -0.005746  1.364202
9.81508827	572	-0.078529 -0.001437  1.348161
9.82017612	575	-0.078050 0.000479  1.334754
9.82522392	577	-0.086909 0.004549  1.330205
9.83026409	580	-0.084514 -0.004070  1.334275
9.83535575	584	-0.082599 0.000718  1.299799
9.84041213	583	-0.075177 0.000718  1.283279
9.84545993	586	-0.078050 -0.010056  1.268196
9.85054016	589	-0.072544 -0.010774  1.268675
9.85562801	589	-0.075177 -0.009577  1.241142
9.86071205	592	-0.067755 -0.012450  1.238269
9.86580371	595	-0.063206 -0.016520  1.229889
9.87089157	597	-0.064164 -0.013407  1.208820
9.87597560	602	-0.062249 -0.013886  1.194455
9.88106822	601	-0.060573 -0.009816  1.174583
9.88613986	607	-0.060333 -0.013647  1.171232
9.89123630	609	-0.057939 -0.016999  1.159261
9.89632415	610	-0.063685 -0.028251  1.135558
9.90142440	613	-0.052432 -0.020829  1.138910
9.90650844	616	-0.052432 -0.027294  1.112814
9.91160774	618	-0.052432 -0.028491  1.102998
9.91671180	619	-0.056981 -0.022266  1.084084
9.92179584	622	-0.049320 -0.026097  1.085041
9.92688369	624	-0.052911 -0.020590  1.062775
9.93198394	625	-0.051954 -0.031124  1.052002
9.93708801	627	-0.057939 -0.023942  1.033327
9.94217205	630	-0.054827 -0.024899  1.021835
9.94727611	631	-0.050038 -0.034237  1.018004
9.95236015	632	-0.056503 -0.024421  1.002681
9.95746040	634	-0.053630 -0.033518  0.989035
9.96254825	636	-0.052911 -0.031364  0.986162
9.96764755	637	-0.056503 -0.020590  0.977064
9.97273635	639	-0.060573 -0.026815  0.965093
9.97782421	641	-0.058418 -0.024181  0.947855
9.98291587	640	-0.062967 -0.029448  0.932772
9.98801612	641	-0.062967 -0.021069  0.929899
9.99310779	644	-0.062249 -0.018196  0.919125
9.99821186	646	-0.065122 -0.028251  0.906436
10.00331974	645	-0.066558 -0.025139  0.903563
10.00853157	648	-0.067995 -0.019632  0.885846
10.01373577	648	-0.066319 -0.019393  0.889437
10.01894760	651	-0.069192 -0.020590  0.874114
10.02414798	653	-0.072544 -0.020829  0.852567
10.02935600	653	-0.075656 -0.018914  0.860467
10.03455638	654	-0.079008 -0.011492  0.846581
10.03975963	655	-0.072783 -0.015323  0.839638
10.04496002	656	-0.082360 -0.016520  0.838920
10.05014801	656	-0.076374 -0.012450  0.831258
10.05535221	656	-0.076135 -0.016280  0.822400
10.06054782	657	-0.076374 -0.012450  0.826231
10.06575584	659	-0.070628 -0.020590  0.820485
10.07096004	657	-0.073022 -0.017238  0.803725
10.07615566	656	-0.076853 -0.016280  0.813302
10.08136367	656	-0.071107 -0.020351  0.811865
10.08657169	660	-0.066798 -0.021787  0.802049
10.09177207	657	-0.070149 -0.028970  0.793909
10.09697246	660	-0.064164 -0.020590  0.795106
10.10217189	658	-0.068234 -0.025857  0.788163
10.10737609	657	-0.060573 -0.028251  0.792473
10.11258411	657	-0.059615 -0.028730  0.789121
10.11778354	657	-0.057221 -0.028012  0.796782
10.12298393	660	-0.056263 -0.033518  0.801571
10.12819194	659	-0.058657 -0.033758  0.783375
10.13339996	657	-0.054348 -0.029448  0.790557
10.13860416	657	-0.051475 -0.027054  0.796782
10.14381599	658	-0.048602 -0.029927  0.807556
10.14902782	658	-0.041180 -0.026575  0.806598
10.15423202	657	-0.044532 -0.028012  0.800613
10.15944004	657	-0.050757 -0.026575  0.805641
10.16463565	656	-0.042616 -0.033997  0.814020
10.16983222	655	-0.052193 -0.031603  0.819527
10.17504024	655	-0.050038 -0.027294  0.837962
10.18024444	657	-0.053630 -0.030167  0.830780
10.18544769	653	-0.056742 -0.016999  0.843947
10.19065189	654	-0.051714 -0.023942  0.838920
10.19585609	650	-0.054827 -0.024181  0.855200
10.20105552	650	-0.060094 -0.020351  0.852327
10.20626831	651	-0.056024 -0.024181  0.865256
10.21147632	650	-0.067037 -0.015083  0.871959
10.21668434	648	-0.065840 -0.015802  0.877227
10.22188377	646	-0.062249 -0.019872  0.895901
10.22708797	646	-0.067995 -0.016280  0.896619
10.23229217	645	-0.064882 -0.017477  0.909787
10.23749637	643	-0.070389 -0.017477  0.919604
10.24269199	640	-0.071346 -0.007183  0.916252
10.24789237	639	-0.072544 -0.004310  0.945461
10.25309181	639	-0.075177 -0.002634  0.947615
10.25829982	635	-0.068234 -0.007901  0.959107
##inga 
#ido(sec)  szog(ADC)     ax(g)    ay(g)   az(g)
10.26404380	635	-0.078529 -0.011971  0.967248
10.26931571	635	-0.073501 -0.004310  0.978022
10.27458763	632	-0.075895 -0.009098  1.000527
10.27984809	631	-0.069910 -0.003831  1.010582
10.28505992	630	-0.073262 -0.011731  1.021835
10.29026794	629	-0.069192 -0.003591  1.025666
10.29548358	624	-0.076614 -0.012450  1.038834
10.30069160	625	-0.068234 -0.005985  1.055353
10.30588817	621	-0.066319 -0.012210  1.074986
10.31108760	620	-0.068713 -0.008140  1.080732
10.31628417	617	-0.064164 -0.011971  1.093660
10.32147598	616	-0.062249 -0.008619  1.105631
10.32667636	613	-0.053151 -0.015083  1.118081
10.33187580	611	-0.057939 -0.010774  1.135558
10.33707237	609	-0.050038 -0.012689  1.146811
10.34227561	607	-0.052432 -0.012450  1.152078
10.34748840	605	-0.044771 -0.014365  1.171710
10.35268783	601	-0.047884 -0.013647  1.189427
10.35789966	597	-0.050517 -0.014604  1.206905
10.36310386	592	-0.043813 -0.017956  1.207623
10.36830425	590	-0.044292 -0.015802  1.230847
10.37350845	590	-0.050278 -0.011492  1.244015
10.37870788	587	-0.042377 -0.013407  1.255507
10.38390827	585	-0.045968 -0.010534  1.258859
10.38910388	586	-0.051475 -0.009337  1.276815
10.39430046	583	-0.048841 -0.011253  1.290701
10.39949989	577	-0.058418 -0.011731  1.314643
10.40470409	575	-0.049081 -0.006943  1.317276
10.40990829	573	-0.056024 0.000239  1.330444
10.41506004	571	-0.055784 -0.000479  1.343373
10.42027187	570	-0.057700 -0.006464  1.363484
10.42548847	567	-0.055066 -0.000479  1.369709
10.43070030	559	-0.059854 0.003591  1.374976
10.43585586	558	-0.061530 0.004788  1.397242
10.44100761	553	-0.061770 0.004549  1.396524
10.44616413	549	-0.063446 0.002394  1.424296
10.45131969	549	-0.068952 0.006225  1.427648
10.45647621	547	-0.058179 0.005746  1.434591
10.46162033	541	-0.065600 0.006704  1.435309
10.46677207	540	-0.067037 0.015083  1.452787
10.47193241	538	-0.067276 0.014604  1.466912
10.47709178	536	-0.066558 0.010534  1.471222
10.48223590	532	-0.068952 0.011492  1.475532
10.48739242	525	-0.071346 0.013407  1.480799
10.49254798	523	-0.065122 0.020111  1.496121
10.49770355	521	-0.071107 0.016759  1.499713
10.50286388	516	-0.063446 0.012689  1.507614
10.50802803	513	-0.072783 0.011731  1.516233
10.51318836	508	-0.064882 0.020829  1.537301
10.51834774	506	-0.069431 0.019393  1.517909
10.52352809	504	-0.068952 0.021548  1.528922
10.52869224	501	-0.063925 0.017956  1.533231
10.53385639	500	-0.062488 0.016759  1.535147
10.53902816	493	-0.066319 0.012929  1.548075
10.54420757	489	-0.049081 0.016759  1.544723
10.54937171	487	-0.054827 0.016520  1.546399
10.55452823	484	-0.049320 0.010534  1.556455
10.55969238	477	-0.042377 0.010295  1.556215
10.56484031	473	-0.047165 0.015802  1.553103
10.56999969	473	-0.041659 0.018675  1.551666
10.57515239	471	-0.052911 0.013647  1.548075
10.58030033	466	-0.039743 0.006225  1.559088
10.58545589	464	-0.045489 0.015562  1.554779
10.59061622	459	-0.036631 0.018196  1.554061
10.59577560	456	-0.041898 0.016280  1.544245
10.60093212	452	-0.035673 0.010295  1.542569
10.60608768	450	-0.036631 0.011253  1.540174
10.61123561	449	-0.037110 0.019393  1.534428
10.61638832	447	-0.039743 0.025378  1.533471
10.62153244	441	-0.043574 0.016280  1.537780
10.62667560	439	-0.040462 0.014604  1.514557
10.63182353	434	-0.038067 0.016999  1.515514
10.63697242	432	-0.034955 0.024899  1.518148
10.64213180	430	-0.040222 0.030167  1.510008
10.64728355	425	-0.045011 0.028251  1.494924
10.65244388	422	-0.045489 0.023224  1.482475
10.65761184	419	-0.045729 0.021787  1.486305
10.66277980	416	-0.046447 0.034716  1.481278
10.66794776	412	-0.042138 0.027294  1.473616
10.67311954	410	-0.045729 0.032082  1.456139
10.67828369	408	-0.047405 0.032321  1.448717
10.68345165	406	-0.045489 0.038546  1.443689
10.68860435	402	-0.053630 0.038546  1.432436
10.69377231	399	-0.055306 0.040462  1.410410
10.69892787	398	-0.050996 0.036391  1.403706
10.70408821	392	-0.048841 0.042616  1.392454
10.70924377	388	-0.056263 0.042138  1.385750
10.71440029	386	-0.055306 0.045250  1.378567
10.71954822	386	-0.060333 0.047405  1.363005
10.72470378	383	-0.058657 0.040940  1.358217
10.72984790	380	-0.051235 0.042616  1.347922
10.73501586	377	-0.056263 0.045968  1.323980
10.74017620	372	-0.054108 0.051954  1.306024
10.74533557	370	-0.050038 0.042138  1.297405
10.75049209	366	-0.045968 0.043574  1.279448
10.75564765	364	-0.052911 0.044292  1.276815
10.76079559	362	-0.047165 0.041898  1.264365
10.76595592	360	-0.034955 0.040940  1.258859
10.77110767	358	-0.030406 0.038786  1.235396
10.77626419	356	-0.035434 0.040940  1.212172
10.78141975	354	-0.031364 0.040940  1.213369
##inga 
#ido(sec)  szog(ADC)     ax(g)    ay(g)   az(g)
10.78712368	350	-0.020351 0.036152  1.188709
10.79240798	348	-0.026815 0.039025  1.175302
10.79769611	344	-0.022266 0.035194  1.159261
10.80297565	342	-0.016999 0.033758  1.145614
10.80813980	341	-0.015802 0.032321  1.131009
10.81330776	337	-0.021548 0.037828  1.107546
10.81848430	338	-0.015323 0.036152  1.106589
10.82364845	337	-0.013886 0.032082  1.098209
10.82881164	334	-0.014126 0.034237  1.077859
10.83398818	330	-0.010774 0.035434  1.065409
10.83914375	330	-0.012929 0.031603  1.045537
10.84431171	327	-0.012689 0.033279  1.052959
10.84946823	325	-0.013886 0.038546  1.028778
10.85462760	324	-0.015562 0.035194  1.013216
10.85978031	323	-0.012450 0.039743  1.004836
10.86494445	321	-0.018914 0.031603  0.995978
10.87008762	319	-0.020829 0.038307  0.975627
10.87523555	320	-0.021069 0.038786  0.967966
10.88038444	317	-0.023463 0.041659  0.962938
10.88554382	317	-0.018914 0.046447  0.944264
10.89069175	313	-0.023942 0.044053  0.944742
10.89583587	313	-0.030885 0.047405  0.922955
10.90097999	313	-0.028970 0.047165  0.915773
10.90613174	312	-0.040701 0.051235  0.910506
10.91128826	311	-0.042377 0.046686  0.895901
10.91643238	310	-0.038067 0.055545  0.873396
10.92158031	308	-0.042616 0.056263  0.882015
10.92672443	305	-0.043574 0.058179  0.870044
10.93187618	306	-0.042616 0.057460  0.864059
10.93703174	305	-0.041659 0.059854  0.856637
10.94219970	303	-0.045968 0.055306  0.851848
10.94737243	303	-0.040222 0.054348  0.836286
10.95254802	299	-0.042856 0.056024  0.831977
10.95771598	299	-0.034476 0.054348  0.821921
10.96287631	299	-0.038067 0.063685  0.822161
10.96804046	300	-0.040701 0.050517  0.815696
10.97318840	297	-0.036391 0.052432  0.805162
10.97836017	296	-0.029688 0.049320  0.804444
10.98351573	299	-0.031364 0.046686  0.793430
10.98868370	296	-0.034476 0.045250  0.787206
10.99384021	298	-0.025378 0.051954  0.789360
10.99899196	298	-0.023463 0.046686  0.786008
11.00413990	297	-0.017477 0.044292  0.788403
11.00929641	296	-0.020829 0.043335  0.786966
11.01444435	296	-0.014844 0.041180  0.782657
11.01958847	294	-0.014126 0.038067  0.785290
11.02472400	295	-0.015083 0.041659  0.775235
11.02987575	294	-0.008619 0.039743  0.776671
11.03503227	295	-0.012929 0.039265  0.779305
11.04018783	296	-0.005746 0.036391  0.780502
11.04533576	297	-0.008619 0.037828  0.786248
11.05048847	297	-0.009098 0.036870  0.774995
11.05563163	297	-0.010534 0.040222  0.782417
11.06077957	297	-0.008619 0.032800  0.793909
11.06593227	297	-0.014126 0.035434  0.795825
11.07108402	297	-0.012929 0.036870  0.796303
11.07621955	300	-0.009816 0.043335  0.794867
11.08137226	300	-0.011971 0.038786  0.799895
11.08652400	299	-0.023224 0.032800  0.799895
11.09166812	302	-0.018675 0.045968  0.813063
11.09681987	302	-0.027054 0.039983  0.813063
11.10198783	301	-0.021308 0.041659  0.820963
11.10714817	304	-0.034716 0.044532  0.834371
11.11230754	304	-0.034237 0.043813  0.832216
11.11746406	304	-0.030645 0.047644  0.843469
11.12261962	308	-0.036152 0.045968  0.845623
11.12777614	306	-0.042616 0.053869  0.860228
11.13293170	307	-0.038307 0.049320  0.860228
11.13808822	310	-0.042138 0.050038  0.875072
11.14324760	313	-0.043813 0.051235  0.876508
11.14839553	312	-0.046926 0.047884  0.881776
11.15357208	314	-0.043574 0.052193  0.902126
11.15872764	316	-0.048123 0.051954  0.911463
11.16388797	315	-0.044771 0.051235  0.921998
11.16903972	317	-0.044292 0.050517  0.925828
11.17418766	319	-0.044053 0.042616  0.942827
11.17934036	319	-0.042138 0.052911  0.951925
11.18449592	320	-0.039025 0.042377  0.956474
11.18965625	320	-0.040222 0.045250  0.973712
11.19480419	322	-0.038067 0.047884  0.984007
11.19995212	324	-0.035913 0.040222  0.994062
11.20509243	328	-0.033279 0.040940  1.003160
11.21022796	329	-0.030406 0.036870  1.020877
11.21538352	329	-0.033518 0.039983  1.029017
11.22053241	331	-0.029448 0.033040  1.051762
11.22568798	331	-0.031124 0.030406  1.058705
11.23083591	335	-0.024421 0.032800  1.069718
11.23597240	338	-0.024181 0.033997  1.082168
11.24112796	339	-0.021787 0.026575  1.094857
11.24627590	342	-0.022984 0.027054  1.107786
11.25144386	344	-0.019632 0.028012  1.125024
11.25660419	346	-0.029688 0.030167  1.143220
11.26176357	348	-0.020829 0.025378  1.151121
11.26694393	352	-0.020829 0.030167  1.164288
11.27211189	354	-0.017717 0.023224  1.176738
11.27727985	357	-0.024660 0.028491  1.184878
11.28244400	358	-0.023942 0.024899  1.197328
11.28761196	357	-0.025139 0.023942  1.218636
11.29277229	362	-0.029448 0.027054  1.225579
11.29793167	364	-0.025139 0.020590  1.244493
11.30308437	367	-0.028012 0.022984  1.250958
##inga 
#ido(sec)  szog(ADC)     ax(g)    ay(g)   az(g)
11.30877971	370	-0.030167 0.028970  1.266999
11.31404781	372	-0.031843 0.025857  1.289265
11.31933593	378	-0.036631 0.027294  1.297644
11.32463169	381	-0.045489 0.033758  1.308657
11.32977962	380	-0.045729 0.031603  1.324459
11.33493614	384	-0.041898 0.027533  1.336909
11.34008407	387	-0.046447 0.037828  1.347443
11.34523582	391	-0.047165 0.034716  1.360611
11.35039615	392	-0.048841 0.032800  1.373540
11.35553646	396	-0.052193 0.032321  1.390538
11.36068439	398	-0.045489 0.028730  1.393172
11.36583995	402	-0.061291 0.035913  1.397960
11.37100028	403	-0.051235 0.034237  1.421423
11.37614822	408	-0.054587 0.027772  1.423817
11.38129997	406	-0.057221 0.026575  1.438182
11.38645553	410	-0.058657 0.030885  1.448956
11.39161586	415	-0.055306 0.036391  1.448717
11.39677238	418	-0.059854 0.021308  1.462603
11.40192794	418	-0.057700 0.027772  1.462364
11.40708446	423	-0.062967 0.032321  1.475771
11.41225624	427	-0.065122 0.037589  1.491333
11.41742420	429	-0.057460 0.027772  1.491094
11.42258834	434	-0.065840 0.025378  1.488221
11.42775154	436	-0.059136 0.020829  1.496840
11.43291568	435	-0.061770 0.027054  1.521739
11.43807601	442	-0.059136 0.021308  1.523176
11.44324398	446	-0.059136 0.016999  1.524852
11.44841194	449	-0.061530 0.028970  1.528682
11.45357227	453	-0.056981 0.029209  1.542329
11.45873165	455	-0.051714 0.018675  1.543766
11.46389198	458	-0.052911 0.011971  1.535386
11.46905231	458	-0.060573 0.013886  1.532752
11.47420787	463	-0.046208 0.009098  1.544963
11.47936439	467	-0.050278 0.017238  1.548793
11.48451614	469	-0.049799 0.010056  1.532034
11.48967647	473	-0.041898 0.008858  1.548554
11.49482440	476	-0.043574 0.004070  1.551188
11.49996757	480	-0.047165 0.001676  1.550469
11.50512409	483	-0.043335 0.003831  1.537062
11.51027584	486	-0.040222 0.003352  1.526767
11.51541996	491	-0.043574 -0.002873  1.542569
11.52062034	493	-0.034716 -0.004310  1.542329
11.52581214	497	-0.048362 0.000718  1.522218
11.53096389	503	-0.051954 0.001437  1.527964
11.53612041	504	-0.046447 -0.001197  1.528203
11.54132843	505	-0.045250 -0.000239  1.521979
11.54653644	509	-0.048841 -0.000239  1.506656
11.55173587	513	-0.052193 0.001915  1.510726
11.55690765	517	-0.055066 -0.002394  1.499952
11.56212425	522	-0.053630 0.000239  1.507135
11.56728363	525	-0.059615 0.000718  1.481756
11.57244396	528	-0.053630 0.004549  1.478644
11.57759952	529	-0.061770 0.005985  1.475771
11.58275604	534	-0.065600 -0.002155  1.471461
11.58795642	534	-0.068952 -0.004549  1.447999
11.59315204	536	-0.069671 0.002155  1.443928
11.59830760	542	-0.070149 0.005267  1.441534
11.60345172	544	-0.071107 -0.002155  1.441774
11.60865974	549	-0.070868 0.001915  1.416635
11.61381244	551	-0.081402 0.002155  1.406579
11.61896038	551	-0.073501 -0.000239  1.418071
11.62415599	557	-0.074698 0.003591  1.397960
11.62930393	562	-0.074219 0.000000  1.371145
11.63442039	562	-0.076135 -0.001676  1.369230
11.63961982	568	-0.067995 -0.005028  1.371624
11.64482021	566	-0.069910 -0.005985  1.355823
11.65001964	572	-0.079726 -0.005507  1.326135
11.65523242	574	-0.075656 -0.005985  1.323980
11.66044044	574	-0.068713 -0.008619  1.323262
11.66563606	580	-0.069671 -0.006704  1.310573
11.67083644	581	-0.071107 -0.007661  1.279688
11.67603588	582	-0.064164 -0.005267  1.272266
11.68122768	587	-0.061770 -0.010295  1.275378
11.68642044	588	-0.066319 -0.013647  1.239944
11.69161605	591	-0.063206 -0.014365  1.227016
11.69682407	590	-0.057221 -0.015323  1.223185
11.70202445	593	-0.054348 -0.013168  1.214087
11.70724010	594	-0.054587 -0.030645  1.195892
11.71244430	601	-0.060812 -0.022984  1.170035
11.71765232	601	-0.048841 -0.022266  1.164288
11.72286415	604	-0.051235 -0.020351  1.155191
11.72807216	606	-0.054348 -0.018675  1.137953
11.73327636	610	-0.049559 -0.024181  1.124785
11.73847961	612	-0.053390 -0.025857  1.119996
11.74368000	612	-0.052432 -0.021548  1.109222
11.74888038	617	-0.054108 -0.023942  1.084562
11.75408840	616	-0.052911 -0.027294  1.077140
11.75928401	621	-0.055306 -0.026336  1.068042
11.76448440	623	-0.056503 -0.022505  1.055114
11.76968765	624	-0.057221 -0.026575  1.034045
11.77489185	626	-0.056263 -0.021069  1.018004
11.78009223	628	-0.058179 -0.026336  1.020638
11.78530025	631	-0.060333 -0.021787  1.002203
11.79051208	631	-0.059615 -0.020111  0.976106
11.79570770	631	-0.061052 -0.023942  0.973951
11.80091190	631	-0.061530 -0.022745  0.975148
11.80611610	635	-0.061052 -0.018196  0.958868
11.81132411	636	-0.071107 -0.023224  0.940912
11.81652355	636	-0.067037 -0.011731  0.934447
11.82172775	640	-0.071586 -0.022745  0.930377
11.82692432	642	-0.079487 -0.025618  0.919125
##inga 
#ido(sec)  szog(ADC)     ax(g)    ay(g)   az(g)
11.83267211	642	-0.070149 -0.017477  0.905478
11.83794784	642	-0.072783 -0.014844  0.895422
11.84321975	646	-0.077332 -0.016041  0.895662
11.84849643	647	-0.079487 -0.021308  0.871959
11.85370826	646	-0.074698 -0.013168  0.873396
11.85892009	646	-0.073262 -0.018196  0.871002
11.86413192	649	-0.075177 -0.022266  0.862143
11.86934757	648	-0.072783 -0.009816  0.847299
11.87455177	651	-0.073022 -0.022984  0.848018
11.87975597	653	-0.068713 -0.018914  0.840596
11.88496017	654	-0.070868 -0.021069  0.835807
11.89016819	651	-0.072783 -0.018435  0.831019
11.89537239	654	-0.068234 -0.024899  0.821203
11.90057563	654	-0.062009 -0.018675  0.827188
11.90577983	653	-0.066319 -0.030885  0.814499
11.91098785	653	-0.063206 -0.034237  0.810908
11.91619968	655	-0.060573 -0.023942  0.812584
11.92141246	657	-0.063206 -0.025618  0.807556
11.92661571	655	-0.060812 -0.027054  0.809950
11.93182373	656	-0.059376 -0.032800  0.808274
11.93702793	657	-0.058657 -0.034716  0.806120
11.94222354	658	-0.056742 -0.026336  0.804204
11.94742393	656	-0.059376 -0.031124  0.797979
11.95261955	656	-0.047884 -0.032321  0.804444
11.95781993	658	-0.049559 -0.030406  0.809711
11.96302413	658	-0.050517 -0.032800  0.814020
11.96822357	657	-0.058418 -0.026575  0.802528
11.97343635	656	-0.052911 -0.028012  0.813781
11.97864818	657	-0.052432 -0.030167  0.817133
11.98385620	653	-0.049559 -0.022745  0.814739
11.98906803	653	-0.057700 -0.022984  0.816175
11.99428367	652	-0.053869 -0.022745  0.827667
11.99948787	653	-0.053390 -0.018196  0.827188
12.00469589	653	-0.058418 -0.018675  0.826470
12.00989246	652	-0.062488 -0.021548  0.847778
12.01509189	649	-0.058179 -0.016999  0.844905
12.02029609	651	-0.060333 -0.016041  0.842032
12.02550029	648	-0.063925 -0.020829  0.852327
12.03069972	645	-0.062727 -0.010056  0.855918
12.03590393	646	-0.067276 -0.015323  0.871959
12.04110813	645	-0.062488 -0.013886  0.874114
12.04631614	645	-0.072544 -0.016280  0.876748
12.05152797	645	-0.069431 -0.010774  0.893986
12.05673599	643	-0.074938 -0.006704  0.893507
12.06194019	640	-0.069192 -0.008140  0.904520
12.06713581	641	-0.068713 -0.015802  0.915294
12.07233619	640	-0.068952 -0.013168  0.924152
12.07753181	639	-0.072544 -0.008619  0.934687
12.08273601	634	-0.071825 -0.011971  0.947137
12.08793640	634	-0.066079 -0.006704  0.953361
12.09313201	634	-0.068952 -0.006704  0.960544
12.09833240	629	-0.074698 -0.004549  0.977064
12.10353183	629	-0.069431 -0.009098  1.000048
12.10871982	628	-0.064643 -0.014365  0.998133
12.11392402	628	-0.063685 -0.018675  1.010103
12.11912441	625	-0.065840 -0.014365  1.014652
12.12434005	622	-0.059136 -0.004549  1.034763
12.12954044	623	-0.058897 -0.015083  1.044340
12.13473987	620	-0.061291 -0.015083  1.055593
12.13994789	618	-0.058418 -0.010534  1.073310
12.14514827	618	-0.054108 -0.009816  1.078338
12.15035152	615	-0.053390 -0.016041  1.094139
12.15554809	612	-0.051954 -0.008619  1.116165
12.16075229	607	-0.049799 -0.016999  1.126461
12.16596412	608	-0.050757 -0.012450  1.126939
12.17117214	604	-0.047405 -0.014604  1.150642
12.17638015	603	-0.045250 -0.015083  1.165725
12.18158817	599	-0.047405 -0.010056  1.164767
12.18679237	597	-0.046208 -0.011971  1.173386
12.19199562	593	-0.049799 -0.015083  1.206905
12.19719600	590	-0.045729 -0.015562  1.207384
12.20239639	590	-0.054827 -0.017477  1.227974
12.20759963	587	-0.057700 -0.008619  1.244015
12.21279621	585	-0.050517 -0.009816  1.255028
12.21800804	584	-0.050757 -0.007183  1.273463
12.22320365	578	-0.058179 -0.010056  1.265083
12.22841167	578	-0.057221 -0.007183  1.286870
12.23362445	576	-0.059854 -0.004070  1.298841
12.23882770	573	-0.065840 -0.002155  1.312727
12.24403953	572	-0.059376 0.001437  1.326374
12.24921226	568	-0.060573 0.001915  1.331163
12.25438022	564	-0.053869 -0.001676  1.347443
12.25957965	561	-0.061052 0.003831  1.363963
12.26473999	559	-0.062009 0.002155  1.365160
12.26988410	556	-0.066798 0.002394  1.382877
12.27503585	551	-0.063925 0.005985  1.394848
12.28019618	550	-0.069910 0.006225  1.405143
12.28534412	546	-0.067755 0.007661  1.416156
12.29049205	543	-0.067516 0.003352  1.432676
12.29563236	541	-0.065122 0.008380  1.430760
12.30078411	539	-0.070628 0.017717  1.436028
12.30594444	535	-0.074219 0.015323  1.445844
12.31110000	530	-0.070868 0.011253  1.461406
12.31625556	525	-0.069671 0.006225  1.473856
12.32141971	525	-0.072304 0.014365  1.469546
12.32658004	522	-0.067516 0.019393  1.479123
12.33172416	519	-0.063446 0.004788  1.492530
12.33687591	514	-0.064882 0.007422  1.491573
12.34204387	511	-0.061052 0.015562  1.507614
12.34721183	508	-0.057460 0.016041  1.502825
12.35237979	502	-0.052193 0.009816  1.506895
##inga 
#ido(sec)  szog(ADC)     ax(g)    ay(g)   az(g)
12.35808372	503	-0.050517 0.006943  1.510965
12.36335182	499	-0.048602 0.005507  1.516233
12.36862754	496	-0.051475 0.012210  1.528922
12.37390804	492	-0.042616 0.013168  1.534668
12.37906837	489	-0.046208 0.008858  1.527725
12.38422393	485	-0.038067 0.010056  1.530837
12.38939571	480	-0.039025 0.009577  1.532034
12.39456367	475	-0.044532 0.004788  1.538738
12.39971160	475	-0.042616 0.009816  1.531795
12.40488433	472	-0.034955 0.010534  1.530598
12.41004371	469	-0.038307 0.012929  1.528203
12.41520786	465	-0.036870 0.012929  1.530119
12.42037582	459	-0.037110 0.021069  1.526049
12.42553234	458	-0.037828 0.009337  1.537062
12.43068027	454	-0.041419 0.009337  1.530598
12.43582820	451	-0.042377 0.019153  1.520781
12.44097995	447	-0.045729 0.015323  1.510965
12.44614028	448	-0.045489 0.018196  1.516233
12.45130443	444	-0.047644 0.023942  1.513360
12.45644760	439	-0.047644 0.023463  1.506656
12.46159553	436	-0.047405 0.021308  1.498516
12.46675586	432	-0.049559 0.022505  1.498994
12.47192001	432	-0.051954 0.034237  1.485108
12.47707557	428	-0.048362 0.029209  1.484390
12.48223209	425	-0.047644 0.023942  1.477447
12.48739242	422	-0.053630 0.032561  1.475771
12.49256038	420	-0.051235 0.030167  1.462124
12.49772357	414	-0.053869 0.035673  1.462124
12.50289630	412	-0.051714 0.031124  1.444886
12.50806045	408	-0.046686 0.034237  1.433873
12.51321983	408	-0.054108 0.030885  1.419508
12.51838397	406	-0.049320 0.035913  1.418550
12.52354431	402	-0.049799 0.036391  1.407776
12.52871227	401	-0.046926 0.036870  1.395327
12.53386783	397	-0.051714 0.042856  1.384792
12.53903579	392	-0.047884 0.038786  1.385510
12.54418754	391	-0.046447 0.034955  1.363245
12.54935169	387	-0.045011 0.036152  1.354147
12.55451583	386	-0.048123 0.036391  1.345049
12.55966758	381	-0.046926 0.039743  1.326614
12.56481170	380	-0.044292 0.040701  1.319192
12.56995582	378	-0.049081 0.036391  1.312488
12.57511615	374	-0.045729 0.039265  1.292856
12.58028411	370	-0.040222 0.042856  1.283279
12.58544445	368	-0.045011 0.036152  1.265323
12.59059619	365	-0.039025 0.037589  1.264605
12.59575176	364	-0.034955 0.039504  1.244015
12.60089969	360	-0.033758 0.033997  1.235396
12.60605239	360	-0.035434 0.030885  1.225340
12.61119556	355	-0.034476 0.036152  1.207144
12.61635208	354	-0.028730 0.040222  1.187751
12.62150001	351	-0.033279 0.035673  1.180569
12.62665557	350	-0.026815 0.038786  1.168119
12.63182353	348	-0.026336 0.036631  1.149205
12.63699626	343	-0.025378 0.039504  1.139389
12.64216041	343	-0.025857 0.038307  1.125263
12.64732360	342	-0.025378 0.030406  1.114490
12.65248012	340	-0.024660 0.032321  1.108025
12.65764808	338	-0.024421 0.035434  1.089351
12.66281986	335	-0.022266 0.039743  1.070676
12.66798019	333	-0.022505 0.035434  1.063015
12.67315196	332	-0.025139 0.036391  1.048889
12.67831230	331	-0.022266 0.033997  1.033327
12.68347167	329	-0.024181 0.041419  1.025905
12.68861961	325	-0.022984 0.042138  1.012737
12.69377994	322	-0.025618 0.040940  1.001484
12.69893169	324	-0.024660 0.048362  0.989514
12.70408439	323	-0.014604 0.044771  0.974670
12.70923233	322	-0.028491 0.039504  0.967248
12.71438026	319	-0.027054 0.044292  0.956713
12.71953964	317	-0.026815 0.045489  0.939954
12.72469615	316	-0.029688 0.047644  0.936123
12.72984409	318	-0.029209 0.044292  0.917688
12.73498821	315	-0.033279 0.046686  0.910506
12.74013233	313	-0.029209 0.054827  0.906436
12.74527645	311	-0.028730 0.048123  0.895901
12.75042819	312	-0.032082 0.043813  0.884409
12.75558376	312	-0.032321 0.051235  0.876030
12.76072025	310	-0.029927 0.043335  0.874593
12.76587581	309	-0.036631 0.046686  0.861664
12.77103233	309	-0.034955 0.049320  0.857834
12.77619171	308	-0.034716 0.051475  0.848975
12.78135967	307	-0.030885 0.040940  0.844426
12.78652763	304	-0.029209 0.055066  0.828385
12.79168796	304	-0.032321 0.050757  0.839159
12.79685211	304	-0.030167 0.049320  0.819766
12.80202007	303	-0.026815 0.044053  0.818569
12.80718421	301	-0.028251 0.046447  0.817612
12.81235599	302	-0.026097 0.047644  0.810668
12.81751632	301	-0.023224 0.046686  0.793430
12.82267570	299	-0.028970 0.046686  0.803965
12.82783985	301	-0.022266 0.047884  0.801571
12.83299636	298	-0.020829 0.046926  0.788163
12.83815193	299	-0.024421 0.044532  0.792473
12.84329986	300	-0.016520 0.048123  0.792233
12.84845638	300	-0.016041 0.044053  0.787924
12.85360431	298	-0.019872 0.043335  0.786487
12.85875988	298	-0.017956 0.045489  0.783135
12.86391162	300	-0.015562 0.037349  0.794627
12.86905956	299	-0.014126 0.043095  0.787206
12.87420368	299	-0.019153 0.046686  0.791994
##inga 
#ido(sec)  szog(ADC)     ax(g)    ay(g)   az(g)
12.87988376	298	-0.019153 0.044771  0.789121
12.88516807	300	-0.015562 0.036870  0.793191
12.89043235	299	-0.018675 0.034716  0.799416
12.89569568	302	-0.022266 0.038067  0.789121
12.90085601	300	-0.019393 0.040940  0.808993
12.90600395	302	-0.023463 0.037110  0.808753
12.91114044	304	-0.014365 0.041180  0.805641
12.91628837	304	-0.022745 0.039025  0.805880
12.92143154	304	-0.027533 0.043335  0.821682
12.92659187	304	-0.021548 0.042138  0.819766
12.93174839	308	-0.026097 0.044771  0.827667
12.93690395	308	-0.023942 0.047884  0.829582
12.94207191	308	-0.032561 0.041898  0.837483
12.94723606	311	-0.029448 0.042856  0.846821
12.95240783	311	-0.033997 0.040462  0.854482
12.95758438	313	-0.032800 0.049559  0.855200
12.96273994	313	-0.031843 0.037110  0.862383
12.96790027	315	-0.037589 0.041419  0.878903
12.97306823	315	-0.036870 0.044532  0.882494
12.97824382	315	-0.035913 0.048362  0.885606
12.98340034	316	-0.038307 0.040462  0.898774
12.98856353	319	-0.036391 0.048602  0.907154
12.99372386	320	-0.038067 0.043813  0.921280
12.99888420	320	-0.036391 0.047884  0.929420
13.00402832	318	-0.040462 0.047165  0.947615
13.00918006	321	-0.038307 0.045250  0.953840
13.01431560	322	-0.034716 0.044771  0.950488
13.01945972	322	-0.034716 0.041419  0.972036
13.02460384	325	-0.035673 0.036631  0.984965
13.02974796	329	-0.033758 0.042138  1.004357
13.03491210	328	-0.035913 0.038786  1.005315
13.04006004	330	-0.031364 0.032561  1.027820
13.04520416	331	-0.031843 0.038786  1.034045
13.05036830	335	-0.027533 0.039504  1.049129
13.05552768	337	-0.027533 0.031843  1.058226
13.06067562	339	-0.029688 0.032321  1.067564
13.06583213	341	-0.025139 0.029209  1.082408
13.07099246	343	-0.030167 0.033279  1.088393
13.07614040	344	-0.020590 0.032800  1.097730
13.08127975	347	-0.026336 0.044771  1.123109
13.08643627	348	-0.029927 0.028012  1.122630
13.09159564	352	-0.030406 0.028251  1.142741
13.09676361	354	-0.028251 0.028491  1.163331
13.10194015	356	-0.028970 0.025857  1.173865
13.10710811	358	-0.029448 0.034476  1.186554
13.11226844	359	-0.028012 0.026815  1.191103
13.11742782	361	-0.031364 0.027772  1.210257
13.12259197	361	-0.024181 0.028251  1.221509
13.12776374	367	-0.031843 0.031124  1.240184
13.13292789	369	-0.036391 0.028491  1.248803
13.13809204	370	-0.031603 0.031843  1.264365
13.14325237	376	-0.037110 0.031124  1.272266
13.14839553	379	-0.044053 0.033997  1.286391
13.15355968	382	-0.044053 0.031843  1.288546
13.15870761	380	-0.038786 0.022745  1.308418
13.16386032	385	-0.044532 0.025857  1.328768
13.16901969	388	-0.044053 0.031124  1.335233
13.17417621	390	-0.051714 0.036870  1.330923
13.17931556	395	-0.051475 0.032561  1.363005
13.18446445	397	-0.051235 0.028012  1.368751
13.18961238	399	-0.042138 0.027294  1.374497
13.19476795	404	-0.051235 0.029688  1.386708
13.19992446	406	-0.053390 0.035434  1.400594
13.20508384	407	-0.059854 0.033518  1.412325
13.21022796	408	-0.064403 0.031843  1.424057
13.21538829	413	-0.055784 0.030167  1.422381
13.22053241	414	-0.061530 0.030406  1.434352
13.22567558	418	-0.053390 0.030645  1.450632
13.23083972	418	-0.058897 0.034955  1.451590
13.23599624	423	-0.067755 0.032561  1.463561
13.24115562	424	-0.056742 0.027772  1.465715
13.24631595	429	-0.057221 0.014844  1.477686
13.25148010	434	-0.061052 0.021787  1.474095
13.25664806	435	-0.053390 0.018675  1.481038
13.26181221	439	-0.048841 0.023942  1.492051
13.26699161	444	-0.046686 0.014844  1.498037
13.27216434	448	-0.045729 0.020351  1.504741
13.27733612	450	-0.051235 0.012689  1.504501
13.28248786	452	-0.047405 0.007901  1.510008
13.28764438	455	-0.046926 0.010056  1.510008
13.29279613	457	-0.040701 0.003591  1.521739
13.29794025	459	-0.044053 0.005267  1.522218
13.30308818	462	-0.044292 0.003352  1.530358
13.30824375	466	-0.045968 0.012450  1.517669
13.31339645	467	-0.044053 0.002394  1.519106
13.31855583	470	-0.039504 0.001437  1.526049
13.32371616	476	-0.047165 0.006704  1.523415
13.32886028	478	-0.043095 0.005746  1.522697
13.33401584	482	-0.045489 0.002155  1.532992
13.33917236	484	-0.050996 -0.001676  1.509529
13.34437179	490	-0.052432 0.000239  1.523176
13.34951591	492	-0.051235 0.006464  1.515754
13.35466003	496	-0.049559 0.000958  1.524133
13.35980415	501	-0.058897 0.009098  1.516711
13.36494827	503	-0.050038 0.006225  1.508092
13.37009620	504	-0.058897 0.004549  1.501149
13.37526035	508	-0.061052 0.006225  1.503783
13.38042354	509	-0.067037 0.005746  1.495403
13.38559627	513	-0.060812 0.004788  1.490136
13.39076423	518	-0.069671 0.006943  1.491573
13.39592361	523	-0.069671 0.009337  1.466434
##inga 
#ido(sec)  szog(ADC)     ax(g)    ay(g)   az(g)
13.40163230	527	-0.066798 0.001197  1.472659
13.40690040	526	-0.068473 0.004310  1.460927
13.41216373	531	-0.070389 0.011731  1.445365
13.41743183	536	-0.069671 0.000000  1.436028
13.42255592	537	-0.074698 0.007183  1.435788
13.42771625	540	-0.071825 0.007183  1.434831
13.43288040	543	-0.073741 -0.001437  1.421184
13.43809604	543	-0.075895 -0.003352  1.412804
13.44330024	549	-0.075177 0.003352  1.394369
13.44845199	552	-0.063685 -0.000718  1.397481
13.45365238	550	-0.070389 -0.001197  1.389820
13.45884418	557	-0.065122 -0.004070  1.369709
13.46404361	560	-0.066558 -0.011013  1.357977
13.46924018	564	-0.063206 -0.001676  1.347682
13.47443580	567	-0.068952 -0.007661  1.338824
13.47962379	570	-0.054827 -0.011013  1.323501
13.48482036	572	-0.064643 -0.012450  1.315840
13.49001979	575	-0.066798 -0.008858  1.303869
13.49522399	575	-0.061530 -0.011253  1.291419
13.50042819	577	-0.064164 -0.019632  1.272505
13.50563621	581	-0.059854 -0.019632  1.260774
13.51084423	583	-0.061291 -0.015323  1.251197
13.51605224	586	-0.059136 -0.017238  1.246648
13.52125167	588	-0.057700 -0.017238  1.226776
13.52644824	588	-0.057700 -0.012450  1.218158
13.53165626	592	-0.050996 -0.019872  1.198765
13.53685569	594	-0.056024 -0.020590  1.197807
13.54205226	595	-0.054587 -0.019153  1.171950
13.54725170	601	-0.048602 -0.025857  1.161176
13.55245971	602	-0.048362 -0.019153  1.154233
13.55766773	603	-0.054348 -0.024899  1.135798
13.56287956	606	-0.049320 -0.021548  1.119996
13.56808757	608	-0.056024 -0.021787  1.107786
13.57329559	611	-0.056024 -0.018196  1.094857
13.57849979	613	-0.057221 -0.022984  1.088632
13.58371162	614	-0.062488 -0.016759  1.075943
13.58890819	618	-0.068234 -0.017477  1.059184
13.59410762	619	-0.060573 -0.022266  1.053199
13.59931564	621	-0.065361 -0.018196  1.037397
13.60451602	622	-0.064882 -0.019872  1.018723
13.60972023	624	-0.065600 -0.014365  1.020159
13.61492443	624	-0.062727 -0.018196  0.998133
13.62012767	625	-0.067037 -0.018196  0.996457
13.62534046	629	-0.072065 -0.014365  0.986641
13.63055229	628	-0.067037 -0.016520  0.975388
13.63576030	632	-0.069910 -0.019872  0.953601
13.64095592	634	-0.070149 -0.015562  0.955516
13.64616394	635	-0.073741 -0.020590  0.944503
13.65136432	635	-0.066558 -0.015802  0.932053
13.65656757	634	-0.076374 -0.016999  0.921280
13.66176414	639	-0.074459 -0.025378  0.920801
13.66697597	637	-0.076374 -0.020590  0.915294
13.67218017	641	-0.069910 -0.015083  0.903323
13.67738819	642	-0.069431 -0.014604  0.879860
13.68258762	643	-0.074938 -0.023463  0.882015
13.68779563	645	-0.070868 -0.023463  0.876748
13.69300365	644	-0.071107 -0.018675  0.860946
13.69822025	647	-0.064643 -0.027772  0.864059
13.70342445	647	-0.069671 -0.022505  0.861904
13.70862007	648	-0.061530 -0.021308  0.851609
13.71382808	647	-0.064403 -0.017956  0.841075
13.71903991	648	-0.067037 -0.023702  0.842032
13.72423553	649	-0.065840 -0.026815  0.829582
13.72944831	651	-0.061052 -0.023942  0.832216
13.73464393	651	-0.054348 -0.030885  0.824315
13.73985576	651	-0.059615 -0.026097  0.825512
13.74506378	652	-0.056742 -0.023463  0.822879
13.75027561	652	-0.060094 -0.025378  0.821921
13.75547599	652	-0.061052 -0.023702  0.821682
13.76069164	652	-0.053869 -0.025139  0.826231
13.76589584	653	-0.057460 -0.029209  0.821921
13.77109241	653	-0.056024 -0.031843  0.809950
13.77628803	653	-0.053869 -0.029448  0.813302
13.78149604	653	-0.056742 -0.026815  0.820006
13.78669643	651	-0.056503 -0.024421  0.814978
13.79189205	653	-0.053869 -0.032561  0.812823
13.79709243	653	-0.058897 -0.025618  0.817612
13.80230045	653	-0.055784 -0.021308  0.816175
13.80751228	650	-0.057460 -0.022026  0.818569
13.81271553	650	-0.061770 -0.020111  0.821442
13.81792831	649	-0.060812 -0.022745  0.823836
13.82314395	651	-0.065122 -0.019872  0.838920
13.82833957	651	-0.057939 -0.013407  0.842032
13.83353233	647	-0.059854 -0.013886  0.833174
13.83874416	648	-0.064643 -0.015562  0.840835
13.84394359	646	-0.057221 -0.017717  0.842990
13.84913158	644	-0.067516 -0.011253  0.854003
13.85433578	644	-0.064164 -0.014126  0.863580
13.85953235	644	-0.068473 -0.017477  0.867410
13.86472415	645	-0.072783 -0.014365  0.872199
13.86993598	643	-0.070628 -0.016759  0.874354
13.87514019	642	-0.067995 -0.018196  0.889198
13.88034439	642	-0.065840 -0.013168  0.902126
13.88554382	640	-0.072544 -0.013886  0.895901
13.89075565	637	-0.068234 -0.011253  0.909309
13.89595222	637	-0.071586 -0.012450  0.920801
13.90116024	636	-0.066079 -0.018675  0.921040
13.90635585	632	-0.062967 -0.010534  0.940672
13.91155624	634	-0.066798 -0.014844  0.947137
13.91675186	631	-0.070628 -0.011971  0.963417
13.92195987	630	-0.061291 -0.019872  0.963417
##inga 
#ido(sec)  szog(ADC)     ax(g)    ay(g)   az(g)
13.92770385	629	-0.070149 -0.013168  0.985922
13.93297576	628	-0.057700 -0.020590  0.990232
13.93824005	627	-0.055066 -0.009337  1.001484
13.94349956	625	-0.058897 -0.010774  1.013455
13.94870758	624	-0.053869 -0.015083  1.028299
13.95390796	621	-0.057460 -0.013647  1.031412
13.95911979	617	-0.056503 -0.014604  1.054396
13.96433639	617	-0.056503 -0.010534  1.068761
13.96955204	614	-0.056503 -0.018675  1.071155
13.97475624	611	-0.052911 -0.014844  1.090787
13.97995185	611	-0.052672 -0.011253  1.099406
13.98515605	608	-0.052672 -0.013647  1.105152
13.99035644	608	-0.055306 -0.012929  1.115687
13.99555587	605	-0.051954 -0.023463  1.128855
14.00076389	601	-0.051954 -0.015083  1.153036
14.00595569	598	-0.050757 -0.012689  1.162852
14.01115608	593	-0.047884 -0.012689  1.167161
14.01637172	593	-0.050757 -0.011013  1.170274
14.02156829	592	-0.047884 -0.013886  1.189188
14.02677154	590	-0.052672 -0.009577  1.208820
14.03197574	587	-0.051954 -0.010534  1.222467
14.03718757	587	-0.057700 -0.004070  1.232283
14.04239177	584	-0.055545 -0.006464  1.246169
14.04758834	580	-0.055306 -0.005267  1.251676
14.05278778	579	-0.060094 -0.002873  1.263407
14.05798816	575	-0.062009 0.000958  1.283997
14.06313228	572	-0.063925 -0.004070  1.293813
14.06832790	573	-0.065361 -0.000718  1.301714
14.07352447	570	-0.058897 -0.000958  1.311052
14.07872390	564	-0.064403 0.001197  1.322544
14.08388423	564	-0.061770 0.004549  1.333796
14.08905220	558	-0.066319 -0.000718  1.352710
14.09425163	554	-0.062967 0.008380  1.364202
14.09941196	552	-0.061291 0.005507  1.363484
14.10455989	550	-0.064643 0.005746  1.381919
14.10972404	549	-0.063206 0.007901  1.386229
14.11488437	543	-0.065840 0.009098  1.393890
14.12003612	542	-0.062249 0.009816  1.414480
14.12519168	539	-0.066558 0.012210  1.419508
14.13034820	539	-0.061770 0.013647  1.424296
14.13549995	536	-0.067276 0.009816  1.419747
14.14065170	531	-0.064882 0.011971  1.437704
14.14579582	527	-0.062967 0.010056  1.452787
14.15095615	521	-0.069192 0.014365  1.453984
14.15610790	521	-0.061530 0.011013  1.459969
14.16126441	519	-0.057221 0.011253  1.478405
14.16641998	514	-0.061052 0.015083  1.485826
14.17157173	511	-0.064164 0.016999  1.488939
14.17672443	504	-0.055784 0.013647  1.477208
14.18188381	505	-0.057460 0.017238  1.499473
14.18704032	503	-0.052193 0.006943  1.496361
14.19218444	501	-0.054348 0.008619  1.503304
14.19732761	496	-0.054587 0.011492  1.506177
14.20248413	492	-0.044532 0.012450  1.523176
14.20763587	489	-0.047405 0.005985  1.510008
14.21279621	486	-0.045489 0.009337  1.498994
14.21794414	480	-0.043813 0.010774  1.504741
14.22310829	476	-0.043095 0.013647  1.512162
14.22827625	475	-0.045250 0.005267  1.508811
14.23344421	471	-0.045250 0.010534  1.515754
14.23860836	469	-0.040940 0.013168  1.513120
14.24378013	465	-0.043574 0.013647  1.513360
14.24894809	461	-0.038546 0.009098  1.514796
14.25409984	457	-0.040222 0.009577  1.501389
14.25927162	454	-0.039265 0.015802  1.511205
14.26444435	452	-0.036391 0.017238  1.501149
14.26959609	450	-0.036391 0.016041  1.504741
14.27476406	447	-0.042856 0.018675  1.503065
14.27992820	447	-0.049559 0.020829  1.491573
14.28508758	441	-0.039983 0.021548  1.487502
14.29024410	439	-0.041419 0.019393  1.481517
14.29538822	434	-0.045968 0.025139  1.476010
14.30054378	432	-0.053151 0.027533  1.461166
14.30569171	429	-0.046926 0.027294  1.472180
14.31084823	424	-0.051475 0.025618  1.468828
14.31600379	420	-0.054348 0.034237  1.456378
14.32116413	422	-0.060812 0.034716  1.450393
14.32632827	415	-0.059136 0.038786  1.434352
14.33147621	414	-0.057221 0.028251  1.435309
14.33663177	409	-0.056024 0.036152  1.412086
14.34178829	410	-0.051475 0.031603  1.401312
14.34694385	408	-0.058418 0.034237  1.398678
14.35210037	405	-0.054587 0.042856  1.394848
14.35727214	402	-0.049320 0.031364  1.388623
14.36244392	400	-0.048362 0.034955  1.365639
14.36761188	397	-0.054587 0.036152  1.363963
14.37277221	392	-0.050517 0.039504  1.349837
14.37794017	387	-0.050757 0.040940  1.345049
14.38309955	386	-0.044053 0.035673  1.329966
14.38826847	385	-0.049320 0.038307  1.312249
14.39343643	383	-0.046926 0.044532  1.309854
14.39861202	379	-0.043574 0.036391  1.302672
14.40377616	378	-0.039983 0.033758  1.291180
14.40892410	374	-0.040222 0.033279  1.276336
14.41407585	368	-0.037110 0.039504  1.271787
14.41923618	366	-0.035913 0.036870  1.251676
14.42438030	366	-0.028970 0.031603  1.228931
14.42952442	361	-0.028491 0.025378  1.224622
14.43467617	358	-0.026575 0.034955  1.211933
14.43983173	360	-0.029448 0.040701  1.200201
14.44499206	356	-0.024899 0.033279  1.197568
##inga 
#ido(sec)  szog(ADC)     ax(g)    ay(g)   az(g)
14.45067977	354	-0.026575 0.028251  1.176738
14.45596408	353	-0.030167 0.036391  1.161894
14.46124362	351	-0.022745 0.031843  1.147769
14.46654033	345	-0.022984 0.037589  1.129333
14.47169589	345	-0.024660 0.035673  1.120236
14.47684764	341	-0.022745 0.033518  1.107068
14.48200798	344	-0.017477 0.028970  1.096054
14.48716354	341	-0.023463 0.035673  1.076183
14.49232387	339	-0.021787 0.033758  1.075464
14.49748039	337	-0.020111 0.040940  1.059424
14.50264835	335	-0.028251 0.038307  1.048889
14.50781631	330	-0.026097 0.039025  1.032609
14.51298427	331	-0.029927 0.042856  1.022793
14.51816368	331	-0.025857 0.040701  1.012737
14.52331638	326	-0.027533 0.046208  1.002921
14.52849578	327	-0.033279 0.042856  0.991189
14.53365993	325	-0.032800 0.044771  0.982570
14.53882026	321	-0.033758 0.040940  0.971078
14.54396820	323	-0.031364 0.042616  0.959586
14.54913234	321	-0.033040 0.046926  0.956234
14.55429553	321	-0.035194 0.049559  0.938278
14.55945205	317	-0.031603 0.047884  0.929180
14.56459617	316	-0.031603 0.051475  0.916252
14.56975173	318	-0.037110 0.049799  0.918646
14.57489967	317	-0.035673 0.050038  0.905239
14.58005619	313	-0.031843 0.059136  0.896619
14.58520412	313	-0.037349 0.045250  0.885127
14.59035205	314	-0.033518 0.053630  0.880578
14.59549999	313	-0.036870 0.044053  0.872438
14.60064411	312	-0.029927 0.050517  0.867650
14.60578823	311	-0.034716 0.051235  0.853285
14.61094379	311	-0.028491 0.042856  0.856397
14.61609554	309	-0.027054 0.045968  0.835089
14.62125587	307	-0.028491 0.044532  0.840835
14.62640380	306	-0.020111 0.046447  0.825752
14.63155555	307	-0.025857 0.048841  0.823358
14.63671207	308	-0.023463 0.048123  0.816893
14.64187240	306	-0.018435 0.039025  0.813063
14.64702796	303	-0.021787 0.045011  0.814739
14.65219593	305	-0.016280 0.041419  0.813063
14.65735626	304	-0.015802 0.043095  0.808753
14.66251564	303	-0.011253 0.039504  0.800613
14.66767215	304	-0.015562 0.039265  0.802289
14.67284011	302	-0.016520 0.036391  0.795346
14.67800045	302	-0.012689 0.040222  0.792473
14.68315601	303	-0.019393 0.044771  0.810668
14.68832778	303	-0.019872 0.042138  0.794149
14.69349956	303	-0.016520 0.035434  0.806359
14.69864845	301	-0.010056 0.045011  0.803007
14.70380783	304	-0.016280 0.043095  0.791036
14.70896816	301	-0.018914 0.037589  0.807317
14.71411228	304	-0.019153 0.039025  0.805162
14.71925163	302	-0.024660 0.045729  0.803247
14.72439575	306	-0.019393 0.040222  0.809471
14.72953987	306	-0.025618 0.037828  0.810908
14.73469638	308	-0.026097 0.037349  0.809471
14.73983955	309	-0.029448 0.041180  0.816175
14.74498844	310	-0.031603 0.043813  0.820006
14.75013160	311	-0.026815 0.044292  0.821442
14.75527954	311	-0.034237 0.046447  0.833653
14.76043987	309	-0.035673 0.043335  0.837004
14.76558780	312	-0.038307 0.042138  0.836526
14.77073955	311	-0.042377 0.050278  0.847299
14.77589607	314	-0.036631 0.044771  0.848736
14.78104400	316	-0.034716 0.048123  0.862862
14.78619956	316	-0.034237 0.053390  0.865256
14.79134368	317	-0.041419 0.042616  0.870762
14.79649162	317	-0.032561 0.047884  0.888719
14.80165576	317	-0.034716 0.047405  0.888240
14.80681228	320	-0.036870 0.043095  0.897098
14.81196784	320	-0.033518 0.042856  0.900211
14.81713581	320	-0.033997 0.040222  0.910984
14.82229614	320	-0.031364 0.042377  0.916252
14.82745647	322	-0.031603 0.040940  0.939475
14.83262443	324	-0.024421 0.036631  0.940433
14.83778762	323	-0.031843 0.030406  0.959107
14.84295177	328	-0.023702 0.038067  0.955516
14.84810829	328	-0.028012 0.038546  0.975388
14.85327625	326	-0.026336 0.030645  0.989035
14.85842800	332	-0.027054 0.038307  0.992387
14.86359214	332	-0.017717 0.036870  1.008906
14.86874008	335	-0.024181 0.037589  1.020398
14.87390422	338	-0.025857 0.037828  1.033806
14.87906837	339	-0.022026 0.033040  1.041467
14.88421154	341	-0.025618 0.036870  1.047931
14.88935565	341	-0.026336 0.029448  1.063972
14.89450836	344	-0.018435 0.030885  1.076901
14.89966392	346	-0.025618 0.033279  1.088632
14.90481185	348	-0.028251 0.033040  1.105631
14.90996837	348	-0.031124 0.029448  1.122151
14.91512012	350	-0.025857 0.033758  1.123587
14.92026805	351	-0.036152 0.030885  1.142741
14.92542362	357	-0.031364 0.034237  1.144417
14.93057632	358	-0.039265 0.035913  1.164528
14.93573570	359	-0.031843 0.032321  1.178414
14.94088840	359	-0.034476 0.030406  1.199244
14.94604778	363	-0.030406 0.038786  1.205468
14.95121574	367	-0.037349 0.038786  1.213848
14.95639610	368	-0.041419 0.034716  1.216960
14.96156024	372	-0.039265 0.030406  1.238987
14.96671581	374	-0.035434 0.039743  1.254310
##inga 
#ido(sec)  szog(ADC)     ax(g)    ay(g)   az(g)
14.97241592	380	-0.046208 0.032082  1.276336
14.97769165	382	-0.050278 0.036870  1.278491
14.98296356	383	-0.050757 0.035434  1.284955
14.98823165	385	-0.047884 0.032800  1.300757
14.99339199	386	-0.054348 0.033279  1.311291
14.99856376	391	-0.048602 0.035913  1.336669
15.00372409	395	-0.053390 0.032321  1.332360
15.00887584	395	-0.050996 0.025618  1.342415
15.01404380	400	-0.047644 0.029927  1.346964
15.01920413	401	-0.043095 0.027772  1.367315
15.02436447	406	-0.056024 0.028730  1.376173
15.02952003	408	-0.049320 0.024899  1.384074
15.03467178	407	-0.048841 0.021787  1.401791
15.03981971	412	-0.048602 0.028251  1.403706
15.04498386	414	-0.049799 0.027772  1.409931
15.05013179	417	-0.046926 0.021548  1.423099
15.05528354	417	-0.048602 0.020590  1.430282
15.06044006	424	-0.045968 0.021069  1.440337
15.06558799	426	-0.048841 0.022745  1.440337
15.07074356	429	-0.048841 0.016999  1.445126
15.07589244	432	-0.045011 0.021069  1.460209
15.08105564	433	-0.048362 0.022026  1.469307
15.08619976	435	-0.037110 0.013886  1.473137
15.09135627	439	-0.048123 0.022026  1.469786
15.09651184	444	-0.041659 0.017238  1.484390
15.10165977	449	-0.042856 0.015802  1.492770
15.10681629	450	-0.047165 0.014844  1.488460
15.11198425	452	-0.054348 0.010056  1.493488
15.11714839	454	-0.047165 0.012450  1.499952
15.12230777	457	-0.055306 0.007661  1.503065
15.12746810	458	-0.048362 0.009816  1.506656
15.13262367	463	-0.056981 0.010774  1.491812
15.13779640	467	-0.049320 0.010534  1.511205
15.14295578	470	-0.056981 0.013886  1.508092
15.14811611	472	-0.056503 0.012929  1.500192
15.15328407	475	-0.056742 0.010295  1.496361
15.15843963	477	-0.055545 0.010295  1.498755
15.16358757	482	-0.060573 0.008380  1.500431
15.16874790	487	-0.054827 0.015083  1.504501
15.17390441	489	-0.067516 0.013647  1.498994
15.17905616	494	-0.066079 0.003352  1.502586
15.18420410	496	-0.064882 0.016280  1.505219
15.18935966	502	-0.061770 0.008140  1.493967
15.19451618	504	-0.059136 0.007661  1.483672
15.19967555	505	-0.058179 0.000958  1.491094
15.20482444	508	-0.061291 0.000958  1.492770
15.20998001	511	-0.062727 0.011013  1.472659
15.21513175	513	-0.059615 0.011492  1.459969
15.22028446	518	-0.060333 -0.003112  1.460927
15.22548770	523	-0.054348 -0.010056  1.462364
15.23068428	525	-0.061530 0.006225  1.449674
15.23585224	528	-0.056742 -0.001197  1.441295
15.24106407	531	-0.058897 -0.001197  1.437225
15.24626827	532	-0.061052 -0.009577  1.432915
15.25147628	534	-0.057700 -0.005028  1.414241
15.25667190	540	-0.056742 -0.008140  1.406819
15.26188373	541	-0.061530 0.002394  1.409452
15.26704025	544	-0.056503 -0.010295  1.399876
15.27224445	549	-0.058657 -0.008858  1.384313
15.27745628	551	-0.060812 -0.006704  1.382637
15.28265190	552	-0.052193 -0.004070  1.372582
15.28785228	554	-0.057221 -0.011731  1.352710
15.29305553	559	-0.055784 -0.017956  1.341458
15.29825210	563	-0.059854 -0.006225  1.335951
15.30345153	566	-0.054827 -0.005267  1.323501
15.30865573	568	-0.056981 -0.014604  1.314882
15.31385231	571	-0.056263 -0.010774  1.292856
15.31906032	574	-0.063685 -0.012929  1.293813
15.32426357	575	-0.062249 -0.012450  1.278251
15.32947158	577	-0.061530 -0.007661  1.267477
15.33467197	581	-0.065600 -0.012450  1.252634
15.33987617	580	-0.070389 -0.012929  1.251197
15.34507560	582	-0.065840 -0.007183  1.234917
15.35027599	586	-0.069192 -0.005028  1.225579
15.35547637	589	-0.069192 -0.018196  1.216242
15.36067581	591	-0.067755 -0.010774  1.191582
15.36588001	591	-0.069671 -0.009337  1.180329
15.37108421	594	-0.074459 -0.009816  1.168598
15.37629222	595	-0.069431 -0.016280  1.158782
15.38149642	599	-0.067276 -0.020111  1.144177
15.38669967	600	-0.062009 -0.013647  1.132207
15.39191246	604	-0.071107 -0.015802  1.116884
15.39711570	605	-0.063206 -0.016280  1.102040
15.40231609	610	-0.057700 -0.021787  1.095576
15.40752029	609	-0.056503 -0.023463  1.083844
15.41272830	612	-0.059136 -0.018196  1.069958
15.41793155	615	-0.062967 -0.018196  1.058945
15.42313575	614	-0.059615 -0.018675  1.053438
15.42833995	618	-0.059615 -0.021069  1.038594
15.43354797	618	-0.061291 -0.019393  1.022553
15.43875598	621	-0.057460 -0.022745  1.011301
15.44397640	620	-0.066558 -0.021069  1.006991
15.44918823	624	-0.060573 -0.024899  0.990950
15.45440006	623	-0.064164 -0.021787  0.982810
15.45958805	628	-0.061291 -0.017238  0.972036
15.46479225	630	-0.062967 -0.027772  0.966051
15.47000026	630	-0.064403 -0.021548  0.948813
15.47519969	632	-0.063446 -0.023463  0.943545
15.48040008	631	-0.059376 -0.016280  0.938039
15.48560810	635	-0.061052 -0.024181  0.930138
15.49081611	635	-0.063925 -0.023224  0.915533
##inga 
#ido(sec)  szog(ADC)     ax(g)    ay(g)   az(g)
15.49656772	634	-0.067037 -0.023942  0.909787
15.50183963	636	-0.065122 -0.020829  0.894944
15.50710773	636	-0.067516 -0.020351  0.898295
15.51238441	641	-0.065840 -0.017238  0.880100
15.51758766	641	-0.071586 -0.024181  0.883691
15.52279567	642	-0.075177 -0.016999  0.870762
15.52800846	643	-0.073262 -0.023463  0.869086
15.53322792	645	-0.067995 -0.018914  0.860467
15.53843593	643	-0.066558 -0.022266  0.855440
15.54363155	646	-0.070868 -0.015323  0.848018
15.54883956	646	-0.066558 -0.020590  0.842750
15.55403995	646	-0.068713 -0.017717  0.841314
15.55924034	647	-0.071346 -0.026575  0.855200
15.56443595	646	-0.072304 -0.022266  0.831977
15.56964778	645	-0.076374 -0.024421  0.821442
15.57485961	648	-0.066319 -0.020590  0.834371
15.58007240	647	-0.066079 -0.022984  0.831019
15.58527565	647	-0.061770 -0.023702  0.834850
15.59048843	648	-0.062727 -0.025378  0.826949
15.59570407	646	-0.064882 -0.025857  0.818330
15.60089588	649	-0.062009 -0.030885  0.826709
15.60608386	647	-0.064403 -0.028970  0.828625
15.61128807	649	-0.060812 -0.021787  0.821442
15.61649227	648	-0.060094 -0.023702  0.819766
15.62170410	648	-0.049320 -0.025618  0.825991
15.62689971	649	-0.057221 -0.029688  0.834131
15.63211154	648	-0.056024 -0.020111  0.817612
15.63732433	648	-0.054587 -0.022266  0.833892
15.64253616	647	-0.054348 -0.020111  0.833653
15.64774417	644	-0.055545 -0.022745  0.839399
15.65295219	647	-0.053630 -0.020111  0.838920
15.65815639	646	-0.053390 -0.024181  0.844426
15.66336441	645	-0.050757 -0.017956  0.841075
15.66856765	642	-0.058179 -0.023942  0.848018
15.67377185	643	-0.056503 -0.024899  0.859031
15.67897605	642	-0.055306 -0.014365  0.856158
15.68417644	642	-0.054108 -0.014365  0.877227
15.68937587	641	-0.055306 -0.017956  0.876987
15.69457626	641	-0.052432 -0.016280  0.885127
15.69978809	640	-0.057460 -0.016999  0.891113
15.70499610	639	-0.063685 -0.013168  0.897098
15.71020412	636	-0.061291 -0.018675  0.902365
15.71541976	634	-0.062967 -0.022745  0.915294
15.72064018	633	-0.059376 -0.019632  0.919843
15.72583961	633	-0.058179 -0.013168  0.926786
15.73104763	629	-0.059615 -0.016280  0.937320
15.73624420	631	-0.063446 -0.015083  0.949291
15.74144840	629	-0.065840 -0.015562  0.954798
15.74664402	630	-0.069192 -0.011492  0.969881
15.75185585	628	-0.070389 -0.013168  0.977782
15.75705623	624	-0.065361 -0.002394  0.987359
15.76226806	625	-0.066319 -0.011731  0.995978
15.76746368	621	-0.065600 -0.008140  1.012258
15.77266788	620	-0.067755 -0.008858  1.014413
15.77787590	617	-0.064882 -0.008858  1.038115
15.78308773	617	-0.069910 -0.007661  1.041707
15.78827953	614	-0.066798 -0.010056  1.047453
15.79347610	611	-0.063206 -0.007183  1.062775
15.79868412	610	-0.060573 -0.008619  1.077380
15.80387210	609	-0.072783 -0.002634  1.087675
15.80907630	609	-0.066319 -0.013168  1.098449
15.81428813	607	-0.057221 -0.001437  1.113293
15.81948375	603	-0.067276 -0.005507  1.128615
15.82469177	597	-0.065122 -0.012450  1.138910
15.82989215	597	-0.062009 -0.012689  1.154472
15.83510017	594	-0.056263 -0.006225  1.156148
15.84030437	593	-0.064403 -0.003591  1.173386
15.84552001	589	-0.056263 -0.006704  1.185357
15.85072422	590	-0.056263 -0.012929  1.195413
15.85591983	586	-0.061052 -0.004788  1.198765
15.86112403	586	-0.058418 -0.006464  1.211454
15.86632442	582	-0.047405 -0.009816  1.228692
15.87152385	578	-0.052432 -0.004310  1.243057
15.87672042	577	-0.051475 -0.008858  1.252155
15.88191604	576	-0.046926 -0.009816  1.260056
15.88711643	572	-0.045729 -0.006943  1.273942
15.89232444	572	-0.042377 -0.008858  1.292616
15.89752006	567	-0.044292 -0.013407  1.296447
15.90272426	567	-0.047884 -0.011971  1.316798
15.90792846	563	-0.052193 -0.011013  1.325417
15.91314029	557	-0.049320 0.000239  1.326135
15.91829586	557	-0.052911 -0.004788  1.334036
15.92350006	555	-0.050996 -0.005507  1.359175
15.92870044	550	-0.048362 -0.005267  1.357977
15.93390369	546	-0.056742 -0.000718  1.379286
15.93910789	543	-0.059136 0.001915  1.379046
15.94424819	540	-0.062488 0.012210  1.387665
15.94940376	538	-0.061530 0.009337  1.392454
15.95455646	538	-0.065122 0.006943  1.411128
15.95970439	535	-0.062967 0.003352  1.412804
15.96485996	532	-0.065361 0.006704  1.427409
15.97000789	527	-0.069192 0.010774  1.427409
15.97517585	525	-0.066558 0.016280  1.431239
15.98034000	523	-0.070149 0.011492  1.442253
15.98550796	520	-0.069910 0.016280  1.453266
15.99067211	513	-0.071346 0.017956  1.456378
15.99583244	511	-0.068234 0.020829  1.464279
16.00099945	508	-0.062488 0.016520  1.470025
16.00614738	503	-0.068952 0.017238  1.458533
16.01131629	503	-0.068234 0.017238  1.472180
16.01646804	502	-0.070389 0.016999  1.481038
##inga 
#ido(sec)  szog(ADC)     ax(g)    ay(g)   az(g)
16.02216720	496	-0.062488 0.021548  1.477208
16.02743911	491	-0.062488 0.017477  1.484869
16.03270721	491	-0.062967 0.013647  1.498037
16.03796768	487	-0.052432 0.017956  1.488221
16.04312705	480	-0.056981 0.018196  1.489418
16.04828453	480	-0.052193 0.017477  1.500910
16.05343246	474	-0.043095 0.017477  1.508332
16.05859947	473	-0.038546 0.011253  1.505459
16.06373596	470	-0.039025 0.008140  1.486784
16.06888771	465	-0.030167 0.011253  1.489178
16.07404327	462	-0.029688 0.011731  1.489178
16.07919692	459	-0.030645 0.013647  1.490854
16.08434867	457	-0.027054 0.010295  1.485348
16.08950424	453	-0.032800 0.007661  1.496121
16.09464836	452	-0.033279 0.014844  1.476968
16.09979629	450	-0.036391 0.014365  1.482235
16.10495567	448	-0.037110 0.021069  1.480799
16.11009597	445	-0.034237 0.013647  1.469067
16.11525154	440	-0.036631 0.014844  1.466434
16.12040710	437	-0.038546 0.011253  1.462364
16.12555694	434	-0.039265 0.020590  1.457575
16.13071250	431	-0.038307 0.022745  1.454463
16.13586807	427	-0.040940 0.025378  1.451350
16.14100837	426	-0.044053 0.029209  1.433873
16.14616775	421	-0.040222 0.026336  1.428127
16.15132713	419	-0.043335 0.027772  1.424775
16.15648841	416	-0.044532 0.031843  1.425014
16.16164779	411	-0.050278 0.029209  1.417353
16.16681289	411	-0.044771 0.033518  1.402749
16.17197227	407	-0.047165 0.035194  1.385032
16.17713546	407	-0.039743 0.035673  1.395087
16.18230056	404	-0.049559 0.035194  1.360850
16.18746376	399	-0.054827 0.033040  1.362526
16.19261169	399	-0.051714 0.044292  1.358935
16.19778060	396	-0.053390 0.036152  1.352710
16.20292854	393	-0.057700 0.041898  1.346007
16.20809173	390	-0.062967 0.040222  1.327093
16.21324729	388	-0.060333 0.042138  1.297405
16.21839523	383	-0.059136 0.054587  1.309615
16.22354888	383	-0.054827 0.049081  1.298362
16.22870826	381	-0.061770 0.049081  1.272266
16.23386383	377	-0.058657 0.049081  1.261253
16.23900794	375	-0.052432 0.044771  1.259337
16.24415206	370	-0.049320 0.044532  1.243536
16.24930000	368	-0.047165 0.041180  1.229650
16.25443649	368	-0.045489 0.039743  1.213848
16.25959205	364	-0.043095 0.046447  1.204990
16.26473617	362	-0.034237 0.039265  1.203314
16.26988410	360	-0.040222 0.040462  1.187751
16.27503967	358	-0.038067 0.035673  1.166204
16.28018760	355	-0.030645 0.035913  1.167640
16.28533554	354	-0.028970 0.035673  1.147050
16.29047966	349	-0.027533 0.037589  1.135558
16.29564094	350	-0.021308 0.030645  1.123109
16.30078887	346	-0.022745 0.036631  1.110898
16.30595207	343	-0.022745 0.028251  1.108504
16.31111526	343	-0.012929 0.024899  1.083844
16.31628417	342	-0.014604 0.041659  1.072113
16.32145118	341	-0.017238 0.027054  1.060860
16.32660865	337	-0.013407 0.028970  1.055593
16.33176803	336	-0.013168 0.030406  1.040510
16.33692359	335	-0.015083 0.030645  1.029736
16.34208869	332	-0.013407 0.037828  1.019680
16.34723663	332	-0.009098 0.032321  1.013934
16.35239982	331	-0.012689 0.033279  0.997414
16.35755538	328	-0.016759 0.039504  0.984486
16.36271286	326	-0.021308 0.038067  0.972036
16.36785125	325	-0.017956 0.043095  0.968684
16.37299537	322	-0.020111 0.033758  0.955756
16.37815284	323	-0.025857 0.037349  0.943066
16.38329505	322	-0.028012 0.041659  0.929180
16.38843917	322	-0.030885 0.044771  0.933490
16.39357185	320	-0.030645 0.048362  0.916252
16.39871597	320	-0.032800 0.049799  0.908351
16.40385627	317	-0.036391 0.047165  0.896380
16.40898895	316	-0.034237 0.052432  0.891352
16.41414451	317	-0.037828 0.050517  0.882254
16.41928863	317	-0.044053 0.049799  0.874354
16.42443656	316	-0.039265 0.052432  0.870283
16.42957687	313	-0.038546 0.044292  0.862622
16.43472480	313	-0.045011 0.053630  0.857594
16.43986320	313	-0.043813 0.045968  0.853045
16.44502067	312	-0.039504 0.056503  0.849694
16.45017623	313	-0.042616 0.050757  0.851609
16.45533180	312	-0.046926 0.056024  0.840596
16.46048736	312	-0.040462 0.052432  0.825512
16.46563529	312	-0.039504 0.055545  0.838920
16.47079658	308	-0.041419 0.047405  0.827428
16.47596359	310	-0.031364 0.049081  0.824315
16.48112487	307	-0.036870 0.056503  0.813063
16.48629188	309	-0.027294 0.044053  0.825273
16.49144363	308	-0.028251 0.045729  0.808753
16.49660491	309	-0.025139 0.043813  0.802049
16.50177192	307	-0.020351 0.045011  0.808993
16.50694465	309	-0.022026 0.039025  0.814978
16.51209259	308	-0.012929 0.037828  0.806120
16.51725196	309	-0.015562 0.033997  0.810190
16.52240371	307	-0.017238 0.044292  0.808274
16.52755928	307	-0.017956 0.038786  0.811147
16.53271293	310	-0.010774 0.036870  0.809950
16.53785133	310	-0.014126 0.032082  0.805880
##inga 
#ido(sec)  szog(ADC)     ax(g)    ay(g)   az(g)
16.54352378	310	-0.004549 0.033758  0.808514
16.54878425	311	-0.008380 0.029209  0.812823
16.55405235	312	-0.008140 0.025857  0.811147
16.55931282	312	-0.011971 0.035434  0.819527
16.56445121	312	-0.011971 0.034237  0.829582
16.56959533	313	-0.007901 0.037110  0.828864
16.57474327	312	-0.015323 0.030645  0.825991
16.57989120	314	-0.017238 0.028491  0.833892
16.58503532	316	-0.022266 0.039265  0.841075
16.59019279	316	-0.025857 0.039265  0.847060
16.59534072	316	-0.026815 0.040701  0.855440
16.60048866	318	-0.027054 0.041180  0.864059
16.60564041	318	-0.027054 0.042856  0.856397
16.61078453	319	-0.033518 0.043335  0.873635
16.61593246	319	-0.033758 0.044532  0.878663
16.62108421	320	-0.037828 0.044532  0.886803
16.62623977	319	-0.034955 0.047405  0.902126
16.63138771	321	-0.039025 0.050278  0.896380
16.63653182	319	-0.042856 0.051954  0.912182
16.64168739	321	-0.041419 0.046926  0.913379
16.64683914	322	-0.038786 0.049559  0.923434
16.65198707	324	-0.053869 0.047884  0.927983
16.65714836	327	-0.049081 0.042138  0.944503
16.66231155	329	-0.044292 0.051954  0.960544
16.66747283	327	-0.042856 0.043095  0.962938
16.67262840	331	-0.041898 0.048362  0.975148
16.67778778	332	-0.048123 0.045250  0.976585
16.68295288	332	-0.045489 0.044771  0.995020
16.68811225	333	-0.042377 0.043095  0.999569
16.69326782	337	-0.037828 0.044771  1.018483
16.69844436	337	-0.037349 0.040940  1.024947
16.70359611	339	-0.037589 0.033997  1.037158
16.70877265	341	-0.038307 0.041180  1.052720
16.71392440	343	-0.034716 0.035434  1.061339
16.71907997	345	-0.033997 0.033758  1.070916
16.72424316	348	-0.029927 0.034237  1.090069
16.72939109	350	-0.029448 0.030645  1.098688
16.73454093	349	-0.034716 0.022026  1.112095
16.73968887	352	-0.025378 0.030885  1.119517
16.74484825	356	-0.023463 0.033040  1.135798
16.74999618	357	-0.022505 0.031843  1.149205
16.75515174	355	-0.017956 0.030885  1.164767
16.76029205	360	-0.017477 0.025857  1.163091
16.76544380	362	-0.026815 0.024660  1.182005
16.77059173	365	-0.020829 0.022026  1.200201
16.77574348	369	-0.021787 0.027054  1.208102
16.78089141	370	-0.024899 0.025618  1.211214
16.78603553	373	-0.016041 0.021308  1.237790
16.79119110	379	-0.021787 0.026575  1.237790
16.79634857	379	-0.025378 0.022745  1.253112
16.80151557	382	-0.025618 0.021787  1.260774
16.80667686	383	-0.035913 0.024181  1.266520
16.81183624	386	-0.039265 0.021787  1.277773
16.81700706	387	-0.037828 0.029688  1.303151
16.82216453	391	-0.042138 0.027054  1.308657
16.82732772	393	-0.045729 0.024899  1.323022
16.83248329	396	-0.044771 0.030885  1.335233
16.83765602	397	-0.048841 0.029927  1.348640
16.84281921	401	-0.057221 0.033997  1.349837
16.84797286	406	-0.056742 0.028012  1.355823
16.85313224	406	-0.060333 0.037828  1.376413
16.85828781	410	-0.062488 0.033279  1.380962
16.86344337	412	-0.061052 0.036631  1.384313
16.86858749	413	-0.065122 0.033040  1.396524
16.87373542	416	-0.060094 0.031603  1.389820
16.87888336	420	-0.066079 0.025618  1.411368
16.88404083	424	-0.064403 0.028491  1.418071
16.88920021	426	-0.070389 0.031843  1.421663
16.89434814	427	-0.066079 0.029688  1.436746
16.89950752	429	-0.059615 0.020829  1.444168
16.90466308	435	-0.060094 0.031124  1.447999
16.90982055	438	-0.058179 0.018196  1.453505
16.91497611	437	-0.063206 0.023942  1.458533
16.92013168	442	-0.065840 0.022505  1.450872
16.92528724	447	-0.064882 0.027294  1.464997
16.93044853	448	-0.054108 0.020590  1.467152
16.93559265	451	-0.063446 0.013168  1.474095
16.94074058	455	-0.053630 0.017717  1.475292
16.94589233	457	-0.051954 0.014126  1.478883
16.95104789	459	-0.046208 0.016759  1.472898
16.95620727	463	-0.049799 0.006464  1.488939
16.96138381	465	-0.045968 0.006704  1.487742
16.96653938	467	-0.040701 0.008380  1.489897
16.97170829	471	-0.038307 0.005985  1.474334
16.97686004	476	-0.045968 0.001197  1.490136
16.98201942	478	-0.040462 -0.004788  1.483911
16.98722076	482	-0.039265 -0.000479  1.479123
16.99242782	485	-0.036391 0.000479  1.484629
16.99757957	489	-0.041419 0.004549  1.481756
17.00274085	493	-0.038786 -0.004310  1.476250
17.00794029	494	-0.037349 -0.005507  1.479362
17.01313209	496	-0.039743 -0.000958  1.472180
17.01832008	502	-0.042856 -0.005267  1.481756
17.02351570	504	-0.038067 -0.009816  1.462603
17.02871513	505	-0.041659 -0.008858  1.466194
17.03391647	509	-0.048123 0.001915  1.460927
17.03907203	511	-0.047405 -0.002634  1.459730
17.04426765	515	-0.043574 -0.006225  1.442013
17.04946708	517	-0.056263 -0.005267  1.442013
17.05466461	524	-0.055545 -0.005746  1.435070
17.05987167	527	-0.058657 -0.005267  1.432915
##inga 
#ido(sec)  szog(ADC)     ax(g)    ay(g)   az(g)
17.06561279	529	-0.062967 -0.002394  1.417114
17.07089996	532	-0.063446 -0.000718  1.414241
17.07616043	535	-0.062488 0.003352  1.398439
17.08142089	537	-0.062727 -0.001437  1.399397
17.08663558	539	-0.075417 0.003591  1.380962
17.09179687	540	-0.078529 0.004549  1.382159
17.09693908	545	-0.075177 0.002873  1.368272
17.10209655	547	-0.078290 0.008858  1.373779
17.10724830	550	-0.080205 0.009816  1.350316
17.11239242	553	-0.082839 0.005985  1.351513
17.11754417	556	-0.078768 0.004549  1.334993
17.12269210	561	-0.081641 0.010774  1.328290
17.12782859	561	-0.082120 0.014126  1.311291
17.13298034	564	-0.082839 0.003112  1.306981
17.13812446	569	-0.078529 0.003831  1.301714
17.14327621	571	-0.082839 0.000479  1.282561
17.14842796	574	-0.076853 -0.003831  1.271787
17.15361976	576	-0.071586 -0.006464  1.270111
17.15881156	576	-0.073262 -0.011971  1.253591
17.16401290	577	-0.062009 -0.007901  1.234677
17.16922378	580	-0.057221 -0.014126  1.219115
17.17442893	585	-0.063446 -0.009816  1.222706
17.17963218	586	-0.057221 -0.016520  1.209778
17.18483924	587	-0.055545 -0.019632  1.194455
17.19004821	589	-0.056024 -0.016280  1.175302
17.19524765	589	-0.051954 -0.016520  1.159500
17.20044708	593	-0.052911 -0.022745  1.157345
17.20564460	594	-0.052193 -0.022505  1.144177
17.21084403	598	-0.042616 -0.025378  1.135558
17.21603965	601	-0.037110 -0.024181  1.125982
17.22123527	601	-0.045250 -0.029209  1.102998
17.22643661	605	-0.043574 -0.023702  1.101082
17.23163223	608	-0.041180 -0.027772  1.091027
17.23684310	610	-0.048841 -0.028491  1.076662
17.24204826	609	-0.045011 -0.028012  1.064212
17.24725151	612	-0.049081 -0.026336  1.049368
17.25246047	614	-0.040222 -0.026815  1.046256
17.25768089	614	-0.054348 -0.023463  1.035003
17.26288032	619	-0.050278 -0.026336  1.015610
17.26807975	617	-0.054587 -0.024181  1.013216
17.27328491	619	-0.056742 -0.017717  0.999090
17.27848052	623	-0.060094 -0.023224  0.984486
17.28367996	624	-0.062249 -0.023463  0.977543
17.28887557	625	-0.068713 -0.013886  0.961023
17.29407691	627	-0.068234 -0.025378  0.965572
17.29928398	628	-0.075417 -0.014126  0.947376
17.30449295	630	-0.078050 -0.013168  0.943545
17.30969238	631	-0.079247 -0.009816  0.931574
17.31489562	629	-0.083078 -0.011253  0.924871
17.32010459	632	-0.083796 -0.011013  0.916731
17.32530784	634	-0.079726 -0.006943  0.902605
17.33050727	635	-0.088345 -0.007661  0.890395
17.33570861	634	-0.073501 -0.014365  0.886324
17.34090805	634	-0.083078 -0.008858  0.893028
17.34609603	636	-0.079487 -0.008380  0.878663
17.35129928	638	-0.082599 -0.012450  0.880578
17.35649108	640	-0.084993 -0.019872  0.873875
17.36168861	637	-0.082599 -0.017238  0.869326
17.36689949	640	-0.074459 -0.016759  0.859989
17.37210845	640	-0.076374 -0.013647  0.861425
17.37730789	642	-0.071346 -0.020111  0.855918
17.38250732	642	-0.067755 -0.024181  0.846821
17.38771629	643	-0.068713 -0.023463  0.842511
17.39291572	643	-0.067755 -0.018435  0.842990
17.39811134	641	-0.054827 -0.024660  0.844905
17.40330314	643	-0.052432 -0.028491  0.837244
17.40850448	643	-0.054827 -0.026815  0.830301
17.41369628	644	-0.045011 -0.022505  0.831737
17.41889953	646	-0.042856 -0.031124  0.827428
17.42409133	643	-0.043574 -0.034716  0.837483
17.42929267	645	-0.044532 -0.033518  0.830780
17.43448448	645	-0.037110 -0.032561  0.825512
17.43968772	643	-0.042856 -0.032321  0.827906
17.44489288	644	-0.040940 -0.036391  0.829343
17.45009613	646	-0.038067 -0.030406  0.835568
17.45531272	642	-0.040940 -0.028012  0.824555
17.46051216	642	-0.043813 -0.025618  0.828146
17.46571922	642	-0.046447 -0.029448  0.834610
17.47092056	644	-0.048362 -0.030167  0.839159
17.47611999	643	-0.047405 -0.018914  0.843469
17.48131561	642	-0.053390 -0.019393  0.852327
17.48652458	639	-0.051235 -0.017956  0.859989
17.49172782	641	-0.051475 -0.016759  0.862143
17.49694061	640	-0.065122 -0.018914  0.873396
17.50214385	639	-0.060573 -0.016280  0.861186
17.50735282	638	-0.065122 -0.017477  0.879860
17.51255226	636	-0.065600 -0.016280  0.884649
17.51775932	636	-0.070389 -0.013647  0.884888
17.52296066	634	-0.073980 -0.012689  0.887282
17.52815628	634	-0.076135 -0.005985  0.899732
17.53335571	634	-0.072065 -0.009577  0.895183
17.53855514	634	-0.073980 -0.007901  0.918406
17.54375267	630	-0.080444 -0.011253  0.923195
17.54894828	629	-0.074938 -0.003112  0.932053
17.55414772	629	-0.077332 -0.008380  0.944264
17.55935668	629	-0.077093 -0.000958  0.951686
17.56456375	628	-0.077093 -0.005267  0.950488
17.56976890	627	-0.072065 -0.010534  0.969402
17.57498359	625	-0.073262 -0.009577  0.976106
17.58018493	623	-0.065600 -0.009816  0.991429
17.58538055	620	-0.068234 -0.007901  0.998133
##inga 
#ido(sec)  szog(ADC)     ax(g)    ay(g)   az(g)
17.59110832	619	-0.069431 -0.004070  1.006991
17.59638786	617	-0.062727 -0.007183  1.000766
17.60166358	616	-0.058657 -0.009816  1.025666
17.60693168	615	-0.065122 -0.014365  1.047213
17.61213111	611	-0.060333 -0.004549  1.048410
17.61732864	608	-0.060812 -0.011253  1.061099
17.62253189	609	-0.055306 -0.014365  1.076901
17.62772369	605	-0.058657 -0.013647  1.075943
17.63291931	605	-0.056742 -0.013886  1.090548
17.63811683	602	-0.050757 -0.013647  1.103716
17.64331626	599	-0.045011 -0.013647  1.120954
17.64851570	597	-0.046447 -0.016041  1.127897
17.65371513	592	-0.047644 -0.006704  1.138192
17.65891647	592	-0.048362 -0.016280  1.143938
17.66412734	591	-0.047405 -0.011971  1.163810
17.66932868	590	-0.042377 -0.016759  1.179851
17.67453193	589	-0.043335 -0.014365  1.178654
17.67973518	586	-0.044771 -0.011492  1.198046
17.68493270	583	-0.044771 -0.013886  1.206426
17.69013214	582	-0.045011 -0.010774  1.223185
17.69533157	577	-0.050517 -0.007661  1.226537
17.70052719	576	-0.055545 -0.014365  1.236832
17.70572471	574	-0.050038 -0.006943  1.251676
17.71093559	571	-0.059615 -0.009816  1.264844
17.71614837	571	-0.056981 0.003352  1.270111
17.72130393	565	-0.060333 0.005267  1.284476
17.72646713	564	-0.063685 -0.001197  1.301235
17.73166847	562	-0.060573 -0.005985  1.306024
17.73687171	559	-0.068234 0.009337  1.309854
17.74202346	555	-0.066079 0.006943  1.339063
17.74718093	551	-0.067276 0.011971  1.334754
17.75233650	550	-0.067755 0.012210  1.343373
17.75747108	547	-0.065840 0.005507  1.363723
17.76261520	543	-0.066079 0.012210  1.357499
17.76775932	539	-0.069431 0.011492  1.370188
17.77290725	538	-0.064164 0.005985  1.389341
17.77804756	538	-0.072065 0.004788  1.383595
17.78319168	533	-0.071825 0.013886  1.390778
17.78833198	529	-0.069910 0.014844  1.395805
17.79347610	526	-0.068952 0.009098  1.411368
17.79862785	525	-0.069431 0.009337  1.411128
17.80377197	521	-0.067516 0.012929  1.426690
17.80891990	517	-0.062009 0.014126  1.422620
17.81407546	516	-0.060333 0.011013  1.429324
17.81922340	510	-0.059854 0.011253  1.446083
17.82437133	507	-0.059615 0.015562  1.453744
17.82951545	504	-0.052432 0.008140  1.458054
17.83465957	504	-0.047644 0.006943  1.453744
17.83980751	501	-0.052911 0.011253  1.462603
17.84496307	497	-0.059136 0.006704  1.462603
17.85013580	494	-0.047165 0.016520  1.472898
17.85527992	489	-0.051235 0.014604  1.468828
17.86044311	487	-0.042138 0.012450  1.469307
17.86560440	484	-0.043574 0.006704  1.478165
17.87075614	481	-0.045489 0.013407  1.473137
17.87591934	474	-0.043335 0.007661  1.475532
17.88108444	475	-0.049559 0.005507  1.474095
17.88624763	470	-0.040462 0.006704  1.478883
17.89139938	467	-0.039025 0.015802  1.475292
17.89655685	465	-0.043813 0.020351  1.468828
17.90171241	461	-0.042377 0.014126  1.475771
17.90687942	459	-0.039983 0.018196  1.468110
17.91204071	455	-0.039504 0.015562  1.468349
17.91720390	450	-0.042377 0.017956  1.469067
17.92235565	449	-0.035434 0.018914  1.464279
17.92752075	448	-0.035673 0.021548  1.461885
17.93267631	448	-0.038307 0.020111  1.455181
17.93782424	443	-0.036870 0.022266  1.446562
17.94297599	437	-0.043813 0.019393  1.443450
17.94812011	436	-0.041419 0.022984  1.446562
17.95327949	431	-0.040222 0.017717  1.446562
17.95842742	432	-0.045250 0.023224  1.433155
17.96357536	429	-0.042138 0.022505  1.416635
17.96872711	425	-0.043574 0.031124  1.411368
17.97387123	423	-0.049559 0.024181  1.409452
17.97901153	421	-0.051954 0.027533  1.393890
17.98416709	416	-0.056024 0.031124  1.397242
17.98931694	412	-0.052672 0.033518  1.394129
17.99448013	409	-0.056263 0.033279  1.386708
17.99964332	409	-0.052911 0.038067  1.376173
18.00481224	407	-0.053390 0.040701  1.368033
18.00997161	403	-0.054348 0.035673  1.364202
18.01513290	401	-0.056742 0.035194  1.344091
18.02029991	400	-0.051475 0.034476  1.335712
18.02547264	397	-0.051475 0.039265  1.325895
18.03064346	393	-0.051235 0.045250  1.319671
18.03580856	391	-0.056503 0.043813  1.303630
18.04095649	388	-0.048841 0.039743  1.285913
18.04611587	385	-0.052672 0.040940  1.293574
18.05126762	384	-0.053390 0.045729  1.271069
18.05642318	382	-0.045250 0.038307  1.253112
18.06156349	377	-0.043095 0.039265  1.250000
18.06670761	374	-0.040940 0.035673  1.244733
18.07186889	373	-0.042138 0.040940  1.226298
18.07701110	370	-0.035434 0.041898  1.216242
18.08216094	365	-0.034716 0.039025  1.209778
18.08731269	365	-0.038786 0.034955  1.187751
18.09246444	360	-0.028012 0.042138  1.185118
18.09762382	360	-0.023224 0.033758  1.171471
18.10277175	359	-0.027054 0.030885  1.154712
18.10791587	357	-0.020829 0.032082  1.157106
##inga 
#ido(sec)  szog(ADC)     ax(g)    ay(g)   az(g)
18.11360359	355	-0.020351 0.027772  1.137953
18.11890792	352	-0.021308 0.023942  1.126461
18.12420082	351	-0.016520 0.030167  1.118081
18.12945556	348	-0.016520 0.027054  1.095815
18.13460350	345	-0.014844 0.038786  1.084802
18.13975906	343	-0.015083 0.033518  1.073789
18.14492034	343	-0.021548 0.038546  1.074028
18.15007209	341	-0.016041 0.028491  1.055832
18.15522003	338	-0.020590 0.031364  1.047931
18.16037940	340	-0.023224 0.035194  1.032848
18.16554450	338	-0.025857 0.034237  1.029975
18.17071151	335	-0.020351 0.037828  1.019201
18.17587280	333	-0.021787 0.039504  1.004597
18.18102836	332	-0.026336 0.036391  0.993344
18.18619155	330	-0.026815 0.039025  0.978500
18.19134330	329	-0.026815 0.038546  0.968924
18.19650077	326	-0.032321 0.042138  0.956474
18.20166778	325	-0.032800 0.045489  0.944024
18.20681953	323	-0.032800 0.042377  0.951207
18.21198081	321	-0.039504 0.048123  0.927983
18.21713638	323	-0.043574 0.052672  0.929659
18.22229194	323	-0.036391 0.045968  0.914576
18.22743606	319	-0.040462 0.042616  0.905239
18.23258018	320	-0.043335 0.050517  0.899253
18.23772430	320	-0.039743 0.048841  0.899014
18.24288749	318	-0.041659 0.047405  0.887522
18.24803543	316	-0.038546 0.061530  0.870762
18.25317573	318	-0.036631 0.052911  0.875072
18.25831985	315	-0.040462 0.052193  0.858552
18.26346397	315	-0.039504 0.050038  0.870523
18.26860809	313	-0.030645 0.047644  0.854242
18.27375602	314	-0.036870 0.046208  0.857834
18.27890014	312	-0.028251 0.048602  0.852327
18.28404426	312	-0.033040 0.046208  0.839159
18.28918838	312	-0.028012 0.048123  0.836286
18.29433631	312	-0.024660 0.046447  0.831737
18.29948806	312	-0.024181 0.050517  0.826709
18.30464363	311	-0.019632 0.043335  0.827188
18.30979537	311	-0.016999 0.039025  0.830780
18.31493186	312	-0.017477 0.041898  0.824315
18.32008361	313	-0.010534 0.040462  0.818569
18.32523536	312	-0.012929 0.033758  0.815696
18.33040046	312	-0.013407 0.038307  0.819527
18.33555603	312	-0.006704 0.038307  0.816415
18.34071922	310	-0.008619 0.038546  0.821203
18.34588050	312	-0.014604 0.046447  0.816175
18.35102844	312	-0.013168 0.032561  0.819048
18.35618782	312	-0.016759 0.034237  0.821442
18.36135292	311	-0.013886 0.037828  0.818809
18.36651229	311	-0.013407 0.036152  0.824315
18.37166786	312	-0.021308 0.033040  0.825034
18.37683105	314	-0.019632 0.039025  0.827428
18.38198852	313	-0.016999 0.036391  0.833174
18.38714027	312	-0.029927 0.037110  0.832216
18.39228439	315	-0.025618 0.040701  0.830780
18.39743995	314	-0.022745 0.040222  0.842032
18.40258789	316	-0.030645 0.040462  0.835328
18.40773200	317	-0.029927 0.041898  0.844905
18.41287994	315	-0.038786 0.044771  0.853045
18.41803550	317	-0.030645 0.038307  0.858313
18.42319107	319	-0.039743 0.044771  0.863340
18.42833518	320	-0.041419 0.042616  0.866213
18.43348884	318	-0.038307 0.046447  0.877945
18.43864059	321	-0.042616 0.043335  0.886564
18.44378471	320	-0.044771 0.042138  0.893986
18.44893646	319	-0.043095 0.049320  0.898056
18.45408439	320	-0.047165 0.049320  0.901168
18.45922851	323	-0.038786 0.047644  0.911463
18.46438407	325	-0.038786 0.038546  0.921280
18.46952438	327	-0.038546 0.042856  0.931814
18.47467994	328	-0.044292 0.047165  0.937081
18.47982406	327	-0.039504 0.042138  0.950488
18.48497581	328	-0.039983 0.045968  0.953122
18.49013137	330	-0.035913 0.040222  0.967726
18.49529266	334	-0.040222 0.043574  0.980655
18.50045204	333	-0.032561 0.036870  0.979458
18.50560379	335	-0.033997 0.036152  0.996217
18.51077651	337	-0.035434 0.036631  1.006752
18.51594352	338	-0.028012 0.035434  1.020159
18.52111244	339	-0.034476 0.029927  1.026144
18.52628326	339	-0.024421 0.029688  1.042185
18.53145217	342	-0.031843 0.029688  1.043143
18.53660392	344	-0.022266 0.033040  1.048650
18.54175186	346	-0.020590 0.029209  1.063494
18.54691505	350	-0.019393 0.027294  1.080971
18.55207252	352	-0.025378 0.028970  1.092463
18.55722427	352	-0.018675 0.029688  1.105392
18.56237220	355	-0.025378 0.023702  1.112574
18.56751632	357	-0.025618 0.028730  1.119757
18.57266044	357	-0.030167 0.031364  1.137474
18.57780456	360	-0.019393 0.026336  1.155191
18.58296012	362	-0.025139 0.026097  1.154472
18.58810424	364	-0.025857 0.029209  1.175062
18.59325981	368	-0.033040 0.024660  1.190385
18.59841537	369	-0.031124 0.031603  1.186315
18.60356712	372	-0.033997 0.027054  1.202835
18.60872840	375	-0.037589 0.027294  1.221988
18.61388397	377	-0.036152 0.032082  1.230128
18.61903953	382	-0.042138 0.034476  1.243296
18.62420082	381	-0.040222 0.031124  1.246648
18.62935638	384	-0.042377 0.033758  1.245212
##inga 
#ido(sec)  szog(ADC)     ax(g)    ay(g)   az(g)
18.63506889	387	-0.045729 0.033758  1.279448
18.64033508	390	-0.047165 0.031603  1.286152
18.64560890	391	-0.050038 0.031364  1.295250
18.65086364	393	-0.045250 0.033279  1.308418
18.65603637	399	-0.050757 0.035673  1.310333
18.66119575	401	-0.061052 0.037349  1.324698
18.66636085	404	-0.056503 0.028730  1.334754
18.67152023	407	-0.059854 0.024181  1.340021
18.67669105	406	-0.055306 0.028012  1.349837
18.68185234	408	-0.058179 0.029209  1.357259
18.68701934	411	-0.046447 0.037828  1.377370
18.69217681	417	-0.056503 0.028012  1.380483
18.69734001	418	-0.054348 0.024899  1.374976
18.70249938	419	-0.045250 0.024660  1.402509
18.70764732	422	-0.059615 0.028012  1.411846
18.71280860	427	-0.056981 0.030645  1.407776
18.71796035	429	-0.051714 0.018196  1.410889
18.72310829	432	-0.050757 0.028491  1.425493
18.72826004	434	-0.055545 0.028491  1.435070
18.73341560	437	-0.056263 0.024421  1.436267
18.73856353	440	-0.051235 0.011013  1.435309
18.74371910	446	-0.047405 0.017477  1.442731
18.74886322	449	-0.048602 0.016041  1.464040
18.75400733	449	-0.049320 0.018914  1.440816
18.75915145	453	-0.041419 0.014604  1.457815
18.76430892	457	-0.043574 0.011253  1.461885
18.76946067	457	-0.047644 0.011013  1.461885
18.77462005	459	-0.035913 0.011731  1.463800
18.77976417	461	-0.046926 0.006704  1.452069
18.78491973	467	-0.040462 0.001197  1.467870
18.79006767	467	-0.034237 -0.002155  1.463800
18.79524803	472	-0.043813 0.003831  1.461406
18.80041122	475	-0.040222 -0.000479  1.467152
18.80562019	479	-0.030167 -0.005267  1.477447
18.81081962	479	-0.040222 -0.002394  1.463561
18.81602478	484	-0.039265 0.003112  1.478644
18.82119178	488	-0.033279 0.003591  1.464997
18.82633972	492	-0.042138 -0.008140  1.454463
18.83154869	495	-0.037589 0.000718  1.449674
18.83669662	497	-0.048123 -0.005985  1.458533
18.84189224	503	-0.057939 -0.002155  1.450393
18.84709167	504	-0.049799 0.001676  1.452308
18.85223579	505	-0.058418 -0.001437  1.446801
18.85742759	508	-0.060573 0.001915  1.440816
18.86258316	509	-0.059136 -0.005028  1.435549
18.86778068	516	-0.068234 0.006943  1.435549
18.87293243	518	-0.062727 0.002394  1.422620
18.87807655	523	-0.067516 0.007422  1.418311
18.88322830	524	-0.071346 0.004549  1.410410
18.88837242	528	-0.078768 0.005507  1.409213
18.89351654	529	-0.078050 0.012689  1.405622
18.89868354	533	-0.078529 0.013407  1.392214
18.90384483	535	-0.080444 0.013886  1.390778
18.90901565	538	-0.078050 0.011253  1.391496
18.91418075	541	-0.079247 0.009577  1.370906
18.91934013	542	-0.084514 0.009577  1.359893
18.92449951	546	-0.079726 0.014126  1.356062
18.92965507	548	-0.078050 0.009577  1.356062
18.93482017	550	-0.069671 0.003112  1.339063
18.93998336	553	-0.069431 -0.002155  1.326374
18.94519615	557	-0.073262 -0.002155  1.316558
18.95039558	561	-0.062488 -0.002155  1.309854
18.95558738	560	-0.064643 -0.007183  1.298841
18.96077919	566	-0.063446 -0.011013  1.282800
18.96597290	569	-0.061052 -0.011731  1.273463
18.97117614	571	-0.056742 -0.005507  1.261971
18.97637176	574	-0.049320 -0.013886  1.254788
18.98157119	575	-0.060573 -0.012929  1.246888
18.98676872	577	-0.051235 -0.015083  1.242578
18.99197578	579	-0.057700 -0.018435  1.220312
18.99718093	582	-0.049081 -0.021069  1.215045
19.00239181	584	-0.046208 -0.023702  1.196849
19.00758743	586	-0.043335 -0.026815  1.179372
19.01279640	588	-0.050278 -0.023463  1.179132
19.01800346	589	-0.046686 -0.025618  1.162613
19.02320480	591	-0.047165 -0.025139  1.154472
19.02840423	590	-0.053390 -0.021548  1.138671
19.03360748	594	-0.051475 -0.022745  1.130770
19.03880882	596	-0.055306 -0.016999  1.110659
19.04401588	600	-0.052193 -0.021548  1.107068
19.04921150	601	-0.053390 -0.014126  1.089830
19.05441665	603	-0.058657 -0.017956  1.089590
19.05962371	607	-0.062967 -0.023463  1.073070
19.06482315	607	-0.062727 -0.018675  1.059902
19.07002449	611	-0.064643 -0.014844  1.051523
19.07523536	612	-0.069192 -0.017238  1.043861
19.08044052	612	-0.069192 -0.020351  1.031412
19.08562850	613	-0.076135 -0.012929  1.017765
19.09082794	616	-0.067516 -0.013407  1.019920
19.09602737	618	-0.068713 -0.008858  0.999808
19.10122489	619	-0.075177 -0.011731  1.000287
19.10642051	618	-0.074698 -0.012929  0.978979
19.11160850	623	-0.075895 -0.010534  0.972036
19.11680793	621	-0.066319 -0.015562  0.970360
19.12200736	625	-0.075177 -0.015083  0.954559
19.12721252	627	-0.069671 -0.007183  0.949770
19.13241195	625	-0.075656 -0.017477  0.938039
19.13762474	629	-0.079008 -0.018914  0.925828
19.14283180	630	-0.074219 -0.009337  0.920801
19.14803123	631	-0.072304 -0.020829  0.913858
19.15324020	629	-0.072783 -0.023702  0.912660
##inga 
#ido(sec)  szog(ADC)     ax(g)    ay(g)   az(g)
19.15896034	632	-0.069910 -0.015802  0.904041
19.16423225	631	-0.070628 -0.019393  0.891113
19.16951942	635	-0.070149 -0.025139  0.887761
19.17480087	633	-0.060094 -0.019153  0.879621
19.18000411	633	-0.059615 -0.022266  0.881297
19.18520736	636	-0.066319 -0.022026  0.870283
19.19040870	635	-0.065122 -0.020351  0.876508
19.19560813	634	-0.059854 -0.017477  0.866692
19.20080375	637	-0.058897 -0.025139  0.859989
19.20601654	638	-0.060812 -0.025378  0.854961
19.21122360	637	-0.053869 -0.025378  0.853764
19.21643638	637	-0.060812 -0.033997  0.847299
19.22165107	638	-0.053390 -0.033279  0.850172
19.22685623	640	-0.058657 -0.026575  0.849933
19.23205184	639	-0.051475 -0.025378  0.841553
19.23724746	639	-0.050278 -0.025857  0.843947
19.24244880	639	-0.055784 -0.034955  0.833413
19.24764823	641	-0.052672 -0.029448  0.841075
19.25285148	638	-0.049799 -0.031124  0.839399
19.25804710	641	-0.054348 -0.028491  0.845384
19.26325607	640	-0.054827 -0.024899  0.839638
19.26847267	640	-0.051235 -0.027772  0.847778
19.27367973	641	-0.055545 -0.016280  0.842272
19.27887916	640	-0.053151 -0.027054  0.850172
19.28409194	641	-0.060573 -0.024660  0.845145
19.28930091	638	-0.060573 -0.018196  0.847778
19.29449272	640	-0.059136 -0.014126  0.851130
19.29968833	639	-0.062009 -0.020111  0.854482
19.30488777	638	-0.061530 -0.016280  0.858552
19.31008338	636	-0.063685 -0.015083  0.853524
19.31528472	637	-0.067755 -0.008858  0.868847
19.32048034	635	-0.069671 -0.021308  0.866692
19.32567596	635	-0.067516 -0.014126  0.876269
19.33089256	635	-0.067276 -0.009098  0.886085
19.33608818	633	-0.067516 -0.009816  0.883930
19.34128379	632	-0.069431 -0.010056  0.897338
19.34649658	632	-0.072544 -0.005028  0.901887
19.35170745	631	-0.069910 -0.008858  0.909069
19.35691261	628	-0.069910 -0.010295  0.907633
19.36211585	626	-0.072783 -0.002634  0.921758
19.36731910	628	-0.068952 -0.008858  0.916252
19.37251663	628	-0.069431 -0.011013  0.934926
19.37771606	626	-0.063685 -0.010774  0.949291
19.38290786	625	-0.058179 -0.011013  0.955756
19.38809967	624	-0.067755 -0.009098  0.955756
19.39329147	622	-0.059376 -0.013886  0.979697
19.39849662	620	-0.059136 -0.005028  0.984486
19.40371131	617	-0.062009 -0.013886  0.992865
19.40891647	618	-0.063446 -0.012929  1.000048
19.41412353	616	-0.057700 -0.012929  1.001245
19.41933250	615	-0.056263 -0.013886  1.017525
19.42452812	612	-0.057460 -0.011253  1.032369
19.42972373	611	-0.053869 -0.010056  1.027342
19.43492889	607	-0.057700 -0.015323  1.046016
19.44013214	608	-0.054108 -0.016041  1.058226
19.44533157	604	-0.054348 -0.011013  1.059184
19.45052337	603	-0.050278 -0.014844  1.089590
19.45571517	601	-0.048602 -0.013647  1.091745
19.46092796	598	-0.052911 -0.018914  1.102279
19.46613121	595	-0.048841 -0.005507  1.114729
19.47134017	592	-0.042856 -0.016999  1.117602
19.47655677	591	-0.045011 -0.016280  1.134361
19.48176383	591	-0.049320 -0.016280  1.148726
19.48695564	589	-0.047165 -0.011492  1.158542
19.49215507	588	-0.047405 -0.016041  1.175062
19.49734878	586	-0.052432 -0.006464  1.185836
19.50254821	585	-0.048362 -0.008858  1.180569
19.50774383	579	-0.048841 -0.008380  1.202116
19.51293945	578	-0.056503 -0.008619  1.209538
19.51813507	576	-0.054587 -0.006943  1.222946
19.52333259	575	-0.059376 -0.005507  1.233241
19.52854728	574	-0.053869 -0.003352  1.243057
19.53375244	570	-0.059136 -0.004549  1.258619
19.53894805	566	-0.059854 0.000000  1.263647
19.54406738	566	-0.062488 -0.000718  1.282561
19.54928016	560	-0.064643 -0.000239  1.286631
19.55449295	556	-0.061770 0.008380  1.303151
19.55964469	553	-0.062967 0.002155  1.296687
19.56480407	554	-0.063446 0.007901  1.312727
19.56994819	548	-0.070389 0.005985  1.315361
19.57509994	546	-0.072304 0.003112  1.335951
19.58024406	544	-0.076614 0.009816  1.346725
19.58539199	540	-0.074219 0.006225  1.350077
19.59053993	539	-0.068952 0.011971  1.356541
19.59568786	538	-0.071107 0.016041  1.374018
19.60084724	537	-0.066558 0.016041  1.371385
19.60598754	531	-0.063446 0.016280  1.385750
19.61112403	527	-0.067995 0.012450  1.386947
19.61627960	526	-0.068234 0.009098  1.388144
19.62142753	524	-0.063446 0.010295  1.402509
19.62658309	522	-0.058179 0.001915  1.406100
19.63172340	516	-0.051235 0.010534  1.421902
19.63688087	513	-0.052911 0.005985  1.422860
19.64202880	510	-0.051954 0.008619  1.428127
19.64717292	508	-0.049320 0.011253  1.446083
19.65233230	505	-0.042616 0.004788  1.434352
19.65748786	503	-0.044053 0.009098  1.438661
19.66264343	502	-0.036152 -0.000479  1.429563
19.66784477	497	-0.039265 0.008380  1.444647
19.67300415	494	-0.033279 0.003352  1.445844
19.67816352	491	-0.033758 0.010534  1.458772
##inga 
#ido(sec)  szog(ADC)     ax(g)    ay(g)   az(g)
19.68386840	486	-0.041659 0.005028  1.456618
19.68914031	483	-0.035434 0.007422  1.457336
19.69441604	478	-0.036870 0.004549  1.443450
19.69966888	477	-0.033997 0.004549  1.461645
19.70482826	473	-0.042616 0.015562  1.464279
19.70999908	469	-0.043095 0.013647  1.460688
19.71516418	468	-0.047884 0.011971  1.456139
19.72033119	464	-0.045729 0.016759  1.455420
19.72548866	459	-0.048362 0.015802  1.458533
19.73064041	459	-0.046926 0.019872  1.462364
19.73580741	454	-0.052432 0.018435  1.451829
19.74096870	450	-0.053390 0.026097  1.451111
19.74611663	451	-0.053390 0.020111  1.435309
19.75126838	449	-0.054348 0.020111  1.434591
19.75641632	447	-0.052432 0.017477  1.439140
19.76156806	443	-0.052193 0.022026  1.433633
19.76671600	440	-0.051235 0.025139  1.430282
19.77187919	436	-0.053390 0.025139  1.422620
19.77703285	433	-0.052911 0.023942  1.424536
19.78218460	432	-0.053630 0.030885  1.409213
19.78733253	429	-0.055545 0.024899  1.399636
19.79248809	423	-0.046447 0.033518  1.398918
19.79764747	421	-0.047884 0.031603  1.397721
19.80279541	421	-0.044532 0.031124  1.375455
19.80795669	417	-0.044771 0.030406  1.382877
19.81310462	413	-0.047165 0.034237  1.376652
19.81826782	410	-0.043335 0.035673  1.370667
19.82344055	407	-0.037828 0.025857  1.363005
19.82859611	407	-0.048123 0.028012  1.349837
19.83376884	405	-0.042138 0.032321  1.338345
19.83892440	402	-0.037110 0.032082  1.327332
19.84408378	401	-0.045489 0.029688  1.322065
19.84925270	398	-0.042138 0.028970  1.314164
19.85441970	396	-0.040462 0.030885  1.302193
19.85957908	391	-0.038546 0.034237  1.296208
19.86474037	388	-0.040222 0.037110  1.271787
19.86989593	387	-0.033518 0.034955  1.261013
19.87504768	385	-0.044771 0.034955  1.267477
19.88021278	382	-0.037828 0.033997  1.253112
19.88536453	380	-0.040462 0.037828  1.240902
19.89051628	377	-0.031364 0.029688  1.233720
19.89566421	375	-0.033758 0.032800  1.227016
19.90082359	371	-0.034716 0.035434  1.201159
19.90598487	369	-0.036631 0.032082  1.191822
19.91113281	366	-0.032321 0.034955  1.194216
19.91627693	364	-0.028730 0.037349  1.175302
19.92142868	363	-0.030645 0.037110  1.162134
19.92657661	359	-0.033040 0.038307  1.160458
19.93172454	360	-0.031843 0.034237  1.137234
19.93686866	357	-0.024421 0.034237  1.130052
19.94202423	352	-0.028970 0.031603  1.122151
19.94717216	351	-0.038307 0.035434  1.099406
19.95232772	351	-0.032800 0.041898  1.091984
19.95748710	350	-0.033758 0.042377  1.086238
19.96265602	346	-0.029448 0.036391  1.073789
19.96782875	343	-0.034955 0.043813  1.066846
19.97298812	344	-0.032082 0.040701  1.049368
19.97815132	342	-0.028251 0.032561  1.037636
19.98332786	341	-0.036152 0.044771  1.034045
19.98848342	337	-0.037349 0.043335  1.015371
19.99365615	338	-0.040462 0.041419  1.017525
19.99882316	337	-0.035673 0.043574  1.005076
20.00398826	331	-0.033758 0.039504  0.989514
20.00915145	332	-0.029688 0.045729  0.977782
20.01430892	332	-0.039265 0.048123  0.963656
20.01946449	331	-0.031364 0.042377  0.969163
20.02461242	330	-0.037110 0.040222  0.960065
20.02975654	328	-0.034716 0.043335  0.950488
20.03490066	327	-0.034476 0.050278  0.931574
20.04004859	325	-0.031364 0.043813  0.934687
20.04518890	324	-0.034716 0.036870  0.916731
20.05033111	321	-0.030167 0.045968  0.911942
20.05548477	324	-0.029927 0.040701  0.906436
20.06062316	322	-0.031843 0.046208  0.903802
20.06577682	320	-0.033279 0.044053  0.896859
20.07092094	320	-0.028970 0.042856  0.884649
20.07606315	318	-0.028012 0.040701  0.871959
20.08121681	319	-0.026575 0.038786  0.879860
20.08636093	317	-0.028970 0.036152  0.865974
20.09150314	319	-0.026815 0.043813  0.852327
20.09665679	318	-0.018196 0.041659  0.860467
20.10180473	318	-0.029927 0.041180  0.853045
20.10694885	317	-0.025618 0.044053  0.843708
20.11210441	316	-0.017477 0.039743  0.830780
20.11725234	315	-0.020590 0.037589  0.840117
20.12241554	316	-0.023702 0.042138  0.839159
20.12759208	313	-0.024899 0.045489  0.825991
20.13274765	315	-0.019393 0.035673  0.835089
20.13790321	316	-0.016280 0.034716  0.827667
20.14306831	315	-0.013168 0.039983  0.826470
20.14822006	314	-0.018196 0.047884  0.820724
20.15338325	314	-0.019872 0.045489  0.823597
20.15854835	313	-0.016280 0.037110  0.825273
20.16369247	311	-0.019393 0.043335  0.826231
20.16885185	311	-0.017956 0.042138  0.824315
20.17400360	314	-0.019872 0.040462  0.819527
20.17916870	312	-0.024181 0.043095  0.828146
20.18432807	313	-0.022026 0.034955  0.829582
20.18947601	315	-0.025618 0.046686  0.826709
20.19462776	316	-0.030645 0.044771  0.821442
20.19978332	314	-0.018435 0.037589  0.844905
##inga 
#ido(sec)  szog(ADC)     ax(g)    ay(g)   az(g)
20.20546340	315	-0.022984 0.039983  0.837004
20.21071624	315	-0.030885 0.041419  0.838680
20.21599197	318	-0.028251 0.045250  0.841793
20.22126388	318	-0.033518 0.041180  0.845384
20.22640800	319	-0.028012 0.042616  0.840835
20.23155975	320	-0.036152 0.048602  0.862143
20.23670768	319	-0.028970 0.048841  0.865974
20.24185180	320	-0.033279 0.040940  0.879381
20.24699592	319	-0.031603 0.038067  0.858073
20.25215148	320	-0.034955 0.035194  0.873875
20.25730323	321	-0.037589 0.045011  0.886085
20.26245117	323	-0.034716 0.040701  0.891592
20.26759529	324	-0.034476 0.046926  0.903323
20.27273941	325	-0.033040 0.042856  0.914336
20.27788352	327	-0.037589 0.043813  0.916731
20.28303909	327	-0.034476 0.037110  0.919604
20.28818321	328	-0.029927 0.036391  0.921280
20.29331588	329	-0.036152 0.039265  0.943785
20.29847908	331	-0.028012 0.037589  0.948813
20.30364418	332	-0.020351 0.037589  0.947855
20.30881118	334	-0.033040 0.032321  0.958389
20.31397247	335	-0.031364 0.040940  0.971797
20.31913566	336	-0.027294 0.035913  0.988077
20.32429695	337	-0.027533 0.036870  0.993105
20.32944869	339	-0.023942 0.033279  0.998372
20.33461189	341	-0.024660 0.031603  1.007470
20.33977127	343	-0.034237 0.029927  1.018244
20.34493637	345	-0.027533 0.029927  1.034285
20.35009956	348	-0.028251 0.032321  1.037158
20.35525131	349	-0.027294 0.033279  1.054156
20.36041259	349	-0.025378 0.026575  1.065648
20.36556434	350	-0.036631 0.035673  1.071394
20.37071990	351	-0.022266 0.035194  1.092224
20.37587547	356	-0.035434 0.038786  1.091745
20.38103294	356	-0.037589 0.028491  1.103716
20.38618087	359	-0.030406 0.030885  1.122390
20.39133644	360	-0.040222 0.026575  1.116405
20.39649581	361	-0.036152 0.034237  1.147290
20.40164375	365	-0.041180 0.029448  1.145853
20.40678787	366	-0.037589 0.033997  1.161176
20.41194343	369	-0.040462 0.031843  1.158782
20.41710472	371	-0.043335 0.036870  1.177935
20.42224884	374	-0.044532 0.028012  1.197568
20.42740821	376	-0.045489 0.036391  1.205708
20.43256759	380	-0.045729 0.030167  1.221509
20.43771934	380	-0.043813 0.032800  1.225340
20.44286346	381	-0.052193 0.034237  1.242099
20.44802856	385	-0.052193 0.035434  1.244493
20.45319557	387	-0.053151 0.030406  1.248803
20.45836830	390	-0.048841 0.035913  1.285673
20.46352386	394	-0.046208 0.030167  1.275378
20.46869277	395	-0.052672 0.033518  1.288307
20.47385215	399	-0.048841 0.032321  1.296926
20.47901535	400	-0.044771 0.037589  1.307939
20.48418426	406	-0.043813 0.027533  1.320149
20.48935127	408	-0.043335 0.018196  1.329726
20.49451255	406	-0.046447 0.018435  1.340979
20.49967575	410	-0.041180 0.023224  1.348161
20.50483512	412	-0.045011 0.022026  1.368272
20.50999641	415	-0.046926 0.021548  1.351753
20.51514816	418	-0.046686 0.016759  1.366596
20.52030754	419	-0.045489 0.020351  1.378567
20.52545928	424	-0.046208 0.020590  1.383116
20.53060340	426	-0.044053 0.014365  1.383835
20.53576469	428	-0.047644 0.018196  1.389820
20.54091644	429	-0.047644 0.013407  1.401312
20.54607582	434	-0.045011 0.020351  1.422620
20.55123519	434	-0.043574 0.021548  1.410649
20.55638885	437	-0.049799 0.009577  1.415438
20.56154823	443	-0.046447 0.004788  1.428127
20.56669998	447	-0.051714 0.020590  1.431000
20.57184028	448	-0.043095 0.023702  1.421423
20.57698059	451	-0.046686 0.014844  1.435549
20.58213996	455	-0.051235 0.008619  1.442492
20.58729553	455	-0.044532 0.010295  1.449435
20.59245681	455	-0.044053 0.013647  1.437943
20.59761619	458	-0.045250 0.008140  1.441534
20.60277175	464	-0.041659 0.008380  1.452787
20.60791969	466	-0.039743 0.002873  1.453744
20.61308479	471	-0.047165 0.009577  1.439379
20.61823654	471	-0.046447 0.004310  1.445844
20.62339973	476	-0.053390 0.002155  1.444886
20.62855529	476	-0.051714 0.004788  1.440098
20.63369941	481	-0.050517 0.004310  1.443450
20.63885688	483	-0.053390 0.010295  1.446801
20.64400863	489	-0.057460 0.001676  1.451590
20.64915657	493	-0.052193 0.001915  1.450632
20.65431594	495	-0.056742 0.008858  1.439619
20.65947151	495	-0.059854 0.015802  1.433633
20.66461944	502	-0.063446 0.012210  1.450632
20.66976737	505	-0.065600 0.006464  1.430521
20.67492866	502	-0.064882 0.007183  1.424775
20.68008422	509	-0.067037 0.008380  1.431000
20.68522071	509	-0.065840 0.011971  1.423338
20.69036483	513	-0.068713 0.005985  1.419747
20.69551658	518	-0.074219 0.010534  1.412325
20.70066452	521	-0.070628 0.015562  1.406340
20.70580482	524	-0.062967 0.002394  1.397721
20.71095657	527	-0.070868 0.004549  1.382877
20.71611595	528	-0.068234 0.003591  1.387186
20.72126007	534	-0.070628 0.003831  1.374497
##inga 
#ido(sec)  szog(ADC)     ax(g)    ay(g)   az(g)
20.72695922	538	-0.073501 0.009098  1.372103
20.73222732	538	-0.064403 -0.002634  1.358217
20.73751258	540	-0.063206 -0.005985  1.345288
20.74278450	542	-0.061291 0.001915  1.347682
20.74794006	545	-0.063925 -0.005267  1.333796
20.75313186	550	-0.056503 -0.003112  1.325417
20.75834465	549	-0.058418 -0.007183  1.320149
20.76354408	552	-0.053869 -0.010534  1.311770
20.76873970	556	-0.054587 -0.006225  1.298841
20.77395248	558	-0.054587 -0.004549  1.294771
20.77916336	562	-0.050517 -0.015802  1.274899
20.78436851	564	-0.054348 -0.016520  1.273702
20.78955650	569	-0.043335 -0.013886  1.269632
20.79475212	570	-0.050996 -0.016999  1.255267
20.79995155	570	-0.057460 -0.018196  1.232283
20.80515289	574	-0.051714 -0.015562  1.227495
20.81034851	575	-0.056024 -0.015083  1.217679
20.81554794	578	-0.056503 -0.013168  1.200680
20.82074356	578	-0.053151 -0.017477  1.200919
20.82594490	582	-0.058179 -0.015083  1.183681
20.83114814	583	-0.054587 -0.013647  1.173865
20.83634757	587	-0.054827 -0.011492  1.155669
20.84154891	589	-0.056503 -0.018914  1.149923
20.84675979	588	-0.057221 -0.015083  1.143938
20.85195159	590	-0.061530 -0.014126  1.126461
20.85714721	593	-0.065122 -0.012210  1.127179
20.86234474	594	-0.067755 -0.017477  1.114250
20.86753273	595	-0.062249 -0.013886  1.098927
20.87273597	599	-0.063446 -0.016520  1.086238
20.87792396	602	-0.066319 -0.017956  1.076662
20.88312339	603	-0.066319 -0.013647  1.069479
20.88832855	606	-0.072783 -0.017956  1.057029
20.89353942	608	-0.071346 -0.022505  1.051283
20.89873504	609	-0.071825 -0.014604  1.034763
20.90394020	609	-0.073262 -0.011253  1.028060
20.90913200	611	-0.076135 -0.016759  1.016089
20.91434860	613	-0.068234 -0.026097  1.006991
20.91954803	615	-0.074459 -0.010056  0.999330
20.92473983	616	-0.079726 -0.004070  0.990471
20.92994308	618	-0.072783 -0.016280  0.984965
20.93514060	619	-0.065840 -0.025378  0.974191
20.94034004	619	-0.068952 -0.014604  0.963656
20.94554328	622	-0.067755 -0.020111  0.952164
20.95074081	623	-0.063446 -0.013647  0.944982
20.95593261	624	-0.067516 -0.018914  0.936123
20.96113967	625	-0.056742 -0.027054  0.932053
20.96635246	625	-0.060573 -0.016999  0.921998
20.97155570	629	-0.054827 -0.011253  0.914815
20.97677230	629	-0.059615 -0.026097  0.907393
20.98197555	628	-0.060573 -0.019632  0.910027
20.98718070	632	-0.063925 -0.024899  0.895422
20.99238395	631	-0.063446 -0.019632  0.889198
20.99758720	632	-0.061052 -0.022026  0.881776
21.00279235	633	-0.058418 -0.028730  0.880818
21.00799179	633	-0.062009 -0.023702  0.882254
21.01318740	634	-0.068234 -0.023463  0.864777
21.01838493	635	-0.053869 -0.020590  0.869326
21.02359580	634	-0.053151 -0.032800  0.865495
21.02879524	635	-0.060812 -0.032800  0.868129
21.03400039	636	-0.059615 -0.025857  0.863819
21.03920364	636	-0.062009 -0.017717  0.853524
21.04441261	635	-0.055066 -0.023463  0.861664
21.04961585	637	-0.066319 -0.021787  0.856876
21.05481910	637	-0.061530 -0.026336  0.848018
21.06002044	636	-0.056503 -0.022266  0.842990
21.06521224	637	-0.062249 -0.026575  0.857834
21.07042312	636	-0.064164 -0.025378  0.843947
21.07562065	637	-0.062967 -0.023224  0.843469
21.08082008	636	-0.062727 -0.018196  0.849694
21.08602714	637	-0.062009 -0.025378  0.848497
21.09123992	636	-0.059615 -0.024421  0.845384
21.09643936	637	-0.055784 -0.018196  0.859270
21.10164070	637	-0.063925 -0.018196  0.850651
21.10684776	636	-0.056981 -0.015802  0.854003
21.11204338	636	-0.062967 -0.021548  0.868368
21.11724853	635	-0.060094 -0.021787  0.858552
21.12244415	635	-0.061530 -0.019393  0.859510
21.12763977	633	-0.056742 -0.013168  0.867650
21.13283920	633	-0.060333 -0.017956  0.871241
21.13803672	633	-0.063925 -0.013647  0.881776
21.14323234	632	-0.062727 -0.017717  0.878903
21.14843177	629	-0.059615 -0.023224  0.898535
21.15364456	629	-0.056503 -0.015323  0.902126
21.15884780	629	-0.055066 -0.017717  0.900689
21.16405105	628	-0.065122 -0.015562  0.891352
21.16925621	628	-0.059854 -0.018675  0.904281
21.17446708	626	-0.061530 -0.010534  0.917688
21.17966461	627	-0.067995 -0.019872  0.926547
21.18485641	626	-0.058897 -0.013886  0.930377
21.19005584	624	-0.055545 -0.015802  0.936123
21.19525146	622	-0.061291 -0.009337  0.945940
21.20043563	622	-0.069192 -0.011013  0.946897
21.20562744	617	-0.059136 -0.005267  0.959107
21.21082305	619	-0.063925 -0.007661  0.963656
21.21602058	617	-0.056503 -0.012689  0.978740
21.22122383	615	-0.060812 -0.011253  0.985204
21.22642707	615	-0.060573 -0.010774  0.999330
21.23162841	612	-0.059376 -0.011971  0.998372
21.23682785	611	-0.060094 -0.016759  1.014413
21.24203109	610	-0.058179 -0.013647  1.025666
21.24722480	609	-0.060094 -0.010295  1.026623
##inga 
#ido(sec)  szog(ADC)     ax(g)    ay(g)   az(g)
21.25296783	608	-0.059136 -0.005028  1.031412
21.25823593	606	-0.057700 -0.008140  1.060142
21.26350784	603	-0.063925 -0.011731  1.067564
21.26879119	602	-0.061770 -0.012210  1.073789
21.27398872	597	-0.058657 -0.007901  1.078098
21.27918052	595	-0.065600 -0.011253  1.098209
21.28437995	590	-0.058657 -0.007183  1.108265
21.28957939	592	-0.060094 -0.010056  1.118320
21.29477119	591	-0.061770 -0.010534  1.128136
21.29997253	589	-0.054348 -0.010534  1.131728
21.30518341	588	-0.057700 -0.011253  1.148966
21.31038475	586	-0.057221 -0.009098  1.158782
21.31558799	584	-0.057221 -0.011492  1.169316
21.32078742	583	-0.060573 -0.006704  1.172429
21.32600021	578	-0.061052 -0.001437  1.190864
21.33119201	578	-0.055306 -0.004070  1.204511
21.33639526	575	-0.059615 -0.005028  1.201877
21.34158706	572	-0.057939 -0.001676  1.224382
21.34679222	570	-0.049320 0.001915  1.230368
21.35194015	568	-0.056742 0.001915  1.229889
21.35709190	568	-0.057460 -0.000958  1.253112
21.36229133	565	-0.054827 -0.005746  1.262210
21.36748313	561	-0.060094 -0.002155  1.272984
21.37267112	557	-0.054348 -0.007901  1.278970
21.37786865	554	-0.053869 0.000479  1.287110
21.38302803	550	-0.056263 0.001197  1.304108
21.38818359	547	-0.054348 -0.000958  1.316079
21.39338874	548	-0.057221 0.003352  1.326135
21.39855194	544	-0.060573 -0.002873  1.313206
21.40375518	542	-0.058657 0.002155  1.342415
21.40892028	539	-0.054108 0.006225  1.347922
21.41407585	538	-0.059615 0.005746  1.354386
21.41922760	537	-0.066319 0.013886  1.355583
21.42438888	534	-0.059136 0.011731  1.359653
21.42954063	526	-0.055066 0.012210  1.382398
21.43468856	525	-0.060573 0.014126  1.373540
21.43982887	522	-0.059136 0.010295  1.378567
21.44498825	522	-0.066319 0.003591  1.390059
21.45014381	518	-0.058418 0.016041  1.402988
21.45528411	512	-0.059615 0.011731  1.402270
21.46043205	510	-0.066079 0.019872  1.413043
21.46557998	508	-0.050278 0.007183  1.402270
21.47072410	505	-0.053390 0.012450  1.412325
21.47586822	501	-0.051714 0.009816  1.418790
21.48100852	499	-0.045011 0.010056  1.418790
21.48616409	496	-0.057939 0.007901  1.428606
21.49130821	494	-0.042856 0.011253  1.438182
21.49645996	492	-0.048362 0.014126  1.436267
21.50161170	487	-0.053390 0.016759  1.434352
21.50675201	486	-0.045968 0.010295  1.434591
21.51189231	480	-0.042616 0.004549  1.442492
21.51704406	477	-0.048362 0.015323  1.431239
21.52220726	474	-0.045729 0.015802  1.439140
21.52736854	472	-0.048123 0.007901  1.443210
21.53253173	469	-0.050278 0.017238  1.441534
21.53768348	466	-0.052193 0.016759  1.442013
21.54283905	462	-0.049320 0.020351  1.431479
21.54801177	460	-0.050278 0.017477  1.433394
21.55317115	457	-0.046208 0.022745  1.445126
21.55833625	453	-0.051714 0.013168  1.430760
21.56349182	452	-0.045489 0.026575  1.434831
21.56866073	448	-0.051235 0.019393  1.440816
21.57382011	448	-0.051235 0.027054  1.421663
21.57897949	447	-0.052432 0.023942  1.415677
21.58413505	444	-0.046686 0.025139  1.417353
21.58927917	440	-0.053390 0.035673  1.405382
21.59442329	435	-0.045250 0.026575  1.418550
21.59957695	433	-0.047884 0.028012  1.397721
21.60472488	431	-0.052193 0.027772  1.397242
21.60988044	428	-0.038067 0.024421  1.387665
21.61503601	425	-0.041659 0.028491  1.380004
21.62019157	421	-0.045968 0.021308  1.369948
21.62534713	421	-0.046686 0.023942  1.371864
21.63050460	417	-0.039504 0.027772  1.364442
21.63565254	414	-0.041659 0.033040  1.362526
21.64079284	412	-0.039265 0.030885  1.345288
21.64595222	409	-0.044292 0.025139  1.346964
21.65110778	407	-0.036631 0.021308  1.329966
21.65626335	406	-0.042138 0.026815  1.330444
21.66142082	403	-0.036152 0.033518  1.317037
21.66658020	401	-0.032800 0.023224  1.319192
21.67174720	399	-0.033518 0.027294  1.297884
21.67691993	393	-0.038786 0.033518  1.290462
21.68209266	391	-0.034955 0.029209  1.279448
21.68725585	389	-0.038786 0.029688  1.271069
21.69242858	386	-0.032082 0.024421  1.253591
21.69760322	386	-0.034237 0.034476  1.255267
21.70275688	384	-0.036631 0.028012  1.233720
21.70792388	382	-0.039504 0.031843  1.219115
21.71308326	380	-0.038786 0.032082  1.226298
21.71824455	374	-0.030645 0.038067  1.204990
21.72338867	372	-0.035913 0.036870  1.196610
21.72852706	370	-0.032321 0.039983  1.184639
21.73367691	369	-0.030885 0.033997  1.177935
21.73882865	367	-0.038067 0.040222  1.168359
21.74398422	365	-0.042377 0.034955  1.148487
21.74914360	362	-0.035434 0.032082  1.140107
21.75429153	360	-0.031843 0.032082  1.131728
21.75944709	358	-0.035434 0.035673  1.116165
21.76459693	354	-0.030885 0.035673  1.104195
21.76973915	355	-0.038067 0.040222  1.098209
##inga 
#ido(sec)  szog(ADC)     ax(g)    ay(g)   az(g)
21.77543258	352	-0.032321 0.036152  1.086717
21.78070831	352	-0.025378 0.035194  1.072831
21.78597640	350	-0.035673 0.033279  1.064212
21.79123687	348	-0.033758 0.040940  1.061818
21.79638481	344	-0.034237 0.045489  1.040988
21.80153274	344	-0.035194 0.041180  1.052002
21.80667686	343	-0.034476 0.037589  1.022314
21.81183624	342	-0.042616 0.049320  1.019920
21.81698036	340	-0.036152 0.044771  1.007230
21.82212448	337	-0.036631 0.043335  1.008188
21.82727622	337	-0.031364 0.039025  0.984965
21.83243179	335	-0.035913 0.045250  0.974430
21.83757972	334	-0.033279 0.042856  0.965093
21.84274482	332	-0.035673 0.042377  0.961262
21.84790802	332	-0.027054 0.041180  0.953601
21.85307121	331	-0.033518 0.043335  0.944742
21.85823631	327	-0.032321 0.043095  0.936842
21.86340332	328	-0.032561 0.041419  0.935645
21.86856842	326	-0.037828 0.042616  0.916252
21.87373542	325	-0.029688 0.040462  0.911703
21.87889671	323	-0.030406 0.044053  0.902844
21.88405990	324	-0.032800 0.043095  0.898535
21.88920021	324	-0.028970 0.038307  0.888479
21.89435577	324	-0.022505 0.038067  0.880339
21.89950752	322	-0.032321 0.038307  0.874832
21.90465545	321	-0.025618 0.043813  0.872678
21.90980720	321	-0.028970 0.039504  0.866453
21.91494750	318	-0.020829 0.040940  0.861186
21.92010307	318	-0.025378 0.039265  0.865016
21.92525291	320	-0.024899 0.045489  0.861664
21.93039512	319	-0.021548 0.043095  0.851130
21.93555259	320	-0.026575 0.039743  0.851130
21.94069671	319	-0.022505 0.043335  0.853285
21.94584846	319	-0.024421 0.039983  0.844426
21.95099639	317	-0.021548 0.039265  0.842032
21.95614433	319	-0.021787 0.039504  0.825752
21.96129226	317	-0.022026 0.041180  0.837723
21.96643638	316	-0.023224 0.041419  0.827428
21.97158050	318	-0.023224 0.036870  0.826709
21.97673606	315	-0.021787 0.037110  0.840596
21.98188781	316	-0.022505 0.040462  0.838920
21.98703575	318	-0.023224 0.040940  0.823597
21.99219512	319	-0.023942 0.049799  0.826709
21.99736022	318	-0.026575 0.037589  0.832695
22.00252723	319	-0.026336 0.038307  0.829343
22.00769233	317	-0.028012 0.041898  0.835807
22.01285171	317	-0.028970 0.039504  0.837004
22.01799583	320	-0.033997 0.037349  0.837962
22.02316093	319	-0.035434 0.038546  0.841553
22.02830886	317	-0.026336 0.038546  0.849694
22.03347587	318	-0.033279 0.044053  0.854003
22.03863525	319	-0.026575 0.038307  0.849694
22.04380416	320	-0.032800 0.036152  0.857355
22.04896354	320	-0.027533 0.042377  0.859989
22.05411529	321	-0.033997 0.048841  0.865495
22.05925941	323	-0.037349 0.041180  0.867889
22.06440353	322	-0.034476 0.040701  0.873157
22.06955909	324	-0.030167 0.039504  0.877466
22.07470893	325	-0.030885 0.037828  0.883930
22.07984733	326	-0.031364 0.040462  0.892789
22.08499526	328	-0.034476 0.039265  0.907393
22.09014320	328	-0.028012 0.041898  0.910266
22.09529113	329	-0.027294 0.039983  0.921519
22.10043525	330	-0.027533 0.038067  0.915773
22.10559272	331	-0.029448 0.033758  0.926547
22.11073684	330	-0.029688 0.033997  0.938757
22.11587905	334	-0.026097 0.037349  0.943306
22.12103271	333	-0.032082 0.039025  0.958389
22.12618064	335	-0.027533 0.037110  0.963178
22.13133621	335	-0.025378 0.037589  0.968205
22.13648414	340	-0.035673 0.038786  0.980176
22.14162826	340	-0.032561 0.034955  0.984007
22.14676856	341	-0.035673 0.037349  0.992626
22.15192413	343	-0.030406 0.038067  0.997175
22.15708351	344	-0.031364 0.036870  1.034045
22.16225242	347	-0.029448 0.033279  1.021595
22.16741561	349	-0.027054 0.027294  1.035721
22.17257690	350	-0.036870 0.034237  1.038355
22.17774772	352	-0.033040 0.033518  1.056550
22.18290710	350	-0.035673 0.035434  1.056550
22.18806076	356	-0.033518 0.030406  1.078816
22.19322395	357	-0.040462 0.034237  1.083365
22.19839668	358	-0.033040 0.030885  1.087914
22.20354843	358	-0.038546 0.030406  1.115687
22.20870018	361	-0.029688 0.031124  1.109941
22.21386718	364	-0.035913 0.030406  1.132685
22.21902465	365	-0.042856 0.029209  1.141544
22.22417259	368	-0.042377 0.033997  1.151360
22.22931671	370	-0.039983 0.033758  1.160937
22.23447990	372	-0.043335 0.026097  1.166204
22.23963928	376	-0.040462 0.028012  1.191343
22.24478721	379	-0.041180 0.036391  1.199244
22.24994468	380	-0.043574 0.033040  1.198286
22.25509262	381	-0.042616 0.038307  1.219115
22.26024436	384	-0.043335 0.035673  1.222946
22.26539993	387	-0.045968 0.030167  1.240184
22.27054786	389	-0.041659 0.032082  1.249042
22.27569961	392	-0.042138 0.031603  1.259337
22.28085517	395	-0.048602 0.028970  1.257661
22.28599929	396	-0.048362 0.034476  1.269393
22.29114723	397	-0.046686 0.029927  1.280406
##inga 
#ido(sec)  szog(ADC)     ax(g)    ay(g)   az(g)
22.29683113	402	-0.037589 0.022745  1.290222
22.30210876	406	-0.042138 0.015083  1.296208
22.30738449	406	-0.037110 0.023463  1.304108
22.31263923	409	-0.036870 0.024660  1.313206
22.31778717	411	-0.038546 0.023702  1.329966
22.32294845	413	-0.039504 0.016280  1.338585
22.32811164	414	-0.042616 0.015562  1.345528
22.33328056	418	-0.040940 0.017238  1.350795
22.33845138	420	-0.046447 0.019153  1.354865
22.34361267	424	-0.036152 0.016280  1.364921
22.34876823	424	-0.044292 0.015083  1.370188
22.35393142	428	-0.037828 0.012210  1.378567
22.35908317	430	-0.045011 0.019872  1.390538
22.36425209	432	-0.039025 0.013168  1.399157
22.36941146	436	-0.048362 0.008858  1.388623
22.37456893	438	-0.047165 0.012689  1.412565
22.37973594	444	-0.048123 0.020590  1.411607
22.38488388	448	-0.052193 0.021308  1.410649
22.39003181	448	-0.047405 0.014126  1.417114
22.39517974	449	-0.049559 0.010056  1.417114
22.40032768	453	-0.055066 0.011492  1.422381
22.40547943	457	-0.053630 0.019632  1.417593
22.41062736	457	-0.064643 0.016759  1.426930
22.41578483	459	-0.058657 0.022026  1.428366
22.42092704	463	-0.058418 0.012689  1.425733
22.42607688	466	-0.060094 0.020111  1.440577
22.43122863	470	-0.062249 0.014844  1.426211
22.43637275	472	-0.060812 0.016280  1.435788
22.44152450	474	-0.056024 0.014126  1.423099
22.44666862	478	-0.055545 0.010534  1.442971
22.45181274	481	-0.061291 0.009577  1.435309
22.45696449	484	-0.052193 0.000239  1.435070
22.46209907	487	-0.054348 0.002634  1.426451
22.46724319	491	-0.052911 0.001197  1.424775
22.47239685	494	-0.053630 0.012210  1.426690
22.47754859	495	-0.056742 0.005985  1.424775
22.48270416	500	-0.049320 0.005746  1.425254
22.48786354	504	-0.051714 0.001197  1.421184
22.49303245	502	-0.054348 0.006464  1.415438
22.49819946	506	-0.055784 0.000958  1.418071
22.50336456	509	-0.056263 0.001915  1.409213
22.50852775	512	-0.060333 -0.004549  1.401791
22.51373672	516	-0.062249 -0.000239  1.401551
22.51893997	520	-0.057700 -0.000718  1.392454
22.52413558	521	-0.060573 0.005028  1.390778
22.52928733	526	-0.051235 -0.003831  1.374976
22.53448486	528	-0.052911 -0.003831  1.377131
22.53968429	531	-0.063685 -0.003591  1.366836
22.54487991	534	-0.061052 -0.002634  1.348401
22.55007553	537	-0.058897 -0.002873  1.342655
22.55527687	539	-0.053390 -0.001676  1.350556
22.56047630	540	-0.059615 -0.002634  1.344331
22.56567573	541	-0.058179 -0.000958  1.320149
22.57088470	545	-0.057460 -0.006464  1.321586
22.57608413	550	-0.060094 -0.004549  1.312967
22.58127975	550	-0.063685 -0.008619  1.291180
22.58647537	552	-0.059376 -0.004788  1.289025
22.59168434	555	-0.060094 -0.009337  1.285673
22.59688377	559	-0.065361 -0.006943  1.261013
22.60208320	561	-0.057939 -0.009337  1.268196
22.60727691	564	-0.061770 -0.008619  1.256704
22.61247634	566	-0.058418 -0.006943  1.251915
22.61766815	569	-0.066558 -0.012929  1.245691
22.62286758	572	-0.065840 -0.004549  1.226776
22.62805938	573	-0.070628 -0.005985  1.209060
22.63326072	575	-0.061770 -0.004310  1.207384
22.63845634	577	-0.065361 -0.009577  1.188470
22.64365577	581	-0.069192 -0.009337  1.181287
22.64886093	581	-0.062488 -0.003591  1.178175
22.65406417	584	-0.064164 -0.004070  1.158782
22.65927124	586	-0.067755 -0.012450  1.147769
22.66446876	587	-0.069431 -0.011013  1.150642
22.66966056	590	-0.063446 -0.007661  1.121672
22.67484855	591	-0.067995 -0.013647  1.121912
22.68004798	591	-0.063206 -0.015562  1.114250
22.68523597	593	-0.070389 -0.015802  1.098688
22.69043922	593	-0.066319 -0.016520  1.092224
22.69564437	596	-0.067995 -0.014365  1.074507
22.70084762	600	-0.070389 -0.018196  1.060621
22.70605278	600	-0.065122 -0.012450  1.059424
22.71125221	603	-0.063446 -0.014365  1.051283
22.71646881	605	-0.061530 -0.017717  1.041946
22.72167587	606	-0.059136 -0.017477  1.030693
22.72687911	608	-0.067276 -0.018435  1.016328
22.73208045	608	-0.066798 -0.024181  1.027102
22.73726844	612	-0.061530 -0.021069  1.007709
22.74246025	610	-0.057221 -0.022745  0.994302
22.74765968	615	-0.058657 -0.018435  0.988556
22.75285911	617	-0.051714 -0.011971  0.982092
22.75805282	618	-0.063925 -0.028251  0.968445
22.76325225	618	-0.053390 -0.028730  0.955756
22.76845932	619	-0.058418 -0.020351  0.951207
22.77366065	621	-0.060333 -0.022026  0.945700
22.77886390	622	-0.056503 -0.032321  0.936363
22.78407287	624	-0.059136 -0.020829  0.922237
22.78928375	624	-0.058179 -0.021308  0.927504
22.79447937	623	-0.061291 -0.030406  0.920082
22.79968070	626	-0.061291 -0.025378  0.903802
22.80488777	627	-0.056742 -0.025139  0.904041
22.81008338	626	-0.064164 -0.022266  0.903084
22.81528472	629	-0.060573 -0.022984  0.894465
##inga 
#ido(sec)  szog(ADC)     ax(g)    ay(g)   az(g)
22.82102012	630	-0.057221 -0.024181  0.884888
22.82629585	630	-0.062727 -0.022026  0.876030
22.83156394	630	-0.059615 -0.026097  0.887282
22.83683586	631	-0.063446 -0.024899  0.880578
22.84202766	631	-0.067995 -0.024899  0.869805
22.84723281	631	-0.062249 -0.020351  0.862143
22.85243988	631	-0.065600 -0.020111  0.870523
22.85764312	631	-0.058897 -0.018675  0.860946
22.86285591	631	-0.072544 -0.017956  0.859270
22.86805152	632	-0.067276 -0.019393  0.862862
22.87326431	631	-0.069910 -0.016280  0.852088
22.87847137	633	-0.069431 -0.021787  0.857115
22.88366889	631	-0.070149 -0.015323  0.858073
22.88886833	634	-0.069192 -0.019872  0.851609
22.89407157	633	-0.069431 -0.017238  0.853764
22.89928054	632	-0.066558 -0.022745  0.846102
22.90448379	633	-0.065122 -0.024181  0.855918
22.90968322	634	-0.067995 -0.009816  0.855200
22.91489219	631	-0.062967 -0.017956  0.863340
22.92008781	633	-0.063446 -0.016759  0.863340
22.92528343	632	-0.061530 -0.023942  0.863340
22.93049240	631	-0.058657 -0.014365  0.869326
22.93569564	631	-0.058179 -0.012210  0.862622
22.94090461	631	-0.059854 -0.016280  0.866692
22.94610786	629	-0.056981 -0.015083  0.881057
22.95129966	629	-0.058179 -0.015802  0.875551
22.95649909	630	-0.060094 -0.012929  0.874354
22.96170425	628	-0.055545 -0.025618  0.882733
22.96689987	627	-0.060333 -0.022745  0.894465
22.97209548	629	-0.060333 -0.014126  0.895901
22.97730064	627	-0.052432 -0.014844  0.903563
22.98251152	627	-0.054108 -0.016999  0.908590
22.98771286	623	-0.057221 -0.015562  0.915294
22.99291229	625	-0.058418 -0.017238  0.925110
22.99810791	623	-0.054587 -0.015323  0.926786
23.00331687	621	-0.054108 -0.016280  0.934447
23.00851631	621	-0.056503 -0.018435  0.938757
23.01371955	619	-0.050757 -0.019393  0.952643
23.01891517	618	-0.056981 -0.014365  0.951686
23.02412796	617	-0.060573 -0.020351  0.966290
23.02932357	615	-0.056742 -0.012929  0.975627
23.03452491	615	-0.057939 -0.008380  0.983289
23.03972434	613	-0.057221 -0.013886  0.989274
23.04493522	611	-0.058418 -0.010774  0.988077
23.05014419	610	-0.054827 -0.014126  0.994781
23.05534362	609	-0.066798 -0.009816  1.014652
23.06055641	607	-0.060094 -0.006943  1.019680
23.06575584	604	-0.060812 -0.007422  1.026863
23.07094764	604	-0.065600 -0.012210  1.039312
23.07613945	603	-0.059136 -0.008380  1.057748
23.08134078	599	-0.059854 -0.010295  1.056550
23.08653640	595	-0.055784 -0.006464  1.078577
23.09173202	592	-0.058657 -0.011971  1.073789
23.09693145	592	-0.064882 -0.011253  1.084802
23.10212326	592	-0.064164 -0.008140  1.101322
23.10731506	588	-0.062009 -0.007422  1.106589
23.11252403	589	-0.059136 -0.006704  1.116644
23.11773109	588	-0.059615 -0.004070  1.128855
23.12294006	585	-0.058657 -0.006464  1.138910
23.12813568	586	-0.058897 -0.004070  1.145375
23.13334465	582	-0.053869 -0.006464  1.165246
23.13854026	579	-0.058179 0.000000  1.168837
23.14365959	579	-0.053390 -0.011731  1.184878
23.14886093	573	-0.056742 -0.003591  1.193737
23.15406036	575	-0.059376 -0.007183  1.193976
23.15925598	573	-0.057460 -0.003831  1.211454
23.16446495	570	-0.056742 -0.008619  1.219594
23.16966056	568	-0.058657 -0.005507  1.232283
23.17486000	562	-0.060094 -0.002155  1.245930
23.18005561	560	-0.064164 -0.003352  1.247366
23.18526458	559	-0.060573 0.000718  1.252155
23.19042778	556	-0.059615 -0.004070  1.270351
23.19562339	554	-0.050996 0.000718  1.286631
23.20078086	549	-0.053390 0.002634  1.288067
23.20593643	549	-0.054108 -0.002634  1.294292
23.21114730	545	-0.054348 0.007183  1.300517
23.21629524	543	-0.055784 -0.001676  1.310812
23.22149658	538	-0.057939 0.008140  1.317755
23.22664451	538	-0.057939 0.005746  1.328768
23.23178863	538	-0.056503 -0.001676  1.338345
23.23698043	534	-0.060573 0.007901  1.347922
23.24213600	531	-0.064403 0.009098  1.351753
23.24728012	525	-0.061770 0.011492  1.361569
23.25243568	525	-0.057700 0.003352  1.366596
23.25758361	524	-0.055306 0.005746  1.371624
23.26272392	521	-0.056981 0.011013  1.377610
23.26786804	518	-0.052432 0.016520  1.377370
23.27301216	512	-0.056742 0.005507  1.386708
23.27816390	510	-0.055784 0.010295  1.391496
23.28332328	508	-0.056263 0.013407  1.395805
23.28847122	504	-0.057460 0.015083  1.402270
23.29361534	503	-0.053151 0.014844  1.407058
23.29877281	500	-0.049799 0.015562  1.397481
23.30392837	497	-0.049559 0.012450  1.412325
23.30909156	495	-0.050996 0.010295  1.408973
23.31425285	492	-0.048602 0.013886  1.413283
23.31941223	489	-0.049559 0.012210  1.415198
23.32456779	484	-0.046926 0.011492  1.418311
23.32972717	478	-0.047884 0.006464  1.420705
23.33489608	478	-0.041659 0.017238  1.425493
23.34006309	473	-0.042616 0.015323  1.419987
##inga 
#ido(sec)  szog(ADC)     ax(g)    ay(g)   az(g)
23.34577178	471	-0.048602 0.018196  1.428127
23.35104370	471	-0.050517 0.013407  1.418550
23.35631179	466	-0.046208 0.025139  1.423099
23.36157226	465	-0.043813 0.023224  1.422620
23.36673927	458	-0.051954 0.009577  1.422620
23.37190437	455	-0.043813 0.020351  1.414719
23.37705993	453	-0.049559 0.017717  1.413043
23.38221168	452	-0.043095 0.023463  1.410889
23.38737106	448	-0.048123 0.016520  1.414719
23.39251518	449	-0.045250 0.016041  1.400594
23.39766883	447	-0.049320 0.022026  1.402270
23.40282440	445	-0.045968 0.020351  1.395805
23.40797233	440	-0.043813 0.023702  1.405622
23.41311645	433	-0.047165 0.021069  1.388144
23.41827583	434	-0.045250 0.028730  1.385750
23.42341995	432	-0.046686 0.026815  1.372821
23.42857170	429	-0.041419 0.031603  1.369230
23.43371582	426	-0.039504 0.025139  1.372103
23.43887138	423	-0.046686 0.026097  1.359175
23.44402885	421	-0.041180 0.029448  1.361808
23.44918441	416	-0.040940 0.027772  1.354147
23.45433235	416	-0.045489 0.026336  1.346246
23.45948791	412	-0.043574 0.024421  1.337866
23.46464347	411	-0.043095 0.030406  1.326614
23.46978759	409	-0.039743 0.026336  1.318713
23.47495651	407	-0.044771 0.026097  1.311530
23.48012733	403	-0.043095 0.026575  1.294292
23.48529243	402	-0.043335 0.024181  1.295729
23.49045562	401	-0.038546 0.029688  1.279448
23.49561119	396	-0.040701 0.035194  1.273224
23.50077247	395	-0.038307 0.036391  1.261971
23.50593566	392	-0.038307 0.031603  1.263168
23.51110839	387	-0.045250 0.030645  1.251676
23.51626777	387	-0.041180 0.037589  1.238508
23.52143287	385	-0.044771 0.035673  1.227255
23.52659606	382	-0.037589 0.039265  1.209299
23.53175926	381	-0.043813 0.034955  1.210975
23.53692054	379	-0.040701 0.037828  1.204990
23.54206848	373	-0.037349 0.036152  1.191103
23.54723167	372	-0.040940 0.031124  1.171950
23.55236816	370	-0.038546 0.032561  1.169316
23.55752754	368	-0.037589 0.038546  1.157824
23.56267547	367	-0.031124 0.038307  1.152318
23.56783294	364	-0.037828 0.034237  1.131249
23.57298088	360	-0.028970 0.033758  1.133643
23.57812309	358	-0.027054 0.036870  1.110659
23.58326721	359	-0.031843 0.037589  1.107068
23.58843231	357	-0.027533 0.034237  1.095336
23.59358024	355	-0.029927 0.032082  1.100843
23.59872436	354	-0.031603 0.031124  1.069479
23.60386848	350	-0.029448 0.045011  1.061339
23.60902023	350	-0.029209 0.033518  1.050804
23.61417961	349	-0.027294 0.038067  1.046495
23.61934089	346	-0.024660 0.036152  1.029736
23.62450408	343	-0.024181 0.042138  1.024947
23.62967681	344	-0.032800 0.045489  1.013695
23.63484382	340	-0.029209 0.039504  1.007230
23.63999938	341	-0.033518 0.037828  0.998133
23.64516448	339	-0.035194 0.040222  0.984007
23.65032768	337	-0.032800 0.034237  0.971318
23.65549278	338	-0.032561 0.038307  0.973233
23.66063690	336	-0.029927 0.033997  0.959107
23.66579627	334	-0.031603 0.048362  0.951446
23.67094802	333	-0.027533 0.047884  0.941630
23.67609214	333	-0.029209 0.042377  0.936363
23.68124389	331	-0.030645 0.040462  0.931814
23.68639945	331	-0.030406 0.041180  0.926307
23.69154357	330	-0.026575 0.048841  0.913858
23.69669151	328	-0.034716 0.048362  0.912900
23.70183563	327	-0.033758 0.041180  0.914576
23.70697975	323	-0.027772 0.038546  0.894944
23.71213150	325	-0.032800 0.045250  0.900450
23.71726799	325	-0.028012 0.040701  0.889916
23.72241973	324	-0.032321 0.042138  0.880818
23.72757530	321	-0.028012 0.040222  0.884170
23.73271942	323	-0.032800 0.042377  0.856637
23.73786735	322	-0.024660 0.045011  0.869805
23.74303245	323	-0.032082 0.050757  0.858313
23.74818038	322	-0.025139 0.040222  0.866213
23.75333595	321	-0.027533 0.040222  0.854242
23.75848388	321	-0.026097 0.042856  0.864538
23.76363563	319	-0.031603 0.041180  0.854003
23.76877975	321	-0.030406 0.042856  0.849694
23.77393913	321	-0.025139 0.038546  0.848975
23.77910423	320	-0.022984 0.044771  0.843708
23.78426742	318	-0.022026 0.043335  0.843469
23.78943634	320	-0.027533 0.041180  0.840117
23.79459190	319	-0.017238 0.034955  0.839638
23.79976463	318	-0.015802 0.038546  0.834610
23.80492401	320	-0.026815 0.037828  0.837962
23.81008720	320	-0.023463 0.045011  0.837962
23.81525611	318	-0.020111 0.038786  0.844666
23.82042312	319	-0.018435 0.035673  0.839638
23.82558059	320	-0.021069 0.038786  0.837723
23.83072853	321	-0.019393 0.042377  0.850172
23.83588409	321	-0.027533 0.035913  0.845384
23.84102821	321	-0.026815 0.039743  0.851609
23.84617614	320	-0.024181 0.032800  0.855918
23.85131645	319	-0.030167 0.042138  0.853045
23.85647583	323	-0.028970 0.037828  0.858791
23.86161994	324	-0.028970 0.033518  0.866213
##inga 
#ido(sec)  szog(ADC)     ax(g)    ay(g)   az(g)
23.86729621	322	-0.030406 0.036870  0.874114
23.87257575	326	-0.032561 0.038546  0.873635
23.87785148	327	-0.032082 0.037589  0.873396
23.88311195	328	-0.028730 0.039504  0.878424
23.88825607	328	-0.028491 0.039983  0.892310
23.89340400	328	-0.034476 0.039025  0.896380
23.89854431	327	-0.028730 0.044292  0.895422
23.90368843	328	-0.035434 0.033040  0.914815
23.90882873	330	-0.031843 0.041419  0.914336
23.91397285	333	-0.034476 0.047165  0.905717
23.91911506	334	-0.034237 0.043335  0.920082
23.92427253	335	-0.035434 0.035913  0.933011
23.92942047	333	-0.032561 0.037349  0.947855
23.93456459	335	-0.036391 0.039504  0.950728
23.93972015	338	-0.033518 0.039504  0.949770
23.94486045	340	-0.033279 0.037589  0.972994
23.95001602	341	-0.036391 0.037828  0.978740
23.95514869	342	-0.034716 0.038786  0.973951
23.96030426	344	-0.040701 0.040940  0.999330
23.96544837	345	-0.030885 0.035913  0.998851
23.97061157	345	-0.039025 0.035434  1.007709
23.97578048	348	-0.038546 0.033518  1.021356
23.98093986	350	-0.036631 0.036391  1.019920
23.98610305	350	-0.030167 0.035913  1.028060
23.99126052	352	-0.028491 0.031364  1.047213
23.99643135	354	-0.031843 0.033758  1.054875
24.00160408	357	-0.034716 0.038307  1.062057
24.00675964	358	-0.029927 0.035673  1.077380
24.01192474	359	-0.032800 0.028970  1.086478
24.01707267	359	-0.032082 0.025857  1.093181
24.02222442	359	-0.023702 0.033279  1.106828
24.02736854	364	-0.033279 0.029688  1.109941
24.03252792	366	-0.037828 0.033518  1.125024
24.03767585	369	-0.031843 0.033279  1.142501
24.04283142	369	-0.033279 0.033518  1.148726
24.04797554	372	-0.030167 0.028970  1.153036
24.05312347	376	-0.037349 0.026575  1.167161
24.05826759	377	-0.036391 0.027294  1.177696
24.06342315	381	-0.043095 0.033758  1.188230
24.06857109	379	-0.040222 0.029688  1.200680
24.07372474	385	-0.037349 0.025857  1.217439
24.07886886	388	-0.040940 0.028491  1.213848
24.08402824	389	-0.038307 0.027054  1.223664
24.08917236	391	-0.042856 0.026815  1.235635
24.09431648	394	-0.040701 0.031124  1.250479
24.09946060	397	-0.038786 0.028012  1.248803
24.10461235	399	-0.042138 0.026575  1.258380
24.10975646	402	-0.034955 0.032082  1.270351
24.11491203	406	-0.044053 0.025857  1.279448
24.12006759	407	-0.042616 0.023224  1.294053
24.12524032	408	-0.043574 0.022026  1.304108
24.13040351	410	-0.051714 0.023224  1.311530
24.13556480	411	-0.044053 0.029688  1.321107
24.14073562	415	-0.046686 0.019632  1.319910
24.14589118	417	-0.049559 0.018914  1.325895
24.15105247	420	-0.046686 0.022745  1.331642
24.15622711	420	-0.054108 0.025857  1.351274
24.16138839	424	-0.051954 0.024660  1.362287
24.16655158	425	-0.046926 0.019153  1.363005
24.17169952	427	-0.055545 0.015083  1.359893
24.17685127	434	-0.051475 0.017956  1.364442
24.18200492	435	-0.052193 0.019153  1.383835
24.18716049	437	-0.053390 0.020829  1.378089
24.19230842	440	-0.055306 0.017956  1.391975
24.19746017	444	-0.050996 0.020111  1.387426
24.20261573	448	-0.056024 0.020111  1.394848
24.20777511	450	-0.048123 0.016759  1.396763
24.21293258	452	-0.058418 0.017477  1.400354
24.21808433	453	-0.062488 0.013168  1.400594
24.22323226	456	-0.052911 0.014126  1.402988
24.22837638	458	-0.052911 0.011971  1.412565
24.23352050	461	-0.045250 0.013168  1.411846
24.23866462	463	-0.049799 0.010295  1.425972
24.24382019	465	-0.046686 0.005746  1.421184
24.24897193	469	-0.050996 0.012210  1.415917
24.25411987	471	-0.047165 0.010534  1.417353
24.25926780	475	-0.055306 0.006943  1.403706
24.26440811	477	-0.049559 0.011253  1.422141
24.26957130	478	-0.052911 0.008380  1.418550
24.27471923	483	-0.053630 0.010774  1.419268
24.27988433	487	-0.048602 0.006464  1.416395
24.28504371	490	-0.053151 0.005028  1.408734
24.29019546	493	-0.047405 0.005028  1.398918
24.29534339	496	-0.050517 0.009577  1.404185
24.30050849	499	-0.055306 0.002155  1.407776
24.30566787	501	-0.050996 0.005028  1.404903
24.31081962	503	-0.056742 0.004310  1.402988
24.31598091	504	-0.058418 0.003352  1.387426
24.32114791	508	-0.053630 0.000958  1.382398
24.32629966	509	-0.058897 -0.002634  1.382637
24.33149528	515	-0.067276 0.004070  1.387186
24.33665657	519	-0.061052 0.002634  1.368512
24.34180831	523	-0.057221 0.002634  1.376652
24.34695625	525	-0.061530 0.004549  1.366357
24.35210418	527	-0.063925 -0.000239  1.358456
24.35729980	529	-0.064882 -0.001437  1.358217
24.36249923	532	-0.067276 0.006464  1.348880
24.36764335	535	-0.067755 -0.001915  1.344091
24.37284469	537	-0.062488 -0.001437  1.324938
24.37804031	538	-0.065122 0.009098  1.326374
24.38318061	540	-0.071346 -0.003831  1.316798
##inga 
#ido(sec)  szog(ADC)     ax(g)    ay(g)   az(g)
24.38891601	542	-0.062488 -0.002873  1.300278
24.39418411	548	-0.063206 -0.004310  1.286870
24.39945602	547	-0.063925 -0.002394  1.287828
24.40471649	551	-0.061530 -0.007183  1.278730
24.40991592	550	-0.060812 -0.004310  1.269393
24.41511535	557	-0.058657 -0.007901  1.249761
24.42032051	561	-0.060333 -0.006943  1.244493
24.42553138	562	-0.058179 -0.010534  1.239944
24.43073654	565	-0.064643 -0.011731  1.227495
24.43593978	568	-0.057700 -0.007422  1.222228
24.44113922	569	-0.061052 -0.013647  1.209060
24.44633293	572	-0.066079 -0.005028  1.210496
24.45153236	575	-0.056503 -0.011731  1.195173
24.45673179	575	-0.057700 -0.012929  1.178654
24.46193122	577	-0.060094 -0.010056  1.176020
24.46712493	581	-0.058179 -0.011253  1.170274
24.47233200	582	-0.054108 -0.018435  1.153993
24.47754478	582	-0.062009 -0.015323  1.148008
24.48273658	587	-0.062727 -0.011013  1.134601
24.48794364	586	-0.054108 -0.018435  1.116165
24.49315261	590	-0.056263 -0.014365  1.118320
24.49835205	588	-0.062967 -0.018196  1.102040
24.50354385	590	-0.063206 -0.012929  1.089590
24.50872802	591	-0.056742 -0.011971  1.087196
24.51392364	593	-0.056263 -0.022266  1.078577
24.51912307	594	-0.062009 -0.025378  1.065888
24.52432823	598	-0.063925 -0.016280  1.058226
24.52952766	602	-0.057700 -0.015323  1.052241
24.53471565	602	-0.056742 -0.016041  1.033566
24.53990745	601	-0.069910 -0.024899  1.036200
24.54511260	606	-0.066079 -0.014365  1.028778
24.55031585	607	-0.064403 -0.020111  1.006752
24.55551147	609	-0.063925 -0.013407  1.007709
24.56072425	609	-0.069431 -0.020829  0.996217
24.56593513	610	-0.065600 -0.016759  0.991429
24.57112884	612	-0.065840 -0.012210  0.974191
24.57632446	615	-0.066558 -0.014844  0.966529
24.58152389	615	-0.065840 -0.017717  0.967008
24.58672714	618	-0.070149 -0.017238  0.956474
24.59192466	618	-0.070868 -0.014604  0.954319
24.59711647	616	-0.070628 -0.022505  0.944024
24.60231971	620	-0.067755 -0.019153  0.932293
24.60751914	621	-0.067276 -0.019393  0.930856
24.61272430	622	-0.062488 -0.014844  0.922477
24.61792755	622	-0.065361 -0.019632  0.915773
24.62312316	621	-0.070868 -0.022745  0.909309
24.62833213	624	-0.063446 -0.023224  0.907633
24.63354492	625	-0.064403 -0.016280  0.896380
24.63874053	626	-0.060573 -0.022266  0.890873
24.64393615	625	-0.064403 -0.018196  0.889198
24.64913940	628	-0.062967 -0.024421  0.889676
24.65434455	627	-0.062249 -0.024660  0.881776
24.65954780	628	-0.060573 -0.021548  0.883691
24.66475105	629	-0.059615 -0.018196  0.877466
24.66995239	629	-0.060333 -0.023463  0.876030
24.67516326	630	-0.064403 -0.019153  0.872199
24.68036842	630	-0.055306 -0.023942  0.873635
24.68556785	630	-0.068473 -0.023942  0.861425
24.69077682	628	-0.065361 -0.020590  0.865495
24.69598388	630	-0.065122 -0.022984  0.860467
24.70118331	631	-0.060333 -0.020111  0.868608
24.70638847	630	-0.063685 -0.025857  0.869086
24.71159172	631	-0.066798 -0.026336  0.861186
24.71678733	628	-0.062488 -0.024421  0.864298
24.72198867	630	-0.057221 -0.030406  0.863340
24.72718429	631	-0.053390 -0.026336  0.864538
24.73238754	631	-0.053151 -0.019872  0.871720
24.73758316	630	-0.058657 -0.021548  0.872917
24.74279212	630	-0.061530 -0.018435  0.868847
24.74799919	630	-0.059376 -0.018196  0.878663
24.75321197	629	-0.059615 -0.019872  0.880339
24.75841522	628	-0.059136 -0.017238  0.878663
24.76362037	628	-0.058418 -0.016280  0.887043
24.76882362	629	-0.061291 -0.015802  0.888000
24.77401924	627	-0.063685 -0.009577  0.885846
24.77922058	626	-0.058657 -0.013647  0.890155
24.78441238	626	-0.059136 -0.014126  0.900211
24.78961181	625	-0.068713 -0.016280  0.902365
24.79481124	623	-0.064403 -0.017717  0.899971
24.80001258	623	-0.057460 -0.014604  0.918885
24.80521583	621	-0.070389 -0.011492  0.918406
24.81041526	618	-0.065361 -0.011492  0.924152
24.81562423	619	-0.060094 -0.019393  0.927504
24.82082366	618	-0.058179 -0.018435  0.941869
24.82602310	615	-0.062727 -0.011731  0.948094
24.83121681	617	-0.063446 -0.005985  0.949291
24.83641242	616	-0.066319 -0.013168  0.965572
24.84160423	612	-0.062009 -0.013647  0.972515
24.84680366	611	-0.062727 -0.011731  0.973233
24.85199928	611	-0.058657 -0.011731  0.980176
24.85719680	609	-0.064882 -0.010774  0.996217
24.86239624	609	-0.062009 -0.014365  1.003160
24.86758041	607	-0.058897 -0.009577  1.000527
24.87277603	603	-0.061530 -0.009577  1.015610
24.87797546	603	-0.058897 -0.007901  1.024708
24.88318443	603	-0.064403 -0.016041  1.026623
24.88838386	597	-0.056742 -0.004310  1.048171
24.89359664	595	-0.065122 -0.009577  1.056072
24.89878845	592	-0.055066 -0.009337  1.055832
24.90398025	590	-0.061052 -0.008858  1.072352
24.90917968	591	-0.061530 -0.011253  1.081210
##inga 
#ido(sec)  szog(ADC)     ax(g)    ay(g)   az(g)
24.91491127	588	-0.058657 -0.006704  1.082168
24.92019653	590	-0.054587 -0.010056  1.090069
24.92545509	589	-0.053151 -0.003591  1.113293
24.93072891	587	-0.055784 -0.008140  1.119996
24.93592453	586	-0.057700 -0.010056  1.123109
24.94112396	582	-0.058657 -0.006225  1.149684
24.94631576	581	-0.059136 -0.001437  1.143938
24.95151519	578	-0.060573 -0.013168  1.165486
24.95671653	578	-0.055784 -0.002155  1.171232
24.96191596	576	-0.050996 0.000718  1.172908
24.96707916	575	-0.053869 -0.000718  1.187273
24.97228050	572	-0.056503 -0.005028  1.198765
24.97749137	570	-0.049559 -0.003831  1.209778
24.98270416	567	-0.057460 -0.011731  1.214327
24.98789596	565	-0.063206 0.006225  1.223664
24.99304008	560	-0.057939 -0.004070  1.230128
24.99823188	556	-0.057939 -0.004310  1.241142
25.00342750	556	-0.053151 0.001676  1.248324
25.00858879	554	-0.054827 0.005028  1.257901
25.01372718	550	-0.056981 -0.004549  1.277533
25.01893234	547	-0.052911 -0.000479  1.284716
25.02412414	547	-0.060812 0.000479  1.292856
25.02926826	543	-0.059376 0.002155  1.283279
25.03442764	541	-0.051714 0.006704  1.301714
25.03957939	539	-0.058179 0.002873  1.317755
25.04473114	538	-0.064882 0.013168  1.312249
25.04989242	536	-0.058179 0.005746  1.328529
25.05504798	531	-0.062488 0.009098  1.334036
25.06019973	525	-0.069192 0.006943  1.346007
25.06535530	526	-0.062727 0.007422  1.341458
25.07052040	524	-0.060333 0.009816  1.354386
25.07566452	520	-0.057221 0.014844  1.359893
25.08082389	518	-0.062009 0.010056  1.362766
25.08596801	514	-0.057460 0.006225  1.351753
25.09112739	508	-0.051954 0.010534  1.371145
25.09629249	508	-0.056503 0.003352  1.377849
25.10144042	503	-0.055784 0.010534  1.385510
25.10658454	502	-0.049799 0.013407  1.391017
25.11174011	501	-0.055784 0.001915  1.395327
25.11689186	499	-0.053390 0.010295  1.389102
25.12204360	495	-0.050996 0.014126  1.405622
25.12719154	493	-0.052911 0.012450  1.390538
25.13233566	490	-0.045968 0.010774  1.398678
25.13749122	484	-0.044292 0.009337  1.399876
25.14263916	483	-0.043095 0.013407  1.403706
25.14777946	478	-0.047884 0.008380  1.407058
25.15293121	474	-0.043574 0.007183  1.411607
25.15809249	472	-0.053630 0.012689  1.408734
25.16324424	472	-0.049799 0.022984  1.399397
25.16840362	468	-0.043574 0.016520  1.410410
25.17355155	465	-0.045968 0.016759  1.408495
25.17869949	462	-0.050517 0.015562  1.407537
25.18383979	460	-0.052672 0.014604  1.404664
25.18898773	456	-0.052672 0.016759  1.400354
25.19414710	453	-0.050278 0.020111  1.393890
25.19930076	452	-0.049081 0.017717  1.398439
25.20445632	448	-0.049559 0.017956  1.390059
25.20961189	449	-0.045729 0.025378  1.385510
25.21477127	446	-0.050757 0.025857  1.384792
25.21993637	442	-0.050517 0.019153  1.380962
25.22509956	440	-0.047644 0.017956  1.378567
25.23026466	436	-0.047165 0.028251  1.376173
25.23542404	433	-0.045489 0.024181  1.375455
25.24059104	431	-0.049320 0.026097  1.358935
25.24575614	431	-0.045729 0.023702  1.347682
25.25090789	426	-0.048841 0.021548  1.345288
25.25606727	424	-0.046447 0.024660  1.350077
25.26122093	422	-0.045011 0.032082  1.337627
25.26638031	420	-0.045968 0.031124  1.341697
25.27153968	416	-0.041419 0.028491  1.329247
25.27670478	411	-0.039743 0.030406  1.323741
25.28184890	411	-0.044532 0.031843  1.311291
25.28699111	409	-0.041180 0.032800  1.315840
25.29214477	406	-0.042616 0.034955  1.294771
25.29729270	405	-0.039025 0.028012  1.293335
25.30243682	403	-0.039504 0.028730  1.285673
25.30759239	401	-0.039025 0.032082  1.266759
25.31275177	400	-0.039983 0.032561  1.267477
25.31789970	395	-0.034716 0.032800  1.266041
25.32304763	391	-0.030406 0.032800  1.247127
25.32818031	391	-0.034955 0.022984  1.233959
25.33333587	387	-0.030406 0.028970  1.229410
25.33847999	386	-0.032082 0.028970  1.224382
25.34363174	385	-0.032082 0.036631  1.205708
25.34879112	383	-0.035913 0.036391  1.195173
25.35393142	379	-0.029688 0.026336  1.199244
25.35909271	378	-0.034476 0.033997  1.176738
25.36425209	376	-0.031124 0.033040  1.178414
25.36941909	372	-0.038307 0.037589  1.161655
25.37458801	370	-0.033758 0.030406  1.156867
25.37975692	368	-0.034237 0.037589  1.126700
25.38491630	367	-0.029927 0.035673  1.127418
25.39008331	365	-0.032561 0.035673  1.114729
25.39524459	362	-0.023942 0.041419  1.108025
25.40040397	359	-0.030167 0.035673  1.107068
25.40557289	359	-0.038067 0.034476  1.086478
25.41073226	358	-0.034955 0.036870  1.075464
25.41588401	355	-0.032321 0.037349  1.071155
25.42103958	354	-0.032800 0.035913  1.064451
25.42619132	353	-0.033997 0.036152  1.051523
25.43135261	352	-0.039265 0.034476  1.044340
##inga 
#ido(sec)  szog(ADC)     ax(g)    ay(g)   az(g)
25.43702316	349	-0.034716 0.041180  1.038594
25.44229125	347	-0.038307 0.038786  1.016328
25.44758033	343	-0.033040 0.034237  1.012019
25.45283508	344	-0.034476 0.040222  1.005794
25.45798873	343	-0.035194 0.044053  0.999569
25.46313285	340	-0.035434 0.044292  0.985204
25.46828460	340	-0.033758 0.041419  0.981373
25.47344017	340	-0.035194 0.042616  0.966290
25.47858428	339	-0.036391 0.036631  0.961023
25.48372840	337	-0.032561 0.046686  0.965093
25.48887634	336	-0.034955 0.043813  0.948094
25.49403190	332	-0.035673 0.039983  0.942827
25.49918365	332	-0.034955 0.040462  0.944264
25.50434494	332	-0.029688 0.040222  0.916491
25.50949287	331	-0.031364 0.035194  0.915533
25.51464080	331	-0.036391 0.046447  0.920561
25.51978492	329	-0.025139 0.042856  0.909787
25.52493286	330	-0.025139 0.039504  0.902844
25.53008460	327	-0.031124 0.038786  0.891592
25.53525543	327	-0.027533 0.039743  0.890155
25.54041290	326	-0.028730 0.041419  0.884649
25.54558753	325	-0.022745 0.038307  0.877227
25.55075645	323	-0.022266 0.042138  0.875790
25.55592346	325	-0.022026 0.036391  0.873396
25.56109619	324	-0.025618 0.035673  0.879142
25.56625175	324	-0.022266 0.035194  0.862862
25.57142066	324	-0.029448 0.038546  0.857355
25.57658386	322	-0.023702 0.041180  0.869565
25.58172798	323	-0.019872 0.035673  0.855918
25.58689117	321	-0.022505 0.041180  0.845863
25.59204864	323	-0.021787 0.047405  0.855918
25.59720039	323	-0.024181 0.041898  0.859270
25.60234069	324	-0.022266 0.034955  0.854003
25.60749626	321	-0.023942 0.039504  0.843708
25.61264801	323	-0.025378 0.035913  0.851369
25.61780738	322	-0.029209 0.035673  0.850172
25.62295532	321	-0.024899 0.037110  0.852088
25.62811279	323	-0.033040 0.036870  0.846581
25.63326072	323	-0.028012 0.038067  0.847778
25.63840484	321	-0.033279 0.039265  0.850891
25.64356803	323	-0.033279 0.040462  0.854482
25.64871597	322	-0.034237 0.040222  0.867650
25.65385627	324	-0.029927 0.048123  0.857355
25.65900421	325	-0.031843 0.042856  0.859749
25.66414833	323	-0.031603 0.043095  0.858313
25.66930007	326	-0.033518 0.041419  0.866453
25.67444419	326	-0.033997 0.040222  0.872917
25.67959976	325	-0.041180 0.041898  0.866692
25.68475914	326	-0.034716 0.042138  0.875311
25.68991661	329	-0.029927 0.036870  0.878903
25.69507980	328	-0.035913 0.039025  0.890395
25.70023536	328	-0.037349 0.041419  0.894225
25.70540046	331	-0.032800 0.037828  0.896380
25.71054840	333	-0.034716 0.038067  0.899014
25.71571159	331	-0.035194 0.040701  0.912421
25.72087287	331	-0.031124 0.035913  0.910266
25.72602844	335	-0.032321 0.037589  0.917928
25.73119544	335	-0.032321 0.038067  0.925110
25.73633956	337	-0.037589 0.036631  0.935405
25.74149513	338	-0.029209 0.039025  0.937320
25.74663925	337	-0.033758 0.037110  0.942348
25.75178718	340	-0.027772 0.038307  0.952883
25.75693130	339	-0.026815 0.034955  0.961981
25.76208877	342	-0.030406 0.040940  0.980894
25.76723289	344	-0.029688 0.033040  0.977064
25.77236366	345	-0.031843 0.033997  0.984246
25.77751922	347	-0.026815 0.030645  0.989992
25.78266716	347	-0.028012 0.038067  1.006512
25.78781127	349	-0.029688 0.030167  1.015371
25.79296875	350	-0.028491 0.025618  1.019201
25.79811668	353	-0.024660 0.034237  1.032609
25.80326843	351	-0.031603 0.029927  1.038594
25.80842399	357	-0.032082 0.040222  1.056790
25.81357192	357	-0.034237 0.032800  1.054635
25.81871604	358	-0.032561 0.032082  1.068282
25.82387161	357	-0.035434 0.027772  1.071155
25.82901954	360	-0.037589 0.030406  1.084562
25.83416748	361	-0.036391 0.030167  1.096054
25.83932876	366	-0.040222 0.027772  1.104195
25.84448432	367	-0.035194 0.028491  1.112335
25.84965515	370	-0.038067 0.031603  1.125742
25.85482025	372	-0.036391 0.032800  1.141783
25.85998344	373	-0.038786 0.035673  1.149205
25.86515235	376	-0.040701 0.031603  1.152557
25.87031936	378	-0.043095 0.030406  1.159740
25.87548065	382	-0.041180 0.033040  1.169316
25.88064384	380	-0.039983 0.031364  1.177696
25.88580894	385	-0.041659 0.029688  1.187991
25.89097213	388	-0.036870 0.030645  1.202595
25.89612388	388	-0.042138 0.024660  1.214806
25.90128707	393	-0.043813 0.032321  1.227734
25.90644836	396	-0.046926 0.033040  1.229171
25.91160392	397	-0.040701 0.036631  1.234677
25.91675567	399	-0.048602 0.029927  1.254788
25.92191123	402	-0.049081 0.031124  1.258859
25.92706871	406	-0.051235 0.029448  1.264844
25.93222427	408	-0.046447 0.029209  1.274899
25.93737220	406	-0.045968 0.020590  1.285673
25.94252777	409	-0.043813 0.026097  1.292377
25.94768333	412	-0.050038 0.023942  1.303151
25.95284461	414	-0.046447 0.023463  1.300757
##inga 
#ido(sec)  szog(ADC)     ax(g)    ay(g)   az(g)
25.95853614	418	-0.044053 0.023463  1.312967
25.96381187	419	-0.044532 0.016280  1.332599
25.96909523	420	-0.044053 0.022026  1.326614
25.97436714	423	-0.046686 0.022505  1.340739
25.97951507	427	-0.045011 0.024899  1.349837
25.98467254	428	-0.039743 0.013647  1.355823
25.98982048	431	-0.035434 0.017717  1.338345
25.99496078	432	-0.033997 0.014365  1.356062
26.00012397	437	-0.042377 0.012929  1.368751
26.00529289	437	-0.040940 0.013647  1.370188
26.01045608	445	-0.043335 0.007901  1.373300
26.01560020	448	-0.045489 0.011492  1.375455
26.02075576	448	-0.038067 0.005028  1.385510
26.02590370	450	-0.044053 0.016041  1.384553
26.03104782	452	-0.046208 0.010056  1.386947
26.03619956	454	-0.049320 0.014844  1.386229
26.04136085	457	-0.047884 0.008380  1.395805
26.04652023	458	-0.047405 0.012210  1.386468
26.05167198	460	-0.045250 0.016520  1.389102
26.05683135	465	-0.047405 0.010295  1.406579
26.06198883	468	-0.050517 0.008380  1.400354
26.06713294	471	-0.049559 0.006943  1.405861
26.07228851	472	-0.056263 0.009577  1.398439
26.07744407	477	-0.053390 0.009337  1.395805
26.08258819	478	-0.054348 0.007183  1.399876
26.08774757	480	-0.056503 0.006464  1.400594
26.09289932	484	-0.058418 0.005267  1.393890
26.09804344	488	-0.053390 0.010056  1.395805
26.10318756	491	-0.062009 0.009337  1.393411
26.10832023	494	-0.060812 0.010534  1.385271
26.11346054	497	-0.058179 0.011013  1.386708
26.11860847	502	-0.063206 0.009577  1.386229
26.12376403	501	-0.066798 0.010295  1.392693
26.12891960	504	-0.073501 0.007661  1.376413
26.13406372	505	-0.065122 0.006943  1.382159
26.13920783	507	-0.066079 0.006225  1.375455
26.14436340	510	-0.070149 0.012689  1.371864
26.14949607	516	-0.068473 0.012929  1.366118
26.15464019	519	-0.066798 0.011971  1.346246
26.15979576	523	-0.067755 0.003831  1.360132
26.16493988	524	-0.066079 0.004549  1.347204
26.17009925	527	-0.064882 -0.000718  1.339542
26.17530822	529	-0.061530 -0.000239  1.324938
26.18050384	534	-0.061291 -0.000718  1.326374
26.18570709	536	-0.060573 -0.005267  1.323262
26.19091606	535	-0.059615 -0.004788  1.320389
26.19612312	539	-0.054827 -0.003112  1.303630
26.20131683	542	-0.049799 -0.005985  1.305306
26.20651626	543	-0.054348 -0.006225  1.290222
26.21171569	545	-0.048841 -0.015562  1.275618
26.21691513	549	-0.048362 -0.009098  1.278970
26.22210884	549	-0.051475 -0.009337  1.276097
26.22731208	550	-0.050517 -0.013886  1.259337
26.23251152	556	-0.045968 -0.017477  1.252394
26.23770713	559	-0.051714 -0.013886  1.244254
26.24291229	562	-0.048362 -0.013407  1.237790
26.24811172	561	-0.048123 -0.013647  1.222706
26.25331687	567	-0.051475 -0.020829  1.216721
26.25851631	569	-0.053869 -0.008619  1.202835
26.26372718	568	-0.054827 -0.011971  1.187991
26.26893234	574	-0.050996 -0.014844  1.182245
26.27412414	575	-0.061770 -0.018435  1.175062
26.27932357	576	-0.055066 -0.016520  1.162613
26.28451919	579	-0.061052 -0.013886  1.154951
26.28971672	581	-0.057460 -0.012450  1.142023
26.29490852	582	-0.068713 -0.011253  1.140107
26.30010795	584	-0.065600 -0.009098  1.135798
26.30529975	587	-0.066558 -0.006943  1.112335
26.31050872	588	-0.069910 -0.007183  1.109701
26.31570816	589	-0.065361 -0.007661  1.097730
26.32090759	589	-0.068473 -0.012450  1.092942
26.32610893	591	-0.074698 -0.010534  1.075464
26.33131599	592	-0.070149 -0.015083  1.070916
26.33650779	593	-0.077093 -0.005746  1.061578
26.34170722	595	-0.073980 -0.011492  1.051523
26.34690856	598	-0.070389 -0.009816  1.038115
26.35210037	600	-0.071346 -0.008619  1.037158
26.35729980	602	-0.071107 -0.012689  1.019201
26.36249160	602	-0.069671 -0.014604  1.017047
26.36769294	605	-0.063446 -0.008140  1.016807
26.37289237	607	-0.060333 -0.014126  0.998133
26.37810325	606	-0.066798 -0.019632  0.984725
26.38330078	607	-0.063446 -0.020829  0.991908
26.38850021	608	-0.062009 -0.015802  0.976106
26.39370346	612	-0.063685 -0.022266  0.970839
26.39891624	613	-0.062249 -0.020590  0.957431
26.40411567	614	-0.061770 -0.019153  0.951686
26.40932846	616	-0.060812 -0.020829  0.950967
26.41453170	617	-0.050996 -0.022266  0.934926
26.41972732	618	-0.060094 -0.021069  0.931096
26.42492866	616	-0.058418 -0.019632  0.934208
26.43012428	619	-0.052432 -0.027054  0.921758
26.43532752	618	-0.051475 -0.020111  0.914097
26.44053649	618	-0.054348 -0.019153  0.914336
26.44573974	620	-0.050996 -0.025378  0.904520
26.45093917	622	-0.056981 -0.026815  0.900689
26.45614814	622	-0.054827 -0.029448  0.896380
26.46136093	624	-0.057221 -0.025139  0.897577
26.46655654	624	-0.055306 -0.022266  0.890395
26.47175979	622	-0.059376 -0.026575  0.891113
26.47695922	625	-0.055306 -0.023224  0.884649
##inga 
#ido(sec)  szog(ADC)     ax(g)    ay(g)   az(g)
26.48270034	625	-0.054827 -0.024899  0.878424
26.48797607	623	-0.059136 -0.028970  0.878424
26.49324035	627	-0.059376 -0.017238  0.881297
26.49851608	625	-0.055306 -0.018196  0.867410
26.50371170	624	-0.061052 -0.022266  0.871002
26.50891113	624	-0.062009 -0.017717  0.879381
26.51409912	628	-0.060333 -0.018196  0.868847
26.51929283	626	-0.062488 -0.025139  0.870523
26.52449226	628	-0.065361 -0.016041  0.873875
26.52969551	627	-0.064882 -0.019393  0.867650
26.53489685	627	-0.064643 -0.020111  0.867889
26.54010391	625	-0.068713 -0.020829  0.878903
26.54532432	627	-0.068952 -0.017717  0.876748
26.55051612	624	-0.070868 -0.015323  0.868129
26.55571174	625	-0.064882 -0.011971  0.874593
26.56090736	624	-0.071586 -0.014844  0.877227
26.56610870	627	-0.068234 -0.009577  0.881776
26.57131195	624	-0.073741 -0.014365  0.883930
26.57650756	626	-0.067516 -0.006225  0.889676
26.58170890	625	-0.068234 -0.010774  0.895901
26.58690071	625	-0.064643 -0.011253  0.896380
26.59210395	622	-0.067516 -0.008619  0.909548
26.59730720	621	-0.063925 -0.013168  0.903802
26.60251998	620	-0.062249 -0.005746  0.908111
26.60771560	620	-0.062009 -0.011731  0.918885
26.61292839	619	-0.063206 -0.016280  0.922477
26.61812782	619	-0.058418 -0.014604  0.917688
26.62333106	617	-0.056981 -0.013407  0.926786
26.62853240	615	-0.057460 -0.015802  0.936123
26.63372421	616	-0.057221 -0.013886  0.936123
26.63892364	613	-0.059615 -0.017477  0.950728
26.64411926	613	-0.057700 -0.014844  0.953361
26.64931678	611	-0.056263 -0.013168  0.957431
26.65452766	608	-0.052672 -0.017717  0.974670
26.65973663	610	-0.055306 -0.017956  0.971318
26.66494369	608	-0.048841 -0.014126  0.977543
26.67015266	605	-0.049081 -0.013168  0.990950
26.67535591	603	-0.055545 -0.014365  0.998372
26.68055915	604	-0.048841 -0.016999  1.004597
26.68575668	603	-0.049559 -0.011253  1.015371
26.69095611	601	-0.050757 -0.018914  1.027102
26.69615554	598	-0.053390 -0.014844  1.031172
26.70134735	596	-0.052911 -0.008619  1.039073
26.70654869	592	-0.054827 -0.005746  1.051283
26.71174812	589	-0.055784 -0.012450  1.061578
26.71693992	591	-0.053151 -0.004549  1.068282
26.72215652	591	-0.056503 -0.006704  1.073789
26.72735595	590	-0.064164 -0.005985  1.080013
26.73255920	586	-0.063685 -0.006225  1.091745
26.73777198	587	-0.060573 -0.006704  1.106828
26.74297904	584	-0.063925 -0.005507  1.111856
26.74817657	585	-0.062249 -0.003591  1.125024
26.75336837	582	-0.063685 -0.008619  1.131009
26.75856399	580	-0.063925 -0.001197  1.136037
26.76376342	578	-0.066798 0.000718  1.157585
26.76891517	575	-0.059854 -0.002155  1.166922
26.77410888	575	-0.062249 0.005267  1.177456
26.77925109	573	-0.058657 -0.002155  1.185357
26.78445243	571	-0.059376 0.004070  1.179611
26.78959655	568	-0.065361 0.000718  1.198046
26.79475212	566	-0.059136 -0.000239  1.211454
26.79995918	563	-0.060812 -0.001197  1.218158
26.80517196	561	-0.061530 0.005985  1.231804
26.81034088	556	-0.064164 0.000000  1.225101
26.81546020	555	-0.062249 0.000239  1.236353
26.82060813	553	-0.051714 0.001437  1.248085
26.82578849	550	-0.059615 0.002155  1.260295
26.83094787	549	-0.054587 0.000239  1.270111
26.83609580	546	-0.056263 -0.001197  1.265083
26.84129905	542	-0.052911 0.002873  1.278251
26.84645271	541	-0.052432 0.006225  1.285673
26.85160446	537	-0.050757 0.002155  1.295489
26.85675621	538	-0.055545 0.004549  1.300757
26.86191177	534	-0.050038 -0.000958  1.316319
26.86710739	533	-0.053390 0.003831  1.316079
26.87225532	527	-0.052193 0.004310  1.333317
26.87739944	524	-0.052193 0.001676  1.326135
26.88255691	522	-0.046926 0.004788  1.336190
26.88770866	523	-0.052672 0.004549  1.350077
26.89286041	516	-0.051954 0.006704  1.352710
26.89799690	512	-0.057939 0.008380  1.346246
26.90313911	510	-0.049320 0.001915  1.346964
26.90828704	506	-0.054348 0.011013  1.357499
26.91343116	504	-0.046447 0.008619  1.369948
26.91858863	503	-0.051714 0.002155  1.368512
26.92373275	500	-0.049799 0.008858  1.374018
26.92888832	501	-0.048362 0.008858  1.373779
26.93404388	497	-0.046926 0.007661  1.375694
26.93920326	494	-0.050278 0.005985  1.382398
26.94436073	491	-0.049081 0.015083  1.383835
26.94952392	487	-0.048841 0.010774  1.393411
26.95468330	485	-0.048123 0.013168  1.393890
26.95984458	479	-0.047165 0.005028  1.390778
26.96500015	479	-0.048123 0.012450  1.387665
26.97017288	476	-0.052911 0.014126  1.384792
26.97532844	471	-0.050996 0.019153  1.390778
26.98049926	471	-0.053390 0.013647  1.393651
26.98565673	465	-0.059854 0.016520  1.391017
26.99080848	465	-0.055066 0.021787  1.397003
26.99595642	462	-0.049799 0.021548  1.388144
27.00111579	457	-0.053869 0.020590  1.384792
##inga 
#ido(sec)  szog(ADC)     ax(g)    ay(g)   az(g)
27.00678825	454	-0.045729 0.020829  1.389820
27.01206016	453	-0.052911 0.023224  1.382877
27.01734352	451	-0.049320 0.021069  1.370188
27.02260017	447	-0.057700 0.020590  1.377849
27.02774429	448	-0.049799 0.026336  1.383835
27.03290367	446	-0.050757 0.023702  1.361569
27.03805160	440	-0.051714 0.029688  1.364442
27.04320335	437	-0.045250 0.025857  1.354626
27.04834747	433	-0.050038 0.017717  1.361569
27.05349159	433	-0.050278 0.022026  1.350556
27.05864715	431	-0.043335 0.030645  1.344331
27.06379508	429	-0.041419 0.026097  1.347443
27.06893157	426	-0.047405 0.021787  1.339782
27.07409667	423	-0.033997 0.024660  1.327811
27.07924079	420	-0.047884 0.028491  1.318474
27.08440017	418	-0.044532 0.027772  1.315361
27.08954048	414	-0.045011 0.023702  1.308418
27.09468460	412	-0.039743 0.026097  1.309376
27.09984397	410	-0.041419 0.022026  1.287589
27.10499954	409	-0.035673 0.027054  1.291419
27.11015510	405	-0.031843 0.019393  1.275857
27.11531639	402	-0.030645 0.027294  1.268914
27.12048339	402	-0.033758 0.029688  1.262929
27.12564468	401	-0.033040 0.023463  1.260056
27.13080787	397	-0.025857 0.030406  1.255985
27.13596725	394	-0.034237 0.028491  1.244733
27.14113616	394	-0.030885 0.025618  1.224622
27.14630889	389	-0.033758 0.025857  1.213608
27.15148353	389	-0.027054 0.027772  1.207144
27.15665245	386	-0.021069 0.028012  1.204511
27.16180419	384	-0.030406 0.026575  1.192061
27.16695976	381	-0.034716 0.033518  1.177456
27.17211532	381	-0.034237 0.034476  1.175541
27.17727661	379	-0.033040 0.029209  1.159979
27.18243598	377	-0.039983 0.033279  1.156388
27.18758773	373	-0.039743 0.036152  1.151121
27.19274330	372	-0.033997 0.033997  1.142501
27.19790458	369	-0.038067 0.037110  1.132925
27.20304489	365	-0.038307 0.038786  1.121193
27.20819664	367	-0.041180 0.037828  1.112335
27.21335220	364	-0.043095 0.033758  1.094618
27.21850013	360	-0.041180 0.033279  1.091984
27.22364425	359	-0.037828 0.038307  1.084562
27.22878837	359	-0.045968 0.038307  1.070437
27.23393630	355	-0.038307 0.037110  1.074507
27.23909187	354	-0.037828 0.035194  1.056072
27.24425125	351	-0.039025 0.038546  1.036439
27.24942016	352	-0.041898 0.047405  1.048889
27.25459289	351	-0.039265 0.029209  1.026863
27.25976371	349	-0.037589 0.046926  1.019920
27.26493263	347	-0.041180 0.043813  0.994302
27.27009201	346	-0.040462 0.043813  0.997175
27.27526092	345	-0.030167 0.042616  0.998372
27.28043556	343	-0.036870 0.040222  0.981852
27.28560066	343	-0.035434 0.045011  0.977303
27.29075241	342	-0.036152 0.040701  0.971797
27.29591560	339	-0.032082 0.041180  0.963178
27.30106735	340	-0.036391 0.036631  0.957671
27.30621528	338	-0.030406 0.037349  0.951925
27.31136894	336	-0.031124 0.037349  0.934447
27.31651687	335	-0.028491 0.039504  0.937799
27.32165908	335	-0.031124 0.043095  0.925350
27.32680320	333	-0.027054 0.037828  0.923434
27.33195114	334	-0.023942 0.038786  0.914815
27.33709907	333	-0.026575 0.040701  0.906196
27.34224319	332	-0.023702 0.037828  0.899493
27.34740066	332	-0.024660 0.038786  0.890873
27.35256004	329	-0.025378 0.040462  0.894465
27.35770797	330	-0.023942 0.038307  0.885127
27.36286354	328	-0.016041 0.036152  0.878903
27.36802482	329	-0.018914 0.037110  0.885127
27.37316894	327	-0.025618 0.036870  0.873635
27.37832069	325	-0.021548 0.034237  0.874354
27.38346862	328	-0.023942 0.038786  0.869565
27.38861274	324	-0.029688 0.043574  0.866692
27.39375686	326	-0.021308 0.037349  0.867171
27.39892005	326	-0.028970 0.035913  0.856397
27.40408325	324	-0.021787 0.040701  0.856397
27.40925216	323	-0.024181 0.044053  0.851848
27.41441154	325	-0.026575 0.040940  0.863340
27.41956329	323	-0.028012 0.038546  0.849933
27.42473220	325	-0.029209 0.039025  0.854961
27.42990493	325	-0.029209 0.040940  0.854961
27.43506813	325	-0.025857 0.043574  0.859989
27.44021987	325	-0.033758 0.040222  0.859510
27.44537925	325	-0.031843 0.041419  0.856637
27.45054054	325	-0.032800 0.040462  0.859989
27.45568847	324	-0.034237 0.040701  0.859031
27.46084403	327	-0.030167 0.043335  0.863819
27.46599960	328	-0.030167 0.034716  0.856876
27.47114753	328	-0.035913 0.040701  0.864298
27.47629165	329	-0.029448 0.040222  0.874832
27.48143577	328	-0.031843 0.035913  0.870044
27.48657989	330	-0.035434 0.038786  0.877466
27.49173545	330	-0.033279 0.043335  0.873396
27.49688339	331	-0.036631 0.040940  0.885367
27.50203132	332	-0.032800 0.038546  0.888240
27.50717163	333	-0.032800 0.035673  0.886085
27.51232337	334	-0.029927 0.038307  0.900211
27.51748085	334	-0.029448 0.039025  0.906914
27.52262306	335	-0.041180 0.042377  0.917209
##inga 
#ido(sec)  szog(ADC)     ax(g)    ay(g)   az(g)
27.52830886	335	-0.029927 0.044292  0.910266
27.53358459	336	-0.030167 0.035673  0.922955
27.53885650	338	-0.031843 0.032561  0.921040
27.54411506	337	-0.028491 0.037349  0.927265
27.54925918	340	-0.030406 0.033279  0.933969
27.55440330	339	-0.025378 0.033518  0.942588
27.55955505	341	-0.029209 0.034237  0.948813
27.56471252	341	-0.025139 0.029927  0.955756
27.56986045	343	-0.028730 0.034237  0.965093
27.57501220	345	-0.032082 0.031124  0.976106
27.58016777	345	-0.034955 0.028251  0.978740
27.58531570	348	-0.032082 0.033040  0.992865
27.59047508	347	-0.031364 0.033040  0.998372
27.59563636	351	-0.030885 0.033518  1.001006
27.60079574	351	-0.030885 0.032561  1.009385
27.60596084	351	-0.029688 0.034955  1.026623
27.61112022	356	-0.030885 0.030885  1.022074
27.61627578	355	-0.035434 0.026336  1.031890
27.62144851	357	-0.028012 0.027772  1.050086
27.62661933	358	-0.033997 0.034237  1.064451
27.63178825	358	-0.033997 0.034237  1.070916
27.63694763	361	-0.039265 0.033040  1.070437
27.64209938	361	-0.036152 0.032082  1.086478
27.64725685	365	-0.032561 0.037349  1.091745
27.65240478	367	-0.039025 0.031843  1.097730
27.65754890	370	-0.039743 0.033040  1.109462
27.66269111	369	-0.046686 0.031364  1.125024
27.66784477	375	-0.041898 0.028730  1.132207
27.67300033	378	-0.037110 0.027772  1.138192
27.67814445	380	-0.040222 0.037110  1.147050
27.68328857	382	-0.038786 0.029688  1.165246
27.68843269	381	-0.037828 0.029448  1.172668
27.69358062	383	-0.044292 0.030885  1.178414
27.69872474	387	-0.045011 0.026336  1.187033
27.70387649	389	-0.043335 0.034476  1.202356
27.70903205	392	-0.048362 0.028970  1.198525
27.71417617	394	-0.040222 0.029688  1.208581
27.71932411	393	-0.048602 0.030645  1.218876
27.72447586	399	-0.048841 0.026575  1.226298
27.72963523	399	-0.048362 0.029927  1.245451
27.73479652	402	-0.039504 0.031364  1.248803
27.73996353	404	-0.045011 0.023463  1.248085
27.74512863	408	-0.038786 0.026336  1.262450
27.75028800	409	-0.039265 0.027294  1.268914
27.75545692	412	-0.045968 0.020590  1.283997
27.76060485	412	-0.041419 0.016041  1.289025
27.76577186	416	-0.037110 0.021069  1.303390
27.77094459	417	-0.047884 0.024421  1.306503
27.77611160	419	-0.035434 0.020829  1.310333
27.78127288	424	-0.041659 0.014126  1.313925
27.78643989	423	-0.039025 0.016041  1.312488
27.79159545	426	-0.042616 0.013886  1.335233
27.79673957	430	-0.042616 0.014844  1.332360
27.80188369	433	-0.042138 0.015802  1.337627
27.80703544	435	-0.038307 0.013647  1.340021
27.81217956	435	-0.043095 0.012929  1.357020
27.81732749	440	-0.046208 0.015083  1.357738
27.82248878	444	-0.040462 0.017238  1.349837
27.82764434	448	-0.044292 0.013407  1.359414
27.83279228	448	-0.047884 0.009577  1.371145
27.83794784	451	-0.044053 0.014844  1.374018
27.84309959	453	-0.051954 0.011492  1.366596
27.84824752	456	-0.049320 0.011013  1.381919
27.85339164	457	-0.046926 0.012210  1.380243
27.85853576	458	-0.049559 0.007901  1.382637
27.86368370	462	-0.050757 0.017956  1.384313
27.86883544	463	-0.056742 0.016759  1.378089
27.87397956	468	-0.058179 0.010295  1.381919
27.87913131	469	-0.059136 0.012210  1.379046
27.88429260	471	-0.062488 0.015323  1.378567
27.88945198	476	-0.057700 0.016280  1.382159
27.89460372	476	-0.059615 0.010056  1.389102
27.89977264	478	-0.055066 0.002873  1.381440
27.90493202	481	-0.064643 0.011731  1.378089
27.91009140	487	-0.063925 0.012689  1.378328
27.91524314	488	-0.061530 0.013168  1.374737
27.92040443	494	-0.062009 0.014126  1.378807
27.92556762	496	-0.062249 0.011253  1.377610
27.93072319	498	-0.065600 0.015802  1.373061
27.93588066	503	-0.061530 0.003591  1.372582
27.94103622	503	-0.067516 0.005267  1.357499
27.94618797	505	-0.063925 0.007183  1.369230
27.95133972	506	-0.068473 0.004549  1.355823
27.95649528	508	-0.057221 0.015083  1.356062
27.96164321	511	-0.063446 0.006464  1.346725
27.96678733	518	-0.060094 0.002155  1.349358
27.97193908	519	-0.058657 0.005028  1.340021
27.97709274	522	-0.063925 -0.001915  1.330684
27.98228836	525	-0.063925 -0.003591  1.330444
27.98749160	528	-0.057700 -0.002394  1.320868
27.99268341	527	-0.061052 -0.010056  1.323501
27.99788475	534	-0.059376 -0.003352  1.311530
28.00307655	535	-0.053869 0.004070  1.304348
28.00822448	537	-0.057221 -0.008380  1.299081
28.01342773	538	-0.050038 -0.003831  1.294771
28.01862716	543	-0.052193 -0.005746  1.282800
28.02382850	541	-0.052432 -0.005267  1.268675
28.02902412	544	-0.050996 -0.012450  1.264605
28.03423690	550	-0.049799 -0.008619  1.258619
28.03942871	550	-0.051714 -0.008858  1.241860
28.04462814	550	-0.044292 -0.009098  1.243775
##inga 
#ido(sec)  szog(ADC)     ax(g)    ay(g)   az(g)
28.05035591	556	-0.053151 -0.015802  1.236114
28.05563926	559	-0.045011 -0.014844  1.233480
28.06092071	561	-0.052911 -0.015323  1.224622
28.06620025	560	-0.054108 -0.008858  1.211454
28.07139587	565	-0.050278 -0.010056  1.197807
28.07659912	568	-0.057221 -0.015802  1.189427
28.08179664	570	-0.059854 -0.011253  1.174583
28.08698844	573	-0.066079 -0.008858  1.178414
28.09218025	575	-0.060333 -0.015802  1.163810
28.09738731	576	-0.067516 -0.007901  1.154472
28.10258483	578	-0.065361 -0.006704  1.143459
28.10779190	581	-0.063446 -0.006464  1.126939
28.11299133	581	-0.067995 -0.010056  1.125263
28.11819648	583	-0.068473 -0.004070  1.118081
28.12339591	585	-0.068952 -0.011731  1.110898
28.12859153	584	-0.070868 -0.008380  1.101800
28.13378715	589	-0.074219 -0.007901  1.089590
28.13897514	588	-0.071107 -0.014126  1.075464
28.14417266	591	-0.072304 -0.011731  1.069718
28.14937210	592	-0.067276 -0.010056  1.062296
28.15457153	592	-0.070389 -0.002155  1.058705
28.15976715	590	-0.068473 -0.010534  1.043143
28.16497993	595	-0.074698 -0.004549  1.044580
28.17017936	597	-0.069671 -0.017477  1.029017
28.17538070	599	-0.068952 -0.007422  1.021356
28.18058013	601	-0.068713 -0.007183  1.019680
28.18577957	603	-0.062488 -0.015802  1.008906
28.19098091	604	-0.068713 -0.017477  1.001963
28.19617271	604	-0.068473 -0.023224  0.995499
28.20137214	607	-0.063685 -0.009816  0.975867
28.20656776	609	-0.066798 -0.019393  0.973712
28.21176338	610	-0.066798 -0.020351  0.959586
28.21696472	609	-0.058897 -0.022984  0.958868
28.22216415	610	-0.062488 -0.014844  0.952164
28.22736740	611	-0.055784 -0.024660  0.951207
28.23256874	613	-0.059615 -0.029448  0.939236
28.23776435	614	-0.062009 -0.024181  0.929420
28.24296379	617	-0.061052 -0.017717  0.930856
28.24817276	616	-0.055306 -0.025857  0.926307
28.25339126	618	-0.057700 -0.021308  0.917209
28.25859260	617	-0.055784 -0.025139  0.927504
28.26379585	619	-0.061052 -0.019153  0.902126
28.26899528	619	-0.056981 -0.025139  0.902365
28.27419662	620	-0.054827 -0.025139  0.908351
28.27939224	618	-0.054108 -0.022984  0.896619
28.28458404	620	-0.054587 -0.024899  0.888719
28.28979110	621	-0.053869 -0.020111  0.889916
28.29500007	621	-0.061291 -0.023942  0.893028
28.30020332	620	-0.062488 -0.025618  0.881297
28.30541610	620	-0.062967 -0.024421  0.879142
28.31061172	620	-0.054827 -0.020351  0.879381
28.31582450	623	-0.063206 -0.021548  0.888719
28.32101631	622	-0.059615 -0.027294  0.878424
28.32622337	621	-0.060333 -0.016280  0.880578
28.33142852	621	-0.065600 -0.016041  0.882494
28.33663177	621	-0.063446 -0.019632  0.870283
28.34182739	623	-0.061770 -0.020829  0.878184
28.34702873	623	-0.071586 -0.025139  0.879381
28.35222053	621	-0.058179 -0.014844  0.882015
28.35743141	623	-0.064882 -0.022266  0.871720
28.36263275	620	-0.057221 -0.016520  0.888240
28.36782836	623	-0.069671 -0.016041  0.887522
28.37303924	623	-0.066079 -0.011731  0.879860
28.37824058	623	-0.071825 -0.007901  0.886803
28.38344764	620	-0.063206 -0.016759  0.898535
28.38864326	621	-0.060333 -0.017238  0.883930
28.39384078	619	-0.066798 -0.014365  0.892549
28.39904022	618	-0.064403 -0.008619  0.888240
28.40423583	619	-0.062488 -0.015083  0.908830
28.40942382	618	-0.060094 -0.012450  0.910984
28.41461944	618	-0.061291 -0.004788  0.904041
28.41982078	616	-0.064164 -0.017238  0.914097
28.42503547	617	-0.059615 -0.013647  0.916731
28.43023681	615	-0.064403 -0.021069  0.925110
28.43543624	615	-0.059854 -0.015083  0.930856
28.44063949	612	-0.058418 -0.010774  0.941630
28.44584083	609	-0.052432 -0.011013  0.937560
28.45103263	609	-0.058179 -0.012689  0.947855
28.45623970	609	-0.051235 -0.023702  0.953361
28.46143531	610	-0.059376 -0.014365  0.961981
28.46664047	609	-0.053869 -0.014126  0.966529
28.47183609	607	-0.058179 -0.009098  0.977543
28.47703933	603	-0.059136 -0.015562  0.987598
28.48223114	604	-0.050278 -0.017717  0.994302
28.48742866	601	-0.054827 -0.010534  0.992626
28.49264335	600	-0.051954 -0.018196  1.005315
28.49784469	598	-0.052193 -0.016520  1.014652
28.50304412	594	-0.060333 -0.007901  1.027581
28.50824356	595	-0.059615 -0.012450  1.030933
28.51345634	593	-0.055306 -0.004310  1.038594
28.51865196	589	-0.056742 -0.007661  1.056550
28.52384376	591	-0.060573 -0.009337  1.058466
28.52903556	591	-0.057221 -0.005507  1.070197
28.53423690	587	-0.062727 -0.007422  1.074746
28.53942489	588	-0.057939 -0.004070  1.082647
28.54461669	585	-0.063925 -0.009098  1.092463
28.54981231	585	-0.068234 0.000239  1.093900
28.55495643	582	-0.064164 -0.006225  1.104913
28.56014442	582	-0.067037 -0.003831  1.108983
28.56535911	580	-0.068713 -0.000479  1.132207
28.57056427	576	-0.060573 0.003591  1.131967
##inga 
#ido(sec)  szog(ADC)     ax(g)    ay(g)   az(g)
28.57625961	576	-0.067995 -0.000718  1.145375
28.58153152	574	-0.066319 -0.006704  1.150642
28.58681678	573	-0.061291 -0.001437  1.159261
28.59210014	569	-0.065840 0.004788  1.174344
28.59724807	569	-0.061530 -0.008858  1.182245
28.60245132	566	-0.060094 -0.010056  1.192300
28.60766029	561	-0.058657 -0.004788  1.193976
28.61285209	561	-0.056263 -0.002873  1.205229
28.61805152	556	-0.053630 -0.000718  1.219833
28.62325286	555	-0.056981 -0.002155  1.221509
28.62845230	554	-0.055545 -0.001676  1.227255
28.63364791	548	-0.054827 -0.001676  1.238508
28.63884353	549	-0.051475 0.006225  1.243536
28.64398765	547	-0.055066 0.002634  1.264605
28.64913558	543	-0.053390 -0.004310  1.260534
28.65434074	540	-0.051475 -0.001915  1.267238
28.65954399	539	-0.057939 0.000239  1.272984
28.66469955	537	-0.056024 -0.000718  1.281124
28.66990852	537	-0.055066 -0.004070  1.287349
28.67511940	534	-0.050038 0.004070  1.306981
28.68027687	530	-0.052193 0.005507  1.305066
28.68543624	525	-0.050038 0.002873  1.312727
28.69059562	525	-0.050517 -0.002155  1.314403
28.69579505	523	-0.048123 0.005746  1.326614
28.70094490	518	-0.054348 0.005267  1.322304
28.70609283	516	-0.050757 0.005507  1.327811
28.71124076	512	-0.047405 0.002634  1.341458
28.71640014	509	-0.054348 0.009577  1.342655
28.72155952	507	-0.052193 0.012929  1.345288
28.72671508	503	-0.047405 0.013168  1.350556
28.73186874	503	-0.054348 0.004310  1.355823
28.73700332	502	-0.046926 0.003831  1.369709
28.74214744	498	-0.047405 0.010295  1.358217
28.74729919	496	-0.053151 0.016759  1.357738
28.75246429	493	-0.048602 0.009337  1.363963
28.75761985	489	-0.056024 0.015083  1.371385
28.76276779	487	-0.058897 0.012929  1.368751
28.76791191	485	-0.052432 0.011492  1.368033
28.77305603	481	-0.057460 0.015083  1.368033
28.77821922	476	-0.056263 0.008858  1.376413
28.78339195	475	-0.056263 0.016520  1.373061
28.78855514	471	-0.056024 0.023702  1.376891
28.79371643	471	-0.057700 0.015323  1.374497
28.79888725	467	-0.055784 0.020111  1.380243
28.80405616	462	-0.042377 0.018196  1.376173
28.80921554	462	-0.053630 0.020829  1.376652
28.81438827	457	-0.057939 0.021787  1.368272
28.81954002	454	-0.055066 0.023702  1.366596
28.82470893	450	-0.047405 0.020829  1.371385
28.82987213	451	-0.055306 0.026336  1.368991
28.83502388	450	-0.047644 0.024660  1.353907
28.84016799	448	-0.050757 0.022984  1.353668
28.84533119	447	-0.048362 0.020590  1.351513
28.85046768	443	-0.050757 0.012929  1.352471
28.85562324	439	-0.050996 0.027772  1.344570
28.86077690	435	-0.043813 0.024421  1.342176
28.86593627	433	-0.048123 0.028012  1.334754
28.87108421	432	-0.043335 0.027533  1.335712
28.87623977	430	-0.048123 0.024181  1.329008
28.88139152	427	-0.045011 0.020829  1.319910
28.88654327	424	-0.047165 0.026575  1.309136
28.89170455	419	-0.040222 0.019632  1.313446
28.89685630	419	-0.035913 0.025139  1.307221
28.90201568	417	-0.043813 0.026336  1.298602
28.90716361	414	-0.041419 0.029927  1.291898
28.91231918	410	-0.041419 0.023463  1.290462
28.91747283	410	-0.035913 0.021787  1.276336
28.92263603	409	-0.037589 0.025378  1.266280
28.92779922	407	-0.034237 0.026336  1.265802
28.93297195	404	-0.039025 0.025618  1.257661
28.93813133	402	-0.035913 0.024899  1.248324
28.94329261	401	-0.030406 0.027772  1.230607
28.94845581	399	-0.032082 0.025857  1.238029
28.95362091	395	-0.039743 0.032082  1.223904
28.95879936	393	-0.028730 0.026575  1.219115
28.96396446	391	-0.028012 0.022026  1.195892
28.96912002	387	-0.019393 0.025139  1.185597
28.97427177	387	-0.036152 0.027533  1.184878
28.97941970	385	-0.031843 0.036391  1.181048
28.98456382	383	-0.036631 0.030645  1.164767
28.98971939	381	-0.027772 0.029209  1.167161
28.99487113	379	-0.033758 0.025139  1.149684
29.00003242	376	-0.035434 0.032561  1.140825
29.00518417	374	-0.036391 0.033997  1.136755
29.01033210	370	-0.032800 0.031843  1.124306
29.01548767	370	-0.032561 0.029688  1.124066
29.02063560	368	-0.038546 0.039743  1.103237
29.02579116	367	-0.036870 0.034476  1.098449
29.03094482	363	-0.038546 0.035194  1.092703
29.03610420	363	-0.039743 0.036870  1.074986
29.04124832	359	-0.044771 0.045011  1.070437
29.04640769	358	-0.041180 0.039025  1.064930
29.05155181	358	-0.039265 0.036631  1.053678
29.05670738	356	-0.038067 0.040222  1.045298
29.06187248	355	-0.037110 0.041659  1.032848
29.06703567	354	-0.041180 0.044532  1.024708
29.07220458	352	-0.043574 0.040222  1.021835
29.07737541	351	-0.039743 0.039265  1.008667
29.08254432	350	-0.041419 0.041659  1.000048
29.08770370	348	-0.042138 0.042616  0.998133
29.09285926	345	-0.048123 0.048602  0.978740
##inga 
#ido(sec)  szog(ADC)     ax(g)    ay(g)   az(g)
29.09856414	345	-0.037349 0.045250  0.976106
29.10383605	343	-0.037589 0.047165  0.976346
29.10911178	342	-0.039265 0.037110  0.966290
29.11436462	343	-0.039743 0.046926  0.954559
29.11952781	341	-0.038067 0.038546  0.953361
29.12468719	340	-0.037110 0.036870  0.945700
29.12983131	338	-0.029448 0.038546  0.934447
29.13500785	338	-0.030406 0.042138  0.929180
29.14016342	338	-0.029927 0.033518  0.932772
29.14532089	337	-0.027054 0.036870  0.922716
29.15047264	335	-0.021548 0.036391  0.909787
29.15562057	333	-0.029927 0.039504  0.906436
29.16076469	333	-0.023224 0.034237  0.901647
29.16590881	333	-0.022984 0.035194  0.902126
29.17106437	330	-0.018196 0.036391  0.900450
29.17620849	332	-0.020829 0.036870  0.895422
29.18135261	333	-0.021548 0.038786  0.896859
29.18649673	331	-0.019872 0.036870  0.891831
29.19164848	329	-0.020111 0.031364  0.886803
29.19680786	332	-0.018914 0.038307  0.866453
29.20195579	328	-0.018914 0.038786  0.867171
29.20709991	330	-0.016520 0.033997  0.877227
29.21224403	330	-0.024660 0.038786  0.871002
29.21739959	329	-0.024421 0.038067  0.862622
29.22255134	329	-0.024181 0.036152  0.861664
29.22769927	328	-0.019872 0.036631  0.874593
29.23285675	329	-0.022745 0.034955  0.867410
29.23800849	328	-0.024181 0.034476  0.871002
29.24316787	329	-0.035434 0.040462  0.869326
29.24833106	328	-0.031603 0.045968  0.873396
29.25349235	327	-0.032321 0.038786  0.869086
29.25864791	329	-0.032561 0.044053  0.869086
29.26380729	329	-0.028970 0.044053  0.868368
29.26896476	327	-0.033758 0.042377  0.870523
29.27412414	329	-0.035194 0.038546  0.866932
29.27929115	329	-0.039743 0.044053  0.872917
29.28443527	331	-0.039265 0.039025  0.874114
29.28959655	331	-0.045011 0.045489  0.878424
29.29475593	332	-0.035913 0.048602  0.873875
29.29990768	331	-0.036391 0.038786  0.875551
29.30506324	331	-0.039983 0.044771  0.891113
29.31021118	331	-0.043095 0.039983  0.888958
29.31535530	335	-0.040462 0.042856  0.897098
29.32050323	335	-0.039504 0.042616  0.902126
29.32564735	336	-0.035194 0.038067  0.902605
29.33079147	336	-0.035194 0.040222  0.905957
29.33595275	336	-0.033279 0.034476  0.908351
29.34109687	337	-0.029209 0.039265  0.912900
29.34623908	339	-0.030645 0.034955  0.927504
29.35138320	340	-0.029448 0.029688  0.931096
29.35652732	342	-0.025618 0.036870  0.932053
29.36167144	342	-0.025618 0.024421  0.932053
29.36681556	343	-0.027054 0.035194  0.942827
29.37195968	343	-0.022505 0.033997  0.958629
29.37710380	346	-0.025618 0.033518  0.967008
29.38224792	344	-0.020351 0.029448  0.963896
29.38739585	346	-0.024660 0.026815  0.978500
29.39253997	350	-0.021548 0.024899  0.981852
29.39769172	350	-0.022745 0.030885  0.990232
29.40283966	352	-0.022745 0.029927  1.002442
29.40799522	354	-0.025139 0.031124  1.006273
29.41315650	356	-0.023463 0.027294  1.026384
29.41833114	357	-0.028491 0.030645  1.014413
29.42348480	355	-0.032800 0.025618  1.035003
29.42864799	356	-0.028251 0.034955  1.034763
29.43382453	359	-0.029927 0.033758  1.048889
29.43898010	361	-0.030885 0.035434  1.060621
29.44414710	362	-0.030645 0.028491  1.057748
29.44931221	364	-0.030645 0.033758  1.073070
29.45446777	367	-0.034716 0.030885  1.085281
29.45963287	370	-0.038546 0.033518  1.090548
29.46478462	369	-0.032800 0.029209  1.095576
29.46993255	371	-0.040462 0.030167  1.116165
29.47507667	373	-0.042377 0.027772  1.116405
29.48023223	378	-0.037110 0.028012  1.135079
29.48538398	380	-0.043095 0.034476  1.144896
29.49054718	382	-0.050278 0.035434  1.146332
29.49569511	381	-0.043574 0.033518  1.148008
29.50085258	384	-0.043813 0.033758  1.165486
29.50601196	385	-0.051714 0.034237  1.166683
29.51116752	387	-0.050278 0.035434  1.181287
29.51631927	392	-0.049081 0.032321  1.191822
29.52146720	394	-0.052911 0.032561  1.206665
29.52662467	394	-0.050517 0.034476  1.205947
29.53176879	397	-0.052672 0.031124  1.218636
29.53691291	400	-0.051714 0.033279  1.225101
29.54207229	402	-0.045729 0.023224  1.227495
29.54723167	406	-0.053630 0.035434  1.242578
29.55240058	407	-0.050278 0.026097  1.261013
29.55754852	406	-0.049320 0.028012  1.245691
29.56271553	410	-0.045489 0.022505  1.263647
29.56788825	413	-0.047165 0.018196  1.266759
29.57305526	415	-0.049320 0.021548  1.277054
29.57822418	415	-0.041659 0.017956  1.287828
29.58337974	416	-0.041659 0.013407  1.290701
29.58854866	418	-0.036152 0.026336  1.291180
29.59369659	425	-0.034476 0.015083  1.303869
29.59885978	427	-0.033040 0.006943  1.306981
29.60401535	428	-0.034955 0.011253  1.314882
29.60917282	429	-0.034237 0.010295  1.314643
29.61431121	432	-0.032800 0.009577  1.330923
##inga 
#ido(sec)  szog(ADC)     ax(g)    ay(g)   az(g)
29.62000083	434	-0.024181 0.008858  1.339542
29.62525939	437	-0.028970 0.005985  1.335712
29.63054084	441	-0.038307 0.008858  1.342655
29.63579940	446	-0.028012 0.008619  1.349358
29.64094734	449	-0.034955 0.009816  1.357259
29.64609909	449	-0.031124 0.009577  1.351274
29.65125274	452	-0.033279 0.005028  1.357499
29.65640449	456	-0.040462 0.008140  1.355344
29.66153907	456	-0.052193 0.005985  1.368751
29.66668319	457	-0.044532 0.009098  1.352710
29.67182731	458	-0.052672 0.011971  1.366357
29.67697143	463	-0.056981 0.011253  1.367075
29.68212890	465	-0.050757 0.016280  1.363963
29.68728065	468	-0.057939 0.015802  1.355823
29.69242858	470	-0.065600 0.014126  1.365160
29.69757652	473	-0.059376 0.017717  1.366836
29.70272445	476	-0.059854 0.024421  1.364442
29.70786857	478	-0.067755 0.010774  1.370427
29.71302413	482	-0.066079 0.016520  1.363484
29.71816825	483	-0.069192 0.015802  1.370188
29.72332000	486	-0.068713 0.021308  1.366357
29.72846794	491	-0.072783 0.015323  1.352950
29.73362731	492	-0.069910 0.011731  1.360850
29.73879241	496	-0.073980 0.013168  1.362287
29.74395942	499	-0.072783 0.008619  1.364442
29.74912834	503	-0.070389 0.016759  1.355344
29.75429153	504	-0.075656 0.010774  1.357738
29.75945281	504	-0.068713 0.007422  1.359414
29.76461219	505	-0.066798 0.007661  1.346007
29.76977539	510	-0.070868 0.005028  1.340739
29.77494049	514	-0.065361 0.007422  1.327093
29.78012084	515	-0.061530 -0.000718  1.332599
29.78531646	518	-0.062009 0.003591  1.336430
29.79045104	521	-0.061291 0.005028  1.325895
29.79560470	525	-0.055784 -0.004310  1.311530
29.80079650	527	-0.057460 -0.007901  1.312009
29.80599212	529	-0.057460 -0.005267  1.307939
29.81119155	532	-0.059136 -0.004310  1.294771
29.81638717	533	-0.052432 -0.012929  1.293095
29.82158851	537	-0.047644 -0.016280  1.279209
29.82679557	539	-0.046686 -0.012210  1.272984
29.83199691	541	-0.045011 -0.016759  1.260774
29.83720779	541	-0.042377 -0.016280  1.266759
29.84241676	544	-0.041898 -0.015802  1.251676
29.84762763	549	-0.040222 -0.019632  1.243057
29.85284423	550	-0.035434 -0.016999  1.238269
29.85804748	549	-0.041419 -0.017477  1.232283
29.86324882	553	-0.043095 -0.024421  1.226298
29.86844444	555	-0.042138 -0.016520  1.208581
29.87364006	558	-0.043574 -0.021308  1.194934
29.87884330	561	-0.041898 -0.011253  1.195173
29.88404846	564	-0.048123 -0.011253  1.193258
29.88924407	565	-0.052193 -0.011492  1.180090
29.89444351	568	-0.053151 -0.010534  1.169795
29.89964485	571	-0.058657 -0.009816  1.162852
29.90484428	573	-0.058179 -0.005985  1.154233
29.91005134	572	-0.064643 -0.011731  1.147290
29.91526031	573	-0.063206 -0.008619  1.141065
29.92046737	577	-0.070389 -0.003591  1.128855
29.92566871	579	-0.075417 -0.007901  1.121672
29.93086433	580	-0.068952 -0.003112  1.108504
29.93606376	584	-0.077093 -0.008619  1.103716
29.94126319	585	-0.080923 -0.001197  1.086957
29.94646072	584	-0.085472 0.001915  1.081929
29.95161628	588	-0.082360 -0.005985  1.074507
29.95681190	586	-0.078768 -0.007901  1.076422
29.96201133	588	-0.085951 -0.005267  1.063015
29.96722030	591	-0.078290 -0.003591  1.052480
29.97241973	592	-0.082360 -0.005028  1.038834
29.97761917	593	-0.077093 -0.012929  1.039552
29.98282814	593	-0.078290 -0.004070  1.022314
29.98803520	595	-0.083796 -0.006225  1.023990
29.99323272	599	-0.081163 -0.009577  1.004597
29.99842453	601	-0.068952 -0.014126  0.999808
30.00363159	602	-0.070868 -0.018435  1.006033
30.00881958	602	-0.068713 -0.009337  0.990471
30.01401519	600	-0.062967 -0.018675  0.984246
30.01921653	603	-0.057700 -0.017956  0.969642
30.02441978	605	-0.058657 -0.021548  0.969642
30.02963256	608	-0.053630 -0.022266  0.948334
30.03483963	609	-0.053869 -0.024181  0.958150
30.04003906	610	-0.051954 -0.028730  0.943785
30.04524803	608	-0.046447 -0.029688  0.935166
30.05045127	611	-0.050278 -0.025857  0.933250
30.05565643	611	-0.048362 -0.026097  0.932293
30.06085205	612	-0.048841 -0.029688  0.923195
30.06604766	612	-0.051714 -0.029688  0.927025
30.07124710	616	-0.044532 -0.025857  0.915294
30.07645606	616	-0.046447 -0.030406  0.916970
30.08164787	617	-0.041898 -0.029209  0.908590
30.08684730	617	-0.045489 -0.031124  0.901168
30.09204864	616	-0.045729 -0.028730  0.899493
30.09725952	617	-0.051235 -0.027772  0.892070
30.10246467	618	-0.049559 -0.025618  0.898774
30.10767173	618	-0.053869 -0.027533  0.882733
30.11288070	619	-0.060573 -0.022745  0.898774
30.11809539	616	-0.059615 -0.022505  0.886803
30.12329673	619	-0.056981 -0.018196  0.888719
30.12850379	619	-0.062967 -0.021548  0.889198
30.13369941	619	-0.065361 -0.020829  0.886324
30.13890075	619	-0.061530 -0.021787  0.890634
##inga 
#ido(sec)  szog(ADC)     ax(g)    ay(g)   az(g)
30.14462089	618	-0.062967 -0.011731  0.882015
30.14991569	619	-0.073262 -0.015562  0.882015
30.15519523	620	-0.075895 -0.015323  0.889437
30.16048049	620	-0.080923 -0.012210  0.875072
30.16567611	620	-0.075895 -0.011253  0.888000
30.17086791	618	-0.077093 -0.004070  0.888958
30.17607688	619	-0.079487 -0.011971  0.896619
30.18128776	619	-0.073501 -0.008619  0.889437
30.18649291	619	-0.082360 -0.006225  0.898535
30.19169616	616	-0.079008 -0.006943  0.899971
30.19689941	617	-0.069192 -0.005507  0.901168
30.20209121	615	-0.076853 -0.005985  0.902605
30.20728492	616	-0.073262 -0.005746  0.897338
30.21247673	614	-0.073741 -0.002155  0.911942
30.21767997	614	-0.066558 -0.008619  0.906436
30.22287940	613	-0.056981 -0.007661  0.921040
30.22806739	614	-0.060094 -0.014844  0.909069
30.23327255	611	-0.064164 -0.009098  0.916970
30.23846435	611	-0.059136 -0.018435  0.928462
30.24367523	608	-0.056981 -0.018196  0.938278
30.24888038	608	-0.050757 -0.019153  0.940672
30.25408744	608	-0.051235 -0.022745  0.946418
30.25930404	608	-0.049799 -0.017238  0.948573
30.26451110	608	-0.046208 -0.022026  0.955037
30.26971244	607	-0.045011 -0.014365  0.959826
30.27490806	606	-0.039743 -0.015083  0.980176
30.28011131	604	-0.043095 -0.023942  0.976585
30.28531265	602	-0.041419 -0.022745  0.981852
30.29051208	602	-0.042377 -0.021308  0.987838
30.29570770	599	-0.044053 -0.016041  1.000527
30.30091285	597	-0.045250 -0.017717  1.000766
30.30610847	595	-0.045489 -0.018914  1.014174
30.31131935	593	-0.048362 -0.016041  1.020877
30.31652450	589	-0.045729 -0.013407  1.022314
30.32173538	591	-0.048123 -0.015562  1.028299
30.32694435	592	-0.051235 -0.007183  1.040749
30.33214378	591	-0.048123 -0.015083  1.052959
30.33733177	588	-0.051954 -0.005028  1.051283
30.34253692	588	-0.056024 -0.002155  1.062775
30.34773254	587	-0.062249 -0.004070  1.078098
30.35292434	586	-0.061770 -0.002155  1.085520
30.35811614	585	-0.064643 -0.002634  1.096294
30.36331176	583	-0.067755 -0.008619  1.094857
30.36849975	581	-0.062727 0.001437  1.109701
30.37365531	578	-0.065600 0.001915  1.109222
30.37882804	575	-0.067995 0.004788  1.124785
30.38399124	573	-0.063925 0.005267  1.132446
30.38915634	573	-0.066079 0.001197  1.144417
30.39432334	571	-0.065840 -0.002394  1.154712
30.39952087	570	-0.079726 0.003352  1.160458
30.40469169	566	-0.067516 0.003352  1.165725
30.40985679	566	-0.073022 0.009098  1.170992
30.41501235	563	-0.070389 -0.001197  1.182963
30.42020416	560	-0.068713 0.002155  1.185597
30.42535972	557	-0.068234 0.000239  1.208341
30.43050765	555	-0.061530 0.003831  1.213848
30.43566894	553	-0.066079 0.002873  1.210975
30.44081687	548	-0.056024 0.000958  1.230847
30.44596481	547	-0.052911 0.001437  1.228692
30.45112037	547	-0.053869 0.002394  1.242099
30.45627212	541	-0.058179 0.002394  1.255985
30.46142005	539	-0.058897 -0.003831  1.251915
30.46661567	539	-0.050278 -0.003591  1.268675
30.47182464	537	-0.050996 -0.003112  1.273942
30.47702026	537	-0.048841 0.003112  1.270590
30.48218727	532	-0.049799 0.004788  1.287828
30.48734855	531	-0.049081 0.004310  1.287589
30.49251174	527	-0.044053 -0.004070  1.305784
30.49771690	525	-0.052911 0.000718  1.295968
30.50287628	521	-0.044053 0.003112  1.307221
30.50803565	521	-0.039743 0.002155  1.315122
30.51320457	518	-0.037349 -0.001197  1.317995
30.51841163	514	-0.042377 -0.006943  1.329487
30.52362060	511	-0.036391 0.004549  1.330205
30.52877235	507	-0.049559 0.005507  1.323262
30.53392410	506	-0.039743 0.003591  1.335712
30.53907585	502	-0.046686 0.006225  1.339303
30.54423141	502	-0.041659 0.009816  1.348161
30.54937934	499	-0.039983 0.003591  1.349598
30.55453109	496	-0.041180 0.007183  1.344331
30.55968475	494	-0.041419 0.005746  1.356541
30.56484031	492	-0.045011 0.018196  1.349598
30.56999206	489	-0.047165 0.015083  1.358456
30.57513999	485	-0.048602 0.008619  1.354865
30.58029556	482	-0.055306 0.018196  1.354626
30.58545112	478	-0.059136 0.007661  1.362766
30.59059524	476	-0.058657 0.014126  1.359653
30.59575271	472	-0.054827 0.015802  1.362287
30.60091209	469	-0.062249 0.025618  1.361329
30.60607147	470	-0.059376 0.028730  1.363963
30.61122894	464	-0.061770 0.026097  1.358696
30.61638832	462	-0.059854 0.025618  1.363245
30.62155532	460	-0.063685 0.022745  1.355344
30.62671661	456	-0.064882 0.025618  1.351274
30.63188362	454	-0.064164 0.022026  1.358456
30.63704490	451	-0.063206 0.026815  1.355344
30.64221191	449	-0.062967 0.034955  1.353189
30.64737129	449	-0.059136 0.032321  1.347443
30.65254402	447	-0.059615 0.028012  1.346485
30.65770339	447	-0.055545 0.019393  1.338106
30.66285514	444	-0.054348 0.033040  1.333557
##inga 
#ido(sec)  szog(ADC)     ax(g)    ay(g)   az(g)
30.66853904	437	-0.054348 0.025378  1.335233
30.67382431	436	-0.057700 0.024421  1.322065
30.67912483	433	-0.054108 0.026097  1.314643
30.68440055	432	-0.052432 0.026336  1.318713
30.68955993	429	-0.053869 0.022505  1.311770
30.69470787	427	-0.043095 0.028012  1.300278
30.69986343	424	-0.038307 0.021548  1.298841
30.70501518	422	-0.039743 0.016759  1.296926
30.71017646	421	-0.037349 0.018196  1.279688
30.71532821	416	-0.037828 0.027054  1.283758
30.72048759	412	-0.039265 0.023702  1.272745
30.72563171	412	-0.028012 0.023224  1.271308
30.73077964	410	-0.028970 0.023942  1.266280
30.73593521	409	-0.021069 0.029209  1.268914
30.74108886	405	-0.025857 0.025139  1.248803
30.74623680	403	-0.018196 0.017477  1.240423
30.75139236	401	-0.022026 0.019872  1.236593
30.75654029	402	-0.029209 0.017956  1.225340
30.76169586	400	-0.023702 0.022745  1.214087
30.76686859	396	-0.016280 0.022505  1.212651
30.77203178	394	-0.025378 0.021548  1.201159
30.77719688	390	-0.027772 0.021308  1.197328
30.78236389	388	-0.026575 0.027294  1.179611
30.78752326	387	-0.027294 0.027054  1.183442
30.79269218	384	-0.029927 0.020590  1.172668
30.79785537	384	-0.031364 0.027533  1.167401
30.80301666	381	-0.034955 0.040940  1.156867
30.80817604	380	-0.033758 0.034716  1.145853
30.81333923	376	-0.034955 0.039983  1.134601
30.81849288	376	-0.038786 0.035913  1.122390
30.82364845	372	-0.039983 0.041180  1.117363
30.82879257	371	-0.041180 0.039504  1.110180
30.83394432	369	-0.047884 0.041180  1.101561
30.83909225	367	-0.050996 0.038307  1.091984
30.84424781	367	-0.048123 0.041180  1.076901
30.84939193	363	-0.048362 0.041419  1.072592
30.85455131	360	-0.048602 0.041419  1.062057
30.85971260	361	-0.048841 0.046447  1.064451
30.86487197	360	-0.050038 0.045489  1.049368
30.87002372	358	-0.048362 0.045729  1.038834
30.87518310	357	-0.047884 0.048362  1.028299
30.88033294	354	-0.052672 0.047884  1.016807
30.88549232	354	-0.049081 0.045968  1.018004
30.89064407	353	-0.047884 0.048362  1.007709
30.89579200	349	-0.043335 0.042616  1.004357
30.90094757	349	-0.042856 0.043335  1.004357
30.90610885	349	-0.044771 0.038307  0.984486
30.91127204	346	-0.043335 0.039265  0.985683
30.91645240	344	-0.039025 0.038786  0.970121
30.92162322	345	-0.038546 0.036870  0.960065
30.92678833	344	-0.036391 0.043813  0.959586
30.93195152	343	-0.028970 0.038067  0.941630
30.93709945	343	-0.026815 0.039743  0.951446
30.94226074	342	-0.027294 0.033040  0.931335
30.94741249	340	-0.023702 0.038307  0.931574
30.95257186	340	-0.025857 0.031124  0.927504
30.95771980	337	-0.016999 0.033279  0.931574
30.96287918	339	-0.020111 0.029688  0.923195
30.96802711	336	-0.020829 0.035913  0.915773
30.97318458	336	-0.016280 0.027294  0.905239
30.97833633	337	-0.016280 0.038307  0.907393
30.98348426	334	-0.011013 0.032082  0.899253
30.98863601	333	-0.008140 0.025378  0.894944
30.99378776	334	-0.021787 0.030167  0.893028
30.99893951	333	-0.011492 0.030406  0.880818
31.00409507	333	-0.015562 0.034716  0.887522
31.00924491	333	-0.016759 0.038546  0.879381
31.01438713	333	-0.018675 0.036870  0.883212
31.01953125	332	-0.016520 0.031603  0.873396
31.02467536	332	-0.028012 0.030645  0.888000
31.02981948	330	-0.026575 0.036391  0.873875
31.03496360	331	-0.025378 0.038786  0.870044
31.04011917	332	-0.027533 0.039743  0.867171
31.04527282	332	-0.031364 0.042377  0.884649
31.05042076	332	-0.039265 0.045250  0.878184
31.05556488	331	-0.034716 0.045011  0.870044
31.06072044	332	-0.035434 0.041898  0.869086
31.06587982	331	-0.045250 0.046686  0.884649
31.07105255	332	-0.035913 0.050517  0.877945
31.07622337	330	-0.042856 0.045729  0.877466
31.08139228	333	-0.044292 0.045250  0.876508
31.08654022	333	-0.045250 0.041898  0.869805
31.09169578	333	-0.044771 0.037828  0.871002
31.09684753	335	-0.045729 0.045489  0.888000
31.10202407	335	-0.046208 0.043095  0.882733
31.10716819	335	-0.046926 0.047165  0.883451
31.11231613	336	-0.036391 0.048602  0.887282
31.11747550	337	-0.039504 0.041659  0.894225
31.12263679	337	-0.040701 0.046447  0.896141
31.12779235	338	-0.039504 0.047405  0.898535
31.13294792	336	-0.035673 0.035194  0.897817
31.13809585	337	-0.033279 0.041419  0.909787
31.14323997	338	-0.030406 0.040940  0.907872
31.14837265	338	-0.031364 0.035913  0.921280
31.15352821	341	-0.029448 0.033758  0.934447
31.15867996	342	-0.029448 0.036152  0.932772
31.16383171	344	-0.022505 0.028491  0.931574
31.16898345	344	-0.024181 0.029688  0.938518
31.17413139	345	-0.028251 0.027772  0.948573
31.17927551	347	-0.021308 0.026336  0.954559
31.18441963	348	-0.020590 0.018914  0.958629
##inga 
#ido(sec)  szog(ADC)     ax(g)    ay(g)   az(g)
31.19010734	349	-0.022745 0.023702  0.968445
31.19537544	348	-0.020829 0.020351  0.968205
31.20064735	352	-0.020829 0.020351  0.990711
31.20590400	353	-0.021548 0.028012  0.989274
31.21104812	354	-0.025139 0.027772  0.990471
31.21619987	357	-0.021308 0.030406  0.998851
31.22134780	356	-0.017477 0.026575  1.014892
31.22650337	356	-0.027054 0.025618  1.019920
31.23165512	358	-0.028012 0.027054  1.028060
31.23681640	358	-0.026815 0.034237  1.031651
31.24197578	361	-0.030645 0.029209  1.034045
31.24713134	363	-0.039504 0.025139  1.054396
31.25229263	363	-0.033997 0.029448  1.057748
31.25745964	367	-0.036391 0.029927  1.077859
31.26262092	368	-0.034716 0.029448  1.073310
31.26778411	370	-0.041898 0.032800  1.083844
31.27294349	372	-0.041180 0.033040  1.093900
31.27809143	374	-0.045011 0.026097  1.101082
31.28326034	378	-0.050278 0.034237  1.116884
31.28841972	377	-0.046686 0.037349  1.114011
31.29357910	379	-0.045489 0.035673  1.128615
31.29874420	382	-0.051714 0.033997  1.144417
31.30389213	383	-0.053390 0.034237  1.142023
31.30905532	386	-0.052432 0.036631  1.147290
31.31421661	388	-0.052911 0.023224  1.155669
31.31937599	388	-0.053869 0.031124  1.175302
31.32452774	393	-0.054827 0.035434  1.174344
31.32967948	395	-0.055784 0.036870  1.187033
31.33483123	394	-0.053390 0.031124  1.195413
31.33999252	397	-0.053390 0.034716  1.202595
31.34514045	401	-0.050757 0.029927  1.213848
31.35030364	405	-0.048841 0.032561  1.215763
31.35545158	407	-0.049081 0.027772  1.220552
31.36060714	407	-0.052672 0.024660  1.236832
31.36575508	409	-0.045489 0.019872  1.238987
31.37091255	410	-0.051954 0.023463  1.255746
31.37606811	411	-0.047405 0.022266  1.255028
31.38121223	416	-0.033997 0.027533  1.265802
31.38637924	418	-0.041898 0.014604  1.264844
31.39154052	418	-0.039983 0.015083  1.272027
31.39669609	420	-0.036870 0.011731  1.283997
31.40185165	424	-0.037349 0.010056  1.294053
31.40702056	425	-0.033997 0.013647  1.294053
31.41218757	429	-0.027054 0.008140  1.296447
31.41735267	429	-0.024181 0.016999  1.310333
31.42251205	432	-0.033279 0.011971  1.308657
31.42767524	434	-0.030645 0.006943  1.318952
31.43284416	436	-0.026575 0.004549  1.323501
31.43799591	438	-0.034955 0.008619  1.325656
31.44314765	445	-0.031364 0.009098  1.335472
31.44830894	448	-0.029448 0.002873  1.329008
31.45346069	447	-0.032800 0.009098  1.329966
31.45861244	448	-0.037349 0.004070  1.334754
31.46375656	453	-0.034476 0.008858  1.345767
31.46891212	456	-0.041659 0.007183  1.342894
31.47406768	456	-0.043813 0.007901  1.336909
31.47921180	458	-0.049320 0.009337  1.346246
31.48435592	462	-0.049081 0.011492  1.347922
31.48950767	463	-0.052193 0.013168  1.344331
31.49465560	466	-0.059615 0.022026  1.348640
31.49980354	469	-0.054827 0.014126  1.366357
31.50494766	469	-0.064643 0.011013  1.357259
31.51009178	474	-0.069910 0.019153  1.361569
31.51525688	476	-0.067516 0.018196  1.352471
31.52040481	477	-0.074698 0.017238  1.361329
31.52556037	483	-0.071586 0.018675  1.345288
31.53071975	484	-0.071586 0.018675  1.360850
31.53588867	489	-0.070628 0.020111  1.347443
31.54104804	491	-0.079966 0.022266  1.351753
31.54622077	494	-0.071107 0.017717  1.341218
31.55138778	496	-0.079487 0.013407  1.344091
31.55655670	501	-0.080684 0.022266  1.340739
31.56172752	501	-0.078768 0.017477  1.342894
31.56688308	502	-0.072783 0.014126  1.334036
31.57204437	503	-0.070628 0.013886  1.336430
31.57719612	507	-0.067755 0.008858  1.323980
31.58234786	511	-0.065840 0.005985  1.319671
31.58749961	514	-0.067276 0.009098  1.324698
31.59265518	514	-0.064403 0.000479  1.322304
31.59781265	518	-0.058418 0.001676  1.305066
31.60296821	521	-0.063925 -0.002634  1.306263
31.60816383	525	-0.051954 0.002634  1.298362
31.61332321	526	-0.055784 -0.002634  1.298362
31.61852455	527	-0.042138 -0.008380  1.282321
31.62372779	533	-0.044292 -0.012210  1.283758
31.62892341	535	-0.046208 -0.010295  1.275618
31.63412475	537	-0.042377 -0.011492  1.267238
31.63932418	538	-0.040222 -0.013407  1.263168
31.64453506	540	-0.033518 -0.022026  1.259577
31.64974784	542	-0.032321 -0.015802  1.250239
31.65494728	544	-0.032082 -0.016041  1.247366
31.66016387	548	-0.028970 -0.022745  1.227734
31.66536712	549	-0.026575 -0.023942  1.222946
31.67056465	551	-0.036391 -0.024421  1.210975
31.67576789	552	-0.036870 -0.018196  1.209299
31.68096733	554	-0.036870 -0.020829  1.208820
31.68616867	557	-0.050278 -0.015802  1.197807
31.69136428	560	-0.045011 -0.018675  1.185357
31.69656372	562	-0.049799 -0.017956  1.178175
31.70176887	565	-0.051954 -0.018435  1.177217
31.70697593	567	-0.057939 -0.006464  1.162373
##inga 
#ido(sec)  szog(ADC)     ax(g)    ay(g)   az(g)
31.71270751	569	-0.061530 -0.012450  1.156867
31.71798706	572	-0.064164 -0.007422  1.142741
31.72327613	573	-0.068234 -0.013647  1.129333
31.72857284	573	-0.067995 -0.006943  1.136037
31.73377227	575	-0.082360 0.001676  1.117123
31.73894882	579	-0.078529 -0.002155  1.112335
31.74416351	581	-0.079966 -0.004549  1.106110
31.74934768	581	-0.085951 -0.004070  1.092942
31.75453948	581	-0.081641 -0.000958  1.074986
31.75974082	584	-0.084036 0.001915  1.075225
31.76489257	586	-0.093373 0.004070  1.066606
31.77004051	585	-0.091458 0.001915  1.053917
31.77519607	589	-0.087627 0.009577  1.047692
31.78035163	591	-0.089303 -0.003112  1.042904
31.78555679	590	-0.088824 -0.002394  1.036439
31.79075622	592	-0.083078 -0.004549  1.030693
31.79594802	592	-0.073022 -0.004070  1.013216
31.80116462	593	-0.077093 -0.006225  1.012977
31.80637168	594	-0.075895 -0.006704  1.005076
31.81157112	595	-0.073980 -0.012689  1.006752
31.81677627	600	-0.065361 -0.020111  0.995499
31.82198715	602	-0.064164 -0.019393  0.977782
31.82718849	602	-0.058179 -0.013407  0.977303
31.83239173	602	-0.050517 -0.022745  0.968445
31.83758354	601	-0.052432 -0.023463  0.967008
31.84278488	606	-0.048602 -0.019393  0.958868
31.84797668	606	-0.042138 -0.025378  0.968924
31.85317611	607	-0.045011 -0.029209  0.950488
31.85837173	609	-0.043095 -0.024421  0.944264
31.86357116	610	-0.036870 -0.030885  0.940672
31.86878013	608	-0.039265 -0.028730  0.940912
31.87399291	611	-0.035673 -0.029688  0.932772
31.87919998	608	-0.035194 -0.025378  0.925350
31.88439941	611	-0.029927 -0.027294  0.917688
31.88960838	610	-0.034476 -0.034955  0.912182
31.89481544	611	-0.039504 -0.037110  0.905239
31.90002059	612	-0.042616 -0.033040  0.909548
31.90520858	614	-0.042138 -0.030645  0.902126
31.91040802	615	-0.046686 -0.028730  0.905717
31.91559982	613	-0.048841 -0.026336  0.901408
31.92079925	616	-0.056024 -0.027294  0.902126
31.92600822	616	-0.052911 -0.020351  0.894944
31.93122482	615	-0.058897 -0.018435  0.901647
31.93642807	615	-0.064882 -0.013407  0.896141
31.94162750	617	-0.063206 -0.022984  0.892549
31.94682884	616	-0.068234 -0.015802  0.889437
31.95203971	617	-0.079726 -0.012929  0.892310
31.95723915	617	-0.077332 -0.011731  0.892789
31.96243667	617	-0.077093 -0.007901  0.895183
31.96764373	614	-0.083317 -0.007901  0.885846
31.97285270	615	-0.075417 -0.012929  0.890155
31.97804450	617	-0.074938 -0.005267  0.896619
31.98324394	617	-0.079487 -0.009098  0.891113
31.98845291	616	-0.081881 -0.000479  0.908590
31.99365615	616	-0.088345 -0.000958  0.890873
31.99885940	617	-0.082599 -0.004070  0.896859
32.00405502	616	-0.084754 -0.000239  0.900689
32.00922012	613	-0.082599 -0.003591  0.904520
32.01441574	615	-0.084514 -0.004549  0.905957
32.01961898	614	-0.073262 -0.003591  0.907154
32.02481079	613	-0.073262 -0.003831  0.916731
32.03001022	611	-0.069910 -0.010295  0.921280
32.03519439	611	-0.068234 -0.009098  0.928701
32.04037857	609	-0.063925 -0.005985  0.933011
32.04557418	610	-0.059136 -0.010056  0.923434
32.05077743	606	-0.055306 -0.016759  0.939475
32.05597305	608	-0.054827 -0.016759  0.936602
32.06116867	605	-0.053390 -0.016999  0.948573
32.06636810	606	-0.043813 -0.016759  0.957192
32.07156372	605	-0.043574 -0.018914  0.966529
32.07676315	604	-0.040222 -0.018435  0.963417
32.08195877	603	-0.038067 -0.017956  0.965572
32.08716583	600	-0.039743 -0.019872  0.971318
32.09236907	601	-0.037110 -0.018196  0.987119
32.09756469	595	-0.035673 -0.022745  0.997414
32.10276031	596	-0.037110 -0.016280  0.999569
32.10795211	593	-0.039743 -0.018914  0.998611
32.11314010	593	-0.043574 -0.021548  1.006752
32.11833953	589	-0.043095 -0.020829  1.018244
32.12353134	588	-0.044053 -0.014126  1.012019
32.12873458	591	-0.045011 -0.018196  1.035961
32.13393783	590	-0.050278 -0.022984  1.036200
32.13912963	588	-0.046926 -0.015802  1.041467
32.14432525	586	-0.050038 -0.011492  1.053199
32.14952468	587	-0.051954 -0.013647  1.056311
32.15472030	586	-0.047884 -0.005507  1.055832
32.15991973	585	-0.055066 -0.006464  1.081450
32.16511535	583	-0.062249 0.000239  1.096294
32.17026138	580	-0.061530 -0.009337  1.091027
32.17546463	579	-0.064403 -0.000718  1.105152
32.18065261	578	-0.069910 0.000239  1.110180
32.18579483	576	-0.067276 0.002873  1.111377
32.19093322	575	-0.068952 0.009577  1.119757
32.19607925	574	-0.069910 -0.001197  1.141783
32.20126342	571	-0.067995 0.005746  1.138431
32.20641326	569	-0.072783 0.001437  1.147290
32.21156311	566	-0.068952 0.009098  1.152796
32.21672439	564	-0.073980 0.004549  1.162134
32.22186660	562	-0.073022 0.009098  1.177217
32.22700881	559	-0.076614 0.006464  1.180569
32.23215103	556	-0.072065 0.007422  1.189667
##inga 
#ido(sec)  szog(ADC)     ax(g)    ay(g)   az(g)
32.23783493	555	-0.074698 0.011731  1.198525
32.24311447	551	-0.069431 0.015083  1.208820
32.24838638	550	-0.057939 0.002873  1.221988
32.25364685	547	-0.067037 0.004788  1.222467
32.25880050	545	-0.061052 0.007183  1.225340
32.26394271	542	-0.063206 0.002873  1.242578
32.26910018	541	-0.060333 0.010774  1.244972
32.27426147	539	-0.052672 0.003352  1.245451
32.27941131	538	-0.054108 0.005267  1.253112
32.28457260	536	-0.051235 0.004788  1.257183
32.28972244	534	-0.048362 0.005267  1.270829
32.29488372	529	-0.049799 0.003831  1.279927
32.30004119	527	-0.050038 -0.006464  1.276815
32.30523681	524	-0.040701 0.004788  1.289025
32.31040573	523	-0.042616 0.002873  1.284476
32.31555557	519	-0.042138 0.002155  1.294532
32.32070922	518	-0.039743 -0.002394  1.298841
32.32590484	515	-0.038307 -0.002155  1.313925
32.33110046	511	-0.034716 0.000479  1.306742
32.33624267	509	-0.034237 -0.007422  1.316798
32.34143447	505	-0.035194 0.000718  1.312727
32.34658050	501	-0.038546 0.000958  1.324698
32.35172271	500	-0.031364 0.002394  1.325177
32.35686874	501	-0.037828 0.003352  1.333078
32.36202239	497	-0.035913 -0.003352  1.327811
32.36722183	492	-0.041659 0.002155  1.329487
32.37237548	492	-0.039265 0.007422  1.334275
32.37752151	490	-0.045968 0.009098  1.343134
32.38266754	486	-0.045968 0.014365  1.334754
32.38782119	483	-0.047884 0.011013  1.339782
32.39298248	478	-0.047644 0.017717  1.344810
32.39813995	475	-0.055306 0.022026  1.341697
32.40330505	475	-0.056981 0.020829  1.351034
32.40845489	471	-0.058418 0.015323  1.346246
32.41361236	469	-0.056503 0.018914  1.354386
32.41877365	467	-0.061052 0.025857  1.343373
32.42392730	464	-0.064164 0.024181  1.343852
32.42907714	463	-0.062967 0.022026  1.342415
32.43424224	458	-0.057939 0.028251  1.343852
32.43939590	457	-0.069431 0.031843  1.343612
32.44456100	453	-0.074698 0.032561  1.342176
32.44971084	452	-0.071586 0.032082  1.328529
32.45486450	448	-0.065600 0.027533  1.332599
32.46001052	449	-0.065122 0.036391  1.332599
32.46516799	448	-0.064403 0.032082  1.331881
32.47032546	446	-0.062488 0.025139  1.316558
32.47546386	441	-0.058418 0.034955  1.322304
32.48061370	437	-0.061291 0.033758  1.313446
32.48575592	434	-0.055066 0.030885  1.311530
32.49089431	432	-0.056742 0.019632  1.309376
32.49604034	429	-0.052432 0.029688  1.292138
32.50118255	429	-0.046926 0.027772  1.302193
32.50632858	426	-0.053630 0.029927  1.293335
32.51147079	424	-0.042377 0.028491  1.289743
32.51662445	422	-0.034237 0.020351  1.284476
32.52178573	420	-0.043095 0.017477  1.275857
32.52693176	417	-0.038307 0.019393  1.268435
32.53208541	413	-0.025139 0.020829  1.266999
32.53723144	410	-0.025139 0.018675  1.252873
32.54237747	410	-0.025618 0.016759  1.246409
32.54751968	410	-0.024181 0.017717  1.248564
32.55266952	408	-0.015083 0.017477  1.241620
32.55781173	405	-0.015802 0.012929  1.233480
32.56296920	403	-0.019393 0.015323  1.211693
32.56812286	402	-0.018675 0.014365  1.211933
32.57328414	400	-0.010056 0.012450  1.209060
32.57843780	399	-0.014365 0.021787  1.203553
32.58359146	395	-0.017717 0.013168  1.195173
32.58875656	393	-0.014844 0.020829  1.180090
32.59391021	391	-0.016041 0.018675  1.177935
32.59907150	387	-0.021548 0.020829  1.168119
32.60423660	385	-0.021548 0.016280  1.161894
32.60938262	383	-0.023702 0.025857  1.147529
32.61454772	383	-0.025857 0.023942  1.141065
32.61970138	382	-0.025857 0.028970  1.130052
32.62485504	379	-0.031603 0.034716  1.119517
32.63000869	377	-0.039743 0.027772  1.112335
32.63515472	375	-0.035434 0.032082  1.102758
32.64030075	373	-0.044053 0.039743  1.110659
32.64544296	370	-0.047405 0.039265  1.090308
32.65060043	369	-0.046686 0.042377  1.087196
32.65574645	368	-0.048362 0.037349  1.088393
32.66089248	365	-0.053630 0.043095  1.061339
32.66604232	365	-0.053151 0.043813  1.054635
32.67119216	362	-0.053869 0.048362  1.049607
32.67634582	360	-0.059376 0.045968  1.047931
32.68148803	359	-0.054587 0.049320  1.038594
32.68663024	359	-0.058897 0.048123  1.019441
32.69178009	357	-0.058179 0.051714  1.014892
32.69692230	357	-0.053151 0.048362  1.003400
32.70206832	355	-0.058179 0.047405  1.008906
32.70721435	351	-0.053151 0.046686  1.001245
32.71236038	350	-0.048602 0.046686  0.989992
32.71750259	352	-0.045250 0.043574  0.983049
32.72265243	349	-0.046926 0.048362  0.982092
32.72780990	349	-0.049559 0.037828  0.971797
32.73296356	346	-0.042856 0.041659  0.970600
32.73812484	347	-0.033997 0.038307  0.962459
32.74328613	346	-0.032321 0.033518  0.947615
32.74843978	344	-0.026336 0.036870  0.950010
32.75358581	344	-0.030167 0.037589  0.935884
##inga 
#ido(sec)  szog(ADC)     ax(g)    ay(g)   az(g)
32.75928878	343	-0.019153 0.032561  0.930377
32.76455688	341	-0.017238 0.034237  0.923913
32.76983261	342	-0.015083 0.029209  0.921758
32.77508544	341	-0.006464 0.029688  0.918167
32.78024291	340	-0.014365 0.026097  0.910027
32.78540039	340	-0.007183 0.030406  0.898295
32.79054641	340	-0.010534 0.026097  0.910027
32.79570388	336	-0.003831 0.032321  0.906196
32.80085754	338	-0.003591 0.021548  0.901647
32.80601882	339	-0.013168 0.029209  0.892549
32.81117248	338	-0.005507 0.029448  0.889916
32.81633377	338	-0.007422 0.022745  0.893028
32.82148742	337	-0.016280 0.028730  0.888240
32.82661819	336	-0.017238 0.032321  0.886324
32.83176040	334	-0.015083 0.030645  0.886564
32.83689880	334	-0.012210 0.031843  0.880818
32.84205627	335	-0.024421 0.037828  0.885846
32.84719848	334	-0.023702 0.039265  0.868129
32.85234451	335	-0.026575 0.042138  0.880339
32.85749816	334	-0.031843 0.043813  0.876987
32.86264419	335	-0.037349 0.043335  0.876987
32.86779022	334	-0.035434 0.043335  0.888958
32.87293243	334	-0.037828 0.044053  0.884170
32.87807846	334	-0.046208 0.039504  0.884649
32.88323211	336	-0.052193 0.048362  0.874354
32.88838577	334	-0.050757 0.041419  0.872917
32.89353179	336	-0.052672 0.045489  0.884888
32.89867019	334	-0.052193 0.045729  0.885367
32.90382385	337	-0.051235 0.047405  0.886564
32.90896987	338	-0.052193 0.053151  0.893507
32.91411590	337	-0.051235 0.050517  0.897817
32.91927337	337	-0.049320 0.049559  0.892310
32.92443084	339	-0.053390 0.047644  0.891113
32.92958831	340	-0.052193 0.050278  0.911463
32.93474960	339	-0.049320 0.037349  0.902844
32.93989944	340	-0.043813 0.043813  0.910506
32.94507217	342	-0.040462 0.039025  0.909548
32.95022964	343	-0.043335 0.038307  0.914576
32.95537185	342	-0.034237 0.042856  0.925110
32.96051788	345	-0.026336 0.035913  0.929899
32.96569061	343	-0.028491 0.036391  0.934447
32.97084426	346	-0.027294 0.030406  0.931096
32.97600555	348	-0.022266 0.029448  0.942109
32.98115921	347	-0.017956 0.029209  0.950010
32.98631286	349	-0.016041 0.022505  0.944264
32.99147033	351	-0.015802 0.022984  0.952883
32.99662399	351	-0.011731 0.023224  0.965811
33.00177764	351	-0.016999 0.024660  0.972754
33.00691604	354	-0.012929 0.020351  0.981134
33.01206588	355	-0.015323 0.022026  0.980655
33.01721191	356	-0.014365 0.022505  0.980655
33.02235412	358	-0.016759 0.023702  0.992626
33.02750396	358	-0.016759 0.028491  1.006273
33.03265762	359	-0.020111 0.025378  1.014413
33.03780364	361	-0.015323 0.021548  1.014413
33.04295349	360	-0.021787 0.022026  1.033806
33.04810333	363	-0.017477 0.017717  1.037876
33.05325317	366	-0.028012 0.029688  1.051283
33.05839538	365	-0.027533 0.025857  1.048650
33.06353759	369	-0.038307 0.030406  1.053199
33.06867980	368	-0.034716 0.036391  1.060860
33.07382583	372	-0.039743 0.035673  1.080971
33.07897186	373	-0.044771 0.036391  1.076901
33.08411788	377	-0.042138 0.034955  1.092224
33.08927154	379	-0.050996 0.036391  1.109941
33.09444046	381	-0.053869 0.033997  1.102279
33.09961318	379	-0.053869 0.039025  1.116644
33.10477066	381	-0.052911 0.039504  1.128376
33.10993576	386	-0.051475 0.033758  1.139868
33.11509704	387	-0.054108 0.042138  1.142023
33.12025451	387	-0.057221 0.036631  1.156627
33.12541198	391	-0.056742 0.037349  1.164049
33.13057327	393	-0.058179 0.033997  1.162373
33.13572311	395	-0.061291 0.038307  1.171471
33.14088439	398	-0.062488 0.034476  1.184400
33.14604187	400	-0.060573 0.038786  1.193019
33.15120697	402	-0.055545 0.032321  1.196849
33.15635681	404	-0.057460 0.031124  1.210975
33.16151046	407	-0.054827 0.032321  1.220791
33.16666412	408	-0.047405 0.032321  1.219594
33.17181015	409	-0.044771 0.028491  1.219594
33.17695617	411	-0.044532 0.022026  1.233480
33.18211364	413	-0.043813 0.024899  1.246409
33.18725585	417	-0.039983 0.025618  1.253352
33.19240188	418	-0.033997 0.022266  1.256464
33.19754791	419	-0.041898 0.011492  1.256704
33.20269012	419	-0.037349 0.007183  1.258859
33.20784378	425	-0.028251 0.008140  1.282561
33.21297836	427	-0.028251 0.009577  1.279927
33.21813583	427	-0.027533 -0.001197  1.283758
33.22333145	431	-0.023224 0.007183  1.290940
33.22848892	434	-0.022745 0.005507  1.302911
33.23363494	435	-0.019393 0.009577  1.302672
33.23879623	436	-0.022266 0.002394  1.310812
33.24396133	440	-0.016280 0.000479  1.307460
33.24911117	444	-0.022026 0.002634  1.315600
33.25426101	448	-0.018914 0.013407  1.321107
33.25941848	447	-0.022266 0.005028  1.320868
33.26457977	451	-0.028970 0.003112  1.332360
33.26973342	453	-0.029448 0.005507  1.335472
33.27488708	456	-0.034237 0.007901  1.328290
##inga 
#ido(sec)  szog(ADC)     ax(g)    ay(g)   az(g)
33.28057479	457	-0.031124 0.014365  1.327332
33.28585433	457	-0.040462 0.007661  1.334036
33.29113388	460	-0.045489 0.007422  1.339542
33.29639434	463	-0.047644 0.013407  1.324698
33.30155563	466	-0.059376 0.016280  1.345528
33.30670547	469	-0.062249 0.012210  1.339303
33.31186676	470	-0.064643 0.011971  1.341936
33.31702041	474	-0.069192 0.019153  1.340500
33.32216262	475	-0.074219 0.017477  1.339782
33.32732009	476	-0.078290 0.021069  1.346007
33.33248138	479	-0.077571 0.020829  1.336669
33.33762741	483	-0.078529 0.024181  1.341697
33.34278488	488	-0.083557 0.021548  1.330923
33.34793472	490	-0.085233 0.025139  1.339063
33.35308456	493	-0.085712 0.019153  1.346485
33.35823440	495	-0.079008 0.015083  1.320628
33.36338806	495	-0.081641 0.019393  1.322544
33.36853027	501	-0.079247 0.019153  1.318234
33.37368011	504	-0.085712 0.016520  1.327093
33.37883758	504	-0.082599 0.015083  1.321586
33.38398361	505	-0.078050 0.013886  1.322065
33.38913345	509	-0.070389 0.014844  1.316079
33.39427566	512	-0.070868 0.010774  1.321586
33.39942169	514	-0.064403 0.002394  1.304827
33.40456008	518	-0.061770 0.005507  1.301954
33.40970230	521	-0.055066 0.001437  1.294532
33.41485214	522	-0.050517 -0.004070  1.276575
33.42003631	523	-0.048841 -0.006704  1.280885
33.42522811	528	-0.043574 -0.009816  1.282321
33.43042755	527	-0.038067 -0.004070  1.279927
33.43561935	530	-0.042377 -0.009816  1.271548
33.44083786	535	-0.039504 -0.015083  1.269632
33.44604492	534	-0.033279 -0.017717  1.255985
33.45124435	539	-0.038546 -0.018914  1.247845
33.45644378	538	-0.027054 -0.020351  1.237311
33.46164703	542	-0.028491 -0.023463  1.231325
33.46683883	544	-0.022745 -0.025139  1.234198
33.47203063	545	-0.023702 -0.028012  1.232044
33.47721862	548	-0.029927 -0.017956  1.207144
33.48241424	550	-0.031603 -0.021548  1.195892
33.48761749	552	-0.028251 -0.028730  1.201638
33.49282836	553	-0.036391 -0.016999  1.185118
33.49802017	558	-0.039265 -0.020829  1.182724
33.50322341	561	-0.042138 -0.013168  1.185357
33.50842666	562	-0.049320 -0.018675  1.170992
33.51363754	563	-0.054348 -0.013168  1.161894
33.51883316	564	-0.063446 -0.017717  1.152557
33.52401733	568	-0.062249 -0.008619  1.139868
33.52921295	568	-0.068473 -0.006704  1.135079
33.53440856	572	-0.070389 -0.000479  1.131488
33.53960800	574	-0.080444 -0.001915  1.109222
33.54480361	575	-0.077093 -0.004788  1.105631
33.54999542	575	-0.076135 0.003591  1.109941
33.55514144	578	-0.083796 0.001437  1.088632
33.56029891	580	-0.082360 0.002634  1.085281
33.56546020	581	-0.084275 0.001676  1.086478
33.57061767	583	-0.088106 0.007422  1.071873
33.57578659	585	-0.090979 0.004549  1.063015
33.58094787	585	-0.087148 0.001676  1.061339
33.58611297	585	-0.090260 0.004070  1.040031
33.59125900	586	-0.090500 0.005746  1.043861
33.59640502	587	-0.092415 -0.003352  1.030693
33.60160827	590	-0.088585 -0.008858  1.027102
33.60681152	592	-0.082599 -0.003352  1.021117
33.61200714	592	-0.076374 -0.008858  1.013455
33.61719512	591	-0.076614 -0.007422  1.005076
33.62238693	592	-0.071825 -0.010774  1.000766
33.62758255	593	-0.068713 -0.016041  0.991908
33.63278579	596	-0.064643 -0.015323  0.990950
33.63797760	599	-0.049320 -0.015802  0.975388
33.64317703	601	-0.056503 -0.020829  0.977782
33.64837646	600	-0.047884 -0.022745  0.970121
33.65357208	602	-0.044771 -0.030167  0.957671
33.65876770	602	-0.053390 -0.023463  0.955277
33.66397476	603	-0.045011 -0.030645  0.957192
33.66919326	605	-0.032561 -0.032321  0.947137
33.67439651	604	-0.038546 -0.040940  0.942348
33.67958831	607	-0.035913 -0.033997  0.938518
33.68479156	606	-0.032561 -0.033040  0.930377
33.68999099	608	-0.038307 -0.033040  0.934687
33.69518280	610	-0.036870 -0.032082  0.924631
33.70038223	610	-0.037110 -0.035913  0.915294
33.70557022	611	-0.039025 -0.037349  0.918646
33.71076965	611	-0.039265 -0.029927  0.919843
33.71596145	611	-0.038307 -0.030885  0.913139
33.72116851	612	-0.039983 -0.028970  0.903323
33.72637557	611	-0.044771 -0.026097  0.904041
33.73157119	612	-0.055306 -0.029209  0.906914
33.73678588	612	-0.053390 -0.022745  0.895422
33.74199676	612	-0.056981 -0.022266  0.896380
33.74719238	610	-0.058657 -0.022984  0.899253
33.75238418	610	-0.064643 -0.015083  0.894465
33.75757980	612	-0.072304 -0.017477  0.897817
33.76277923	612	-0.072783 -0.014126  0.901168
33.76797103	613	-0.073262 -0.014844  0.890634
33.77316284	612	-0.073741 -0.013168  0.907154
33.77836227	613	-0.079966 -0.010774  0.902844
33.78355789	613	-0.073022 -0.009337  0.904760
33.78874969	612	-0.082360 -0.005746  0.892789
33.79394912	612	-0.087866 -0.003112  0.898535
33.79914855	613	-0.086430 -0.002634  0.909309
##inga 
#ido(sec)  szog(ADC)     ax(g)    ay(g)   az(g)
33.80488967	612	-0.081641 -0.008140  0.908351
33.81015777	610	-0.080923 -0.001197  0.909069
33.81542968	608	-0.078050 -0.000958  0.904999
33.82065200	610	-0.080684 -0.002873  0.916731
33.82585525	607	-0.072783 -0.002634  0.926547
33.83106613	607	-0.074938 -0.001437  0.923913
33.83627319	606	-0.070389 -0.004549  0.924871
33.84146881	609	-0.072544 -0.010056  0.924871
33.84665679	607	-0.065361 -0.007901  0.935166
33.85184097	607	-0.062727 -0.008380  0.935405
33.85702896	604	-0.063925 -0.007661  0.936363
33.86222076	603	-0.056263 -0.009098  0.937320
33.86740875	602	-0.055784 -0.014604  0.945221
33.87260818	604	-0.058179 -0.017717  0.952883
33.87781524	601	-0.049320 -0.021308  0.957192
33.88302230	601	-0.047165 -0.021069  0.964375
33.88822937	600	-0.046926 -0.018435  0.971318
33.89343643	598	-0.041419 -0.014126  0.971557
33.89863586	596	-0.040462 -0.024181  0.980655
33.90383911	594	-0.042616 -0.015323  0.991429
33.90902709	590	-0.039504 -0.016280  0.990950
33.91421127	591	-0.040462 -0.022984  1.006512
33.91940689	590	-0.034716 -0.019393  1.001245
33.92460632	589	-0.038307 -0.017956  1.017765
33.92980575	591	-0.036870 -0.017238  1.028778
33.93500137	589	-0.041659 -0.020351  1.032369
33.94020080	589	-0.039504 -0.021548  1.042904
33.94539642	586	-0.044292 -0.012689  1.046016
33.95058822	587	-0.045250 -0.009816  1.056790
33.95578002	585	-0.051954 -0.013168  1.067564
33.96098709	582	-0.049320 -0.011253  1.059424
33.96619033	580	-0.051475 -0.009337  1.062775
33.97139739	579	-0.052432 -0.009816  1.088393
33.97659301	579	-0.058179 -0.001676  1.092703
33.98178863	576	-0.055306 -0.007183  1.101082
33.98698043	576	-0.067755 0.000718  1.096054
33.99212265	574	-0.065361 0.002394  1.111377
33.99726867	574	-0.069431 0.005028  1.120954
34.00241088	571	-0.070628 0.011013  1.124306
34.00755310	569	-0.071107 0.008140  1.133882
34.01269531	568	-0.073741 0.015562  1.152318
34.01784133	565	-0.083796 0.009577  1.151360
34.02298736	560	-0.076614 0.002394  1.165486
34.02814102	561	-0.079966 0.006464  1.169556
34.03329086	556	-0.073980 0.006225  1.173386
34.03843688	556	-0.073262 0.008380  1.183442
34.04357910	554	-0.071107 0.009337  1.190624
34.04872512	550	-0.072783 0.001915  1.201877
34.05388259	548	-0.068713 0.008380  1.208581
34.05904388	548	-0.068713 0.001197  1.212411
34.06420135	544	-0.061770 0.007183  1.214806
34.06936264	540	-0.062488 0.015323  1.226298
34.07452392	540	-0.059136 0.005985  1.236593
34.07968902	539	-0.057460 0.003112  1.241860
34.08483123	537	-0.062009 0.005985  1.242339
34.08998870	536	-0.052432 0.002634  1.251676
34.09514236	532	-0.049081 0.002873  1.261492
34.10029983	531	-0.053630 0.007661  1.273942
34.10545349	525	-0.054348 0.002634  1.265802
34.11061859	522	-0.048841 -0.003352  1.269393
34.11581420	523	-0.035434 -0.001437  1.287110
34.12100219	521	-0.037349 -0.003352  1.281843
34.12619781	518	-0.036870 -0.004788  1.295729
34.13139724	514	-0.028970 -0.007901  1.287110
34.13658905	511	-0.037110 -0.009577  1.301714
34.14178848	510	-0.032321 -0.008140  1.306503
34.14698410	504	-0.030406 -0.007422  1.305784
34.15217208	504	-0.029448 -0.005507  1.320628
34.15737152	503	-0.034237 0.001437  1.306981
34.16253662	501	-0.037349 0.001437  1.313925
34.16770172	499	-0.037828 0.003352  1.316798
34.17285919	496	-0.035673 0.006704  1.324459
34.17801284	493	-0.037110 0.003831  1.327571
34.18317031	490	-0.045011 0.007661  1.330444
34.18832778	486	-0.042138 0.007661  1.328529
34.19348526	485	-0.044053 0.006943  1.335233
34.19863891	481	-0.049320 0.017477  1.335712
34.20379257	478	-0.050038 0.014365  1.325177
34.20894241	475	-0.060573 0.017477  1.337627
34.21409606	472	-0.056503 0.022745  1.337627
34.21923828	472	-0.058897 0.022984  1.325895
34.22438812	470	-0.067276 0.026097  1.331163
34.22953033	466	-0.062009 0.022505  1.325417
34.23466873	462	-0.070389 0.025857  1.325177
34.23980331	459	-0.070628 0.027054  1.324220
34.24494552	456	-0.075417 0.027054  1.326853
34.25008773	452	-0.071825 0.029209  1.325177
34.25523376	452	-0.075177 0.033040  1.329726
34.26037597	451	-0.072783 0.036391  1.320628
34.26551437	447	-0.075417 0.035673  1.319671
34.27066040	448	-0.068473 0.040462  1.320389
34.27581787	447	-0.069671 0.034476  1.303630
34.28096008	445	-0.067995 0.034955  1.312009
34.28610229	442	-0.066558 0.036631  1.301475
34.29125213	439	-0.062249 0.031124  1.309854
34.29639434	433	-0.056503 0.027772  1.292377
34.30153656	433	-0.057700 0.028251  1.287828
34.30668258	432	-0.051235 0.028251  1.282561
34.31182861	429	-0.048602 0.031124  1.288307
34.31698226	425	-0.041180 0.026575  1.280645
34.32212829	423	-0.037589 0.017717  1.274181
##inga 
#ido(sec)  szog(ADC)     ax(g)    ay(g)   az(g)
34.32781600	422	-0.036391 0.013647  1.266280
34.33309173	420	-0.026815 0.017477  1.263647
34.33837509	417	-0.027772 0.016041  1.256704
34.34364318	413	-0.027772 0.012210  1.258859
34.34878921	411	-0.016280 0.011971  1.247366
34.35393905	411	-0.022505 0.012689  1.238269
34.35910034	410	-0.008858 0.016759  1.232283
34.36426162	408	-0.008619 0.014126  1.219115
34.36941528	405	-0.013407 0.007661  1.214087
34.37458419	403	-0.010774 0.015323  1.207623
34.37974166	401	-0.013647 0.011971  1.202356
34.38490676	398	-0.010774 0.010534  1.191582
34.39007568	399	-0.012450 0.021308  1.176978
34.39523696	395	-0.016759 0.013168  1.176020
34.40039062	391	-0.013886 0.014604  1.165246
34.40554809	392	-0.022266 0.020111  1.163570
34.41070175	388	-0.020829 0.019393  1.151839
34.41584396	385	-0.022745 0.027533  1.146332
34.42098617	385	-0.028730 0.027054  1.146332
34.42613220	382	-0.029448 0.032800  1.130531
34.43128967	381	-0.034716 0.035194  1.129573
34.43643188	380	-0.038307 0.038546  1.116644
34.44157409	377	-0.038786 0.038307  1.110898
34.44672012	377	-0.048123 0.036152  1.090308
34.45186233	375	-0.049081 0.043335  1.100125
34.45700836	372	-0.054827 0.047405  1.086957
34.46215820	370	-0.050996 0.050996  1.074746
34.46730422	368	-0.056503 0.041898  1.065170
34.47245025	367	-0.061291 0.049320  1.055114
34.47760009	366	-0.058418 0.049320  1.038115
34.48273849	363	-0.062967 0.053390  1.048650
34.48788070	361	-0.058418 0.044771  1.031172
34.49302673	362	-0.065122 0.046686  1.027342
34.49818420	359	-0.067276 0.054108  1.010582
34.50332260	359	-0.062488 0.054827  1.011061
34.50847244	358	-0.053151 0.050996  1.013455
34.51361846	357	-0.051954 0.048123  0.990471
34.51877212	355	-0.050996 0.053390  0.995978
34.52392959	354	-0.054108 0.049559  0.989035
34.52907562	351	-0.050996 0.047884  0.987359
34.53424453	352	-0.043095 0.046686  0.970839
34.53939819	352	-0.038067 0.041180  0.963896
34.54454803	350	-0.032321 0.039743  0.966051
34.54971694	347	-0.032321 0.037349  0.962699
34.55487060	348	-0.024660 0.034716  0.950010
34.56002044	347	-0.031843 0.033040  0.943066
34.56516265	346	-0.027054 0.036391  0.937320
34.57032775	343	-0.014844 0.025857  0.930617
34.57548522	344	-0.020111 0.028012  0.930138
34.58063507	344	-0.016520 0.030645  0.924392
34.58577728	343	-0.011731 0.027294  0.927983
34.59092330	343	-0.012210 0.030167  0.926068
34.59606933	341	-0.012450 0.028012  0.911703
34.60121536	342	-0.002155 0.026336  0.906675
34.60636520	342	-0.004070 0.031603  0.903802
34.61149978	341	-0.007422 0.028491  0.903802
34.61664581	339	-0.012689 0.032082  0.894465
34.62179183	340	-0.012210 0.024181  0.897577
34.62692642	339	-0.012929 0.023224  0.891352
34.63207626	339	-0.011253 0.028730  0.890395
34.63721084	339	-0.016041 0.034476  0.895422
34.64235305	338	-0.016041 0.034955  0.879621
34.64749526	339	-0.024181 0.023702  0.891352
34.65264511	338	-0.022266 0.039504  0.877945
34.65778350	338	-0.030885 0.039025  0.884649
34.66291427	338	-0.036391 0.031843  0.883691
34.66807174	338	-0.030885 0.032321  0.885367
34.67322540	338	-0.040701 0.038307  0.886564
34.67837524	338	-0.039983 0.045011  0.881297
34.68351745	338	-0.040462 0.044292  0.875790
34.68865585	337	-0.046926 0.044053  0.876269
34.69380187	337	-0.048362 0.045250  0.885846
34.69894409	336	-0.048123 0.049081  0.890155
34.70407867	340	-0.053151 0.048362  0.896380
34.70923233	340	-0.054827 0.045489  0.892549
34.71439361	338	-0.047644 0.039265  0.893986
34.71955108	340	-0.054827 0.056981  0.899493
34.72471618	339	-0.054348 0.041898  0.894704
34.72987365	342	-0.043813 0.049081  0.909309
34.73503112	343	-0.048841 0.050038  0.909309
34.74020004	344	-0.047165 0.039983  0.912182
34.74534988	345	-0.047405 0.042377  0.910745
34.75050354	343	-0.041659 0.044053  0.919843
34.75567245	346	-0.038067 0.034955  0.914576
34.76082611	347	-0.027533 0.037828  0.920082
34.76597976	348	-0.032800 0.034237  0.926068
34.77112579	349	-0.027533 0.027054  0.933969
34.77628707	349	-0.024660 0.030406  0.940193
34.78144073	350	-0.023942 0.028730  0.935166
34.78657913	351	-0.018196 0.030406  0.951207
34.79171752	352	-0.014844 0.031843  0.963656
34.79686355	353	-0.022984 0.024660  0.972036
34.80199432	354	-0.015083 0.025378  0.966290
34.80714035	355	-0.013407 0.024660  0.971797
34.81228256	356	-0.012929 0.024899  0.976106
34.81742477	357	-0.014365 0.025618  0.993105
34.82255935	358	-0.018196 0.022026  0.992147
34.82770538	359	-0.020590 0.027294  1.009625
34.83285522	358	-0.016520 0.024421  1.002921
34.83800506	359	-0.019153 0.021548  1.020638
34.84315872	364	-0.024899 0.024660  1.020398
##inga 
#ido(sec)  szog(ADC)     ax(g)    ay(g)   az(g)
34.84885025	365	-0.025618 0.033997  1.026863
34.85413360	366	-0.021787 0.022026  1.029975
34.85940170	369	-0.027294 0.031364  1.049129
34.86467361	368	-0.033997 0.022026  1.050804
34.86981582	370	-0.034955 0.031364  1.054156
34.87496566	372	-0.047405 0.034237  1.078338
34.88011932	372	-0.038786 0.029209  1.074986
34.88527297	377	-0.045489 0.030885  1.081210
34.89041519	380	-0.048602 0.035913  1.094139
34.89556503	381	-0.045968 0.031124  1.104195
34.90072250	381	-0.057939 0.038067  1.112574
34.90587615	381	-0.054108 0.036391  1.117841
34.91105270	384	-0.050278 0.033518  1.129812
34.91621780	388	-0.055306 0.034237  1.123587
34.92137908	389	-0.054108 0.034476  1.140825
34.92655181	391	-0.057700 0.032082  1.142023
34.93170928	391	-0.057460 0.037589  1.151360
34.93687057	395	-0.057460 0.030885  1.150881
34.94203567	394	-0.058418 0.036152  1.174823
34.94718170	398	-0.053151 0.034237  1.180569
34.95234680	400	-0.054108 0.030645  1.182245
34.95750427	405	-0.047405 0.034237  1.194694
34.96265029	405	-0.051475 0.032321  1.199722
34.96779632	407	-0.044053 0.026575  1.206187
34.97294235	408	-0.048362 0.018914  1.213848
34.97809982	410	-0.043813 0.018196  1.215284
34.98324966	411	-0.039265 0.023702  1.227495
34.98840713	415	-0.038786 0.021308  1.231086
34.99355697	417	-0.037110 0.015802  1.236593
34.99869918	417	-0.034476 0.019872  1.250239
35.00384140	417	-0.032561 0.007901  1.244733
35.00898742	422	-0.029209 0.012929  1.258140
35.01412963	424	-0.036152 0.008619  1.266041
35.01926803	426	-0.026575 0.009337  1.267238
35.02441024	428	-0.034716 0.006464  1.274899
35.02956008	432	-0.026815 0.009577  1.285913
35.03471374	432	-0.026575 0.006943  1.288067
35.03985977	436	-0.024660 0.006943  1.294771
35.04500961	438	-0.025857 0.005746  1.292856
35.05015182	442	-0.032561 0.009337  1.291898
35.05530929	445	-0.029448 0.014844  1.300996
35.06046295	448	-0.033040 0.004310  1.302672
35.06560134	449	-0.038546 0.004549  1.307460
35.07075500	450	-0.033997 0.003112  1.308897
35.07591247	453	-0.042138 0.010534  1.309376
35.08107757	456	-0.046447 0.009337  1.312727
35.08623504	457	-0.044771 0.009098  1.320628
35.09138870	455	-0.050038 0.013647  1.318474
35.09653854	458	-0.055306 0.014126  1.318952
35.10169982	461	-0.056503 0.014126  1.325417
35.10686111	466	-0.057939 0.012210  1.321346
35.11202239	465	-0.065600 0.012929  1.331402
35.11717605	467	-0.062967 0.014844  1.322783
35.12233352	472	-0.070868 0.015323  1.330444
35.12749481	476	-0.069192 0.022266  1.326853
35.13264465	477	-0.074219 0.019632  1.328290
35.13778686	479	-0.073501 0.021069  1.319671
35.14294433	480	-0.081402 0.019393  1.321107
35.14809036	486	-0.081402 0.019153  1.319431
35.15323638	490	-0.078529 0.022745  1.323501
35.15839385	491	-0.073501 0.017956  1.327811
35.16353225	494	-0.085472 0.019872  1.317276
35.16867828	495	-0.081402 0.022026  1.318952
35.17383956	499	-0.076853 0.015802  1.313685
35.17898559	501	-0.074698 0.015323  1.312249
35.18413162	504	-0.073262 0.010534  1.306263
35.18927764	502	-0.071346 0.015562  1.308897
35.19441604	507	-0.074698 0.010774  1.308897
35.19955825	509	-0.062009 0.004070  1.290222
35.20470046	512	-0.065840 0.004549  1.286391
35.20983505	515	-0.057700 0.002155  1.291180
35.21498107	516	-0.053390 0.002394  1.288546
35.22012329	522	-0.055545 -0.002394  1.281843
35.22532272	525	-0.056503 -0.007422  1.269872
35.23052215	526	-0.039983 -0.001437  1.270111
35.23572158	527	-0.048362 -0.012210  1.264605
35.24092864	530	-0.042138 -0.005985  1.264844
35.24614334	533	-0.035673 -0.015562  1.252873
35.25135421	536	-0.033279 -0.015083  1.249042
35.25655364	537	-0.032561 -0.015562  1.245930
35.26174545	539	-0.032321 -0.016041  1.223904
35.26694488	540	-0.034716 -0.020351  1.231325
35.27213668	541	-0.028491 -0.023702  1.222228
35.27733612	543	-0.030645 -0.021548  1.208820
35.28253555	547	-0.034476 -0.023942  1.205947
35.28772354	548	-0.034955 -0.020829  1.190864
35.29292297	551	-0.037589 -0.015083  1.195652
35.29812622	552	-0.039983 -0.017956  1.180329
35.30333328	552	-0.042616 -0.015083  1.170992
35.30853652	557	-0.051954 -0.017717  1.173626
35.31373596	560	-0.050757 -0.013168  1.162134
35.31894683	561	-0.052193 -0.015083  1.156867
35.32414627	561	-0.056503 -0.011013  1.143699
35.32934951	565	-0.062009 -0.012689  1.148008
35.33454513	566	-0.065122 -0.001437  1.126221
35.33973312	567	-0.071346 -0.010056  1.134361
35.34491729	569	-0.074938 -0.004549  1.116405
35.35011672	574	-0.081402 -0.011971  1.098449
35.35531616	572	-0.081402 0.002394  1.095576
35.36045837	575	-0.080923 0.002155  1.098449
35.36561203	577	-0.080923 0.002873  1.085760
##inga 
#ido(sec)  szog(ADC)     ax(g)    ay(g)   az(g)
35.37129592	578	-0.085472 0.000000  1.074028
35.37649154	581	-0.088345 -0.004549  1.074507
35.38176345	580	-0.082360 -0.003112  1.063972
35.38703536	583	-0.080923 0.003352  1.052720
35.39218521	584	-0.090739 -0.002634  1.054156
35.39737319	586	-0.079247 -0.002394  1.045058
35.40257263	585	-0.078529 -0.005028  1.031172
35.40777587	589	-0.077093 -0.004310  1.028539
35.41297912	590	-0.079008 -0.005028  1.021835
35.41818237	591	-0.070149 -0.007661  1.009385
35.42338943	589	-0.074938 -0.011013  1.004597
35.42858123	589	-0.067516 -0.007183  0.999090
35.43377685	590	-0.071586 -0.011253  1.005315
35.43896484	591	-0.057939 -0.017956  0.987598
35.44416046	591	-0.063206 -0.015323  0.981852
35.44935989	593	-0.060812 -0.019632  0.970839
35.45455932	596	-0.054348 -0.022984  0.972036
35.45975112	597	-0.049320 -0.028730  0.963178
35.46495056	601	-0.050996 -0.022984  0.957910
35.47015380	600	-0.048602 -0.025857  0.955516
35.47535324	602	-0.046208 -0.031603  0.948573
35.48055648	603	-0.045250 -0.029927  0.950010
35.48575592	600	-0.040462 -0.030406  0.935405
35.49096298	602	-0.040222 -0.030645  0.933729
35.49616622	605	-0.045968 -0.031124  0.929659
35.50135421	604	-0.044053 -0.033518  0.924871
35.50655364	604	-0.039743 -0.029927  0.923913
35.51174926	607	-0.041659 -0.033997  0.926068
35.51694488	607	-0.045011 -0.025378  0.922237
35.52213287	608	-0.044532 -0.033040  0.915294
35.52733230	608	-0.042616 -0.024181  0.905478
35.53253555	608	-0.052432 -0.026097  0.906675
35.53775024	608	-0.053630 -0.024421  0.924392
35.54295349	609	-0.051714 -0.023702  0.907393
35.54816055	607	-0.055066 -0.022505  0.904520
35.55335617	608	-0.057939 -0.020351  0.913139
35.55856323	608	-0.070149 -0.013168  0.901408
35.56376266	610	-0.061052 -0.021308  0.904520
35.56894683	609	-0.066558 -0.017956  0.905239
35.57413864	610	-0.068713 -0.012210  0.902365
35.57933044	608	-0.070389 -0.014365  0.902126
35.58453369	608	-0.075177 -0.005028  0.908830
35.58971786	610	-0.080205 -0.009816  0.905478
35.59491729	611	-0.074698 -0.010534  0.915533
35.60010910	610	-0.077571 -0.003352  0.914336
35.60530853	610	-0.079966 -0.002873  0.914576
35.61050796	609	-0.082839 -0.000718  0.910506
35.61569976	609	-0.079726 0.002634  0.917209
35.62085723	608	-0.074459 0.002394  0.922237
35.62601089	607	-0.072783 -0.001915  0.912182
35.63121032	606	-0.080444 -0.003591  0.927983
35.63642501	604	-0.074459 -0.005267  0.923674
35.64161682	606	-0.067516 -0.011731  0.918646
35.64680480	604	-0.069431 0.000000  0.927504
35.65192031	602	-0.071346 -0.004549  0.930856
35.65711593	603	-0.069910 -0.009098  0.943545
35.66230773	600	-0.067995 -0.019632  0.937560
35.66750335	602	-0.056024 -0.009337  0.948334
35.67269897	601	-0.051954 -0.014365  0.940433
35.67789077	599	-0.059136 -0.010534  0.952643
35.68307495	597	-0.053630 -0.016041  0.965811
35.68828582	596	-0.044292 -0.014365  0.974191
35.69348907	594	-0.047884 -0.017956  0.975627
35.69869232	594	-0.038067 -0.020829  0.981373
35.70389175	592	-0.045011 -0.014126  0.989753
35.70909881	592	-0.035434 -0.013886  0.992387
35.71429061	591	-0.038786 -0.016280  0.991189
35.71948623	591	-0.038307 -0.019393  0.998611
35.72467422	589	-0.039983 -0.026815  1.002442
35.72987747	587	-0.034476 -0.018435  1.013216
35.73507308	587	-0.036152 -0.016520  1.024947
35.74026107	588	-0.043574 -0.010295  1.028299
35.74546432	587	-0.038307 -0.019632  1.034763
35.75065231	585	-0.042856 -0.013886  1.042425
35.75585937	585	-0.048841 -0.014844  1.040510
35.76105117	584	-0.051235 -0.012210  1.049607
35.76625061	578	-0.052193 -0.007661  1.070197
35.77145385	580	-0.057939 -0.015083  1.077619
35.77664947	578	-0.060333 -0.005507  1.080253
35.78185653	575	-0.062488 -0.000958  1.077619
35.78704071	575	-0.064882 0.005267  1.088393
35.79217910	573	-0.072544 0.003352  1.099406
35.79732513	571	-0.067755 0.004788  1.105152
35.80246734	570	-0.069431 0.003112  1.113293
35.80761337	567	-0.070868 0.002634  1.123827
35.81275558	568	-0.073501 0.003352  1.119757
35.81789016	565	-0.074938 0.008619  1.134601
35.82304382	563	-0.081881 0.003831  1.145375
35.82818984	561	-0.077571 0.005985  1.150642
35.83334350	555	-0.082360 0.007901  1.162134
35.83848953	554	-0.072304 0.010056  1.169077
35.84363555	552	-0.067995 0.007183  1.174583
35.84877014	549	-0.070628 0.010534  1.177456
35.85391998	549	-0.071346 0.006464  1.195652
35.85906219	548	-0.067037 0.003831  1.199004
35.86420822	547	-0.066079 -0.000718  1.202835
35.86940383	543	-0.057221 0.000479  1.214327
35.87455368	540	-0.057221 0.000718  1.207144
35.87970733	538	-0.056503 0.003831  1.224861
35.88486862	538	-0.050278 -0.004070  1.230368
35.89007568	535	-0.054827 0.001915  1.231325
##inga 
#ido(sec)  szog(ADC)     ax(g)    ay(g)   az(g)
35.89577102	535	-0.048841 -0.002155  1.242817
35.90104675	532	-0.055066 -0.001437  1.254549
35.90631103	528	-0.045011 -0.002634  1.258380
35.91157150	527	-0.044292 -0.004070  1.255028
35.91677093	523	-0.037589 -0.003591  1.258859
35.92198562	522	-0.036870 0.001437  1.268435
35.92713546	520	-0.031843 -0.005267  1.275857
35.93234634	516	-0.032082 -0.010295  1.278730
35.93753814	513	-0.025378 -0.004070  1.278012
35.94274139	510	-0.033279 -0.005267  1.289983
35.94794082	508	-0.030406 -0.000958  1.278012
35.95313262	506	-0.030885 -0.002634  1.290940
35.95832061	503	-0.032321 -0.002394  1.301475
35.96352005	503	-0.033518 -0.002634  1.300517
35.96871566	501	-0.040462 0.004070  1.290222
35.97384643	499	-0.035434 0.004070  1.310094
35.97899246	495	-0.037110 0.010056  1.303869
35.98415756	492	-0.041659 0.001676  1.314882
35.98931884	490	-0.049559 0.012689  1.315840
35.99448013	487	-0.054348 0.011492  1.317037
35.99963760	484	-0.051235 0.011731  1.306503
36.00480270	481	-0.052911 0.012450  1.320389
36.00996017	477	-0.060573 0.019632  1.319671
36.01512145	476	-0.060094 0.023224  1.305784
36.02028274	472	-0.071825 0.024421  1.315600
36.02543258	472	-0.066558 0.025139  1.321586
36.03058624	470	-0.062249 0.025857  1.324220
36.03573989	464	-0.067755 0.029209  1.315361
36.04089355	464	-0.066558 0.031124  1.316079
36.04605102	458	-0.069910 0.031364  1.320389
36.05119705	457	-0.070868 0.026575  1.306981
36.05633926	455	-0.069192 0.028730  1.312249
36.06148147	451	-0.072065 0.033997  1.309615
36.06663131	450	-0.071107 0.033040  1.307939
36.07177734	447	-0.074219 0.031843  1.308897
36.07692337	448	-0.071586 0.033758  1.298362
36.08208084	446	-0.066319 0.027772  1.306024
36.08722305	446	-0.069671 0.030885  1.302433
36.09237289	443	-0.059376 0.032321  1.286391
36.09750747	439	-0.057939 0.031124  1.288786
36.10266494	436	-0.056503 0.028970  1.288067
36.10780715	433	-0.053151 0.028730  1.278730
36.11295318	430	-0.048602 0.025139  1.270829
36.11809921	428	-0.042377 0.017717  1.261971
36.12324523	426	-0.037349 0.020590  1.269872
36.12838745	424	-0.036152 0.024660  1.255746
36.13354110	420	-0.026815 0.012929  1.253591
36.13868331	422	-0.028012 0.012210  1.241860
36.14382171	419	-0.026336 0.006225  1.247606
36.14898300	417	-0.019632 0.012210  1.244254
36.15414428	414	-0.022984 0.019872  1.233720
36.15930175	412	-0.018196 0.007901  1.220552
36.16446304	410	-0.015802 0.009816  1.220791
36.16961669	407	-0.009577 0.010056  1.221509
36.17477035	408	-0.011492 0.011731  1.206665
36.17992782	406	-0.012929 0.010056  1.199962
36.18508529	402	-0.010774 0.008140  1.196370
36.19023132	402	-0.014604 0.014126  1.190146
36.19540023	398	-0.016520 0.018435  1.183681
36.20056152	399	-0.025857 0.018914  1.161894
36.20571517	394	-0.028730 0.016759  1.157824
36.21086502	392	-0.028251 0.018675  1.151839
36.21601867	390	-0.031124 0.025139  1.153036
36.22116470	389	-0.029448 0.027772  1.138910
36.22631835	387	-0.043574 0.032321  1.132446
36.23146057	385	-0.039743 0.034237  1.133164
36.23660278	384	-0.039025 0.035194  1.122630
36.24174499	381	-0.039743 0.041180  1.109462
36.24688720	381	-0.047644 0.030885  1.106110
36.25203323	380	-0.045729 0.037589  1.103716
36.25717926	378	-0.054587 0.044053  1.083605
36.26233673	374	-0.054587 0.044532  1.087675
36.26748657	373	-0.051954 0.044292  1.070437
36.27263641	369	-0.055066 0.045968  1.062536
36.27777862	368	-0.056981 0.042856  1.059663
36.28292846	367	-0.059136 0.051954  1.055114
36.28807830	367	-0.055066 0.049320  1.045298
36.29322052	365	-0.054827 0.046686  1.035961
36.29836273	364	-0.061770 0.053151  1.025187
36.30350875	361	-0.063446 0.048123  1.025426
36.30866241	361	-0.053869 0.050038  1.015849
36.31380844	358	-0.053151 0.050517  1.007709
36.31895828	360	-0.048123 0.047884  1.000287
36.32412719	358	-0.053869 0.044292  1.001484
36.32927703	355	-0.049320 0.046208  0.984486
36.33443069	357	-0.042616 0.038786  0.982570
36.33958816	352	-0.043335 0.036152  0.972515
36.34474563	354	-0.034237 0.037110  0.965811
36.34988784	353	-0.033997 0.041180  0.965332
36.35503387	352	-0.022266 0.032800  0.960065
36.36019134	349	-0.028970 0.037828  0.950728
36.36534500	348	-0.019393 0.026336  0.942827
36.37050628	349	-0.009337 0.023224  0.953601
36.37566375	347	-0.017477 0.029688  0.937320
36.38081359	347	-0.018196 0.024899  0.936363
36.38595199	347	-0.013647 0.030645  0.931096
36.39110565	344	-0.006704 0.025139  0.921280
36.39625167	346	-0.002873 0.027772  0.921040
36.40137863	343	-0.005985 0.018435  0.911942
36.40652465	343	-0.006704 0.020111  0.918167
36.41166687	344	-0.009337 0.020590  0.912182
##inga 
#ido(sec)  szog(ADC)     ax(g)    ay(g)   az(g)
36.41733932	344	-0.008380 0.020829  0.918167
36.42261123	344	-0.005746 0.028491  0.899493
36.42788314	342	-0.010774 0.024660  0.897817
36.43314361	343	-0.013407 0.020351  0.899493
36.43829345	342	-0.013647 0.035913  0.891592
36.44344711	343	-0.014844 0.028251  0.896380
36.44858169	342	-0.016999 0.033040  0.901887
36.45373535	342	-0.021548 0.032321  0.893507
36.45888519	342	-0.024899 0.040701  0.894704
36.46402740	342	-0.032800 0.036631  0.898295
36.46917343	341	-0.040222 0.044053  0.891352
36.47431945	339	-0.040222 0.040701  0.888719
36.47946166	341	-0.042616 0.044771  0.895901
36.48461532	341	-0.045489 0.047405  0.886803
36.48976898	340	-0.047644 0.045489  0.897817
36.49491500	341	-0.050757 0.044771  0.891831
36.50006103	340	-0.057460 0.050757  0.895901
36.50519943	342	-0.058897 0.054827  0.900929
36.51034545	344	-0.061052 0.055066  0.899732
36.51548767	344	-0.060094 0.051954  0.904760
36.52063751	341	-0.055784 0.053390  0.896619
36.52577590	344	-0.060333 0.045489  0.902365
36.53092956	342	-0.056981 0.047644  0.911703
36.53609466	343	-0.055784 0.040222  0.902844
36.54125595	347	-0.052672 0.045489  0.915533
36.54641723	348	-0.051714 0.042377  0.911942
36.55156707	348	-0.049799 0.043095  0.916012
36.55672454	349	-0.045489 0.044532  0.925828
36.56188583	349	-0.042138 0.036870  0.927025
36.56703948	348	-0.034955 0.035434  0.941391
36.57218933	348	-0.034237 0.038307  0.937560
36.57735061	350	-0.029448 0.033040  0.938039
36.58250045	352	-0.023702 0.031843  0.944503
36.58766174	352	-0.026575 0.024181  0.937320
36.59281539	354	-0.021787 0.019393  0.956953
36.59796905	356	-0.016520 0.030167  0.957431
36.60311126	357	-0.016041 0.025378  0.974430
36.60825729	354	-0.019872 0.017956  0.969163
36.61339950	357	-0.008380 0.016999  0.972036
36.61853027	358	-0.017717 0.021548  0.982331
36.62368774	359	-0.015562 0.024421  0.985922
36.62883377	361	-0.015562 0.016041  0.996696
36.63397216	360	-0.012689 0.016999  0.997893
36.63911437	361	-0.011013 0.020111  1.010582
36.64426803	364	-0.015562 0.022266  1.018723
36.64942550	365	-0.015562 0.023224  1.023271
36.65458297	366	-0.015323 0.016520  1.037636
36.65972900	369	-0.016520 0.023702  1.033327
36.66487884	370	-0.026097 0.025857  1.035242
36.67002487	372	-0.027054 0.028012  1.055353
36.67516708	373	-0.029927 0.023942  1.057987
36.68031311	375	-0.036391 0.023942  1.063494
36.68545913	376	-0.042616 0.026336  1.066846
36.69060516	380	-0.037110 0.033758  1.085760
36.69574737	382	-0.041659 0.032082  1.084084
36.70090484	380	-0.049799 0.031364  1.095336
36.70605850	381	-0.047165 0.029209  1.093660
36.71121597	385	-0.046686 0.033518  1.110659
36.71638488	388	-0.059136 0.040940  1.130291
36.72154235	389	-0.054108 0.041180  1.128376
36.72669982	392	-0.061291 0.041180  1.142741
36.73186111	394	-0.063206 0.041419  1.142023
36.73701477	395	-0.062488 0.033758  1.148966
36.74217224	395	-0.067755 0.043095  1.151121
36.74734497	398	-0.062967 0.040462  1.169795
36.75249099	401	-0.066798 0.034955  1.169077
36.75765991	403	-0.062249 0.038546  1.174105
36.76281738	406	-0.065361 0.036391  1.198046
36.76797103	408	-0.067276 0.031843  1.188470
36.77311706	408	-0.062967 0.034955  1.202356
36.77827072	407	-0.057700 0.032321  1.206187
36.78342056	411	-0.062249 0.030167  1.209299
36.78857421	411	-0.054587 0.033758  1.223185
36.79372024	414	-0.043574 0.025139  1.223425
36.79886245	417	-0.048602 0.020590  1.222228
36.80399703	416	-0.039025 0.018914  1.232283
36.80913543	419	-0.035673 0.019393  1.246409
36.81428909	423	-0.034476 0.015802  1.236593
36.81943511	426	-0.033758 0.005746  1.247127
36.82458114	426	-0.024181 0.010534  1.257183
36.82972335	430	-0.025378 0.000000  1.261253
36.83483505	433	-0.026575 0.010295  1.267238
36.83999633	435	-0.019872 0.008140  1.278012
36.84513854	438	-0.016759 -0.003112  1.272505
36.85033416	437	-0.021787 0.000000  1.278251
36.85544586	442	-0.017717 0.002873  1.286870
36.86058807	446	-0.023942 0.000958  1.292138
36.86572647	447	-0.018914 -0.003831  1.291419
36.87092971	448	-0.021787 -0.000718  1.298123
36.87613296	451	-0.022984 -0.000239  1.303151
36.88133621	453	-0.022026 0.002634  1.300996
36.88649368	457	-0.026097 -0.007183  1.304587
36.89170455	457	-0.037828 0.002394  1.306503
36.89686965	458	-0.036391 0.005746  1.306981
36.90203475	461	-0.042138 0.003591  1.301954
36.90718841	463	-0.045011 0.009577  1.309136
36.91234970	464	-0.047644 0.011253  1.308657
36.91748809	469	-0.053630 0.006943  1.316798
36.92264938	472	-0.057700 0.016041  1.309854
36.92778778	473	-0.060333 0.012210  1.310094
36.93293762	476	-0.065361 0.020351  1.312967
##inga 
#ido(sec)  szog(ADC)     ax(g)    ay(g)   az(g)
36.93862152	475	-0.077571 0.016759  1.308179
36.94390487	479	-0.070868 0.016280  1.306503
36.94917678	483	-0.087387 0.020111  1.318234
36.95444869	486	-0.083796 0.025857  1.311770
36.95957946	487	-0.089782 0.020111  1.307460
36.96472167	490	-0.087627 0.023942  1.301235
36.96987915	494	-0.092894 0.025139  1.300757
36.97504043	496	-0.093373 0.026815  1.299559
36.98018264	499	-0.087627 0.017956  1.297405
36.98532867	501	-0.086430 0.023463  1.304348
36.99047088	502	-0.087627 0.023463  1.301235
36.99562072	504	-0.083796 0.028012  1.288786
37.00077056	504	-0.083317 0.013647  1.283279
37.00592422	508	-0.079966 0.013168  1.283758
37.01107025	511	-0.074219 0.017717  1.275139
37.01622009	514	-0.069192 0.011492  1.267956
37.02137374	517	-0.067037 0.005746  1.273702
37.02651596	518	-0.066079 0.004070  1.263407
37.03166580	523	-0.060094 0.000239  1.261731
37.03680419	524	-0.056503 -0.002873  1.253591
37.04200744	524	-0.048841 -0.010056  1.253112
37.04720306	529	-0.042616 -0.014604  1.242099
37.05240631	531	-0.036870 -0.014604  1.238029
37.05761337	532	-0.036152 -0.014365  1.230847
37.06282424	536	-0.028970 -0.019872  1.227734
37.06801605	536	-0.027533 -0.023463  1.230368
37.07320404	539	-0.027294 -0.021548  1.213608
37.07839965	542	-0.026575 -0.025378  1.207862
37.08359146	541	-0.021069 -0.024421  1.208581
37.08877944	542	-0.028730 -0.026336  1.208341
37.09397888	548	-0.018435 -0.024421  1.189667
37.09917449	550	-0.025139 -0.025378  1.188470
37.10436630	548	-0.031603 -0.019872  1.170035
37.10957336	550	-0.027294 -0.025378  1.166683
37.11477661	556	-0.029688 -0.020351  1.156627
37.11997604	556	-0.033997 -0.016280  1.153754
37.12517929	560	-0.042616 -0.019872  1.145375
37.13038635	561	-0.045250 -0.017717  1.139150
37.13559341	563	-0.050757 -0.016520  1.133882
37.14079284	564	-0.060333 -0.016759  1.122869
37.14598846	568	-0.059376 -0.009577  1.123109
37.15118789	567	-0.068713 -0.003112  1.113053
37.15637969	570	-0.068713 -0.006943  1.112335
37.16157150	573	-0.081881 -0.004070  1.101082
37.16676330	574	-0.080923 -0.000239  1.091266
37.17196655	574	-0.084993 0.004310  1.080013
37.17713165	576	-0.084754 0.004310  1.081450
37.18228530	579	-0.089063 0.004070  1.070676
37.18743133	579	-0.094570 0.002394  1.067085
37.19258880	581	-0.094570 0.011253  1.064930
37.19773864	581	-0.095528 0.004070  1.052720
37.20289230	584	-0.096485 0.001197  1.039552
37.20805740	584	-0.093373 -0.004788  1.035482
37.21326065	587	-0.087387 0.007661  1.024469
37.21841049	587	-0.092894 0.002394  1.015610
37.22357177	588	-0.088824 -0.001676  1.015371
37.22876739	590	-0.087148 -0.001197  1.005794
37.23396301	588	-0.079726 -0.006225  0.996457
37.23915481	591	-0.074459 -0.003352  0.996696
37.24434661	591	-0.072304 -0.012450  0.991668
37.24954223	592	-0.069671 -0.016520  0.981852
37.25473022	592	-0.066079 -0.016280  0.978022
37.25993728	593	-0.059615 -0.014844  0.966051
37.26513290	591	-0.060573 -0.013647  0.970121
37.27034759	595	-0.052193 -0.022745  0.964375
37.27554702	596	-0.045729 -0.031843  0.963417
37.28075027	597	-0.047884 -0.026575  0.948334
37.28595733	601	-0.039743 -0.025139  0.950249
37.29116821	602	-0.038067 -0.025378  0.947376
37.29636764	601	-0.033040 -0.037110  0.949531
37.30156707	600	-0.036152 -0.036631  0.935166
37.30676651	600	-0.032800 -0.034237  0.938996
37.31196212	601	-0.033997 -0.032800  0.922716
37.31716156	601	-0.035673 -0.041659  0.926068
37.32236099	600	-0.032321 -0.034237  0.915533
37.32755279	601	-0.031603 -0.041898  0.923195
37.33275222	606	-0.033040 -0.028730  0.919604
37.33795547	605	-0.035913 -0.033279  0.926786
37.34315872	606	-0.037349 -0.034476  0.918646
37.34835815	605	-0.045011 -0.028012  0.920801
37.35355758	606	-0.051475 -0.028970  0.908111
37.35876846	605	-0.052911 -0.025378  0.920561
37.36396789	607	-0.050996 -0.020351  0.911463
37.36915969	604	-0.057460 -0.016280  0.906675
37.37435531	604	-0.060812 -0.012210  0.909548
37.37955474	604	-0.064164 -0.018914  0.924152
37.38475036	606	-0.066558 -0.015323  0.913858
37.38994979	607	-0.068952 -0.010295  0.912660
37.39514160	606	-0.077332 -0.008619  0.914336
37.40034484	604	-0.079487 -0.008619  0.920322
37.40554809	606	-0.080444 0.000239  0.912182
37.41068649	606	-0.083796 -0.003112  0.907154
37.41588211	605	-0.090500 0.002873  0.916970
37.42103576	603	-0.091697 0.006225  0.928462
37.42619705	604	-0.086430 0.004549  0.912182
37.43135452	602	-0.086669 0.000239  0.921280
37.43650054	603	-0.091697 0.010295  0.930377
37.44164276	603	-0.082839 0.000958  0.922237
37.44679260	602	-0.084754 0.005746  0.934208
37.45193481	602	-0.089303 0.002634  0.940193
37.45709228	599	-0.080444 0.002634  0.935884
##inga 
#ido(sec)  szog(ADC)     ax(g)    ay(g)   az(g)
37.46277999	601	-0.071107 0.000718  0.949531
37.46804046	600	-0.069910 -0.007661  0.954798
37.47330093	598	-0.070628 -0.005028  0.944264
37.47855377	597	-0.062967 -0.005267  0.961502
37.48374938	596	-0.060812 -0.008619  0.951925
37.48894882	594	-0.055784 -0.009098  0.963178
37.49414443	592	-0.052193 -0.008858  0.978740
37.49933242	589	-0.045250 -0.015083  0.974191
37.50452804	592	-0.045489 -0.016280  0.987119
37.50971984	592	-0.037828 -0.022505  0.992387
37.51491928	591	-0.029688 -0.021069  0.996457
37.52011871	588	-0.034476 -0.024181  1.002442
37.52531433	590	-0.032321 -0.027533  1.011779
37.53052902	589	-0.030167 -0.025378  1.007709
37.53572463	588	-0.025378 -0.022745  1.016807
37.54093551	586	-0.035434 -0.023702  1.029975
37.54615020	585	-0.027054 -0.016999  1.024229
37.55135345	584	-0.033997 -0.021069  1.036679
37.55655288	582	-0.031603 -0.018196  1.047213
37.56174087	579	-0.037828 -0.021548  1.047692
37.56693649	580	-0.033518 -0.020829  1.057269
37.57213211	579	-0.042616 -0.016280  1.068282
37.57732391	577	-0.045729 -0.014126  1.077859
37.58252334	576	-0.040701 -0.012689  1.086717
37.58771514	574	-0.054587 -0.005028  1.091984
37.59291839	573	-0.054827 -0.002873  1.087914
37.59812545	572	-0.063446 -0.005507  1.100364
37.60332489	568	-0.062249 -0.001676  1.105631
37.60852432	569	-0.060812 0.000479  1.118560
37.61366271	567	-0.074459 0.005267  1.117602
37.61881637	565	-0.074698 0.001437  1.128136
37.62397766	563	-0.074459 0.012689  1.143938
37.62913131	557	-0.077093 0.011253  1.152796
37.63428497	557	-0.083796 0.011731  1.150402
37.63941955	556	-0.082120 0.013647  1.165007
37.64456558	554	-0.085233 0.011253  1.164049
37.64970779	549	-0.086669 0.013647  1.171471
37.65486145	549	-0.079726 0.018196  1.186794
37.66002273	548	-0.078768 0.015323  1.185118
37.66517257	545	-0.087866 0.022505  1.184160
37.67030715	541	-0.074219 0.012450  1.205708
37.67546081	539	-0.077093 0.016520  1.212411
37.68059921	538	-0.066798 0.008140  1.209538
37.68574142	536	-0.068713 0.010534  1.209299
37.69088363	535	-0.067755 0.010774  1.219833
37.69602966	533	-0.053630 0.005028  1.225819
37.70118713	532	-0.052672 0.008858  1.238269
37.70634841	529	-0.056742 0.003352  1.229650
37.71148681	527	-0.040222 0.003112  1.240184
37.71662902	524	-0.043095 0.004310  1.244254
37.72177886	523	-0.045489 -0.009098  1.253831
37.72697830	519	-0.036870 -0.002873  1.257183
37.73217010	518	-0.035194 -0.003352  1.270351
37.73737335	512	-0.031364 -0.006464  1.269632
37.74257278	511	-0.026336 -0.009816  1.268435
37.74777221	507	-0.026097 -0.002634  1.277533
37.75297927	507	-0.021069 -0.011731  1.282800
37.75818252	505	-0.020351 -0.005267  1.278491
37.76337814	504	-0.027772 -0.003352  1.280885
37.76858139	502	-0.024421 -0.011492  1.289265
37.77377700	501	-0.023702 -0.002394  1.295968
37.77896499	497	-0.021787 0.003591  1.297884
37.78411865	494	-0.028012 -0.000479  1.296208
37.78931427	492	-0.027533 -0.003591  1.298602
37.79450225	489	-0.030885 0.008619  1.290940
37.79964828	486	-0.043813 0.008380  1.307221
37.80479812	483	-0.036870 0.002155  1.296447
37.80995559	479	-0.045489 0.011253  1.302672
37.81510925	476	-0.042856 0.015323  1.304827
37.82027435	476	-0.053390 0.011492  1.303869
37.82543563	474	-0.058897 0.016280  1.303151
37.83060073	472	-0.064643 0.022266  1.310094
37.83576583	470	-0.062967 0.023224  1.311052
37.84092712	466	-0.075656 0.025139  1.300278
37.84609222	462	-0.071107 0.032321  1.303151
37.85126495	459	-0.074938 0.026575  1.303869
37.85642242	458	-0.072304 0.032082  1.306263
37.86157226	455	-0.075656 0.038546  1.307939
37.86673355	453	-0.078050 0.036152  1.292856
37.87188720	451	-0.075656 0.034955  1.297405
37.87704086	451	-0.075417 0.036152  1.295011
37.88218688	448	-0.074698 0.039743  1.289504
37.88732910	447	-0.074938 0.038786  1.283040
37.89247512	444	-0.077571 0.036870  1.280645
37.89761352	441	-0.069431 0.033758  1.287110
37.90275573	440	-0.069910 0.032800  1.280885
37.90789031	437	-0.061291 0.035913  1.275857
37.91304779	434	-0.053630 0.032321  1.265562
37.91819381	431	-0.060812 0.028730  1.269393
37.92334365	432	-0.050757 0.033279  1.264844
37.92849731	428	-0.047165 0.022984  1.260534
37.93364715	425	-0.045968 0.031843  1.250239
37.93880081	423	-0.034476 0.018196  1.236593
37.94394683	421	-0.031364 0.014126  1.243536
37.94909286	420	-0.022505 0.013168  1.231325
37.95424270	416	-0.016520 0.012210  1.224382
37.95938110	416	-0.009816 0.012929  1.219355
37.96453857	412	-0.011731 0.005028  1.217200
37.96968460	411	-0.005746 0.008380  1.216003
37.97483444	408	-0.008140 0.008380  1.203553
37.97998809	408	-0.007901 0.009816  1.195652
##inga 
#ido(sec)  szog(ADC)     ax(g)    ay(g)   az(g)
37.98567581	407	-0.006225 0.002394  1.189427
37.99094772	402	-0.003591 0.005746  1.185118
37.99621582	402	-0.007901 0.012689  1.187273
38.00148010	401	-0.012450 0.013168  1.171710
38.00664138	400	-0.014844 0.012210  1.165007
38.01179504	398	-0.012689 0.015323  1.159979
38.01695632	396	-0.018914 0.021069  1.153036
38.02212142	393	-0.012450 0.020351  1.137713
38.02728271	391	-0.022026 0.021787  1.130291
38.03245544	388	-0.030406 0.025139  1.124785
38.03761291	388	-0.033040 0.028970  1.125742
38.04277038	385	-0.038546 0.027294  1.119757
38.04792404	384	-0.039025 0.042138  1.113771
38.05308151	383	-0.045968 0.033758  1.092942
38.05822753	379	-0.045729 0.033758  1.096533
38.06337738	377	-0.050038 0.045968  1.090069
38.06851577	378	-0.057221 0.051235  1.077380
38.07365417	376	-0.057939 0.050517  1.074507
38.07880401	371	-0.057939 0.037110  1.065888
38.08395385	370	-0.064403 0.044532  1.053199
38.08909988	369	-0.063446 0.053630  1.041228
38.09424209	368	-0.063206 0.052911  1.042904
38.09939956	368	-0.062488 0.050038  1.030454
38.10454940	367	-0.067276 0.051954  1.028299
38.10969161	366	-0.062967 0.054348  1.017765
38.11483764	362	-0.064164 0.047644  1.017286
38.11999130	362	-0.060094 0.057939  1.014174
38.12513732	360	-0.062009 0.047884  0.999808
38.13028335	359	-0.052672 0.040940  0.990950
38.13542556	359	-0.051475 0.048841  0.989753
38.14056777	358	-0.050757 0.044292  0.981613
38.14571762	357	-0.042377 0.042856  0.979937
38.15085601	355	-0.039265 0.036870  0.975388
38.15599822	356	-0.039504 0.038307  0.966769
38.16116714	353	-0.034237 0.036870  0.963896
38.16632843	352	-0.026336 0.041419  0.949531
38.17148971	352	-0.021787 0.031364  0.945940
38.17664337	352	-0.017956 0.025139  0.945461
38.18179702	351	-0.013886 0.029209  0.948813
38.18695449	350	-0.010534 0.026815  0.939475
38.19211959	349	-0.016280 0.021548  0.925350
38.19726943	349	-0.010534 0.022505  0.926786
38.20243072	346	-0.007661 0.024421  0.927744
38.20758819	348	-0.006943 0.021308  0.917928
38.21274948	347	-0.002873 0.019393  0.922237
38.21789169	346	-0.001676 0.023224  0.912900
38.22304153	345	-0.006225 0.020111  0.904999
38.22818374	345	-0.003112 0.016999  0.904041
38.23332214	346	-0.007183 0.023463  0.914336
38.23847198	343	-0.004788 0.028970  0.913618
38.24361419	344	-0.011492 0.027054  0.905239
38.24877166	345	-0.014365 0.028491  0.903563
38.25390625	344	-0.018196 0.036152  0.907154
38.25904846	343	-0.017956 0.030406  0.904520
38.26419067	342	-0.022745 0.033279  0.899971
38.26933670	343	-0.024899 0.030167  0.898056
38.27448272	344	-0.029448 0.035673  0.899493
38.27963256	342	-0.032082 0.039025  0.898295
38.28477096	343	-0.041898 0.040940  0.897817
38.28991699	342	-0.047165 0.042616  0.890873
38.29505920	344	-0.047405 0.045250  0.898295
38.30020141	341	-0.051714 0.048841  0.908351
38.30534362	344	-0.053869 0.045489  0.893028
38.31049346	345	-0.053869 0.042856  0.904520
38.31564712	347	-0.060573 0.046447  0.894704
38.32079315	345	-0.053151 0.049320  0.906914
38.32592773	348	-0.059854 0.055066  0.903563
38.33108139	348	-0.053390 0.051954  0.911703
38.33623886	349	-0.052193 0.046926  0.921280
38.34139251	348	-0.059615 0.047644  0.904520
38.34653854	347	-0.049320 0.049320  0.917928
38.35169601	350	-0.050996 0.041898  0.915773
38.35685729	347	-0.048841 0.042138  0.926547
38.36202239	349	-0.050038 0.042377  0.923434
38.36717224	351	-0.042616 0.043813  0.930617
38.37233734	353	-0.034476 0.033758  0.940912
38.37749481	354	-0.037349 0.030406  0.948094
38.38265609	352	-0.026575 0.033997  0.943306
38.38781356	356	-0.028012 0.037589  0.950249
38.39297103	356	-0.022505 0.032561  0.950967
38.39813232	356	-0.023224 0.024421  0.960305
38.40329742	358	-0.017956 0.027294  0.976346
38.40844726	356	-0.021787 0.027533  0.968684
38.41359329	359	-0.020590 0.030167  0.982810
38.41873550	358	-0.022505 0.022984  0.986401
38.42388153	358	-0.011492 0.016520  0.980416
38.42901611	360	-0.023463 0.018675  0.997893
38.43416213	364	-0.015802 0.017477  0.992626
38.43930053	364	-0.023463 0.020590  1.006752
38.44445419	366	-0.020590 0.017717  1.014174
38.44961547	368	-0.017477 0.019632  1.017047
38.45475769	369	-0.027533 0.016041  1.023511
38.45991134	370	-0.017956 0.027533  1.034285
38.46505737	372	-0.021787 0.024660  1.038834
38.47019958	373	-0.029927 0.019872  1.056072
38.47535324	374	-0.028012 0.021308  1.053917
38.48049926	377	-0.029448 0.022984  1.051762
38.48565673	380	-0.031124 0.025378  1.055593
38.49079895	379	-0.033518 0.031603  1.078577
38.49595260	379	-0.041180 0.027533  1.085041
38.50111389	383	-0.041419 0.030167  1.084802
##inga 
#ido(sec)  szog(ADC)     ax(g)    ay(g)   az(g)
38.50681686	385	-0.049559 0.036870  1.089830
38.51208877	387	-0.046447 0.027294  1.105152
38.51736068	389	-0.047884 0.034955  1.107068
38.52261734	390	-0.051954 0.027054  1.119517
38.52777099	393	-0.052672 0.034716  1.118560
38.53293228	395	-0.052432 0.033518  1.131009
38.53810119	395	-0.053151 0.027294  1.132207
38.54325866	395	-0.057939 0.035194  1.148008
38.54842376	400	-0.052911 0.030645  1.151599
38.55358505	402	-0.062249 0.035434  1.160937
38.55875015	403	-0.059376 0.036152  1.168598
38.56391525	406	-0.058418 0.031364  1.180808
38.56907272	408	-0.056024 0.032561  1.172189
38.57423782	409	-0.056981 0.033040  1.187033
38.57938385	410	-0.057939 0.035194  1.200680
38.58452987	411	-0.050757 0.029448  1.203553
38.58967590	414	-0.057939 0.025857  1.201398
38.59482574	417	-0.051235 0.025618  1.207623
38.59997558	416	-0.055306 0.025857  1.221749
38.60512161	416	-0.047644 0.022266  1.225101
38.61027526	420	-0.042377 0.020590  1.226537
38.61542129	423	-0.044053 0.027772  1.228452
38.62057495	426	-0.037349 0.021787  1.238029
38.62571716	428	-0.042616 0.014126  1.246888
38.63087081	428	-0.031603 0.010534  1.246888
38.63602066	432	-0.027772 0.008858  1.259098
38.64116287	434	-0.032321 0.005507  1.263647
38.64632034	437	-0.026575 0.009577  1.266280
38.65146255	439	-0.029209 0.005746  1.276097
38.65661239	441	-0.024660 0.005507  1.274181
38.66175460	444	-0.026575 0.004070  1.270829
38.66689682	447	-0.024660 0.002634  1.276815
38.67204284	449	-0.019872 0.000479  1.281364
38.67718505	449	-0.020829 -0.002873  1.291898
38.68238449	453	-0.027054 0.001197  1.292856
38.68753051	453	-0.027533 0.008380  1.289983
38.69267654	456	-0.030885 -0.001915  1.288067
38.69786834	457	-0.035194 0.003831  1.304348
38.70302963	458	-0.039265 0.009577  1.301235
38.70818328	462	-0.038307 0.011971  1.297884
38.71334075	463	-0.040222 0.005267  1.300757
38.71849822	467	-0.044053 0.006943  1.297644
38.72366333	470	-0.049799 0.009577  1.304348
38.72882843	472	-0.048362 0.006943  1.297405
38.73397445	475	-0.058418 0.011731  1.299799
38.73913574	476	-0.062967 0.010774  1.303151
38.74428558	479	-0.070149 0.016041  1.304587
38.74943923	480	-0.072544 0.017956  1.308897
38.75458908	482	-0.072544 0.016520  1.291419
38.75972747	486	-0.072544 0.016999  1.288546
38.76487731	490	-0.082360 0.022266  1.292856
38.77003097	491	-0.079247 0.022266  1.296926
38.77518463	495	-0.076374 0.019153  1.278012
38.78033447	496	-0.078290 0.017238  1.289983
38.78548812	501	-0.078050 0.018914  1.288546
38.79064178	503	-0.081881 0.021069  1.287589
38.79578781	504	-0.073741 0.014844  1.278970
38.80094528	504	-0.078768 0.011971  1.282800
38.80608749	507	-0.081402 0.009577  1.279688
38.81123733	509	-0.076374 0.009577  1.268675
38.81639099	512	-0.076853 0.018675  1.268196
38.82153701	514	-0.070389 0.005746  1.275618
38.82667541	517	-0.063685 0.003352  1.259816
38.83182907	519	-0.067755 0.000718  1.248803
38.83697891	523	-0.057460 0.003831  1.247366
38.84214019	525	-0.055784 -0.005507  1.240902
38.84734344	524	-0.049799 -0.001197  1.242339
38.85254669	528	-0.049559 -0.004070  1.237071
38.85773849	529	-0.044771 -0.004549  1.222228
38.86294174	533	-0.042856 -0.009816  1.214566
38.86814498	534	-0.036870 -0.013647  1.221509
38.87334060	536	-0.042138 -0.014126  1.206187
38.87854385	537	-0.034237 -0.014844  1.209778
38.88373947	541	-0.041898 -0.007901  1.194934
38.88893127	539	-0.034955 -0.016759  1.197568
38.89413452	543	-0.036152 -0.020829  1.186554
38.89933776	546	-0.034476 -0.022026  1.182963
38.90453720	549	-0.033040 -0.019393  1.179851
38.90972900	551	-0.037589 -0.019872  1.164767
38.91493225	549	-0.037110 -0.029209  1.153754
38.92013549	549	-0.043095 -0.021308  1.156627
38.92533874	554	-0.038546 -0.016999  1.147290
38.93053054	558	-0.040940 -0.010774  1.135079
38.93574523	559	-0.045968 -0.015562  1.142262
38.94094467	562	-0.047884 -0.015083  1.117602
38.94613647	564	-0.054827 -0.008858  1.113771
38.95133209	564	-0.057460 -0.014604  1.120714
38.95652389	565	-0.062249 -0.011253  1.108025
38.96171569	569	-0.066798 -0.011013  1.101082
38.96689987	569	-0.064882 -0.004310  1.090787
38.97209167	573	-0.065600 -0.007183  1.091027
38.97729110	573	-0.072783 -0.004310  1.078098
38.98250579	575	-0.071346 -0.005985  1.064691
38.98770141	575	-0.078529 0.000000  1.060381
38.99281311	577	-0.074459 0.001197  1.059663
38.99797821	579	-0.080205 -0.005507  1.040031
39.00318527	580	-0.084275 0.002394  1.046974
39.00834655	580	-0.085951 0.003112  1.031412
39.01350021	583	-0.076374 0.001437  1.034285
39.01866149	582	-0.079726 -0.003591  1.020638
39.02385330	585	-0.083796 -0.002634  1.017765
##inga 
#ido(sec)  szog(ADC)     ax(g)    ay(g)   az(g)
39.02957534	585	-0.079726 -0.000479  1.007470
39.03482437	587	-0.081163 -0.003831  1.013934
39.04010772	587	-0.082839 -0.006943  1.015610
39.04536819	588	-0.079487 -0.011253  0.999569
39.05056381	588	-0.073262 -0.007661  0.998611
39.05575561	590	-0.067516 -0.010774  0.981373
39.06095123	592	-0.066079 -0.020351  0.980894
39.06615066	589	-0.064882 -0.020829  0.973712
39.07134628	590	-0.064882 -0.011492  0.967008
39.07654571	593	-0.056024 -0.013647  0.958389
39.08173751	591	-0.056024 -0.018435  0.967726
39.08694458	591	-0.055545 -0.014604  0.952404
39.09215164	594	-0.055306 -0.027294  0.950728
39.09735870	593	-0.053869 -0.025618  0.946179
39.10255813	597	-0.046208 -0.025857  0.942348
39.10776901	599	-0.045011 -0.030406  0.933011
39.11297988	601	-0.047165 -0.024660  0.939236
39.11817169	601	-0.042616 -0.028730  0.939715
39.12336730	601	-0.040940 -0.029927  0.927744
39.12856292	602	-0.041180 -0.033518  0.926307
39.13375854	601	-0.034237 -0.030645  0.935166
39.13895034	601	-0.040940 -0.027772  0.933011
39.14414215	601	-0.039743 -0.028012  0.922716
39.14934158	600	-0.043335 -0.027533  0.922716
39.15455245	601	-0.043813 -0.026336  0.932532
39.15974807	602	-0.050996 -0.028012  0.915294
39.16495513	602	-0.049320 -0.019393  0.910506
39.17015457	603	-0.050757 -0.022984  0.915055
39.17536926	602	-0.055306 -0.023224  0.911463
39.18056488	603	-0.056024 -0.018914  0.912900
39.18576049	601	-0.058418 -0.023224  0.912182
39.19095230	603	-0.068234 -0.019153  0.921519
39.19615173	603	-0.066558 -0.016759  0.922237
39.20134735	603	-0.066798 -0.012689  0.910984
39.20654296	602	-0.076374 -0.004070  0.920801
39.21173095	601	-0.071825 -0.004070  0.921519
39.21692657	602	-0.078529 -0.003591  0.921998
39.22212982	602	-0.067516 -0.008140  0.920801
39.22732543	602	-0.082839 0.000239  0.921758
39.23247909	601	-0.078050 -0.001197  0.929420
39.23768234	599	-0.078768 -0.000479  0.928701
39.24289321	600	-0.076135 0.000479  0.929659
39.24803924	601	-0.079487 0.004070  0.935166
39.25318908	598	-0.076614 -0.004310  0.939954
39.25838851	598	-0.083317 0.000479  0.941391
39.26353073	596	-0.073022 -0.007661  0.950488
39.26872634	595	-0.070389 -0.000479  0.951207
39.27391433	594	-0.070389 -0.002634  0.953122
39.27910614	593	-0.071825 -0.005028  0.959107
39.28430557	592	-0.061052 -0.007422  0.966769
39.28949356	592	-0.060573 -0.004788  0.965332
39.29468536	591	-0.057221 -0.010295  0.969642
39.29988098	590	-0.057221 -0.015323  0.977064
39.30508041	591	-0.059376 -0.016759  0.980894
39.31027603	590	-0.054348 -0.004310  0.990471
39.31547546	589	-0.042138 -0.012689  0.990471
39.32067489	589	-0.043095 -0.017238  0.995738
39.32587814	586	-0.041898 -0.023224  1.002203
39.33108139	587	-0.044053 -0.015562  1.009864
39.33627319	586	-0.045729 -0.015083  1.011540
39.34146499	584	-0.047165 -0.016041  1.024469
39.34666061	582	-0.037349 -0.019393  1.025426
39.35185623	582	-0.041419 -0.015323  1.035003
39.35704421	580	-0.042616 -0.020351  1.043143
39.36223602	579	-0.039983 -0.011013  1.052002
39.36743545	579	-0.038067 -0.012929  1.051523
39.37264251	577	-0.043574 -0.016759  1.063972
39.37783432	575	-0.039743 -0.016041  1.057987
39.38304138	574	-0.047165 -0.003591  1.070676
39.38823699	572	-0.056503 -0.013886  1.081689
39.39344406	572	-0.052193 -0.005746  1.090069
39.39862823	567	-0.053151 -0.011492  1.097012
39.40382003	567	-0.063446 -0.007901  1.100603
39.40901184	566	-0.061770 -0.002394  1.104195
39.41421127	562	-0.064403 -0.002873  1.121912
39.41941070	563	-0.059615 0.003112  1.126221
39.42456054	558	-0.069671 0.009337  1.128376
39.42970275	557	-0.073262 0.006464  1.130291
39.43485260	556	-0.074459 0.004310  1.141065
39.43999481	554	-0.071825 0.009098  1.150642
39.44514083	551	-0.071586 0.009577  1.153515
39.45029067	549	-0.076374 0.006225  1.168837
39.45544052	548	-0.073980 0.003831  1.164528
39.46058654	547	-0.069671 0.008858  1.180329
39.46575546	542	-0.071107 0.006943  1.170753
39.47090530	542	-0.074698 0.013168  1.193019
39.47607421	539	-0.071107 0.010295  1.192540
39.48123168	537	-0.063446 0.005028  1.198525
39.48638916	538	-0.060094 0.001437  1.193019
39.49155426	537	-0.058897 0.007183  1.205229
39.49672698	534	-0.060094 0.011971  1.221030
39.50189208	532	-0.055545 0.007661  1.219833
39.50705337	528	-0.050517 0.004788  1.230368
39.51221847	527	-0.056263 0.002155  1.234677
39.51737213	522	-0.056024 0.002634  1.230847
39.52252960	522	-0.046447 -0.002873  1.245451
39.52771759	522	-0.045250 0.001915  1.242817
39.53285980	519	-0.044292 0.000718  1.248085
39.53800582	515	-0.048841 -0.002634  1.255028
39.54320907	512	-0.041659 -0.002155  1.265083
39.54840469	510	-0.036870 -0.001197  1.266759
##inga 
#ido(sec)  szog(ADC)     ax(g)    ay(g)   az(g)
39.55413818	507	-0.036870 -0.004070  1.262689
39.55941009	503	-0.035194 0.000958  1.278491
39.56466293	503	-0.037828 -0.002873  1.275618
39.56994247	502	-0.033997 -0.000718  1.260056
39.57512664	500	-0.038786 -0.003352  1.276097
39.58033370	497	-0.033518 0.004070  1.278970
39.58546829	494	-0.041180 0.002155  1.286870
39.59061050	492	-0.045489 0.003112  1.285194
39.59576416	487	-0.044532 0.004549  1.280645
39.60092544	484	-0.047405 0.011492  1.298841
39.60607910	483	-0.046926 0.019393  1.288067
39.61124801	479	-0.048602 0.009577  1.289025
39.61641311	477	-0.047884 0.014844  1.289743
39.62156677	476	-0.056024 0.024899  1.291898
39.62672805	473	-0.060812 0.022026  1.291898
39.63188552	472	-0.060573 0.020111  1.287828
39.63705062	471	-0.063206 0.020351  1.293574
39.64220809	466	-0.061530 0.025857  1.294771
39.64736557	462	-0.063446 0.020111  1.295729
39.65251541	462	-0.063925 0.027054  1.284955
39.65766525	460	-0.066798 0.027294  1.287828
39.66282272	456	-0.061770 0.026097  1.298602
39.66797256	454	-0.064403 0.028970  1.281843
39.67311477	451	-0.063446 0.023224  1.287110
39.67825698	451	-0.062967 0.029448  1.285194
39.68340301	447	-0.063925 0.023702  1.283279
39.68856048	447	-0.061770 0.032082  1.271548
39.69372177	448	-0.057939 0.026575  1.274660
39.69886779	443	-0.055784 0.028251  1.272266
39.70401763	441	-0.055545 0.030645  1.276575
39.70916748	438	-0.052193 0.023224  1.266041
39.71432113	436	-0.051714 0.027772  1.250000
39.71946334	434	-0.045968 0.026336  1.256225
39.72461318	431	-0.040222 0.026097  1.250958
39.72975540	429	-0.042138 0.017238  1.246888
39.73491287	428	-0.044053 0.023224  1.238747
39.74006652	426	-0.039265 0.021308  1.235635
39.74521255	421	-0.036391 0.018675  1.221030
39.75035476	422	-0.031364 0.022505  1.233720
39.75550460	420	-0.035434 0.019872  1.216003
39.76065826	417	-0.025139 0.016041  1.211693
39.76581954	414	-0.030406 0.019393  1.213369
39.77099227	410	-0.028251 0.015323  1.206665
39.77614974	410	-0.019393 0.016759  1.207623
39.78130340	410	-0.029927 0.016759  1.191822
39.78646087	406	-0.022984 0.012210  1.187512
39.79161071	407	-0.021069 0.023224  1.167401
39.79677581	403	-0.022745 0.023702  1.169556
39.80192947	402	-0.022984 0.014604  1.175541
39.80708694	401	-0.034955 0.022984  1.156388
39.81224822	399	-0.027294 0.023463  1.162134
39.81740570	399	-0.028491 0.026336  1.141065
39.82255935	397	-0.028491 0.023702  1.133404
39.82771301	394	-0.029448 0.023942  1.130052
39.83285903	392	-0.033997 0.031124  1.135319
39.83800506	390	-0.039265 0.029688  1.118320
39.84314346	389	-0.035194 0.031843  1.109222
39.84830474	387	-0.037110 0.030885  1.101082
39.85344314	383	-0.036391 0.039025  1.103237
39.85858917	383	-0.035913 0.035434  1.084084
39.86374282	380	-0.040462 0.030645  1.084323
39.86889648	380	-0.044292 0.031603  1.080253
39.87405776	380	-0.047884 0.034955  1.075704
39.87920379	377	-0.046447 0.038786  1.063015
39.88434982	376	-0.045011 0.039983  1.061099
39.88949584	374	-0.045729 0.046447  1.046495
39.89464950	371	-0.050278 0.037110  1.044340
39.89978408	369	-0.049559 0.044532  1.038355
39.90493774	369	-0.048123 0.038786  1.035003
39.91008758	367	-0.043095 0.041659  1.018244
39.91524887	367	-0.045250 0.038786  1.013455
39.92041778	366	-0.050996 0.047165  1.016089
39.92557525	366	-0.048362 0.037110  1.005315
39.93073272	363	-0.051714 0.042138  0.995260
39.93590545	363	-0.039504 0.035913  0.979458
39.94107437	360	-0.046447 0.044292  0.980894
39.94622802	360	-0.038067 0.038307  0.987359
39.95138931	360	-0.034237 0.041659  0.977303
39.95654678	359	-0.041898 0.041180  0.969163
39.96169281	358	-0.034237 0.040701  0.960065
39.96685028	354	-0.025139 0.038546  0.962938
39.97200775	355	-0.029448 0.031364  0.958389
39.97716522	355	-0.027533 0.037828  0.958868
39.98230743	352	-0.029209 0.028970  0.947855
39.98745346	354	-0.029688 0.035673  0.944503
39.99259567	351	-0.019632 0.032561  0.932532
39.99773788	351	-0.022984 0.031843  0.934926
40.00288391	352	-0.017717 0.031843  0.929659
40.00802230	352	-0.025139 0.024899  0.936602
40.01317214	350	-0.017956 0.034476  0.921519
40.01831436	350	-0.017717 0.033279  0.920322
40.02346420	348	-0.016041 0.029448  0.907393
40.02859497	347	-0.019393 0.030645  0.919125
40.03375244	348	-0.016759 0.029209  0.911463
40.03889465	349	-0.018675 0.032321  0.920322
40.04404067	348	-0.020351 0.028491  0.906436
40.04917144	345	-0.027054 0.035194  0.907393
40.05431365	347	-0.022745 0.032321  0.913618
40.05945968	347	-0.028012 0.034237  0.905957
40.06461715	346	-0.025139 0.030167  0.908111
40.06975936	347	-0.027054 0.034955  0.902126
##inga 
#ido(sec)  szog(ADC)     ax(g)    ay(g)   az(g)
40.07544326	348	-0.029448 0.038067  0.900929
40.08069610	347	-0.032800 0.038067  0.910266
40.08593750	346	-0.030406 0.033518  0.905717
40.09116363	345	-0.037828 0.042616  0.915294
40.09630584	344	-0.031364 0.041419  0.898535
40.10145187	347	-0.035194 0.039983  0.909069
40.10659027	348	-0.041659 0.040222  0.901168
40.11173629	347	-0.034476 0.034716  0.908830
40.11687850	349	-0.048362 0.045250  0.895662
40.12202453	349	-0.043574 0.036631  0.907872
40.12716674	348	-0.039504 0.042856  0.914815
40.13231277	350	-0.042616 0.037589  0.921280
40.13745498	352	-0.045729 0.036391  0.918885
40.14262008	350	-0.045489 0.044053  0.922477
40.14778900	350	-0.044771 0.038307  0.917688
40.15295028	353	-0.036152 0.036631  0.931814
40.15810775	354	-0.042377 0.042616  0.931574
40.16326522	354	-0.044053 0.043095  0.921758
40.16841888	356	-0.041419 0.033279  0.935166
40.17358016	353	-0.033758 0.033279  0.942109
40.17874908	353	-0.039265 0.033518  0.950249
40.18389129	357	-0.034237 0.036391  0.943545
40.18905258	357	-0.029448 0.030645  0.953361
40.19419860	358	-0.030885 0.028012  0.963656
40.19935989	360	-0.032321 0.033040  0.964854
40.20450973	360	-0.036870 0.029688  0.966529
40.20965576	361	-0.029688 0.029927  0.979697
40.21479034	361	-0.032321 0.025139  0.983289
40.21994018	362	-0.034237 0.026575  0.978022
40.22508239	360	-0.026815 0.029209  0.990711
40.23022460	364	-0.022745 0.031124  0.996696
40.23536682	366	-0.031364 0.026575  1.003400
40.24051284	367	-0.030406 0.027772  0.993584
40.24565505	368	-0.027054 0.021548  1.007949
40.25081634	369	-0.029927 0.023224  1.017286
40.25596618	371	-0.026815 0.031843  1.023511
40.26111602	372	-0.029927 0.031843  1.035242
40.26627349	372	-0.032561 0.024660  1.040510
40.27141571	377	-0.036391 0.031364  1.042904
40.27656936	378	-0.032800 0.021548  1.058705
40.28172683	379	-0.031843 0.027533  1.059902
40.28687667	379	-0.039265 0.024181  1.063254
40.29201889	382	-0.038546 0.025139  1.065170
40.29716491	383	-0.036152 0.030406  1.079535
40.30231857	385	-0.034237 0.027533  1.077859
40.30747604	387	-0.039983 0.023942  1.089351
40.31264877	389	-0.037828 0.024181  1.098449
40.31781387	390	-0.047165 0.027772  1.103237
40.32296371	393	-0.038546 0.024899  1.103716
40.32812118	394	-0.048123 0.026575  1.117602
40.33327484	395	-0.045011 0.032800  1.124066
40.33843612	397	-0.050278 0.024660  1.128615
40.34360504	398	-0.049559 0.029448  1.140107
40.34876632	400	-0.050038 0.026097  1.138431
40.35392379	402	-0.044771 0.032321  1.150642
40.35907745	404	-0.051475 0.030885  1.164049
40.36423873	407	-0.046926 0.026336  1.164288
40.36940002	408	-0.046926 0.033279  1.178175
40.37455749	407	-0.044532 0.030167  1.178893
40.37971115	411	-0.048841 0.021308  1.187751
40.38486480	412	-0.047405 0.026815  1.189667
40.39001464	416	-0.047884 0.019872  1.199722
40.39516830	416	-0.051235 0.018675  1.208581
40.40031433	417	-0.041419 0.028970  1.204750
40.40545654	416	-0.045489 0.016759  1.215524
40.41060638	421	-0.041659 0.017956  1.212411
40.41576004	424	-0.038067 0.016280  1.221509
40.42090225	426	-0.036152 0.019632  1.234677
40.42605209	428	-0.043095 0.016759  1.233720
40.43118667	430	-0.040940 0.014844  1.229171
40.43633651	431	-0.033758 0.016759  1.245212
40.44147872	432	-0.036391 0.018675  1.243296
40.44663619	436	-0.034955 0.009098  1.245691
40.45177841	436	-0.039265 0.008380  1.261971
40.45691299	441	-0.028251 0.010534  1.257183
40.46207046	447	-0.037589 0.021069  1.260056
40.46722793	447	-0.040462 0.007422  1.259577
40.47238159	449	-0.039265 0.014844  1.275378
40.47754287	450	-0.035673 0.010295  1.276575
40.48270034	453	-0.039025 0.003831  1.276336
40.48785018	453	-0.042377 0.004310  1.279209
40.49300003	456	-0.039265 0.005985  1.287589
40.49815368	455	-0.040222 0.010295  1.282082
40.50331497	457	-0.051714 0.015562  1.283519
40.50848388	462	-0.045968 0.010056  1.288546
40.51364135	461	-0.060812 0.003591  1.284237
40.51879119	466	-0.055545 0.011731  1.280406
40.52394866	469	-0.054108 0.015802  1.296926
40.52909851	471	-0.057700 0.010056  1.292138
40.53425216	473	-0.063206 0.013886  1.293813
40.53940963	477	-0.058657 0.010056  1.288067
40.54455566	478	-0.064643 0.013647  1.291898
40.54970932	478	-0.060333 0.016759  1.285913
40.55484390	483	-0.070628 0.011731  1.289983
40.55999755	483	-0.072304 0.018196  1.288546
40.56514739	489	-0.063446 0.011971  1.284716
40.57027816	492	-0.068713 0.011731  1.282082
40.57542419	492	-0.065122 0.012929  1.283040
40.58056259	493	-0.073262 0.011731  1.273942
40.58571624	496	-0.066079 0.006704  1.270590
40.59085083	500	-0.063206 0.009098  1.273224
##inga 
#ido(sec)  szog(ADC)     ax(g)    ay(g)   az(g)
40.59651947	502	-0.066319 0.016520  1.267238
40.60181045	504	-0.068234 0.004070  1.269153
40.60707473	504	-0.062009 0.005746  1.269632
40.61232376	505	-0.063685 0.004310  1.261013
40.61747741	511	-0.061291 0.005028  1.260774
40.62261581	513	-0.055784 0.000958  1.252634
40.62776184	516	-0.058897 0.000239  1.248564
40.63291931	519	-0.054348 -0.002634  1.246409
40.63811492	521	-0.054348 0.001915  1.243536
40.64324951	524	-0.051954 -0.003831  1.238029
40.64843750	526	-0.054348 0.001437  1.233480
40.65358734	527	-0.047644 -0.006704  1.222228
40.65879058	528	-0.054827 -0.009816  1.226058
40.66399765	530	-0.053869 -0.011492  1.226537
40.66919708	534	-0.047644 -0.003352  1.212411
40.67438888	536	-0.047644 -0.009337  1.201638
40.67959976	536	-0.046926 -0.005507  1.194455
40.68479537	537	-0.048362 -0.015802  1.201638
40.68998718	541	-0.042856 -0.007661  1.187273
40.69518280	541	-0.046447 -0.005267  1.180329
40.70037460	541	-0.050278 -0.016759  1.173626
40.70557022	546	-0.055545 -0.018675  1.175541
40.71076583	548	-0.048602 -0.014604  1.164528
40.71596145	550	-0.053869 -0.006225  1.157106
40.72114944	551	-0.061291 -0.007901  1.148247
40.72634887	550	-0.052193 -0.012210  1.153993
40.73155593	553	-0.054827 -0.005267  1.141783
40.73675918	555	-0.061291 -0.007183  1.136755
40.74196243	558	-0.059136 -0.011013  1.126939
40.74716567	562	-0.056024 -0.010774  1.122869
40.75236892	562	-0.057700 -0.007422  1.112095
40.75756454	565	-0.062009 -0.010534  1.097970
40.76274871	565	-0.062488 -0.001437  1.098209
40.76794433	568	-0.065361 -0.007422  1.089590
40.77313232	570	-0.065361 -0.009098  1.083126
40.77832412	570	-0.073262 -0.005985  1.078816
40.78352355	574	-0.068713 -0.007422  1.073549
40.78872299	575	-0.065840 -0.006464  1.066846
40.79393386	575	-0.069910 -0.007901  1.060381
40.79913330	576	-0.067037 -0.003591  1.047692
40.80433654	578	-0.069910 -0.009816  1.041467
40.80954360	579	-0.067516 -0.003112  1.037158
40.81474685	581	-0.065840 -0.006943  1.036439
40.81993865	580	-0.069192 -0.007901  1.021595
40.82514190	582	-0.060812 -0.010295  1.012737
40.83033752	583	-0.058418 -0.007661  1.010343
40.83552551	584	-0.063446 -0.007183  1.005076
40.84071731	584	-0.062727 -0.015083  1.004836
40.84590911	587	-0.063206 -0.008380  1.004597
40.85110092	587	-0.060812 -0.010534  0.996696
40.85630416	586	-0.052672 -0.016999  0.991189
40.86149978	589	-0.063925 -0.015083  0.981852
40.86669921	590	-0.057700 -0.018196  0.982570
40.87189102	590	-0.059615 -0.012929  0.974191
40.87709045	590	-0.054827 -0.014844  0.967008
40.88230133	590	-0.052432 -0.023702  0.964614
40.88749694	591	-0.055306 -0.021787  0.964375
40.89269638	589	-0.055545 -0.015562  0.950010
40.89788818	591	-0.056503 -0.016520  0.950249
40.90308761	592	-0.050278 -0.023702  0.947137
40.90827560	592	-0.056742 -0.021787  0.941869
40.91347122	593	-0.054587 -0.021308  0.950010
40.91866302	592	-0.054348 -0.024421  0.941869
40.92386245	595	-0.054827 -0.018196  0.939475
40.92906570	595	-0.054108 -0.021308  0.938757
40.93426513	596	-0.052432 -0.024421  0.935166
40.93946075	598	-0.057700 -0.020590  0.937560
40.94465637	597	-0.059136 -0.019393  0.929899
40.94985580	599	-0.059854 -0.018196  0.923674
40.95505905	600	-0.059136 -0.015802  0.924631
40.96025085	598	-0.062009 -0.020351  0.921280
40.96544647	600	-0.057939 -0.021548  0.928462
40.97063827	600	-0.063925 -0.019632  0.920082
40.97584152	599	-0.064643 -0.016280  0.917928
40.98104095	600	-0.065600 -0.014365  0.922237
40.98624038	600	-0.064882 -0.007183  0.915533
40.99142837	598	-0.063685 -0.018914  0.927744
40.99662017	601	-0.062488 -0.013886  0.922237
41.00182342	601	-0.067516 -0.013886  0.919843
41.00701904	600	-0.064403 -0.007901  0.920801
41.01219558	601	-0.069671 -0.015083  0.926547
41.01741027	597	-0.062967 -0.009816  0.921998
41.02261734	599	-0.064882 -0.007661  0.923674
41.02782058	599	-0.063446 -0.001676  0.934926
41.03301239	598	-0.068234 -0.011253  0.941391
41.03821182	596	-0.067755 -0.008858  0.938518
41.04341125	593	-0.065840 -0.004788  0.940672
41.04860305	593	-0.062009 -0.008858  0.932772
41.05379486	591	-0.064403 0.000239  0.952643
41.05893325	593	-0.066079 -0.009816  0.943066
41.06413269	592	-0.058897 -0.015083  0.959107
41.06932449	592	-0.062009 -0.005267  0.954319
41.07452774	592	-0.059376 -0.008140  0.957910
41.07973480	591	-0.056024 -0.011731  0.956713
41.08493041	589	-0.054827 -0.005985  0.959826
41.09014129	589	-0.061530 -0.009098  0.971078
41.09533691	590	-0.058179 -0.011971  0.980416
41.10053253	590	-0.055066 -0.010295  0.980655
41.10572433	589	-0.055306 -0.008858  0.985683
41.11091613	586	-0.055306 -0.012929  0.994302
41.11611175	585	-0.052432 -0.009816  0.995020
##inga 
#ido(sec)  szog(ADC)     ax(g)    ay(g)   az(g)
41.12183761	584	-0.049320 -0.011731  0.996457
41.12712097	585	-0.050278 -0.010534  1.015849
41.13238525	585	-0.046926 -0.010534  1.008906
41.13764572	582	-0.054348 -0.007901  1.019680
41.14283752	582	-0.048841 -0.015083  1.022314
41.14802932	577	-0.047884 -0.007183  1.035961
41.15321731	580	-0.051714 -0.013886  1.029736
41.15842056	576	-0.055784 -0.005267  1.046734
41.16362380	577	-0.052911 -0.009337  1.045058
41.16881942	576	-0.060333 -0.005507  1.047692
41.17401885	572	-0.053869 -0.012210  1.050565
41.17922210	572	-0.055306 -0.004070  1.066846
41.18443298	573	-0.056263 -0.005267  1.069479
41.18962478	570	-0.057700 -0.002394  1.074267
41.19481277	570	-0.067755 0.000718  1.085041
41.19996261	568	-0.057939 -0.002394  1.089590
41.20514678	567	-0.064403 -0.000718  1.099406
41.21034240	565	-0.062967 0.001197  1.097252
41.21549224	560	-0.055066 -0.001676  1.111377
41.22068786	557	-0.061770 -0.002634  1.120714
41.22588348	558	-0.065600 0.003112  1.122151
41.23102951	556	-0.067037 0.001676  1.129812
41.23617172	554	-0.058897 -0.005267  1.141065
41.24136352	551	-0.060094 0.006225  1.139629
41.24652862	548	-0.063925 0.000000  1.152796
41.25164031	548	-0.059136 0.003112  1.157824
41.25680541	547	-0.063206 0.002873  1.150642
41.26196670	545	-0.059615 0.000718  1.172189
41.26712799	541	-0.052672 -0.003112  1.166683
41.27232360	540	-0.059136 0.001915  1.171471
41.27748489	539	-0.059376 0.005985  1.184400
41.28263092	538	-0.057221 0.004549  1.201398
41.28778839	535	-0.056024 -0.002873  1.188470
41.29299163	533	-0.052911 0.000479  1.195892
41.29814147	534	-0.052911 0.004310  1.206187
41.30328369	531	-0.047644 0.000958  1.209778
41.30843353	527	-0.050278 -0.005028  1.216242
41.31362915	524	-0.047884 -0.002873  1.229410
41.31881332	524	-0.044053 0.002394  1.229650
41.32395172	522	-0.050757 -0.001197  1.227974
41.32914352	520	-0.052193 0.002394  1.226058
41.33428955	517	-0.046447 0.000239  1.246888
41.33943939	514	-0.048841 0.006943  1.248085
41.34458923	510	-0.043813 0.002873  1.252634
41.34972381	508	-0.049320 0.007183  1.257901
41.35487747	505	-0.049320 0.005028  1.257183
41.36001205	502	-0.048602 0.000000  1.263168
41.36512374	501	-0.052672 0.007183  1.266759
41.37027740	501	-0.046926 0.011013  1.261013
41.37542343	499	-0.050278 0.013168  1.263168
41.38058090	496	-0.051714 0.007661  1.268196
41.38573074	492	-0.052911 0.009337  1.269393
41.39089202	491	-0.053869 0.010534  1.268435
41.39605331	489	-0.059854 0.011971  1.283279
41.40121078	486	-0.051235 0.015323  1.277294
41.40637588	485	-0.054108 0.013886  1.277054
41.41154098	481	-0.056503 0.021548  1.286631
41.41669464	479	-0.055545 0.012689  1.278970
41.42184066	476	-0.056742 0.013886  1.288067
41.42701339	475	-0.060812 0.018675  1.279927
41.43215560	472	-0.056263 0.022745  1.279448
41.43731689	472	-0.054827 0.024181  1.278491
41.44247436	468	-0.060094 0.022026  1.272984
41.44762420	464	-0.056024 0.016280  1.283040
41.45277023	463	-0.057700 0.026815  1.285913
41.45792770	461	-0.053390 0.020351  1.269393
41.46308517	458	-0.055545 0.014844  1.283040
41.46822357	455	-0.055306 0.022505  1.277294
41.47337341	453	-0.057939 0.020351  1.266999
41.47852706	452	-0.050517 0.026336  1.275618
41.48368072	451	-0.050517 0.015802  1.269632
41.48881912	449	-0.043574 0.020590  1.263407
41.49396896	448	-0.046926 0.018196  1.250239
41.49911880	448	-0.037110 0.018435  1.257901
41.50427246	443	-0.039265 0.017717  1.258859
41.50943374	440	-0.043813 0.020351  1.254070
41.51457595	438	-0.039265 0.015802  1.244733
41.51971817	433	-0.039025 0.020829  1.246648
41.52486038	433	-0.041180 0.025378  1.247127
41.53001785	430	-0.038546 0.022266  1.230128
41.53516387	430	-0.039265 0.018914  1.238987
41.54030990	427	-0.041659 0.022745  1.233720
41.54545593	424	-0.040462 0.019393  1.217679
41.55060958	423	-0.042616 0.022505  1.227016
41.55576705	419	-0.031364 0.022745  1.226298
41.56094360	420	-0.039265 0.022266  1.223425
41.56610107	417	-0.031364 0.022026  1.201398
41.57126235	416	-0.034716 0.028012  1.196370
41.57642364	411	-0.030406 0.026336  1.200919
41.58158493	409	-0.032561 0.020590  1.196370
41.58673858	409	-0.036631 0.025378  1.170035
41.59190368	408	-0.033758 0.029927  1.172908
41.59708023	407	-0.036152 0.023702  1.170753
41.60222625	405	-0.037828 0.027294  1.159500
41.60737609	402	-0.034476 0.020590  1.152796
41.61252212	399	-0.035913 0.024181  1.150642
41.61768341	401	-0.034955 0.028730  1.145853
41.62282180	397	-0.034237 0.021308  1.142501
41.62797546	397	-0.042616 0.027533  1.127658
41.63312530	394	-0.041659 0.034955  1.120954
41.63827133	394	-0.042616 0.028730  1.119517
##inga 
#ido(sec)  szog(ADC)     ax(g)    ay(g)   az(g)
41.64394760	392	-0.043095 0.029688  1.102279
41.64922714	386	-0.036870 0.033518  1.096294
41.65449523	386	-0.039504 0.032561  1.098688
41.65975952	386	-0.040940 0.039025  1.081689
41.66491317	385	-0.040701 0.030406  1.073549
41.67005538	382	-0.042856 0.030406  1.068521
41.67520904	382	-0.042377 0.030885  1.070437
41.68036651	379	-0.045968 0.033758  1.062057
41.68552780	378	-0.039025 0.036391  1.056311
41.69068145	378	-0.037828 0.033518  1.045537
41.69582748	375	-0.042616 0.031124  1.037158
41.70097351	373	-0.045729 0.032082  1.031412
41.70612716	370	-0.040222 0.037828  1.030454
41.71128845	369	-0.042856 0.041419  1.018004
41.71643829	367	-0.039983 0.038067  1.015371
41.72159194	366	-0.035913 0.036152  1.019680
41.72674560	367	-0.040222 0.034716  1.010343
41.73190307	366	-0.039025 0.033758  0.999330
41.73706054	366	-0.036152 0.039504  0.993584
41.74222183	365	-0.037828 0.034716  0.988556
41.74738311	364	-0.032800 0.031364  0.985204
41.75254440	362	-0.032800 0.038546  0.980416
41.75770568	361	-0.030885 0.034716  0.974909
41.76286697	360	-0.031364 0.037589  0.978740
41.76803207	360	-0.029927 0.042138  0.972994
41.77319717	359	-0.038067 0.034237  0.957192
41.77833938	358	-0.035194 0.028730  0.954798
41.78348922	358	-0.025139 0.031124  0.955277
41.78863525	357	-0.029688 0.033040  0.947137
41.79377746	356	-0.032082 0.033518  0.939954
41.79893112	356	-0.027294 0.039504  0.933011
41.80408096	355	-0.029688 0.032800  0.934926
41.80921173	352	-0.032321 0.033040  0.932293
41.81435012	353	-0.028970 0.030406  0.923913
41.81949615	352	-0.025618 0.029448  0.923913
41.82464218	353	-0.032321 0.037828  0.928462
41.82978820	352	-0.029927 0.033997  0.923674
41.83494567	351	-0.029927 0.032321  0.926307
41.84008407	352	-0.024181 0.035913  0.917688
41.84523010	352	-0.026336 0.037349  0.919604
41.85036468	350	-0.029688 0.032800  0.907154
41.85550308	351	-0.032082 0.033040  0.909309
41.86064910	351	-0.027054 0.038786  0.915773
41.86579132	351	-0.030885 0.033518  0.917449
41.87093734	350	-0.038307 0.034237  0.916970
41.87607955	350	-0.033279 0.040222  0.906196
41.88122558	350	-0.031843 0.039504  0.912182
41.88637542	351	-0.029688 0.036870  0.909309
41.89151763	351	-0.036391 0.031364  0.911942
41.89666366	350	-0.037349 0.037110  0.913618
41.90180969	350	-0.037349 0.039265  0.916012
41.90697479	350	-0.034237 0.045729  0.919125
41.91212463	349	-0.033279 0.029927  0.919125
41.91728210	350	-0.041659 0.030885  0.917688
41.92243576	350	-0.036152 0.039983  0.912900
41.92758178	353	-0.040701 0.035434  0.914815
41.93273544	353	-0.040462 0.034237  0.919125
41.93789291	353	-0.036631 0.041419  0.925828
41.94305038	355	-0.035194 0.036391  0.927744
41.94821929	356	-0.034955 0.034237  0.933250
41.95337677	356	-0.033518 0.037589  0.932532
41.95852279	356	-0.034955 0.036152  0.940193
41.96367645	355	-0.035673 0.035434  0.939954
41.96883010	358	-0.033758 0.031603  0.938278
41.97397994	358	-0.039983 0.034716  0.942348
41.97912216	358	-0.034716 0.034237  0.952643
41.98427581	358	-0.034237 0.032082  0.949770
41.98940658	359	-0.032321 0.033997  0.957431
41.99455642	359	-0.034476 0.024181  0.954080
41.99969863	359	-0.036870 0.036152  0.962459
42.00485229	360	-0.033279 0.028970  0.976346
42.00998687	362	-0.034716 0.034476  0.973472
42.01513290	363	-0.032082 0.030406  0.979697
42.02027511	365	-0.032800 0.036152  0.980176
42.02542495	365	-0.033997 0.025139  0.978022
42.03056335	367	-0.038786 0.031364  0.995499
42.03570938	369	-0.039983 0.030645  1.001484
42.04085540	368	-0.030885 0.025139  1.001484
42.04600906	369	-0.028970 0.030167  1.010343
42.05115127	369	-0.033279 0.029927  1.016089
42.05630493	372	-0.034716 0.032321  1.026384
42.06144714	376	-0.030406 0.027533  1.027581
42.06659698	377	-0.031124 0.031603  1.034524
42.07173919	380	-0.040222 0.030406  1.044819
42.07688140	379	-0.042138 0.026336  1.049607
42.08203125	381	-0.035194 0.029927  1.052720
42.08718872	380	-0.036152 0.024899  1.062775
42.09234619	384	-0.039504 0.029448  1.062536
42.09751892	384	-0.035673 0.026575  1.079295
42.10268783	385	-0.034955 0.030406  1.087435
42.10786056	387	-0.041419 0.025857  1.078577
42.11302185	389	-0.037349 0.018914  1.087914
42.11818313	393	-0.039504 0.028491  1.099167
42.12334442	393	-0.040940 0.024181  1.104913
42.12850952	394	-0.040462 0.017717  1.112574
42.13365936	398	-0.042377 0.029209  1.124785
42.13881301	398	-0.042138 0.027054  1.122869
42.14396667	399	-0.039743 0.026097  1.124066
42.14911651	403	-0.039504 0.027533  1.131009
42.15425872	406	-0.041180 0.026336  1.141304
42.15941619	407	-0.045968 0.022505  1.153993
##inga 
#ido(sec)  szog(ADC)     ax(g)    ay(g)   az(g)
42.16510772	408	-0.049081 0.023942  1.155191
42.17038726	407	-0.043574 0.023702  1.158303
42.17565917	410	-0.049081 0.026575  1.175541
42.18093490	412	-0.045250 0.019632  1.183202
42.18608474	414	-0.043574 0.030645  1.181527
42.19122695	417	-0.046208 0.020829  1.182963
42.19638442	417	-0.046686 0.021548  1.194455
42.20153045	418	-0.046208 0.021787  1.200680
42.20668029	420	-0.046208 0.026815  1.215284
42.21182250	425	-0.041419 0.025139  1.209299
42.21697235	424	-0.043335 0.016999  1.216242
42.22211456	428	-0.047165 0.015083  1.228452
42.22727203	427	-0.045729 0.019393  1.215284
42.23241424	432	-0.050757 0.021308  1.218397
42.23755645	434	-0.039504 0.013647  1.227734
42.24269866	434	-0.039743 0.008619  1.235156
42.24784851	437	-0.039983 0.014604  1.228213
42.25299072	439	-0.040701 0.017238  1.245451
42.25813293	444	-0.043095 0.011971  1.245930
42.26327514	447	-0.035913 0.006704  1.259577
42.26843643	448	-0.043095 0.010295  1.251915
42.27359771	448	-0.042138 0.008858  1.256464
42.27875900	451	-0.047405 0.016280  1.263886
42.28390884	450	-0.034716 0.006464  1.252394
42.28906631	454	-0.046208 0.015562  1.260056
42.29422760	456	-0.050278 0.018435  1.254070
42.29939270	457	-0.043574 0.010534  1.273463
42.30454635	459	-0.048362 0.002394  1.273702
42.30970764	460	-0.055066 0.011731  1.264126
42.31485748	464	-0.052432 0.014126  1.269632
42.32001876	465	-0.051475 0.016759  1.279209
42.32518005	469	-0.058657 0.006464  1.266999
42.33032226	472	-0.062967 0.012929  1.267717
42.33546829	474	-0.050038 0.014844  1.268435
42.34062576	474	-0.060573 0.012929  1.279688
42.34577560	478	-0.062009 0.012929  1.274181
42.35091781	480	-0.061530 0.011013  1.268196
42.35606384	483	-0.059136 0.014604  1.268675
42.36122131	485	-0.058179 0.009577  1.276336
42.36636352	485	-0.061052 0.011492  1.276336
42.37150955	490	-0.062488 0.010774  1.262450
42.37665939	493	-0.064164 0.007183  1.262210
42.38179779	493	-0.055066 0.006225  1.273942
42.38694763	496	-0.054827 0.010295  1.267477
42.39209747	500	-0.058897 0.002873  1.256943
42.39723587	500	-0.059136 0.005985  1.261492
42.40237045	502	-0.062249 0.012210  1.264365
42.40750122	503	-0.059136 0.004549  1.257661
42.41263580	505	-0.062967 0.003352  1.244254
42.41778945	508	-0.054348 0.004070  1.255985
42.42293167	509	-0.056263 0.004788  1.248803
42.42807769	512	-0.055784 0.004788  1.241142
42.43321990	515	-0.056742 -0.005028  1.239466
42.43841552	518	-0.051475 0.000000  1.238747
42.44353103	522	-0.054348 0.004070  1.225819
42.44868469	525	-0.052193 -0.002873  1.224861
42.45387649	526	-0.058657 -0.005028  1.217439
42.45907592	527	-0.044771 -0.005746  1.215045
42.46427917	529	-0.051235 -0.005028  1.203314
42.46948242	532	-0.057460 -0.001197  1.194455
42.47469329	535	-0.048123 -0.008140  1.204990
42.47988891	536	-0.048123 -0.002394  1.193737
42.48507690	537	-0.043574 -0.000718  1.188709
42.49026870	537	-0.053151 -0.006943  1.181287
42.49546051	540	-0.056503 -0.009098  1.176499
42.50065994	542	-0.056024 -0.008140  1.170513
42.50585174	543	-0.052672 -0.010534  1.170753
42.51105117	545	-0.048841 -0.006464  1.160937
42.51624679	549	-0.053151 -0.018675  1.145853
42.52146148	550	-0.058179 -0.004549  1.142262
42.52666854	551	-0.057700 -0.009337  1.142501
42.53186035	550	-0.062249 -0.008380  1.128376
42.53706741	553	-0.059136 -0.006704  1.124306
42.54227447	555	-0.061291 -0.008858  1.123587
42.54747009	558	-0.062727 -0.013168  1.115687
42.55266189	560	-0.062727 0.000479  1.101082
42.55779647	562	-0.064164 -0.007901  1.110180
42.56299209	562	-0.060812 -0.006943  1.100364
42.56818771	567	-0.067755 -0.007661  1.086717
42.57337951	568	-0.063925 -0.004788  1.073789
42.57858276	568	-0.062009 -0.010774  1.076662
42.58377838	570	-0.072783 -0.006225  1.076422
42.58897018	570	-0.065361 -0.003591  1.060381
42.59417724	574	-0.069910 -0.008380  1.060860
42.59938049	575	-0.064403 -0.005985  1.053438
42.60457229	574	-0.062009 -0.014365  1.039791
42.60976028	575	-0.068952 -0.011731  1.034763
42.61497116	575	-0.061770 -0.011492  1.037158
42.62016677	579	-0.061052 -0.017477  1.024708
42.62535858	578	-0.063446 -0.008858  1.028299
42.63055038	579	-0.065361 -0.019872  1.019680
42.63573837	582	-0.057221 -0.015083  1.011779
42.64093017	584	-0.058897 -0.016041  1.013695
42.64613723	582	-0.058179 -0.015802  0.994541
42.65132522	585	-0.061770 -0.021787  0.996457
42.65652084	584	-0.056742 -0.018435  0.992147
42.66172027	587	-0.061530 -0.012929  0.993584
42.66692733	587	-0.058657 -0.016280  0.977782
42.67213439	588	-0.054108 -0.010295  0.977782
42.67733764	587	-0.052672 -0.016999  0.977782
42.68254470	590	-0.055306 -0.011731  0.968445
##inga 
#ido(sec)  szog(ADC)     ax(g)    ay(g)   az(g)
42.68827056	590	-0.058897 -0.015562  0.959107
42.69353866	590	-0.058897 -0.014126  0.954559
42.69882965	592	-0.061291 -0.016041  0.950728
42.70410537	589	-0.056503 -0.021548  0.957910
42.70929718	589	-0.062488 -0.017956  0.945221
42.71449661	592	-0.057700 -0.020590  0.948813
42.71969604	591	-0.057700 -0.017956  0.942109
42.72489166	592	-0.056263 -0.012450  0.940912
42.73009490	593	-0.062009 -0.016999  0.941869
42.73529434	593	-0.060812 -0.019632  0.938278
42.74049758	593	-0.060573 -0.019632  0.935884
42.74569702	594	-0.059376 -0.021548  0.935884
42.75089645	593	-0.065361 -0.021308  0.926307
42.75609207	593	-0.059376 -0.014844  0.925589
42.76129531	594	-0.057460 -0.018435  0.926547
42.76649475	591	-0.066798 -0.013886  0.928223
42.77170181	594	-0.062967 -0.013168  0.922716
42.77689743	595	-0.066319 -0.017238  0.932772
42.78209686	593	-0.063685 -0.016520  0.925110
42.78728103	592	-0.060812 -0.016041  0.921519
42.79246902	593	-0.066319 -0.011013  0.935166
42.79766845	594	-0.066079 -0.014844  0.927265
42.80286026	595	-0.060333 -0.013647  0.931096
42.80805969	595	-0.063925 -0.015083  0.931096
42.81325912	591	-0.066558 -0.014604  0.937081
42.81846237	591	-0.059136 -0.000958  0.933011
42.82366561	591	-0.053869 -0.013168  0.934208
42.82886505	593	-0.057460 -0.011492  0.936842
42.83406448	593	-0.062727 -0.005985  0.934926
42.83927154	589	-0.056024 -0.015562  0.940433
42.84446334	592	-0.057700 -0.011253  0.947376
42.84965133	592	-0.057460 -0.001676  0.940433
42.85484695	592	-0.058418 -0.009337  0.955516
42.86003494	591	-0.055306 -0.008858  0.957671
42.86523818	591	-0.055306 -0.011492  0.954080
42.87042617	591	-0.058897 -0.011013  0.961262
42.87562561	590	-0.054108 -0.011731  0.960544
42.88082122	587	-0.050038 -0.007422  0.967008
42.88601684	588	-0.055545 -0.011492  0.968684
42.89122009	589	-0.049559 -0.014844  0.976106
42.89641952	588	-0.049320 -0.010295  0.977303
42.90162658	587	-0.052193 -0.009337  0.981852
42.90683364	586	-0.053390 -0.009816  0.994062
42.91202163	585	-0.048362 -0.009337  0.985922
42.91721343	585	-0.048602 -0.004070  0.991429
42.92240524	585	-0.050996 -0.007901  0.995499
42.92758941	583	-0.049559 -0.006464  1.015610
42.93278503	581	-0.056263 -0.012689  1.012258
42.93797302	580	-0.050996 -0.008140  1.007470
42.94316482	579	-0.052911 -0.006225  1.016807
42.94836425	577	-0.059376 -0.007661  1.028778
42.95356750	576	-0.057460 -0.008858  1.034763
42.95875930	575	-0.052193 -0.008380  1.043143
42.96396255	573	-0.062488 0.000000  1.043861
42.96907424	574	-0.067276 -0.007901  1.047692
42.97428131	573	-0.062967 -0.001437  1.061339
42.97949218	571	-0.059615 -0.002155  1.060860
42.98468780	569	-0.058179 0.000718  1.075464
42.98983383	568	-0.069192 -0.005985  1.068761
42.99503326	567	-0.059854 -0.003831  1.070676
43.00022125	562	-0.059615 -0.006464  1.089590
43.00541305	564	-0.065361 0.000479  1.095815
43.01054763	561	-0.056024 0.001197  1.106589
43.01568984	558	-0.060573 0.006464  1.103716
43.02084732	557	-0.064403 -0.001197  1.106110
43.02603530	555	-0.061530 -0.001197  1.121433
43.03123092	553	-0.059136 0.001437  1.128855
43.03638839	548	-0.056503 0.002155  1.127179
43.04154968	548	-0.061530 -0.001676  1.133882
43.04675292	549	-0.054587 -0.000239  1.145614
43.05195617	546	-0.056503 0.001676  1.148247
43.05711364	544	-0.051954 0.007422  1.148966
43.06226730	542	-0.050757 -0.000479  1.162373
43.06746673	538	-0.048362 0.003112  1.162852
43.07262039	540	-0.055066 -0.005985  1.172429
43.07782745	535	-0.053869 -0.004310  1.174105
43.08302688	537	-0.053390 0.000000  1.186554
43.08813095	536	-0.052193 0.005028  1.194934
43.09328842	533	-0.047405 -0.006225  1.193258
43.09848022	530	-0.040701 0.007901  1.200919
43.10361862	526	-0.049559 0.000000  1.203553
43.10872268	525	-0.044771 0.004070  1.202356
43.11386489	524	-0.051714 -0.003352  1.204990
43.11905670	521	-0.051714 0.002634  1.219115
43.12419128	521	-0.056742 0.005028  1.222467
43.12934494	516	-0.047884 0.000718  1.219833
43.13448715	515	-0.056981 0.005507  1.227495
43.13964462	512	-0.051475 0.006464  1.239944
43.14478683	510	-0.055545 0.009577  1.233241
43.14993286	506	-0.051714 0.003831  1.233480
43.15507507	506	-0.052672 0.005028  1.246888
43.16022109	504	-0.054827 0.000000  1.247127
43.16533279	502	-0.055306 0.008140  1.242339
43.17047500	501	-0.052911 0.011971  1.252394
43.17562103	499	-0.055784 0.015083  1.251676
43.18078231	496	-0.054587 0.006225  1.257661
43.18594360	494	-0.058897 0.016759  1.266280
43.19109344	492	-0.052672 0.019153  1.262450
43.19624710	488	-0.056981 0.014126  1.258619
43.20140457	484	-0.057221 0.018196  1.266041
43.20655441	483	-0.054587 0.014365  1.265802
##inga 
#ido(sec)  szog(ADC)     ax(g)    ay(g)   az(g)
43.21225738	479	-0.060094 0.014126  1.261253
43.21753692	477	-0.055545 0.018675  1.269153
43.22283554	475	-0.056742 0.018196  1.259816
43.22809982	473	-0.053151 0.017238  1.272745
43.23325729	472	-0.055545 0.018675  1.271069
43.23842239	470	-0.054348 0.019872  1.268675
43.24358749	465	-0.053151 0.015802  1.265802
43.24875259	463	-0.051954 0.017477  1.266520
43.25391387	464	-0.052911 0.017717  1.266520
43.25905609	458	-0.048362 0.017717  1.267477
43.26421356	456	-0.043335 0.021787  1.265323
43.26935577	455	-0.048123 0.016520  1.265323
43.27450180	451	-0.041180 0.020111  1.252155
43.27964019	452	-0.044053 0.013886  1.258140
43.28478622	451	-0.043813 0.024899  1.261492
43.28993606	449	-0.038067 0.016041  1.245691
43.29507446	447	-0.039743 0.019632  1.246409
43.30022430	446	-0.042377 0.017238  1.248324
43.30538558	445	-0.041659 0.020590  1.237790
43.31052780	441	-0.037828 0.017717  1.245451
43.31567764	436	-0.041180 0.024899  1.244015
43.32083129	435	-0.045968 0.020111  1.235396
43.32598876	434	-0.040940 0.018914  1.234198
43.33114242	432	-0.046208 0.022984  1.229889
43.33629226	429	-0.039743 0.016759  1.221030
43.34143447	428	-0.040701 0.017238  1.211933
43.34658050	426	-0.040701 0.021308  1.207623
43.35172271	423	-0.040222 0.021308  1.211933
43.35686874	419	-0.038786 0.020351  1.208581
43.36201095	418	-0.037828 0.027772  1.199483
43.36716842	417	-0.039265 0.028491  1.187033
43.37232589	415	-0.040701 0.027294  1.185597
43.37749481	414	-0.038546 0.024899  1.187512
43.38265228	411	-0.037349 0.026575  1.182724
43.38781738	410	-0.042616 0.020111  1.170992
43.39297866	409	-0.032561 0.030167  1.166683
43.39815139	408	-0.041419 0.031124  1.156867
43.40330886	406	-0.045250 0.033279  1.147050
43.40846252	405	-0.038546 0.032800  1.150642
43.41361618	402	-0.041898 0.033758  1.137713
43.41878128	400	-0.038546 0.032800  1.125503
43.42391967	400	-0.045250 0.033997  1.140825
43.42908859	400	-0.039743 0.030406  1.124306
43.43423843	395	-0.040462 0.032800  1.116405
43.43938446	395	-0.037589 0.026575  1.113053
43.44454574	391	-0.039983 0.029209  1.099406
43.44970321	392	-0.037828 0.025857  1.106110
43.45484542	386	-0.043574 0.028491  1.085281
43.45999908	388	-0.036870 0.029688  1.080971
43.46516036	386	-0.033279 0.031843  1.078338
43.47030639	385	-0.035673 0.037589  1.071394
43.47545623	382	-0.034955 0.030406  1.070197
43.48060989	383	-0.033279 0.033518  1.056072
43.48575973	381	-0.037589 0.030167  1.054156
43.49090957	380	-0.036391 0.033758  1.050326
43.49605178	376	-0.031124 0.030645  1.044819
43.50120162	377	-0.037349 0.033997  1.039791
43.50634765	374	-0.034716 0.037349  1.029975
43.51149368	372	-0.033040 0.035194  1.025905
43.51664352	371	-0.035434 0.033758  1.026863
43.52180862	369	-0.035194 0.029688  1.012258
43.52697753	370	-0.028251 0.037110  1.012498
43.53213882	369	-0.033040 0.036870  1.004357
43.53728866	368	-0.029448 0.034955  0.996696
43.54244613	365	-0.032321 0.031364  1.002921
43.54760360	367	-0.035434 0.029209  0.985443
43.55276489	365	-0.031603 0.036152  0.981613
43.55791854	364	-0.031843 0.037110  0.972994
43.56307601	362	-0.034716 0.033040  0.976346
43.56822967	363	-0.035673 0.029209  0.968445
43.57338714	358	-0.044053 0.037828  0.963417
43.57852554	359	-0.034955 0.033997  0.952643
43.58367538	360	-0.038307 0.037110  0.955756
43.58883285	359	-0.032800 0.030406  0.947855
43.59397506	357	-0.033997 0.039983  0.943306
43.59912109	358	-0.035913 0.030406  0.952643
43.60427093	358	-0.038067 0.033040  0.948334
43.60941696	357	-0.039265 0.037349  0.933011
43.61455917	357	-0.034716 0.033279  0.927983
43.61971282	356	-0.042138 0.034955  0.934926
43.62485504	354	-0.035434 0.033758  0.935166
43.63000106	352	-0.033997 0.041180  0.927025
43.63513565	353	-0.033040 0.045011  0.928701
43.64027023	352	-0.034716 0.032561  0.920561
43.64541244	354	-0.033518 0.035194  0.918885
43.65055847	353	-0.036391 0.034237  0.914815
43.65570068	351	-0.030406 0.045489  0.924871
43.66084671	353	-0.023224 0.039504  0.911942
43.66599655	354	-0.031124 0.038786  0.917688
43.67113876	351	-0.033518 0.039265  0.922477
43.67629623	353	-0.029927 0.042856  0.917449
43.68144226	353	-0.031124 0.037110  0.911463
43.68658828	353	-0.029927 0.031364  0.919843
43.69173049	353	-0.034716 0.034955  0.917449
43.69688796	353	-0.030885 0.032082  0.920082
43.70204544	354	-0.030406 0.037589  0.920322
43.70720291	353	-0.029448 0.023224  0.922955
43.71237564	354	-0.028491 0.032561  0.919125
43.71753311	355	-0.034237 0.028491  0.925350
43.72268676	356	-0.026815 0.034237  0.922237
43.72784042	355	-0.035673 0.034476  0.924392
##inga 
#ido(sec)  szog(ADC)     ax(g)    ay(g)   az(g)
43.73352813	357	-0.035913 0.030885  0.928223
43.73881149	356	-0.033758 0.032082  0.929180
43.74408340	356	-0.031364 0.027772  0.929659
43.74934005	357	-0.032561 0.029927  0.929659
43.75449371	358	-0.026097 0.036631  0.932293
43.75964736	358	-0.035673 0.027054  0.928223
43.76481628	359	-0.030645 0.033040  0.938278
43.76996231	359	-0.033758 0.025378  0.949770
43.77511596	359	-0.033518 0.029209  0.953601
43.78026962	361	-0.039983 0.035434  0.962699
43.78543090	362	-0.030406 0.034476  0.955995
43.79057693	362	-0.042377 0.032561  0.957431
43.79571914	362	-0.032800 0.032561  0.964375
43.80087280	364	-0.041659 0.027294  0.971557
43.80603027	366	-0.038786 0.035434  0.971318
43.81118774	366	-0.039504 0.029448  0.972036
43.81632232	365	-0.036870 0.040940  0.989992
43.82146453	369	-0.040701 0.031843  0.989274
43.82661056	369	-0.043095 0.031124  0.995499
43.83176040	370	-0.038546 0.035673  0.992147
43.83690261	371	-0.043095 0.034955  1.001484
43.84205627	370	-0.043095 0.033758  1.010343
43.84719467	372	-0.044771 0.027054  1.013455
43.85234451	376	-0.038067 0.030885  1.024229
43.85749435	376	-0.043095 0.038307  1.023511
43.86264419	378	-0.040222 0.031843  1.029257
43.86779022	381	-0.044771 0.026336  1.036679
43.87294006	379	-0.045729 0.025378  1.046734
43.87809753	382	-0.039265 0.029209  1.048650
43.88325500	383	-0.042616 0.025378  1.056550
43.88840866	385	-0.041659 0.034476  1.069479
43.89356613	387	-0.043813 0.030885  1.063254
43.89873886	389	-0.039504 0.027772  1.069958
43.90390014	387	-0.039983 0.027054  1.081450
43.90905380	393	-0.042138 0.020351  1.085760
43.91420745	392	-0.039743 0.027294  1.105152
43.91936874	395	-0.034476 0.026575  1.102519
43.92451477	395	-0.039025 0.025618  1.114490
43.92967987	397	-0.036391 0.024421  1.112814
43.93485260	399	-0.039025 0.021787  1.121193
43.94001388	403	-0.041180 0.027294  1.123109
43.94516754	403	-0.039743 0.025378  1.125982
43.95032882	406	-0.037589 0.018675  1.136516
43.95547485	408	-0.039983 0.016759  1.144177
43.96061325	408	-0.040940 0.026575  1.150402
43.96575546	409	-0.032561 0.020351  1.153754
43.97091293	408	-0.035194 0.018196  1.155909
43.97605133	412	-0.035434 0.012210  1.164049
43.98120117	413	-0.039265 0.018914  1.168359
43.98635101	415	-0.040462 0.016041  1.181048
43.99150466	417	-0.037589 0.018675  1.177935
43.99664688	417	-0.033997 0.016520  1.180329
44.00178909	419	-0.039265 0.017956  1.197807
44.00693511	424	-0.042856 0.016759  1.182963
44.01209640	426	-0.043574 0.019153  1.202116
44.01724243	427	-0.044532 0.020829  1.199244
44.02239608	428	-0.042138 0.012929  1.207862
44.02754211	429	-0.042616 0.017956  1.212172
44.03269577	434	-0.045011 0.013647  1.219115
44.03784179	434	-0.043095 0.012450  1.215763
44.04299163	436	-0.047884 0.016759  1.235874
44.04814910	439	-0.044053 0.015083  1.229410
44.05329132	441	-0.048362 0.014365  1.232044
44.05845642	444	-0.047884 0.015323  1.237790
44.06361770	448	-0.042856 0.015802  1.240184
44.06877899	449	-0.057700 0.016041  1.243296
44.07393264	449	-0.046926 0.011492  1.254788
44.07908630	450	-0.048123 0.021548  1.254310
44.08424377	453	-0.057460 0.011013  1.250239
44.08941268	456	-0.047405 0.012210  1.269153
44.09455871	456	-0.052432 0.013647  1.253591
44.09971618	457	-0.051714 0.017477  1.259816
44.10486984	460	-0.055066 0.012450  1.263168
44.11001586	462	-0.057700 0.016759  1.257661
44.11516952	464	-0.055784 0.017238  1.255985
44.12031936	467	-0.056742 0.017477  1.253591
44.12548065	469	-0.057221 0.023702  1.261253
44.13061904	472	-0.059136 0.011253  1.264605
44.13576507	474	-0.057700 0.014126  1.259577
44.14091873	476	-0.058657 0.017956  1.263647
44.14606857	478	-0.057460 0.011253  1.262210
44.15120697	480	-0.058657 0.006225  1.266041
44.15634918	482	-0.058657 0.007422  1.264126
44.16149520	482	-0.053869 0.008619  1.281364
44.16664123	485	-0.047644 0.007422  1.269872
44.17178726	491	-0.060573 0.005507  1.254788
44.17694473	491	-0.051235 0.003112  1.250958
44.18209075	495	-0.057460 0.009577  1.244733
44.18723678	496	-0.050278 0.001915  1.253591
44.19237899	500	-0.049320 0.005507  1.251676
44.19752120	501	-0.052432 0.000718  1.235874
44.20266723	503	-0.050278 -0.000239  1.244493
44.20786285	504	-0.051714 0.001915  1.250479
44.21302032	506	-0.046926 0.001437  1.244972
44.21818161	508	-0.054108 0.001197  1.240902
44.22334289	511	-0.054108 -0.004549  1.228931
44.22853851	511	-0.049081 -0.003112  1.233959
44.23374176	516	-0.053151 0.000718  1.233241
44.23891448	518	-0.050757 -0.001437  1.221988
44.24412536	519	-0.052672 -0.005267  1.213848
44.24932479	524	-0.056024 -0.004070  1.207623
##inga 
#ido(sec)  szog(ADC)     ax(g)    ay(g)   az(g)
44.25506210	525	-0.056263 0.002394  1.202356
44.26032638	526	-0.059376 0.000479  1.208581
44.26559448	528	-0.054348 -0.007422  1.201877
44.27086257	528	-0.052432 -0.006704  1.185597
44.27605438	532	-0.053390 -0.003831  1.180329
44.28125381	533	-0.051235 -0.006464  1.188470
44.28644561	535	-0.062009 -0.008140  1.182484
44.29164505	537	-0.056503 -0.007183  1.170274
44.29684829	539	-0.059854 -0.007901  1.175541
44.30203628	540	-0.064882 -0.006225  1.166443
44.30722808	543	-0.067755 -0.003591  1.153036
44.31243515	542	-0.059615 -0.004788  1.157585
44.31763458	545	-0.063925 -0.005267  1.142980
44.32283782	549	-0.060812 -0.003112  1.139629
44.32804489	550	-0.058418 0.001197  1.128376
44.33320236	551	-0.066798 -0.006704  1.127897
44.33840560	550	-0.065840 -0.001915  1.122630
44.34358978	554	-0.070628 -0.001437  1.113293
44.34879302	557	-0.059854 -0.004310  1.110180
44.35398101	558	-0.062488 -0.006704  1.097491
44.35917663	561	-0.061530 -0.010056  1.091506
44.36438369	561	-0.065122 -0.005985  1.093660
44.36957168	562	-0.060333 -0.007901  1.083844
44.37476348	563	-0.062009 -0.002394  1.073549
44.37996292	567	-0.061530 -0.005746  1.075464
44.38516235	568	-0.061770 -0.008619  1.067085
44.39036941	568	-0.065600 -0.003831  1.064212
44.39556884	570	-0.060573 -0.014604  1.055114
44.40077972	573	-0.051714 -0.009816  1.051762
44.40598297	572	-0.054108 -0.010295  1.042664
44.41117095	575	-0.057460 -0.015562  1.035482
44.41636657	575	-0.055545 -0.010774  1.040988
44.42155456	574	-0.050517 -0.012450  1.023032
44.42675018	577	-0.049799 -0.018196  1.027581
44.43193817	579	-0.056263 -0.018914  1.001484
44.43713760	581	-0.051475 -0.016041  1.005794
44.44233703	581	-0.052193 -0.019153  1.013216
44.44753646	582	-0.052432 -0.021308  0.996696
44.45274353	584	-0.057221 -0.016041  0.988556
44.45795059	584	-0.056263 -0.016999  0.985204
44.46315765	584	-0.049559 -0.015802  0.988795
44.46836853	585	-0.060812 -0.017717  0.989753
44.47356796	586	-0.059854 -0.016041  0.979219
44.47876358	586	-0.056981 -0.012450  0.975388
44.48395538	587	-0.055066 -0.013647  0.970121
44.48915100	586	-0.063446 -0.016280  0.974670
44.49433135	587	-0.060812 -0.012689  0.960065
44.49953079	590	-0.058179 -0.013407  0.961262
44.50472259	590	-0.061770 -0.012210  0.961023
44.50991821	590	-0.071107 -0.013886  0.953840
44.51510620	590	-0.065840 -0.006943  0.950728
44.52030944	589	-0.065361 -0.005746  0.948573
44.52550888	589	-0.072304 -0.012450  0.942827
44.53070068	592	-0.067037 -0.012450  0.944982
44.53590011	591	-0.066798 -0.014365  0.944742
44.54110717	591	-0.065361 -0.013647  0.938757
44.54630661	592	-0.063446 -0.014126  0.943545
44.55149841	590	-0.070868 -0.014844  0.937081
44.55668640	590	-0.068473 -0.014844  0.937799
44.56188583	593	-0.063925 -0.011253  0.932053
44.56707763	592	-0.063206 -0.014365  0.932053
44.57226943	591	-0.063206 -0.013407  0.939954
44.57746124	591	-0.058657 -0.013647  0.934447
44.58265686	592	-0.062967 -0.022266  0.928223
44.58786392	591	-0.064882 -0.014844  0.922955
44.59306335	592	-0.064164 -0.016520  0.936123
44.59826278	592	-0.059136 -0.016280  0.940912
44.60346984	589	-0.061052 -0.019632  0.930856
44.60867691	591	-0.058657 -0.011492  0.937560
44.61386871	592	-0.058897 -0.014604  0.938039
44.61906814	591	-0.050517 -0.011731  0.937320
44.62426376	591	-0.055066 -0.017956  0.945461
44.62946319	590	-0.056742 -0.019153  0.942109
44.63465881	592	-0.052193 -0.012929  0.941151
44.63985061	591	-0.055066 -0.015083  0.942588
44.64503860	591	-0.048841 -0.009098  0.953601
44.65023422	589	-0.050278 -0.010534  0.947615
44.65543746	587	-0.054827 -0.010534  0.958389
44.66064071	587	-0.051235 -0.015083  0.954798
44.66584396	590	-0.047165 -0.014126  0.961502
44.67104721	589	-0.048123 -0.010534  0.963417
44.67625427	588	-0.051714 -0.008380  0.969163
44.68145751	586	-0.056742 -0.016999  0.973472
44.68664550	584	-0.049320 -0.014365  0.973712
44.69184112	586	-0.055066 -0.010295  0.985443
44.69702911	585	-0.059615 -0.006943  0.975388
44.70222091	585	-0.052672 -0.008619  0.983289
44.70741653	584	-0.062967 -0.009577  0.984725
44.71260452	582	-0.057460 -0.007183  0.994781
44.71780776	580	-0.061530 -0.002155  1.000527
44.72300720	577	-0.056503 -0.003352  1.006033
44.72820281	579	-0.056742 -0.006225  1.010103
44.73339843	576	-0.063925 -0.003591  1.015371
44.73859786	576	-0.063925 -0.003831  1.013216
44.74380493	573	-0.063685 -0.002155  1.032130
44.74900436	575	-0.062488 0.001676  1.034285
44.75415039	573	-0.062727 -0.003352  1.037636
44.75934982	574	-0.067276 -0.000958  1.038594
44.76454162	573	-0.067276 0.001915  1.044340
44.76967620	569	-0.073501 0.004070  1.053199
44.77481842	569	-0.066798 0.001437  1.064212
##inga 
#ido(sec)  szog(ADC)     ax(g)    ay(g)   az(g)
44.78049850	568	-0.066319 -0.002155  1.066127
44.78576660	565	-0.067276 0.005507  1.068521
44.79103851	565	-0.057221 -0.000958  1.077859
44.79629898	563	-0.066079 -0.000718  1.086238
44.80149078	560	-0.064403 0.005507  1.092224
44.80663681	560	-0.062727 0.002394  1.094857
44.81178665	558	-0.053869 0.001915  1.103716
44.81693267	556	-0.055306 -0.004070  1.113532
44.82212448	553	-0.048841 -0.000718  1.108265
44.82732391	552	-0.052193 -0.000479  1.119278
44.83251953	547	-0.052432 -0.006464  1.124066
44.83771896	548	-0.049559 -0.005267  1.128136
44.84292984	548	-0.052193 -0.002394  1.125503
44.84813690	546	-0.050278 -0.005507  1.133643
44.85333251	541	-0.047644 0.000000  1.152796
44.85845184	543	-0.050038 -0.007183  1.158303
44.86365509	540	-0.044771 -0.005267  1.159021
44.86885452	538	-0.045729 0.001197  1.167161
44.87400436	537	-0.041659 -0.010295  1.172668
44.87919616	537	-0.044532 -0.004070  1.179851
44.88438796	536	-0.047405 0.000958  1.177217
44.88952636	530	-0.044532 -0.003112  1.180808
44.89471054	530	-0.048362 0.008140  1.192540
44.89985656	525	-0.047644 0.008858  1.195413
44.90499877	526	-0.046686 -0.002155  1.200919
44.91018295	524	-0.053630 0.005746  1.200441
44.91532897	523	-0.046926 0.008140  1.201877
44.92046737	519	-0.049559 0.006943  1.216242
44.92561340	517	-0.047644 0.011253  1.215045
44.93076705	515	-0.052911 0.010295  1.218158
44.93592453	509	-0.054348 0.007901  1.231325
44.94108581	508	-0.054587 0.009816  1.226537
44.94624328	508	-0.060573 0.006943  1.226537
44.95140838	505	-0.053869 0.012450  1.230368
44.95656967	502	-0.056024 0.011253  1.238508
44.96173095	503	-0.063446 0.013407  1.238029
44.96689605	499	-0.065600 0.015323  1.235156
44.97205352	499	-0.061052 0.011971  1.241620
44.97721481	497	-0.061291 0.013886  1.248564
44.98237228	493	-0.059615 0.013168  1.246648
44.98753356	492	-0.061530 0.012929  1.254070
44.99268341	490	-0.058418 0.017956  1.248803
44.99784469	487	-0.061770 0.020111  1.260056
45.00299835	486	-0.056981 0.016999  1.262929
45.00815200	482	-0.056503 0.010056  1.258140
45.01328659	480	-0.057460 0.015802  1.251197
45.01843261	477	-0.050278 0.016041  1.265562
45.02358245	473	-0.054587 0.015083  1.250718
45.02873229	473	-0.051954 0.012929  1.250000
45.03387069	472	-0.048841 0.016759  1.259577
45.03902435	469	-0.047884 0.018196  1.265562
45.04416656	464	-0.041898 0.021787  1.252634
45.04930877	465	-0.052672 0.017956  1.254070
45.05445098	464	-0.047405 0.011013  1.254549
45.05960464	459	-0.039504 0.012929  1.265323
45.06475067	457	-0.042377 0.012210  1.254788
45.06989669	454	-0.036870 0.014126  1.244493
45.07504272	453	-0.034237 0.012210  1.249042
45.08018493	449	-0.033758 0.014604  1.250239
45.08532714	448	-0.036631 0.017717  1.244493
45.09048843	449	-0.038067 0.016759  1.243775
45.09564590	448	-0.038546 0.014604  1.242099
45.10079956	447	-0.036391 0.013647  1.239705
45.10596084	444	-0.039743 0.018914  1.236832
45.11113357	440	-0.041898 0.020829  1.230847
45.11629867	436	-0.036391 0.012210  1.227255
45.12145614	433	-0.034237 0.018675  1.223664
45.12662506	432	-0.047405 0.022745  1.218397
45.13178253	430	-0.045489 0.020351  1.213369
45.13694763	431	-0.047884 0.019632  1.212890
45.14210128	428	-0.039983 0.021069  1.215524
45.14726257	426	-0.043335 0.024660  1.206187
45.15241241	422	-0.044532 0.019153  1.193019
45.15757369	423	-0.051714 0.029448  1.200680
45.16272735	421	-0.049799 0.029688  1.190864
45.16787719	420	-0.049081 0.030406  1.191103
45.17301940	415	-0.051235 0.029448  1.180090
45.17816543	413	-0.051954 0.033040  1.179851
45.18330764	411	-0.052911 0.030885  1.170513
45.18846511	408	-0.051954 0.028970  1.161176
45.19361495	410	-0.045489 0.029927  1.163810
45.19876098	409	-0.042138 0.033040  1.157106
45.20390319	408	-0.040701 0.031124  1.142980
45.20904922	406	-0.041898 0.029209  1.138192
45.21419906	403	-0.039743 0.031124  1.135079
45.21934890	402	-0.045729 0.036631  1.125263
45.22449493	400	-0.043574 0.029209  1.119996
45.22964477	401	-0.038067 0.031843  1.123587
45.23479080	397	-0.047884 0.028012  1.111856
45.23993682	397	-0.038067 0.027054  1.097252
45.24508666	395	-0.033758 0.028251  1.092463
45.25023269	393	-0.033758 0.032082  1.095815
45.25537872	391	-0.036391 0.031124  1.081929
45.26053619	387	-0.034476 0.030167  1.078338
45.26570510	388	-0.034955 0.028491  1.077380
45.27085876	387	-0.030167 0.029448  1.073070
45.27602386	383	-0.025378 0.028491  1.059902
45.28117752	382	-0.028970 0.025139  1.057987
45.28634262	381	-0.028970 0.025618  1.056550
45.29150390	382	-0.021308 0.026097  1.044580
45.29666519	381	-0.028970 0.030885  1.038594
##inga 
#ido(sec)  szog(ADC)     ax(g)    ay(g)   az(g)
45.30236434	379	-0.031843 0.025618  1.038834
45.30764007	378	-0.025139 0.028251  1.023032
45.31290435	377	-0.027772 0.028251  1.022793
45.31816864	375	-0.024899 0.028251  1.018004
45.32333755	371	-0.025857 0.030167  1.005315
45.32849502	370	-0.026097 0.031603  0.998851
45.33365249	369	-0.028491 0.028012  1.006991
45.33880233	369	-0.031364 0.033758  0.998133
45.34395217	369	-0.031843 0.025378  0.982331
45.34909439	367	-0.035673 0.025857  0.977543
45.35424041	366	-0.034237 0.034955  0.978979
45.35938262	365	-0.030885 0.033279  0.979458
45.36451721	365	-0.038067 0.028730  0.969402
45.36965942	364	-0.033040 0.041659  0.973951
45.37480545	361	-0.037589 0.039265  0.960305
45.37995529	361	-0.033040 0.037349  0.957671
45.38510513	361	-0.039983 0.036870  0.955995
45.39023590	359	-0.039743 0.035673  0.948094
45.39537811	359	-0.042377 0.043813  0.948334
45.40052795	359	-0.042377 0.043095  0.944503
45.40567016	360	-0.038786 0.040462  0.943545
45.41081237	360	-0.042377 0.036870  0.948334
45.41595077	357	-0.045250 0.046208  0.929899
45.42110443	357	-0.042377 0.041419  0.928941
45.42625045	358	-0.041659 0.040462  0.926786
45.43139648	358	-0.041898 0.040462  0.933729
45.43655014	355	-0.044532 0.041180  0.928941
45.44169616	358	-0.040940 0.034716  0.926786
45.44684219	355	-0.039743 0.040462  0.922237
45.45198822	356	-0.039025 0.040940  0.930377
45.45713424	355	-0.036152 0.036870  0.920801
45.46228027	355	-0.035913 0.034237  0.928701
45.46743774	355	-0.036870 0.035194  0.910506
45.47259902	356	-0.031124 0.038307  0.920801
45.47776412	357	-0.032082 0.034476  0.920322
45.48292541	356	-0.040222 0.036152  0.911463
45.48807907	355	-0.029927 0.033040  0.925350
45.49322509	356	-0.024421 0.032800  0.921519
45.49837493	357	-0.028251 0.029927  0.911703
45.50354003	355	-0.025139 0.038307  0.919125
45.50869369	356	-0.026336 0.030645  0.924392
45.51385879	356	-0.022745 0.026575  0.925589
45.51902389	358	-0.022505 0.024899  0.925350
45.52416610	357	-0.028012 0.026575  0.929659
45.52931976	359	-0.022266 0.028970  0.935166
45.53446578	357	-0.024660 0.025139  0.933011
45.53960800	359	-0.027294 0.026097  0.939954
45.54475784	358	-0.020111 0.030406  0.941869
45.54990386	359	-0.031364 0.021787  0.946658
45.55504226	360	-0.026336 0.024660  0.940433
45.56018447	361	-0.030406 0.027533  0.945221
45.56533050	361	-0.029927 0.030645  0.949770
45.57047271	360	-0.032561 0.026815  0.948573
45.57561492	362	-0.031603 0.032800  0.962459
45.58076095	365	-0.037828 0.030167  0.947615
45.58591079	363	-0.036631 0.032321  0.955516
45.59105682	363	-0.033997 0.030167  0.973233
45.59620666	366	-0.037349 0.029209  0.962220
45.60135269	367	-0.036870 0.031124  0.967248
45.60649490	367	-0.040222 0.043095  0.980416
45.61163330	369	-0.039743 0.030645  0.986401
45.61676406	370	-0.045250 0.038546  0.990471
45.62190246	371	-0.046447 0.030167  1.001006
45.62705230	371	-0.049559 0.037589  0.997654
45.63219451	373	-0.049559 0.036870  0.996217
45.63733673	375	-0.039743 0.031843  1.003400
45.64247894	376	-0.051475 0.037349  1.006033
45.64764404	379	-0.042377 0.034237  1.016807
45.65281295	380	-0.049799 0.029927  1.022074
45.65797424	381	-0.046208 0.034716  1.021595
45.66313934	379	-0.045489 0.031603  1.033566
45.66830825	382	-0.048841 0.032561  1.038594
45.67346954	382	-0.046208 0.035434  1.035003
45.67864227	385	-0.049320 0.036391  1.050804
45.68380737	386	-0.051954 0.033758  1.054156
45.68898391	388	-0.044292 0.023224  1.049607
45.69413757	386	-0.044532 0.029688  1.064212
45.69928359	391	-0.044532 0.028251  1.068521
45.70444107	391	-0.035673 0.028251  1.082886
45.70958709	395	-0.039025 0.022266  1.088154
45.71473693	395	-0.039504 0.022026  1.095336
45.71987915	397	-0.035673 0.021308  1.103237
45.72503280	397	-0.039504 0.020351  1.104913
45.73019027	401	-0.037349 0.021787  1.108025
45.73534011	403	-0.033279 0.015802  1.113293
45.74048233	405	-0.031603 0.024421  1.128376
45.74562835	406	-0.034716 0.019393  1.126461
45.75077056	406	-0.033518 0.018435  1.140347
45.75592803	406	-0.034476 0.020351  1.140825
45.76108169	409	-0.029448 0.015802  1.149445
45.76623535	409	-0.037828 0.015083  1.149684
45.77138519	410	-0.035673 0.018196  1.139629
45.77653884	415	-0.038786 0.012689  1.162852
45.78168487	417	-0.028012 0.013886  1.175541
45.78682708	415	-0.028970 0.013647  1.173386
45.79198455	417	-0.037828 0.013407  1.174583
45.79714584	418	-0.037828 0.021069  1.188709
45.80230331	423	-0.040222 0.018196  1.192061
45.80746841	425	-0.038067 0.022505  1.187991
45.81263351	427	-0.038786 0.022026  1.194694
45.81777954	426	-0.037349 0.014604  1.192061
##inga 
#ido(sec)  szog(ADC)     ax(g)    ay(g)   az(g)
45.82347488	431	-0.043335 0.016759  1.200919
45.82875823	432	-0.049799 0.015802  1.205708
45.83402252	434	-0.044532 0.016280  1.201638
45.83928298	437	-0.046208 0.020111  1.220791
45.84444046	437	-0.051235 0.017956  1.217200
45.84960174	442	-0.053630 0.019872  1.235156
45.85475540	444	-0.052911 0.019393  1.232283
45.85992813	445	-0.056503 0.019393  1.236114
45.86509323	448	-0.057460 0.020829  1.230607
45.87024307	449	-0.053390 0.023224  1.227255
45.87539672	451	-0.056024 0.019393  1.241620
45.88055038	452	-0.054108 0.017956  1.240902
45.88571166	455	-0.057939 0.022026  1.239944
45.89086532	454	-0.059136 0.021787  1.248564
45.89601516	455	-0.063446 0.017956  1.240663
45.90116882	459	-0.062967 0.012689  1.240423
45.90631866	462	-0.062488 0.017238  1.254549
45.91146850	463	-0.058179 0.011731  1.258140
45.91662216	466	-0.057700 0.015562  1.245212
45.92176437	469	-0.054827 0.018196  1.251676
45.92691421	472	-0.055545 0.012929  1.248803
45.93206787	471	-0.057939 0.011492  1.250000
45.93720245	473	-0.053151 0.010295  1.246888
45.94234848	477	-0.053151 0.012929  1.248803
45.94749069	479	-0.054348 0.009816  1.249521
45.95263290	481	-0.051475 0.000000  1.248324
45.95774078	482	-0.049320 0.001197  1.244254
45.96289062	485	-0.049799 0.008140  1.240423
45.96803665	490	-0.042616 0.002634  1.249282
45.97318649	492	-0.048362 0.003112  1.242578
45.97833251	491	-0.046208 0.005028  1.247366
45.98348236	493	-0.045011 -0.000958  1.241860
45.98868179	496	-0.045968 0.005985  1.243057
45.99384307	502	-0.046686 -0.001915  1.235156
45.99904251	500	-0.039983 -0.000479  1.241620
46.00424957	504	-0.048362 -0.004549  1.229410
46.00944900	505	-0.043574 0.000958  1.226537
46.01458358	506	-0.045489 -0.005028  1.222467
46.01978683	509	-0.056263 0.001915  1.210257
46.02494430	509	-0.054348 -0.001676  1.221030
46.03013229	514	-0.051954 0.000718  1.218636
46.03527450	514	-0.056742 -0.000479  1.213130
46.04045867	516	-0.053630 -0.002873  1.208341
46.04565048	519	-0.054348 -0.000479  1.211933
46.05085372	523	-0.053630 -0.001676  1.204032
46.05604553	525	-0.057700 0.001915  1.205708
46.06119918	524	-0.061770 -0.003352  1.191822
46.06639480	528	-0.062967 0.004788  1.180569
46.07155609	527	-0.061052 -0.002634  1.186315
46.07675933	533	-0.062009 0.007183  1.167401
46.08192062	535	-0.055545 0.003352  1.172908
46.08708572	535	-0.064164 -0.004788  1.168359
46.09228897	537	-0.065600 -0.005507  1.165725
46.09748840	537	-0.064164 -0.000239  1.154712
46.10269165	539	-0.063446 0.001915  1.148726
46.10784149	541	-0.066558 -0.000718  1.145135
46.11304092	542	-0.062249 -0.000958  1.149205
46.11823654	544	-0.062249 -0.001437  1.130291
46.12342834	548	-0.067037 0.002155  1.129333
46.12856292	549	-0.056263 0.001676  1.123827
46.13370132	549	-0.066079 -0.008140  1.119278
46.13889694	551	-0.057700 -0.002394  1.116405
46.14409255	550	-0.063685 -0.012689  1.107068
46.14928054	555	-0.066319 -0.011492  1.104195
46.15447616	557	-0.063925 -0.009816  1.096773
46.15967559	558	-0.058657 -0.007661  1.097012
46.16487503	559	-0.060333 -0.003352  1.083126
46.17007827	562	-0.064164 -0.011253  1.091027
46.17529296	561	-0.059615 -0.006704  1.074028
46.18050765	566	-0.058657 -0.011253  1.065409
46.18569946	566	-0.054827 -0.010056  1.053199
46.19089508	567	-0.057460 -0.016041  1.052480
46.19609451	567	-0.052911 -0.016280  1.044819
46.20129776	569	-0.058657 -0.016999  1.039791
46.20648956	572	-0.047165 -0.016520  1.042664
46.21168136	571	-0.049320 -0.018675  1.038594
46.21686935	575	-0.044053 -0.015323  1.018962
46.22207260	573	-0.046447 -0.021069  1.023032
46.22727584	575	-0.047884 -0.024660  1.007230
46.23247146	574	-0.053151 -0.016520  1.007949
46.23767089	577	-0.045250 -0.018914  1.011061
46.24288177	578	-0.042616 -0.021308  1.002203
46.24809265	580	-0.043335 -0.016759  0.999330
46.25328445	578	-0.041659 -0.012689  0.996217
46.25848388	582	-0.050757 -0.019393  0.987598
46.26367950	582	-0.048362 -0.010774  0.979937
46.26886749	583	-0.055066 -0.015083  0.984246
46.27406311	583	-0.048123 -0.015562  0.973712
46.27925872	582	-0.056263 -0.021548  0.982570
46.28444290	584	-0.060094 -0.013886  0.966290
46.28963470	587	-0.064882 -0.011492  0.967248
46.29484939	586	-0.062967 -0.007183  0.958389
46.30005264	585	-0.065122 -0.007422  0.953840
46.30524444	586	-0.071107 -0.011971  0.958150
46.31044387	585	-0.067516 -0.008619  0.953361
46.31564331	587	-0.071825 -0.007183  0.952883
46.32083511	586	-0.073980 -0.006464  0.960305
46.32603073	588	-0.069431 -0.006704  0.950967
46.33121871	589	-0.075177 -0.006704  0.950249
46.33641433	590	-0.074938 -0.010774  0.944503
46.34161376	588	-0.076135 -0.009577  0.943785
##inga 
#ido(sec)  szog(ADC)     ax(g)    ay(g)   az(g)
46.34734725	588	-0.081881 -0.005028  0.953122
46.35262298	590	-0.071825 -0.007183  0.942827
46.35789108	589	-0.069431 -0.011731  0.934208
46.36314773	591	-0.070628 -0.008140  0.938518
46.36834716	590	-0.077093 -0.008619  0.931814
46.37354660	590	-0.068713 -0.010295  0.938757
46.37873840	591	-0.066558 -0.008380  0.941391
46.38395690	588	-0.063206 -0.015083  0.940672
46.38915252	591	-0.067037 -0.013886  0.935645
46.39435958	589	-0.061291 -0.013407  0.939236
46.39956283	589	-0.054348 -0.013168  0.943306
46.40476226	591	-0.059615 -0.022984  0.948094
46.40996932	590	-0.056981 -0.015562  0.941630
46.41516113	591	-0.055784 -0.009816  0.937560
46.42034912	590	-0.053630 -0.014844  0.948094
46.42554473	589	-0.039983 -0.016520  0.951207
46.43073272	590	-0.042856 -0.014365  0.959586
46.43592834	588	-0.045011 -0.018435  0.949531
46.44112014	586	-0.046447 -0.018196  0.951925
46.44630813	585	-0.040701 -0.014604  0.953601
46.45150375	587	-0.041898 -0.015323  0.960783
46.45671081	585	-0.043574 -0.017956  0.953840
46.46191787	586	-0.044292 -0.016759  0.960783
46.46712875	583	-0.043335 -0.014844  0.964614
46.47233200	586	-0.045011 -0.016999  0.972036
46.47753143	586	-0.048123 -0.012450  0.972754
46.48272705	585	-0.045011 -0.015323  0.976346
46.48792266	583	-0.052672 -0.018675  0.989035
46.49311447	582	-0.050996 -0.010534  0.981613
46.49830627	579	-0.053390 -0.012450  0.989035
46.50350189	579	-0.062488 -0.001915  0.992387
46.50870132	577	-0.056024 -0.003112  0.995260
46.51390075	576	-0.065122 -0.003352  1.002442
46.51910018	574	-0.059376 -0.002155  0.994302
46.52429580	576	-0.067516 -0.004310  1.008906
46.52949142	573	-0.071586 0.003591  1.017286
46.53466415	572	-0.065840 0.000239  1.013695
46.53982543	574	-0.067276 0.004549  1.018723
46.54498672	572	-0.066319 0.003112  1.025187
46.55015563	573	-0.073741 0.001915  1.033088
46.55530166	569	-0.072544 0.001197  1.040031
46.56044769	568	-0.073501 0.000000  1.047453
46.56556320	566	-0.080923 0.005267  1.050326
46.57071304	567	-0.076614 0.004788  1.051283
46.57585525	563	-0.071825 0.006943  1.061578
46.58099746	563	-0.067755 0.004070  1.066606
46.58613967	559	-0.070868 0.003352  1.071155
46.59129714	561	-0.066798 0.005028  1.079295
46.59644317	560	-0.059615 0.010534  1.086717
46.60158920	557	-0.061530 0.001197  1.081210
46.60673141	554	-0.056981 -0.002873  1.097730
46.61191940	552	-0.059615 -0.004310  1.097730
46.61710739	553	-0.056263 -0.004070  1.100603
46.62230682	547	-0.055306 -0.001915  1.112814
46.62750625	550	-0.046926 -0.004549  1.112574
46.63270187	547	-0.044532 -0.009577  1.131967
46.63790130	546	-0.043095 -0.004549  1.130531
46.64309692	543	-0.041419 -0.011971  1.138192
46.64829254	540	-0.037828 -0.005267  1.129333
46.65349960	539	-0.045011 -0.007661  1.146093
46.65870285	538	-0.033997 -0.007661  1.153036
46.66390609	535	-0.039265 -0.004070  1.156627
46.66910552	537	-0.037349 -0.005985  1.157585
46.67429351	535	-0.039983 -0.011731  1.167640
46.67947769	533	-0.040701 -0.007183  1.168359
46.68467330	532	-0.041659 -0.003352  1.172189
46.68986892	529	-0.042856 -0.005267  1.177456
46.69506454	527	-0.043813 -0.000718  1.187751
46.70026397	525	-0.044771 -0.000479  1.192540
46.70545196	524	-0.046926 0.003352  1.182005
46.71060562	523	-0.049081 0.001915  1.208581
46.71576309	519	-0.055545 0.006464  1.196370
46.72090911	514	-0.052672 0.009337  1.198046
46.72607421	514	-0.053869 0.004310  1.204511
46.73123168	512	-0.061052 0.011731  1.215524
46.73639297	509	-0.061770 0.015802  1.214566
46.74155044	507	-0.069192 0.014365  1.213608
46.74672317	506	-0.070628 0.018435  1.221270
46.75188446	504	-0.066558 0.016280  1.224622
46.75703811	503	-0.064882 0.018675  1.221270
46.76219177	502	-0.064164 0.016520  1.225579
46.76734161	500	-0.065600 0.015323  1.231325
46.77248382	497	-0.069910 0.018914  1.236353
46.77763748	495	-0.063446 0.012450  1.237550
46.78277206	492	-0.069671 0.016759  1.234438
46.78792572	490	-0.066798 0.018675  1.232044
46.79307556	488	-0.060094 0.016759  1.240423
46.79822540	485	-0.057460 0.025618  1.241620
46.80336761	483	-0.058897 0.017956  1.241860
46.80850982	479	-0.058897 0.021548  1.243536
46.81366348	477	-0.058897 0.016041  1.240902
46.81881332	476	-0.048362 0.017238  1.240184
46.82395553	472	-0.049799 0.013647  1.243296
46.82910919	470	-0.050996 0.013886  1.239944
46.83425140	470	-0.051714 0.010295  1.238747
46.83939743	466	-0.049081 0.013407  1.249282
46.84455871	463	-0.042377 0.013407  1.240423
46.84970474	463	-0.035194 0.009577  1.239466
46.85485076	462	-0.040940 0.011492  1.233720
46.86000823	459	-0.038546 0.015323  1.242339
46.86516571	456	-0.034237 0.006464  1.235635
##inga 
#ido(sec)  szog(ADC)     ax(g)    ay(g)   az(g)
46.87086868	453	-0.034237 0.005746  1.237550
46.87614059	452	-0.031364 0.005746  1.234198
46.88140869	450	-0.028970 0.007901  1.234198
46.88666534	450	-0.027294 0.015323  1.223185
46.89182281	448	-0.028251 0.016041  1.228931
46.89698791	447	-0.028970 0.017956  1.224861
46.90215301	444	-0.036631 0.010295  1.213369
46.90731430	443	-0.033040 0.016759  1.227495
46.91247940	439	-0.038546 0.006943  1.223425
46.91764450	438	-0.036870 0.016520  1.215045
46.92280578	435	-0.041659 0.016041  1.210975
46.92796707	431	-0.039983 0.023224  1.204990
46.93312454	429	-0.040222 0.022026  1.205947
46.93827438	431	-0.046208 0.026097  1.197807
46.94343948	428	-0.044053 0.024181  1.186315
46.94858551	425	-0.049799 0.025618  1.192061
46.95373153	423	-0.047165 0.024181  1.189188
46.95887756	419	-0.053869 0.029927  1.183681
46.96403121	421	-0.057700 0.031603  1.176738
46.96916580	419	-0.055306 0.028251  1.175302
46.97431182	417	-0.058657 0.035194  1.177696
46.97946548	413	-0.053390 0.029209  1.169795
46.98461532	412	-0.051954 0.028012  1.156867
46.98977661	410	-0.054348 0.033040  1.146093
46.99492645	409	-0.049799 0.034237  1.148247
47.00008010	407	-0.053869 0.040701  1.137234
47.00519943	408	-0.055306 0.037589  1.140825
47.01034545	405	-0.046926 0.038067  1.125503
47.01548767	404	-0.049559 0.030885  1.130770
47.02062988	400	-0.045250 0.034955  1.117123
47.02578353	400	-0.045011 0.032321  1.115447
47.03092956	401	-0.041419 0.027294  1.108983
47.03607559	399	-0.043574 0.027533  1.103955
47.04123306	395	-0.043813 0.031364  1.091506
47.04638671	396	-0.036870 0.031843  1.090787
47.05154418	394	-0.031603 0.032321  1.083126
47.05670928	390	-0.033997 0.025857  1.073549
47.06187438	389	-0.032082 0.020111  1.073789
47.06704711	387	-0.033040 0.029688  1.062296
47.07220458	385	-0.031124 0.020111  1.062775
47.07736587	386	-0.014365 0.027533  1.057508
47.08251953	385	-0.027294 0.022745  1.050326
47.08768463	384	-0.030885 0.021787  1.041467
47.09284973	384	-0.017956 0.028730  1.033806
47.09800720	381	-0.023942 0.028970  1.035003
47.10316467	380	-0.017477 0.024181  1.034285
47.10831832	379	-0.025618 0.025378  1.025426
47.11347198	377	-0.020111 0.024899  1.027820
47.11861419	377	-0.019393 0.029688  1.016568
47.12376022	377	-0.020590 0.022505  1.019680
47.12890243	374	-0.025857 0.024181  1.007709
47.13405227	371	-0.027054 0.023702  0.996217
47.13919448	372	-0.027772 0.024660  0.991429
47.14434051	371	-0.033758 0.033758  0.988316
47.14947891	370	-0.028491 0.027533  0.986641
47.15462493	368	-0.037828 0.033758  0.981134
47.15977096	366	-0.036391 0.034237  0.976585
47.16491317	367	-0.032561 0.034476  0.967726
47.17005538	367	-0.039983 0.033758  0.964614
47.17520141	366	-0.039743 0.038786  0.956953
47.18034362	365	-0.045011 0.044292  0.951686
47.18549346	365	-0.040222 0.037349  0.952404
47.19064712	365	-0.041659 0.037589  0.956953
47.19579315	363	-0.045729 0.039504  0.953601
47.20093536	363	-0.046686 0.042856  0.945461
47.20608139	360	-0.046926 0.038786  0.944503
47.21122360	361	-0.046686 0.041180  0.948813
47.21637344	361	-0.048841 0.045968  0.946418
47.22153472	359	-0.045489 0.041419  0.945940
47.22668838	360	-0.050038 0.043095  0.934208
47.23184585	359	-0.044532 0.040701  0.929899
47.23699569	360	-0.044053 0.037828  0.933011
47.24215316	360	-0.046208 0.036152  0.932772
47.24731445	357	-0.042856 0.040940  0.925110
47.25246047	359	-0.039025 0.041898  0.927983
47.25762176	360	-0.043095 0.038786  0.927983
47.26278686	359	-0.041419 0.036391  0.922955
47.26794433	360	-0.039265 0.037828  0.928462
47.27310943	359	-0.036870 0.033518  0.923434
47.27825927	360	-0.029448 0.038307  0.921998
47.28341293	357	-0.028012 0.030645  0.922237
47.28855514	359	-0.029688 0.035194  0.922477
47.29370117	360	-0.030167 0.038546  0.920561
47.29884719	359	-0.026097 0.036391  0.930856
47.30400085	360	-0.029209 0.033518  0.931814
47.30914306	360	-0.023463 0.026336  0.928701
47.31429290	359	-0.023942 0.022745  0.935166
47.31943893	360	-0.022745 0.022745  0.935645
47.32458496	361	-0.018435 0.026815  0.931096
47.32972717	361	-0.017238 0.026097  0.933490
47.33487319	361	-0.022026 0.024899  0.945700
47.34000396	359	-0.025378 0.021308  0.936842
47.34514617	362	-0.020351 0.026575  0.948573
47.35028839	361	-0.022026 0.021308  0.947376
47.35543823	364	-0.024181 0.021548  0.944264
47.36059188	365	-0.019632 0.028251  0.943545
47.36573410	366	-0.028012 0.019393  0.956234
47.37087631	364	-0.037589 0.027054  0.956474
47.37601470	367	-0.026575 0.022745  0.963417
47.38116073	367	-0.030406 0.028730  0.963656
47.38630294	368	-0.033997 0.028251  0.962938
##inga 
#ido(sec)  szog(ADC)     ax(g)    ay(g)   az(g)
47.39197540	369	-0.037349 0.028491  0.972515
47.39724349	369	-0.038307 0.033997  0.968924
47.40251541	371	-0.036870 0.030406  0.976106
47.40776443	371	-0.042856 0.026575  0.986401
47.41290283	372	-0.046926 0.037349  0.991668
47.41804885	373	-0.050517 0.036391  0.996935
47.42319107	373	-0.044292 0.035673  0.990950
47.42833709	376	-0.053151 0.030406  0.999090
47.43347930	378	-0.047644 0.037349  1.010582
47.43863677	380	-0.052672 0.035913  1.013455
47.44379043	381	-0.050996 0.034476  1.022793
47.44895935	381	-0.054108 0.033040  1.024469
47.45412445	380	-0.051475 0.032321  1.028299
47.45928955	383	-0.054108 0.035434  1.033806
47.46444702	382	-0.049799 0.031124  1.038594
47.46961975	385	-0.051714 0.030406  1.045298
47.47478485	387	-0.047165 0.033758  1.042904
47.47993850	389	-0.045250 0.029209  1.060860
47.48509216	389	-0.047644 0.035913  1.050086
47.49024581	392	-0.045250 0.033040  1.058226
47.49539947	393	-0.042377 0.030645  1.062296
47.50054931	394	-0.040701 0.023942  1.081210
47.50569152	396	-0.044053 0.027294  1.087914
47.51084136	396	-0.039504 0.020351  1.085281
47.51599884	400	-0.044771 0.026575  1.096533
47.52114868	401	-0.041419 0.025618  1.107307
47.52629089	402	-0.038786 0.018675  1.111856
47.53143692	405	-0.033997 0.016520  1.110419
47.53657531	406	-0.030885 0.025139  1.115687
47.54172515	407	-0.034955 0.022266  1.117841
47.54686737	408	-0.035434 0.023942  1.129812
47.55201339	407	-0.028012 0.016041  1.130052
47.55714797	410	-0.028730 0.013886  1.135558
47.56228637	412	-0.028970 0.018914  1.141544
47.56743621	413	-0.026575 0.014126  1.156148
47.57257843	416	-0.031124 0.011971  1.149923
47.57773208	415	-0.025618 0.013407  1.149205
47.58287429	416	-0.024660 0.011013  1.163331
47.58802413	417	-0.033997 0.014126  1.177456
47.59316253	422	-0.028970 0.013168  1.175062
47.59833145	425	-0.035673 0.014365  1.185357
47.60349273	426	-0.033518 0.012929  1.185357
47.60866928	427	-0.035434 0.019153  1.187033
47.61382293	427	-0.040940 0.012929  1.190624
47.61899185	432	-0.040462 0.015562  1.186076
47.62416458	434	-0.040940 0.011731  1.194455
47.62932586	435	-0.045011 0.018435  1.194216
47.63449478	435	-0.047644 0.017238  1.216003
47.63965225	438	-0.039265 0.017477  1.216482
47.64481353	442	-0.051475 0.016280  1.210017
47.64997100	443	-0.051954 0.016759  1.212411
47.65512466	446	-0.048602 0.012450  1.213848
47.66026687	446	-0.056981 0.017238  1.221509
47.66541290	447	-0.062488 0.019872  1.222706
47.67055511	451	-0.056024 0.017956  1.224861
47.67570114	453	-0.063446 0.018914  1.223904
47.68085098	454	-0.061291 0.015562  1.237550
47.68600845	456	-0.059615 0.019872  1.240423
47.69115447	457	-0.061052 0.020351  1.235396
47.69631576	458	-0.063925 0.016759  1.226776
47.70145416	461	-0.059615 0.016520  1.235396
47.70660018	463	-0.065600 0.015323  1.233480
47.71174621	465	-0.067516 0.012450  1.234198
47.71689224	468	-0.059854 0.013168  1.240902
47.72204589	468	-0.063925 0.012929  1.235156
47.72719192	471	-0.061052 0.016520  1.236832
47.73233032	472	-0.059615 0.010056  1.244733
47.73748016	476	-0.057221 0.017956  1.238747
47.74262237	475	-0.054827 0.013407  1.244254
47.74777984	480	-0.056742 0.006464  1.231086
47.75294113	482	-0.053869 0.003591  1.238269
47.75809478	485	-0.055066 0.011253  1.236593
47.76325988	487	-0.053390 0.000239  1.241142
47.76842117	491	-0.046447 -0.000239  1.237550
47.77362060	492	-0.049081 -0.004070  1.234917
47.77882003	495	-0.043813 -0.001197  1.231325
47.78401947	496	-0.041180 -0.002873  1.232762
47.78922271	497	-0.045011 -0.001676  1.234917
47.79442214	502	-0.040701 -0.002394  1.222228
47.79961013	501	-0.042377 -0.005746  1.221509
47.80480575	504	-0.040701 -0.006464  1.219115
47.81000137	503	-0.043095 -0.000239  1.220073
47.81518936	505	-0.048123 -0.007901  1.216242
47.82038116	507	-0.046447 -0.006704  1.221988
47.82557296	511	-0.047165 -0.001676  1.215524
47.83076477	514	-0.050278 -0.010295  1.199722
47.83596420	515	-0.050517 -0.006464  1.198046
47.84116363	518	-0.044771 -0.003591  1.198525
47.84636306	518	-0.053390 0.004549  1.187273
47.85152435	524	-0.054348 -0.008858  1.192300
47.85672378	524	-0.058897 -0.007183  1.181766
47.86192703	527	-0.058418 0.002873  1.178893
47.86708450	526	-0.062727 -0.002873  1.180329
47.87227630	530	-0.062249 -0.001676  1.166443
47.87747573	531	-0.064403 0.001197  1.166922
47.88262176	533	-0.062009 0.001437  1.168598
47.88777160	535	-0.070868 0.003112  1.160937
47.89291763	537	-0.069910 0.006464  1.150402
47.89806365	536	-0.063685 -0.000718  1.152078
47.90326309	540	-0.065122 0.000479  1.144177
47.90840911	541	-0.067755 0.000718  1.136516
##inga 
#ido(sec)  szog(ADC)     ax(g)    ay(g)   az(g)
47.91408538	541	-0.070389 -0.001197  1.126700
47.91935348	543	-0.071107 -0.002394  1.123109
47.92463302	547	-0.072783 0.001915  1.123109
47.92989349	549	-0.071825 0.001915  1.106589
47.93504333	550	-0.069192 0.000479  1.121193
47.94018173	550	-0.069192 0.000239  1.101800
47.94531631	551	-0.072065 0.002155  1.094378
47.95045471	552	-0.069671 -0.002634  1.083365
47.95564270	554	-0.070149 -0.008140  1.085999
47.96083450	558	-0.063446 -0.002873  1.080732
47.96605300	560	-0.058179 -0.009098  1.079774
47.97125244	561	-0.059854 -0.015083  1.070916
47.97645568	561	-0.067276 -0.003591  1.075704
47.98165130	561	-0.054348 -0.011013  1.055114
47.98685455	565	-0.053869 -0.013886  1.060381
47.99205017	567	-0.056024 -0.017956  1.049607
47.99725723	567	-0.048123 -0.021787  1.049129
48.00245666	568	-0.045968 -0.019393  1.037397
48.00764846	569	-0.045250 -0.013168  1.031651
48.01284027	568	-0.045489 -0.022026  1.036439
48.01803588	573	-0.045011 -0.015802  1.032369
48.02322769	573	-0.049799 -0.026575  1.025666
48.02842712	572	-0.048362 -0.021308  1.017765
48.03363418	575	-0.046686 -0.017717  1.007949
48.03883743	576	-0.040940 -0.014604  1.006752
48.04403686	575	-0.047884 -0.015562  1.002681
48.04924011	575	-0.045729 -0.023942  1.001006
48.05444335	577	-0.047405 -0.018675  0.996217
48.05963897	577	-0.052911 -0.023702  0.989514
48.06483078	581	-0.049799 -0.019632  0.984965
48.07002639	580	-0.053151 -0.012689  0.988077
48.07521438	579	-0.056742 -0.014365  0.975627
48.08041763	582	-0.058657 -0.013168  0.978740
48.08560562	582	-0.060094 -0.012450  0.978261
48.09079742	584	-0.057221 -0.013886  0.972036
48.09599304	584	-0.064643 -0.010056  0.963178
48.10119628	584	-0.062967 -0.013647  0.957431
48.10639190	582	-0.074219 -0.002394  0.959826
48.11158752	586	-0.071586 -0.009816  0.945461
48.11679458	586	-0.074459 -0.006943  0.961741
48.12200164	587	-0.069192 -0.009816  0.951686
48.12720489	586	-0.081881 -0.002394  0.959826
48.13240432	586	-0.074698 -0.000718  0.943785
48.13759613	587	-0.076374 -0.009816  0.949291
48.14278793	586	-0.081641 -0.009098  0.943306
48.14797973	586	-0.078290 -0.006943  0.951446
48.15317916	586	-0.077811 -0.002873  0.950488
48.15837478	587	-0.077093 -0.005028  0.952404
48.16357040	589	-0.068473 -0.001915  0.949770
48.16876220	589	-0.068234 -0.007901  0.945221
48.17396545	588	-0.074459 -0.004310  0.943066
48.17916107	588	-0.069192 -0.007183  0.942109
48.18435668	586	-0.061530 -0.013407  0.942348
48.18957138	587	-0.061291 -0.012929  0.945461
48.19477081	587	-0.064643 -0.015562  0.934208
48.19996261	589	-0.053390 -0.012929  0.942348
48.20517349	589	-0.054827 -0.016520  0.944982
48.21036911	588	-0.050517 -0.018675  0.954559
48.21557235	587	-0.050757 -0.023224  0.949770
48.22076416	587	-0.044053 -0.015083  0.950010
48.22595977	585	-0.048841 -0.017717  0.956953
48.23115158	586	-0.043574 -0.019153  0.957671
48.23634719	586	-0.044532 -0.012929  0.953840
48.24154663	584	-0.039504 -0.017238  0.960783
48.24676132	586	-0.039983 -0.025618  0.954080
48.25195693	584	-0.040940 -0.023942  0.961262
48.25716781	584	-0.039743 -0.021308  0.961741
48.26236724	583	-0.045729 -0.015802  0.969163
48.26756668	583	-0.040940 -0.018675  0.977543
48.27276611	582	-0.046926 -0.016520  0.972275
48.27796173	581	-0.041659 -0.011492  0.981613
48.28316116	580	-0.047405 -0.012929  0.975627
48.28834533	580	-0.049799 -0.011492  0.986880
48.29352951	577	-0.049799 -0.011253  0.988795
48.29872512	575	-0.053151 -0.007901  0.994781
48.30392456	576	-0.063206 -0.004549  0.993344
48.30912399	576	-0.059136 -0.002155  0.997893
48.31431579	575	-0.061770 -0.005028  1.012019
48.31950759	574	-0.063925 -0.002155  1.011779
48.32470703	574	-0.067276 0.000718  1.013934
48.32987213	573	-0.069671 -0.002155  1.024469
48.33507537	573	-0.064882 -0.005507  1.027342
48.34027481	571	-0.078290 0.004549  1.024229
48.34542083	569	-0.072783 0.000718  1.030454
48.35057449	569	-0.070868 0.003831  1.042664
48.35572433	565	-0.078050 0.004788  1.042185
48.36086654	566	-0.076135 0.004070  1.054396
48.36600494	564	-0.073262 0.003352  1.049607
48.37115097	562	-0.072304 0.000958  1.059184
48.37628936	559	-0.068952 0.005746  1.061339
48.38144302	561	-0.067276 0.010774  1.064691
48.38658905	556	-0.062727 0.005507  1.070916
48.39173889	557	-0.065122 0.006704  1.085520
48.39688491	556	-0.062488 0.004549  1.085520
48.40203094	553	-0.056503 0.000479  1.083605
48.40716552	549	-0.059376 -0.002155  1.088154
48.41235733	548	-0.054348 -0.004310  1.093181
48.41754913	549	-0.053151 0.000239  1.109222
48.42269134	548	-0.048362 -0.009098  1.106349
48.42789077	547	-0.049320 -0.000479  1.119278
48.43309020	541	-0.042856 -0.006943  1.118799
##inga 
#ido(sec)  szog(ADC)     ax(g)    ay(g)   az(g)
48.43882369	541	-0.041180 -0.005267  1.124306
48.44410324	540	-0.038307 -0.006943  1.132925
48.44937896	539	-0.042138 -0.011492  1.137234
48.45467758	537	-0.035673 -0.006464  1.143938
48.45987701	538	-0.035434 -0.008858  1.153036
48.46508026	536	-0.034955 -0.011731  1.153036
48.47027587	533	-0.034955 -0.007901  1.152557
48.47546768	533	-0.036152 -0.007901  1.165246
48.48065948	529	-0.042377 -0.001197  1.161415
48.48585510	527	-0.035194 0.000958  1.179372
48.49100112	526	-0.041898 -0.005507  1.170035
48.49618911	522	-0.041659 -0.005746  1.182005
48.50138473	523	-0.039743 -0.001676  1.193019
48.50657272	521	-0.039743 0.003352  1.194216
48.51172256	517	-0.047405 0.001915  1.185836
48.51688003	515	-0.056263 0.007183  1.187273
48.52204513	513	-0.054348 0.011492  1.200441
48.52721786	511	-0.057460 0.009577  1.207384
48.53237915	508	-0.056503 0.010534  1.208581
48.53754043	507	-0.059615 0.010534  1.208102
48.54269790	505	-0.065122 0.016759  1.210975
48.54785919	504	-0.067276 0.014604  1.214087
48.55302810	500	-0.063206 0.015083  1.217200
48.55817031	502	-0.066079 0.014365  1.222467
48.56333923	498	-0.067037 0.014126  1.220073
48.56849670	496	-0.065840 0.018435  1.216960
48.57364654	493	-0.068473 0.024181  1.225579
48.57880783	491	-0.073501 0.019872  1.224143
48.58396148	490	-0.067516 0.025618  1.223185
48.58910751	487	-0.073262 0.019393  1.225101
48.59426498	484	-0.065122 0.019872  1.224622
48.59941101	482	-0.066798 0.023463  1.234198
48.60456466	479	-0.060333 0.018196  1.227495
48.60971832	476	-0.065361 0.020829  1.238987
48.61486816	476	-0.057939 0.024899  1.226058
48.62001037	473	-0.054348 0.015083  1.223664
48.62515640	472	-0.054587 0.015083  1.237550
48.63029861	470	-0.051954 0.011013  1.231325
48.63544082	468	-0.050038 0.012929  1.228452
48.64058685	464	-0.045250 0.016759  1.239944
48.64574050	464	-0.039743 0.014126  1.229650
48.65088272	459	-0.038067 0.014604  1.227974
48.65603256	458	-0.034237 0.012689  1.233241
48.66117858	454	-0.034955 0.017477  1.228452
48.66633224	454	-0.033758 0.011253  1.222467
48.67148971	452	-0.028970 0.010056  1.225819
48.67664337	452	-0.033997 0.011971  1.227495
48.68179702	451	-0.026336 0.015802  1.219115
48.68696212	447	-0.022026 0.013168  1.211693
48.69212341	446	-0.029209 0.006704  1.212411
48.69727706	447	-0.029448 0.011013  1.216721
48.70243453	445	-0.025618 0.013647  1.210257
48.70759582	440	-0.031124 0.013407  1.208341
48.71276473	436	-0.030885 0.012210  1.200441
48.71791458	435	-0.037828 0.012689  1.203553
48.72307586	434	-0.035434 0.017477  1.203074
48.72822952	431	-0.040940 0.015083  1.191343
48.73337936	432	-0.033758 0.017717  1.192300
48.73852539	431	-0.041180 0.025378  1.188709
48.74366760	427	-0.041659 0.016041  1.190146
48.74882125	425	-0.043095 0.028012  1.184160
48.75397109	424	-0.052672 0.022505  1.176020
48.75911331	422	-0.046686 0.027294  1.175062
48.76425552	420	-0.054108 0.030406  1.166443
48.76940155	420	-0.044292 0.033997  1.175781
48.77453994	414	-0.048123 0.024181  1.155669
48.77969741	416	-0.052672 0.032321  1.149684
48.78485488	411	-0.055066 0.033997  1.157106
48.79000473	411	-0.054587 0.030645  1.142262
48.79514694	409	-0.055784 0.030885  1.131728
48.80030441	409	-0.047884 0.034476  1.135798
48.80546569	406	-0.052911 0.036391  1.124306
48.81060791	407	-0.051235 0.036870  1.122151
48.81575012	404	-0.050278 0.037589  1.113532
48.82089996	400	-0.047644 0.033040  1.107546
48.82603836	402	-0.044532 0.028970  1.108504
48.83118820	399	-0.045968 0.034237  1.094857
48.83634567	400	-0.045968 0.037110  1.097491
48.84149932	399	-0.047405 0.034716  1.084084
48.84666061	396	-0.038067 0.028491  1.079056
48.85182189	395	-0.038067 0.030406  1.074746
48.85698318	394	-0.036152 0.023702  1.074507
48.86214065	390	-0.038067 0.032800  1.060860
48.86728668	388	-0.032800 0.028491  1.059902
48.87244415	388	-0.024181 0.025139  1.053917
48.87762069	387	-0.023702 0.028730  1.045298
48.88277053	386	-0.026097 0.019153  1.043622
48.88791656	385	-0.027294 0.025139  1.039073
48.89306640	384	-0.024899 0.025139  1.038594
48.89822387	384	-0.029927 0.022745  1.031412
48.90337753	383	-0.022505 0.021787  1.027102
48.90851593	379	-0.016520 0.022505  1.020159
48.91366577	378	-0.025618 0.025618  1.020398
48.91881561	380	-0.026575 0.019872  1.010582
48.92396163	378	-0.021069 0.026575  1.002681
48.92910385	377	-0.022984 0.027772  0.990471
48.93424987	374	-0.022745 0.025857  0.993344
48.93939590	375	-0.028251 0.028012  0.989035
48.94453811	372	-0.028491 0.024421  0.993584
48.94968414	371	-0.026336 0.025139  0.980416
48.95484161	369	-0.031603 0.034716  0.978500
##inga 
#ido(sec)  szog(ADC)     ax(g)    ay(g)   az(g)
48.96051788	369	-0.032321 0.028251  0.970360
48.96579360	367	-0.028491 0.034716  0.974430
48.97106933	366	-0.040701 0.032082  0.975148
48.97631072	368	-0.037828 0.039743  0.975148
48.98145675	367	-0.039025 0.032800  0.959107
48.98658752	365	-0.043574 0.043335  0.963896
48.99173736	365	-0.045011 0.039504  0.955756
48.99687957	367	-0.044532 0.036152  0.954559
49.00202560	366	-0.042138 0.041898  0.948813
49.00717544	365	-0.045011 0.045011  0.948573
49.01232147	364	-0.048602 0.040222  0.939954
49.01746368	364	-0.050996 0.040701  0.943066
49.02259826	361	-0.050757 0.042377  0.930138
49.02774047	363	-0.045489 0.044292  0.938518
49.03288650	361	-0.045489 0.043095  0.942109
49.03802108	362	-0.049559 0.038786  0.930377
49.04316329	360	-0.043813 0.045011  0.933011
49.04832077	362	-0.048362 0.037828  0.933969
49.05348968	360	-0.043095 0.039743  0.929180
49.05863571	362	-0.040222 0.042616  0.933490
49.06379699	362	-0.040222 0.039504  0.937081
49.06895065	361	-0.036391 0.040462  0.923913
49.07410430	361	-0.040462 0.032321  0.938039
49.07926559	359	-0.033279 0.034716  0.935884
49.08441925	362	-0.035913 0.032321  0.929659
49.08957672	362	-0.027054 0.032082  0.942348
49.09473419	359	-0.033997 0.033040  0.926307
49.09988021	361	-0.030406 0.030406  0.931814
49.10501480	362	-0.033040 0.026336  0.934447
49.11018371	360	-0.029688 0.028970  0.947855
49.11533737	363	-0.029209 0.021308  0.934687
49.12048339	363	-0.021787 0.027294  0.945700
49.12562942	364	-0.020590 0.029688  0.944264
49.13077545	364	-0.029448 0.027533  0.942827
49.13592910	363	-0.017477 0.024660  0.941391
49.14107131	365	-0.024421 0.023224  0.945940
49.14621734	367	-0.022266 0.024421  0.956713
49.15136718	368	-0.025139 0.028970  0.949770
49.15650558	368	-0.024899 0.030167  0.950488
49.16165542	369	-0.025857 0.028251  0.959586
49.16680145	369	-0.017956 0.022745  0.963417
49.17195129	368	-0.030885 0.022505  0.963896
49.17709732	370	-0.028970 0.026097  0.967487
49.18224716	371	-0.035434 0.028970  0.964854
49.18738555	369	-0.026815 0.028730  0.975388
49.19252014	371	-0.034237 0.028730  0.974670
49.19765853	373	-0.035434 0.031124  0.980176
49.20278930	375	-0.037589 0.026815  0.989035
49.20794296	376	-0.041419 0.030167  0.986162
49.21309661	378	-0.044292 0.028491  0.996935
49.21823883	377	-0.041419 0.030885  0.997414
49.22338485	380	-0.046208 0.029448  1.003639
49.22853088	381	-0.050517 0.030167  1.013695
49.23370361	379	-0.046686 0.034716  1.009625
49.23887634	382	-0.045968 0.030645  1.023511
49.24403381	383	-0.047405 0.036152  1.014892
49.24918746	385	-0.050278 0.036391  1.024469
49.25434875	385	-0.049799 0.030645  1.027342
49.25950241	386	-0.053630 0.035913  1.031172
49.26465988	389	-0.050278 0.028970  1.047213
49.26982116	387	-0.053630 0.028970  1.048889
49.27497100	389	-0.051714 0.035194  1.055114
49.28013229	390	-0.048362 0.036631  1.064930
49.28528213	393	-0.052911 0.027054  1.056072
49.29043960	393	-0.055784 0.032800  1.070197
49.29558944	395	-0.046208 0.028491  1.083844
49.30074310	398	-0.046447 0.028491  1.078338
49.30589294	400	-0.043813 0.029448  1.086957
49.31104660	400	-0.050996 0.026097  1.094378
49.31620025	400	-0.041419 0.024899  1.100364
49.32134628	406	-0.043813 0.017717  1.096773
49.32649230	404	-0.032561 0.017956  1.102279
49.33164978	408	-0.033279 0.022745  1.108744
49.33679580	408	-0.036152 0.016520  1.119517
49.34193420	408	-0.032561 0.025618  1.121672
49.34708786	410	-0.028970 0.015562  1.125503
49.35224151	410	-0.031603 0.014365  1.134361
49.35738372	413	-0.029448 0.010774  1.141065
49.36253356	414	-0.029927 0.009577  1.140586
49.36767578	415	-0.033040 0.012929  1.148247
49.37282943	416	-0.027533 0.011971  1.158542
49.37797546	418	-0.036870 0.019153  1.149205
49.38311767	421	-0.035194 0.013407  1.155669
49.38826751	424	-0.033758 0.011492  1.167640
49.39342498	423	-0.031364 0.003352  1.169077
49.39858245	427	-0.033758 0.014365  1.168837
49.40375518	426	-0.038067 0.011253  1.175302
49.40890884	430	-0.034716 0.011971  1.178654
49.41406631	434	-0.030406 0.012450  1.180090
49.41921234	434	-0.037349 0.009098  1.190146
49.42436981	436	-0.039025 0.015323  1.183202
49.42952728	436	-0.042138 0.015562  1.190624
49.43469619	439	-0.043574 0.018675  1.201638
49.43987274	444	-0.049799 0.016759  1.198525
49.44501876	444	-0.054348 0.016280  1.210975
49.45017242	448	-0.053151 0.014126  1.204750
49.45531463	448	-0.051235 0.018435  1.210017
49.46046066	449	-0.052193 0.018435  1.210017
49.46560287	451	-0.059376 0.022026  1.216482
49.47076797	452	-0.059615 0.024660  1.226776
49.47590637	456	-0.064164 0.012689  1.221509
##inga 
#ido(sec)  szog(ADC)     ax(g)    ay(g)   az(g)
49.48159790	455	-0.056024 0.018435  1.227016
49.48686981	456	-0.060573 0.020351  1.224622
49.49214935	457	-0.067995 0.018914  1.230368
49.49742507	462	-0.064643 0.018675  1.231565
49.50256347	464	-0.065600 0.014844  1.221509
49.50771331	466	-0.060812 0.015562  1.223664
49.51285171	468	-0.066079 0.020351  1.238508
49.51799774	468	-0.067276 0.017956  1.229171
49.52314758	472	-0.061770 0.015083  1.234438
49.52828979	473	-0.057700 0.009577  1.238987
49.53343582	474	-0.056263 0.016280  1.226537
49.53857040	478	-0.057700 0.011731  1.222706
49.54371643	479	-0.056024 0.013407  1.231086
49.54885864	482	-0.054108 -0.000958  1.225819
49.55406188	484	-0.051714 0.009577  1.238029
49.55921173	487	-0.052672 0.004070  1.225101
49.56435775	490	-0.049559 0.000239  1.229650
49.56948471	490	-0.045729 0.001197  1.229171
49.57463455	494	-0.039265 0.007183  1.218876
49.57978820	493	-0.039025 0.001915  1.221988
49.58494186	497	-0.040701 -0.002394  1.216721
49.59014129	501	-0.045011 -0.003352  1.221988
49.59534072	502	-0.043335 -0.002155  1.215284
49.60054397	501	-0.049799 -0.004070  1.206665
49.60574340	505	-0.041659 -0.002394  1.204511
49.61095046	505	-0.043813 -0.002394  1.200680
49.61614227	508	-0.047644 -0.003831  1.210017
49.62134170	509	-0.050038 -0.001676  1.194455
49.62653350	513	-0.052193 0.002873  1.198046
49.63167572	515	-0.046447 -0.005267  1.194455
49.63687515	517	-0.049081 -0.003112  1.188709
49.64207077	518	-0.050996 0.001676  1.185597
49.64722061	522	-0.052432 0.002394  1.180808
49.65237045	523	-0.054587 -0.003591  1.174344
49.65756225	526	-0.063685 0.001437  1.176020
49.66271591	527	-0.058418 -0.001197  1.169556
49.66792297	527	-0.056263 -0.000239  1.170513
49.67312240	531	-0.062727 -0.000479  1.160697
49.67832946	531	-0.065361 -0.000958  1.151360
49.68353271	533	-0.067755 0.002394  1.155909
49.68868255	537	-0.063925 -0.000718  1.151599
49.69388580	537	-0.067755 0.001437  1.146332
49.69903945	538	-0.076374 0.000479  1.140107
49.70418167	538	-0.069910 0.002394  1.136277
49.70932769	541	-0.068713 0.001197  1.129333
49.71447753	543	-0.069671 -0.005267  1.112335
49.71967697	543	-0.064643 -0.003112  1.122151
49.72488021	546	-0.074698 -0.007183  1.115208
49.73007583	549	-0.069192 0.002873  1.111856
49.73521423	550	-0.067755 0.003591  1.097730
49.74036026	550	-0.065840 0.001197  1.094857
49.74550247	551	-0.068713 -0.002394  1.094378
49.75070571	552	-0.067276 -0.002873  1.083126
49.75590133	551	-0.063446 -0.006464  1.084562
49.76110076	555	-0.067037 -0.004310  1.073310
49.76629257	558	-0.062009 -0.004310  1.061578
49.77149963	560	-0.057221 -0.009337  1.071155
49.77670288	560	-0.057221 -0.011492  1.063972
49.78191757	561	-0.054827 -0.010295  1.058705
49.78711700	563	-0.052672 -0.015083  1.056550
49.79230499	563	-0.051475 -0.017956  1.053678
49.79750442	566	-0.046447 -0.015562  1.032130
49.80270385	568	-0.044532 -0.015562  1.034524
49.80790328	566	-0.051954 -0.021069  1.024708
49.81310272	569	-0.045729 -0.021787  1.024708
49.81830215	568	-0.046447 -0.025378  1.020638
49.82350158	571	-0.047165 -0.016280  1.017047
49.82871246	573	-0.048362 -0.015562  1.010103
49.83390426	574	-0.041659 -0.021308  1.018244
49.83910369	575	-0.046686 -0.018435  1.002681
49.84430694	574	-0.050517 -0.013647  0.991429
49.84951782	576	-0.055066 -0.022745  0.998851
49.85470962	576	-0.050996 -0.015083  0.990471
49.85990524	576	-0.054587 -0.019393  0.990471
49.86510467	576	-0.060573 -0.017717  0.989274
49.87029647	578	-0.056503 -0.018675  0.979458
49.87549209	580	-0.063446 -0.011731  0.978740
49.88068389	580	-0.062727 -0.014365  0.974191
49.88587570	581	-0.069192 -0.015083  0.972994
49.89106750	582	-0.063685 -0.013886  0.975148
49.89628219	582	-0.068952 -0.013886  0.973472
49.90148162	582	-0.064643 -0.011731  0.967248
49.90668869	583	-0.065840 -0.010056  0.961023
49.91189193	584	-0.066798 -0.008140  0.965572
49.91709899	584	-0.072544 -0.003352  0.956474
49.92229080	584	-0.067276 -0.008140  0.959826
49.92749023	584	-0.073741 -0.011013  0.950967
49.93268585	582	-0.071107 0.000000  0.948334
49.93779373	582	-0.067037 -0.007422  0.960065
49.94298171	582	-0.071586 0.000239  0.949770
49.94811630	582	-0.071586 -0.009577  0.954319
49.95330810	583	-0.068713 -0.009816  0.958868
49.95849990	586	-0.067755 -0.007422  0.944024
49.96369934	585	-0.063206 -0.015323  0.945940
49.96889114	584	-0.062009 -0.007183  0.956234
49.97409057	586	-0.063685 -0.007422  0.947615
49.97929382	586	-0.065361 -0.015802  0.949531
49.98449325	586	-0.057939 -0.019393  0.955516
49.98970031	586	-0.056742 -0.015323  0.947615
49.99490356	583	-0.058897 -0.012929  0.949531
50.00010681	585	-0.053151 -0.014126  0.949291
##inga 
#ido(sec)  szog(ADC)     ax(g)    ay(g)   az(g)
50.00583267	582	-0.056742 -0.016280  0.946179
50.01110458	583	-0.051475 -0.011492  0.956474
50.01638793	582	-0.048841 -0.018435  0.949531
50.02165985	582	-0.045011 -0.012210  0.954559
50.02685165	584	-0.048123 -0.013647  0.950249
50.03204727	584	-0.050278 -0.017717  0.954319
50.03724670	584	-0.048123 -0.018675  0.959347
50.04243850	580	-0.046447 -0.015562  0.956953
50.04763031	582	-0.048841 -0.019393  0.972036
50.05281829	581	-0.042616 -0.012450  0.955756
50.05801773	580	-0.052432 -0.011253  0.973951
50.06322097	578	-0.054108 -0.015802  0.975388
50.06841278	577	-0.044771 -0.011253  0.974909
50.07361602	575	-0.052193 -0.008140  0.983289
50.07881546	577	-0.050278 -0.007183  0.982092
50.08402252	574	-0.052911 -0.008380  0.988077
50.08921051	573	-0.055784 -0.007901  0.997654
50.09440612	573	-0.053869 -0.007901  0.994062
50.09959030	575	-0.056503 -0.007661  0.994062
50.10478210	572	-0.054587 0.001915  1.004118
50.10993194	572	-0.057460 -0.011492  1.003639
50.11512756	572	-0.059615 -0.005028  1.007949
50.12032318	572	-0.062488 -0.005985  1.012737
50.12551879	570	-0.066558 0.000718  1.018723
50.13066864	566	-0.061291 -0.001437  1.024469
50.13586807	568	-0.066079 -0.003112  1.038355
50.14106369	567	-0.066319 -0.000479  1.035242
50.14627075	564	-0.062727 0.001437  1.040510
50.15143203	564	-0.062488 0.000239  1.041946
50.15659332	562	-0.066079 0.001915  1.046495
50.16174697	560	-0.056503 0.003831  1.057508
50.16690826	560	-0.066079 0.000718  1.061339
50.17206954	558	-0.061530 -0.003352  1.058226
50.17726135	556	-0.055545 -0.000239  1.066367
50.18246078	554	-0.065361 -0.001437  1.077140
50.18765258	552	-0.056503 0.001437  1.084562
50.19280242	553	-0.061770 0.005028  1.076422
50.19795608	550	-0.062009 0.005746  1.080013
50.20309829	549	-0.056981 -0.008380  1.101561
50.20828247	549	-0.057460 0.001437  1.104195
50.21342849	548	-0.057939 0.000479  1.100125
50.21856689	544	-0.051954 -0.002634  1.113293
50.22375869	540	-0.055306 -0.006464  1.110419
50.22894668	542	-0.046447 -0.001437  1.118320
50.23413085	540	-0.049320 -0.009098  1.124066
50.23933029	538	-0.042377 -0.004788  1.123109
50.24454116	536	-0.040222 -0.009098  1.136277
50.24974822	537	-0.039025 -0.006225  1.128615
50.25494766	536	-0.048602 0.000958  1.146332
50.26010894	534	-0.047884 -0.003591  1.142980
50.26531219	532	-0.046447 -0.006225  1.160697
50.27050781	530	-0.041659 -0.001437  1.160937
50.27570724	526	-0.046447 0.000718  1.159500
50.28085327	526	-0.045250 0.000718  1.169556
50.28600692	523	-0.045489 0.001676  1.169556
50.29115676	521	-0.045729 0.005507  1.168598
50.29630661	520	-0.048602 -0.000479  1.177935
50.30150985	518	-0.045489 -0.000718  1.181766
50.30670547	516	-0.045011 0.009816  1.182245
50.31184387	513	-0.049799 0.011492  1.188470
50.31699752	511	-0.050278 0.001197  1.193976
50.32214736	509	-0.059376 0.007901  1.190624
50.32730484	508	-0.057221 0.012210  1.194455
50.33245849	504	-0.051235 0.014365  1.206665
50.33762359	502	-0.058179 0.014604  1.202595
50.34278106	502	-0.059376 0.016520  1.204750
50.34793090	500	-0.059854 0.010295  1.212411
50.35309219	502	-0.057700 0.013886  1.214566
50.35825347	495	-0.060812 0.017477  1.206905
50.36341476	496	-0.056742 0.015323  1.220312
50.36857604	494	-0.064164 0.013886  1.205229
50.37374496	491	-0.056742 0.013647  1.208341
50.37889862	488	-0.061052 0.019872  1.215045
50.38406372	487	-0.063925 0.024421  1.218876
50.38922119	483	-0.062249 0.018196  1.228692
50.39437484	480	-0.059615 0.016280  1.218636
50.39952468	479	-0.059376 0.016041  1.222946
50.40467834	477	-0.057939 0.019393  1.227974
50.40983200	476	-0.054827 0.017238  1.223185
50.41497039	473	-0.051475 0.013886  1.223664
50.42010879	471	-0.048602 0.015562  1.225819
50.42524719	471	-0.052193 0.017956  1.223185
50.43039321	466	-0.052432 0.020111  1.222946
50.43553924	465	-0.049799 0.017717  1.219594
50.44069290	463	-0.044292 0.012210  1.229171
50.44583511	463	-0.041898 0.011731  1.220552
50.45098495	459	-0.037828 0.021069  1.216721
50.45612335	458	-0.042138 0.007422  1.214327
50.46127700	453	-0.039743 0.017238  1.216960
50.46642303	451	-0.037589 0.015562  1.210736
50.47157287	451	-0.038307 0.014604  1.217439
50.47671508	449	-0.030406 0.008140  1.213369
50.48186111	450	-0.029688 0.014126  1.210257
50.48701095	448	-0.033279 0.011971  1.198765
50.49216461	447	-0.034476 0.018196  1.199962
50.49732589	447	-0.032321 0.011492  1.198765
50.50249099	443	-0.028012 0.018435  1.197807
50.50765991	438	-0.033279 0.017477  1.195413
50.51282501	438	-0.039743 0.018196  1.199244
50.51797866	433	-0.037828 0.014365  1.189427
50.52313232	435	-0.035434 0.018435  1.184639
##inga 
#ido(sec)  szog(ADC)     ax(g)    ay(g)   az(g)
50.52883911	429	-0.035913 0.016041  1.182005
50.53410720	432	-0.040940 0.016759  1.173865
50.53938293	427	-0.044532 0.026336  1.175541
50.54467010	423	-0.044532 0.029209  1.167401
50.54983139	425	-0.047405 0.027294  1.161655
50.55499267	422	-0.051714 0.025857  1.165007
50.56015777	422	-0.041659 0.022505  1.151599
50.56531906	420	-0.047884 0.028730  1.147529
50.57046508	417	-0.048123 0.026336  1.150163
50.57561492	416	-0.045489 0.024899  1.144896
50.58076477	413	-0.048362 0.027294  1.134601
50.58591842	411	-0.050517 0.025618  1.130052
50.59106445	409	-0.048123 0.029688  1.141544
50.59621047	409	-0.045011 0.029448  1.124066
50.60136032	409	-0.043813 0.025139  1.124785
50.60651779	407	-0.039265 0.033758  1.113771
50.61166381	407	-0.049799 0.029209  1.119517
50.61680221	403	-0.048123 0.032082  1.099646
50.62194824	402	-0.051714 0.034716  1.102758
50.62710571	402	-0.046208 0.026097  1.087675
50.63225555	401	-0.039025 0.033518  1.100843
50.63740539	399	-0.047884 0.028970  1.082886
50.64254760	398	-0.038307 0.035194  1.076901
50.64770126	398	-0.036870 0.031124  1.076662
50.65284729	396	-0.038786 0.025139  1.072831
50.65799331	394	-0.030406 0.028012  1.064451
50.66314697	392	-0.032800 0.031843  1.065648
50.66830825	390	-0.033040 0.022505  1.047453
50.67346954	389	-0.033518 0.025618  1.049129
50.67863845	388	-0.033518 0.022266  1.046016
50.68379592	386	-0.029448 0.024181  1.038115
50.68895339	386	-0.034237 0.025139  1.037876
50.69410705	385	-0.027772 0.024181  1.026863
50.69927215	384	-0.024899 0.025378  1.025426
50.70444869	382	-0.028970 0.025857  1.023511
50.70959854	380	-0.025857 0.033040  1.017286
50.71475601	379	-0.029927 0.022505  1.011779
50.71991348	379	-0.029209 0.023702  1.003879
50.72505950	379	-0.028012 0.028491  1.006033
50.73021697	378	-0.030406 0.027054  0.991429
50.73535919	376	-0.026336 0.024660  1.000766
50.74050521	377	-0.027054 0.029209  0.984725
50.74565124	376	-0.030885 0.024660  0.990471
50.75079345	375	-0.026575 0.027054  0.981373
50.75593948	372	-0.035434 0.028012  0.978500
50.76108932	372	-0.029688 0.027294  0.976585
50.76622772	371	-0.028251 0.036870  0.964854
50.77136611	371	-0.033518 0.032800  0.966769
50.77651214	370	-0.027533 0.036631  0.964854
50.78165435	370	-0.040701 0.032321  0.965093
50.78680419	369	-0.041898 0.033758  0.964375
50.79194641	368	-0.033758 0.038546  0.956474
50.79709243	365	-0.039504 0.035673  0.952164
50.80223464	365	-0.037110 0.039504  0.954798
50.80737686	367	-0.045489 0.038786  0.951925
50.81252288	367	-0.043574 0.034716  0.938039
50.81768035	364	-0.037828 0.044053  0.948573
50.82282257	366	-0.034716 0.035434  0.944503
50.82796859	364	-0.044771 0.041659  0.938278
50.83311080	365	-0.047644 0.035673  0.938518
50.83827209	366	-0.039265 0.036631  0.948094
50.84343338	366	-0.036391 0.043813  0.945221
50.84858703	365	-0.048123 0.039025  0.944264
50.85375213	366	-0.043335 0.043813  0.937560
50.85890960	366	-0.042616 0.033040  0.936363
50.86405181	365	-0.043335 0.037110  0.931574
50.86920928	363	-0.040222 0.040222  0.931814
50.87435913	365	-0.037589 0.035673  0.939236
50.87952041	365	-0.038546 0.033758  0.931574
50.88468170	363	-0.033758 0.039504  0.930377
50.88983154	366	-0.035673 0.036152  0.937320
50.89498901	366	-0.034237 0.033758  0.934208
50.90013885	366	-0.028970 0.029688  0.951446
50.90529632	364	-0.028491 0.026097  0.942109
50.91043853	367	-0.030406 0.030167  0.936842
50.91558456	367	-0.034955 0.032800  0.934926
50.92072677	367	-0.032561 0.027294  0.948334
50.92588043	366	-0.028012 0.027054  0.945461
50.93102645	367	-0.028251 0.025139  0.950010
50.93618011	368	-0.029688 0.027054  0.948813
50.94131469	369	-0.024181 0.026575  0.956474
50.94646072	369	-0.029209 0.022984  0.962220
50.95160293	369	-0.023463 0.020111  0.957671
50.95675277	371	-0.029927 0.028012  0.958629
50.96190261	369	-0.025618 0.019393  0.967726
50.96705627	372	-0.032321 0.023224  0.966769
50.97220611	373	-0.030406 0.026815  0.969881
50.97735977	375	-0.030167 0.022745  0.969163
50.98251342	373	-0.034237 0.024660  0.980655
50.98766326	375	-0.032800 0.023942  0.971557
50.99281311	378	-0.038786 0.025618  0.983767
50.99795532	380	-0.033997 0.027294  0.990232
51.00310134	378	-0.035673 0.029688  0.997654
51.00825119	381	-0.039504 0.031364  0.997175
51.01341247	382	-0.039983 0.029688  1.003639
51.01857376	382	-0.040701 0.024181  1.010343
51.02373123	380	-0.039504 0.025618  1.002203
51.02890396	384	-0.038786 0.031603  1.012977
51.03407287	385	-0.045250 0.033758  1.018244
51.03924179	386	-0.044053 0.027294  1.022553
51.04441452	387	-0.042856 0.029209  1.026623
##inga 
#ido(sec)  szog(ADC)     ax(g)    ay(g)   az(g)
51.05010223	388	-0.045968 0.029209  1.031890
51.05536270	388	-0.046926 0.033279  1.032369
51.06063461	391	-0.049559 0.033758  1.044340
51.06587982	393	-0.048362 0.029448  1.046256
51.07104873	393	-0.045489 0.029927  1.057748
51.07620620	395	-0.046926 0.031603  1.057987
51.08137130	396	-0.048841 0.033758  1.063972
51.08653640	396	-0.049799 0.032082  1.074746
51.09168243	400	-0.045968 0.033040  1.072352
51.09682846	401	-0.044532 0.025139  1.069240
51.10197067	403	-0.050517 0.027533  1.083605
51.10712814	405	-0.044053 0.027054  1.084802
51.11227416	404	-0.044771 0.024660  1.089590
51.11740493	407	-0.042856 0.023463  1.091984
51.12254714	407	-0.044292 0.022266  1.109701
51.12769317	406	-0.041659 0.021787  1.108504
51.13284683	409	-0.040222 0.023463  1.112814
51.13800048	410	-0.036870 0.018196  1.132207
51.14316177	411	-0.031843 0.020829  1.119278
51.14830780	412	-0.037349 0.018196  1.135079
51.15346527	416	-0.038307 0.017477  1.133164
51.15861511	417	-0.034716 0.016759  1.136277
51.16376876	415	-0.036631 0.015802  1.142262
51.16891098	418	-0.030406 0.018196  1.141544
51.17406082	423	-0.033997 0.013168  1.145614
51.17920303	424	-0.035434 0.013647  1.151599
51.18434906	425	-0.041180 0.014844  1.155909
51.18950271	425	-0.036870 0.016759  1.166443
51.19466018	428	-0.043813 0.013407  1.161415
51.19982147	429	-0.040222 0.014844  1.182724
51.20497894	432	-0.032321 0.011253  1.182484
51.21014022	434	-0.043813 0.015083  1.177935
51.21529388	433	-0.045968 0.012450  1.187991
51.22044754	437	-0.037110 0.015323  1.191103
51.22561264	437	-0.039983 0.014126  1.191343
51.23078536	443	-0.049559 0.013886  1.186315
51.23593902	445	-0.049799 0.015562  1.200201
51.24110031	448	-0.045489 0.017956  1.192540
51.24625778	449	-0.047405 0.015323  1.208581
51.25140762	449	-0.050038 0.013168  1.208581
51.25656127	451	-0.051714 0.018435  1.207623
51.26171112	452	-0.053390 0.011731  1.210496
51.26686477	455	-0.052672 0.018435  1.201877
51.27200698	454	-0.050517 0.013647  1.217200
51.27715301	456	-0.059376 0.018914  1.214566
51.28230285	455	-0.052672 0.011013  1.217200
51.28744888	458	-0.056024 0.017477  1.205947
51.29259109	463	-0.062488 0.022505  1.216482
51.29774475	463	-0.062967 0.018196  1.210257
51.30289840	467	-0.059136 0.009577  1.217679
51.30804824	468	-0.059376 0.019153  1.223904
51.31320571	470	-0.060573 0.018914  1.220791
51.31835174	470	-0.063685 0.015802  1.227255
51.32349014	472	-0.056024 0.012929  1.224622
51.32864761	476	-0.053630 0.017238  1.217918
51.33379364	476	-0.054348 0.011731  1.217200
51.33893203	480	-0.054108 0.009816  1.215763
51.34408187	482	-0.049559 0.006943  1.220073
51.34922790	484	-0.053390 0.008140  1.217439
51.35438156	486	-0.052193 0.013647  1.210736
51.35953903	489	-0.053630 0.004310  1.218876
51.36469650	492	-0.050996 -0.000958  1.216003
51.36989212	493	-0.049320 0.008140  1.212172
51.37504577	495	-0.047165 0.002873  1.209299
51.38020324	494	-0.050996 0.006704  1.206905
51.38534927	500	-0.052193 -0.000958  1.207144
51.39055252	502	-0.045968 0.002873  1.197568
51.39570617	501	-0.052911 0.001197  1.198525
51.40085983	504	-0.045729 0.005267  1.199962
51.40601348	505	-0.048841 0.000718  1.193737
51.41116333	508	-0.044053 0.003112  1.189427
51.41631698	508	-0.052911 -0.002634  1.192300
51.42150878	509	-0.052193 0.000718  1.183202
51.42666244	513	-0.047644 0.001197  1.186315
51.43181228	516	-0.056503 -0.001437  1.179132
51.43701171	518	-0.054348 -0.004070  1.169795
51.44219589	519	-0.047165 -0.004549  1.174823
51.44738006	522	-0.053869 0.004310  1.169795
51.45252990	525	-0.055066 -0.007183  1.163810
51.45771789	526	-0.061530 -0.006225  1.157106
51.46291351	528	-0.060333 0.000718  1.152078
51.46806716	528	-0.056981 -0.004310  1.165246
51.47326278	530	-0.066319 -0.008140  1.154472
51.47846984	532	-0.060573 -0.003112  1.153515
51.48367309	536	-0.060573 -0.000718  1.140825
51.48887634	536	-0.058897 0.000479  1.139868
51.49403762	537	-0.066558 -0.002394  1.132446
51.49924087	538	-0.056024 0.000479  1.128615
51.50437164	539	-0.061770 -0.001676  1.128376
51.50956726	541	-0.058657 0.001676  1.121912
51.51471328	542	-0.062488 -0.008380  1.112335
51.51990890	543	-0.064643 -0.004070  1.106349
51.52510070	546	-0.060094 -0.006704  1.102519
51.53029251	548	-0.066798 -0.000239  1.097252
51.53549575	549	-0.059615 -0.006943  1.089590
51.54068374	547	-0.059136 -0.011253  1.084802
51.54587554	549	-0.063925 -0.005028  1.085041
51.55107879	550	-0.059615 -0.005507  1.067803
51.55627441	552	-0.058179 -0.011253  1.075943
51.56147384	555	-0.054587 -0.008140  1.065409
51.56668090	557	-0.059615 -0.015323  1.068761
##inga 
#ido(sec)  szog(ADC)     ax(g)    ay(g)   az(g)
51.57241821	559	-0.055545 -0.005746  1.065888
51.57769775	558	-0.057221 -0.008619  1.053199
51.58297729	561	-0.057700 -0.011731  1.044819
51.58826446	561	-0.060333 -0.011013  1.044819
51.59345626	563	-0.060812 -0.005985  1.029736
51.59865188	565	-0.058897 -0.011731  1.034285
51.60385131	566	-0.060094 -0.010056  1.035721
51.60904693	565	-0.059615 -0.011253  1.017525
51.61424255	568	-0.060573 -0.010534  1.028539
51.61944580	567	-0.056024 -0.009337  1.016328
51.62464141	569	-0.059615 -0.014604  1.008188
51.62984085	571	-0.056742 -0.016759  1.005555
51.63505172	572	-0.050996 -0.014604  1.005315
51.64025115	573	-0.056981 -0.015323  1.002203
51.64545822	574	-0.056981 -0.012450  0.991908
51.65065765	574	-0.055784 -0.023463  0.983767
51.65586853	575	-0.056742 -0.012689  0.984246
51.66107559	575	-0.054348 -0.016280  0.985922
51.66626739	574	-0.057700 -0.017238  0.981852
51.67145919	574	-0.056263 -0.017238  0.983767
51.67665100	575	-0.046926 -0.012689  0.981134
51.68184280	577	-0.053869 -0.015083  0.975867
51.68704986	579	-0.054827 -0.011253  0.978500
51.69223785	579	-0.061052 -0.011253  0.967248
51.69743347	578	-0.058657 -0.017717  0.968205
51.70264434	579	-0.064164 -0.013168  0.967726
51.70784378	581	-0.059136 -0.012689  0.963417
51.71303558	581	-0.059854 -0.011253  0.962699
51.71823501	579	-0.063685 -0.005746  0.972994
51.72343826	578	-0.062249 -0.012210  0.959586
51.72863769	579	-0.061770 -0.013168  0.970121
51.73382949	582	-0.064643 -0.013168  0.961502
51.73902893	582	-0.060094 -0.014604  0.954080
51.74421310	582	-0.067276 -0.007422  0.948334
51.74940490	582	-0.063446 -0.013168  0.952643
51.75459289	583	-0.062967 -0.013407  0.961981
51.75979614	582	-0.062488 -0.009816  0.961262
51.76498794	583	-0.060573 -0.013647  0.948334
51.77019500	582	-0.070389 -0.006943  0.956474
51.77538681	580	-0.067037 -0.009577  0.947855
51.78058624	581	-0.059136 -0.011731  0.953361
51.78579330	583	-0.063925 -0.009098  0.954319
51.79100418	583	-0.061291 -0.012929  0.955037
51.79619598	582	-0.061291 -0.004549  0.958868
51.80139160	582	-0.057700 -0.009337  0.950249
51.80658721	582	-0.057221 -0.010534  0.963656
51.81177902	580	-0.062009 -0.008619  0.956713
51.81697082	581	-0.056742 -0.009816  0.963656
51.82216644	578	-0.054108 -0.014365  0.962220
51.82735443	580	-0.052193 -0.005267  0.964135
51.83256149	579	-0.054108 -0.007183  0.963656
51.83776473	578	-0.052911 -0.011731  0.973233
51.84295654	578	-0.055066 -0.009816  0.974670
51.84815597	576	-0.057700 -0.009098  0.978500
51.85334014	575	-0.055784 -0.008619  0.976585
51.85854339	576	-0.050757 -0.014604  0.977064
51.86374664	576	-0.054348 -0.014365  0.990711
51.86894226	575	-0.054827 -0.013407  0.985922
51.87413787	574	-0.051954 -0.004549  0.978261
51.87933349	573	-0.052911 -0.008858  0.995020
51.88452529	573	-0.048841 -0.010056  0.991429
51.88972473	573	-0.051954 -0.005746  1.002203
51.89492797	571	-0.052672 -0.016041  1.002681
51.90012359	571	-0.053390 -0.009577  1.002203
51.90531539	569	-0.055306 -0.000958  1.011779
51.91051864	565	-0.057700 -0.004549  1.017765
51.91571426	566	-0.055066 -0.006704  1.025426
51.92091751	566	-0.054587 -0.005985  1.018962
51.92611694	564	-0.048362 -0.006943  1.023511
51.93132400	565	-0.055306 0.000000  1.031890
51.93643951	563	-0.061052 -0.003112  1.036439
51.94163513	560	-0.051714 0.002155  1.038355
51.94679260	560	-0.052911 -0.004070  1.048171
51.95198440	560	-0.061052 -0.006943  1.037636
51.95717239	557	-0.050996 0.001197  1.057508
51.96232986	555	-0.061770 -0.005985  1.062536
51.96752929	555	-0.059854 -0.000718  1.064212
51.97272491	552	-0.059136 -0.005267  1.069958
51.97792053	552	-0.060812 -0.003591  1.073310
51.98310470	551	-0.053869 0.000239  1.080732
51.98825073	548	-0.056263 0.004310  1.075704
51.99340438	547	-0.062967 0.000479  1.089590
51.99856185	548	-0.060094 -0.001915  1.093181
52.00375747	543	-0.061291 0.003112  1.101082
52.00890731	543	-0.055784 0.004310  1.102758
52.01406097	542	-0.054348 0.004070  1.109701
52.01919555	541	-0.051235 -0.005028  1.115447
52.02439498	539	-0.054827 0.005267  1.109462
52.02954864	536	-0.056024 0.001676  1.121433
52.03471374	537	-0.054348 0.002155  1.128136
52.03987121	537	-0.050517 -0.000239  1.128376
52.04505920	535	-0.061530 0.000718  1.127897
52.05020141	532	-0.052672 -0.001437  1.135079
52.05539703	533	-0.052193 -0.000718  1.142741
52.06059265	529	-0.049081 0.003831  1.144417
52.06573486	525	-0.051475 0.001676  1.157106
52.07088470	527	-0.056263 0.002394  1.146093
52.07602691	524	-0.051235 0.003112  1.156388
52.08118057	522	-0.056742 0.004310  1.165486
52.08632278	522	-0.056503 0.003112  1.177456
52.09146881	519	-0.047405 0.005507  1.170513
##inga 
#ido(sec)  szog(ADC)     ax(g)    ay(g)   az(g)
52.09716415	516	-0.046447 0.009098  1.177696
52.10242843	514	-0.051235 0.001915  1.171232
52.10770034	512	-0.046926 0.006704  1.179372
52.11295318	510	-0.050757 0.005028  1.175781
52.11809921	505	-0.045250 0.004788  1.182724
52.12324142	506	-0.051954 0.004788  1.188230
52.12838745	505	-0.050038 0.003591  1.194216
52.13352966	501	-0.046686 0.004549  1.196370
52.13866806	502	-0.050757 0.005746  1.187512
52.14381027	501	-0.050038 0.006464  1.196131
52.14897155	496	-0.042856 0.008140  1.208102
52.15412902	495	-0.055784 0.009098  1.206426
52.15929031	494	-0.048362 0.007183  1.217679
52.16445922	491	-0.049559 0.009337  1.211214
52.16962051	489	-0.048362 0.011731  1.210975
52.17478561	487	-0.048123 0.009577  1.206905
52.17994689	486	-0.049320 0.016520  1.216003
52.18510055	483	-0.055784 0.006225  1.210975
52.19026947	480	-0.052672 0.015323  1.219115
52.19542694	478	-0.049799 0.009577  1.208820
52.20058059	475	-0.055306 0.016759  1.208102
52.20574188	475	-0.049799 0.017717  1.210975
52.21089553	473	-0.058897 0.009577  1.212411
52.21604156	470	-0.055784 0.017717  1.220552
52.22118759	470	-0.051954 0.013647  1.213848
52.22634506	464	-0.058897 0.016041  1.220552
52.23149108	465	-0.055306 0.020111  1.216242
52.23663711	464	-0.051235 0.020590  1.215045
52.24177932	462	-0.053630 0.020111  1.203553
52.24693679	460	-0.050278 0.019632  1.223185
52.25207519	455	-0.053151 0.016520  1.215284
52.25722503	452	-0.054587 0.025139  1.206905
52.26237487	452	-0.047884 0.020829  1.207862
52.26752471	450	-0.049559 0.020590  1.194455
52.27266693	450	-0.044771 0.022266  1.209299
52.27781295	449	-0.047644 0.020590  1.196370
52.28295516	448	-0.051714 0.020351  1.191822
52.28810882	447	-0.040940 0.013407  1.201398
52.29325485	447	-0.041180 0.018914  1.196849
52.29840850	443	-0.037349 0.020351  1.188709
52.30355834	439	-0.037349 0.018675  1.186794
52.30871200	438	-0.044292 0.020590  1.187033
52.31387329	436	-0.045729 0.019393  1.184160
52.31902694	434	-0.037589 0.019632  1.180808
52.32419204	432	-0.041419 0.018675  1.171232
52.32936859	432	-0.032800 0.022984  1.161655
52.33453750	429	-0.039265 0.020351  1.174105
52.33969879	425	-0.039743 0.020351  1.166922
52.34486389	425	-0.035673 0.023942  1.159261
52.35002899	424	-0.034476 0.021548  1.160937
52.35520172	422	-0.045968 0.025378  1.151360
52.36034774	421	-0.041659 0.024421  1.144656
52.36550521	420	-0.042616 0.023942  1.131728
52.37066268	417	-0.042856 0.021548  1.144417
52.37580871	416	-0.036870 0.023942  1.124066
52.38095474	414	-0.038786 0.027054  1.122390
52.38611221	411	-0.037110 0.030167  1.118560
52.39125442	410	-0.043574 0.025139  1.121672
52.39640426	410	-0.037110 0.023463  1.117363
52.40153884	408	-0.036631 0.028730  1.107786
52.40668487	406	-0.044532 0.025139  1.100603
52.41182708	407	-0.039265 0.029448  1.101322
52.41698455	404	-0.040940 0.030885  1.100364
52.42212677	401	-0.042616 0.031124  1.094857
52.42728042	400	-0.038307 0.032082  1.088393
52.43242263	402	-0.040222 0.035434  1.083844
52.43756866	401	-0.048602 0.027772  1.075943
52.44271087	400	-0.041180 0.029209  1.068521
52.44785690	397	-0.037110 0.030406  1.057508
52.45299911	394	-0.045011 0.029448  1.069718
52.45814895	396	-0.040462 0.027772  1.060381
52.46328735	393	-0.036631 0.028251  1.055832
52.46843338	392	-0.042377 0.037828  1.056790
52.47359085	391	-0.039743 0.030406  1.040031
52.47874832	388	-0.044053 0.033040  1.035003
52.48392105	388	-0.031843 0.029688  1.027102
52.48908615	387	-0.037349 0.031603  1.034285
52.49424743	386	-0.045729 0.027772  1.021117
52.49940109	383	-0.036631 0.034237  1.026863
52.50455856	384	-0.033758 0.031843  1.011301
52.50972747	384	-0.027294 0.025618  1.010103
52.51489257	382	-0.034955 0.030406  1.000287
52.52006149	381	-0.033279 0.028251  0.993823
52.52521896	381	-0.031603 0.030406  0.990471
52.53037261	377	-0.033518 0.033518  1.003639
52.53552627	378	-0.033758 0.022505  0.999569
52.54067230	377	-0.034955 0.027772  0.974670
52.54581451	378	-0.028491 0.032321  0.986880
52.55094909	377	-0.038067 0.028251  0.984965
52.55608749	376	-0.033758 0.028251  0.979937
52.56123352	375	-0.039743 0.030645  0.970360
52.56638717	373	-0.031124 0.023463  0.975388
52.57153701	372	-0.029209 0.025139  0.966290
52.57666778	370	-0.029927 0.030406  0.959347
52.58181381	372	-0.034237 0.028491  0.965572
52.58696365	369	-0.029688 0.028730  0.965811
52.59209823	370	-0.036870 0.030885  0.954319
52.59724426	370	-0.041659 0.033040  0.954559
52.60238265	368	-0.033758 0.035673  0.950728
52.60753631	369	-0.029448 0.030406  0.947855
52.61267852	368	-0.032800 0.032561  0.952643
##inga 
#ido(sec)  szog(ADC)     ax(g)    ay(g)   az(g)
52.61836624	368	-0.031603 0.031843  0.950249
52.62363052	369	-0.031843 0.031843  0.944503
52.62889862	368	-0.038307 0.040701  0.944742
52.63415145	367	-0.043813 0.038307  0.942348
52.63929748	366	-0.037589 0.034476  0.948094
52.64443969	367	-0.039265 0.037828  0.952883
52.64958572	366	-0.038067 0.033040  0.941391
52.65472793	365	-0.040940 0.033279  0.933729
52.65987014	367	-0.039504 0.033997  0.942348
52.66501617	367	-0.037828 0.035913  0.936842
52.67015838	366	-0.036152 0.038067  0.942827
52.67531967	366	-0.037349 0.034476  0.945461
52.68047332	367	-0.038067 0.036391  0.941869
52.68563079	367	-0.038786 0.033758  0.948094
52.69078445	368	-0.037349 0.031843  0.948094
52.69594573	367	-0.035913 0.035673  0.945700
52.70108795	367	-0.037349 0.032561  0.944264
52.70624923	369	-0.035673 0.027533  0.938996
52.71140670	368	-0.040222 0.035194  0.943785
52.71656417	369	-0.042856 0.025378  0.956713
52.72172546	368	-0.041419 0.024660  0.953122
52.72687911	371	-0.034476 0.031843  0.945461
52.73204421	370	-0.035913 0.027772  0.951925
52.73720550	371	-0.036631 0.027533  0.950728
52.74235153	373	-0.027533 0.026815  0.949531
52.74750137	371	-0.034955 0.026097  0.966529
52.75265884	374	-0.035913 0.031124  0.965332
52.75779724	375	-0.035913 0.032800  0.976106
52.76293563	375	-0.041180 0.029209  0.974191
52.76808547	376	-0.032800 0.026575  0.973472
52.77323913	380	-0.033518 0.026815  0.975148
52.77838516	380	-0.033997 0.027294  0.982092
52.78353500	381	-0.030167 0.024181  0.984965
52.78868865	380	-0.032800 0.023224  0.995978
52.79382705	381	-0.030885 0.025139  0.988556
52.79897308	381	-0.033279 0.025857  1.003400
52.80411911	383	-0.038786 0.025618  0.997893
52.80927276	384	-0.032321 0.029927  0.996217
52.81441497	383	-0.029927 0.026336  1.010343
52.81956100	386	-0.031843 0.033518  1.019680
52.82469558	387	-0.033997 0.023702  1.014413
52.82985687	388	-0.036870 0.025139  1.030933
52.83499908	388	-0.040462 0.024660  1.025426
52.84014511	387	-0.041898 0.029927  1.028778
52.84530258	391	-0.041180 0.024899  1.030215
52.85047149	393	-0.035194 0.021548  1.044340
52.85563278	393	-0.037828 0.027294  1.044340
52.86078643	394	-0.046686 0.022505  1.051044
52.86594772	395	-0.040462 0.027772  1.055832
52.87112045	397	-0.040222 0.022266  1.060142
52.87627410	400	-0.040462 0.027533  1.057748
52.88143920	400	-0.048123 0.025618  1.057987
52.88660430	400	-0.048362 0.027054  1.067085
52.89176177	404	-0.042856 0.026575  1.082168
52.89692306	402	-0.042856 0.023224  1.088393
52.90207672	407	-0.046208 0.023463  1.079056
52.90723037	408	-0.042616 0.024899  1.095097
52.91238403	409	-0.044771 0.024899  1.089351
52.91753387	408	-0.043574 0.023224  1.099646
52.92268753	407	-0.045968 0.025378  1.096294
52.92783737	411	-0.041180 0.026575  1.113293
52.93297958	412	-0.042377 0.023702  1.114490
52.93812179	415	-0.041898 0.028012  1.122151
52.94326400	416	-0.038546 0.017238  1.126939
52.94842529	417	-0.044292 0.015562  1.131249
52.95356750	418	-0.041419 0.021548  1.133643
52.95871353	417	-0.040462 0.016520  1.144177
52.96385192	423	-0.046926 0.016759  1.139389
52.96900939	425	-0.036152 0.015323  1.148966
52.97416687	425	-0.043095 0.016759  1.146811
52.97931289	427	-0.043335 0.018914  1.155909
52.98446273	428	-0.037349 0.018196  1.160697
52.98961257	428	-0.046926 0.017956  1.161894
52.99476623	432	-0.038546 0.016041  1.161894
52.99991989	432	-0.039504 0.023224  1.163331
53.00508499	435	-0.042377 0.011492  1.169077
53.01025390	437	-0.042856 0.015083  1.176020
53.01541137	438	-0.041180 0.012929  1.184639
53.02057647	442	-0.045011 0.022026  1.183681
53.02573013	444	-0.043335 0.014126  1.175062
53.03089141	445	-0.042138 0.012689  1.190385
53.03605270	449	-0.043574 0.008858  1.193976
53.04119491	448	-0.044532 0.013647  1.187991
53.04635238	450	-0.048123 0.018675  1.189427
53.05150222	450	-0.049799 0.015323  1.202595
53.05666732	451	-0.049081 0.010534  1.187991
53.06180953	456	-0.043574 0.012450  1.201159
53.06695556	455	-0.051954 0.016041  1.206905
53.07210922	456	-0.052911 0.012210  1.200919
53.07725143	457	-0.053390 0.012450  1.217200
53.08238983	461	-0.056981 0.016759  1.212890
53.08754348	462	-0.051954 0.019632  1.209299
53.09268569	465	-0.056263 0.012210  1.202835
53.09782791	464	-0.048841 0.011731  1.206665
53.10297012	469	-0.057939 0.009337  1.202835
53.10811614	472	-0.055306 0.007422  1.205468
53.11325454	471	-0.059854 0.014844  1.214806
53.11840438	475	-0.058657 0.012210  1.212890
53.12354660	475	-0.054827 0.012929  1.211214
53.12869262	478	-0.058897 0.007901  1.203074
53.13384246	480	-0.056024 0.005028  1.209299
##inga 
#ido(sec)  szog(ADC)     ax(g)    ay(g)   az(g)
53.13952636	481	-0.053151 0.006704  1.217200
53.14479827	482	-0.055784 0.003591  1.211933
53.15007019	486	-0.063685 0.003831  1.210736
53.15532302	490	-0.055066 0.004549  1.210975
53.16046905	491	-0.052432 0.001197  1.207623
53.16561508	494	-0.058897 0.005267  1.207144
53.17076492	496	-0.055545 0.013168  1.204990
53.17590713	497	-0.053390 0.010056  1.195173
53.18104934	501	-0.052193 0.002155  1.192779
53.18620681	501	-0.053390 0.003352  1.190864
53.19135284	504	-0.051714 -0.002634  1.188948
53.19654083	505	-0.054587 0.002873  1.193258
53.20170211	504	-0.050757 -0.003591  1.182724
53.20691299	506	-0.049320 0.001676  1.176020
53.21207046	508	-0.054587 0.001197  1.183681
53.21723556	509	-0.057221 0.003112  1.178893
53.22239303	513	-0.049320 -0.000718  1.171232
53.22760009	516	-0.054108 -0.003352  1.163570
53.23279571	518	-0.057700 -0.003112  1.166683
53.23799133	518	-0.064882 -0.002873  1.162373
53.24319076	523	-0.051954 -0.000718  1.159740
53.24838638	525	-0.053390 -0.001915  1.157345
53.25358581	525	-0.054827 -0.005985  1.153036
53.25878143	526	-0.057221 0.003831  1.153275
53.26392745	528	-0.052193 -0.000718  1.145853
53.26911544	528	-0.054348 -0.001915  1.145375
53.27430725	530	-0.055066 -0.006225  1.145614
53.27950286	534	-0.058418 -0.005985  1.131728
53.28471374	536	-0.049320 -0.000479  1.134361
53.28991699	536	-0.053151 -0.008380  1.119039
53.29512405	535	-0.052911 -0.002394  1.112095
53.30031967	537	-0.053390 -0.003112  1.114250
53.30551910	538	-0.056024 -0.009577  1.118081
53.31071472	541	-0.055545 -0.006225  1.109941
53.31590652	540	-0.053869 -0.007422  1.103955
53.32110214	541	-0.053151 -0.006943  1.094378
53.32630157	545	-0.059615 -0.010056  1.095336
53.33149337	546	-0.056263 -0.014126  1.090548
53.33668518	547	-0.056024 -0.007183  1.090548
53.34188461	549	-0.060094 -0.008858  1.076662
53.34708023	550	-0.058418 -0.006225  1.072592
53.35227966	550	-0.062488 -0.005985  1.072352
53.35748291	552	-0.063206 -0.004070  1.055593
53.36268234	554	-0.061770 -0.002634  1.058705
53.36788558	556	-0.065122 -0.005028  1.060621
53.37309265	558	-0.059136 -0.004549  1.040270
53.37828445	557	-0.064643 -0.010774  1.040988
53.38348388	560	-0.064882 -0.011013  1.039073
53.38867950	559	-0.059854 -0.000479  1.041467
53.39387130	561	-0.061052 0.001197  1.039552
53.39902114	561	-0.060573 -0.006943  1.024947
53.40422058	566	-0.059615 -0.009098  1.029017
53.40941238	567	-0.064882 -0.010534  1.026384
53.41461181	567	-0.064164 -0.006225  1.023032
53.41980361	568	-0.064882 -0.011253  1.016089
53.42500686	568	-0.058897 -0.009816  1.002681
53.43021011	569	-0.053151 -0.008140  1.007470
53.43541336	569	-0.059136 -0.012929  1.004118
53.44061279	571	-0.060094 -0.018435  1.003879
53.44581985	573	-0.052193 -0.014844  0.993344
53.45101547	571	-0.055784 -0.017238  0.990950
53.45620346	574	-0.056263 -0.010534  0.983289
53.46139526	573	-0.051714 -0.012689  0.988316
53.46658706	574	-0.051475 -0.009337  0.974670
53.47177124	575	-0.056024 -0.019632  0.978500
53.47696685	575	-0.047405 -0.018196  0.979458
53.48215866	573	-0.049799 -0.014365  0.976106
53.48735809	574	-0.052432 -0.018196  0.979937
53.49257278	576	-0.052193 -0.022745  0.978022
53.49777984	577	-0.054587 -0.017956  0.966769
53.50299072	574	-0.054587 -0.017238  0.976346
53.50818634	575	-0.057221 -0.017717  0.967248
53.51339721	578	-0.055066 -0.009098  0.970360
53.51859283	579	-0.057700 -0.014365  0.966290
53.52377700	579	-0.053151 -0.016280  0.965332
53.52896499	576	-0.060812 -0.018675  0.953122
53.53416442	579	-0.058418 -0.017477  0.955037
53.53936767	580	-0.059136 -0.017238  0.953122
53.54456329	579	-0.062727 -0.009098  0.973472
53.54975128	578	-0.064882 -0.012210  0.956953
53.55494689	580	-0.064403 -0.011013  0.957192
53.56015014	579	-0.060094 -0.010056  0.953122
53.56535339	578	-0.062967 -0.010534  0.955516
53.57054901	580	-0.071346 -0.012210  0.965572
53.57575225	580	-0.062967 -0.009816  0.959107
53.58095169	580	-0.063446 -0.010295  0.954080
53.58614349	580	-0.059136 -0.007901  0.960783
53.59132766	579	-0.064403 -0.005507  0.960783
53.59652709	577	-0.064643 -0.005746  0.963656
53.60172653	579	-0.064643 -0.012929  0.967008
53.60691452	578	-0.064882 -0.003591  0.951207
53.61211776	578	-0.067755 -0.002155  0.959826
53.61729812	576	-0.065600 -0.005985  0.972994
53.62249374	576	-0.061530 -0.006464  0.967008
53.62769317	572	-0.061052 -0.004070  0.973472
53.63289260	575	-0.057939 -0.004788  0.973472
53.63809967	572	-0.057939 -0.006464  0.978261
53.64329910	574	-0.058897 -0.010774  0.976106
53.64850616	574	-0.056503 -0.002155  0.989035
53.65371322	572	-0.057221 -0.002394  0.989753
53.65891265	572	-0.060812 -0.005507  0.995499
##inga 
#ido(sec)  szog(ADC)     ax(g)    ay(g)   az(g)
53.66463470	572	-0.055784 -0.009816  0.999330
53.66990661	573	-0.052911 -0.003591  0.991668
53.67519378	571	-0.058897 -0.010295  0.989514
53.68044662	570	-0.055784 -0.000958  1.002921
53.68563461	570	-0.048123 -0.009337  1.003639
53.69083023	565	-0.049081 -0.007901  1.004357
53.69603347	567	-0.046926 -0.001676  1.015131
53.70122909	565	-0.047644 -0.008619  1.012977
53.70642852	565	-0.044292 -0.010056  1.015849
53.71162033	562	-0.051235 -0.008380  1.025666
53.71683502	561	-0.051714 -0.003591  1.024947
53.72203445	562	-0.055545 -0.006704  1.023750
53.72722625	560	-0.050757 0.001197  1.037876
53.73238754	559	-0.050278 -0.004070  1.050565
53.73758697	556	-0.053390 -0.007901  1.045298
53.74279785	558	-0.047165 -0.004070  1.044340
53.74798583	556	-0.056503 -0.000479  1.049847
53.75317764	555	-0.052432 -0.007901  1.057269
53.75837326	554	-0.059376 -0.002873  1.060142
53.76356887	553	-0.060333 -0.002634  1.067085
53.76876449	550	-0.054348 -0.006704  1.060860
53.77394866	549	-0.060573 -0.005267  1.069000
53.77913284	549	-0.056981 -0.004070  1.079295
53.78432846	546	-0.059615 0.001197  1.089590
53.78948974	546	-0.060812 -0.001915  1.082886
53.79468536	543	-0.062009 -0.003831  1.095576
53.79988479	539	-0.060812 0.002394  1.098927
53.80503845	541	-0.061291 0.007661  1.100125
53.81020736	539	-0.061291 0.005507  1.108504
53.81536865	535	-0.058657 0.004070  1.115447
53.82051086	537	-0.064403 0.004549  1.112814
53.82567214	537	-0.057221 0.002873  1.117841
53.83082962	536	-0.062967 0.005746  1.121912
53.83599090	535	-0.064882 0.010774  1.126461
53.84114074	534	-0.058179 0.006464  1.135319
53.84628677	528	-0.061530 0.012210  1.135319
53.85142898	525	-0.057939 0.011731  1.131249
53.85657119	525	-0.067037 0.007183  1.145614
53.86171722	526	-0.056503 0.010774  1.138671
53.86686325	523	-0.059615 0.011492  1.147050
53.87201309	523	-0.063206 0.012210  1.144417
53.87714385	520	-0.050757 0.004549  1.153275
53.88229370	517	-0.053390 0.006704  1.159021
53.88744354	516	-0.055784 0.009337  1.168119
53.89258956	513	-0.052672 -0.003352  1.161655
53.89778137	509	-0.051475 0.002394  1.180808
53.90292739	510	-0.044053 0.002394  1.174344
53.90807342	507	-0.047644 0.003352  1.173147
53.91321563	506	-0.042856 0.010774  1.177217
53.91836547	505	-0.041898 0.004549  1.181527
53.92350769	503	-0.036631 -0.000239  1.181287
53.92870712	503	-0.045729 0.001437  1.187273
53.93387603	499	-0.041659 0.005746  1.192540
53.93904495	498	-0.042377 0.009577  1.193976
53.94420242	496	-0.039504 0.002634  1.185597
53.94936752	493	-0.041419 0.002634  1.187512
53.95452880	490	-0.040222 0.000718  1.190624
53.95967483	489	-0.048362 0.014126  1.206426
53.96483993	488	-0.041659 -0.000479  1.199962
53.97004699	487	-0.043335 0.007901  1.202356
53.97519302	483	-0.040701 0.011013  1.202116
53.98033523	480	-0.043335 0.011013  1.200919
53.98548507	479	-0.045250 0.013886  1.208581
53.99062728	474	-0.047644 0.006943  1.211454
53.99576568	476	-0.048841 0.011013  1.209538
54.00090408	474	-0.059615 0.017956  1.202116
54.00605010	472	-0.051235 0.016520  1.201398
54.01119232	469	-0.054827 0.009337  1.204271
54.01633834	467	-0.052672 0.021787  1.200680
54.02149581	464	-0.048362 0.019632  1.199722
54.02664184	465	-0.053869 0.029688  1.205947
54.03179168	464	-0.062488 0.019872  1.198046
54.03693389	460	-0.059136 0.026336  1.190146
54.04207992	458	-0.062249 0.022984  1.197807
54.04722213	456	-0.053630 0.027772  1.200680
54.05237197	454	-0.057700 0.022745  1.197807
54.05752182	452	-0.059615 0.018435  1.203553
54.06266784	451	-0.057700 0.022984  1.195652
54.06780624	451	-0.051714 0.029688  1.195892
54.07296752	449	-0.055784 0.027533  1.194455
54.07811737	448	-0.052193 0.021548  1.178414
54.08325958	448	-0.048841 0.020111  1.180090
54.08840560	446	-0.051235 0.027533  1.183681
54.09355926	441	-0.043335 0.027294  1.181766
54.09872817	441	-0.048841 0.023463  1.168598
54.10388565	439	-0.044532 0.015323  1.181287
54.10904312	435	-0.049799 0.020111  1.177217
54.11420440	432	-0.037589 0.023463  1.165725
54.11936950	432	-0.042138 0.025139  1.161415
54.12452697	431	-0.039025 0.019872  1.160218
54.12968826	429	-0.037349 0.023702  1.166204
54.13486099	428	-0.033279 0.016759  1.149205
54.14001464	426	-0.033518 0.022984  1.149684
54.14517593	425	-0.033040 0.016280  1.152796
54.15031433	420	-0.029688 0.012450  1.136037
54.15546035	421	-0.032082 0.016999  1.131009
54.16062545	420	-0.031124 0.019393  1.136037
54.16577911	419	-0.031124 0.016520  1.136755
54.17091751	417	-0.034237 0.016041  1.126461
54.17605972	414	-0.034716 0.021069  1.125263
54.18119812	412	-0.035434 0.021548  1.118081
##inga 
#ido(sec)  szog(ADC)     ax(g)    ay(g)   az(g)
54.18687820	412	-0.031124 0.021787  1.106349
54.19216156	410	-0.027533 0.020111  1.117363
54.19747161	410	-0.038786 0.018675  1.090787
54.20273971	407	-0.039983 0.025378  1.094618
54.20788574	407	-0.036631 0.025618  1.093421
54.21303939	406	-0.037589 0.020351  1.089590
54.21818542	404	-0.042377 0.027772  1.080253
54.22332763	403	-0.041180 0.024660  1.067324
54.22847366	403	-0.044532 0.032321  1.082886
54.23361587	400	-0.044292 0.025857  1.068042
54.23877716	401	-0.042616 0.032321  1.062775
54.24391937	400	-0.044292 0.034955  1.065170
54.24906539	398	-0.051714 0.029448  1.064930
54.25419616	394	-0.042138 0.031124  1.050326
54.25934219	396	-0.039983 0.034955  1.054635
54.26449203	394	-0.047405 0.033040  1.048171
54.26963424	393	-0.038786 0.032321  1.040510
54.27479171	392	-0.046447 0.035434  1.031172
54.27994155	391	-0.043574 0.040222  1.035721
54.28509521	389	-0.047884 0.037110  1.026384
54.29025268	386	-0.039265 0.034476  1.016807
54.29541015	387	-0.038546 0.027054  1.025426
54.30057144	386	-0.037828 0.036631  1.023750
54.30572891	384	-0.042138 0.039504  1.015849
54.31088256	384	-0.039743 0.032082  1.012737
54.31604385	381	-0.043574 0.029209  1.000287
54.32121276	382	-0.037828 0.027294  0.999090
54.32636642	380	-0.033758 0.031843  0.990232
54.33153152	381	-0.038307 0.029927  0.988556
54.33669281	378	-0.035673 0.026336  0.990232
54.34184265	379	-0.027772 0.027533  0.986880
54.34698486	379	-0.032082 0.029448  0.986162
54.35213088	377	-0.034955 0.032321  0.974670
54.35727310	377	-0.030406 0.027054  0.971557
54.36241531	375	-0.032082 0.031124  0.973472
54.36756134	376	-0.025618 0.031603  0.975388
54.37270355	374	-0.025618 0.029688  0.975148
54.37784957	374	-0.024421 0.032082  0.966290
54.38298034	373	-0.022745 0.027054  0.956953
54.38813781	373	-0.027533 0.023942  0.962699
54.39328002	371	-0.027533 0.026815  0.956474
54.39842224	372	-0.023702 0.028012  0.957910
54.40356826	372	-0.028970 0.028730  0.952164
54.40869903	372	-0.026336 0.019153  0.956953
54.41384506	371	-0.026575 0.032561  0.955037
54.41899108	372	-0.023224 0.028970  0.960305
54.42413711	371	-0.028730 0.030645  0.954080
54.42927932	370	-0.034716 0.029688  0.943306
54.43442916	371	-0.027533 0.032800  0.943306
54.43956756	371	-0.034716 0.033518  0.945700
54.44470214	370	-0.039983 0.034237  0.947855
54.44984436	369	-0.036391 0.033040  0.935405
54.45497512	371	-0.033758 0.028730  0.949531
54.46011734	369	-0.042377 0.033758  0.945700
54.46526336	371	-0.040940 0.040462  0.947137
54.47042083	370	-0.039025 0.030167  0.949291
54.47557830	371	-0.042616 0.037828  0.945461
54.48073959	371	-0.043574 0.030885  0.944982
54.48590469	371	-0.039743 0.032800  0.952164
54.49104690	369	-0.044053 0.037828  0.953840
54.49619674	372	-0.044292 0.035434  0.945221
54.50135040	372	-0.045011 0.035434  0.946897
54.50650787	371	-0.043813 0.028730  0.955037
54.51165390	373	-0.038786 0.024660  0.955756
54.51681137	373	-0.043095 0.033040  0.960065
54.52196121	371	-0.044053 0.030167  0.953601
54.52711486	375	-0.037828 0.032561  0.954559
54.53227615	374	-0.044532 0.029688  0.962938
54.53742218	375	-0.043335 0.030406  0.973712
54.54257202	376	-0.035673 0.025618  0.964614
54.54771423	377	-0.042856 0.028491  0.974909
54.55287170	379	-0.038786 0.029209  0.967008
54.55802536	381	-0.040940 0.022505  0.974430
54.56315994	380	-0.043095 0.027772  0.986880
54.56828689	382	-0.037589 0.025378  0.985443
54.57343292	382	-0.036870 0.023942  0.988316
54.57857513	382	-0.033040 0.028730  0.982331
54.58370971	383	-0.033040 0.028012  0.982810
54.58884811	383	-0.027772 0.024421  0.993823
54.59399032	384	-0.038067 0.028970  1.000287
54.59913635	385	-0.033997 0.025378  1.003160
54.60428237	388	-0.031843 0.022745  1.000766
54.60942840	387	-0.027533 0.021308  1.018004
54.61458587	389	-0.028491 0.018914  1.019441
54.61973190	388	-0.038546 0.023224  1.025426
54.62488937	391	-0.031364 0.021548  1.029975
54.63003540	394	-0.030645 0.015083  1.022314
54.63518905	392	-0.030167 0.022745  1.025426
54.64033126	395	-0.037589 0.021069  1.035961
54.64548873	396	-0.035673 0.020829  1.032130
54.65063858	396	-0.039265 0.023702  1.049368
54.65580368	398	-0.027772 0.024660  1.061818
54.66097640	399	-0.039265 0.024660  1.059184
54.66612625	401	-0.039743 0.020111  1.048171
54.67127609	403	-0.036152 0.020590  1.057029
54.67643356	403	-0.041180 0.020829  1.068042
54.68158340	404	-0.040462 0.022505  1.072113
54.68674850	406	-0.044771 0.023463  1.076662
54.69191741	405	-0.040701 0.020590  1.080971
54.69705963	408	-0.040222 0.021308  1.082408
54.70222091	409	-0.043813 0.022984  1.087914
##inga 
#ido(sec)  szog(ADC)     ax(g)    ay(g)   az(g)
54.70791244	409	-0.042377 0.022745  1.095815
54.71319580	412	-0.044771 0.023463  1.098688
54.71848678	411	-0.047644 0.018914  1.101322
54.72375869	413	-0.051475 0.023942  1.116405
54.72891235	416	-0.043095 0.021787  1.118320
54.73405456	414	-0.050517 0.027294  1.119278
54.73920822	416	-0.051235 0.020351  1.121433
54.74436187	416	-0.044771 0.026815  1.131488
54.74950408	421	-0.043574 0.027294  1.126461
54.75465774	423	-0.044771 0.022026  1.130291
54.75980377	425	-0.050996 0.016999  1.136277
54.76494979	427	-0.049320 0.013647  1.147529
54.77009201	426	-0.051235 0.019153  1.146332
54.77523422	429	-0.051714 0.018914  1.156148
54.78038024	430	-0.045489 0.020351  1.149684
54.78554534	432	-0.048123 0.019393  1.159021
54.79070281	434	-0.046447 0.015323  1.161655
54.79585266	436	-0.043335 0.012210  1.159740
54.80099105	437	-0.045968 0.013168  1.166922
54.80614089	440	-0.041898 0.016041  1.175062
54.81128311	443	-0.039504 0.012929  1.177456
54.81642913	446	-0.038786 0.014844  1.168119
54.82156753	448	-0.042856 0.009337  1.177217
54.82671356	449	-0.038307 0.008140  1.178893
54.83185195	449	-0.047165 0.009577  1.191582
54.83701324	450	-0.038786 0.009098  1.180329
54.84217071	450	-0.043095 0.013407  1.179611
54.84733581	451	-0.040462 0.009098  1.191103
54.85248565	454	-0.040462 0.013886  1.193737
54.85764312	456	-0.041898 0.009337  1.196849
54.86280441	455	-0.046447 0.009816  1.200201
54.86796188	458	-0.041898 0.006225  1.188470
54.87310409	462	-0.047644 0.012929  1.197807
54.87828063	462	-0.047644 0.006464  1.204271
54.88342666	464	-0.055784 0.010774  1.200201
54.88858795	466	-0.052672 0.008140  1.203553
54.89373779	466	-0.050278 0.003831  1.209299
54.89889144	471	-0.048841 0.009577  1.202835
54.90404510	471	-0.050278 0.012450  1.202835
54.90919876	474	-0.049799 0.006943  1.199962
54.91434860	477	-0.060094 0.009098  1.199244
54.91949081	478	-0.051954 0.011731  1.197568
54.92464447	479	-0.056024 0.002873  1.205468
54.92979049	481	-0.056503 0.009816  1.206187
54.93494033	481	-0.058418 0.007661  1.205229
54.94008255	486	-0.060573 0.007901  1.194934
54.94523620	487	-0.056024 0.005267  1.189427
54.95038223	488	-0.061770 0.005267  1.203314
54.95552825	490	-0.053869 0.006943  1.191103
54.96068954	494	-0.058897 0.004549  1.190864
54.96583557	495	-0.056024 0.007661  1.189188
54.97098922	498	-0.064403 0.009816  1.192540
54.97613906	501	-0.059854 0.005746  1.181766
54.98127746	501	-0.058897 0.003352  1.188230
54.98642730	503	-0.062249 0.011253  1.186554
54.99158096	504	-0.057221 0.001437  1.180808
54.99673080	502	-0.055784 -0.005028  1.170513
55.00194931	507	-0.057460 -0.000239  1.166443
55.00715637	509	-0.059376 0.000000  1.167161
55.01227188	510	-0.055306 0.002394  1.167161
55.01742935	512	-0.053390 0.000479  1.160458
55.02258682	516	-0.054348 -0.001197  1.172668
55.02778625	517	-0.054348 -0.002634  1.154472
55.03299713	519	-0.056742 -0.000718  1.160218
55.03818893	522	-0.056742 -0.001437  1.151839
55.04338836	525	-0.053869 -0.003591  1.142980
55.04857254	525	-0.056981 -0.000239  1.158064
55.05377578	526	-0.051475 -0.003112  1.134601
55.05897140	525	-0.046686 -0.004310  1.141065
55.06416320	529	-0.050996 -0.002634  1.137713
55.06935501	530	-0.057700 -0.008380  1.130770
55.07453918	532	-0.046926 -0.007661  1.126939
55.07973861	535	-0.049081 -0.004070  1.119996
55.08494186	535	-0.050757 -0.007901  1.118560
55.09013366	535	-0.045011 -0.008858  1.113532
55.09533309	537	-0.043095 -0.012210  1.109701
55.10052871	538	-0.044532 -0.005985  1.095576
55.10573196	540	-0.046686 -0.008619  1.099646
55.11092758	541	-0.050278 -0.001915  1.094378
55.11611938	540	-0.052193 -0.007183  1.085999
55.12131118	544	-0.058897 -0.009577  1.084802
55.12650680	546	-0.052432 -0.006943  1.094378
55.13169860	547	-0.055784 -0.008380  1.068042
55.13689041	549	-0.059136 -0.009577  1.070197
55.14208984	547	-0.067037 -0.004310  1.061578
55.14728546	551	-0.066079 -0.004310  1.060142
55.15248870	549	-0.064403 -0.007661  1.060381
55.15768432	552	-0.066079 -0.004788  1.065648
55.16288757	550	-0.068234 -0.004788  1.052241
55.16809082	556	-0.070389 -0.000479  1.051283
55.17329025	557	-0.067037 -0.003591  1.045298
55.17848587	559	-0.071346 -0.003352  1.035961
55.18368530	559	-0.069671 -0.000718  1.038594
55.18887710	559	-0.068952 0.002873  1.029975
55.19401931	560	-0.069671 -0.001437  1.029257
55.19921493	561	-0.068952 -0.002634  1.020398
55.20440292	563	-0.067516 -0.004549  1.028539
55.20960235	562	-0.066319 -0.003352  1.013695
55.21480941	565	-0.059376 -0.000958  1.007949
55.21999740	566	-0.061291 -0.008619  1.007709
55.22520446	565	-0.061291 0.000000  1.006273
##inga 
#ido(sec)  szog(ADC)     ax(g)    ay(g)   az(g)
55.23086166	565	-0.062009 -0.007901  1.005555
55.23611831	569	-0.062488 -0.007901  0.995978
55.24139022	567	-0.058179 -0.016999  0.998611
55.24665832	571	-0.055784 -0.015083  0.993823
55.25186157	569	-0.052432 -0.015323  0.987359
55.25706863	572	-0.048362 -0.021308  0.976824
55.26227951	572	-0.048123 -0.018675  0.976106
55.26749038	573	-0.048841 -0.022026  0.980176
55.27268218	573	-0.052432 -0.015323  0.988795
55.27788925	574	-0.049081 -0.016999  0.978979
55.28308486	575	-0.049559 -0.016999  0.967726
55.28828048	572	-0.048602 -0.021069  0.982810
55.29347610	574	-0.047644 -0.013647  0.969163
55.29867172	573	-0.050038 -0.018675  0.967008
55.30387115	575	-0.050278 -0.016041  0.964375
55.30906677	575	-0.049559 -0.015083  0.967487
55.31427383	573	-0.048362 -0.015802  0.959107
55.31948089	574	-0.052193 -0.019632  0.960065
55.32468795	576	-0.052432 -0.015323  0.956953
55.32989120	576	-0.055066 -0.014844  0.965332
55.33510589	573	-0.055545 -0.018914  0.961023
55.34030532	575	-0.059376 -0.011971  0.966290
55.34549713	576	-0.059376 -0.016041  0.964135
55.35069274	575	-0.060812 -0.010056  0.963896
55.35588455	574	-0.062488 -0.014365  0.961741
55.36107635	575	-0.060333 -0.005028  0.964135
55.36626815	575	-0.065600 -0.007901  0.961023
55.37146759	575	-0.065122 -0.008619  0.965811
55.37665939	573	-0.067755 -0.005746  0.959347
55.38186264	575	-0.062009 0.000000  0.968684
55.38698577	575	-0.073022 -0.002873  0.969881
55.39218902	574	-0.071107 -0.000718  0.967487
55.39738845	575	-0.065840 -0.002634  0.966529
55.40258789	574	-0.063925 -0.008380  0.972515
55.40779113	572	-0.070868 -0.003591  0.965093
55.41298675	574	-0.067755 -0.003112  0.978979
55.41817855	573	-0.068234 -0.003352  0.970839
55.42338180	573	-0.067516 -0.006225  0.980894
55.42857742	571	-0.065122 -0.000479  0.992147
55.43377685	573	-0.067037 0.000479  0.982810
55.43891906	570	-0.062249 -0.001915  0.994781
55.44411087	569	-0.056263 -0.001197  0.989992
55.44930648	569	-0.055066 -0.001437  0.987838
55.45450973	570	-0.057221 -0.004070  0.997175
55.45970916	566	-0.059854 -0.009098  0.988077
55.46490097	566	-0.054108 -0.002394  0.993823
55.47010040	566	-0.049799 -0.010774  1.000287
55.47528457	565	-0.058897 -0.009816  0.995738
55.48048782	566	-0.050038 -0.011013  0.997893
55.48568725	565	-0.048602 -0.001437  1.008188
55.49087524	564	-0.042856 -0.015083  1.015610
55.49606704	560	-0.045011 -0.013647  1.011779
55.50126266	562	-0.040940 -0.011731  1.016328
55.50645065	560	-0.041180 -0.011731  1.031412
55.51164245	558	-0.042377 -0.007422  1.037158
55.51683425	558	-0.045250 -0.011253  1.033806
55.52204132	556	-0.040701 -0.009816  1.035242
55.52724456	556	-0.047884 -0.011253  1.042425
55.53243637	554	-0.040701 -0.014126  1.038834
55.53763580	554	-0.041180 -0.007422  1.050086
55.54283142	552	-0.043574 -0.010774  1.053678
55.54804229	552	-0.043095 -0.006704  1.051283
55.55323410	549	-0.050278 -0.011492  1.063015
55.55843353	548	-0.048602 -0.003591  1.064451
55.56362152	547	-0.048362 -0.005746  1.068521
55.56881332	546	-0.054348 0.000000  1.073549
55.57392501	545	-0.051475 -0.004310  1.072592
55.57911682	543	-0.059854 0.000479  1.085760
55.58426666	542	-0.054108 0.005746  1.084084
55.58942031	540	-0.058897 0.000000  1.093421
55.59452819	539	-0.060333 0.000718  1.093660
55.59967422	538	-0.058179 0.003591  1.102279
55.60482025	535	-0.059376 0.004310  1.110898
55.60996246	537	-0.062967 0.007661  1.109222
55.61510848	536	-0.062488 0.007901  1.117363
55.62025070	535	-0.065840 0.009577  1.117363
55.62539672	534	-0.061530 0.009577  1.112814
55.63054656	532	-0.074938 0.012450  1.134601
55.63569259	529	-0.066079 0.009577  1.123587
55.64086151	527	-0.065122 0.013168  1.125503
55.64602279	524	-0.067276 0.012689  1.132685
55.65119171	524	-0.064643 0.016759  1.141544
55.65635681	523	-0.063925 0.011013  1.138192
55.66150665	520	-0.059376 0.008858  1.146332
55.66666412	518	-0.062967 0.010056  1.149205
55.67182540	515	-0.054587 0.007901  1.148726
55.67699432	515	-0.058657 0.002155  1.152318
55.68214797	512	-0.054348 0.006225  1.159979
55.68730163	508	-0.056981 0.003112  1.157824
55.69245910	508	-0.039743 0.007183  1.166922
55.69761276	505	-0.043813 0.003831  1.166922
55.70276260	506	-0.041659 0.006943  1.167640
55.70791244	502	-0.049320 -0.003352  1.172908
55.71310806	503	-0.035434 -0.000479  1.176738
55.71830368	503	-0.044053 0.000958  1.179132
55.72344589	500	-0.035913 0.002873  1.173386
55.72858047	498	-0.032561 0.002155  1.188948
55.73373413	493	-0.028251 -0.000718  1.184878
55.73892974	492	-0.036870 -0.000239  1.182484
55.74411773	491	-0.030645 0.003591  1.187991
55.74926376	490	-0.030167 0.000958  1.194216
##inga 
#ido(sec)  szog(ADC)     ax(g)    ay(g)   az(g)
55.75493621	489	-0.037589 0.004549  1.180808
55.76020050	487	-0.037349 0.004549  1.188709
55.76544952	485	-0.035194 0.005985  1.191582
55.77070236	481	-0.038786 0.007183  1.196849
55.77585220	480	-0.038786 0.006225  1.188709
55.78100585	475	-0.045968 0.006464  1.194455
55.78615570	473	-0.046926 0.013647  1.196849
55.79130172	474	-0.049559 0.009816  1.183921
55.79645919	471	-0.052672 0.014126  1.200201
55.80161666	471	-0.053869 0.016999  1.193976
55.80677413	469	-0.047405 0.016759  1.195892
55.81193923	466	-0.052911 0.017717  1.200201
55.81710433	464	-0.062488 0.030167  1.187273
55.82226181	464	-0.056024 0.012929  1.194934
55.82741928	462	-0.055784 0.026575  1.183442
55.83258056	460	-0.059136 0.026815  1.195652
55.83774948	457	-0.053390 0.023702  1.185597
55.84289932	455	-0.061770 0.025857  1.187512
55.84806823	451	-0.056263 0.023224  1.194934
55.85322189	452	-0.062009 0.022745  1.186315
55.85838317	450	-0.055545 0.023942  1.185118
55.86353302	450	-0.067516 0.027772  1.174823
55.86867523	448	-0.061530 0.025378  1.182963
55.87383270	448	-0.061291 0.023224  1.176020
55.87898254	447	-0.057460 0.026815  1.176978
55.88413238	445	-0.057460 0.026815  1.171950
55.88927078	442	-0.051235 0.028491  1.168837
55.89442062	440	-0.048841 0.021548  1.171232
55.89957427	438	-0.043335 0.022984  1.165964
55.90472412	435	-0.045729 0.018435  1.155430
55.90986251	434	-0.042856 0.031364  1.160218
55.91500854	431	-0.042856 0.021548  1.161415
55.92015838	431	-0.036152 0.014365  1.142980
55.92530441	431	-0.038786 0.023224  1.155191
55.93045425	427	-0.035913 0.017477  1.140586
55.93560791	424	-0.027054 0.024660  1.134361
55.94074249	422	-0.028012 0.018914  1.126939
55.94589614	423	-0.031843 0.017477  1.137234
55.95104217	422	-0.026575 0.016280  1.124545
55.95618820	421	-0.027533 0.016520  1.128136
55.96134567	418	-0.022026 0.015802  1.123587
55.96649932	414	-0.027772 0.013886  1.127179
55.97166061	416	-0.023224 0.013407  1.112335
55.97682571	413	-0.025139 0.017477  1.108744
55.98198699	412	-0.029688 0.019153  1.106828
55.98714828	411	-0.025618 0.015802  1.107546
55.99232101	410	-0.031364 0.018914  1.090787
55.99747467	409	-0.026815 0.025378  1.095097
56.00263595	409	-0.031603 0.019872  1.087914
56.00779342	405	-0.031124 0.018675  1.072831
56.01295471	405	-0.033040 0.026336  1.071155
56.01810836	403	-0.037110 0.019872  1.074028
56.02326583	402	-0.038067 0.031124  1.071394
56.02840805	402	-0.044053 0.028730  1.066367
56.03355789	401	-0.043335 0.027533  1.064930
56.03869247	398	-0.046208 0.034955  1.060381
56.04383468	398	-0.053390 0.033040  1.051762
56.04897689	399	-0.043095 0.029688  1.046734
56.05412673	396	-0.046447 0.031124  1.045298
56.05927658	396	-0.047884 0.034955  1.049847
56.06442260	396	-0.056024 0.034237  1.035242
56.06956863	393	-0.054587 0.039025  1.028299
56.07471084	391	-0.054108 0.040940  1.024708
56.07985687	390	-0.046686 0.036870  1.022553
56.08499908	387	-0.047644 0.040940  1.024469
56.09013366	389	-0.044053 0.037349  1.016568
56.09527969	388	-0.053151 0.034955  1.009385
56.10042953	386	-0.053390 0.035194  1.010582
56.10558319	385	-0.049799 0.033040  1.006752
56.11073684	384	-0.044053 0.036631  0.996457
56.11588287	385	-0.046447 0.032561  1.001724
56.12102890	384	-0.042138 0.032082  0.995020
56.12617111	382	-0.041180 0.030645  0.992626
56.13132858	382	-0.039025 0.028970  0.984725
56.13648223	382	-0.037349 0.031364  0.985204
56.14164352	382	-0.033758 0.030645  0.977543
56.14681625	378	-0.032800 0.022505  0.977303
56.15197372	377	-0.033040 0.025139  0.972994
56.15713119	376	-0.030885 0.027294  0.966769
56.16229629	379	-0.029448 0.029927  0.965093
56.16744613	379	-0.023702 0.027294  0.967726
56.17261505	376	-0.024181 0.026815  0.968684
56.17776870	377	-0.027054 0.024660  0.970121
56.18292236	377	-0.019872 0.020111  0.964375
56.18808364	377	-0.026575 0.025139  0.950488
56.19323348	375	-0.023702 0.025618  0.962699
56.19837951	376	-0.021308 0.026575  0.959826
56.20352935	376	-0.021787 0.019153  0.963896
56.20867919	375	-0.016759 0.023942  0.945940
56.21381759	375	-0.022266 0.022026  0.951446
56.21896743	374	-0.024660 0.028491  0.955277
56.22411727	372	-0.029688 0.030885  0.955516
56.22926330	374	-0.026815 0.023463  0.942827
56.23440933	374	-0.025618 0.029927  0.940672
56.23955917	374	-0.032800 0.028012  0.951686
56.24470901	374	-0.031603 0.035673  0.946418
56.24985122	373	-0.037110 0.038307  0.951207
56.25499725	371	-0.034716 0.031603  0.946179
56.26014328	372	-0.034716 0.036870  0.946658
56.26528930	372	-0.044771 0.032561  0.953122
56.27043533	373	-0.043813 0.037349  0.954798
##inga 
#ido(sec)  szog(ADC)     ax(g)    ay(g)   az(g)
56.27610778	370	-0.040462 0.043095  0.954080
56.28136444	374	-0.044292 0.036391  0.950728
56.28663253	376	-0.041419 0.037828  0.957910
56.29188919	377	-0.045250 0.030885  0.950010
56.29702758	377	-0.046208 0.032321  0.956713
56.30217361	375	-0.050996 0.029209  0.952883
56.30731582	376	-0.049559 0.030645  0.968684
56.31246566	379	-0.044771 0.034476  0.967966
56.31761169	380	-0.047884 0.040701  0.966529
56.32275772	378	-0.047405 0.029209  0.965332
56.32789993	381	-0.050996 0.034716  0.966769
56.33306121	381	-0.044771 0.033997  0.966051
56.33822250	381	-0.044053 0.035913  0.973712
56.34337234	379	-0.046686 0.026815  0.975388
56.34853744	381	-0.039983 0.032561  0.979219
56.35369110	383	-0.048841 0.032321  0.977064
56.35884857	382	-0.046926 0.030167  0.985443
56.36400222	384	-0.043813 0.034716  0.994781
56.36916351	386	-0.037349 0.028491  0.982810
56.37432479	385	-0.037828 0.027772  0.995260
56.37947463	388	-0.041180 0.022745  0.997175
56.38463973	387	-0.042856 0.018914  0.997893
56.38979721	389	-0.033758 0.026815  1.005794
56.39494323	390	-0.036152 0.023224  1.016089
56.40009307	390	-0.035434 0.024181  1.012258
56.40524673	390	-0.028970 0.019393  1.021117
56.41040039	393	-0.030885 0.020590  1.009625
56.41554641	394	-0.025618 0.014844  1.024229
56.42069625	395	-0.027772 0.020590  1.026623
56.42583847	393	-0.031843 0.016520  1.037636
56.43098068	394	-0.030406 0.019153  1.036439
56.43611907	395	-0.028970 0.018196  1.037158
56.44126892	400	-0.027533 0.020351  1.042664
56.44641494	399	-0.028251 0.020590  1.055832
56.45155334	400	-0.033279 0.012929  1.057269
56.45670700	404	-0.032082 0.020111  1.054875
56.46185684	404	-0.030885 0.019153  1.055593
56.46700286	407	-0.032800 0.012210  1.069000
56.47214126	405	-0.035434 0.023702  1.067803
56.47729110	407	-0.036631 0.012210  1.072113
56.48244476	408	-0.038307 0.015083  1.074028
56.48759460	408	-0.036391 0.019393  1.090548
56.49274063	407	-0.041659 0.021548  1.093660
56.49789428	412	-0.041659 0.021069  1.095097
56.50304794	410	-0.045729 0.025139  1.098449
56.50820922	413	-0.043813 0.026575  1.097491
56.51337051	414	-0.051475 0.024899  1.108983
56.51853942	416	-0.054108 0.023224  1.104434
56.52371215	417	-0.057460 0.024421  1.108744
56.52888107	418	-0.053151 0.031843  1.115208
56.53405380	419	-0.057221 0.026336  1.119039
56.53921890	423	-0.055545 0.027294  1.123109
56.54438781	423	-0.058179 0.026575  1.126939
56.54954147	426	-0.054108 0.027294  1.141544
56.55469131	427	-0.053630 0.024421  1.138910
56.55983734	427	-0.054348 0.030167  1.135558
56.56498718	430	-0.053869 0.025857  1.145375
56.57014465	431	-0.048841 0.023942  1.140586
56.57529067	434	-0.051714 0.021548  1.147290
56.58044052	434	-0.051954 0.022505  1.153036
56.58559036	436	-0.049320 0.021548  1.157585
56.59075164	439	-0.046926 0.019153  1.149205
56.59589767	439	-0.047405 0.015802  1.165007
56.60103988	443	-0.040940 0.015562  1.161176
56.60617446	446	-0.041898 0.009337  1.174105
56.61132049	447	-0.042377 0.012929  1.166683
56.61647415	448	-0.040701 0.009098  1.169077
56.62162017	448	-0.045250 0.007661  1.168837
56.62677383	448	-0.039983 0.010295  1.171710
56.63190841	452	-0.038307 0.011971  1.179372
56.63704681	450	-0.039504 0.005267  1.179851
56.64219284	455	-0.035673 0.007661  1.184400
56.64733505	454	-0.040222 0.005746  1.172908
56.65248107	455	-0.043335 0.005985  1.190146
56.65762710	458	-0.035673 0.007422  1.181048
56.66278457	459	-0.040940 0.009337  1.178654
56.66793823	463	-0.044053 0.006704  1.193019
56.67311477	463	-0.043335 0.003831  1.184639
56.67827606	466	-0.045729 0.007422  1.193019
56.68342971	468	-0.045489 0.011731  1.193497
56.68857955	469	-0.047884 0.011013  1.195652
56.69373321	470	-0.051235 0.005985  1.192540
56.69888305	474	-0.049320 0.008858  1.187991
56.70402908	476	-0.056981 0.008619  1.191343
56.70918655	477	-0.050278 0.009337  1.193497
56.71432876	479	-0.053630 0.007183  1.186315
56.71949386	481	-0.056742 0.004549  1.187273
56.72464370	483	-0.050517 0.011253  1.185836
56.72978210	485	-0.061052 0.013168  1.179132
56.73493957	487	-0.059136 0.008619  1.181527
56.74009323	489	-0.067037 0.014844  1.180090
56.74523925	491	-0.065122 0.007422  1.176020
56.75037765	492	-0.062488 0.011253  1.188470
56.75552749	494	-0.067516 0.001676  1.176738
56.76067733	494	-0.067755 0.013886  1.174583
56.76581954	499	-0.061052 0.015562  1.176020
56.77096557	500	-0.062727 0.010056  1.174823
56.77610397	502	-0.064643 0.010534  1.181766
56.78125381	504	-0.067516 0.003112  1.177217
56.78639602	502	-0.067276 0.012210  1.178414
56.79153442	503	-0.062009 0.010534  1.175541
##inga 
#ido(sec)  szog(ADC)     ax(g)    ay(g)   az(g)
56.79721069	507	-0.065122 0.005507  1.166443
56.80249023	509	-0.060812 0.005746  1.158782
56.80775070	509	-0.060094 0.004070  1.153754
56.81298065	513	-0.058418 0.004549  1.160937
56.81812667	515	-0.060812 -0.001676  1.154712
56.82331466	515	-0.056742 0.005028  1.142501
56.82847213	519	-0.055306 -0.002155  1.147769
56.83366775	522	-0.055066 -0.007661  1.142262
56.83886337	525	-0.056503 0.000958  1.137474
56.84401321	525	-0.050996 -0.006464  1.131488
56.84921264	525	-0.048362 -0.003112  1.134840
56.85441207	527	-0.049081 -0.008858  1.127658
56.85961914	529	-0.038307 -0.010534  1.121912
56.86483383	530	-0.046447 -0.013647  1.127418
56.87003326	531	-0.042377 -0.008858  1.115687
56.87524032	535	-0.044771 -0.016280  1.121433
56.88043594	534	-0.044532 -0.013407  1.117123
56.88562774	536	-0.040222 -0.013168  1.099885
56.89081954	536	-0.045250 -0.017477  1.104195
56.89601516	539	-0.045489 -0.017717  1.092942
56.90121078	539	-0.043813 -0.014365  1.088632
56.90640258	541	-0.047644 -0.008380  1.095336
56.91160583	541	-0.053869 -0.006464  1.081929
56.91680526	543	-0.053630 -0.010056  1.070916
56.92200851	544	-0.053390 -0.011971  1.079295
56.92720413	546	-0.056024 -0.008140  1.066367
56.93240737	547	-0.055784 -0.003591  1.072592
56.93761825	548	-0.063925 -0.006704  1.067564
56.94282531	548	-0.060573 -0.001437  1.058945
56.94802474	548	-0.062727 -0.000479  1.056550
56.95320892	548	-0.063925 0.001915  1.054635
56.95835494	551	-0.068234 0.001197  1.045537
56.96350479	551	-0.077811 -0.001676  1.042185
56.96870422	555	-0.076614 -0.000239  1.032848
56.97388839	557	-0.075656 0.000000  1.041467
56.97899627	555	-0.071346 -0.001437  1.022314
56.98418807	559	-0.073741 0.000718  1.026384
56.98933029	559	-0.068234 -0.002634  1.022553
56.99452972	561	-0.074459 -0.001676  1.008188
56.99972534	559	-0.075895 -0.004310  1.014413
57.00492477	561	-0.072065 -0.003112  1.021117
57.01012039	560	-0.062727 -0.005267  1.010822
57.01531600	562	-0.066798 -0.011253  1.010582
57.02051544	565	-0.057700 -0.007901  1.002921
57.02571487	567	-0.068952 -0.012689  1.007230
57.03089904	564	-0.058657 -0.005985  1.001963
57.03609085	567	-0.059136 -0.013886  0.997414
57.04128265	565	-0.058418 -0.011253  0.991908
57.04647827	568	-0.050996 -0.018675  1.003879
57.05168151	569	-0.049799 -0.016041  0.990950
57.05686950	567	-0.046447 -0.013407  0.983049
57.06206512	570	-0.051235 -0.016999  0.982331
57.06726455	570	-0.041659 -0.016280  0.978740
57.07246017	569	-0.042138 -0.016999  0.982331
57.07766342	570	-0.045250 -0.022026  0.976346
57.08286285	572	-0.042377 -0.022505  0.978979
57.08806610	573	-0.041180 -0.023463  0.976346
57.09328079	571	-0.041659 -0.019632  0.971318
57.09847259	572	-0.052193 -0.018196  0.976585
57.10367202	573	-0.051475 -0.020590  0.979458
57.10886383	571	-0.046926 -0.012929  0.974430
57.11405181	574	-0.047884 -0.019632  0.966529
57.11924743	574	-0.046686 -0.021069  0.965811
57.12444686	572	-0.056742 -0.018435  0.972515
57.12963867	574	-0.058418 -0.013647  0.962459
57.13482666	574	-0.054587 -0.014604  0.969402
57.14002990	572	-0.056503 -0.010056  0.971078
57.14522552	574	-0.059854 -0.011492  0.961502
57.15042495	573	-0.061530 -0.016280  0.963417
57.15562057	574	-0.056263 -0.013886  0.967008
57.16082000	573	-0.060094 -0.012689  0.957192
57.16602325	574	-0.066558 -0.004549  0.967248
57.17121505	571	-0.070389 0.000958  0.967487
57.17635726	574	-0.067995 -0.007422  0.964375
57.18155288	573	-0.064643 0.000958  0.978740
57.18668746	571	-0.069671 -0.002634  0.975867
57.19187545	573	-0.074219 0.004788  0.972754
57.19702148	573	-0.069671 -0.002394  0.968684
57.20221328	569	-0.072783 0.001197  0.969881
57.20735549	571	-0.073262 0.005746  0.977064
57.21250152	570	-0.071586 0.001437  0.983528
57.21764373	569	-0.072065 0.004788  0.981852
57.22278976	570	-0.066079 0.002394  0.979219
57.22793197	568	-0.063685 -0.008140  0.984725
57.23313140	569	-0.068952 -0.001197  0.992865
57.23833084	565	-0.065122 -0.001915  0.981852
57.24352645	566	-0.062249 -0.010056  0.998851
57.24873733	564	-0.058179 -0.002873  0.986641
57.25394821	564	-0.057221 -0.011013  1.005076
57.25915145	562	-0.059854 -0.003831  1.010343
57.26435470	564	-0.047405 -0.008619  1.002203
57.26955032	563	-0.045968 -0.005507  1.006273
57.27473831	561	-0.049320 -0.006225  1.015371
57.27993011	560	-0.050038 -0.004070  1.013216
57.28512573	560	-0.039265 -0.005507  1.019920
57.29030227	559	-0.041659 -0.013647  1.019920
57.29550552	559	-0.045250 -0.011731  1.014174
57.30069351	557	-0.041659 -0.009816  1.023511
57.30588531	556	-0.037828 -0.015083  1.027820
57.31108856	555	-0.037349 -0.007422  1.034285
57.31629180	554	-0.038786 -0.011731  1.042185
##inga 
#ido(sec)  szog(ADC)     ax(g)    ay(g)   az(g)
57.32204055	552	-0.040940 -0.010056  1.038834
57.32729721	552	-0.037349 -0.007661  1.054635
57.33258056	549	-0.041659 -0.012450  1.050326
57.33783721	550	-0.042616 -0.009816  1.064212
57.34304428	548	-0.044292 -0.007661  1.053199
57.34824752	548	-0.046686 -0.007661  1.059424
57.35344314	547	-0.050517 -0.005507  1.067803
57.35863494	544	-0.048362 -0.007661  1.070437
57.36383438	541	-0.047165 -0.004788  1.070676
57.36901855	540	-0.051235 -0.004310  1.081210
57.37421035	540	-0.058657 0.006943  1.084084
57.37936782	537	-0.060333 0.001915  1.085999
57.38451385	536	-0.060812 -0.002634  1.098927
57.38970947	537	-0.060094 0.008140  1.094139
57.39485168	537	-0.065840 0.009337  1.095336
57.39999771	536	-0.066798 0.003831  1.102758
57.40513992	535	-0.065361 0.010534  1.101322
57.41029357	533	-0.073022 0.011971  1.115208
57.41544342	531	-0.069671 0.012689  1.122151
57.42061996	527	-0.066558 0.013886  1.119039
57.42578125	527	-0.071825 0.016999  1.115208
57.43093109	526	-0.073262 0.009816  1.133164
57.43610382	523	-0.076853 0.017956  1.128136
57.44126129	524	-0.066798 0.011731  1.131728
57.44641876	522	-0.062727 0.012689  1.135798
57.45158004	518	-0.067755 0.012689  1.145614
57.45673370	518	-0.066319 0.008619  1.146811
57.46188735	515	-0.069671 0.010774  1.143938
57.46704483	513	-0.055066 0.003831  1.155191
57.47219467	510	-0.059854 0.009816  1.160937
57.47734832	510	-0.047644 0.007422  1.148487
57.48251342	509	-0.054108 0.004310  1.158782
57.48765182	507	-0.048841 0.003352  1.162373
57.49278640	504	-0.046926 0.006225  1.169556
57.49794006	504	-0.041659 0.000958  1.174823
57.50307846	503	-0.039983 -0.000958  1.171710
57.50826644	502	-0.034237 0.002394  1.170753
57.51341247	499	-0.037110 0.002634  1.164288
57.51855468	497	-0.034716 -0.001915  1.170753
57.52376174	495	-0.027054 -0.002155  1.169795
57.52894973	492	-0.031843 0.004070  1.181048
57.53409576	491	-0.037828 0.004310  1.183202
57.53924560	490	-0.031843 -0.003352  1.177456
57.54444503	486	-0.029688 0.000718  1.178414
57.54959487	484	-0.030406 0.005746  1.183202
57.55475234	483	-0.031603 0.000958  1.184639
57.55990219	480	-0.033758 0.002634  1.182724
57.56506729	480	-0.035913 0.004070  1.181766
57.57021331	477	-0.036631 0.006704  1.184400
57.57535552	474	-0.043335 0.005746  1.192779
57.58051681	474	-0.046447 0.007661  1.185118
57.58567810	471	-0.043813 0.012929  1.177456
57.59085083	472	-0.046686 0.013647  1.190146
57.59601211	467	-0.058657 0.007661  1.187512
57.60117340	464	-0.056742 0.017717  1.185597
57.60632324	466	-0.049081 0.017717  1.193976
57.61147308	463	-0.054348 0.022505  1.187991
57.61662673	463	-0.062967 0.020351  1.183681
57.62178802	458	-0.059376 0.024421  1.179372
57.62693786	459	-0.062009 0.022745  1.181766
57.63208770	456	-0.062249 0.023942  1.181766
57.63723373	451	-0.056503 0.030885  1.185357
57.64237213	451	-0.064403 0.028970  1.184639
57.64752960	451	-0.061530 0.028730  1.170992
57.65267181	448	-0.063925 0.023224  1.174344
57.65781784	449	-0.058179 0.030406  1.166922
57.66296005	448	-0.063206 0.027054  1.167640
57.66811370	448	-0.063685 0.031124  1.163091
57.67326354	445	-0.059136 0.026575  1.169316
57.67841339	441	-0.057939 0.028491  1.159500
57.68355560	441	-0.051954 0.030406  1.164528
57.68871307	438	-0.051714 0.019153  1.159740
57.69385910	437	-0.049320 0.017717  1.155430
57.69901657	435	-0.044771 0.020829  1.150402
57.70417785	434	-0.044053 0.022984  1.151839
57.70934295	433	-0.036870 0.020829  1.151599
57.71450424	432	-0.039265 0.019153  1.141065
57.71966934	430	-0.034955 0.019153  1.137713
57.72482681	429	-0.035673 0.006943  1.137474
57.72998809	426	-0.028491 0.015562  1.136516
57.73514938	424	-0.028970 0.016520  1.126700
57.74029159	422	-0.027054 0.016520  1.119757
57.74544525	422	-0.021787 0.011971  1.120954
57.75061416	419	-0.019393 0.017717  1.117602
57.75577545	420	-0.024181 0.012210  1.109222
57.76091766	416	-0.023224 0.013647  1.118320
57.76607131	416	-0.022026 0.012929  1.107068
57.77122116	414	-0.022266 0.020111  1.102758
57.77637100	411	-0.023702 0.012929  1.091506
57.78153228	411	-0.023942 0.016041  1.097491
57.78668975	409	-0.022984 0.018196  1.095097
57.79183578	411	-0.025857 0.026097  1.074028
57.79699325	407	-0.025378 0.022266  1.076901
57.80214309	407	-0.030645 0.030645  1.076901
57.80728912	407	-0.036870 0.021548  1.076901
57.81244659	406	-0.028970 0.030167  1.072352
57.81759262	404	-0.039983 0.026575  1.068521
57.82273864	403	-0.042377 0.028251  1.059663
57.82789611	402	-0.048841 0.031603  1.067085
57.83303833	400	-0.049320 0.028491  1.058466
57.83818435	401	-0.045968 0.034955  1.051283
##inga 
#ido(sec)  szog(ADC)     ax(g)    ay(g)   az(g)
57.84386444	400	-0.044532 0.031124  1.045298
57.84914016	398	-0.052672 0.030406  1.045777
57.85440826	398	-0.056024 0.042856  1.038834
57.85966873	396	-0.051235 0.037589  1.032369
57.86481094	396	-0.051475 0.039743  1.026623
57.86996841	394	-0.055066 0.033279  1.027581
57.87511444	392	-0.054108 0.038067  1.013216
57.88027191	391	-0.055306 0.039743  1.023271
57.88541412	391	-0.053390 0.036870  1.012977
57.89058303	388	-0.051714 0.035673  1.010822
57.89575576	386	-0.050996 0.034716  1.003400
57.90090560	388	-0.048602 0.032561  1.001006
57.90605545	387	-0.046926 0.036152  0.996457
57.91122436	385	-0.044053 0.035913  1.005315
57.91639328	385	-0.043095 0.034716  0.996457
57.92155456	385	-0.041180 0.034476  0.992626
57.92672348	384	-0.036391 0.035673  0.994781
57.93188476	384	-0.029927 0.028491  0.985683
57.93705749	384	-0.037828 0.028970  0.984725
57.94220733	384	-0.032800 0.030645  0.971797
57.94736862	382	-0.028970 0.033279  0.974191
57.95251083	382	-0.028012 0.028251  0.984725
57.95765686	382	-0.027054 0.024899  0.969163
57.96279907	381	-0.022505 0.027294  0.967008
57.96795272	380	-0.022266 0.023224  0.971318
57.97310638	378	-0.026097 0.019393  0.983289
57.97824478	377	-0.022266 0.024660  0.962459
57.98338699	378	-0.020590 0.018196  0.958389
57.98853683	379	-0.024421 0.019632  0.966290
57.99367141	377	-0.021308 0.024660  0.954319
57.99881744	378	-0.022505 0.022745  0.953122
58.00396347	378	-0.021787 0.025378  0.959347
58.00910949	379	-0.021787 0.023942  0.955277
58.01425552	379	-0.023463 0.025857  0.953361
58.01940917	379	-0.027533 0.028012  0.948813
58.02455902	378	-0.029448 0.031364  0.957431
58.02971267	378	-0.028012 0.028491  0.954559
58.03485488	379	-0.024660 0.029688  0.952643
58.04000091	378	-0.033758 0.027054  0.955756
58.04514312	378	-0.036152 0.036631  0.952883
58.05030441	378	-0.043335 0.032561  0.954798
58.05546569	378	-0.039025 0.031124  0.961981
58.06061935	378	-0.041180 0.030406  0.957431
58.06577301	379	-0.039265 0.032321  0.951446
58.07091903	378	-0.043335 0.034955  0.962938
58.07608032	378	-0.042138 0.037110  0.964135
58.08123779	380	-0.046447 0.031364  0.962938
58.08639526	381	-0.047405 0.033758  0.956713
58.09155273	380	-0.043095 0.029448  0.961023
58.09672164	381	-0.044292 0.033758  0.973233
58.10186767	379	-0.046686 0.029448  0.966051
58.10702896	380	-0.055306 0.031124  0.960065
58.11217880	380	-0.052672 0.034237  0.959347
58.11733245	382	-0.045250 0.044053  0.969881
58.12247467	380	-0.055066 0.034476  0.974909
58.12762069	383	-0.050278 0.033279  0.972754
58.13276290	383	-0.048841 0.033758  0.975388
58.13790512	383	-0.043574 0.031364  0.975867
58.14305114	386	-0.047405 0.029688  0.981613
58.14821243	387	-0.048123 0.029448  0.993105
58.15335845	388	-0.044771 0.025857  0.994541
58.15851211	387	-0.043335 0.027772  0.993344
58.16365432	388	-0.039983 0.025618  0.996935
58.16880035	387	-0.039265 0.029448  0.993823
58.17394638	390	-0.040222 0.025618  0.992865
58.17909240	390	-0.040701 0.027772  1.003639
58.18424987	391	-0.034716 0.020590  1.003639
58.18939208	391	-0.031843 0.025618  1.020159
58.19453430	394	-0.032321 0.025139  1.017047
58.19968414	394	-0.024181 0.025857  1.018723
58.20482635	396	-0.029927 0.025857  1.022793
58.20997619	395	-0.023702 0.024181  1.030215
58.21511840	398	-0.031124 0.017717  1.025905
58.22026824	399	-0.029688 0.011253  1.042904
58.22542572	399	-0.024660 0.013647  1.029736
58.23058700	402	-0.027772 0.017477  1.036439
58.23576354	402	-0.028970 0.019393  1.048650
58.24091720	405	-0.028491 0.016759  1.040988
58.24608230	405	-0.032321 0.015562  1.055593
58.25124359	406	-0.031843 0.018435  1.061339
58.25641250	408	-0.028251 0.011013  1.057508
58.26157760	407	-0.036391 0.013886  1.066127
58.26671600	407	-0.037828 0.017956  1.070197
58.27187728	407	-0.032082 0.016041  1.065648
58.27703475	410	-0.037828 0.022984  1.079774
58.28219223	410	-0.034716 0.019393  1.093181
58.28735351	411	-0.039983 0.019632  1.086717
58.29249954	411	-0.046686 0.018435  1.101561
58.29765319	413	-0.044532 0.025857  1.096773
58.30280685	415	-0.050996 0.024660  1.098209
58.30795669	416	-0.051714 0.026575  1.108265
58.31310272	417	-0.053390 0.023942  1.100843
58.31824874	418	-0.056024 0.026336  1.111856
58.32339096	420	-0.053869 0.022984  1.112335
58.32853698	424	-0.053390 0.024181  1.113293
58.33367919	425	-0.060573 0.020829  1.115447
58.33882522	426	-0.051954 0.021548  1.114729
58.34397506	428	-0.057700 0.023942  1.131249
58.34912109	429	-0.056024 0.022505  1.136277
58.35426712	430	-0.059376 0.017477  1.137474
58.35941314	431	-0.055784 0.020111  1.143938
##inga 
#ido(sec)  szog(ADC)     ax(g)    ay(g)   az(g)
58.36511230	434	-0.053151 0.028251  1.142501
58.37040710	433	-0.046686 0.015562  1.139150
58.37568664	435	-0.053630 0.013168  1.152078
58.38095474	436	-0.047405 0.014844  1.149205
58.38610076	440	-0.051954 0.017477  1.149684
58.39125442	444	-0.047405 0.016280  1.158064
58.39640045	448	-0.044532 0.013647  1.158064
58.40156555	447	-0.050517 0.011253  1.156627
58.40673065	449	-0.039025 0.010056  1.161655
58.41189193	450	-0.041180 0.012929  1.162134
58.41706085	449	-0.043095 0.000718  1.172189
58.42220306	452	-0.039265 0.008858  1.167640
58.42735671	454	-0.041419 0.005746  1.176259
58.43251419	453	-0.034237 0.008619  1.170753
58.43766784	456	-0.040222 0.005507  1.176499
58.44282913	455	-0.037589 0.005746  1.177935
58.44797515	458	-0.041659 0.005985  1.173626
58.45314025	461	-0.038786 0.004549  1.174105
58.45828628	462	-0.040701 0.000479  1.175781
58.46343994	464	-0.039504 0.003591  1.179851
58.46858215	466	-0.045968 0.005985  1.171950
58.47372817	468	-0.045729 0.007661  1.188470
58.47887420	468	-0.041898 -0.003112  1.181287
58.48406982	472	-0.045250 0.004549  1.179851
58.48922348	474	-0.041659 0.005507  1.185597
58.49438095	475	-0.050996 0.007422  1.170274
58.49953460	477	-0.052672 0.012689  1.184639
58.50468444	476	-0.053869 0.005028  1.184160
58.50981521	479	-0.047644 0.004310  1.174105
58.51496887	483	-0.050757 0.004788  1.169795
58.52011489	483	-0.054827 0.010295  1.181287
58.52526092	487	-0.054827 0.008619  1.184878
58.53041076	487	-0.060094 0.009577  1.180329
58.53555679	491	-0.062009 0.013647  1.180569
58.54070663	492	-0.062488 0.013647  1.175541
58.54585266	492	-0.062249 0.011013  1.165964
58.55100250	495	-0.059615 0.004070  1.173865
58.55614852	497	-0.063206 0.011253  1.173147
58.56130981	501	-0.064403 0.006464  1.165964
58.56646728	502	-0.063446 0.014604  1.173865
58.57163619	504	-0.063206 0.007901  1.167161
58.57678985	505	-0.068713 0.005746  1.157345
58.58194732	505	-0.058418 0.003112  1.165246
58.58710861	506	-0.071107 0.009337  1.155669
58.59225845	506	-0.064403 0.005028  1.149684
58.59742355	509	-0.066079 0.006464  1.153515
58.60259246	512	-0.062009 0.001437  1.154951
58.60775375	514	-0.069671 0.001915  1.154951
58.61290740	515	-0.057700 0.001676  1.142023
58.61805343	516	-0.050757 0.001197  1.138192
58.62320709	517	-0.057939 -0.001437  1.140586
58.62840270	519	-0.055066 -0.004070  1.120714
58.63360214	525	-0.053869 -0.001437  1.120475
58.63880538	524	-0.049320 -0.005507  1.124785
58.64399719	526	-0.051954 -0.002634  1.130531
58.64919281	527	-0.048362 -0.004549  1.129094
58.65438842	528	-0.045011 -0.014844  1.113053
58.65958404	528	-0.043574 -0.009098  1.107786
58.66477966	532	-0.044292 -0.012210  1.107786
58.66997909	534	-0.045011 -0.005507  1.102998
58.67518234	536	-0.043335 -0.016759  1.094857
58.68038940	536	-0.040222 -0.009098  1.099646
58.68558883	537	-0.044292 -0.010774  1.091266
58.69078826	537	-0.046926 -0.015323  1.079295
58.69598007	539	-0.046926 -0.011013  1.085999
58.70117568	540	-0.054108 -0.012689  1.088872
58.70636367	541	-0.052193 -0.011253  1.087196
58.71155548	541	-0.046686 -0.008380  1.081450
58.71674728	543	-0.049559 -0.005267  1.072113
58.72194671	543	-0.059136 0.002394  1.068282
58.72709274	546	-0.056742 -0.009337  1.068282
58.73229217	548	-0.062967 -0.008619  1.050565
58.73749542	550	-0.062249 -0.007183  1.060860
58.74269104	550	-0.067755 -0.001437  1.047213
58.74789428	550	-0.063206 -0.001676  1.049847
58.75310134	550	-0.067995 -0.002634  1.041228
58.75830841	551	-0.067995 -0.005028  1.030454
58.76350402	551	-0.069192 0.000000  1.033088
58.76861190	553	-0.073980 -0.000718  1.032848
58.77380371	556	-0.074938 -0.008619  1.024469
58.77899932	557	-0.069192 -0.000958  1.024947
58.78419494	556	-0.073741 -0.002155  1.015849
58.78939437	556	-0.064164 -0.000479  1.025426
58.79459762	559	-0.072065 0.001915  1.023990
58.79973220	558	-0.067995 -0.004310  1.010822
58.80492401	559	-0.068234 0.000479  1.012019
58.81006622	562	-0.070389 -0.006464  1.009864
58.81525039	560	-0.064882 -0.011253  1.006512
58.82046127	563	-0.064882 -0.005028  1.000766
58.82565307	561	-0.061530 -0.008380  1.000527
58.83084487	564	-0.056503 -0.008619  0.997414
58.83604812	566	-0.056263 -0.007661  0.994062
58.84125518	567	-0.052193 -0.012689  0.994541
58.84645843	565	-0.049081 -0.015083  0.982570
58.85164260	566	-0.047644 -0.010295  0.981613
58.85683441	566	-0.046447 -0.013647  0.985443
58.86204147	567	-0.051714 -0.016041  0.975867
58.86724090	569	-0.047884 -0.015802  0.976585
58.87243270	569	-0.044771 -0.011971  0.986162
58.87763977	569	-0.048362 -0.024899  0.984486
58.88283920	570	-0.050278 -0.016520  0.976585
##inga 
#ido(sec)  szog(ADC)     ax(g)    ay(g)   az(g)
58.88858413	570	-0.045011 -0.021069  0.975867
58.89385986	568	-0.047405 -0.022505  0.971318
58.89912414	568	-0.045250 -0.018914  0.977303
58.90438461	571	-0.042856 -0.017238  0.967966
58.90958404	571	-0.052911 -0.018435  0.975388
58.91479110	570	-0.052193 -0.014365  0.978261
58.91999435	570	-0.050517 -0.015323  0.977064
58.92520523	571	-0.052911 -0.009337  0.974191
58.93040847	570	-0.057939 -0.013168  0.975148
58.93560791	570	-0.055784 -0.011731  0.970121
58.94080734	570	-0.058179 -0.017238  0.969402
58.94600296	571	-0.055545 -0.006464  0.971318
58.95119857	571	-0.057460 -0.011253  0.968684
58.95639419	570	-0.061770 -0.004070  0.972994
58.96159362	569	-0.063206 -0.011253  0.967487
58.96678161	571	-0.066319 -0.004549  0.978740
58.97198104	568	-0.065361 -0.001197  0.977064
58.97718811	570	-0.061291 0.001197  0.976106
58.98234558	566	-0.067037 0.000479  0.982810
58.98749160	569	-0.073262 0.011013  0.967966
58.99265670	568	-0.067995 0.000000  0.978979
58.99777221	566	-0.074698 0.002873  0.979219
59.00293731	568	-0.064164 0.005507  0.984486
59.00809097	565	-0.066798 0.003591  0.986162
59.01323318	567	-0.074219 0.006464  0.984246
59.01839447	566	-0.067276 0.002155  0.983049
59.02353668	565	-0.065122 -0.000718  0.996217
59.02873229	562	-0.066319 -0.000718  0.992626
59.03392410	563	-0.064403 -0.006225  0.994062
59.03911972	561	-0.059376 -0.003352  0.997654
59.04430770	560	-0.062488 0.005028  0.990471
59.04943466	561	-0.056742 0.000000  0.995978
59.05454254	560	-0.056263 -0.005985  0.998851
59.05973815	558	-0.060333 -0.003831  1.004118
59.06493377	560	-0.052672 -0.002155  1.011301
59.07012557	558	-0.054587 -0.006225  1.006273
59.07532119	557	-0.050278 -0.005507  1.012019
59.08052444	556	-0.043813 -0.010534  1.023750
59.08571624	556	-0.044292 -0.005507  1.026623
59.09091567	554	-0.040701 -0.011731  1.033327
59.09612274	552	-0.044771 -0.010056  1.033327
59.10132217	550	-0.040222 -0.006704  1.037397
59.10652542	550	-0.040222 -0.005985  1.043861
59.11171722	549	-0.037349 -0.007901  1.036679
59.11691284	548	-0.043335 -0.005267  1.055114
59.12211227	549	-0.043095 -0.009098  1.045298
59.12730789	546	-0.036870 -0.009098  1.056550
59.13249588	547	-0.043095 -0.011013  1.056311
59.13768386	543	-0.048602 -0.007183  1.055114
59.14287567	542	-0.050278 -0.006704  1.067803
59.14807128	541	-0.044532 -0.008380  1.067803
59.15326690	541	-0.046926 -0.005028  1.069240
59.15846633	538	-0.048841 -0.004310  1.067085
59.16365814	537	-0.046447 0.003591  1.085999
59.16882324	538	-0.055066 0.000000  1.085281
59.17394638	538	-0.053151 0.000239  1.094857
59.17910003	536	-0.059136 0.002394  1.093421
59.18426132	534	-0.062009 0.008140  1.084802
59.18940353	532	-0.060812 0.008140  1.096533
59.19455718	531	-0.064643 0.010056  1.110419
59.19970703	532	-0.065361 0.014365  1.107068
59.20485687	529	-0.065840 0.006943  1.110419
59.21001052	525	-0.062967 0.014365  1.105392
59.21516799	527	-0.067037 0.014365  1.103716
59.22031784	524	-0.068234 0.012689  1.112814
59.22546005	523	-0.076135 0.012929  1.127418
59.23059844	523	-0.068473 0.011492  1.122630
59.23574066	518	-0.067276 0.015083  1.131009
59.24087524	519	-0.066079 0.013647  1.134122
59.24603271	516	-0.066079 0.012689  1.137713
59.25117874	513	-0.064164 0.010534  1.136755
59.25632476	512	-0.062488 0.009337  1.139629
59.26147460	510	-0.064164 0.010534  1.149923
59.26662063	509	-0.055784 0.011492  1.146811
59.27176284	505	-0.054827 0.014365  1.156627
59.27690887	506	-0.053390 0.008380  1.156867
59.28206253	505	-0.051714 0.006704  1.152796
59.28722000	503	-0.046447 0.006943  1.160458
59.29236984	501	-0.041659 0.004788  1.154233
59.29753112	500	-0.043574 0.006225  1.167640
59.30269241	498	-0.040940 0.005028  1.170035
59.30785369	496	-0.042377 0.005746  1.168598
59.31301498	493	-0.033279 0.002155  1.164288
59.31817245	491	-0.032321 0.005267  1.169077
59.32333374	491	-0.031843 0.001915  1.170753
59.32848739	488	-0.029448 -0.000479  1.172429
59.33369064	488	-0.027533 0.003831  1.176259
59.33885574	483	-0.032321 0.001197  1.181527
59.34402084	484	-0.036631 0.004310  1.174105
59.34916687	481	-0.028970 -0.000239  1.172189
59.35435485	479	-0.028970 0.005746  1.174823
59.35950851	477	-0.032321 0.006225  1.180090
59.36465454	476	-0.041659 0.007661  1.166204
59.36979675	473	-0.043574 0.013407  1.167640
59.37493896	473	-0.043095 0.012210  1.170992
59.38008117	470	-0.045968 0.013647  1.174344
59.38521957	469	-0.050278 0.006225  1.174583
59.39036178	466	-0.051714 0.014604  1.180808
59.39550781	465	-0.054108 0.024421  1.173865
59.40065765	462	-0.054108 0.020829  1.184160
59.40580749	464	-0.052193 0.018914  1.184878
##inga 
#ido(sec)  szog(ADC)     ax(g)    ay(g)   az(g)
59.41149520	461	-0.056024 0.024660  1.172908
59.41676712	459	-0.061052 0.019153  1.173147
59.42207717	454	-0.062727 0.023224  1.171232
59.42736816	454	-0.061291 0.027772  1.169556
59.43251419	452	-0.060094 0.021308  1.174105
59.43767166	451	-0.063685 0.030167  1.161894
59.44282531	450	-0.056503 0.025139  1.168837
59.44798278	450	-0.062488 0.026336  1.171232
59.45313262	448	-0.056503 0.023942  1.159021
59.45828628	448	-0.058179 0.027054  1.156148
59.46344375	446	-0.052911 0.030885  1.154233
59.46861648	445	-0.053869 0.028491  1.156388
59.47378540	443	-0.052432 0.027294  1.156627
59.47895050	440	-0.053869 0.021548  1.156148
59.48411560	439	-0.048123 0.027054  1.146332
59.48927688	436	-0.044532 0.019632  1.140825
59.49443817	432	-0.044053 0.019393  1.140347
59.49959945	433	-0.039504 0.018914  1.140107
59.50476455	431	-0.046447 0.023463  1.140825
59.50991439	431	-0.039504 0.014604  1.124545
59.51506042	430	-0.043335 0.016280  1.128376
59.52020263	427	-0.030885 0.019632  1.127897
59.52536010	424	-0.029448 0.018196  1.127658
59.53051757	424	-0.032082 0.021308  1.117123
59.53565979	421	-0.029209 0.012689  1.124306
59.54080963	422	-0.025139 0.013647  1.118799
59.54597091	421	-0.023224 0.020829  1.116165
59.55110931	420	-0.026336 0.016759  1.103476
59.55625152	416	-0.020111 0.011013  1.098209
59.56140899	416	-0.025139 0.016759  1.096773
59.56655120	414	-0.022026 0.018435  1.098688
59.57169342	413	-0.027533 0.012689  1.098449
59.57683563	409	-0.026097 0.014844  1.077140
59.58198547	408	-0.030885 0.017238  1.089830
59.58712768	411	-0.032321 0.023224  1.082168
59.59227371	407	-0.030645 0.021548  1.079295
59.59742355	408	-0.037349 0.023942  1.073789
59.60257720	408	-0.038067 0.021069  1.067324
59.60772323	406	-0.038307 0.024899  1.067803
59.61288070	404	-0.042138 0.018914  1.062057
59.61803054	404	-0.049559 0.025857  1.059424
59.62319946	400	-0.044532 0.029688  1.048650
59.62836074	402	-0.041180 0.033518  1.044580
59.63352966	401	-0.047165 0.032082  1.044101
59.63868713	401	-0.044053 0.032561  1.039791
59.64385986	400	-0.054108 0.033758  1.036679
59.64902114	399	-0.053390 0.039025  1.029257
59.65418624	398	-0.056263 0.036870  1.024708
59.65935134	396	-0.055066 0.036631  1.027820
59.66450881	396	-0.047405 0.034716  1.033088
59.66965866	394	-0.054348 0.032082  1.021117
59.67482376	394	-0.054108 0.035673  1.009864
59.67997360	393	-0.051235 0.035194  1.012737
59.68511581	392	-0.050038 0.032321  1.010582
59.69027328	389	-0.050517 0.034237  1.008188
59.69541931	388	-0.044771 0.033997  1.002681
59.70056533	386	-0.046926 0.031843  1.001006
59.70571517	387	-0.046686 0.038786  1.004836
59.71087265	387	-0.039983 0.037110  0.990950
59.71601486	387	-0.038067 0.027533  0.990471
59.72115325	386	-0.037828 0.031843  0.987598
59.72628784	385	-0.035434 0.031843  0.980176
59.73142623	386	-0.032082 0.027533  0.982331
59.73658370	383	-0.031603 0.029209  0.961502
59.74172973	385	-0.030885 0.023224  0.980176
59.74686813	383	-0.030645 0.028970  0.977543
59.75201416	382	-0.032082 0.023942  0.966290
59.75715255	384	-0.026336 0.023702  0.974191
59.76231384	382	-0.020829 0.019393  0.972275
59.76746368	382	-0.021069 0.024421  0.961502
59.77260589	382	-0.021787 0.021069  0.958868
59.77774810	381	-0.020351 0.020351  0.961741
59.78289413	381	-0.022505 0.022026  0.978500
59.78804779	382	-0.027054 0.025139  0.964854
59.79321670	381	-0.027533 0.029688  0.970121
59.79838943	379	-0.029448 0.031843  0.958868
59.80355072	380	-0.025139 0.023702  0.958629
59.80871200	379	-0.023224 0.024660  0.963417
59.81386566	381	-0.031124 0.023224  0.960544
59.81903076	380	-0.033518 0.023224  0.952883
59.82419967	380	-0.032800 0.031364  0.961502
59.82936096	380	-0.029448 0.028491  0.959347
59.83452224	380	-0.031364 0.031603  0.963896
59.83967971	380	-0.037349 0.031364  0.957671
59.84483337	379	-0.036870 0.030167  0.963656
59.84997940	378	-0.037828 0.030645  0.953601
59.85512542	380	-0.039025 0.031124  0.956234
59.86027145	380	-0.046926 0.035913  0.957671
59.86541748	381	-0.042856 0.033758  0.968205
59.87056732	383	-0.047884 0.035194  0.963178
59.87572097	383	-0.046447 0.037589  0.966769
59.88085937	383	-0.048123 0.037828  0.962220
59.88600921	383	-0.043574 0.034237  0.972515
59.89115905	381	-0.045250 0.036631  0.972275
59.89630508	384	-0.047405 0.038786  0.978979
59.90144729	384	-0.049320 0.033279  0.978500
59.90659332	385	-0.052911 0.028012  0.979937
59.91173553	386	-0.046208 0.030167  0.970121
59.91688156	387	-0.042616 0.032082  0.980176
59.92202758	388	-0.053151 0.033758  0.989753
59.92716979	385	-0.051235 0.032561  0.985443
##inga 
#ido(sec)  szog(ADC)     ax(g)    ay(g)   az(g)
59.93286132	387	-0.041419 0.030885  0.988316
59.93813323	386	-0.042377 0.030167  0.989514
59.94341278	388	-0.046447 0.029688  0.986401
59.94867324	390	-0.044532 0.035434  0.992387
59.95381927	391	-0.043335 0.022984  1.000287
59.95897674	392	-0.039265 0.026815  0.992387
59.96412658	393	-0.037349 0.025139  1.008667
59.96928787	394	-0.037589 0.022505  1.012019
59.97444915	394	-0.040701 0.023942  1.011061
59.97961044	395	-0.033279 0.020351  1.017525
59.98478317	396	-0.033758 0.023463  1.023990
59.98994445	397	-0.022266 0.021548  1.017286
59.99511337	400	-0.031603 0.024181  1.026863
60.00027465	397	-0.028970 0.021787  1.027102
60.00544738	401	-0.029927 0.019632  1.032369
60.01060485	401	-0.024660 0.014844  1.034763
60.01576232	401	-0.023702 0.013647  1.048410
60.02091217	404	-0.028012 0.009337  1.050086
60.02606964	405	-0.029688 0.014126  1.042664
60.03121185	406	-0.029688 0.014365  1.044819
60.03635787	408	-0.031364 0.016999  1.053917
60.04150009	405	-0.022505 0.017238  1.057987
60.04664230	408	-0.028970 0.015562  1.065409
60.05179977	409	-0.025139 0.017238  1.060381
60.05694961	409	-0.033279 0.020829  1.069958
60.06208419	409	-0.032800 0.016759  1.076422
60.06722640	412	-0.040940 0.021069  1.077619
60.07237243	413	-0.040222 0.020829  1.077619
60.07751846	415	-0.045489 0.016520  1.085999
60.08265686	414	-0.045011 0.020829  1.094618
60.08780288	417	-0.045011 0.024660  1.093421
60.09295272	418	-0.052432 0.023702  1.083605
60.09811019	418	-0.050996 0.021548  1.105631
60.10327148	416	-0.052193 0.030885  1.109941
60.10842514	423	-0.050757 0.022984  1.113771
60.11356735	424	-0.053151 0.020111  1.111856
60.11871337	425	-0.049320 0.030406  1.116165
60.12385940	424	-0.055306 0.028251  1.117123
60.12902069	428	-0.063446 0.026097  1.126221
60.13418960	428	-0.058179 0.021787  1.118560
60.13934326	428	-0.059615 0.021787  1.120714
60.14450454	432	-0.059854 0.021069  1.134122
60.14967346	433	-0.057700 0.029448  1.130531
60.15483093	435	-0.052911 0.027054  1.139868
60.15998840	437	-0.052193 0.022745  1.135558
60.16515350	438	-0.053630 0.016759  1.139868
60.17031478	438	-0.049559 0.022266  1.146093
60.17548751	444	-0.053390 0.015802  1.147529
60.18064880	444	-0.047884 0.020829  1.150402
60.18580627	448	-0.050757 0.017717  1.148726
60.19095611	448	-0.048602 0.017477  1.150402
60.19609832	449	-0.045250 0.016759  1.152557
60.20124435	449	-0.038546 0.005507  1.142023
60.20638656	449	-0.041419 0.009337  1.157106
60.21154022	452	-0.042138 0.009577  1.164288
60.21669387	454	-0.042856 0.003112  1.167161
60.22183609	456	-0.041659 -0.000239  1.165007
60.22702789	456	-0.040222 0.003831  1.168598
60.23217010	457	-0.034716 0.001197  1.164049
60.23732376	458	-0.033518 0.005746  1.172668
60.24248123	460	-0.034716 0.002394  1.171950
60.24762344	461	-0.039265 0.005746  1.175781
60.25277328	464	-0.041419 0.005028  1.171950
60.25791168	466	-0.041419 0.004549  1.180569
60.26305770	469	-0.040940 0.003831  1.169556
60.26820373	468	-0.036152 0.004070  1.172429
60.27334213	470	-0.041898 0.003591  1.165246
60.27848434	474	-0.046926 0.009098  1.174583
60.28363418	475	-0.042616 0.011492  1.173386
60.28879165	476	-0.045250 0.007422  1.172189
60.29396438	475	-0.050996 0.011492  1.169316
60.29912567	480	-0.056503 0.013886  1.168837
60.30428314	481	-0.059376 0.005746  1.167880
60.30943679	483	-0.055545 0.003352  1.167161
60.31460571	486	-0.058657 0.001915  1.173386
60.31975173	488	-0.066079 0.012210  1.168837
60.32491302	490	-0.064164 0.013647  1.165007
60.33006286	492	-0.061770 0.013407  1.172908
60.33523178	493	-0.067995 0.012929  1.161176
60.34038925	496	-0.066079 0.013407  1.165246
60.34553909	495	-0.069192 0.011731  1.156867
60.35069274	498	-0.066798 0.007661  1.157585
60.35584640	502	-0.069431 0.009577  1.167880
60.36099624	501	-0.068473 0.011492  1.163331
60.36613845	503	-0.066798 0.005746  1.159979
60.37128448	505	-0.060094 0.005028  1.156148
60.37643051	502	-0.063206 0.004310  1.145853
60.38158035	507	-0.061530 0.007422  1.145375
60.38672256	508	-0.059854 0.008619  1.144177
60.39186096	509	-0.057700 0.002634  1.139868
60.39701080	512	-0.062249 -0.002155  1.140586
60.40220642	513	-0.055066 -0.000479  1.135319
60.40740966	515	-0.052672 0.000718  1.135558
60.41255950	519	-0.056024 0.005028  1.134840
60.41769027	517	-0.055545 -0.005507  1.131488
60.42289352	520	-0.049320 -0.003831  1.121912
60.42809295	524	-0.055784 -0.006464  1.127418
60.43329238	524	-0.047405 -0.006943  1.117841
60.43848419	526	-0.047165 -0.012210  1.114968
60.44368362	526	-0.047165 -0.008858  1.117123
60.44888305	527	-0.046926 -0.005985  1.104434
##inga 
#ido(sec)  szog(ADC)     ax(g)    ay(g)   az(g)
60.45462417	530	-0.039265 -0.009816  1.094857
60.45990371	532	-0.042856 -0.020351  1.092463
60.46517944	534	-0.040701 -0.012929  1.097730
60.47044754	535	-0.039504 -0.015562  1.094857
60.47563552	535	-0.045011 -0.009816  1.096773
60.48083114	537	-0.046447 -0.011731  1.088154
60.48601913	536	-0.050996 -0.012929  1.078338
60.49121475	539	-0.050996 -0.007183  1.076901
60.49640274	540	-0.048841 -0.011253  1.074028
60.50160217	542	-0.052193 -0.008140  1.072592
60.50680160	542	-0.053869 -0.004310  1.062296
60.51199722	543	-0.055066 -0.005746  1.060860
60.51719665	543	-0.061291 -0.009337  1.068521
60.52239227	543	-0.063446 -0.010534  1.058945
60.52759552	544	-0.058657 -0.005746  1.064212
60.53279876	548	-0.064164 -0.007183  1.040988
60.53799819	547	-0.067516 -0.009337  1.043861
60.54319763	549	-0.062009 0.001915  1.042425
60.54833984	550	-0.073741 -0.004788  1.036679
60.55353164	549	-0.064403 -0.001915  1.029496
60.55872726	548	-0.071107 0.002155  1.030693
60.56388473	550	-0.068713 -0.007661  1.023032
60.56907272	552	-0.069671 -0.005507  1.028539
60.57427978	554	-0.070389 -0.002634  1.021356
60.57946777	556	-0.065840 0.001915  1.023511
60.58462142	554	-0.064643 -0.003352  1.006991
60.58981323	558	-0.066319 -0.004788  1.009864
60.59501266	559	-0.070868 -0.000958  1.013455
60.60021209	559	-0.071586 -0.006225  1.015610
60.60540771	559	-0.064164 -0.004070  1.010103
60.61060714	558	-0.070149 -0.008858  1.001484
60.61580657	560	-0.060094 -0.007183  0.995738
60.62101364	559	-0.061052 -0.010774  0.996217
60.62620925	560	-0.059376 -0.006225  0.997654
60.63139724	562	-0.054827 -0.014126  0.980176
60.63658905	562	-0.054348 -0.013168  0.996457
60.64178848	563	-0.047165 -0.011013  0.987359
60.64698410	565	-0.052432 -0.013407  0.983289
60.65217590	567	-0.045968 -0.016999  0.981134
60.65737152	566	-0.053869 -0.013168  0.990711
60.66256713	564	-0.052911 -0.017956  0.982810
60.66776657	567	-0.049081 -0.020111  0.979458
60.67297363	567	-0.052193 -0.015083  0.979937
60.67817687	567	-0.046208 -0.015802  0.981613
60.68339157	567	-0.049081 -0.019153  0.978022
60.68858718	565	-0.047884 -0.014604  0.972754
60.69378280	568	-0.050517 -0.017956  0.975388
60.69897842	566	-0.049799 -0.011013  0.972754
60.70417785	568	-0.051714 -0.020829  0.983289
60.70936584	568	-0.045968 -0.017238  0.983049
60.71456909	568	-0.049081 -0.016280  0.977064
60.71976852	568	-0.052432 -0.015083  0.962938
60.72496414	567	-0.056742 -0.011013  0.976106
60.73016357	568	-0.056981 -0.013168  0.969642
60.73536300	566	-0.055545 -0.008619  0.972036
60.74055480	567	-0.056981 -0.012210  0.973951
60.74575424	567	-0.061052 -0.000958  0.976824
60.75095748	568	-0.057700 -0.001676  0.978979
60.75616073	565	-0.060812 -0.002155  0.974909
60.76136016	567	-0.063206 0.001915  0.978261
60.76651382	566	-0.062488 -0.001915  0.989274
60.77170944	567	-0.062009 -0.005028  0.987359
60.77691268	564	-0.069671 0.000479  0.980176
60.78204345	564	-0.068713 0.002634  0.976106
60.78718948	566	-0.068713 0.001915  0.994302
60.79233169	565	-0.067995 0.004788  0.978979
60.79747772	564	-0.064882 0.002873  0.989274
60.80261993	560	-0.062967 -0.001437  0.986641
60.80781555	560	-0.074219 0.003591  0.996217
60.81296157	561	-0.060094 -0.000479  0.995978
60.81815719	559	-0.062967 0.005985  0.998611
60.82331466	560	-0.058657 0.000718  0.999090
60.82845306	560	-0.059376 -0.002634  0.992387
60.83365631	560	-0.059615 -0.001437  1.001963
60.83885955	559	-0.050757 -0.005985  1.007949
60.84405136	558	-0.053390 -0.004549  1.006033
60.84924697	555	-0.058179 -0.005267  1.007949
60.85444641	556	-0.052193 -0.002634  1.016328
60.85964584	556	-0.045968 -0.002394  1.018244
60.86484909	552	-0.050996 -0.008140  1.009864
60.87004852	554	-0.046926 -0.000958  1.020159
60.87524414	553	-0.044532 -0.013168  1.034285
60.88043975	551	-0.045011 -0.005985  1.025666
60.88563537	548	-0.041659 -0.005507  1.036918
60.89082336	548	-0.048841 -0.008619  1.041946
60.89601898	549	-0.041659 -0.009577  1.035961
60.90122222	549	-0.045968 -0.001197  1.042185
60.90642929	548	-0.044771 -0.007901  1.045298
60.91162872	545	-0.045729 -0.006464  1.051283
60.91682052	544	-0.046686 -0.006704  1.050804
60.92201995	543	-0.039983 -0.003352  1.048650
60.92721557	542	-0.041419 -0.003112  1.052480
60.93240356	539	-0.046926 -0.004549  1.061339
60.93760681	539	-0.046926 -0.006704  1.066367
60.94280624	537	-0.043335 -0.003112  1.071634
60.94800567	536	-0.054348 0.000479  1.066367
60.95314788	537	-0.051714 0.000239  1.070916
60.95830535	536	-0.050517 0.001915  1.074986
60.96344757	533	-0.049081 0.003591  1.087435
60.96859741	535	-0.056981 0.002873  1.085520
60.97373962	534	-0.061770 0.011492  1.095815
##inga 
#ido(sec)  szog(ADC)     ax(g)    ay(g)   az(g)
60.97941207	532	-0.056981 0.006943  1.104434
60.98467636	530	-0.060812 0.003591  1.098927
60.98994445	528	-0.066558 0.008140  1.100603
60.99518585	524	-0.062967 0.016280  1.105631
61.00033187	523	-0.067037 0.011971  1.107068
61.00548553	522	-0.063206 0.012929  1.108744
61.01062774	524	-0.065122 0.013886  1.119278
61.01576232	520	-0.067995 0.013647  1.119757
61.02091598	517	-0.062727 0.010056  1.120714
61.02606964	515	-0.065600 0.007661  1.122151
61.03122329	513	-0.062727 0.013168  1.128855
61.03638839	511	-0.066319 0.011971  1.136755
61.04153823	510	-0.062488 0.013886  1.142023
61.04669570	509	-0.055306 0.010056  1.143699
61.05186080	508	-0.050996 0.010295  1.129333
61.05700302	505	-0.059136 0.005985  1.136037
61.06214904	506	-0.049081 -0.000239  1.138910
61.06734085	504	-0.050278 0.012450  1.146332
61.07248306	503	-0.045011 0.005028  1.140825
61.07764434	504	-0.041659 0.010534  1.153754
61.08280181	502	-0.040701 0.007422  1.147290
61.08793640	500	-0.042616 0.005985  1.156867
61.09309768	496	-0.045011 0.001437  1.156867
61.09825515	496	-0.040940 0.003112  1.154472
61.10341262	494	-0.041898 0.000479  1.154233
61.10855102	492	-0.033997 0.008619  1.153515
61.11369323	488	-0.034955 0.005985  1.164288
61.11883926	487	-0.038786 0.006943  1.160458
61.12398147	484	-0.033040 0.000000  1.163570
61.12908554	485	-0.034955 0.005267  1.161655
61.13422775	480	-0.038067 0.005028  1.166204
61.13937377	480	-0.036391 0.006225  1.159740
61.14452743	478	-0.032561 0.011013  1.174583
61.14965820	475	-0.042616 0.007422  1.160458
61.15481567	475	-0.044771 0.009337  1.169556
61.15996551	473	-0.039265 0.014126  1.159740
61.16510772	472	-0.044292 0.013886  1.170035
61.17025375	469	-0.054827 0.008380  1.170753
61.17540359	469	-0.044053 0.008858  1.161894
61.18054962	468	-0.046447 0.010056  1.169077
61.18569564	465	-0.045489 0.018196  1.164288
61.19084548	464	-0.050757 0.016280  1.167880
61.19598770	463	-0.048602 0.020111  1.168837
61.20114517	460	-0.045968 0.019632  1.163091
61.20629501	459	-0.060812 0.018196  1.165007
61.21146011	457	-0.055066 0.019393  1.166683
61.21662902	454	-0.056024 0.023702  1.169077
61.22178649	452	-0.059136 0.023942  1.158064
61.22695159	452	-0.053630 0.024181  1.157585
61.23211288	448	-0.061770 0.024899  1.158782
61.23728179	451	-0.051475 0.024899  1.147769
61.24244308	448	-0.050038 0.027054  1.156388
61.24760055	446	-0.058657 0.024660  1.150642
61.25275421	448	-0.057700 0.024181  1.142980
61.25790786	446	-0.057221 0.021787  1.148247
61.26305770	443	-0.050038 0.021308  1.148966
61.26820373	439	-0.049081 0.024899  1.135319
61.27334976	437	-0.049320 0.022745  1.140586
61.27849197	436	-0.051235 0.020111  1.141544
61.28363418	434	-0.050278 0.023224  1.138910
61.28879165	434	-0.043335 0.017956  1.130291
61.29394531	432	-0.042616 0.021787  1.122869
61.29909133	432	-0.045011 0.016041  1.127897
61.30425643	431	-0.040701 0.020351  1.128136
61.30940246	430	-0.036152 0.018196  1.121193
61.31455612	427	-0.030406 0.010534  1.117123
61.31970214	425	-0.034955 0.020351  1.110180
61.32484817	425	-0.034716 0.015562  1.107307
61.32999038	420	-0.030167 0.017238  1.111138
61.33513641	422	-0.023463 0.011731  1.097970
61.34027862	421	-0.025618 0.013168  1.098209
61.34542846	420	-0.036631 0.018675  1.097252
61.35058975	417	-0.027533 0.018435  1.086478
61.35573196	414	-0.025618 0.023224  1.093421
61.36088943	414	-0.031124 0.021069  1.090548
61.36604309	413	-0.025378 0.017956  1.085041
61.37120437	410	-0.028970 0.021787  1.078577
61.37637329	411	-0.029209 0.018914  1.072592
61.38153076	410	-0.033279 0.023224  1.078338
61.38671112	410	-0.031364 0.027054  1.059902
61.39186859	407	-0.034955 0.021548  1.065648
61.39704513	408	-0.033997 0.023942  1.050804
61.40220642	407	-0.040462 0.024660  1.058466
61.40736389	403	-0.036152 0.021308  1.052241
61.41250610	405	-0.040462 0.027533  1.051762
61.41766357	404	-0.037110 0.032082  1.047692
61.42282867	400	-0.049320 0.028491  1.043143
61.42797088	402	-0.046926 0.039743  1.049607
61.43312835	401	-0.045011 0.028970  1.032848
61.43825912	399	-0.046926 0.030645  1.037158
61.44340515	399	-0.047644 0.033997  1.020159
61.44854736	400	-0.048602 0.030885  1.031412
61.45370483	398	-0.043095 0.032082  1.021595
61.45885467	397	-0.048841 0.033279  1.012019
61.46400070	397	-0.051475 0.037828  1.020638
61.46914672	396	-0.049559 0.027533  1.010582
61.47429275	394	-0.044292 0.033997  1.019201
61.47943496	393	-0.046686 0.036631  0.999808
61.48458099	392	-0.041659 0.031603  1.006512
61.48972320	391	-0.043095 0.035434  1.005315
61.49486923	391	-0.046686 0.032800  1.006033
##inga 
#ido(sec)  szog(ADC)     ax(g)    ay(g)   az(g)
61.50055313	391	-0.032800 0.030167  0.992147
61.50582122	389	-0.039504 0.034237  0.986641
61.51108932	389	-0.037589 0.027294  0.985922
61.51635360	389	-0.030406 0.031124  0.979219
61.52149200	388	-0.036870 0.026336  0.983767
61.52663421	387	-0.036631 0.026097  0.982570
61.53178024	387	-0.037110 0.029688  0.977303
61.53692245	385	-0.034716 0.021787  0.980416
61.54206466	384	-0.029688 0.026336  0.975388
61.54720687	385	-0.028012 0.025139  0.969881
61.55235290	385	-0.028970 0.019393  0.969642
61.55752182	384	-0.029448 0.022026  0.965811
61.56267166	383	-0.024421 0.025857  0.976824
61.56783676	383	-0.024660 0.016999  0.969642
61.57300186	385	-0.023224 0.023224  0.967248
61.57815933	384	-0.025618 0.024421  0.964135
61.58332061	381	-0.029209 0.027772  0.971557
61.58847045	382	-0.022266 0.026097  0.966051
61.59363174	384	-0.029927 0.033040  0.966290
61.59879684	382	-0.027772 0.029927  0.969402
61.60393905	383	-0.029927 0.032321  0.971078
61.60910034	384	-0.029448 0.024899  0.960305
61.61425781	383	-0.030167 0.019153  0.964854
61.61940765	383	-0.039504 0.022745  0.968924
61.62455749	382	-0.033518 0.028730  0.962699
61.62969970	381	-0.038067 0.026336  0.964135
61.63484954	383	-0.031124 0.032321  0.958868
61.63998794	383	-0.038546 0.031124  0.973233
61.64513778	382	-0.037589 0.022026  0.970600
61.65027999	383	-0.040701 0.031603  0.960305
61.65543365	385	-0.044532 0.031843  0.961502
61.66058349	383	-0.041659 0.029209  0.967726
61.66572952	384	-0.047884 0.032082  0.973233
61.67087554	386	-0.050038 0.028730  0.967248
61.67602157	385	-0.045250 0.028491  0.971318
61.68117523	386	-0.045968 0.034237  0.977064
61.68632888	386	-0.044771 0.033758  0.965093
61.69147109	386	-0.053151 0.028491  0.978979
61.69661712	388	-0.043095 0.027772  0.978261
61.70176315	387	-0.050517 0.030167  0.988077
61.70692062	386	-0.048362 0.037110  0.980416
61.71206283	389	-0.047884 0.033518  0.999090
61.71719741	389	-0.041180 0.024660  0.988077
61.72233963	391	-0.042616 0.033758  0.992387
61.72750091	392	-0.043574 0.035194  0.995020
61.73265457	391	-0.046447 0.023942  1.002203
61.73781204	394	-0.047165 0.025139  0.994062
61.74297332	394	-0.045489 0.031124  0.998372
61.74812698	395	-0.045729 0.023942  1.001006
61.75328445	394	-0.043813 0.028730  1.000527
61.75844955	395	-0.039504 0.019872  1.012258
61.76361083	396	-0.037349 0.028730  1.010582
61.76877593	398	-0.037828 0.024660  1.015371
61.77392578	399	-0.041659 0.018435  1.025187
61.77909088	400	-0.034237 0.024181  1.018483
61.78425216	400	-0.034237 0.027294  1.030933
61.78941345	401	-0.028730 0.019153  1.022793
61.79456710	403	-0.027772 0.021787  1.032369
61.79972076	404	-0.036152 0.019393  1.030693
61.80486297	403	-0.030885 0.017477  1.032369
61.81001281	404	-0.035194 0.021069  1.039552
61.81515502	407	-0.032321 0.017717  1.035242
61.82030868	408	-0.029927 0.012210  1.046495
61.82545471	407	-0.030406 0.016041  1.055832
61.83060836	407	-0.032321 0.020590  1.055593
61.83574295	409	-0.029448 0.014126  1.055114
61.84089279	411	-0.034237 0.022984  1.069718
61.84604644	412	-0.032800 0.019632  1.070437
61.85119628	412	-0.037828 0.012450  1.073070
61.85634231	413	-0.035194 0.015802  1.076901
61.86148834	416	-0.039504 0.016759  1.078577
61.86663055	415	-0.038786 0.021308  1.071873
61.87178039	417	-0.043574 0.020829  1.088872
61.87692260	418	-0.044053 0.021548  1.089830
61.88206863	418	-0.048123 0.020829  1.095576
61.88723373	422	-0.047644 0.022984  1.099167
61.89239501	424	-0.052911 0.022745  1.103716
61.89756393	423	-0.048602 0.019393  1.100603
61.90272140	423	-0.054348 0.021787  1.103716
61.90786743	427	-0.058897 0.023224  1.113293
61.91303634	428	-0.052432 0.026097  1.111856
61.91819763	430	-0.056503 0.022745  1.120236
61.92335891	428	-0.059615 0.023463  1.120714
61.92852020	433	-0.057939 0.022026  1.123109
61.93367385	432	-0.059615 0.020111  1.118799
61.93882751	433	-0.059615 0.017956  1.124785
61.94398498	436	-0.059615 0.022505  1.131967
61.94913864	436	-0.059136 0.015323  1.134122
61.95429611	440	-0.052193 0.016520  1.138671
61.95944976	444	-0.049799 0.017717  1.137713
61.96459197	446	-0.048362 0.016999  1.140347
61.96974182	446	-0.047644 0.008619  1.141783
61.97488403	448	-0.046926 0.015802  1.146093
61.98003768	447	-0.044532 0.013168  1.148247
61.98519515	450	-0.043335 0.008858  1.143699
61.99035263	450	-0.045968 0.011013  1.142501
61.99551010	450	-0.039983 0.007901  1.147769
62.00066757	453	-0.039504 0.012450  1.157585
62.00581741	454	-0.041659 0.015083  1.152796
62.01095962	456	-0.048362 0.001676  1.158542
62.01611709	457	-0.039265 0.007422  1.166204
##inga 
#ido(sec)  szog(ADC)     ax(g)    ay(g)   az(g)
62.02181243	457	-0.043574 0.007661  1.163331
62.02709197	462	-0.042616 0.004788  1.154712
62.03235244	463	-0.037589 0.010056  1.165486
62.03760528	463	-0.041659 0.005746  1.162852
62.04273986	466	-0.042377 -0.000239  1.168359
62.04794311	466	-0.045968 -0.002873  1.160697
62.05313873	469	-0.042138 0.005028  1.171710
62.05829620	472	-0.045250 0.005028  1.157824
62.06344223	473	-0.047405 0.005507  1.165964
62.06860351	475	-0.052911 0.005028  1.164528
62.07375717	475	-0.047644 0.005028  1.162373
62.07891464	476	-0.046926 0.006704  1.164528
62.08406829	478	-0.053869 0.008858  1.170992
62.08921432	480	-0.051235 0.011971  1.163091
62.09436035	483	-0.055545 0.005746  1.170992
62.09952545	484	-0.053390 0.004549  1.164767
62.10468292	484	-0.060333 0.009098  1.161415
62.10984420	488	-0.057460 0.014844  1.163331
62.11500549	490	-0.058179 0.009337  1.161894
62.12015533	490	-0.055066 0.015083  1.155909
62.12530136	493	-0.063446 0.005985  1.158542
62.13044738	495	-0.067276 0.006704  1.154472
62.13559722	495	-0.065840 0.006464  1.154712
62.14073944	498	-0.061770 0.008619  1.151360
62.14587783	502	-0.060094 0.003831  1.149445
62.15102767	503	-0.061530 0.011971  1.143459
62.15618133	501	-0.060333 0.002155  1.155430
62.16132736	504	-0.067276 0.007422  1.155669
62.16648483	504	-0.062967 0.010534  1.149684
62.17163467	506	-0.060573 0.008858  1.136037
62.17678833	508	-0.064403 0.007183  1.143699
62.18194580	509	-0.060812 -0.000479  1.133404
62.18714141	512	-0.062488 0.003591  1.136037
62.19229125	514	-0.052672 0.000479  1.131488
62.19743728	516	-0.053151 -0.003112  1.134122
62.20262908	517	-0.050278 0.004310  1.127418
62.20778274	516	-0.057221 0.000479  1.120236
62.21293258	518	-0.053151 -0.005746  1.122390
62.21812438	522	-0.047405 -0.005028  1.115447
62.22333145	524	-0.051714 -0.000718  1.114250
62.22853469	526	-0.047884 -0.005507  1.112095
62.23374938	525	-0.050038 -0.005985  1.103716
62.23895263	528	-0.047644 -0.007183  1.097730
62.24414062	528	-0.045011 -0.006704  1.099885
62.24934005	529	-0.043095 -0.009577  1.087435
62.25453186	530	-0.049081 -0.014365  1.086238
62.25972747	533	-0.049799 -0.006225  1.089111
62.26492691	535	-0.049081 -0.005985  1.076901
62.27011489	535	-0.049559 -0.012689  1.076183
62.27530670	536	-0.050996 -0.002634  1.074507
62.28050613	536	-0.048362 -0.004549  1.074507
62.28571701	539	-0.058418 -0.003112  1.070676
62.29091644	539	-0.059854 -0.012450  1.066846
62.29612350	538	-0.053630 -0.005507  1.063733
62.30132675	543	-0.053630 -0.004549  1.062775
62.30653381	543	-0.053869 -0.005028  1.063254
62.31173324	543	-0.056503 -0.010056  1.058945
62.31692504	542	-0.057939 -0.003112  1.057508
62.32212829	543	-0.059136 -0.003352  1.052002
62.32732391	547	-0.055066 0.000000  1.048171
62.33243560	548	-0.062488 -0.003831  1.045058
62.33762741	547	-0.065361 -0.006464  1.037636
62.34282302	549	-0.063925 -0.000958  1.025666
62.34801101	548	-0.065840 -0.002394  1.028299
62.35321044	550	-0.060333 -0.002634  1.027820
62.35840225	549	-0.063925 -0.008619  1.029736
62.36361694	549	-0.062967 -0.000479  1.014652
62.36882400	552	-0.063446 0.000000  1.023511
62.37394714	551	-0.064882 -0.007183  1.018962
62.37915039	554	-0.060573 0.000958  1.014892
62.38430404	556	-0.065361 -0.003591  1.009385
62.38949966	554	-0.060333 -0.002394  1.008906
62.39469146	557	-0.062967 -0.004549  1.008427
62.39988708	557	-0.061052 -0.002634  1.003160
62.40508270	559	-0.062967 -0.008380  1.002442
62.41028976	560	-0.061052 -0.010534  0.996217
62.41548538	560	-0.057460 -0.008140  0.992147
62.42067718	558	-0.059136 -0.012210  0.991429
62.42586898	561	-0.062009 -0.014365  0.995260
62.43106842	562	-0.049799 -0.012210  0.989753
62.43626785	562	-0.056024 -0.010534  0.981852
62.44147109	562	-0.045729 -0.019153  0.993823
62.44666671	563	-0.052911 -0.011013  0.980894
62.45187759	563	-0.048123 -0.011253  0.974909
62.45706939	563	-0.055784 -0.011971  0.989992
62.46226882	563	-0.053630 -0.008380  0.979697
62.46746444	563	-0.054348 -0.018435  0.980416
62.47266006	563	-0.048362 -0.013647  0.975627
62.47785186	563	-0.049320 -0.012929  0.979937
62.48304367	565	-0.053151 -0.016999  0.978500
62.48823547	565	-0.046447 -0.011013  0.973233
62.49343490	563	-0.049799 -0.015083  0.977303
62.49864578	563	-0.051475 -0.013407  0.975148
62.50385665	566	-0.048602 -0.017238  0.974191
62.50905227	565	-0.054587 -0.010774  0.970360
62.51425170	566	-0.056503 -0.010056  0.980416
62.51945877	564	-0.055784 -0.011731  0.973712
62.52465438	564	-0.062967 -0.007183  0.977782
62.52984237	563	-0.056981 -0.007901  0.974670
62.53503417	563	-0.062009 -0.007901  0.978261
62.54023361	562	-0.059615 -0.005746  0.981852
##inga 
#ido(sec)  szog(ADC)     ax(g)    ay(g)   az(g)
62.54595565	564	-0.057221 -0.007183  0.974670
62.55123519	562	-0.054587 0.000958  0.981613
62.55650329	563	-0.060573 -0.006704  0.983767
62.56175994	563	-0.065840 -0.000958  0.980176
62.56694412	562	-0.063446 0.000000  0.985443
62.57205200	562	-0.062009 -0.000718  0.989753
62.57723617	561	-0.062249 -0.000958  0.988795
62.58242797	560	-0.058897 -0.000958  0.991668
62.58761978	559	-0.058897 0.005746  0.987119
62.59278488	560	-0.059136 -0.002873  0.993584
62.59798431	557	-0.063685 -0.002155  0.990711
62.60318756	559	-0.057460 0.000000  0.988316
62.60830688	555	-0.058897 -0.000718  1.002442
62.61350250	555	-0.061770 0.000239  1.006752
62.61865234	555	-0.055784 -0.005267  1.005076
62.62384414	554	-0.057700 0.004070  1.006991
62.62899780	555	-0.053869 -0.005267  1.008427
62.63418960	552	-0.060333 -0.002634  1.012737
62.63938522	554	-0.049559 -0.003591  1.016807
62.64457321	553	-0.048362 -0.002634  1.017047
62.64976501	552	-0.052672 -0.002155  1.018962
62.65496444	550	-0.058657 0.001676  1.029736
62.66011810	549	-0.046447 -0.002634  1.022074
62.66531753	550	-0.052432 -0.007901  1.024708
62.67050933	549	-0.047884 -0.003352  1.034285
62.67571258	548	-0.053390 -0.000718  1.040749
62.68090820	547	-0.047644 -0.007661  1.030215
62.68610763	547	-0.046926 -0.006943  1.040031
62.69131088	545	-0.048602 -0.006225  1.050804
62.69650268	544	-0.048602 -0.007901  1.043622
62.70171737	542	-0.050517 -0.003352  1.055593
62.70691680	542	-0.050278 -0.006464  1.054875
62.71211624	538	-0.045489 -0.003112  1.054875
62.71731567	537	-0.049559 0.002394  1.066606
62.72246170	536	-0.047405 -0.008619  1.064451
62.72765731	535	-0.049320 -0.000479  1.057029
62.73285293	536	-0.047884 -0.000718  1.074267
62.73805236	534	-0.055066 0.005028  1.078816
62.74319458	533	-0.051714 -0.000479  1.075225
62.74839019	535	-0.050517 0.001915  1.069240
62.75354766	532	-0.056263 -0.005267  1.084323
62.75875854	532	-0.053390 0.008858  1.092942
62.76392364	531	-0.061530 0.000000  1.090308
62.76904296	529	-0.055784 0.005028  1.093900
62.77418899	525	-0.060094 0.006464  1.091984
62.77934646	527	-0.055306 0.006464  1.100125
62.78450775	525	-0.054348 0.006704  1.092224
62.78966903	524	-0.051714 0.007422  1.107068
62.79483413	522	-0.059136 0.005507  1.106110
62.79998016	520	-0.060094 0.011253  1.108983
62.80514144	519	-0.055545 0.011253  1.115208
62.81029891	517	-0.063206 0.007901  1.113771
62.81546020	515	-0.056024 0.011492  1.124066
62.82060241	513	-0.057700 0.008140  1.119996
62.82574844	509	-0.061291 0.010534  1.120954
62.83089065	509	-0.055066 0.014126  1.123587
62.83602523	508	-0.047884 0.009098  1.123587
62.84116744	505	-0.056024 0.005267  1.133404
62.84632492	506	-0.051475 0.006704  1.145853
62.85146713	502	-0.047644 0.007901  1.140347
62.85662078	503	-0.049799 0.006225  1.137713
62.86176300	503	-0.050757 0.007183  1.146811
62.86690902	502	-0.050038 0.012689  1.142501
62.87205886	500	-0.047644 0.011492  1.136277
62.87720489	495	-0.047405 0.011253  1.143459
62.88235473	495	-0.046926 0.005267  1.153515
62.88751220	493	-0.049799 0.007901  1.153754
62.89264297	491	-0.045011 0.008380  1.142262
62.89778900	491	-0.036870 0.010534  1.153754
62.90293121	489	-0.043335 0.010056  1.157585
62.90808868	485	-0.046926 0.011013  1.157585
62.91324234	486	-0.042377 0.006704  1.162613
62.91840362	482	-0.041180 0.009098  1.160697
62.92356109	481	-0.040222 0.006225  1.159261
62.92872619	477	-0.045968 0.010295  1.158542
62.93388366	475	-0.037589 0.008380  1.160218
62.93903732	476	-0.047405 0.003112  1.162134
62.94420242	474	-0.049081 0.011492  1.169316
62.94936370	473	-0.041659 0.012210  1.162852
62.95451736	470	-0.042138 0.010774  1.152796
62.95967864	471	-0.043574 0.008619  1.159979
62.96483612	468	-0.045968 0.015562  1.165007
62.97000885	467	-0.049559 0.016999  1.151599
62.97516250	464	-0.048123 0.016999  1.162373
62.98031616	461	-0.047165 0.011731  1.154712
62.98547363	463	-0.040701 0.019393  1.161894
62.99063110	461	-0.046447 0.015323  1.153754
62.99578094	458	-0.050278 0.018435  1.148726
63.00092315	457	-0.054827 0.015562  1.161415
63.00606536	455	-0.048123 0.014126  1.161415
63.01121139	453	-0.048602 0.018914  1.150881
63.01635742	450	-0.047405 0.018675  1.160458
63.02149963	448	-0.051475 0.024660  1.151599
63.02664566	448	-0.050996 0.016999  1.145135
63.03178787	450	-0.053390 0.021069  1.149923
63.03693771	447	-0.051714 0.022745  1.152796
63.04209518	446	-0.054587 0.018914  1.143459
63.04725646	447	-0.050278 0.024421  1.138192
63.05240249	444	-0.051235 0.022984  1.139150
63.05755233	443	-0.051714 0.026336  1.131009
63.06269836	440	-0.043813 0.024660  1.129333
##inga 
#ido(sec)  szog(ADC)     ax(g)    ay(g)   az(g)
63.06837844	437	-0.048602 0.022505  1.130531
63.07365036	436	-0.051475 0.022505  1.129333
63.07891845	434	-0.042616 0.020829  1.128376
63.08418273	433	-0.048841 0.020590  1.116405
63.08932876	432	-0.049081 0.021069  1.121672
63.09447860	430	-0.041419 0.023463  1.121433
63.09963989	429	-0.040462 0.025857  1.109701
63.10479736	429	-0.037828 0.029688  1.107546
63.10995483	426	-0.037828 0.020111  1.112574
63.11512374	425	-0.038786 0.014844  1.095576
63.12028503	424	-0.034716 0.015802  1.107068
63.12543869	422	-0.040222 0.018675  1.099406
63.13059234	421	-0.034955 0.012450  1.105631
63.13575363	420	-0.035434 0.020590  1.093900
63.14089965	418	-0.043574 0.016999  1.100603
63.14606094	417	-0.032321 0.018196  1.085520
63.15121078	415	-0.027533 0.019632  1.082886
63.15637969	414	-0.032082 0.020111  1.069000
63.16151428	413	-0.035673 0.017477  1.074986
63.16667175	412	-0.031124 0.021069  1.065648
63.17181777	409	-0.040222 0.023702  1.070437
63.17696762	409	-0.031843 0.020111  1.063254
63.18211364	409	-0.037349 0.019632  1.064451
63.18725967	409	-0.037349 0.020590  1.053199
63.19241714	409	-0.038307 0.025618  1.053199
63.19756698	408	-0.038067 0.033040  1.052959
63.20271301	406	-0.036870 0.021069  1.050565
63.20785903	406	-0.042616 0.025139  1.041707
63.21301651	404	-0.037349 0.024899  1.040510
63.21814727	403	-0.038067 0.033518  1.040270
63.22329330	403	-0.038546 0.027772  1.037876
63.22843551	401	-0.047405 0.027294  1.030215
63.23358535	400	-0.047644 0.027294  1.015371
63.23874282	401	-0.048362 0.030406  1.022553
63.24389266	400	-0.048602 0.029448  1.028060
63.24904632	400	-0.039504 0.029927  1.017286
63.25419998	397	-0.041659 0.029448  1.015371
63.25934982	398	-0.045968 0.036870  1.022553
63.26450347	397	-0.043095 0.031603  1.016328
63.26967239	396	-0.045489 0.028970  1.006991
63.27483367	395	-0.044532 0.032082  1.005555
63.27999114	393	-0.044532 0.028491  1.002203
63.28514480	394	-0.039743 0.026336  0.999090
63.29029083	391	-0.043095 0.037110  0.990471
63.29544830	392	-0.040940 0.031124  0.995738
63.30060958	392	-0.036391 0.030885  0.987598
63.30575942	391	-0.034955 0.022745  0.993344
63.31092834	391	-0.036631 0.027772  0.988077
63.31607437	389	-0.036870 0.025857  0.979458
63.32124328	386	-0.035913 0.020111  0.980894
63.32638549	388	-0.032800 0.028730  0.989035
63.33153533	388	-0.032321 0.024899  0.986641
63.33668136	385	-0.023224 0.023224  0.980176
63.34184265	386	-0.028012 0.026336  0.965572
63.34699249	388	-0.031603 0.025139  0.981134
63.35213851	385	-0.030645 0.027054  0.979937
63.35728073	386	-0.027054 0.025857  0.967966
63.36242294	387	-0.027054 0.027054  0.973712
63.36756896	386	-0.030645 0.030645  0.952643
63.37271118	386	-0.033518 0.027294  0.962699
63.37785720	386	-0.026336 0.024421  0.958150
63.38299942	385	-0.028491 0.028730  0.968445
63.38813018	386	-0.031364 0.033518  0.968924
63.39327621	385	-0.029927 0.029688  0.960065
63.39841842	386	-0.033279 0.027294  0.968684
63.40356826	386	-0.033997 0.027533  0.969163
63.40871047	386	-0.034716 0.029209  0.968924
63.41385650	385	-0.034955 0.025857  0.967726
63.41899871	386	-0.035673 0.024660  0.961741
63.42414474	385	-0.039504 0.029688  0.972994
63.42928695	384	-0.036152 0.034955  0.973472
63.43443679	385	-0.036631 0.028970  0.969402
63.43959045	386	-0.037828 0.028012  0.963178
63.44475173	388	-0.042377 0.028730  0.970121
63.44990539	388	-0.044771 0.034476  0.974430
63.45506668	388	-0.042377 0.022984  0.970121
63.46023178	387	-0.049320 0.025139  0.978979
63.46539306	386	-0.041180 0.021787  0.979697
63.47055053	388	-0.047165 0.028970  0.970600
63.47570419	387	-0.045489 0.027054  0.978261
63.48086547	388	-0.045968 0.024181  0.981852
63.48602676	392	-0.048841 0.029209  0.982810
63.49117660	391	-0.046926 0.032082  0.972754
63.49634170	393	-0.045011 0.030406  0.987119
63.50149536	391	-0.039983 0.022984  0.985683
63.50664901	394	-0.044292 0.030885  0.988077
63.51179504	394	-0.046208 0.024899  0.988795
63.51694869	395	-0.042377 0.023224  0.996696
63.52209472	395	-0.040462 0.027054  1.002203
63.52724456	395	-0.047405 0.021787  1.002442
63.53238296	395	-0.042377 0.027772  1.004357
63.53754425	397	-0.041180 0.020351  1.000048
63.54269790	399	-0.040462 0.019393  1.010343
63.54784393	400	-0.034237 0.022984  1.011779
63.55300140	398	-0.036152 0.022505  1.007949
63.55815124	400	-0.039743 0.020351  1.011779
63.56330490	402	-0.034476 0.025618  1.015849
63.56845474	403	-0.040222 0.029927  1.025666
63.57360076	404	-0.038307 0.023224  1.029975
63.57874679	403	-0.041180 0.018675  1.027581
63.58389282	405	-0.040222 0.021548  1.026144
##inga 
#ido(sec)  szog(ADC)     ax(g)    ay(g)   az(g)
63.58957290	407	-0.031124 0.019153  1.039552
63.59485626	407	-0.032082 0.017717  1.044340
63.60012054	408	-0.034955 0.016999  1.048171
63.60537719	406	-0.031364 0.016759  1.043143
63.61052322	407	-0.036152 0.017477  1.051044
63.61568069	409	-0.034716 0.015323  1.051044
63.62083435	411	-0.033040 0.014365  1.068521
63.62599563	410	-0.035194 0.020111  1.059184
63.63115692	413	-0.032082 0.014604  1.068761
63.63632965	411	-0.033518 0.012210  1.061339
63.64149093	416	-0.038546 0.019632  1.069240
63.64665603	414	-0.039743 0.013647  1.072831
63.65181732	417	-0.040940 0.016759  1.079056
63.65697479	417	-0.043813 0.019153  1.073310
63.66213989	418	-0.045250 0.019153  1.090069
63.66729354	420	-0.045011 0.024421  1.093181
63.67245101	423	-0.048602 0.019872  1.086717
63.67761230	424	-0.046686 0.024181  1.100364
63.68276214	425	-0.049799 0.018675  1.099885
63.68791961	426	-0.049320 0.018675  1.108025
63.69307708	427	-0.050038 0.024660  1.107786
63.69821166	427	-0.055306 0.024421  1.101082
63.70336532	431	-0.053151 0.025857  1.108265
63.70851516	432	-0.046926 0.027772  1.111617
63.71366500	433	-0.053151 0.022026  1.121193
63.71881484	433	-0.050757 0.025139  1.118081
63.72396469	435	-0.052432 0.015083  1.117123
63.72911071	437	-0.050757 0.024181  1.112335
63.73426055	438	-0.052432 0.018196  1.124306
63.73941040	441	-0.050757 0.012929  1.125263
63.74456024	444	-0.047165 0.016999  1.131249
63.74970245	447	-0.053390 0.016520  1.130770
63.75484848	448	-0.046208 0.018196  1.131249
63.75999069	447	-0.049081 0.018914  1.136037
63.76514053	448	-0.046447 0.015562  1.142980
63.77028274	447	-0.049081 0.009577  1.146572
63.77543640	451	-0.044771 0.011731  1.141783
63.78059768	452	-0.048841 0.012450  1.129812
63.78575134	451	-0.044053 0.016759  1.140586
63.79091262	454	-0.048841 0.006704  1.149445
63.79607009	454	-0.042856 0.009337  1.140825
63.80122756	455	-0.040222 0.002873  1.144417
63.80639266	456	-0.048602 0.012210  1.151360
63.81154632	460	-0.048602 0.012210  1.154712
63.81670761	462	-0.044532 0.005985  1.151599
63.82186508	464	-0.048602 0.013168  1.158542
63.82701873	465	-0.044532 0.008858  1.153515
63.83218383	466	-0.041180 0.002394  1.146572
63.83734130	469	-0.040940 0.009098  1.151599
63.84248352	470	-0.040222 0.005028  1.146811
63.84763717	472	-0.046686 0.003112  1.158064
63.85279083	474	-0.050996 0.009098  1.159740
63.85793685	473	-0.050757 0.008380  1.163570
63.86308288	477	-0.050038 0.009098  1.152557
63.86822128	477	-0.056503 0.004549  1.162134
63.87336349	478	-0.052911 0.000718  1.158542
63.87851715	481	-0.050038 0.008619  1.156148
63.88365936	483	-0.055784 0.009577  1.142501
63.88881301	485	-0.049799 0.003352  1.158542
63.89394760	485	-0.058657 0.004070  1.155430
63.89909362	489	-0.056263 0.006464  1.146093
63.90423583	491	-0.057939 0.010056  1.146332
63.90939331	491	-0.058179 0.000718  1.150402
63.91453552	492	-0.057939 0.009577  1.144896
63.91968536	495	-0.053390 0.004070  1.140825
63.92482376	496	-0.059615 0.007661  1.143220
63.92995452	496	-0.057700 0.007183  1.141304
63.93510055	502	-0.065600 0.004070  1.140825
63.94023513	503	-0.065122 0.002873  1.146572
63.94538879	503	-0.057700 0.004070  1.123587
63.95052337	503	-0.060333 0.008380  1.137234
63.95566177	504	-0.055545 0.006464  1.135558
63.96081924	506	-0.057700 0.006225  1.127418
63.96597290	507	-0.061291 0.003831  1.134601
63.97112655	508	-0.056263 0.001676  1.131967
63.97629547	508	-0.059136 0.002394  1.129333
63.98145675	512	-0.059615 0.002394  1.116405
63.98660278	513	-0.061052 -0.003352  1.122630
63.99180221	516	-0.053630 -0.002873  1.119039
63.99700927	518	-0.057221 -0.002394  1.117602
64.00221252	519	-0.058657 0.001915  1.115208
64.00736236	519	-0.054348 -0.004310  1.108504
64.01256561	524	-0.054587 -0.001676  1.101800
64.01776123	525	-0.050278 -0.001437  1.105871
64.02295684	523	-0.050757 -0.002155  1.088154
64.02815246	527	-0.052672 -0.008140  1.098927
64.03336334	528	-0.053390 -0.002873  1.091027
64.03855133	526	-0.052193 -0.002155  1.092942
64.04374694	530	-0.044771 -0.008619  1.094618
64.04895019	532	-0.049559 -0.009816  1.084802
64.05414581	531	-0.050278 -0.008619  1.078098
64.05934906	535	-0.051475 -0.000718  1.082408
64.06454467	534	-0.052193 -0.010774  1.077140
64.06974792	537	-0.054108 -0.007183  1.070676
64.07495117	537	-0.051954 -0.004549  1.064212
64.08014678	537	-0.058657 -0.008858  1.070916
64.08534240	537	-0.056263 -0.005985  1.061099
64.09053039	539	-0.050757 -0.006943  1.057508
64.09572601	541	-0.063446 -0.004549  1.060381
64.10091400	541	-0.051475 -0.009337  1.052241
64.10611724	540	-0.054587 -0.008380  1.050326
##inga 
#ido(sec)  szog(ADC)     ax(g)    ay(g)   az(g)
64.11185455	541	-0.063925 -0.013168  1.042664
64.11713409	543	-0.059854 -0.010056  1.036679
64.12239837	544	-0.058897 -0.004310  1.042185
64.12765502	547	-0.062967 -0.004310  1.028778
64.13284301	548	-0.060812 -0.006943  1.031890
64.13803863	548	-0.061291 -0.008140  1.029975
64.14324188	550	-0.059615 -0.002873  1.023032
64.14843750	550	-0.069671 -0.005746  1.038355
64.15363311	550	-0.066798 -0.006704  1.022793
64.15882873	551	-0.065122 -0.007183  1.016807
64.16403961	551	-0.065840 -0.002634  1.024229
64.16923522	551	-0.059136 -0.011731  1.017525
64.17443084	551	-0.061530 -0.005746  1.015610
64.17961883	550	-0.063685 -0.009577  1.005555
64.18481445	554	-0.059615 -0.003591  1.006512
64.19000244	556	-0.061530 -0.003352  1.004118
64.19519805	556	-0.064403 -0.008380  1.005076
64.20039367	557	-0.056981 -0.013647  0.988077
64.20558929	557	-0.066079 -0.001437  0.998372
64.21079254	558	-0.061052 -0.005028  0.995260
64.21599578	558	-0.056263 -0.007661  0.992626
64.22119903	559	-0.053390 -0.005985  0.992626
64.22639465	560	-0.058418 -0.006704  0.986162
64.23159790	559	-0.054587 -0.010534  1.000766
64.23678588	560	-0.060333 -0.008858  0.983767
64.24198150	559	-0.051714 -0.009816  0.987359
64.24716949	559	-0.058418 -0.008858  0.990471
64.25236511	560	-0.057460 -0.012929  0.987598
64.25756835	560	-0.051954 -0.011013  0.983528
64.26276397	561	-0.055306 -0.012929  0.982092
64.26796722	561	-0.051714 -0.010295  0.978022
64.27316284	561	-0.056503 -0.011971  0.981613
64.27836608	561	-0.051714 -0.014126  0.979697
64.28356933	561	-0.054827 -0.015083  0.980416
64.28876495	561	-0.054587 -0.005028  0.986641
64.29396820	561	-0.054827 -0.012450  0.983289
64.29917907	561	-0.051954 -0.011492  0.975388
64.30437469	559	-0.056024 -0.005028  0.983049
64.30956268	560	-0.060812 -0.008140  0.987119
64.31475830	560	-0.053630 -0.007661  0.979937
64.31996154	558	-0.054827 -0.005507  0.980416
64.32515716	560	-0.053390 -0.007422  0.977064
64.33034515	560	-0.059136 -0.005507  0.989753
64.33554077	559	-0.061052 -0.003352  0.979458
64.34073638	560	-0.056981 -0.010774  0.981373
64.34593963	559	-0.058418 -0.004310  0.976346
64.35113525	557	-0.058179 0.000000  0.984007
64.35624694	559	-0.055306 -0.003352  0.990471
64.36145019	559	-0.058897 -0.001915  0.992147
64.36666107	558	-0.055066 -0.002634  0.994062
64.37185668	556	-0.062727 -0.004310  0.990711
64.37705993	557	-0.057939 0.004070  0.994541
64.38220977	556	-0.052672 -0.000479  0.992626
64.38740539	555	-0.054348 -0.002873  0.999569
64.39260101	555	-0.061291 -0.004310  1.003160
64.39778900	555	-0.056263 -0.000958  0.998851
64.40297698	555	-0.056263 -0.004070  1.011779
64.40817260	554	-0.059136 -0.000239  1.005555
64.41337585	552	-0.053869 -0.001676  1.012498
64.41857910	552	-0.057221 -0.004070  1.009625
64.42377471	551	-0.051235 -0.003831  1.008188
64.42897033	548	-0.056024 -0.008140  1.015131
64.43416595	550	-0.050517 -0.002873  1.008188
64.43936920	549	-0.050038 -0.001915  1.025666
64.44457244	549	-0.048841 -0.002155  1.026384
64.44976806	549	-0.056503 0.001197  1.025426
64.45491790	545	-0.050278 -0.003352  1.029975
64.46010589	545	-0.050517 -0.012929  1.034524
64.46530914	543	-0.055784 -0.000718  1.039073
64.47050476	543	-0.055306 0.000239  1.033566
64.47565460	541	-0.049559 -0.002155  1.044340
64.48083496	541	-0.048123 -0.011253  1.049847
64.48603057	541	-0.047884 -0.005028  1.046016
64.49121856	540	-0.048123 -0.005507  1.047931
64.49641418	539	-0.044053 0.001676  1.062536
64.50157165	536	-0.053869 -0.002155  1.054635
64.50678253	535	-0.049320 -0.008140  1.057987
64.51197814	537	-0.050996 -0.000479  1.065409
64.51718902	536	-0.049081 -0.006943  1.069479
64.52239227	533	-0.048602 -0.000479  1.074507
64.52758789	534	-0.055784 -0.002634  1.063733
64.53278350	532	-0.052911 0.001197  1.077380
64.53792572	532	-0.050278 -0.001197  1.078098
64.54312133	529	-0.053390 -0.000718  1.078338
64.54831695	529	-0.056503 0.005507  1.082408
64.55346679	525	-0.062009 0.002873  1.089590
64.55860137	527	-0.055545 0.008140  1.088872
64.56374359	524	-0.056024 0.005746  1.094618
64.56888580	524	-0.054348 0.007183  1.100843
64.57402038	522	-0.056263 0.003112  1.099406
64.57917022	520	-0.048123 0.008380  1.108744
64.58431243	517	-0.058179 0.007183  1.103955
64.58945465	516	-0.056981 0.009337  1.108983
64.59459686	517	-0.056981 0.011013  1.113293
64.59973907	515	-0.057460 0.010056  1.114968
64.60488891	512	-0.060333 0.007901  1.107068
64.61004638	510	-0.051475 0.007422  1.125742
64.61520385	510	-0.055306 0.017238  1.121433
64.62036132	508	-0.056981 0.007901  1.118799
64.62551116	506	-0.054827 0.013886  1.117841
64.63066101	506	-0.061052 0.010056  1.122630
##inga 
#ido(sec)  szog(ADC)     ax(g)    ay(g)   az(g)
64.63636779	502	-0.051954 0.010774  1.137234
64.64163970	503	-0.056263 0.014604  1.144896
64.64691162	501	-0.052911 0.006943  1.142023
64.65216827	500	-0.049320 0.008380  1.136995
64.65732574	499	-0.055306 0.008619  1.143699
64.66249084	495	-0.050278 0.003352  1.142501
64.66764068	496	-0.048602 0.005985  1.140586
64.67280578	494	-0.047884 0.004549  1.142023
64.67796325	492	-0.044532 0.010774  1.145135
64.68310546	490	-0.047405 -0.000239  1.151839
64.68830871	487	-0.044532 0.013407  1.144656
64.69345855	488	-0.046447 0.007422  1.154712
64.69860076	485	-0.044053 0.004310  1.143699
64.70375823	484	-0.040222 0.009816  1.150642
64.70890045	481	-0.045968 0.008140  1.156627
64.71403503	477	-0.043095 0.014604  1.154951
64.71917724	478	-0.046926 0.012210  1.158542
64.72431945	475	-0.045250 0.009577  1.154951
64.72946166	475	-0.044292 0.013886  1.159500
64.73460388	474	-0.048602 0.008380  1.156148
64.73973846	471	-0.044053 0.015323  1.152557
64.74488830	470	-0.044532 0.016280  1.149445
64.75003814	469	-0.044771 0.009337  1.146332
64.75517272	468	-0.049081 0.014365  1.146093
64.76032257	466	-0.047884 0.013168  1.144177
64.76546478	464	-0.047884 0.011971  1.150642
64.77061462	463	-0.051475 0.020351  1.148487
64.77576446	462	-0.049320 0.014844  1.146572
64.78091430	459	-0.053869 0.012929  1.147769
64.78607177	458	-0.047405 0.015323  1.156388
64.79122924	456	-0.053390 0.019153  1.150881
64.79637145	454	-0.049799 0.017477  1.137953
64.80152893	453	-0.045968 0.018914  1.135798
64.80669403	451	-0.047405 0.025857  1.133404
64.81185913	449	-0.053869 0.021069  1.139150
64.81700897	450	-0.048123 0.014365  1.141304
64.82216644	449	-0.048841 0.018196  1.144896
64.82733154	448	-0.045968 0.020351  1.131009
64.83248901	447	-0.041898 0.014604  1.140586
64.83765411	447	-0.043335 0.017956  1.134840
64.84281921	443	-0.045011 0.022266  1.128615
64.84796905	443	-0.045968 0.020351  1.131009
64.85313415	440	-0.046926 0.015323  1.125263
64.85829925	439	-0.050996 0.018196  1.125742
64.86345672	436	-0.046447 0.021787  1.125742
64.86859893	434	-0.044292 0.019393  1.124306
64.87374877	434	-0.041898 0.016520  1.121912
64.87889862	431	-0.041898 0.020829  1.110659
64.88404083	432	-0.045729 0.020829  1.104673
64.88920593	431	-0.041659 0.018435  1.108983
64.89434051	429	-0.039983 0.022266  1.106828
64.89948272	426	-0.036631 0.022984  1.102758
64.90462493	425	-0.039504 0.021069  1.097970
64.90976715	422	-0.039265 0.022745  1.095576
64.91491699	424	-0.038307 0.018914  1.093900
64.92005920	421	-0.032082 0.024899  1.095576
64.92520141	419	-0.035434 0.024660  1.080732
64.93034362	421	-0.038786 0.022745  1.090069
64.93548583	420	-0.031843 0.022026  1.078338
64.94064331	416	-0.041659 0.023224  1.079535
64.94578552	414	-0.039265 0.021787  1.085999
64.95092773	412	-0.037589 0.022266  1.083605
64.95607757	411	-0.038546 0.022266  1.064691
64.96121978	411	-0.038067 0.019632  1.060381
64.96636199	410	-0.045729 0.022745  1.053917
64.97152709	409	-0.038546 0.019872  1.054875
64.97668457	410	-0.038786 0.026575  1.060142
64.98184967	409	-0.037349 0.027533  1.047453
64.98701477	408	-0.036870 0.022984  1.048889
64.99217987	408	-0.035434 0.024660  1.045058
64.99734497	405	-0.040701 0.021308  1.041707
65.00251007	407	-0.043813 0.027772  1.040510
65.00767517	404	-0.037110 0.025857  1.037158
65.01284027	401	-0.043095 0.026575  1.027342
65.01800537	404	-0.045968 0.030406  1.027102
65.02315521	403	-0.046686 0.028730  1.030933
65.02830505	403	-0.039743 0.027533  1.022793
65.03345489	401	-0.039265 0.030885  1.015849
65.03859710	401	-0.044532 0.025618  1.013695
65.04375457	401	-0.042856 0.027772  1.017525
65.04889678	398	-0.046208 0.031843  1.008427
65.05404663	400	-0.043335 0.025378  1.015131
65.05918884	399	-0.042377 0.027772  1.005555
65.06433868	399	-0.035194 0.031603  1.000527
65.06948089	397	-0.042616 0.029448  0.998851
65.07462310	396	-0.041898 0.024899  0.998611
65.07976531	395	-0.034955 0.027533  0.999090
65.08491516	394	-0.036631 0.027772  0.997893
65.09005737	394	-0.038067 0.025618  0.992626
65.09520721	393	-0.034955 0.032561  0.987598
65.10034179	391	-0.028970 0.024899  0.987119
65.10549163	390	-0.042616 0.026575  0.996696
65.11063385	392	-0.033758 0.026575  0.979697
65.11577606	391	-0.032321 0.023224  0.979697
65.12091827	391	-0.035913 0.030167  0.981613
65.12606811	392	-0.027294 0.022745  0.989035
65.13122558	390	-0.032561 0.028012  0.982810
65.13638305	390	-0.032561 0.026097  0.981373
65.14153289	390	-0.035194 0.026575  0.974909
65.14668273	389	-0.033758 0.022266  0.970839
65.15184020	389	-0.030645 0.025857  0.978740
##inga 
#ido(sec)  szog(ADC)     ax(g)    ay(g)   az(g)
65.15753936	386	-0.035673 0.026815  0.967008
65.16281890	388	-0.030885 0.024660  0.975627
65.16809082	389	-0.034476 0.026575  0.976346
65.17335510	388	-0.030885 0.024660  0.962938
65.17851257	388	-0.033518 0.031603  0.971797
65.18367004	388	-0.038307 0.028251  0.974670
65.18883514	388	-0.032561 0.026815  0.974909
65.19399261	387	-0.032321 0.029927  0.967248
65.19916534	388	-0.032800 0.022984  0.979937
65.20432281	388	-0.039265 0.030406  0.971318
65.20948028	388	-0.043813 0.033040  0.970121
65.21463775	389	-0.042138 0.028970  0.984246
65.21979522	386	-0.041419 0.025857  0.964614
65.22493743	388	-0.045011 0.027294  0.979458
65.23008728	387	-0.045489 0.027054  0.971318
65.23522949	389	-0.047405 0.026097  0.980655
65.24038696	389	-0.043574 0.029448  0.971557
65.24553680	392	-0.045968 0.023942  0.979697
65.25067901	392	-0.038546 0.031124  0.978261
65.25582885	393	-0.038786 0.025139  0.981134
65.26098632	394	-0.043574 0.026097  0.985443
65.26612854	394	-0.043095 0.028970  0.986162
65.27127075	393	-0.040701 0.032321  0.983528
65.27641296	395	-0.043095 0.032082  0.991908
65.28155517	394	-0.042616 0.029209  0.986162
65.28670501	394	-0.041898 0.019872  0.995738
65.29184722	394	-0.040222 0.024181  0.991668
65.29699707	396	-0.044053 0.029927  0.997893
65.30213928	398	-0.042377 0.028491  0.997414
65.30728149	399	-0.040222 0.025139  1.004118
65.31242370	397	-0.041659 0.027772  1.002921
65.31757354	400	-0.044292 0.028012  1.006033
65.32273864	400	-0.040701 0.023463  0.999808
65.32788848	402	-0.040701 0.027294  1.019201
65.33305358	402	-0.040222 0.021548  1.005794
65.33821105	402	-0.038786 0.021548  1.018483
65.34338378	404	-0.039983 0.019872  1.017765
65.34854125	404	-0.043574 0.023702  1.012498
65.35370635	405	-0.035434 0.021308  1.014413
65.35886383	404	-0.033997 0.024899  1.011540
65.36403656	405	-0.031124 0.020351  1.035242
65.36919403	407	-0.036631 0.016759  1.031172
65.37435150	406	-0.034955 0.023942  1.039791
65.37950897	408	-0.034955 0.018675  1.041228
65.38467407	409	-0.035913 0.019872  1.041707
65.38981628	407	-0.031603 0.024421  1.045298
65.39496612	410	-0.035913 0.021787  1.044340
65.40010070	412	-0.035913 0.016759  1.050804
65.40524291	413	-0.037828 0.016999  1.054396
65.41039276	413	-0.040701 0.013886  1.051283
65.41554260	415	-0.035194 0.015323  1.066846
65.42069244	416	-0.038307 0.020590  1.067085
65.42584228	417	-0.045968 0.022745  1.063972
65.43099212	415	-0.039743 0.019632  1.069000
65.43613433	417	-0.042616 0.020111  1.075943
65.44127655	417	-0.042377 0.021069  1.076183
65.44642639	418	-0.047405 0.021308  1.084323
65.45158386	422	-0.040222 0.022026  1.083844
65.45673370	423	-0.047405 0.025618  1.077619
65.46189117	425	-0.048841 0.020829  1.089111
65.46703338	426	-0.052432 0.015323  1.089590
65.47217559	425	-0.047165 0.023942  1.088872
65.47731781	428	-0.053630 0.022745  1.102758
65.48246765	428	-0.052432 0.019393  1.101800
65.48761749	429	-0.051235 0.019393  1.106589
65.49278259	434	-0.053390 0.020351  1.109462
65.49795532	433	-0.053630 0.021787  1.099646
65.50310516	432	-0.051714 0.020351  1.103716
65.50827026	436	-0.046686 0.022984  1.105631
65.51343536	437	-0.047165 0.016041  1.122630
65.51857757	436	-0.050038 0.023702  1.115447
65.52374267	441	-0.053630 0.016520  1.117363
65.52890777	444	-0.049559 0.014126  1.121672
65.53406524	446	-0.051235 0.015323  1.126700
65.53921508	449	-0.052672 0.017477  1.127418
65.54436492	449	-0.039265 0.018914  1.129812
65.54951477	449	-0.044292 0.014844  1.137234
65.55466461	450	-0.047405 0.015562  1.134840
65.55980682	449	-0.042616 0.012689  1.132207
65.56494903	452	-0.046926 0.008858  1.133882
65.57010650	453	-0.047165 0.003831  1.134601
65.57524871	456	-0.049320 0.011971  1.142741
65.58039855	456	-0.047644 0.014604  1.142741
65.58554077	455	-0.047405 0.007661  1.145375
65.59067535	455	-0.045489 0.011731  1.139629
65.59582519	458	-0.047644 0.010295  1.142741
65.60097503	462	-0.045729 0.008140  1.142501
65.60610961	463	-0.047884 0.011492  1.143699
65.61126708	462	-0.040222 0.007183  1.146811
65.61640930